[2026-06-07 02:01:26] SlimMonoLogger.INFO: Cron ran at: 07-06-2026 02:01:26 AM [] []
[2026-06-07 02:01:34] SlimMonoLogger.INFO: Cron ran at: 07-06-2026 02:01:34 AM [] []
[2026-06-07 02:01:57] SlimMonoLogger.INFO: Cron ran at: 07-06-2026 02:01:57 AM [] []
[2026-06-07 02:02:04] SlimMonoLogger.INFO: Cron ran at: 07-06-2026 02:02:04 AM [] []
[2026-06-07 02:02:27] SlimMonoLogger.INFO: Cron ran at: 07-06-2026 02:02:27 AM [] []
[2026-06-07 02:02:28] SlimMonoLogger.INFO: Cron ran at: 07-06-2026 02:02:28 AM [] []
[2026-06-07 02:02:36] SlimMonoLogger.INFO: Cron ran at: 07-06-2026 02:02:36 AM [] []
[2026-06-07 02:02:38] SlimMonoLogger.INFO: Cron ran at: 07-06-2026 02:02:38 AM [] []
[2026-06-07 02:02:39] SlimMonoLogger.INFO: Cron ran at: 07-06-2026 02:02:39 AM [] []
[2026-06-07 02:03:11] SlimMonoLogger.INFO: Cron ran at: 07-06-2026 02:03:11 AM [] []
[2026-06-07 02:03:12] SlimMonoLogger.INFO: Cron ran at: 07-06-2026 02:03:12 AM [] []
[2026-06-07 02:03:13] SlimMonoLogger.INFO: Cron ran at: 07-06-2026 02:03:13 AM [] []
[2026-06-07 02:03:38] SlimMonoLogger.INFO: Cron ran at: 07-06-2026 02:03:38 AM [] []
[2026-06-07 02:03:47] SlimMonoLogger.INFO: Cron ran at: 07-06-2026 02:03:47 AM [] []
[2026-06-07 02:03:48] SlimMonoLogger.INFO: Cron ran at: 07-06-2026 02:03:48 AM [] []
[2026-06-07 02:04:18] SlimMonoLogger.INFO: Cron ran at: 07-06-2026 02:04:18 AM [] []
[2026-06-07 02:04:32] SlimMonoLogger.INFO: Cron ran at: 07-06-2026 02:04:32 AM [] []
[2026-06-07 02:04:49] SlimMonoLogger.INFO: Cron ran at: 07-06-2026 02:04:49 AM [] []
[2026-06-07 02:05:12] SlimMonoLogger.INFO: Cron ran at: 07-06-2026 02:05:12 AM [] []
[2026-06-07 02:05:22] SlimMonoLogger.INFO: Cron ran at: 07-06-2026 02:05:22 AM [] []
[2026-06-07 02:05:51] SlimMonoLogger.INFO: Cron ran at: 07-06-2026 02:05:51 AM [] []
[2026-06-07 02:06:02] SlimMonoLogger.INFO: Cron ran at: 07-06-2026 02:06:02 AM [] []
[2026-06-07 02:06:31] SlimMonoLogger.INFO: Cron ran at: 07-06-2026 02:06:31 AM [] []
[2026-06-07 02:06:33] SlimMonoLogger.INFO: Cron ran at: 07-06-2026 02:06:33 AM [] []
[2026-06-07 02:06:40] SlimMonoLogger.INFO: Cron ran at: 07-06-2026 02:06:40 AM [] []
[2026-06-07 02:07:00] SlimMonoLogger.INFO: Cron ran at: 07-06-2026 02:07:00 AM [] []
[2026-06-07 02:07:12] SlimMonoLogger.INFO: Cron ran at: 07-06-2026 02:07:12 AM [] []
[2026-06-07 02:07:21] SlimMonoLogger.INFO: Cron ran at: 07-06-2026 02:07:21 AM [] []
[2026-06-07 02:07:34] SlimMonoLogger.INFO: Cron ran at: 07-06-2026 02:07:34 AM [] []
[2026-06-07 02:07:53] SlimMonoLogger.INFO: Cron ran at: 07-06-2026 02:07:53 AM [] []
[2026-06-07 02:07:58] SlimMonoLogger.INFO: Cron ran at: 07-06-2026 02:07:58 AM [] []
[2026-06-07 02:08:08] SlimMonoLogger.INFO: Cron ran at: 07-06-2026 02:08:08 AM [] []
[2026-06-07 02:08:32] SlimMonoLogger.INFO: Cron ran at: 07-06-2026 02:08:32 AM [] []
[2026-06-07 02:08:39] SlimMonoLogger.INFO: Cron ran at: 07-06-2026 02:08:39 AM [] []
[2026-06-07 02:08:40] SlimMonoLogger.INFO: Cron ran at: 07-06-2026 02:08:40 AM [] []
[2026-06-07 02:09:13] SlimMonoLogger.INFO: Cron ran at: 07-06-2026 02:09:13 AM [] []
[2026-06-07 02:09:21] SlimMonoLogger.INFO: Cron ran at: 07-06-2026 02:09:21 AM [] []
[2026-06-07 02:09:56] SlimMonoLogger.INFO: Cron ran at: 07-06-2026 02:09:56 AM [] []
[2026-06-07 02:10:01] SlimMonoLogger.INFO: Cron ran at: 07-06-2026 02:10:01 AM [] []
[2026-06-07 02:10:30] SlimMonoLogger.INFO: Cron ran at: 07-06-2026 02:10:30 AM [] []
[2026-06-07 02:10:42] SlimMonoLogger.INFO: Cron ran at: 07-06-2026 02:10:42 AM [] []
[2026-06-07 02:11:08] SlimMonoLogger.INFO: Cron ran at: 07-06-2026 02:11:08 AM [] []
[2026-06-07 02:11:22] SlimMonoLogger.INFO: Cron ran at: 07-06-2026 02:11:22 AM [] []
[2026-06-07 02:11:40] SlimMonoLogger.INFO: Cron ran at: 07-06-2026 02:11:40 AM [] []
[2026-06-07 02:11:43] SlimMonoLogger.INFO: Cron ran at: 07-06-2026 02:11:43 AM [] []
[2026-06-07 02:12:01] SlimMonoLogger.INFO: Cron ran at: 07-06-2026 02:12:01 AM [] []
[2026-06-07 02:12:14] SlimMonoLogger.INFO: Cron ran at: 07-06-2026 02:12:14 AM [] []
[2026-06-07 02:12:24] SlimMonoLogger.INFO: Cron ran at: 07-06-2026 02:12:24 AM [] []
[2026-06-07 02:12:38] SlimMonoLogger.INFO: Cron ran at: 07-06-2026 02:12:38 AM [] []
[2026-06-07 02:12:38] SlimMonoLogger.INFO: Cron ran at: 07-06-2026 02:12:38 AM [] []
[2026-06-07 02:13:10] SlimMonoLogger.INFO: Cron ran at: 07-06-2026 02:13:10 AM [] []
[2026-06-07 02:13:14] SlimMonoLogger.INFO: Cron ran at: 07-06-2026 02:13:14 AM [] []
[2026-06-07 02:13:20] SlimMonoLogger.INFO: Cron ran at: 07-06-2026 02:13:20 AM [] []
[2026-06-07 02:13:44] SlimMonoLogger.INFO: Cron ran at: 07-06-2026 02:13:44 AM [] []
[2026-06-07 02:13:44] SlimMonoLogger.INFO: Cron ran at: 07-06-2026 02:13:44 AM [] []
[2026-06-07 02:14:24] SlimMonoLogger.INFO: Cron ran at: 07-06-2026 02:14:24 AM [] []
[2026-06-07 02:14:24] SlimMonoLogger.INFO: Cron ran at: 07-06-2026 02:14:24 AM [] []
[2026-06-07 02:15:00] SlimMonoLogger.INFO: Cron ran at: 07-06-2026 02:15:00 AM [] []
[2026-06-07 02:15:02] SlimMonoLogger.INFO: Cron ran at: 07-06-2026 02:15:02 AM [] []
[2026-06-07 02:15:38] SlimMonoLogger.INFO: Cron ran at: 07-06-2026 02:15:38 AM [] []
[2026-06-07 02:15:45] SlimMonoLogger.INFO: Cron ran at: 07-06-2026 02:15:45 AM [] []
[2026-06-07 02:16:15] SlimMonoLogger.INFO: Cron ran at: 07-06-2026 02:16:15 AM [] []
[2026-06-07 02:16:25] SlimMonoLogger.INFO: Cron ran at: 07-06-2026 02:16:25 AM [] []
[2026-06-07 02:16:27] SlimMonoLogger.INFO: Cron ran at: 07-06-2026 02:16:27 AM [] []
[2026-06-07 02:16:54] SlimMonoLogger.INFO: Cron ran at: 07-06-2026 02:16:54 AM [] []
[2026-06-07 02:16:56] SlimMonoLogger.INFO: Cron ran at: 07-06-2026 02:16:56 AM [] []
[2026-06-07 02:17:03] SlimMonoLogger.INFO: Cron ran at: 07-06-2026 02:17:03 AM [] []
[2026-06-07 02:17:29] SlimMonoLogger.INFO: Cron ran at: 07-06-2026 02:17:29 AM [] []
[2026-06-07 02:17:32] SlimMonoLogger.INFO: Cron ran at: 07-06-2026 02:17:32 AM [] []
[2026-06-07 02:17:46] SlimMonoLogger.INFO: Cron ran at: 07-06-2026 02:17:46 AM [] []
[2026-06-07 02:18:02] SlimMonoLogger.INFO: Cron ran at: 07-06-2026 02:18:02 AM [] []
[2026-06-07 02:18:13] SlimMonoLogger.INFO: Cron ran at: 07-06-2026 02:18:13 AM [] []
[2026-06-07 02:18:24] SlimMonoLogger.INFO: Cron ran at: 07-06-2026 02:18:24 AM [] []
[2026-06-07 02:18:38] SlimMonoLogger.INFO: Cron ran at: 07-06-2026 02:18:38 AM [] []
[2026-06-07 02:18:50] SlimMonoLogger.INFO: Cron ran at: 07-06-2026 02:18:50 AM [] []
[2026-06-07 02:19:14] SlimMonoLogger.INFO: Cron ran at: 07-06-2026 02:19:14 AM [] []
[2026-06-07 02:19:37] SlimMonoLogger.INFO: Cron ran at: 07-06-2026 02:19:37 AM [] []
[2026-06-07 02:19:52] SlimMonoLogger.INFO: Cron ran at: 07-06-2026 02:19:52 AM [] []
[2026-06-07 02:20:18] SlimMonoLogger.INFO: Cron ran at: 07-06-2026 02:20:18 AM [] []
[2026-06-07 02:20:29] SlimMonoLogger.INFO: Cron ran at: 07-06-2026 02:20:29 AM [] []
[2026-06-07 02:20:54] SlimMonoLogger.INFO: Cron ran at: 07-06-2026 02:20:54 AM [] []
[2026-06-07 02:21:17] SlimMonoLogger.INFO: Cron ran at: 07-06-2026 02:21:17 AM [] []
[2026-06-07 02:21:36] SlimMonoLogger.INFO: Cron ran at: 07-06-2026 02:21:36 AM [] []
[2026-06-07 02:21:37] SlimMonoLogger.INFO: Cron ran at: 07-06-2026 02:21:37 AM [] []
[2026-06-07 02:21:38] SlimMonoLogger.INFO: Cron ran at: 07-06-2026 02:21:38 AM [] []
[2026-06-07 02:22:13] SlimMonoLogger.INFO: Cron ran at: 07-06-2026 02:22:13 AM [] []
[2026-06-07 02:22:13] SlimMonoLogger.INFO: Cron ran at: 07-06-2026 02:22:13 AM [] []
[2026-06-07 02:22:22] SlimMonoLogger.INFO: Cron ran at: 07-06-2026 02:22:22 AM [] []
[2026-06-07 02:22:40] SlimMonoLogger.INFO: Cron ran at: 07-06-2026 02:22:40 AM [] []
[2026-06-07 02:22:53] SlimMonoLogger.INFO: Cron ran at: 07-06-2026 02:22:53 AM [] []
[2026-06-07 02:23:01] SlimMonoLogger.INFO: Cron ran at: 07-06-2026 02:23:01 AM [] []
[2026-06-07 02:23:12] SlimMonoLogger.INFO: Cron ran at: 07-06-2026 02:23:12 AM [] []
[2026-06-07 02:23:34] SlimMonoLogger.INFO: Cron ran at: 07-06-2026 02:23:34 AM [] []
[2026-06-07 02:23:49] SlimMonoLogger.INFO: Cron ran at: 07-06-2026 02:23:49 AM [] []
[2026-06-07 02:23:56] SlimMonoLogger.INFO: Cron ran at: 07-06-2026 02:23:56 AM [] []
[2026-06-07 02:24:30] SlimMonoLogger.INFO: Cron ran at: 07-06-2026 02:24:30 AM [] []
[2026-06-07 02:24:31] SlimMonoLogger.INFO: Cron ran at: 07-06-2026 02:24:31 AM [] []
[2026-06-07 02:25:08] SlimMonoLogger.INFO: Cron ran at: 07-06-2026 02:25:08 AM [] []
[2026-06-07 02:25:10] SlimMonoLogger.INFO: Cron ran at: 07-06-2026 02:25:10 AM [] []
[2026-06-07 02:25:42] SlimMonoLogger.INFO: Cron ran at: 07-06-2026 02:25:42 AM [] []
[2026-06-07 02:25:49] SlimMonoLogger.INFO: Cron ran at: 07-06-2026 02:25:49 AM [] []
[2026-06-07 02:26:21] SlimMonoLogger.INFO: Cron ran at: 07-06-2026 02:26:21 AM [] []
[2026-06-07 02:26:32] SlimMonoLogger.INFO: Cron ran at: 07-06-2026 02:26:32 AM [] []
[2026-06-07 02:26:44] SlimMonoLogger.INFO: Cron ran at: 07-06-2026 02:26:44 AM [] []
[2026-06-07 02:26:57] SlimMonoLogger.INFO: Cron ran at: 07-06-2026 02:26:57 AM [] []
[2026-06-07 02:27:08] SlimMonoLogger.INFO: Cron ran at: 07-06-2026 02:27:08 AM [] []
[2026-06-07 02:27:14] SlimMonoLogger.INFO: Cron ran at: 07-06-2026 02:27:14 AM [] []
[2026-06-07 02:27:41] SlimMonoLogger.INFO: Cron ran at: 07-06-2026 02:27:41 AM [] []
[2026-06-07 02:27:45] SlimMonoLogger.INFO: Cron ran at: 07-06-2026 02:27:45 AM [] []
[2026-06-07 02:27:48] SlimMonoLogger.INFO: Cron ran at: 07-06-2026 02:27:48 AM [] []
[2026-06-07 02:28:19] SlimMonoLogger.INFO: Cron ran at: 07-06-2026 02:28:19 AM [] []
[2026-06-07 02:28:20] SlimMonoLogger.INFO: Cron ran at: 07-06-2026 02:28:20 AM [] []
[2026-06-07 02:28:28] SlimMonoLogger.INFO: Cron ran at: 07-06-2026 02:28:28 AM [] []
[2026-06-07 02:28:52] SlimMonoLogger.INFO: Cron ran at: 07-06-2026 02:28:52 AM [] []
[2026-06-07 02:28:52] SlimMonoLogger.INFO: Cron ran at: 07-06-2026 02:28:52 AM [] []
[2026-06-07 02:29:26] SlimMonoLogger.INFO: Cron ran at: 07-06-2026 02:29:26 AM [] []
[2026-06-07 02:29:33] SlimMonoLogger.INFO: Cron ran at: 07-06-2026 02:29:33 AM [] []
[2026-06-07 02:30:03] SlimMonoLogger.INFO: Cron ran at: 07-06-2026 02:30:03 AM [] []
[2026-06-07 02:30:16] SlimMonoLogger.INFO: Cron ran at: 07-06-2026 02:30:16 AM [] []
[2026-06-07 02:30:52] SlimMonoLogger.INFO: Cron ran at: 07-06-2026 02:30:52 AM [] []
[2026-06-07 02:31:01] SlimMonoLogger.INFO: Cron ran at: 07-06-2026 02:31:01 AM [] []
[2026-06-07 02:31:25] SlimMonoLogger.INFO: Cron ran at: 07-06-2026 02:31:25 AM [] []
[2026-06-07 02:31:37] SlimMonoLogger.INFO: Cron ran at: 07-06-2026 02:31:37 AM [] []
[2026-06-07 02:31:57] SlimMonoLogger.INFO: Cron ran at: 07-06-2026 02:31:57 AM [] []
[2026-06-07 02:31:57] SlimMonoLogger.INFO: Cron ran at: 07-06-2026 02:31:57 AM [] []
[2026-06-07 02:32:22] SlimMonoLogger.INFO: Cron ran at: 07-06-2026 02:32:22 AM [] []
[2026-06-07 02:32:30] SlimMonoLogger.INFO: Cron ran at: 07-06-2026 02:32:30 AM [] []
[2026-06-07 02:32:40] SlimMonoLogger.INFO: Cron ran at: 07-06-2026 02:32:40 AM [] []
[2026-06-07 02:32:56] SlimMonoLogger.INFO: Cron ran at: 07-06-2026 02:32:56 AM [] []
[2026-06-07 02:32:59] SlimMonoLogger.INFO: Cron ran at: 07-06-2026 02:32:59 AM [] []
[2026-06-07 02:33:16] SlimMonoLogger.INFO: Cron ran at: 07-06-2026 02:33:16 AM [] []
[2026-06-07 02:33:37] SlimMonoLogger.INFO: Cron ran at: 07-06-2026 02:33:37 AM [] []
[2026-06-07 02:33:43] SlimMonoLogger.INFO: Cron ran at: 07-06-2026 02:33:43 AM [] []
[2026-06-07 02:33:57] SlimMonoLogger.INFO: Cron ran at: 07-06-2026 02:33:57 AM [] []
[2026-06-07 02:34:04] SlimMonoLogger.INFO: Cron ran at: 07-06-2026 02:34:04 AM [] []
[2026-06-07 02:34:35] SlimMonoLogger.INFO: Cron ran at: 07-06-2026 02:34:35 AM [] []
[2026-06-07 02:34:38] SlimMonoLogger.INFO: Cron ran at: 07-06-2026 02:34:38 AM [] []
[2026-06-07 02:35:16] SlimMonoLogger.INFO: Cron ran at: 07-06-2026 02:35:16 AM [] []
[2026-06-07 02:35:17] SlimMonoLogger.INFO: Cron ran at: 07-06-2026 02:35:17 AM [] []
[2026-06-07 02:35:54] SlimMonoLogger.INFO: Cron ran at: 07-06-2026 02:35:54 AM [] []
[2026-06-07 02:35:54] SlimMonoLogger.INFO: Cron ran at: 07-06-2026 02:35:54 AM [] []
[2026-06-07 02:36:23] SlimMonoLogger.INFO: Cron ran at: 07-06-2026 02:36:23 AM [] []
[2026-06-07 02:36:31] SlimMonoLogger.INFO: Cron ran at: 07-06-2026 02:36:31 AM [] []
[2026-06-07 02:36:32] SlimMonoLogger.INFO: Cron ran at: 07-06-2026 02:36:32 AM [] []
[2026-06-07 02:36:55] SlimMonoLogger.INFO: Cron ran at: 07-06-2026 02:36:55 AM [] []
[2026-06-07 02:37:08] SlimMonoLogger.INFO: Cron ran at: 07-06-2026 02:37:08 AM [] []
[2026-06-07 02:37:11] SlimMonoLogger.INFO: Cron ran at: 07-06-2026 02:37:11 AM [] []
[2026-06-07 02:37:23] SlimMonoLogger.INFO: Cron ran at: 07-06-2026 02:37:23 AM [] []
[2026-06-07 02:37:51] SlimMonoLogger.INFO: Cron ran at: 07-06-2026 02:37:51 AM [] []
[2026-06-07 02:37:52] SlimMonoLogger.INFO: Cron ran at: 07-06-2026 02:37:52 AM [] []
[2026-06-07 02:37:53] SlimMonoLogger.INFO: Cron ran at: 07-06-2026 02:37:53 AM [] []
[2026-06-07 02:38:32] SlimMonoLogger.INFO: Cron ran at: 07-06-2026 02:38:32 AM [] []
[2026-06-07 02:38:32] SlimMonoLogger.INFO: Cron ran at: 07-06-2026 02:38:32 AM [] []
[2026-06-07 02:38:34] SlimMonoLogger.INFO: Cron ran at: 07-06-2026 02:38:34 AM [] []
[2026-06-07 02:39:08] SlimMonoLogger.INFO: Cron ran at: 07-06-2026 02:39:08 AM [] []
[2026-06-07 02:39:08] SlimMonoLogger.INFO: Cron ran at: 07-06-2026 02:39:08 AM [] []
[2026-06-07 02:39:43] SlimMonoLogger.INFO: Cron ran at: 07-06-2026 02:39:43 AM [] []
[2026-06-07 02:39:50] SlimMonoLogger.INFO: Cron ran at: 07-06-2026 02:39:50 AM [] []
[2026-06-07 02:40:16] SlimMonoLogger.INFO: Cron ran at: 07-06-2026 02:40:16 AM [] []
[2026-06-07 02:40:30] SlimMonoLogger.INFO: Cron ran at: 07-06-2026 02:40:30 AM [] []
[2026-06-07 02:40:59] SlimMonoLogger.INFO: Cron ran at: 07-06-2026 02:40:59 AM [] []
[2026-06-07 02:41:12] SlimMonoLogger.INFO: Cron ran at: 07-06-2026 02:41:12 AM [] []
[2026-06-07 02:41:15] SlimMonoLogger.INFO: Cron ran at: 07-06-2026 02:41:15 AM [] []
[2026-06-07 02:41:37] SlimMonoLogger.INFO: Cron ran at: 07-06-2026 02:41:37 AM [] []
[2026-06-07 02:41:48] SlimMonoLogger.INFO: Cron ran at: 07-06-2026 02:41:48 AM [] []
[2026-06-07 02:41:49] SlimMonoLogger.INFO: Cron ran at: 07-06-2026 02:41:49 AM [] []
[2026-06-07 02:42:17] SlimMonoLogger.INFO: Cron ran at: 07-06-2026 02:42:17 AM [] []
[2026-06-07 02:42:17] SlimMonoLogger.INFO: Cron ran at: 07-06-2026 02:42:17 AM [] []
[2026-06-07 02:42:28] SlimMonoLogger.INFO: Cron ran at: 07-06-2026 02:42:28 AM [] []
[2026-06-07 02:42:53] SlimMonoLogger.INFO: Cron ran at: 07-06-2026 02:42:53 AM [] []
[2026-06-07 02:42:55] SlimMonoLogger.INFO: Cron ran at: 07-06-2026 02:42:55 AM [] []
[2026-06-07 02:43:08] SlimMonoLogger.INFO: Cron ran at: 07-06-2026 02:43:08 AM [] []
[2026-06-07 02:43:27] SlimMonoLogger.INFO: Cron ran at: 07-06-2026 02:43:27 AM [] []
[2026-06-07 02:43:37] SlimMonoLogger.INFO: Cron ran at: 07-06-2026 02:43:37 AM [] []
[2026-06-07 02:43:47] SlimMonoLogger.INFO: Cron ran at: 07-06-2026 02:43:47 AM [] []
[2026-06-07 02:44:02] SlimMonoLogger.INFO: Cron ran at: 07-06-2026 02:44:02 AM [] []
[2026-06-07 02:44:12] SlimMonoLogger.INFO: Cron ran at: 07-06-2026 02:44:12 AM [] []
[2026-06-07 02:44:12] SlimMonoLogger.INFO: Cron ran at: 07-06-2026 02:44:12 AM [] []
[2026-06-07 02:44:56] SlimMonoLogger.INFO: Cron ran at: 07-06-2026 02:44:56 AM [] []
[2026-06-07 02:44:57] SlimMonoLogger.INFO: Cron ran at: 07-06-2026 02:44:57 AM [] []
[2026-06-07 02:45:36] SlimMonoLogger.INFO: Cron ran at: 07-06-2026 02:45:36 AM [] []
[2026-06-07 02:45:36] SlimMonoLogger.INFO: Cron ran at: 07-06-2026 02:45:36 AM [] []
[2026-06-07 02:46:13] SlimMonoLogger.INFO: Cron ran at: 07-06-2026 02:46:13 AM [] []
[2026-06-07 02:46:18] SlimMonoLogger.INFO: Cron ran at: 07-06-2026 02:46:18 AM [] []
[2026-06-07 02:46:51] SlimMonoLogger.INFO: Cron ran at: 07-06-2026 02:46:51 AM [] []
[2026-06-07 02:46:54] SlimMonoLogger.INFO: Cron ran at: 07-06-2026 02:46:54 AM [] []
[2026-06-07 02:46:57] SlimMonoLogger.INFO: Cron ran at: 07-06-2026 02:46:57 AM [] []
[2026-06-07 02:47:32] SlimMonoLogger.INFO: Cron ran at: 07-06-2026 02:47:32 AM [] []
[2026-06-07 02:47:32] SlimMonoLogger.INFO: Cron ran at: 07-06-2026 02:47:32 AM [] []
[2026-06-07 02:47:33] SlimMonoLogger.INFO: Cron ran at: 07-06-2026 02:47:33 AM [] []
[2026-06-07 02:48:01] SlimMonoLogger.INFO: Cron ran at: 07-06-2026 02:48:01 AM [] []
[2026-06-07 02:48:09] SlimMonoLogger.INFO: Cron ran at: 07-06-2026 02:48:09 AM [] []
[2026-06-07 02:48:11] SlimMonoLogger.INFO: Cron ran at: 07-06-2026 02:48:11 AM [] []
[2026-06-07 02:48:34] SlimMonoLogger.INFO: Cron ran at: 07-06-2026 02:48:34 AM [] []
[2026-06-07 02:48:51] SlimMonoLogger.INFO: Cron ran at: 07-06-2026 02:48:51 AM [] []
[2026-06-07 02:49:10] SlimMonoLogger.INFO: Cron ran at: 07-06-2026 02:49:10 AM [] []
[2026-06-07 02:49:33] SlimMonoLogger.INFO: Cron ran at: 07-06-2026 02:49:33 AM [] []
[2026-06-07 02:49:47] SlimMonoLogger.INFO: Cron ran at: 07-06-2026 02:49:47 AM [] []
[2026-06-07 02:50:09] SlimMonoLogger.INFO: Cron ran at: 07-06-2026 02:50:09 AM [] []
[2026-06-07 02:50:22] SlimMonoLogger.INFO: Cron ran at: 07-06-2026 02:50:22 AM [] []
[2026-06-07 02:50:52] SlimMonoLogger.INFO: Cron ran at: 07-06-2026 02:50:52 AM [] []
[2026-06-07 02:51:18] SlimMonoLogger.INFO: Cron ran at: 07-06-2026 02:51:18 AM [] []
[2026-06-07 02:51:19] SlimMonoLogger.INFO: Cron ran at: 07-06-2026 02:51:19 AM [] []
[2026-06-07 02:51:29] SlimMonoLogger.INFO: Cron ran at: 07-06-2026 02:51:29 AM [] []
[2026-06-07 02:51:45] SlimMonoLogger.INFO: Cron ran at: 07-06-2026 02:51:45 AM [] []
[2026-06-07 02:51:54] SlimMonoLogger.INFO: Cron ran at: 07-06-2026 02:51:54 AM [] []
[2026-06-07 02:52:18] SlimMonoLogger.INFO: Cron ran at: 07-06-2026 02:52:18 AM [] []
[2026-06-07 02:52:18] SlimMonoLogger.INFO: Cron ran at: 07-06-2026 02:52:18 AM [] []
[2026-06-07 02:52:34] SlimMonoLogger.INFO: Cron ran at: 07-06-2026 02:52:34 AM [] []
[2026-06-07 02:52:49] SlimMonoLogger.INFO: Cron ran at: 07-06-2026 02:52:49 AM [] []
[2026-06-07 02:52:49] SlimMonoLogger.INFO: Cron ran at: 07-06-2026 02:52:49 AM [] []
[2026-06-07 02:53:13] SlimMonoLogger.INFO: Cron ran at: 07-06-2026 02:53:13 AM [] []
[2026-06-07 02:53:26] SlimMonoLogger.INFO: Cron ran at: 07-06-2026 02:53:26 AM [] []
[2026-06-07 02:53:53] SlimMonoLogger.INFO: Cron ran at: 07-06-2026 02:53:53 AM [] []
[2026-06-07 02:53:59] SlimMonoLogger.INFO: Cron ran at: 07-06-2026 02:53:59 AM [] []
[2026-06-07 02:54:34] SlimMonoLogger.INFO: Cron ran at: 07-06-2026 02:54:34 AM [] []
[2026-06-07 02:54:35] SlimMonoLogger.INFO: Cron ran at: 07-06-2026 02:54:35 AM [] []
[2026-06-07 02:55:21] SlimMonoLogger.INFO: Cron ran at: 07-06-2026 02:55:21 AM [] []
[2026-06-07 02:55:23] SlimMonoLogger.INFO: Cron ran at: 07-06-2026 02:55:23 AM [] []
[2026-06-07 02:56:05] SlimMonoLogger.INFO: Cron ran at: 07-06-2026 02:56:05 AM [] []
[2026-06-07 02:56:06] SlimMonoLogger.INFO: Cron ran at: 07-06-2026 02:56:06 AM [] []
[2026-06-07 02:56:31] SlimMonoLogger.INFO: Cron ran at: 07-06-2026 02:56:31 AM [] []
[2026-06-07 02:56:40] SlimMonoLogger.INFO: Cron ran at: 07-06-2026 02:56:40 AM [] []
[2026-06-07 02:56:40] SlimMonoLogger.INFO: Cron ran at: 07-06-2026 02:56:40 AM [] []
[2026-06-07 02:57:00] SlimMonoLogger.INFO: Cron ran at: 07-06-2026 02:57:00 AM [] []
[2026-06-07 02:57:21] SlimMonoLogger.INFO: Cron ran at: 07-06-2026 02:57:21 AM [] []
[2026-06-07 02:57:21] SlimMonoLogger.INFO: Cron ran at: 07-06-2026 02:57:21 AM [] []
[2026-06-07 02:57:28] SlimMonoLogger.INFO: Cron ran at: 07-06-2026 02:57:28 AM [] []
[2026-06-07 02:58:00] SlimMonoLogger.INFO: Cron ran at: 07-06-2026 02:58:00 AM [] []
[2026-06-07 02:58:03] SlimMonoLogger.INFO: Cron ran at: 07-06-2026 02:58:03 AM [] []
[2026-06-07 02:58:04] SlimMonoLogger.INFO: Cron ran at: 07-06-2026 02:58:04 AM [] []
[2026-06-07 02:58:38] SlimMonoLogger.INFO: Cron ran at: 07-06-2026 02:58:38 AM [] []
[2026-06-07 02:58:41] SlimMonoLogger.INFO: Cron ran at: 07-06-2026 02:58:41 AM [] []
[2026-06-07 02:58:41] SlimMonoLogger.INFO: Cron ran at: 07-06-2026 02:58:41 AM [] []
[2026-06-07 02:59:13] SlimMonoLogger.INFO: Cron ran at: 07-06-2026 02:59:13 AM [] []
[2026-06-07 02:59:19] SlimMonoLogger.INFO: Cron ran at: 07-06-2026 02:59:19 AM [] []
[2026-06-07 02:59:22] SlimMonoLogger.INFO: Cron ran at: 07-06-2026 02:59:22 AM [] []
[2026-06-07 02:59:49] SlimMonoLogger.INFO: Cron ran at: 07-06-2026 02:59:49 AM [] []
[2026-06-07 02:59:55] SlimMonoLogger.INFO: Cron ran at: 07-06-2026 02:59:55 AM [] []
[2026-06-07 03:00:19] SlimMonoLogger.INFO: Cron ran at: 07-06-2026 03:00:19 AM [] []
[2026-06-07 03:00:43] SlimMonoLogger.INFO: Cron ran at: 07-06-2026 03:00:43 AM [] []
[2026-06-07 03:01:01] SlimMonoLogger.INFO: Cron ran at: 07-06-2026 03:01:01 AM [] []
[2026-06-07 03:01:17] SlimMonoLogger.INFO: Cron ran at: 07-06-2026 03:01:17 AM [] []
[2026-06-07 03:01:33] SlimMonoLogger.INFO: Cron ran at: 07-06-2026 03:01:33 AM [] []
[2026-06-07 03:01:43] SlimMonoLogger.INFO: Cron ran at: 07-06-2026 03:01:43 AM [] []
[2026-06-07 03:02:05] SlimMonoLogger.INFO: Cron ran at: 07-06-2026 03:02:05 AM [] []
[2026-06-07 03:02:11] SlimMonoLogger.INFO: Cron ran at: 07-06-2026 03:02:11 AM [] []
[2026-06-07 03:02:23] SlimMonoLogger.INFO: Cron ran at: 07-06-2026 03:02:23 AM [] []
[2026-06-07 03:02:36] SlimMonoLogger.INFO: Cron ran at: 07-06-2026 03:02:36 AM [] []
[2026-06-07 03:02:37] SlimMonoLogger.INFO: Cron ran at: 07-06-2026 03:02:37 AM [] []
[2026-06-07 03:02:58] SlimMonoLogger.INFO: Cron ran at: 07-06-2026 03:02:58 AM [] []
[2026-06-07 03:03:13] SlimMonoLogger.INFO: Cron ran at: 07-06-2026 03:03:13 AM [] []
[2026-06-07 03:03:15] SlimMonoLogger.INFO: Cron ran at: 07-06-2026 03:03:15 AM [] []
[2026-06-07 03:03:39] SlimMonoLogger.INFO: Cron ran at: 07-06-2026 03:03:39 AM [] []
[2026-06-07 03:03:48] SlimMonoLogger.INFO: Cron ran at: 07-06-2026 03:03:48 AM [] []
[2026-06-07 03:04:16] SlimMonoLogger.INFO: Cron ran at: 07-06-2026 03:04:16 AM [] []
[2026-06-07 03:04:18] SlimMonoLogger.INFO: Cron ran at: 07-06-2026 03:04:18 AM [] []
[2026-06-07 03:04:57] SlimMonoLogger.INFO: Cron ran at: 07-06-2026 03:04:57 AM [] []
[2026-06-07 03:04:58] SlimMonoLogger.INFO: Cron ran at: 07-06-2026 03:04:58 AM [] []
[2026-06-07 03:05:35] SlimMonoLogger.INFO: Cron ran at: 07-06-2026 03:05:35 AM [] []
[2026-06-07 03:05:35] SlimMonoLogger.INFO: Cron ran at: 07-06-2026 03:05:35 AM [] []
[2026-06-07 03:06:09] SlimMonoLogger.INFO: Cron ran at: 07-06-2026 03:06:09 AM [] []
[2026-06-07 03:06:09] SlimMonoLogger.INFO: Cron ran at: 07-06-2026 03:06:09 AM [] []
[2026-06-07 03:06:22] SlimMonoLogger.INFO: Cron ran at: 07-06-2026 03:06:22 AM [] []
[2026-06-07 03:06:43] SlimMonoLogger.INFO: Cron ran at: 07-06-2026 03:06:43 AM [] []
[2026-06-07 03:06:47] SlimMonoLogger.INFO: Cron ran at: 07-06-2026 03:06:47 AM [] []
[2026-06-07 03:06:52] SlimMonoLogger.INFO: Cron ran at: 07-06-2026 03:06:52 AM [] []
[2026-06-07 03:07:25] SlimMonoLogger.INFO: Cron ran at: 07-06-2026 03:07:25 AM [] []
[2026-06-07 03:07:27] SlimMonoLogger.INFO: Cron ran at: 07-06-2026 03:07:27 AM [] []
[2026-06-07 03:07:29] SlimMonoLogger.INFO: Cron ran at: 07-06-2026 03:07:29 AM [] []
[2026-06-07 03:07:59] SlimMonoLogger.INFO: Cron ran at: 07-06-2026 03:07:59 AM [] []
[2026-06-07 03:08:02] SlimMonoLogger.INFO: Cron ran at: 07-06-2026 03:08:02 AM [] []
[2026-06-07 03:08:12] SlimMonoLogger.INFO: Cron ran at: 07-06-2026 03:08:12 AM [] []
[2026-06-07 03:08:34] SlimMonoLogger.INFO: Cron ran at: 07-06-2026 03:08:34 AM [] []
[2026-06-07 03:08:45] SlimMonoLogger.INFO: Cron ran at: 07-06-2026 03:08:45 AM [] []
[2026-06-07 03:09:09] SlimMonoLogger.INFO: Cron ran at: 07-06-2026 03:09:09 AM [] []
[2026-06-07 03:09:26] SlimMonoLogger.INFO: Cron ran at: 07-06-2026 03:09:26 AM [] []
[2026-06-07 03:09:45] SlimMonoLogger.INFO: Cron ran at: 07-06-2026 03:09:45 AM [] []
[2026-06-07 03:10:10] SlimMonoLogger.INFO: Cron ran at: 07-06-2026 03:10:10 AM [] []
[2026-06-07 03:10:27] SlimMonoLogger.INFO: Cron ran at: 07-06-2026 03:10:27 AM [] []
[2026-06-07 03:10:50] SlimMonoLogger.INFO: Cron ran at: 07-06-2026 03:10:50 AM [] []
[2026-06-07 03:11:06] SlimMonoLogger.INFO: Cron ran at: 07-06-2026 03:11:06 AM [] []
[2026-06-07 03:11:31] SlimMonoLogger.INFO: Cron ran at: 07-06-2026 03:11:31 AM [] []
[2026-06-07 03:11:51] SlimMonoLogger.INFO: Cron ran at: 07-06-2026 03:11:51 AM [] []
[2026-06-07 03:11:57] SlimMonoLogger.INFO: Cron ran at: 07-06-2026 03:11:57 AM [] []
[2026-06-07 03:12:08] SlimMonoLogger.INFO: Cron ran at: 07-06-2026 03:12:08 AM [] []
[2026-06-07 03:12:21] SlimMonoLogger.INFO: Cron ran at: 07-06-2026 03:12:21 AM [] []
[2026-06-07 03:12:23] SlimMonoLogger.INFO: Cron ran at: 07-06-2026 03:12:23 AM [] []
[2026-06-07 03:12:51] SlimMonoLogger.INFO: Cron ran at: 07-06-2026 03:12:51 AM [] []
[2026-06-07 03:12:54] SlimMonoLogger.INFO: Cron ran at: 07-06-2026 03:12:54 AM [] []
[2026-06-07 03:13:00] SlimMonoLogger.INFO: Cron ran at: 07-06-2026 03:13:00 AM [] []
[2026-06-07 03:13:29] SlimMonoLogger.INFO: Cron ran at: 07-06-2026 03:13:29 AM [] []
[2026-06-07 03:13:33] SlimMonoLogger.INFO: Cron ran at: 07-06-2026 03:13:33 AM [] []
[2026-06-07 03:13:39] SlimMonoLogger.INFO: Cron ran at: 07-06-2026 03:13:39 AM [] []
[2026-06-07 03:14:02] SlimMonoLogger.INFO: Cron ran at: 07-06-2026 03:14:02 AM [] []
[2026-06-07 03:14:21] SlimMonoLogger.INFO: Cron ran at: 07-06-2026 03:14:21 AM [] []
[2026-06-07 03:14:39] SlimMonoLogger.INFO: Cron ran at: 07-06-2026 03:14:39 AM [] []
[2026-06-07 03:15:02] SlimMonoLogger.INFO: Cron ran at: 07-06-2026 03:15:02 AM [] []
[2026-06-07 03:15:14] SlimMonoLogger.INFO: Cron ran at: 07-06-2026 03:15:14 AM [] []
[2026-06-07 03:15:41] SlimMonoLogger.INFO: Cron ran at: 07-06-2026 03:15:41 AM [] []
[2026-06-07 03:15:52] SlimMonoLogger.INFO: Cron ran at: 07-06-2026 03:15:52 AM [] []
[2026-06-07 03:16:25] SlimMonoLogger.INFO: Cron ran at: 07-06-2026 03:16:25 AM [] []
[2026-06-07 03:16:28] SlimMonoLogger.INFO: Cron ran at: 07-06-2026 03:16:28 AM [] []
[2026-06-07 03:16:48] SlimMonoLogger.INFO: Cron ran at: 07-06-2026 03:16:48 AM [] []
[2026-06-07 03:17:02] SlimMonoLogger.INFO: Cron ran at: 07-06-2026 03:17:02 AM [] []
[2026-06-07 03:17:07] SlimMonoLogger.INFO: Cron ran at: 07-06-2026 03:17:07 AM [] []
[2026-06-07 03:17:17] SlimMonoLogger.INFO: Cron ran at: 07-06-2026 03:17:17 AM [] []
[2026-06-07 03:17:41] SlimMonoLogger.INFO: Cron ran at: 07-06-2026 03:17:41 AM [] []
[2026-06-07 03:17:48] SlimMonoLogger.INFO: Cron ran at: 07-06-2026 03:17:48 AM [] []
[2026-06-07 03:17:49] SlimMonoLogger.INFO: Cron ran at: 07-06-2026 03:17:49 AM [] []
[2026-06-07 03:18:23] SlimMonoLogger.INFO: Cron ran at: 07-06-2026 03:18:23 AM [] []
[2026-06-07 03:18:24] SlimMonoLogger.INFO: Cron ran at: 07-06-2026 03:18:24 AM [] []
[2026-06-07 03:18:26] SlimMonoLogger.INFO: Cron ran at: 07-06-2026 03:18:26 AM [] []
[2026-06-07 03:18:57] SlimMonoLogger.INFO: Cron ran at: 07-06-2026 03:18:57 AM [] []
[2026-06-07 03:19:10] SlimMonoLogger.INFO: Cron ran at: 07-06-2026 03:19:10 AM [] []
[2026-06-07 03:19:35] SlimMonoLogger.INFO: Cron ran at: 07-06-2026 03:19:35 AM [] []
[2026-06-07 03:19:53] SlimMonoLogger.INFO: Cron ran at: 07-06-2026 03:19:53 AM [] []
[2026-06-07 03:20:12] SlimMonoLogger.INFO: Cron ran at: 07-06-2026 03:20:12 AM [] []
[2026-06-07 03:20:30] SlimMonoLogger.INFO: Cron ran at: 07-06-2026 03:20:30 AM [] []
[2026-06-07 03:20:45] SlimMonoLogger.INFO: Cron ran at: 07-06-2026 03:20:45 AM [] []
[2026-06-07 03:21:12] SlimMonoLogger.INFO: Cron ran at: 07-06-2026 03:21:12 AM [] []
[2026-06-07 03:21:23] SlimMonoLogger.INFO: Cron ran at: 07-06-2026 03:21:23 AM [] []
[2026-06-07 03:21:53] SlimMonoLogger.INFO: Cron ran at: 07-06-2026 03:21:53 AM [] []
[2026-06-07 03:21:56] SlimMonoLogger.INFO: Cron ran at: 07-06-2026 03:21:56 AM [] []
[2026-06-07 03:22:09] SlimMonoLogger.INFO: Cron ran at: 07-06-2026 03:22:09 AM [] []
[2026-06-07 03:22:38] SlimMonoLogger.INFO: Cron ran at: 07-06-2026 03:22:38 AM [] []
[2026-06-07 03:22:38] SlimMonoLogger.INFO: Cron ran at: 07-06-2026 03:22:38 AM [] []
[2026-06-07 03:22:48] SlimMonoLogger.INFO: Cron ran at: 07-06-2026 03:22:48 AM [] []
[2026-06-07 03:23:09] SlimMonoLogger.INFO: Cron ran at: 07-06-2026 03:23:09 AM [] []
[2026-06-07 03:23:18] SlimMonoLogger.INFO: Cron ran at: 07-06-2026 03:23:18 AM [] []
[2026-06-07 03:23:30] SlimMonoLogger.INFO: Cron ran at: 07-06-2026 03:23:30 AM [] []
[2026-06-07 03:23:36] SlimMonoLogger.INFO: Cron ran at: 07-06-2026 03:23:36 AM [] []
[2026-06-07 03:23:49] SlimMonoLogger.INFO: Cron ran at: 07-06-2026 03:23:49 AM [] []
[2026-06-07 03:24:01] SlimMonoLogger.INFO: Cron ran at: 07-06-2026 03:24:01 AM [] []
[2026-06-07 03:24:05] SlimMonoLogger.INFO: Cron ran at: 07-06-2026 03:24:05 AM [] []
[2026-06-07 03:24:44] SlimMonoLogger.INFO: Cron ran at: 07-06-2026 03:24:44 AM [] []
[2026-06-07 03:24:44] SlimMonoLogger.INFO: Cron ran at: 07-06-2026 03:24:44 AM [] []
[2026-06-07 03:25:23] SlimMonoLogger.INFO: Cron ran at: 07-06-2026 03:25:23 AM [] []
[2026-06-07 03:25:23] SlimMonoLogger.INFO: Cron ran at: 07-06-2026 03:25:23 AM [] []
[2026-06-07 03:25:58] SlimMonoLogger.INFO: Cron ran at: 07-06-2026 03:25:58 AM [] []
[2026-06-07 03:26:02] SlimMonoLogger.INFO: Cron ran at: 07-06-2026 03:26:02 AM [] []
[2026-06-07 03:26:35] SlimMonoLogger.INFO: Cron ran at: 07-06-2026 03:26:35 AM [] []
[2026-06-07 03:26:35] SlimMonoLogger.INFO: Cron ran at: 07-06-2026 03:26:35 AM [] []
[2026-06-07 03:26:40] SlimMonoLogger.INFO: Cron ran at: 07-06-2026 03:26:40 AM [] []
[2026-06-07 03:27:10] SlimMonoLogger.INFO: Cron ran at: 07-06-2026 03:27:10 AM [] []
[2026-06-07 03:27:11] SlimMonoLogger.INFO: Cron ran at: 07-06-2026 03:27:11 AM [] []
[2026-06-07 03:27:27] SlimMonoLogger.INFO: Cron ran at: 07-06-2026 03:27:27 AM [] []
[2026-06-07 03:27:39] SlimMonoLogger.INFO: Cron ran at: 07-06-2026 03:27:39 AM [] []
[2026-06-07 03:27:53] SlimMonoLogger.INFO: Cron ran at: 07-06-2026 03:27:53 AM [] []
[2026-06-07 03:28:03] SlimMonoLogger.INFO: Cron ran at: 07-06-2026 03:28:03 AM [] []
[2026-06-07 03:28:12] SlimMonoLogger.INFO: Cron ran at: 07-06-2026 03:28:12 AM [] []
[2026-06-07 03:28:34] SlimMonoLogger.INFO: Cron ran at: 07-06-2026 03:28:34 AM [] []
[2026-06-07 03:28:40] SlimMonoLogger.INFO: Cron ran at: 07-06-2026 03:28:40 AM [] []
[2026-06-07 03:28:48] SlimMonoLogger.INFO: Cron ran at: 07-06-2026 03:28:48 AM [] []
[2026-06-07 03:29:11] SlimMonoLogger.INFO: Cron ran at: 07-06-2026 03:29:11 AM [] []
[2026-06-07 03:29:21] SlimMonoLogger.INFO: Cron ran at: 07-06-2026 03:29:21 AM [] []
[2026-06-07 03:29:57] SlimMonoLogger.INFO: Cron ran at: 07-06-2026 03:29:57 AM [] []
[2026-06-07 03:30:39] SlimMonoLogger.INFO: Cron ran at: 07-06-2026 03:30:39 AM [] []
[2026-06-07 03:30:40] SlimMonoLogger.INFO: Cron ran at: 07-06-2026 03:30:40 AM [] []
[2026-06-07 03:31:17] SlimMonoLogger.INFO: Cron ran at: 07-06-2026 03:31:17 AM [] []
[2026-06-07 03:31:18] SlimMonoLogger.INFO: Cron ran at: 07-06-2026 03:31:18 AM [] []
[2026-06-07 03:31:19] SlimMonoLogger.INFO: Cron ran at: 07-06-2026 03:31:19 AM [] []
[2026-06-07 03:31:49] SlimMonoLogger.INFO: Cron ran at: 07-06-2026 03:31:49 AM [] []
[2026-06-07 03:31:51] SlimMonoLogger.INFO: Cron ran at: 07-06-2026 03:31:51 AM [] []
[2026-06-07 03:31:52] SlimMonoLogger.INFO: Cron ran at: 07-06-2026 03:31:52 AM [] []
[2026-06-07 03:32:18] SlimMonoLogger.INFO: Cron ran at: 07-06-2026 03:32:18 AM [] []
[2026-06-07 03:32:33] SlimMonoLogger.INFO: Cron ran at: 07-06-2026 03:32:33 AM [] []
[2026-06-07 03:32:34] SlimMonoLogger.INFO: Cron ran at: 07-06-2026 03:32:34 AM [] []
[2026-06-07 03:32:55] SlimMonoLogger.INFO: Cron ran at: 07-06-2026 03:32:55 AM [] []
[2026-06-07 03:33:12] SlimMonoLogger.INFO: Cron ran at: 07-06-2026 03:33:12 AM [] []
[2026-06-07 03:33:14] SlimMonoLogger.INFO: Cron ran at: 07-06-2026 03:33:14 AM [] []
[2026-06-07 03:33:23] SlimMonoLogger.INFO: Cron ran at: 07-06-2026 03:33:23 AM [] []
[2026-06-07 03:33:53] SlimMonoLogger.INFO: Cron ran at: 07-06-2026 03:33:53 AM [] []
[2026-06-07 03:33:54] SlimMonoLogger.INFO: Cron ran at: 07-06-2026 03:33:54 AM [] []
[2026-06-07 03:33:59] SlimMonoLogger.INFO: Cron ran at: 07-06-2026 03:33:59 AM [] []
[2026-06-07 03:34:33] SlimMonoLogger.INFO: Cron ran at: 07-06-2026 03:34:33 AM [] []
[2026-06-07 03:34:34] SlimMonoLogger.INFO: Cron ran at: 07-06-2026 03:34:34 AM [] []
[2026-06-07 03:35:16] SlimMonoLogger.INFO: Cron ran at: 07-06-2026 03:35:16 AM [] []
[2026-06-07 03:35:18] SlimMonoLogger.INFO: Cron ran at: 07-06-2026 03:35:18 AM [] []
[2026-06-07 03:35:54] SlimMonoLogger.INFO: Cron ran at: 07-06-2026 03:35:54 AM [] []
[2026-06-07 03:35:56] SlimMonoLogger.INFO: Cron ran at: 07-06-2026 03:35:56 AM [] []
[2026-06-07 03:36:16] SlimMonoLogger.INFO: Cron ran at: 07-06-2026 03:36:16 AM [] []
[2026-06-07 03:36:29] SlimMonoLogger.INFO: Cron ran at: 07-06-2026 03:36:29 AM [] []
[2026-06-07 03:36:33] SlimMonoLogger.INFO: Cron ran at: 07-06-2026 03:36:33 AM [] []
[2026-06-07 03:36:48] SlimMonoLogger.INFO: Cron ran at: 07-06-2026 03:36:48 AM [] []
[2026-06-07 03:37:10] SlimMonoLogger.INFO: Cron ran at: 07-06-2026 03:37:10 AM [] []
[2026-06-07 03:37:13] SlimMonoLogger.INFO: Cron ran at: 07-06-2026 03:37:13 AM [] []
[2026-06-07 03:37:19] SlimMonoLogger.INFO: Cron ran at: 07-06-2026 03:37:19 AM [] []
[2026-06-07 03:37:48] SlimMonoLogger.ERROR: Requests_Exception: cURL error 28: Operation timed out after 500002 milliseconds with 15824 bytes received in /home/latihtal/public_html/agregator1/src/vendor/rmccue/requests/library/Requests/Transport/cURL.php:422
Stack trace:
#0 /home/latihtal/public_html/agregator1/src/vendor/rmccue/requests/library/Requests/Transport/cURL.php(177): Requests_Transport_cURL->process_response()
#1 /home/latihtal/public_html/agregator1/src/vendor/rmccue/requests/library/Requests.php(379): Requests_Transport_cURL->request()
#2 /home/latihtal/public_html/agregator1/src/vendor/rmccue/requests/library/Requests/Session.php(205): Requests::request()
#3 /home/latihtal/public_html/agregator1/src/vendor/rmccue/requests/library/Requests/Session.php(132): Requests_Session->request()
#4 /home/latihtal/public_html/agregator1/src/drivers/Http/RssImporter.php(144): Requests_Session->get()
#5 /home/latihtal/public_html/agregator1/src/controllers/Dashboard/DashboardFeedsController.php(534): spark\drivers\Http\RssImporter->fetchPosts()
#6 /home/latihtal/public_html/agregator1/src/controllers/Site/SiteController.php(722): spark\controllers\Dashboard\DashboardFeedsController::importFeedPosts()
#7 [internal function]: spark\controllers\Site\SiteController->runTasks()
#8 /home/latihtal/public_html/agregator1/src/framework/Route.php(173): call_user_func_array()
#9 [internal function]: Slim\Route->Slim\{closure}()
#10 /home/latihtal/public_html/agregator1/src/framework/Route.php(468): call_user_func_array()
#11 /home/latihtal/public_html/agregator1/src/framework/Slim.php(1364): Slim\Route->dispatch()
#12 /home/latihtal/public_html/agregator1/src/framework/Middleware/Flash.php(85): Slim\Slim->call()
#13 /home/latihtal/public_html/agregator1/src/framework/Middleware/MethodOverride.php(92): Slim\Middleware\Flash->call()
#14 /home/latihtal/public_html/agregator1/src/middlewares/CsrfGuard/CsrfGuard.php(47): Slim\Middleware\MethodOverride->call()
#15 /home/latihtal/public_html/agregator1/src/framework/Middleware/PrettyExceptions.php(67): spark\middlewares\CsrfGuard\CsrfGuard->call()
#16 /home/latihtal/public_html/agregator1/src/framework/Slim.php(1308): Slim\Middleware\PrettyExceptions->call()
#17 /home/latihtal/public_html/agregator1/index.php(6): Slim\Slim->run()
#18 {main} [] []
[2026-06-07 03:37:51] SlimMonoLogger.INFO: Cron ran at: 07-06-2026 03:37:51 AM [] []
[2026-06-07 03:37:52] SlimMonoLogger.INFO: Cron ran at: 07-06-2026 03:37:52 AM [] []
[2026-06-07 03:37:52] SlimMonoLogger.INFO: Cron ran at: 07-06-2026 03:37:52 AM [] []
[2026-06-07 03:38:13] SlimMonoLogger.INFO: Cron ran at: 07-06-2026 03:38:13 AM [] []
[2026-06-07 03:38:25] SlimMonoLogger.INFO: Cron ran at: 07-06-2026 03:38:25 AM [] []
[2026-06-07 03:38:26] SlimMonoLogger.INFO: Cron ran at: 07-06-2026 03:38:26 AM [] []
[2026-06-07 03:38:30] SlimMonoLogger.INFO: Cron ran at: 07-06-2026 03:38:30 AM [] []
[2026-06-07 03:39:02] SlimMonoLogger.INFO: Cron ran at: 07-06-2026 03:39:02 AM [] []
[2026-06-07 03:39:36] SlimMonoLogger.INFO: Cron ran at: 07-06-2026 03:39:36 AM [] []
[2026-06-07 03:39:50] SlimMonoLogger.INFO: Cron ran at: 07-06-2026 03:39:50 AM [] []
[2026-06-07 03:40:15] SlimMonoLogger.INFO: Cron ran at: 07-06-2026 03:40:15 AM [] []
[2026-06-07 03:40:31] SlimMonoLogger.INFO: Cron ran at: 07-06-2026 03:40:31 AM [] []
[2026-06-07 03:40:54] SlimMonoLogger.INFO: Cron ran at: 07-06-2026 03:40:54 AM [] []
[2026-06-07 03:41:10] SlimMonoLogger.INFO: Cron ran at: 07-06-2026 03:41:10 AM [] []
[2026-06-07 03:41:30] SlimMonoLogger.INFO: Cron ran at: 07-06-2026 03:41:30 AM [] []
[2026-06-07 03:41:49] SlimMonoLogger.INFO: Cron ran at: 07-06-2026 03:41:49 AM [] []
[2026-06-07 03:41:50] SlimMonoLogger.INFO: Cron ran at: 07-06-2026 03:41:50 AM [] []
[2026-06-07 03:42:12] SlimMonoLogger.INFO: Cron ran at: 07-06-2026 03:42:12 AM [] []
[2026-06-07 03:42:22] SlimMonoLogger.INFO: Cron ran at: 07-06-2026 03:42:22 AM [] []
[2026-06-07 03:42:45] SlimMonoLogger.INFO: Cron ran at: 07-06-2026 03:42:45 AM [] []
[2026-06-07 03:42:51] SlimMonoLogger.INFO: Cron ran at: 07-06-2026 03:42:51 AM [] []
[2026-06-07 03:42:54] SlimMonoLogger.INFO: Cron ran at: 07-06-2026 03:42:54 AM [] []
[2026-06-07 03:43:24] SlimMonoLogger.INFO: Cron ran at: 07-06-2026 03:43:24 AM [] []
[2026-06-07 03:43:24] SlimMonoLogger.INFO: Cron ran at: 07-06-2026 03:43:24 AM [] []
[2026-06-07 03:43:29] SlimMonoLogger.INFO: Cron ran at: 07-06-2026 03:43:29 AM [] []
[2026-06-07 03:44:04] SlimMonoLogger.INFO: Cron ran at: 07-06-2026 03:44:04 AM [] []
[2026-06-07 03:44:10] SlimMonoLogger.INFO: Cron ran at: 07-06-2026 03:44:10 AM [] []
[2026-06-07 03:44:36] SlimMonoLogger.INFO: Cron ran at: 07-06-2026 03:44:36 AM [] []
[2026-06-07 03:44:50] SlimMonoLogger.INFO: Cron ran at: 07-06-2026 03:44:50 AM [] []
[2026-06-07 03:45:13] SlimMonoLogger.INFO: Cron ran at: 07-06-2026 03:45:13 AM [] []
[2026-06-07 03:45:35] SlimMonoLogger.INFO: Cron ran at: 07-06-2026 03:45:35 AM [] []
[2026-06-07 03:45:50] SlimMonoLogger.INFO: Cron ran at: 07-06-2026 03:45:50 AM [] []
[2026-06-07 03:46:18] SlimMonoLogger.INFO: Cron ran at: 07-06-2026 03:46:18 AM [] []
[2026-06-07 03:46:28] SlimMonoLogger.INFO: Cron ran at: 07-06-2026 03:46:28 AM [] []
[2026-06-07 03:46:39] SlimMonoLogger.INFO: Cron ran at: 07-06-2026 03:46:39 AM [] []
[2026-06-07 03:46:56] SlimMonoLogger.INFO: Cron ran at: 07-06-2026 03:46:56 AM [] []
[2026-06-07 03:47:03] SlimMonoLogger.ERROR: Requests_Exception: cURL error 28: Operation timed out after 500003 milliseconds with 15824 bytes received in /home/latihtal/public_html/agregator1/src/vendor/rmccue/requests/library/Requests/Transport/cURL.php:422
Stack trace:
#0 /home/latihtal/public_html/agregator1/src/vendor/rmccue/requests/library/Requests/Transport/cURL.php(177): Requests_Transport_cURL->process_response()
#1 /home/latihtal/public_html/agregator1/src/vendor/rmccue/requests/library/Requests.php(379): Requests_Transport_cURL->request()
#2 /home/latihtal/public_html/agregator1/src/vendor/rmccue/requests/library/Requests/Session.php(205): Requests::request()
#3 /home/latihtal/public_html/agregator1/src/vendor/rmccue/requests/library/Requests/Session.php(132): Requests_Session->request()
#4 /home/latihtal/public_html/agregator1/src/drivers/Http/RssImporter.php(144): Requests_Session->get()
#5 /home/latihtal/public_html/agregator1/src/controllers/Dashboard/DashboardFeedsController.php(534): spark\drivers\Http\RssImporter->fetchPosts()
#6 /home/latihtal/public_html/agregator1/src/controllers/Site/SiteController.php(722): spark\controllers\Dashboard\DashboardFeedsController::importFeedPosts()
#7 [internal function]: spark\controllers\Site\SiteController->runTasks()
#8 /home/latihtal/public_html/agregator1/src/framework/Route.php(173): call_user_func_array()
#9 [internal function]: Slim\Route->Slim\{closure}()
#10 /home/latihtal/public_html/agregator1/src/framework/Route.php(468): call_user_func_array()
#11 /home/latihtal/public_html/agregator1/src/framework/Slim.php(1364): Slim\Route->dispatch()
#12 /home/latihtal/public_html/agregator1/src/framework/Middleware/Flash.php(85): Slim\Slim->call()
#13 /home/latihtal/public_html/agregator1/src/framework/Middleware/MethodOverride.php(92): Slim\Middleware\Flash->call()
#14 /home/latihtal/public_html/agregator1/src/middlewares/CsrfGuard/CsrfGuard.php(47): Slim\Middleware\MethodOverride->call()
#15 /home/latihtal/public_html/agregator1/src/framework/Middleware/PrettyExceptions.php(67): spark\middlewares\CsrfGuard\CsrfGuard->call()
#16 /home/latihtal/public_html/agregator1/src/framework/Slim.php(1308): Slim\Middleware\PrettyExceptions->call()
#17 /home/latihtal/public_html/agregator1/index.php(6): Slim\Slim->run()
#18 {main} [] []
[2026-06-07 03:47:06] SlimMonoLogger.INFO: Cron ran at: 07-06-2026 03:47:06 AM [] []
[2026-06-07 03:47:07] SlimMonoLogger.INFO: Cron ran at: 07-06-2026 03:47:07 AM [] []
[2026-06-07 03:47:31] SlimMonoLogger.INFO: Cron ran at: 07-06-2026 03:47:31 AM [] []
[2026-06-07 03:47:38] SlimMonoLogger.INFO: Cron ran at: 07-06-2026 03:47:38 AM [] []
[2026-06-07 03:47:40] SlimMonoLogger.INFO: Cron ran at: 07-06-2026 03:47:40 AM [] []
[2026-06-07 03:47:44] SlimMonoLogger.INFO: Cron ran at: 07-06-2026 03:47:44 AM [] []
[2026-06-07 03:48:31] SlimMonoLogger.INFO: Cron ran at: 07-06-2026 03:48:31 AM [] []
[2026-06-07 03:48:31] SlimMonoLogger.INFO: Cron ran at: 07-06-2026 03:48:31 AM [] []
[2026-06-07 03:48:41] SlimMonoLogger.INFO: Cron ran at: 07-06-2026 03:48:41 AM [] []
[2026-06-07 03:49:04] SlimMonoLogger.INFO: Cron ran at: 07-06-2026 03:49:04 AM [] []
[2026-06-07 03:49:20] SlimMonoLogger.INFO: Cron ran at: 07-06-2026 03:49:20 AM [] []
[2026-06-07 03:49:41] SlimMonoLogger.INFO: Cron ran at: 07-06-2026 03:49:41 AM [] []
[2026-06-07 03:50:02] SlimMonoLogger.INFO: Cron ran at: 07-06-2026 03:50:02 AM [] []
[2026-06-07 03:50:13] SlimMonoLogger.INFO: Cron ran at: 07-06-2026 03:50:13 AM [] []
[2026-06-07 03:50:40] SlimMonoLogger.INFO: Cron ran at: 07-06-2026 03:50:40 AM [] []
[2026-06-07 03:50:52] SlimMonoLogger.INFO: Cron ran at: 07-06-2026 03:50:52 AM [] []
[2026-06-07 03:51:26] SlimMonoLogger.INFO: Cron ran at: 07-06-2026 03:51:26 AM [] []
[2026-06-07 03:51:27] SlimMonoLogger.INFO: Cron ran at: 07-06-2026 03:51:27 AM [] []
[2026-06-07 03:51:31] SlimMonoLogger.INFO: Cron ran at: 07-06-2026 03:51:31 AM [] []
[2026-06-07 03:52:03] SlimMonoLogger.INFO: Cron ran at: 07-06-2026 03:52:03 AM [] []
[2026-06-07 03:52:04] SlimMonoLogger.INFO: Cron ran at: 07-06-2026 03:52:04 AM [] []
[2026-06-07 03:52:05] SlimMonoLogger.INFO: Cron ran at: 07-06-2026 03:52:05 AM [] []
[2026-06-07 03:52:40] SlimMonoLogger.INFO: Cron ran at: 07-06-2026 03:52:40 AM [] []
[2026-06-07 03:52:41] SlimMonoLogger.INFO: Cron ran at: 07-06-2026 03:52:41 AM [] []
[2026-06-07 03:52:47] SlimMonoLogger.INFO: Cron ran at: 07-06-2026 03:52:47 AM [] []
[2026-06-07 03:53:04] SlimMonoLogger.INFO: Cron ran at: 07-06-2026 03:53:04 AM [] []
[2026-06-07 03:53:11] SlimMonoLogger.INFO: Cron ran at: 07-06-2026 03:53:11 AM [] []
[2026-06-07 03:53:12] SlimMonoLogger.INFO: Cron ran at: 07-06-2026 03:53:12 AM [] []
[2026-06-07 03:53:34] SlimMonoLogger.INFO: Cron ran at: 07-06-2026 03:53:34 AM [] []
[2026-06-07 03:53:46] SlimMonoLogger.INFO: Cron ran at: 07-06-2026 03:53:46 AM [] []
[2026-06-07 03:53:51] SlimMonoLogger.INFO: Cron ran at: 07-06-2026 03:53:51 AM [] []
[2026-06-07 03:54:05] SlimMonoLogger.INFO: Cron ran at: 07-06-2026 03:54:05 AM [] []
[2026-06-07 03:54:38] SlimMonoLogger.INFO: Cron ran at: 07-06-2026 03:54:38 AM [] []
[2026-06-07 03:54:41] SlimMonoLogger.INFO: Cron ran at: 07-06-2026 03:54:41 AM [] []
[2026-06-07 03:55:16] SlimMonoLogger.INFO: Cron ran at: 07-06-2026 03:55:16 AM [] []
[2026-06-07 03:55:23] SlimMonoLogger.INFO: Cron ran at: 07-06-2026 03:55:23 AM [] []
[2026-06-07 03:55:55] SlimMonoLogger.INFO: Cron ran at: 07-06-2026 03:55:55 AM [] []
[2026-06-07 03:55:55] SlimMonoLogger.INFO: Cron ran at: 07-06-2026 03:55:55 AM [] []
[2026-06-07 03:56:15] SlimMonoLogger.INFO: Cron ran at: 07-06-2026 03:56:15 AM [] []
[2026-06-07 03:56:33] SlimMonoLogger.INFO: Cron ran at: 07-06-2026 03:56:33 AM [] []
[2026-06-07 03:56:33] SlimMonoLogger.INFO: Cron ran at: 07-06-2026 03:56:33 AM [] []
[2026-06-07 03:56:46] SlimMonoLogger.INFO: Cron ran at: 07-06-2026 03:56:46 AM [] []
[2026-06-07 03:57:14] SlimMonoLogger.INFO: Cron ran at: 07-06-2026 03:57:14 AM [] []
[2026-06-07 03:57:15] SlimMonoLogger.INFO: Cron ran at: 07-06-2026 03:57:15 AM [] []
[2026-06-07 03:57:16] SlimMonoLogger.INFO: Cron ran at: 07-06-2026 03:57:16 AM [] []
[2026-06-07 03:57:51] SlimMonoLogger.INFO: Cron ran at: 07-06-2026 03:57:51 AM [] []
[2026-06-07 03:57:51] SlimMonoLogger.INFO: Cron ran at: 07-06-2026 03:57:51 AM [] []
[2026-06-07 03:57:54] SlimMonoLogger.INFO: Cron ran at: 07-06-2026 03:57:54 AM [] []
[2026-06-07 03:58:28] SlimMonoLogger.INFO: Cron ran at: 07-06-2026 03:58:28 AM [] []
[2026-06-07 03:58:32] SlimMonoLogger.INFO: Cron ran at: 07-06-2026 03:58:32 AM [] []
[2026-06-07 03:58:33] SlimMonoLogger.INFO: Cron ran at: 07-06-2026 03:58:33 AM [] []
[2026-06-07 03:58:59] SlimMonoLogger.INFO: Cron ran at: 07-06-2026 03:58:59 AM [] []
[2026-06-07 03:59:21] SlimMonoLogger.INFO: Cron ran at: 07-06-2026 03:59:21 AM [] []
[2026-06-07 03:59:35] SlimMonoLogger.INFO: Cron ran at: 07-06-2026 03:59:35 AM [] []
[2026-06-07 03:59:55] SlimMonoLogger.INFO: Cron ran at: 07-06-2026 03:59:55 AM [] []
[2026-06-07 04:00:11] SlimMonoLogger.INFO: Cron ran at: 07-06-2026 04:00:11 AM [] []
[2026-06-07 04:00:55] SlimMonoLogger.INFO: Cron ran at: 07-06-2026 04:00:55 AM [] []
[2026-06-07 04:00:59] SlimMonoLogger.INFO: Cron ran at: 07-06-2026 04:00:59 AM [] []
[2026-06-07 04:01:15] SlimMonoLogger.INFO: Cron ran at: 07-06-2026 04:01:15 AM [] []
[2026-06-07 04:01:16] SlimMonoLogger.INFO: Cron ran at: 07-06-2026 04:01:16 AM [] []
[2026-06-07 04:01:31] SlimMonoLogger.INFO: Cron ran at: 07-06-2026 04:01:31 AM [] []
[2026-06-07 04:01:45] SlimMonoLogger.INFO: Cron ran at: 07-06-2026 04:01:45 AM [] []
[2026-06-07 04:01:56] SlimMonoLogger.INFO: Cron ran at: 07-06-2026 04:01:56 AM [] []
[2026-06-07 04:02:13] SlimMonoLogger.INFO: Cron ran at: 07-06-2026 04:02:13 AM [] []
[2026-06-07 04:02:14] SlimMonoLogger.INFO: Cron ran at: 07-06-2026 04:02:14 AM [] []
[2026-06-07 04:02:41] SlimMonoLogger.INFO: Cron ran at: 07-06-2026 04:02:41 AM [] []
[2026-06-07 04:02:51] SlimMonoLogger.INFO: Cron ran at: 07-06-2026 04:02:51 AM [] []
[2026-06-07 04:02:51] SlimMonoLogger.INFO: Cron ran at: 07-06-2026 04:02:51 AM [] []
[2026-06-07 04:03:16] SlimMonoLogger.INFO: Cron ran at: 07-06-2026 04:03:16 AM [] []
[2026-06-07 04:03:22] SlimMonoLogger.INFO: Cron ran at: 07-06-2026 04:03:22 AM [] []
[2026-06-07 04:03:30] SlimMonoLogger.INFO: Cron ran at: 07-06-2026 04:03:30 AM [] []
[2026-06-07 04:03:47] SlimMonoLogger.INFO: Cron ran at: 07-06-2026 04:03:47 AM [] []
[2026-06-07 04:03:58] SlimMonoLogger.INFO: Cron ran at: 07-06-2026 04:03:58 AM [] []
[2026-06-07 04:04:27] SlimMonoLogger.INFO: Cron ran at: 07-06-2026 04:04:27 AM [] []
[2026-06-07 04:04:35] SlimMonoLogger.INFO: Cron ran at: 07-06-2026 04:04:35 AM [] []
[2026-06-07 04:05:08] SlimMonoLogger.INFO: Cron ran at: 07-06-2026 04:05:08 AM [] []
[2026-06-07 04:05:08] SlimMonoLogger.INFO: Cron ran at: 07-06-2026 04:05:08 AM [] []
[2026-06-07 04:05:48] SlimMonoLogger.INFO: Cron ran at: 07-06-2026 04:05:48 AM [] []
[2026-06-07 04:05:48] SlimMonoLogger.INFO: Cron ran at: 07-06-2026 04:05:48 AM [] []
[2026-06-07 04:06:22] SlimMonoLogger.INFO: Cron ran at: 07-06-2026 04:06:22 AM [] []
[2026-06-07 04:06:24] SlimMonoLogger.INFO: Cron ran at: 07-06-2026 04:06:24 AM [] []
[2026-06-07 04:06:26] SlimMonoLogger.INFO: Cron ran at: 07-06-2026 04:06:26 AM [] []
[2026-06-07 04:06:53] SlimMonoLogger.INFO: Cron ran at: 07-06-2026 04:06:53 AM [] []
[2026-06-07 04:07:06] SlimMonoLogger.INFO: Cron ran at: 07-06-2026 04:07:06 AM [] []
[2026-06-07 04:07:08] SlimMonoLogger.INFO: Cron ran at: 07-06-2026 04:07:08 AM [] []
[2026-06-07 04:07:26] SlimMonoLogger.INFO: Cron ran at: 07-06-2026 04:07:26 AM [] []
[2026-06-07 04:07:49] SlimMonoLogger.INFO: Cron ran at: 07-06-2026 04:07:49 AM [] []
[2026-06-07 04:07:50] SlimMonoLogger.INFO: Cron ran at: 07-06-2026 04:07:50 AM [] []
[2026-06-07 04:07:58] SlimMonoLogger.INFO: Cron ran at: 07-06-2026 04:07:58 AM [] []
[2026-06-07 04:08:27] SlimMonoLogger.INFO: Cron ran at: 07-06-2026 04:08:27 AM [] []
[2026-06-07 04:08:33] SlimMonoLogger.INFO: Cron ran at: 07-06-2026 04:08:33 AM [] []
[2026-06-07 04:09:08] SlimMonoLogger.INFO: Cron ran at: 07-06-2026 04:09:08 AM [] []
[2026-06-07 04:09:08] SlimMonoLogger.INFO: Cron ran at: 07-06-2026 04:09:08 AM [] []
[2026-06-07 04:09:47] SlimMonoLogger.INFO: Cron ran at: 07-06-2026 04:09:47 AM [] []
[2026-06-07 04:09:47] SlimMonoLogger.INFO: Cron ran at: 07-06-2026 04:09:47 AM [] []
[2026-06-07 04:10:26] SlimMonoLogger.INFO: Cron ran at: 07-06-2026 04:10:26 AM [] []
[2026-06-07 04:10:33] SlimMonoLogger.INFO: Cron ran at: 07-06-2026 04:10:33 AM [] []
[2026-06-07 04:11:05] SlimMonoLogger.INFO: Cron ran at: 07-06-2026 04:11:05 AM [] []
[2026-06-07 04:11:15] SlimMonoLogger.INFO: Cron ran at: 07-06-2026 04:11:15 AM [] []
[2026-06-07 04:11:45] SlimMonoLogger.INFO: Cron ran at: 07-06-2026 04:11:45 AM [] []
[2026-06-07 04:11:53] SlimMonoLogger.INFO: Cron ran at: 07-06-2026 04:11:53 AM [] []
[2026-06-07 04:12:02] SlimMonoLogger.INFO: Cron ran at: 07-06-2026 04:12:02 AM [] []
[2026-06-07 04:12:22] SlimMonoLogger.INFO: Cron ran at: 07-06-2026 04:12:22 AM [] []
[2026-06-07 04:12:33] SlimMonoLogger.INFO: Cron ran at: 07-06-2026 04:12:33 AM [] []
[2026-06-07 04:12:35] SlimMonoLogger.INFO: Cron ran at: 07-06-2026 04:12:35 AM [] []
[2026-06-07 04:12:57] SlimMonoLogger.INFO: Cron ran at: 07-06-2026 04:12:57 AM [] []
[2026-06-07 04:12:57] SlimMonoLogger.INFO: Cron ran at: 07-06-2026 04:12:57 AM [] []
[2026-06-07 04:13:07] SlimMonoLogger.INFO: Cron ran at: 07-06-2026 04:13:07 AM [] []
[2026-06-07 04:13:33] SlimMonoLogger.INFO: Cron ran at: 07-06-2026 04:13:33 AM [] []
[2026-06-07 04:13:34] SlimMonoLogger.INFO: Cron ran at: 07-06-2026 04:13:34 AM [] []
[2026-06-07 04:14:11] SlimMonoLogger.INFO: Cron ran at: 07-06-2026 04:14:11 AM [] []
[2026-06-07 04:14:17] SlimMonoLogger.INFO: Cron ran at: 07-06-2026 04:14:17 AM [] []
[2026-06-07 04:14:45] SlimMonoLogger.INFO: Cron ran at: 07-06-2026 04:14:45 AM [] []
[2026-06-07 04:15:01] SlimMonoLogger.INFO: Cron ran at: 07-06-2026 04:15:01 AM [] []
[2026-06-07 04:15:21] SlimMonoLogger.INFO: Cron ran at: 07-06-2026 04:15:21 AM [] []
[2026-06-07 04:15:38] SlimMonoLogger.INFO: Cron ran at: 07-06-2026 04:15:38 AM [] []
[2026-06-07 04:15:53] SlimMonoLogger.INFO: Cron ran at: 07-06-2026 04:15:53 AM [] []
[2026-06-07 04:16:19] SlimMonoLogger.INFO: Cron ran at: 07-06-2026 04:16:19 AM [] []
[2026-06-07 04:16:33] SlimMonoLogger.INFO: Cron ran at: 07-06-2026 04:16:33 AM [] []
[2026-06-07 04:16:40] SlimMonoLogger.INFO: Cron ran at: 07-06-2026 04:16:40 AM [] []
[2026-06-07 04:16:59] SlimMonoLogger.INFO: Cron ran at: 07-06-2026 04:16:59 AM [] []
[2026-06-07 04:16:59] SlimMonoLogger.INFO: Cron ran at: 07-06-2026 04:16:59 AM [] []
[2026-06-07 04:17:15] SlimMonoLogger.INFO: Cron ran at: 07-06-2026 04:17:15 AM [] []
[2026-06-07 04:17:33] SlimMonoLogger.INFO: Cron ran at: 07-06-2026 04:17:33 AM [] []
[2026-06-07 04:17:45] SlimMonoLogger.INFO: Cron ran at: 07-06-2026 04:17:45 AM [] []
[2026-06-07 04:17:59] SlimMonoLogger.INFO: Cron ran at: 07-06-2026 04:17:59 AM [] []
[2026-06-07 04:18:13] SlimMonoLogger.INFO: Cron ran at: 07-06-2026 04:18:13 AM [] []
[2026-06-07 04:18:25] SlimMonoLogger.INFO: Cron ran at: 07-06-2026 04:18:25 AM [] []
[2026-06-07 04:18:42] SlimMonoLogger.INFO: Cron ran at: 07-06-2026 04:18:42 AM [] []
[2026-06-07 04:18:45] SlimMonoLogger.INFO: Cron ran at: 07-06-2026 04:18:45 AM [] []
[2026-06-07 04:19:20] SlimMonoLogger.INFO: Cron ran at: 07-06-2026 04:19:20 AM [] []
[2026-06-07 04:19:21] SlimMonoLogger.INFO: Cron ran at: 07-06-2026 04:19:21 AM [] []
[2026-06-07 04:20:02] SlimMonoLogger.INFO: Cron ran at: 07-06-2026 04:20:02 AM [] []
[2026-06-07 04:20:02] SlimMonoLogger.INFO: Cron ran at: 07-06-2026 04:20:02 AM [] []
[2026-06-07 04:20:43] SlimMonoLogger.INFO: Cron ran at: 07-06-2026 04:20:43 AM [] []
[2026-06-07 04:20:46] SlimMonoLogger.INFO: Cron ran at: 07-06-2026 04:20:46 AM [] []
[2026-06-07 04:21:22] SlimMonoLogger.INFO: Cron ran at: 07-06-2026 04:21:22 AM [] []
[2026-06-07 04:21:23] SlimMonoLogger.INFO: Cron ran at: 07-06-2026 04:21:23 AM [] []
[2026-06-07 04:21:55] SlimMonoLogger.INFO: Cron ran at: 07-06-2026 04:21:55 AM [] []
[2026-06-07 04:21:56] SlimMonoLogger.INFO: Cron ran at: 07-06-2026 04:21:56 AM [] []
[2026-06-07 04:22:03] SlimMonoLogger.INFO: Cron ran at: 07-06-2026 04:22:03 AM [] []
[2026-06-07 04:22:27] SlimMonoLogger.INFO: Cron ran at: 07-06-2026 04:22:27 AM [] []
[2026-06-07 04:22:41] SlimMonoLogger.INFO: Cron ran at: 07-06-2026 04:22:41 AM [] []
[2026-06-07 04:22:44] SlimMonoLogger.INFO: Cron ran at: 07-06-2026 04:22:44 AM [] []
[2026-06-07 04:22:59] SlimMonoLogger.INFO: Cron ran at: 07-06-2026 04:22:59 AM [] []
[2026-06-07 04:23:18] SlimMonoLogger.INFO: Cron ran at: 07-06-2026 04:23:18 AM [] []
[2026-06-07 04:23:24] SlimMonoLogger.INFO: Cron ran at: 07-06-2026 04:23:24 AM [] []
[2026-06-07 04:23:29] SlimMonoLogger.INFO: Cron ran at: 07-06-2026 04:23:29 AM [] []
[2026-06-07 04:23:54] SlimMonoLogger.INFO: Cron ran at: 07-06-2026 04:23:54 AM [] []
[2026-06-07 04:24:04] SlimMonoLogger.INFO: Cron ran at: 07-06-2026 04:24:04 AM [] []
[2026-06-07 04:24:04] SlimMonoLogger.INFO: Cron ran at: 07-06-2026 04:24:04 AM [] []
[2026-06-07 04:24:43] SlimMonoLogger.INFO: Cron ran at: 07-06-2026 04:24:43 AM [] []
[2026-06-07 04:24:45] SlimMonoLogger.INFO: Cron ran at: 07-06-2026 04:24:45 AM [] []
[2026-06-07 04:25:18] SlimMonoLogger.INFO: Cron ran at: 07-06-2026 04:25:18 AM [] []
[2026-06-07 04:25:18] SlimMonoLogger.INFO: Cron ran at: 07-06-2026 04:25:18 AM [] []
[2026-06-07 04:25:58] SlimMonoLogger.INFO: Cron ran at: 07-06-2026 04:25:58 AM [] []
[2026-06-07 04:25:59] SlimMonoLogger.INFO: Cron ran at: 07-06-2026 04:25:59 AM [] []
[2026-06-07 04:26:36] SlimMonoLogger.INFO: Cron ran at: 07-06-2026 04:26:36 AM [] []
[2026-06-07 04:26:37] SlimMonoLogger.INFO: Cron ran at: 07-06-2026 04:26:37 AM [] []
[2026-06-07 04:26:38] SlimMonoLogger.INFO: Cron ran at: 07-06-2026 04:26:38 AM [] []
[2026-06-07 04:27:09] SlimMonoLogger.INFO: Cron ran at: 07-06-2026 04:27:09 AM [] []
[2026-06-07 04:27:10] SlimMonoLogger.INFO: Cron ran at: 07-06-2026 04:27:10 AM [] []
[2026-06-07 04:27:20] SlimMonoLogger.INFO: Cron ran at: 07-06-2026 04:27:20 AM [] []
[2026-06-07 04:27:41] SlimMonoLogger.INFO: Cron ran at: 07-06-2026 04:27:41 AM [] []
[2026-06-07 04:27:48] SlimMonoLogger.INFO: Cron ran at: 07-06-2026 04:27:48 AM [] []
[2026-06-07 04:28:04] SlimMonoLogger.INFO: Cron ran at: 07-06-2026 04:28:04 AM [] []
[2026-06-07 04:28:06] SlimMonoLogger.INFO: Cron ran at: 07-06-2026 04:28:06 AM [] []
[2026-06-07 04:28:22] SlimMonoLogger.INFO: Cron ran at: 07-06-2026 04:28:22 AM [] []
[2026-06-07 04:28:31] SlimMonoLogger.INFO: Cron ran at: 07-06-2026 04:28:31 AM [] []
[2026-06-07 04:28:44] SlimMonoLogger.INFO: Cron ran at: 07-06-2026 04:28:44 AM [] []
[2026-06-07 04:29:03] SlimMonoLogger.INFO: Cron ran at: 07-06-2026 04:29:03 AM [] []
[2026-06-07 04:29:16] SlimMonoLogger.INFO: Cron ran at: 07-06-2026 04:29:16 AM [] []
[2026-06-07 04:29:49] SlimMonoLogger.INFO: Cron ran at: 07-06-2026 04:29:49 AM [] []
[2026-06-07 04:29:56] SlimMonoLogger.INFO: Cron ran at: 07-06-2026 04:29:56 AM [] []
[2026-06-07 04:30:29] SlimMonoLogger.INFO: Cron ran at: 07-06-2026 04:30:29 AM [] []
[2026-06-07 04:30:35] SlimMonoLogger.INFO: Cron ran at: 07-06-2026 04:30:35 AM [] []
[2026-06-07 04:31:13] SlimMonoLogger.INFO: Cron ran at: 07-06-2026 04:31:13 AM [] []
[2026-06-07 04:31:14] SlimMonoLogger.INFO: Cron ran at: 07-06-2026 04:31:14 AM [] []
[2026-06-07 04:31:35] SlimMonoLogger.INFO: Cron ran at: 07-06-2026 04:31:35 AM [] []
[2026-06-07 04:31:47] SlimMonoLogger.INFO: Cron ran at: 07-06-2026 04:31:47 AM [] []
[2026-06-07 04:31:49] SlimMonoLogger.INFO: Cron ran at: 07-06-2026 04:31:49 AM [] []
[2026-06-07 04:32:08] SlimMonoLogger.INFO: Cron ran at: 07-06-2026 04:32:08 AM [] []
[2026-06-07 04:32:31] SlimMonoLogger.INFO: Cron ran at: 07-06-2026 04:32:31 AM [] []
[2026-06-07 04:32:33] SlimMonoLogger.INFO: Cron ran at: 07-06-2026 04:32:33 AM [] []
[2026-06-07 04:32:39] SlimMonoLogger.INFO: Cron ran at: 07-06-2026 04:32:39 AM [] []
[2026-06-07 04:33:04] SlimMonoLogger.INFO: Cron ran at: 07-06-2026 04:33:04 AM [] []
[2026-06-07 04:33:04] SlimMonoLogger.INFO: Cron ran at: 07-06-2026 04:33:04 AM [] []
[2026-06-07 04:33:07] SlimMonoLogger.INFO: Cron ran at: 07-06-2026 04:33:07 AM [] []
[2026-06-07 04:33:41] SlimMonoLogger.INFO: Cron ran at: 07-06-2026 04:33:41 AM [] []
[2026-06-07 04:33:42] SlimMonoLogger.INFO: Cron ran at: 07-06-2026 04:33:42 AM [] []
[2026-06-07 04:33:43] SlimMonoLogger.INFO: Cron ran at: 07-06-2026 04:33:43 AM [] []
[2026-06-07 04:34:16] SlimMonoLogger.INFO: Cron ran at: 07-06-2026 04:34:16 AM [] []
[2026-06-07 04:34:27] SlimMonoLogger.INFO: Cron ran at: 07-06-2026 04:34:27 AM [] []
[2026-06-07 04:34:52] SlimMonoLogger.INFO: Cron ran at: 07-06-2026 04:34:52 AM [] []
[2026-06-07 04:35:05] SlimMonoLogger.INFO: Cron ran at: 07-06-2026 04:35:05 AM [] []
[2026-06-07 04:35:30] SlimMonoLogger.INFO: Cron ran at: 07-06-2026 04:35:30 AM [] []
[2026-06-07 04:35:43] SlimMonoLogger.INFO: Cron ran at: 07-06-2026 04:35:43 AM [] []
[2026-06-07 04:36:09] SlimMonoLogger.INFO: Cron ran at: 07-06-2026 04:36:09 AM [] []
[2026-06-07 04:36:28] SlimMonoLogger.INFO: Cron ran at: 07-06-2026 04:36:28 AM [] []
[2026-06-07 04:36:40] SlimMonoLogger.INFO: Cron ran at: 07-06-2026 04:36:40 AM [] []
[2026-06-07 04:36:41] SlimMonoLogger.INFO: Cron ran at: 07-06-2026 04:36:41 AM [] []
[2026-06-07 04:37:01] SlimMonoLogger.INFO: Cron ran at: 07-06-2026 04:37:01 AM [] []
[2026-06-07 04:37:18] SlimMonoLogger.INFO: Cron ran at: 07-06-2026 04:37:18 AM [] []
[2026-06-07 04:37:27] SlimMonoLogger.INFO: Cron ran at: 07-06-2026 04:37:27 AM [] []
[2026-06-07 04:37:28] SlimMonoLogger.INFO: Cron ran at: 07-06-2026 04:37:28 AM [] []
[2026-06-07 04:38:00] SlimMonoLogger.INFO: Cron ran at: 07-06-2026 04:38:00 AM [] []
[2026-06-07 04:38:00] SlimMonoLogger.INFO: Cron ran at: 07-06-2026 04:38:00 AM [] []
[2026-06-07 04:38:04] SlimMonoLogger.INFO: Cron ran at: 07-06-2026 04:38:04 AM [] []
[2026-06-07 04:38:37] SlimMonoLogger.INFO: Cron ran at: 07-06-2026 04:38:37 AM [] []
[2026-06-07 04:38:47] SlimMonoLogger.INFO: Cron ran at: 07-06-2026 04:38:47 AM [] []
[2026-06-07 04:39:16] SlimMonoLogger.INFO: Cron ran at: 07-06-2026 04:39:16 AM [] []
[2026-06-07 04:39:28] SlimMonoLogger.INFO: Cron ran at: 07-06-2026 04:39:28 AM [] []
[2026-06-07 04:39:46] SlimMonoLogger.INFO: Cron ran at: 07-06-2026 04:39:46 AM [] []
[2026-06-07 04:40:08] SlimMonoLogger.INFO: Cron ran at: 07-06-2026 04:40:08 AM [] []
[2026-06-07 04:40:21] SlimMonoLogger.INFO: Cron ran at: 07-06-2026 04:40:21 AM [] []
[2026-06-07 04:40:46] SlimMonoLogger.INFO: Cron ran at: 07-06-2026 04:40:46 AM [] []
[2026-06-07 04:40:57] SlimMonoLogger.INFO: Cron ran at: 07-06-2026 04:40:57 AM [] []
[2026-06-07 04:41:27] SlimMonoLogger.INFO: Cron ran at: 07-06-2026 04:41:27 AM [] []
[2026-06-07 04:41:35] SlimMonoLogger.INFO: Cron ran at: 07-06-2026 04:41:35 AM [] []
[2026-06-07 04:41:36] SlimMonoLogger.INFO: Cron ran at: 07-06-2026 04:41:36 AM [] []
[2026-06-07 04:42:07] SlimMonoLogger.INFO: Cron ran at: 07-06-2026 04:42:07 AM [] []
[2026-06-07 04:42:07] SlimMonoLogger.INFO: Cron ran at: 07-06-2026 04:42:07 AM [] []
[2026-06-07 04:42:14] SlimMonoLogger.INFO: Cron ran at: 07-06-2026 04:42:14 AM [] []
[2026-06-07 04:42:42] SlimMonoLogger.INFO: Cron ran at: 07-06-2026 04:42:42 AM [] []
[2026-06-07 04:42:42] SlimMonoLogger.INFO: Cron ran at: 07-06-2026 04:42:42 AM [] []
[2026-06-07 04:42:53] SlimMonoLogger.INFO: Cron ran at: 07-06-2026 04:42:53 AM [] []
[2026-06-07 04:43:09] SlimMonoLogger.INFO: Cron ran at: 07-06-2026 04:43:09 AM [] []
[2026-06-07 04:43:22] SlimMonoLogger.INFO: Cron ran at: 07-06-2026 04:43:22 AM [] []
[2026-06-07 04:43:34] SlimMonoLogger.INFO: Cron ran at: 07-06-2026 04:43:34 AM [] []
[2026-06-07 04:43:41] SlimMonoLogger.INFO: Cron ran at: 07-06-2026 04:43:41 AM [] []
[2026-06-07 04:44:14] SlimMonoLogger.INFO: Cron ran at: 07-06-2026 04:44:14 AM [] []
[2026-06-07 04:44:15] SlimMonoLogger.INFO: Cron ran at: 07-06-2026 04:44:15 AM [] []
[2026-06-07 04:44:54] SlimMonoLogger.INFO: Cron ran at: 07-06-2026 04:44:54 AM [] []
[2026-06-07 04:44:55] SlimMonoLogger.INFO: Cron ran at: 07-06-2026 04:44:55 AM [] []
[2026-06-07 04:45:34] SlimMonoLogger.INFO: Cron ran at: 07-06-2026 04:45:34 AM [] []
[2026-06-07 04:45:35] SlimMonoLogger.INFO: Cron ran at: 07-06-2026 04:45:35 AM [] []
[2026-06-07 04:46:11] SlimMonoLogger.INFO: Cron ran at: 07-06-2026 04:46:11 AM [] []
[2026-06-07 04:46:13] SlimMonoLogger.INFO: Cron ran at: 07-06-2026 04:46:13 AM [] []
[2026-06-07 04:46:14] SlimMonoLogger.INFO: Cron ran at: 07-06-2026 04:46:14 AM [] []
[2026-06-07 04:46:41] SlimMonoLogger.INFO: Cron ran at: 07-06-2026 04:46:41 AM [] []
[2026-06-07 04:46:42] SlimMonoLogger.INFO: Cron ran at: 07-06-2026 04:46:42 AM [] []
[2026-06-07 04:46:50] SlimMonoLogger.INFO: Cron ran at: 07-06-2026 04:46:50 AM [] []
[2026-06-07 04:47:13] SlimMonoLogger.INFO: Cron ran at: 07-06-2026 04:47:13 AM [] []
[2026-06-07 04:47:29] SlimMonoLogger.INFO: Cron ran at: 07-06-2026 04:47:29 AM [] []
[2026-06-07 04:47:36] SlimMonoLogger.INFO: Cron ran at: 07-06-2026 04:47:36 AM [] []
[2026-06-07 04:47:48] SlimMonoLogger.INFO: Cron ran at: 07-06-2026 04:47:48 AM [] []
[2026-06-07 04:48:15] SlimMonoLogger.INFO: Cron ran at: 07-06-2026 04:48:15 AM [] []
[2026-06-07 04:48:18] SlimMonoLogger.INFO: Cron ran at: 07-06-2026 04:48:18 AM [] []
[2026-06-07 04:48:23] SlimMonoLogger.INFO: Cron ran at: 07-06-2026 04:48:23 AM [] []
[2026-06-07 04:48:52] SlimMonoLogger.INFO: Cron ran at: 07-06-2026 04:48:52 AM [] []
[2026-06-07 04:48:57] SlimMonoLogger.INFO: Cron ran at: 07-06-2026 04:48:57 AM [] []
[2026-06-07 04:48:59] SlimMonoLogger.INFO: Cron ran at: 07-06-2026 04:48:59 AM [] []
[2026-06-07 04:49:32] SlimMonoLogger.INFO: Cron ran at: 07-06-2026 04:49:32 AM [] []
[2026-06-07 04:49:33] SlimMonoLogger.INFO: Cron ran at: 07-06-2026 04:49:33 AM [] []
[2026-06-07 04:50:11] SlimMonoLogger.INFO: Cron ran at: 07-06-2026 04:50:11 AM [] []
[2026-06-07 04:50:11] SlimMonoLogger.INFO: Cron ran at: 07-06-2026 04:50:11 AM [] []
[2026-06-07 04:50:48] SlimMonoLogger.INFO: Cron ran at: 07-06-2026 04:50:48 AM [] []
[2026-06-07 04:50:49] SlimMonoLogger.INFO: Cron ran at: 07-06-2026 04:50:49 AM [] []
[2026-06-07 04:51:28] SlimMonoLogger.INFO: Cron ran at: 07-06-2026 04:51:28 AM [] []
[2026-06-07 04:51:28] SlimMonoLogger.INFO: Cron ran at: 07-06-2026 04:51:28 AM [] []
[2026-06-07 04:51:38] SlimMonoLogger.INFO: Cron ran at: 07-06-2026 04:51:38 AM [] []
[2026-06-07 04:52:04] SlimMonoLogger.INFO: Cron ran at: 07-06-2026 04:52:04 AM [] []
[2026-06-07 04:52:05] SlimMonoLogger.INFO: Cron ran at: 07-06-2026 04:52:05 AM [] []
[2026-06-07 04:52:12] SlimMonoLogger.INFO: Cron ran at: 07-06-2026 04:52:12 AM [] []
[2026-06-07 04:52:41] SlimMonoLogger.INFO: Cron ran at: 07-06-2026 04:52:41 AM [] []
[2026-06-07 04:52:42] SlimMonoLogger.INFO: Cron ran at: 07-06-2026 04:52:42 AM [] []
[2026-06-07 04:52:44] SlimMonoLogger.INFO: Cron ran at: 07-06-2026 04:52:44 AM [] []
[2026-06-07 04:53:11] SlimMonoLogger.INFO: Cron ran at: 07-06-2026 04:53:11 AM [] []
[2026-06-07 04:53:24] SlimMonoLogger.INFO: Cron ran at: 07-06-2026 04:53:24 AM [] []
[2026-06-07 04:53:25] SlimMonoLogger.INFO: Cron ran at: 07-06-2026 04:53:25 AM [] []
[2026-06-07 04:53:45] SlimMonoLogger.INFO: Cron ran at: 07-06-2026 04:53:45 AM [] []
[2026-06-07 04:54:04] SlimMonoLogger.INFO: Cron ran at: 07-06-2026 04:54:04 AM [] []
[2026-06-07 04:54:21] SlimMonoLogger.INFO: Cron ran at: 07-06-2026 04:54:21 AM [] []
[2026-06-07 04:54:46] SlimMonoLogger.INFO: Cron ran at: 07-06-2026 04:54:46 AM [] []
[2026-06-07 04:54:55] SlimMonoLogger.INFO: Cron ran at: 07-06-2026 04:54:55 AM [] []
[2026-06-07 04:55:26] SlimMonoLogger.INFO: Cron ran at: 07-06-2026 04:55:26 AM [] []
[2026-06-07 04:55:37] SlimMonoLogger.INFO: Cron ran at: 07-06-2026 04:55:37 AM [] []
[2026-06-07 04:56:17] SlimMonoLogger.INFO: Cron ran at: 07-06-2026 04:56:17 AM [] []
[2026-06-07 04:56:18] SlimMonoLogger.INFO: Cron ran at: 07-06-2026 04:56:18 AM [] []
[2026-06-07 04:56:22] SlimMonoLogger.INFO: Cron ran at: 07-06-2026 04:56:22 AM [] []
[2026-06-07 04:56:50] SlimMonoLogger.INFO: Cron ran at: 07-06-2026 04:56:50 AM [] []
[2026-06-07 04:56:51] SlimMonoLogger.INFO: Cron ran at: 07-06-2026 04:56:51 AM [] []
[2026-06-07 04:56:52] SlimMonoLogger.INFO: Cron ran at: 07-06-2026 04:56:52 AM [] []
[2026-06-07 04:57:27] SlimMonoLogger.INFO: Cron ran at: 07-06-2026 04:57:27 AM [] []
[2026-06-07 04:57:27] SlimMonoLogger.INFO: Cron ran at: 07-06-2026 04:57:27 AM [] []
[2026-06-07 04:57:50] SlimMonoLogger.INFO: Cron ran at: 07-06-2026 04:57:50 AM [] []
[2026-06-07 04:57:52] SlimMonoLogger.INFO: Cron ran at: 07-06-2026 04:57:52 AM [] []
[2026-06-07 04:58:04] SlimMonoLogger.INFO: Cron ran at: 07-06-2026 04:58:04 AM [] []
[2026-06-07 04:58:26] SlimMonoLogger.INFO: Cron ran at: 07-06-2026 04:58:26 AM [] []
[2026-06-07 04:58:27] SlimMonoLogger.INFO: Cron ran at: 07-06-2026 04:58:27 AM [] []
[2026-06-07 04:59:04] SlimMonoLogger.INFO: Cron ran at: 07-06-2026 04:59:04 AM [] []
[2026-06-07 04:59:06] SlimMonoLogger.INFO: Cron ran at: 07-06-2026 04:59:06 AM [] []
[2026-06-07 04:59:18] SlimMonoLogger.INFO: Cron ran at: 07-06-2026 04:59:18 AM [] []
[2026-06-07 04:59:37] SlimMonoLogger.INFO: Cron ran at: 07-06-2026 04:59:37 AM [] []
[2026-06-07 05:00:22] SlimMonoLogger.INFO: Cron ran at: 07-06-2026 05:00:22 AM [] []
[2026-06-07 05:00:25] SlimMonoLogger.INFO: Cron ran at: 07-06-2026 05:00:25 AM [] []
[2026-06-07 05:00:53] SlimMonoLogger.INFO: Cron ran at: 07-06-2026 05:00:53 AM [] []
[2026-06-07 05:01:10] SlimMonoLogger.INFO: Cron ran at: 07-06-2026 05:01:10 AM [] []
[2026-06-07 05:01:25] SlimMonoLogger.INFO: Cron ran at: 07-06-2026 05:01:25 AM [] []
[2026-06-07 05:01:40] SlimMonoLogger.INFO: Cron ran at: 07-06-2026 05:01:40 AM [] []
[2026-06-07 05:01:56] SlimMonoLogger.INFO: Cron ran at: 07-06-2026 05:01:56 AM [] []
[2026-06-07 05:02:05] SlimMonoLogger.INFO: Cron ran at: 07-06-2026 05:02:05 AM [] []
[2026-06-07 05:02:22] SlimMonoLogger.INFO: Cron ran at: 07-06-2026 05:02:22 AM [] []
[2026-06-07 05:02:24] SlimMonoLogger.INFO: Cron ran at: 07-06-2026 05:02:24 AM [] []
[2026-06-07 05:02:42] SlimMonoLogger.INFO: Cron ran at: 07-06-2026 05:02:42 AM [] []
[2026-06-07 05:02:55] SlimMonoLogger.INFO: Cron ran at: 07-06-2026 05:02:55 AM [] []
[2026-06-07 05:03:06] SlimMonoLogger.INFO: Cron ran at: 07-06-2026 05:03:06 AM [] []
[2026-06-07 05:03:21] SlimMonoLogger.INFO: Cron ran at: 07-06-2026 05:03:21 AM [] []
[2026-06-07 05:03:27] SlimMonoLogger.INFO: Cron ran at: 07-06-2026 05:03:27 AM [] []
[2026-06-07 05:03:45] SlimMonoLogger.INFO: Cron ran at: 07-06-2026 05:03:45 AM [] []
[2026-06-07 05:04:04] SlimMonoLogger.INFO: Cron ran at: 07-06-2026 05:04:04 AM [] []
[2026-06-07 05:04:25] SlimMonoLogger.INFO: Cron ran at: 07-06-2026 05:04:25 AM [] []
[2026-06-07 05:04:36] SlimMonoLogger.INFO: Cron ran at: 07-06-2026 05:04:36 AM [] []
[2026-06-07 05:05:07] SlimMonoLogger.INFO: Cron ran at: 07-06-2026 05:05:07 AM [] []
[2026-06-07 05:05:08] SlimMonoLogger.INFO: Cron ran at: 07-06-2026 05:05:08 AM [] []
[2026-06-07 05:05:47] SlimMonoLogger.INFO: Cron ran at: 07-06-2026 05:05:47 AM [] []
[2026-06-07 05:05:49] SlimMonoLogger.INFO: Cron ran at: 07-06-2026 05:05:49 AM [] []
[2026-06-07 05:06:29] SlimMonoLogger.INFO: Cron ran at: 07-06-2026 05:06:29 AM [] []
[2026-06-07 05:06:29] SlimMonoLogger.INFO: Cron ran at: 07-06-2026 05:06:29 AM [] []
[2026-06-07 05:06:29] SlimMonoLogger.INFO: Cron ran at: 07-06-2026 05:06:29 AM [] []
[2026-06-07 05:06:57] SlimMonoLogger.INFO: Cron ran at: 07-06-2026 05:06:57 AM [] []
[2026-06-07 05:07:03] SlimMonoLogger.INFO: Cron ran at: 07-06-2026 05:07:03 AM [] []
[2026-06-07 05:07:03] SlimMonoLogger.INFO: Cron ran at: 07-06-2026 05:07:03 AM [] []
[2026-06-07 05:07:28] SlimMonoLogger.INFO: Cron ran at: 07-06-2026 05:07:28 AM [] []
[2026-06-07 05:07:42] SlimMonoLogger.INFO: Cron ran at: 07-06-2026 05:07:42 AM [] []
[2026-06-07 05:07:43] SlimMonoLogger.INFO: Cron ran at: 07-06-2026 05:07:43 AM [] []
[2026-06-07 05:08:01] SlimMonoLogger.INFO: Cron ran at: 07-06-2026 05:08:01 AM [] []
[2026-06-07 05:08:25] SlimMonoLogger.INFO: Cron ran at: 07-06-2026 05:08:25 AM [] []
[2026-06-07 05:08:25] SlimMonoLogger.INFO: Cron ran at: 07-06-2026 05:08:25 AM [] []
[2026-06-07 05:08:33] SlimMonoLogger.INFO: Cron ran at: 07-06-2026 05:08:33 AM [] []
[2026-06-07 05:09:08] SlimMonoLogger.INFO: Cron ran at: 07-06-2026 05:09:08 AM [] []
[2026-06-07 05:09:09] SlimMonoLogger.INFO: Cron ran at: 07-06-2026 05:09:09 AM [] []
[2026-06-07 05:09:49] SlimMonoLogger.INFO: Cron ran at: 07-06-2026 05:09:49 AM [] []
[2026-06-07 05:09:50] SlimMonoLogger.INFO: Cron ran at: 07-06-2026 05:09:50 AM [] []
[2026-06-07 05:10:27] SlimMonoLogger.INFO: Cron ran at: 07-06-2026 05:10:27 AM [] []
[2026-06-07 05:10:28] SlimMonoLogger.INFO: Cron ran at: 07-06-2026 05:10:28 AM [] []
[2026-06-07 05:11:07] SlimMonoLogger.INFO: Cron ran at: 07-06-2026 05:11:07 AM [] []
[2026-06-07 05:11:07] SlimMonoLogger.INFO: Cron ran at: 07-06-2026 05:11:07 AM [] []
[2026-06-07 05:11:43] SlimMonoLogger.INFO: Cron ran at: 07-06-2026 05:11:43 AM [] []
[2026-06-07 05:11:47] SlimMonoLogger.INFO: Cron ran at: 07-06-2026 05:11:47 AM [] []
[2026-06-07 05:11:48] SlimMonoLogger.INFO: Cron ran at: 07-06-2026 05:11:48 AM [] []
[2026-06-07 05:12:22] SlimMonoLogger.INFO: Cron ran at: 07-06-2026 05:12:22 AM [] []
[2026-06-07 05:12:22] SlimMonoLogger.INFO: Cron ran at: 07-06-2026 05:12:22 AM [] []
[2026-06-07 05:12:30] SlimMonoLogger.INFO: Cron ran at: 07-06-2026 05:12:30 AM [] []
[2026-06-07 05:12:50] SlimMonoLogger.INFO: Cron ran at: 07-06-2026 05:12:50 AM [] []
[2026-06-07 05:13:00] SlimMonoLogger.INFO: Cron ran at: 07-06-2026 05:13:00 AM [] []
[2026-06-07 05:13:07] SlimMonoLogger.INFO: Cron ran at: 07-06-2026 05:13:07 AM [] []
[2026-06-07 05:13:23] SlimMonoLogger.INFO: Cron ran at: 07-06-2026 05:13:23 AM [] []
[2026-06-07 05:13:41] SlimMonoLogger.INFO: Cron ran at: 07-06-2026 05:13:41 AM [] []
[2026-06-07 05:13:57] SlimMonoLogger.INFO: Cron ran at: 07-06-2026 05:13:57 AM [] []
[2026-06-07 05:14:00] SlimMonoLogger.INFO: Cron ran at: 07-06-2026 05:14:00 AM [] []
[2026-06-07 05:14:22] SlimMonoLogger.INFO: Cron ran at: 07-06-2026 05:14:22 AM [] []
[2026-06-07 05:14:35] SlimMonoLogger.INFO: Cron ran at: 07-06-2026 05:14:35 AM [] []
[2026-06-07 05:15:09] SlimMonoLogger.INFO: Cron ran at: 07-06-2026 05:15:09 AM [] []
[2026-06-07 05:15:12] SlimMonoLogger.INFO: Cron ran at: 07-06-2026 05:15:12 AM [] []
[2026-06-07 05:15:40] SlimMonoLogger.INFO: Cron ran at: 07-06-2026 05:15:40 AM [] []
[2026-06-07 05:15:46] SlimMonoLogger.INFO: Cron ran at: 07-06-2026 05:15:46 AM [] []
[2026-06-07 05:16:12] SlimMonoLogger.INFO: Cron ran at: 07-06-2026 05:16:12 AM [] []
[2026-06-07 05:16:23] SlimMonoLogger.INFO: Cron ran at: 07-06-2026 05:16:23 AM [] []
[2026-06-07 05:16:23] SlimMonoLogger.INFO: Cron ran at: 07-06-2026 05:16:23 AM [] []
[2026-06-07 05:16:45] SlimMonoLogger.INFO: Cron ran at: 07-06-2026 05:16:45 AM [] []
[2026-06-07 05:17:02] SlimMonoLogger.INFO: Cron ran at: 07-06-2026 05:17:02 AM [] []
[2026-06-07 05:17:02] SlimMonoLogger.INFO: Cron ran at: 07-06-2026 05:17:02 AM [] []
[2026-06-07 05:17:15] SlimMonoLogger.INFO: Cron ran at: 07-06-2026 05:17:15 AM [] []
[2026-06-07 05:17:42] SlimMonoLogger.INFO: Cron ran at: 07-06-2026 05:17:42 AM [] []
[2026-06-07 05:17:43] SlimMonoLogger.INFO: Cron ran at: 07-06-2026 05:17:43 AM [] []
[2026-06-07 05:17:45] SlimMonoLogger.INFO: Cron ran at: 07-06-2026 05:17:45 AM [] []
[2026-06-07 05:18:22] SlimMonoLogger.INFO: Cron ran at: 07-06-2026 05:18:22 AM [] []
[2026-06-07 05:18:23] SlimMonoLogger.INFO: Cron ran at: 07-06-2026 05:18:23 AM [] []
[2026-06-07 05:18:23] SlimMonoLogger.INFO: Cron ran at: 07-06-2026 05:18:23 AM [] []
[2026-06-07 05:18:59] SlimMonoLogger.INFO: Cron ran at: 07-06-2026 05:18:59 AM [] []
[2026-06-07 05:19:01] SlimMonoLogger.INFO: Cron ran at: 07-06-2026 05:19:01 AM [] []
[2026-06-07 05:19:35] SlimMonoLogger.INFO: Cron ran at: 07-06-2026 05:19:35 AM [] []
[2026-06-07 05:19:45] SlimMonoLogger.INFO: Cron ran at: 07-06-2026 05:19:45 AM [] []
[2026-06-07 05:20:14] SlimMonoLogger.INFO: Cron ran at: 07-06-2026 05:20:14 AM [] []
[2026-06-07 05:20:26] SlimMonoLogger.INFO: Cron ran at: 07-06-2026 05:20:26 AM [] []
[2026-06-07 05:20:53] SlimMonoLogger.INFO: Cron ran at: 07-06-2026 05:20:53 AM [] []
[2026-06-07 05:21:04] SlimMonoLogger.INFO: Cron ran at: 07-06-2026 05:21:04 AM [] []
[2026-06-07 05:21:18] SlimMonoLogger.INFO: Cron ran at: 07-06-2026 05:21:18 AM [] []
[2026-06-07 05:21:27] SlimMonoLogger.INFO: Cron ran at: 07-06-2026 05:21:27 AM [] []
[2026-06-07 05:21:30] SlimMonoLogger.INFO: Cron ran at: 07-06-2026 05:21:30 AM [] []
[2026-06-07 05:21:44] SlimMonoLogger.INFO: Cron ran at: 07-06-2026 05:21:44 AM [] []
[2026-06-07 05:22:07] SlimMonoLogger.INFO: Cron ran at: 07-06-2026 05:22:07 AM [] []
[2026-06-07 05:22:09] SlimMonoLogger.INFO: Cron ran at: 07-06-2026 05:22:09 AM [] []
[2026-06-07 05:22:23] SlimMonoLogger.INFO: Cron ran at: 07-06-2026 05:22:23 AM [] []
[2026-06-07 05:22:38] SlimMonoLogger.INFO: Cron ran at: 07-06-2026 05:22:38 AM [] []
[2026-06-07 05:22:49] SlimMonoLogger.INFO: Cron ran at: 07-06-2026 05:22:49 AM [] []
[2026-06-07 05:23:06] SlimMonoLogger.INFO: Cron ran at: 07-06-2026 05:23:06 AM [] []
[2026-06-07 05:23:08] SlimMonoLogger.INFO: Cron ran at: 07-06-2026 05:23:08 AM [] []
[2026-06-07 05:23:31] SlimMonoLogger.INFO: Cron ran at: 07-06-2026 05:23:31 AM [] []
[2026-06-07 05:23:45] SlimMonoLogger.INFO: Cron ran at: 07-06-2026 05:23:45 AM [] []
[2026-06-07 05:23:48] SlimMonoLogger.INFO: Cron ran at: 07-06-2026 05:23:48 AM [] []
[2026-06-07 05:24:13] SlimMonoLogger.INFO: Cron ran at: 07-06-2026 05:24:13 AM [] []
[2026-06-07 05:24:22] SlimMonoLogger.INFO: Cron ran at: 07-06-2026 05:24:22 AM [] []
[2026-06-07 05:24:48] SlimMonoLogger.INFO: Cron ran at: 07-06-2026 05:24:48 AM [] []
[2026-06-07 05:24:58] SlimMonoLogger.INFO: Cron ran at: 07-06-2026 05:24:58 AM [] []
[2026-06-07 05:25:29] SlimMonoLogger.INFO: Cron ran at: 07-06-2026 05:25:29 AM [] []
[2026-06-07 05:25:38] SlimMonoLogger.INFO: Cron ran at: 07-06-2026 05:25:38 AM [] []
[2026-06-07 05:26:14] SlimMonoLogger.INFO: Cron ran at: 07-06-2026 05:26:14 AM [] []
[2026-06-07 05:26:15] SlimMonoLogger.INFO: Cron ran at: 07-06-2026 05:26:15 AM [] []
[2026-06-07 05:26:48] SlimMonoLogger.INFO: Cron ran at: 07-06-2026 05:26:48 AM [] []
[2026-06-07 05:26:48] SlimMonoLogger.INFO: Cron ran at: 07-06-2026 05:26:48 AM [] []
[2026-06-07 05:26:49] SlimMonoLogger.INFO: Cron ran at: 07-06-2026 05:26:49 AM [] []
[2026-06-07 05:27:25] SlimMonoLogger.INFO: Cron ran at: 07-06-2026 05:27:25 AM [] []
[2026-06-07 05:27:25] SlimMonoLogger.INFO: Cron ran at: 07-06-2026 05:27:25 AM [] []
[2026-06-07 05:27:34] SlimMonoLogger.INFO: Cron ran at: 07-06-2026 05:27:34 AM [] []
[2026-06-07 05:27:55] SlimMonoLogger.INFO: Cron ran at: 07-06-2026 05:27:55 AM [] []
[2026-06-07 05:28:06] SlimMonoLogger.INFO: Cron ran at: 07-06-2026 05:28:06 AM [] []
[2026-06-07 05:28:11] SlimMonoLogger.INFO: Cron ran at: 07-06-2026 05:28:11 AM [] []
[2026-06-07 05:28:27] SlimMonoLogger.INFO: Cron ran at: 07-06-2026 05:28:27 AM [] []
[2026-06-07 05:28:56] SlimMonoLogger.INFO: Cron ran at: 07-06-2026 05:28:56 AM [] []
[2026-06-07 05:29:01] SlimMonoLogger.INFO: Cron ran at: 07-06-2026 05:29:01 AM [] []
[2026-06-07 05:29:36] SlimMonoLogger.INFO: Cron ran at: 07-06-2026 05:29:36 AM [] []
[2026-06-07 05:29:36] SlimMonoLogger.INFO: Cron ran at: 07-06-2026 05:29:36 AM [] []
[2026-06-07 05:30:15] SlimMonoLogger.INFO: Cron ran at: 07-06-2026 05:30:15 AM [] []
[2026-06-07 05:30:19] SlimMonoLogger.INFO: Cron ran at: 07-06-2026 05:30:19 AM [] []
[2026-06-07 05:30:54] SlimMonoLogger.INFO: Cron ran at: 07-06-2026 05:30:54 AM [] []
[2026-06-07 05:30:54] SlimMonoLogger.INFO: Cron ran at: 07-06-2026 05:30:54 AM [] []
[2026-06-07 05:31:29] SlimMonoLogger.INFO: Cron ran at: 07-06-2026 05:31:29 AM [] []
[2026-06-07 05:31:29] SlimMonoLogger.INFO: Cron ran at: 07-06-2026 05:31:29 AM [] []
[2026-06-07 05:31:33] SlimMonoLogger.INFO: Cron ran at: 07-06-2026 05:31:33 AM [] []
[2026-06-07 05:31:57] SlimMonoLogger.INFO: Cron ran at: 07-06-2026 05:31:57 AM [] []
[2026-06-07 05:32:10] SlimMonoLogger.INFO: Cron ran at: 07-06-2026 05:32:10 AM [] []
[2026-06-07 05:32:14] SlimMonoLogger.INFO: Cron ran at: 07-06-2026 05:32:14 AM [] []
[2026-06-07 05:32:14] SlimMonoLogger.INFO: Cron ran at: 07-06-2026 05:32:14 AM [] []
[2026-06-07 05:32:51] SlimMonoLogger.INFO: Cron ran at: 07-06-2026 05:32:51 AM [] []
[2026-06-07 05:32:51] SlimMonoLogger.INFO: Cron ran at: 07-06-2026 05:32:51 AM [] []
[2026-06-07 05:32:53] SlimMonoLogger.INFO: Cron ran at: 07-06-2026 05:32:53 AM [] []
[2026-06-07 05:33:23] SlimMonoLogger.INFO: Cron ran at: 07-06-2026 05:33:23 AM [] []
[2026-06-07 05:33:24] SlimMonoLogger.INFO: Cron ran at: 07-06-2026 05:33:24 AM [] []
[2026-06-07 05:34:02] SlimMonoLogger.INFO: Cron ran at: 07-06-2026 05:34:02 AM [] []
[2026-06-07 05:34:06] SlimMonoLogger.INFO: Cron ran at: 07-06-2026 05:34:06 AM [] []
[2026-06-07 05:34:34] SlimMonoLogger.INFO: Cron ran at: 07-06-2026 05:34:34 AM [] []
[2026-06-07 05:34:49] SlimMonoLogger.INFO: Cron ran at: 07-06-2026 05:34:49 AM [] []
[2026-06-07 05:35:15] SlimMonoLogger.INFO: Cron ran at: 07-06-2026 05:35:15 AM [] []
[2026-06-07 05:35:40] SlimMonoLogger.INFO: Cron ran at: 07-06-2026 05:35:40 AM [] []
[2026-06-07 05:35:53] SlimMonoLogger.INFO: Cron ran at: 07-06-2026 05:35:53 AM [] []
[2026-06-07 05:36:12] SlimMonoLogger.INFO: Cron ran at: 07-06-2026 05:36:12 AM [] []
[2026-06-07 05:36:14] SlimMonoLogger.INFO: Cron ran at: 07-06-2026 05:36:14 AM [] []
[2026-06-07 05:36:36] SlimMonoLogger.INFO: Cron ran at: 07-06-2026 05:36:36 AM [] []
[2026-06-07 05:36:47] SlimMonoLogger.INFO: Cron ran at: 07-06-2026 05:36:47 AM [] []
[2026-06-07 05:36:47] SlimMonoLogger.INFO: Cron ran at: 07-06-2026 05:36:47 AM [] []
[2026-06-07 05:37:17] SlimMonoLogger.INFO: Cron ran at: 07-06-2026 05:37:17 AM [] []
[2026-06-07 05:37:17] SlimMonoLogger.INFO: Cron ran at: 07-06-2026 05:37:17 AM [] []
[2026-06-07 05:37:28] SlimMonoLogger.INFO: Cron ran at: 07-06-2026 05:37:28 AM [] []
[2026-06-07 05:37:51] SlimMonoLogger.INFO: Cron ran at: 07-06-2026 05:37:51 AM [] []
[2026-06-07 05:37:52] SlimMonoLogger.INFO: Cron ran at: 07-06-2026 05:37:52 AM [] []
[2026-06-07 05:38:12] SlimMonoLogger.INFO: Cron ran at: 07-06-2026 05:38:12 AM [] []
[2026-06-07 05:38:25] SlimMonoLogger.INFO: Cron ran at: 07-06-2026 05:38:25 AM [] []
[2026-06-07 05:38:32] SlimMonoLogger.INFO: Cron ran at: 07-06-2026 05:38:32 AM [] []
[2026-06-07 05:38:48] SlimMonoLogger.INFO: Cron ran at: 07-06-2026 05:38:48 AM [] []
[2026-06-07 05:39:01] SlimMonoLogger.INFO: Cron ran at: 07-06-2026 05:39:01 AM [] []
[2026-06-07 05:39:13] SlimMonoLogger.INFO: Cron ran at: 07-06-2026 05:39:13 AM [] []
[2026-06-07 05:39:37] SlimMonoLogger.INFO: Cron ran at: 07-06-2026 05:39:37 AM [] []
[2026-06-07 05:39:53] SlimMonoLogger.INFO: Cron ran at: 07-06-2026 05:39:53 AM [] []
[2026-06-07 05:40:14] SlimMonoLogger.INFO: Cron ran at: 07-06-2026 05:40:14 AM [] []
[2026-06-07 05:40:24] SlimMonoLogger.INFO: Cron ran at: 07-06-2026 05:40:24 AM [] []
[2026-06-07 05:40:52] SlimMonoLogger.INFO: Cron ran at: 07-06-2026 05:40:52 AM [] []
[2026-06-07 05:41:10] SlimMonoLogger.INFO: Cron ran at: 07-06-2026 05:41:10 AM [] []
[2026-06-07 05:41:24] SlimMonoLogger.INFO: Cron ran at: 07-06-2026 05:41:24 AM [] []
[2026-06-07 05:41:35] SlimMonoLogger.INFO: Cron ran at: 07-06-2026 05:41:35 AM [] []
[2026-06-07 05:41:55] SlimMonoLogger.INFO: Cron ran at: 07-06-2026 05:41:55 AM [] []
[2026-06-07 05:41:55] SlimMonoLogger.INFO: Cron ran at: 07-06-2026 05:41:55 AM [] []
[2026-06-07 05:42:14] SlimMonoLogger.INFO: Cron ran at: 07-06-2026 05:42:14 AM [] []
[2026-06-07 05:42:32] SlimMonoLogger.INFO: Cron ran at: 07-06-2026 05:42:32 AM [] []
[2026-06-07 05:42:32] SlimMonoLogger.INFO: Cron ran at: 07-06-2026 05:42:32 AM [] []
[2026-06-07 05:42:48] SlimMonoLogger.INFO: Cron ran at: 07-06-2026 05:42:48 AM [] []
[2026-06-07 05:43:00] SlimMonoLogger.INFO: Cron ran at: 07-06-2026 05:43:00 AM [] []
[2026-06-07 05:43:08] SlimMonoLogger.INFO: Cron ran at: 07-06-2026 05:43:08 AM [] []
[2026-06-07 05:43:26] SlimMonoLogger.INFO: Cron ran at: 07-06-2026 05:43:26 AM [] []
[2026-06-07 05:43:29] SlimMonoLogger.INFO: Cron ran at: 07-06-2026 05:43:29 AM [] []
[2026-06-07 05:44:08] SlimMonoLogger.INFO: Cron ran at: 07-06-2026 05:44:08 AM [] []
[2026-06-07 05:44:08] SlimMonoLogger.INFO: Cron ran at: 07-06-2026 05:44:08 AM [] []
[2026-06-07 05:44:46] SlimMonoLogger.INFO: Cron ran at: 07-06-2026 05:44:46 AM [] []
[2026-06-07 05:44:46] SlimMonoLogger.INFO: Cron ran at: 07-06-2026 05:44:46 AM [] []
[2026-06-07 05:45:27] SlimMonoLogger.INFO: Cron ran at: 07-06-2026 05:45:27 AM [] []
[2026-06-07 05:45:41] SlimMonoLogger.INFO: Cron ran at: 07-06-2026 05:45:41 AM [] []
[2026-06-07 05:46:12] SlimMonoLogger.INFO: Cron ran at: 07-06-2026 05:46:12 AM [] []
[2026-06-07 05:46:17] SlimMonoLogger.INFO: Cron ran at: 07-06-2026 05:46:17 AM [] []
[2026-06-07 05:46:52] SlimMonoLogger.INFO: Cron ran at: 07-06-2026 05:46:52 AM [] []
[2026-06-07 05:46:52] SlimMonoLogger.INFO: Cron ran at: 07-06-2026 05:46:52 AM [] []
[2026-06-07 05:46:57] SlimMonoLogger.INFO: Cron ran at: 07-06-2026 05:46:57 AM [] []
[2026-06-07 05:47:23] SlimMonoLogger.INFO: Cron ran at: 07-06-2026 05:47:23 AM [] []
[2026-06-07 05:47:26] SlimMonoLogger.INFO: Cron ran at: 07-06-2026 05:47:26 AM [] []
[2026-06-07 05:47:36] SlimMonoLogger.INFO: Cron ran at: 07-06-2026 05:47:36 AM [] []
[2026-06-07 05:48:01] SlimMonoLogger.INFO: Cron ran at: 07-06-2026 05:48:01 AM [] []
[2026-06-07 05:48:13] SlimMonoLogger.INFO: Cron ran at: 07-06-2026 05:48:13 AM [] []
[2026-06-07 05:48:24] SlimMonoLogger.INFO: Cron ran at: 07-06-2026 05:48:24 AM [] []
[2026-06-07 05:48:32] SlimMonoLogger.INFO: Cron ran at: 07-06-2026 05:48:32 AM [] []
[2026-06-07 05:49:01] SlimMonoLogger.INFO: Cron ran at: 07-06-2026 05:49:01 AM [] []
[2026-06-07 05:49:02] SlimMonoLogger.INFO: Cron ran at: 07-06-2026 05:49:02 AM [] []
[2026-06-07 05:49:44] SlimMonoLogger.INFO: Cron ran at: 07-06-2026 05:49:44 AM [] []
[2026-06-07 05:49:45] SlimMonoLogger.INFO: Cron ran at: 07-06-2026 05:49:45 AM [] []
[2026-06-07 05:50:18] SlimMonoLogger.INFO: Cron ran at: 07-06-2026 05:50:18 AM [] []
[2026-06-07 05:50:21] SlimMonoLogger.INFO: Cron ran at: 07-06-2026 05:50:21 AM [] []
[2026-06-07 05:51:00] SlimMonoLogger.INFO: Cron ran at: 07-06-2026 05:51:00 AM [] []
[2026-06-07 05:51:01] SlimMonoLogger.INFO: Cron ran at: 07-06-2026 05:51:01 AM [] []
[2026-06-07 05:51:16] SlimMonoLogger.INFO: Cron ran at: 07-06-2026 05:51:16 AM [] []
[2026-06-07 05:51:36] SlimMonoLogger.INFO: Cron ran at: 07-06-2026 05:51:36 AM [] []
[2026-06-07 05:51:46] SlimMonoLogger.INFO: Cron ran at: 07-06-2026 05:51:46 AM [] []
[2026-06-07 05:51:48] SlimMonoLogger.INFO: Cron ran at: 07-06-2026 05:51:48 AM [] []
[2026-06-07 05:52:19] SlimMonoLogger.INFO: Cron ran at: 07-06-2026 05:52:19 AM [] []
[2026-06-07 05:52:25] SlimMonoLogger.INFO: Cron ran at: 07-06-2026 05:52:25 AM [] []
[2026-06-07 05:52:26] SlimMonoLogger.INFO: Cron ran at: 07-06-2026 05:52:26 AM [] []
[2026-06-07 05:53:10] SlimMonoLogger.INFO: Cron ran at: 07-06-2026 05:53:10 AM [] []
[2026-06-07 05:53:15] SlimMonoLogger.INFO: Cron ran at: 07-06-2026 05:53:15 AM [] []
[2026-06-07 05:53:17] SlimMonoLogger.INFO: Cron ran at: 07-06-2026 05:53:17 AM [] []
[2026-06-07 05:53:48] SlimMonoLogger.INFO: Cron ran at: 07-06-2026 05:53:48 AM [] []
[2026-06-07 05:54:12] SlimMonoLogger.INFO: Cron ran at: 07-06-2026 05:54:12 AM [] []
[2026-06-07 05:54:35] SlimMonoLogger.INFO: Cron ran at: 07-06-2026 05:54:35 AM [] []
[2026-06-07 05:54:51] SlimMonoLogger.INFO: Cron ran at: 07-06-2026 05:54:51 AM [] []
[2026-06-07 05:54:52] SlimMonoLogger.INFO: Cron ran at: 07-06-2026 05:54:52 AM [] []
[2026-06-07 05:55:25] SlimMonoLogger.INFO: Cron ran at: 07-06-2026 05:55:25 AM [] []
[2026-06-07 05:55:38] SlimMonoLogger.INFO: Cron ran at: 07-06-2026 05:55:38 AM [] []
[2026-06-07 05:56:02] SlimMonoLogger.INFO: Cron ran at: 07-06-2026 05:56:02 AM [] []
[2026-06-07 05:56:16] SlimMonoLogger.INFO: Cron ran at: 07-06-2026 05:56:16 AM [] []
[2026-06-07 05:56:18] SlimMonoLogger.INFO: Cron ran at: 07-06-2026 05:56:18 AM [] []
[2026-06-07 05:56:45] SlimMonoLogger.INFO: Cron ran at: 07-06-2026 05:56:45 AM [] []
[2026-06-07 05:56:49] SlimMonoLogger.INFO: Cron ran at: 07-06-2026 05:56:49 AM [] []
[2026-06-07 05:56:55] SlimMonoLogger.INFO: Cron ran at: 07-06-2026 05:56:55 AM [] []
[2026-06-07 05:57:20] SlimMonoLogger.INFO: Cron ran at: 07-06-2026 05:57:20 AM [] []
[2026-06-07 05:57:23] SlimMonoLogger.INFO: Cron ran at: 07-06-2026 05:57:23 AM [] []
[2026-06-07 05:57:36] SlimMonoLogger.INFO: Cron ran at: 07-06-2026 05:57:36 AM [] []
[2026-06-07 05:57:51] SlimMonoLogger.INFO: Cron ran at: 07-06-2026 05:57:51 AM [] []
[2026-06-07 05:57:51] SlimMonoLogger.INFO: Cron ran at: 07-06-2026 05:57:51 AM [] []
[2026-06-07 05:58:10] SlimMonoLogger.INFO: Cron ran at: 07-06-2026 05:58:10 AM [] []
[2026-06-07 05:58:22] SlimMonoLogger.INFO: Cron ran at: 07-06-2026 05:58:22 AM [] []
[2026-06-07 05:58:28] SlimMonoLogger.INFO: Cron ran at: 07-06-2026 05:58:28 AM [] []
[2026-06-07 05:58:48] SlimMonoLogger.INFO: Cron ran at: 07-06-2026 05:58:48 AM [] []
[2026-06-07 05:58:56] SlimMonoLogger.INFO: Cron ran at: 07-06-2026 05:58:56 AM [] []
[2026-06-07 05:59:06] SlimMonoLogger.INFO: Cron ran at: 07-06-2026 05:59:06 AM [] []
[2026-06-07 05:59:26] SlimMonoLogger.INFO: Cron ran at: 07-06-2026 05:59:26 AM [] []
[2026-06-07 05:59:28] SlimMonoLogger.INFO: Cron ran at: 07-06-2026 05:59:28 AM [] []
[2026-06-07 05:59:49] SlimMonoLogger.INFO: Cron ran at: 07-06-2026 05:59:49 AM [] []
[2026-06-07 06:00:10] SlimMonoLogger.INFO: Cron ran at: 07-06-2026 06:00:10 AM [] []
[2026-06-07 06:00:38] SlimMonoLogger.INFO: Cron ran at: 07-06-2026 06:00:38 AM [] []
[2026-06-07 06:00:58] SlimMonoLogger.INFO: Cron ran at: 07-06-2026 06:00:58 AM [] []
[2026-06-07 06:01:13] SlimMonoLogger.INFO: Cron ran at: 07-06-2026 06:01:13 AM [] []
[2026-06-07 06:01:14] SlimMonoLogger.INFO: Cron ran at: 07-06-2026 06:01:14 AM [] []
[2026-06-07 06:01:25] SlimMonoLogger.INFO: Cron ran at: 07-06-2026 06:01:25 AM [] []
[2026-06-07 06:01:48] SlimMonoLogger.INFO: Cron ran at: 07-06-2026 06:01:48 AM [] []
[2026-06-07 06:01:49] SlimMonoLogger.INFO: Cron ran at: 07-06-2026 06:01:49 AM [] []
[2026-06-07 06:02:12] SlimMonoLogger.INFO: Cron ran at: 07-06-2026 06:02:12 AM [] []
[2026-06-07 06:02:22] SlimMonoLogger.INFO: Cron ran at: 07-06-2026 06:02:22 AM [] []
[2026-06-07 06:02:34] SlimMonoLogger.INFO: Cron ran at: 07-06-2026 06:02:34 AM [] []
[2026-06-07 06:02:46] SlimMonoLogger.INFO: Cron ran at: 07-06-2026 06:02:46 AM [] []
[2026-06-07 06:02:49] SlimMonoLogger.INFO: Cron ran at: 07-06-2026 06:02:49 AM [] []
[2026-06-07 06:03:12] SlimMonoLogger.INFO: Cron ran at: 07-06-2026 06:03:12 AM [] []
[2026-06-07 06:03:22] SlimMonoLogger.INFO: Cron ran at: 07-06-2026 06:03:22 AM [] []
[2026-06-07 06:03:26] SlimMonoLogger.INFO: Cron ran at: 07-06-2026 06:03:26 AM [] []
[2026-06-07 06:03:54] SlimMonoLogger.INFO: Cron ran at: 07-06-2026 06:03:54 AM [] []
[2026-06-07 06:04:01] SlimMonoLogger.INFO: Cron ran at: 07-06-2026 06:04:01 AM [] []
[2026-06-07 06:04:06] SlimMonoLogger.INFO: Cron ran at: 07-06-2026 06:04:06 AM [] []
[2026-06-07 06:04:40] SlimMonoLogger.INFO: Cron ran at: 07-06-2026 06:04:40 AM [] []
[2026-06-07 06:04:48] SlimMonoLogger.INFO: Cron ran at: 07-06-2026 06:04:48 AM [] []
[2026-06-07 06:05:14] SlimMonoLogger.INFO: Cron ran at: 07-06-2026 06:05:14 AM [] []
[2026-06-07 06:05:26] SlimMonoLogger.INFO: Cron ran at: 07-06-2026 06:05:26 AM [] []
[2026-06-07 06:06:00] SlimMonoLogger.INFO: Cron ran at: 07-06-2026 06:06:00 AM [] []
[2026-06-07 06:06:15] SlimMonoLogger.INFO: Cron ran at: 07-06-2026 06:06:15 AM [] []
[2026-06-07 06:06:40] SlimMonoLogger.INFO: Cron ran at: 07-06-2026 06:06:40 AM [] []
[2026-06-07 06:06:53] SlimMonoLogger.INFO: Cron ran at: 07-06-2026 06:06:53 AM [] []
[2026-06-07 06:07:03] SlimMonoLogger.INFO: Cron ran at: 07-06-2026 06:07:03 AM [] []
[2026-06-07 06:07:18] SlimMonoLogger.INFO: Cron ran at: 07-06-2026 06:07:18 AM [] []
[2026-06-07 06:07:31] SlimMonoLogger.INFO: Cron ran at: 07-06-2026 06:07:31 AM [] []
[2026-06-07 06:07:34] SlimMonoLogger.INFO: Cron ran at: 07-06-2026 06:07:34 AM [] []
[2026-06-07 06:07:55] SlimMonoLogger.INFO: Cron ran at: 07-06-2026 06:07:55 AM [] []
[2026-06-07 06:08:02] SlimMonoLogger.INFO: Cron ran at: 07-06-2026 06:08:02 AM [] []
[2026-06-07 06:08:05] SlimMonoLogger.INFO: Cron ran at: 07-06-2026 06:08:05 AM [] []
[2026-06-07 06:08:32] SlimMonoLogger.INFO: Cron ran at: 07-06-2026 06:08:32 AM [] []
[2026-06-07 06:08:32] SlimMonoLogger.INFO: Cron ran at: 07-06-2026 06:08:32 AM [] []
[2026-06-07 06:09:07] SlimMonoLogger.INFO: Cron ran at: 07-06-2026 06:09:07 AM [] []
[2026-06-07 06:09:08] SlimMonoLogger.INFO: Cron ran at: 07-06-2026 06:09:08 AM [] []
[2026-06-07 06:09:45] SlimMonoLogger.INFO: Cron ran at: 07-06-2026 06:09:45 AM [] []
[2026-06-07 06:09:56] SlimMonoLogger.INFO: Cron ran at: 07-06-2026 06:09:56 AM [] []
[2026-06-07 06:10:28] SlimMonoLogger.INFO: Cron ran at: 07-06-2026 06:10:28 AM [] []
[2026-06-07 06:10:43] SlimMonoLogger.INFO: Cron ran at: 07-06-2026 06:10:43 AM [] []
[2026-06-07 06:10:56] SlimMonoLogger.INFO: Cron ran at: 07-06-2026 06:10:56 AM [] []
[2026-06-07 06:11:15] SlimMonoLogger.INFO: Cron ran at: 07-06-2026 06:11:15 AM [] []
[2026-06-07 06:11:36] SlimMonoLogger.INFO: Cron ran at: 07-06-2026 06:11:36 AM [] []
[2026-06-07 06:11:45] SlimMonoLogger.INFO: Cron ran at: 07-06-2026 06:11:45 AM [] []
[2026-06-07 06:11:52] SlimMonoLogger.INFO: Cron ran at: 07-06-2026 06:11:52 AM [] []
[2026-06-07 06:12:12] SlimMonoLogger.INFO: Cron ran at: 07-06-2026 06:12:12 AM [] []
[2026-06-07 06:12:21] SlimMonoLogger.INFO: Cron ran at: 07-06-2026 06:12:21 AM [] []
[2026-06-07 06:12:31] SlimMonoLogger.INFO: Cron ran at: 07-06-2026 06:12:31 AM [] []
[2026-06-07 06:12:50] SlimMonoLogger.INFO: Cron ran at: 07-06-2026 06:12:50 AM [] []
[2026-06-07 06:12:51] SlimMonoLogger.INFO: Cron ran at: 07-06-2026 06:12:51 AM [] []
[2026-06-07 06:13:16] SlimMonoLogger.INFO: Cron ran at: 07-06-2026 06:13:16 AM [] []
[2026-06-07 06:13:33] SlimMonoLogger.INFO: Cron ran at: 07-06-2026 06:13:33 AM [] []
[2026-06-07 06:13:41] SlimMonoLogger.INFO: Cron ran at: 07-06-2026 06:13:41 AM [] []
[2026-06-07 06:14:12] SlimMonoLogger.INFO: Cron ran at: 07-06-2026 06:14:12 AM [] []
[2026-06-07 06:14:19] SlimMonoLogger.INFO: Cron ran at: 07-06-2026 06:14:19 AM [] []
[2026-06-07 06:14:54] SlimMonoLogger.INFO: Cron ran at: 07-06-2026 06:14:54 AM [] []
[2026-06-07 06:14:55] SlimMonoLogger.INFO: Cron ran at: 07-06-2026 06:14:55 AM [] []
[2026-06-07 06:15:30] SlimMonoLogger.INFO: Cron ran at: 07-06-2026 06:15:30 AM [] []
[2026-06-07 06:15:31] SlimMonoLogger.INFO: Cron ran at: 07-06-2026 06:15:31 AM [] []
[2026-06-07 06:16:11] SlimMonoLogger.INFO: Cron ran at: 07-06-2026 06:16:11 AM [] []
[2026-06-07 06:16:11] SlimMonoLogger.INFO: Cron ran at: 07-06-2026 06:16:11 AM [] []
[2026-06-07 06:16:24] SlimMonoLogger.INFO: Cron ran at: 07-06-2026 06:16:24 AM [] []
[2026-06-07 06:16:46] SlimMonoLogger.INFO: Cron ran at: 07-06-2026 06:16:46 AM [] []
[2026-06-07 06:16:50] SlimMonoLogger.INFO: Cron ran at: 07-06-2026 06:16:50 AM [] []
[2026-06-07 06:16:51] SlimMonoLogger.INFO: Cron ran at: 07-06-2026 06:16:51 AM [] []
[2026-06-07 06:17:27] SlimMonoLogger.INFO: Cron ran at: 07-06-2026 06:17:27 AM [] []
[2026-06-07 06:17:27] SlimMonoLogger.INFO: Cron ran at: 07-06-2026 06:17:27 AM [] []
[2026-06-07 06:17:42] SlimMonoLogger.INFO: Cron ran at: 07-06-2026 06:17:42 AM [] []
[2026-06-07 06:18:01] SlimMonoLogger.INFO: Cron ran at: 07-06-2026 06:18:01 AM [] []
[2026-06-07 06:18:02] SlimMonoLogger.INFO: Cron ran at: 07-06-2026 06:18:02 AM [] []
[2026-06-07 06:18:23] SlimMonoLogger.INFO: Cron ran at: 07-06-2026 06:18:23 AM [] []
[2026-06-07 06:18:37] SlimMonoLogger.INFO: Cron ran at: 07-06-2026 06:18:37 AM [] []
[2026-06-07 06:18:50] SlimMonoLogger.INFO: Cron ran at: 07-06-2026 06:18:50 AM [] []
[2026-06-07 06:19:07] SlimMonoLogger.INFO: Cron ran at: 07-06-2026 06:19:07 AM [] []
[2026-06-07 06:19:20] SlimMonoLogger.INFO: Cron ran at: 07-06-2026 06:19:20 AM [] []
[2026-06-07 06:19:39] SlimMonoLogger.INFO: Cron ran at: 07-06-2026 06:19:39 AM [] []
[2026-06-07 06:19:58] SlimMonoLogger.INFO: Cron ran at: 07-06-2026 06:19:58 AM [] []
[2026-06-07 06:20:18] SlimMonoLogger.INFO: Cron ran at: 07-06-2026 06:20:18 AM [] []
[2026-06-07 06:20:34] SlimMonoLogger.INFO: Cron ran at: 07-06-2026 06:20:34 AM [] []
[2026-06-07 06:20:51] SlimMonoLogger.INFO: Cron ran at: 07-06-2026 06:20:51 AM [] []
[2026-06-07 06:21:11] SlimMonoLogger.INFO: Cron ran at: 07-06-2026 06:21:11 AM [] []
[2026-06-07 06:21:29] SlimMonoLogger.INFO: Cron ran at: 07-06-2026 06:21:29 AM [] []
[2026-06-07 06:21:56] SlimMonoLogger.INFO: Cron ran at: 07-06-2026 06:21:56 AM [] []
[2026-06-07 06:22:10] SlimMonoLogger.INFO: Cron ran at: 07-06-2026 06:22:10 AM [] []
[2026-06-07 06:22:16] SlimMonoLogger.INFO: Cron ran at: 07-06-2026 06:22:16 AM [] []
[2026-06-07 06:22:33] SlimMonoLogger.INFO: Cron ran at: 07-06-2026 06:22:33 AM [] []
[2026-06-07 06:22:35] SlimMonoLogger.INFO: Cron ran at: 07-06-2026 06:22:35 AM [] []
[2026-06-07 06:22:48] SlimMonoLogger.INFO: Cron ran at: 07-06-2026 06:22:48 AM [] []
[2026-06-07 06:23:01] SlimMonoLogger.INFO: Cron ran at: 07-06-2026 06:23:01 AM [] []
[2026-06-07 06:23:02] SlimMonoLogger.INFO: Cron ran at: 07-06-2026 06:23:02 AM [] []
[2026-06-07 06:23:29] SlimMonoLogger.INFO: Cron ran at: 07-06-2026 06:23:29 AM [] []
[2026-06-07 06:23:30] SlimMonoLogger.INFO: Cron ran at: 07-06-2026 06:23:30 AM [] []
[2026-06-07 06:23:42] SlimMonoLogger.INFO: Cron ran at: 07-06-2026 06:23:42 AM [] []
[2026-06-07 06:24:03] SlimMonoLogger.INFO: Cron ran at: 07-06-2026 06:24:03 AM [] []
[2026-06-07 06:24:04] SlimMonoLogger.INFO: Cron ran at: 07-06-2026 06:24:04 AM [] []
[2026-06-07 06:24:20] SlimMonoLogger.INFO: Cron ran at: 07-06-2026 06:24:20 AM [] []
[2026-06-07 06:24:43] SlimMonoLogger.INFO: Cron ran at: 07-06-2026 06:24:43 AM [] []
[2026-06-07 06:24:58] SlimMonoLogger.INFO: Cron ran at: 07-06-2026 06:24:58 AM [] []
[2026-06-07 06:25:18] SlimMonoLogger.INFO: Cron ran at: 07-06-2026 06:25:18 AM [] []
[2026-06-07 06:25:58] SlimMonoLogger.INFO: Cron ran at: 07-06-2026 06:25:58 AM [] []
[2026-06-07 06:26:00] SlimMonoLogger.INFO: Cron ran at: 07-06-2026 06:26:00 AM [] []
[2026-06-07 06:26:34] SlimMonoLogger.INFO: Cron ran at: 07-06-2026 06:26:34 AM [] []
[2026-06-07 06:26:40] SlimMonoLogger.INFO: Cron ran at: 07-06-2026 06:26:40 AM [] []
[2026-06-07 06:26:55] SlimMonoLogger.INFO: Cron ran at: 07-06-2026 06:26:55 AM [] []
[2026-06-07 06:27:14] SlimMonoLogger.INFO: Cron ran at: 07-06-2026 06:27:14 AM [] []
[2026-06-07 06:27:16] SlimMonoLogger.INFO: Cron ran at: 07-06-2026 06:27:16 AM [] []
[2026-06-07 06:27:25] SlimMonoLogger.INFO: Cron ran at: 07-06-2026 06:27:25 AM [] []
[2026-06-07 06:27:51] SlimMonoLogger.INFO: Cron ran at: 07-06-2026 06:27:51 AM [] []
[2026-06-07 06:27:54] SlimMonoLogger.INFO: Cron ran at: 07-06-2026 06:27:54 AM [] []
[2026-06-07 06:27:57] SlimMonoLogger.INFO: Cron ran at: 07-06-2026 06:27:57 AM [] []
[2026-06-07 06:28:32] SlimMonoLogger.INFO: Cron ran at: 07-06-2026 06:28:32 AM [] []
[2026-06-07 06:28:32] SlimMonoLogger.INFO: Cron ran at: 07-06-2026 06:28:32 AM [] []
[2026-06-07 06:28:41] SlimMonoLogger.INFO: Cron ran at: 07-06-2026 06:28:41 AM [] []
[2026-06-07 06:29:04] SlimMonoLogger.INFO: Cron ran at: 07-06-2026 06:29:04 AM [] []
[2026-06-07 06:29:16] SlimMonoLogger.INFO: Cron ran at: 07-06-2026 06:29:16 AM [] []
[2026-06-07 06:29:40] SlimMonoLogger.INFO: Cron ran at: 07-06-2026 06:29:40 AM [] []
[2026-06-07 06:29:51] SlimMonoLogger.INFO: Cron ran at: 07-06-2026 06:29:51 AM [] []
[2026-06-07 06:30:14] SlimMonoLogger.INFO: Cron ran at: 07-06-2026 06:30:14 AM [] []
[2026-06-07 06:30:33] SlimMonoLogger.INFO: Cron ran at: 07-06-2026 06:30:33 AM [] []
[2026-06-07 06:30:55] SlimMonoLogger.INFO: Cron ran at: 07-06-2026 06:30:55 AM [] []
[2026-06-07 06:31:10] SlimMonoLogger.INFO: Cron ran at: 07-06-2026 06:31:10 AM [] []
[2026-06-07 06:31:19] SlimMonoLogger.INFO: Cron ran at: 07-06-2026 06:31:19 AM [] []
[2026-06-07 06:31:28] SlimMonoLogger.INFO: Cron ran at: 07-06-2026 06:31:28 AM [] []
[2026-06-07 06:31:53] SlimMonoLogger.INFO: Cron ran at: 07-06-2026 06:31:53 AM [] []
[2026-06-07 06:31:53] SlimMonoLogger.INFO: Cron ran at: 07-06-2026 06:31:53 AM [] []
[2026-06-07 06:32:10] SlimMonoLogger.INFO: Cron ran at: 07-06-2026 06:32:10 AM [] []
[2026-06-07 06:32:27] SlimMonoLogger.INFO: Cron ran at: 07-06-2026 06:32:27 AM [] []
[2026-06-07 06:32:28] SlimMonoLogger.INFO: Cron ran at: 07-06-2026 06:32:28 AM [] []
[2026-06-07 06:32:50] SlimMonoLogger.INFO: Cron ran at: 07-06-2026 06:32:50 AM [] []
[2026-06-07 06:32:55] SlimMonoLogger.INFO: Cron ran at: 07-06-2026 06:32:55 AM [] []
[2026-06-07 06:33:12] SlimMonoLogger.INFO: Cron ran at: 07-06-2026 06:33:12 AM [] []
[2026-06-07 06:33:28] SlimMonoLogger.INFO: Cron ran at: 07-06-2026 06:33:28 AM [] []
[2026-06-07 06:33:30] SlimMonoLogger.INFO: Cron ran at: 07-06-2026 06:33:30 AM [] []
[2026-06-07 06:33:50] SlimMonoLogger.INFO: Cron ran at: 07-06-2026 06:33:50 AM [] []
[2026-06-07 06:34:05] SlimMonoLogger.INFO: Cron ran at: 07-06-2026 06:34:05 AM [] []
[2026-06-07 06:34:05] SlimMonoLogger.INFO: Cron ran at: 07-06-2026 06:34:05 AM [] []
[2026-06-07 06:34:44] SlimMonoLogger.INFO: Cron ran at: 07-06-2026 06:34:44 AM [] []
[2026-06-07 06:34:47] SlimMonoLogger.INFO: Cron ran at: 07-06-2026 06:34:47 AM [] []
[2026-06-07 06:35:24] SlimMonoLogger.INFO: Cron ran at: 07-06-2026 06:35:24 AM [] []
[2026-06-07 06:35:27] SlimMonoLogger.INFO: Cron ran at: 07-06-2026 06:35:27 AM [] []
[2026-06-07 06:35:59] SlimMonoLogger.INFO: Cron ran at: 07-06-2026 06:35:59 AM [] []
[2026-06-07 06:36:13] SlimMonoLogger.INFO: Cron ran at: 07-06-2026 06:36:13 AM [] []
[2026-06-07 06:36:38] SlimMonoLogger.INFO: Cron ran at: 07-06-2026 06:36:38 AM [] []
[2026-06-07 06:36:38] SlimMonoLogger.INFO: Cron ran at: 07-06-2026 06:36:38 AM [] []
[2026-06-07 06:36:51] SlimMonoLogger.INFO: Cron ran at: 07-06-2026 06:36:51 AM [] []
[2026-06-07 06:37:15] SlimMonoLogger.INFO: Cron ran at: 07-06-2026 06:37:15 AM [] []
[2026-06-07 06:37:17] SlimMonoLogger.INFO: Cron ran at: 07-06-2026 06:37:17 AM [] []
[2026-06-07 06:37:32] SlimMonoLogger.INFO: Cron ran at: 07-06-2026 06:37:32 AM [] []
[2026-06-07 06:37:40] SlimMonoLogger.INFO: Cron ran at: 07-06-2026 06:37:40 AM [] []
[2026-06-07 06:37:59] SlimMonoLogger.INFO: Cron ran at: 07-06-2026 06:37:59 AM [] []
[2026-06-07 06:38:10] SlimMonoLogger.INFO: Cron ran at: 07-06-2026 06:38:10 AM [] []
[2026-06-07 06:38:10] SlimMonoLogger.INFO: Cron ran at: 07-06-2026 06:38:10 AM [] []
[2026-06-07 06:38:35] SlimMonoLogger.INFO: Cron ran at: 07-06-2026 06:38:35 AM [] []
[2026-06-07 06:38:47] SlimMonoLogger.INFO: Cron ran at: 07-06-2026 06:38:47 AM [] []
[2026-06-07 06:38:48] SlimMonoLogger.INFO: Cron ran at: 07-06-2026 06:38:48 AM [] []
[2026-06-07 06:39:22] SlimMonoLogger.INFO: Cron ran at: 07-06-2026 06:39:22 AM [] []
[2026-06-07 06:39:24] SlimMonoLogger.INFO: Cron ran at: 07-06-2026 06:39:24 AM [] []
[2026-06-07 06:40:03] SlimMonoLogger.INFO: Cron ran at: 07-06-2026 06:40:03 AM [] []
[2026-06-07 06:40:05] SlimMonoLogger.INFO: Cron ran at: 07-06-2026 06:40:05 AM [] []
[2026-06-07 06:40:43] SlimMonoLogger.INFO: Cron ran at: 07-06-2026 06:40:43 AM [] []
[2026-06-07 06:40:44] SlimMonoLogger.INFO: Cron ran at: 07-06-2026 06:40:44 AM [] []
[2026-06-07 06:41:17] SlimMonoLogger.INFO: Cron ran at: 07-06-2026 06:41:17 AM [] []
[2026-06-07 06:41:20] SlimMonoLogger.INFO: Cron ran at: 07-06-2026 06:41:20 AM [] []
[2026-06-07 06:41:52] SlimMonoLogger.INFO: Cron ran at: 07-06-2026 06:41:52 AM [] []
[2026-06-07 06:41:54] SlimMonoLogger.INFO: Cron ran at: 07-06-2026 06:41:54 AM [] []
[2026-06-07 06:42:07] SlimMonoLogger.INFO: Cron ran at: 07-06-2026 06:42:07 AM [] []
[2026-06-07 06:42:21] SlimMonoLogger.INFO: Cron ran at: 07-06-2026 06:42:21 AM [] []
[2026-06-07 06:42:38] SlimMonoLogger.INFO: Cron ran at: 07-06-2026 06:42:38 AM [] []
[2026-06-07 06:42:41] SlimMonoLogger.INFO: Cron ran at: 07-06-2026 06:42:41 AM [] []
[2026-06-07 06:42:55] SlimMonoLogger.INFO: Cron ran at: 07-06-2026 06:42:55 AM [] []
[2026-06-07 06:43:16] SlimMonoLogger.INFO: Cron ran at: 07-06-2026 06:43:16 AM [] []
[2026-06-07 06:43:26] SlimMonoLogger.INFO: Cron ran at: 07-06-2026 06:43:26 AM [] []
[2026-06-07 06:43:37] SlimMonoLogger.INFO: Cron ran at: 07-06-2026 06:43:37 AM [] []
[2026-06-07 06:43:58] SlimMonoLogger.INFO: Cron ran at: 07-06-2026 06:43:58 AM [] []
[2026-06-07 06:43:58] SlimMonoLogger.INFO: Cron ran at: 07-06-2026 06:43:58 AM [] []
[2026-06-07 06:44:33] SlimMonoLogger.INFO: Cron ran at: 07-06-2026 06:44:33 AM [] []
[2026-06-07 06:44:33] SlimMonoLogger.INFO: Cron ran at: 07-06-2026 06:44:33 AM [] []
[2026-06-07 06:45:08] SlimMonoLogger.INFO: Cron ran at: 07-06-2026 06:45:08 AM [] []
[2026-06-07 06:45:10] SlimMonoLogger.INFO: Cron ran at: 07-06-2026 06:45:10 AM [] []
[2026-06-07 06:45:42] SlimMonoLogger.INFO: Cron ran at: 07-06-2026 06:45:42 AM [] []
[2026-06-07 06:45:53] SlimMonoLogger.INFO: Cron ran at: 07-06-2026 06:45:53 AM [] []
[2026-06-07 06:46:24] SlimMonoLogger.INFO: Cron ran at: 07-06-2026 06:46:24 AM [] []
[2026-06-07 06:46:29] SlimMonoLogger.INFO: Cron ran at: 07-06-2026 06:46:29 AM [] []
[2026-06-07 06:46:34] SlimMonoLogger.INFO: Cron ran at: 07-06-2026 06:46:34 AM [] []
[2026-06-07 06:47:02] SlimMonoLogger.INFO: Cron ran at: 07-06-2026 06:47:02 AM [] []
[2026-06-07 06:47:04] SlimMonoLogger.INFO: Cron ran at: 07-06-2026 06:47:04 AM [] []
[2026-06-07 06:47:12] SlimMonoLogger.INFO: Cron ran at: 07-06-2026 06:47:12 AM [] []
[2026-06-07 06:47:38] SlimMonoLogger.INFO: Cron ran at: 07-06-2026 06:47:38 AM [] []
[2026-06-07 06:47:38] SlimMonoLogger.INFO: Cron ran at: 07-06-2026 06:47:38 AM [] []
[2026-06-07 06:48:03] SlimMonoLogger.INFO: Cron ran at: 07-06-2026 06:48:03 AM [] []
[2026-06-07 06:48:13] SlimMonoLogger.INFO: Cron ran at: 07-06-2026 06:48:13 AM [] []
[2026-06-07 06:48:21] SlimMonoLogger.INFO: Cron ran at: 07-06-2026 06:48:21 AM [] []
[2026-06-07 06:48:28] SlimMonoLogger.INFO: Cron ran at: 07-06-2026 06:48:28 AM [] []
[2026-06-07 06:48:47] SlimMonoLogger.INFO: Cron ran at: 07-06-2026 06:48:47 AM [] []
[2026-06-07 06:48:58] SlimMonoLogger.INFO: Cron ran at: 07-06-2026 06:48:58 AM [] []
[2026-06-07 06:49:22] SlimMonoLogger.INFO: Cron ran at: 07-06-2026 06:49:22 AM [] []
[2026-06-07 06:49:40] SlimMonoLogger.INFO: Cron ran at: 07-06-2026 06:49:40 AM [] []
[2026-06-07 06:49:58] SlimMonoLogger.INFO: Cron ran at: 07-06-2026 06:49:58 AM [] []
[2026-06-07 06:50:32] SlimMonoLogger.INFO: Cron ran at: 07-06-2026 06:50:32 AM [] []
[2026-06-07 06:50:50] SlimMonoLogger.INFO: Cron ran at: 07-06-2026 06:50:50 AM [] []
[2026-06-07 06:51:20] SlimMonoLogger.INFO: Cron ran at: 07-06-2026 06:51:20 AM [] []
[2026-06-07 06:51:27] SlimMonoLogger.INFO: Cron ran at: 07-06-2026 06:51:27 AM [] []
[2026-06-07 06:51:39] SlimMonoLogger.INFO: Cron ran at: 07-06-2026 06:51:39 AM [] []
[2026-06-07 06:51:58] SlimMonoLogger.INFO: Cron ran at: 07-06-2026 06:51:58 AM [] []
[2026-06-07 06:52:04] SlimMonoLogger.INFO: Cron ran at: 07-06-2026 06:52:04 AM [] []
[2026-06-07 06:52:16] SlimMonoLogger.INFO: Cron ran at: 07-06-2026 06:52:16 AM [] []
[2026-06-07 06:52:36] SlimMonoLogger.INFO: Cron ran at: 07-06-2026 06:52:36 AM [] []
[2026-06-07 06:52:38] SlimMonoLogger.INFO: Cron ran at: 07-06-2026 06:52:38 AM [] []
[2026-06-07 06:52:45] SlimMonoLogger.INFO: Cron ran at: 07-06-2026 06:52:45 AM [] []
[2026-06-07 06:53:13] SlimMonoLogger.INFO: Cron ran at: 07-06-2026 06:53:13 AM [] []
[2026-06-07 06:53:14] SlimMonoLogger.INFO: Cron ran at: 07-06-2026 06:53:14 AM [] []
[2026-06-07 06:53:24] SlimMonoLogger.INFO: Cron ran at: 07-06-2026 06:53:24 AM [] []
[2026-06-07 06:53:57] SlimMonoLogger.INFO: Cron ran at: 07-06-2026 06:53:57 AM [] []
[2026-06-07 06:53:58] SlimMonoLogger.INFO: Cron ran at: 07-06-2026 06:53:58 AM [] []
[2026-06-07 06:54:06] SlimMonoLogger.INFO: Cron ran at: 07-06-2026 06:54:06 AM [] []
[2026-06-07 06:54:33] SlimMonoLogger.INFO: Cron ran at: 07-06-2026 06:54:33 AM [] []
[2026-06-07 06:54:41] SlimMonoLogger.INFO: Cron ran at: 07-06-2026 06:54:41 AM [] []
[2026-06-07 06:54:58] SlimMonoLogger.INFO: Cron ran at: 07-06-2026 06:54:58 AM [] []
[2026-06-07 06:55:11] SlimMonoLogger.INFO: Cron ran at: 07-06-2026 06:55:11 AM [] []
[2026-06-07 06:55:35] SlimMonoLogger.INFO: Cron ran at: 07-06-2026 06:55:35 AM [] []
[2026-06-07 06:55:53] SlimMonoLogger.INFO: Cron ran at: 07-06-2026 06:55:53 AM [] []
[2026-06-07 06:56:17] SlimMonoLogger.INFO: Cron ran at: 07-06-2026 06:56:17 AM [] []
[2026-06-07 06:56:34] SlimMonoLogger.INFO: Cron ran at: 07-06-2026 06:56:34 AM [] []
[2026-06-07 06:56:43] SlimMonoLogger.INFO: Cron ran at: 07-06-2026 06:56:43 AM [] []
[2026-06-07 06:56:54] SlimMonoLogger.INFO: Cron ran at: 07-06-2026 06:56:54 AM [] []
[2026-06-07 06:57:13] SlimMonoLogger.INFO: Cron ran at: 07-06-2026 06:57:13 AM [] []
[2026-06-07 06:57:13] SlimMonoLogger.INFO: Cron ran at: 07-06-2026 06:57:13 AM [] []
[2026-06-07 06:57:34] SlimMonoLogger.INFO: Cron ran at: 07-06-2026 06:57:34 AM [] []
[2026-06-07 06:57:52] SlimMonoLogger.INFO: Cron ran at: 07-06-2026 06:57:52 AM [] []
[2026-06-07 06:57:53] SlimMonoLogger.INFO: Cron ran at: 07-06-2026 06:57:53 AM [] []
[2026-06-07 06:58:15] SlimMonoLogger.INFO: Cron ran at: 07-06-2026 06:58:15 AM [] []
[2026-06-07 06:58:18] SlimMonoLogger.INFO: Cron ran at: 07-06-2026 06:58:18 AM [] []
[2026-06-07 06:58:36] SlimMonoLogger.INFO: Cron ran at: 07-06-2026 06:58:36 AM [] []
[2026-06-07 06:58:54] SlimMonoLogger.INFO: Cron ran at: 07-06-2026 06:58:54 AM [] []
[2026-06-07 06:58:54] SlimMonoLogger.INFO: Cron ran at: 07-06-2026 06:58:54 AM [] []
[2026-06-07 06:59:31] SlimMonoLogger.INFO: Cron ran at: 07-06-2026 06:59:31 AM [] []
[2026-06-07 06:59:32] SlimMonoLogger.INFO: Cron ran at: 07-06-2026 06:59:32 AM [] []
[2026-06-07 07:00:16] SlimMonoLogger.INFO: Cron ran at: 07-06-2026 07:00:16 AM [] []
[2026-06-07 07:00:19] SlimMonoLogger.INFO: Cron ran at: 07-06-2026 07:00:19 AM [] []
[2026-06-07 07:01:00] SlimMonoLogger.INFO: Cron ran at: 07-06-2026 07:01:00 AM [] []
[2026-06-07 07:01:07] SlimMonoLogger.INFO: Cron ran at: 07-06-2026 07:01:07 AM [] []
[2026-06-07 07:01:27] SlimMonoLogger.INFO: Cron ran at: 07-06-2026 07:01:27 AM [] []
[2026-06-07 07:01:31] SlimMonoLogger.INFO: Cron ran at: 07-06-2026 07:01:31 AM [] []
[2026-06-07 07:01:43] SlimMonoLogger.INFO: Cron ran at: 07-06-2026 07:01:43 AM [] []
[2026-06-07 07:01:59] SlimMonoLogger.INFO: Cron ran at: 07-06-2026 07:01:59 AM [] []
[2026-06-07 07:02:02] SlimMonoLogger.INFO: Cron ran at: 07-06-2026 07:02:02 AM [] []
[2026-06-07 07:02:25] SlimMonoLogger.INFO: Cron ran at: 07-06-2026 07:02:25 AM [] []
[2026-06-07 07:02:38] SlimMonoLogger.INFO: Cron ran at: 07-06-2026 07:02:38 AM [] []
[2026-06-07 07:02:41] SlimMonoLogger.INFO: Cron ran at: 07-06-2026 07:02:41 AM [] []
[2026-06-07 07:03:00] SlimMonoLogger.INFO: Cron ran at: 07-06-2026 07:03:00 AM [] []
[2026-06-07 07:03:04] SlimMonoLogger.INFO: Cron ran at: 07-06-2026 07:03:04 AM [] []
[2026-06-07 07:03:28] SlimMonoLogger.INFO: Cron ran at: 07-06-2026 07:03:28 AM [] []
[2026-06-07 07:03:36] SlimMonoLogger.INFO: Cron ran at: 07-06-2026 07:03:36 AM [] []
[2026-06-07 07:03:38] SlimMonoLogger.INFO: Cron ran at: 07-06-2026 07:03:38 AM [] []
[2026-06-07 07:03:57] SlimMonoLogger.INFO: Cron ran at: 07-06-2026 07:03:57 AM [] []
[2026-06-07 07:04:10] SlimMonoLogger.INFO: Cron ran at: 07-06-2026 07:04:10 AM [] []
[2026-06-07 07:04:38] SlimMonoLogger.INFO: Cron ran at: 07-06-2026 07:04:38 AM [] []
[2026-06-07 07:04:46] SlimMonoLogger.INFO: Cron ran at: 07-06-2026 07:04:46 AM [] []
[2026-06-07 07:05:18] SlimMonoLogger.INFO: Cron ran at: 07-06-2026 07:05:18 AM [] []
[2026-06-07 07:05:23] SlimMonoLogger.INFO: Cron ran at: 07-06-2026 07:05:23 AM [] []
[2026-06-07 07:06:00] SlimMonoLogger.INFO: Cron ran at: 07-06-2026 07:06:00 AM [] []
[2026-06-07 07:06:01] SlimMonoLogger.INFO: Cron ran at: 07-06-2026 07:06:01 AM [] []
[2026-06-07 07:06:38] SlimMonoLogger.INFO: Cron ran at: 07-06-2026 07:06:38 AM [] []
[2026-06-07 07:06:39] SlimMonoLogger.INFO: Cron ran at: 07-06-2026 07:06:39 AM [] []
[2026-06-07 07:06:41] SlimMonoLogger.INFO: Cron ran at: 07-06-2026 07:06:41 AM [] []
[2026-06-07 07:07:09] SlimMonoLogger.INFO: Cron ran at: 07-06-2026 07:07:09 AM [] []
[2026-06-07 07:07:17] SlimMonoLogger.INFO: Cron ran at: 07-06-2026 07:07:17 AM [] []
[2026-06-07 07:07:18] SlimMonoLogger.INFO: Cron ran at: 07-06-2026 07:07:18 AM [] []
[2026-06-07 07:07:45] SlimMonoLogger.INFO: Cron ran at: 07-06-2026 07:07:45 AM [] []
[2026-06-07 07:07:56] SlimMonoLogger.INFO: Cron ran at: 07-06-2026 07:07:56 AM [] []
[2026-06-07 07:07:57] SlimMonoLogger.INFO: Cron ran at: 07-06-2026 07:07:57 AM [] []
[2026-06-07 07:08:15] SlimMonoLogger.INFO: Cron ran at: 07-06-2026 07:08:15 AM [] []
[2026-06-07 07:08:45] SlimMonoLogger.INFO: Cron ran at: 07-06-2026 07:08:45 AM [] []
[2026-06-07 07:08:45] SlimMonoLogger.INFO: Cron ran at: 07-06-2026 07:08:45 AM [] []
[2026-06-07 07:08:54] SlimMonoLogger.INFO: Cron ran at: 07-06-2026 07:08:54 AM [] []
[2026-06-07 07:09:32] SlimMonoLogger.INFO: Cron ran at: 07-06-2026 07:09:32 AM [] []
[2026-06-07 07:09:42] SlimMonoLogger.INFO: Cron ran at: 07-06-2026 07:09:42 AM [] []
[2026-06-07 07:10:05] SlimMonoLogger.INFO: Cron ran at: 07-06-2026 07:10:05 AM [] []
[2026-06-07 07:10:10] SlimMonoLogger.INFO: Cron ran at: 07-06-2026 07:10:10 AM [] []
[2026-06-07 07:10:43] SlimMonoLogger.INFO: Cron ran at: 07-06-2026 07:10:43 AM [] []
[2026-06-07 07:10:45] SlimMonoLogger.INFO: Cron ran at: 07-06-2026 07:10:45 AM [] []
[2026-06-07 07:11:12] SlimMonoLogger.INFO: Cron ran at: 07-06-2026 07:11:12 AM [] []
[2026-06-07 07:11:22] SlimMonoLogger.INFO: Cron ran at: 07-06-2026 07:11:22 AM [] []
[2026-06-07 07:11:23] SlimMonoLogger.INFO: Cron ran at: 07-06-2026 07:11:23 AM [] []
[2026-06-07 07:11:50] SlimMonoLogger.INFO: Cron ran at: 07-06-2026 07:11:50 AM [] []
[2026-06-07 07:12:03] SlimMonoLogger.INFO: Cron ran at: 07-06-2026 07:12:03 AM [] []
[2026-06-07 07:12:03] SlimMonoLogger.INFO: Cron ran at: 07-06-2026 07:12:03 AM [] []
[2026-06-07 07:12:23] SlimMonoLogger.INFO: Cron ran at: 07-06-2026 07:12:23 AM [] []
[2026-06-07 07:12:41] SlimMonoLogger.INFO: Cron ran at: 07-06-2026 07:12:41 AM [] []
[2026-06-07 07:12:43] SlimMonoLogger.INFO: Cron ran at: 07-06-2026 07:12:43 AM [] []
[2026-06-07 07:12:56] SlimMonoLogger.INFO: Cron ran at: 07-06-2026 07:12:56 AM [] []
[2026-06-07 07:13:21] SlimMonoLogger.INFO: Cron ran at: 07-06-2026 07:13:21 AM [] []
[2026-06-07 07:13:22] SlimMonoLogger.INFO: Cron ran at: 07-06-2026 07:13:22 AM [] []
[2026-06-07 07:13:31] SlimMonoLogger.INFO: Cron ran at: 07-06-2026 07:13:31 AM [] []
[2026-06-07 07:14:03] SlimMonoLogger.INFO: Cron ran at: 07-06-2026 07:14:03 AM [] []
[2026-06-07 07:14:03] SlimMonoLogger.INFO: Cron ran at: 07-06-2026 07:14:03 AM [] []
[2026-06-07 07:14:42] SlimMonoLogger.INFO: Cron ran at: 07-06-2026 07:14:42 AM [] []
[2026-06-07 07:14:42] SlimMonoLogger.INFO: Cron ran at: 07-06-2026 07:14:42 AM [] []
[2026-06-07 07:15:20] SlimMonoLogger.INFO: Cron ran at: 07-06-2026 07:15:20 AM [] []
[2026-06-07 07:15:29] SlimMonoLogger.INFO: Cron ran at: 07-06-2026 07:15:29 AM [] []
[2026-06-07 07:15:59] SlimMonoLogger.INFO: Cron ran at: 07-06-2026 07:15:59 AM [] []
[2026-06-07 07:15:59] SlimMonoLogger.INFO: Cron ran at: 07-06-2026 07:15:59 AM [] []
[2026-06-07 07:16:37] SlimMonoLogger.INFO: Cron ran at: 07-06-2026 07:16:37 AM [] []
[2026-06-07 07:16:42] SlimMonoLogger.INFO: Cron ran at: 07-06-2026 07:16:42 AM [] []
[2026-06-07 07:16:52] SlimMonoLogger.INFO: Cron ran at: 07-06-2026 07:16:52 AM [] []
[2026-06-07 07:17:15] SlimMonoLogger.INFO: Cron ran at: 07-06-2026 07:17:15 AM [] []
[2026-06-07 07:17:21] SlimMonoLogger.INFO: Cron ran at: 07-06-2026 07:17:21 AM [] []
[2026-06-07 07:17:21] SlimMonoLogger.INFO: Cron ran at: 07-06-2026 07:17:21 AM [] []
[2026-06-07 07:17:58] SlimMonoLogger.INFO: Cron ran at: 07-06-2026 07:17:58 AM [] []
[2026-06-07 07:17:59] SlimMonoLogger.INFO: Cron ran at: 07-06-2026 07:17:59 AM [] []
[2026-06-07 07:18:04] SlimMonoLogger.INFO: Cron ran at: 07-06-2026 07:18:04 AM [] []
[2026-06-07 07:18:40] SlimMonoLogger.INFO: Cron ran at: 07-06-2026 07:18:40 AM [] []
[2026-06-07 07:18:41] SlimMonoLogger.INFO: Cron ran at: 07-06-2026 07:18:41 AM [] []
[2026-06-07 07:18:48] SlimMonoLogger.INFO: Cron ran at: 07-06-2026 07:18:48 AM [] []
[2026-06-07 07:19:08] SlimMonoLogger.INFO: Cron ran at: 07-06-2026 07:19:08 AM [] []
[2026-06-07 07:19:25] SlimMonoLogger.INFO: Cron ran at: 07-06-2026 07:19:25 AM [] []
[2026-06-07 07:19:52] SlimMonoLogger.INFO: Cron ran at: 07-06-2026 07:19:52 AM [] []
[2026-06-07 07:20:10] SlimMonoLogger.INFO: Cron ran at: 07-06-2026 07:20:10 AM [] []
[2026-06-07 07:20:21] SlimMonoLogger.INFO: Cron ran at: 07-06-2026 07:20:21 AM [] []
[2026-06-07 07:20:45] SlimMonoLogger.INFO: Cron ran at: 07-06-2026 07:20:45 AM [] []
[2026-06-07 07:20:56] SlimMonoLogger.INFO: Cron ran at: 07-06-2026 07:20:56 AM [] []
[2026-06-07 07:21:21] SlimMonoLogger.INFO: Cron ran at: 07-06-2026 07:21:21 AM [] []
[2026-06-07 07:21:36] SlimMonoLogger.INFO: Cron ran at: 07-06-2026 07:21:36 AM [] []
[2026-06-07 07:21:41] SlimMonoLogger.INFO: Cron ran at: 07-06-2026 07:21:41 AM [] []
[2026-06-07 07:22:02] SlimMonoLogger.INFO: Cron ran at: 07-06-2026 07:22:02 AM [] []
[2026-06-07 07:22:09] SlimMonoLogger.INFO: Cron ran at: 07-06-2026 07:22:09 AM [] []
[2026-06-07 07:22:11] SlimMonoLogger.INFO: Cron ran at: 07-06-2026 07:22:11 AM [] []
[2026-06-07 07:22:43] SlimMonoLogger.INFO: Cron ran at: 07-06-2026 07:22:43 AM [] []
[2026-06-07 07:22:52] SlimMonoLogger.INFO: Cron ran at: 07-06-2026 07:22:52 AM [] []
[2026-06-07 07:23:18] SlimMonoLogger.INFO: Cron ran at: 07-06-2026 07:23:18 AM [] []
[2026-06-07 07:23:19] SlimMonoLogger.INFO: Cron ran at: 07-06-2026 07:23:19 AM [] []
[2026-06-07 07:23:29] SlimMonoLogger.INFO: Cron ran at: 07-06-2026 07:23:29 AM [] []
[2026-06-07 07:23:43] SlimMonoLogger.INFO: Cron ran at: 07-06-2026 07:23:43 AM [] []
[2026-06-07 07:24:12] SlimMonoLogger.INFO: Cron ran at: 07-06-2026 07:24:12 AM [] []
[2026-06-07 07:24:18] SlimMonoLogger.INFO: Cron ran at: 07-06-2026 07:24:18 AM [] []
[2026-06-07 07:24:47] SlimMonoLogger.INFO: Cron ran at: 07-06-2026 07:24:47 AM [] []
[2026-06-07 07:24:54] SlimMonoLogger.INFO: Cron ran at: 07-06-2026 07:24:54 AM [] []
[2026-06-07 07:25:31] SlimMonoLogger.INFO: Cron ran at: 07-06-2026 07:25:31 AM [] []
[2026-06-07 07:25:31] SlimMonoLogger.INFO: Cron ran at: 07-06-2026 07:25:31 AM [] []
[2026-06-07 07:26:15] SlimMonoLogger.INFO: Cron ran at: 07-06-2026 07:26:15 AM [] []
[2026-06-07 07:26:15] SlimMonoLogger.INFO: Cron ran at: 07-06-2026 07:26:15 AM [] []
[2026-06-07 07:26:49] SlimMonoLogger.INFO: Cron ran at: 07-06-2026 07:26:49 AM [] []
[2026-06-07 07:26:50] SlimMonoLogger.INFO: Cron ran at: 07-06-2026 07:26:50 AM [] []
[2026-06-07 07:26:56] SlimMonoLogger.INFO: Cron ran at: 07-06-2026 07:26:56 AM [] []
[2026-06-07 07:27:26] SlimMonoLogger.INFO: Cron ran at: 07-06-2026 07:27:26 AM [] []
[2026-06-07 07:27:27] SlimMonoLogger.INFO: Cron ran at: 07-06-2026 07:27:27 AM [] []
[2026-06-07 07:27:28] SlimMonoLogger.INFO: Cron ran at: 07-06-2026 07:27:28 AM [] []
[2026-06-07 07:27:55] SlimMonoLogger.INFO: Cron ran at: 07-06-2026 07:27:55 AM [] []
[2026-06-07 07:28:08] SlimMonoLogger.INFO: Cron ran at: 07-06-2026 07:28:08 AM [] []
[2026-06-07 07:28:09] SlimMonoLogger.INFO: Cron ran at: 07-06-2026 07:28:09 AM [] []
[2026-06-07 07:28:27] SlimMonoLogger.INFO: Cron ran at: 07-06-2026 07:28:27 AM [] []
[2026-06-07 07:28:49] SlimMonoLogger.INFO: Cron ran at: 07-06-2026 07:28:49 AM [] []
[2026-06-07 07:28:50] SlimMonoLogger.INFO: Cron ran at: 07-06-2026 07:28:50 AM [] []
[2026-06-07 07:29:04] SlimMonoLogger.INFO: Cron ran at: 07-06-2026 07:29:04 AM [] []
[2026-06-07 07:29:28] SlimMonoLogger.INFO: Cron ran at: 07-06-2026 07:29:28 AM [] []
[2026-06-07 07:29:34] SlimMonoLogger.INFO: Cron ran at: 07-06-2026 07:29:34 AM [] []
[2026-06-07 07:30:10] SlimMonoLogger.INFO: Cron ran at: 07-06-2026 07:30:10 AM [] []
[2026-06-07 07:30:11] SlimMonoLogger.INFO: Cron ran at: 07-06-2026 07:30:11 AM [] []
[2026-06-07 07:30:33] SlimMonoLogger.ERROR: Requests_Exception: cURL error 28: Operation timed out after 500000 milliseconds with 15824 bytes received in /home/latihtal/public_html/agregator1/src/vendor/rmccue/requests/library/Requests/Transport/cURL.php:422
Stack trace:
#0 /home/latihtal/public_html/agregator1/src/vendor/rmccue/requests/library/Requests/Transport/cURL.php(177): Requests_Transport_cURL->process_response()
#1 /home/latihtal/public_html/agregator1/src/vendor/rmccue/requests/library/Requests.php(379): Requests_Transport_cURL->request()
#2 /home/latihtal/public_html/agregator1/src/vendor/rmccue/requests/library/Requests/Session.php(205): Requests::request()
#3 /home/latihtal/public_html/agregator1/src/vendor/rmccue/requests/library/Requests/Session.php(132): Requests_Session->request()
#4 /home/latihtal/public_html/agregator1/src/drivers/Http/RssImporter.php(144): Requests_Session->get()
#5 /home/latihtal/public_html/agregator1/src/controllers/Dashboard/DashboardFeedsController.php(534): spark\drivers\Http\RssImporter->fetchPosts()
#6 /home/latihtal/public_html/agregator1/src/controllers/Site/SiteController.php(722): spark\controllers\Dashboard\DashboardFeedsController::importFeedPosts()
#7 [internal function]: spark\controllers\Site\SiteController->runTasks()
#8 /home/latihtal/public_html/agregator1/src/framework/Route.php(173): call_user_func_array()
#9 [internal function]: Slim\Route->Slim\{closure}()
#10 /home/latihtal/public_html/agregator1/src/framework/Route.php(468): call_user_func_array()
#11 /home/latihtal/public_html/agregator1/src/framework/Slim.php(1364): Slim\Route->dispatch()
#12 /home/latihtal/public_html/agregator1/src/framework/Middleware/Flash.php(85): Slim\Slim->call()
#13 /home/latihtal/public_html/agregator1/src/framework/Middleware/MethodOverride.php(92): Slim\Middleware\Flash->call()
#14 /home/latihtal/public_html/agregator1/src/middlewares/CsrfGuard/CsrfGuard.php(47): Slim\Middleware\MethodOverride->call()
#15 /home/latihtal/public_html/agregator1/src/framework/Middleware/PrettyExceptions.php(67): spark\middlewares\CsrfGuard\CsrfGuard->call()
#16 /home/latihtal/public_html/agregator1/src/framework/Slim.php(1308): Slim\Middleware\PrettyExceptions->call()
#17 /home/latihtal/public_html/agregator1/index.php(6): Slim\Slim->run()
#18 {main} [] []
[2026-06-07 07:30:48] SlimMonoLogger.INFO: Cron ran at: 07-06-2026 07:30:48 AM [] []
[2026-06-07 07:30:48] SlimMonoLogger.INFO: Cron ran at: 07-06-2026 07:30:48 AM [] []
[2026-06-07 07:30:58] SlimMonoLogger.INFO: Cron ran at: 07-06-2026 07:30:58 AM [] []
[2026-06-07 07:31:17] SlimMonoLogger.INFO: Cron ran at: 07-06-2026 07:31:17 AM [] []
[2026-06-07 07:31:27] SlimMonoLogger.INFO: Cron ran at: 07-06-2026 07:31:27 AM [] []
[2026-06-07 07:31:35] SlimMonoLogger.INFO: Cron ran at: 07-06-2026 07:31:35 AM [] []
[2026-06-07 07:31:49] SlimMonoLogger.INFO: Cron ran at: 07-06-2026 07:31:49 AM [] []
[2026-06-07 07:32:08] SlimMonoLogger.INFO: Cron ran at: 07-06-2026 07:32:08 AM [] []
[2026-06-07 07:32:10] SlimMonoLogger.INFO: Cron ran at: 07-06-2026 07:32:10 AM [] []
[2026-06-07 07:32:22] SlimMonoLogger.INFO: Cron ran at: 07-06-2026 07:32:22 AM [] []
[2026-06-07 07:32:48] SlimMonoLogger.INFO: Cron ran at: 07-06-2026 07:32:48 AM [] []
[2026-06-07 07:32:52] SlimMonoLogger.INFO: Cron ran at: 07-06-2026 07:32:52 AM [] []
[2026-06-07 07:32:53] SlimMonoLogger.INFO: Cron ran at: 07-06-2026 07:32:53 AM [] []
[2026-06-07 07:33:27] SlimMonoLogger.INFO: Cron ran at: 07-06-2026 07:33:27 AM [] []
[2026-06-07 07:33:30] SlimMonoLogger.INFO: Cron ran at: 07-06-2026 07:33:30 AM [] []
[2026-06-07 07:33:31] SlimMonoLogger.INFO: Cron ran at: 07-06-2026 07:33:31 AM [] []
[2026-06-07 07:34:04] SlimMonoLogger.INFO: Cron ran at: 07-06-2026 07:34:04 AM [] []
[2026-06-07 07:34:12] SlimMonoLogger.INFO: Cron ran at: 07-06-2026 07:34:12 AM [] []
[2026-06-07 07:34:20] SlimMonoLogger.INFO: Cron ran at: 07-06-2026 07:34:20 AM [] []
[2026-06-07 07:34:55] SlimMonoLogger.INFO: Cron ran at: 07-06-2026 07:34:55 AM [] []
[2026-06-07 07:34:55] SlimMonoLogger.INFO: Cron ran at: 07-06-2026 07:34:55 AM [] []
[2026-06-07 07:35:38] SlimMonoLogger.INFO: Cron ran at: 07-06-2026 07:35:38 AM [] []
[2026-06-07 07:35:38] SlimMonoLogger.INFO: Cron ran at: 07-06-2026 07:35:38 AM [] []
[2026-06-07 07:36:15] SlimMonoLogger.INFO: Cron ran at: 07-06-2026 07:36:15 AM [] []
[2026-06-07 07:36:15] SlimMonoLogger.INFO: Cron ran at: 07-06-2026 07:36:15 AM [] []
[2026-06-07 07:36:54] SlimMonoLogger.INFO: Cron ran at: 07-06-2026 07:36:54 AM [] []
[2026-06-07 07:36:54] SlimMonoLogger.INFO: Cron ran at: 07-06-2026 07:36:54 AM [] []
[2026-06-07 07:36:55] SlimMonoLogger.INFO: Cron ran at: 07-06-2026 07:36:55 AM [] []
[2026-06-07 07:37:32] SlimMonoLogger.INFO: Cron ran at: 07-06-2026 07:37:32 AM [] []
[2026-06-07 07:37:32] SlimMonoLogger.INFO: Cron ran at: 07-06-2026 07:37:32 AM [] []
[2026-06-07 07:37:32] SlimMonoLogger.INFO: Cron ran at: 07-06-2026 07:37:32 AM [] []
[2026-06-07 07:38:01] SlimMonoLogger.INFO: Cron ran at: 07-06-2026 07:38:01 AM [] []
[2026-06-07 07:38:13] SlimMonoLogger.INFO: Cron ran at: 07-06-2026 07:38:13 AM [] []
[2026-06-07 07:38:14] SlimMonoLogger.INFO: Cron ran at: 07-06-2026 07:38:14 AM [] []
[2026-06-07 07:38:32] SlimMonoLogger.INFO: Cron ran at: 07-06-2026 07:38:32 AM [] []
[2026-06-07 07:38:52] SlimMonoLogger.INFO: Cron ran at: 07-06-2026 07:38:52 AM [] []
[2026-06-07 07:38:52] SlimMonoLogger.INFO: Cron ran at: 07-06-2026 07:38:52 AM [] []
[2026-06-07 07:39:06] SlimMonoLogger.INFO: Cron ran at: 07-06-2026 07:39:06 AM [] []
[2026-06-07 07:39:37] SlimMonoLogger.INFO: Cron ran at: 07-06-2026 07:39:37 AM [] []
[2026-06-07 07:39:42] SlimMonoLogger.INFO: Cron ran at: 07-06-2026 07:39:42 AM [] []
[2026-06-07 07:40:21] SlimMonoLogger.INFO: Cron ran at: 07-06-2026 07:40:21 AM [] []
[2026-06-07 07:40:21] SlimMonoLogger.INFO: Cron ran at: 07-06-2026 07:40:21 AM [] []
[2026-06-07 07:40:55] SlimMonoLogger.INFO: Cron ran at: 07-06-2026 07:40:55 AM [] []
[2026-06-07 07:40:56] SlimMonoLogger.INFO: Cron ran at: 07-06-2026 07:40:56 AM [] []
[2026-06-07 07:41:25] SlimMonoLogger.INFO: Cron ran at: 07-06-2026 07:41:25 AM [] []
[2026-06-07 07:41:34] SlimMonoLogger.INFO: Cron ran at: 07-06-2026 07:41:34 AM [] []
[2026-06-07 07:41:40] SlimMonoLogger.INFO: Cron ran at: 07-06-2026 07:41:40 AM [] []
[2026-06-07 07:41:56] SlimMonoLogger.INFO: Cron ran at: 07-06-2026 07:41:56 AM [] []
[2026-06-07 07:42:12] SlimMonoLogger.INFO: Cron ran at: 07-06-2026 07:42:12 AM [] []
[2026-06-07 07:42:14] SlimMonoLogger.INFO: Cron ran at: 07-06-2026 07:42:14 AM [] []
[2026-06-07 07:42:30] SlimMonoLogger.INFO: Cron ran at: 07-06-2026 07:42:30 AM [] []
[2026-06-07 07:42:54] SlimMonoLogger.INFO: Cron ran at: 07-06-2026 07:42:54 AM [] []
[2026-06-07 07:42:54] SlimMonoLogger.INFO: Cron ran at: 07-06-2026 07:42:54 AM [] []
[2026-06-07 07:42:54] SlimMonoLogger.INFO: Cron ran at: 07-06-2026 07:42:54 AM [] []
[2026-06-07 07:43:33] SlimMonoLogger.INFO: Cron ran at: 07-06-2026 07:43:33 AM [] []
[2026-06-07 07:43:33] SlimMonoLogger.INFO: Cron ran at: 07-06-2026 07:43:33 AM [] []
[2026-06-07 07:44:13] SlimMonoLogger.INFO: Cron ran at: 07-06-2026 07:44:13 AM [] []
[2026-06-07 07:44:13] SlimMonoLogger.INFO: Cron ran at: 07-06-2026 07:44:13 AM [] []
[2026-06-07 07:44:46] SlimMonoLogger.INFO: Cron ran at: 07-06-2026 07:44:46 AM [] []
[2026-06-07 07:44:54] SlimMonoLogger.INFO: Cron ran at: 07-06-2026 07:44:54 AM [] []
[2026-06-07 07:45:22] SlimMonoLogger.INFO: Cron ran at: 07-06-2026 07:45:22 AM [] []
[2026-06-07 07:45:35] SlimMonoLogger.INFO: Cron ran at: 07-06-2026 07:45:35 AM [] []
[2026-06-07 07:46:02] SlimMonoLogger.INFO: Cron ran at: 07-06-2026 07:46:02 AM [] []
[2026-06-07 07:46:15] SlimMonoLogger.INFO: Cron ran at: 07-06-2026 07:46:15 AM [] []
[2026-06-07 07:46:16] SlimMonoLogger.INFO: Cron ran at: 07-06-2026 07:46:16 AM [] []
[2026-06-07 07:46:40] SlimMonoLogger.INFO: Cron ran at: 07-06-2026 07:46:40 AM [] []
[2026-06-07 07:46:44] SlimMonoLogger.INFO: Cron ran at: 07-06-2026 07:46:44 AM [] []
[2026-06-07 07:46:57] SlimMonoLogger.INFO: Cron ran at: 07-06-2026 07:46:57 AM [] []
[2026-06-07 07:47:16] SlimMonoLogger.INFO: Cron ran at: 07-06-2026 07:47:16 AM [] []
[2026-06-07 07:47:17] SlimMonoLogger.INFO: Cron ran at: 07-06-2026 07:47:17 AM [] []
[2026-06-07 07:47:35] SlimMonoLogger.INFO: Cron ran at: 07-06-2026 07:47:35 AM [] []
[2026-06-07 07:47:53] SlimMonoLogger.INFO: Cron ran at: 07-06-2026 07:47:53 AM [] []
[2026-06-07 07:47:58] SlimMonoLogger.INFO: Cron ran at: 07-06-2026 07:47:58 AM [] []
[2026-06-07 07:48:20] SlimMonoLogger.INFO: Cron ran at: 07-06-2026 07:48:20 AM [] []
[2026-06-07 07:48:25] SlimMonoLogger.INFO: Cron ran at: 07-06-2026 07:48:25 AM [] []
[2026-06-07 07:48:37] SlimMonoLogger.INFO: Cron ran at: 07-06-2026 07:48:37 AM [] []
[2026-06-07 07:48:56] SlimMonoLogger.INFO: Cron ran at: 07-06-2026 07:48:56 AM [] []
[2026-06-07 07:48:57] SlimMonoLogger.INFO: Cron ran at: 07-06-2026 07:48:57 AM [] []
[2026-06-07 07:49:19] SlimMonoLogger.INFO: Cron ran at: 07-06-2026 07:49:19 AM [] []
[2026-06-07 07:49:36] SlimMonoLogger.INFO: Cron ran at: 07-06-2026 07:49:36 AM [] []
[2026-06-07 07:50:00] SlimMonoLogger.INFO: Cron ran at: 07-06-2026 07:50:00 AM [] []
[2026-06-07 07:50:13] SlimMonoLogger.INFO: Cron ran at: 07-06-2026 07:50:13 AM [] []
[2026-06-07 07:50:41] SlimMonoLogger.INFO: Cron ran at: 07-06-2026 07:50:41 AM [] []
[2026-06-07 07:50:50] SlimMonoLogger.INFO: Cron ran at: 07-06-2026 07:50:50 AM [] []
[2026-06-07 07:51:19] SlimMonoLogger.INFO: Cron ran at: 07-06-2026 07:51:19 AM [] []
[2026-06-07 07:51:21] SlimMonoLogger.INFO: Cron ran at: 07-06-2026 07:51:21 AM [] []
[2026-06-07 07:51:28] SlimMonoLogger.INFO: Cron ran at: 07-06-2026 07:51:28 AM [] []
[2026-06-07 07:51:58] SlimMonoLogger.INFO: Cron ran at: 07-06-2026 07:51:58 AM [] []
[2026-06-07 07:51:59] SlimMonoLogger.INFO: Cron ran at: 07-06-2026 07:51:59 AM [] []
[2026-06-07 07:52:09] SlimMonoLogger.INFO: Cron ran at: 07-06-2026 07:52:09 AM [] []
[2026-06-07 07:52:25] SlimMonoLogger.INFO: Cron ran at: 07-06-2026 07:52:25 AM [] []
[2026-06-07 07:52:39] SlimMonoLogger.INFO: Cron ran at: 07-06-2026 07:52:39 AM [] []
[2026-06-07 07:52:49] SlimMonoLogger.INFO: Cron ran at: 07-06-2026 07:52:49 AM [] []
[2026-06-07 07:52:59] SlimMonoLogger.INFO: Cron ran at: 07-06-2026 07:52:59 AM [] []
[2026-06-07 07:53:29] SlimMonoLogger.INFO: Cron ran at: 07-06-2026 07:53:29 AM [] []
[2026-06-07 07:53:33] SlimMonoLogger.INFO: Cron ran at: 07-06-2026 07:53:33 AM [] []
[2026-06-07 07:54:10] SlimMonoLogger.INFO: Cron ran at: 07-06-2026 07:54:10 AM [] []
[2026-06-07 07:54:10] SlimMonoLogger.INFO: Cron ran at: 07-06-2026 07:54:10 AM [] []
[2026-06-07 07:54:47] SlimMonoLogger.INFO: Cron ran at: 07-06-2026 07:54:47 AM [] []
[2026-06-07 07:54:49] SlimMonoLogger.INFO: Cron ran at: 07-06-2026 07:54:49 AM [] []
[2026-06-07 07:55:26] SlimMonoLogger.INFO: Cron ran at: 07-06-2026 07:55:26 AM [] []
[2026-06-07 07:55:33] SlimMonoLogger.INFO: Cron ran at: 07-06-2026 07:55:33 AM [] []
[2026-06-07 07:56:00] SlimMonoLogger.INFO: Cron ran at: 07-06-2026 07:56:00 AM [] []
[2026-06-07 07:56:10] SlimMonoLogger.INFO: Cron ran at: 07-06-2026 07:56:10 AM [] []
[2026-06-07 07:56:41] SlimMonoLogger.INFO: Cron ran at: 07-06-2026 07:56:41 AM [] []
[2026-06-07 07:56:51] SlimMonoLogger.INFO: Cron ran at: 07-06-2026 07:56:51 AM [] []
[2026-06-07 07:56:58] SlimMonoLogger.INFO: Cron ran at: 07-06-2026 07:56:58 AM [] []
[2026-06-07 07:57:15] SlimMonoLogger.INFO: Cron ran at: 07-06-2026 07:57:15 AM [] []
[2026-06-07 07:57:28] SlimMonoLogger.INFO: Cron ran at: 07-06-2026 07:57:28 AM [] []
[2026-06-07 07:57:29] SlimMonoLogger.INFO: Cron ran at: 07-06-2026 07:57:29 AM [] []
[2026-06-07 07:57:56] SlimMonoLogger.INFO: Cron ran at: 07-06-2026 07:57:56 AM [] []
[2026-06-07 07:57:56] SlimMonoLogger.INFO: Cron ran at: 07-06-2026 07:57:56 AM [] []
[2026-06-07 07:58:09] SlimMonoLogger.INFO: Cron ran at: 07-06-2026 07:58:09 AM [] []
[2026-06-07 07:58:34] SlimMonoLogger.INFO: Cron ran at: 07-06-2026 07:58:34 AM [] []
[2026-06-07 07:58:38] SlimMonoLogger.INFO: Cron ran at: 07-06-2026 07:58:38 AM [] []
[2026-06-07 07:59:09] SlimMonoLogger.INFO: Cron ran at: 07-06-2026 07:59:09 AM [] []
[2026-06-07 07:59:17] SlimMonoLogger.INFO: Cron ran at: 07-06-2026 07:59:17 AM [] []
[2026-06-07 07:59:45] SlimMonoLogger.INFO: Cron ran at: 07-06-2026 07:59:45 AM [] []
[2026-06-07 08:00:21] SlimMonoLogger.INFO: Cron ran at: 07-06-2026 08:00:21 AM [] []
[2026-06-07 08:00:21] SlimMonoLogger.INFO: Cron ran at: 07-06-2026 08:00:21 AM [] []
[2026-06-07 08:01:05] SlimMonoLogger.INFO: Cron ran at: 07-06-2026 08:01:05 AM [] []
[2026-06-07 08:01:06] SlimMonoLogger.INFO: Cron ran at: 07-06-2026 08:01:06 AM [] []
[2026-06-07 08:01:13] SlimMonoLogger.ERROR: Requests_Exception: cURL error 28: Operation timed out after 500001 milliseconds with 15824 bytes received in /home/latihtal/public_html/agregator1/src/vendor/rmccue/requests/library/Requests/Transport/cURL.php:422
Stack trace:
#0 /home/latihtal/public_html/agregator1/src/vendor/rmccue/requests/library/Requests/Transport/cURL.php(177): Requests_Transport_cURL->process_response()
#1 /home/latihtal/public_html/agregator1/src/vendor/rmccue/requests/library/Requests.php(379): Requests_Transport_cURL->request()
#2 /home/latihtal/public_html/agregator1/src/vendor/rmccue/requests/library/Requests/Session.php(205): Requests::request()
#3 /home/latihtal/public_html/agregator1/src/vendor/rmccue/requests/library/Requests/Session.php(132): Requests_Session->request()
#4 /home/latihtal/public_html/agregator1/src/drivers/Http/RssImporter.php(144): Requests_Session->get()
#5 /home/latihtal/public_html/agregator1/src/controllers/Dashboard/DashboardFeedsController.php(534): spark\drivers\Http\RssImporter->fetchPosts()
#6 /home/latihtal/public_html/agregator1/src/controllers/Site/SiteController.php(722): spark\controllers\Dashboard\DashboardFeedsController::importFeedPosts()
#7 [internal function]: spark\controllers\Site\SiteController->runTasks()
#8 /home/latihtal/public_html/agregator1/src/framework/Route.php(173): call_user_func_array()
#9 [internal function]: Slim\Route->Slim\{closure}()
#10 /home/latihtal/public_html/agregator1/src/framework/Route.php(468): call_user_func_array()
#11 /home/latihtal/public_html/agregator1/src/framework/Slim.php(1364): Slim\Route->dispatch()
#12 /home/latihtal/public_html/agregator1/src/framework/Middleware/Flash.php(85): Slim\Slim->call()
#13 /home/latihtal/public_html/agregator1/src/framework/Middleware/MethodOverride.php(92): Slim\Middleware\Flash->call()
#14 /home/latihtal/public_html/agregator1/src/middlewares/CsrfGuard/CsrfGuard.php(47): Slim\Middleware\MethodOverride->call()
#15 /home/latihtal/public_html/agregator1/src/framework/Middleware/PrettyExceptions.php(67): spark\middlewares\CsrfGuard\CsrfGuard->call()
#16 /home/latihtal/public_html/agregator1/src/framework/Slim.php(1308): Slim\Middleware\PrettyExceptions->call()
#17 /home/latihtal/public_html/agregator1/index.php(6): Slim\Slim->run()
#18 {main} [] []
[2026-06-07 08:01:37] SlimMonoLogger.INFO: Cron ran at: 07-06-2026 08:01:37 AM [] []
[2026-06-07 08:01:40] SlimMonoLogger.INFO: Cron ran at: 07-06-2026 08:01:40 AM [] []
[2026-06-07 08:01:43] SlimMonoLogger.INFO: Cron ran at: 07-06-2026 08:01:43 AM [] []
[2026-06-07 08:01:44] SlimMonoLogger.INFO: Cron ran at: 07-06-2026 08:01:44 AM [] []
[2026-06-07 08:02:05] SlimMonoLogger.INFO: Cron ran at: 07-06-2026 08:02:05 AM [] []
[2026-06-07 08:02:18] SlimMonoLogger.INFO: Cron ran at: 07-06-2026 08:02:18 AM [] []
[2026-06-07 08:02:24] SlimMonoLogger.INFO: Cron ran at: 07-06-2026 08:02:24 AM [] []
[2026-06-07 08:02:35] SlimMonoLogger.INFO: Cron ran at: 07-06-2026 08:02:35 AM [] []
[2026-06-07 08:02:58] SlimMonoLogger.INFO: Cron ran at: 07-06-2026 08:02:58 AM [] []
[2026-06-07 08:03:01] SlimMonoLogger.INFO: Cron ran at: 07-06-2026 08:03:01 AM [] []
[2026-06-07 08:03:12] SlimMonoLogger.INFO: Cron ran at: 07-06-2026 08:03:12 AM [] []
[2026-06-07 08:03:40] SlimMonoLogger.INFO: Cron ran at: 07-06-2026 08:03:40 AM [] []
[2026-06-07 08:03:42] SlimMonoLogger.INFO: Cron ran at: 07-06-2026 08:03:42 AM [] []
[2026-06-07 08:03:43] SlimMonoLogger.INFO: Cron ran at: 07-06-2026 08:03:43 AM [] []
[2026-06-07 08:04:15] SlimMonoLogger.INFO: Cron ran at: 07-06-2026 08:04:15 AM [] []
[2026-06-07 08:04:15] SlimMonoLogger.INFO: Cron ran at: 07-06-2026 08:04:15 AM [] []
[2026-06-07 08:04:53] SlimMonoLogger.INFO: Cron ran at: 07-06-2026 08:04:53 AM [] []
[2026-06-07 08:04:54] SlimMonoLogger.INFO: Cron ran at: 07-06-2026 08:04:54 AM [] []
[2026-06-07 08:05:31] SlimMonoLogger.INFO: Cron ran at: 07-06-2026 08:05:31 AM [] []
[2026-06-07 08:05:34] SlimMonoLogger.INFO: Cron ran at: 07-06-2026 08:05:34 AM [] []
[2026-06-07 08:06:14] SlimMonoLogger.INFO: Cron ran at: 07-06-2026 08:06:14 AM [] []
[2026-06-07 08:06:16] SlimMonoLogger.INFO: Cron ran at: 07-06-2026 08:06:16 AM [] []
[2026-06-07 08:06:22] SlimMonoLogger.INFO: Cron ran at: 07-06-2026 08:06:22 AM [] []
[2026-06-07 08:06:47] SlimMonoLogger.INFO: Cron ran at: 07-06-2026 08:06:47 AM [] []
[2026-06-07 08:06:52] SlimMonoLogger.INFO: Cron ran at: 07-06-2026 08:06:52 AM [] []
[2026-06-07 08:06:54] SlimMonoLogger.INFO: Cron ran at: 07-06-2026 08:06:54 AM [] []
[2026-06-07 08:07:26] SlimMonoLogger.INFO: Cron ran at: 07-06-2026 08:07:26 AM [] []
[2026-06-07 08:07:27] SlimMonoLogger.INFO: Cron ran at: 07-06-2026 08:07:27 AM [] []
[2026-06-07 08:07:36] SlimMonoLogger.INFO: Cron ran at: 07-06-2026 08:07:36 AM [] []
[2026-06-07 08:07:58] SlimMonoLogger.INFO: Cron ran at: 07-06-2026 08:07:58 AM [] []
[2026-06-07 08:08:04] SlimMonoLogger.INFO: Cron ran at: 07-06-2026 08:08:04 AM [] []
[2026-06-07 08:08:15] SlimMonoLogger.INFO: Cron ran at: 07-06-2026 08:08:15 AM [] []
[2026-06-07 08:08:33] SlimMonoLogger.INFO: Cron ran at: 07-06-2026 08:08:33 AM [] []
[2026-06-07 08:08:53] SlimMonoLogger.INFO: Cron ran at: 07-06-2026 08:08:53 AM [] []
[2026-06-07 08:08:56] SlimMonoLogger.INFO: Cron ran at: 07-06-2026 08:08:56 AM [] []
[2026-06-07 08:09:09] SlimMonoLogger.INFO: Cron ran at: 07-06-2026 08:09:09 AM [] []
[2026-06-07 08:09:29] SlimMonoLogger.INFO: Cron ran at: 07-06-2026 08:09:29 AM [] []
[2026-06-07 08:09:45] SlimMonoLogger.INFO: Cron ran at: 07-06-2026 08:09:45 AM [] []
[2026-06-07 08:10:07] SlimMonoLogger.INFO: Cron ran at: 07-06-2026 08:10:07 AM [] []
[2026-06-07 08:10:21] SlimMonoLogger.INFO: Cron ran at: 07-06-2026 08:10:21 AM [] []
[2026-06-07 08:10:52] SlimMonoLogger.INFO: Cron ran at: 07-06-2026 08:10:52 AM [] []
[2026-06-07 08:11:01] SlimMonoLogger.INFO: Cron ran at: 07-06-2026 08:11:01 AM [] []
[2026-06-07 08:11:27] SlimMonoLogger.INFO: Cron ran at: 07-06-2026 08:11:27 AM [] []
[2026-06-07 08:11:41] SlimMonoLogger.INFO: Cron ran at: 07-06-2026 08:11:41 AM [] []
[2026-06-07 08:11:42] SlimMonoLogger.INFO: Cron ran at: 07-06-2026 08:11:42 AM [] []
[2026-06-07 08:12:07] SlimMonoLogger.INFO: Cron ran at: 07-06-2026 08:12:07 AM [] []
[2026-06-07 08:12:11] SlimMonoLogger.INFO: Cron ran at: 07-06-2026 08:12:11 AM [] []
[2026-06-07 08:12:18] SlimMonoLogger.INFO: Cron ran at: 07-06-2026 08:12:18 AM [] []
[2026-06-07 08:12:45] SlimMonoLogger.INFO: Cron ran at: 07-06-2026 08:12:45 AM [] []
[2026-06-07 08:12:49] SlimMonoLogger.INFO: Cron ran at: 07-06-2026 08:12:49 AM [] []
[2026-06-07 08:12:59] SlimMonoLogger.INFO: Cron ran at: 07-06-2026 08:12:59 AM [] []
[2026-06-07 08:13:20] SlimMonoLogger.INFO: Cron ran at: 07-06-2026 08:13:20 AM [] []
[2026-06-07 08:13:23] SlimMonoLogger.INFO: Cron ran at: 07-06-2026 08:13:23 AM [] []
[2026-06-07 08:13:38] SlimMonoLogger.INFO: Cron ran at: 07-06-2026 08:13:38 AM [] []
[2026-06-07 08:13:55] SlimMonoLogger.INFO: Cron ran at: 07-06-2026 08:13:55 AM [] []
[2026-06-07 08:14:20] SlimMonoLogger.INFO: Cron ran at: 07-06-2026 08:14:20 AM [] []
[2026-06-07 08:14:33] SlimMonoLogger.INFO: Cron ran at: 07-06-2026 08:14:33 AM [] []
[2026-06-07 08:15:00] SlimMonoLogger.INFO: Cron ran at: 07-06-2026 08:15:00 AM [] []
[2026-06-07 08:15:05] SlimMonoLogger.INFO: Cron ran at: 07-06-2026 08:15:05 AM [] []
[2026-06-07 08:15:46] SlimMonoLogger.INFO: Cron ran at: 07-06-2026 08:15:46 AM [] []
[2026-06-07 08:15:46] SlimMonoLogger.INFO: Cron ran at: 07-06-2026 08:15:46 AM [] []
[2026-06-07 08:16:18] SlimMonoLogger.INFO: Cron ran at: 07-06-2026 08:16:18 AM [] []
[2026-06-07 08:16:19] SlimMonoLogger.INFO: Cron ran at: 07-06-2026 08:16:19 AM [] []
[2026-06-07 08:16:28] SlimMonoLogger.INFO: Cron ran at: 07-06-2026 08:16:28 AM [] []
[2026-06-07 08:17:01] SlimMonoLogger.INFO: Cron ran at: 07-06-2026 08:17:01 AM [] []
[2026-06-07 08:17:02] SlimMonoLogger.INFO: Cron ran at: 07-06-2026 08:17:02 AM [] []
[2026-06-07 08:17:03] SlimMonoLogger.INFO: Cron ran at: 07-06-2026 08:17:03 AM [] []
[2026-06-07 08:17:38] SlimMonoLogger.INFO: Cron ran at: 07-06-2026 08:17:38 AM [] []
[2026-06-07 08:17:38] SlimMonoLogger.INFO: Cron ran at: 07-06-2026 08:17:38 AM [] []
[2026-06-07 08:17:38] SlimMonoLogger.INFO: Cron ran at: 07-06-2026 08:17:38 AM [] []
[2026-06-07 08:18:09] SlimMonoLogger.INFO: Cron ran at: 07-06-2026 08:18:09 AM [] []
[2026-06-07 08:18:24] SlimMonoLogger.INFO: Cron ran at: 07-06-2026 08:18:24 AM [] []
[2026-06-07 08:18:24] SlimMonoLogger.INFO: Cron ran at: 07-06-2026 08:18:24 AM [] []
[2026-06-07 08:18:40] SlimMonoLogger.INFO: Cron ran at: 07-06-2026 08:18:40 AM [] []
[2026-06-07 08:19:04] SlimMonoLogger.INFO: Cron ran at: 07-06-2026 08:19:04 AM [] []
[2026-06-07 08:19:13] SlimMonoLogger.INFO: Cron ran at: 07-06-2026 08:19:13 AM [] []
[2026-06-07 08:19:43] SlimMonoLogger.INFO: Cron ran at: 07-06-2026 08:19:43 AM [] []
[2026-06-07 08:19:48] SlimMonoLogger.INFO: Cron ran at: 07-06-2026 08:19:48 AM [] []
[2026-06-07 08:20:24] SlimMonoLogger.INFO: Cron ran at: 07-06-2026 08:20:24 AM [] []
[2026-06-07 08:20:25] SlimMonoLogger.INFO: Cron ran at: 07-06-2026 08:20:25 AM [] []
[2026-06-07 08:21:05] SlimMonoLogger.INFO: Cron ran at: 07-06-2026 08:21:05 AM [] []
[2026-06-07 08:21:12] SlimMonoLogger.INFO: Cron ran at: 07-06-2026 08:21:12 AM [] []
[2026-06-07 08:21:46] SlimMonoLogger.INFO: Cron ran at: 07-06-2026 08:21:46 AM [] []
[2026-06-07 08:21:47] SlimMonoLogger.INFO: Cron ran at: 07-06-2026 08:21:47 AM [] []
[2026-06-07 08:21:49] SlimMonoLogger.INFO: Cron ran at: 07-06-2026 08:21:49 AM [] []
[2026-06-07 08:22:22] SlimMonoLogger.INFO: Cron ran at: 07-06-2026 08:22:22 AM [] []
[2026-06-07 08:22:22] SlimMonoLogger.INFO: Cron ran at: 07-06-2026 08:22:22 AM [] []
[2026-06-07 08:22:23] SlimMonoLogger.INFO: Cron ran at: 07-06-2026 08:22:23 AM [] []
[2026-06-07 08:22:58] SlimMonoLogger.INFO: Cron ran at: 07-06-2026 08:22:58 AM [] []
[2026-06-07 08:23:00] SlimMonoLogger.INFO: Cron ran at: 07-06-2026 08:23:00 AM [] []
[2026-06-07 08:23:00] SlimMonoLogger.INFO: Cron ran at: 07-06-2026 08:23:00 AM [] []
[2026-06-07 08:23:28] SlimMonoLogger.INFO: Cron ran at: 07-06-2026 08:23:28 AM [] []
[2026-06-07 08:23:41] SlimMonoLogger.INFO: Cron ran at: 07-06-2026 08:23:41 AM [] []
[2026-06-07 08:23:43] SlimMonoLogger.INFO: Cron ran at: 07-06-2026 08:23:43 AM [] []
[2026-06-07 08:23:59] SlimMonoLogger.INFO: Cron ran at: 07-06-2026 08:23:59 AM [] []
[2026-06-07 08:24:28] SlimMonoLogger.INFO: Cron ran at: 07-06-2026 08:24:28 AM [] []
[2026-06-07 08:24:39] SlimMonoLogger.INFO: Cron ran at: 07-06-2026 08:24:39 AM [] []
[2026-06-07 08:25:11] SlimMonoLogger.INFO: Cron ran at: 07-06-2026 08:25:11 AM [] []
[2026-06-07 08:25:22] SlimMonoLogger.INFO: Cron ran at: 07-06-2026 08:25:22 AM [] []
[2026-06-07 08:26:12] SlimMonoLogger.INFO: Cron ran at: 07-06-2026 08:26:12 AM [] []
[2026-06-07 08:26:13] SlimMonoLogger.INFO: Cron ran at: 07-06-2026 08:26:13 AM [] []
[2026-06-07 08:26:29] SlimMonoLogger.INFO: Cron ran at: 07-06-2026 08:26:29 AM [] []
[2026-06-07 08:26:30] SlimMonoLogger.INFO: Cron ran at: 07-06-2026 08:26:30 AM [] []
[2026-06-07 08:27:03] SlimMonoLogger.INFO: Cron ran at: 07-06-2026 08:27:03 AM [] []
[2026-06-07 08:27:09] SlimMonoLogger.INFO: Cron ran at: 07-06-2026 08:27:09 AM [] []
[2026-06-07 08:27:13] SlimMonoLogger.INFO: Cron ran at: 07-06-2026 08:27:13 AM [] []
[2026-06-07 08:27:30] SlimMonoLogger.INFO: Cron ran at: 07-06-2026 08:27:30 AM [] []
[2026-06-07 08:27:48] SlimMonoLogger.INFO: Cron ran at: 07-06-2026 08:27:48 AM [] []
[2026-06-07 08:27:49] SlimMonoLogger.INFO: Cron ran at: 07-06-2026 08:27:49 AM [] []
[2026-06-07 08:28:05] SlimMonoLogger.INFO: Cron ran at: 07-06-2026 08:28:05 AM [] []
[2026-06-07 08:28:27] SlimMonoLogger.INFO: Cron ran at: 07-06-2026 08:28:27 AM [] []
[2026-06-07 08:28:28] SlimMonoLogger.INFO: Cron ran at: 07-06-2026 08:28:28 AM [] []
[2026-06-07 08:28:31] SlimMonoLogger.INFO: Cron ran at: 07-06-2026 08:28:31 AM [] []
[2026-06-07 08:29:03] SlimMonoLogger.INFO: Cron ran at: 07-06-2026 08:29:03 AM [] []
[2026-06-07 08:29:05] SlimMonoLogger.INFO: Cron ran at: 07-06-2026 08:29:05 AM [] []
[2026-06-07 08:29:40] SlimMonoLogger.INFO: Cron ran at: 07-06-2026 08:29:40 AM [] []
[2026-06-07 08:29:42] SlimMonoLogger.INFO: Cron ran at: 07-06-2026 08:29:42 AM [] []
[2026-06-07 08:30:18] SlimMonoLogger.INFO: Cron ran at: 07-06-2026 08:30:18 AM [] []
[2026-06-07 08:30:27] SlimMonoLogger.INFO: Cron ran at: 07-06-2026 08:30:27 AM [] []
[2026-06-07 08:30:52] SlimMonoLogger.INFO: Cron ran at: 07-06-2026 08:30:52 AM [] []
[2026-06-07 08:31:10] SlimMonoLogger.INFO: Cron ran at: 07-06-2026 08:31:10 AM [] []
[2026-06-07 08:31:26] SlimMonoLogger.INFO: Cron ran at: 07-06-2026 08:31:26 AM [] []
[2026-06-07 08:31:27] SlimMonoLogger.INFO: Cron ran at: 07-06-2026 08:31:27 AM [] []
[2026-06-07 08:31:43] SlimMonoLogger.INFO: Cron ran at: 07-06-2026 08:31:43 AM [] []
[2026-06-07 08:32:05] SlimMonoLogger.INFO: Cron ran at: 07-06-2026 08:32:05 AM [] []
[2026-06-07 08:32:06] SlimMonoLogger.INFO: Cron ran at: 07-06-2026 08:32:06 AM [] []
[2026-06-07 08:32:24] SlimMonoLogger.INFO: Cron ran at: 07-06-2026 08:32:24 AM [] []
[2026-06-07 08:32:33] SlimMonoLogger.INFO: Cron ran at: 07-06-2026 08:32:33 AM [] []
[2026-06-07 08:32:46] SlimMonoLogger.INFO: Cron ran at: 07-06-2026 08:32:46 AM [] []
[2026-06-07 08:32:59] SlimMonoLogger.INFO: Cron ran at: 07-06-2026 08:32:59 AM [] []
[2026-06-07 08:33:00] SlimMonoLogger.INFO: Cron ran at: 07-06-2026 08:33:00 AM [] []
[2026-06-07 08:33:27] SlimMonoLogger.INFO: Cron ran at: 07-06-2026 08:33:27 AM [] []
[2026-06-07 08:33:40] SlimMonoLogger.INFO: Cron ran at: 07-06-2026 08:33:40 AM [] []
[2026-06-07 08:33:42] SlimMonoLogger.INFO: Cron ran at: 07-06-2026 08:33:42 AM [] []
[2026-06-07 08:34:07] SlimMonoLogger.INFO: Cron ran at: 07-06-2026 08:34:07 AM [] []
[2026-06-07 08:34:13] SlimMonoLogger.INFO: Cron ran at: 07-06-2026 08:34:13 AM [] []
[2026-06-07 08:35:54] SlimMonoLogger.INFO: Cron ran at: 07-06-2026 08:35:54 AM [] []
[2026-06-07 08:35:57] SlimMonoLogger.INFO: Cron ran at: 07-06-2026 08:35:57 AM [] []
[2026-06-07 08:36:40] SlimMonoLogger.INFO: Cron ran at: 07-06-2026 08:36:40 AM [] []
[2026-06-07 08:37:10] SlimMonoLogger.INFO: Cron ran at: 07-06-2026 08:37:10 AM [] []
[2026-06-07 08:37:39] SlimMonoLogger.INFO: Cron ran at: 07-06-2026 08:37:39 AM [] []
[2026-06-07 08:38:24] SlimMonoLogger.INFO: Cron ran at: 07-06-2026 08:38:24 AM [] []
[2026-06-07 08:38:58] SlimMonoLogger.INFO: Cron ran at: 07-06-2026 08:38:58 AM [] []
[2026-06-07 08:39:41] SlimMonoLogger.INFO: Cron ran at: 07-06-2026 08:39:41 AM [] []
[2026-06-07 08:40:24] SlimMonoLogger.INFO: Cron ran at: 07-06-2026 08:40:24 AM [] []
[2026-06-07 08:40:57] SlimMonoLogger.INFO: Cron ran at: 07-06-2026 08:40:57 AM [] []
[2026-06-07 08:41:36] SlimMonoLogger.INFO: Cron ran at: 07-06-2026 08:41:36 AM [] []
[2026-06-07 08:41:47] SlimMonoLogger.INFO: Cron ran at: 07-06-2026 08:41:47 AM [] []
[2026-06-07 08:41:58] SlimMonoLogger.INFO: Cron ran at: 07-06-2026 08:41:58 AM [] []
[2026-06-07 08:42:17] SlimMonoLogger.INFO: Cron ran at: 07-06-2026 08:42:17 AM [] []
[2026-06-07 08:42:34] SlimMonoLogger.INFO: Cron ran at: 07-06-2026 08:42:34 AM [] []
[2026-06-07 08:42:58] SlimMonoLogger.INFO: Cron ran at: 07-06-2026 08:42:58 AM [] []
[2026-06-07 08:43:04] SlimMonoLogger.INFO: Cron ran at: 07-06-2026 08:43:04 AM [] []
[2026-06-07 08:43:23] SlimMonoLogger.INFO: Cron ran at: 07-06-2026 08:43:23 AM [] []
[2026-06-07 08:43:24] SlimMonoLogger.INFO: Cron ran at: 07-06-2026 08:43:24 AM [] []
[2026-06-07 08:44:06] SlimMonoLogger.INFO: Cron ran at: 07-06-2026 08:44:06 AM [] []
[2026-06-07 08:44:07] SlimMonoLogger.INFO: Cron ran at: 07-06-2026 08:44:07 AM [] []
[2026-06-07 08:44:37] SlimMonoLogger.INFO: Cron ran at: 07-06-2026 08:44:37 AM [] []
[2026-06-07 08:44:42] SlimMonoLogger.INFO: Cron ran at: 07-06-2026 08:44:42 AM [] []
[2026-06-07 08:45:11] SlimMonoLogger.INFO: Cron ran at: 07-06-2026 08:45:11 AM [] []
[2026-06-07 08:45:19] SlimMonoLogger.INFO: Cron ran at: 07-06-2026 08:45:19 AM [] []
[2026-06-07 08:45:42] SlimMonoLogger.INFO: Cron ran at: 07-06-2026 08:45:42 AM [] []
[2026-06-07 08:45:54] SlimMonoLogger.INFO: Cron ran at: 07-06-2026 08:45:54 AM [] []
[2026-06-07 08:46:29] SlimMonoLogger.INFO: Cron ran at: 07-06-2026 08:46:29 AM [] []
[2026-06-07 08:46:30] SlimMonoLogger.INFO: Cron ran at: 07-06-2026 08:46:30 AM [] []
[2026-06-07 08:46:35] SlimMonoLogger.INFO: Cron ran at: 07-06-2026 08:46:35 AM [] []
[2026-06-07 08:46:57] SlimMonoLogger.INFO: Cron ran at: 07-06-2026 08:46:57 AM [] []
[2026-06-07 08:46:59] SlimMonoLogger.INFO: Cron ran at: 07-06-2026 08:46:59 AM [] []
[2026-06-07 08:47:15] SlimMonoLogger.INFO: Cron ran at: 07-06-2026 08:47:15 AM [] []
[2026-06-07 08:47:35] SlimMonoLogger.INFO: Cron ran at: 07-06-2026 08:47:35 AM [] []
[2026-06-07 08:47:37] SlimMonoLogger.INFO: Cron ran at: 07-06-2026 08:47:37 AM [] []
[2026-06-07 08:47:53] SlimMonoLogger.INFO: Cron ran at: 07-06-2026 08:47:53 AM [] []
[2026-06-07 08:48:06] SlimMonoLogger.INFO: Cron ran at: 07-06-2026 08:48:06 AM [] []
[2026-06-07 08:48:21] SlimMonoLogger.INFO: Cron ran at: 07-06-2026 08:48:21 AM [] []
[2026-06-07 08:48:44] SlimMonoLogger.INFO: Cron ran at: 07-06-2026 08:48:44 AM [] []
[2026-06-07 08:48:47] SlimMonoLogger.INFO: Cron ran at: 07-06-2026 08:48:47 AM [] []
[2026-06-07 08:49:15] SlimMonoLogger.INFO: Cron ran at: 07-06-2026 08:49:15 AM [] []
[2026-06-07 08:49:26] SlimMonoLogger.INFO: Cron ran at: 07-06-2026 08:49:26 AM [] []
[2026-06-07 08:50:00] SlimMonoLogger.INFO: Cron ran at: 07-06-2026 08:50:00 AM [] []
[2026-06-07 08:50:07] SlimMonoLogger.INFO: Cron ran at: 07-06-2026 08:50:07 AM [] []
[2026-06-07 08:50:44] SlimMonoLogger.INFO: Cron ran at: 07-06-2026 08:50:44 AM [] []
[2026-06-07 08:50:44] SlimMonoLogger.INFO: Cron ran at: 07-06-2026 08:50:44 AM [] []
[2026-06-07 08:51:20] SlimMonoLogger.INFO: Cron ran at: 07-06-2026 08:51:20 AM [] []
[2026-06-07 08:51:20] SlimMonoLogger.INFO: Cron ran at: 07-06-2026 08:51:20 AM [] []
[2026-06-07 08:51:49] SlimMonoLogger.INFO: Cron ran at: 07-06-2026 08:51:49 AM [] []
[2026-06-07 08:51:55] SlimMonoLogger.INFO: Cron ran at: 07-06-2026 08:51:55 AM [] []
[2026-06-07 08:51:59] SlimMonoLogger.INFO: Cron ran at: 07-06-2026 08:51:59 AM [] []
[2026-06-07 08:52:24] SlimMonoLogger.INFO: Cron ran at: 07-06-2026 08:52:24 AM [] []
[2026-06-07 08:52:25] SlimMonoLogger.INFO: Cron ran at: 07-06-2026 08:52:25 AM [] []
[2026-06-07 08:52:26] SlimMonoLogger.INFO: Cron ran at: 07-06-2026 08:52:26 AM [] []
[2026-06-07 08:52:56] SlimMonoLogger.INFO: Cron ran at: 07-06-2026 08:52:56 AM [] []
[2026-06-07 08:53:03] SlimMonoLogger.INFO: Cron ran at: 07-06-2026 08:53:03 AM [] []
[2026-06-07 08:53:04] SlimMonoLogger.INFO: Cron ran at: 07-06-2026 08:53:04 AM [] []
[2026-06-07 08:53:36] SlimMonoLogger.INFO: Cron ran at: 07-06-2026 08:53:36 AM [] []
[2026-06-07 08:53:47] SlimMonoLogger.INFO: Cron ran at: 07-06-2026 08:53:47 AM [] []
[2026-06-07 08:54:00] SlimMonoLogger.INFO: Cron ran at: 07-06-2026 08:54:00 AM [] []
[2026-06-07 08:54:32] SlimMonoLogger.INFO: Cron ran at: 07-06-2026 08:54:32 AM [] []
[2026-06-07 08:54:40] SlimMonoLogger.INFO: Cron ran at: 07-06-2026 08:54:40 AM [] []
[2026-06-07 08:55:03] SlimMonoLogger.INFO: Cron ran at: 07-06-2026 08:55:03 AM [] []
[2026-06-07 08:55:04] SlimMonoLogger.INFO: Cron ran at: 07-06-2026 08:55:04 AM [] []
[2026-06-07 08:55:44] SlimMonoLogger.INFO: Cron ran at: 07-06-2026 08:55:44 AM [] []
[2026-06-07 08:56:20] SlimMonoLogger.INFO: Cron ran at: 07-06-2026 08:56:20 AM [] []
[2026-06-07 08:57:23] SlimMonoLogger.INFO: Cron ran at: 07-06-2026 08:57:23 AM [] []
[2026-06-07 08:57:26] SlimMonoLogger.INFO: Cron ran at: 07-06-2026 08:57:26 AM [] []
[2026-06-07 08:57:26] SlimMonoLogger.INFO: Cron ran at: 07-06-2026 08:57:26 AM [] []
[2026-06-07 09:02:27] SlimMonoLogger.INFO: Cron ran at: 07-06-2026 09:02:27 AM [] []
[2026-06-07 09:02:48] SlimMonoLogger.INFO: Cron ran at: 07-06-2026 09:02:48 AM [] []
[2026-06-07 09:03:23] SlimMonoLogger.INFO: Cron ran at: 07-06-2026 09:03:23 AM [] []
[2026-06-07 09:03:46] SlimMonoLogger.INFO: Cron ran at: 07-06-2026 09:03:46 AM [] []
[2026-06-07 09:04:12] SlimMonoLogger.INFO: Cron ran at: 07-06-2026 09:04:12 AM [] []
[2026-06-07 09:04:50] SlimMonoLogger.INFO: Cron ran at: 07-06-2026 09:04:50 AM [] []
[2026-06-07 09:05:29] SlimMonoLogger.INFO: Cron ran at: 07-06-2026 09:05:29 AM [] []
[2026-06-07 09:06:02] SlimMonoLogger.INFO: Cron ran at: 07-06-2026 09:06:02 AM [] []
[2026-06-07 09:06:24] SlimMonoLogger.INFO: Cron ran at: 07-06-2026 09:06:24 AM [] []
[2026-06-07 09:06:38] SlimMonoLogger.INFO: Cron ran at: 07-06-2026 09:06:38 AM [] []
[2026-06-07 09:07:03] SlimMonoLogger.INFO: Cron ran at: 07-06-2026 09:07:03 AM [] []
[2026-06-07 09:07:15] SlimMonoLogger.INFO: Cron ran at: 07-06-2026 09:07:15 AM [] []
[2026-06-07 09:07:25] SlimMonoLogger.INFO: Cron ran at: 07-06-2026 09:07:25 AM [] []
[2026-06-07 09:08:00] SlimMonoLogger.INFO: Cron ran at: 07-06-2026 09:08:00 AM [] []
[2026-06-07 09:08:18] SlimMonoLogger.INFO: Cron ran at: 07-06-2026 09:08:18 AM [] []
[2026-06-07 09:08:35] SlimMonoLogger.INFO: Cron ran at: 07-06-2026 09:08:35 AM [] []
[2026-06-07 09:08:59] SlimMonoLogger.INFO: Cron ran at: 07-06-2026 09:08:59 AM [] []
[2026-06-07 09:09:09] SlimMonoLogger.INFO: Cron ran at: 07-06-2026 09:09:09 AM [] []
[2026-06-07 09:09:38] SlimMonoLogger.INFO: Cron ran at: 07-06-2026 09:09:38 AM [] []
[2026-06-07 09:09:43] SlimMonoLogger.INFO: Cron ran at: 07-06-2026 09:09:43 AM [] []
[2026-06-07 09:10:34] SlimMonoLogger.INFO: Cron ran at: 07-06-2026 09:10:34 AM [] []
[2026-06-07 09:10:35] SlimMonoLogger.INFO: Cron ran at: 07-06-2026 09:10:35 AM [] []
[2026-06-07 09:11:11] SlimMonoLogger.INFO: Cron ran at: 07-06-2026 09:11:11 AM [] []
[2026-06-07 09:11:11] SlimMonoLogger.INFO: Cron ran at: 07-06-2026 09:11:11 AM [] []
[2026-06-07 09:11:52] SlimMonoLogger.INFO: Cron ran at: 07-06-2026 09:11:52 AM [] []
[2026-06-07 09:11:53] SlimMonoLogger.INFO: Cron ran at: 07-06-2026 09:11:53 AM [] []
[2026-06-07 09:12:00] SlimMonoLogger.INFO: Cron ran at: 07-06-2026 09:12:00 AM [] []
[2026-06-07 09:12:33] SlimMonoLogger.INFO: Cron ran at: 07-06-2026 09:12:33 AM [] []
[2026-06-07 09:12:33] SlimMonoLogger.INFO: Cron ran at: 07-06-2026 09:12:33 AM [] []
[2026-06-07 09:12:34] SlimMonoLogger.INFO: Cron ran at: 07-06-2026 09:12:34 AM [] []
[2026-06-07 09:13:13] SlimMonoLogger.INFO: Cron ran at: 07-06-2026 09:13:13 AM [] []
[2026-06-07 09:13:14] SlimMonoLogger.INFO: Cron ran at: 07-06-2026 09:13:14 AM [] []
[2026-06-07 09:13:22] SlimMonoLogger.INFO: Cron ran at: 07-06-2026 09:13:22 AM [] []
[2026-06-07 09:13:38] SlimMonoLogger.INFO: Cron ran at: 07-06-2026 09:13:38 AM [] []
[2026-06-07 09:13:48] SlimMonoLogger.INFO: Cron ran at: 07-06-2026 09:13:48 AM [] []
[2026-06-07 09:13:51] SlimMonoLogger.INFO: Cron ran at: 07-06-2026 09:13:51 AM [] []
[2026-06-07 09:14:13] SlimMonoLogger.INFO: Cron ran at: 07-06-2026 09:14:13 AM [] []
[2026-06-07 09:14:19] SlimMonoLogger.INFO: Cron ran at: 07-06-2026 09:14:19 AM [] []
[2026-06-07 09:14:28] SlimMonoLogger.INFO: Cron ran at: 07-06-2026 09:14:28 AM [] []
[2026-06-07 09:14:37] SlimMonoLogger.INFO: Cron ran at: 07-06-2026 09:14:37 AM [] []
[2026-06-07 09:15:10] SlimMonoLogger.INFO: Cron ran at: 07-06-2026 09:15:10 AM [] []
[2026-06-07 09:15:11] SlimMonoLogger.INFO: Cron ran at: 07-06-2026 09:15:11 AM [] []
[2026-06-07 09:15:49] SlimMonoLogger.INFO: Cron ran at: 07-06-2026 09:15:49 AM [] []
[2026-06-07 09:15:53] SlimMonoLogger.INFO: Cron ran at: 07-06-2026 09:15:53 AM [] []
[2026-06-07 09:16:29] SlimMonoLogger.INFO: Cron ran at: 07-06-2026 09:16:29 AM [] []
[2026-06-07 09:16:29] SlimMonoLogger.INFO: Cron ran at: 07-06-2026 09:16:29 AM [] []
[2026-06-07 09:16:30] SlimMonoLogger.INFO: Cron ran at: 07-06-2026 09:16:30 AM [] []
[2026-06-07 09:17:00] SlimMonoLogger.INFO: Cron ran at: 07-06-2026 09:17:00 AM [] []
[2026-06-07 09:17:05] SlimMonoLogger.INFO: Cron ran at: 07-06-2026 09:17:05 AM [] []
[2026-06-07 09:17:05] SlimMonoLogger.INFO: Cron ran at: 07-06-2026 09:17:05 AM [] []
[2026-06-07 09:17:32] SlimMonoLogger.INFO: Cron ran at: 07-06-2026 09:17:32 AM [] []
[2026-06-07 09:17:46] SlimMonoLogger.INFO: Cron ran at: 07-06-2026 09:17:46 AM [] []
[2026-06-07 09:17:46] SlimMonoLogger.INFO: Cron ran at: 07-06-2026 09:17:46 AM [] []
[2026-06-07 09:18:07] SlimMonoLogger.INFO: Cron ran at: 07-06-2026 09:18:07 AM [] []
[2026-06-07 09:18:26] SlimMonoLogger.INFO: Cron ran at: 07-06-2026 09:18:26 AM [] []
[2026-06-07 09:18:27] SlimMonoLogger.INFO: Cron ran at: 07-06-2026 09:18:27 AM [] []
[2026-06-07 09:18:37] SlimMonoLogger.INFO: Cron ran at: 07-06-2026 09:18:37 AM [] []
[2026-06-07 09:19:07] SlimMonoLogger.INFO: Cron ran at: 07-06-2026 09:19:07 AM [] []
[2026-06-07 09:19:11] SlimMonoLogger.INFO: Cron ran at: 07-06-2026 09:19:11 AM [] []
[2026-06-07 09:19:46] SlimMonoLogger.INFO: Cron ran at: 07-06-2026 09:19:46 AM [] []
[2026-06-07 09:19:52] SlimMonoLogger.INFO: Cron ran at: 07-06-2026 09:19:52 AM [] []
[2026-06-07 09:20:33] SlimMonoLogger.INFO: Cron ran at: 07-06-2026 09:20:33 AM [] []
[2026-06-07 09:20:33] SlimMonoLogger.INFO: Cron ran at: 07-06-2026 09:20:33 AM [] []
[2026-06-07 09:21:06] SlimMonoLogger.INFO: Cron ran at: 07-06-2026 09:21:06 AM [] []
[2026-06-07 09:21:10] SlimMonoLogger.INFO: Cron ran at: 07-06-2026 09:21:10 AM [] []
[2026-06-07 09:21:43] SlimMonoLogger.INFO: Cron ran at: 07-06-2026 09:21:43 AM [] []
[2026-06-07 09:21:43] SlimMonoLogger.INFO: Cron ran at: 07-06-2026 09:21:43 AM [] []
[2026-06-07 09:21:46] SlimMonoLogger.INFO: Cron ran at: 07-06-2026 09:21:46 AM [] []
[2026-06-07 09:22:14] SlimMonoLogger.INFO: Cron ran at: 07-06-2026 09:22:14 AM [] []
[2026-06-07 09:22:24] SlimMonoLogger.INFO: Cron ran at: 07-06-2026 09:22:24 AM [] []
[2026-06-07 09:22:24] SlimMonoLogger.INFO: Cron ran at: 07-06-2026 09:22:24 AM [] []
[2026-06-07 09:22:46] SlimMonoLogger.INFO: Cron ran at: 07-06-2026 09:22:46 AM [] []
[2026-06-07 09:23:02] SlimMonoLogger.INFO: Cron ran at: 07-06-2026 09:23:02 AM [] []
[2026-06-07 09:23:04] SlimMonoLogger.INFO: Cron ran at: 07-06-2026 09:23:04 AM [] []
[2026-06-07 09:23:23] SlimMonoLogger.INFO: Cron ran at: 07-06-2026 09:23:23 AM [] []
[2026-06-07 09:23:45] SlimMonoLogger.INFO: Cron ran at: 07-06-2026 09:23:45 AM [] []
[2026-06-07 09:23:45] SlimMonoLogger.INFO: Cron ran at: 07-06-2026 09:23:45 AM [] []
[2026-06-07 09:23:50] SlimMonoLogger.INFO: Cron ran at: 07-06-2026 09:23:50 AM [] []
[2026-06-07 09:24:25] SlimMonoLogger.INFO: Cron ran at: 07-06-2026 09:24:25 AM [] []
[2026-06-07 09:24:27] SlimMonoLogger.INFO: Cron ran at: 07-06-2026 09:24:27 AM [] []
[2026-06-07 09:25:21] SlimMonoLogger.INFO: Cron ran at: 07-06-2026 09:25:21 AM [] []
[2026-06-07 09:25:25] SlimMonoLogger.INFO: Cron ran at: 07-06-2026 09:25:25 AM [] []
[2026-06-07 09:25:53] SlimMonoLogger.INFO: Cron ran at: 07-06-2026 09:25:53 AM [] []
[2026-06-07 09:25:59] SlimMonoLogger.INFO: Cron ran at: 07-06-2026 09:25:59 AM [] []
[2026-06-07 09:26:35] SlimMonoLogger.INFO: Cron ran at: 07-06-2026 09:26:35 AM [] []
[2026-06-07 09:26:40] SlimMonoLogger.INFO: Cron ran at: 07-06-2026 09:26:40 AM [] []
[2026-06-07 09:27:04] SlimMonoLogger.INFO: Cron ran at: 07-06-2026 09:27:04 AM [] []
[2026-06-07 09:27:15] SlimMonoLogger.INFO: Cron ran at: 07-06-2026 09:27:15 AM [] []
[2026-06-07 09:27:21] SlimMonoLogger.INFO: Cron ran at: 07-06-2026 09:27:21 AM [] []
[2026-06-07 09:27:30] SlimMonoLogger.INFO: Cron ran at: 07-06-2026 09:27:30 AM [] []
[2026-06-07 09:27:55] SlimMonoLogger.INFO: Cron ran at: 07-06-2026 09:27:55 AM [] []
[2026-06-07 09:28:02] SlimMonoLogger.INFO: Cron ran at: 07-06-2026 09:28:02 AM [] []
[2026-06-07 09:28:02] SlimMonoLogger.INFO: Cron ran at: 07-06-2026 09:28:02 AM [] []
[2026-06-07 09:28:30] SlimMonoLogger.INFO: Cron ran at: 07-06-2026 09:28:30 AM [] []
[2026-06-07 09:28:31] SlimMonoLogger.INFO: Cron ran at: 07-06-2026 09:28:31 AM [] []
[2026-06-07 09:28:33] SlimMonoLogger.INFO: Cron ran at: 07-06-2026 09:28:33 AM [] []
[2026-06-07 09:29:02] SlimMonoLogger.INFO: Cron ran at: 07-06-2026 09:29:02 AM [] []
[2026-06-07 09:29:03] SlimMonoLogger.INFO: Cron ran at: 07-06-2026 09:29:03 AM [] []
[2026-06-07 09:29:36] SlimMonoLogger.INFO: Cron ran at: 07-06-2026 09:29:36 AM [] []
[2026-06-07 09:29:39] SlimMonoLogger.INFO: Cron ran at: 07-06-2026 09:29:39 AM [] []
[2026-06-07 09:30:07] SlimMonoLogger.INFO: Cron ran at: 07-06-2026 09:30:07 AM [] []
[2026-06-07 09:30:19] SlimMonoLogger.INFO: Cron ran at: 07-06-2026 09:30:19 AM [] []
[2026-06-07 09:30:48] SlimMonoLogger.INFO: Cron ran at: 07-06-2026 09:30:48 AM [] []
[2026-06-07 09:30:56] SlimMonoLogger.INFO: Cron ran at: 07-06-2026 09:30:56 AM [] []
[2026-06-07 09:31:18] SlimMonoLogger.INFO: Cron ran at: 07-06-2026 09:31:18 AM [] []
[2026-06-07 09:31:34] SlimMonoLogger.INFO: Cron ran at: 07-06-2026 09:31:34 AM [] []
[2026-06-07 09:31:38] SlimMonoLogger.INFO: Cron ran at: 07-06-2026 09:31:38 AM [] []
[2026-06-07 09:31:56] SlimMonoLogger.INFO: Cron ran at: 07-06-2026 09:31:56 AM [] []
[2026-06-07 09:32:09] SlimMonoLogger.INFO: Cron ran at: 07-06-2026 09:32:09 AM [] []
[2026-06-07 09:32:10] SlimMonoLogger.INFO: Cron ran at: 07-06-2026 09:32:10 AM [] []
[2026-06-07 09:32:38] SlimMonoLogger.INFO: Cron ran at: 07-06-2026 09:32:38 AM [] []
[2026-06-07 09:32:50] SlimMonoLogger.INFO: Cron ran at: 07-06-2026 09:32:50 AM [] []
[2026-06-07 09:32:52] SlimMonoLogger.INFO: Cron ran at: 07-06-2026 09:32:52 AM [] []
[2026-06-07 09:33:13] SlimMonoLogger.INFO: Cron ran at: 07-06-2026 09:33:13 AM [] []
[2026-06-07 09:33:13] SlimMonoLogger.INFO: Cron ran at: 07-06-2026 09:33:13 AM [] []
[2026-06-07 09:33:34] SlimMonoLogger.INFO: Cron ran at: 07-06-2026 09:33:34 AM [] []
[2026-06-07 09:33:48] SlimMonoLogger.INFO: Cron ran at: 07-06-2026 09:33:48 AM [] []
[2026-06-07 09:33:58] SlimMonoLogger.INFO: Cron ran at: 07-06-2026 09:33:58 AM [] []
[2026-06-07 09:34:22] SlimMonoLogger.INFO: Cron ran at: 07-06-2026 09:34:22 AM [] []
[2026-06-07 09:34:36] SlimMonoLogger.INFO: Cron ran at: 07-06-2026 09:34:36 AM [] []
[2026-06-07 09:34:58] SlimMonoLogger.INFO: Cron ran at: 07-06-2026 09:34:58 AM [] []
[2026-06-07 09:35:19] SlimMonoLogger.INFO: Cron ran at: 07-06-2026 09:35:19 AM [] []
[2026-06-07 09:35:38] SlimMonoLogger.INFO: Cron ran at: 07-06-2026 09:35:38 AM [] []
[2026-06-07 09:35:57] SlimMonoLogger.INFO: Cron ran at: 07-06-2026 09:35:57 AM [] []
[2026-06-07 09:36:16] SlimMonoLogger.INFO: Cron ran at: 07-06-2026 09:36:16 AM [] []
[2026-06-07 09:36:36] SlimMonoLogger.INFO: Cron ran at: 07-06-2026 09:36:36 AM [] []
[2026-06-07 09:36:36] SlimMonoLogger.INFO: Cron ran at: 07-06-2026 09:36:36 AM [] []
[2026-06-07 09:36:53] SlimMonoLogger.INFO: Cron ran at: 07-06-2026 09:36:53 AM [] []
[2026-06-07 09:37:05] SlimMonoLogger.INFO: Cron ran at: 07-06-2026 09:37:05 AM [] []
[2026-06-07 09:37:14] SlimMonoLogger.INFO: Cron ran at: 07-06-2026 09:37:14 AM [] []
[2026-06-07 09:37:34] SlimMonoLogger.INFO: Cron ran at: 07-06-2026 09:37:34 AM [] []
[2026-06-07 09:37:38] SlimMonoLogger.INFO: Cron ran at: 07-06-2026 09:37:38 AM [] []
[2026-06-07 09:38:54] SlimMonoLogger.INFO: Cron ran at: 07-06-2026 09:38:54 AM [] []
[2026-06-07 09:38:55] SlimMonoLogger.INFO: Cron ran at: 07-06-2026 09:38:55 AM [] []
[2026-06-07 09:38:55] SlimMonoLogger.INFO: Cron ran at: 07-06-2026 09:38:55 AM [] []
[2026-06-07 09:41:35] SlimMonoLogger.INFO: Cron ran at: 07-06-2026 09:41:35 AM [] []
[2026-06-07 09:41:59] SlimMonoLogger.INFO: Cron ran at: 07-06-2026 09:41:59 AM [] []
[2026-06-07 09:42:25] SlimMonoLogger.INFO: Cron ran at: 07-06-2026 09:42:25 AM [] []
[2026-06-07 09:43:03] SlimMonoLogger.INFO: Cron ran at: 07-06-2026 09:43:03 AM [] []
[2026-06-07 09:43:33] SlimMonoLogger.INFO: Cron ran at: 07-06-2026 09:43:33 AM [] []
[2026-06-07 09:44:18] SlimMonoLogger.INFO: Cron ran at: 07-06-2026 09:44:18 AM [] []
[2026-06-07 09:44:51] SlimMonoLogger.INFO: Cron ran at: 07-06-2026 09:44:51 AM [] []
[2026-06-07 09:45:30] SlimMonoLogger.INFO: Cron ran at: 07-06-2026 09:45:30 AM [] []
[2026-06-07 09:46:08] SlimMonoLogger.INFO: Cron ran at: 07-06-2026 09:46:08 AM [] []
[2026-06-07 09:46:32] SlimMonoLogger.INFO: Cron ran at: 07-06-2026 09:46:32 AM [] []
[2026-06-07 09:46:50] SlimMonoLogger.INFO: Cron ran at: 07-06-2026 09:46:50 AM [] []
[2026-06-07 09:47:02] SlimMonoLogger.INFO: Cron ran at: 07-06-2026 09:47:02 AM [] []
[2026-06-07 09:47:29] SlimMonoLogger.INFO: Cron ran at: 07-06-2026 09:47:29 AM [] []
[2026-06-07 09:47:38] SlimMonoLogger.INFO: Cron ran at: 07-06-2026 09:47:38 AM [] []
[2026-06-07 09:48:09] SlimMonoLogger.INFO: Cron ran at: 07-06-2026 09:48:09 AM [] []
[2026-06-07 09:48:09] SlimMonoLogger.INFO: Cron ran at: 07-06-2026 09:48:09 AM [] []
[2026-06-07 09:48:42] SlimMonoLogger.INFO: Cron ran at: 07-06-2026 09:48:42 AM [] []
[2026-06-07 09:48:43] SlimMonoLogger.INFO: Cron ran at: 07-06-2026 09:48:43 AM [] []
[2026-06-07 09:49:15] SlimMonoLogger.INFO: Cron ran at: 07-06-2026 09:49:15 AM [] []
[2026-06-07 09:49:22] SlimMonoLogger.INFO: Cron ran at: 07-06-2026 09:49:22 AM [] []
[2026-06-07 09:49:52] SlimMonoLogger.INFO: Cron ran at: 07-06-2026 09:49:52 AM [] []
[2026-06-07 09:50:11] SlimMonoLogger.INFO: Cron ran at: 07-06-2026 09:50:11 AM [] []
[2026-06-07 09:50:25] SlimMonoLogger.INFO: Cron ran at: 07-06-2026 09:50:25 AM [] []
[2026-06-07 09:50:42] SlimMonoLogger.INFO: Cron ran at: 07-06-2026 09:50:42 AM [] []
[2026-06-07 09:51:01] SlimMonoLogger.INFO: Cron ran at: 07-06-2026 09:51:01 AM [] []
[2026-06-07 09:51:22] SlimMonoLogger.INFO: Cron ran at: 07-06-2026 09:51:22 AM [] []
[2026-06-07 09:51:43] SlimMonoLogger.INFO: Cron ran at: 07-06-2026 09:51:43 AM [] []
[2026-06-07 09:51:46] SlimMonoLogger.INFO: Cron ran at: 07-06-2026 09:51:46 AM [] []
[2026-06-07 09:52:03] SlimMonoLogger.INFO: Cron ran at: 07-06-2026 09:52:03 AM [] []
[2026-06-07 09:52:19] SlimMonoLogger.INFO: Cron ran at: 07-06-2026 09:52:19 AM [] []
[2026-06-07 09:52:20] SlimMonoLogger.INFO: Cron ran at: 07-06-2026 09:52:20 AM [] []
[2026-06-07 09:52:41] SlimMonoLogger.INFO: Cron ran at: 07-06-2026 09:52:41 AM [] []
[2026-06-07 09:52:52] SlimMonoLogger.INFO: Cron ran at: 07-06-2026 09:52:52 AM [] []
[2026-06-07 09:53:00] SlimMonoLogger.INFO: Cron ran at: 07-06-2026 09:53:00 AM [] []
[2026-06-07 09:53:23] SlimMonoLogger.INFO: Cron ran at: 07-06-2026 09:53:23 AM [] []
[2026-06-07 09:53:23] SlimMonoLogger.INFO: Cron ran at: 07-06-2026 09:53:23 AM [] []
[2026-06-07 09:53:44] SlimMonoLogger.INFO: Cron ran at: 07-06-2026 09:53:44 AM [] []
[2026-06-07 09:54:00] SlimMonoLogger.INFO: Cron ran at: 07-06-2026 09:54:00 AM [] []
[2026-06-07 09:54:24] SlimMonoLogger.INFO: Cron ran at: 07-06-2026 09:54:24 AM [] []
[2026-06-07 09:54:32] SlimMonoLogger.INFO: Cron ran at: 07-06-2026 09:54:32 AM [] []
[2026-06-07 09:55:02] SlimMonoLogger.INFO: Cron ran at: 07-06-2026 09:55:02 AM [] []
[2026-06-07 09:55:07] SlimMonoLogger.INFO: Cron ran at: 07-06-2026 09:55:07 AM [] []
[2026-06-07 09:55:41] SlimMonoLogger.INFO: Cron ran at: 07-06-2026 09:55:41 AM [] []
[2026-06-07 09:55:42] SlimMonoLogger.INFO: Cron ran at: 07-06-2026 09:55:42 AM [] []
[2026-06-07 09:57:12] SlimMonoLogger.INFO: Cron ran at: 07-06-2026 09:57:12 AM [] []
[2026-06-07 09:57:12] SlimMonoLogger.INFO: Cron ran at: 07-06-2026 09:57:12 AM [] []
[2026-06-07 09:57:12] SlimMonoLogger.INFO: Cron ran at: 07-06-2026 09:57:12 AM [] []
[2026-06-07 10:01:34] SlimMonoLogger.INFO: Cron ran at: 07-06-2026 10:01:34 AM [] []
[2026-06-07 10:02:05] SlimMonoLogger.INFO: Cron ran at: 07-06-2026 10:02:05 AM [] []
[2026-06-07 10:02:34] SlimMonoLogger.INFO: Cron ran at: 07-06-2026 10:02:34 AM [] []
[2026-06-07 10:02:58] SlimMonoLogger.INFO: Cron ran at: 07-06-2026 10:02:58 AM [] []
[2026-06-07 10:03:31] SlimMonoLogger.INFO: Cron ran at: 07-06-2026 10:03:31 AM [] []
[2026-06-07 10:04:06] SlimMonoLogger.INFO: Cron ran at: 07-06-2026 10:04:06 AM [] []
[2026-06-07 10:04:46] SlimMonoLogger.INFO: Cron ran at: 07-06-2026 10:04:46 AM [] []
[2026-06-07 10:05:19] SlimMonoLogger.INFO: Cron ran at: 07-06-2026 10:05:19 AM [] []
[2026-06-07 10:06:07] SlimMonoLogger.INFO: Cron ran at: 07-06-2026 10:06:07 AM [] []
[2026-06-07 10:06:51] SlimMonoLogger.INFO: Cron ran at: 07-06-2026 10:06:51 AM [] []
[2026-06-07 10:06:53] SlimMonoLogger.INFO: Cron ran at: 07-06-2026 10:06:53 AM [] []
[2026-06-07 10:07:24] SlimMonoLogger.INFO: Cron ran at: 07-06-2026 10:07:24 AM [] []
[2026-06-07 10:07:25] SlimMonoLogger.INFO: Cron ran at: 07-06-2026 10:07:25 AM [] []
[2026-06-07 10:07:56] SlimMonoLogger.INFO: Cron ran at: 07-06-2026 10:07:56 AM [] []
[2026-06-07 10:07:59] SlimMonoLogger.INFO: Cron ran at: 07-06-2026 10:07:59 AM [] []
[2026-06-07 10:08:27] SlimMonoLogger.INFO: Cron ran at: 07-06-2026 10:08:27 AM [] []
[2026-06-07 10:08:39] SlimMonoLogger.INFO: Cron ran at: 07-06-2026 10:08:39 AM [] []
[2026-06-07 10:09:06] SlimMonoLogger.INFO: Cron ran at: 07-06-2026 10:09:06 AM [] []
[2026-06-07 10:09:19] SlimMonoLogger.INFO: Cron ran at: 07-06-2026 10:09:19 AM [] []
[2026-06-07 10:09:39] SlimMonoLogger.INFO: Cron ran at: 07-06-2026 10:09:39 AM [] []
[2026-06-07 10:10:01] SlimMonoLogger.INFO: Cron ran at: 07-06-2026 10:10:01 AM [] []
[2026-06-07 10:10:11] SlimMonoLogger.INFO: Cron ran at: 07-06-2026 10:10:11 AM [] []
[2026-06-07 10:10:45] SlimMonoLogger.INFO: Cron ran at: 07-06-2026 10:10:45 AM [] []
[2026-06-07 10:10:47] SlimMonoLogger.INFO: Cron ran at: 07-06-2026 10:10:47 AM [] []
[2026-06-07 10:11:23] SlimMonoLogger.INFO: Cron ran at: 07-06-2026 10:11:23 AM [] []
[2026-06-07 10:11:27] SlimMonoLogger.INFO: Cron ran at: 07-06-2026 10:11:27 AM [] []
[2026-06-07 10:11:55] SlimMonoLogger.INFO: Cron ran at: 07-06-2026 10:11:55 AM [] []
[2026-06-07 10:12:01] SlimMonoLogger.INFO: Cron ran at: 07-06-2026 10:12:01 AM [] []
[2026-06-07 10:12:03] SlimMonoLogger.INFO: Cron ran at: 07-06-2026 10:12:03 AM [] []
[2026-06-07 10:12:27] SlimMonoLogger.INFO: Cron ran at: 07-06-2026 10:12:27 AM [] []
[2026-06-07 10:12:40] SlimMonoLogger.INFO: Cron ran at: 07-06-2026 10:12:40 AM [] []
[2026-06-07 10:12:48] SlimMonoLogger.INFO: Cron ran at: 07-06-2026 10:12:48 AM [] []
[2026-06-07 10:13:00] SlimMonoLogger.INFO: Cron ran at: 07-06-2026 10:13:00 AM [] []
[2026-06-07 10:13:20] SlimMonoLogger.INFO: Cron ran at: 07-06-2026 10:13:20 AM [] []
[2026-06-07 10:13:29] SlimMonoLogger.INFO: Cron ran at: 07-06-2026 10:13:29 AM [] []
[2026-06-07 10:13:30] SlimMonoLogger.INFO: Cron ran at: 07-06-2026 10:13:30 AM [] []
[2026-06-07 10:14:09] SlimMonoLogger.INFO: Cron ran at: 07-06-2026 10:14:09 AM [] []
[2026-06-07 10:14:10] SlimMonoLogger.INFO: Cron ran at: 07-06-2026 10:14:10 AM [] []
[2026-06-07 10:14:43] SlimMonoLogger.INFO: Cron ran at: 07-06-2026 10:14:43 AM [] []
[2026-06-07 10:14:47] SlimMonoLogger.INFO: Cron ran at: 07-06-2026 10:14:47 AM [] []
[2026-06-07 10:15:14] SlimMonoLogger.INFO: Cron ran at: 07-06-2026 10:15:14 AM [] []
[2026-06-07 10:15:21] SlimMonoLogger.INFO: Cron ran at: 07-06-2026 10:15:21 AM [] []
[2026-06-07 10:15:47] SlimMonoLogger.INFO: Cron ran at: 07-06-2026 10:15:47 AM [] []
[2026-06-07 10:15:56] SlimMonoLogger.INFO: Cron ran at: 07-06-2026 10:15:56 AM [] []
[2026-06-07 10:16:33] SlimMonoLogger.INFO: Cron ran at: 07-06-2026 10:16:33 AM [] []
[2026-06-07 10:16:48] SlimMonoLogger.INFO: Cron ran at: 07-06-2026 10:16:48 AM [] []
[2026-06-07 10:16:55] SlimMonoLogger.INFO: Cron ran at: 07-06-2026 10:16:55 AM [] []
[2026-06-07 10:17:07] SlimMonoLogger.INFO: Cron ran at: 07-06-2026 10:17:07 AM [] []
[2026-06-07 10:17:16] SlimMonoLogger.INFO: Cron ran at: 07-06-2026 10:17:16 AM [] []
[2026-06-07 10:17:16] SlimMonoLogger.INFO: Cron ran at: 07-06-2026 10:17:16 AM [] []
[2026-06-07 10:17:47] SlimMonoLogger.INFO: Cron ran at: 07-06-2026 10:17:47 AM [] []
[2026-06-07 10:18:08] SlimMonoLogger.INFO: Cron ran at: 07-06-2026 10:18:08 AM [] []
[2026-06-07 10:18:22] SlimMonoLogger.INFO: Cron ran at: 07-06-2026 10:18:22 AM [] []
[2026-06-07 10:18:23] SlimMonoLogger.INFO: Cron ran at: 07-06-2026 10:18:23 AM [] []
[2026-06-07 10:18:54] SlimMonoLogger.INFO: Cron ran at: 07-06-2026 10:18:54 AM [] []
[2026-06-07 10:18:57] SlimMonoLogger.INFO: Cron ran at: 07-06-2026 10:18:57 AM [] []
[2026-06-07 10:19:06] SlimMonoLogger.INFO: Cron ran at: 07-06-2026 10:19:06 AM [] []
[2026-06-07 10:19:31] SlimMonoLogger.INFO: Cron ran at: 07-06-2026 10:19:31 AM [] []
[2026-06-07 10:19:48] SlimMonoLogger.INFO: Cron ran at: 07-06-2026 10:19:48 AM [] []
[2026-06-07 10:20:07] SlimMonoLogger.INFO: Cron ran at: 07-06-2026 10:20:07 AM [] []
[2026-06-07 10:20:28] SlimMonoLogger.INFO: Cron ran at: 07-06-2026 10:20:28 AM [] []
[2026-06-07 10:20:45] SlimMonoLogger.INFO: Cron ran at: 07-06-2026 10:20:45 AM [] []
[2026-06-07 10:21:03] SlimMonoLogger.INFO: Cron ran at: 07-06-2026 10:21:03 AM [] []
[2026-06-07 10:21:29] SlimMonoLogger.INFO: Cron ran at: 07-06-2026 10:21:29 AM [] []
[2026-06-07 10:21:53] SlimMonoLogger.INFO: Cron ran at: 07-06-2026 10:21:53 AM [] []
[2026-06-07 10:21:53] SlimMonoLogger.INFO: Cron ran at: 07-06-2026 10:21:53 AM [] []
[2026-06-07 10:22:15] SlimMonoLogger.INFO: Cron ran at: 07-06-2026 10:22:15 AM [] []
[2026-06-07 10:22:32] SlimMonoLogger.INFO: Cron ran at: 07-06-2026 10:22:32 AM [] []
[2026-06-07 10:22:33] SlimMonoLogger.INFO: Cron ran at: 07-06-2026 10:22:33 AM [] []
[2026-06-07 10:22:50] SlimMonoLogger.INFO: Cron ran at: 07-06-2026 10:22:50 AM [] []
[2026-06-07 10:22:59] SlimMonoLogger.INFO: Cron ran at: 07-06-2026 10:22:59 AM [] []
[2026-06-07 10:23:12] SlimMonoLogger.INFO: Cron ran at: 07-06-2026 10:23:12 AM [] []
[2026-06-07 10:23:24] SlimMonoLogger.INFO: Cron ran at: 07-06-2026 10:23:24 AM [] []
[2026-06-07 10:23:32] SlimMonoLogger.INFO: Cron ran at: 07-06-2026 10:23:32 AM [] []
[2026-06-07 10:24:00] SlimMonoLogger.INFO: Cron ran at: 07-06-2026 10:24:00 AM [] []
[2026-06-07 10:24:14] SlimMonoLogger.INFO: Cron ran at: 07-06-2026 10:24:14 AM [] []
[2026-06-07 10:24:21] SlimMonoLogger.INFO: Cron ran at: 07-06-2026 10:24:21 AM [] []
[2026-06-07 10:24:45] SlimMonoLogger.INFO: Cron ran at: 07-06-2026 10:24:45 AM [] []
[2026-06-07 10:24:47] SlimMonoLogger.INFO: Cron ran at: 07-06-2026 10:24:47 AM [] []
[2026-06-07 10:25:15] SlimMonoLogger.INFO: Cron ran at: 07-06-2026 10:25:15 AM [] []
[2026-06-07 10:25:23] SlimMonoLogger.INFO: Cron ran at: 07-06-2026 10:25:23 AM [] []
[2026-06-07 10:25:38] SlimMonoLogger.ERROR: Requests_Exception: cURL error 28: Operation timed out after 500002 milliseconds with 15824 bytes received in /home/latihtal/public_html/agregator1/src/vendor/rmccue/requests/library/Requests/Transport/cURL.php:422
Stack trace:
#0 /home/latihtal/public_html/agregator1/src/vendor/rmccue/requests/library/Requests/Transport/cURL.php(177): Requests_Transport_cURL->process_response()
#1 /home/latihtal/public_html/agregator1/src/vendor/rmccue/requests/library/Requests.php(379): Requests_Transport_cURL->request()
#2 /home/latihtal/public_html/agregator1/src/vendor/rmccue/requests/library/Requests/Session.php(205): Requests::request()
#3 /home/latihtal/public_html/agregator1/src/vendor/rmccue/requests/library/Requests/Session.php(132): Requests_Session->request()
#4 /home/latihtal/public_html/agregator1/src/drivers/Http/RssImporter.php(144): Requests_Session->get()
#5 /home/latihtal/public_html/agregator1/src/controllers/Dashboard/DashboardFeedsController.php(534): spark\drivers\Http\RssImporter->fetchPosts()
#6 /home/latihtal/public_html/agregator1/src/controllers/Site/SiteController.php(722): spark\controllers\Dashboard\DashboardFeedsController::importFeedPosts()
#7 [internal function]: spark\controllers\Site\SiteController->runTasks()
#8 /home/latihtal/public_html/agregator1/src/framework/Route.php(173): call_user_func_array()
#9 [internal function]: Slim\Route->Slim\{closure}()
#10 /home/latihtal/public_html/agregator1/src/framework/Route.php(468): call_user_func_array()
#11 /home/latihtal/public_html/agregator1/src/framework/Slim.php(1364): Slim\Route->dispatch()
#12 /home/latihtal/public_html/agregator1/src/framework/Middleware/Flash.php(85): Slim\Slim->call()
#13 /home/latihtal/public_html/agregator1/src/framework/Middleware/MethodOverride.php(92): Slim\Middleware\Flash->call()
#14 /home/latihtal/public_html/agregator1/src/middlewares/CsrfGuard/CsrfGuard.php(47): Slim\Middleware\MethodOverride->call()
#15 /home/latihtal/public_html/agregator1/src/framework/Middleware/PrettyExceptions.php(67): spark\middlewares\CsrfGuard\CsrfGuard->call()
#16 /home/latihtal/public_html/agregator1/src/framework/Slim.php(1308): Slim\Middleware\PrettyExceptions->call()
#17 /home/latihtal/public_html/agregator1/index.php(6): Slim\Slim->run()
#18 {main} [] []
[2026-06-07 10:25:49] SlimMonoLogger.INFO: Cron ran at: 07-06-2026 10:25:49 AM [] []
[2026-06-07 10:26:03] SlimMonoLogger.INFO: Cron ran at: 07-06-2026 10:26:03 AM [] []
[2026-06-07 10:26:11] SlimMonoLogger.INFO: Cron ran at: 07-06-2026 10:26:11 AM [] []
[2026-06-07 10:26:27] SlimMonoLogger.INFO: Cron ran at: 07-06-2026 10:26:27 AM [] []
[2026-06-07 10:26:46] SlimMonoLogger.INFO: Cron ran at: 07-06-2026 10:26:46 AM [] []
[2026-06-07 10:27:01] SlimMonoLogger.INFO: Cron ran at: 07-06-2026 10:27:01 AM [] []
[2026-06-07 10:27:01] SlimMonoLogger.INFO: Cron ran at: 07-06-2026 10:27:01 AM [] []
[2026-06-07 10:27:23] SlimMonoLogger.INFO: Cron ran at: 07-06-2026 10:27:23 AM [] []
[2026-06-07 10:27:31] SlimMonoLogger.INFO: Cron ran at: 07-06-2026 10:27:31 AM [] []
[2026-06-07 10:27:42] SlimMonoLogger.INFO: Cron ran at: 07-06-2026 10:27:42 AM [] []
[2026-06-07 10:28:02] SlimMonoLogger.INFO: Cron ran at: 07-06-2026 10:28:02 AM [] []
[2026-06-07 10:28:03] SlimMonoLogger.INFO: Cron ran at: 07-06-2026 10:28:03 AM [] []
[2026-06-07 10:28:23] SlimMonoLogger.INFO: Cron ran at: 07-06-2026 10:28:23 AM [] []
[2026-06-07 10:28:40] SlimMonoLogger.INFO: Cron ran at: 07-06-2026 10:28:40 AM [] []
[2026-06-07 10:28:42] SlimMonoLogger.INFO: Cron ran at: 07-06-2026 10:28:42 AM [] []
[2026-06-07 10:29:06] SlimMonoLogger.INFO: Cron ran at: 07-06-2026 10:29:06 AM [] []
[2026-06-07 10:29:08] SlimMonoLogger.INFO: Cron ran at: 07-06-2026 10:29:08 AM [] []
[2026-06-07 10:29:43] SlimMonoLogger.INFO: Cron ran at: 07-06-2026 10:29:43 AM [] []
[2026-06-07 10:29:45] SlimMonoLogger.INFO: Cron ran at: 07-06-2026 10:29:45 AM [] []
[2026-06-07 10:30:23] SlimMonoLogger.INFO: Cron ran at: 07-06-2026 10:30:23 AM [] []
[2026-06-07 10:30:24] SlimMonoLogger.INFO: Cron ran at: 07-06-2026 10:30:24 AM [] []
[2026-06-07 10:31:07] SlimMonoLogger.INFO: Cron ran at: 07-06-2026 10:31:07 AM [] []
[2026-06-07 10:31:16] SlimMonoLogger.INFO: Cron ran at: 07-06-2026 10:31:16 AM [] []
[2026-06-07 10:31:55] SlimMonoLogger.INFO: Cron ran at: 07-06-2026 10:31:55 AM [] []
[2026-06-07 10:32:04] SlimMonoLogger.INFO: Cron ran at: 07-06-2026 10:32:04 AM [] []
[2026-06-07 10:32:11] SlimMonoLogger.INFO: Cron ran at: 07-06-2026 10:32:11 AM [] []
[2026-06-07 10:32:22] SlimMonoLogger.INFO: Cron ran at: 07-06-2026 10:32:22 AM [] []
[2026-06-07 10:32:28] SlimMonoLogger.INFO: Cron ran at: 07-06-2026 10:32:28 AM [] []
[2026-06-07 10:32:41] SlimMonoLogger.INFO: Cron ran at: 07-06-2026 10:32:41 AM [] []
[2026-06-07 10:32:58] SlimMonoLogger.INFO: Cron ran at: 07-06-2026 10:32:58 AM [] []
[2026-06-07 10:33:16] SlimMonoLogger.INFO: Cron ran at: 07-06-2026 10:33:16 AM [] []
[2026-06-07 10:33:27] SlimMonoLogger.INFO: Cron ran at: 07-06-2026 10:33:27 AM [] []
[2026-06-07 10:33:41] SlimMonoLogger.INFO: Cron ran at: 07-06-2026 10:33:41 AM [] []
[2026-06-07 10:33:56] SlimMonoLogger.INFO: Cron ran at: 07-06-2026 10:33:56 AM [] []
[2026-06-07 10:33:56] SlimMonoLogger.INFO: Cron ran at: 07-06-2026 10:33:56 AM [] []
[2026-06-07 10:34:28] SlimMonoLogger.INFO: Cron ran at: 07-06-2026 10:34:28 AM [] []
[2026-06-07 10:34:32] SlimMonoLogger.INFO: Cron ran at: 07-06-2026 10:34:32 AM [] []
[2026-06-07 10:35:11] SlimMonoLogger.INFO: Cron ran at: 07-06-2026 10:35:11 AM [] []
[2026-06-07 10:35:11] SlimMonoLogger.INFO: Cron ran at: 07-06-2026 10:35:11 AM [] []
[2026-06-07 10:35:46] SlimMonoLogger.INFO: Cron ran at: 07-06-2026 10:35:46 AM [] []
[2026-06-07 10:35:52] SlimMonoLogger.INFO: Cron ran at: 07-06-2026 10:35:52 AM [] []
[2026-06-07 10:36:19] SlimMonoLogger.INFO: Cron ran at: 07-06-2026 10:36:19 AM [] []
[2026-06-07 10:36:20] SlimMonoLogger.INFO: Cron ran at: 07-06-2026 10:36:20 AM [] []
[2026-06-07 10:36:28] SlimMonoLogger.INFO: Cron ran at: 07-06-2026 10:36:28 AM [] []
[2026-06-07 10:36:53] SlimMonoLogger.INFO: Cron ran at: 07-06-2026 10:36:53 AM [] []
[2026-06-07 10:36:57] SlimMonoLogger.INFO: Cron ran at: 07-06-2026 10:36:57 AM [] []
[2026-06-07 10:37:07] SlimMonoLogger.INFO: Cron ran at: 07-06-2026 10:37:07 AM [] []
[2026-06-07 10:37:26] SlimMonoLogger.INFO: Cron ran at: 07-06-2026 10:37:26 AM [] []
[2026-06-07 10:37:39] SlimMonoLogger.INFO: Cron ran at: 07-06-2026 10:37:39 AM [] []
[2026-06-07 10:37:47] SlimMonoLogger.INFO: Cron ran at: 07-06-2026 10:37:47 AM [] []
[2026-06-07 10:37:55] SlimMonoLogger.INFO: Cron ran at: 07-06-2026 10:37:55 AM [] []
[2026-06-07 10:38:25] SlimMonoLogger.INFO: Cron ran at: 07-06-2026 10:38:25 AM [] []
[2026-06-07 10:38:25] SlimMonoLogger.INFO: Cron ran at: 07-06-2026 10:38:25 AM [] []
[2026-06-07 10:38:28] SlimMonoLogger.INFO: Cron ran at: 07-06-2026 10:38:28 AM [] []
[2026-06-07 10:39:07] SlimMonoLogger.INFO: Cron ran at: 07-06-2026 10:39:07 AM [] []
[2026-06-07 10:39:07] SlimMonoLogger.INFO: Cron ran at: 07-06-2026 10:39:07 AM [] []
[2026-06-07 10:39:08] SlimMonoLogger.INFO: Cron ran at: 07-06-2026 10:39:08 AM [] []
[2026-06-07 10:39:41] SlimMonoLogger.INFO: Cron ran at: 07-06-2026 10:39:41 AM [] []
[2026-06-07 10:39:42] SlimMonoLogger.INFO: Cron ran at: 07-06-2026 10:39:42 AM [] []
[2026-06-07 10:40:22] SlimMonoLogger.INFO: Cron ran at: 07-06-2026 10:40:22 AM [] []
[2026-06-07 10:40:27] SlimMonoLogger.INFO: Cron ran at: 07-06-2026 10:40:27 AM [] []
[2026-06-07 10:41:05] SlimMonoLogger.INFO: Cron ran at: 07-06-2026 10:41:05 AM [] []
[2026-06-07 10:41:08] SlimMonoLogger.INFO: Cron ran at: 07-06-2026 10:41:08 AM [] []
[2026-06-07 10:41:52] SlimMonoLogger.INFO: Cron ran at: 07-06-2026 10:41:52 AM [] []
[2026-06-07 10:42:02] SlimMonoLogger.INFO: Cron ran at: 07-06-2026 10:42:02 AM [] []
[2026-06-07 10:42:02] SlimMonoLogger.INFO: Cron ran at: 07-06-2026 10:42:02 AM [] []
[2026-06-07 10:42:36] SlimMonoLogger.INFO: Cron ran at: 07-06-2026 10:42:36 AM [] []
[2026-06-07 10:42:37] SlimMonoLogger.INFO: Cron ran at: 07-06-2026 10:42:37 AM [] []
[2026-06-07 10:42:45] SlimMonoLogger.INFO: Cron ran at: 07-06-2026 10:42:45 AM [] []
[2026-06-07 10:43:04] SlimMonoLogger.INFO: Cron ran at: 07-06-2026 10:43:04 AM [] []
[2026-06-07 10:43:12] SlimMonoLogger.INFO: Cron ran at: 07-06-2026 10:43:12 AM [] []
[2026-06-07 10:43:27] SlimMonoLogger.INFO: Cron ran at: 07-06-2026 10:43:27 AM [] []
[2026-06-07 10:43:38] SlimMonoLogger.INFO: Cron ran at: 07-06-2026 10:43:38 AM [] []
[2026-06-07 10:43:55] SlimMonoLogger.INFO: Cron ran at: 07-06-2026 10:43:55 AM [] []
[2026-06-07 10:44:01] SlimMonoLogger.INFO: Cron ran at: 07-06-2026 10:44:01 AM [] []
[2026-06-07 10:44:10] SlimMonoLogger.INFO: Cron ran at: 07-06-2026 10:44:10 AM [] []
[2026-06-07 10:44:36] SlimMonoLogger.INFO: Cron ran at: 07-06-2026 10:44:36 AM [] []
[2026-06-07 10:44:42] SlimMonoLogger.INFO: Cron ran at: 07-06-2026 10:44:42 AM [] []
[2026-06-07 10:44:42] SlimMonoLogger.INFO: Cron ran at: 07-06-2026 10:44:42 AM [] []
[2026-06-07 10:45:20] SlimMonoLogger.INFO: Cron ran at: 07-06-2026 10:45:20 AM [] []
[2026-06-07 10:45:21] SlimMonoLogger.INFO: Cron ran at: 07-06-2026 10:45:21 AM [] []
[2026-06-07 10:45:59] SlimMonoLogger.INFO: Cron ran at: 07-06-2026 10:45:59 AM [] []
[2026-06-07 10:46:01] SlimMonoLogger.INFO: Cron ran at: 07-06-2026 10:46:01 AM [] []
[2026-06-07 10:46:42] SlimMonoLogger.INFO: Cron ran at: 07-06-2026 10:46:42 AM [] []
[2026-06-07 10:46:42] SlimMonoLogger.INFO: Cron ran at: 07-06-2026 10:46:42 AM [] []
[2026-06-07 10:46:55] SlimMonoLogger.INFO: Cron ran at: 07-06-2026 10:46:55 AM [] []
[2026-06-07 10:47:05] SlimMonoLogger.INFO: Cron ran at: 07-06-2026 10:47:05 AM [] []
[2026-06-07 10:47:06] SlimMonoLogger.INFO: Cron ran at: 07-06-2026 10:47:06 AM [] []
[2026-06-07 10:47:18] SlimMonoLogger.INFO: Cron ran at: 07-06-2026 10:47:18 AM [] []
[2026-06-07 10:47:49] SlimMonoLogger.INFO: Cron ran at: 07-06-2026 10:47:49 AM [] []
[2026-06-07 10:47:49] SlimMonoLogger.INFO: Cron ran at: 07-06-2026 10:47:49 AM [] []
[2026-06-07 10:47:56] SlimMonoLogger.INFO: Cron ran at: 07-06-2026 10:47:56 AM [] []
[2026-06-07 10:48:28] SlimMonoLogger.INFO: Cron ran at: 07-06-2026 10:48:28 AM [] []
[2026-06-07 10:48:29] SlimMonoLogger.INFO: Cron ran at: 07-06-2026 10:48:29 AM [] []
[2026-06-07 10:48:45] SlimMonoLogger.INFO: Cron ran at: 07-06-2026 10:48:45 AM [] []
[2026-06-07 10:48:57] SlimMonoLogger.INFO: Cron ran at: 07-06-2026 10:48:57 AM [] []
[2026-06-07 10:49:32] SlimMonoLogger.INFO: Cron ran at: 07-06-2026 10:49:32 AM [] []
[2026-06-07 10:49:33] SlimMonoLogger.INFO: Cron ran at: 07-06-2026 10:49:33 AM [] []
[2026-06-07 10:50:10] SlimMonoLogger.INFO: Cron ran at: 07-06-2026 10:50:10 AM [] []
[2026-06-07 10:50:10] SlimMonoLogger.INFO: Cron ran at: 07-06-2026 10:50:10 AM [] []
[2026-06-07 10:50:51] SlimMonoLogger.INFO: Cron ran at: 07-06-2026 10:50:51 AM [] []
[2026-06-07 10:50:54] SlimMonoLogger.INFO: Cron ran at: 07-06-2026 10:50:54 AM [] []
[2026-06-07 10:51:25] SlimMonoLogger.INFO: Cron ran at: 07-06-2026 10:51:25 AM [] []
[2026-06-07 10:51:30] SlimMonoLogger.INFO: Cron ran at: 07-06-2026 10:51:30 AM [] []
[2026-06-07 10:51:31] SlimMonoLogger.INFO: Cron ran at: 07-06-2026 10:51:31 AM [] []
[2026-06-07 10:52:06] SlimMonoLogger.INFO: Cron ran at: 07-06-2026 10:52:06 AM [] []
[2026-06-07 10:52:07] SlimMonoLogger.INFO: Cron ran at: 07-06-2026 10:52:07 AM [] []
[2026-06-07 10:52:12] SlimMonoLogger.INFO: Cron ran at: 07-06-2026 10:52:12 AM [] []
[2026-06-07 10:52:32] SlimMonoLogger.INFO: Cron ran at: 07-06-2026 10:52:32 AM [] []
[2026-06-07 10:52:41] SlimMonoLogger.INFO: Cron ran at: 07-06-2026 10:52:41 AM [] []
[2026-06-07 10:52:52] SlimMonoLogger.INFO: Cron ran at: 07-06-2026 10:52:52 AM [] []
[2026-06-07 10:53:10] SlimMonoLogger.INFO: Cron ran at: 07-06-2026 10:53:10 AM [] []
[2026-06-07 10:53:23] SlimMonoLogger.INFO: Cron ran at: 07-06-2026 10:53:23 AM [] []
[2026-06-07 10:53:32] SlimMonoLogger.INFO: Cron ran at: 07-06-2026 10:53:32 AM [] []
[2026-06-07 10:53:41] SlimMonoLogger.INFO: Cron ran at: 07-06-2026 10:53:41 AM [] []
[2026-06-07 10:54:01] SlimMonoLogger.INFO: Cron ran at: 07-06-2026 10:54:01 AM [] []
[2026-06-07 10:54:12] SlimMonoLogger.INFO: Cron ran at: 07-06-2026 10:54:12 AM [] []
[2026-06-07 10:54:13] SlimMonoLogger.INFO: Cron ran at: 07-06-2026 10:54:13 AM [] []
[2026-06-07 10:54:41] SlimMonoLogger.INFO: Cron ran at: 07-06-2026 10:54:41 AM [] []
[2026-06-07 10:54:49] SlimMonoLogger.INFO: Cron ran at: 07-06-2026 10:54:49 AM [] []
[2026-06-07 10:55:24] SlimMonoLogger.INFO: Cron ran at: 07-06-2026 10:55:24 AM [] []
[2026-06-07 10:55:32] SlimMonoLogger.INFO: Cron ran at: 07-06-2026 10:55:32 AM [] []
[2026-06-07 10:56:02] SlimMonoLogger.INFO: Cron ran at: 07-06-2026 10:56:02 AM [] []
[2026-06-07 10:56:04] SlimMonoLogger.INFO: Cron ran at: 07-06-2026 10:56:04 AM [] []
[2026-06-07 10:56:41] SlimMonoLogger.INFO: Cron ran at: 07-06-2026 10:56:41 AM [] []
[2026-06-07 10:56:42] SlimMonoLogger.INFO: Cron ran at: 07-06-2026 10:56:42 AM [] []
[2026-06-07 10:56:43] SlimMonoLogger.INFO: Cron ran at: 07-06-2026 10:56:43 AM [] []
[2026-06-07 10:57:17] SlimMonoLogger.INFO: Cron ran at: 07-06-2026 10:57:17 AM [] []
[2026-06-07 10:57:20] SlimMonoLogger.INFO: Cron ran at: 07-06-2026 10:57:20 AM [] []
[2026-06-07 10:57:23] SlimMonoLogger.INFO: Cron ran at: 07-06-2026 10:57:23 AM [] []
[2026-06-07 10:57:53] SlimMonoLogger.INFO: Cron ran at: 07-06-2026 10:57:53 AM [] []
[2026-06-07 10:58:06] SlimMonoLogger.INFO: Cron ran at: 07-06-2026 10:58:06 AM [] []
[2026-06-07 10:58:07] SlimMonoLogger.INFO: Cron ran at: 07-06-2026 10:58:07 AM [] []
[2026-06-07 10:58:25] SlimMonoLogger.INFO: Cron ran at: 07-06-2026 10:58:25 AM [] []
[2026-06-07 10:58:47] SlimMonoLogger.INFO: Cron ran at: 07-06-2026 10:58:47 AM [] []
[2026-06-07 10:58:49] SlimMonoLogger.INFO: Cron ran at: 07-06-2026 10:58:49 AM [] []
[2026-06-07 10:59:00] SlimMonoLogger.INFO: Cron ran at: 07-06-2026 10:59:00 AM [] []
[2026-06-07 10:59:33] SlimMonoLogger.INFO: Cron ran at: 07-06-2026 10:59:33 AM [] []
[2026-06-07 10:59:35] SlimMonoLogger.INFO: Cron ran at: 07-06-2026 10:59:35 AM [] []
[2026-06-07 11:00:07] SlimMonoLogger.INFO: Cron ran at: 07-06-2026 11:00:07 AM [] []
[2026-06-07 11:00:10] SlimMonoLogger.INFO: Cron ran at: 07-06-2026 11:00:10 AM [] []
[2026-06-07 11:00:59] SlimMonoLogger.INFO: Cron ran at: 07-06-2026 11:00:59 AM [] []
[2026-06-07 11:00:59] SlimMonoLogger.INFO: Cron ran at: 07-06-2026 11:00:59 AM [] []
[2026-06-07 11:01:28] SlimMonoLogger.INFO: Cron ran at: 07-06-2026 11:01:28 AM [] []
[2026-06-07 11:01:36] SlimMonoLogger.INFO: Cron ran at: 07-06-2026 11:01:36 AM [] []
[2026-06-07 11:01:59] SlimMonoLogger.INFO: Cron ran at: 07-06-2026 11:01:59 AM [] []
[2026-06-07 11:02:11] SlimMonoLogger.INFO: Cron ran at: 07-06-2026 11:02:11 AM [] []
[2026-06-07 11:02:12] SlimMonoLogger.INFO: Cron ran at: 07-06-2026 11:02:12 AM [] []
[2026-06-07 11:02:37] SlimMonoLogger.INFO: Cron ran at: 07-06-2026 11:02:37 AM [] []
[2026-06-07 11:02:59] SlimMonoLogger.INFO: Cron ran at: 07-06-2026 11:02:59 AM [] []
[2026-06-07 11:03:07] SlimMonoLogger.INFO: Cron ran at: 07-06-2026 11:03:07 AM [] []
[2026-06-07 11:03:11] SlimMonoLogger.INFO: Cron ran at: 07-06-2026 11:03:11 AM [] []
[2026-06-07 11:03:42] SlimMonoLogger.INFO: Cron ran at: 07-06-2026 11:03:42 AM [] []
[2026-06-07 11:03:46] SlimMonoLogger.INFO: Cron ran at: 07-06-2026 11:03:46 AM [] []
[2026-06-07 11:03:47] SlimMonoLogger.INFO: Cron ran at: 07-06-2026 11:03:47 AM [] []
[2026-06-07 11:04:25] SlimMonoLogger.INFO: Cron ran at: 07-06-2026 11:04:25 AM [] []
[2026-06-07 11:04:25] SlimMonoLogger.INFO: Cron ran at: 07-06-2026 11:04:25 AM [] []
[2026-06-07 11:04:54] SlimMonoLogger.INFO: Cron ran at: 07-06-2026 11:04:54 AM [] []
[2026-06-07 11:04:55] SlimMonoLogger.INFO: Cron ran at: 07-06-2026 11:04:55 AM [] []
[2026-06-07 11:05:32] SlimMonoLogger.INFO: Cron ran at: 07-06-2026 11:05:32 AM [] []
[2026-06-07 11:05:35] SlimMonoLogger.INFO: Cron ran at: 07-06-2026 11:05:35 AM [] []
[2026-06-07 11:05:52] SlimMonoLogger.INFO: Cron ran at: 07-06-2026 11:05:52 AM [] []
[2026-06-07 11:06:01] SlimMonoLogger.INFO: Cron ran at: 07-06-2026 11:06:01 AM [] []
[2026-06-07 11:06:22] SlimMonoLogger.INFO: Cron ran at: 07-06-2026 11:06:22 AM [] []
[2026-06-07 11:06:23] SlimMonoLogger.INFO: Cron ran at: 07-06-2026 11:06:23 AM [] []
[2026-06-07 11:06:39] SlimMonoLogger.INFO: Cron ran at: 07-06-2026 11:06:39 AM [] []
[2026-06-07 11:06:53] SlimMonoLogger.INFO: Cron ran at: 07-06-2026 11:06:53 AM [] []
[2026-06-07 11:07:11] SlimMonoLogger.INFO: Cron ran at: 07-06-2026 11:07:11 AM [] []
[2026-06-07 11:07:18] SlimMonoLogger.INFO: Cron ran at: 07-06-2026 11:07:18 AM [] []
[2026-06-07 11:07:18] SlimMonoLogger.INFO: Cron ran at: 07-06-2026 11:07:18 AM [] []
[2026-06-07 11:07:42] SlimMonoLogger.INFO: Cron ran at: 07-06-2026 11:07:42 AM [] []
[2026-06-07 11:07:54] SlimMonoLogger.INFO: Cron ran at: 07-06-2026 11:07:54 AM [] []
[2026-06-07 11:07:54] SlimMonoLogger.INFO: Cron ran at: 07-06-2026 11:07:54 AM [] []
[2026-06-07 11:08:38] SlimMonoLogger.INFO: Cron ran at: 07-06-2026 11:08:38 AM [] []
[2026-06-07 11:08:38] SlimMonoLogger.INFO: Cron ran at: 07-06-2026 11:08:38 AM [] []
[2026-06-07 11:08:49] SlimMonoLogger.INFO: Cron ran at: 07-06-2026 11:08:49 AM [] []
[2026-06-07 11:09:12] SlimMonoLogger.INFO: Cron ran at: 07-06-2026 11:09:12 AM [] []
[2026-06-07 11:09:12] SlimMonoLogger.INFO: Cron ran at: 07-06-2026 11:09:12 AM [] []
[2026-06-07 11:09:50] SlimMonoLogger.INFO: Cron ran at: 07-06-2026 11:09:50 AM [] []
[2026-06-07 11:09:50] SlimMonoLogger.INFO: Cron ran at: 07-06-2026 11:09:50 AM [] []
[2026-06-07 11:10:24] SlimMonoLogger.INFO: Cron ran at: 07-06-2026 11:10:24 AM [] []
[2026-06-07 11:10:26] SlimMonoLogger.INFO: Cron ran at: 07-06-2026 11:10:26 AM [] []
[2026-06-07 11:11:05] SlimMonoLogger.INFO: Cron ran at: 07-06-2026 11:11:05 AM [] []
[2026-06-07 11:11:06] SlimMonoLogger.INFO: Cron ran at: 07-06-2026 11:11:06 AM [] []
[2026-06-07 11:11:48] SlimMonoLogger.INFO: Cron ran at: 07-06-2026 11:11:48 AM [] []
[2026-06-07 11:11:50] SlimMonoLogger.INFO: Cron ran at: 07-06-2026 11:11:50 AM [] []
[2026-06-07 11:11:56] SlimMonoLogger.INFO: Cron ran at: 07-06-2026 11:11:56 AM [] []
[2026-06-07 11:12:24] SlimMonoLogger.INFO: Cron ran at: 07-06-2026 11:12:24 AM [] []
[2026-06-07 11:12:27] SlimMonoLogger.INFO: Cron ran at: 07-06-2026 11:12:27 AM [] []
[2026-06-07 11:12:31] SlimMonoLogger.INFO: Cron ran at: 07-06-2026 11:12:31 AM [] []
[2026-06-07 11:13:07] SlimMonoLogger.INFO: Cron ran at: 07-06-2026 11:13:07 AM [] []
[2026-06-07 11:13:07] SlimMonoLogger.INFO: Cron ran at: 07-06-2026 11:13:07 AM [] []
[2026-06-07 11:13:11] SlimMonoLogger.INFO: Cron ran at: 07-06-2026 11:13:11 AM [] []
[2026-06-07 11:13:34] SlimMonoLogger.INFO: Cron ran at: 07-06-2026 11:13:34 AM [] []
[2026-06-07 11:13:50] SlimMonoLogger.INFO: Cron ran at: 07-06-2026 11:13:50 AM [] []
[2026-06-07 11:13:51] SlimMonoLogger.INFO: Cron ran at: 07-06-2026 11:13:51 AM [] []
[2026-06-07 11:14:09] SlimMonoLogger.INFO: Cron ran at: 07-06-2026 11:14:09 AM [] []
[2026-06-07 11:14:31] SlimMonoLogger.INFO: Cron ran at: 07-06-2026 11:14:31 AM [] []
[2026-06-07 11:14:49] SlimMonoLogger.INFO: Cron ran at: 07-06-2026 11:14:49 AM [] []
[2026-06-07 11:15:07] SlimMonoLogger.INFO: Cron ran at: 07-06-2026 11:15:07 AM [] []
[2026-06-07 11:15:23] SlimMonoLogger.INFO: Cron ran at: 07-06-2026 11:15:23 AM [] []
[2026-06-07 11:15:54] SlimMonoLogger.INFO: Cron ran at: 07-06-2026 11:15:54 AM [] []
[2026-06-07 11:16:01] SlimMonoLogger.INFO: Cron ran at: 07-06-2026 11:16:01 AM [] []
[2026-06-07 11:16:32] SlimMonoLogger.INFO: Cron ran at: 07-06-2026 11:16:32 AM [] []
[2026-06-07 11:16:33] SlimMonoLogger.INFO: Cron ran at: 07-06-2026 11:16:33 AM [] []
[2026-06-07 11:16:35] SlimMonoLogger.INFO: Cron ran at: 07-06-2026 11:16:35 AM [] []
[2026-06-07 11:17:04] SlimMonoLogger.INFO: Cron ran at: 07-06-2026 11:17:04 AM [] []
[2026-06-07 11:17:10] SlimMonoLogger.INFO: Cron ran at: 07-06-2026 11:17:10 AM [] []
[2026-06-07 11:17:15] SlimMonoLogger.INFO: Cron ran at: 07-06-2026 11:17:15 AM [] []
[2026-06-07 11:17:40] SlimMonoLogger.INFO: Cron ran at: 07-06-2026 11:17:40 AM [] []
[2026-06-07 11:17:53] SlimMonoLogger.INFO: Cron ran at: 07-06-2026 11:17:53 AM [] []
[2026-06-07 11:17:57] SlimMonoLogger.INFO: Cron ran at: 07-06-2026 11:17:57 AM [] []
[2026-06-07 11:18:11] SlimMonoLogger.INFO: Cron ran at: 07-06-2026 11:18:11 AM [] []
[2026-06-07 11:18:33] SlimMonoLogger.INFO: Cron ran at: 07-06-2026 11:18:33 AM [] []
[2026-06-07 11:18:35] SlimMonoLogger.INFO: Cron ran at: 07-06-2026 11:18:35 AM [] []
[2026-06-07 11:18:54] SlimMonoLogger.INFO: Cron ran at: 07-06-2026 11:18:54 AM [] []
[2026-06-07 11:19:19] SlimMonoLogger.INFO: Cron ran at: 07-06-2026 11:19:19 AM [] []
[2026-06-07 11:19:20] SlimMonoLogger.INFO: Cron ran at: 07-06-2026 11:19:20 AM [] []
[2026-06-07 11:19:56] SlimMonoLogger.INFO: Cron ran at: 07-06-2026 11:19:56 AM [] []
[2026-06-07 11:20:02] SlimMonoLogger.INFO: Cron ran at: 07-06-2026 11:20:02 AM [] []
[2026-06-07 11:20:34] SlimMonoLogger.INFO: Cron ran at: 07-06-2026 11:20:34 AM [] []
[2026-06-07 11:20:46] SlimMonoLogger.INFO: Cron ran at: 07-06-2026 11:20:46 AM [] []
[2026-06-07 11:21:18] SlimMonoLogger.INFO: Cron ran at: 07-06-2026 11:21:18 AM [] []
[2026-06-07 11:21:20] SlimMonoLogger.INFO: Cron ran at: 07-06-2026 11:21:20 AM [] []
[2026-06-07 11:21:31] SlimMonoLogger.INFO: Cron ran at: 07-06-2026 11:21:31 AM [] []
[2026-06-07 11:22:03] SlimMonoLogger.INFO: Cron ran at: 07-06-2026 11:22:03 AM [] []
[2026-06-07 11:22:04] SlimMonoLogger.INFO: Cron ran at: 07-06-2026 11:22:04 AM [] []
[2026-06-07 11:22:12] SlimMonoLogger.INFO: Cron ran at: 07-06-2026 11:22:12 AM [] []
[2026-06-07 11:22:34] SlimMonoLogger.INFO: Cron ran at: 07-06-2026 11:22:34 AM [] []
[2026-06-07 11:22:37] SlimMonoLogger.INFO: Cron ran at: 07-06-2026 11:22:37 AM [] []
[2026-06-07 11:22:46] SlimMonoLogger.INFO: Cron ran at: 07-06-2026 11:22:46 AM [] []
[2026-06-07 11:23:15] SlimMonoLogger.INFO: Cron ran at: 07-06-2026 11:23:15 AM [] []
[2026-06-07 11:23:20] SlimMonoLogger.INFO: Cron ran at: 07-06-2026 11:23:20 AM [] []
[2026-06-07 11:23:31] SlimMonoLogger.INFO: Cron ran at: 07-06-2026 11:23:31 AM [] []
[2026-06-07 11:23:45] SlimMonoLogger.INFO: Cron ran at: 07-06-2026 11:23:45 AM [] []
[2026-06-07 11:23:57] SlimMonoLogger.INFO: Cron ran at: 07-06-2026 11:23:57 AM [] []
[2026-06-07 11:24:04] SlimMonoLogger.INFO: Cron ran at: 07-06-2026 11:24:04 AM [] []
[2026-06-07 11:24:19] SlimMonoLogger.INFO: Cron ran at: 07-06-2026 11:24:19 AM [] []
[2026-06-07 11:24:40] SlimMonoLogger.INFO: Cron ran at: 07-06-2026 11:24:40 AM [] []
[2026-06-07 11:24:56] SlimMonoLogger.INFO: Cron ran at: 07-06-2026 11:24:56 AM [] []
[2026-06-07 11:25:20] SlimMonoLogger.INFO: Cron ran at: 07-06-2026 11:25:20 AM [] []
[2026-06-07 11:25:41] SlimMonoLogger.INFO: Cron ran at: 07-06-2026 11:25:41 AM [] []
[2026-06-07 11:26:09] SlimMonoLogger.INFO: Cron ran at: 07-06-2026 11:26:09 AM [] []
[2026-06-07 11:26:11] SlimMonoLogger.INFO: Cron ran at: 07-06-2026 11:26:11 AM [] []
[2026-06-07 11:26:34] SlimMonoLogger.INFO: Cron ran at: 07-06-2026 11:26:34 AM [] []
[2026-06-07 11:26:40] SlimMonoLogger.INFO: Cron ran at: 07-06-2026 11:26:40 AM [] []
[2026-06-07 11:26:59] SlimMonoLogger.INFO: Cron ran at: 07-06-2026 11:26:59 AM [] []
[2026-06-07 11:27:07] SlimMonoLogger.INFO: Cron ran at: 07-06-2026 11:27:07 AM [] []
[2026-06-07 11:27:18] SlimMonoLogger.INFO: Cron ran at: 07-06-2026 11:27:18 AM [] []
[2026-06-07 11:27:25] SlimMonoLogger.INFO: Cron ran at: 07-06-2026 11:27:25 AM [] []
[2026-06-07 11:27:46] SlimMonoLogger.INFO: Cron ran at: 07-06-2026 11:27:46 AM [] []
[2026-06-07 11:27:57] SlimMonoLogger.INFO: Cron ran at: 07-06-2026 11:27:57 AM [] []
[2026-06-07 11:28:07] SlimMonoLogger.INFO: Cron ran at: 07-06-2026 11:28:07 AM [] []
[2026-06-07 11:28:28] SlimMonoLogger.INFO: Cron ran at: 07-06-2026 11:28:28 AM [] []
[2026-06-07 11:28:28] SlimMonoLogger.INFO: Cron ran at: 07-06-2026 11:28:28 AM [] []
[2026-06-07 11:28:39] SlimMonoLogger.INFO: Cron ran at: 07-06-2026 11:28:39 AM [] []
[2026-06-07 11:29:09] SlimMonoLogger.INFO: Cron ran at: 07-06-2026 11:29:09 AM [] []
[2026-06-07 11:29:15] SlimMonoLogger.INFO: Cron ran at: 07-06-2026 11:29:15 AM [] []
[2026-06-07 11:29:44] SlimMonoLogger.INFO: Cron ran at: 07-06-2026 11:29:44 AM [] []
[2026-06-07 11:29:56] SlimMonoLogger.INFO: Cron ran at: 07-06-2026 11:29:56 AM [] []
[2026-06-07 11:30:15] SlimMonoLogger.INFO: Cron ran at: 07-06-2026 11:30:15 AM [] []
[2026-06-07 11:30:45] SlimMonoLogger.INFO: Cron ran at: 07-06-2026 11:30:45 AM [] []
[2026-06-07 11:30:57] SlimMonoLogger.INFO: Cron ran at: 07-06-2026 11:30:57 AM [] []
[2026-06-07 11:31:21] SlimMonoLogger.INFO: Cron ran at: 07-06-2026 11:31:21 AM [] []
[2026-06-07 11:31:27] SlimMonoLogger.INFO: Cron ran at: 07-06-2026 11:31:27 AM [] []
[2026-06-07 11:31:28] SlimMonoLogger.INFO: Cron ran at: 07-06-2026 11:31:28 AM [] []
[2026-06-07 11:32:01] SlimMonoLogger.INFO: Cron ran at: 07-06-2026 11:32:01 AM [] []
[2026-06-07 11:32:01] SlimMonoLogger.INFO: Cron ran at: 07-06-2026 11:32:01 AM [] []
[2026-06-07 11:32:14] SlimMonoLogger.INFO: Cron ran at: 07-06-2026 11:32:14 AM [] []
[2026-06-07 11:32:37] SlimMonoLogger.INFO: Cron ran at: 07-06-2026 11:32:37 AM [] []
[2026-06-07 11:32:37] SlimMonoLogger.INFO: Cron ran at: 07-06-2026 11:32:37 AM [] []
[2026-06-07 11:32:59] SlimMonoLogger.INFO: Cron ran at: 07-06-2026 11:32:59 AM [] []
[2026-06-07 11:33:10] SlimMonoLogger.INFO: Cron ran at: 07-06-2026 11:33:10 AM [] []
[2026-06-07 11:33:18] SlimMonoLogger.INFO: Cron ran at: 07-06-2026 11:33:18 AM [] []
[2026-06-07 11:33:34] SlimMonoLogger.INFO: Cron ran at: 07-06-2026 11:33:34 AM [] []
[2026-06-07 11:33:39] SlimMonoLogger.INFO: Cron ran at: 07-06-2026 11:33:39 AM [] []
[2026-06-07 11:34:09] SlimMonoLogger.INFO: Cron ran at: 07-06-2026 11:34:09 AM [] []
[2026-06-07 11:34:12] SlimMonoLogger.INFO: Cron ran at: 07-06-2026 11:34:12 AM [] []
[2026-06-07 11:34:53] SlimMonoLogger.INFO: Cron ran at: 07-06-2026 11:34:53 AM [] []
[2026-06-07 11:34:53] SlimMonoLogger.INFO: Cron ran at: 07-06-2026 11:34:53 AM [] []
[2026-06-07 11:35:32] SlimMonoLogger.INFO: Cron ran at: 07-06-2026 11:35:32 AM [] []
[2026-06-07 11:35:32] SlimMonoLogger.INFO: Cron ran at: 07-06-2026 11:35:32 AM [] []
[2026-06-07 11:36:10] SlimMonoLogger.INFO: Cron ran at: 07-06-2026 11:36:10 AM [] []
[2026-06-07 11:36:11] SlimMonoLogger.INFO: Cron ran at: 07-06-2026 11:36:11 AM [] []
[2026-06-07 11:36:42] SlimMonoLogger.INFO: Cron ran at: 07-06-2026 11:36:42 AM [] []
[2026-06-07 11:36:49] SlimMonoLogger.INFO: Cron ran at: 07-06-2026 11:36:49 AM [] []
[2026-06-07 11:36:51] SlimMonoLogger.INFO: Cron ran at: 07-06-2026 11:36:51 AM [] []
[2026-06-07 11:37:11] SlimMonoLogger.INFO: Cron ran at: 07-06-2026 11:37:11 AM [] []
[2026-06-07 11:37:26] SlimMonoLogger.INFO: Cron ran at: 07-06-2026 11:37:26 AM [] []
[2026-06-07 11:37:29] SlimMonoLogger.INFO: Cron ran at: 07-06-2026 11:37:29 AM [] []
[2026-06-07 11:37:40] SlimMonoLogger.INFO: Cron ran at: 07-06-2026 11:37:40 AM [] []
[2026-06-07 11:38:08] SlimMonoLogger.INFO: Cron ran at: 07-06-2026 11:38:08 AM [] []
[2026-06-07 11:38:12] SlimMonoLogger.INFO: Cron ran at: 07-06-2026 11:38:12 AM [] []
[2026-06-07 11:38:13] SlimMonoLogger.INFO: Cron ran at: 07-06-2026 11:38:13 AM [] []
[2026-06-07 11:38:47] SlimMonoLogger.INFO: Cron ran at: 07-06-2026 11:38:47 AM [] []
[2026-06-07 11:38:47] SlimMonoLogger.INFO: Cron ran at: 07-06-2026 11:38:47 AM [] []
[2026-06-07 11:38:52] SlimMonoLogger.INFO: Cron ran at: 07-06-2026 11:38:52 AM [] []
[2026-06-07 11:39:26] SlimMonoLogger.INFO: Cron ran at: 07-06-2026 11:39:26 AM [] []
[2026-06-07 11:39:27] SlimMonoLogger.INFO: Cron ran at: 07-06-2026 11:39:27 AM [] []
[2026-06-07 11:40:05] SlimMonoLogger.INFO: Cron ran at: 07-06-2026 11:40:05 AM [] []
[2026-06-07 11:40:11] SlimMonoLogger.INFO: Cron ran at: 07-06-2026 11:40:11 AM [] []
[2026-06-07 11:40:38] SlimMonoLogger.INFO: Cron ran at: 07-06-2026 11:40:38 AM [] []
[2026-06-07 11:40:46] SlimMonoLogger.INFO: Cron ran at: 07-06-2026 11:40:46 AM [] []
[2026-06-07 11:41:17] SlimMonoLogger.INFO: Cron ran at: 07-06-2026 11:41:17 AM [] []
[2026-06-07 11:41:19] SlimMonoLogger.INFO: Cron ran at: 07-06-2026 11:41:19 AM [] []
[2026-06-07 11:41:34] SlimMonoLogger.INFO: Cron ran at: 07-06-2026 11:41:34 AM [] []
[2026-06-07 11:41:59] SlimMonoLogger.INFO: Cron ran at: 07-06-2026 11:41:59 AM [] []
[2026-06-07 11:42:00] SlimMonoLogger.INFO: Cron ran at: 07-06-2026 11:42:00 AM [] []
[2026-06-07 11:42:11] SlimMonoLogger.INFO: Cron ran at: 07-06-2026 11:42:11 AM [] []
[2026-06-07 11:42:26] SlimMonoLogger.INFO: Cron ran at: 07-06-2026 11:42:26 AM [] []
[2026-06-07 11:42:42] SlimMonoLogger.INFO: Cron ran at: 07-06-2026 11:42:42 AM [] []
[2026-06-07 11:42:49] SlimMonoLogger.INFO: Cron ran at: 07-06-2026 11:42:49 AM [] []
[2026-06-07 11:42:54] SlimMonoLogger.INFO: Cron ran at: 07-06-2026 11:42:54 AM [] []
[2026-06-07 11:43:21] SlimMonoLogger.INFO: Cron ran at: 07-06-2026 11:43:21 AM [] []
[2026-06-07 11:43:27] SlimMonoLogger.INFO: Cron ran at: 07-06-2026 11:43:27 AM [] []
[2026-06-07 11:43:28] SlimMonoLogger.INFO: Cron ran at: 07-06-2026 11:43:28 AM [] []
[2026-06-07 11:44:03] SlimMonoLogger.INFO: Cron ran at: 07-06-2026 11:44:03 AM [] []
[2026-06-07 11:44:06] SlimMonoLogger.INFO: Cron ran at: 07-06-2026 11:44:06 AM [] []
[2026-06-07 11:44:46] SlimMonoLogger.INFO: Cron ran at: 07-06-2026 11:44:46 AM [] []
[2026-06-07 11:44:47] SlimMonoLogger.INFO: Cron ran at: 07-06-2026 11:44:47 AM [] []
[2026-06-07 11:45:17] SlimMonoLogger.INFO: Cron ran at: 07-06-2026 11:45:17 AM [] []
[2026-06-07 11:45:18] SlimMonoLogger.INFO: Cron ran at: 07-06-2026 11:45:18 AM [] []
[2026-06-07 11:45:46] SlimMonoLogger.INFO: Cron ran at: 07-06-2026 11:45:46 AM [] []
[2026-06-07 11:45:48] SlimMonoLogger.INFO: Cron ran at: 07-06-2026 11:45:48 AM [] []
[2026-06-07 11:46:16] SlimMonoLogger.INFO: Cron ran at: 07-06-2026 11:46:16 AM [] []
[2026-06-07 11:46:34] SlimMonoLogger.INFO: Cron ran at: 07-06-2026 11:46:34 AM [] []
[2026-06-07 11:46:35] SlimMonoLogger.INFO: Cron ran at: 07-06-2026 11:46:35 AM [] []
[2026-06-07 11:46:49] SlimMonoLogger.INFO: Cron ran at: 07-06-2026 11:46:49 AM [] []
[2026-06-07 11:47:08] SlimMonoLogger.INFO: Cron ran at: 07-06-2026 11:47:08 AM [] []
[2026-06-07 11:47:10] SlimMonoLogger.INFO: Cron ran at: 07-06-2026 11:47:10 AM [] []
[2026-06-07 11:47:28] SlimMonoLogger.INFO: Cron ran at: 07-06-2026 11:47:28 AM [] []
[2026-06-07 11:47:49] SlimMonoLogger.INFO: Cron ran at: 07-06-2026 11:47:49 AM [] []
[2026-06-07 11:47:49] SlimMonoLogger.INFO: Cron ran at: 07-06-2026 11:47:49 AM [] []
[2026-06-07 11:47:57] SlimMonoLogger.INFO: Cron ran at: 07-06-2026 11:47:57 AM [] []
[2026-06-07 11:48:38] SlimMonoLogger.INFO: Cron ran at: 07-06-2026 11:48:38 AM [] []
[2026-06-07 11:48:39] SlimMonoLogger.INFO: Cron ran at: 07-06-2026 11:48:39 AM [] []
[2026-06-07 11:48:41] SlimMonoLogger.INFO: Cron ran at: 07-06-2026 11:48:41 AM [] []
[2026-06-07 11:49:16] SlimMonoLogger.INFO: Cron ran at: 07-06-2026 11:49:16 AM [] []
[2026-06-07 11:49:16] SlimMonoLogger.INFO: Cron ran at: 07-06-2026 11:49:16 AM [] []
[2026-06-07 11:49:51] SlimMonoLogger.INFO: Cron ran at: 07-06-2026 11:49:51 AM [] []
[2026-06-07 11:49:58] SlimMonoLogger.INFO: Cron ran at: 07-06-2026 11:49:58 AM [] []
[2026-06-07 11:50:31] SlimMonoLogger.INFO: Cron ran at: 07-06-2026 11:50:31 AM [] []
[2026-06-07 11:50:38] SlimMonoLogger.INFO: Cron ran at: 07-06-2026 11:50:38 AM [] []
[2026-06-07 11:51:06] SlimMonoLogger.INFO: Cron ran at: 07-06-2026 11:51:06 AM [] []
[2026-06-07 11:51:19] SlimMonoLogger.INFO: Cron ran at: 07-06-2026 11:51:19 AM [] []
[2026-06-07 11:51:33] SlimMonoLogger.INFO: Cron ran at: 07-06-2026 11:51:33 AM [] []
[2026-06-07 11:51:34] SlimMonoLogger.INFO: Cron ran at: 07-06-2026 11:51:34 AM [] []
[2026-06-07 11:51:51] SlimMonoLogger.INFO: Cron ran at: 07-06-2026 11:51:51 AM [] []
[2026-06-07 11:51:57] SlimMonoLogger.INFO: Cron ran at: 07-06-2026 11:51:57 AM [] []
[2026-06-07 11:52:12] SlimMonoLogger.INFO: Cron ran at: 07-06-2026 11:52:12 AM [] []
[2026-06-07 11:52:24] SlimMonoLogger.INFO: Cron ran at: 07-06-2026 11:52:24 AM [] []
[2026-06-07 11:52:26] SlimMonoLogger.INFO: Cron ran at: 07-06-2026 11:52:26 AM [] []
[2026-06-07 11:52:52] SlimMonoLogger.INFO: Cron ran at: 07-06-2026 11:52:52 AM [] []
[2026-06-07 11:53:00] SlimMonoLogger.INFO: Cron ran at: 07-06-2026 11:53:00 AM [] []
[2026-06-07 11:53:03] SlimMonoLogger.INFO: Cron ran at: 07-06-2026 11:53:03 AM [] []
[2026-06-07 11:53:32] SlimMonoLogger.INFO: Cron ran at: 07-06-2026 11:53:32 AM [] []
[2026-06-07 11:53:32] SlimMonoLogger.INFO: Cron ran at: 07-06-2026 11:53:32 AM [] []
[2026-06-07 11:54:11] SlimMonoLogger.INFO: Cron ran at: 07-06-2026 11:54:11 AM [] []
[2026-06-07 11:54:12] SlimMonoLogger.INFO: Cron ran at: 07-06-2026 11:54:12 AM [] []
[2026-06-07 11:54:47] SlimMonoLogger.INFO: Cron ran at: 07-06-2026 11:54:47 AM [] []
[2026-06-07 11:54:53] SlimMonoLogger.INFO: Cron ran at: 07-06-2026 11:54:53 AM [] []
[2026-06-07 11:55:27] SlimMonoLogger.INFO: Cron ran at: 07-06-2026 11:55:27 AM [] []
[2026-06-07 11:55:36] SlimMonoLogger.INFO: Cron ran at: 07-06-2026 11:55:36 AM [] []
[2026-06-07 11:56:01] SlimMonoLogger.INFO: Cron ran at: 07-06-2026 11:56:01 AM [] []
[2026-06-07 11:56:11] SlimMonoLogger.INFO: Cron ran at: 07-06-2026 11:56:11 AM [] []
[2026-06-07 11:56:45] SlimMonoLogger.INFO: Cron ran at: 07-06-2026 11:56:45 AM [] []
[2026-06-07 11:56:45] SlimMonoLogger.INFO: Cron ran at: 07-06-2026 11:56:45 AM [] []
[2026-06-07 11:56:53] SlimMonoLogger.INFO: Cron ran at: 07-06-2026 11:56:53 AM [] []
[2026-06-07 11:57:15] SlimMonoLogger.INFO: Cron ran at: 07-06-2026 11:57:15 AM [] []
[2026-06-07 11:57:20] SlimMonoLogger.INFO: Cron ran at: 07-06-2026 11:57:20 AM [] []
[2026-06-07 11:57:33] SlimMonoLogger.INFO: Cron ran at: 07-06-2026 11:57:33 AM [] []
[2026-06-07 11:57:49] SlimMonoLogger.INFO: Cron ran at: 07-06-2026 11:57:49 AM [] []
[2026-06-07 11:58:15] SlimMonoLogger.INFO: Cron ran at: 07-06-2026 11:58:15 AM [] []
[2026-06-07 11:58:17] SlimMonoLogger.INFO: Cron ran at: 07-06-2026 11:58:17 AM [] []
[2026-06-07 11:58:27] SlimMonoLogger.INFO: Cron ran at: 07-06-2026 11:58:27 AM [] []
[2026-06-07 11:58:56] SlimMonoLogger.INFO: Cron ran at: 07-06-2026 11:58:56 AM [] []
[2026-06-07 11:59:26] SlimMonoLogger.INFO: Cron ran at: 07-06-2026 11:59:26 AM [] []
[2026-06-07 11:59:28] SlimMonoLogger.INFO: Cron ran at: 07-06-2026 11:59:28 AM [] []
[2026-06-07 11:59:30] SlimMonoLogger.INFO: Cron ran at: 07-06-2026 11:59:30 AM [] []
[2026-06-07 12:00:11] SlimMonoLogger.INFO: Cron ran at: 07-06-2026 12:00:11 PM [] []
[2026-06-07 12:00:12] SlimMonoLogger.INFO: Cron ran at: 07-06-2026 12:00:12 PM [] []
[2026-06-07 12:00:52] SlimMonoLogger.INFO: Cron ran at: 07-06-2026 12:00:52 PM [] []
[2026-06-07 12:01:03] SlimMonoLogger.INFO: Cron ran at: 07-06-2026 12:01:03 PM [] []
[2026-06-07 12:01:17] SlimMonoLogger.INFO: Cron ran at: 07-06-2026 12:01:17 PM [] []
[2026-06-07 12:01:19] SlimMonoLogger.INFO: Cron ran at: 07-06-2026 12:01:19 PM [] []
[2026-06-07 12:01:35] SlimMonoLogger.INFO: Cron ran at: 07-06-2026 12:01:35 PM [] []
[2026-06-07 12:01:43] SlimMonoLogger.INFO: Cron ran at: 07-06-2026 12:01:43 PM [] []
[2026-06-07 12:02:02] SlimMonoLogger.INFO: Cron ran at: 07-06-2026 12:02:02 PM [] []
[2026-06-07 12:02:14] SlimMonoLogger.INFO: Cron ran at: 07-06-2026 12:02:14 PM [] []
[2026-06-07 12:02:14] SlimMonoLogger.INFO: Cron ran at: 07-06-2026 12:02:14 PM [] []
[2026-06-07 12:02:40] SlimMonoLogger.INFO: Cron ran at: 07-06-2026 12:02:40 PM [] []
[2026-06-07 12:02:52] SlimMonoLogger.INFO: Cron ran at: 07-06-2026 12:02:52 PM [] []
[2026-06-07 12:02:53] SlimMonoLogger.INFO: Cron ran at: 07-06-2026 12:02:53 PM [] []
[2026-06-07 12:03:18] SlimMonoLogger.INFO: Cron ran at: 07-06-2026 12:03:18 PM [] []
[2026-06-07 12:03:20] SlimMonoLogger.INFO: Cron ran at: 07-06-2026 12:03:20 PM [] []
[2026-06-07 12:03:32] SlimMonoLogger.INFO: Cron ran at: 07-06-2026 12:03:32 PM [] []
[2026-06-07 12:03:57] SlimMonoLogger.INFO: Cron ran at: 07-06-2026 12:03:57 PM [] []
[2026-06-07 12:03:57] SlimMonoLogger.INFO: Cron ran at: 07-06-2026 12:03:57 PM [] []
[2026-06-07 12:04:38] SlimMonoLogger.INFO: Cron ran at: 07-06-2026 12:04:38 PM [] []
[2026-06-07 12:04:44] SlimMonoLogger.INFO: Cron ran at: 07-06-2026 12:04:44 PM [] []
[2026-06-07 12:05:12] SlimMonoLogger.INFO: Cron ran at: 07-06-2026 12:05:12 PM [] []
[2026-06-07 12:05:24] SlimMonoLogger.INFO: Cron ran at: 07-06-2026 12:05:24 PM [] []
[2026-06-07 12:05:50] SlimMonoLogger.INFO: Cron ran at: 07-06-2026 12:05:50 PM [] []
[2026-06-07 12:05:58] SlimMonoLogger.INFO: Cron ran at: 07-06-2026 12:05:58 PM [] []
[2026-06-07 12:06:24] SlimMonoLogger.INFO: Cron ran at: 07-06-2026 12:06:24 PM [] []
[2026-06-07 12:06:25] SlimMonoLogger.INFO: Cron ran at: 07-06-2026 12:06:25 PM [] []
[2026-06-07 12:06:39] SlimMonoLogger.INFO: Cron ran at: 07-06-2026 12:06:39 PM [] []
[2026-06-07 12:07:06] SlimMonoLogger.INFO: Cron ran at: 07-06-2026 12:07:06 PM [] []
[2026-06-07 12:07:08] SlimMonoLogger.INFO: Cron ran at: 07-06-2026 12:07:08 PM [] []
[2026-06-07 12:07:18] SlimMonoLogger.INFO: Cron ran at: 07-06-2026 12:07:18 PM [] []
[2026-06-07 12:07:40] SlimMonoLogger.INFO: Cron ran at: 07-06-2026 12:07:40 PM [] []
[2026-06-07 12:07:46] SlimMonoLogger.INFO: Cron ran at: 07-06-2026 12:07:46 PM [] []
[2026-06-07 12:07:57] SlimMonoLogger.INFO: Cron ran at: 07-06-2026 12:07:57 PM [] []
[2026-06-07 12:08:19] SlimMonoLogger.INFO: Cron ran at: 07-06-2026 12:08:19 PM [] []
[2026-06-07 12:08:28] SlimMonoLogger.INFO: Cron ran at: 07-06-2026 12:08:28 PM [] []
[2026-06-07 12:08:38] SlimMonoLogger.INFO: Cron ran at: 07-06-2026 12:08:38 PM [] []
[2026-06-07 12:08:45] SlimMonoLogger.INFO: Cron ran at: 07-06-2026 12:08:45 PM [] []
[2026-06-07 12:09:09] SlimMonoLogger.INFO: Cron ran at: 07-06-2026 12:09:09 PM [] []
[2026-06-07 12:09:25] SlimMonoLogger.INFO: Cron ran at: 07-06-2026 12:09:25 PM [] []
[2026-06-07 12:09:48] SlimMonoLogger.INFO: Cron ran at: 07-06-2026 12:09:48 PM [] []
[2026-06-07 12:10:00] SlimMonoLogger.INFO: Cron ran at: 07-06-2026 12:10:00 PM [] []
[2026-06-07 12:10:28] SlimMonoLogger.INFO: Cron ran at: 07-06-2026 12:10:28 PM [] []
[2026-06-07 12:10:38] SlimMonoLogger.INFO: Cron ran at: 07-06-2026 12:10:38 PM [] []
[2026-06-07 12:11:14] SlimMonoLogger.INFO: Cron ran at: 07-06-2026 12:11:14 PM [] []
[2026-06-07 12:11:14] SlimMonoLogger.INFO: Cron ran at: 07-06-2026 12:11:14 PM [] []
[2026-06-07 12:11:16] SlimMonoLogger.INFO: Cron ran at: 07-06-2026 12:11:16 PM [] []
[2026-06-07 12:11:47] SlimMonoLogger.INFO: Cron ran at: 07-06-2026 12:11:47 PM [] []
[2026-06-07 12:11:48] SlimMonoLogger.INFO: Cron ran at: 07-06-2026 12:11:48 PM [] []
[2026-06-07 12:11:52] SlimMonoLogger.INFO: Cron ran at: 07-06-2026 12:11:52 PM [] []
[2026-06-07 12:12:19] SlimMonoLogger.INFO: Cron ran at: 07-06-2026 12:12:19 PM [] []
[2026-06-07 12:12:36] SlimMonoLogger.INFO: Cron ran at: 07-06-2026 12:12:36 PM [] []
[2026-06-07 12:12:39] SlimMonoLogger.INFO: Cron ran at: 07-06-2026 12:12:39 PM [] []
[2026-06-07 12:12:51] SlimMonoLogger.INFO: Cron ran at: 07-06-2026 12:12:51 PM [] []
[2026-06-07 12:13:13] SlimMonoLogger.INFO: Cron ran at: 07-06-2026 12:13:13 PM [] []
[2026-06-07 12:13:18] SlimMonoLogger.INFO: Cron ran at: 07-06-2026 12:13:18 PM [] []
[2026-06-07 12:13:24] SlimMonoLogger.INFO: Cron ran at: 07-06-2026 12:13:24 PM [] []
[2026-06-07 12:14:00] SlimMonoLogger.INFO: Cron ran at: 07-06-2026 12:14:00 PM [] []
[2026-06-07 12:14:01] SlimMonoLogger.INFO: Cron ran at: 07-06-2026 12:14:01 PM [] []
[2026-06-07 12:14:36] SlimMonoLogger.INFO: Cron ran at: 07-06-2026 12:14:36 PM [] []
[2026-06-07 12:14:37] SlimMonoLogger.INFO: Cron ran at: 07-06-2026 12:14:37 PM [] []
[2026-06-07 12:15:16] SlimMonoLogger.INFO: Cron ran at: 07-06-2026 12:15:16 PM [] []
[2026-06-07 12:15:22] SlimMonoLogger.INFO: Cron ran at: 07-06-2026 12:15:22 PM [] []
[2026-06-07 12:15:58] SlimMonoLogger.INFO: Cron ran at: 07-06-2026 12:15:58 PM [] []
[2026-06-07 12:16:11] SlimMonoLogger.INFO: Cron ran at: 07-06-2026 12:16:11 PM [] []
[2026-06-07 12:16:49] SlimMonoLogger.INFO: Cron ran at: 07-06-2026 12:16:49 PM [] []
[2026-06-07 12:16:51] SlimMonoLogger.INFO: Cron ran at: 07-06-2026 12:16:51 PM [] []
[2026-06-07 12:17:10] SlimMonoLogger.INFO: Cron ran at: 07-06-2026 12:17:10 PM [] []
[2026-06-07 12:17:30] SlimMonoLogger.INFO: Cron ran at: 07-06-2026 12:17:30 PM [] []
[2026-06-07 12:17:31] SlimMonoLogger.INFO: Cron ran at: 07-06-2026 12:17:31 PM [] []
[2026-06-07 12:17:39] SlimMonoLogger.INFO: Cron ran at: 07-06-2026 12:17:39 PM [] []
[2026-06-07 12:18:13] SlimMonoLogger.INFO: Cron ran at: 07-06-2026 12:18:13 PM [] []
[2026-06-07 12:18:14] SlimMonoLogger.INFO: Cron ran at: 07-06-2026 12:18:14 PM [] []
[2026-06-07 12:18:15] SlimMonoLogger.INFO: Cron ran at: 07-06-2026 12:18:15 PM [] []
[2026-06-07 12:18:45] SlimMonoLogger.INFO: Cron ran at: 07-06-2026 12:18:45 PM [] []
[2026-06-07 12:18:46] SlimMonoLogger.INFO: Cron ran at: 07-06-2026 12:18:46 PM [] []
[2026-06-07 12:18:51] SlimMonoLogger.INFO: Cron ran at: 07-06-2026 12:18:51 PM [] []
[2026-06-07 12:19:16] SlimMonoLogger.INFO: Cron ran at: 07-06-2026 12:19:16 PM [] []
[2026-06-07 12:19:27] SlimMonoLogger.INFO: Cron ran at: 07-06-2026 12:19:27 PM [] []
[2026-06-07 12:19:45] SlimMonoLogger.INFO: Cron ran at: 07-06-2026 12:19:45 PM [] []
[2026-06-07 12:19:56] SlimMonoLogger.INFO: Cron ran at: 07-06-2026 12:19:56 PM [] []
[2026-06-07 12:20:14] SlimMonoLogger.INFO: Cron ran at: 07-06-2026 12:20:14 PM [] []
[2026-06-07 12:20:37] SlimMonoLogger.INFO: Cron ran at: 07-06-2026 12:20:37 PM [] []
[2026-06-07 12:21:06] SlimMonoLogger.INFO: Cron ran at: 07-06-2026 12:21:06 PM [] []
[2026-06-07 12:21:19] SlimMonoLogger.INFO: Cron ran at: 07-06-2026 12:21:19 PM [] []
[2026-06-07 12:21:19] SlimMonoLogger.INFO: Cron ran at: 07-06-2026 12:21:19 PM [] []
[2026-06-07 12:21:33] SlimMonoLogger.INFO: Cron ran at: 07-06-2026 12:21:33 PM [] []
[2026-06-07 12:21:55] SlimMonoLogger.INFO: Cron ran at: 07-06-2026 12:21:55 PM [] []
[2026-06-07 12:21:55] SlimMonoLogger.INFO: Cron ran at: 07-06-2026 12:21:55 PM [] []
[2026-06-07 12:22:07] SlimMonoLogger.INFO: Cron ran at: 07-06-2026 12:22:07 PM [] []
[2026-06-07 12:22:24] SlimMonoLogger.INFO: Cron ran at: 07-06-2026 12:22:24 PM [] []
[2026-06-07 12:22:32] SlimMonoLogger.INFO: Cron ran at: 07-06-2026 12:22:32 PM [] []
[2026-06-07 12:22:46] SlimMonoLogger.INFO: Cron ran at: 07-06-2026 12:22:46 PM [] []
[2026-06-07 12:22:50] SlimMonoLogger.INFO: Cron ran at: 07-06-2026 12:22:50 PM [] []
[2026-06-07 12:23:11] SlimMonoLogger.INFO: Cron ran at: 07-06-2026 12:23:11 PM [] []
[2026-06-07 12:23:25] SlimMonoLogger.INFO: Cron ran at: 07-06-2026 12:23:25 PM [] []
[2026-06-07 12:23:26] SlimMonoLogger.INFO: Cron ran at: 07-06-2026 12:23:26 PM [] []
[2026-06-07 12:24:08] SlimMonoLogger.INFO: Cron ran at: 07-06-2026 12:24:08 PM [] []
[2026-06-07 12:24:08] SlimMonoLogger.INFO: Cron ran at: 07-06-2026 12:24:08 PM [] []
[2026-06-07 12:24:53] SlimMonoLogger.INFO: Cron ran at: 07-06-2026 12:24:53 PM [] []
[2026-06-07 12:24:54] SlimMonoLogger.INFO: Cron ran at: 07-06-2026 12:24:54 PM [] []
[2026-06-07 12:25:33] SlimMonoLogger.INFO: Cron ran at: 07-06-2026 12:25:33 PM [] []
[2026-06-07 12:25:53] SlimMonoLogger.INFO: Cron ran at: 07-06-2026 12:25:53 PM [] []
[2026-06-07 12:26:12] SlimMonoLogger.INFO: Cron ran at: 07-06-2026 12:26:12 PM [] []
[2026-06-07 12:26:21] SlimMonoLogger.INFO: Cron ran at: 07-06-2026 12:26:21 PM [] []
[2026-06-07 12:26:43] SlimMonoLogger.INFO: Cron ran at: 07-06-2026 12:26:43 PM [] []
[2026-06-07 12:26:57] SlimMonoLogger.INFO: Cron ran at: 07-06-2026 12:26:57 PM [] []
[2026-06-07 12:26:57] SlimMonoLogger.INFO: Cron ran at: 07-06-2026 12:26:57 PM [] []
[2026-06-07 12:27:19] SlimMonoLogger.INFO: Cron ran at: 07-06-2026 12:27:19 PM [] []
[2026-06-07 12:27:31] SlimMonoLogger.INFO: Cron ran at: 07-06-2026 12:27:31 PM [] []
[2026-06-07 12:27:36] SlimMonoLogger.INFO: Cron ran at: 07-06-2026 12:27:36 PM [] []
[2026-06-07 12:28:06] SlimMonoLogger.INFO: Cron ran at: 07-06-2026 12:28:06 PM [] []
[2026-06-07 12:28:07] SlimMonoLogger.INFO: Cron ran at: 07-06-2026 12:28:07 PM [] []
[2026-06-07 12:28:13] SlimMonoLogger.INFO: Cron ran at: 07-06-2026 12:28:13 PM [] []
[2026-06-07 12:28:39] SlimMonoLogger.INFO: Cron ran at: 07-06-2026 12:28:39 PM [] []
[2026-06-07 12:28:41] SlimMonoLogger.INFO: Cron ran at: 07-06-2026 12:28:41 PM [] []
[2026-06-07 12:28:54] SlimMonoLogger.INFO: Cron ran at: 07-06-2026 12:28:54 PM [] []
[2026-06-07 12:29:04] SlimMonoLogger.INFO: Cron ran at: 07-06-2026 12:29:04 PM [] []
[2026-06-07 12:29:17] SlimMonoLogger.INFO: Cron ran at: 07-06-2026 12:29:17 PM [] []
[2026-06-07 12:29:32] SlimMonoLogger.INFO: Cron ran at: 07-06-2026 12:29:32 PM [] []
[2026-06-07 12:29:52] SlimMonoLogger.INFO: Cron ran at: 07-06-2026 12:29:52 PM [] []
[2026-06-07 12:30:10] SlimMonoLogger.INFO: Cron ran at: 07-06-2026 12:30:10 PM [] []
[2026-06-07 12:30:43] SlimMonoLogger.INFO: Cron ran at: 07-06-2026 12:30:43 PM [] []
[2026-06-07 12:30:48] SlimMonoLogger.INFO: Cron ran at: 07-06-2026 12:30:48 PM [] []
[2026-06-07 12:31:21] SlimMonoLogger.INFO: Cron ran at: 07-06-2026 12:31:21 PM [] []
[2026-06-07 12:31:29] SlimMonoLogger.INFO: Cron ran at: 07-06-2026 12:31:29 PM [] []
[2026-06-07 12:31:37] SlimMonoLogger.INFO: Cron ran at: 07-06-2026 12:31:37 PM [] []
[2026-06-07 12:31:49] SlimMonoLogger.INFO: Cron ran at: 07-06-2026 12:31:49 PM [] []
[2026-06-07 12:32:00] SlimMonoLogger.INFO: Cron ran at: 07-06-2026 12:32:00 PM [] []
[2026-06-07 12:32:07] SlimMonoLogger.INFO: Cron ran at: 07-06-2026 12:32:07 PM [] []
[2026-06-07 12:32:22] SlimMonoLogger.INFO: Cron ran at: 07-06-2026 12:32:22 PM [] []
[2026-06-07 12:32:35] SlimMonoLogger.INFO: Cron ran at: 07-06-2026 12:32:35 PM [] []
[2026-06-07 12:32:52] SlimMonoLogger.INFO: Cron ran at: 07-06-2026 12:32:52 PM [] []
[2026-06-07 12:32:56] SlimMonoLogger.INFO: Cron ran at: 07-06-2026 12:32:56 PM [] []
[2026-06-07 12:33:09] SlimMonoLogger.INFO: Cron ran at: 07-06-2026 12:33:09 PM [] []
[2026-06-07 12:33:23] SlimMonoLogger.INFO: Cron ran at: 07-06-2026 12:33:23 PM [] []
[2026-06-07 12:33:26] SlimMonoLogger.INFO: Cron ran at: 07-06-2026 12:33:26 PM [] []
[2026-06-07 12:34:04] SlimMonoLogger.INFO: Cron ran at: 07-06-2026 12:34:04 PM [] []
[2026-06-07 12:34:05] SlimMonoLogger.INFO: Cron ran at: 07-06-2026 12:34:05 PM [] []
[2026-06-07 12:34:42] SlimMonoLogger.INFO: Cron ran at: 07-06-2026 12:34:42 PM [] []
[2026-06-07 12:34:43] SlimMonoLogger.INFO: Cron ran at: 07-06-2026 12:34:43 PM [] []
[2026-06-07 12:35:19] SlimMonoLogger.INFO: Cron ran at: 07-06-2026 12:35:19 PM [] []
[2026-06-07 12:35:26] SlimMonoLogger.INFO: Cron ran at: 07-06-2026 12:35:26 PM [] []
[2026-06-07 12:35:56] SlimMonoLogger.INFO: Cron ran at: 07-06-2026 12:35:56 PM [] []
[2026-06-07 12:36:04] SlimMonoLogger.INFO: Cron ran at: 07-06-2026 12:36:04 PM [] []
[2026-06-07 12:36:37] SlimMonoLogger.INFO: Cron ran at: 07-06-2026 12:36:37 PM [] []
[2026-06-07 12:36:44] SlimMonoLogger.INFO: Cron ran at: 07-06-2026 12:36:44 PM [] []
[2026-06-07 12:36:48] SlimMonoLogger.INFO: Cron ran at: 07-06-2026 12:36:48 PM [] []
[2026-06-07 12:37:15] SlimMonoLogger.INFO: Cron ran at: 07-06-2026 12:37:15 PM [] []
[2026-06-07 12:37:31] SlimMonoLogger.INFO: Cron ran at: 07-06-2026 12:37:31 PM [] []
[2026-06-07 12:37:49] SlimMonoLogger.INFO: Cron ran at: 07-06-2026 12:37:49 PM [] []
[2026-06-07 12:37:58] SlimMonoLogger.INFO: Cron ran at: 07-06-2026 12:37:58 PM [] []
[2026-06-07 12:37:58] SlimMonoLogger.INFO: Cron ran at: 07-06-2026 12:37:58 PM [] []
[2026-06-07 12:38:06] SlimMonoLogger.INFO: Cron ran at: 07-06-2026 12:38:06 PM [] []
[2026-06-07 12:38:22] SlimMonoLogger.INFO: Cron ran at: 07-06-2026 12:38:22 PM [] []
[2026-06-07 12:38:26] SlimMonoLogger.INFO: Cron ran at: 07-06-2026 12:38:26 PM [] []
[2026-06-07 12:38:48] SlimMonoLogger.INFO: Cron ran at: 07-06-2026 12:38:48 PM [] []
[2026-06-07 12:39:02] SlimMonoLogger.INFO: Cron ran at: 07-06-2026 12:39:02 PM [] []
[2026-06-07 12:39:07] SlimMonoLogger.INFO: Cron ran at: 07-06-2026 12:39:07 PM [] []
[2026-06-07 12:39:42] SlimMonoLogger.INFO: Cron ran at: 07-06-2026 12:39:42 PM [] []
[2026-06-07 12:39:52] SlimMonoLogger.INFO: Cron ran at: 07-06-2026 12:39:52 PM [] []
[2026-06-07 12:40:20] SlimMonoLogger.INFO: Cron ran at: 07-06-2026 12:40:20 PM [] []
[2026-06-07 12:40:27] SlimMonoLogger.INFO: Cron ran at: 07-06-2026 12:40:27 PM [] []
[2026-06-07 12:41:03] SlimMonoLogger.INFO: Cron ran at: 07-06-2026 12:41:03 PM [] []
[2026-06-07 12:41:12] SlimMonoLogger.INFO: Cron ran at: 07-06-2026 12:41:12 PM [] []
[2026-06-07 12:41:13] SlimMonoLogger.INFO: Cron ran at: 07-06-2026 12:41:13 PM [] []
[2026-06-07 12:41:43] SlimMonoLogger.INFO: Cron ran at: 07-06-2026 12:41:43 PM [] []
[2026-06-07 12:41:44] SlimMonoLogger.INFO: Cron ran at: 07-06-2026 12:41:44 PM [] []
[2026-06-07 12:41:45] SlimMonoLogger.INFO: Cron ran at: 07-06-2026 12:41:45 PM [] []
[2026-06-07 12:42:18] SlimMonoLogger.INFO: Cron ran at: 07-06-2026 12:42:18 PM [] []
[2026-06-07 12:42:21] SlimMonoLogger.INFO: Cron ran at: 07-06-2026 12:42:21 PM [] []
[2026-06-07 12:42:23] SlimMonoLogger.INFO: Cron ran at: 07-06-2026 12:42:23 PM [] []
[2026-06-07 12:42:53] SlimMonoLogger.INFO: Cron ran at: 07-06-2026 12:42:53 PM [] []
[2026-06-07 12:42:57] SlimMonoLogger.INFO: Cron ran at: 07-06-2026 12:42:57 PM [] []
[2026-06-07 12:42:59] SlimMonoLogger.INFO: Cron ran at: 07-06-2026 12:42:59 PM [] []
[2026-06-07 12:43:27] SlimMonoLogger.INFO: Cron ran at: 07-06-2026 12:43:27 PM [] []
[2026-06-07 12:43:46] SlimMonoLogger.INFO: Cron ran at: 07-06-2026 12:43:46 PM [] []
[2026-06-07 12:43:57] SlimMonoLogger.INFO: Cron ran at: 07-06-2026 12:43:57 PM [] []
[2026-06-07 12:44:28] SlimMonoLogger.INFO: Cron ran at: 07-06-2026 12:44:28 PM [] []
[2026-06-07 12:44:36] SlimMonoLogger.INFO: Cron ran at: 07-06-2026 12:44:36 PM [] []
[2026-06-07 12:45:05] SlimMonoLogger.INFO: Cron ran at: 07-06-2026 12:45:05 PM [] []
[2026-06-07 12:45:16] SlimMonoLogger.INFO: Cron ran at: 07-06-2026 12:45:16 PM [] []
[2026-06-07 12:45:48] SlimMonoLogger.INFO: Cron ran at: 07-06-2026 12:45:48 PM [] []
[2026-06-07 12:45:52] SlimMonoLogger.INFO: Cron ran at: 07-06-2026 12:45:52 PM [] []
[2026-06-07 12:46:33] SlimMonoLogger.INFO: Cron ran at: 07-06-2026 12:46:33 PM [] []
[2026-06-07 12:46:33] SlimMonoLogger.INFO: Cron ran at: 07-06-2026 12:46:33 PM [] []
[2026-06-07 12:46:33] SlimMonoLogger.INFO: Cron ran at: 07-06-2026 12:46:33 PM [] []
[2026-06-07 12:47:09] SlimMonoLogger.INFO: Cron ran at: 07-06-2026 12:47:09 PM [] []
[2026-06-07 12:47:11] SlimMonoLogger.INFO: Cron ran at: 07-06-2026 12:47:11 PM [] []
[2026-06-07 12:47:17] SlimMonoLogger.INFO: Cron ran at: 07-06-2026 12:47:17 PM [] []
[2026-06-07 12:47:48] SlimMonoLogger.INFO: Cron ran at: 07-06-2026 12:47:48 PM [] []
[2026-06-07 12:47:49] SlimMonoLogger.INFO: Cron ran at: 07-06-2026 12:47:49 PM [] []
[2026-06-07 12:47:53] SlimMonoLogger.INFO: Cron ran at: 07-06-2026 12:47:53 PM [] []
[2026-06-07 12:48:13] SlimMonoLogger.INFO: Cron ran at: 07-06-2026 12:48:13 PM [] []
[2026-06-07 12:48:31] SlimMonoLogger.INFO: Cron ran at: 07-06-2026 12:48:31 PM [] []
[2026-06-07 12:48:40] SlimMonoLogger.INFO: Cron ran at: 07-06-2026 12:48:40 PM [] []
[2026-06-07 12:48:48] SlimMonoLogger.INFO: Cron ran at: 07-06-2026 12:48:48 PM [] []
[2026-06-07 12:49:19] SlimMonoLogger.INFO: Cron ran at: 07-06-2026 12:49:19 PM [] []
[2026-06-07 12:49:22] SlimMonoLogger.INFO: Cron ran at: 07-06-2026 12:49:22 PM [] []
[2026-06-07 12:49:30] SlimMonoLogger.INFO: Cron ran at: 07-06-2026 12:49:30 PM [] []
[2026-06-07 12:49:51] SlimMonoLogger.INFO: Cron ran at: 07-06-2026 12:49:51 PM [] []
[2026-06-07 12:49:52] SlimMonoLogger.INFO: Cron ran at: 07-06-2026 12:49:52 PM [] []
[2026-06-07 12:50:32] SlimMonoLogger.INFO: Cron ran at: 07-06-2026 12:50:32 PM [] []
[2026-06-07 12:50:32] SlimMonoLogger.INFO: Cron ran at: 07-06-2026 12:50:32 PM [] []
[2026-06-07 12:51:15] SlimMonoLogger.INFO: Cron ran at: 07-06-2026 12:51:15 PM [] []
[2026-06-07 12:51:23] SlimMonoLogger.INFO: Cron ran at: 07-06-2026 12:51:23 PM [] []
[2026-06-07 12:51:48] SlimMonoLogger.INFO: Cron ran at: 07-06-2026 12:51:48 PM [] []
[2026-06-07 12:51:48] SlimMonoLogger.INFO: Cron ran at: 07-06-2026 12:51:48 PM [] []
[2026-06-07 12:52:00] SlimMonoLogger.INFO: Cron ran at: 07-06-2026 12:52:00 PM [] []
[2026-06-07 12:52:25] SlimMonoLogger.INFO: Cron ran at: 07-06-2026 12:52:25 PM [] []
[2026-06-07 12:52:26] SlimMonoLogger.INFO: Cron ran at: 07-06-2026 12:52:26 PM [] []
[2026-06-07 12:52:41] SlimMonoLogger.INFO: Cron ran at: 07-06-2026 12:52:41 PM [] []
[2026-06-07 12:52:52] SlimMonoLogger.INFO: Cron ran at: 07-06-2026 12:52:52 PM [] []
[2026-06-07 12:53:11] SlimMonoLogger.INFO: Cron ran at: 07-06-2026 12:53:11 PM [] []
[2026-06-07 12:53:24] SlimMonoLogger.INFO: Cron ran at: 07-06-2026 12:53:24 PM [] []
[2026-06-07 12:53:24] SlimMonoLogger.INFO: Cron ran at: 07-06-2026 12:53:24 PM [] []
[2026-06-07 12:54:02] SlimMonoLogger.INFO: Cron ran at: 07-06-2026 12:54:02 PM [] []
[2026-06-07 12:54:05] SlimMonoLogger.INFO: Cron ran at: 07-06-2026 12:54:05 PM [] []
[2026-06-07 12:54:39] SlimMonoLogger.INFO: Cron ran at: 07-06-2026 12:54:39 PM [] []
[2026-06-07 12:54:41] SlimMonoLogger.INFO: Cron ran at: 07-06-2026 12:54:41 PM [] []
[2026-06-07 12:55:14] SlimMonoLogger.INFO: Cron ran at: 07-06-2026 12:55:14 PM [] []
[2026-06-07 12:55:16] SlimMonoLogger.INFO: Cron ran at: 07-06-2026 12:55:16 PM [] []
[2026-06-07 12:55:49] SlimMonoLogger.INFO: Cron ran at: 07-06-2026 12:55:49 PM [] []
[2026-06-07 12:55:49] SlimMonoLogger.INFO: Cron ran at: 07-06-2026 12:55:49 PM [] []
[2026-06-07 12:56:15] SlimMonoLogger.INFO: Cron ran at: 07-06-2026 12:56:15 PM [] []
[2026-06-07 12:56:26] SlimMonoLogger.INFO: Cron ran at: 07-06-2026 12:56:26 PM [] []
[2026-06-07 12:56:26] SlimMonoLogger.INFO: Cron ran at: 07-06-2026 12:56:26 PM [] []
[2026-06-07 12:56:48] SlimMonoLogger.INFO: Cron ran at: 07-06-2026 12:56:48 PM [] []
[2026-06-07 12:57:03] SlimMonoLogger.INFO: Cron ran at: 07-06-2026 12:57:03 PM [] []
[2026-06-07 12:57:09] SlimMonoLogger.INFO: Cron ran at: 07-06-2026 12:57:09 PM [] []
[2026-06-07 12:57:19] SlimMonoLogger.INFO: Cron ran at: 07-06-2026 12:57:19 PM [] []
[2026-06-07 12:57:56] SlimMonoLogger.INFO: Cron ran at: 07-06-2026 12:57:56 PM [] []
[2026-06-07 12:57:56] SlimMonoLogger.INFO: Cron ran at: 07-06-2026 12:57:56 PM [] []
[2026-06-07 12:57:57] SlimMonoLogger.INFO: Cron ran at: 07-06-2026 12:57:57 PM [] []
[2026-06-07 12:58:32] SlimMonoLogger.INFO: Cron ran at: 07-06-2026 12:58:32 PM [] []
[2026-06-07 12:58:34] SlimMonoLogger.INFO: Cron ran at: 07-06-2026 12:58:34 PM [] []
[2026-06-07 12:58:34] SlimMonoLogger.INFO: Cron ran at: 07-06-2026 12:58:34 PM [] []
[2026-06-07 12:59:07] SlimMonoLogger.INFO: Cron ran at: 07-06-2026 12:59:07 PM [] []
[2026-06-07 12:59:11] SlimMonoLogger.INFO: Cron ran at: 07-06-2026 12:59:11 PM [] []
[2026-06-07 12:59:40] SlimMonoLogger.INFO: Cron ran at: 07-06-2026 12:59:40 PM [] []
[2026-06-07 12:59:51] SlimMonoLogger.INFO: Cron ran at: 07-06-2026 12:59:51 PM [] []
[2026-06-07 13:00:18] SlimMonoLogger.INFO: Cron ran at: 07-06-2026 01:00:18 PM [] []
[2026-06-07 13:00:36] SlimMonoLogger.INFO: Cron ran at: 07-06-2026 01:00:36 PM [] []
[2026-06-07 13:00:59] SlimMonoLogger.INFO: Cron ran at: 07-06-2026 01:00:59 PM [] []
[2026-06-07 13:01:22] SlimMonoLogger.INFO: Cron ran at: 07-06-2026 01:01:22 PM [] []
[2026-06-07 13:01:28] SlimMonoLogger.INFO: Cron ran at: 07-06-2026 01:01:28 PM [] []
[2026-06-07 13:01:32] SlimMonoLogger.INFO: Cron ran at: 07-06-2026 01:01:32 PM [] []
[2026-06-07 13:02:04] SlimMonoLogger.INFO: Cron ran at: 07-06-2026 01:02:04 PM [] []
[2026-06-07 13:02:11] SlimMonoLogger.INFO: Cron ran at: 07-06-2026 01:02:11 PM [] []
[2026-06-07 13:02:11] SlimMonoLogger.INFO: Cron ran at: 07-06-2026 01:02:11 PM [] []
[2026-06-07 13:02:40] SlimMonoLogger.INFO: Cron ran at: 07-06-2026 01:02:40 PM [] []
[2026-06-07 13:02:51] SlimMonoLogger.INFO: Cron ran at: 07-06-2026 01:02:51 PM [] []
[2026-06-07 13:02:51] SlimMonoLogger.INFO: Cron ran at: 07-06-2026 01:02:51 PM [] []
[2026-06-07 13:03:04] SlimMonoLogger.INFO: Cron ran at: 07-06-2026 01:03:04 PM [] []
[2026-06-07 13:03:31] SlimMonoLogger.INFO: Cron ran at: 07-06-2026 01:03:31 PM [] []
[2026-06-07 13:03:31] SlimMonoLogger.INFO: Cron ran at: 07-06-2026 01:03:31 PM [] []
[2026-06-07 13:03:36] SlimMonoLogger.INFO: Cron ran at: 07-06-2026 01:03:36 PM [] []
[2026-06-07 13:04:10] SlimMonoLogger.INFO: Cron ran at: 07-06-2026 01:04:10 PM [] []
[2026-06-07 13:04:10] SlimMonoLogger.INFO: Cron ran at: 07-06-2026 01:04:10 PM [] []
[2026-06-07 13:04:10] SlimMonoLogger.INFO: Cron ran at: 07-06-2026 01:04:10 PM [] []
[2026-06-07 13:04:52] SlimMonoLogger.INFO: Cron ran at: 07-06-2026 01:04:52 PM [] []
[2026-06-07 13:04:52] SlimMonoLogger.INFO: Cron ran at: 07-06-2026 01:04:52 PM [] []
[2026-06-07 13:05:33] SlimMonoLogger.INFO: Cron ran at: 07-06-2026 01:05:33 PM [] []
[2026-06-07 13:05:36] SlimMonoLogger.INFO: Cron ran at: 07-06-2026 01:05:36 PM [] []
[2026-06-07 13:06:03] SlimMonoLogger.INFO: Cron ran at: 07-06-2026 01:06:03 PM [] []
[2026-06-07 13:06:11] SlimMonoLogger.INFO: Cron ran at: 07-06-2026 01:06:11 PM [] []
[2026-06-07 13:06:39] SlimMonoLogger.INFO: Cron ran at: 07-06-2026 01:06:39 PM [] []
[2026-06-07 13:06:41] SlimMonoLogger.INFO: Cron ran at: 07-06-2026 01:06:41 PM [] []
[2026-06-07 13:06:55] SlimMonoLogger.INFO: Cron ran at: 07-06-2026 01:06:55 PM [] []
[2026-06-07 13:07:09] SlimMonoLogger.INFO: Cron ran at: 07-06-2026 01:07:09 PM [] []
[2026-06-07 13:07:24] SlimMonoLogger.INFO: Cron ran at: 07-06-2026 01:07:24 PM [] []
[2026-06-07 13:07:30] SlimMonoLogger.INFO: Cron ran at: 07-06-2026 01:07:30 PM [] []
[2026-06-07 13:07:44] SlimMonoLogger.INFO: Cron ran at: 07-06-2026 01:07:44 PM [] []
[2026-06-07 13:08:01] SlimMonoLogger.INFO: Cron ran at: 07-06-2026 01:08:01 PM [] []
[2026-06-07 13:08:11] SlimMonoLogger.INFO: Cron ran at: 07-06-2026 01:08:11 PM [] []
[2026-06-07 13:08:12] SlimMonoLogger.INFO: Cron ran at: 07-06-2026 01:08:12 PM [] []
[2026-06-07 13:08:45] SlimMonoLogger.INFO: Cron ran at: 07-06-2026 01:08:45 PM [] []
[2026-06-07 13:08:47] SlimMonoLogger.INFO: Cron ran at: 07-06-2026 01:08:47 PM [] []
[2026-06-07 13:09:29] SlimMonoLogger.INFO: Cron ran at: 07-06-2026 01:09:29 PM [] []
[2026-06-07 13:09:29] SlimMonoLogger.INFO: Cron ran at: 07-06-2026 01:09:29 PM [] []
[2026-06-07 13:10:08] SlimMonoLogger.INFO: Cron ran at: 07-06-2026 01:10:08 PM [] []
[2026-06-07 13:10:08] SlimMonoLogger.INFO: Cron ran at: 07-06-2026 01:10:08 PM [] []
[2026-06-07 13:10:41] SlimMonoLogger.INFO: Cron ran at: 07-06-2026 01:10:41 PM [] []
[2026-06-07 13:10:43] SlimMonoLogger.INFO: Cron ran at: 07-06-2026 01:10:43 PM [] []
[2026-06-07 13:11:19] SlimMonoLogger.INFO: Cron ran at: 07-06-2026 01:11:19 PM [] []
[2026-06-07 13:11:23] SlimMonoLogger.INFO: Cron ran at: 07-06-2026 01:11:23 PM [] []
[2026-06-07 13:11:57] SlimMonoLogger.INFO: Cron ran at: 07-06-2026 01:11:57 PM [] []
[2026-06-07 13:11:57] SlimMonoLogger.INFO: Cron ran at: 07-06-2026 01:11:57 PM [] []
[2026-06-07 13:12:05] SlimMonoLogger.INFO: Cron ran at: 07-06-2026 01:12:05 PM [] []
[2026-06-07 13:12:28] SlimMonoLogger.INFO: Cron ran at: 07-06-2026 01:12:28 PM [] []
[2026-06-07 13:12:35] SlimMonoLogger.INFO: Cron ran at: 07-06-2026 01:12:35 PM [] []
[2026-06-07 13:12:41] SlimMonoLogger.INFO: Cron ran at: 07-06-2026 01:12:41 PM [] []
[2026-06-07 13:13:10] SlimMonoLogger.INFO: Cron ran at: 07-06-2026 01:13:10 PM [] []
[2026-06-07 13:13:13] SlimMonoLogger.INFO: Cron ran at: 07-06-2026 01:13:13 PM [] []
[2026-06-07 13:13:22] SlimMonoLogger.INFO: Cron ran at: 07-06-2026 01:13:22 PM [] []
[2026-06-07 13:13:31] SlimMonoLogger.INFO: Cron ran at: 07-06-2026 01:13:31 PM [] []
[2026-06-07 13:13:56] SlimMonoLogger.INFO: Cron ran at: 07-06-2026 01:13:56 PM [] []
[2026-06-07 13:14:29] SlimMonoLogger.INFO: Cron ran at: 07-06-2026 01:14:29 PM [] []
[2026-06-07 13:14:34] SlimMonoLogger.INFO: Cron ran at: 07-06-2026 01:14:34 PM [] []
[2026-06-07 13:14:59] SlimMonoLogger.INFO: Cron ran at: 07-06-2026 01:14:59 PM [] []
[2026-06-07 13:15:14] SlimMonoLogger.INFO: Cron ran at: 07-06-2026 01:15:14 PM [] []
[2026-06-07 13:15:35] SlimMonoLogger.INFO: Cron ran at: 07-06-2026 01:15:35 PM [] []
[2026-06-07 13:15:53] SlimMonoLogger.INFO: Cron ran at: 07-06-2026 01:15:53 PM [] []
[2026-06-07 13:16:13] SlimMonoLogger.INFO: Cron ran at: 07-06-2026 01:16:13 PM [] []
[2026-06-07 13:16:41] SlimMonoLogger.INFO: Cron ran at: 07-06-2026 01:16:41 PM [] []
[2026-06-07 13:16:48] SlimMonoLogger.INFO: Cron ran at: 07-06-2026 01:16:48 PM [] []
[2026-06-07 13:16:52] SlimMonoLogger.INFO: Cron ran at: 07-06-2026 01:16:52 PM [] []
[2026-06-07 13:17:14] SlimMonoLogger.INFO: Cron ran at: 07-06-2026 01:17:14 PM [] []
[2026-06-07 13:17:15] SlimMonoLogger.INFO: Cron ran at: 07-06-2026 01:17:15 PM [] []
[2026-06-07 13:17:33] SlimMonoLogger.INFO: Cron ran at: 07-06-2026 01:17:33 PM [] []
[2026-06-07 13:17:49] SlimMonoLogger.INFO: Cron ran at: 07-06-2026 01:17:49 PM [] []
[2026-06-07 13:17:56] SlimMonoLogger.INFO: Cron ran at: 07-06-2026 01:17:56 PM [] []
[2026-06-07 13:18:11] SlimMonoLogger.INFO: Cron ran at: 07-06-2026 01:18:11 PM [] []
[2026-06-07 13:18:18] SlimMonoLogger.INFO: Cron ran at: 07-06-2026 01:18:18 PM [] []
[2026-06-07 13:18:34] SlimMonoLogger.INFO: Cron ran at: 07-06-2026 01:18:34 PM [] []
[2026-06-07 13:18:49] SlimMonoLogger.INFO: Cron ran at: 07-06-2026 01:18:49 PM [] []
[2026-06-07 13:18:52] SlimMonoLogger.INFO: Cron ran at: 07-06-2026 01:18:52 PM [] []
[2026-06-07 13:19:30] SlimMonoLogger.INFO: Cron ran at: 07-06-2026 01:19:30 PM [] []
[2026-06-07 13:19:31] SlimMonoLogger.INFO: Cron ran at: 07-06-2026 01:19:31 PM [] []
[2026-06-07 13:20:12] SlimMonoLogger.INFO: Cron ran at: 07-06-2026 01:20:12 PM [] []
[2026-06-07 13:20:12] SlimMonoLogger.INFO: Cron ran at: 07-06-2026 01:20:12 PM [] []
[2026-06-07 13:20:47] SlimMonoLogger.INFO: Cron ran at: 07-06-2026 01:20:47 PM [] []
[2026-06-07 13:20:50] SlimMonoLogger.INFO: Cron ran at: 07-06-2026 01:20:50 PM [] []
[2026-06-07 13:21:25] SlimMonoLogger.INFO: Cron ran at: 07-06-2026 01:21:25 PM [] []
[2026-06-07 13:21:29] SlimMonoLogger.INFO: Cron ran at: 07-06-2026 01:21:29 PM [] []
[2026-06-07 13:21:29] SlimMonoLogger.INFO: Cron ran at: 07-06-2026 01:21:29 PM [] []
[2026-06-07 13:22:10] SlimMonoLogger.INFO: Cron ran at: 07-06-2026 01:22:10 PM [] []
[2026-06-07 13:22:12] SlimMonoLogger.INFO: Cron ran at: 07-06-2026 01:22:12 PM [] []
[2026-06-07 13:22:13] SlimMonoLogger.INFO: Cron ran at: 07-06-2026 01:22:13 PM [] []
[2026-06-07 13:22:40] SlimMonoLogger.INFO: Cron ran at: 07-06-2026 01:22:40 PM [] []
[2026-06-07 13:22:52] SlimMonoLogger.INFO: Cron ran at: 07-06-2026 01:22:52 PM [] []
[2026-06-07 13:22:53] SlimMonoLogger.INFO: Cron ran at: 07-06-2026 01:22:53 PM [] []
[2026-06-07 13:23:14] SlimMonoLogger.INFO: Cron ran at: 07-06-2026 01:23:14 PM [] []
[2026-06-07 13:23:38] SlimMonoLogger.INFO: Cron ran at: 07-06-2026 01:23:38 PM [] []
[2026-06-07 13:23:41] SlimMonoLogger.INFO: Cron ran at: 07-06-2026 01:23:41 PM [] []
[2026-06-07 13:23:50] SlimMonoLogger.INFO: Cron ran at: 07-06-2026 01:23:50 PM [] []
[2026-06-07 13:24:12] SlimMonoLogger.INFO: Cron ran at: 07-06-2026 01:24:12 PM [] []
[2026-06-07 13:24:12] SlimMonoLogger.INFO: Cron ran at: 07-06-2026 01:24:12 PM [] []
[2026-06-07 13:24:17] SlimMonoLogger.INFO: Cron ran at: 07-06-2026 01:24:17 PM [] []
[2026-06-07 13:25:02] SlimMonoLogger.INFO: Cron ran at: 07-06-2026 01:25:02 PM [] []
[2026-06-07 13:25:02] SlimMonoLogger.INFO: Cron ran at: 07-06-2026 01:25:02 PM [] []
[2026-06-07 13:25:39] SlimMonoLogger.INFO: Cron ran at: 07-06-2026 01:25:39 PM [] []
[2026-06-07 13:25:39] SlimMonoLogger.INFO: Cron ran at: 07-06-2026 01:25:39 PM [] []
[2026-06-07 13:26:14] SlimMonoLogger.INFO: Cron ran at: 07-06-2026 01:26:14 PM [] []
[2026-06-07 13:26:14] SlimMonoLogger.INFO: Cron ran at: 07-06-2026 01:26:14 PM [] []
[2026-06-07 13:26:53] SlimMonoLogger.INFO: Cron ran at: 07-06-2026 01:26:53 PM [] []
[2026-06-07 13:26:54] SlimMonoLogger.INFO: Cron ran at: 07-06-2026 01:26:54 PM [] []
[2026-06-07 13:26:57] SlimMonoLogger.INFO: Cron ran at: 07-06-2026 01:26:57 PM [] []
[2026-06-07 13:27:17] SlimMonoLogger.INFO: Cron ran at: 07-06-2026 01:27:17 PM [] []
[2026-06-07 13:27:35] SlimMonoLogger.INFO: Cron ran at: 07-06-2026 01:27:35 PM [] []
[2026-06-07 13:27:35] SlimMonoLogger.INFO: Cron ran at: 07-06-2026 01:27:35 PM [] []
[2026-06-07 13:27:47] SlimMonoLogger.INFO: Cron ran at: 07-06-2026 01:27:47 PM [] []
[2026-06-07 13:28:15] SlimMonoLogger.INFO: Cron ran at: 07-06-2026 01:28:15 PM [] []
[2026-06-07 13:28:15] SlimMonoLogger.INFO: Cron ran at: 07-06-2026 01:28:15 PM [] []
[2026-06-07 13:28:20] SlimMonoLogger.INFO: Cron ran at: 07-06-2026 01:28:20 PM [] []
[2026-06-07 13:29:07] SlimMonoLogger.INFO: Cron ran at: 07-06-2026 01:29:07 PM [] []
[2026-06-07 13:29:07] SlimMonoLogger.INFO: Cron ran at: 07-06-2026 01:29:07 PM [] []
[2026-06-07 13:29:07] SlimMonoLogger.INFO: Cron ran at: 07-06-2026 01:29:07 PM [] []
[2026-06-07 13:29:32] SlimMonoLogger.INFO: Cron ran at: 07-06-2026 01:29:32 PM [] []
[2026-06-07 13:29:33] SlimMonoLogger.INFO: Cron ran at: 07-06-2026 01:29:33 PM [] []
[2026-06-07 13:30:12] SlimMonoLogger.INFO: Cron ran at: 07-06-2026 01:30:12 PM [] []
[2026-06-07 13:30:14] SlimMonoLogger.INFO: Cron ran at: 07-06-2026 01:30:14 PM [] []
[2026-06-07 13:30:54] SlimMonoLogger.INFO: Cron ran at: 07-06-2026 01:30:54 PM [] []
[2026-06-07 13:30:55] SlimMonoLogger.INFO: Cron ran at: 07-06-2026 01:30:55 PM [] []
[2026-06-07 13:31:26] SlimMonoLogger.INFO: Cron ran at: 07-06-2026 01:31:26 PM [] []
[2026-06-07 13:31:33] SlimMonoLogger.INFO: Cron ran at: 07-06-2026 01:31:33 PM [] []
[2026-06-07 13:32:02] SlimMonoLogger.INFO: Cron ran at: 07-06-2026 01:32:02 PM [] []
[2026-06-07 13:32:10] SlimMonoLogger.INFO: Cron ran at: 07-06-2026 01:32:10 PM [] []
[2026-06-07 13:32:19] SlimMonoLogger.INFO: Cron ran at: 07-06-2026 01:32:19 PM [] []
[2026-06-07 13:32:26] SlimMonoLogger.INFO: Cron ran at: 07-06-2026 01:32:26 PM [] []
[2026-06-07 13:32:46] SlimMonoLogger.INFO: Cron ran at: 07-06-2026 01:32:46 PM [] []
[2026-06-07 13:32:58] SlimMonoLogger.INFO: Cron ran at: 07-06-2026 01:32:58 PM [] []
[2026-06-07 13:33:13] SlimMonoLogger.INFO: Cron ran at: 07-06-2026 01:33:13 PM [] []
[2026-06-07 13:33:27] SlimMonoLogger.INFO: Cron ran at: 07-06-2026 01:33:27 PM [] []
[2026-06-07 13:33:38] SlimMonoLogger.INFO: Cron ran at: 07-06-2026 01:33:38 PM [] []
[2026-06-07 13:33:43] SlimMonoLogger.INFO: Cron ran at: 07-06-2026 01:33:43 PM [] []
[2026-06-07 13:34:05] SlimMonoLogger.INFO: Cron ran at: 07-06-2026 01:34:05 PM [] []
[2026-06-07 13:34:14] SlimMonoLogger.INFO: Cron ran at: 07-06-2026 01:34:14 PM [] []
[2026-06-07 13:34:46] SlimMonoLogger.INFO: Cron ran at: 07-06-2026 01:34:46 PM [] []
[2026-06-07 13:34:52] SlimMonoLogger.INFO: Cron ran at: 07-06-2026 01:34:52 PM [] []
[2026-06-07 13:35:26] SlimMonoLogger.INFO: Cron ran at: 07-06-2026 01:35:26 PM [] []
[2026-06-07 13:35:27] SlimMonoLogger.INFO: Cron ran at: 07-06-2026 01:35:27 PM [] []
[2026-06-07 13:36:07] SlimMonoLogger.INFO: Cron ran at: 07-06-2026 01:36:07 PM [] []
[2026-06-07 13:36:08] SlimMonoLogger.INFO: Cron ran at: 07-06-2026 01:36:08 PM [] []
[2026-06-07 13:36:48] SlimMonoLogger.INFO: Cron ran at: 07-06-2026 01:36:48 PM [] []
[2026-06-07 13:36:52] SlimMonoLogger.INFO: Cron ran at: 07-06-2026 01:36:52 PM [] []
[2026-06-07 13:36:57] SlimMonoLogger.INFO: Cron ran at: 07-06-2026 01:36:57 PM [] []
[2026-06-07 13:37:25] SlimMonoLogger.INFO: Cron ran at: 07-06-2026 01:37:25 PM [] []
[2026-06-07 13:37:25] SlimMonoLogger.INFO: Cron ran at: 07-06-2026 01:37:25 PM [] []
[2026-06-07 13:37:29] SlimMonoLogger.INFO: Cron ran at: 07-06-2026 01:37:29 PM [] []
[2026-06-07 13:37:49] SlimMonoLogger.INFO: Cron ran at: 07-06-2026 01:37:49 PM [] []
[2026-06-07 13:38:07] SlimMonoLogger.INFO: Cron ran at: 07-06-2026 01:38:07 PM [] []
[2026-06-07 13:38:07] SlimMonoLogger.INFO: Cron ran at: 07-06-2026 01:38:07 PM [] []
[2026-06-07 13:38:21] SlimMonoLogger.INFO: Cron ran at: 07-06-2026 01:38:21 PM [] []
[2026-06-07 13:38:43] SlimMonoLogger.INFO: Cron ran at: 07-06-2026 01:38:43 PM [] []
[2026-06-07 13:38:48] SlimMonoLogger.INFO: Cron ran at: 07-06-2026 01:38:48 PM [] []
[2026-06-07 13:38:55] SlimMonoLogger.INFO: Cron ran at: 07-06-2026 01:38:55 PM [] []
[2026-06-07 13:39:31] SlimMonoLogger.INFO: Cron ran at: 07-06-2026 01:39:31 PM [] []
[2026-06-07 13:39:32] SlimMonoLogger.INFO: Cron ran at: 07-06-2026 01:39:32 PM [] []
[2026-06-07 13:40:10] SlimMonoLogger.INFO: Cron ran at: 07-06-2026 01:40:10 PM [] []
[2026-06-07 13:40:10] SlimMonoLogger.INFO: Cron ran at: 07-06-2026 01:40:10 PM [] []
[2026-06-07 13:40:49] SlimMonoLogger.INFO: Cron ran at: 07-06-2026 01:40:49 PM [] []
[2026-06-07 13:40:50] SlimMonoLogger.INFO: Cron ran at: 07-06-2026 01:40:50 PM [] []
[2026-06-07 13:41:28] SlimMonoLogger.INFO: Cron ran at: 07-06-2026 01:41:28 PM [] []
[2026-06-07 13:41:31] SlimMonoLogger.INFO: Cron ran at: 07-06-2026 01:41:31 PM [] []
[2026-06-07 13:42:04] SlimMonoLogger.INFO: Cron ran at: 07-06-2026 01:42:04 PM [] []
[2026-06-07 13:42:05] SlimMonoLogger.INFO: Cron ran at: 07-06-2026 01:42:05 PM [] []
[2026-06-07 13:42:13] SlimMonoLogger.INFO: Cron ran at: 07-06-2026 01:42:13 PM [] []
[2026-06-07 13:42:45] SlimMonoLogger.INFO: Cron ran at: 07-06-2026 01:42:45 PM [] []
[2026-06-07 13:42:46] SlimMonoLogger.INFO: Cron ran at: 07-06-2026 01:42:46 PM [] []
[2026-06-07 13:42:55] SlimMonoLogger.INFO: Cron ran at: 07-06-2026 01:42:55 PM [] []
[2026-06-07 13:43:15] SlimMonoLogger.INFO: Cron ran at: 07-06-2026 01:43:15 PM [] []
[2026-06-07 13:43:25] SlimMonoLogger.INFO: Cron ran at: 07-06-2026 01:43:25 PM [] []
[2026-06-07 13:43:32] SlimMonoLogger.INFO: Cron ran at: 07-06-2026 01:43:32 PM [] []
[2026-06-07 13:43:43] SlimMonoLogger.INFO: Cron ran at: 07-06-2026 01:43:43 PM [] []
[2026-06-07 13:44:03] SlimMonoLogger.INFO: Cron ran at: 07-06-2026 01:44:03 PM [] []
[2026-06-07 13:44:17] SlimMonoLogger.INFO: Cron ran at: 07-06-2026 01:44:17 PM [] []
[2026-06-07 13:44:17] SlimMonoLogger.INFO: Cron ran at: 07-06-2026 01:44:17 PM [] []
[2026-06-07 13:44:50] SlimMonoLogger.INFO: Cron ran at: 07-06-2026 01:44:50 PM [] []
[2026-06-07 13:44:57] SlimMonoLogger.INFO: Cron ran at: 07-06-2026 01:44:57 PM [] []
[2026-06-07 13:45:30] SlimMonoLogger.INFO: Cron ran at: 07-06-2026 01:45:30 PM [] []
[2026-06-07 13:45:31] SlimMonoLogger.INFO: Cron ran at: 07-06-2026 01:45:31 PM [] []
[2026-06-07 13:46:15] SlimMonoLogger.INFO: Cron ran at: 07-06-2026 01:46:15 PM [] []
[2026-06-07 13:46:15] SlimMonoLogger.INFO: Cron ran at: 07-06-2026 01:46:15 PM [] []
[2026-06-07 13:46:52] SlimMonoLogger.INFO: Cron ran at: 07-06-2026 01:46:52 PM [] []
[2026-06-07 13:46:53] SlimMonoLogger.INFO: Cron ran at: 07-06-2026 01:46:53 PM [] []
[2026-06-07 13:47:04] SlimMonoLogger.INFO: Cron ran at: 07-06-2026 01:47:04 PM [] []
[2026-06-07 13:47:26] SlimMonoLogger.INFO: Cron ran at: 07-06-2026 01:47:26 PM [] []
[2026-06-07 13:47:27] SlimMonoLogger.INFO: Cron ran at: 07-06-2026 01:47:27 PM [] []
[2026-06-07 13:47:37] SlimMonoLogger.INFO: Cron ran at: 07-06-2026 01:47:37 PM [] []
[2026-06-07 13:48:09] SlimMonoLogger.INFO: Cron ran at: 07-06-2026 01:48:09 PM [] []
[2026-06-07 13:48:09] SlimMonoLogger.INFO: Cron ran at: 07-06-2026 01:48:09 PM [] []
[2026-06-07 13:48:09] SlimMonoLogger.INFO: Cron ran at: 07-06-2026 01:48:09 PM [] []
[2026-06-07 13:48:45] SlimMonoLogger.INFO: Cron ran at: 07-06-2026 01:48:45 PM [] []
[2026-06-07 13:48:47] SlimMonoLogger.INFO: Cron ran at: 07-06-2026 01:48:47 PM [] []
[2026-06-07 13:48:47] SlimMonoLogger.INFO: Cron ran at: 07-06-2026 01:48:47 PM [] []
[2026-06-07 13:49:15] SlimMonoLogger.INFO: Cron ran at: 07-06-2026 01:49:15 PM [] []
[2026-06-07 13:49:24] SlimMonoLogger.INFO: Cron ran at: 07-06-2026 01:49:24 PM [] []
[2026-06-07 13:49:48] SlimMonoLogger.INFO: Cron ran at: 07-06-2026 01:49:48 PM [] []
[2026-06-07 13:50:06] SlimMonoLogger.INFO: Cron ran at: 07-06-2026 01:50:06 PM [] []
[2026-06-07 13:50:24] SlimMonoLogger.INFO: Cron ran at: 07-06-2026 01:50:24 PM [] []
[2026-06-07 13:50:43] SlimMonoLogger.INFO: Cron ran at: 07-06-2026 01:50:43 PM [] []
[2026-06-07 13:50:59] SlimMonoLogger.INFO: Cron ran at: 07-06-2026 01:50:59 PM [] []
[2026-06-07 13:51:24] SlimMonoLogger.INFO: Cron ran at: 07-06-2026 01:51:24 PM [] []
[2026-06-07 13:51:39] SlimMonoLogger.INFO: Cron ran at: 07-06-2026 01:51:39 PM [] []
[2026-06-07 13:52:01] SlimMonoLogger.INFO: Cron ran at: 07-06-2026 01:52:01 PM [] []
[2026-06-07 13:52:02] SlimMonoLogger.INFO: Cron ran at: 07-06-2026 01:52:02 PM [] []
[2026-06-07 13:52:13] SlimMonoLogger.INFO: Cron ran at: 07-06-2026 01:52:13 PM [] []
[2026-06-07 13:52:37] SlimMonoLogger.INFO: Cron ran at: 07-06-2026 01:52:37 PM [] []
[2026-06-07 13:52:38] SlimMonoLogger.INFO: Cron ran at: 07-06-2026 01:52:38 PM [] []
[2026-06-07 13:52:57] SlimMonoLogger.INFO: Cron ran at: 07-06-2026 01:52:57 PM [] []
[2026-06-07 13:53:09] SlimMonoLogger.INFO: Cron ran at: 07-06-2026 01:53:09 PM [] []
[2026-06-07 13:53:33] SlimMonoLogger.INFO: Cron ran at: 07-06-2026 01:53:33 PM [] []
[2026-06-07 13:53:37] SlimMonoLogger.INFO: Cron ran at: 07-06-2026 01:53:37 PM [] []
[2026-06-07 13:53:46] SlimMonoLogger.INFO: Cron ran at: 07-06-2026 01:53:46 PM [] []
[2026-06-07 13:54:01] SlimMonoLogger.INFO: Cron ran at: 07-06-2026 01:54:01 PM [] []
[2026-06-07 13:54:19] SlimMonoLogger.INFO: Cron ran at: 07-06-2026 01:54:19 PM [] []
[2026-06-07 13:54:23] SlimMonoLogger.INFO: Cron ran at: 07-06-2026 01:54:23 PM [] []
[2026-06-07 13:55:05] SlimMonoLogger.INFO: Cron ran at: 07-06-2026 01:55:05 PM [] []
[2026-06-07 13:55:06] SlimMonoLogger.INFO: Cron ran at: 07-06-2026 01:55:06 PM [] []
[2026-06-07 13:55:37] SlimMonoLogger.INFO: Cron ran at: 07-06-2026 01:55:37 PM [] []
[2026-06-07 13:55:49] SlimMonoLogger.INFO: Cron ran at: 07-06-2026 01:55:49 PM [] []
[2026-06-07 13:56:18] SlimMonoLogger.INFO: Cron ran at: 07-06-2026 01:56:18 PM [] []
[2026-06-07 13:56:23] SlimMonoLogger.INFO: Cron ran at: 07-06-2026 01:56:23 PM [] []
[2026-06-07 13:56:38] SlimMonoLogger.INFO: Cron ran at: 07-06-2026 01:56:38 PM [] []
[2026-06-07 13:56:38] SlimMonoLogger.INFO: Cron ran at: 07-06-2026 01:56:38 PM [] []
[2026-06-07 13:56:56] SlimMonoLogger.INFO: Cron ran at: 07-06-2026 01:56:56 PM [] []
[2026-06-07 13:57:06] SlimMonoLogger.INFO: Cron ran at: 07-06-2026 01:57:06 PM [] []
[2026-06-07 13:57:21] SlimMonoLogger.INFO: Cron ran at: 07-06-2026 01:57:21 PM [] []
[2026-06-07 13:57:35] SlimMonoLogger.INFO: Cron ran at: 07-06-2026 01:57:35 PM [] []
[2026-06-07 13:57:35] SlimMonoLogger.INFO: Cron ran at: 07-06-2026 01:57:35 PM [] []
[2026-06-07 13:58:00] SlimMonoLogger.INFO: Cron ran at: 07-06-2026 01:58:00 PM [] []
[2026-06-07 13:58:12] SlimMonoLogger.INFO: Cron ran at: 07-06-2026 01:58:12 PM [] []
[2026-06-07 13:58:14] SlimMonoLogger.INFO: Cron ran at: 07-06-2026 01:58:14 PM [] []
[2026-06-07 13:58:39] SlimMonoLogger.INFO: Cron ran at: 07-06-2026 01:58:39 PM [] []
[2026-06-07 13:58:42] SlimMonoLogger.INFO: Cron ran at: 07-06-2026 01:58:42 PM [] []
[2026-06-07 13:58:56] SlimMonoLogger.INFO: Cron ran at: 07-06-2026 01:58:56 PM [] []
[2026-06-07 13:59:19] SlimMonoLogger.INFO: Cron ran at: 07-06-2026 01:59:19 PM [] []
[2026-06-07 13:59:21] SlimMonoLogger.INFO: Cron ran at: 07-06-2026 01:59:21 PM [] []
[2026-06-07 13:59:56] SlimMonoLogger.INFO: Cron ran at: 07-06-2026 01:59:56 PM [] []
[2026-06-07 13:59:57] SlimMonoLogger.INFO: Cron ran at: 07-06-2026 01:59:57 PM [] []
[2026-06-07 14:00:43] SlimMonoLogger.INFO: Cron ran at: 07-06-2026 02:00:43 PM [] []
[2026-06-07 14:00:47] SlimMonoLogger.INFO: Cron ran at: 07-06-2026 02:00:47 PM [] []
[2026-06-07 14:01:15] SlimMonoLogger.INFO: Cron ran at: 07-06-2026 02:01:15 PM [] []
[2026-06-07 14:01:19] SlimMonoLogger.INFO: Cron ran at: 07-06-2026 02:01:19 PM [] []
[2026-06-07 14:01:21] SlimMonoLogger.INFO: Cron ran at: 07-06-2026 02:01:21 PM [] []
[2026-06-07 14:01:50] SlimMonoLogger.INFO: Cron ran at: 07-06-2026 02:01:50 PM [] []
[2026-06-07 14:01:50] SlimMonoLogger.INFO: Cron ran at: 07-06-2026 02:01:50 PM [] []
[2026-06-07 14:02:00] SlimMonoLogger.INFO: Cron ran at: 07-06-2026 02:02:00 PM [] []
[2026-06-07 14:02:21] SlimMonoLogger.INFO: Cron ran at: 07-06-2026 02:02:21 PM [] []
[2026-06-07 14:02:28] SlimMonoLogger.INFO: Cron ran at: 07-06-2026 02:02:28 PM [] []
[2026-06-07 14:02:42] SlimMonoLogger.INFO: Cron ran at: 07-06-2026 02:02:42 PM [] []
[2026-06-07 14:02:57] SlimMonoLogger.INFO: Cron ran at: 07-06-2026 02:02:57 PM [] []
[2026-06-07 14:03:09] SlimMonoLogger.INFO: Cron ran at: 07-06-2026 02:03:09 PM [] []
[2026-06-07 14:03:19] SlimMonoLogger.INFO: Cron ran at: 07-06-2026 02:03:19 PM [] []
[2026-06-07 14:03:27] SlimMonoLogger.INFO: Cron ran at: 07-06-2026 02:03:27 PM [] []
[2026-06-07 14:03:47] SlimMonoLogger.INFO: Cron ran at: 07-06-2026 02:03:47 PM [] []
[2026-06-07 14:04:01] SlimMonoLogger.INFO: Cron ran at: 07-06-2026 02:04:01 PM [] []
[2026-06-07 14:04:01] SlimMonoLogger.INFO: Cron ran at: 07-06-2026 02:04:01 PM [] []
[2026-06-07 14:04:27] SlimMonoLogger.INFO: Cron ran at: 07-06-2026 02:04:27 PM [] []
[2026-06-07 14:04:37] SlimMonoLogger.INFO: Cron ran at: 07-06-2026 02:04:37 PM [] []
[2026-06-07 14:05:09] SlimMonoLogger.INFO: Cron ran at: 07-06-2026 02:05:09 PM [] []
[2026-06-07 14:05:14] SlimMonoLogger.INFO: Cron ran at: 07-06-2026 02:05:14 PM [] []
[2026-06-07 14:05:59] SlimMonoLogger.INFO: Cron ran at: 07-06-2026 02:05:59 PM [] []
[2026-06-07 14:06:00] SlimMonoLogger.INFO: Cron ran at: 07-06-2026 02:06:00 PM [] []
[2026-06-07 14:06:27] SlimMonoLogger.INFO: Cron ran at: 07-06-2026 02:06:27 PM [] []
[2026-06-07 14:06:32] SlimMonoLogger.INFO: Cron ran at: 07-06-2026 02:06:32 PM [] []
[2026-06-07 14:06:36] SlimMonoLogger.INFO: Cron ran at: 07-06-2026 02:06:36 PM [] []
[2026-06-07 14:06:54] SlimMonoLogger.INFO: Cron ran at: 07-06-2026 02:06:54 PM [] []
[2026-06-07 14:07:13] SlimMonoLogger.INFO: Cron ran at: 07-06-2026 02:07:13 PM [] []
[2026-06-07 14:07:15] SlimMonoLogger.INFO: Cron ran at: 07-06-2026 02:07:15 PM [] []
[2026-06-07 14:07:29] SlimMonoLogger.INFO: Cron ran at: 07-06-2026 02:07:29 PM [] []
[2026-06-07 14:07:52] SlimMonoLogger.INFO: Cron ran at: 07-06-2026 02:07:52 PM [] []
[2026-06-07 14:07:54] SlimMonoLogger.INFO: Cron ran at: 07-06-2026 02:07:54 PM [] []
[2026-06-07 14:07:58] SlimMonoLogger.INFO: Cron ran at: 07-06-2026 02:07:58 PM [] []
[2026-06-07 14:08:39] SlimMonoLogger.INFO: Cron ran at: 07-06-2026 02:08:39 PM [] []
[2026-06-07 14:08:39] SlimMonoLogger.INFO: Cron ran at: 07-06-2026 02:08:39 PM [] []
[2026-06-07 14:08:40] SlimMonoLogger.INFO: Cron ran at: 07-06-2026 02:08:40 PM [] []
[2026-06-07 14:09:11] SlimMonoLogger.INFO: Cron ran at: 07-06-2026 02:09:11 PM [] []
[2026-06-07 14:09:21] SlimMonoLogger.INFO: Cron ran at: 07-06-2026 02:09:21 PM [] []
[2026-06-07 14:09:49] SlimMonoLogger.INFO: Cron ran at: 07-06-2026 02:09:49 PM [] []
[2026-06-07 14:10:03] SlimMonoLogger.INFO: Cron ran at: 07-06-2026 02:10:03 PM [] []
[2026-06-07 14:10:26] SlimMonoLogger.INFO: Cron ran at: 07-06-2026 02:10:26 PM [] []
[2026-06-07 14:10:42] SlimMonoLogger.INFO: Cron ran at: 07-06-2026 02:10:42 PM [] []
[2026-06-07 14:11:03] SlimMonoLogger.INFO: Cron ran at: 07-06-2026 02:11:03 PM [] []
[2026-06-07 14:11:26] SlimMonoLogger.INFO: Cron ran at: 07-06-2026 02:11:26 PM [] []
[2026-06-07 14:11:51] SlimMonoLogger.INFO: Cron ran at: 07-06-2026 02:11:51 PM [] []
[2026-06-07 14:12:03] SlimMonoLogger.INFO: Cron ran at: 07-06-2026 02:12:03 PM [] []
[2026-06-07 14:12:19] SlimMonoLogger.INFO: Cron ran at: 07-06-2026 02:12:19 PM [] []
[2026-06-07 14:12:24] SlimMonoLogger.INFO: Cron ran at: 07-06-2026 02:12:24 PM [] []
[2026-06-07 14:12:41] SlimMonoLogger.INFO: Cron ran at: 07-06-2026 02:12:41 PM [] []
[2026-06-07 14:12:41] SlimMonoLogger.INFO: Cron ran at: 07-06-2026 02:12:41 PM [] []
[2026-06-07 14:13:15] SlimMonoLogger.INFO: Cron ran at: 07-06-2026 02:13:15 PM [] []
[2026-06-07 14:13:16] SlimMonoLogger.INFO: Cron ran at: 07-06-2026 02:13:16 PM [] []
[2026-06-07 14:13:24] SlimMonoLogger.INFO: Cron ran at: 07-06-2026 02:13:24 PM [] []
[2026-06-07 14:13:45] SlimMonoLogger.INFO: Cron ran at: 07-06-2026 02:13:45 PM [] []
[2026-06-07 14:13:45] SlimMonoLogger.INFO: Cron ran at: 07-06-2026 02:13:45 PM [] []
[2026-06-07 14:14:18] SlimMonoLogger.INFO: Cron ran at: 07-06-2026 02:14:18 PM [] []
[2026-06-07 14:14:18] SlimMonoLogger.INFO: Cron ran at: 07-06-2026 02:14:18 PM [] []
[2026-06-07 14:14:59] SlimMonoLogger.INFO: Cron ran at: 07-06-2026 02:14:59 PM [] []
[2026-06-07 14:15:07] SlimMonoLogger.INFO: Cron ran at: 07-06-2026 02:15:07 PM [] []
[2026-06-07 14:15:34] SlimMonoLogger.INFO: Cron ran at: 07-06-2026 02:15:34 PM [] []
[2026-06-07 14:15:50] SlimMonoLogger.INFO: Cron ran at: 07-06-2026 02:15:50 PM [] []
[2026-06-07 14:16:21] SlimMonoLogger.INFO: Cron ran at: 07-06-2026 02:16:21 PM [] []
[2026-06-07 14:16:24] SlimMonoLogger.INFO: Cron ran at: 07-06-2026 02:16:24 PM [] []
[2026-06-07 14:16:38] SlimMonoLogger.INFO: Cron ran at: 07-06-2026 02:16:38 PM [] []
[2026-06-07 14:16:52] SlimMonoLogger.INFO: Cron ran at: 07-06-2026 02:16:52 PM [] []
[2026-06-07 14:17:06] SlimMonoLogger.INFO: Cron ran at: 07-06-2026 02:17:06 PM [] []
[2026-06-07 14:17:06] SlimMonoLogger.INFO: Cron ran at: 07-06-2026 02:17:06 PM [] []
[2026-06-07 14:17:27] SlimMonoLogger.INFO: Cron ran at: 07-06-2026 02:17:27 PM [] []
[2026-06-07 14:17:38] SlimMonoLogger.INFO: Cron ran at: 07-06-2026 02:17:38 PM [] []
[2026-06-07 14:17:44] SlimMonoLogger.INFO: Cron ran at: 07-06-2026 02:17:44 PM [] []
[2026-06-07 14:18:10] SlimMonoLogger.INFO: Cron ran at: 07-06-2026 02:18:10 PM [] []
[2026-06-07 14:18:11] SlimMonoLogger.INFO: Cron ran at: 07-06-2026 02:18:11 PM [] []
[2026-06-07 14:18:22] SlimMonoLogger.INFO: Cron ran at: 07-06-2026 02:18:22 PM [] []
[2026-06-07 14:18:47] SlimMonoLogger.INFO: Cron ran at: 07-06-2026 02:18:47 PM [] []
[2026-06-07 14:18:49] SlimMonoLogger.INFO: Cron ran at: 07-06-2026 02:18:49 PM [] []
[2026-06-07 14:19:27] SlimMonoLogger.INFO: Cron ran at: 07-06-2026 02:19:27 PM [] []
[2026-06-07 14:19:27] SlimMonoLogger.INFO: Cron ran at: 07-06-2026 02:19:27 PM [] []
[2026-06-07 14:19:59] SlimMonoLogger.INFO: Cron ran at: 07-06-2026 02:19:59 PM [] []
[2026-06-07 14:20:07] SlimMonoLogger.INFO: Cron ran at: 07-06-2026 02:20:07 PM [] []
[2026-06-07 14:20:33] SlimMonoLogger.INFO: Cron ran at: 07-06-2026 02:20:33 PM [] []
[2026-06-07 14:20:45] SlimMonoLogger.INFO: Cron ran at: 07-06-2026 02:20:45 PM [] []
[2026-06-07 14:21:13] SlimMonoLogger.INFO: Cron ran at: 07-06-2026 02:21:13 PM [] []
[2026-06-07 14:21:23] SlimMonoLogger.INFO: Cron ran at: 07-06-2026 02:21:23 PM [] []
[2026-06-07 14:21:52] SlimMonoLogger.INFO: Cron ran at: 07-06-2026 02:21:52 PM [] []
[2026-06-07 14:21:52] SlimMonoLogger.INFO: Cron ran at: 07-06-2026 02:21:52 PM [] []
[2026-06-07 14:22:09] SlimMonoLogger.INFO: Cron ran at: 07-06-2026 02:22:09 PM [] []
[2026-06-07 14:22:37] SlimMonoLogger.INFO: Cron ran at: 07-06-2026 02:22:37 PM [] []
[2026-06-07 14:22:40] SlimMonoLogger.INFO: Cron ran at: 07-06-2026 02:22:40 PM [] []
[2026-06-07 14:22:50] SlimMonoLogger.INFO: Cron ran at: 07-06-2026 02:22:50 PM [] []
[2026-06-07 14:23:14] SlimMonoLogger.INFO: Cron ran at: 07-06-2026 02:23:14 PM [] []
[2026-06-07 14:23:14] SlimMonoLogger.INFO: Cron ran at: 07-06-2026 02:23:14 PM [] []
[2026-06-07 14:23:19] SlimMonoLogger.INFO: Cron ran at: 07-06-2026 02:23:19 PM [] []
[2026-06-07 14:23:43] SlimMonoLogger.INFO: Cron ran at: 07-06-2026 02:23:43 PM [] []
[2026-06-07 14:23:43] SlimMonoLogger.INFO: Cron ran at: 07-06-2026 02:23:43 PM [] []
[2026-06-07 14:24:06] SlimMonoLogger.INFO: Cron ran at: 07-06-2026 02:24:06 PM [] []
[2026-06-07 14:24:12] SlimMonoLogger.INFO: Cron ran at: 07-06-2026 02:24:12 PM [] []
[2026-06-07 14:24:26] SlimMonoLogger.INFO: Cron ran at: 07-06-2026 02:24:26 PM [] []
[2026-06-07 14:24:50] SlimMonoLogger.INFO: Cron ran at: 07-06-2026 02:24:50 PM [] []
[2026-06-07 14:25:40] SlimMonoLogger.INFO: Cron ran at: 07-06-2026 02:25:40 PM [] []
[2026-06-07 14:25:51] SlimMonoLogger.INFO: Cron ran at: 07-06-2026 02:25:51 PM [] []
[2026-06-07 14:25:51] SlimMonoLogger.INFO: Cron ran at: 07-06-2026 02:25:51 PM [] []
[2026-06-07 14:26:01] SlimMonoLogger.INFO: Cron ran at: 07-06-2026 02:26:01 PM [] []
[2026-06-07 14:26:24] SlimMonoLogger.INFO: Cron ran at: 07-06-2026 02:26:24 PM [] []
[2026-06-07 14:26:40] SlimMonoLogger.INFO: Cron ran at: 07-06-2026 02:26:40 PM [] []
[2026-06-07 14:27:07] SlimMonoLogger.INFO: Cron ran at: 07-06-2026 02:27:07 PM [] []
[2026-06-07 14:27:07] SlimMonoLogger.INFO: Cron ran at: 07-06-2026 02:27:07 PM [] []
[2026-06-07 14:27:20] SlimMonoLogger.INFO: Cron ran at: 07-06-2026 02:27:20 PM [] []
[2026-06-07 14:27:36] SlimMonoLogger.INFO: Cron ran at: 07-06-2026 02:27:36 PM [] []
[2026-06-07 14:27:43] SlimMonoLogger.INFO: Cron ran at: 07-06-2026 02:27:43 PM [] []
[2026-06-07 14:27:59] SlimMonoLogger.INFO: Cron ran at: 07-06-2026 02:27:59 PM [] []
[2026-06-07 14:28:01] SlimMonoLogger.INFO: Cron ran at: 07-06-2026 02:28:01 PM [] []
[2026-06-07 14:28:23] SlimMonoLogger.INFO: Cron ran at: 07-06-2026 02:28:23 PM [] []
[2026-06-07 14:28:40] SlimMonoLogger.INFO: Cron ran at: 07-06-2026 02:28:40 PM [] []
[2026-06-07 14:28:41] SlimMonoLogger.INFO: Cron ran at: 07-06-2026 02:28:41 PM [] []
[2026-06-07 14:29:19] SlimMonoLogger.INFO: Cron ran at: 07-06-2026 02:29:19 PM [] []
[2026-06-07 14:29:23] SlimMonoLogger.INFO: Cron ran at: 07-06-2026 02:29:23 PM [] []
[2026-06-07 14:29:58] SlimMonoLogger.INFO: Cron ran at: 07-06-2026 02:29:58 PM [] []
[2026-06-07 14:30:06] SlimMonoLogger.INFO: Cron ran at: 07-06-2026 02:30:06 PM [] []
[2026-06-07 14:30:26] SlimMonoLogger.INFO: Cron ran at: 07-06-2026 02:30:26 PM [] []
[2026-06-07 14:30:46] SlimMonoLogger.INFO: Cron ran at: 07-06-2026 02:30:46 PM [] []
[2026-06-07 14:31:06] SlimMonoLogger.INFO: Cron ran at: 07-06-2026 02:31:06 PM [] []
[2026-06-07 14:31:22] SlimMonoLogger.INFO: Cron ran at: 07-06-2026 02:31:22 PM [] []
[2026-06-07 14:31:43] SlimMonoLogger.INFO: Cron ran at: 07-06-2026 02:31:43 PM [] []
[2026-06-07 14:31:59] SlimMonoLogger.INFO: Cron ran at: 07-06-2026 02:31:59 PM [] []
[2026-06-07 14:32:04] SlimMonoLogger.INFO: Cron ran at: 07-06-2026 02:32:04 PM [] []
[2026-06-07 14:32:24] SlimMonoLogger.INFO: Cron ran at: 07-06-2026 02:32:24 PM [] []
[2026-06-07 14:32:25] SlimMonoLogger.INFO: Cron ran at: 07-06-2026 02:32:25 PM [] []
[2026-06-07 14:32:42] SlimMonoLogger.INFO: Cron ran at: 07-06-2026 02:32:42 PM [] []
[2026-06-07 14:32:59] SlimMonoLogger.INFO: Cron ran at: 07-06-2026 02:32:59 PM [] []
[2026-06-07 14:33:18] SlimMonoLogger.INFO: Cron ran at: 07-06-2026 02:33:18 PM [] []
[2026-06-07 14:33:19] SlimMonoLogger.INFO: Cron ran at: 07-06-2026 02:33:19 PM [] []
[2026-06-07 14:33:29] SlimMonoLogger.INFO: Cron ran at: 07-06-2026 02:33:29 PM [] []
[2026-06-07 14:34:03] SlimMonoLogger.INFO: Cron ran at: 07-06-2026 02:34:03 PM [] []
[2026-06-07 14:34:04] SlimMonoLogger.INFO: Cron ran at: 07-06-2026 02:34:04 PM [] []
[2026-06-07 14:34:16] SlimMonoLogger.INFO: Cron ran at: 07-06-2026 02:34:16 PM [] []
[2026-06-07 14:34:37] SlimMonoLogger.INFO: Cron ran at: 07-06-2026 02:34:37 PM [] []
[2026-06-07 14:34:59] SlimMonoLogger.INFO: Cron ran at: 07-06-2026 02:34:59 PM [] []
[2026-06-07 14:35:09] SlimMonoLogger.INFO: Cron ran at: 07-06-2026 02:35:09 PM [] []
[2026-06-07 14:35:40] SlimMonoLogger.INFO: Cron ran at: 07-06-2026 02:35:40 PM [] []
[2026-06-07 14:35:47] SlimMonoLogger.INFO: Cron ran at: 07-06-2026 02:35:47 PM [] []
[2026-06-07 14:36:19] SlimMonoLogger.INFO: Cron ran at: 07-06-2026 02:36:19 PM [] []
[2026-06-07 14:36:26] SlimMonoLogger.INFO: Cron ran at: 07-06-2026 02:36:26 PM [] []
[2026-06-07 14:36:33] SlimMonoLogger.INFO: Cron ran at: 07-06-2026 02:36:33 PM [] []
[2026-06-07 14:36:59] SlimMonoLogger.INFO: Cron ran at: 07-06-2026 02:36:59 PM [] []
[2026-06-07 14:37:00] SlimMonoLogger.INFO: Cron ran at: 07-06-2026 02:37:00 PM [] []
[2026-06-07 14:37:07] SlimMonoLogger.INFO: Cron ran at: 07-06-2026 02:37:07 PM [] []
[2026-06-07 14:37:37] SlimMonoLogger.INFO: Cron ran at: 07-06-2026 02:37:37 PM [] []
[2026-06-07 14:37:41] SlimMonoLogger.INFO: Cron ran at: 07-06-2026 02:37:41 PM [] []
[2026-06-07 14:37:44] SlimMonoLogger.INFO: Cron ran at: 07-06-2026 02:37:44 PM [] []
[2026-06-07 14:38:07] SlimMonoLogger.INFO: Cron ran at: 07-06-2026 02:38:07 PM [] []
[2026-06-07 14:38:17] SlimMonoLogger.INFO: Cron ran at: 07-06-2026 02:38:17 PM [] []
[2026-06-07 14:38:25] SlimMonoLogger.INFO: Cron ran at: 07-06-2026 02:38:25 PM [] []
[2026-06-07 14:38:38] SlimMonoLogger.INFO: Cron ran at: 07-06-2026 02:38:38 PM [] []
[2026-06-07 14:38:57] SlimMonoLogger.INFO: Cron ran at: 07-06-2026 02:38:57 PM [] []
[2026-06-07 14:39:05] SlimMonoLogger.INFO: Cron ran at: 07-06-2026 02:39:05 PM [] []
[2026-06-07 14:39:15] SlimMonoLogger.INFO: Cron ran at: 07-06-2026 02:39:15 PM [] []
[2026-06-07 14:39:38] SlimMonoLogger.INFO: Cron ran at: 07-06-2026 02:39:38 PM [] []
[2026-06-07 14:39:47] SlimMonoLogger.INFO: Cron ran at: 07-06-2026 02:39:47 PM [] []
[2026-06-07 14:39:47] SlimMonoLogger.INFO: Cron ran at: 07-06-2026 02:39:47 PM [] []
[2026-06-07 14:40:29] SlimMonoLogger.INFO: Cron ran at: 07-06-2026 02:40:29 PM [] []
[2026-06-07 14:40:30] SlimMonoLogger.INFO: Cron ran at: 07-06-2026 02:40:30 PM [] []
[2026-06-07 14:41:10] SlimMonoLogger.INFO: Cron ran at: 07-06-2026 02:41:10 PM [] []
[2026-06-07 14:41:11] SlimMonoLogger.INFO: Cron ran at: 07-06-2026 02:41:11 PM [] []
[2026-06-07 14:41:30] SlimMonoLogger.INFO: Cron ran at: 07-06-2026 02:41:30 PM [] []
[2026-06-07 14:41:48] SlimMonoLogger.INFO: Cron ran at: 07-06-2026 02:41:48 PM [] []
[2026-06-07 14:41:48] SlimMonoLogger.INFO: Cron ran at: 07-06-2026 02:41:48 PM [] []
[2026-06-07 14:42:01] SlimMonoLogger.INFO: Cron ran at: 07-06-2026 02:42:01 PM [] []
[2026-06-07 14:42:26] SlimMonoLogger.INFO: Cron ran at: 07-06-2026 02:42:26 PM [] []
[2026-06-07 14:42:27] SlimMonoLogger.INFO: Cron ran at: 07-06-2026 02:42:27 PM [] []
[2026-06-07 14:42:27] SlimMonoLogger.INFO: Cron ran at: 07-06-2026 02:42:27 PM [] []
[2026-06-07 14:43:01] SlimMonoLogger.INFO: Cron ran at: 07-06-2026 02:43:01 PM [] []
[2026-06-07 14:43:03] SlimMonoLogger.INFO: Cron ran at: 07-06-2026 02:43:03 PM [] []
[2026-06-07 14:43:05] SlimMonoLogger.INFO: Cron ran at: 07-06-2026 02:43:05 PM [] []
[2026-06-07 14:43:41] SlimMonoLogger.INFO: Cron ran at: 07-06-2026 02:43:41 PM [] []
[2026-06-07 14:43:43] SlimMonoLogger.INFO: Cron ran at: 07-06-2026 02:43:43 PM [] []
[2026-06-07 14:43:53] SlimMonoLogger.INFO: Cron ran at: 07-06-2026 02:43:53 PM [] []
[2026-06-07 14:44:10] SlimMonoLogger.INFO: Cron ran at: 07-06-2026 02:44:10 PM [] []
[2026-06-07 14:44:38] SlimMonoLogger.INFO: Cron ran at: 07-06-2026 02:44:38 PM [] []
[2026-06-07 14:44:46] SlimMonoLogger.INFO: Cron ran at: 07-06-2026 02:44:46 PM [] []
[2026-06-07 14:45:19] SlimMonoLogger.INFO: Cron ran at: 07-06-2026 02:45:19 PM [] []
[2026-06-07 14:45:22] SlimMonoLogger.INFO: Cron ran at: 07-06-2026 02:45:22 PM [] []
[2026-06-07 14:46:00] SlimMonoLogger.INFO: Cron ran at: 07-06-2026 02:46:00 PM [] []
[2026-06-07 14:46:04] SlimMonoLogger.INFO: Cron ran at: 07-06-2026 02:46:04 PM [] []
[2026-06-07 14:46:35] SlimMonoLogger.INFO: Cron ran at: 07-06-2026 02:46:35 PM [] []
[2026-06-07 14:46:45] SlimMonoLogger.INFO: Cron ran at: 07-06-2026 02:46:45 PM [] []
[2026-06-07 14:47:07] SlimMonoLogger.INFO: Cron ran at: 07-06-2026 02:47:07 PM [] []
[2026-06-07 14:47:25] SlimMonoLogger.INFO: Cron ran at: 07-06-2026 02:47:25 PM [] []
[2026-06-07 14:47:29] SlimMonoLogger.INFO: Cron ran at: 07-06-2026 02:47:29 PM [] []
[2026-06-07 14:47:37] SlimMonoLogger.INFO: Cron ran at: 07-06-2026 02:47:37 PM [] []
[2026-06-07 14:48:05] SlimMonoLogger.INFO: Cron ran at: 07-06-2026 02:48:05 PM [] []
[2026-06-07 14:48:06] SlimMonoLogger.INFO: Cron ran at: 07-06-2026 02:48:06 PM [] []
[2026-06-07 14:48:06] SlimMonoLogger.INFO: Cron ran at: 07-06-2026 02:48:06 PM [] []
[2026-06-07 14:48:43] SlimMonoLogger.INFO: Cron ran at: 07-06-2026 02:48:43 PM [] []
[2026-06-07 14:48:43] SlimMonoLogger.INFO: Cron ran at: 07-06-2026 02:48:43 PM [] []
[2026-06-07 14:48:44] SlimMonoLogger.INFO: Cron ran at: 07-06-2026 02:48:44 PM [] []
[2026-06-07 14:49:13] SlimMonoLogger.INFO: Cron ran at: 07-06-2026 02:49:13 PM [] []
[2026-06-07 14:49:22] SlimMonoLogger.INFO: Cron ran at: 07-06-2026 02:49:22 PM [] []
[2026-06-07 14:49:47] SlimMonoLogger.INFO: Cron ran at: 07-06-2026 02:49:47 PM [] []
[2026-06-07 14:50:03] SlimMonoLogger.INFO: Cron ran at: 07-06-2026 02:50:03 PM [] []
[2026-06-07 14:50:22] SlimMonoLogger.INFO: Cron ran at: 07-06-2026 02:50:22 PM [] []
[2026-06-07 14:50:44] SlimMonoLogger.INFO: Cron ran at: 07-06-2026 02:50:44 PM [] []
[2026-06-07 14:50:59] SlimMonoLogger.INFO: Cron ran at: 07-06-2026 02:50:59 PM [] []
[2026-06-07 14:51:24] SlimMonoLogger.INFO: Cron ran at: 07-06-2026 02:51:24 PM [] []
[2026-06-07 14:51:46] SlimMonoLogger.INFO: Cron ran at: 07-06-2026 02:51:46 PM [] []
[2026-06-07 14:51:55] SlimMonoLogger.INFO: Cron ran at: 07-06-2026 02:51:55 PM [] []
[2026-06-07 14:52:10] SlimMonoLogger.INFO: Cron ran at: 07-06-2026 02:52:10 PM [] []
[2026-06-07 14:52:18] SlimMonoLogger.INFO: Cron ran at: 07-06-2026 02:52:18 PM [] []
[2026-06-07 14:52:18] SlimMonoLogger.INFO: Cron ran at: 07-06-2026 02:52:18 PM [] []
[2026-06-07 14:52:42] SlimMonoLogger.INFO: Cron ran at: 07-06-2026 02:52:42 PM [] []
[2026-06-07 14:52:49] SlimMonoLogger.INFO: Cron ran at: 07-06-2026 02:52:49 PM [] []
[2026-06-07 14:52:49] SlimMonoLogger.INFO: Cron ran at: 07-06-2026 02:52:49 PM [] []
[2026-06-07 14:53:23] SlimMonoLogger.INFO: Cron ran at: 07-06-2026 02:53:23 PM [] []
[2026-06-07 14:53:23] SlimMonoLogger.INFO: Cron ran at: 07-06-2026 02:53:23 PM [] []
[2026-06-07 14:53:42] SlimMonoLogger.INFO: Cron ran at: 07-06-2026 02:53:42 PM [] []
[2026-06-07 14:53:59] SlimMonoLogger.INFO: Cron ran at: 07-06-2026 02:53:59 PM [] []
[2026-06-07 14:54:11] SlimMonoLogger.INFO: Cron ran at: 07-06-2026 02:54:11 PM [] []
[2026-06-07 14:54:34] SlimMonoLogger.INFO: Cron ran at: 07-06-2026 02:54:34 PM [] []
[2026-06-07 14:54:57] SlimMonoLogger.INFO: Cron ran at: 07-06-2026 02:54:57 PM [] []
[2026-06-07 14:55:11] SlimMonoLogger.INFO: Cron ran at: 07-06-2026 02:55:11 PM [] []
[2026-06-07 14:55:36] SlimMonoLogger.INFO: Cron ran at: 07-06-2026 02:55:36 PM [] []
[2026-06-07 14:55:46] SlimMonoLogger.INFO: Cron ran at: 07-06-2026 02:55:46 PM [] []
[2026-06-07 14:56:16] SlimMonoLogger.INFO: Cron ran at: 07-06-2026 02:56:16 PM [] []
[2026-06-07 14:56:25] SlimMonoLogger.INFO: Cron ran at: 07-06-2026 02:56:25 PM [] []
[2026-06-07 14:56:40] SlimMonoLogger.INFO: Cron ran at: 07-06-2026 02:56:40 PM [] []
[2026-06-07 14:56:57] SlimMonoLogger.INFO: Cron ran at: 07-06-2026 02:56:57 PM [] []
[2026-06-07 14:57:02] SlimMonoLogger.INFO: Cron ran at: 07-06-2026 02:57:02 PM [] []
[2026-06-07 14:57:12] SlimMonoLogger.INFO: Cron ran at: 07-06-2026 02:57:12 PM [] []
[2026-06-07 14:57:39] SlimMonoLogger.INFO: Cron ran at: 07-06-2026 02:57:39 PM [] []
[2026-06-07 14:57:42] SlimMonoLogger.INFO: Cron ran at: 07-06-2026 02:57:42 PM [] []
[2026-06-07 14:57:44] SlimMonoLogger.INFO: Cron ran at: 07-06-2026 02:57:44 PM [] []
[2026-06-07 14:58:17] SlimMonoLogger.INFO: Cron ran at: 07-06-2026 02:58:17 PM [] []
[2026-06-07 14:58:17] SlimMonoLogger.INFO: Cron ran at: 07-06-2026 02:58:17 PM [] []
[2026-06-07 14:58:30] SlimMonoLogger.INFO: Cron ran at: 07-06-2026 02:58:30 PM [] []
[2026-06-07 14:58:31] SlimMonoLogger.INFO: Cron ran at: 07-06-2026 02:58:31 PM [] []
[2026-06-07 14:58:59] SlimMonoLogger.INFO: Cron ran at: 07-06-2026 02:58:59 PM [] []
[2026-06-07 14:59:06] SlimMonoLogger.INFO: Cron ran at: 07-06-2026 02:59:06 PM [] []
[2026-06-07 14:59:11] SlimMonoLogger.INFO: Cron ran at: 07-06-2026 02:59:11 PM [] []
[2026-06-07 14:59:40] SlimMonoLogger.INFO: Cron ran at: 07-06-2026 02:59:40 PM [] []
[2026-06-07 14:59:54] SlimMonoLogger.INFO: Cron ran at: 07-06-2026 02:59:54 PM [] []
[2026-06-07 15:00:21] SlimMonoLogger.INFO: Cron ran at: 07-06-2026 03:00:21 PM [] []
[2026-06-07 15:00:45] SlimMonoLogger.INFO: Cron ran at: 07-06-2026 03:00:45 PM [] []
[2026-06-07 15:01:01] SlimMonoLogger.INFO: Cron ran at: 07-06-2026 03:01:01 PM [] []
[2026-06-07 15:01:14] SlimMonoLogger.INFO: Cron ran at: 07-06-2026 03:01:14 PM [] []
[2026-06-07 15:01:39] SlimMonoLogger.INFO: Cron ran at: 07-06-2026 03:01:39 PM [] []
[2026-06-07 15:01:50] SlimMonoLogger.INFO: Cron ran at: 07-06-2026 03:01:50 PM [] []
[2026-06-07 15:01:59] SlimMonoLogger.INFO: Cron ran at: 07-06-2026 03:01:59 PM [] []
[2026-06-07 15:02:15] SlimMonoLogger.INFO: Cron ran at: 07-06-2026 03:02:15 PM [] []
[2026-06-07 15:02:27] SlimMonoLogger.INFO: Cron ran at: 07-06-2026 03:02:27 PM [] []
[2026-06-07 15:02:28] SlimMonoLogger.INFO: Cron ran at: 07-06-2026 03:02:28 PM [] []
[2026-06-07 15:02:59] SlimMonoLogger.INFO: Cron ran at: 07-06-2026 03:02:59 PM [] []
[2026-06-07 15:03:02] SlimMonoLogger.INFO: Cron ran at: 07-06-2026 03:03:02 PM [] []
[2026-06-07 15:03:07] SlimMonoLogger.INFO: Cron ran at: 07-06-2026 03:03:07 PM [] []
[2026-06-07 15:03:33] SlimMonoLogger.INFO: Cron ran at: 07-06-2026 03:03:33 PM [] []
[2026-06-07 15:03:34] SlimMonoLogger.INFO: Cron ran at: 07-06-2026 03:03:34 PM [] []
[2026-06-07 15:03:49] SlimMonoLogger.INFO: Cron ran at: 07-06-2026 03:03:49 PM [] []
[2026-06-07 15:04:05] SlimMonoLogger.INFO: Cron ran at: 07-06-2026 03:04:05 PM [] []
[2026-06-07 15:04:13] SlimMonoLogger.INFO: Cron ran at: 07-06-2026 03:04:13 PM [] []
[2026-06-07 15:04:40] SlimMonoLogger.INFO: Cron ran at: 07-06-2026 03:04:40 PM [] []
[2026-06-07 15:04:52] SlimMonoLogger.INFO: Cron ran at: 07-06-2026 03:04:52 PM [] []
[2026-06-07 15:05:20] SlimMonoLogger.INFO: Cron ran at: 07-06-2026 03:05:20 PM [] []
[2026-06-07 15:05:35] SlimMonoLogger.INFO: Cron ran at: 07-06-2026 03:05:35 PM [] []
[2026-06-07 15:05:54] SlimMonoLogger.INFO: Cron ran at: 07-06-2026 03:05:54 PM [] []
[2026-06-07 15:06:17] SlimMonoLogger.INFO: Cron ran at: 07-06-2026 03:06:17 PM [] []
[2026-06-07 15:06:18] SlimMonoLogger.INFO: Cron ran at: 07-06-2026 03:06:18 PM [] []
[2026-06-07 15:06:35] SlimMonoLogger.INFO: Cron ran at: 07-06-2026 03:06:35 PM [] []
[2026-06-07 15:06:50] SlimMonoLogger.INFO: Cron ran at: 07-06-2026 03:06:50 PM [] []
[2026-06-07 15:07:03] SlimMonoLogger.INFO: Cron ran at: 07-06-2026 03:07:03 PM [] []
[2026-06-07 15:07:17] SlimMonoLogger.INFO: Cron ran at: 07-06-2026 03:07:17 PM [] []
[2026-06-07 15:07:27] SlimMonoLogger.INFO: Cron ran at: 07-06-2026 03:07:27 PM [] []
[2026-06-07 15:07:46] SlimMonoLogger.INFO: Cron ran at: 07-06-2026 03:07:46 PM [] []
[2026-06-07 15:08:03] SlimMonoLogger.INFO: Cron ran at: 07-06-2026 03:08:03 PM [] []
[2026-06-07 15:08:04] SlimMonoLogger.INFO: Cron ran at: 07-06-2026 03:08:04 PM [] []
[2026-06-07 15:08:22] SlimMonoLogger.INFO: Cron ran at: 07-06-2026 03:08:22 PM [] []
[2026-06-07 15:08:31] SlimMonoLogger.INFO: Cron ran at: 07-06-2026 03:08:31 PM [] []
[2026-06-07 15:08:35] SlimMonoLogger.INFO: Cron ran at: 07-06-2026 03:08:35 PM [] []
[2026-06-07 15:09:05] SlimMonoLogger.INFO: Cron ran at: 07-06-2026 03:09:05 PM [] []
[2026-06-07 15:09:20] SlimMonoLogger.INFO: Cron ran at: 07-06-2026 03:09:20 PM [] []
[2026-06-07 15:09:44] SlimMonoLogger.INFO: Cron ran at: 07-06-2026 03:09:44 PM [] []
[2026-06-07 15:09:56] SlimMonoLogger.INFO: Cron ran at: 07-06-2026 03:09:56 PM [] []
[2026-06-07 15:10:31] SlimMonoLogger.INFO: Cron ran at: 07-06-2026 03:10:31 PM [] []
[2026-06-07 15:10:33] SlimMonoLogger.INFO: Cron ran at: 07-06-2026 03:10:33 PM [] []
[2026-06-07 15:10:51] SlimMonoLogger.INFO: Cron ran at: 07-06-2026 03:10:51 PM [] []
[2026-06-07 15:11:12] SlimMonoLogger.INFO: Cron ran at: 07-06-2026 03:11:12 PM [] []
[2026-06-07 15:11:28] SlimMonoLogger.INFO: Cron ran at: 07-06-2026 03:11:28 PM [] []
[2026-06-07 15:11:40] SlimMonoLogger.INFO: Cron ran at: 07-06-2026 03:11:40 PM [] []
[2026-06-07 15:11:51] SlimMonoLogger.INFO: Cron ran at: 07-06-2026 03:11:51 PM [] []
[2026-06-07 15:12:10] SlimMonoLogger.INFO: Cron ran at: 07-06-2026 03:12:10 PM [] []
[2026-06-07 15:12:10] SlimMonoLogger.INFO: Cron ran at: 07-06-2026 03:12:10 PM [] []
[2026-06-07 15:12:35] SlimMonoLogger.INFO: Cron ran at: 07-06-2026 03:12:35 PM [] []
[2026-06-07 15:12:43] SlimMonoLogger.INFO: Cron ran at: 07-06-2026 03:12:43 PM [] []
[2026-06-07 15:12:50] SlimMonoLogger.INFO: Cron ran at: 07-06-2026 03:12:50 PM [] []
[2026-06-07 15:13:20] SlimMonoLogger.INFO: Cron ran at: 07-06-2026 03:13:20 PM [] []
[2026-06-07 15:13:21] SlimMonoLogger.INFO: Cron ran at: 07-06-2026 03:13:21 PM [] []
[2026-06-07 15:13:35] SlimMonoLogger.INFO: Cron ran at: 07-06-2026 03:13:35 PM [] []
[2026-06-07 15:13:51] SlimMonoLogger.INFO: Cron ran at: 07-06-2026 03:13:51 PM [] []
[2026-06-07 15:13:51] SlimMonoLogger.INFO: Cron ran at: 07-06-2026 03:13:51 PM [] []
[2026-06-07 15:14:09] SlimMonoLogger.INFO: Cron ran at: 07-06-2026 03:14:09 PM [] []
[2026-06-07 15:14:26] SlimMonoLogger.INFO: Cron ran at: 07-06-2026 03:14:26 PM [] []
[2026-06-07 15:14:52] SlimMonoLogger.INFO: Cron ran at: 07-06-2026 03:14:52 PM [] []
[2026-06-07 15:14:58] SlimMonoLogger.INFO: Cron ran at: 07-06-2026 03:14:58 PM [] []
[2026-06-07 15:15:32] SlimMonoLogger.INFO: Cron ran at: 07-06-2026 03:15:32 PM [] []
[2026-06-07 15:15:37] SlimMonoLogger.INFO: Cron ran at: 07-06-2026 03:15:37 PM [] []
[2026-06-07 15:16:24] SlimMonoLogger.INFO: Cron ran at: 07-06-2026 03:16:24 PM [] []
[2026-06-07 15:16:24] SlimMonoLogger.INFO: Cron ran at: 07-06-2026 03:16:24 PM [] []
[2026-06-07 15:16:27] SlimMonoLogger.INFO: Cron ran at: 07-06-2026 03:16:27 PM [] []
[2026-06-07 15:16:53] SlimMonoLogger.INFO: Cron ran at: 07-06-2026 03:16:53 PM [] []
[2026-06-07 15:16:54] SlimMonoLogger.INFO: Cron ran at: 07-06-2026 03:16:54 PM [] []
[2026-06-07 15:16:55] SlimMonoLogger.INFO: Cron ran at: 07-06-2026 03:16:55 PM [] []
[2026-06-07 15:17:30] SlimMonoLogger.INFO: Cron ran at: 07-06-2026 03:17:30 PM [] []
[2026-06-07 15:17:33] SlimMonoLogger.INFO: Cron ran at: 07-06-2026 03:17:33 PM [] []
[2026-06-07 15:17:36] SlimMonoLogger.INFO: Cron ran at: 07-06-2026 03:17:36 PM [] []
[2026-06-07 15:18:05] SlimMonoLogger.INFO: Cron ran at: 07-06-2026 03:18:05 PM [] []
[2026-06-07 15:18:15] SlimMonoLogger.INFO: Cron ran at: 07-06-2026 03:18:15 PM [] []
[2026-06-07 15:18:22] SlimMonoLogger.INFO: Cron ran at: 07-06-2026 03:18:22 PM [] []
[2026-06-07 15:18:34] SlimMonoLogger.INFO: Cron ran at: 07-06-2026 03:18:34 PM [] []
[2026-06-07 15:19:00] SlimMonoLogger.INFO: Cron ran at: 07-06-2026 03:19:00 PM [] []
[2026-06-07 15:19:18] SlimMonoLogger.INFO: Cron ran at: 07-06-2026 03:19:18 PM [] []
[2026-06-07 15:19:43] SlimMonoLogger.INFO: Cron ran at: 07-06-2026 03:19:43 PM [] []
[2026-06-07 15:19:47] SlimMonoLogger.INFO: Cron ran at: 07-06-2026 03:19:47 PM [] []
[2026-06-07 15:20:24] SlimMonoLogger.INFO: Cron ran at: 07-06-2026 03:20:24 PM [] []
[2026-06-07 15:20:24] SlimMonoLogger.INFO: Cron ran at: 07-06-2026 03:20:24 PM [] []
[2026-06-07 15:21:05] SlimMonoLogger.INFO: Cron ran at: 07-06-2026 03:21:05 PM [] []
[2026-06-07 15:21:06] SlimMonoLogger.INFO: Cron ran at: 07-06-2026 03:21:06 PM [] []
[2026-06-07 15:21:17] SlimMonoLogger.INFO: Cron ran at: 07-06-2026 03:21:17 PM [] []
[2026-06-07 15:21:45] SlimMonoLogger.INFO: Cron ran at: 07-06-2026 03:21:45 PM [] []
[2026-06-07 15:21:46] SlimMonoLogger.INFO: Cron ran at: 07-06-2026 03:21:46 PM [] []
[2026-06-07 15:21:46] SlimMonoLogger.INFO: Cron ran at: 07-06-2026 03:21:46 PM [] []
[2026-06-07 15:22:22] SlimMonoLogger.INFO: Cron ran at: 07-06-2026 03:22:22 PM [] []
[2026-06-07 15:22:22] SlimMonoLogger.INFO: Cron ran at: 07-06-2026 03:22:22 PM [] []
[2026-06-07 15:22:23] SlimMonoLogger.INFO: Cron ran at: 07-06-2026 03:22:23 PM [] []
[2026-06-07 15:22:58] SlimMonoLogger.INFO: Cron ran at: 07-06-2026 03:22:58 PM [] []
[2026-06-07 15:23:00] SlimMonoLogger.INFO: Cron ran at: 07-06-2026 03:23:00 PM [] []
[2026-06-07 15:23:01] SlimMonoLogger.INFO: Cron ran at: 07-06-2026 03:23:01 PM [] []
[2026-06-07 15:23:30] SlimMonoLogger.INFO: Cron ran at: 07-06-2026 03:23:30 PM [] []
[2026-06-07 15:23:40] SlimMonoLogger.INFO: Cron ran at: 07-06-2026 03:23:40 PM [] []
[2026-06-07 15:23:41] SlimMonoLogger.INFO: Cron ran at: 07-06-2026 03:23:41 PM [] []
[2026-06-07 15:24:04] SlimMonoLogger.INFO: Cron ran at: 07-06-2026 03:24:04 PM [] []
[2026-06-07 15:24:26] SlimMonoLogger.INFO: Cron ran at: 07-06-2026 03:24:26 PM [] []
[2026-06-07 15:24:40] SlimMonoLogger.INFO: Cron ran at: 07-06-2026 03:24:40 PM [] []
[2026-06-07 15:25:05] SlimMonoLogger.INFO: Cron ran at: 07-06-2026 03:25:05 PM [] []
[2026-06-07 15:25:14] SlimMonoLogger.INFO: Cron ran at: 07-06-2026 03:25:14 PM [] []
[2026-06-07 15:25:51] SlimMonoLogger.INFO: Cron ran at: 07-06-2026 03:25:51 PM [] []
[2026-06-07 15:26:00] SlimMonoLogger.INFO: Cron ran at: 07-06-2026 03:26:00 PM [] []
[2026-06-07 15:26:16] SlimMonoLogger.INFO: Cron ran at: 07-06-2026 03:26:16 PM [] []
[2026-06-07 15:26:23] SlimMonoLogger.INFO: Cron ran at: 07-06-2026 03:26:23 PM [] []
[2026-06-07 15:26:49] SlimMonoLogger.INFO: Cron ran at: 07-06-2026 03:26:49 PM [] []
[2026-06-07 15:26:50] SlimMonoLogger.INFO: Cron ran at: 07-06-2026 03:26:50 PM [] []
[2026-06-07 15:27:03] SlimMonoLogger.INFO: Cron ran at: 07-06-2026 03:27:03 PM [] []
[2026-06-07 15:27:22] SlimMonoLogger.INFO: Cron ran at: 07-06-2026 03:27:22 PM [] []
[2026-06-07 15:27:35] SlimMonoLogger.INFO: Cron ran at: 07-06-2026 03:27:35 PM [] []
[2026-06-07 15:27:46] SlimMonoLogger.INFO: Cron ran at: 07-06-2026 03:27:46 PM [] []
[2026-06-07 15:27:53] SlimMonoLogger.INFO: Cron ran at: 07-06-2026 03:27:53 PM [] []
[2026-06-07 15:28:20] SlimMonoLogger.INFO: Cron ran at: 07-06-2026 03:28:20 PM [] []
[2026-06-07 15:28:25] SlimMonoLogger.INFO: Cron ran at: 07-06-2026 03:28:25 PM [] []
[2026-06-07 15:28:26] SlimMonoLogger.INFO: Cron ran at: 07-06-2026 03:28:26 PM [] []
[2026-06-07 15:28:53] SlimMonoLogger.INFO: Cron ran at: 07-06-2026 03:28:53 PM [] []
[2026-06-07 15:29:02] SlimMonoLogger.INFO: Cron ran at: 07-06-2026 03:29:02 PM [] []
[2026-06-07 15:29:40] SlimMonoLogger.INFO: Cron ran at: 07-06-2026 03:29:40 PM [] []
[2026-06-07 15:29:40] SlimMonoLogger.INFO: Cron ran at: 07-06-2026 03:29:40 PM [] []
[2026-06-07 15:30:31] SlimMonoLogger.INFO: Cron ran at: 07-06-2026 03:30:31 PM [] []
[2026-06-07 15:30:31] SlimMonoLogger.INFO: Cron ran at: 07-06-2026 03:30:31 PM [] []
[2026-06-07 15:30:54] SlimMonoLogger.INFO: Cron ran at: 07-06-2026 03:30:54 PM [] []
[2026-06-07 15:30:55] SlimMonoLogger.INFO: Cron ran at: 07-06-2026 03:30:55 PM [] []
[2026-06-07 15:31:40] SlimMonoLogger.INFO: Cron ran at: 07-06-2026 03:31:40 PM [] []
[2026-06-07 15:31:40] SlimMonoLogger.INFO: Cron ran at: 07-06-2026 03:31:40 PM [] []
[2026-06-07 15:31:56] SlimMonoLogger.INFO: Cron ran at: 07-06-2026 03:31:56 PM [] []
[2026-06-07 15:32:15] SlimMonoLogger.INFO: Cron ran at: 07-06-2026 03:32:15 PM [] []
[2026-06-07 15:32:16] SlimMonoLogger.INFO: Cron ran at: 07-06-2026 03:32:16 PM [] []
[2026-06-07 15:32:30] SlimMonoLogger.INFO: Cron ran at: 07-06-2026 03:32:30 PM [] []
[2026-06-07 15:32:57] SlimMonoLogger.INFO: Cron ran at: 07-06-2026 03:32:57 PM [] []
[2026-06-07 15:32:57] SlimMonoLogger.INFO: Cron ran at: 07-06-2026 03:32:57 PM [] []
[2026-06-07 15:32:58] SlimMonoLogger.INFO: Cron ran at: 07-06-2026 03:32:58 PM [] []
[2026-06-07 15:33:34] SlimMonoLogger.INFO: Cron ran at: 07-06-2026 03:33:34 PM [] []
[2026-06-07 15:33:34] SlimMonoLogger.INFO: Cron ran at: 07-06-2026 03:33:34 PM [] []
[2026-06-07 15:33:42] SlimMonoLogger.INFO: Cron ran at: 07-06-2026 03:33:42 PM [] []
[2026-06-07 15:34:10] SlimMonoLogger.INFO: Cron ran at: 07-06-2026 03:34:10 PM [] []
[2026-06-07 15:34:10] SlimMonoLogger.INFO: Cron ran at: 07-06-2026 03:34:10 PM [] []
[2026-06-07 15:34:55] SlimMonoLogger.INFO: Cron ran at: 07-06-2026 03:34:55 PM [] []
[2026-06-07 15:34:56] SlimMonoLogger.INFO: Cron ran at: 07-06-2026 03:34:56 PM [] []
[2026-06-07 15:35:18] SlimMonoLogger.INFO: Cron ran at: 07-06-2026 03:35:18 PM [] []
[2026-06-07 15:35:45] SlimMonoLogger.INFO: Cron ran at: 07-06-2026 03:35:45 PM [] []
[2026-06-07 15:35:50] SlimMonoLogger.INFO: Cron ran at: 07-06-2026 03:35:50 PM [] []
[2026-06-07 15:36:11] SlimMonoLogger.INFO: Cron ran at: 07-06-2026 03:36:11 PM [] []
[2026-06-07 15:36:27] SlimMonoLogger.INFO: Cron ran at: 07-06-2026 03:36:27 PM [] []
[2026-06-07 15:36:42] SlimMonoLogger.INFO: Cron ran at: 07-06-2026 03:36:42 PM [] []
[2026-06-07 15:36:52] SlimMonoLogger.INFO: Cron ran at: 07-06-2026 03:36:52 PM [] []
[2026-06-07 15:37:06] SlimMonoLogger.INFO: Cron ran at: 07-06-2026 03:37:06 PM [] []
[2026-06-07 15:37:06] SlimMonoLogger.INFO: Cron ran at: 07-06-2026 03:37:06 PM [] []
[2026-06-07 15:37:37] SlimMonoLogger.INFO: Cron ran at: 07-06-2026 03:37:37 PM [] []
[2026-06-07 15:37:39] SlimMonoLogger.INFO: Cron ran at: 07-06-2026 03:37:39 PM [] []
[2026-06-07 15:37:43] SlimMonoLogger.INFO: Cron ran at: 07-06-2026 03:37:43 PM [] []
[2026-06-07 15:38:13] SlimMonoLogger.INFO: Cron ran at: 07-06-2026 03:38:13 PM [] []
[2026-06-07 15:38:13] SlimMonoLogger.INFO: Cron ran at: 07-06-2026 03:38:13 PM [] []
[2026-06-07 15:38:37] SlimMonoLogger.INFO: Cron ran at: 07-06-2026 03:38:37 PM [] []
[2026-06-07 15:38:52] SlimMonoLogger.INFO: Cron ran at: 07-06-2026 03:38:52 PM [] []
[2026-06-07 15:39:14] SlimMonoLogger.INFO: Cron ran at: 07-06-2026 03:39:14 PM [] []
[2026-06-07 15:39:23] SlimMonoLogger.INFO: Cron ran at: 07-06-2026 03:39:23 PM [] []
[2026-06-07 15:39:53] SlimMonoLogger.INFO: Cron ran at: 07-06-2026 03:39:53 PM [] []
[2026-06-07 15:39:57] SlimMonoLogger.INFO: Cron ran at: 07-06-2026 03:39:57 PM [] []
[2026-06-07 15:40:31] SlimMonoLogger.INFO: Cron ran at: 07-06-2026 03:40:31 PM [] []
[2026-06-07 15:40:32] SlimMonoLogger.INFO: Cron ran at: 07-06-2026 03:40:32 PM [] []
[2026-06-07 15:41:10] SlimMonoLogger.INFO: Cron ran at: 07-06-2026 03:41:10 PM [] []
[2026-06-07 15:41:10] SlimMonoLogger.INFO: Cron ran at: 07-06-2026 03:41:10 PM [] []
[2026-06-07 15:41:47] SlimMonoLogger.INFO: Cron ran at: 07-06-2026 03:41:47 PM [] []
[2026-06-07 15:41:47] SlimMonoLogger.INFO: Cron ran at: 07-06-2026 03:41:47 PM [] []
[2026-06-07 15:41:49] SlimMonoLogger.INFO: Cron ran at: 07-06-2026 03:41:49 PM [] []
[2026-06-07 15:42:29] SlimMonoLogger.INFO: Cron ran at: 07-06-2026 03:42:29 PM [] []
[2026-06-07 15:42:29] SlimMonoLogger.INFO: Cron ran at: 07-06-2026 03:42:29 PM [] []
[2026-06-07 15:42:30] SlimMonoLogger.INFO: Cron ran at: 07-06-2026 03:42:30 PM [] []
[2026-06-07 15:42:58] SlimMonoLogger.INFO: Cron ran at: 07-06-2026 03:42:58 PM [] []
[2026-06-07 15:43:09] SlimMonoLogger.INFO: Cron ran at: 07-06-2026 03:43:09 PM [] []
[2026-06-07 15:43:09] SlimMonoLogger.INFO: Cron ran at: 07-06-2026 03:43:09 PM [] []
[2026-06-07 15:43:29] SlimMonoLogger.INFO: Cron ran at: 07-06-2026 03:43:29 PM [] []
[2026-06-07 15:43:49] SlimMonoLogger.INFO: Cron ran at: 07-06-2026 03:43:49 PM [] []
[2026-06-07 15:43:49] SlimMonoLogger.INFO: Cron ran at: 07-06-2026 03:43:49 PM [] []
[2026-06-07 15:44:04] SlimMonoLogger.INFO: Cron ran at: 07-06-2026 03:44:04 PM [] []
[2026-06-07 15:44:31] SlimMonoLogger.INFO: Cron ran at: 07-06-2026 03:44:31 PM [] []
[2026-06-07 15:44:37] SlimMonoLogger.INFO: Cron ran at: 07-06-2026 03:44:37 PM [] []
[2026-06-07 15:45:10] SlimMonoLogger.INFO: Cron ran at: 07-06-2026 03:45:10 PM [] []
[2026-06-07 15:45:11] SlimMonoLogger.INFO: Cron ran at: 07-06-2026 03:45:11 PM [] []
[2026-06-07 15:45:53] SlimMonoLogger.INFO: Cron ran at: 07-06-2026 03:45:53 PM [] []
[2026-06-07 15:45:55] SlimMonoLogger.INFO: Cron ran at: 07-06-2026 03:45:55 PM [] []
[2026-06-07 15:46:30] SlimMonoLogger.INFO: Cron ran at: 07-06-2026 03:46:30 PM [] []
[2026-06-07 15:46:30] SlimMonoLogger.INFO: Cron ran at: 07-06-2026 03:46:30 PM [] []
[2026-06-07 15:47:02] SlimMonoLogger.INFO: Cron ran at: 07-06-2026 03:47:02 PM [] []
[2026-06-07 15:47:05] SlimMonoLogger.INFO: Cron ran at: 07-06-2026 03:47:05 PM [] []
[2026-06-07 15:47:07] SlimMonoLogger.INFO: Cron ran at: 07-06-2026 03:47:07 PM [] []
[2026-06-07 15:47:35] SlimMonoLogger.INFO: Cron ran at: 07-06-2026 03:47:35 PM [] []
[2026-06-07 15:47:47] SlimMonoLogger.INFO: Cron ran at: 07-06-2026 03:47:47 PM [] []
[2026-06-07 15:47:50] SlimMonoLogger.INFO: Cron ran at: 07-06-2026 03:47:50 PM [] []
[2026-06-07 15:48:01] SlimMonoLogger.INFO: Cron ran at: 07-06-2026 03:48:01 PM [] []
[2026-06-07 15:48:28] SlimMonoLogger.INFO: Cron ran at: 07-06-2026 03:48:28 PM [] []
[2026-06-07 15:48:32] SlimMonoLogger.INFO: Cron ran at: 07-06-2026 03:48:32 PM [] []
[2026-06-07 15:48:38] SlimMonoLogger.INFO: Cron ran at: 07-06-2026 03:48:38 PM [] []
[2026-06-07 15:49:08] SlimMonoLogger.INFO: Cron ran at: 07-06-2026 03:49:08 PM [] []
[2026-06-07 15:49:08] SlimMonoLogger.INFO: Cron ran at: 07-06-2026 03:49:08 PM [] []
[2026-06-07 15:49:45] SlimMonoLogger.INFO: Cron ran at: 07-06-2026 03:49:45 PM [] []
[2026-06-07 15:49:46] SlimMonoLogger.INFO: Cron ran at: 07-06-2026 03:49:46 PM [] []
[2026-06-07 15:50:20] SlimMonoLogger.INFO: Cron ran at: 07-06-2026 03:50:20 PM [] []
[2026-06-07 15:50:34] SlimMonoLogger.INFO: Cron ran at: 07-06-2026 03:50:34 PM [] []
[2026-06-07 15:51:01] SlimMonoLogger.INFO: Cron ran at: 07-06-2026 03:51:01 PM [] []
[2026-06-07 15:51:12] SlimMonoLogger.INFO: Cron ran at: 07-06-2026 03:51:12 PM [] []
[2026-06-07 15:51:26] SlimMonoLogger.INFO: Cron ran at: 07-06-2026 03:51:26 PM [] []
[2026-06-07 15:51:39] SlimMonoLogger.INFO: Cron ran at: 07-06-2026 03:51:39 PM [] []
[2026-06-07 15:52:01] SlimMonoLogger.INFO: Cron ran at: 07-06-2026 03:52:01 PM [] []
[2026-06-07 15:52:01] SlimMonoLogger.INFO: Cron ran at: 07-06-2026 03:52:01 PM [] []
[2026-06-07 15:52:18] SlimMonoLogger.INFO: Cron ran at: 07-06-2026 03:52:18 PM [] []
[2026-06-07 15:52:35] SlimMonoLogger.INFO: Cron ran at: 07-06-2026 03:52:35 PM [] []
[2026-06-07 15:52:41] SlimMonoLogger.INFO: Cron ran at: 07-06-2026 03:52:41 PM [] []
[2026-06-07 15:52:54] SlimMonoLogger.INFO: Cron ran at: 07-06-2026 03:52:54 PM [] []
[2026-06-07 15:53:14] SlimMonoLogger.INFO: Cron ran at: 07-06-2026 03:53:14 PM [] []
[2026-06-07 15:53:19] SlimMonoLogger.INFO: Cron ran at: 07-06-2026 03:53:19 PM [] []
[2026-06-07 15:53:33] SlimMonoLogger.INFO: Cron ran at: 07-06-2026 03:53:33 PM [] []
[2026-06-07 15:53:51] SlimMonoLogger.INFO: Cron ran at: 07-06-2026 03:53:51 PM [] []
[2026-06-07 15:53:51] SlimMonoLogger.INFO: Cron ran at: 07-06-2026 03:53:51 PM [] []
[2026-06-07 15:54:22] SlimMonoLogger.INFO: Cron ran at: 07-06-2026 03:54:22 PM [] []
[2026-06-07 15:54:29] SlimMonoLogger.INFO: Cron ran at: 07-06-2026 03:54:29 PM [] []
[2026-06-07 15:54:58] SlimMonoLogger.INFO: Cron ran at: 07-06-2026 03:54:58 PM [] []
[2026-06-07 15:54:59] SlimMonoLogger.INFO: Cron ran at: 07-06-2026 03:54:59 PM [] []
[2026-06-07 15:55:48] SlimMonoLogger.INFO: Cron ran at: 07-06-2026 03:55:48 PM [] []
[2026-06-07 15:55:48] SlimMonoLogger.INFO: Cron ran at: 07-06-2026 03:55:48 PM [] []
[2026-06-07 15:56:13] SlimMonoLogger.INFO: Cron ran at: 07-06-2026 03:56:13 PM [] []
[2026-06-07 15:56:15] SlimMonoLogger.INFO: Cron ran at: 07-06-2026 03:56:15 PM [] []
[2026-06-07 15:56:53] SlimMonoLogger.INFO: Cron ran at: 07-06-2026 03:56:53 PM [] []
[2026-06-07 15:56:57] SlimMonoLogger.INFO: Cron ran at: 07-06-2026 03:56:57 PM [] []
[2026-06-07 15:57:04] SlimMonoLogger.INFO: Cron ran at: 07-06-2026 03:57:04 PM [] []
[2026-06-07 15:57:24] SlimMonoLogger.INFO: Cron ran at: 07-06-2026 03:57:24 PM [] []
[2026-06-07 15:57:34] SlimMonoLogger.INFO: Cron ran at: 07-06-2026 03:57:34 PM [] []
[2026-06-07 15:57:34] SlimMonoLogger.INFO: Cron ran at: 07-06-2026 03:57:34 PM [] []
[2026-06-07 15:57:53] SlimMonoLogger.INFO: Cron ran at: 07-06-2026 03:57:53 PM [] []
[2026-06-07 15:58:15] SlimMonoLogger.INFO: Cron ran at: 07-06-2026 03:58:15 PM [] []
[2026-06-07 15:58:17] SlimMonoLogger.INFO: Cron ran at: 07-06-2026 03:58:17 PM [] []
[2026-06-07 15:58:24] SlimMonoLogger.INFO: Cron ran at: 07-06-2026 03:58:24 PM [] []
[2026-06-07 15:58:57] SlimMonoLogger.INFO: Cron ran at: 07-06-2026 03:58:57 PM [] []
[2026-06-07 15:58:57] SlimMonoLogger.INFO: Cron ran at: 07-06-2026 03:58:57 PM [] []
[2026-06-07 15:58:58] SlimMonoLogger.INFO: Cron ran at: 07-06-2026 03:58:58 PM [] []
[2026-06-07 15:59:34] SlimMonoLogger.INFO: Cron ran at: 07-06-2026 03:59:34 PM [] []
[2026-06-07 15:59:34] SlimMonoLogger.INFO: Cron ran at: 07-06-2026 03:59:34 PM [] []
[2026-06-07 16:00:14] SlimMonoLogger.INFO: Cron ran at: 07-06-2026 04:00:14 PM [] []
[2026-06-07 16:00:25] SlimMonoLogger.INFO: Cron ran at: 07-06-2026 04:00:25 PM [] []
[2026-06-07 16:00:57] SlimMonoLogger.INFO: Cron ran at: 07-06-2026 04:00:57 PM [] []
[2026-06-07 16:00:58] SlimMonoLogger.INFO: Cron ran at: 07-06-2026 04:00:58 PM [] []
[2026-06-07 16:01:30] SlimMonoLogger.INFO: Cron ran at: 07-06-2026 04:01:30 PM [] []
[2026-06-07 16:01:38] SlimMonoLogger.INFO: Cron ran at: 07-06-2026 04:01:38 PM [] []
[2026-06-07 16:01:52] SlimMonoLogger.INFO: Cron ran at: 07-06-2026 04:01:52 PM [] []
[2026-06-07 16:02:12] SlimMonoLogger.INFO: Cron ran at: 07-06-2026 04:02:12 PM [] []
[2026-06-07 16:02:16] SlimMonoLogger.INFO: Cron ran at: 07-06-2026 04:02:16 PM [] []
[2026-06-07 16:02:20] SlimMonoLogger.INFO: Cron ran at: 07-06-2026 04:02:20 PM [] []
[2026-06-07 16:02:55] SlimMonoLogger.INFO: Cron ran at: 07-06-2026 04:02:55 PM [] []
[2026-06-07 16:03:00] SlimMonoLogger.INFO: Cron ran at: 07-06-2026 04:03:00 PM [] []
[2026-06-07 16:03:00] SlimMonoLogger.INFO: Cron ran at: 07-06-2026 04:03:00 PM [] []
[2026-06-07 16:03:34] SlimMonoLogger.INFO: Cron ran at: 07-06-2026 04:03:34 PM [] []
[2026-06-07 16:03:35] SlimMonoLogger.INFO: Cron ran at: 07-06-2026 04:03:35 PM [] []
[2026-06-07 16:03:38] SlimMonoLogger.INFO: Cron ran at: 07-06-2026 04:03:38 PM [] []
[2026-06-07 16:04:02] SlimMonoLogger.INFO: Cron ran at: 07-06-2026 04:04:02 PM [] []
[2026-06-07 16:04:09] SlimMonoLogger.INFO: Cron ran at: 07-06-2026 04:04:09 PM [] []
[2026-06-07 16:04:42] SlimMonoLogger.INFO: Cron ran at: 07-06-2026 04:04:42 PM [] []
[2026-06-07 16:04:46] SlimMonoLogger.INFO: Cron ran at: 07-06-2026 04:04:46 PM [] []
[2026-06-07 16:05:11] SlimMonoLogger.INFO: Cron ran at: 07-06-2026 04:05:11 PM [] []
[2026-06-07 16:05:26] SlimMonoLogger.INFO: Cron ran at: 07-06-2026 04:05:26 PM [] []
[2026-06-07 16:06:01] SlimMonoLogger.INFO: Cron ran at: 07-06-2026 04:06:01 PM [] []
[2026-06-07 16:06:13] SlimMonoLogger.INFO: Cron ran at: 07-06-2026 04:06:13 PM [] []
[2026-06-07 16:06:41] SlimMonoLogger.INFO: Cron ran at: 07-06-2026 04:06:41 PM [] []
[2026-06-07 16:06:41] SlimMonoLogger.INFO: Cron ran at: 07-06-2026 04:06:41 PM [] []
[2026-06-07 16:06:50] SlimMonoLogger.INFO: Cron ran at: 07-06-2026 04:06:50 PM [] []
[2026-06-07 16:07:15] SlimMonoLogger.INFO: Cron ran at: 07-06-2026 04:07:15 PM [] []
[2026-06-07 16:07:44] SlimMonoLogger.INFO: Cron ran at: 07-06-2026 04:07:44 PM [] []
[2026-06-07 16:07:45] SlimMonoLogger.INFO: Cron ran at: 07-06-2026 04:07:45 PM [] []
[2026-06-07 16:07:50] SlimMonoLogger.INFO: Cron ran at: 07-06-2026 04:07:50 PM [] []
[2026-06-07 16:08:34] SlimMonoLogger.INFO: Cron ran at: 07-06-2026 04:08:34 PM [] []
[2026-06-07 16:08:34] SlimMonoLogger.INFO: Cron ran at: 07-06-2026 04:08:34 PM [] []
[2026-06-07 16:08:34] SlimMonoLogger.INFO: Cron ran at: 07-06-2026 04:08:34 PM [] []
[2026-06-07 16:09:06] SlimMonoLogger.INFO: Cron ran at: 07-06-2026 04:09:06 PM [] []
[2026-06-07 16:09:12] SlimMonoLogger.INFO: Cron ran at: 07-06-2026 04:09:12 PM [] []
[2026-06-07 16:09:17] SlimMonoLogger.INFO: Cron ran at: 07-06-2026 04:09:17 PM [] []
[2026-06-07 16:09:39] SlimMonoLogger.INFO: Cron ran at: 07-06-2026 04:09:39 PM [] []
[2026-06-07 16:09:48] SlimMonoLogger.INFO: Cron ran at: 07-06-2026 04:09:48 PM [] []
[2026-06-07 16:10:14] SlimMonoLogger.INFO: Cron ran at: 07-06-2026 04:10:14 PM [] []
[2026-06-07 16:10:34] SlimMonoLogger.INFO: Cron ran at: 07-06-2026 04:10:34 PM [] []
[2026-06-07 16:10:59] SlimMonoLogger.INFO: Cron ran at: 07-06-2026 04:10:59 PM [] []
[2026-06-07 16:11:12] SlimMonoLogger.INFO: Cron ran at: 07-06-2026 04:11:12 PM [] []
[2026-06-07 16:11:33] SlimMonoLogger.INFO: Cron ran at: 07-06-2026 04:11:33 PM [] []
[2026-06-07 16:11:47] SlimMonoLogger.INFO: Cron ran at: 07-06-2026 04:11:47 PM [] []
[2026-06-07 16:11:56] SlimMonoLogger.INFO: Cron ran at: 07-06-2026 04:11:56 PM [] []
[2026-06-07 16:12:06] SlimMonoLogger.INFO: Cron ran at: 07-06-2026 04:12:06 PM [] []
[2026-06-07 16:12:10] SlimMonoLogger.INFO: Cron ran at: 07-06-2026 04:12:10 PM [] []
[2026-06-07 16:12:22] SlimMonoLogger.INFO: Cron ran at: 07-06-2026 04:12:22 PM [] []
[2026-06-07 16:12:42] SlimMonoLogger.INFO: Cron ran at: 07-06-2026 04:12:42 PM [] []
[2026-06-07 16:12:43] SlimMonoLogger.INFO: Cron ran at: 07-06-2026 04:12:43 PM [] []
[2026-06-07 16:13:08] SlimMonoLogger.INFO: Cron ran at: 07-06-2026 04:13:08 PM [] []
[2026-06-07 16:13:22] SlimMonoLogger.INFO: Cron ran at: 07-06-2026 04:13:22 PM [] []
[2026-06-07 16:13:23] SlimMonoLogger.INFO: Cron ran at: 07-06-2026 04:13:23 PM [] []
[2026-06-07 16:13:40] SlimMonoLogger.INFO: Cron ran at: 07-06-2026 04:13:40 PM [] []
[2026-06-07 16:13:52] SlimMonoLogger.INFO: Cron ran at: 07-06-2026 04:13:52 PM [] []
[2026-06-07 16:14:07] SlimMonoLogger.INFO: Cron ran at: 07-06-2026 04:14:07 PM [] []
[2026-06-07 16:14:20] SlimMonoLogger.INFO: Cron ran at: 07-06-2026 04:14:20 PM [] []
[2026-06-07 16:14:35] SlimMonoLogger.INFO: Cron ran at: 07-06-2026 04:14:35 PM [] []
[2026-06-07 16:14:36] SlimMonoLogger.INFO: Cron ran at: 07-06-2026 04:14:36 PM [] []
[2026-06-07 16:15:17] SlimMonoLogger.INFO: Cron ran at: 07-06-2026 04:15:17 PM [] []
[2026-06-07 16:15:21] SlimMonoLogger.INFO: Cron ran at: 07-06-2026 04:15:21 PM [] []
[2026-06-07 16:15:54] SlimMonoLogger.INFO: Cron ran at: 07-06-2026 04:15:54 PM [] []
[2026-06-07 16:16:05] SlimMonoLogger.INFO: Cron ran at: 07-06-2026 04:16:05 PM [] []
[2026-06-07 16:16:29] SlimMonoLogger.INFO: Cron ran at: 07-06-2026 04:16:29 PM [] []
[2026-06-07 16:16:40] SlimMonoLogger.INFO: Cron ran at: 07-06-2026 04:16:40 PM [] []
[2026-06-07 16:16:43] SlimMonoLogger.INFO: Cron ran at: 07-06-2026 04:16:43 PM [] []
[2026-06-07 16:17:06] SlimMonoLogger.INFO: Cron ran at: 07-06-2026 04:17:06 PM [] []
[2026-06-07 16:17:15] SlimMonoLogger.INFO: Cron ran at: 07-06-2026 04:17:15 PM [] []
[2026-06-07 16:17:16] SlimMonoLogger.INFO: Cron ran at: 07-06-2026 04:17:16 PM [] []
[2026-06-07 16:17:48] SlimMonoLogger.INFO: Cron ran at: 07-06-2026 04:17:48 PM [] []
[2026-06-07 16:17:48] SlimMonoLogger.INFO: Cron ran at: 07-06-2026 04:17:48 PM [] []
[2026-06-07 16:17:58] SlimMonoLogger.INFO: Cron ran at: 07-06-2026 04:17:58 PM [] []
[2026-06-07 16:18:25] SlimMonoLogger.INFO: Cron ran at: 07-06-2026 04:18:25 PM [] []
[2026-06-07 16:18:25] SlimMonoLogger.INFO: Cron ran at: 07-06-2026 04:18:25 PM [] []
[2026-06-07 16:18:39] SlimMonoLogger.INFO: Cron ran at: 07-06-2026 04:18:39 PM [] []
[2026-06-07 16:18:55] SlimMonoLogger.INFO: Cron ran at: 07-06-2026 04:18:55 PM [] []
[2026-06-07 16:19:10] SlimMonoLogger.INFO: Cron ran at: 07-06-2026 04:19:10 PM [] []
[2026-06-07 16:19:30] SlimMonoLogger.INFO: Cron ran at: 07-06-2026 04:19:30 PM [] []
[2026-06-07 16:19:48] SlimMonoLogger.INFO: Cron ran at: 07-06-2026 04:19:48 PM [] []
[2026-06-07 16:20:09] SlimMonoLogger.INFO: Cron ran at: 07-06-2026 04:20:09 PM [] []
[2026-06-07 16:20:31] SlimMonoLogger.INFO: Cron ran at: 07-06-2026 04:20:31 PM [] []
[2026-06-07 16:20:46] SlimMonoLogger.INFO: Cron ran at: 07-06-2026 04:20:46 PM [] []
[2026-06-07 16:21:13] SlimMonoLogger.INFO: Cron ran at: 07-06-2026 04:21:13 PM [] []
[2026-06-07 16:21:21] SlimMonoLogger.INFO: Cron ran at: 07-06-2026 04:21:21 PM [] []
[2026-06-07 16:21:21] SlimMonoLogger.INFO: Cron ran at: 07-06-2026 04:21:21 PM [] []
[2026-06-07 16:21:46] SlimMonoLogger.INFO: Cron ran at: 07-06-2026 04:21:46 PM [] []
[2026-06-07 16:21:53] SlimMonoLogger.INFO: Cron ran at: 07-06-2026 04:21:53 PM [] []
[2026-06-07 16:21:59] SlimMonoLogger.INFO: Cron ran at: 07-06-2026 04:21:59 PM [] []
[2026-06-07 16:22:27] SlimMonoLogger.INFO: Cron ran at: 07-06-2026 04:22:27 PM [] []
[2026-06-07 16:22:28] SlimMonoLogger.INFO: Cron ran at: 07-06-2026 04:22:28 PM [] []
[2026-06-07 16:22:41] SlimMonoLogger.INFO: Cron ran at: 07-06-2026 04:22:41 PM [] []
[2026-06-07 16:22:55] SlimMonoLogger.INFO: Cron ran at: 07-06-2026 04:22:55 PM [] []
[2026-06-07 16:23:09] SlimMonoLogger.INFO: Cron ran at: 07-06-2026 04:23:09 PM [] []
[2026-06-07 16:23:23] SlimMonoLogger.INFO: Cron ran at: 07-06-2026 04:23:23 PM [] []
[2026-06-07 16:23:33] SlimMonoLogger.INFO: Cron ran at: 07-06-2026 04:23:33 PM [] []
[2026-06-07 16:23:55] SlimMonoLogger.INFO: Cron ran at: 07-06-2026 04:23:55 PM [] []
[2026-06-07 16:23:58] SlimMonoLogger.INFO: Cron ran at: 07-06-2026 04:23:58 PM [] []
[2026-06-07 16:24:05] SlimMonoLogger.INFO: Cron ran at: 07-06-2026 04:24:05 PM [] []
[2026-06-07 16:24:40] SlimMonoLogger.INFO: Cron ran at: 07-06-2026 04:24:40 PM [] []
[2026-06-07 16:24:40] SlimMonoLogger.INFO: Cron ran at: 07-06-2026 04:24:40 PM [] []
[2026-06-07 16:25:21] SlimMonoLogger.INFO: Cron ran at: 07-06-2026 04:25:21 PM [] []
[2026-06-07 16:25:22] SlimMonoLogger.INFO: Cron ran at: 07-06-2026 04:25:22 PM [] []
[2026-06-07 16:26:00] SlimMonoLogger.INFO: Cron ran at: 07-06-2026 04:26:00 PM [] []
[2026-06-07 16:26:00] SlimMonoLogger.INFO: Cron ran at: 07-06-2026 04:26:00 PM [] []
[2026-06-07 16:26:15] SlimMonoLogger.INFO: Cron ran at: 07-06-2026 04:26:15 PM [] []
[2026-06-07 16:26:38] SlimMonoLogger.INFO: Cron ran at: 07-06-2026 04:26:38 PM [] []
[2026-06-07 16:26:39] SlimMonoLogger.INFO: Cron ran at: 07-06-2026 04:26:39 PM [] []
[2026-06-07 16:26:46] SlimMonoLogger.INFO: Cron ran at: 07-06-2026 04:26:46 PM [] []
[2026-06-07 16:27:14] SlimMonoLogger.INFO: Cron ran at: 07-06-2026 04:27:14 PM [] []
[2026-06-07 16:27:15] SlimMonoLogger.INFO: Cron ran at: 07-06-2026 04:27:15 PM [] []
[2026-06-07 16:27:16] SlimMonoLogger.INFO: Cron ran at: 07-06-2026 04:27:16 PM [] []
[2026-06-07 16:27:53] SlimMonoLogger.INFO: Cron ran at: 07-06-2026 04:27:53 PM [] []
[2026-06-07 16:27:56] SlimMonoLogger.INFO: Cron ran at: 07-06-2026 04:27:56 PM [] []
[2026-06-07 16:27:56] SlimMonoLogger.INFO: Cron ran at: 07-06-2026 04:27:56 PM [] []
[2026-06-07 16:28:23] SlimMonoLogger.INFO: Cron ran at: 07-06-2026 04:28:23 PM [] []
[2026-06-07 16:28:34] SlimMonoLogger.INFO: Cron ran at: 07-06-2026 04:28:34 PM [] []
[2026-06-07 16:28:35] SlimMonoLogger.INFO: Cron ran at: 07-06-2026 04:28:35 PM [] []
[2026-06-07 16:28:56] SlimMonoLogger.INFO: Cron ran at: 07-06-2026 04:28:56 PM [] []
[2026-06-07 16:29:18] SlimMonoLogger.INFO: Cron ran at: 07-06-2026 04:29:18 PM [] []
[2026-06-07 16:29:33] SlimMonoLogger.INFO: Cron ran at: 07-06-2026 04:29:33 PM [] []
[2026-06-07 16:29:56] SlimMonoLogger.INFO: Cron ran at: 07-06-2026 04:29:56 PM [] []
[2026-06-07 16:30:25] SlimMonoLogger.INFO: Cron ran at: 07-06-2026 04:30:25 PM [] []
[2026-06-07 16:30:47] SlimMonoLogger.INFO: Cron ran at: 07-06-2026 04:30:47 PM [] []
[2026-06-07 16:31:04] SlimMonoLogger.INFO: Cron ran at: 07-06-2026 04:31:04 PM [] []
[2026-06-07 16:31:24] SlimMonoLogger.INFO: Cron ran at: 07-06-2026 04:31:24 PM [] []
[2026-06-07 16:31:42] SlimMonoLogger.INFO: Cron ran at: 07-06-2026 04:31:42 PM [] []
[2026-06-07 16:31:57] SlimMonoLogger.INFO: Cron ran at: 07-06-2026 04:31:57 PM [] []
[2026-06-07 16:32:01] SlimMonoLogger.INFO: Cron ran at: 07-06-2026 04:32:01 PM [] []
[2026-06-07 16:32:32] SlimMonoLogger.INFO: Cron ran at: 07-06-2026 04:32:32 PM [] []
[2026-06-07 16:32:34] SlimMonoLogger.INFO: Cron ran at: 07-06-2026 04:32:34 PM [] []
[2026-06-07 16:32:46] SlimMonoLogger.INFO: Cron ran at: 07-06-2026 04:32:46 PM [] []
[2026-06-07 16:33:10] SlimMonoLogger.INFO: Cron ran at: 07-06-2026 04:33:10 PM [] []
[2026-06-07 16:33:25] SlimMonoLogger.INFO: Cron ran at: 07-06-2026 04:33:25 PM [] []
[2026-06-07 16:33:26] SlimMonoLogger.INFO: Cron ran at: 07-06-2026 04:33:26 PM [] []
[2026-06-07 16:33:43] SlimMonoLogger.INFO: Cron ran at: 07-06-2026 04:33:43 PM [] []
[2026-06-07 16:33:48] SlimMonoLogger.INFO: Cron ran at: 07-06-2026 04:33:48 PM [] []
[2026-06-07 16:34:14] SlimMonoLogger.INFO: Cron ran at: 07-06-2026 04:34:14 PM [] []
[2026-06-07 16:34:17] SlimMonoLogger.INFO: Cron ran at: 07-06-2026 04:34:17 PM [] []
[2026-06-07 16:35:00] SlimMonoLogger.INFO: Cron ran at: 07-06-2026 04:35:00 PM [] []
[2026-06-07 16:35:00] SlimMonoLogger.INFO: Cron ran at: 07-06-2026 04:35:00 PM [] []
[2026-06-07 16:35:38] SlimMonoLogger.INFO: Cron ran at: 07-06-2026 04:35:38 PM [] []
[2026-06-07 16:35:40] SlimMonoLogger.INFO: Cron ran at: 07-06-2026 04:35:40 PM [] []
[2026-06-07 16:36:20] SlimMonoLogger.INFO: Cron ran at: 07-06-2026 04:36:20 PM [] []
[2026-06-07 16:36:21] SlimMonoLogger.INFO: Cron ran at: 07-06-2026 04:36:21 PM [] []
[2026-06-07 16:36:42] SlimMonoLogger.INFO: Cron ran at: 07-06-2026 04:36:42 PM [] []
[2026-06-07 16:36:53] SlimMonoLogger.INFO: Cron ran at: 07-06-2026 04:36:53 PM [] []
[2026-06-07 16:37:03] SlimMonoLogger.INFO: Cron ran at: 07-06-2026 04:37:03 PM [] []
[2026-06-07 16:37:13] SlimMonoLogger.INFO: Cron ran at: 07-06-2026 04:37:13 PM [] []
[2026-06-07 16:37:30] SlimMonoLogger.INFO: Cron ran at: 07-06-2026 04:37:30 PM [] []
[2026-06-07 16:37:37] SlimMonoLogger.INFO: Cron ran at: 07-06-2026 04:37:37 PM [] []
[2026-06-07 16:37:38] SlimMonoLogger.INFO: Cron ran at: 07-06-2026 04:37:38 PM [] []
[2026-06-07 16:38:15] SlimMonoLogger.INFO: Cron ran at: 07-06-2026 04:38:15 PM [] []
[2026-06-07 16:38:16] SlimMonoLogger.INFO: Cron ran at: 07-06-2026 04:38:16 PM [] []
[2026-06-07 16:38:16] SlimMonoLogger.INFO: Cron ran at: 07-06-2026 04:38:16 PM [] []
[2026-06-07 16:38:45] SlimMonoLogger.INFO: Cron ran at: 07-06-2026 04:38:45 PM [] []
[2026-06-07 16:38:45] SlimMonoLogger.INFO: Cron ran at: 07-06-2026 04:38:45 PM [] []
[2026-06-07 16:39:25] SlimMonoLogger.INFO: Cron ran at: 07-06-2026 04:39:25 PM [] []
[2026-06-07 16:39:26] SlimMonoLogger.INFO: Cron ran at: 07-06-2026 04:39:26 PM [] []
[2026-06-07 16:39:58] SlimMonoLogger.INFO: Cron ran at: 07-06-2026 04:39:58 PM [] []
[2026-06-07 16:40:04] SlimMonoLogger.INFO: Cron ran at: 07-06-2026 04:40:04 PM [] []
[2026-06-07 16:40:36] SlimMonoLogger.INFO: Cron ran at: 07-06-2026 04:40:36 PM [] []
[2026-06-07 16:40:48] SlimMonoLogger.INFO: Cron ran at: 07-06-2026 04:40:48 PM [] []
[2026-06-07 16:41:18] SlimMonoLogger.INFO: Cron ran at: 07-06-2026 04:41:18 PM [] []
[2026-06-07 16:41:30] SlimMonoLogger.INFO: Cron ran at: 07-06-2026 04:41:30 PM [] []
[2026-06-07 16:41:43] SlimMonoLogger.INFO: Cron ran at: 07-06-2026 04:41:43 PM [] []
[2026-06-07 16:41:55] SlimMonoLogger.INFO: Cron ran at: 07-06-2026 04:41:55 PM [] []
[2026-06-07 16:42:07] SlimMonoLogger.INFO: Cron ran at: 07-06-2026 04:42:07 PM [] []
[2026-06-07 16:42:13] SlimMonoLogger.INFO: Cron ran at: 07-06-2026 04:42:13 PM [] []
[2026-06-07 16:42:34] SlimMonoLogger.INFO: Cron ran at: 07-06-2026 04:42:34 PM [] []
[2026-06-07 16:42:42] SlimMonoLogger.INFO: Cron ran at: 07-06-2026 04:42:42 PM [] []
[2026-06-07 16:42:43] SlimMonoLogger.INFO: Cron ran at: 07-06-2026 04:42:43 PM [] []
[2026-06-07 16:43:19] SlimMonoLogger.INFO: Cron ran at: 07-06-2026 04:43:19 PM [] []
[2026-06-07 16:43:19] SlimMonoLogger.INFO: Cron ran at: 07-06-2026 04:43:19 PM [] []
[2026-06-07 16:43:25] SlimMonoLogger.INFO: Cron ran at: 07-06-2026 04:43:25 PM [] []
[2026-06-07 16:43:50] SlimMonoLogger.INFO: Cron ran at: 07-06-2026 04:43:50 PM [] []
[2026-06-07 16:43:52] SlimMonoLogger.INFO: Cron ran at: 07-06-2026 04:43:52 PM [] []
[2026-06-07 16:44:11] SlimMonoLogger.INFO: Cron ran at: 07-06-2026 04:44:11 PM [] []
[2026-06-07 16:44:29] SlimMonoLogger.INFO: Cron ran at: 07-06-2026 04:44:29 PM [] []
[2026-06-07 16:44:39] SlimMonoLogger.INFO: Cron ran at: 07-06-2026 04:44:39 PM [] []
[2026-06-07 16:45:05] SlimMonoLogger.INFO: Cron ran at: 07-06-2026 04:45:05 PM [] []
[2026-06-07 16:45:10] SlimMonoLogger.INFO: Cron ran at: 07-06-2026 04:45:10 PM [] []
[2026-06-07 16:45:51] SlimMonoLogger.INFO: Cron ran at: 07-06-2026 04:45:51 PM [] []
[2026-06-07 16:46:00] SlimMonoLogger.INFO: Cron ran at: 07-06-2026 04:46:00 PM [] []
[2026-06-07 16:46:19] SlimMonoLogger.INFO: Cron ran at: 07-06-2026 04:46:19 PM [] []
[2026-06-07 16:46:28] SlimMonoLogger.INFO: Cron ran at: 07-06-2026 04:46:28 PM [] []
[2026-06-07 16:46:28] SlimMonoLogger.INFO: Cron ran at: 07-06-2026 04:46:28 PM [] []
[2026-06-07 16:46:57] SlimMonoLogger.INFO: Cron ran at: 07-06-2026 04:46:57 PM [] []
[2026-06-07 16:46:57] SlimMonoLogger.INFO: Cron ran at: 07-06-2026 04:46:57 PM [] []
[2026-06-07 16:47:12] SlimMonoLogger.INFO: Cron ran at: 07-06-2026 04:47:12 PM [] []
[2026-06-07 16:47:35] SlimMonoLogger.INFO: Cron ran at: 07-06-2026 04:47:35 PM [] []
[2026-06-07 16:47:36] SlimMonoLogger.INFO: Cron ran at: 07-06-2026 04:47:36 PM [] []
[2026-06-07 16:47:54] SlimMonoLogger.INFO: Cron ran at: 07-06-2026 04:47:54 PM [] []
[2026-06-07 16:48:08] SlimMonoLogger.INFO: Cron ran at: 07-06-2026 04:48:08 PM [] []
[2026-06-07 16:48:19] SlimMonoLogger.INFO: Cron ran at: 07-06-2026 04:48:19 PM [] []
[2026-06-07 16:48:31] SlimMonoLogger.INFO: Cron ran at: 07-06-2026 04:48:31 PM [] []
[2026-06-07 16:48:38] SlimMonoLogger.INFO: Cron ran at: 07-06-2026 04:48:38 PM [] []
[2026-06-07 16:49:04] SlimMonoLogger.INFO: Cron ran at: 07-06-2026 04:49:04 PM [] []
[2026-06-07 16:49:14] SlimMonoLogger.INFO: Cron ran at: 07-06-2026 04:49:14 PM [] []
[2026-06-07 16:49:48] SlimMonoLogger.INFO: Cron ran at: 07-06-2026 04:49:48 PM [] []
[2026-06-07 16:49:48] SlimMonoLogger.INFO: Cron ran at: 07-06-2026 04:49:48 PM [] []
[2026-06-07 16:50:24] SlimMonoLogger.INFO: Cron ran at: 07-06-2026 04:50:24 PM [] []
[2026-06-07 16:50:25] SlimMonoLogger.INFO: Cron ran at: 07-06-2026 04:50:25 PM [] []
[2026-06-07 16:51:05] SlimMonoLogger.INFO: Cron ran at: 07-06-2026 04:51:05 PM [] []
[2026-06-07 16:51:15] SlimMonoLogger.INFO: Cron ran at: 07-06-2026 04:51:15 PM [] []
[2026-06-07 16:51:34] SlimMonoLogger.INFO: Cron ran at: 07-06-2026 04:51:34 PM [] []
[2026-06-07 16:51:44] SlimMonoLogger.INFO: Cron ran at: 07-06-2026 04:51:44 PM [] []
[2026-06-07 16:51:46] SlimMonoLogger.INFO: Cron ran at: 07-06-2026 04:51:46 PM [] []
[2026-06-07 16:52:23] SlimMonoLogger.INFO: Cron ran at: 07-06-2026 04:52:23 PM [] []
[2026-06-07 16:52:27] SlimMonoLogger.INFO: Cron ran at: 07-06-2026 04:52:27 PM [] []
[2026-06-07 16:52:32] SlimMonoLogger.INFO: Cron ran at: 07-06-2026 04:52:32 PM [] []
[2026-06-07 16:53:04] SlimMonoLogger.INFO: Cron ran at: 07-06-2026 04:53:04 PM [] []
[2026-06-07 16:53:17] SlimMonoLogger.INFO: Cron ran at: 07-06-2026 04:53:17 PM [] []
[2026-06-07 16:53:17] SlimMonoLogger.INFO: Cron ran at: 07-06-2026 04:53:17 PM [] []
[2026-06-07 16:53:37] SlimMonoLogger.INFO: Cron ran at: 07-06-2026 04:53:37 PM [] []
[2026-06-07 16:53:53] SlimMonoLogger.INFO: Cron ran at: 07-06-2026 04:53:53 PM [] []
[2026-06-07 16:53:56] SlimMonoLogger.INFO: Cron ran at: 07-06-2026 04:53:56 PM [] []
[2026-06-07 16:54:07] SlimMonoLogger.INFO: Cron ran at: 07-06-2026 04:54:07 PM [] []
[2026-06-07 16:54:32] SlimMonoLogger.INFO: Cron ran at: 07-06-2026 04:54:32 PM [] []
[2026-06-07 16:54:36] SlimMonoLogger.INFO: Cron ran at: 07-06-2026 04:54:36 PM [] []
[2026-06-07 16:55:11] SlimMonoLogger.INFO: Cron ran at: 07-06-2026 04:55:11 PM [] []
[2026-06-07 16:55:12] SlimMonoLogger.INFO: Cron ran at: 07-06-2026 04:55:12 PM [] []
[2026-06-07 16:55:51] SlimMonoLogger.INFO: Cron ran at: 07-06-2026 04:55:51 PM [] []
[2026-06-07 16:55:52] SlimMonoLogger.INFO: Cron ran at: 07-06-2026 04:55:52 PM [] []
[2026-06-07 16:56:23] SlimMonoLogger.INFO: Cron ran at: 07-06-2026 04:56:23 PM [] []
[2026-06-07 16:56:27] SlimMonoLogger.INFO: Cron ran at: 07-06-2026 04:56:27 PM [] []
[2026-06-07 16:56:27] SlimMonoLogger.INFO: Cron ran at: 07-06-2026 04:56:27 PM [] []
[2026-06-07 16:56:46] SlimMonoLogger.INFO: Cron ran at: 07-06-2026 04:56:46 PM [] []
[2026-06-07 16:57:08] SlimMonoLogger.INFO: Cron ran at: 07-06-2026 04:57:08 PM [] []
[2026-06-07 16:57:12] SlimMonoLogger.INFO: Cron ran at: 07-06-2026 04:57:12 PM [] []
[2026-06-07 16:57:20] SlimMonoLogger.INFO: Cron ran at: 07-06-2026 04:57:20 PM [] []
[2026-06-07 16:57:38] SlimMonoLogger.INFO: Cron ran at: 07-06-2026 04:57:38 PM [] []
[2026-06-07 16:57:44] SlimMonoLogger.INFO: Cron ran at: 07-06-2026 04:57:44 PM [] []
[2026-06-07 16:57:49] SlimMonoLogger.INFO: Cron ran at: 07-06-2026 04:57:49 PM [] []
[2026-06-07 16:58:24] SlimMonoLogger.INFO: Cron ran at: 07-06-2026 04:58:24 PM [] []
[2026-06-07 16:58:30] SlimMonoLogger.INFO: Cron ran at: 07-06-2026 04:58:30 PM [] []
[2026-06-07 16:58:31] SlimMonoLogger.INFO: Cron ran at: 07-06-2026 04:58:31 PM [] []
[2026-06-07 16:59:07] SlimMonoLogger.INFO: Cron ran at: 07-06-2026 04:59:07 PM [] []
[2026-06-07 16:59:27] SlimMonoLogger.INFO: Cron ran at: 07-06-2026 04:59:27 PM [] []
[2026-06-07 16:59:45] SlimMonoLogger.INFO: Cron ran at: 07-06-2026 04:59:45 PM [] []
[2026-06-07 16:59:46] SlimMonoLogger.INFO: Cron ran at: 07-06-2026 04:59:46 PM [] []
[2026-06-07 17:00:28] SlimMonoLogger.INFO: Cron ran at: 07-06-2026 05:00:28 PM [] []
[2026-06-07 17:00:30] SlimMonoLogger.INFO: Cron ran at: 07-06-2026 05:00:30 PM [] []
[2026-06-07 17:01:00] SlimMonoLogger.INFO: Cron ran at: 07-06-2026 05:01:00 PM [] []
[2026-06-07 17:01:05] SlimMonoLogger.INFO: Cron ran at: 07-06-2026 05:01:05 PM [] []
[2026-06-07 17:01:39] SlimMonoLogger.INFO: Cron ran at: 07-06-2026 05:01:39 PM [] []
[2026-06-07 17:01:42] SlimMonoLogger.INFO: Cron ran at: 07-06-2026 05:01:42 PM [] []
[2026-06-07 17:01:46] SlimMonoLogger.INFO: Cron ran at: 07-06-2026 05:01:46 PM [] []
[2026-06-07 17:02:12] SlimMonoLogger.INFO: Cron ran at: 07-06-2026 05:02:12 PM [] []
[2026-06-07 17:02:14] SlimMonoLogger.INFO: Cron ran at: 07-06-2026 05:02:14 PM [] []
[2026-06-07 17:02:24] SlimMonoLogger.INFO: Cron ran at: 07-06-2026 05:02:24 PM [] []
[2026-06-07 17:02:49] SlimMonoLogger.INFO: Cron ran at: 07-06-2026 05:02:49 PM [] []
[2026-06-07 17:02:53] SlimMonoLogger.INFO: Cron ran at: 07-06-2026 05:02:53 PM [] []
[2026-06-07 17:02:58] SlimMonoLogger.INFO: Cron ran at: 07-06-2026 05:02:58 PM [] []
[2026-06-07 17:03:19] SlimMonoLogger.INFO: Cron ran at: 07-06-2026 05:03:19 PM [] []
[2026-06-07 17:03:40] SlimMonoLogger.INFO: Cron ran at: 07-06-2026 05:03:40 PM [] []
[2026-06-07 17:03:40] SlimMonoLogger.INFO: Cron ran at: 07-06-2026 05:03:40 PM [] []
[2026-06-07 17:03:51] SlimMonoLogger.INFO: Cron ran at: 07-06-2026 05:03:51 PM [] []
[2026-06-07 17:04:26] SlimMonoLogger.INFO: Cron ran at: 07-06-2026 05:04:26 PM [] []
[2026-06-07 17:04:28] SlimMonoLogger.INFO: Cron ran at: 07-06-2026 05:04:28 PM [] []
[2026-06-07 17:05:08] SlimMonoLogger.INFO: Cron ran at: 07-06-2026 05:05:08 PM [] []
[2026-06-07 17:05:09] SlimMonoLogger.INFO: Cron ran at: 07-06-2026 05:05:09 PM [] []
[2026-06-07 17:05:51] SlimMonoLogger.INFO: Cron ran at: 07-06-2026 05:05:51 PM [] []
[2026-06-07 17:05:53] SlimMonoLogger.INFO: Cron ran at: 07-06-2026 05:05:53 PM [] []
[2026-06-07 17:06:34] SlimMonoLogger.INFO: Cron ran at: 07-06-2026 05:06:34 PM [] []
[2026-06-07 17:06:35] SlimMonoLogger.INFO: Cron ran at: 07-06-2026 05:06:35 PM [] []
[2026-06-07 17:06:48] SlimMonoLogger.INFO: Cron ran at: 07-06-2026 05:06:48 PM [] []
[2026-06-07 17:07:04] SlimMonoLogger.INFO: Cron ran at: 07-06-2026 05:07:04 PM [] []
[2026-06-07 17:07:04] SlimMonoLogger.INFO: Cron ran at: 07-06-2026 05:07:04 PM [] []
[2026-06-07 17:07:19] SlimMonoLogger.INFO: Cron ran at: 07-06-2026 05:07:19 PM [] []
[2026-06-07 17:07:41] SlimMonoLogger.INFO: Cron ran at: 07-06-2026 05:07:41 PM [] []
[2026-06-07 17:07:41] SlimMonoLogger.INFO: Cron ran at: 07-06-2026 05:07:41 PM [] []
[2026-06-07 17:07:42] SlimMonoLogger.INFO: Cron ran at: 07-06-2026 05:07:42 PM [] []
[2026-06-07 17:08:20] SlimMonoLogger.INFO: Cron ran at: 07-06-2026 05:08:20 PM [] []
[2026-06-07 17:08:23] SlimMonoLogger.INFO: Cron ran at: 07-06-2026 05:08:23 PM [] []
[2026-06-07 17:08:24] SlimMonoLogger.INFO: Cron ran at: 07-06-2026 05:08:24 PM [] []
[2026-06-07 17:08:48] SlimMonoLogger.INFO: Cron ran at: 07-06-2026 05:08:48 PM [] []
[2026-06-07 17:09:03] SlimMonoLogger.INFO: Cron ran at: 07-06-2026 05:09:03 PM [] []
[2026-06-07 17:09:25] SlimMonoLogger.INFO: Cron ran at: 07-06-2026 05:09:25 PM [] []
[2026-06-07 17:09:41] SlimMonoLogger.INFO: Cron ran at: 07-06-2026 05:09:41 PM [] []
[2026-06-07 17:09:56] SlimMonoLogger.INFO: Cron ran at: 07-06-2026 05:09:56 PM [] []
[2026-06-07 17:10:26] SlimMonoLogger.INFO: Cron ran at: 07-06-2026 05:10:26 PM [] []
[2026-06-07 17:10:40] SlimMonoLogger.INFO: Cron ran at: 07-06-2026 05:10:40 PM [] []
[2026-06-07 17:11:03] SlimMonoLogger.INFO: Cron ran at: 07-06-2026 05:11:03 PM [] []
[2026-06-07 17:11:12] SlimMonoLogger.INFO: Cron ran at: 07-06-2026 05:11:12 PM [] []
[2026-06-07 17:11:33] SlimMonoLogger.INFO: Cron ran at: 07-06-2026 05:11:33 PM [] []
[2026-06-07 17:11:40] SlimMonoLogger.INFO: Cron ran at: 07-06-2026 05:11:40 PM [] []
[2026-06-07 17:11:48] SlimMonoLogger.INFO: Cron ran at: 07-06-2026 05:11:48 PM [] []
[2026-06-07 17:11:59] SlimMonoLogger.INFO: Cron ran at: 07-06-2026 05:11:59 PM [] []
[2026-06-07 17:12:25] SlimMonoLogger.INFO: Cron ran at: 07-06-2026 05:12:25 PM [] []
[2026-06-07 17:12:29] SlimMonoLogger.INFO: Cron ran at: 07-06-2026 05:12:29 PM [] []
[2026-06-07 17:12:38] SlimMonoLogger.INFO: Cron ran at: 07-06-2026 05:12:38 PM [] []
[2026-06-07 17:13:04] SlimMonoLogger.INFO: Cron ran at: 07-06-2026 05:13:04 PM [] []
[2026-06-07 17:13:06] SlimMonoLogger.INFO: Cron ran at: 07-06-2026 05:13:06 PM [] []
[2026-06-07 17:13:18] SlimMonoLogger.INFO: Cron ran at: 07-06-2026 05:13:18 PM [] []
[2026-06-07 17:13:39] SlimMonoLogger.INFO: Cron ran at: 07-06-2026 05:13:39 PM [] []
[2026-06-07 17:13:40] SlimMonoLogger.INFO: Cron ran at: 07-06-2026 05:13:40 PM [] []
[2026-06-07 17:13:58] SlimMonoLogger.INFO: Cron ran at: 07-06-2026 05:13:58 PM [] []
[2026-06-07 17:14:13] SlimMonoLogger.INFO: Cron ran at: 07-06-2026 05:14:13 PM [] []
[2026-06-07 17:14:39] SlimMonoLogger.INFO: Cron ran at: 07-06-2026 05:14:39 PM [] []
[2026-06-07 17:14:49] SlimMonoLogger.INFO: Cron ran at: 07-06-2026 05:14:49 PM [] []
[2026-06-07 17:15:25] SlimMonoLogger.INFO: Cron ran at: 07-06-2026 05:15:25 PM [] []
[2026-06-07 17:15:26] SlimMonoLogger.INFO: Cron ran at: 07-06-2026 05:15:26 PM [] []
[2026-06-07 17:16:00] SlimMonoLogger.INFO: Cron ran at: 07-06-2026 05:16:00 PM [] []
[2026-06-07 17:16:07] SlimMonoLogger.INFO: Cron ran at: 07-06-2026 05:16:07 PM [] []
[2026-06-07 17:16:14] SlimMonoLogger.INFO: Cron ran at: 07-06-2026 05:16:14 PM [] []
[2026-06-07 17:16:39] SlimMonoLogger.INFO: Cron ran at: 07-06-2026 05:16:39 PM [] []
[2026-06-07 17:16:42] SlimMonoLogger.INFO: Cron ran at: 07-06-2026 05:16:42 PM [] []
[2026-06-07 17:17:01] SlimMonoLogger.INFO: Cron ran at: 07-06-2026 05:17:01 PM [] []
[2026-06-07 17:17:25] SlimMonoLogger.INFO: Cron ran at: 07-06-2026 05:17:25 PM [] []
[2026-06-07 17:17:26] SlimMonoLogger.INFO: Cron ran at: 07-06-2026 05:17:26 PM [] []
[2026-06-07 17:17:26] SlimMonoLogger.INFO: Cron ran at: 07-06-2026 05:17:26 PM [] []
[2026-06-07 17:18:04] SlimMonoLogger.INFO: Cron ran at: 07-06-2026 05:18:04 PM [] []
[2026-06-07 17:18:05] SlimMonoLogger.INFO: Cron ran at: 07-06-2026 05:18:05 PM [] []
[2026-06-07 17:18:08] SlimMonoLogger.INFO: Cron ran at: 07-06-2026 05:18:08 PM [] []
[2026-06-07 17:18:35] SlimMonoLogger.INFO: Cron ran at: 07-06-2026 05:18:35 PM [] []
[2026-06-07 17:18:42] SlimMonoLogger.INFO: Cron ran at: 07-06-2026 05:18:42 PM [] []
[2026-06-07 17:18:44] SlimMonoLogger.INFO: Cron ran at: 07-06-2026 05:18:44 PM [] []
[2026-06-07 17:19:06] SlimMonoLogger.INFO: Cron ran at: 07-06-2026 05:19:06 PM [] []
[2026-06-07 17:19:29] SlimMonoLogger.INFO: Cron ran at: 07-06-2026 05:19:29 PM [] []
[2026-06-07 17:19:40] SlimMonoLogger.INFO: Cron ran at: 07-06-2026 05:19:40 PM [] []
[2026-06-07 17:20:10] SlimMonoLogger.INFO: Cron ran at: 07-06-2026 05:20:10 PM [] []
[2026-06-07 17:20:19] SlimMonoLogger.INFO: Cron ran at: 07-06-2026 05:20:19 PM [] []
[2026-06-07 17:20:53] SlimMonoLogger.INFO: Cron ran at: 07-06-2026 05:20:53 PM [] []
[2026-06-07 17:21:04] SlimMonoLogger.INFO: Cron ran at: 07-06-2026 05:21:04 PM [] []
[2026-06-07 17:21:25] SlimMonoLogger.INFO: Cron ran at: 07-06-2026 05:21:25 PM [] []
[2026-06-07 17:21:36] SlimMonoLogger.INFO: Cron ran at: 07-06-2026 05:21:36 PM [] []
[2026-06-07 17:21:51] SlimMonoLogger.INFO: Cron ran at: 07-06-2026 05:21:51 PM [] []
[2026-06-07 17:22:09] SlimMonoLogger.INFO: Cron ran at: 07-06-2026 05:22:09 PM [] []
[2026-06-07 17:22:17] SlimMonoLogger.INFO: Cron ran at: 07-06-2026 05:22:17 PM [] []
[2026-06-07 17:22:20] SlimMonoLogger.INFO: Cron ran at: 07-06-2026 05:22:20 PM [] []
[2026-06-07 17:22:50] SlimMonoLogger.INFO: Cron ran at: 07-06-2026 05:22:50 PM [] []
[2026-06-07 17:22:54] SlimMonoLogger.INFO: Cron ran at: 07-06-2026 05:22:54 PM [] []
[2026-06-07 17:22:56] SlimMonoLogger.INFO: Cron ran at: 07-06-2026 05:22:56 PM [] []
[2026-06-07 17:23:24] SlimMonoLogger.INFO: Cron ran at: 07-06-2026 05:23:24 PM [] []
[2026-06-07 17:23:28] SlimMonoLogger.INFO: Cron ran at: 07-06-2026 05:23:28 PM [] []
[2026-06-07 17:23:39] SlimMonoLogger.INFO: Cron ran at: 07-06-2026 05:23:39 PM [] []
[2026-06-07 17:24:02] SlimMonoLogger.INFO: Cron ran at: 07-06-2026 05:24:02 PM [] []
[2026-06-07 17:24:16] SlimMonoLogger.INFO: Cron ran at: 07-06-2026 05:24:16 PM [] []
[2026-06-07 17:24:39] SlimMonoLogger.INFO: Cron ran at: 07-06-2026 05:24:39 PM [] []
[2026-06-07 17:24:55] SlimMonoLogger.INFO: Cron ran at: 07-06-2026 05:24:55 PM [] []
[2026-06-07 17:25:17] SlimMonoLogger.INFO: Cron ran at: 07-06-2026 05:25:17 PM [] []
[2026-06-07 17:25:43] SlimMonoLogger.INFO: Cron ran at: 07-06-2026 05:25:43 PM [] []
[2026-06-07 17:25:55] SlimMonoLogger.INFO: Cron ran at: 07-06-2026 05:25:55 PM [] []
[2026-06-07 17:26:15] SlimMonoLogger.INFO: Cron ran at: 07-06-2026 05:26:15 PM [] []
[2026-06-07 17:26:40] SlimMonoLogger.INFO: Cron ran at: 07-06-2026 05:26:40 PM [] []
[2026-06-07 17:26:59] SlimMonoLogger.INFO: Cron ran at: 07-06-2026 05:26:59 PM [] []
[2026-06-07 17:26:59] SlimMonoLogger.INFO: Cron ran at: 07-06-2026 05:26:59 PM [] []
[2026-06-07 17:27:15] SlimMonoLogger.INFO: Cron ran at: 07-06-2026 05:27:15 PM [] []
[2026-06-07 17:27:26] SlimMonoLogger.INFO: Cron ran at: 07-06-2026 05:27:26 PM [] []
[2026-06-07 17:27:36] SlimMonoLogger.INFO: Cron ran at: 07-06-2026 05:27:36 PM [] []
[2026-06-07 17:27:55] SlimMonoLogger.INFO: Cron ran at: 07-06-2026 05:27:55 PM [] []
[2026-06-07 17:27:56] SlimMonoLogger.INFO: Cron ran at: 07-06-2026 05:27:56 PM [] []
[2026-06-07 17:28:12] SlimMonoLogger.INFO: Cron ran at: 07-06-2026 05:28:12 PM [] []
[2026-06-07 17:28:31] SlimMonoLogger.INFO: Cron ran at: 07-06-2026 05:28:31 PM [] []
[2026-06-07 17:28:33] SlimMonoLogger.INFO: Cron ran at: 07-06-2026 05:28:33 PM [] []
[2026-06-07 17:29:04] SlimMonoLogger.INFO: Cron ran at: 07-06-2026 05:29:04 PM [] []
[2026-06-07 17:29:14] SlimMonoLogger.INFO: Cron ran at: 07-06-2026 05:29:14 PM [] []
[2026-06-07 17:29:38] SlimMonoLogger.INFO: Cron ran at: 07-06-2026 05:29:38 PM [] []
[2026-06-07 17:29:51] SlimMonoLogger.INFO: Cron ran at: 07-06-2026 05:29:51 PM [] []
[2026-06-07 17:30:16] SlimMonoLogger.INFO: Cron ran at: 07-06-2026 05:30:16 PM [] []
[2026-06-07 17:30:36] SlimMonoLogger.INFO: Cron ran at: 07-06-2026 05:30:36 PM [] []
[2026-06-07 17:30:51] SlimMonoLogger.INFO: Cron ran at: 07-06-2026 05:30:51 PM [] []
[2026-06-07 17:31:19] SlimMonoLogger.INFO: Cron ran at: 07-06-2026 05:31:19 PM [] []
[2026-06-07 17:31:31] SlimMonoLogger.INFO: Cron ran at: 07-06-2026 05:31:31 PM [] []
[2026-06-07 17:31:54] SlimMonoLogger.INFO: Cron ran at: 07-06-2026 05:31:54 PM [] []
[2026-06-07 17:31:54] SlimMonoLogger.INFO: Cron ran at: 07-06-2026 05:31:54 PM [] []
[2026-06-07 17:32:09] SlimMonoLogger.INFO: Cron ran at: 07-06-2026 05:32:09 PM [] []
[2026-06-07 17:32:27] SlimMonoLogger.INFO: Cron ran at: 07-06-2026 05:32:27 PM [] []
[2026-06-07 17:32:29] SlimMonoLogger.INFO: Cron ran at: 07-06-2026 05:32:29 PM [] []
[2026-06-07 17:32:54] SlimMonoLogger.INFO: Cron ran at: 07-06-2026 05:32:54 PM [] []
[2026-06-07 17:33:04] SlimMonoLogger.INFO: Cron ran at: 07-06-2026 05:33:04 PM [] []
[2026-06-07 17:33:21] SlimMonoLogger.INFO: Cron ran at: 07-06-2026 05:33:21 PM [] []
[2026-06-07 17:33:27] SlimMonoLogger.INFO: Cron ran at: 07-06-2026 05:33:27 PM [] []
[2026-06-07 17:33:36] SlimMonoLogger.INFO: Cron ran at: 07-06-2026 05:33:36 PM [] []
[2026-06-07 17:33:55] SlimMonoLogger.INFO: Cron ran at: 07-06-2026 05:33:55 PM [] []
[2026-06-07 17:34:06] SlimMonoLogger.INFO: Cron ran at: 07-06-2026 05:34:06 PM [] []
[2026-06-07 17:34:06] SlimMonoLogger.INFO: Cron ran at: 07-06-2026 05:34:06 PM [] []
[2026-06-07 17:34:46] SlimMonoLogger.INFO: Cron ran at: 07-06-2026 05:34:46 PM [] []
[2026-06-07 17:34:47] SlimMonoLogger.INFO: Cron ran at: 07-06-2026 05:34:47 PM [] []
[2026-06-07 17:35:34] SlimMonoLogger.INFO: Cron ran at: 07-06-2026 05:35:34 PM [] []
[2026-06-07 17:35:36] SlimMonoLogger.INFO: Cron ran at: 07-06-2026 05:35:36 PM [] []
[2026-06-07 17:36:11] SlimMonoLogger.INFO: Cron ran at: 07-06-2026 05:36:11 PM [] []
[2026-06-07 17:36:13] SlimMonoLogger.INFO: Cron ran at: 07-06-2026 05:36:13 PM [] []
[2026-06-07 17:36:15] SlimMonoLogger.INFO: Cron ran at: 07-06-2026 05:36:15 PM [] []
[2026-06-07 17:36:46] SlimMonoLogger.INFO: Cron ran at: 07-06-2026 05:36:46 PM [] []
[2026-06-07 17:36:46] SlimMonoLogger.INFO: Cron ran at: 07-06-2026 05:36:46 PM [] []
[2026-06-07 17:36:48] SlimMonoLogger.INFO: Cron ran at: 07-06-2026 05:36:48 PM [] []
[2026-06-07 17:37:23] SlimMonoLogger.INFO: Cron ran at: 07-06-2026 05:37:23 PM [] []
[2026-06-07 17:37:24] SlimMonoLogger.INFO: Cron ran at: 07-06-2026 05:37:24 PM [] []
[2026-06-07 17:37:24] SlimMonoLogger.INFO: Cron ran at: 07-06-2026 05:37:24 PM [] []
[2026-06-07 17:37:59] SlimMonoLogger.INFO: Cron ran at: 07-06-2026 05:37:59 PM [] []
[2026-06-07 17:38:03] SlimMonoLogger.INFO: Cron ran at: 07-06-2026 05:38:03 PM [] []
[2026-06-07 17:38:05] SlimMonoLogger.INFO: Cron ran at: 07-06-2026 05:38:05 PM [] []
[2026-06-07 17:38:31] SlimMonoLogger.INFO: Cron ran at: 07-06-2026 05:38:31 PM [] []
[2026-06-07 17:38:42] SlimMonoLogger.INFO: Cron ran at: 07-06-2026 05:38:42 PM [] []
[2026-06-07 17:38:44] SlimMonoLogger.INFO: Cron ran at: 07-06-2026 05:38:44 PM [] []
[2026-06-07 17:39:08] SlimMonoLogger.INFO: Cron ran at: 07-06-2026 05:39:08 PM [] []
[2026-06-07 17:39:26] SlimMonoLogger.INFO: Cron ran at: 07-06-2026 05:39:26 PM [] []
[2026-06-07 17:39:39] SlimMonoLogger.INFO: Cron ran at: 07-06-2026 05:39:39 PM [] []
[2026-06-07 17:40:00] SlimMonoLogger.INFO: Cron ran at: 07-06-2026 05:40:00 PM [] []
[2026-06-07 17:40:18] SlimMonoLogger.INFO: Cron ran at: 07-06-2026 05:40:18 PM [] []
[2026-06-07 17:40:42] SlimMonoLogger.INFO: Cron ran at: 07-06-2026 05:40:42 PM [] []
[2026-06-07 17:40:55] SlimMonoLogger.INFO: Cron ran at: 07-06-2026 05:40:55 PM [] []
[2026-06-07 17:41:23] SlimMonoLogger.INFO: Cron ran at: 07-06-2026 05:41:23 PM [] []
[2026-06-07 17:41:34] SlimMonoLogger.INFO: Cron ran at: 07-06-2026 05:41:34 PM [] []
[2026-06-07 17:41:46] SlimMonoLogger.INFO: Cron ran at: 07-06-2026 05:41:46 PM [] []
[2026-06-07 17:42:08] SlimMonoLogger.INFO: Cron ran at: 07-06-2026 05:42:08 PM [] []
[2026-06-07 17:42:12] SlimMonoLogger.INFO: Cron ran at: 07-06-2026 05:42:12 PM [] []
[2026-06-07 17:42:17] SlimMonoLogger.INFO: Cron ran at: 07-06-2026 05:42:17 PM [] []
[2026-06-07 17:42:45] SlimMonoLogger.INFO: Cron ran at: 07-06-2026 05:42:45 PM [] []
[2026-06-07 17:42:45] SlimMonoLogger.INFO: Cron ran at: 07-06-2026 05:42:45 PM [] []
[2026-06-07 17:42:59] SlimMonoLogger.INFO: Cron ran at: 07-06-2026 05:42:59 PM [] []
[2026-06-07 17:43:20] SlimMonoLogger.INFO: Cron ran at: 07-06-2026 05:43:20 PM [] []
[2026-06-07 17:43:22] SlimMonoLogger.INFO: Cron ran at: 07-06-2026 05:43:22 PM [] []
[2026-06-07 17:43:35] SlimMonoLogger.INFO: Cron ran at: 07-06-2026 05:43:35 PM [] []
[2026-06-07 17:43:59] SlimMonoLogger.INFO: Cron ran at: 07-06-2026 05:43:59 PM [] []
[2026-06-07 17:44:00] SlimMonoLogger.INFO: Cron ran at: 07-06-2026 05:44:00 PM [] []
[2026-06-07 17:44:15] SlimMonoLogger.INFO: Cron ran at: 07-06-2026 05:44:15 PM [] []
[2026-06-07 17:44:34] SlimMonoLogger.INFO: Cron ran at: 07-06-2026 05:44:34 PM [] []
[2026-06-07 17:45:04] SlimMonoLogger.INFO: Cron ran at: 07-06-2026 05:45:04 PM [] []
[2026-06-07 17:45:15] SlimMonoLogger.INFO: Cron ran at: 07-06-2026 05:45:15 PM [] []
[2026-06-07 17:45:40] SlimMonoLogger.INFO: Cron ran at: 07-06-2026 05:45:40 PM [] []
[2026-06-07 17:45:54] SlimMonoLogger.INFO: Cron ran at: 07-06-2026 05:45:54 PM [] []
[2026-06-07 17:46:19] SlimMonoLogger.INFO: Cron ran at: 07-06-2026 05:46:19 PM [] []
[2026-06-07 17:46:27] SlimMonoLogger.INFO: Cron ran at: 07-06-2026 05:46:27 PM [] []
[2026-06-07 17:46:48] SlimMonoLogger.INFO: Cron ran at: 07-06-2026 05:46:48 PM [] []
[2026-06-07 17:47:00] SlimMonoLogger.INFO: Cron ran at: 07-06-2026 05:47:00 PM [] []
[2026-06-07 17:47:02] SlimMonoLogger.INFO: Cron ran at: 07-06-2026 05:47:02 PM [] []
[2026-06-07 17:47:16] SlimMonoLogger.INFO: Cron ran at: 07-06-2026 05:47:16 PM [] []
[2026-06-07 17:47:34] SlimMonoLogger.INFO: Cron ran at: 07-06-2026 05:47:34 PM [] []
[2026-06-07 17:47:41] SlimMonoLogger.INFO: Cron ran at: 07-06-2026 05:47:41 PM [] []
[2026-06-07 17:47:45] SlimMonoLogger.INFO: Cron ran at: 07-06-2026 05:47:45 PM [] []
[2026-06-07 17:48:14] SlimMonoLogger.INFO: Cron ran at: 07-06-2026 05:48:14 PM [] []
[2026-06-07 17:48:26] SlimMonoLogger.INFO: Cron ran at: 07-06-2026 05:48:26 PM [] []
[2026-06-07 17:48:26] SlimMonoLogger.INFO: Cron ran at: 07-06-2026 05:48:26 PM [] []
[2026-06-07 17:49:03] SlimMonoLogger.INFO: Cron ran at: 07-06-2026 05:49:03 PM [] []
[2026-06-07 17:49:08] SlimMonoLogger.INFO: Cron ran at: 07-06-2026 05:49:08 PM [] []
[2026-06-07 17:49:38] SlimMonoLogger.INFO: Cron ran at: 07-06-2026 05:49:38 PM [] []
[2026-06-07 17:49:50] SlimMonoLogger.INFO: Cron ran at: 07-06-2026 05:49:50 PM [] []
[2026-06-07 17:50:12] SlimMonoLogger.INFO: Cron ran at: 07-06-2026 05:50:12 PM [] []
[2026-06-07 17:50:26] SlimMonoLogger.INFO: Cron ran at: 07-06-2026 05:50:26 PM [] []
[2026-06-07 17:50:44] SlimMonoLogger.INFO: Cron ran at: 07-06-2026 05:50:44 PM [] []
[2026-06-07 17:51:03] SlimMonoLogger.INFO: Cron ran at: 07-06-2026 05:51:03 PM [] []
[2026-06-07 17:51:20] SlimMonoLogger.INFO: Cron ran at: 07-06-2026 05:51:20 PM [] []
[2026-06-07 17:51:20] SlimMonoLogger.INFO: Cron ran at: 07-06-2026 05:51:20 PM [] []
[2026-06-07 17:51:41] SlimMonoLogger.INFO: Cron ran at: 07-06-2026 05:51:41 PM [] []
[2026-06-07 17:51:49] SlimMonoLogger.INFO: Cron ran at: 07-06-2026 05:51:49 PM [] []
[2026-06-07 17:51:58] SlimMonoLogger.INFO: Cron ran at: 07-06-2026 05:51:58 PM [] []
[2026-06-07 17:52:21] SlimMonoLogger.INFO: Cron ran at: 07-06-2026 05:52:21 PM [] []
[2026-06-07 17:52:21] SlimMonoLogger.INFO: Cron ran at: 07-06-2026 05:52:21 PM [] []
[2026-06-07 17:52:42] SlimMonoLogger.INFO: Cron ran at: 07-06-2026 05:52:42 PM [] []
[2026-06-07 17:52:56] SlimMonoLogger.INFO: Cron ran at: 07-06-2026 05:52:56 PM [] []
[2026-06-07 17:53:05] SlimMonoLogger.INFO: Cron ran at: 07-06-2026 05:53:05 PM [] []
[2026-06-07 17:53:27] SlimMonoLogger.INFO: Cron ran at: 07-06-2026 05:53:27 PM [] []
[2026-06-07 17:53:31] SlimMonoLogger.INFO: Cron ran at: 07-06-2026 05:53:31 PM [] []
[2026-06-07 17:53:46] SlimMonoLogger.INFO: Cron ran at: 07-06-2026 05:53:46 PM [] []
[2026-06-07 17:54:00] SlimMonoLogger.INFO: Cron ran at: 07-06-2026 05:54:00 PM [] []
[2026-06-07 17:54:01] SlimMonoLogger.INFO: Cron ran at: 07-06-2026 05:54:01 PM [] []
[2026-06-07 17:54:42] SlimMonoLogger.INFO: Cron ran at: 07-06-2026 05:54:42 PM [] []
[2026-06-07 17:54:42] SlimMonoLogger.INFO: Cron ran at: 07-06-2026 05:54:42 PM [] []
[2026-06-07 17:55:23] SlimMonoLogger.INFO: Cron ran at: 07-06-2026 05:55:23 PM [] []
[2026-06-07 17:55:26] SlimMonoLogger.INFO: Cron ran at: 07-06-2026 05:55:26 PM [] []
[2026-06-07 17:56:06] SlimMonoLogger.INFO: Cron ran at: 07-06-2026 05:56:06 PM [] []
[2026-06-07 17:56:06] SlimMonoLogger.INFO: Cron ran at: 07-06-2026 05:56:06 PM [] []
[2026-06-07 17:56:30] SlimMonoLogger.INFO: Cron ran at: 07-06-2026 05:56:30 PM [] []
[2026-06-07 17:56:41] SlimMonoLogger.INFO: Cron ran at: 07-06-2026 05:56:41 PM [] []
[2026-06-07 17:56:44] SlimMonoLogger.INFO: Cron ran at: 07-06-2026 05:56:44 PM [] []
[2026-06-07 17:56:59] SlimMonoLogger.INFO: Cron ran at: 07-06-2026 05:56:59 PM [] []
[2026-06-07 17:57:21] SlimMonoLogger.INFO: Cron ran at: 07-06-2026 05:57:21 PM [] []
[2026-06-07 17:57:25] SlimMonoLogger.INFO: Cron ran at: 07-06-2026 05:57:25 PM [] []
[2026-06-07 17:57:26] SlimMonoLogger.INFO: Cron ran at: 07-06-2026 05:57:26 PM [] []
[2026-06-07 17:58:02] SlimMonoLogger.INFO: Cron ran at: 07-06-2026 05:58:02 PM [] []
[2026-06-07 17:58:03] SlimMonoLogger.INFO: Cron ran at: 07-06-2026 05:58:03 PM [] []
[2026-06-07 17:58:04] SlimMonoLogger.INFO: Cron ran at: 07-06-2026 05:58:04 PM [] []
[2026-06-07 17:58:39] SlimMonoLogger.INFO: Cron ran at: 07-06-2026 05:58:39 PM [] []
[2026-06-07 17:58:40] SlimMonoLogger.INFO: Cron ran at: 07-06-2026 05:58:40 PM [] []
[2026-06-07 17:58:47] SlimMonoLogger.INFO: Cron ran at: 07-06-2026 05:58:47 PM [] []
[2026-06-07 17:59:09] SlimMonoLogger.INFO: Cron ran at: 07-06-2026 05:59:09 PM [] []
[2026-06-07 17:59:17] SlimMonoLogger.INFO: Cron ran at: 07-06-2026 05:59:17 PM [] []
[2026-06-07 17:59:42] SlimMonoLogger.INFO: Cron ran at: 07-06-2026 05:59:42 PM [] []
[2026-06-07 17:59:55] SlimMonoLogger.INFO: Cron ran at: 07-06-2026 05:59:55 PM [] []
[2026-06-07 18:00:19] SlimMonoLogger.INFO: Cron ran at: 07-06-2026 06:00:19 PM [] []
[2026-06-07 18:00:45] SlimMonoLogger.INFO: Cron ran at: 07-06-2026 06:00:45 PM [] []
[2026-06-07 18:00:59] SlimMonoLogger.INFO: Cron ran at: 07-06-2026 06:00:59 PM [] []
[2026-06-07 18:01:22] SlimMonoLogger.INFO: Cron ran at: 07-06-2026 06:01:22 PM [] []
[2026-06-07 18:01:25] SlimMonoLogger.INFO: Cron ran at: 07-06-2026 06:01:25 PM [] []
[2026-06-07 18:01:45] SlimMonoLogger.INFO: Cron ran at: 07-06-2026 06:01:45 PM [] []
[2026-06-07 18:01:54] SlimMonoLogger.INFO: Cron ran at: 07-06-2026 06:01:54 PM [] []
[2026-06-07 18:01:55] SlimMonoLogger.INFO: Cron ran at: 07-06-2026 06:01:55 PM [] []
[2026-06-07 18:02:17] SlimMonoLogger.INFO: Cron ran at: 07-06-2026 06:02:17 PM [] []
[2026-06-07 18:02:30] SlimMonoLogger.INFO: Cron ran at: 07-06-2026 06:02:30 PM [] []
[2026-06-07 18:02:34] SlimMonoLogger.INFO: Cron ran at: 07-06-2026 06:02:34 PM [] []
[2026-06-07 18:02:58] SlimMonoLogger.INFO: Cron ran at: 07-06-2026 06:02:58 PM [] []
[2026-06-07 18:02:58] SlimMonoLogger.INFO: Cron ran at: 07-06-2026 06:02:58 PM [] []
[2026-06-07 18:03:17] SlimMonoLogger.INFO: Cron ran at: 07-06-2026 06:03:17 PM [] []
[2026-06-07 18:03:35] SlimMonoLogger.INFO: Cron ran at: 07-06-2026 06:03:35 PM [] []
[2026-06-07 18:03:36] SlimMonoLogger.INFO: Cron ran at: 07-06-2026 06:03:36 PM [] []
[2026-06-07 18:04:14] SlimMonoLogger.INFO: Cron ran at: 07-06-2026 06:04:14 PM [] []
[2026-06-07 18:04:17] SlimMonoLogger.INFO: Cron ran at: 07-06-2026 06:04:17 PM [] []
[2026-06-07 18:04:51] SlimMonoLogger.INFO: Cron ran at: 07-06-2026 06:04:51 PM [] []
[2026-06-07 18:05:00] SlimMonoLogger.INFO: Cron ran at: 07-06-2026 06:05:00 PM [] []
[2026-06-07 18:05:28] SlimMonoLogger.INFO: Cron ran at: 07-06-2026 06:05:28 PM [] []
[2026-06-07 18:05:44] SlimMonoLogger.INFO: Cron ran at: 07-06-2026 06:05:44 PM [] []
[2026-06-07 18:06:05] SlimMonoLogger.INFO: Cron ran at: 07-06-2026 06:06:05 PM [] []
[2026-06-07 18:06:20] SlimMonoLogger.INFO: Cron ran at: 07-06-2026 06:06:20 PM [] []
[2026-06-07 18:06:50] SlimMonoLogger.INFO: Cron ran at: 07-06-2026 06:06:50 PM [] []
[2026-06-07 18:06:51] SlimMonoLogger.INFO: Cron ran at: 07-06-2026 06:06:51 PM [] []
[2026-06-07 18:07:01] SlimMonoLogger.INFO: Cron ran at: 07-06-2026 06:07:01 PM [] []
[2026-06-07 18:07:20] SlimMonoLogger.INFO: Cron ran at: 07-06-2026 06:07:20 PM [] []
[2026-06-07 18:07:25] SlimMonoLogger.INFO: Cron ran at: 07-06-2026 06:07:25 PM [] []
[2026-06-07 18:07:37] SlimMonoLogger.INFO: Cron ran at: 07-06-2026 06:07:37 PM [] []
[2026-06-07 18:07:57] SlimMonoLogger.INFO: Cron ran at: 07-06-2026 06:07:57 PM [] []
[2026-06-07 18:08:14] SlimMonoLogger.INFO: Cron ran at: 07-06-2026 06:08:14 PM [] []
[2026-06-07 18:08:24] SlimMonoLogger.INFO: Cron ran at: 07-06-2026 06:08:24 PM [] []
[2026-06-07 18:08:28] SlimMonoLogger.INFO: Cron ran at: 07-06-2026 06:08:28 PM [] []
[2026-06-07 18:08:49] SlimMonoLogger.INFO: Cron ran at: 07-06-2026 06:08:49 PM [] []
[2026-06-07 18:08:59] SlimMonoLogger.INFO: Cron ran at: 07-06-2026 06:08:59 PM [] []
[2026-06-07 18:09:30] SlimMonoLogger.INFO: Cron ran at: 07-06-2026 06:09:30 PM [] []
[2026-06-07 18:09:34] SlimMonoLogger.INFO: Cron ran at: 07-06-2026 06:09:34 PM [] []
[2026-06-07 18:10:10] SlimMonoLogger.INFO: Cron ran at: 07-06-2026 06:10:10 PM [] []
[2026-06-07 18:10:12] SlimMonoLogger.INFO: Cron ran at: 07-06-2026 06:10:12 PM [] []
[2026-06-07 18:10:49] SlimMonoLogger.INFO: Cron ran at: 07-06-2026 06:10:49 PM [] []
[2026-06-07 18:10:51] SlimMonoLogger.INFO: Cron ran at: 07-06-2026 06:10:51 PM [] []
[2026-06-07 18:11:24] SlimMonoLogger.INFO: Cron ran at: 07-06-2026 06:11:24 PM [] []
[2026-06-07 18:11:28] SlimMonoLogger.INFO: Cron ran at: 07-06-2026 06:11:28 PM [] []
[2026-06-07 18:11:33] SlimMonoLogger.INFO: Cron ran at: 07-06-2026 06:11:33 PM [] []
[2026-06-07 18:12:07] SlimMonoLogger.INFO: Cron ran at: 07-06-2026 06:12:07 PM [] []
[2026-06-07 18:12:11] SlimMonoLogger.INFO: Cron ran at: 07-06-2026 06:12:11 PM [] []
[2026-06-07 18:12:24] SlimMonoLogger.INFO: Cron ran at: 07-06-2026 06:12:24 PM [] []
[2026-06-07 18:12:38] SlimMonoLogger.INFO: Cron ran at: 07-06-2026 06:12:38 PM [] []
[2026-06-07 18:12:48] SlimMonoLogger.INFO: Cron ran at: 07-06-2026 06:12:48 PM [] []
[2026-06-07 18:13:01] SlimMonoLogger.INFO: Cron ran at: 07-06-2026 06:13:01 PM [] []
[2026-06-07 18:13:02] SlimMonoLogger.INFO: Cron ran at: 07-06-2026 06:13:02 PM [] []
[2026-06-07 18:13:28] SlimMonoLogger.INFO: Cron ran at: 07-06-2026 06:13:28 PM [] []
[2026-06-07 18:13:38] SlimMonoLogger.INFO: Cron ran at: 07-06-2026 06:13:38 PM [] []
[2026-06-07 18:13:56] SlimMonoLogger.INFO: Cron ran at: 07-06-2026 06:13:56 PM [] []
[2026-06-07 18:14:12] SlimMonoLogger.INFO: Cron ran at: 07-06-2026 06:14:12 PM [] []
[2026-06-07 18:14:18] SlimMonoLogger.INFO: Cron ran at: 07-06-2026 06:14:18 PM [] []
[2026-06-07 18:14:51] SlimMonoLogger.INFO: Cron ran at: 07-06-2026 06:14:51 PM [] []
[2026-06-07 18:14:58] SlimMonoLogger.INFO: Cron ran at: 07-06-2026 06:14:58 PM [] []
[2026-06-07 18:15:26] SlimMonoLogger.INFO: Cron ran at: 07-06-2026 06:15:26 PM [] []
[2026-06-07 18:15:41] SlimMonoLogger.INFO: Cron ran at: 07-06-2026 06:15:41 PM [] []
[2026-06-07 18:16:05] SlimMonoLogger.INFO: Cron ran at: 07-06-2026 06:16:05 PM [] []
[2026-06-07 18:16:32] SlimMonoLogger.INFO: Cron ran at: 07-06-2026 06:16:32 PM [] []
[2026-06-07 18:16:38] SlimMonoLogger.INFO: Cron ran at: 07-06-2026 06:16:38 PM [] []
[2026-06-07 18:16:43] SlimMonoLogger.INFO: Cron ran at: 07-06-2026 06:16:43 PM [] []
[2026-06-07 18:17:04] SlimMonoLogger.INFO: Cron ran at: 07-06-2026 06:17:04 PM [] []
[2026-06-07 18:17:19] SlimMonoLogger.INFO: Cron ran at: 07-06-2026 06:17:19 PM [] []
[2026-06-07 18:17:19] SlimMonoLogger.INFO: Cron ran at: 07-06-2026 06:17:19 PM [] []
[2026-06-07 18:17:36] SlimMonoLogger.INFO: Cron ran at: 07-06-2026 06:17:36 PM [] []
[2026-06-07 18:18:07] SlimMonoLogger.INFO: Cron ran at: 07-06-2026 06:18:07 PM [] []
[2026-06-07 18:18:07] SlimMonoLogger.INFO: Cron ran at: 07-06-2026 06:18:07 PM [] []
[2026-06-07 18:18:07] SlimMonoLogger.INFO: Cron ran at: 07-06-2026 06:18:07 PM [] []
[2026-06-07 18:18:43] SlimMonoLogger.INFO: Cron ran at: 07-06-2026 06:18:43 PM [] []
[2026-06-07 18:18:44] SlimMonoLogger.INFO: Cron ran at: 07-06-2026 06:18:44 PM [] []
[2026-06-07 18:18:47] SlimMonoLogger.INFO: Cron ran at: 07-06-2026 06:18:47 PM [] []
[2026-06-07 18:19:19] SlimMonoLogger.INFO: Cron ran at: 07-06-2026 06:19:19 PM [] []
[2026-06-07 18:19:35] SlimMonoLogger.INFO: Cron ran at: 07-06-2026 06:19:35 PM [] []
[2026-06-07 18:19:39] SlimMonoLogger.INFO: Cron ran at: 07-06-2026 06:19:39 PM [] []
[2026-06-07 18:19:55] SlimMonoLogger.INFO: Cron ran at: 07-06-2026 06:19:55 PM [] []
[2026-06-07 18:20:20] SlimMonoLogger.INFO: Cron ran at: 07-06-2026 06:20:20 PM [] []
[2026-06-07 18:20:33] SlimMonoLogger.INFO: Cron ran at: 07-06-2026 06:20:33 PM [] []
[2026-06-07 18:21:10] SlimMonoLogger.INFO: Cron ran at: 07-06-2026 06:21:10 PM [] []
[2026-06-07 18:21:12] SlimMonoLogger.INFO: Cron ran at: 07-06-2026 06:21:12 PM [] []
[2026-06-07 18:21:19] SlimMonoLogger.INFO: Cron ran at: 07-06-2026 06:21:19 PM [] []
[2026-06-07 18:21:40] SlimMonoLogger.INFO: Cron ran at: 07-06-2026 06:21:40 PM [] []
[2026-06-07 18:21:48] SlimMonoLogger.INFO: Cron ran at: 07-06-2026 06:21:48 PM [] []
[2026-06-07 18:21:48] SlimMonoLogger.INFO: Cron ran at: 07-06-2026 06:21:48 PM [] []
[2026-06-07 18:22:18] SlimMonoLogger.INFO: Cron ran at: 07-06-2026 06:22:18 PM [] []
[2026-06-07 18:22:20] SlimMonoLogger.INFO: Cron ran at: 07-06-2026 06:22:20 PM [] []
[2026-06-07 18:22:33] SlimMonoLogger.INFO: Cron ran at: 07-06-2026 06:22:33 PM [] []
[2026-06-07 18:23:04] SlimMonoLogger.INFO: Cron ran at: 07-06-2026 06:23:04 PM [] []
[2026-06-07 18:23:04] SlimMonoLogger.INFO: Cron ran at: 07-06-2026 06:23:04 PM [] []
[2026-06-07 18:23:17] SlimMonoLogger.INFO: Cron ran at: 07-06-2026 06:23:17 PM [] []
[2026-06-07 18:23:36] SlimMonoLogger.INFO: Cron ran at: 07-06-2026 06:23:36 PM [] []
[2026-06-07 18:23:42] SlimMonoLogger.INFO: Cron ran at: 07-06-2026 06:23:42 PM [] []
[2026-06-07 18:23:51] SlimMonoLogger.INFO: Cron ran at: 07-06-2026 06:23:51 PM [] []
[2026-06-07 18:24:05] SlimMonoLogger.INFO: Cron ran at: 07-06-2026 06:24:05 PM [] []
[2026-06-07 18:24:28] SlimMonoLogger.INFO: Cron ran at: 07-06-2026 06:24:28 PM [] []
[2026-06-07 18:24:36] SlimMonoLogger.INFO: Cron ran at: 07-06-2026 06:24:36 PM [] []
[2026-06-07 18:25:08] SlimMonoLogger.INFO: Cron ran at: 07-06-2026 06:25:08 PM [] []
[2026-06-07 18:25:10] SlimMonoLogger.INFO: Cron ran at: 07-06-2026 06:25:10 PM [] []
[2026-06-07 18:25:50] SlimMonoLogger.INFO: Cron ran at: 07-06-2026 06:25:50 PM [] []
[2026-06-07 18:25:50] SlimMonoLogger.INFO: Cron ran at: 07-06-2026 06:25:50 PM [] []
[2026-06-07 18:26:27] SlimMonoLogger.INFO: Cron ran at: 07-06-2026 06:26:27 PM [] []
[2026-06-07 18:26:28] SlimMonoLogger.INFO: Cron ran at: 07-06-2026 06:26:28 PM [] []
[2026-06-07 18:26:52] SlimMonoLogger.INFO: Cron ran at: 07-06-2026 06:26:52 PM [] []
[2026-06-07 18:27:12] SlimMonoLogger.INFO: Cron ran at: 07-06-2026 06:27:12 PM [] []
[2026-06-07 18:27:12] SlimMonoLogger.INFO: Cron ran at: 07-06-2026 06:27:12 PM [] []
[2026-06-07 18:27:26] SlimMonoLogger.INFO: Cron ran at: 07-06-2026 06:27:26 PM [] []
[2026-06-07 18:27:50] SlimMonoLogger.INFO: Cron ran at: 07-06-2026 06:27:50 PM [] []
[2026-06-07 18:27:50] SlimMonoLogger.INFO: Cron ran at: 07-06-2026 06:27:50 PM [] []
[2026-06-07 18:27:59] SlimMonoLogger.INFO: Cron ran at: 07-06-2026 06:27:59 PM [] []
[2026-06-07 18:28:31] SlimMonoLogger.INFO: Cron ran at: 07-06-2026 06:28:31 PM [] []
[2026-06-07 18:28:31] SlimMonoLogger.INFO: Cron ran at: 07-06-2026 06:28:31 PM [] []
[2026-06-07 18:28:32] SlimMonoLogger.INFO: Cron ran at: 07-06-2026 06:28:32 PM [] []
[2026-06-07 18:29:05] SlimMonoLogger.INFO: Cron ran at: 07-06-2026 06:29:05 PM [] []
[2026-06-07 18:29:10] SlimMonoLogger.INFO: Cron ran at: 07-06-2026 06:29:10 PM [] []
[2026-06-07 18:29:41] SlimMonoLogger.INFO: Cron ran at: 07-06-2026 06:29:41 PM [] []
[2026-06-07 18:29:54] SlimMonoLogger.INFO: Cron ran at: 07-06-2026 06:29:54 PM [] []
[2026-06-07 18:30:13] SlimMonoLogger.INFO: Cron ran at: 07-06-2026 06:30:13 PM [] []
[2026-06-07 18:30:31] SlimMonoLogger.INFO: Cron ran at: 07-06-2026 06:30:31 PM [] []
[2026-06-07 18:30:54] SlimMonoLogger.INFO: Cron ran at: 07-06-2026 06:30:54 PM [] []
[2026-06-07 18:31:18] SlimMonoLogger.INFO: Cron ran at: 07-06-2026 06:31:18 PM [] []
[2026-06-07 18:31:42] SlimMonoLogger.INFO: Cron ran at: 07-06-2026 06:31:42 PM [] []
[2026-06-07 18:31:55] SlimMonoLogger.INFO: Cron ran at: 07-06-2026 06:31:55 PM [] []
[2026-06-07 18:31:56] SlimMonoLogger.INFO: Cron ran at: 07-06-2026 06:31:56 PM [] []
[2026-06-07 18:32:20] SlimMonoLogger.INFO: Cron ran at: 07-06-2026 06:32:20 PM [] []
[2026-06-07 18:32:29] SlimMonoLogger.INFO: Cron ran at: 07-06-2026 06:32:29 PM [] []
[2026-06-07 18:32:46] SlimMonoLogger.INFO: Cron ran at: 07-06-2026 06:32:46 PM [] []
[2026-06-07 18:32:53] SlimMonoLogger.INFO: Cron ran at: 07-06-2026 06:32:53 PM [] []
[2026-06-07 18:32:54] SlimMonoLogger.INFO: Cron ran at: 07-06-2026 06:32:54 PM [] []
[2026-06-07 18:33:23] SlimMonoLogger.INFO: Cron ran at: 07-06-2026 06:33:23 PM [] []
[2026-06-07 18:33:34] SlimMonoLogger.INFO: Cron ran at: 07-06-2026 06:33:34 PM [] []
[2026-06-07 18:33:37] SlimMonoLogger.INFO: Cron ran at: 07-06-2026 06:33:37 PM [] []
[2026-06-07 18:34:17] SlimMonoLogger.INFO: Cron ran at: 07-06-2026 06:34:17 PM [] []
[2026-06-07 18:34:20] SlimMonoLogger.INFO: Cron ran at: 07-06-2026 06:34:20 PM [] []
[2026-06-07 18:34:45] SlimMonoLogger.INFO: Cron ran at: 07-06-2026 06:34:45 PM [] []
[2026-06-07 18:35:04] SlimMonoLogger.INFO: Cron ran at: 07-06-2026 06:35:04 PM [] []
[2026-06-07 18:35:21] SlimMonoLogger.INFO: Cron ran at: 07-06-2026 06:35:21 PM [] []
[2026-06-07 18:35:36] SlimMonoLogger.INFO: Cron ran at: 07-06-2026 06:35:36 PM [] []
[2026-06-07 18:35:56] SlimMonoLogger.INFO: Cron ran at: 07-06-2026 06:35:56 PM [] []
[2026-06-07 18:36:12] SlimMonoLogger.INFO: Cron ran at: 07-06-2026 06:36:12 PM [] []
[2026-06-07 18:36:27] SlimMonoLogger.INFO: Cron ran at: 07-06-2026 06:36:27 PM [] []
[2026-06-07 18:36:28] SlimMonoLogger.INFO: Cron ran at: 07-06-2026 06:36:28 PM [] []
[2026-06-07 18:36:53] SlimMonoLogger.INFO: Cron ran at: 07-06-2026 06:36:53 PM [] []
[2026-06-07 18:37:04] SlimMonoLogger.INFO: Cron ran at: 07-06-2026 06:37:04 PM [] []
[2026-06-07 18:37:04] SlimMonoLogger.INFO: Cron ran at: 07-06-2026 06:37:04 PM [] []
[2026-06-07 18:37:39] SlimMonoLogger.INFO: Cron ran at: 07-06-2026 06:37:39 PM [] []
[2026-06-07 18:37:41] SlimMonoLogger.INFO: Cron ran at: 07-06-2026 06:37:41 PM [] []
[2026-06-07 18:37:53] SlimMonoLogger.INFO: Cron ran at: 07-06-2026 06:37:53 PM [] []
[2026-06-07 18:38:18] SlimMonoLogger.INFO: Cron ran at: 07-06-2026 06:38:18 PM [] []
[2026-06-07 18:38:19] SlimMonoLogger.INFO: Cron ran at: 07-06-2026 06:38:19 PM [] []
[2026-06-07 18:38:40] SlimMonoLogger.INFO: Cron ran at: 07-06-2026 06:38:40 PM [] []
[2026-06-07 18:38:57] SlimMonoLogger.INFO: Cron ran at: 07-06-2026 06:38:57 PM [] []
[2026-06-07 18:39:07] SlimMonoLogger.INFO: Cron ran at: 07-06-2026 06:39:07 PM [] []
[2026-06-07 18:39:21] SlimMonoLogger.INFO: Cron ran at: 07-06-2026 06:39:21 PM [] []
[2026-06-07 18:39:28] SlimMonoLogger.INFO: Cron ran at: 07-06-2026 06:39:28 PM [] []
[2026-06-07 18:40:01] SlimMonoLogger.INFO: Cron ran at: 07-06-2026 06:40:01 PM [] []
[2026-06-07 18:40:04] SlimMonoLogger.INFO: Cron ran at: 07-06-2026 06:40:04 PM [] []
[2026-06-07 18:40:40] SlimMonoLogger.INFO: Cron ran at: 07-06-2026 06:40:40 PM [] []
[2026-06-07 18:40:40] SlimMonoLogger.INFO: Cron ran at: 07-06-2026 06:40:40 PM [] []
[2026-06-07 18:41:21] SlimMonoLogger.INFO: Cron ran at: 07-06-2026 06:41:21 PM [] []
[2026-06-07 18:41:21] SlimMonoLogger.INFO: Cron ran at: 07-06-2026 06:41:21 PM [] []
[2026-06-07 18:41:59] SlimMonoLogger.INFO: Cron ran at: 07-06-2026 06:41:59 PM [] []
[2026-06-07 18:42:00] SlimMonoLogger.INFO: Cron ran at: 07-06-2026 06:42:00 PM [] []
[2026-06-07 18:42:14] SlimMonoLogger.INFO: Cron ran at: 07-06-2026 06:42:14 PM [] []
[2026-06-07 18:42:39] SlimMonoLogger.INFO: Cron ran at: 07-06-2026 06:42:39 PM [] []
[2026-06-07 18:42:39] SlimMonoLogger.INFO: Cron ran at: 07-06-2026 06:42:39 PM [] []
[2026-06-07 18:42:44] SlimMonoLogger.INFO: Cron ran at: 07-06-2026 06:42:44 PM [] []
[2026-06-07 18:43:06] SlimMonoLogger.INFO: Cron ran at: 07-06-2026 06:43:06 PM [] []
[2026-06-07 18:43:06] SlimMonoLogger.INFO: Cron ran at: 07-06-2026 06:43:06 PM [] []
[2026-06-07 18:43:06] SlimMonoLogger.INFO: Cron ran at: 07-06-2026 06:43:06 PM [] []
[2026-06-07 18:43:34] SlimMonoLogger.INFO: Cron ran at: 07-06-2026 06:43:34 PM [] []
[2026-06-07 18:43:38] SlimMonoLogger.INFO: Cron ran at: 07-06-2026 06:43:38 PM [] []
[2026-06-07 18:43:39] SlimMonoLogger.INFO: Cron ran at: 07-06-2026 06:43:39 PM [] []
[2026-06-07 18:44:09] SlimMonoLogger.INFO: Cron ran at: 07-06-2026 06:44:09 PM [] []
[2026-06-07 18:44:19] SlimMonoLogger.INFO: Cron ran at: 07-06-2026 06:44:19 PM [] []
[2026-06-07 18:44:45] SlimMonoLogger.INFO: Cron ran at: 07-06-2026 06:44:45 PM [] []
[2026-06-07 18:45:03] SlimMonoLogger.INFO: Cron ran at: 07-06-2026 06:45:03 PM [] []
[2026-06-07 18:45:21] SlimMonoLogger.INFO: Cron ran at: 07-06-2026 06:45:21 PM [] []
[2026-06-07 18:45:42] SlimMonoLogger.INFO: Cron ran at: 07-06-2026 06:45:42 PM [] []
[2026-06-07 18:46:04] SlimMonoLogger.INFO: Cron ran at: 07-06-2026 06:46:04 PM [] []
[2026-06-07 18:46:21] SlimMonoLogger.INFO: Cron ran at: 07-06-2026 06:46:21 PM [] []
[2026-06-07 18:46:30] SlimMonoLogger.INFO: Cron ran at: 07-06-2026 06:46:30 PM [] []
[2026-06-07 18:46:30] SlimMonoLogger.INFO: Cron ran at: 07-06-2026 06:46:30 PM [] []
[2026-06-07 18:47:00] SlimMonoLogger.INFO: Cron ran at: 07-06-2026 06:47:00 PM [] []
[2026-06-07 18:47:02] SlimMonoLogger.INFO: Cron ran at: 07-06-2026 06:47:02 PM [] []
[2026-06-07 18:47:16] SlimMonoLogger.INFO: Cron ran at: 07-06-2026 06:47:16 PM [] []
[2026-06-07 18:47:32] SlimMonoLogger.INFO: Cron ran at: 07-06-2026 06:47:32 PM [] []
[2026-06-07 18:47:47] SlimMonoLogger.INFO: Cron ran at: 07-06-2026 06:47:47 PM [] []
[2026-06-07 18:47:58] SlimMonoLogger.INFO: Cron ran at: 07-06-2026 06:47:58 PM [] []
[2026-06-07 18:48:11] SlimMonoLogger.INFO: Cron ran at: 07-06-2026 06:48:11 PM [] []
[2026-06-07 18:48:30] SlimMonoLogger.INFO: Cron ran at: 07-06-2026 06:48:30 PM [] []
[2026-06-07 18:48:44] SlimMonoLogger.INFO: Cron ran at: 07-06-2026 06:48:44 PM [] []
[2026-06-07 18:48:47] SlimMonoLogger.INFO: Cron ran at: 07-06-2026 06:48:47 PM [] []
[2026-06-07 18:49:24] SlimMonoLogger.INFO: Cron ran at: 07-06-2026 06:49:24 PM [] []
[2026-06-07 18:49:25] SlimMonoLogger.INFO: Cron ran at: 07-06-2026 06:49:25 PM [] []
[2026-06-07 18:50:05] SlimMonoLogger.INFO: Cron ran at: 07-06-2026 06:50:05 PM [] []
[2026-06-07 18:50:05] SlimMonoLogger.INFO: Cron ran at: 07-06-2026 06:50:05 PM [] []
[2026-06-07 18:50:34] SlimMonoLogger.INFO: Cron ran at: 07-06-2026 06:50:34 PM [] []
[2026-06-07 18:50:34] SlimMonoLogger.INFO: Cron ran at: 07-06-2026 06:50:34 PM [] []
[2026-06-07 18:51:09] SlimMonoLogger.INFO: Cron ran at: 07-06-2026 06:51:09 PM [] []
[2026-06-07 18:51:13] SlimMonoLogger.INFO: Cron ran at: 07-06-2026 06:51:13 PM [] []
[2026-06-07 18:51:48] SlimMonoLogger.INFO: Cron ran at: 07-06-2026 06:51:48 PM [] []
[2026-06-07 18:51:54] SlimMonoLogger.INFO: Cron ran at: 07-06-2026 06:51:54 PM [] []
[2026-06-07 18:51:54] SlimMonoLogger.INFO: Cron ran at: 07-06-2026 06:51:54 PM [] []
[2026-06-07 18:52:26] SlimMonoLogger.INFO: Cron ran at: 07-06-2026 06:52:26 PM [] []
[2026-06-07 18:52:26] SlimMonoLogger.INFO: Cron ran at: 07-06-2026 06:52:26 PM [] []
[2026-06-07 18:52:35] SlimMonoLogger.INFO: Cron ran at: 07-06-2026 06:52:35 PM [] []
[2026-06-07 18:53:02] SlimMonoLogger.INFO: Cron ran at: 07-06-2026 06:53:02 PM [] []
[2026-06-07 18:53:05] SlimMonoLogger.INFO: Cron ran at: 07-06-2026 06:53:05 PM [] []
[2026-06-07 18:53:13] SlimMonoLogger.INFO: Cron ran at: 07-06-2026 06:53:13 PM [] []
[2026-06-07 18:53:34] SlimMonoLogger.INFO: Cron ran at: 07-06-2026 06:53:34 PM [] []
[2026-06-07 18:53:46] SlimMonoLogger.INFO: Cron ran at: 07-06-2026 06:53:46 PM [] []
[2026-06-07 18:53:53] SlimMonoLogger.INFO: Cron ran at: 07-06-2026 06:53:53 PM [] []
[2026-06-07 18:54:05] SlimMonoLogger.INFO: Cron ran at: 07-06-2026 06:54:05 PM [] []
[2026-06-07 18:54:29] SlimMonoLogger.INFO: Cron ran at: 07-06-2026 06:54:29 PM [] []
[2026-06-07 18:54:48] SlimMonoLogger.INFO: Cron ran at: 07-06-2026 06:54:48 PM [] []
[2026-06-07 18:55:06] SlimMonoLogger.INFO: Cron ran at: 07-06-2026 06:55:06 PM [] []
[2026-06-07 18:55:19] SlimMonoLogger.INFO: Cron ran at: 07-06-2026 06:55:19 PM [] []
[2026-06-07 18:55:46] SlimMonoLogger.INFO: Cron ran at: 07-06-2026 06:55:46 PM [] []
[2026-06-07 18:55:54] SlimMonoLogger.INFO: Cron ran at: 07-06-2026 06:55:54 PM [] []
[2026-06-07 18:56:27] SlimMonoLogger.INFO: Cron ran at: 07-06-2026 06:56:27 PM [] []
[2026-06-07 18:56:29] SlimMonoLogger.INFO: Cron ran at: 07-06-2026 06:56:29 PM [] []
[2026-06-07 18:57:04] SlimMonoLogger.INFO: Cron ran at: 07-06-2026 06:57:04 PM [] []
[2026-06-07 18:57:15] SlimMonoLogger.INFO: Cron ran at: 07-06-2026 06:57:15 PM [] []
[2026-06-07 18:57:19] SlimMonoLogger.INFO: Cron ran at: 07-06-2026 06:57:19 PM [] []
[2026-06-07 18:57:41] SlimMonoLogger.INFO: Cron ran at: 07-06-2026 06:57:41 PM [] []
[2026-06-07 18:58:04] SlimMonoLogger.INFO: Cron ran at: 07-06-2026 06:58:04 PM [] []
[2026-06-07 18:58:11] SlimMonoLogger.INFO: Cron ran at: 07-06-2026 06:58:11 PM [] []
[2026-06-07 18:58:21] SlimMonoLogger.INFO: Cron ran at: 07-06-2026 06:58:21 PM [] []
[2026-06-07 18:58:51] SlimMonoLogger.INFO: Cron ran at: 07-06-2026 06:58:51 PM [] []
[2026-06-07 18:58:51] SlimMonoLogger.INFO: Cron ran at: 07-06-2026 06:58:51 PM [] []
[2026-06-07 18:58:52] SlimMonoLogger.INFO: Cron ran at: 07-06-2026 06:58:52 PM [] []
[2026-06-07 18:59:16] SlimMonoLogger.INFO: Cron ran at: 07-06-2026 06:59:16 PM [] []
[2026-06-07 18:59:16] SlimMonoLogger.INFO: Cron ran at: 07-06-2026 06:59:16 PM [] []
[2026-06-07 18:59:47] SlimMonoLogger.INFO: Cron ran at: 07-06-2026 06:59:47 PM [] []
[2026-06-07 18:59:53] SlimMonoLogger.INFO: Cron ran at: 07-06-2026 06:59:53 PM [] []
[2026-06-07 19:00:37] SlimMonoLogger.INFO: Cron ran at: 07-06-2026 07:00:37 PM [] []
[2026-06-07 19:00:55] SlimMonoLogger.INFO: Cron ran at: 07-06-2026 07:00:55 PM [] []
[2026-06-07 19:00:58] SlimMonoLogger.INFO: Cron ran at: 07-06-2026 07:00:58 PM [] []
[2026-06-07 19:01:14] SlimMonoLogger.INFO: Cron ran at: 07-06-2026 07:01:14 PM [] []
[2026-06-07 19:01:37] SlimMonoLogger.INFO: Cron ran at: 07-06-2026 07:01:37 PM [] []
[2026-06-07 19:01:37] SlimMonoLogger.INFO: Cron ran at: 07-06-2026 07:01:37 PM [] []
[2026-06-07 19:01:53] SlimMonoLogger.INFO: Cron ran at: 07-06-2026 07:01:53 PM [] []
[2026-06-07 19:02:15] SlimMonoLogger.INFO: Cron ran at: 07-06-2026 07:02:15 PM [] []
[2026-06-07 19:02:18] SlimMonoLogger.INFO: Cron ran at: 07-06-2026 07:02:18 PM [] []
[2026-06-07 19:02:39] SlimMonoLogger.INFO: Cron ran at: 07-06-2026 07:02:39 PM [] []
[2026-06-07 19:02:45] SlimMonoLogger.INFO: Cron ran at: 07-06-2026 07:02:45 PM [] []
[2026-06-07 19:02:57] SlimMonoLogger.INFO: Cron ran at: 07-06-2026 07:02:57 PM [] []
[2026-06-07 19:03:14] SlimMonoLogger.INFO: Cron ran at: 07-06-2026 07:03:14 PM [] []
[2026-06-07 19:03:16] SlimMonoLogger.INFO: Cron ran at: 07-06-2026 07:03:16 PM [] []
[2026-06-07 19:03:34] SlimMonoLogger.INFO: Cron ran at: 07-06-2026 07:03:34 PM [] []
[2026-06-07 19:03:50] SlimMonoLogger.INFO: Cron ran at: 07-06-2026 07:03:50 PM [] []
[2026-06-07 19:03:50] SlimMonoLogger.INFO: Cron ran at: 07-06-2026 07:03:50 PM [] []
[2026-06-07 19:04:23] SlimMonoLogger.INFO: Cron ran at: 07-06-2026 07:04:23 PM [] []
[2026-06-07 19:04:37] SlimMonoLogger.INFO: Cron ran at: 07-06-2026 07:04:37 PM [] []
[2026-06-07 19:05:08] SlimMonoLogger.INFO: Cron ran at: 07-06-2026 07:05:08 PM [] []
[2026-06-07 19:05:12] SlimMonoLogger.INFO: Cron ran at: 07-06-2026 07:05:12 PM [] []
[2026-06-07 19:05:46] SlimMonoLogger.INFO: Cron ran at: 07-06-2026 07:05:46 PM [] []
[2026-06-07 19:05:46] SlimMonoLogger.INFO: Cron ran at: 07-06-2026 07:05:46 PM [] []
[2026-06-07 19:06:16] SlimMonoLogger.INFO: Cron ran at: 07-06-2026 07:06:16 PM [] []
[2026-06-07 19:06:17] SlimMonoLogger.INFO: Cron ran at: 07-06-2026 07:06:17 PM [] []
[2026-06-07 19:06:20] SlimMonoLogger.INFO: Cron ran at: 07-06-2026 07:06:20 PM [] []
[2026-06-07 19:06:55] SlimMonoLogger.INFO: Cron ran at: 07-06-2026 07:06:55 PM [] []
[2026-06-07 19:06:56] SlimMonoLogger.INFO: Cron ran at: 07-06-2026 07:06:56 PM [] []
[2026-06-07 19:06:56] SlimMonoLogger.INFO: Cron ran at: 07-06-2026 07:06:56 PM [] []
[2026-06-07 19:07:35] SlimMonoLogger.INFO: Cron ran at: 07-06-2026 07:07:35 PM [] []
[2026-06-07 19:07:37] SlimMonoLogger.INFO: Cron ran at: 07-06-2026 07:07:37 PM [] []
[2026-06-07 19:07:40] SlimMonoLogger.INFO: Cron ran at: 07-06-2026 07:07:40 PM [] []
[2026-06-07 19:08:14] SlimMonoLogger.INFO: Cron ran at: 07-06-2026 07:08:14 PM [] []
[2026-06-07 19:08:15] SlimMonoLogger.INFO: Cron ran at: 07-06-2026 07:08:15 PM [] []
[2026-06-07 19:08:38] SlimMonoLogger.INFO: Cron ran at: 07-06-2026 07:08:38 PM [] []
[2026-06-07 19:08:51] SlimMonoLogger.INFO: Cron ran at: 07-06-2026 07:08:51 PM [] []
[2026-06-07 19:08:54] SlimMonoLogger.INFO: Cron ran at: 07-06-2026 07:08:54 PM [] []
[2026-06-07 19:09:13] SlimMonoLogger.INFO: Cron ran at: 07-06-2026 07:09:13 PM [] []
[2026-06-07 19:09:39] SlimMonoLogger.INFO: Cron ran at: 07-06-2026 07:09:39 PM [] []
[2026-06-07 19:09:48] SlimMonoLogger.INFO: Cron ran at: 07-06-2026 07:09:48 PM [] []
[2026-06-07 19:10:18] SlimMonoLogger.INFO: Cron ran at: 07-06-2026 07:10:18 PM [] []
[2026-06-07 19:10:26] SlimMonoLogger.INFO: Cron ran at: 07-06-2026 07:10:26 PM [] []
[2026-06-07 19:11:04] SlimMonoLogger.INFO: Cron ran at: 07-06-2026 07:11:04 PM [] []
[2026-06-07 19:11:04] SlimMonoLogger.INFO: Cron ran at: 07-06-2026 07:11:04 PM [] []
[2026-06-07 19:11:39] SlimMonoLogger.INFO: Cron ran at: 07-06-2026 07:11:39 PM [] []
[2026-06-07 19:11:40] SlimMonoLogger.INFO: Cron ran at: 07-06-2026 07:11:40 PM [] []
[2026-06-07 19:11:48] SlimMonoLogger.INFO: Cron ran at: 07-06-2026 07:11:48 PM [] []
[2026-06-07 19:12:16] SlimMonoLogger.INFO: Cron ran at: 07-06-2026 07:12:16 PM [] []
[2026-06-07 19:12:16] SlimMonoLogger.INFO: Cron ran at: 07-06-2026 07:12:16 PM [] []
[2026-06-07 19:12:17] SlimMonoLogger.INFO: Cron ran at: 07-06-2026 07:12:17 PM [] []
[2026-06-07 19:12:53] SlimMonoLogger.INFO: Cron ran at: 07-06-2026 07:12:53 PM [] []
[2026-06-07 19:12:54] SlimMonoLogger.INFO: Cron ran at: 07-06-2026 07:12:54 PM [] []
[2026-06-07 19:12:55] SlimMonoLogger.INFO: Cron ran at: 07-06-2026 07:12:55 PM [] []
[2026-06-07 19:13:28] SlimMonoLogger.INFO: Cron ran at: 07-06-2026 07:13:28 PM [] []
[2026-06-07 19:13:34] SlimMonoLogger.INFO: Cron ran at: 07-06-2026 07:13:34 PM [] []
[2026-06-07 19:13:34] SlimMonoLogger.INFO: Cron ran at: 07-06-2026 07:13:34 PM [] []
[2026-06-07 19:14:02] SlimMonoLogger.INFO: Cron ran at: 07-06-2026 07:14:02 PM [] []
[2026-06-07 19:14:17] SlimMonoLogger.INFO: Cron ran at: 07-06-2026 07:14:17 PM [] []
[2026-06-07 19:14:38] SlimMonoLogger.INFO: Cron ran at: 07-06-2026 07:14:38 PM [] []
[2026-06-07 19:15:02] SlimMonoLogger.INFO: Cron ran at: 07-06-2026 07:15:02 PM [] []
[2026-06-07 19:15:08] SlimMonoLogger.INFO: Cron ran at: 07-06-2026 07:15:08 PM [] []
[2026-06-07 19:15:40] SlimMonoLogger.INFO: Cron ran at: 07-06-2026 07:15:40 PM [] []
[2026-06-07 19:15:43] SlimMonoLogger.INFO: Cron ran at: 07-06-2026 07:15:43 PM [] []
[2026-06-07 19:16:18] SlimMonoLogger.INFO: Cron ran at: 07-06-2026 07:16:18 PM [] []
[2026-06-07 19:16:18] SlimMonoLogger.INFO: Cron ran at: 07-06-2026 07:16:18 PM [] []
[2026-06-07 19:16:22] SlimMonoLogger.INFO: Cron ran at: 07-06-2026 07:16:22 PM [] []
[2026-06-07 19:16:51] SlimMonoLogger.INFO: Cron ran at: 07-06-2026 07:16:51 PM [] []
[2026-06-07 19:16:54] SlimMonoLogger.INFO: Cron ran at: 07-06-2026 07:16:54 PM [] []
[2026-06-07 19:17:00] SlimMonoLogger.INFO: Cron ran at: 07-06-2026 07:17:00 PM [] []
[2026-06-07 19:17:22] SlimMonoLogger.INFO: Cron ran at: 07-06-2026 07:17:22 PM [] []
[2026-06-07 19:17:35] SlimMonoLogger.INFO: Cron ran at: 07-06-2026 07:17:35 PM [] []
[2026-06-07 19:17:40] SlimMonoLogger.INFO: Cron ran at: 07-06-2026 07:17:40 PM [] []
[2026-06-07 19:17:58] SlimMonoLogger.INFO: Cron ran at: 07-06-2026 07:17:58 PM [] []
[2026-06-07 19:18:17] SlimMonoLogger.INFO: Cron ran at: 07-06-2026 07:18:17 PM [] []
[2026-06-07 19:18:18] SlimMonoLogger.INFO: Cron ran at: 07-06-2026 07:18:18 PM [] []
[2026-06-07 19:18:28] SlimMonoLogger.INFO: Cron ran at: 07-06-2026 07:18:28 PM [] []
[2026-06-07 19:18:56] SlimMonoLogger.INFO: Cron ran at: 07-06-2026 07:18:56 PM [] []
[2026-06-07 19:19:04] SlimMonoLogger.INFO: Cron ran at: 07-06-2026 07:19:04 PM [] []
[2026-06-07 19:19:06] SlimMonoLogger.INFO: Cron ran at: 07-06-2026 07:19:06 PM [] []
[2026-06-07 19:19:12] SlimMonoLogger.INFO: Cron ran at: 07-06-2026 07:19:12 PM [] []
[2026-06-07 19:19:54] SlimMonoLogger.INFO: Cron ran at: 07-06-2026 07:19:54 PM [] []
[2026-06-07 19:19:56] SlimMonoLogger.INFO: Cron ran at: 07-06-2026 07:19:56 PM [] []
[2026-06-07 19:20:32] SlimMonoLogger.INFO: Cron ran at: 07-06-2026 07:20:32 PM [] []
[2026-06-07 19:20:32] SlimMonoLogger.INFO: Cron ran at: 07-06-2026 07:20:32 PM [] []
[2026-06-07 19:21:09] SlimMonoLogger.INFO: Cron ran at: 07-06-2026 07:21:09 PM [] []
[2026-06-07 19:21:12] SlimMonoLogger.INFO: Cron ran at: 07-06-2026 07:21:12 PM [] []
[2026-06-07 19:21:31] SlimMonoLogger.INFO: Cron ran at: 07-06-2026 07:21:31 PM [] []
[2026-06-07 19:21:46] SlimMonoLogger.INFO: Cron ran at: 07-06-2026 07:21:46 PM [] []
[2026-06-07 19:21:48] SlimMonoLogger.INFO: Cron ran at: 07-06-2026 07:21:48 PM [] []
[2026-06-07 19:22:03] SlimMonoLogger.INFO: Cron ran at: 07-06-2026 07:22:03 PM [] []
[2026-06-07 19:22:28] SlimMonoLogger.INFO: Cron ran at: 07-06-2026 07:22:28 PM [] []
[2026-06-07 19:22:30] SlimMonoLogger.INFO: Cron ran at: 07-06-2026 07:22:30 PM [] []
[2026-06-07 19:22:49] SlimMonoLogger.INFO: Cron ran at: 07-06-2026 07:22:49 PM [] []
[2026-06-07 19:23:08] SlimMonoLogger.INFO: Cron ran at: 07-06-2026 07:23:08 PM [] []
[2026-06-07 19:23:09] SlimMonoLogger.INFO: Cron ran at: 07-06-2026 07:23:09 PM [] []
[2026-06-07 19:23:36] SlimMonoLogger.INFO: Cron ran at: 07-06-2026 07:23:36 PM [] []
[2026-06-07 19:23:39] SlimMonoLogger.INFO: Cron ran at: 07-06-2026 07:23:39 PM [] []
[2026-06-07 19:23:49] SlimMonoLogger.INFO: Cron ran at: 07-06-2026 07:23:49 PM [] []
[2026-06-07 19:24:14] SlimMonoLogger.INFO: Cron ran at: 07-06-2026 07:24:14 PM [] []
[2026-06-07 19:24:15] SlimMonoLogger.INFO: Cron ran at: 07-06-2026 07:24:15 PM [] []
[2026-06-07 19:24:48] SlimMonoLogger.INFO: Cron ran at: 07-06-2026 07:24:48 PM [] []
[2026-06-07 19:24:50] SlimMonoLogger.INFO: Cron ran at: 07-06-2026 07:24:50 PM [] []
[2026-06-07 19:25:28] SlimMonoLogger.INFO: Cron ran at: 07-06-2026 07:25:28 PM [] []
[2026-06-07 19:25:34] SlimMonoLogger.INFO: Cron ran at: 07-06-2026 07:25:34 PM [] []
[2026-06-07 19:26:06] SlimMonoLogger.INFO: Cron ran at: 07-06-2026 07:26:06 PM [] []
[2026-06-07 19:26:12] SlimMonoLogger.INFO: Cron ran at: 07-06-2026 07:26:12 PM [] []
[2026-06-07 19:26:42] SlimMonoLogger.INFO: Cron ran at: 07-06-2026 07:26:42 PM [] []
[2026-06-07 19:26:53] SlimMonoLogger.INFO: Cron ran at: 07-06-2026 07:26:53 PM [] []
[2026-06-07 19:26:53] SlimMonoLogger.INFO: Cron ran at: 07-06-2026 07:26:53 PM [] []
[2026-06-07 19:27:23] SlimMonoLogger.INFO: Cron ran at: 07-06-2026 07:27:23 PM [] []
[2026-06-07 19:27:25] SlimMonoLogger.INFO: Cron ran at: 07-06-2026 07:27:25 PM [] []
[2026-06-07 19:27:33] SlimMonoLogger.INFO: Cron ran at: 07-06-2026 07:27:33 PM [] []
[2026-06-07 19:27:56] SlimMonoLogger.INFO: Cron ran at: 07-06-2026 07:27:56 PM [] []
[2026-06-07 19:27:57] SlimMonoLogger.INFO: Cron ran at: 07-06-2026 07:27:57 PM [] []
[2026-06-07 19:28:14] SlimMonoLogger.INFO: Cron ran at: 07-06-2026 07:28:14 PM [] []
[2026-06-07 19:28:33] SlimMonoLogger.INFO: Cron ran at: 07-06-2026 07:28:33 PM [] []
[2026-06-07 19:28:40] SlimMonoLogger.INFO: Cron ran at: 07-06-2026 07:28:40 PM [] []
[2026-06-07 19:29:06] SlimMonoLogger.INFO: Cron ran at: 07-06-2026 07:29:06 PM [] []
[2026-06-07 19:29:25] SlimMonoLogger.INFO: Cron ran at: 07-06-2026 07:29:25 PM [] []
[2026-06-07 19:29:45] SlimMonoLogger.INFO: Cron ran at: 07-06-2026 07:29:45 PM [] []
[2026-06-07 19:30:03] SlimMonoLogger.INFO: Cron ran at: 07-06-2026 07:30:03 PM [] []
[2026-06-07 19:30:19] SlimMonoLogger.INFO: Cron ran at: 07-06-2026 07:30:19 PM [] []
[2026-06-07 19:30:43] SlimMonoLogger.INFO: Cron ran at: 07-06-2026 07:30:43 PM [] []
[2026-06-07 19:30:55] SlimMonoLogger.INFO: Cron ran at: 07-06-2026 07:30:55 PM [] []
[2026-06-07 19:31:32] SlimMonoLogger.INFO: Cron ran at: 07-06-2026 07:31:32 PM [] []
[2026-06-07 19:31:33] SlimMonoLogger.INFO: Cron ran at: 07-06-2026 07:31:33 PM [] []
[2026-06-07 19:31:36] SlimMonoLogger.INFO: Cron ran at: 07-06-2026 07:31:36 PM [] []
[2026-06-07 19:32:01] SlimMonoLogger.INFO: Cron ran at: 07-06-2026 07:32:01 PM [] []
[2026-06-07 19:32:02] SlimMonoLogger.INFO: Cron ran at: 07-06-2026 07:32:02 PM [] []
[2026-06-07 19:32:14] SlimMonoLogger.INFO: Cron ran at: 07-06-2026 07:32:14 PM [] []
[2026-06-07 19:32:34] SlimMonoLogger.INFO: Cron ran at: 07-06-2026 07:32:34 PM [] []
[2026-06-07 19:32:47] SlimMonoLogger.INFO: Cron ran at: 07-06-2026 07:32:47 PM [] []
[2026-06-07 19:32:55] SlimMonoLogger.INFO: Cron ran at: 07-06-2026 07:32:55 PM [] []
[2026-06-07 19:33:10] SlimMonoLogger.INFO: Cron ran at: 07-06-2026 07:33:10 PM [] []
[2026-06-07 19:33:23] SlimMonoLogger.INFO: Cron ran at: 07-06-2026 07:33:23 PM [] []
[2026-06-07 19:33:31] SlimMonoLogger.INFO: Cron ran at: 07-06-2026 07:33:31 PM [] []
[2026-06-07 19:33:41] SlimMonoLogger.INFO: Cron ran at: 07-06-2026 07:33:41 PM [] []
[2026-06-07 19:34:11] SlimMonoLogger.INFO: Cron ran at: 07-06-2026 07:34:11 PM [] []
[2026-06-07 19:34:11] SlimMonoLogger.INFO: Cron ran at: 07-06-2026 07:34:11 PM [] []
[2026-06-07 19:35:01] SlimMonoLogger.INFO: Cron ran at: 07-06-2026 07:35:01 PM [] []
[2026-06-07 19:35:02] SlimMonoLogger.INFO: Cron ran at: 07-06-2026 07:35:02 PM [] []
[2026-06-07 19:35:28] SlimMonoLogger.INFO: Cron ran at: 07-06-2026 07:35:28 PM [] []
[2026-06-07 19:35:30] SlimMonoLogger.INFO: Cron ran at: 07-06-2026 07:35:30 PM [] []
[2026-06-07 19:36:07] SlimMonoLogger.INFO: Cron ran at: 07-06-2026 07:36:07 PM [] []
[2026-06-07 19:36:24] SlimMonoLogger.INFO: Cron ran at: 07-06-2026 07:36:24 PM [] []
[2026-06-07 19:36:45] SlimMonoLogger.INFO: Cron ran at: 07-06-2026 07:36:45 PM [] []
[2026-06-07 19:36:58] SlimMonoLogger.INFO: Cron ran at: 07-06-2026 07:36:58 PM [] []
[2026-06-07 19:37:03] SlimMonoLogger.INFO: Cron ran at: 07-06-2026 07:37:03 PM [] []
[2026-06-07 19:37:25] SlimMonoLogger.INFO: Cron ran at: 07-06-2026 07:37:25 PM [] []
[2026-06-07 19:37:30] SlimMonoLogger.INFO: Cron ran at: 07-06-2026 07:37:30 PM [] []
[2026-06-07 19:37:46] SlimMonoLogger.INFO: Cron ran at: 07-06-2026 07:37:46 PM [] []
[2026-06-07 19:38:05] SlimMonoLogger.INFO: Cron ran at: 07-06-2026 07:38:05 PM [] []
[2026-06-07 19:38:05] SlimMonoLogger.INFO: Cron ran at: 07-06-2026 07:38:05 PM [] []
[2026-06-07 19:38:22] SlimMonoLogger.INFO: Cron ran at: 07-06-2026 07:38:22 PM [] []
[2026-06-07 19:38:33] SlimMonoLogger.INFO: Cron ran at: 07-06-2026 07:38:33 PM [] []
[2026-06-07 19:38:45] SlimMonoLogger.INFO: Cron ran at: 07-06-2026 07:38:45 PM [] []
[2026-06-07 19:39:01] SlimMonoLogger.INFO: Cron ran at: 07-06-2026 07:39:01 PM [] []
[2026-06-07 19:39:04] SlimMonoLogger.INFO: Cron ran at: 07-06-2026 07:39:04 PM [] []
[2026-06-07 19:39:22] SlimMonoLogger.INFO: Cron ran at: 07-06-2026 07:39:22 PM [] []
[2026-06-07 19:39:51] SlimMonoLogger.INFO: Cron ran at: 07-06-2026 07:39:51 PM [] []
[2026-06-07 19:40:01] SlimMonoLogger.INFO: Cron ran at: 07-06-2026 07:40:01 PM [] []
[2026-06-07 19:40:20] SlimMonoLogger.INFO: Cron ran at: 07-06-2026 07:40:20 PM [] []
[2026-06-07 19:40:44] SlimMonoLogger.INFO: Cron ran at: 07-06-2026 07:40:44 PM [] []
[2026-06-07 19:40:53] SlimMonoLogger.INFO: Cron ran at: 07-06-2026 07:40:53 PM [] []
[2026-06-07 19:41:18] SlimMonoLogger.INFO: Cron ran at: 07-06-2026 07:41:18 PM [] []
[2026-06-07 19:41:22] SlimMonoLogger.INFO: Cron ran at: 07-06-2026 07:41:22 PM [] []
[2026-06-07 19:41:34] SlimMonoLogger.INFO: Cron ran at: 07-06-2026 07:41:34 PM [] []
[2026-06-07 19:41:46] SlimMonoLogger.INFO: Cron ran at: 07-06-2026 07:41:46 PM [] []
[2026-06-07 19:42:03] SlimMonoLogger.INFO: Cron ran at: 07-06-2026 07:42:03 PM [] []
[2026-06-07 19:42:09] SlimMonoLogger.INFO: Cron ran at: 07-06-2026 07:42:09 PM [] []
[2026-06-07 19:42:16] SlimMonoLogger.INFO: Cron ran at: 07-06-2026 07:42:16 PM [] []
[2026-06-07 19:42:47] SlimMonoLogger.INFO: Cron ran at: 07-06-2026 07:42:47 PM [] []
[2026-06-07 19:42:48] SlimMonoLogger.INFO: Cron ran at: 07-06-2026 07:42:48 PM [] []
[2026-06-07 19:42:49] SlimMonoLogger.INFO: Cron ran at: 07-06-2026 07:42:49 PM [] []
[2026-06-07 19:43:27] SlimMonoLogger.INFO: Cron ran at: 07-06-2026 07:43:27 PM [] []
[2026-06-07 19:43:29] SlimMonoLogger.INFO: Cron ran at: 07-06-2026 07:43:29 PM [] []
[2026-06-07 19:43:37] SlimMonoLogger.INFO: Cron ran at: 07-06-2026 07:43:37 PM [] []
[2026-06-07 19:43:59] SlimMonoLogger.INFO: Cron ran at: 07-06-2026 07:43:59 PM [] []
[2026-06-07 19:44:14] SlimMonoLogger.INFO: Cron ran at: 07-06-2026 07:44:14 PM [] []
[2026-06-07 19:44:35] SlimMonoLogger.INFO: Cron ran at: 07-06-2026 07:44:35 PM [] []
[2026-06-07 19:44:53] SlimMonoLogger.INFO: Cron ran at: 07-06-2026 07:44:53 PM [] []
[2026-06-07 19:45:13] SlimMonoLogger.INFO: Cron ran at: 07-06-2026 07:45:13 PM [] []
[2026-06-07 19:45:35] SlimMonoLogger.INFO: Cron ran at: 07-06-2026 07:45:35 PM [] []
[2026-06-07 19:45:51] SlimMonoLogger.INFO: Cron ran at: 07-06-2026 07:45:51 PM [] []
[2026-06-07 19:46:14] SlimMonoLogger.INFO: Cron ran at: 07-06-2026 07:46:14 PM [] []
[2026-06-07 19:46:33] SlimMonoLogger.INFO: Cron ran at: 07-06-2026 07:46:33 PM [] []
[2026-06-07 19:46:52] SlimMonoLogger.INFO: Cron ran at: 07-06-2026 07:46:52 PM [] []
[2026-06-07 19:46:53] SlimMonoLogger.INFO: Cron ran at: 07-06-2026 07:46:53 PM [] []
[2026-06-07 19:47:11] SlimMonoLogger.INFO: Cron ran at: 07-06-2026 07:47:11 PM [] []
[2026-06-07 19:47:25] SlimMonoLogger.INFO: Cron ran at: 07-06-2026 07:47:25 PM [] []
[2026-06-07 19:47:32] SlimMonoLogger.INFO: Cron ran at: 07-06-2026 07:47:32 PM [] []
[2026-06-07 19:47:52] SlimMonoLogger.INFO: Cron ran at: 07-06-2026 07:47:52 PM [] []
[2026-06-07 19:47:59] SlimMonoLogger.INFO: Cron ran at: 07-06-2026 07:47:59 PM [] []
[2026-06-07 19:48:21] SlimMonoLogger.INFO: Cron ran at: 07-06-2026 07:48:21 PM [] []
[2026-06-07 19:48:31] SlimMonoLogger.INFO: Cron ran at: 07-06-2026 07:48:31 PM [] []
[2026-06-07 19:48:31] SlimMonoLogger.INFO: Cron ran at: 07-06-2026 07:48:31 PM [] []
[2026-06-07 19:48:59] SlimMonoLogger.INFO: Cron ran at: 07-06-2026 07:48:59 PM [] []
[2026-06-07 19:49:01] SlimMonoLogger.INFO: Cron ran at: 07-06-2026 07:49:01 PM [] []
[2026-06-07 19:49:04] SlimMonoLogger.INFO: Cron ran at: 07-06-2026 07:49:04 PM [] []
[2026-06-07 19:49:42] SlimMonoLogger.INFO: Cron ran at: 07-06-2026 07:49:42 PM [] []
[2026-06-07 19:49:47] SlimMonoLogger.INFO: Cron ran at: 07-06-2026 07:49:47 PM [] []
[2026-06-07 19:50:20] SlimMonoLogger.INFO: Cron ran at: 07-06-2026 07:50:20 PM [] []
[2026-06-07 19:50:29] SlimMonoLogger.INFO: Cron ran at: 07-06-2026 07:50:29 PM [] []
[2026-06-07 19:50:57] SlimMonoLogger.INFO: Cron ran at: 07-06-2026 07:50:57 PM [] []
[2026-06-07 19:51:16] SlimMonoLogger.INFO: Cron ran at: 07-06-2026 07:51:16 PM [] []
[2026-06-07 19:51:34] SlimMonoLogger.INFO: Cron ran at: 07-06-2026 07:51:34 PM [] []
[2026-06-07 19:51:56] SlimMonoLogger.INFO: Cron ran at: 07-06-2026 07:51:56 PM [] []
[2026-06-07 19:51:57] SlimMonoLogger.INFO: Cron ran at: 07-06-2026 07:51:57 PM [] []
[2026-06-07 19:52:11] SlimMonoLogger.INFO: Cron ran at: 07-06-2026 07:52:11 PM [] []
[2026-06-07 19:52:35] SlimMonoLogger.INFO: Cron ran at: 07-06-2026 07:52:35 PM [] []
[2026-06-07 19:52:56] SlimMonoLogger.INFO: Cron ran at: 07-06-2026 07:52:56 PM [] []
[2026-06-07 19:52:57] SlimMonoLogger.INFO: Cron ran at: 07-06-2026 07:52:57 PM [] []
[2026-06-07 19:53:00] SlimMonoLogger.INFO: Cron ran at: 07-06-2026 07:53:00 PM [] []
[2026-06-07 19:53:11] SlimMonoLogger.INFO: Cron ran at: 07-06-2026 07:53:11 PM [] []
[2026-06-07 19:53:33] SlimMonoLogger.INFO: Cron ran at: 07-06-2026 07:53:33 PM [] []
[2026-06-07 19:53:34] SlimMonoLogger.INFO: Cron ran at: 07-06-2026 07:53:34 PM [] []
[2026-06-07 19:54:10] SlimMonoLogger.INFO: Cron ran at: 07-06-2026 07:54:10 PM [] []
[2026-06-07 19:54:12] SlimMonoLogger.INFO: Cron ran at: 07-06-2026 07:54:12 PM [] []
[2026-06-07 19:54:47] SlimMonoLogger.INFO: Cron ran at: 07-06-2026 07:54:47 PM [] []
[2026-06-07 19:54:57] SlimMonoLogger.INFO: Cron ran at: 07-06-2026 07:54:57 PM [] []
[2026-06-07 19:55:20] SlimMonoLogger.INFO: Cron ran at: 07-06-2026 07:55:20 PM [] []
[2026-06-07 19:55:33] SlimMonoLogger.INFO: Cron ran at: 07-06-2026 07:55:33 PM [] []
[2026-06-07 19:55:56] SlimMonoLogger.INFO: Cron ran at: 07-06-2026 07:55:56 PM [] []
[2026-06-07 19:56:10] SlimMonoLogger.INFO: Cron ran at: 07-06-2026 07:56:10 PM [] []
[2026-06-07 19:56:16] SlimMonoLogger.INFO: Cron ran at: 07-06-2026 07:56:16 PM [] []
[2026-06-07 19:56:42] SlimMonoLogger.INFO: Cron ran at: 07-06-2026 07:56:42 PM [] []
[2026-06-07 19:56:49] SlimMonoLogger.INFO: Cron ran at: 07-06-2026 07:56:49 PM [] []
[2026-06-07 19:56:50] SlimMonoLogger.INFO: Cron ran at: 07-06-2026 07:56:50 PM [] []
[2026-06-07 19:57:17] SlimMonoLogger.INFO: Cron ran at: 07-06-2026 07:57:17 PM [] []
[2026-06-07 19:57:22] SlimMonoLogger.INFO: Cron ran at: 07-06-2026 07:57:22 PM [] []
[2026-06-07 19:57:34] SlimMonoLogger.INFO: Cron ran at: 07-06-2026 07:57:34 PM [] []
[2026-06-07 19:57:57] SlimMonoLogger.INFO: Cron ran at: 07-06-2026 07:57:57 PM [] []
[2026-06-07 19:57:57] SlimMonoLogger.INFO: Cron ran at: 07-06-2026 07:57:57 PM [] []
[2026-06-07 19:58:12] SlimMonoLogger.INFO: Cron ran at: 07-06-2026 07:58:12 PM [] []
[2026-06-07 19:58:28] SlimMonoLogger.INFO: Cron ran at: 07-06-2026 07:58:28 PM [] []
[2026-06-07 19:58:39] SlimMonoLogger.INFO: Cron ran at: 07-06-2026 07:58:39 PM [] []
[2026-06-07 19:58:53] SlimMonoLogger.INFO: Cron ran at: 07-06-2026 07:58:53 PM [] []
[2026-06-07 19:59:04] SlimMonoLogger.INFO: Cron ran at: 07-06-2026 07:59:04 PM [] []
[2026-06-07 19:59:25] SlimMonoLogger.INFO: Cron ran at: 07-06-2026 07:59:25 PM [] []
[2026-06-07 19:59:43] SlimMonoLogger.INFO: Cron ran at: 07-06-2026 07:59:43 PM [] []
[2026-06-07 20:00:01] SlimMonoLogger.INFO: Cron ran at: 07-06-2026 08:00:01 PM [] []
[2026-06-07 20:00:37] SlimMonoLogger.INFO: Cron ran at: 07-06-2026 08:00:37 PM [] []
[2026-06-07 20:00:47] SlimMonoLogger.INFO: Cron ran at: 07-06-2026 08:00:47 PM [] []
[2026-06-07 20:01:02] SlimMonoLogger.INFO: Cron ran at: 07-06-2026 08:01:02 PM [] []
[2026-06-07 20:01:23] SlimMonoLogger.INFO: Cron ran at: 07-06-2026 08:01:23 PM [] []
[2026-06-07 20:01:35] SlimMonoLogger.INFO: Cron ran at: 07-06-2026 08:01:35 PM [] []
[2026-06-07 20:01:45] SlimMonoLogger.INFO: Cron ran at: 07-06-2026 08:01:45 PM [] []
[2026-06-07 20:02:00] SlimMonoLogger.INFO: Cron ran at: 07-06-2026 08:02:00 PM [] []
[2026-06-07 20:02:20] SlimMonoLogger.INFO: Cron ran at: 07-06-2026 08:02:20 PM [] []
[2026-06-07 20:02:20] SlimMonoLogger.INFO: Cron ran at: 07-06-2026 08:02:20 PM [] []
[2026-06-07 20:02:52] SlimMonoLogger.INFO: Cron ran at: 07-06-2026 08:02:52 PM [] []
[2026-06-07 20:02:57] SlimMonoLogger.INFO: Cron ran at: 07-06-2026 08:02:57 PM [] []
[2026-06-07 20:03:04] SlimMonoLogger.INFO: Cron ran at: 07-06-2026 08:03:04 PM [] []
[2026-06-07 20:03:27] SlimMonoLogger.INFO: Cron ran at: 07-06-2026 08:03:27 PM [] []
[2026-06-07 20:03:27] SlimMonoLogger.INFO: Cron ran at: 07-06-2026 08:03:27 PM [] []
[2026-06-07 20:03:39] SlimMonoLogger.INFO: Cron ran at: 07-06-2026 08:03:39 PM [] []
[2026-06-07 20:04:01] SlimMonoLogger.INFO: Cron ran at: 07-06-2026 08:04:01 PM [] []
[2026-06-07 20:04:04] SlimMonoLogger.INFO: Cron ran at: 07-06-2026 08:04:04 PM [] []
[2026-06-07 20:04:23] SlimMonoLogger.INFO: Cron ran at: 07-06-2026 08:04:23 PM [] []
[2026-06-07 20:04:38] SlimMonoLogger.INFO: Cron ran at: 07-06-2026 08:04:38 PM [] []
[2026-06-07 20:05:08] SlimMonoLogger.INFO: Cron ran at: 07-06-2026 08:05:08 PM [] []
[2026-06-07 20:05:17] SlimMonoLogger.INFO: Cron ran at: 07-06-2026 08:05:17 PM [] []
[2026-06-07 20:05:45] SlimMonoLogger.INFO: Cron ran at: 07-06-2026 08:05:45 PM [] []
[2026-06-07 20:05:50] SlimMonoLogger.INFO: Cron ran at: 07-06-2026 08:05:50 PM [] []
[2026-06-07 20:06:17] SlimMonoLogger.INFO: Cron ran at: 07-06-2026 08:06:17 PM [] []
[2026-06-07 20:06:19] SlimMonoLogger.INFO: Cron ran at: 07-06-2026 08:06:19 PM [] []
[2026-06-07 20:06:24] SlimMonoLogger.INFO: Cron ran at: 07-06-2026 08:06:24 PM [] []
[2026-06-07 20:06:46] SlimMonoLogger.INFO: Cron ran at: 07-06-2026 08:06:46 PM [] []
[2026-06-07 20:06:57] SlimMonoLogger.INFO: Cron ran at: 07-06-2026 08:06:57 PM [] []
[2026-06-07 20:06:57] SlimMonoLogger.INFO: Cron ran at: 07-06-2026 08:06:57 PM [] []
[2026-06-07 20:07:18] SlimMonoLogger.INFO: Cron ran at: 07-06-2026 08:07:18 PM [] []
[2026-06-07 20:07:35] SlimMonoLogger.INFO: Cron ran at: 07-06-2026 08:07:35 PM [] []
[2026-06-07 20:07:36] SlimMonoLogger.INFO: Cron ran at: 07-06-2026 08:07:36 PM [] []
[2026-06-07 20:07:50] SlimMonoLogger.INFO: Cron ran at: 07-06-2026 08:07:50 PM [] []
[2026-06-07 20:08:17] SlimMonoLogger.INFO: Cron ran at: 07-06-2026 08:08:17 PM [] []
[2026-06-07 20:08:22] SlimMonoLogger.INFO: Cron ran at: 07-06-2026 08:08:22 PM [] []
[2026-06-07 20:08:22] SlimMonoLogger.INFO: Cron ran at: 07-06-2026 08:08:22 PM [] []
[2026-06-07 20:09:01] SlimMonoLogger.INFO: Cron ran at: 07-06-2026 08:09:01 PM [] []
[2026-06-07 20:09:02] SlimMonoLogger.INFO: Cron ran at: 07-06-2026 08:09:02 PM [] []
[2026-06-07 20:09:41] SlimMonoLogger.INFO: Cron ran at: 07-06-2026 08:09:41 PM [] []
[2026-06-07 20:09:41] SlimMonoLogger.INFO: Cron ran at: 07-06-2026 08:09:41 PM [] []
[2026-06-07 20:10:15] SlimMonoLogger.INFO: Cron ran at: 07-06-2026 08:10:15 PM [] []
[2026-06-07 20:10:22] SlimMonoLogger.INFO: Cron ran at: 07-06-2026 08:10:22 PM [] []
[2026-06-07 20:10:57] SlimMonoLogger.INFO: Cron ran at: 07-06-2026 08:10:57 PM [] []
[2026-06-07 20:11:01] SlimMonoLogger.INFO: Cron ran at: 07-06-2026 08:11:01 PM [] []
[2026-06-07 20:11:34] SlimMonoLogger.INFO: Cron ran at: 07-06-2026 08:11:34 PM [] []
[2026-06-07 20:11:42] SlimMonoLogger.INFO: Cron ran at: 07-06-2026 08:11:42 PM [] []
[2026-06-07 20:12:01] SlimMonoLogger.INFO: Cron ran at: 07-06-2026 08:12:01 PM [] []
[2026-06-07 20:12:11] SlimMonoLogger.INFO: Cron ran at: 07-06-2026 08:12:11 PM [] []
[2026-06-07 20:12:24] SlimMonoLogger.INFO: Cron ran at: 07-06-2026 08:12:24 PM [] []
[2026-06-07 20:12:31] SlimMonoLogger.INFO: Cron ran at: 07-06-2026 08:12:31 PM [] []
[2026-06-07 20:12:49] SlimMonoLogger.INFO: Cron ran at: 07-06-2026 08:12:49 PM [] []
[2026-06-07 20:13:02] SlimMonoLogger.INFO: Cron ran at: 07-06-2026 08:13:02 PM [] []
[2026-06-07 20:13:02] SlimMonoLogger.INFO: Cron ran at: 07-06-2026 08:13:02 PM [] []
[2026-06-07 20:13:27] SlimMonoLogger.INFO: Cron ran at: 07-06-2026 08:13:27 PM [] []
[2026-06-07 20:13:37] SlimMonoLogger.INFO: Cron ran at: 07-06-2026 08:13:37 PM [] []
[2026-06-07 20:13:41] SlimMonoLogger.INFO: Cron ran at: 07-06-2026 08:13:41 PM [] []
[2026-06-07 20:14:08] SlimMonoLogger.INFO: Cron ran at: 07-06-2026 08:14:08 PM [] []
[2026-06-07 20:14:08] SlimMonoLogger.INFO: Cron ran at: 07-06-2026 08:14:08 PM [] []
[2026-06-07 20:14:47] SlimMonoLogger.INFO: Cron ran at: 07-06-2026 08:14:47 PM [] []
[2026-06-07 20:14:48] SlimMonoLogger.INFO: Cron ran at: 07-06-2026 08:14:48 PM [] []
[2026-06-07 20:15:25] SlimMonoLogger.INFO: Cron ran at: 07-06-2026 08:15:25 PM [] []
[2026-06-07 20:15:32] SlimMonoLogger.INFO: Cron ran at: 07-06-2026 08:15:32 PM [] []
[2026-06-07 20:15:59] SlimMonoLogger.INFO: Cron ran at: 07-06-2026 08:15:59 PM [] []
[2026-06-07 20:16:12] SlimMonoLogger.INFO: Cron ran at: 07-06-2026 08:16:12 PM [] []
[2026-06-07 20:16:16] SlimMonoLogger.INFO: Cron ran at: 07-06-2026 08:16:16 PM [] []
[2026-06-07 20:16:36] SlimMonoLogger.INFO: Cron ran at: 07-06-2026 08:16:36 PM [] []
[2026-06-07 20:16:48] SlimMonoLogger.INFO: Cron ran at: 07-06-2026 08:16:48 PM [] []
[2026-06-07 20:16:48] SlimMonoLogger.INFO: Cron ran at: 07-06-2026 08:16:48 PM [] []
[2026-06-07 20:17:18] SlimMonoLogger.INFO: Cron ran at: 07-06-2026 08:17:18 PM [] []
[2026-06-07 20:17:22] SlimMonoLogger.INFO: Cron ran at: 07-06-2026 08:17:22 PM [] []
[2026-06-07 20:17:30] SlimMonoLogger.INFO: Cron ran at: 07-06-2026 08:17:30 PM [] []
[2026-06-07 20:17:56] SlimMonoLogger.INFO: Cron ran at: 07-06-2026 08:17:56 PM [] []
[2026-06-07 20:17:56] SlimMonoLogger.INFO: Cron ran at: 07-06-2026 08:17:56 PM [] []
[2026-06-07 20:18:08] SlimMonoLogger.INFO: Cron ran at: 07-06-2026 08:18:08 PM [] []
[2026-06-07 20:18:32] SlimMonoLogger.INFO: Cron ran at: 07-06-2026 08:18:32 PM [] []
[2026-06-07 20:18:36] SlimMonoLogger.INFO: Cron ran at: 07-06-2026 08:18:36 PM [] []
[2026-06-07 20:19:01] SlimMonoLogger.INFO: Cron ran at: 07-06-2026 08:19:01 PM [] []
[2026-06-07 20:19:19] SlimMonoLogger.INFO: Cron ran at: 07-06-2026 08:19:19 PM [] []
[2026-06-07 20:19:44] SlimMonoLogger.INFO: Cron ran at: 07-06-2026 08:19:44 PM [] []
[2026-06-07 20:19:57] SlimMonoLogger.INFO: Cron ran at: 07-06-2026 08:19:57 PM [] []
[2026-06-07 20:20:17] SlimMonoLogger.INFO: Cron ran at: 07-06-2026 08:20:17 PM [] []
[2026-06-07 20:20:38] SlimMonoLogger.INFO: Cron ran at: 07-06-2026 08:20:38 PM [] []
[2026-06-07 20:20:58] SlimMonoLogger.INFO: Cron ran at: 07-06-2026 08:20:58 PM [] []
[2026-06-07 20:21:19] SlimMonoLogger.INFO: Cron ran at: 07-06-2026 08:21:19 PM [] []
[2026-06-07 20:21:33] SlimMonoLogger.INFO: Cron ran at: 07-06-2026 08:21:33 PM [] []
[2026-06-07 20:21:48] SlimMonoLogger.INFO: Cron ran at: 07-06-2026 08:21:48 PM [] []
[2026-06-07 20:22:00] SlimMonoLogger.INFO: Cron ran at: 07-06-2026 08:22:00 PM [] []
[2026-06-07 20:22:14] SlimMonoLogger.INFO: Cron ran at: 07-06-2026 08:22:14 PM [] []
[2026-06-07 20:22:16] SlimMonoLogger.INFO: Cron ran at: 07-06-2026 08:22:16 PM [] []
[2026-06-07 20:22:42] SlimMonoLogger.INFO: Cron ran at: 07-06-2026 08:22:42 PM [] []
[2026-06-07 20:22:51] SlimMonoLogger.INFO: Cron ran at: 07-06-2026 08:22:51 PM [] []
[2026-06-07 20:22:51] SlimMonoLogger.INFO: Cron ran at: 07-06-2026 08:22:51 PM [] []
[2026-06-07 20:23:26] SlimMonoLogger.INFO: Cron ran at: 07-06-2026 08:23:26 PM [] []
[2026-06-07 20:23:28] SlimMonoLogger.INFO: Cron ran at: 07-06-2026 08:23:28 PM [] []
[2026-06-07 20:23:39] SlimMonoLogger.INFO: Cron ran at: 07-06-2026 08:23:39 PM [] []
[2026-06-07 20:23:56] SlimMonoLogger.INFO: Cron ran at: 07-06-2026 08:23:56 PM [] []
[2026-06-07 20:23:56] SlimMonoLogger.INFO: Cron ran at: 07-06-2026 08:23:56 PM [] []
[2026-06-07 20:24:14] SlimMonoLogger.INFO: Cron ran at: 07-06-2026 08:24:14 PM [] []
[2026-06-07 20:24:36] SlimMonoLogger.INFO: Cron ran at: 07-06-2026 08:24:36 PM [] []
[2026-06-07 20:24:54] SlimMonoLogger.INFO: Cron ran at: 07-06-2026 08:24:54 PM [] []
[2026-06-07 20:25:13] SlimMonoLogger.INFO: Cron ran at: 07-06-2026 08:25:13 PM [] []
[2026-06-07 20:25:33] SlimMonoLogger.INFO: Cron ran at: 07-06-2026 08:25:33 PM [] []
[2026-06-07 20:25:51] SlimMonoLogger.INFO: Cron ran at: 07-06-2026 08:25:51 PM [] []
[2026-06-07 20:26:11] SlimMonoLogger.INFO: Cron ran at: 07-06-2026 08:26:11 PM [] []
[2026-06-07 20:26:12] SlimMonoLogger.INFO: Cron ran at: 07-06-2026 08:26:12 PM [] []
[2026-06-07 20:26:25] SlimMonoLogger.INFO: Cron ran at: 07-06-2026 08:26:25 PM [] []
[2026-06-07 20:26:45] SlimMonoLogger.INFO: Cron ran at: 07-06-2026 08:26:45 PM [] []
[2026-06-07 20:26:58] SlimMonoLogger.INFO: Cron ran at: 07-06-2026 08:26:58 PM [] []
[2026-06-07 20:27:02] SlimMonoLogger.INFO: Cron ran at: 07-06-2026 08:27:02 PM [] []
[2026-06-07 20:27:14] SlimMonoLogger.INFO: Cron ran at: 07-06-2026 08:27:14 PM [] []
[2026-06-07 20:27:35] SlimMonoLogger.INFO: Cron ran at: 07-06-2026 08:27:35 PM [] []
[2026-06-07 20:27:41] SlimMonoLogger.INFO: Cron ran at: 07-06-2026 08:27:41 PM [] []
[2026-06-07 20:27:47] SlimMonoLogger.INFO: Cron ran at: 07-06-2026 08:27:47 PM [] []
[2026-06-07 20:28:19] SlimMonoLogger.INFO: Cron ran at: 07-06-2026 08:28:19 PM [] []
[2026-06-07 20:28:21] SlimMonoLogger.INFO: Cron ran at: 07-06-2026 08:28:21 PM [] []
[2026-06-07 20:28:22] SlimMonoLogger.INFO: Cron ran at: 07-06-2026 08:28:22 PM [] []
[2026-06-07 20:29:02] SlimMonoLogger.INFO: Cron ran at: 07-06-2026 08:29:02 PM [] []
[2026-06-07 20:29:02] SlimMonoLogger.INFO: Cron ran at: 07-06-2026 08:29:02 PM [] []
[2026-06-07 20:29:39] SlimMonoLogger.INFO: Cron ran at: 07-06-2026 08:29:39 PM [] []
[2026-06-07 20:29:45] SlimMonoLogger.INFO: Cron ran at: 07-06-2026 08:29:45 PM [] []
[2026-06-07 20:30:14] SlimMonoLogger.INFO: Cron ran at: 07-06-2026 08:30:14 PM [] []
[2026-06-07 20:30:24] SlimMonoLogger.INFO: Cron ran at: 07-06-2026 08:30:24 PM [] []
[2026-06-07 20:30:49] SlimMonoLogger.INFO: Cron ran at: 07-06-2026 08:30:49 PM [] []
[2026-06-07 20:31:04] SlimMonoLogger.INFO: Cron ran at: 07-06-2026 08:31:04 PM [] []
[2026-06-07 20:31:22] SlimMonoLogger.INFO: Cron ran at: 07-06-2026 08:31:22 PM [] []
[2026-06-07 20:31:29] SlimMonoLogger.INFO: Cron ran at: 07-06-2026 08:31:29 PM [] []
[2026-06-07 20:31:42] SlimMonoLogger.INFO: Cron ran at: 07-06-2026 08:31:42 PM [] []
[2026-06-07 20:31:42] SlimMonoLogger.INFO: Cron ran at: 07-06-2026 08:31:42 PM [] []
[2026-06-07 20:32:06] SlimMonoLogger.INFO: Cron ran at: 07-06-2026 08:32:06 PM [] []
[2026-06-07 20:32:17] SlimMonoLogger.INFO: Cron ran at: 07-06-2026 08:32:17 PM [] []
[2026-06-07 20:32:22] SlimMonoLogger.INFO: Cron ran at: 07-06-2026 08:32:22 PM [] []
[2026-06-07 20:32:50] SlimMonoLogger.INFO: Cron ran at: 07-06-2026 08:32:50 PM [] []
[2026-06-07 20:32:51] SlimMonoLogger.INFO: Cron ran at: 07-06-2026 08:32:51 PM [] []
[2026-06-07 20:33:01] SlimMonoLogger.INFO: Cron ran at: 07-06-2026 08:33:01 PM [] []
[2026-06-07 20:33:29] SlimMonoLogger.INFO: Cron ran at: 07-06-2026 08:33:29 PM [] []
[2026-06-07 20:33:36] SlimMonoLogger.INFO: Cron ran at: 07-06-2026 08:33:36 PM [] []
[2026-06-07 20:34:00] SlimMonoLogger.INFO: Cron ran at: 07-06-2026 08:34:00 PM [] []
[2026-06-07 20:34:13] SlimMonoLogger.INFO: Cron ran at: 07-06-2026 08:34:13 PM [] []
[2026-06-07 20:34:14] SlimMonoLogger.INFO: Cron ran at: 07-06-2026 08:34:14 PM [] []
[2026-06-07 20:34:49] SlimMonoLogger.INFO: Cron ran at: 07-06-2026 08:34:49 PM [] []
[2026-06-07 20:35:06] SlimMonoLogger.INFO: Cron ran at: 07-06-2026 08:35:06 PM [] []
[2026-06-07 20:35:33] SlimMonoLogger.INFO: Cron ran at: 07-06-2026 08:35:33 PM [] []
[2026-06-07 20:35:40] SlimMonoLogger.INFO: Cron ran at: 07-06-2026 08:35:40 PM [] []
[2026-06-07 20:37:04] SlimMonoLogger.INFO: Cron ran at: 07-06-2026 08:37:04 PM [] []
[2026-06-07 20:37:04] SlimMonoLogger.INFO: Cron ran at: 07-06-2026 08:37:04 PM [] []
[2026-06-07 20:37:04] SlimMonoLogger.INFO: Cron ran at: 07-06-2026 08:37:04 PM [] []
[2026-06-07 20:37:05] SlimMonoLogger.INFO: Cron ran at: 07-06-2026 08:37:05 PM [] []
[2026-06-07 20:37:05] SlimMonoLogger.INFO: Cron ran at: 07-06-2026 08:37:05 PM [] []
[2026-06-07 20:37:06] SlimMonoLogger.INFO: Cron ran at: 07-06-2026 08:37:06 PM [] []
[2026-06-07 20:37:09] SlimMonoLogger.INFO: Cron ran at: 07-06-2026 08:37:09 PM [] []
[2026-06-07 20:37:30] SlimMonoLogger.INFO: Cron ran at: 07-06-2026 08:37:30 PM [] []
[2026-06-07 20:37:32] SlimMonoLogger.INFO: Cron ran at: 07-06-2026 08:37:32 PM [] []
[2026-06-07 20:37:32] SlimMonoLogger.INFO: Cron ran at: 07-06-2026 08:37:32 PM [] []
[2026-06-07 20:38:05] SlimMonoLogger.INFO: Cron ran at: 07-06-2026 08:38:05 PM [] []
[2026-06-07 20:38:11] SlimMonoLogger.INFO: Cron ran at: 07-06-2026 08:38:11 PM [] []
[2026-06-07 20:38:26] SlimMonoLogger.INFO: Cron ran at: 07-06-2026 08:38:26 PM [] []
[2026-06-07 20:38:51] SlimMonoLogger.INFO: Cron ran at: 07-06-2026 08:38:51 PM [] []
[2026-06-07 20:39:11] SlimMonoLogger.INFO: Cron ran at: 07-06-2026 08:39:11 PM [] []
[2026-06-07 20:39:19] SlimMonoLogger.INFO: Cron ran at: 07-06-2026 08:39:19 PM [] []
[2026-06-07 20:39:47] SlimMonoLogger.INFO: Cron ran at: 07-06-2026 08:39:47 PM [] []
[2026-06-07 20:39:53] SlimMonoLogger.INFO: Cron ran at: 07-06-2026 08:39:53 PM [] []
[2026-06-07 20:40:25] SlimMonoLogger.INFO: Cron ran at: 07-06-2026 08:40:25 PM [] []
[2026-06-07 20:40:27] SlimMonoLogger.INFO: Cron ran at: 07-06-2026 08:40:27 PM [] []
[2026-06-07 20:40:52] SlimMonoLogger.INFO: Cron ran at: 07-06-2026 08:40:52 PM [] []
[2026-06-07 20:41:07] SlimMonoLogger.INFO: Cron ran at: 07-06-2026 08:41:07 PM [] []
[2026-06-07 20:41:31] SlimMonoLogger.INFO: Cron ran at: 07-06-2026 08:41:31 PM [] []
[2026-06-07 20:41:37] SlimMonoLogger.INFO: Cron ran at: 07-06-2026 08:41:37 PM [] []
[2026-06-07 20:41:42] SlimMonoLogger.INFO: Cron ran at: 07-06-2026 08:41:42 PM [] []
[2026-06-07 20:42:07] SlimMonoLogger.INFO: Cron ran at: 07-06-2026 08:42:07 PM [] []
[2026-06-07 20:42:12] SlimMonoLogger.INFO: Cron ran at: 07-06-2026 08:42:12 PM [] []
[2026-06-07 20:42:22] SlimMonoLogger.INFO: Cron ran at: 07-06-2026 08:42:22 PM [] []
[2026-06-07 20:42:35] SlimMonoLogger.INFO: Cron ran at: 07-06-2026 08:42:35 PM [] []
[2026-06-07 20:42:51] SlimMonoLogger.INFO: Cron ran at: 07-06-2026 08:42:51 PM [] []
[2026-06-07 20:42:51] SlimMonoLogger.INFO: Cron ran at: 07-06-2026 08:42:51 PM [] []
[2026-06-07 20:43:07] SlimMonoLogger.INFO: Cron ran at: 07-06-2026 08:43:07 PM [] []
[2026-06-07 20:43:38] SlimMonoLogger.INFO: Cron ran at: 07-06-2026 08:43:38 PM [] []
[2026-06-07 20:43:41] SlimMonoLogger.INFO: Cron ran at: 07-06-2026 08:43:41 PM [] []
[2026-06-07 20:44:23] SlimMonoLogger.INFO: Cron ran at: 07-06-2026 08:44:23 PM [] []
[2026-06-07 20:44:24] SlimMonoLogger.INFO: Cron ran at: 07-06-2026 08:44:24 PM [] []
[2026-06-07 20:45:01] SlimMonoLogger.INFO: Cron ran at: 07-06-2026 08:45:01 PM [] []
[2026-06-07 20:45:01] SlimMonoLogger.INFO: Cron ran at: 07-06-2026 08:45:01 PM [] []
[2026-06-07 20:45:35] SlimMonoLogger.INFO: Cron ran at: 07-06-2026 08:45:35 PM [] []
[2026-06-07 20:45:56] SlimMonoLogger.INFO: Cron ran at: 07-06-2026 08:45:56 PM [] []
[2026-06-07 20:46:15] SlimMonoLogger.INFO: Cron ran at: 07-06-2026 08:46:15 PM [] []
[2026-06-07 20:46:24] SlimMonoLogger.INFO: Cron ran at: 07-06-2026 08:46:24 PM [] []
[2026-06-07 20:46:25] SlimMonoLogger.INFO: Cron ran at: 07-06-2026 08:46:25 PM [] []
[2026-06-07 20:46:43] SlimMonoLogger.INFO: Cron ran at: 07-06-2026 08:46:43 PM [] []
[2026-06-07 20:46:45] SlimMonoLogger.INFO: Cron ran at: 07-06-2026 08:46:45 PM [] []
[2026-06-07 20:47:05] SlimMonoLogger.INFO: Cron ran at: 07-06-2026 08:47:05 PM [] []
[2026-06-07 20:47:18] SlimMonoLogger.INFO: Cron ran at: 07-06-2026 08:47:18 PM [] []
[2026-06-07 20:47:18] SlimMonoLogger.INFO: Cron ran at: 07-06-2026 08:47:18 PM [] []
[2026-06-07 20:47:44] SlimMonoLogger.INFO: Cron ran at: 07-06-2026 08:47:44 PM [] []
[2026-06-07 20:47:59] SlimMonoLogger.INFO: Cron ran at: 07-06-2026 08:47:59 PM [] []
[2026-06-07 20:48:07] SlimMonoLogger.INFO: Cron ran at: 07-06-2026 08:48:07 PM [] []
[2026-06-07 20:48:25] SlimMonoLogger.INFO: Cron ran at: 07-06-2026 08:48:25 PM [] []
[2026-06-07 20:48:36] SlimMonoLogger.INFO: Cron ran at: 07-06-2026 08:48:36 PM [] []
[2026-06-07 20:48:45] SlimMonoLogger.INFO: Cron ran at: 07-06-2026 08:48:45 PM [] []
[2026-06-07 20:49:13] SlimMonoLogger.INFO: Cron ran at: 07-06-2026 08:49:13 PM [] []
[2026-06-07 20:49:29] SlimMonoLogger.INFO: Cron ran at: 07-06-2026 08:49:29 PM [] []
[2026-06-07 20:49:43] SlimMonoLogger.INFO: Cron ran at: 07-06-2026 08:49:43 PM [] []
[2026-06-07 20:50:12] SlimMonoLogger.INFO: Cron ran at: 07-06-2026 08:50:12 PM [] []
[2026-06-07 20:50:28] SlimMonoLogger.INFO: Cron ran at: 07-06-2026 08:50:28 PM [] []
[2026-06-07 20:50:48] SlimMonoLogger.INFO: Cron ran at: 07-06-2026 08:50:48 PM [] []
[2026-06-07 20:50:53] SlimMonoLogger.INFO: Cron ran at: 07-06-2026 08:50:53 PM [] []
[2026-06-07 20:51:29] SlimMonoLogger.INFO: Cron ran at: 07-06-2026 08:51:29 PM [] []
[2026-06-07 20:51:30] SlimMonoLogger.INFO: Cron ran at: 07-06-2026 08:51:30 PM [] []
[2026-06-07 20:51:47] SlimMonoLogger.INFO: Cron ran at: 07-06-2026 08:51:47 PM [] []
[2026-06-07 20:52:09] SlimMonoLogger.INFO: Cron ran at: 07-06-2026 08:52:09 PM [] []
[2026-06-07 20:52:16] SlimMonoLogger.INFO: Cron ran at: 07-06-2026 08:52:16 PM [] []
[2026-06-07 20:52:19] SlimMonoLogger.INFO: Cron ran at: 07-06-2026 08:52:19 PM [] []
[2026-06-07 20:52:49] SlimMonoLogger.INFO: Cron ran at: 07-06-2026 08:52:49 PM [] []
[2026-06-07 20:52:51] SlimMonoLogger.INFO: Cron ran at: 07-06-2026 08:52:51 PM [] []
[2026-06-07 20:53:10] SlimMonoLogger.INFO: Cron ran at: 07-06-2026 08:53:10 PM [] []
[2026-06-07 20:53:33] SlimMonoLogger.INFO: Cron ran at: 07-06-2026 08:53:33 PM [] []
[2026-06-07 20:53:44] SlimMonoLogger.INFO: Cron ran at: 07-06-2026 08:53:44 PM [] []
[2026-06-07 20:53:46] SlimMonoLogger.INFO: Cron ran at: 07-06-2026 08:53:46 PM [] []
[2026-06-07 20:54:06] SlimMonoLogger.INFO: Cron ran at: 07-06-2026 08:54:06 PM [] []
[2026-06-07 20:54:31] SlimMonoLogger.INFO: Cron ran at: 07-06-2026 08:54:31 PM [] []
[2026-06-07 20:54:42] SlimMonoLogger.INFO: Cron ran at: 07-06-2026 08:54:42 PM [] []
[2026-06-07 20:55:08] SlimMonoLogger.INFO: Cron ran at: 07-06-2026 08:55:08 PM [] []
[2026-06-07 20:55:12] SlimMonoLogger.INFO: Cron ran at: 07-06-2026 08:55:12 PM [] []
[2026-06-07 20:55:43] SlimMonoLogger.INFO: Cron ran at: 07-06-2026 08:55:43 PM [] []
[2026-06-07 20:55:52] SlimMonoLogger.INFO: Cron ran at: 07-06-2026 08:55:52 PM [] []
[2026-06-07 20:56:21] SlimMonoLogger.INFO: Cron ran at: 07-06-2026 08:56:21 PM [] []
[2026-06-07 20:56:22] SlimMonoLogger.INFO: Cron ran at: 07-06-2026 08:56:22 PM [] []
[2026-06-07 20:57:00] SlimMonoLogger.INFO: Cron ran at: 07-06-2026 08:57:00 PM [] []
[2026-06-07 20:57:03] SlimMonoLogger.INFO: Cron ran at: 07-06-2026 08:57:03 PM [] []
[2026-06-07 20:57:14] SlimMonoLogger.INFO: Cron ran at: 07-06-2026 08:57:14 PM [] []
[2026-06-07 20:57:42] SlimMonoLogger.INFO: Cron ran at: 07-06-2026 08:57:42 PM [] []
[2026-06-07 20:57:43] SlimMonoLogger.INFO: Cron ran at: 07-06-2026 08:57:43 PM [] []
[2026-06-07 20:57:44] SlimMonoLogger.INFO: Cron ran at: 07-06-2026 08:57:44 PM [] []
[2026-06-07 20:58:12] SlimMonoLogger.INFO: Cron ran at: 07-06-2026 08:58:12 PM [] []
[2026-06-07 20:58:15] SlimMonoLogger.INFO: Cron ran at: 07-06-2026 08:58:15 PM [] []
[2026-06-07 20:58:19] SlimMonoLogger.INFO: Cron ran at: 07-06-2026 08:58:19 PM [] []
[2026-06-07 20:58:48] SlimMonoLogger.INFO: Cron ran at: 07-06-2026 08:58:48 PM [] []
[2026-06-07 20:58:59] SlimMonoLogger.INFO: Cron ran at: 07-06-2026 08:58:59 PM [] []
[2026-06-07 20:59:21] SlimMonoLogger.INFO: Cron ran at: 07-06-2026 08:59:21 PM [] []
[2026-06-07 20:59:40] SlimMonoLogger.INFO: Cron ran at: 07-06-2026 08:59:40 PM [] []
[2026-06-07 20:59:53] SlimMonoLogger.INFO: Cron ran at: 07-06-2026 08:59:53 PM [] []
[2026-06-07 21:00:25] SlimMonoLogger.INFO: Cron ran at: 07-06-2026 09:00:25 PM [] []
[2026-06-07 21:00:31] SlimMonoLogger.INFO: Cron ran at: 07-06-2026 09:00:31 PM [] []
[2026-06-07 21:01:09] SlimMonoLogger.INFO: Cron ran at: 07-06-2026 09:01:09 PM [] []
[2026-06-07 21:01:12] SlimMonoLogger.INFO: Cron ran at: 07-06-2026 09:01:12 PM [] []
[2026-06-07 21:01:27] SlimMonoLogger.INFO: Cron ran at: 07-06-2026 09:01:27 PM [] []
[2026-06-07 21:01:38] SlimMonoLogger.INFO: Cron ran at: 07-06-2026 09:01:38 PM [] []
[2026-06-07 21:01:48] SlimMonoLogger.INFO: Cron ran at: 07-06-2026 09:01:48 PM [] []
[2026-06-07 21:01:51] SlimMonoLogger.INFO: Cron ran at: 07-06-2026 09:01:51 PM [] []
[2026-06-07 21:02:15] SlimMonoLogger.INFO: Cron ran at: 07-06-2026 09:02:15 PM [] []
[2026-06-07 21:02:20] SlimMonoLogger.INFO: Cron ran at: 07-06-2026 09:02:20 PM [] []
[2026-06-07 21:02:21] SlimMonoLogger.INFO: Cron ran at: 07-06-2026 09:02:21 PM [] []
[2026-06-07 21:02:51] SlimMonoLogger.INFO: Cron ran at: 07-06-2026 09:02:51 PM [] []
[2026-06-07 21:02:52] SlimMonoLogger.INFO: Cron ran at: 07-06-2026 09:02:52 PM [] []
[2026-06-07 21:02:53] SlimMonoLogger.INFO: Cron ran at: 07-06-2026 09:02:53 PM [] []
[2026-06-07 21:03:26] SlimMonoLogger.INFO: Cron ran at: 07-06-2026 09:03:26 PM [] []
[2026-06-07 21:03:28] SlimMonoLogger.INFO: Cron ran at: 07-06-2026 09:03:28 PM [] []
[2026-06-07 21:03:36] SlimMonoLogger.INFO: Cron ran at: 07-06-2026 09:03:36 PM [] []
[2026-06-07 21:03:56] SlimMonoLogger.INFO: Cron ran at: 07-06-2026 09:03:56 PM [] []
[2026-06-07 21:04:11] SlimMonoLogger.INFO: Cron ran at: 07-06-2026 09:04:11 PM [] []
[2026-06-07 21:04:33] SlimMonoLogger.INFO: Cron ran at: 07-06-2026 09:04:33 PM [] []
[2026-06-07 21:04:54] SlimMonoLogger.INFO: Cron ran at: 07-06-2026 09:04:54 PM [] []
[2026-06-07 21:05:11] SlimMonoLogger.INFO: Cron ran at: 07-06-2026 09:05:11 PM [] []
[2026-06-07 21:05:37] SlimMonoLogger.INFO: Cron ran at: 07-06-2026 09:05:37 PM [] []
[2026-06-07 21:05:51] SlimMonoLogger.INFO: Cron ran at: 07-06-2026 09:05:51 PM [] []
[2026-06-07 21:06:16] SlimMonoLogger.INFO: Cron ran at: 07-06-2026 09:06:16 PM [] []
[2026-06-07 21:06:17] SlimMonoLogger.INFO: Cron ran at: 07-06-2026 09:06:17 PM [] []
[2026-06-07 21:06:33] SlimMonoLogger.INFO: Cron ran at: 07-06-2026 09:06:33 PM [] []
[2026-06-07 21:06:43] SlimMonoLogger.INFO: Cron ran at: 07-06-2026 09:06:43 PM [] []
[2026-06-07 21:06:54] SlimMonoLogger.INFO: Cron ran at: 07-06-2026 09:06:54 PM [] []
[2026-06-07 21:07:09] SlimMonoLogger.INFO: Cron ran at: 07-06-2026 09:07:09 PM [] []
[2026-06-07 21:07:25] SlimMonoLogger.INFO: Cron ran at: 07-06-2026 09:07:25 PM [] []
[2026-06-07 21:07:41] SlimMonoLogger.INFO: Cron ran at: 07-06-2026 09:07:41 PM [] []
[2026-06-07 21:07:52] SlimMonoLogger.INFO: Cron ran at: 07-06-2026 09:07:52 PM [] []
[2026-06-07 21:07:56] SlimMonoLogger.INFO: Cron ran at: 07-06-2026 09:07:56 PM [] []
[2026-06-07 21:08:19] SlimMonoLogger.INFO: Cron ran at: 07-06-2026 09:08:19 PM [] []
[2026-06-07 21:08:30] SlimMonoLogger.INFO: Cron ran at: 07-06-2026 09:08:30 PM [] []
[2026-06-07 21:08:34] SlimMonoLogger.INFO: Cron ran at: 07-06-2026 09:08:34 PM [] []
[2026-06-07 21:08:58] SlimMonoLogger.INFO: Cron ran at: 07-06-2026 09:08:58 PM [] []
[2026-06-07 21:09:00] SlimMonoLogger.INFO: Cron ran at: 07-06-2026 09:09:00 PM [] []
[2026-06-07 21:09:10] SlimMonoLogger.INFO: Cron ran at: 07-06-2026 09:09:10 PM [] []
[2026-06-07 21:09:43] SlimMonoLogger.INFO: Cron ran at: 07-06-2026 09:09:43 PM [] []
[2026-06-07 21:09:51] SlimMonoLogger.INFO: Cron ran at: 07-06-2026 09:09:51 PM [] []
[2026-06-07 21:10:16] SlimMonoLogger.INFO: Cron ran at: 07-06-2026 09:10:16 PM [] []
[2026-06-07 21:10:37] SlimMonoLogger.INFO: Cron ran at: 07-06-2026 09:10:37 PM [] []
[2026-06-07 21:10:53] SlimMonoLogger.INFO: Cron ran at: 07-06-2026 09:10:53 PM [] []
[2026-06-07 21:11:16] SlimMonoLogger.INFO: Cron ran at: 07-06-2026 09:11:16 PM [] []
[2026-06-07 21:11:16] SlimMonoLogger.INFO: Cron ran at: 07-06-2026 09:11:16 PM [] []
[2026-06-07 21:11:31] SlimMonoLogger.INFO: Cron ran at: 07-06-2026 09:11:31 PM [] []
[2026-06-07 21:11:50] SlimMonoLogger.INFO: Cron ran at: 07-06-2026 09:11:50 PM [] []
[2026-06-07 21:11:50] SlimMonoLogger.INFO: Cron ran at: 07-06-2026 09:11:50 PM [] []
[2026-06-07 21:12:10] SlimMonoLogger.INFO: Cron ran at: 07-06-2026 09:12:10 PM [] []
[2026-06-07 21:12:26] SlimMonoLogger.INFO: Cron ran at: 07-06-2026 09:12:26 PM [] []
[2026-06-07 21:12:32] SlimMonoLogger.INFO: Cron ran at: 07-06-2026 09:12:32 PM [] []
[2026-06-07 21:12:50] SlimMonoLogger.INFO: Cron ran at: 07-06-2026 09:12:50 PM [] []
[2026-06-07 21:12:51] SlimMonoLogger.INFO: Cron ran at: 07-06-2026 09:12:51 PM [] []
[2026-06-07 21:13:13] SlimMonoLogger.INFO: Cron ran at: 07-06-2026 09:13:13 PM [] []
[2026-06-07 21:13:28] SlimMonoLogger.INFO: Cron ran at: 07-06-2026 09:13:28 PM [] []
[2026-06-07 21:13:29] SlimMonoLogger.INFO: Cron ran at: 07-06-2026 09:13:29 PM [] []
[2026-06-07 21:14:07] SlimMonoLogger.INFO: Cron ran at: 07-06-2026 09:14:07 PM [] []
[2026-06-07 21:14:09] SlimMonoLogger.INFO: Cron ran at: 07-06-2026 09:14:09 PM [] []
[2026-06-07 21:14:46] SlimMonoLogger.INFO: Cron ran at: 07-06-2026 09:14:46 PM [] []
[2026-06-07 21:14:49] SlimMonoLogger.INFO: Cron ran at: 07-06-2026 09:14:49 PM [] []
[2026-06-07 21:15:20] SlimMonoLogger.INFO: Cron ran at: 07-06-2026 09:15:20 PM [] []
[2026-06-07 21:15:39] SlimMonoLogger.INFO: Cron ran at: 07-06-2026 09:15:39 PM [] []
[2026-06-07 21:16:02] SlimMonoLogger.INFO: Cron ran at: 07-06-2026 09:16:02 PM [] []
[2026-06-07 21:16:15] SlimMonoLogger.INFO: Cron ran at: 07-06-2026 09:16:15 PM [] []
[2026-06-07 21:16:41] SlimMonoLogger.INFO: Cron ran at: 07-06-2026 09:16:41 PM [] []
[2026-06-07 21:16:56] SlimMonoLogger.INFO: Cron ran at: 07-06-2026 09:16:56 PM [] []
[2026-06-07 21:17:08] SlimMonoLogger.INFO: Cron ran at: 07-06-2026 09:17:08 PM [] []
[2026-06-07 21:17:17] SlimMonoLogger.INFO: Cron ran at: 07-06-2026 09:17:17 PM [] []
[2026-06-07 21:17:29] SlimMonoLogger.INFO: Cron ran at: 07-06-2026 09:17:29 PM [] []
[2026-06-07 21:17:30] SlimMonoLogger.INFO: Cron ran at: 07-06-2026 09:17:30 PM [] []
[2026-06-07 21:17:58] SlimMonoLogger.INFO: Cron ran at: 07-06-2026 09:17:58 PM [] []
[2026-06-07 21:18:02] SlimMonoLogger.INFO: Cron ran at: 07-06-2026 09:18:02 PM [] []
[2026-06-07 21:18:07] SlimMonoLogger.INFO: Cron ran at: 07-06-2026 09:18:07 PM [] []
[2026-06-07 21:18:35] SlimMonoLogger.INFO: Cron ran at: 07-06-2026 09:18:35 PM [] []
[2026-06-07 21:18:37] SlimMonoLogger.INFO: Cron ran at: 07-06-2026 09:18:37 PM [] []
[2026-06-07 21:19:14] SlimMonoLogger.INFO: Cron ran at: 07-06-2026 09:19:14 PM [] []
[2026-06-07 21:19:15] SlimMonoLogger.INFO: Cron ran at: 07-06-2026 09:19:15 PM [] []
[2026-06-07 21:19:48] SlimMonoLogger.INFO: Cron ran at: 07-06-2026 09:19:48 PM [] []
[2026-06-07 21:19:51] SlimMonoLogger.INFO: Cron ran at: 07-06-2026 09:19:51 PM [] []
[2026-06-07 21:20:26] SlimMonoLogger.INFO: Cron ran at: 07-06-2026 09:20:26 PM [] []
[2026-06-07 21:20:40] SlimMonoLogger.INFO: Cron ran at: 07-06-2026 09:20:40 PM [] []
[2026-06-07 21:21:07] SlimMonoLogger.INFO: Cron ran at: 07-06-2026 09:21:07 PM [] []
[2026-06-07 21:21:20] SlimMonoLogger.INFO: Cron ran at: 07-06-2026 09:21:20 PM [] []
[2026-06-07 21:21:46] SlimMonoLogger.INFO: Cron ran at: 07-06-2026 09:21:46 PM [] []
[2026-06-07 21:21:56] SlimMonoLogger.INFO: Cron ran at: 07-06-2026 09:21:56 PM [] []
[2026-06-07 21:22:13] SlimMonoLogger.INFO: Cron ran at: 07-06-2026 09:22:13 PM [] []
[2026-06-07 21:22:25] SlimMonoLogger.INFO: Cron ran at: 07-06-2026 09:22:25 PM [] []
[2026-06-07 21:22:27] SlimMonoLogger.INFO: Cron ran at: 07-06-2026 09:22:27 PM [] []
[2026-06-07 21:22:45] SlimMonoLogger.INFO: Cron ran at: 07-06-2026 09:22:45 PM [] []
[2026-06-07 21:23:03] SlimMonoLogger.INFO: Cron ran at: 07-06-2026 09:23:03 PM [] []
[2026-06-07 21:23:09] SlimMonoLogger.INFO: Cron ran at: 07-06-2026 09:23:09 PM [] []
[2026-06-07 21:23:26] SlimMonoLogger.INFO: Cron ran at: 07-06-2026 09:23:26 PM [] []
[2026-06-07 21:23:28] SlimMonoLogger.INFO: Cron ran at: 07-06-2026 09:23:28 PM [] []
[2026-06-07 21:23:47] SlimMonoLogger.INFO: Cron ran at: 07-06-2026 09:23:47 PM [] []
[2026-06-07 21:24:00] SlimMonoLogger.INFO: Cron ran at: 07-06-2026 09:24:00 PM [] []
[2026-06-07 21:24:25] SlimMonoLogger.INFO: Cron ran at: 07-06-2026 09:24:25 PM [] []
[2026-06-07 21:24:43] SlimMonoLogger.INFO: Cron ran at: 07-06-2026 09:24:43 PM [] []
[2026-06-07 21:25:08] SlimMonoLogger.INFO: Cron ran at: 07-06-2026 09:25:08 PM [] []
[2026-06-07 21:25:17] SlimMonoLogger.INFO: Cron ran at: 07-06-2026 09:25:17 PM [] []
[2026-06-07 21:25:38] SlimMonoLogger.INFO: Cron ran at: 07-06-2026 09:25:38 PM [] []
[2026-06-07 21:25:45] SlimMonoLogger.INFO: Cron ran at: 07-06-2026 09:25:45 PM [] []
[2026-06-07 21:26:17] SlimMonoLogger.INFO: Cron ran at: 07-06-2026 09:26:17 PM [] []
[2026-06-07 21:26:22] SlimMonoLogger.INFO: Cron ran at: 07-06-2026 09:26:22 PM [] []
[2026-06-07 21:26:41] SlimMonoLogger.INFO: Cron ran at: 07-06-2026 09:26:41 PM [] []
[2026-06-07 21:26:56] SlimMonoLogger.INFO: Cron ran at: 07-06-2026 09:26:56 PM [] []
[2026-06-07 21:26:57] SlimMonoLogger.INFO: Cron ran at: 07-06-2026 09:26:57 PM [] []
[2026-06-07 21:27:07] SlimMonoLogger.INFO: Cron ran at: 07-06-2026 09:27:07 PM [] []
[2026-06-07 21:27:40] SlimMonoLogger.INFO: Cron ran at: 07-06-2026 09:27:40 PM [] []
[2026-06-07 21:27:40] SlimMonoLogger.INFO: Cron ran at: 07-06-2026 09:27:40 PM [] []
[2026-06-07 21:27:42] SlimMonoLogger.INFO: Cron ran at: 07-06-2026 09:27:42 PM [] []
[2026-06-07 21:28:13] SlimMonoLogger.INFO: Cron ran at: 07-06-2026 09:28:13 PM [] []
[2026-06-07 21:28:13] SlimMonoLogger.INFO: Cron ran at: 07-06-2026 09:28:13 PM [] []
[2026-06-07 21:28:21] SlimMonoLogger.INFO: Cron ran at: 07-06-2026 09:28:21 PM [] []
[2026-06-07 21:28:45] SlimMonoLogger.INFO: Cron ran at: 07-06-2026 09:28:45 PM [] []
[2026-06-07 21:28:54] SlimMonoLogger.INFO: Cron ran at: 07-06-2026 09:28:54 PM [] []
[2026-06-07 21:29:00] SlimMonoLogger.INFO: Cron ran at: 07-06-2026 09:29:00 PM [] []
[2026-06-07 21:29:23] SlimMonoLogger.INFO: Cron ran at: 07-06-2026 09:29:23 PM [] []
[2026-06-07 21:29:49] SlimMonoLogger.INFO: Cron ran at: 07-06-2026 09:29:49 PM [] []
[2026-06-07 21:30:13] SlimMonoLogger.INFO: Cron ran at: 07-06-2026 09:30:13 PM [] []
[2026-06-07 21:30:29] SlimMonoLogger.INFO: Cron ran at: 07-06-2026 09:30:29 PM [] []
[2026-06-07 21:30:39] SlimMonoLogger.INFO: Cron ran at: 07-06-2026 09:30:39 PM [] []
[2026-06-07 21:31:06] SlimMonoLogger.INFO: Cron ran at: 07-06-2026 09:31:06 PM [] []
[2026-06-07 21:31:16] SlimMonoLogger.INFO: Cron ran at: 07-06-2026 09:31:16 PM [] []
[2026-06-07 21:31:42] SlimMonoLogger.INFO: Cron ran at: 07-06-2026 09:31:42 PM [] []
[2026-06-07 21:31:44] SlimMonoLogger.INFO: Cron ran at: 07-06-2026 09:31:44 PM [] []
[2026-06-07 21:31:45] SlimMonoLogger.INFO: Cron ran at: 07-06-2026 09:31:45 PM [] []
[2026-06-07 21:32:20] SlimMonoLogger.INFO: Cron ran at: 07-06-2026 09:32:20 PM [] []
[2026-06-07 21:32:21] SlimMonoLogger.INFO: Cron ran at: 07-06-2026 09:32:21 PM [] []
[2026-06-07 21:32:27] SlimMonoLogger.INFO: Cron ran at: 07-06-2026 09:32:27 PM [] []
[2026-06-07 21:32:49] SlimMonoLogger.INFO: Cron ran at: 07-06-2026 09:32:49 PM [] []
[2026-06-07 21:33:00] SlimMonoLogger.INFO: Cron ran at: 07-06-2026 09:33:00 PM [] []
[2026-06-07 21:33:06] SlimMonoLogger.INFO: Cron ran at: 07-06-2026 09:33:06 PM [] []
[2026-06-07 21:33:27] SlimMonoLogger.INFO: Cron ran at: 07-06-2026 09:33:27 PM [] []
[2026-06-07 21:33:44] SlimMonoLogger.INFO: Cron ran at: 07-06-2026 09:33:44 PM [] []
[2026-06-07 21:33:45] SlimMonoLogger.INFO: Cron ran at: 07-06-2026 09:33:45 PM [] []
[2026-06-07 21:33:57] SlimMonoLogger.INFO: Cron ran at: 07-06-2026 09:33:57 PM [] []
[2026-06-07 21:34:27] SlimMonoLogger.INFO: Cron ran at: 07-06-2026 09:34:27 PM [] []
[2026-06-07 21:34:34] SlimMonoLogger.INFO: Cron ran at: 07-06-2026 09:34:34 PM [] []
[2026-06-07 21:35:08] SlimMonoLogger.INFO: Cron ran at: 07-06-2026 09:35:08 PM [] []
[2026-06-07 21:35:35] SlimMonoLogger.INFO: Cron ran at: 07-06-2026 09:35:35 PM [] []
[2026-06-07 21:35:56] SlimMonoLogger.INFO: Cron ran at: 07-06-2026 09:35:56 PM [] []
[2026-06-07 21:35:56] SlimMonoLogger.INFO: Cron ran at: 07-06-2026 09:35:56 PM [] []
[2026-06-07 21:36:30] SlimMonoLogger.INFO: Cron ran at: 07-06-2026 09:36:30 PM [] []
[2026-06-07 21:36:30] SlimMonoLogger.INFO: Cron ran at: 07-06-2026 09:36:30 PM [] []
[2026-06-07 21:36:46] SlimMonoLogger.INFO: Cron ran at: 07-06-2026 09:36:46 PM [] []
[2026-06-07 21:37:12] SlimMonoLogger.INFO: Cron ran at: 07-06-2026 09:37:12 PM [] []
[2026-06-07 21:37:13] SlimMonoLogger.INFO: Cron ran at: 07-06-2026 09:37:13 PM [] []
[2026-06-07 21:37:14] SlimMonoLogger.INFO: Cron ran at: 07-06-2026 09:37:14 PM [] []
[2026-06-07 21:37:49] SlimMonoLogger.INFO: Cron ran at: 07-06-2026 09:37:49 PM [] []
[2026-06-07 21:37:50] SlimMonoLogger.INFO: Cron ran at: 07-06-2026 09:37:50 PM [] []
[2026-06-07 21:37:54] SlimMonoLogger.INFO: Cron ran at: 07-06-2026 09:37:54 PM [] []
[2026-06-07 21:38:25] SlimMonoLogger.INFO: Cron ran at: 07-06-2026 09:38:25 PM [] []
[2026-06-07 21:38:35] SlimMonoLogger.INFO: Cron ran at: 07-06-2026 09:38:35 PM [] []
[2026-06-07 21:38:36] SlimMonoLogger.INFO: Cron ran at: 07-06-2026 09:38:36 PM [] []
[2026-06-07 21:39:03] SlimMonoLogger.INFO: Cron ran at: 07-06-2026 09:39:03 PM [] []
[2026-06-07 21:39:13] SlimMonoLogger.INFO: Cron ran at: 07-06-2026 09:39:13 PM [] []
[2026-06-07 21:39:35] SlimMonoLogger.INFO: Cron ran at: 07-06-2026 09:39:35 PM [] []
[2026-06-07 21:39:54] SlimMonoLogger.INFO: Cron ran at: 07-06-2026 09:39:54 PM [] []
[2026-06-07 21:40:12] SlimMonoLogger.INFO: Cron ran at: 07-06-2026 09:40:12 PM [] []
[2026-06-07 21:40:34] SlimMonoLogger.INFO: Cron ran at: 07-06-2026 09:40:34 PM [] []
[2026-06-07 21:40:43] SlimMonoLogger.INFO: Cron ran at: 07-06-2026 09:40:43 PM [] []
[2026-06-07 21:41:18] SlimMonoLogger.INFO: Cron ran at: 07-06-2026 09:41:18 PM [] []
[2026-06-07 21:41:34] SlimMonoLogger.INFO: Cron ran at: 07-06-2026 09:41:34 PM [] []
[2026-06-07 21:41:52] SlimMonoLogger.INFO: Cron ran at: 07-06-2026 09:41:52 PM [] []
[2026-06-07 21:41:53] SlimMonoLogger.INFO: Cron ran at: 07-06-2026 09:41:53 PM [] []
[2026-06-07 21:42:03] SlimMonoLogger.INFO: Cron ran at: 07-06-2026 09:42:03 PM [] []
[2026-06-07 21:42:26] SlimMonoLogger.INFO: Cron ran at: 07-06-2026 09:42:26 PM [] []
[2026-06-07 21:42:37] SlimMonoLogger.INFO: Cron ran at: 07-06-2026 09:42:37 PM [] []
[2026-06-07 21:42:39] SlimMonoLogger.INFO: Cron ran at: 07-06-2026 09:42:39 PM [] []
[2026-06-07 21:42:56] SlimMonoLogger.INFO: Cron ran at: 07-06-2026 09:42:56 PM [] []
[2026-06-07 21:43:20] SlimMonoLogger.INFO: Cron ran at: 07-06-2026 09:43:20 PM [] []
[2026-06-07 21:43:26] SlimMonoLogger.INFO: Cron ran at: 07-06-2026 09:43:26 PM [] []
[2026-06-07 21:43:28] SlimMonoLogger.INFO: Cron ran at: 07-06-2026 09:43:28 PM [] []
[2026-06-07 21:44:01] SlimMonoLogger.INFO: Cron ran at: 07-06-2026 09:44:01 PM [] []
[2026-06-07 21:44:02] SlimMonoLogger.INFO: Cron ran at: 07-06-2026 09:44:02 PM [] []
[2026-06-07 21:44:03] SlimMonoLogger.INFO: Cron ran at: 07-06-2026 09:44:03 PM [] []
[2026-06-07 21:44:41] SlimMonoLogger.INFO: Cron ran at: 07-06-2026 09:44:41 PM [] []
[2026-06-07 21:44:46] SlimMonoLogger.INFO: Cron ran at: 07-06-2026 09:44:46 PM [] []
[2026-06-07 21:45:14] SlimMonoLogger.INFO: Cron ran at: 07-06-2026 09:45:14 PM [] []
[2026-06-07 21:45:17] SlimMonoLogger.INFO: Cron ran at: 07-06-2026 09:45:17 PM [] []
[2026-06-07 21:45:46] SlimMonoLogger.INFO: Cron ran at: 07-06-2026 09:45:46 PM [] []
[2026-06-07 21:45:55] SlimMonoLogger.INFO: Cron ran at: 07-06-2026 09:45:55 PM [] []
[2026-06-07 21:46:24] SlimMonoLogger.INFO: Cron ran at: 07-06-2026 09:46:24 PM [] []
[2026-06-07 21:46:35] SlimMonoLogger.INFO: Cron ran at: 07-06-2026 09:46:35 PM [] []
[2026-06-07 21:46:41] SlimMonoLogger.INFO: Cron ran at: 07-06-2026 09:46:41 PM [] []
[2026-06-07 21:47:01] SlimMonoLogger.INFO: Cron ran at: 07-06-2026 09:47:01 PM [] []
[2026-06-07 21:47:13] SlimMonoLogger.INFO: Cron ran at: 07-06-2026 09:47:13 PM [] []
[2026-06-07 21:47:14] SlimMonoLogger.INFO: Cron ran at: 07-06-2026 09:47:14 PM [] []
[2026-06-07 21:47:41] SlimMonoLogger.INFO: Cron ran at: 07-06-2026 09:47:41 PM [] []
[2026-06-07 21:47:47] SlimMonoLogger.INFO: Cron ran at: 07-06-2026 09:47:47 PM [] []
[2026-06-07 21:47:55] SlimMonoLogger.INFO: Cron ran at: 07-06-2026 09:47:55 PM [] []
[2026-06-07 21:48:24] SlimMonoLogger.INFO: Cron ran at: 07-06-2026 09:48:24 PM [] []
[2026-06-07 21:48:24] SlimMonoLogger.INFO: Cron ran at: 07-06-2026 09:48:24 PM [] []
[2026-06-07 21:48:35] SlimMonoLogger.INFO: Cron ran at: 07-06-2026 09:48:35 PM [] []
[2026-06-07 21:48:52] SlimMonoLogger.INFO: Cron ran at: 07-06-2026 09:48:52 PM [] []
[2026-06-07 21:48:54] SlimMonoLogger.INFO: Cron ran at: 07-06-2026 09:48:54 PM [] []
[2026-06-07 21:49:43] SlimMonoLogger.INFO: Cron ran at: 07-06-2026 09:49:43 PM [] []
[2026-06-07 21:49:49] SlimMonoLogger.INFO: Cron ran at: 07-06-2026 09:49:49 PM [] []
[2026-06-07 21:50:12] SlimMonoLogger.INFO: Cron ran at: 07-06-2026 09:50:12 PM [] []
[2026-06-07 21:50:35] SlimMonoLogger.INFO: Cron ran at: 07-06-2026 09:50:35 PM [] []
[2026-06-07 21:50:53] SlimMonoLogger.INFO: Cron ran at: 07-06-2026 09:50:53 PM [] []
[2026-06-07 21:51:09] SlimMonoLogger.INFO: Cron ran at: 07-06-2026 09:51:09 PM [] []
[2026-06-07 21:51:29] SlimMonoLogger.INFO: Cron ran at: 07-06-2026 09:51:29 PM [] []
[2026-06-07 21:51:31] SlimMonoLogger.INFO: Cron ran at: 07-06-2026 09:51:31 PM [] []
[2026-06-07 21:51:47] SlimMonoLogger.INFO: Cron ran at: 07-06-2026 09:51:47 PM [] []
[2026-06-07 21:52:02] SlimMonoLogger.INFO: Cron ran at: 07-06-2026 09:52:02 PM [] []
[2026-06-07 21:52:03] SlimMonoLogger.INFO: Cron ran at: 07-06-2026 09:52:03 PM [] []
[2026-06-07 21:52:23] SlimMonoLogger.INFO: Cron ran at: 07-06-2026 09:52:23 PM [] []
[2026-06-07 21:52:35] SlimMonoLogger.INFO: Cron ran at: 07-06-2026 09:52:35 PM [] []
[2026-06-07 21:52:49] SlimMonoLogger.INFO: Cron ran at: 07-06-2026 09:52:49 PM [] []
[2026-06-07 21:53:02] SlimMonoLogger.INFO: Cron ran at: 07-06-2026 09:53:02 PM [] []
[2026-06-07 21:53:05] SlimMonoLogger.INFO: Cron ran at: 07-06-2026 09:53:05 PM [] []
[2026-06-07 21:53:25] SlimMonoLogger.INFO: Cron ran at: 07-06-2026 09:53:25 PM [] []
[2026-06-07 21:53:45] SlimMonoLogger.INFO: Cron ran at: 07-06-2026 09:53:45 PM [] []
[2026-06-07 21:53:45] SlimMonoLogger.INFO: Cron ran at: 07-06-2026 09:53:45 PM [] []
[2026-06-07 21:54:01] SlimMonoLogger.INFO: Cron ran at: 07-06-2026 09:54:01 PM [] []
[2026-06-07 21:54:12] SlimMonoLogger.INFO: Cron ran at: 07-06-2026 09:54:12 PM [] []
[2026-06-07 21:54:37] SlimMonoLogger.INFO: Cron ran at: 07-06-2026 09:54:37 PM [] []
[2026-06-07 21:54:50] SlimMonoLogger.INFO: Cron ran at: 07-06-2026 09:54:50 PM [] []
[2026-06-07 21:55:20] SlimMonoLogger.INFO: Cron ran at: 07-06-2026 09:55:20 PM [] []
[2026-06-07 21:55:21] SlimMonoLogger.INFO: Cron ran at: 07-06-2026 09:55:21 PM [] []
[2026-06-07 21:55:59] SlimMonoLogger.INFO: Cron ran at: 07-06-2026 09:55:59 PM [] []
[2026-06-07 21:55:59] SlimMonoLogger.INFO: Cron ran at: 07-06-2026 09:55:59 PM [] []
[2026-06-07 21:56:35] SlimMonoLogger.INFO: Cron ran at: 07-06-2026 09:56:35 PM [] []
[2026-06-07 21:56:35] SlimMonoLogger.INFO: Cron ran at: 07-06-2026 09:56:35 PM [] []
[2026-06-07 21:56:36] SlimMonoLogger.INFO: Cron ran at: 07-06-2026 09:56:36 PM [] []
[2026-06-07 21:57:04] SlimMonoLogger.INFO: Cron ran at: 07-06-2026 09:57:04 PM [] []
[2026-06-07 21:57:16] SlimMonoLogger.INFO: Cron ran at: 07-06-2026 09:57:16 PM [] []
[2026-06-07 21:57:18] SlimMonoLogger.INFO: Cron ran at: 07-06-2026 09:57:18 PM [] []
[2026-06-07 21:57:36] SlimMonoLogger.INFO: Cron ran at: 07-06-2026 09:57:36 PM [] []
[2026-06-07 21:57:59] SlimMonoLogger.INFO: Cron ran at: 07-06-2026 09:57:59 PM [] []
[2026-06-07 21:58:01] SlimMonoLogger.INFO: Cron ran at: 07-06-2026 09:58:01 PM [] []
[2026-06-07 21:58:11] SlimMonoLogger.INFO: Cron ran at: 07-06-2026 09:58:11 PM [] []
[2026-06-07 21:58:40] SlimMonoLogger.INFO: Cron ran at: 07-06-2026 09:58:40 PM [] []
[2026-06-07 21:58:41] SlimMonoLogger.INFO: Cron ran at: 07-06-2026 09:58:41 PM [] []
[2026-06-07 21:58:41] SlimMonoLogger.INFO: Cron ran at: 07-06-2026 09:58:41 PM [] []
[2026-06-07 21:59:20] SlimMonoLogger.INFO: Cron ran at: 07-06-2026 09:59:20 PM [] []
[2026-06-07 21:59:21] SlimMonoLogger.INFO: Cron ran at: 07-06-2026 09:59:21 PM [] []
[2026-06-07 21:59:56] SlimMonoLogger.INFO: Cron ran at: 07-06-2026 09:59:56 PM [] []
[2026-06-07 21:59:56] SlimMonoLogger.INFO: Cron ran at: 07-06-2026 09:59:56 PM [] []
[2026-06-07 22:00:44] SlimMonoLogger.INFO: Cron ran at: 07-06-2026 10:00:44 PM [] []
[2026-06-07 22:00:46] SlimMonoLogger.INFO: Cron ran at: 07-06-2026 10:00:46 PM [] []
[2026-06-07 22:01:17] SlimMonoLogger.INFO: Cron ran at: 07-06-2026 10:01:17 PM [] []
[2026-06-07 22:01:18] SlimMonoLogger.INFO: Cron ran at: 07-06-2026 10:01:18 PM [] []
[2026-06-07 22:01:31] SlimMonoLogger.INFO: Cron ran at: 07-06-2026 10:01:31 PM [] []
[2026-06-07 22:01:49] SlimMonoLogger.INFO: Cron ran at: 07-06-2026 10:01:49 PM [] []
[2026-06-07 22:01:57] SlimMonoLogger.INFO: Cron ran at: 07-06-2026 10:01:57 PM [] []
[2026-06-07 22:01:57] SlimMonoLogger.INFO: Cron ran at: 07-06-2026 10:01:57 PM [] []
[2026-06-07 22:02:30] SlimMonoLogger.INFO: Cron ran at: 07-06-2026 10:02:30 PM [] []
[2026-06-07 22:02:31] SlimMonoLogger.INFO: Cron ran at: 07-06-2026 10:02:31 PM [] []
[2026-06-07 22:02:40] SlimMonoLogger.INFO: Cron ran at: 07-06-2026 10:02:40 PM [] []
[2026-06-07 22:03:03] SlimMonoLogger.INFO: Cron ran at: 07-06-2026 10:03:03 PM [] []
[2026-06-07 22:03:03] SlimMonoLogger.INFO: Cron ran at: 07-06-2026 10:03:03 PM [] []
[2026-06-07 22:03:23] SlimMonoLogger.INFO: Cron ran at: 07-06-2026 10:03:23 PM [] []
[2026-06-07 22:03:40] SlimMonoLogger.INFO: Cron ran at: 07-06-2026 10:03:40 PM [] []
[2026-06-07 22:03:51] SlimMonoLogger.INFO: Cron ran at: 07-06-2026 10:03:51 PM [] []
[2026-06-07 22:04:16] SlimMonoLogger.INFO: Cron ran at: 07-06-2026 10:04:16 PM [] []
[2026-06-07 22:04:28] SlimMonoLogger.INFO: Cron ran at: 07-06-2026 10:04:28 PM [] []
[2026-06-07 22:04:52] SlimMonoLogger.INFO: Cron ran at: 07-06-2026 10:04:52 PM [] []
[2026-06-07 22:05:10] SlimMonoLogger.INFO: Cron ran at: 07-06-2026 10:05:10 PM [] []
[2026-06-07 22:05:29] SlimMonoLogger.INFO: Cron ran at: 07-06-2026 10:05:29 PM [] []
[2026-06-07 22:05:47] SlimMonoLogger.INFO: Cron ran at: 07-06-2026 10:05:47 PM [] []
[2026-06-07 22:06:13] SlimMonoLogger.INFO: Cron ran at: 07-06-2026 10:06:13 PM [] []
[2026-06-07 22:06:35] SlimMonoLogger.INFO: Cron ran at: 07-06-2026 10:06:35 PM [] []
[2026-06-07 22:06:43] SlimMonoLogger.INFO: Cron ran at: 07-06-2026 10:06:43 PM [] []
[2026-06-07 22:06:51] SlimMonoLogger.INFO: Cron ran at: 07-06-2026 10:06:51 PM [] []
[2026-06-07 22:07:12] SlimMonoLogger.INFO: Cron ran at: 07-06-2026 10:07:12 PM [] []
[2026-06-07 22:07:15] SlimMonoLogger.INFO: Cron ran at: 07-06-2026 10:07:15 PM [] []
[2026-06-07 22:07:26] SlimMonoLogger.INFO: Cron ran at: 07-06-2026 10:07:26 PM [] []
[2026-06-07 22:07:40] SlimMonoLogger.INFO: Cron ran at: 07-06-2026 10:07:40 PM [] []
[2026-06-07 22:07:50] SlimMonoLogger.INFO: Cron ran at: 07-06-2026 10:07:50 PM [] []
[2026-06-07 22:08:07] SlimMonoLogger.INFO: Cron ran at: 07-06-2026 10:08:07 PM [] []
[2026-06-07 22:08:12] SlimMonoLogger.INFO: Cron ran at: 07-06-2026 10:08:12 PM [] []
[2026-06-07 22:08:29] SlimMonoLogger.INFO: Cron ran at: 07-06-2026 10:08:29 PM [] []
[2026-06-07 22:08:43] SlimMonoLogger.INFO: Cron ran at: 07-06-2026 10:08:43 PM [] []
[2026-06-07 22:08:43] SlimMonoLogger.INFO: Cron ran at: 07-06-2026 10:08:43 PM [] []
[2026-06-07 22:09:23] SlimMonoLogger.INFO: Cron ran at: 07-06-2026 10:09:23 PM [] []
[2026-06-07 22:09:23] SlimMonoLogger.INFO: Cron ran at: 07-06-2026 10:09:23 PM [] []
[2026-06-07 22:10:01] SlimMonoLogger.INFO: Cron ran at: 07-06-2026 10:10:01 PM [] []
[2026-06-07 22:10:07] SlimMonoLogger.INFO: Cron ran at: 07-06-2026 10:10:07 PM [] []
[2026-06-07 22:10:44] SlimMonoLogger.INFO: Cron ran at: 07-06-2026 10:10:44 PM [] []
[2026-06-07 22:10:49] SlimMonoLogger.INFO: Cron ran at: 07-06-2026 10:10:49 PM [] []
[2026-06-07 22:11:16] SlimMonoLogger.INFO: Cron ran at: 07-06-2026 10:11:16 PM [] []
[2026-06-07 22:11:34] SlimMonoLogger.INFO: Cron ran at: 07-06-2026 10:11:34 PM [] []
[2026-06-07 22:11:47] SlimMonoLogger.INFO: Cron ran at: 07-06-2026 10:11:47 PM [] []
[2026-06-07 22:12:00] SlimMonoLogger.INFO: Cron ran at: 07-06-2026 10:12:00 PM [] []
[2026-06-07 22:12:15] SlimMonoLogger.INFO: Cron ran at: 07-06-2026 10:12:15 PM [] []
[2026-06-07 22:12:16] SlimMonoLogger.INFO: Cron ran at: 07-06-2026 10:12:16 PM [] []
[2026-06-07 22:12:44] SlimMonoLogger.INFO: Cron ran at: 07-06-2026 10:12:44 PM [] []
[2026-06-07 22:12:48] SlimMonoLogger.INFO: Cron ran at: 07-06-2026 10:12:48 PM [] []
[2026-06-07 22:12:50] SlimMonoLogger.INFO: Cron ran at: 07-06-2026 10:12:50 PM [] []
[2026-06-07 22:13:21] SlimMonoLogger.INFO: Cron ran at: 07-06-2026 10:13:21 PM [] []
[2026-06-07 22:13:22] SlimMonoLogger.INFO: Cron ran at: 07-06-2026 10:13:22 PM [] []
[2026-06-07 22:13:42] SlimMonoLogger.INFO: Cron ran at: 07-06-2026 10:13:42 PM [] []
[2026-06-07 22:13:56] SlimMonoLogger.INFO: Cron ran at: 07-06-2026 10:13:56 PM [] []
[2026-06-07 22:13:56] SlimMonoLogger.INFO: Cron ran at: 07-06-2026 10:13:56 PM [] []
[2026-06-07 22:14:41] SlimMonoLogger.INFO: Cron ran at: 07-06-2026 10:14:41 PM [] []
[2026-06-07 22:14:43] SlimMonoLogger.INFO: Cron ran at: 07-06-2026 10:14:43 PM [] []
[2026-06-07 22:15:09] SlimMonoLogger.INFO: Cron ran at: 07-06-2026 10:15:09 PM [] []
[2026-06-07 22:15:22] SlimMonoLogger.INFO: Cron ran at: 07-06-2026 10:15:22 PM [] []
[2026-06-07 22:15:40] SlimMonoLogger.INFO: Cron ran at: 07-06-2026 10:15:40 PM [] []
[2026-06-07 22:15:56] SlimMonoLogger.INFO: Cron ran at: 07-06-2026 10:15:56 PM [] []
[2026-06-07 22:16:16] SlimMonoLogger.INFO: Cron ran at: 07-06-2026 10:16:16 PM [] []
[2026-06-07 22:16:33] SlimMonoLogger.INFO: Cron ran at: 07-06-2026 10:16:33 PM [] []
[2026-06-07 22:16:35] SlimMonoLogger.INFO: Cron ran at: 07-06-2026 10:16:35 PM [] []
[2026-06-07 22:16:54] SlimMonoLogger.INFO: Cron ran at: 07-06-2026 10:16:54 PM [] []
[2026-06-07 22:17:01] SlimMonoLogger.INFO: Cron ran at: 07-06-2026 10:17:01 PM [] []
[2026-06-07 22:17:15] SlimMonoLogger.INFO: Cron ran at: 07-06-2026 10:17:15 PM [] []
[2026-06-07 22:17:35] SlimMonoLogger.INFO: Cron ran at: 07-06-2026 10:17:35 PM [] []
[2026-06-07 22:17:36] SlimMonoLogger.INFO: Cron ran at: 07-06-2026 10:17:36 PM [] []
[2026-06-07 22:17:59] SlimMonoLogger.INFO: Cron ran at: 07-06-2026 10:17:59 PM [] []
[2026-06-07 22:18:17] SlimMonoLogger.INFO: Cron ran at: 07-06-2026 10:18:17 PM [] []
[2026-06-07 22:18:18] SlimMonoLogger.INFO: Cron ran at: 07-06-2026 10:18:18 PM [] []
[2026-06-07 22:18:38] SlimMonoLogger.INFO: Cron ran at: 07-06-2026 10:18:38 PM [] []
[2026-06-07 22:18:38] SlimMonoLogger.INFO: Cron ran at: 07-06-2026 10:18:38 PM [] []
[2026-06-07 22:18:54] SlimMonoLogger.INFO: Cron ran at: 07-06-2026 10:18:54 PM [] []
[2026-06-07 22:19:18] SlimMonoLogger.INFO: Cron ran at: 07-06-2026 10:19:18 PM [] []
[2026-06-07 22:19:35] SlimMonoLogger.INFO: Cron ran at: 07-06-2026 10:19:35 PM [] []
[2026-06-07 22:19:53] SlimMonoLogger.INFO: Cron ran at: 07-06-2026 10:19:53 PM [] []
[2026-06-07 22:20:21] SlimMonoLogger.INFO: Cron ran at: 07-06-2026 10:20:21 PM [] []
[2026-06-07 22:20:30] SlimMonoLogger.INFO: Cron ran at: 07-06-2026 10:20:30 PM [] []
[2026-06-07 22:21:04] SlimMonoLogger.INFO: Cron ran at: 07-06-2026 10:21:04 PM [] []
[2026-06-07 22:21:18] SlimMonoLogger.INFO: Cron ran at: 07-06-2026 10:21:18 PM [] []
[2026-06-07 22:21:41] SlimMonoLogger.INFO: Cron ran at: 07-06-2026 10:21:41 PM [] []
[2026-06-07 22:21:52] SlimMonoLogger.INFO: Cron ran at: 07-06-2026 10:21:52 PM [] []
[2026-06-07 22:22:06] SlimMonoLogger.INFO: Cron ran at: 07-06-2026 10:22:06 PM [] []
[2026-06-07 22:22:26] SlimMonoLogger.INFO: Cron ran at: 07-06-2026 10:22:26 PM [] []
[2026-06-07 22:22:32] SlimMonoLogger.INFO: Cron ran at: 07-06-2026 10:22:32 PM [] []
[2026-06-07 22:22:36] SlimMonoLogger.INFO: Cron ran at: 07-06-2026 10:22:36 PM [] []
[2026-06-07 22:23:00] SlimMonoLogger.INFO: Cron ran at: 07-06-2026 10:23:00 PM [] []
[2026-06-07 22:23:05] SlimMonoLogger.INFO: Cron ran at: 07-06-2026 10:23:05 PM [] []
[2026-06-07 22:23:09] SlimMonoLogger.INFO: Cron ran at: 07-06-2026 10:23:09 PM [] []
[2026-06-07 22:23:42] SlimMonoLogger.INFO: Cron ran at: 07-06-2026 10:23:42 PM [] []
[2026-06-07 22:23:43] SlimMonoLogger.INFO: Cron ran at: 07-06-2026 10:23:43 PM [] []
[2026-06-07 22:23:52] SlimMonoLogger.INFO: Cron ran at: 07-06-2026 10:23:52 PM [] []
[2026-06-07 22:24:13] SlimMonoLogger.INFO: Cron ran at: 07-06-2026 10:24:13 PM [] []
[2026-06-07 22:24:33] SlimMonoLogger.INFO: Cron ran at: 07-06-2026 10:24:33 PM [] []
[2026-06-07 22:24:50] SlimMonoLogger.INFO: Cron ran at: 07-06-2026 10:24:50 PM [] []
[2026-06-07 22:25:16] SlimMonoLogger.INFO: Cron ran at: 07-06-2026 10:25:16 PM [] []
[2026-06-07 22:25:30] SlimMonoLogger.INFO: Cron ran at: 07-06-2026 10:25:30 PM [] []
[2026-06-07 22:26:00] SlimMonoLogger.INFO: Cron ran at: 07-06-2026 10:26:00 PM [] []
[2026-06-07 22:26:00] SlimMonoLogger.INFO: Cron ran at: 07-06-2026 10:26:00 PM [] []
[2026-06-07 22:26:34] SlimMonoLogger.INFO: Cron ran at: 07-06-2026 10:26:34 PM [] []
[2026-06-07 22:26:35] SlimMonoLogger.INFO: Cron ran at: 07-06-2026 10:26:35 PM [] []
[2026-06-07 22:26:35] SlimMonoLogger.INFO: Cron ran at: 07-06-2026 10:26:35 PM [] []
[2026-06-07 22:27:08] SlimMonoLogger.INFO: Cron ran at: 07-06-2026 10:27:08 PM [] []
[2026-06-07 22:27:09] SlimMonoLogger.INFO: Cron ran at: 07-06-2026 10:27:09 PM [] []
[2026-06-07 22:27:17] SlimMonoLogger.INFO: Cron ran at: 07-06-2026 10:27:17 PM [] []
[2026-06-07 22:27:41] SlimMonoLogger.INFO: Cron ran at: 07-06-2026 10:27:41 PM [] []
[2026-06-07 22:27:49] SlimMonoLogger.INFO: Cron ran at: 07-06-2026 10:27:49 PM [] []
[2026-06-07 22:27:57] SlimMonoLogger.INFO: Cron ran at: 07-06-2026 10:27:57 PM [] []
[2026-06-07 22:28:18] SlimMonoLogger.INFO: Cron ran at: 07-06-2026 10:28:18 PM [] []
[2026-06-07 22:28:36] SlimMonoLogger.INFO: Cron ran at: 07-06-2026 10:28:36 PM [] []
[2026-06-07 22:28:36] SlimMonoLogger.INFO: Cron ran at: 07-06-2026 10:28:36 PM [] []
[2026-06-07 22:28:50] SlimMonoLogger.INFO: Cron ran at: 07-06-2026 10:28:50 PM [] []
[2026-06-07 22:29:18] SlimMonoLogger.INFO: Cron ran at: 07-06-2026 10:29:18 PM [] []
[2026-06-07 22:29:23] SlimMonoLogger.INFO: Cron ran at: 07-06-2026 10:29:23 PM [] []
[2026-06-07 22:29:56] SlimMonoLogger.INFO: Cron ran at: 07-06-2026 10:29:56 PM [] []
[2026-06-07 22:29:58] SlimMonoLogger.INFO: Cron ran at: 07-06-2026 10:29:58 PM [] []
[2026-06-07 22:30:36] SlimMonoLogger.INFO: Cron ran at: 07-06-2026 10:30:36 PM [] []
[2026-06-07 22:30:55] SlimMonoLogger.INFO: Cron ran at: 07-06-2026 10:30:55 PM [] []
[2026-06-07 22:31:14] SlimMonoLogger.INFO: Cron ran at: 07-06-2026 10:31:14 PM [] []
[2026-06-07 22:31:15] SlimMonoLogger.INFO: Cron ran at: 07-06-2026 10:31:15 PM [] []
[2026-06-07 22:31:16] SlimMonoLogger.INFO: Cron ran at: 07-06-2026 10:31:16 PM [] []
[2026-06-07 22:31:46] SlimMonoLogger.INFO: Cron ran at: 07-06-2026 10:31:46 PM [] []
[2026-06-07 22:31:46] SlimMonoLogger.INFO: Cron ran at: 07-06-2026 10:31:46 PM [] []
[2026-06-07 22:31:53] SlimMonoLogger.INFO: Cron ran at: 07-06-2026 10:31:53 PM [] []
[2026-06-07 22:32:15] SlimMonoLogger.INFO: Cron ran at: 07-06-2026 10:32:15 PM [] []
[2026-06-07 22:32:30] SlimMonoLogger.INFO: Cron ran at: 07-06-2026 10:32:30 PM [] []
[2026-06-07 22:32:30] SlimMonoLogger.INFO: Cron ran at: 07-06-2026 10:32:30 PM [] []
[2026-06-07 22:32:48] SlimMonoLogger.INFO: Cron ran at: 07-06-2026 10:32:48 PM [] []
[2026-06-07 22:33:10] SlimMonoLogger.INFO: Cron ran at: 07-06-2026 10:33:10 PM [] []
[2026-06-07 22:33:14] SlimMonoLogger.INFO: Cron ran at: 07-06-2026 10:33:14 PM [] []
[2026-06-07 22:33:25] SlimMonoLogger.INFO: Cron ran at: 07-06-2026 10:33:25 PM [] []
[2026-06-07 22:33:48] SlimMonoLogger.INFO: Cron ran at: 07-06-2026 10:33:48 PM [] []
[2026-06-07 22:33:52] SlimMonoLogger.INFO: Cron ran at: 07-06-2026 10:33:52 PM [] []
[2026-06-07 22:33:53] SlimMonoLogger.INFO: Cron ran at: 07-06-2026 10:33:53 PM [] []
[2026-06-07 22:34:31] SlimMonoLogger.INFO: Cron ran at: 07-06-2026 10:34:31 PM [] []
[2026-06-07 22:34:34] SlimMonoLogger.INFO: Cron ran at: 07-06-2026 10:34:34 PM [] []
[2026-06-07 22:35:16] SlimMonoLogger.INFO: Cron ran at: 07-06-2026 10:35:16 PM [] []
[2026-06-07 22:35:17] SlimMonoLogger.INFO: Cron ran at: 07-06-2026 10:35:17 PM [] []
[2026-06-07 22:35:52] SlimMonoLogger.INFO: Cron ran at: 07-06-2026 10:35:52 PM [] []
[2026-06-07 22:36:00] SlimMonoLogger.INFO: Cron ran at: 07-06-2026 10:36:00 PM [] []
[2026-06-07 22:36:44] SlimMonoLogger.INFO: Cron ran at: 07-06-2026 10:36:44 PM [] []
[2026-06-07 22:36:46] SlimMonoLogger.INFO: Cron ran at: 07-06-2026 10:36:46 PM [] []
[2026-06-07 22:36:59] SlimMonoLogger.INFO: Cron ran at: 07-06-2026 10:36:59 PM [] []
[2026-06-07 22:37:09] SlimMonoLogger.INFO: Cron ran at: 07-06-2026 10:37:09 PM [] []
[2026-06-07 22:37:09] SlimMonoLogger.INFO: Cron ran at: 07-06-2026 10:37:09 PM [] []
[2026-06-07 22:37:29] SlimMonoLogger.INFO: Cron ran at: 07-06-2026 10:37:29 PM [] []
[2026-06-07 22:37:52] SlimMonoLogger.INFO: Cron ran at: 07-06-2026 10:37:52 PM [] []
[2026-06-07 22:37:53] SlimMonoLogger.INFO: Cron ran at: 07-06-2026 10:37:53 PM [] []
[2026-06-07 22:38:00] SlimMonoLogger.INFO: Cron ran at: 07-06-2026 10:38:00 PM [] []
[2026-06-07 22:38:29] SlimMonoLogger.INFO: Cron ran at: 07-06-2026 10:38:29 PM [] []
[2026-06-07 22:38:32] SlimMonoLogger.INFO: Cron ran at: 07-06-2026 10:38:32 PM [] []
[2026-06-07 22:38:34] SlimMonoLogger.INFO: Cron ran at: 07-06-2026 10:38:34 PM [] []
[2026-06-07 22:39:06] SlimMonoLogger.INFO: Cron ran at: 07-06-2026 10:39:06 PM [] []
[2026-06-07 22:39:06] SlimMonoLogger.INFO: Cron ran at: 07-06-2026 10:39:06 PM [] []
[2026-06-07 22:39:42] SlimMonoLogger.INFO: Cron ran at: 07-06-2026 10:39:42 PM [] []
[2026-06-07 22:39:44] SlimMonoLogger.INFO: Cron ran at: 07-06-2026 10:39:44 PM [] []
[2026-06-07 22:40:16] SlimMonoLogger.INFO: Cron ran at: 07-06-2026 10:40:16 PM [] []
[2026-06-07 22:40:28] SlimMonoLogger.INFO: Cron ran at: 07-06-2026 10:40:28 PM [] []
[2026-06-07 22:40:51] SlimMonoLogger.INFO: Cron ran at: 07-06-2026 10:40:51 PM [] []
[2026-06-07 22:41:08] SlimMonoLogger.INFO: Cron ran at: 07-06-2026 10:41:08 PM [] []
[2026-06-07 22:41:32] SlimMonoLogger.INFO: Cron ran at: 07-06-2026 10:41:32 PM [] []
[2026-06-07 22:41:45] SlimMonoLogger.INFO: Cron ran at: 07-06-2026 10:41:45 PM [] []
[2026-06-07 22:41:59] SlimMonoLogger.INFO: Cron ran at: 07-06-2026 10:41:59 PM [] []
[2026-06-07 22:42:05] SlimMonoLogger.INFO: Cron ran at: 07-06-2026 10:42:05 PM [] []
[2026-06-07 22:42:26] SlimMonoLogger.INFO: Cron ran at: 07-06-2026 10:42:26 PM [] []
[2026-06-07 22:42:27] SlimMonoLogger.INFO: Cron ran at: 07-06-2026 10:42:27 PM [] []
[2026-06-07 22:42:49] SlimMonoLogger.INFO: Cron ran at: 07-06-2026 10:42:49 PM [] []
[2026-06-07 22:43:00] SlimMonoLogger.INFO: Cron ran at: 07-06-2026 10:43:00 PM [] []
[2026-06-07 22:43:02] SlimMonoLogger.INFO: Cron ran at: 07-06-2026 10:43:02 PM [] []
[2026-06-07 22:43:29] SlimMonoLogger.INFO: Cron ran at: 07-06-2026 10:43:29 PM [] []
[2026-06-07 22:43:33] SlimMonoLogger.INFO: Cron ran at: 07-06-2026 10:43:33 PM [] []
[2026-06-07 22:44:07] SlimMonoLogger.INFO: Cron ran at: 07-06-2026 10:44:07 PM [] []
[2026-06-07 22:44:08] SlimMonoLogger.INFO: Cron ran at: 07-06-2026 10:44:08 PM [] []
[2026-06-07 22:44:44] SlimMonoLogger.INFO: Cron ran at: 07-06-2026 10:44:44 PM [] []
[2026-06-07 22:44:44] SlimMonoLogger.INFO: Cron ran at: 07-06-2026 10:44:44 PM [] []
[2026-06-07 22:45:27] SlimMonoLogger.INFO: Cron ran at: 07-06-2026 10:45:27 PM [] []
[2026-06-07 22:45:44] SlimMonoLogger.INFO: Cron ran at: 07-06-2026 10:45:44 PM [] []
[2026-06-07 22:46:02] SlimMonoLogger.INFO: Cron ran at: 07-06-2026 10:46:02 PM [] []
[2026-06-07 22:46:10] SlimMonoLogger.INFO: Cron ran at: 07-06-2026 10:46:10 PM [] []
[2026-06-07 22:46:37] SlimMonoLogger.INFO: Cron ran at: 07-06-2026 10:46:37 PM [] []
[2026-06-07 22:46:49] SlimMonoLogger.INFO: Cron ran at: 07-06-2026 10:46:49 PM [] []
[2026-06-07 22:46:57] SlimMonoLogger.INFO: Cron ran at: 07-06-2026 10:46:57 PM [] []
[2026-06-07 22:47:12] SlimMonoLogger.INFO: Cron ran at: 07-06-2026 10:47:12 PM [] []
[2026-06-07 22:47:26] SlimMonoLogger.INFO: Cron ran at: 07-06-2026 10:47:26 PM [] []
[2026-06-07 22:47:28] SlimMonoLogger.INFO: Cron ran at: 07-06-2026 10:47:28 PM [] []
[2026-06-07 22:47:50] SlimMonoLogger.INFO: Cron ran at: 07-06-2026 10:47:50 PM [] []
[2026-06-07 22:47:56] SlimMonoLogger.INFO: Cron ran at: 07-06-2026 10:47:56 PM [] []
[2026-06-07 22:48:06] SlimMonoLogger.INFO: Cron ran at: 07-06-2026 10:48:06 PM [] []
[2026-06-07 22:48:32] SlimMonoLogger.INFO: Cron ran at: 07-06-2026 10:48:32 PM [] []
[2026-06-07 22:48:33] SlimMonoLogger.INFO: Cron ran at: 07-06-2026 10:48:33 PM [] []
[2026-06-07 22:48:47] SlimMonoLogger.INFO: Cron ran at: 07-06-2026 10:48:47 PM [] []
[2026-06-07 22:49:06] SlimMonoLogger.INFO: Cron ran at: 07-06-2026 10:49:06 PM [] []
[2026-06-07 22:49:11] SlimMonoLogger.INFO: Cron ran at: 07-06-2026 10:49:11 PM [] []
[2026-06-07 22:49:43] SlimMonoLogger.INFO: Cron ran at: 07-06-2026 10:49:43 PM [] []
[2026-06-07 22:49:52] SlimMonoLogger.INFO: Cron ran at: 07-06-2026 10:49:52 PM [] []
[2026-06-07 22:50:26] SlimMonoLogger.INFO: Cron ran at: 07-06-2026 10:50:26 PM [] []
[2026-06-07 22:50:40] SlimMonoLogger.INFO: Cron ran at: 07-06-2026 10:50:40 PM [] []
[2026-06-07 22:51:08] SlimMonoLogger.INFO: Cron ran at: 07-06-2026 10:51:08 PM [] []
[2026-06-07 22:51:20] SlimMonoLogger.INFO: Cron ran at: 07-06-2026 10:51:20 PM [] []
[2026-06-07 22:51:47] SlimMonoLogger.INFO: Cron ran at: 07-06-2026 10:51:47 PM [] []
[2026-06-07 22:51:58] SlimMonoLogger.INFO: Cron ran at: 07-06-2026 10:51:58 PM [] []
[2026-06-07 22:52:01] SlimMonoLogger.INFO: Cron ran at: 07-06-2026 10:52:01 PM [] []
[2026-06-07 22:52:22] SlimMonoLogger.INFO: Cron ran at: 07-06-2026 10:52:22 PM [] []
[2026-06-07 22:52:22] SlimMonoLogger.INFO: Cron ran at: 07-06-2026 10:52:22 PM [] []
[2026-06-07 22:52:47] SlimMonoLogger.INFO: Cron ran at: 07-06-2026 10:52:47 PM [] []
[2026-06-07 22:52:55] SlimMonoLogger.INFO: Cron ran at: 07-06-2026 10:52:55 PM [] []
[2026-06-07 22:53:05] SlimMonoLogger.INFO: Cron ran at: 07-06-2026 10:53:05 PM [] []
[2026-06-07 22:53:23] SlimMonoLogger.INFO: Cron ran at: 07-06-2026 10:53:23 PM [] []
[2026-06-07 22:53:33] SlimMonoLogger.INFO: Cron ran at: 07-06-2026 10:53:33 PM [] []
[2026-06-07 22:53:43] SlimMonoLogger.INFO: Cron ran at: 07-06-2026 10:53:43 PM [] []
[2026-06-07 22:54:01] SlimMonoLogger.INFO: Cron ran at: 07-06-2026 10:54:01 PM [] []
[2026-06-07 22:54:04] SlimMonoLogger.INFO: Cron ran at: 07-06-2026 10:54:04 PM [] []
[2026-06-07 22:54:24] SlimMonoLogger.INFO: Cron ran at: 07-06-2026 10:54:24 PM [] []
[2026-06-07 22:54:36] SlimMonoLogger.INFO: Cron ran at: 07-06-2026 10:54:36 PM [] []
[2026-06-07 22:55:03] SlimMonoLogger.INFO: Cron ran at: 07-06-2026 10:55:03 PM [] []
[2026-06-07 22:55:15] SlimMonoLogger.INFO: Cron ran at: 07-06-2026 10:55:15 PM [] []
[2026-06-07 22:55:50] SlimMonoLogger.INFO: Cron ran at: 07-06-2026 10:55:50 PM [] []
[2026-06-07 22:56:01] SlimMonoLogger.INFO: Cron ran at: 07-06-2026 10:56:01 PM [] []
[2026-06-07 22:56:25] SlimMonoLogger.INFO: Cron ran at: 07-06-2026 10:56:25 PM [] []
[2026-06-07 22:56:39] SlimMonoLogger.INFO: Cron ran at: 07-06-2026 10:56:39 PM [] []
[2026-06-07 22:56:47] SlimMonoLogger.INFO: Cron ran at: 07-06-2026 10:56:47 PM [] []
[2026-06-07 22:57:04] SlimMonoLogger.INFO: Cron ran at: 07-06-2026 10:57:04 PM [] []
[2026-06-07 22:57:11] SlimMonoLogger.INFO: Cron ran at: 07-06-2026 10:57:11 PM [] []
[2026-06-07 22:57:12] SlimMonoLogger.INFO: Cron ran at: 07-06-2026 10:57:12 PM [] []
[2026-06-07 22:57:44] SlimMonoLogger.INFO: Cron ran at: 07-06-2026 10:57:44 PM [] []
[2026-06-07 22:57:46] SlimMonoLogger.INFO: Cron ran at: 07-06-2026 10:57:46 PM [] []
[2026-06-07 22:57:50] SlimMonoLogger.INFO: Cron ran at: 07-06-2026 10:57:50 PM [] []
[2026-06-07 22:58:19] SlimMonoLogger.INFO: Cron ran at: 07-06-2026 10:58:19 PM [] []
[2026-06-07 22:58:20] SlimMonoLogger.INFO: Cron ran at: 07-06-2026 10:58:20 PM [] []
[2026-06-07 22:58:29] SlimMonoLogger.INFO: Cron ran at: 07-06-2026 10:58:29 PM [] []
[2026-06-07 22:58:50] SlimMonoLogger.INFO: Cron ran at: 07-06-2026 10:58:50 PM [] []
[2026-06-07 22:59:04] SlimMonoLogger.INFO: Cron ran at: 07-06-2026 10:59:04 PM [] []
[2026-06-07 22:59:04] SlimMonoLogger.INFO: Cron ran at: 07-06-2026 10:59:04 PM [] []
[2026-06-07 22:59:25] SlimMonoLogger.INFO: Cron ran at: 07-06-2026 10:59:25 PM [] []
[2026-06-07 22:59:53] SlimMonoLogger.INFO: Cron ran at: 07-06-2026 10:59:53 PM [] []
[2026-06-07 23:00:00] SlimMonoLogger.INFO: Cron ran at: 07-06-2026 11:00:00 PM [] []
[2026-06-07 23:00:27] SlimMonoLogger.INFO: Cron ran at: 07-06-2026 11:00:27 PM [] []
[2026-06-07 23:00:44] SlimMonoLogger.INFO: Cron ran at: 07-06-2026 11:00:44 PM [] []
[2026-06-07 23:01:10] SlimMonoLogger.INFO: Cron ran at: 07-06-2026 11:01:10 PM [] []
[2026-06-07 23:01:19] SlimMonoLogger.INFO: Cron ran at: 07-06-2026 11:01:19 PM [] []
[2026-06-07 23:01:40] SlimMonoLogger.INFO: Cron ran at: 07-06-2026 11:01:40 PM [] []
[2026-06-07 23:01:43] SlimMonoLogger.INFO: Cron ran at: 07-06-2026 11:01:43 PM [] []
[2026-06-07 23:01:52] SlimMonoLogger.INFO: Cron ran at: 07-06-2026 11:01:52 PM [] []
[2026-06-07 23:02:14] SlimMonoLogger.INFO: Cron ran at: 07-06-2026 11:02:14 PM [] []
[2026-06-07 23:02:28] SlimMonoLogger.INFO: Cron ran at: 07-06-2026 11:02:28 PM [] []
[2026-06-07 23:02:32] SlimMonoLogger.INFO: Cron ran at: 07-06-2026 11:02:32 PM [] []
[2026-06-07 23:02:45] SlimMonoLogger.INFO: Cron ran at: 07-06-2026 11:02:45 PM [] []
[2026-06-07 23:03:06] SlimMonoLogger.INFO: Cron ran at: 07-06-2026 11:03:06 PM [] []
[2026-06-07 23:03:13] SlimMonoLogger.INFO: Cron ran at: 07-06-2026 11:03:13 PM [] []
[2026-06-07 23:03:19] SlimMonoLogger.INFO: Cron ran at: 07-06-2026 11:03:19 PM [] []
[2026-06-07 23:03:43] SlimMonoLogger.INFO: Cron ran at: 07-06-2026 11:03:43 PM [] []
[2026-06-07 23:03:50] SlimMonoLogger.INFO: Cron ran at: 07-06-2026 11:03:50 PM [] []
[2026-06-07 23:03:52] SlimMonoLogger.INFO: Cron ran at: 07-06-2026 11:03:52 PM [] []
[2026-06-07 23:04:29] SlimMonoLogger.INFO: Cron ran at: 07-06-2026 11:04:29 PM [] []
[2026-06-07 23:04:31] SlimMonoLogger.INFO: Cron ran at: 07-06-2026 11:04:31 PM [] []
[2026-06-07 23:05:07] SlimMonoLogger.INFO: Cron ran at: 07-06-2026 11:05:07 PM [] []
[2026-06-07 23:05:09] SlimMonoLogger.INFO: Cron ran at: 07-06-2026 11:05:09 PM [] []
[2026-06-07 23:05:43] SlimMonoLogger.INFO: Cron ran at: 07-06-2026 11:05:43 PM [] []
[2026-06-07 23:05:46] SlimMonoLogger.INFO: Cron ran at: 07-06-2026 11:05:46 PM [] []
[2026-06-07 23:06:17] SlimMonoLogger.INFO: Cron ran at: 07-06-2026 11:06:17 PM [] []
[2026-06-07 23:06:30] SlimMonoLogger.INFO: Cron ran at: 07-06-2026 11:06:30 PM [] []
[2026-06-07 23:06:41] SlimMonoLogger.INFO: Cron ran at: 07-06-2026 11:06:41 PM [] []
[2026-06-07 23:06:54] SlimMonoLogger.INFO: Cron ran at: 07-06-2026 11:06:54 PM [] []
[2026-06-07 23:07:05] SlimMonoLogger.INFO: Cron ran at: 07-06-2026 11:07:05 PM [] []
[2026-06-07 23:07:11] SlimMonoLogger.INFO: Cron ran at: 07-06-2026 11:07:11 PM [] []
[2026-06-07 23:07:37] SlimMonoLogger.INFO: Cron ran at: 07-06-2026 11:07:37 PM [] []
[2026-06-07 23:07:41] SlimMonoLogger.INFO: Cron ran at: 07-06-2026 11:07:41 PM [] []
[2026-06-07 23:07:42] SlimMonoLogger.INFO: Cron ran at: 07-06-2026 11:07:42 PM [] []
[2026-06-07 23:08:25] SlimMonoLogger.INFO: Cron ran at: 07-06-2026 11:08:25 PM [] []
[2026-06-07 23:08:25] SlimMonoLogger.INFO: Cron ran at: 07-06-2026 11:08:25 PM [] []
[2026-06-07 23:08:42] SlimMonoLogger.INFO: Cron ran at: 07-06-2026 11:08:42 PM [] []
[2026-06-07 23:08:59] SlimMonoLogger.INFO: Cron ran at: 07-06-2026 11:08:59 PM [] []
[2026-06-07 23:09:00] SlimMonoLogger.INFO: Cron ran at: 07-06-2026 11:09:00 PM [] []
[2026-06-07 23:09:40] SlimMonoLogger.INFO: Cron ran at: 07-06-2026 11:09:40 PM [] []
[2026-06-07 23:09:47] SlimMonoLogger.INFO: Cron ran at: 07-06-2026 11:09:47 PM [] []
[2026-06-07 23:10:16] SlimMonoLogger.INFO: Cron ran at: 07-06-2026 11:10:16 PM [] []
[2026-06-07 23:10:54] SlimMonoLogger.INFO: Cron ran at: 07-06-2026 11:10:54 PM [] []
[2026-06-07 23:11:06] SlimMonoLogger.INFO: Cron ran at: 07-06-2026 11:11:06 PM [] []
[2026-06-07 23:11:47] SlimMonoLogger.INFO: Cron ran at: 07-06-2026 11:11:47 PM [] []
[2026-06-07 23:11:51] SlimMonoLogger.INFO: Cron ran at: 07-06-2026 11:11:51 PM [] []
[2026-06-07 23:12:26] SlimMonoLogger.INFO: Cron ran at: 07-06-2026 11:12:26 PM [] []
[2026-06-07 23:12:39] SlimMonoLogger.INFO: Cron ran at: 07-06-2026 11:12:39 PM [] []
[2026-06-07 23:12:40] SlimMonoLogger.INFO: Cron ran at: 07-06-2026 11:12:40 PM [] []
[2026-06-07 23:12:46] SlimMonoLogger.INFO: Cron ran at: 07-06-2026 11:12:46 PM [] []
[2026-06-07 23:12:54] SlimMonoLogger.INFO: Cron ran at: 07-06-2026 11:12:54 PM [] []
[2026-06-07 23:12:55] SlimMonoLogger.INFO: Cron ran at: 07-06-2026 11:12:55 PM [] []
[2026-06-07 23:13:07] SlimMonoLogger.INFO: Cron ran at: 07-06-2026 11:13:07 PM [] []
[2026-06-07 23:13:22] SlimMonoLogger.INFO: Cron ran at: 07-06-2026 11:13:22 PM [] []
[2026-06-07 23:13:23] SlimMonoLogger.INFO: Cron ran at: 07-06-2026 11:13:23 PM [] []
[2026-06-07 23:13:41] SlimMonoLogger.INFO: Cron ran at: 07-06-2026 11:13:41 PM [] []
[2026-06-07 23:13:42] SlimMonoLogger.INFO: Cron ran at: 07-06-2026 11:13:42 PM [] []
[2026-06-07 23:14:05] SlimMonoLogger.INFO: Cron ran at: 07-06-2026 11:14:05 PM [] []
[2026-06-07 23:14:14] SlimMonoLogger.INFO: Cron ran at: 07-06-2026 11:14:14 PM [] []
[2026-06-07 23:14:38] SlimMonoLogger.INFO: Cron ran at: 07-06-2026 11:14:38 PM [] []
[2026-06-07 23:14:47] SlimMonoLogger.INFO: Cron ran at: 07-06-2026 11:14:47 PM [] []
[2026-06-07 23:15:17] SlimMonoLogger.INFO: Cron ran at: 07-06-2026 11:15:17 PM [] []
[2026-06-07 23:15:20] SlimMonoLogger.INFO: Cron ran at: 07-06-2026 11:15:20 PM [] []
[2026-06-07 23:16:02] SlimMonoLogger.INFO: Cron ran at: 07-06-2026 11:16:02 PM [] []
[2026-06-07 23:16:02] SlimMonoLogger.INFO: Cron ran at: 07-06-2026 11:16:02 PM [] []
[2026-06-07 23:16:15] SlimMonoLogger.INFO: Cron ran at: 07-06-2026 11:16:15 PM [] []
[2026-06-07 23:16:40] SlimMonoLogger.INFO: Cron ran at: 07-06-2026 11:16:40 PM [] []
[2026-06-07 23:16:41] SlimMonoLogger.INFO: Cron ran at: 07-06-2026 11:16:41 PM [] []
[2026-06-07 23:16:52] SlimMonoLogger.INFO: Cron ran at: 07-06-2026 11:16:52 PM [] []
[2026-06-07 23:17:15] SlimMonoLogger.INFO: Cron ran at: 07-06-2026 11:17:15 PM [] []
[2026-06-07 23:17:16] SlimMonoLogger.INFO: Cron ran at: 07-06-2026 11:17:16 PM [] []
[2026-06-07 23:17:17] SlimMonoLogger.INFO: Cron ran at: 07-06-2026 11:17:17 PM [] []
[2026-06-07 23:17:55] SlimMonoLogger.INFO: Cron ran at: 07-06-2026 11:17:55 PM [] []
[2026-06-07 23:17:57] SlimMonoLogger.INFO: Cron ran at: 07-06-2026 11:17:57 PM [] []
[2026-06-07 23:17:58] SlimMonoLogger.INFO: Cron ran at: 07-06-2026 11:17:58 PM [] []
[2026-06-07 23:18:25] SlimMonoLogger.INFO: Cron ran at: 07-06-2026 11:18:25 PM [] []
[2026-06-07 23:18:37] SlimMonoLogger.INFO: Cron ran at: 07-06-2026 11:18:37 PM [] []
[2026-06-07 23:18:38] SlimMonoLogger.INFO: Cron ran at: 07-06-2026 11:18:38 PM [] []
[2026-06-07 23:19:10] SlimMonoLogger.INFO: Cron ran at: 07-06-2026 11:19:10 PM [] []
[2026-06-07 23:19:15] SlimMonoLogger.INFO: Cron ran at: 07-06-2026 11:19:15 PM [] []
[2026-06-07 23:19:39] SlimMonoLogger.INFO: Cron ran at: 07-06-2026 11:19:39 PM [] []
[2026-06-07 23:19:59] SlimMonoLogger.INFO: Cron ran at: 07-06-2026 11:19:59 PM [] []
[2026-06-07 23:20:14] SlimMonoLogger.INFO: Cron ran at: 07-06-2026 11:20:14 PM [] []
[2026-06-07 23:20:37] SlimMonoLogger.INFO: Cron ran at: 07-06-2026 11:20:37 PM [] []
[2026-06-07 23:20:51] SlimMonoLogger.INFO: Cron ran at: 07-06-2026 11:20:51 PM [] []
[2026-06-07 23:21:16] SlimMonoLogger.INFO: Cron ran at: 07-06-2026 11:21:16 PM [] []
[2026-06-07 23:21:28] SlimMonoLogger.INFO: Cron ran at: 07-06-2026 11:21:28 PM [] []
[2026-06-07 23:21:29] SlimMonoLogger.INFO: Cron ran at: 07-06-2026 11:21:29 PM [] []
[2026-06-07 23:21:57] SlimMonoLogger.INFO: Cron ran at: 07-06-2026 11:21:57 PM [] []
[2026-06-07 23:21:58] SlimMonoLogger.INFO: Cron ran at: 07-06-2026 11:21:58 PM [] []
[2026-06-07 23:22:10] SlimMonoLogger.INFO: Cron ran at: 07-06-2026 11:22:10 PM [] []
[2026-06-07 23:22:29] SlimMonoLogger.INFO: Cron ran at: 07-06-2026 11:22:29 PM [] []
[2026-06-07 23:22:33] SlimMonoLogger.INFO: Cron ran at: 07-06-2026 11:22:33 PM [] []
[2026-06-07 23:22:49] SlimMonoLogger.INFO: Cron ran at: 07-06-2026 11:22:49 PM [] []
[2026-06-07 23:23:04] SlimMonoLogger.INFO: Cron ran at: 07-06-2026 11:23:04 PM [] []
[2026-06-07 23:23:16] SlimMonoLogger.INFO: Cron ran at: 07-06-2026 11:23:16 PM [] []
[2026-06-07 23:23:34] SlimMonoLogger.INFO: Cron ran at: 07-06-2026 11:23:34 PM [] []
[2026-06-07 23:23:40] SlimMonoLogger.INFO: Cron ran at: 07-06-2026 11:23:40 PM [] []
[2026-06-07 23:24:00] SlimMonoLogger.INFO: Cron ran at: 07-06-2026 11:24:00 PM [] []
[2026-06-07 23:24:10] SlimMonoLogger.INFO: Cron ran at: 07-06-2026 11:24:10 PM [] []
[2026-06-07 23:24:10] SlimMonoLogger.INFO: Cron ran at: 07-06-2026 11:24:10 PM [] []
[2026-06-07 23:24:47] SlimMonoLogger.INFO: Cron ran at: 07-06-2026 11:24:47 PM [] []
[2026-06-07 23:24:48] SlimMonoLogger.INFO: Cron ran at: 07-06-2026 11:24:48 PM [] []
[2026-06-07 23:25:26] SlimMonoLogger.INFO: Cron ran at: 07-06-2026 11:25:26 PM [] []
[2026-06-07 23:25:31] SlimMonoLogger.INFO: Cron ran at: 07-06-2026 11:25:31 PM [] []
[2026-06-07 23:26:05] SlimMonoLogger.INFO: Cron ran at: 07-06-2026 11:26:05 PM [] []
[2026-06-07 23:26:14] SlimMonoLogger.INFO: Cron ran at: 07-06-2026 11:26:14 PM [] []
[2026-06-07 23:26:47] SlimMonoLogger.INFO: Cron ran at: 07-06-2026 11:26:47 PM [] []
[2026-06-07 23:26:54] SlimMonoLogger.INFO: Cron ran at: 07-06-2026 11:26:54 PM [] []
[2026-06-07 23:26:54] SlimMonoLogger.INFO: Cron ran at: 07-06-2026 11:26:54 PM [] []
[2026-06-07 23:27:22] SlimMonoLogger.INFO: Cron ran at: 07-06-2026 11:27:22 PM [] []
[2026-06-07 23:27:25] SlimMonoLogger.INFO: Cron ran at: 07-06-2026 11:27:25 PM [] []
[2026-06-07 23:27:26] SlimMonoLogger.INFO: Cron ran at: 07-06-2026 11:27:26 PM [] []
[2026-06-07 23:27:57] SlimMonoLogger.INFO: Cron ran at: 07-06-2026 11:27:57 PM [] []
[2026-06-07 23:27:59] SlimMonoLogger.INFO: Cron ran at: 07-06-2026 11:27:59 PM [] []
[2026-06-07 23:28:11] SlimMonoLogger.INFO: Cron ran at: 07-06-2026 11:28:11 PM [] []
[2026-06-07 23:28:31] SlimMonoLogger.INFO: Cron ran at: 07-06-2026 11:28:31 PM [] []
[2026-06-07 23:28:43] SlimMonoLogger.INFO: Cron ran at: 07-06-2026 11:28:43 PM [] []
[2026-06-07 23:29:05] SlimMonoLogger.INFO: Cron ran at: 07-06-2026 11:29:05 PM [] []
[2026-06-07 23:29:21] SlimMonoLogger.INFO: Cron ran at: 07-06-2026 11:29:21 PM [] []
[2026-06-07 23:29:37] SlimMonoLogger.INFO: Cron ran at: 07-06-2026 11:29:37 PM [] []
[2026-06-07 23:30:04] SlimMonoLogger.INFO: Cron ran at: 07-06-2026 11:30:04 PM [] []
[2026-06-07 23:30:14] SlimMonoLogger.INFO: Cron ran at: 07-06-2026 11:30:14 PM [] []
[2026-06-07 23:30:56] SlimMonoLogger.INFO: Cron ran at: 07-06-2026 11:30:56 PM [] []
[2026-06-07 23:31:05] SlimMonoLogger.INFO: Cron ran at: 07-06-2026 11:31:05 PM [] []
[2026-06-07 23:31:16] SlimMonoLogger.INFO: Cron ran at: 07-06-2026 11:31:16 PM [] []
[2026-06-07 23:31:45] SlimMonoLogger.INFO: Cron ran at: 07-06-2026 11:31:45 PM [] []
[2026-06-07 23:31:52] SlimMonoLogger.INFO: Cron ran at: 07-06-2026 11:31:52 PM [] []
[2026-06-07 23:32:00] SlimMonoLogger.INFO: Cron ran at: 07-06-2026 11:32:00 PM [] []
[2026-06-07 23:32:19] SlimMonoLogger.INFO: Cron ran at: 07-06-2026 11:32:19 PM [] []
[2026-06-07 23:32:31] SlimMonoLogger.INFO: Cron ran at: 07-06-2026 11:32:31 PM [] []
[2026-06-07 23:32:33] SlimMonoLogger.INFO: Cron ran at: 07-06-2026 11:32:33 PM [] []
[2026-06-07 23:32:52] SlimMonoLogger.INFO: Cron ran at: 07-06-2026 11:32:52 PM [] []
[2026-06-07 23:33:01] SlimMonoLogger.INFO: Cron ran at: 07-06-2026 11:33:01 PM [] []
[2026-06-07 23:33:12] SlimMonoLogger.INFO: Cron ran at: 07-06-2026 11:33:12 PM [] []
[2026-06-07 23:33:32] SlimMonoLogger.INFO: Cron ran at: 07-06-2026 11:33:32 PM [] []
[2026-06-07 23:33:34] SlimMonoLogger.INFO: Cron ran at: 07-06-2026 11:33:34 PM [] []
[2026-06-07 23:34:12] SlimMonoLogger.INFO: Cron ran at: 07-06-2026 11:34:12 PM [] []
[2026-06-07 23:34:14] SlimMonoLogger.INFO: Cron ran at: 07-06-2026 11:34:14 PM [] []
[2026-06-07 23:34:50] SlimMonoLogger.INFO: Cron ran at: 07-06-2026 11:34:50 PM [] []
[2026-06-07 23:34:51] SlimMonoLogger.INFO: Cron ran at: 07-06-2026 11:34:51 PM [] []
[2026-06-07 23:35:17] SlimMonoLogger.INFO: Cron ran at: 07-06-2026 11:35:17 PM [] []
[2026-06-07 23:35:31] SlimMonoLogger.INFO: Cron ran at: 07-06-2026 11:35:31 PM [] []
[2026-06-07 23:35:57] SlimMonoLogger.INFO: Cron ran at: 07-06-2026 11:35:57 PM [] []
[2026-06-07 23:36:14] SlimMonoLogger.INFO: Cron ran at: 07-06-2026 11:36:14 PM [] []
[2026-06-07 23:36:33] SlimMonoLogger.INFO: Cron ran at: 07-06-2026 11:36:33 PM [] []
[2026-06-07 23:36:33] SlimMonoLogger.INFO: Cron ran at: 07-06-2026 11:36:33 PM [] []
[2026-06-07 23:36:47] SlimMonoLogger.INFO: Cron ran at: 07-06-2026 11:36:47 PM [] []
[2026-06-07 23:37:05] SlimMonoLogger.INFO: Cron ran at: 07-06-2026 11:37:05 PM [] []
[2026-06-07 23:37:10] SlimMonoLogger.INFO: Cron ran at: 07-06-2026 11:37:10 PM [] []
[2026-06-07 23:37:31] SlimMonoLogger.INFO: Cron ran at: 07-06-2026 11:37:31 PM [] []
[2026-06-07 23:37:34] SlimMonoLogger.INFO: Cron ran at: 07-06-2026 11:37:34 PM [] []
[2026-06-07 23:37:51] SlimMonoLogger.INFO: Cron ran at: 07-06-2026 11:37:51 PM [] []
[2026-06-07 23:38:09] SlimMonoLogger.INFO: Cron ran at: 07-06-2026 11:38:09 PM [] []
[2026-06-07 23:38:09] SlimMonoLogger.INFO: Cron ran at: 07-06-2026 11:38:09 PM [] []
[2026-06-07 23:38:32] SlimMonoLogger.INFO: Cron ran at: 07-06-2026 11:38:32 PM [] []
[2026-06-07 23:38:43] SlimMonoLogger.INFO: Cron ran at: 07-06-2026 11:38:43 PM [] []
[2026-06-07 23:38:47] SlimMonoLogger.INFO: Cron ran at: 07-06-2026 11:38:47 PM [] []
[2026-06-07 23:39:10] SlimMonoLogger.INFO: Cron ran at: 07-06-2026 11:39:10 PM [] []
[2026-06-07 23:39:19] SlimMonoLogger.INFO: Cron ran at: 07-06-2026 11:39:19 PM [] []
[2026-06-07 23:39:49] SlimMonoLogger.INFO: Cron ran at: 07-06-2026 11:39:49 PM [] []
[2026-06-07 23:39:50] SlimMonoLogger.INFO: Cron ran at: 07-06-2026 11:39:50 PM [] []
[2026-06-07 23:40:32] SlimMonoLogger.INFO: Cron ran at: 07-06-2026 11:40:32 PM [] []
[2026-06-07 23:40:33] SlimMonoLogger.INFO: Cron ran at: 07-06-2026 11:40:33 PM [] []
[2026-06-07 23:41:15] SlimMonoLogger.INFO: Cron ran at: 07-06-2026 11:41:15 PM [] []
[2026-06-07 23:41:50] SlimMonoLogger.INFO: Cron ran at: 07-06-2026 11:41:50 PM [] []
[2026-06-07 23:41:50] SlimMonoLogger.INFO: Cron ran at: 07-06-2026 11:41:50 PM [] []
[2026-06-07 23:41:59] SlimMonoLogger.INFO: Cron ran at: 07-06-2026 11:41:59 PM [] []
[2026-06-07 23:42:30] SlimMonoLogger.INFO: Cron ran at: 07-06-2026 11:42:30 PM [] []
[2026-06-07 23:42:30] SlimMonoLogger.INFO: Cron ran at: 07-06-2026 11:42:30 PM [] []
[2026-06-07 23:42:31] SlimMonoLogger.INFO: Cron ran at: 07-06-2026 11:42:31 PM [] []
[2026-06-07 23:43:05] SlimMonoLogger.INFO: Cron ran at: 07-06-2026 11:43:05 PM [] []
[2026-06-07 23:43:06] SlimMonoLogger.INFO: Cron ran at: 07-06-2026 11:43:06 PM [] []
[2026-06-07 23:43:07] SlimMonoLogger.INFO: Cron ran at: 07-06-2026 11:43:07 PM [] []
[2026-06-07 23:43:38] SlimMonoLogger.INFO: Cron ran at: 07-06-2026 11:43:38 PM [] []
[2026-06-07 23:43:47] SlimMonoLogger.INFO: Cron ran at: 07-06-2026 11:43:47 PM [] []
[2026-06-07 23:43:48] SlimMonoLogger.INFO: Cron ran at: 07-06-2026 11:43:48 PM [] []
[2026-06-07 23:44:15] SlimMonoLogger.INFO: Cron ran at: 07-06-2026 11:44:15 PM [] []
[2026-06-07 23:44:31] SlimMonoLogger.INFO: Cron ran at: 07-06-2026 11:44:31 PM [] []
[2026-06-07 23:44:47] SlimMonoLogger.INFO: Cron ran at: 07-06-2026 11:44:47 PM [] []
[2026-06-07 23:45:09] SlimMonoLogger.INFO: Cron ran at: 07-06-2026 11:45:09 PM [] []
[2026-06-07 23:45:23] SlimMonoLogger.INFO: Cron ran at: 07-06-2026 11:45:23 PM [] []
[2026-06-07 23:45:49] SlimMonoLogger.INFO: Cron ran at: 07-06-2026 11:45:49 PM [] []
[2026-06-07 23:46:00] SlimMonoLogger.INFO: Cron ran at: 07-06-2026 11:46:00 PM [] []
[2026-06-07 23:46:31] SlimMonoLogger.INFO: Cron ran at: 07-06-2026 11:46:31 PM [] []
[2026-06-07 23:46:36] SlimMonoLogger.INFO: Cron ran at: 07-06-2026 11:46:36 PM [] []
[2026-06-07 23:46:39] SlimMonoLogger.INFO: Cron ran at: 07-06-2026 11:46:39 PM [] []
[2026-06-07 23:47:16] SlimMonoLogger.INFO: Cron ran at: 07-06-2026 11:47:16 PM [] []
[2026-06-07 23:47:17] SlimMonoLogger.INFO: Cron ran at: 07-06-2026 11:47:17 PM [] []
[2026-06-07 23:47:20] SlimMonoLogger.INFO: Cron ran at: 07-06-2026 11:47:20 PM [] []
[2026-06-07 23:47:48] SlimMonoLogger.INFO: Cron ran at: 07-06-2026 11:47:48 PM [] []
[2026-06-07 23:47:57] SlimMonoLogger.INFO: Cron ran at: 07-06-2026 11:47:57 PM [] []
[2026-06-07 23:48:00] SlimMonoLogger.INFO: Cron ran at: 07-06-2026 11:48:00 PM [] []
[2026-06-07 23:48:23] SlimMonoLogger.INFO: Cron ran at: 07-06-2026 11:48:23 PM [] []
[2026-06-07 23:48:37] SlimMonoLogger.INFO: Cron ran at: 07-06-2026 11:48:37 PM [] []
[2026-06-07 23:48:42] SlimMonoLogger.INFO: Cron ran at: 07-06-2026 11:48:42 PM [] []
[2026-06-07 23:48:55] SlimMonoLogger.INFO: Cron ran at: 07-06-2026 11:48:55 PM [] []
[2026-06-07 23:49:14] SlimMonoLogger.ERROR: Requests_Exception: cURL error 28: Operation timed out after 500002 milliseconds with 15824 bytes received in /home/latihtal/public_html/agregator1/src/vendor/rmccue/requests/library/Requests/Transport/cURL.php:422
Stack trace:
#0 /home/latihtal/public_html/agregator1/src/vendor/rmccue/requests/library/Requests/Transport/cURL.php(177): Requests_Transport_cURL->process_response()
#1 /home/latihtal/public_html/agregator1/src/vendor/rmccue/requests/library/Requests.php(379): Requests_Transport_cURL->request()
#2 /home/latihtal/public_html/agregator1/src/vendor/rmccue/requests/library/Requests/Session.php(205): Requests::request()
#3 /home/latihtal/public_html/agregator1/src/vendor/rmccue/requests/library/Requests/Session.php(132): Requests_Session->request()
#4 /home/latihtal/public_html/agregator1/src/drivers/Http/RssImporter.php(144): Requests_Session->get()
#5 /home/latihtal/public_html/agregator1/src/controllers/Dashboard/DashboardFeedsController.php(534): spark\drivers\Http\RssImporter->fetchPosts()
#6 /home/latihtal/public_html/agregator1/src/controllers/Site/SiteController.php(722): spark\controllers\Dashboard\DashboardFeedsController::importFeedPosts()
#7 [internal function]: spark\controllers\Site\SiteController->runTasks()
#8 /home/latihtal/public_html/agregator1/src/framework/Route.php(173): call_user_func_array()
#9 [internal function]: Slim\Route->Slim\{closure}()
#10 /home/latihtal/public_html/agregator1/src/framework/Route.php(468): call_user_func_array()
#11 /home/latihtal/public_html/agregator1/src/framework/Slim.php(1364): Slim\Route->dispatch()
#12 /home/latihtal/public_html/agregator1/src/framework/Middleware/Flash.php(85): Slim\Slim->call()
#13 /home/latihtal/public_html/agregator1/src/framework/Middleware/MethodOverride.php(92): Slim\Middleware\Flash->call()
#14 /home/latihtal/public_html/agregator1/src/middlewares/CsrfGuard/CsrfGuard.php(47): Slim\Middleware\MethodOverride->call()
#15 /home/latihtal/public_html/agregator1/src/framework/Middleware/PrettyExceptions.php(67): spark\middlewares\CsrfGuard\CsrfGuard->call()
#16 /home/latihtal/public_html/agregator1/src/framework/Slim.php(1308): Slim\Middleware\PrettyExceptions->call()
#17 /home/latihtal/public_html/agregator1/index.php(6): Slim\Slim->run()
#18 {main} [] []
[2026-06-07 23:49:20] SlimMonoLogger.INFO: Cron ran at: 07-06-2026 11:49:20 PM [] []
[2026-06-07 23:49:30] SlimMonoLogger.INFO: Cron ran at: 07-06-2026 11:49:30 PM [] []
[2026-06-07 23:49:44] SlimMonoLogger.INFO: Cron ran at: 07-06-2026 11:49:44 PM [] []
[2026-06-07 23:50:06] SlimMonoLogger.INFO: Cron ran at: 07-06-2026 11:50:06 PM [] []
[2026-06-07 23:50:08] SlimMonoLogger.INFO: Cron ran at: 07-06-2026 11:50:08 PM [] []
[2026-06-07 23:50:52] SlimMonoLogger.INFO: Cron ran at: 07-06-2026 11:50:52 PM [] []
[2026-06-07 23:51:03] SlimMonoLogger.INFO: Cron ran at: 07-06-2026 11:51:03 PM [] []
[2026-06-07 23:51:28] SlimMonoLogger.INFO: Cron ran at: 07-06-2026 11:51:28 PM [] []
[2026-06-07 23:51:41] SlimMonoLogger.INFO: Cron ran at: 07-06-2026 11:51:41 PM [] []
[2026-06-07 23:51:48] SlimMonoLogger.INFO: Cron ran at: 07-06-2026 11:51:48 PM [] []
[2026-06-07 23:51:57] SlimMonoLogger.INFO: Cron ran at: 07-06-2026 11:51:57 PM [] []
[2026-06-07 23:52:05] SlimMonoLogger.INFO: Cron ran at: 07-06-2026 11:52:05 PM [] []
[2026-06-07 23:52:20] SlimMonoLogger.INFO: Cron ran at: 07-06-2026 11:52:20 PM [] []
[2026-06-07 23:52:37] SlimMonoLogger.INFO: Cron ran at: 07-06-2026 11:52:37 PM [] []
[2026-06-07 23:52:48] SlimMonoLogger.INFO: Cron ran at: 07-06-2026 11:52:48 PM [] []
[2026-06-07 23:52:48] SlimMonoLogger.INFO: Cron ran at: 07-06-2026 11:52:48 PM [] []
[2026-06-07 23:53:18] SlimMonoLogger.INFO: Cron ran at: 07-06-2026 11:53:18 PM [] []
[2026-06-07 23:53:27] SlimMonoLogger.INFO: Cron ran at: 07-06-2026 11:53:27 PM [] []
[2026-06-07 23:53:28] SlimMonoLogger.INFO: Cron ran at: 07-06-2026 11:53:28 PM [] []
[2026-06-07 23:54:02] SlimMonoLogger.INFO: Cron ran at: 07-06-2026 11:54:02 PM [] []
[2026-06-07 23:54:02] SlimMonoLogger.INFO: Cron ran at: 07-06-2026 11:54:02 PM [] []
[2026-06-07 23:54:11] SlimMonoLogger.INFO: Cron ran at: 07-06-2026 11:54:11 PM [] []
[2026-06-07 23:54:40] SlimMonoLogger.INFO: Cron ran at: 07-06-2026 11:54:40 PM [] []
[2026-06-07 23:54:54] SlimMonoLogger.INFO: Cron ran at: 07-06-2026 11:54:54 PM [] []
[2026-06-07 23:55:17] SlimMonoLogger.INFO: Cron ran at: 07-06-2026 11:55:17 PM [] []
[2026-06-07 23:55:39] SlimMonoLogger.INFO: Cron ran at: 07-06-2026 11:55:39 PM [] []
[2026-06-07 23:55:54] SlimMonoLogger.INFO: Cron ran at: 07-06-2026 11:55:54 PM [] []
[2026-06-07 23:56:20] SlimMonoLogger.INFO: Cron ran at: 07-06-2026 11:56:20 PM [] []
[2026-06-07 23:56:35] SlimMonoLogger.INFO: Cron ran at: 07-06-2026 11:56:35 PM [] []
[2026-06-07 23:56:39] SlimMonoLogger.INFO: Cron ran at: 07-06-2026 11:56:39 PM [] []
[2026-06-07 23:57:00] SlimMonoLogger.INFO: Cron ran at: 07-06-2026 11:57:00 PM [] []
[2026-06-07 23:57:11] SlimMonoLogger.INFO: Cron ran at: 07-06-2026 11:57:11 PM [] []
[2026-06-07 23:57:11] SlimMonoLogger.INFO: Cron ran at: 07-06-2026 11:57:11 PM [] []
[2026-06-07 23:57:44] SlimMonoLogger.INFO: Cron ran at: 07-06-2026 11:57:44 PM [] []
[2026-06-07 23:57:46] SlimMonoLogger.INFO: Cron ran at: 07-06-2026 11:57:46 PM [] []
[2026-06-07 23:57:59] SlimMonoLogger.INFO: Cron ran at: 07-06-2026 11:57:59 PM [] []
[2026-06-07 23:58:19] SlimMonoLogger.INFO: Cron ran at: 07-06-2026 11:58:19 PM [] []
[2026-06-07 23:58:20] SlimMonoLogger.INFO: Cron ran at: 07-06-2026 11:58:20 PM [] []
[2026-06-07 23:58:31] SlimMonoLogger.INFO: Cron ran at: 07-06-2026 11:58:31 PM [] []
[2026-06-07 23:58:41] SlimMonoLogger.INFO: Cron ran at: 07-06-2026 11:58:41 PM [] []
[2026-06-07 23:58:49] SlimMonoLogger.INFO: Cron ran at: 07-06-2026 11:58:49 PM [] []
[2026-06-07 23:59:02] SlimMonoLogger.INFO: Cron ran at: 07-06-2026 11:59:02 PM [] []
[2026-06-07 23:59:14] SlimMonoLogger.INFO: Cron ran at: 07-06-2026 11:59:14 PM [] []
[2026-06-07 23:59:42] SlimMonoLogger.INFO: Cron ran at: 07-06-2026 11:59:42 PM [] []
[2026-06-07 23:59:49] SlimMonoLogger.INFO: Cron ran at: 07-06-2026 11:59:49 PM [] []
[2026-06-08 00:00:35] SlimMonoLogger.INFO: Cron ran at: 08-06-2026 12:00:35 AM [] []
[2026-06-08 00:00:35] SlimMonoLogger.INFO: Cron ran at: 08-06-2026 12:00:35 AM [] []
[2026-06-08 00:01:04] SlimMonoLogger.INFO: Cron ran at: 08-06-2026 12:01:04 AM [] []
[2026-06-08 00:01:04] SlimMonoLogger.INFO: Cron ran at: 08-06-2026 12:01:04 AM [] []
[2026-06-08 00:01:14] SlimMonoLogger.INFO: Cron ran at: 08-06-2026 12:01:14 AM [] []
[2026-06-08 00:01:40] SlimMonoLogger.INFO: Cron ran at: 08-06-2026 12:01:40 AM [] []
[2026-06-08 00:01:41] SlimMonoLogger.INFO: Cron ran at: 08-06-2026 12:01:41 AM [] []
[2026-06-08 00:01:42] SlimMonoLogger.INFO: Cron ran at: 08-06-2026 12:01:42 AM [] []
[2026-06-08 00:02:18] SlimMonoLogger.INFO: Cron ran at: 08-06-2026 12:02:18 AM [] []
[2026-06-08 00:02:18] SlimMonoLogger.INFO: Cron ran at: 08-06-2026 12:02:18 AM [] []
[2026-06-08 00:02:23] SlimMonoLogger.INFO: Cron ran at: 08-06-2026 12:02:23 AM [] []
[2026-06-08 00:02:49] SlimMonoLogger.INFO: Cron ran at: 08-06-2026 12:02:49 AM [] []
[2026-06-08 00:03:01] SlimMonoLogger.INFO: Cron ran at: 08-06-2026 12:03:01 AM [] []
[2026-06-08 00:03:01] SlimMonoLogger.INFO: Cron ran at: 08-06-2026 12:03:01 AM [] []
[2026-06-08 00:03:21] SlimMonoLogger.INFO: Cron ran at: 08-06-2026 12:03:21 AM [] []
[2026-06-08 00:03:46] SlimMonoLogger.INFO: Cron ran at: 08-06-2026 12:03:46 AM [] []
[2026-06-08 00:03:46] SlimMonoLogger.INFO: Cron ran at: 08-06-2026 12:03:46 AM [] []
[2026-06-08 00:03:57] SlimMonoLogger.INFO: Cron ran at: 08-06-2026 12:03:57 AM [] []
[2026-06-08 00:04:24] SlimMonoLogger.INFO: Cron ran at: 08-06-2026 12:04:24 AM [] []
[2026-06-08 00:04:35] SlimMonoLogger.INFO: Cron ran at: 08-06-2026 12:04:35 AM [] []
[2026-06-08 00:05:06] SlimMonoLogger.INFO: Cron ran at: 08-06-2026 12:05:06 AM [] []
[2026-06-08 00:05:08] SlimMonoLogger.INFO: Cron ran at: 08-06-2026 12:05:08 AM [] []
[2026-06-08 00:05:47] SlimMonoLogger.INFO: Cron ran at: 08-06-2026 12:05:47 AM [] []
[2026-06-08 00:05:48] SlimMonoLogger.INFO: Cron ran at: 08-06-2026 12:05:48 AM [] []
[2026-06-08 00:06:28] SlimMonoLogger.INFO: Cron ran at: 08-06-2026 12:06:28 AM [] []
[2026-06-08 00:06:28] SlimMonoLogger.INFO: Cron ran at: 08-06-2026 12:06:28 AM [] []
[2026-06-08 00:06:31] SlimMonoLogger.INFO: Cron ran at: 08-06-2026 12:06:31 AM [] []
[2026-06-08 00:07:06] SlimMonoLogger.INFO: Cron ran at: 08-06-2026 12:07:06 AM [] []
[2026-06-08 00:07:06] SlimMonoLogger.INFO: Cron ran at: 08-06-2026 12:07:06 AM [] []
[2026-06-08 00:07:06] SlimMonoLogger.INFO: Cron ran at: 08-06-2026 12:07:06 AM [] []
[2026-06-08 00:07:42] SlimMonoLogger.INFO: Cron ran at: 08-06-2026 12:07:42 AM [] []
[2026-06-08 00:07:45] SlimMonoLogger.INFO: Cron ran at: 08-06-2026 12:07:45 AM [] []
[2026-06-08 00:07:53] SlimMonoLogger.INFO: Cron ran at: 08-06-2026 12:07:53 AM [] []
[2026-06-08 00:08:09] SlimMonoLogger.INFO: Cron ran at: 08-06-2026 12:08:09 AM [] []
[2026-06-08 00:08:26] SlimMonoLogger.INFO: Cron ran at: 08-06-2026 12:08:26 AM [] []
[2026-06-08 00:08:26] SlimMonoLogger.INFO: Cron ran at: 08-06-2026 12:08:26 AM [] []
[2026-06-08 00:08:43] SlimMonoLogger.INFO: Cron ran at: 08-06-2026 12:08:43 AM [] []
[2026-06-08 00:09:08] SlimMonoLogger.INFO: Cron ran at: 08-06-2026 12:09:08 AM [] []
[2026-06-08 00:09:18] SlimMonoLogger.INFO: Cron ran at: 08-06-2026 12:09:18 AM [] []
[2026-06-08 00:09:53] SlimMonoLogger.INFO: Cron ran at: 08-06-2026 12:09:53 AM [] []
[2026-06-08 00:09:54] SlimMonoLogger.INFO: Cron ran at: 08-06-2026 12:09:54 AM [] []
[2026-06-08 00:10:29] SlimMonoLogger.INFO: Cron ran at: 08-06-2026 12:10:29 AM [] []
[2026-06-08 00:10:30] SlimMonoLogger.INFO: Cron ran at: 08-06-2026 12:10:30 AM [] []
[2026-06-08 00:11:10] SlimMonoLogger.INFO: Cron ran at: 08-06-2026 12:11:10 AM [] []
[2026-06-08 00:11:11] SlimMonoLogger.INFO: Cron ran at: 08-06-2026 12:11:11 AM [] []
[2026-06-08 00:11:37] SlimMonoLogger.INFO: Cron ran at: 08-06-2026 12:11:37 AM [] []
[2026-06-08 00:11:46] SlimMonoLogger.INFO: Cron ran at: 08-06-2026 12:11:46 AM [] []
[2026-06-08 00:11:49] SlimMonoLogger.INFO: Cron ran at: 08-06-2026 12:11:49 AM [] []
[2026-06-08 00:12:05] SlimMonoLogger.INFO: Cron ran at: 08-06-2026 12:12:05 AM [] []
[2026-06-08 00:12:32] SlimMonoLogger.INFO: Cron ran at: 08-06-2026 12:12:32 AM [] []
[2026-06-08 00:12:39] SlimMonoLogger.INFO: Cron ran at: 08-06-2026 12:12:39 AM [] []
[2026-06-08 00:12:39] SlimMonoLogger.INFO: Cron ran at: 08-06-2026 12:12:39 AM [] []
[2026-06-08 00:13:09] SlimMonoLogger.INFO: Cron ran at: 08-06-2026 12:13:09 AM [] []
[2026-06-08 00:13:10] SlimMonoLogger.INFO: Cron ran at: 08-06-2026 12:13:10 AM [] []
[2026-06-08 00:13:11] SlimMonoLogger.INFO: Cron ran at: 08-06-2026 12:13:11 AM [] []
[2026-06-08 00:13:47] SlimMonoLogger.INFO: Cron ran at: 08-06-2026 12:13:47 AM [] []
[2026-06-08 00:13:48] SlimMonoLogger.INFO: Cron ran at: 08-06-2026 12:13:48 AM [] []
[2026-06-08 00:14:20] SlimMonoLogger.INFO: Cron ran at: 08-06-2026 12:14:20 AM [] []
[2026-06-08 00:14:29] SlimMonoLogger.INFO: Cron ran at: 08-06-2026 12:14:29 AM [] []
[2026-06-08 00:14:54] SlimMonoLogger.INFO: Cron ran at: 08-06-2026 12:14:54 AM [] []
[2026-06-08 00:15:07] SlimMonoLogger.INFO: Cron ran at: 08-06-2026 12:15:07 AM [] []
[2026-06-08 00:15:35] SlimMonoLogger.INFO: Cron ran at: 08-06-2026 12:15:35 AM [] []
[2026-06-08 00:16:12] SlimMonoLogger.INFO: Cron ran at: 08-06-2026 12:16:12 AM [] []
[2026-06-08 00:16:12] SlimMonoLogger.INFO: Cron ran at: 08-06-2026 12:16:12 AM [] []
[2026-06-08 00:16:49] SlimMonoLogger.INFO: Cron ran at: 08-06-2026 12:16:49 AM [] []
[2026-06-08 00:16:51] SlimMonoLogger.INFO: Cron ran at: 08-06-2026 12:16:51 AM [] []
[2026-06-08 00:16:54] SlimMonoLogger.INFO: Cron ran at: 08-06-2026 12:16:54 AM [] []
[2026-06-08 00:17:29] SlimMonoLogger.INFO: Cron ran at: 08-06-2026 12:17:29 AM [] []
[2026-06-08 00:17:34] SlimMonoLogger.INFO: Cron ran at: 08-06-2026 12:17:34 AM [] []
[2026-06-08 00:17:35] SlimMonoLogger.INFO: Cron ran at: 08-06-2026 12:17:35 AM [] []
[2026-06-08 00:17:54] SlimMonoLogger.INFO: Cron ran at: 08-06-2026 12:17:54 AM [] []
[2026-06-08 00:18:15] SlimMonoLogger.INFO: Cron ran at: 08-06-2026 12:18:15 AM [] []
[2026-06-08 00:18:16] SlimMonoLogger.INFO: Cron ran at: 08-06-2026 12:18:16 AM [] []
[2026-06-08 00:18:26] SlimMonoLogger.INFO: Cron ran at: 08-06-2026 12:18:26 AM [] []
[2026-06-08 00:18:53] SlimMonoLogger.INFO: Cron ran at: 08-06-2026 12:18:53 AM [] []
[2026-06-08 00:18:54] SlimMonoLogger.INFO: Cron ran at: 08-06-2026 12:18:54 AM [] []
[2026-06-08 00:19:01] SlimMonoLogger.INFO: Cron ran at: 08-06-2026 12:19:01 AM [] []
[2026-06-08 00:19:35] SlimMonoLogger.INFO: Cron ran at: 08-06-2026 12:19:35 AM [] []
[2026-06-08 00:19:36] SlimMonoLogger.INFO: Cron ran at: 08-06-2026 12:19:36 AM [] []
[2026-06-08 00:20:11] SlimMonoLogger.INFO: Cron ran at: 08-06-2026 12:20:11 AM [] []
[2026-06-08 00:20:14] SlimMonoLogger.INFO: Cron ran at: 08-06-2026 12:20:14 AM [] []
[2026-06-08 00:20:47] SlimMonoLogger.INFO: Cron ran at: 08-06-2026 12:20:47 AM [] []
[2026-06-08 00:21:00] SlimMonoLogger.INFO: Cron ran at: 08-06-2026 12:21:00 AM [] []
[2026-06-08 00:21:29] SlimMonoLogger.INFO: Cron ran at: 08-06-2026 12:21:29 AM [] []
[2026-06-08 00:21:37] SlimMonoLogger.INFO: Cron ran at: 08-06-2026 12:21:37 AM [] []
[2026-06-08 00:21:40] SlimMonoLogger.INFO: Cron ran at: 08-06-2026 12:21:40 AM [] []
[2026-06-08 00:22:02] SlimMonoLogger.INFO: Cron ran at: 08-06-2026 12:22:02 AM [] []
[2026-06-08 00:22:07] SlimMonoLogger.INFO: Cron ran at: 08-06-2026 12:22:07 AM [] []
[2026-06-08 00:22:07] SlimMonoLogger.INFO: Cron ran at: 08-06-2026 12:22:07 AM [] []
[2026-06-08 00:22:38] SlimMonoLogger.INFO: Cron ran at: 08-06-2026 12:22:38 AM [] []
[2026-06-08 00:22:39] SlimMonoLogger.INFO: Cron ran at: 08-06-2026 12:22:39 AM [] []
[2026-06-08 00:22:48] SlimMonoLogger.INFO: Cron ran at: 08-06-2026 12:22:48 AM [] []
[2026-06-08 00:23:12] SlimMonoLogger.INFO: Cron ran at: 08-06-2026 12:23:12 AM [] []
[2026-06-08 00:23:16] SlimMonoLogger.INFO: Cron ran at: 08-06-2026 12:23:16 AM [] []
[2026-06-08 00:23:29] SlimMonoLogger.INFO: Cron ran at: 08-06-2026 12:23:29 AM [] []
[2026-06-08 00:23:47] SlimMonoLogger.INFO: Cron ran at: 08-06-2026 12:23:47 AM [] []
[2026-06-08 00:23:58] SlimMonoLogger.INFO: Cron ran at: 08-06-2026 12:23:58 AM [] []
[2026-06-08 00:24:23] SlimMonoLogger.INFO: Cron ran at: 08-06-2026 12:24:23 AM [] []
[2026-06-08 00:24:40] SlimMonoLogger.INFO: Cron ran at: 08-06-2026 12:24:40 AM [] []
[2026-06-08 00:24:56] SlimMonoLogger.INFO: Cron ran at: 08-06-2026 12:24:56 AM [] []
[2026-06-08 00:25:23] SlimMonoLogger.INFO: Cron ran at: 08-06-2026 12:25:23 AM [] []
[2026-06-08 00:25:34] SlimMonoLogger.INFO: Cron ran at: 08-06-2026 12:25:34 AM [] []
[2026-06-08 00:25:59] SlimMonoLogger.INFO: Cron ran at: 08-06-2026 12:25:59 AM [] []
[2026-06-08 00:26:12] SlimMonoLogger.INFO: Cron ran at: 08-06-2026 12:26:12 AM [] []
[2026-06-08 00:26:40] SlimMonoLogger.INFO: Cron ran at: 08-06-2026 12:26:40 AM [] []
[2026-06-08 00:26:52] SlimMonoLogger.INFO: Cron ran at: 08-06-2026 12:26:52 AM [] []
[2026-06-08 00:26:52] SlimMonoLogger.INFO: Cron ran at: 08-06-2026 12:26:52 AM [] []
[2026-06-08 00:27:22] SlimMonoLogger.INFO: Cron ran at: 08-06-2026 12:27:22 AM [] []
[2026-06-08 00:27:22] SlimMonoLogger.INFO: Cron ran at: 08-06-2026 12:27:22 AM [] []
[2026-06-08 00:27:34] SlimMonoLogger.INFO: Cron ran at: 08-06-2026 12:27:34 AM [] []
[2026-06-08 00:27:55] SlimMonoLogger.INFO: Cron ran at: 08-06-2026 12:27:55 AM [] []
[2026-06-08 00:27:58] SlimMonoLogger.INFO: Cron ran at: 08-06-2026 12:27:58 AM [] []
[2026-06-08 00:28:12] SlimMonoLogger.INFO: Cron ran at: 08-06-2026 12:28:12 AM [] []
[2026-06-08 00:28:27] SlimMonoLogger.INFO: Cron ran at: 08-06-2026 12:28:27 AM [] []
[2026-06-08 00:28:36] SlimMonoLogger.INFO: Cron ran at: 08-06-2026 12:28:36 AM [] []
[2026-06-08 00:28:51] SlimMonoLogger.INFO: Cron ran at: 08-06-2026 12:28:51 AM [] []
[2026-06-08 00:29:04] SlimMonoLogger.INFO: Cron ran at: 08-06-2026 12:29:04 AM [] []
[2026-06-08 00:29:34] SlimMonoLogger.INFO: Cron ran at: 08-06-2026 12:29:34 AM [] []
[2026-06-08 00:29:35] SlimMonoLogger.INFO: Cron ran at: 08-06-2026 12:29:35 AM [] []
[2026-06-08 00:30:14] SlimMonoLogger.INFO: Cron ran at: 08-06-2026 12:30:14 AM [] []
[2026-06-08 00:30:15] SlimMonoLogger.INFO: Cron ran at: 08-06-2026 12:30:15 AM [] []
[2026-06-08 00:30:51] SlimMonoLogger.INFO: Cron ran at: 08-06-2026 12:30:51 AM [] []
[2026-06-08 00:30:52] SlimMonoLogger.INFO: Cron ran at: 08-06-2026 12:30:52 AM [] []
[2026-06-08 00:31:32] SlimMonoLogger.INFO: Cron ran at: 08-06-2026 12:31:32 AM [] []
[2026-06-08 00:31:33] SlimMonoLogger.INFO: Cron ran at: 08-06-2026 12:31:33 AM [] []
[2026-06-08 00:31:44] SlimMonoLogger.INFO: Cron ran at: 08-06-2026 12:31:44 AM [] []
[2026-06-08 00:32:11] SlimMonoLogger.INFO: Cron ran at: 08-06-2026 12:32:11 AM [] []
[2026-06-08 00:32:11] SlimMonoLogger.INFO: Cron ran at: 08-06-2026 12:32:11 AM [] []
[2026-06-08 00:32:11] SlimMonoLogger.INFO: Cron ran at: 08-06-2026 12:32:11 AM [] []
[2026-06-08 00:32:49] SlimMonoLogger.INFO: Cron ran at: 08-06-2026 12:32:49 AM [] []
[2026-06-08 00:32:49] SlimMonoLogger.INFO: Cron ran at: 08-06-2026 12:32:49 AM [] []
[2026-06-08 00:32:52] SlimMonoLogger.INFO: Cron ran at: 08-06-2026 12:32:52 AM [] []
[2026-06-08 00:33:18] SlimMonoLogger.INFO: Cron ran at: 08-06-2026 12:33:18 AM [] []
[2026-06-08 00:33:30] SlimMonoLogger.INFO: Cron ran at: 08-06-2026 12:33:30 AM [] []
[2026-06-08 00:33:32] SlimMonoLogger.INFO: Cron ran at: 08-06-2026 12:33:32 AM [] []
[2026-06-08 00:33:54] SlimMonoLogger.INFO: Cron ran at: 08-06-2026 12:33:54 AM [] []
[2026-06-08 00:34:09] SlimMonoLogger.INFO: Cron ran at: 08-06-2026 12:34:09 AM [] []
[2026-06-08 00:34:26] SlimMonoLogger.INFO: Cron ran at: 08-06-2026 12:34:26 AM [] []
[2026-06-08 00:34:47] SlimMonoLogger.INFO: Cron ran at: 08-06-2026 12:34:47 AM [] []
[2026-06-08 00:35:05] SlimMonoLogger.INFO: Cron ran at: 08-06-2026 12:35:05 AM [] []
[2026-06-08 00:35:28] SlimMonoLogger.INFO: Cron ran at: 08-06-2026 12:35:28 AM [] []
[2026-06-08 00:35:46] SlimMonoLogger.INFO: Cron ran at: 08-06-2026 12:35:46 AM [] []
[2026-06-08 00:36:07] SlimMonoLogger.INFO: Cron ran at: 08-06-2026 12:36:07 AM [] []
[2026-06-08 00:36:07] SlimMonoLogger.INFO: Cron ran at: 08-06-2026 12:36:07 AM [] []
[2026-06-08 00:36:18] SlimMonoLogger.INFO: Cron ran at: 08-06-2026 12:36:18 AM [] []
[2026-06-08 00:36:40] SlimMonoLogger.INFO: Cron ran at: 08-06-2026 12:36:40 AM [] []
[2026-06-08 00:36:45] SlimMonoLogger.INFO: Cron ran at: 08-06-2026 12:36:45 AM [] []
[2026-06-08 00:36:57] SlimMonoLogger.INFO: Cron ran at: 08-06-2026 12:36:57 AM [] []
[2026-06-08 00:37:13] SlimMonoLogger.INFO: Cron ran at: 08-06-2026 12:37:13 AM [] []
[2026-06-08 00:37:27] SlimMonoLogger.INFO: Cron ran at: 08-06-2026 12:37:27 AM [] []
[2026-06-08 00:37:37] SlimMonoLogger.INFO: Cron ran at: 08-06-2026 12:37:37 AM [] []
[2026-06-08 00:37:47] SlimMonoLogger.INFO: Cron ran at: 08-06-2026 12:37:47 AM [] []
[2026-06-08 00:38:06] SlimMonoLogger.INFO: Cron ran at: 08-06-2026 12:38:06 AM [] []
[2026-06-08 00:38:15] SlimMonoLogger.INFO: Cron ran at: 08-06-2026 12:38:15 AM [] []
[2026-06-08 00:38:16] SlimMonoLogger.INFO: Cron ran at: 08-06-2026 12:38:16 AM [] []
[2026-06-08 00:38:46] SlimMonoLogger.INFO: Cron ran at: 08-06-2026 12:38:46 AM [] []
[2026-06-08 00:38:54] SlimMonoLogger.INFO: Cron ran at: 08-06-2026 12:38:54 AM [] []
[2026-06-08 00:38:54] SlimMonoLogger.INFO: Cron ran at: 08-06-2026 12:38:54 AM [] []
[2026-06-08 00:39:31] SlimMonoLogger.INFO: Cron ran at: 08-06-2026 12:39:31 AM [] []
[2026-06-08 00:39:38] SlimMonoLogger.INFO: Cron ran at: 08-06-2026 12:39:38 AM [] []
[2026-06-08 00:40:10] SlimMonoLogger.INFO: Cron ran at: 08-06-2026 12:40:10 AM [] []
[2026-06-08 00:40:19] SlimMonoLogger.INFO: Cron ran at: 08-06-2026 12:40:19 AM [] []
[2026-06-08 00:40:57] SlimMonoLogger.INFO: Cron ran at: 08-06-2026 12:40:57 AM [] []
[2026-06-08 00:41:09] SlimMonoLogger.INFO: Cron ran at: 08-06-2026 12:41:09 AM [] []
[2026-06-08 00:41:32] SlimMonoLogger.INFO: Cron ran at: 08-06-2026 12:41:32 AM [] []
[2026-06-08 00:41:46] SlimMonoLogger.INFO: Cron ran at: 08-06-2026 12:41:46 AM [] []
[2026-06-08 00:41:47] SlimMonoLogger.INFO: Cron ran at: 08-06-2026 12:41:47 AM [] []
[2026-06-08 00:42:04] SlimMonoLogger.INFO: Cron ran at: 08-06-2026 12:42:04 AM [] []
[2026-06-08 00:42:13] SlimMonoLogger.INFO: Cron ran at: 08-06-2026 12:42:13 AM [] []
[2026-06-08 00:42:14] SlimMonoLogger.INFO: Cron ran at: 08-06-2026 12:42:14 AM [] []
[2026-06-08 00:42:47] SlimMonoLogger.INFO: Cron ran at: 08-06-2026 12:42:47 AM [] []
[2026-06-08 00:42:48] SlimMonoLogger.INFO: Cron ran at: 08-06-2026 12:42:48 AM [] []
[2026-06-08 00:42:57] SlimMonoLogger.INFO: Cron ran at: 08-06-2026 12:42:57 AM [] []
[2026-06-08 00:43:22] SlimMonoLogger.INFO: Cron ran at: 08-06-2026 12:43:22 AM [] []
[2026-06-08 00:43:36] SlimMonoLogger.INFO: Cron ran at: 08-06-2026 12:43:36 AM [] []
[2026-06-08 00:43:36] SlimMonoLogger.INFO: Cron ran at: 08-06-2026 12:43:36 AM [] []
[2026-06-08 00:43:57] SlimMonoLogger.INFO: Cron ran at: 08-06-2026 12:43:57 AM [] []
[2026-06-08 00:44:05] SlimMonoLogger.INFO: Cron ran at: 08-06-2026 12:44:05 AM [] []
[2026-06-08 00:44:47] SlimMonoLogger.INFO: Cron ran at: 08-06-2026 12:44:47 AM [] []
[2026-06-08 00:44:47] SlimMonoLogger.INFO: Cron ran at: 08-06-2026 12:44:47 AM [] []
[2026-06-08 00:45:24] SlimMonoLogger.INFO: Cron ran at: 08-06-2026 12:45:24 AM [] []
[2026-06-08 00:45:25] SlimMonoLogger.INFO: Cron ran at: 08-06-2026 12:45:25 AM [] []
[2026-06-08 00:46:01] SlimMonoLogger.INFO: Cron ran at: 08-06-2026 12:46:01 AM [] []
[2026-06-08 00:46:05] SlimMonoLogger.INFO: Cron ran at: 08-06-2026 12:46:05 AM [] []
[2026-06-08 00:46:43] SlimMonoLogger.INFO: Cron ran at: 08-06-2026 12:46:43 AM [] []
[2026-06-08 00:46:44] SlimMonoLogger.INFO: Cron ran at: 08-06-2026 12:46:44 AM [] []
[2026-06-08 00:47:00] SlimMonoLogger.INFO: Cron ran at: 08-06-2026 12:47:00 AM [] []
[2026-06-08 00:47:22] SlimMonoLogger.INFO: Cron ran at: 08-06-2026 12:47:22 AM [] []
[2026-06-08 00:47:29] SlimMonoLogger.INFO: Cron ran at: 08-06-2026 12:47:29 AM [] []
[2026-06-08 00:47:30] SlimMonoLogger.INFO: Cron ran at: 08-06-2026 12:47:30 AM [] []
[2026-06-08 00:48:01] SlimMonoLogger.INFO: Cron ran at: 08-06-2026 12:48:01 AM [] []
[2026-06-08 00:48:03] SlimMonoLogger.INFO: Cron ran at: 08-06-2026 12:48:03 AM [] []
[2026-06-08 00:48:09] SlimMonoLogger.INFO: Cron ran at: 08-06-2026 12:48:09 AM [] []
[2026-06-08 00:48:36] SlimMonoLogger.INFO: Cron ran at: 08-06-2026 12:48:36 AM [] []
[2026-06-08 00:48:40] SlimMonoLogger.INFO: Cron ran at: 08-06-2026 12:48:40 AM [] []
[2026-06-08 00:49:16] SlimMonoLogger.INFO: Cron ran at: 08-06-2026 12:49:16 AM [] []
[2026-06-08 00:49:24] SlimMonoLogger.INFO: Cron ran at: 08-06-2026 12:49:24 AM [] []
[2026-06-08 00:49:48] SlimMonoLogger.INFO: Cron ran at: 08-06-2026 12:49:48 AM [] []
[2026-06-08 00:50:06] SlimMonoLogger.INFO: Cron ran at: 08-06-2026 12:50:06 AM [] []
[2026-06-08 00:50:31] SlimMonoLogger.INFO: Cron ran at: 08-06-2026 12:50:31 AM [] []
[2026-06-08 00:50:46] SlimMonoLogger.INFO: Cron ran at: 08-06-2026 12:50:46 AM [] []
[2026-06-08 00:51:01] SlimMonoLogger.INFO: Cron ran at: 08-06-2026 12:51:01 AM [] []
[2026-06-08 00:51:21] SlimMonoLogger.INFO: Cron ran at: 08-06-2026 12:51:21 AM [] []
[2026-06-08 00:51:37] SlimMonoLogger.INFO: Cron ran at: 08-06-2026 12:51:37 AM [] []
[2026-06-08 00:51:48] SlimMonoLogger.INFO: Cron ran at: 08-06-2026 12:51:48 AM [] []
[2026-06-08 00:52:01] SlimMonoLogger.INFO: Cron ran at: 08-06-2026 12:52:01 AM [] []
[2026-06-08 00:52:12] SlimMonoLogger.INFO: Cron ran at: 08-06-2026 12:52:12 AM [] []
[2026-06-08 00:52:21] SlimMonoLogger.INFO: Cron ran at: 08-06-2026 12:52:21 AM [] []
[2026-06-08 00:52:40] SlimMonoLogger.INFO: Cron ran at: 08-06-2026 12:52:40 AM [] []
[2026-06-08 00:52:50] SlimMonoLogger.INFO: Cron ran at: 08-06-2026 12:52:50 AM [] []
[2026-06-08 00:52:52] SlimMonoLogger.INFO: Cron ran at: 08-06-2026 12:52:52 AM [] []
[2026-06-08 00:53:18] SlimMonoLogger.INFO: Cron ran at: 08-06-2026 12:53:18 AM [] []
[2026-06-08 00:53:21] SlimMonoLogger.INFO: Cron ran at: 08-06-2026 12:53:21 AM [] []
[2026-06-08 00:53:32] SlimMonoLogger.INFO: Cron ran at: 08-06-2026 12:53:32 AM [] []
[2026-06-08 00:53:56] SlimMonoLogger.INFO: Cron ran at: 08-06-2026 12:53:56 AM [] []
[2026-06-08 00:53:56] SlimMonoLogger.INFO: Cron ran at: 08-06-2026 12:53:56 AM [] []
[2026-06-08 00:54:11] SlimMonoLogger.INFO: Cron ran at: 08-06-2026 12:54:11 AM [] []
[2026-06-08 00:54:30] SlimMonoLogger.INFO: Cron ran at: 08-06-2026 12:54:30 AM [] []
[2026-06-08 00:54:54] SlimMonoLogger.INFO: Cron ran at: 08-06-2026 12:54:54 AM [] []
[2026-06-08 00:55:10] SlimMonoLogger.INFO: Cron ran at: 08-06-2026 12:55:10 AM [] []
[2026-06-08 00:55:36] SlimMonoLogger.INFO: Cron ran at: 08-06-2026 12:55:36 AM [] []
[2026-06-08 00:55:49] SlimMonoLogger.INFO: Cron ran at: 08-06-2026 12:55:49 AM [] []
[2026-06-08 00:56:13] SlimMonoLogger.INFO: Cron ran at: 08-06-2026 12:56:13 AM [] []
[2026-06-08 00:56:25] SlimMonoLogger.INFO: Cron ran at: 08-06-2026 12:56:25 AM [] []
[2026-06-08 00:56:52] SlimMonoLogger.INFO: Cron ran at: 08-06-2026 12:56:52 AM [] []
[2026-06-08 00:56:52] SlimMonoLogger.INFO: Cron ran at: 08-06-2026 12:56:52 AM [] []
[2026-06-08 00:57:06] SlimMonoLogger.INFO: Cron ran at: 08-06-2026 12:57:06 AM [] []
[2026-06-08 00:57:24] SlimMonoLogger.INFO: Cron ran at: 08-06-2026 12:57:24 AM [] []
[2026-06-08 00:57:37] SlimMonoLogger.INFO: Cron ran at: 08-06-2026 12:57:37 AM [] []
[2026-06-08 00:57:46] SlimMonoLogger.INFO: Cron ran at: 08-06-2026 12:57:46 AM [] []
[2026-06-08 00:57:53] SlimMonoLogger.INFO: Cron ran at: 08-06-2026 12:57:53 AM [] []
[2026-06-08 00:58:11] SlimMonoLogger.INFO: Cron ran at: 08-06-2026 12:58:11 AM [] []
[2026-06-08 00:58:22] SlimMonoLogger.INFO: Cron ran at: 08-06-2026 12:58:22 AM [] []
[2026-06-08 00:58:22] SlimMonoLogger.INFO: Cron ran at: 08-06-2026 12:58:22 AM [] []
[2026-06-08 00:58:54] SlimMonoLogger.INFO: Cron ran at: 08-06-2026 12:58:54 AM [] []
[2026-06-08 00:58:54] SlimMonoLogger.INFO: Cron ran at: 08-06-2026 12:58:54 AM [] []
[2026-06-08 00:59:02] SlimMonoLogger.INFO: Cron ran at: 08-06-2026 12:59:02 AM [] []
[2026-06-08 00:59:34] SlimMonoLogger.INFO: Cron ran at: 08-06-2026 12:59:34 AM [] []
[2026-06-08 00:59:43] SlimMonoLogger.INFO: Cron ran at: 08-06-2026 12:59:43 AM [] []
[2026-06-08 01:00:11] SlimMonoLogger.INFO: Cron ran at: 08-06-2026 01:00:11 AM [] []
[2026-06-08 01:00:27] SlimMonoLogger.INFO: Cron ran at: 08-06-2026 01:00:27 AM [] []
[2026-06-08 01:00:55] SlimMonoLogger.INFO: Cron ran at: 08-06-2026 01:00:55 AM [] []
[2026-06-08 01:01:06] SlimMonoLogger.INFO: Cron ran at: 08-06-2026 01:01:06 AM [] []
[2026-06-08 01:01:28] SlimMonoLogger.INFO: Cron ran at: 08-06-2026 01:01:28 AM [] []
[2026-06-08 01:01:39] SlimMonoLogger.INFO: Cron ran at: 08-06-2026 01:01:39 AM [] []
[2026-06-08 01:01:46] SlimMonoLogger.INFO: Cron ran at: 08-06-2026 01:01:46 AM [] []
[2026-06-08 01:02:05] SlimMonoLogger.INFO: Cron ran at: 08-06-2026 01:02:05 AM [] []
[2026-06-08 01:02:13] SlimMonoLogger.INFO: Cron ran at: 08-06-2026 01:02:13 AM [] []
[2026-06-08 01:02:22] SlimMonoLogger.INFO: Cron ran at: 08-06-2026 01:02:22 AM [] []
[2026-06-08 01:02:41] SlimMonoLogger.INFO: Cron ran at: 08-06-2026 01:02:41 AM [] []
[2026-06-08 01:02:41] SlimMonoLogger.INFO: Cron ran at: 08-06-2026 01:02:41 AM [] []
[2026-06-08 01:03:04] SlimMonoLogger.INFO: Cron ran at: 08-06-2026 01:03:04 AM [] []
[2026-06-08 01:03:15] SlimMonoLogger.INFO: Cron ran at: 08-06-2026 01:03:15 AM [] []
[2026-06-08 01:03:20] SlimMonoLogger.INFO: Cron ran at: 08-06-2026 01:03:20 AM [] []
[2026-06-08 01:03:47] SlimMonoLogger.INFO: Cron ran at: 08-06-2026 01:03:47 AM [] []
[2026-06-08 01:03:47] SlimMonoLogger.INFO: Cron ran at: 08-06-2026 01:03:47 AM [] []
[2026-06-08 01:04:02] SlimMonoLogger.INFO: Cron ran at: 08-06-2026 01:04:02 AM [] []
[2026-06-08 01:04:24] SlimMonoLogger.INFO: Cron ran at: 08-06-2026 01:04:24 AM [] []
[2026-06-08 01:04:51] SlimMonoLogger.INFO: Cron ran at: 08-06-2026 01:04:51 AM [] []
[2026-06-08 01:04:58] SlimMonoLogger.INFO: Cron ran at: 08-06-2026 01:04:58 AM [] []
[2026-06-08 01:05:26] SlimMonoLogger.INFO: Cron ran at: 08-06-2026 01:05:26 AM [] []
[2026-06-08 01:05:38] SlimMonoLogger.INFO: Cron ran at: 08-06-2026 01:05:38 AM [] []
[2026-06-08 01:06:06] SlimMonoLogger.INFO: Cron ran at: 08-06-2026 01:06:06 AM [] []
[2026-06-08 01:06:17] SlimMonoLogger.INFO: Cron ran at: 08-06-2026 01:06:17 AM [] []
[2026-06-08 01:06:38] SlimMonoLogger.INFO: Cron ran at: 08-06-2026 01:06:38 AM [] []
[2026-06-08 01:06:44] SlimMonoLogger.INFO: Cron ran at: 08-06-2026 01:06:44 AM [] []
[2026-06-08 01:06:53] SlimMonoLogger.INFO: Cron ran at: 08-06-2026 01:06:53 AM [] []
[2026-06-08 01:07:09] SlimMonoLogger.INFO: Cron ran at: 08-06-2026 01:07:09 AM [] []
[2026-06-08 01:07:26] SlimMonoLogger.INFO: Cron ran at: 08-06-2026 01:07:26 AM [] []
[2026-06-08 01:07:37] SlimMonoLogger.INFO: Cron ran at: 08-06-2026 01:07:37 AM [] []
[2026-06-08 01:07:40] SlimMonoLogger.INFO: Cron ran at: 08-06-2026 01:07:40 AM [] []
[2026-06-08 01:08:04] SlimMonoLogger.INFO: Cron ran at: 08-06-2026 01:08:04 AM [] []
[2026-06-08 01:08:13] SlimMonoLogger.INFO: Cron ran at: 08-06-2026 01:08:13 AM [] []
[2026-06-08 01:08:14] SlimMonoLogger.INFO: Cron ran at: 08-06-2026 01:08:14 AM [] []
[2026-06-08 01:08:45] SlimMonoLogger.INFO: Cron ran at: 08-06-2026 01:08:45 AM [] []
[2026-06-08 01:08:47] SlimMonoLogger.INFO: Cron ran at: 08-06-2026 01:08:47 AM [] []
[2026-06-08 01:08:55] SlimMonoLogger.INFO: Cron ran at: 08-06-2026 01:08:55 AM [] []
[2026-06-08 01:09:22] SlimMonoLogger.INFO: Cron ran at: 08-06-2026 01:09:22 AM [] []
[2026-06-08 01:09:35] SlimMonoLogger.INFO: Cron ran at: 08-06-2026 01:09:35 AM [] []
[2026-06-08 01:09:57] SlimMonoLogger.INFO: Cron ran at: 08-06-2026 01:09:57 AM [] []
[2026-06-08 01:10:22] SlimMonoLogger.INFO: Cron ran at: 08-06-2026 01:10:22 AM [] []
[2026-06-08 01:10:42] SlimMonoLogger.INFO: Cron ran at: 08-06-2026 01:10:42 AM [] []
[2026-06-08 01:11:02] SlimMonoLogger.INFO: Cron ran at: 08-06-2026 01:11:02 AM [] []
[2026-06-08 01:11:21] SlimMonoLogger.INFO: Cron ran at: 08-06-2026 01:11:21 AM [] []
[2026-06-08 01:11:41] SlimMonoLogger.INFO: Cron ran at: 08-06-2026 01:11:41 AM [] []
[2026-06-08 01:11:59] SlimMonoLogger.INFO: Cron ran at: 08-06-2026 01:11:59 AM [] []
[2026-06-08 01:12:00] SlimMonoLogger.INFO: Cron ran at: 08-06-2026 01:12:00 AM [] []
[2026-06-08 01:12:22] SlimMonoLogger.INFO: Cron ran at: 08-06-2026 01:12:22 AM [] []
[2026-06-08 01:12:26] SlimMonoLogger.INFO: Cron ran at: 08-06-2026 01:12:26 AM [] []
[2026-06-08 01:12:41] SlimMonoLogger.INFO: Cron ran at: 08-06-2026 01:12:41 AM [] []
[2026-06-08 01:12:59] SlimMonoLogger.INFO: Cron ran at: 08-06-2026 01:12:59 AM [] []
[2026-06-08 01:12:59] SlimMonoLogger.INFO: Cron ran at: 08-06-2026 01:12:59 AM [] []
[2026-06-08 01:13:19] SlimMonoLogger.INFO: Cron ran at: 08-06-2026 01:13:19 AM [] []
[2026-06-08 01:13:33] SlimMonoLogger.INFO: Cron ran at: 08-06-2026 01:13:33 AM [] []
[2026-06-08 01:13:40] SlimMonoLogger.INFO: Cron ran at: 08-06-2026 01:13:40 AM [] []
[2026-06-08 01:13:58] SlimMonoLogger.INFO: Cron ran at: 08-06-2026 01:13:58 AM [] []
[2026-06-08 01:14:05] SlimMonoLogger.INFO: Cron ran at: 08-06-2026 01:14:05 AM [] []
[2026-06-08 01:14:39] SlimMonoLogger.INFO: Cron ran at: 08-06-2026 01:14:39 AM [] []
[2026-06-08 01:14:39] SlimMonoLogger.INFO: Cron ran at: 08-06-2026 01:14:39 AM [] []
[2026-06-08 01:15:13] SlimMonoLogger.INFO: Cron ran at: 08-06-2026 01:15:13 AM [] []
[2026-06-08 01:15:14] SlimMonoLogger.INFO: Cron ran at: 08-06-2026 01:15:14 AM [] []
[2026-06-08 01:15:50] SlimMonoLogger.INFO: Cron ran at: 08-06-2026 01:15:50 AM [] []
[2026-06-08 01:15:50] SlimMonoLogger.INFO: Cron ran at: 08-06-2026 01:15:50 AM [] []
[2026-06-08 01:16:28] SlimMonoLogger.INFO: Cron ran at: 08-06-2026 01:16:28 AM [] []
[2026-06-08 01:16:28] SlimMonoLogger.INFO: Cron ran at: 08-06-2026 01:16:28 AM [] []
[2026-06-08 01:16:35] SlimMonoLogger.INFO: Cron ran at: 08-06-2026 01:16:35 AM [] []
[2026-06-08 01:17:06] SlimMonoLogger.INFO: Cron ran at: 08-06-2026 01:17:06 AM [] []
[2026-06-08 01:17:06] SlimMonoLogger.INFO: Cron ran at: 08-06-2026 01:17:06 AM [] []
[2026-06-08 01:17:09] SlimMonoLogger.INFO: Cron ran at: 08-06-2026 01:17:09 AM [] []
[2026-06-08 01:17:30] SlimMonoLogger.INFO: Cron ran at: 08-06-2026 01:17:30 AM [] []
[2026-06-08 01:17:48] SlimMonoLogger.INFO: Cron ran at: 08-06-2026 01:17:48 AM [] []
[2026-06-08 01:17:55] SlimMonoLogger.INFO: Cron ran at: 08-06-2026 01:17:55 AM [] []
[2026-06-08 01:18:04] SlimMonoLogger.INFO: Cron ran at: 08-06-2026 01:18:04 AM [] []
[2026-06-08 01:18:29] SlimMonoLogger.INFO: Cron ran at: 08-06-2026 01:18:29 AM [] []
[2026-06-08 01:18:30] SlimMonoLogger.INFO: Cron ran at: 08-06-2026 01:18:30 AM [] []
[2026-06-08 01:18:38] SlimMonoLogger.INFO: Cron ran at: 08-06-2026 01:18:38 AM [] []
[2026-06-08 01:19:05] SlimMonoLogger.INFO: Cron ran at: 08-06-2026 01:19:05 AM [] []
[2026-06-08 01:19:08] SlimMonoLogger.INFO: Cron ran at: 08-06-2026 01:19:08 AM [] []
[2026-06-08 01:19:47] SlimMonoLogger.INFO: Cron ran at: 08-06-2026 01:19:47 AM [] []
[2026-06-08 01:19:49] SlimMonoLogger.INFO: Cron ran at: 08-06-2026 01:19:49 AM [] []
[2026-06-08 01:20:29] SlimMonoLogger.INFO: Cron ran at: 08-06-2026 01:20:29 AM [] []
[2026-06-08 01:20:33] SlimMonoLogger.INFO: Cron ran at: 08-06-2026 01:20:33 AM [] []
[2026-06-08 01:21:07] SlimMonoLogger.INFO: Cron ran at: 08-06-2026 01:21:07 AM [] []
[2026-06-08 01:21:09] SlimMonoLogger.INFO: Cron ran at: 08-06-2026 01:21:09 AM [] []
[2026-06-08 01:21:46] SlimMonoLogger.INFO: Cron ran at: 08-06-2026 01:21:46 AM [] []
[2026-06-08 01:21:49] SlimMonoLogger.INFO: Cron ran at: 08-06-2026 01:21:49 AM [] []
[2026-06-08 01:21:58] SlimMonoLogger.INFO: Cron ran at: 08-06-2026 01:21:58 AM [] []
[2026-06-08 01:22:25] SlimMonoLogger.INFO: Cron ran at: 08-06-2026 01:22:25 AM [] []
[2026-06-08 01:22:25] SlimMonoLogger.INFO: Cron ran at: 08-06-2026 01:22:25 AM [] []
[2026-06-08 01:22:25] SlimMonoLogger.INFO: Cron ran at: 08-06-2026 01:22:25 AM [] []
[2026-06-08 01:23:02] SlimMonoLogger.INFO: Cron ran at: 08-06-2026 01:23:02 AM [] []
[2026-06-08 01:23:03] SlimMonoLogger.INFO: Cron ran at: 08-06-2026 01:23:03 AM [] []
[2026-06-08 01:23:04] SlimMonoLogger.INFO: Cron ran at: 08-06-2026 01:23:04 AM [] []
[2026-06-08 01:23:35] SlimMonoLogger.INFO: Cron ran at: 08-06-2026 01:23:35 AM [] []
[2026-06-08 01:23:46] SlimMonoLogger.INFO: Cron ran at: 08-06-2026 01:23:46 AM [] []
[2026-06-08 01:23:46] SlimMonoLogger.INFO: Cron ran at: 08-06-2026 01:23:46 AM [] []
[2026-06-08 01:24:09] SlimMonoLogger.INFO: Cron ran at: 08-06-2026 01:24:09 AM [] []
[2026-06-08 01:24:24] SlimMonoLogger.INFO: Cron ran at: 08-06-2026 01:24:24 AM [] []
[2026-06-08 01:24:41] SlimMonoLogger.INFO: Cron ran at: 08-06-2026 01:24:41 AM [] []
[2026-06-08 01:25:02] SlimMonoLogger.INFO: Cron ran at: 08-06-2026 01:25:02 AM [] []
[2026-06-08 01:25:20] SlimMonoLogger.INFO: Cron ran at: 08-06-2026 01:25:20 AM [] []
[2026-06-08 01:25:45] SlimMonoLogger.INFO: Cron ran at: 08-06-2026 01:25:45 AM [] []
[2026-06-08 01:25:58] SlimMonoLogger.INFO: Cron ran at: 08-06-2026 01:25:58 AM [] []
[2026-06-08 01:26:26] SlimMonoLogger.INFO: Cron ran at: 08-06-2026 01:26:26 AM [] []
[2026-06-08 01:26:26] SlimMonoLogger.INFO: Cron ran at: 08-06-2026 01:26:26 AM [] []
[2026-06-08 01:26:35] SlimMonoLogger.INFO: Cron ran at: 08-06-2026 01:26:35 AM [] []
[2026-06-08 01:27:02] SlimMonoLogger.INFO: Cron ran at: 08-06-2026 01:27:02 AM [] []
[2026-06-08 01:27:05] SlimMonoLogger.INFO: Cron ran at: 08-06-2026 01:27:05 AM [] []
[2026-06-08 01:27:11] SlimMonoLogger.INFO: Cron ran at: 08-06-2026 01:27:11 AM [] []
[2026-06-08 01:27:27] SlimMonoLogger.INFO: Cron ran at: 08-06-2026 01:27:27 AM [] []
[2026-06-08 01:27:43] SlimMonoLogger.INFO: Cron ran at: 08-06-2026 01:27:43 AM [] []
[2026-06-08 01:27:50] SlimMonoLogger.INFO: Cron ran at: 08-06-2026 01:27:50 AM [] []
[2026-06-08 01:28:03] SlimMonoLogger.INFO: Cron ran at: 08-06-2026 01:28:03 AM [] []
[2026-06-08 01:28:24] SlimMonoLogger.INFO: Cron ran at: 08-06-2026 01:28:24 AM [] []
[2026-06-08 01:28:32] SlimMonoLogger.INFO: Cron ran at: 08-06-2026 01:28:32 AM [] []
[2026-06-08 01:28:32] SlimMonoLogger.INFO: Cron ran at: 08-06-2026 01:28:32 AM [] []
[2026-06-08 01:29:09] SlimMonoLogger.INFO: Cron ran at: 08-06-2026 01:29:09 AM [] []
[2026-06-08 01:29:10] SlimMonoLogger.INFO: Cron ran at: 08-06-2026 01:29:10 AM [] []
[2026-06-08 01:29:49] SlimMonoLogger.INFO: Cron ran at: 08-06-2026 01:29:49 AM [] []
[2026-06-08 01:29:49] SlimMonoLogger.INFO: Cron ran at: 08-06-2026 01:29:49 AM [] []
[2026-06-08 01:30:38] SlimMonoLogger.INFO: Cron ran at: 08-06-2026 01:30:38 AM [] []
[2026-06-08 01:30:51] SlimMonoLogger.INFO: Cron ran at: 08-06-2026 01:30:51 AM [] []
[2026-06-08 01:31:16] SlimMonoLogger.INFO: Cron ran at: 08-06-2026 01:31:16 AM [] []
[2026-06-08 01:31:25] SlimMonoLogger.INFO: Cron ran at: 08-06-2026 01:31:25 AM [] []
[2026-06-08 01:31:28] SlimMonoLogger.INFO: Cron ran at: 08-06-2026 01:31:28 AM [] []
[2026-06-08 01:31:44] SlimMonoLogger.INFO: Cron ran at: 08-06-2026 01:31:44 AM [] []
[2026-06-08 01:31:49] SlimMonoLogger.INFO: Cron ran at: 08-06-2026 01:31:49 AM [] []
[2026-06-08 01:31:55] SlimMonoLogger.INFO: Cron ran at: 08-06-2026 01:31:55 AM [] []
[2026-06-08 01:32:22] SlimMonoLogger.INFO: Cron ran at: 08-06-2026 01:32:22 AM [] []
[2026-06-08 01:32:22] SlimMonoLogger.INFO: Cron ran at: 08-06-2026 01:32:22 AM [] []
[2026-06-08 01:32:34] SlimMonoLogger.INFO: Cron ran at: 08-06-2026 01:32:34 AM [] []
[2026-06-08 01:32:54] SlimMonoLogger.INFO: Cron ran at: 08-06-2026 01:32:54 AM [] []
[2026-06-08 01:32:58] SlimMonoLogger.INFO: Cron ran at: 08-06-2026 01:32:58 AM [] []
[2026-06-08 01:33:11] SlimMonoLogger.INFO: Cron ran at: 08-06-2026 01:33:11 AM [] []
[2026-06-08 01:33:29] SlimMonoLogger.INFO: Cron ran at: 08-06-2026 01:33:29 AM [] []
[2026-06-08 01:33:38] SlimMonoLogger.INFO: Cron ran at: 08-06-2026 01:33:38 AM [] []
[2026-06-08 01:33:51] SlimMonoLogger.INFO: Cron ran at: 08-06-2026 01:33:51 AM [] []
[2026-06-08 01:34:03] SlimMonoLogger.INFO: Cron ran at: 08-06-2026 01:34:03 AM [] []
[2026-06-08 01:34:21] SlimMonoLogger.INFO: Cron ran at: 08-06-2026 01:34:21 AM [] []
[2026-06-08 01:34:41] SlimMonoLogger.INFO: Cron ran at: 08-06-2026 01:34:41 AM [] []
[2026-06-08 01:35:02] SlimMonoLogger.INFO: Cron ran at: 08-06-2026 01:35:02 AM [] []
[2026-06-08 01:35:17] SlimMonoLogger.INFO: Cron ran at: 08-06-2026 01:35:17 AM [] []
[2026-06-08 01:35:42] SlimMonoLogger.INFO: Cron ran at: 08-06-2026 01:35:42 AM [] []
[2026-06-08 01:35:56] SlimMonoLogger.INFO: Cron ran at: 08-06-2026 01:35:56 AM [] []
[2026-06-08 01:36:22] SlimMonoLogger.INFO: Cron ran at: 08-06-2026 01:36:22 AM [] []
[2026-06-08 01:36:22] SlimMonoLogger.INFO: Cron ran at: 08-06-2026 01:36:22 AM [] []
[2026-06-08 01:36:36] SlimMonoLogger.INFO: Cron ran at: 08-06-2026 01:36:36 AM [] []
[2026-06-08 01:37:03] SlimMonoLogger.INFO: Cron ran at: 08-06-2026 01:37:03 AM [] []
[2026-06-08 01:37:04] SlimMonoLogger.INFO: Cron ran at: 08-06-2026 01:37:04 AM [] []
[2026-06-08 01:37:17] SlimMonoLogger.INFO: Cron ran at: 08-06-2026 01:37:17 AM [] []
[2026-06-08 01:37:35] SlimMonoLogger.INFO: Cron ran at: 08-06-2026 01:37:35 AM [] []
[2026-06-08 01:37:47] SlimMonoLogger.INFO: Cron ran at: 08-06-2026 01:37:47 AM [] []
[2026-06-08 01:38:03] SlimMonoLogger.INFO: Cron ran at: 08-06-2026 01:38:03 AM [] []
[2026-06-08 01:38:03] SlimMonoLogger.INFO: Cron ran at: 08-06-2026 01:38:03 AM [] []
[2026-06-08 01:38:27] SlimMonoLogger.INFO: Cron ran at: 08-06-2026 01:38:27 AM [] []
[2026-06-08 01:38:37] SlimMonoLogger.INFO: Cron ran at: 08-06-2026 01:38:37 AM [] []
[2026-06-08 01:38:37] SlimMonoLogger.INFO: Cron ran at: 08-06-2026 01:38:37 AM [] []
[2026-06-08 01:39:16] SlimMonoLogger.INFO: Cron ran at: 08-06-2026 01:39:16 AM [] []
[2026-06-08 01:39:17] SlimMonoLogger.INFO: Cron ran at: 08-06-2026 01:39:17 AM [] []
[2026-06-08 01:39:53] SlimMonoLogger.INFO: Cron ran at: 08-06-2026 01:39:53 AM [] []
[2026-06-08 01:40:01] SlimMonoLogger.INFO: Cron ran at: 08-06-2026 01:40:01 AM [] []
[2026-06-08 01:40:30] SlimMonoLogger.INFO: Cron ran at: 08-06-2026 01:40:30 AM [] []
[2026-06-08 01:40:42] SlimMonoLogger.INFO: Cron ran at: 08-06-2026 01:40:42 AM [] []
[2026-06-08 01:41:06] SlimMonoLogger.INFO: Cron ran at: 08-06-2026 01:41:06 AM [] []
[2026-06-08 01:41:18] SlimMonoLogger.INFO: Cron ran at: 08-06-2026 01:41:18 AM [] []
[2026-06-08 01:41:18] SlimMonoLogger.INFO: Cron ran at: 08-06-2026 01:41:18 AM [] []
[2026-06-08 01:41:42] SlimMonoLogger.INFO: Cron ran at: 08-06-2026 01:41:42 AM [] []
[2026-06-08 01:41:42] SlimMonoLogger.INFO: Cron ran at: 08-06-2026 01:41:42 AM [] []
[2026-06-08 01:41:56] SlimMonoLogger.INFO: Cron ran at: 08-06-2026 01:41:56 AM [] []
[2026-06-08 01:42:16] SlimMonoLogger.INFO: Cron ran at: 08-06-2026 01:42:16 AM [] []
[2026-06-08 01:42:18] SlimMonoLogger.INFO: Cron ran at: 08-06-2026 01:42:18 AM [] []
[2026-06-08 01:42:37] SlimMonoLogger.INFO: Cron ran at: 08-06-2026 01:42:37 AM [] []
[2026-06-08 01:42:49] SlimMonoLogger.INFO: Cron ran at: 08-06-2026 01:42:49 AM [] []
[2026-06-08 01:42:56] SlimMonoLogger.INFO: Cron ran at: 08-06-2026 01:42:56 AM [] []
[2026-06-08 01:43:16] SlimMonoLogger.INFO: Cron ran at: 08-06-2026 01:43:16 AM [] []
[2026-06-08 01:43:20] SlimMonoLogger.INFO: Cron ran at: 08-06-2026 01:43:20 AM [] []
[2026-06-08 01:43:41] SlimMonoLogger.INFO: Cron ran at: 08-06-2026 01:43:41 AM [] []
[2026-06-08 01:43:57] SlimMonoLogger.INFO: Cron ran at: 08-06-2026 01:43:57 AM [] []
[2026-06-08 01:44:20] SlimMonoLogger.INFO: Cron ran at: 08-06-2026 01:44:20 AM [] []
[2026-06-08 01:44:34] SlimMonoLogger.INFO: Cron ran at: 08-06-2026 01:44:34 AM [] []
[2026-06-08 01:44:59] SlimMonoLogger.INFO: Cron ran at: 08-06-2026 01:44:59 AM [] []
[2026-06-08 01:45:11] SlimMonoLogger.INFO: Cron ran at: 08-06-2026 01:45:11 AM [] []
[2026-06-08 01:45:42] SlimMonoLogger.INFO: Cron ran at: 08-06-2026 01:45:42 AM [] []
[2026-06-08 01:45:49] SlimMonoLogger.INFO: Cron ran at: 08-06-2026 01:45:49 AM [] []
[2026-06-08 01:46:22] SlimMonoLogger.INFO: Cron ran at: 08-06-2026 01:46:22 AM [] []
[2026-06-08 01:46:25] SlimMonoLogger.INFO: Cron ran at: 08-06-2026 01:46:25 AM [] []
[2026-06-08 01:46:40] SlimMonoLogger.INFO: Cron ran at: 08-06-2026 01:46:40 AM [] []
[2026-06-08 01:47:00] SlimMonoLogger.INFO: Cron ran at: 08-06-2026 01:47:00 AM [] []
[2026-06-08 01:47:07] SlimMonoLogger.INFO: Cron ran at: 08-06-2026 01:47:07 AM [] []
[2026-06-08 01:47:08] SlimMonoLogger.INFO: Cron ran at: 08-06-2026 01:47:08 AM [] []
[2026-06-08 01:47:40] SlimMonoLogger.INFO: Cron ran at: 08-06-2026 01:47:40 AM [] []
[2026-06-08 01:47:40] SlimMonoLogger.INFO: Cron ran at: 08-06-2026 01:47:40 AM [] []
[2026-06-08 01:47:45] SlimMonoLogger.INFO: Cron ran at: 08-06-2026 01:47:45 AM [] []
[2026-06-08 01:48:16] SlimMonoLogger.INFO: Cron ran at: 08-06-2026 01:48:16 AM [] []
[2026-06-08 01:48:16] SlimMonoLogger.INFO: Cron ran at: 08-06-2026 01:48:16 AM [] []
[2026-06-08 01:48:27] SlimMonoLogger.INFO: Cron ran at: 08-06-2026 01:48:27 AM [] []
[2026-06-08 01:48:51] SlimMonoLogger.INFO: Cron ran at: 08-06-2026 01:48:51 AM [] []
[2026-06-08 01:49:08] SlimMonoLogger.INFO: Cron ran at: 08-06-2026 01:49:08 AM [] []
[2026-06-08 01:49:28] SlimMonoLogger.INFO: Cron ran at: 08-06-2026 01:49:28 AM [] []
[2026-06-08 01:49:46] SlimMonoLogger.INFO: Cron ran at: 08-06-2026 01:49:46 AM [] []
[2026-06-08 01:49:59] SlimMonoLogger.INFO: Cron ran at: 08-06-2026 01:49:59 AM [] []
[2026-06-08 01:50:31] SlimMonoLogger.INFO: Cron ran at: 08-06-2026 01:50:31 AM [] []
[2026-06-08 01:50:38] SlimMonoLogger.INFO: Cron ran at: 08-06-2026 01:50:38 AM [] []
[2026-06-08 01:51:12] SlimMonoLogger.INFO: Cron ran at: 08-06-2026 01:51:12 AM [] []
[2026-06-08 01:51:15] SlimMonoLogger.INFO: Cron ran at: 08-06-2026 01:51:15 AM [] []
[2026-06-08 01:51:39] SlimMonoLogger.INFO: Cron ran at: 08-06-2026 01:51:39 AM [] []
[2026-06-08 01:51:48] SlimMonoLogger.INFO: Cron ran at: 08-06-2026 01:51:48 AM [] []
[2026-06-08 01:51:54] SlimMonoLogger.INFO: Cron ran at: 08-06-2026 01:51:54 AM [] []
[2026-06-08 01:52:11] SlimMonoLogger.INFO: Cron ran at: 08-06-2026 01:52:11 AM [] []
[2026-06-08 01:52:30] SlimMonoLogger.INFO: Cron ran at: 08-06-2026 01:52:30 AM [] []
[2026-06-08 01:52:37] SlimMonoLogger.INFO: Cron ran at: 08-06-2026 01:52:37 AM [] []
[2026-06-08 01:52:40] SlimMonoLogger.INFO: Cron ran at: 08-06-2026 01:52:40 AM [] []
[2026-06-08 01:53:11] SlimMonoLogger.INFO: Cron ran at: 08-06-2026 01:53:11 AM [] []
[2026-06-08 01:53:11] SlimMonoLogger.INFO: Cron ran at: 08-06-2026 01:53:11 AM [] []
[2026-06-08 01:53:11] SlimMonoLogger.INFO: Cron ran at: 08-06-2026 01:53:11 AM [] []
[2026-06-08 01:53:50] SlimMonoLogger.INFO: Cron ran at: 08-06-2026 01:53:50 AM [] []
[2026-06-08 01:53:54] SlimMonoLogger.INFO: Cron ran at: 08-06-2026 01:53:54 AM [] []
[2026-06-08 01:54:26] SlimMonoLogger.INFO: Cron ran at: 08-06-2026 01:54:26 AM [] []
[2026-06-08 01:54:38] SlimMonoLogger.INFO: Cron ran at: 08-06-2026 01:54:38 AM [] []
[2026-06-08 01:54:58] SlimMonoLogger.INFO: Cron ran at: 08-06-2026 01:54:58 AM [] []
[2026-06-08 01:55:17] SlimMonoLogger.INFO: Cron ran at: 08-06-2026 01:55:17 AM [] []
[2026-06-08 01:55:34] SlimMonoLogger.INFO: Cron ran at: 08-06-2026 01:55:34 AM [] []
[2026-06-08 01:56:00] SlimMonoLogger.INFO: Cron ran at: 08-06-2026 01:56:00 AM [] []
[2026-06-08 01:56:14] SlimMonoLogger.INFO: Cron ran at: 08-06-2026 01:56:14 AM [] []
[2026-06-08 01:56:37] SlimMonoLogger.INFO: Cron ran at: 08-06-2026 01:56:37 AM [] []
[2026-06-08 01:56:37] SlimMonoLogger.INFO: Cron ran at: 08-06-2026 01:56:37 AM [] []
[2026-06-08 01:56:54] SlimMonoLogger.INFO: Cron ran at: 08-06-2026 01:56:54 AM [] []
[2026-06-08 01:57:10] SlimMonoLogger.INFO: Cron ran at: 08-06-2026 01:57:10 AM [] []
[2026-06-08 01:57:15] SlimMonoLogger.INFO: Cron ran at: 08-06-2026 01:57:15 AM [] []
[2026-06-08 01:57:33] SlimMonoLogger.INFO: Cron ran at: 08-06-2026 01:57:33 AM [] []
[2026-06-08 01:57:45] SlimMonoLogger.INFO: Cron ran at: 08-06-2026 01:57:45 AM [] []
[2026-06-08 01:57:55] SlimMonoLogger.INFO: Cron ran at: 08-06-2026 01:57:55 AM [] []
[2026-06-08 01:58:13] SlimMonoLogger.INFO: Cron ran at: 08-06-2026 01:58:13 AM [] []
[2026-06-08 01:58:13] SlimMonoLogger.INFO: Cron ran at: 08-06-2026 01:58:13 AM [] []
[2026-06-08 01:58:38] SlimMonoLogger.INFO: Cron ran at: 08-06-2026 01:58:38 AM [] []
[2026-06-08 01:58:47] SlimMonoLogger.INFO: Cron ran at: 08-06-2026 01:58:47 AM [] []
[2026-06-08 01:58:53] SlimMonoLogger.INFO: Cron ran at: 08-06-2026 01:58:53 AM [] []
[2026-06-08 01:59:27] SlimMonoLogger.INFO: Cron ran at: 08-06-2026 01:59:27 AM [] []
[2026-06-08 01:59:32] SlimMonoLogger.INFO: Cron ran at: 08-06-2026 01:59:32 AM [] []
[2026-06-08 02:00:03] SlimMonoLogger.INFO: Cron ran at: 08-06-2026 02:00:03 AM [] []
[2026-06-08 02:00:14] SlimMonoLogger.INFO: Cron ran at: 08-06-2026 02:00:14 AM [] []
[2026-06-08 02:00:48] SlimMonoLogger.INFO: Cron ran at: 08-06-2026 02:00:48 AM [] []
[2026-06-08 02:01:04] SlimMonoLogger.INFO: Cron ran at: 08-06-2026 02:01:04 AM [] []
