[2026-03-13 01:01:50] SlimMonoLogger.INFO: Cron ran at: 13-03-2026 01:01:50 AM [] []
[2026-03-13 01:06:34] SlimMonoLogger.INFO: Cron ran at: 13-03-2026 01:06:34 AM [] []
[2026-03-13 01:16:32] SlimMonoLogger.INFO: Cron ran at: 13-03-2026 01:16:32 AM [] []
[2026-03-13 01:19:14] SlimMonoLogger.ERROR: Requests_Exception: cURL error 28: Operation timed out after 500001 milliseconds with 15824 bytes received in /home/latihtal/public_html/agregator1/src/vendor/rmccue/requests/library/Requests/Transport/cURL.php:422
Stack trace:
#0 /home/latihtal/public_html/agregator1/src/vendor/rmccue/requests/library/Requests/Transport/cURL.php(177): Requests_Transport_cURL->process_response()
#1 /home/latihtal/public_html/agregator1/src/vendor/rmccue/requests/library/Requests.php(379): Requests_Transport_cURL->request()
#2 /home/latihtal/public_html/agregator1/src/vendor/rmccue/requests/library/Requests/Session.php(205): Requests::request()
#3 /home/latihtal/public_html/agregator1/src/vendor/rmccue/requests/library/Requests/Session.php(132): Requests_Session->request()
#4 /home/latihtal/public_html/agregator1/src/drivers/Http/RssImporter.php(144): Requests_Session->get()
#5 /home/latihtal/public_html/agregator1/src/controllers/Dashboard/DashboardFeedsController.php(534): spark\drivers\Http\RssImporter->fetchPosts()
#6 /home/latihtal/public_html/agregator1/src/controllers/Site/SiteController.php(722): spark\controllers\Dashboard\DashboardFeedsController::importFeedPosts()
#7 [internal function]: spark\controllers\Site\SiteController->runTasks()
#8 /home/latihtal/public_html/agregator1/src/framework/Route.php(173): call_user_func_array()
#9 [internal function]: Slim\Route->Slim\{closure}()
#10 /home/latihtal/public_html/agregator1/src/framework/Route.php(468): call_user_func_array()
#11 /home/latihtal/public_html/agregator1/src/framework/Slim.php(1364): Slim\Route->dispatch()
#12 /home/latihtal/public_html/agregator1/src/framework/Middleware/Flash.php(85): Slim\Slim->call()
#13 /home/latihtal/public_html/agregator1/src/framework/Middleware/MethodOverride.php(92): Slim\Middleware\Flash->call()
#14 /home/latihtal/public_html/agregator1/src/middlewares/CsrfGuard/CsrfGuard.php(47): Slim\Middleware\MethodOverride->call()
#15 /home/latihtal/public_html/agregator1/src/framework/Middleware/PrettyExceptions.php(67): spark\middlewares\CsrfGuard\CsrfGuard->call()
#16 /home/latihtal/public_html/agregator1/src/framework/Slim.php(1308): Slim\Middleware\PrettyExceptions->call()
#17 /home/latihtal/public_html/agregator1/index.php(6): Slim\Slim->run()
#18 {main} [] []
[2026-03-13 01:19:56] SlimMonoLogger.INFO: Cron ran at: 13-03-2026 01:19:56 AM [] []
[2026-03-13 01:22:02] SlimMonoLogger.INFO: Cron ran at: 13-03-2026 01:22:02 AM [] []
[2026-03-13 01:26:35] SlimMonoLogger.INFO: Cron ran at: 13-03-2026 01:26:35 AM [] []
[2026-03-13 01:31:29] SlimMonoLogger.INFO: Cron ran at: 13-03-2026 01:31:29 AM [] []
[2026-03-13 01:36:34] SlimMonoLogger.INFO: Cron ran at: 13-03-2026 01:36:34 AM [] []
[2026-03-13 01:41:39] SlimMonoLogger.INFO: Cron ran at: 13-03-2026 01:41:39 AM [] []
[2026-03-13 01:46:31] SlimMonoLogger.INFO: Cron ran at: 13-03-2026 01:46:31 AM [] []
[2026-03-13 01:51:31] SlimMonoLogger.INFO: Cron ran at: 13-03-2026 01:51:31 AM [] []
[2026-03-13 01:56:26] SlimMonoLogger.INFO: Cron ran at: 13-03-2026 01:56:26 AM [] []
[2026-03-13 02:02:22] SlimMonoLogger.INFO: Cron ran at: 13-03-2026 02:02:22 AM [] []
[2026-03-13 02:07:51] SlimMonoLogger.INFO: Cron ran at: 13-03-2026 02:07:51 AM [] []
[2026-03-13 02:12:26] SlimMonoLogger.INFO: Cron ran at: 13-03-2026 02:12:26 AM [] []
[2026-03-13 02:21:38] SlimMonoLogger.INFO: Cron ran at: 13-03-2026 02:21:38 AM [] []
[2026-03-13 02:23:54] SlimMonoLogger.ERROR: Requests_Exception: cURL error 28: Connection timed out after 500002 milliseconds in /home/latihtal/public_html/agregator1/src/vendor/rmccue/requests/library/Requests/Transport/cURL.php:422
Stack trace:
#0 /home/latihtal/public_html/agregator1/src/vendor/rmccue/requests/library/Requests/Transport/cURL.php(177): Requests_Transport_cURL->process_response()
#1 /home/latihtal/public_html/agregator1/src/vendor/rmccue/requests/library/Requests.php(379): Requests_Transport_cURL->request()
#2 /home/latihtal/public_html/agregator1/src/vendor/rmccue/requests/library/Requests/Session.php(205): Requests::request()
#3 /home/latihtal/public_html/agregator1/src/vendor/rmccue/requests/library/Requests/Session.php(132): Requests_Session->request()
#4 /home/latihtal/public_html/agregator1/src/drivers/Http/RssImporter.php(144): Requests_Session->get()
#5 /home/latihtal/public_html/agregator1/src/controllers/Dashboard/DashboardFeedsController.php(534): spark\drivers\Http\RssImporter->fetchPosts()
#6 /home/latihtal/public_html/agregator1/src/controllers/Site/SiteController.php(722): spark\controllers\Dashboard\DashboardFeedsController::importFeedPosts()
#7 [internal function]: spark\controllers\Site\SiteController->runTasks()
#8 /home/latihtal/public_html/agregator1/src/framework/Route.php(173): call_user_func_array()
#9 [internal function]: Slim\Route->Slim\{closure}()
#10 /home/latihtal/public_html/agregator1/src/framework/Route.php(468): call_user_func_array()
#11 /home/latihtal/public_html/agregator1/src/framework/Slim.php(1364): Slim\Route->dispatch()
#12 /home/latihtal/public_html/agregator1/src/framework/Middleware/Flash.php(85): Slim\Slim->call()
#13 /home/latihtal/public_html/agregator1/src/framework/Middleware/MethodOverride.php(92): Slim\Middleware\Flash->call()
#14 /home/latihtal/public_html/agregator1/src/middlewares/CsrfGuard/CsrfGuard.php(47): Slim\Middleware\MethodOverride->call()
#15 /home/latihtal/public_html/agregator1/src/framework/Middleware/PrettyExceptions.php(67): spark\middlewares\CsrfGuard\CsrfGuard->call()
#16 /home/latihtal/public_html/agregator1/src/framework/Slim.php(1308): Slim\Middleware\PrettyExceptions->call()
#17 /home/latihtal/public_html/agregator1/index.php(6): Slim\Slim->run()
#18 {main} [] []
[2026-03-13 02:25:03] SlimMonoLogger.INFO: Cron ran at: 13-03-2026 02:25:03 AM [] []
[2026-03-13 02:26:32] SlimMonoLogger.INFO: Cron ran at: 13-03-2026 02:26:32 AM [] []
[2026-03-13 02:31:33] SlimMonoLogger.INFO: Cron ran at: 13-03-2026 02:31:33 AM [] []
[2026-03-13 02:36:51] SlimMonoLogger.INFO: Cron ran at: 13-03-2026 02:36:51 AM [] []
[2026-03-13 02:41:55] SlimMonoLogger.INFO: Cron ran at: 13-03-2026 02:41:55 AM [] []
[2026-03-13 02:52:02] SlimMonoLogger.INFO: Cron ran at: 13-03-2026 02:52:02 AM [] []
[2026-03-13 02:54:45] SlimMonoLogger.ERROR: Requests_Exception: cURL error 28: Operation timed out after 500001 milliseconds with 0 bytes received in /home/latihtal/public_html/agregator1/src/vendor/rmccue/requests/library/Requests/Transport/cURL.php:422
Stack trace:
#0 /home/latihtal/public_html/agregator1/src/vendor/rmccue/requests/library/Requests/Transport/cURL.php(177): Requests_Transport_cURL->process_response()
#1 /home/latihtal/public_html/agregator1/src/vendor/rmccue/requests/library/Requests.php(379): Requests_Transport_cURL->request()
#2 /home/latihtal/public_html/agregator1/src/vendor/rmccue/requests/library/Requests/Session.php(205): Requests::request()
#3 /home/latihtal/public_html/agregator1/src/vendor/rmccue/requests/library/Requests/Session.php(132): Requests_Session->request()
#4 /home/latihtal/public_html/agregator1/src/drivers/Http/RssImporter.php(144): Requests_Session->get()
#5 /home/latihtal/public_html/agregator1/src/controllers/Dashboard/DashboardFeedsController.php(534): spark\drivers\Http\RssImporter->fetchPosts()
#6 /home/latihtal/public_html/agregator1/src/controllers/Site/SiteController.php(722): spark\controllers\Dashboard\DashboardFeedsController::importFeedPosts()
#7 [internal function]: spark\controllers\Site\SiteController->runTasks()
#8 /home/latihtal/public_html/agregator1/src/framework/Route.php(173): call_user_func_array()
#9 [internal function]: Slim\Route->Slim\{closure}()
#10 /home/latihtal/public_html/agregator1/src/framework/Route.php(468): call_user_func_array()
#11 /home/latihtal/public_html/agregator1/src/framework/Slim.php(1364): Slim\Route->dispatch()
#12 /home/latihtal/public_html/agregator1/src/framework/Middleware/Flash.php(85): Slim\Slim->call()
#13 /home/latihtal/public_html/agregator1/src/framework/Middleware/MethodOverride.php(92): Slim\Middleware\Flash->call()
#14 /home/latihtal/public_html/agregator1/src/middlewares/CsrfGuard/CsrfGuard.php(47): Slim\Middleware\MethodOverride->call()
#15 /home/latihtal/public_html/agregator1/src/framework/Middleware/PrettyExceptions.php(67): spark\middlewares\CsrfGuard\CsrfGuard->call()
#16 /home/latihtal/public_html/agregator1/src/framework/Slim.php(1308): Slim\Middleware\PrettyExceptions->call()
#17 /home/latihtal/public_html/agregator1/index.php(6): Slim\Slim->run()
#18 {main} [] []
[2026-03-13 02:55:23] SlimMonoLogger.INFO: Cron ran at: 13-03-2026 02:55:23 AM [] []
[2026-03-13 02:56:31] SlimMonoLogger.INFO: Cron ran at: 13-03-2026 02:56:31 AM [] []
[2026-03-13 03:01:48] SlimMonoLogger.INFO: Cron ran at: 13-03-2026 03:01:48 AM [] []
[2026-03-13 03:06:31] SlimMonoLogger.INFO: Cron ran at: 13-03-2026 03:06:31 AM [] []
[2026-03-13 03:11:40] SlimMonoLogger.INFO: Cron ran at: 13-03-2026 03:11:40 AM [] []
[2026-03-13 03:16:46] SlimMonoLogger.INFO: Cron ran at: 13-03-2026 03:16:46 AM [] []
[2026-03-13 03:21:32] SlimMonoLogger.INFO: Cron ran at: 13-03-2026 03:21:32 AM [] []
[2026-03-13 03:26:44] SlimMonoLogger.INFO: Cron ran at: 13-03-2026 03:26:44 AM [] []
[2026-03-13 03:31:46] SlimMonoLogger.INFO: Cron ran at: 13-03-2026 03:31:46 AM [] []
[2026-03-13 03:36:32] SlimMonoLogger.INFO: Cron ran at: 13-03-2026 03:36:32 AM [] []
[2026-03-13 03:41:38] SlimMonoLogger.INFO: Cron ran at: 13-03-2026 03:41:38 AM [] []
[2026-03-13 03:46:30] SlimMonoLogger.INFO: Cron ran at: 13-03-2026 03:46:30 AM [] []
[2026-03-13 03:51:35] SlimMonoLogger.INFO: Cron ran at: 13-03-2026 03:51:35 AM [] []
[2026-03-13 03:56:31] SlimMonoLogger.INFO: Cron ran at: 13-03-2026 03:56:31 AM [] []
[2026-03-13 04:01:39] SlimMonoLogger.INFO: Cron ran at: 13-03-2026 04:01:39 AM [] []
[2026-03-13 04:06:37] SlimMonoLogger.INFO: Cron ran at: 13-03-2026 04:06:37 AM [] []
[2026-03-13 04:11:33] SlimMonoLogger.INFO: Cron ran at: 13-03-2026 04:11:33 AM [] []
[2026-03-13 04:16:33] SlimMonoLogger.INFO: Cron ran at: 13-03-2026 04:16:33 AM [] []
[2026-03-13 04:21:29] SlimMonoLogger.INFO: Cron ran at: 13-03-2026 04:21:29 AM [] []
[2026-03-13 04:26:33] SlimMonoLogger.INFO: Cron ran at: 13-03-2026 04:26:33 AM [] []
[2026-03-13 04:31:42] SlimMonoLogger.INFO: Cron ran at: 13-03-2026 04:31:42 AM [] []
[2026-03-13 04:36:36] SlimMonoLogger.INFO: Cron ran at: 13-03-2026 04:36:36 AM [] []
[2026-03-13 04:41:33] SlimMonoLogger.INFO: Cron ran at: 13-03-2026 04:41:33 AM [] []
[2026-03-13 04:46:27] SlimMonoLogger.INFO: Cron ran at: 13-03-2026 04:46:27 AM [] []
[2026-03-13 04:51:27] SlimMonoLogger.INFO: Cron ran at: 13-03-2026 04:51:27 AM [] []
[2026-03-13 04:56:26] SlimMonoLogger.INFO: Cron ran at: 13-03-2026 04:56:26 AM [] []
[2026-03-13 05:06:19] SlimMonoLogger.INFO: Cron ran at: 13-03-2026 05:06:19 AM [] []
[2026-03-13 05:11:29] SlimMonoLogger.INFO: Cron ran at: 13-03-2026 05:11:29 AM [] []
[2026-03-13 05:16:24] SlimMonoLogger.INFO: Cron ran at: 13-03-2026 05:16:24 AM [] []
[2026-03-13 05:21:25] SlimMonoLogger.INFO: Cron ran at: 13-03-2026 05:21:25 AM [] []
[2026-03-13 05:26:24] SlimMonoLogger.INFO: Cron ran at: 13-03-2026 05:26:24 AM [] []
[2026-03-13 05:31:20] SlimMonoLogger.INFO: Cron ran at: 13-03-2026 05:31:20 AM [] []
[2026-03-13 05:36:16] SlimMonoLogger.INFO: Cron ran at: 13-03-2026 05:36:16 AM [] []
[2026-03-13 05:41:19] SlimMonoLogger.INFO: Cron ran at: 13-03-2026 05:41:19 AM [] []
[2026-03-13 05:46:24] SlimMonoLogger.INFO: Cron ran at: 13-03-2026 05:46:24 AM [] []
[2026-03-13 05:51:22] SlimMonoLogger.INFO: Cron ran at: 13-03-2026 05:51:22 AM [] []
[2026-03-13 05:56:22] SlimMonoLogger.INFO: Cron ran at: 13-03-2026 05:56:22 AM [] []
[2026-03-13 06:01:31] SlimMonoLogger.INFO: Cron ran at: 13-03-2026 06:01:31 AM [] []
[2026-03-13 06:06:35] SlimMonoLogger.INFO: Cron ran at: 13-03-2026 06:06:35 AM [] []
[2026-03-13 06:11:27] SlimMonoLogger.INFO: Cron ran at: 13-03-2026 06:11:27 AM [] []
[2026-03-13 06:16:39] SlimMonoLogger.INFO: Cron ran at: 13-03-2026 06:16:39 AM [] []
[2026-03-13 06:21:30] SlimMonoLogger.INFO: Cron ran at: 13-03-2026 06:21:30 AM [] []
[2026-03-13 06:26:35] SlimMonoLogger.INFO: Cron ran at: 13-03-2026 06:26:35 AM [] []
[2026-03-13 06:31:34] SlimMonoLogger.INFO: Cron ran at: 13-03-2026 06:31:34 AM [] []
[2026-03-13 06:36:32] SlimMonoLogger.INFO: Cron ran at: 13-03-2026 06:36:32 AM [] []
[2026-03-13 06:41:22] SlimMonoLogger.INFO: Cron ran at: 13-03-2026 06:41:22 AM [] []
[2026-03-13 06:46:18] SlimMonoLogger.INFO: Cron ran at: 13-03-2026 06:46:18 AM [] []
[2026-03-13 06:51:17] SlimMonoLogger.INFO: Cron ran at: 13-03-2026 06:51:17 AM [] []
[2026-03-13 06:56:15] SlimMonoLogger.INFO: Cron ran at: 13-03-2026 06:56:15 AM [] []
[2026-03-13 07:01:21] SlimMonoLogger.INFO: Cron ran at: 13-03-2026 07:01:21 AM [] []
[2026-03-13 07:06:07] SlimMonoLogger.INFO: Cron ran at: 13-03-2026 07:06:07 AM [] []
[2026-03-13 07:11:22] SlimMonoLogger.INFO: Cron ran at: 13-03-2026 07:11:22 AM [] []
[2026-03-13 07:16:27] SlimMonoLogger.INFO: Cron ran at: 13-03-2026 07:16:27 AM [] []
[2026-03-13 07:21:22] SlimMonoLogger.INFO: Cron ran at: 13-03-2026 07:21:22 AM [] []
[2026-03-13 07:26:19] SlimMonoLogger.INFO: Cron ran at: 13-03-2026 07:26:19 AM [] []
[2026-03-13 07:31:25] SlimMonoLogger.INFO: Cron ran at: 13-03-2026 07:31:25 AM [] []
[2026-03-13 07:36:17] SlimMonoLogger.INFO: Cron ran at: 13-03-2026 07:36:17 AM [] []
[2026-03-13 07:46:38] SlimMonoLogger.INFO: Cron ran at: 13-03-2026 07:46:38 AM [] []
[2026-03-13 07:51:40] SlimMonoLogger.INFO: Cron ran at: 13-03-2026 07:51:40 AM [] []
[2026-03-13 07:56:23] SlimMonoLogger.INFO: Cron ran at: 13-03-2026 07:56:23 AM [] []
[2026-03-13 08:02:48] SlimMonoLogger.INFO: Cron ran at: 13-03-2026 08:02:48 AM [] []
[2026-03-13 08:06:39] SlimMonoLogger.INFO: Cron ran at: 13-03-2026 08:06:39 AM [] []
[2026-03-13 08:11:47] SlimMonoLogger.INFO: Cron ran at: 13-03-2026 08:11:47 AM [] []
[2026-03-13 08:17:32] SlimMonoLogger.INFO: Cron ran at: 13-03-2026 08:17:32 AM [] []
[2026-03-13 08:21:43] SlimMonoLogger.INFO: Cron ran at: 13-03-2026 08:21:43 AM [] []
[2026-03-13 08:26:56] SlimMonoLogger.INFO: Cron ran at: 13-03-2026 08:26:56 AM [] []
[2026-03-13 08:36:57] SlimMonoLogger.INFO: Cron ran at: 13-03-2026 08:36:57 AM [] []
[2026-03-13 08:47:08] SlimMonoLogger.INFO: Cron ran at: 13-03-2026 08:47:08 AM [] []
[2026-03-13 08:51:59] SlimMonoLogger.INFO: Cron ran at: 13-03-2026 08:51:59 AM [] []
[2026-03-13 09:07:02] SlimMonoLogger.INFO: Cron ran at: 13-03-2026 09:07:02 AM [] []
[2026-03-13 09:16:43] SlimMonoLogger.INFO: Cron ran at: 13-03-2026 09:16:43 AM [] []
[2026-03-13 09:19:41] SlimMonoLogger.ERROR: Requests_Exception: cURL error 28: Operation timed out after 500002 milliseconds with 19764 bytes received in /home/latihtal/public_html/agregator1/src/vendor/rmccue/requests/library/Requests/Transport/cURL.php:422
Stack trace:
#0 /home/latihtal/public_html/agregator1/src/vendor/rmccue/requests/library/Requests/Transport/cURL.php(177): Requests_Transport_cURL->process_response()
#1 /home/latihtal/public_html/agregator1/src/vendor/rmccue/requests/library/Requests.php(379): Requests_Transport_cURL->request()
#2 /home/latihtal/public_html/agregator1/src/vendor/rmccue/requests/library/Requests/Session.php(205): Requests::request()
#3 /home/latihtal/public_html/agregator1/src/vendor/rmccue/requests/library/Requests/Session.php(132): Requests_Session->request()
#4 /home/latihtal/public_html/agregator1/src/drivers/Http/RssImporter.php(144): Requests_Session->get()
#5 /home/latihtal/public_html/agregator1/src/controllers/Dashboard/DashboardFeedsController.php(534): spark\drivers\Http\RssImporter->fetchPosts()
#6 /home/latihtal/public_html/agregator1/src/controllers/Site/SiteController.php(722): spark\controllers\Dashboard\DashboardFeedsController::importFeedPosts()
#7 [internal function]: spark\controllers\Site\SiteController->runTasks()
#8 /home/latihtal/public_html/agregator1/src/framework/Route.php(173): call_user_func_array()
#9 [internal function]: Slim\Route->Slim\{closure}()
#10 /home/latihtal/public_html/agregator1/src/framework/Route.php(468): call_user_func_array()
#11 /home/latihtal/public_html/agregator1/src/framework/Slim.php(1364): Slim\Route->dispatch()
#12 /home/latihtal/public_html/agregator1/src/framework/Middleware/Flash.php(85): Slim\Slim->call()
#13 /home/latihtal/public_html/agregator1/src/framework/Middleware/MethodOverride.php(92): Slim\Middleware\Flash->call()
#14 /home/latihtal/public_html/agregator1/src/middlewares/CsrfGuard/CsrfGuard.php(47): Slim\Middleware\MethodOverride->call()
#15 /home/latihtal/public_html/agregator1/src/framework/Middleware/PrettyExceptions.php(67): spark\middlewares\CsrfGuard\CsrfGuard->call()
#16 /home/latihtal/public_html/agregator1/src/framework/Slim.php(1308): Slim\Middleware\PrettyExceptions->call()
#17 /home/latihtal/public_html/agregator1/index.php(6): Slim\Slim->run()
#18 {main} [] []
[2026-03-13 09:20:08] SlimMonoLogger.INFO: Cron ran at: 13-03-2026 09:20:08 AM [] []
[2026-03-13 09:21:50] SlimMonoLogger.INFO: Cron ran at: 13-03-2026 09:21:50 AM [] []
[2026-03-13 09:26:58] SlimMonoLogger.INFO: Cron ran at: 13-03-2026 09:26:58 AM [] []
[2026-03-13 09:32:15] SlimMonoLogger.INFO: Cron ran at: 13-03-2026 09:32:15 AM [] []
[2026-03-13 09:36:57] SlimMonoLogger.INFO: Cron ran at: 13-03-2026 09:36:57 AM [] []
[2026-03-13 09:41:58] SlimMonoLogger.INFO: Cron ran at: 13-03-2026 09:41:58 AM [] []
[2026-03-13 09:46:52] SlimMonoLogger.INFO: Cron ran at: 13-03-2026 09:46:52 AM [] []
[2026-03-13 09:51:48] SlimMonoLogger.INFO: Cron ran at: 13-03-2026 09:51:48 AM [] []
[2026-03-13 09:57:20] SlimMonoLogger.INFO: Cron ran at: 13-03-2026 09:57:20 AM [] []
[2026-03-13 10:02:15] SlimMonoLogger.INFO: Cron ran at: 13-03-2026 10:02:15 AM [] []
[2026-03-13 10:06:55] SlimMonoLogger.INFO: Cron ran at: 13-03-2026 10:06:55 AM [] []
[2026-03-13 10:11:59] SlimMonoLogger.INFO: Cron ran at: 13-03-2026 10:11:59 AM [] []
[2026-03-13 10:17:03] SlimMonoLogger.INFO: Cron ran at: 13-03-2026 10:17:03 AM [] []
[2026-03-13 10:22:01] SlimMonoLogger.INFO: Cron ran at: 13-03-2026 10:22:01 AM [] []
[2026-03-13 10:26:56] SlimMonoLogger.INFO: Cron ran at: 13-03-2026 10:26:56 AM [] []
[2026-03-13 10:32:09] SlimMonoLogger.INFO: Cron ran at: 13-03-2026 10:32:09 AM [] []
[2026-03-13 10:36:47] SlimMonoLogger.INFO: Cron ran at: 13-03-2026 10:36:47 AM [] []
[2026-03-13 10:41:58] SlimMonoLogger.INFO: Cron ran at: 13-03-2026 10:41:58 AM [] []
[2026-03-13 10:46:50] SlimMonoLogger.INFO: Cron ran at: 13-03-2026 10:46:50 AM [] []
[2026-03-13 10:52:11] SlimMonoLogger.INFO: Cron ran at: 13-03-2026 10:52:11 AM [] []
[2026-03-13 10:56:51] SlimMonoLogger.INFO: Cron ran at: 13-03-2026 10:56:51 AM [] []
[2026-03-13 11:02:05] SlimMonoLogger.INFO: Cron ran at: 13-03-2026 11:02:05 AM [] []
[2026-03-13 11:06:55] SlimMonoLogger.INFO: Cron ran at: 13-03-2026 11:06:55 AM [] []
[2026-03-13 11:11:56] SlimMonoLogger.INFO: Cron ran at: 13-03-2026 11:11:56 AM [] []
[2026-03-13 11:16:53] SlimMonoLogger.INFO: Cron ran at: 13-03-2026 11:16:53 AM [] []
[2026-03-13 11:21:43] SlimMonoLogger.INFO: Cron ran at: 13-03-2026 11:21:43 AM [] []
[2026-03-13 11:26:47] SlimMonoLogger.INFO: Cron ran at: 13-03-2026 11:26:47 AM [] []
[2026-03-13 11:31:59] SlimMonoLogger.INFO: Cron ran at: 13-03-2026 11:31:59 AM [] []
[2026-03-13 11:37:13] SlimMonoLogger.INFO: Cron ran at: 13-03-2026 11:37:13 AM [] []
[2026-03-13 11:41:53] SlimMonoLogger.INFO: Cron ran at: 13-03-2026 11:41:53 AM [] []
[2026-03-13 11:46:58] SlimMonoLogger.INFO: Cron ran at: 13-03-2026 11:46:58 AM [] []
[2026-03-13 11:51:48] SlimMonoLogger.INFO: Cron ran at: 13-03-2026 11:51:48 AM [] []
[2026-03-13 11:56:53] SlimMonoLogger.INFO: Cron ran at: 13-03-2026 11:56:53 AM [] []
[2026-03-13 12:02:03] SlimMonoLogger.INFO: Cron ran at: 13-03-2026 12:02:03 PM [] []
[2026-03-13 12:06:39] SlimMonoLogger.INFO: Cron ran at: 13-03-2026 12:06:39 PM [] []
[2026-03-13 12:11:45] SlimMonoLogger.INFO: Cron ran at: 13-03-2026 12:11:45 PM [] []
[2026-03-13 12:16:42] SlimMonoLogger.INFO: Cron ran at: 13-03-2026 12:16:42 PM [] []
[2026-03-13 12:21:49] SlimMonoLogger.INFO: Cron ran at: 13-03-2026 12:21:49 PM [] []
[2026-03-13 12:26:44] SlimMonoLogger.INFO: Cron ran at: 13-03-2026 12:26:44 PM [] []
[2026-03-13 12:31:54] SlimMonoLogger.INFO: Cron ran at: 13-03-2026 12:31:54 PM [] []
[2026-03-13 12:36:42] SlimMonoLogger.INFO: Cron ran at: 13-03-2026 12:36:42 PM [] []
[2026-03-13 12:41:36] SlimMonoLogger.INFO: Cron ran at: 13-03-2026 12:41:36 PM [] []
[2026-03-13 12:46:51] SlimMonoLogger.INFO: Cron ran at: 13-03-2026 12:46:51 PM [] []
[2026-03-13 12:51:43] SlimMonoLogger.INFO: Cron ran at: 13-03-2026 12:51:43 PM [] []
[2026-03-13 12:56:54] SlimMonoLogger.INFO: Cron ran at: 13-03-2026 12:56:54 PM [] []
[2026-03-13 13:01:45] SlimMonoLogger.INFO: Cron ran at: 13-03-2026 01:01:45 PM [] []
[2026-03-13 13:06:44] SlimMonoLogger.INFO: Cron ran at: 13-03-2026 01:06:44 PM [] []
[2026-03-13 13:11:57] SlimMonoLogger.INFO: Cron ran at: 13-03-2026 01:11:57 PM [] []
[2026-03-13 13:16:51] SlimMonoLogger.INFO: Cron ran at: 13-03-2026 01:16:51 PM [] []
[2026-03-13 13:21:28] SlimMonoLogger.INFO: Cron ran at: 13-03-2026 01:21:28 PM [] []
[2026-03-13 13:26:35] SlimMonoLogger.INFO: Cron ran at: 13-03-2026 01:26:35 PM [] []
[2026-03-13 13:31:39] SlimMonoLogger.INFO: Cron ran at: 13-03-2026 01:31:39 PM [] []
[2026-03-13 13:36:32] SlimMonoLogger.INFO: Cron ran at: 13-03-2026 01:36:32 PM [] []
[2026-03-13 13:41:53] SlimMonoLogger.INFO: Cron ran at: 13-03-2026 01:41:53 PM [] []
[2026-03-13 13:46:43] SlimMonoLogger.INFO: Cron ran at: 13-03-2026 01:46:43 PM [] []
[2026-03-13 13:51:41] SlimMonoLogger.INFO: Cron ran at: 13-03-2026 01:51:41 PM [] []
[2026-03-13 13:56:29] SlimMonoLogger.INFO: Cron ran at: 13-03-2026 01:56:29 PM [] []
[2026-03-13 14:01:50] SlimMonoLogger.INFO: Cron ran at: 13-03-2026 02:01:50 PM [] []
[2026-03-13 14:06:53] SlimMonoLogger.INFO: Cron ran at: 13-03-2026 02:06:53 PM [] []
[2026-03-13 14:11:24] SlimMonoLogger.INFO: Cron ran at: 13-03-2026 02:11:24 PM [] []
[2026-03-13 14:16:34] SlimMonoLogger.INFO: Cron ran at: 13-03-2026 02:16:34 PM [] []
[2026-03-13 14:22:16] SlimMonoLogger.INFO: Cron ran at: 13-03-2026 02:22:16 PM [] []
[2026-03-13 14:26:31] SlimMonoLogger.INFO: Cron ran at: 13-03-2026 02:26:31 PM [] []
[2026-03-13 14:31:35] SlimMonoLogger.INFO: Cron ran at: 13-03-2026 02:31:35 PM [] []
[2026-03-13 14:36:48] SlimMonoLogger.INFO: Cron ran at: 13-03-2026 02:36:48 PM [] []
[2026-03-13 14:41:35] SlimMonoLogger.INFO: Cron ran at: 13-03-2026 02:41:35 PM [] []
[2026-03-13 14:46:56] SlimMonoLogger.INFO: Cron ran at: 13-03-2026 02:46:56 PM [] []
[2026-03-13 14:51:40] SlimMonoLogger.INFO: Cron ran at: 13-03-2026 02:51:40 PM [] []
[2026-03-13 14:56:41] SlimMonoLogger.INFO: Cron ran at: 13-03-2026 02:56:41 PM [] []
[2026-03-13 15:01:37] SlimMonoLogger.INFO: Cron ran at: 13-03-2026 03:01:37 PM [] []
[2026-03-13 15:06:25] SlimMonoLogger.INFO: Cron ran at: 13-03-2026 03:06:25 PM [] []
[2026-03-13 15:11:28] SlimMonoLogger.INFO: Cron ran at: 13-03-2026 03:11:28 PM [] []
[2026-03-13 15:16:21] SlimMonoLogger.INFO: Cron ran at: 13-03-2026 03:16:21 PM [] []
[2026-03-13 15:21:41] SlimMonoLogger.INFO: Cron ran at: 13-03-2026 03:21:41 PM [] []
[2026-03-13 15:26:33] SlimMonoLogger.INFO: Cron ran at: 13-03-2026 03:26:33 PM [] []
[2026-03-13 15:31:38] SlimMonoLogger.INFO: Cron ran at: 13-03-2026 03:31:38 PM [] []
[2026-03-13 15:37:00] SlimMonoLogger.INFO: Cron ran at: 13-03-2026 03:37:00 PM [] []
[2026-03-13 15:41:38] SlimMonoLogger.INFO: Cron ran at: 13-03-2026 03:41:38 PM [] []
[2026-03-13 15:46:28] SlimMonoLogger.INFO: Cron ran at: 13-03-2026 03:46:28 PM [] []
[2026-03-13 15:51:23] SlimMonoLogger.INFO: Cron ran at: 13-03-2026 03:51:23 PM [] []
[2026-03-13 15:56:20] SlimMonoLogger.INFO: Cron ran at: 13-03-2026 03:56:20 PM [] []
[2026-03-13 16:06:38] SlimMonoLogger.INFO: Cron ran at: 13-03-2026 04:06:38 PM [] []
[2026-03-13 16:09:57] SlimMonoLogger.ERROR: Requests_Exception: cURL error 28: Operation timed out after 500002 milliseconds with 4632 bytes received in /home/latihtal/public_html/agregator1/src/vendor/rmccue/requests/library/Requests/Transport/cURL.php:422
Stack trace:
#0 /home/latihtal/public_html/agregator1/src/vendor/rmccue/requests/library/Requests/Transport/cURL.php(177): Requests_Transport_cURL->process_response()
#1 /home/latihtal/public_html/agregator1/src/vendor/rmccue/requests/library/Requests.php(379): Requests_Transport_cURL->request()
#2 /home/latihtal/public_html/agregator1/src/vendor/rmccue/requests/library/Requests/Session.php(205): Requests::request()
#3 /home/latihtal/public_html/agregator1/src/vendor/rmccue/requests/library/Requests/Session.php(132): Requests_Session->request()
#4 /home/latihtal/public_html/agregator1/src/drivers/Http/RssImporter.php(144): Requests_Session->get()
#5 /home/latihtal/public_html/agregator1/src/controllers/Dashboard/DashboardFeedsController.php(534): spark\drivers\Http\RssImporter->fetchPosts()
#6 /home/latihtal/public_html/agregator1/src/controllers/Site/SiteController.php(722): spark\controllers\Dashboard\DashboardFeedsController::importFeedPosts()
#7 [internal function]: spark\controllers\Site\SiteController->runTasks()
#8 /home/latihtal/public_html/agregator1/src/framework/Route.php(173): call_user_func_array()
#9 [internal function]: Slim\Route->Slim\{closure}()
#10 /home/latihtal/public_html/agregator1/src/framework/Route.php(468): call_user_func_array()
#11 /home/latihtal/public_html/agregator1/src/framework/Slim.php(1364): Slim\Route->dispatch()
#12 /home/latihtal/public_html/agregator1/src/framework/Middleware/Flash.php(85): Slim\Slim->call()
#13 /home/latihtal/public_html/agregator1/src/framework/Middleware/MethodOverride.php(92): Slim\Middleware\Flash->call()
#14 /home/latihtal/public_html/agregator1/src/middlewares/CsrfGuard/CsrfGuard.php(47): Slim\Middleware\MethodOverride->call()
#15 /home/latihtal/public_html/agregator1/src/framework/Middleware/PrettyExceptions.php(67): spark\middlewares\CsrfGuard\CsrfGuard->call()
#16 /home/latihtal/public_html/agregator1/src/framework/Slim.php(1308): Slim\Middleware\PrettyExceptions->call()
#17 /home/latihtal/public_html/agregator1/index.php(6): Slim\Slim->run()
#18 {main} [] []
[2026-03-13 16:10:06] SlimMonoLogger.INFO: Cron ran at: 13-03-2026 04:10:06 PM [] []
[2026-03-13 16:17:55] SlimMonoLogger.INFO: Cron ran at: 13-03-2026 04:17:55 PM [] []
[2026-03-13 16:20:14] SlimMonoLogger.ERROR: Requests_Exception: cURL error 28: Operation timed out after 500002 milliseconds with 65345 bytes received in /home/latihtal/public_html/agregator1/src/vendor/rmccue/requests/library/Requests/Transport/cURL.php:422
Stack trace:
#0 /home/latihtal/public_html/agregator1/src/vendor/rmccue/requests/library/Requests/Transport/cURL.php(177): Requests_Transport_cURL->process_response()
#1 /home/latihtal/public_html/agregator1/src/vendor/rmccue/requests/library/Requests.php(379): Requests_Transport_cURL->request()
#2 /home/latihtal/public_html/agregator1/src/vendor/rmccue/requests/library/Requests/Session.php(205): Requests::request()
#3 /home/latihtal/public_html/agregator1/src/vendor/rmccue/requests/library/Requests/Session.php(132): Requests_Session->request()
#4 /home/latihtal/public_html/agregator1/src/drivers/Http/RssImporter.php(144): Requests_Session->get()
#5 /home/latihtal/public_html/agregator1/src/controllers/Dashboard/DashboardFeedsController.php(534): spark\drivers\Http\RssImporter->fetchPosts()
#6 /home/latihtal/public_html/agregator1/src/controllers/Site/SiteController.php(722): spark\controllers\Dashboard\DashboardFeedsController::importFeedPosts()
#7 [internal function]: spark\controllers\Site\SiteController->runTasks()
#8 /home/latihtal/public_html/agregator1/src/framework/Route.php(173): call_user_func_array()
#9 [internal function]: Slim\Route->Slim\{closure}()
#10 /home/latihtal/public_html/agregator1/src/framework/Route.php(468): call_user_func_array()
#11 /home/latihtal/public_html/agregator1/src/framework/Slim.php(1364): Slim\Route->dispatch()
#12 /home/latihtal/public_html/agregator1/src/framework/Middleware/Flash.php(85): Slim\Slim->call()
#13 /home/latihtal/public_html/agregator1/src/framework/Middleware/MethodOverride.php(92): Slim\Middleware\Flash->call()
#14 /home/latihtal/public_html/agregator1/src/middlewares/CsrfGuard/CsrfGuard.php(47): Slim\Middleware\MethodOverride->call()
#15 /home/latihtal/public_html/agregator1/src/framework/Middleware/PrettyExceptions.php(67): spark\middlewares\CsrfGuard\CsrfGuard->call()
#16 /home/latihtal/public_html/agregator1/src/framework/Slim.php(1308): Slim\Middleware\PrettyExceptions->call()
#17 /home/latihtal/public_html/agregator1/index.php(6): Slim\Slim->run()
#18 {main} [] []
[2026-03-13 16:20:24] SlimMonoLogger.INFO: Cron ran at: 13-03-2026 04:20:24 PM [] []
[2026-03-13 16:21:35] SlimMonoLogger.INFO: Cron ran at: 13-03-2026 04:21:35 PM [] []
[2026-03-13 16:26:31] SlimMonoLogger.INFO: Cron ran at: 13-03-2026 04:26:31 PM [] []
[2026-03-13 16:31:33] SlimMonoLogger.INFO: Cron ran at: 13-03-2026 04:31:33 PM [] []
[2026-03-13 16:36:32] SlimMonoLogger.INFO: Cron ran at: 13-03-2026 04:36:32 PM [] []
[2026-03-13 16:41:44] SlimMonoLogger.INFO: Cron ran at: 13-03-2026 04:41:44 PM [] []
[2026-03-13 16:46:33] SlimMonoLogger.INFO: Cron ran at: 13-03-2026 04:46:33 PM [] []
[2026-03-13 16:51:29] SlimMonoLogger.INFO: Cron ran at: 13-03-2026 04:51:29 PM [] []
[2026-03-13 16:56:29] SlimMonoLogger.INFO: Cron ran at: 13-03-2026 04:56:29 PM [] []
[2026-03-13 17:01:45] SlimMonoLogger.INFO: Cron ran at: 13-03-2026 05:01:45 PM [] []
[2026-03-13 17:06:34] SlimMonoLogger.INFO: Cron ran at: 13-03-2026 05:06:34 PM [] []
[2026-03-13 17:11:28] SlimMonoLogger.INFO: Cron ran at: 13-03-2026 05:11:28 PM [] []
[2026-03-13 17:16:30] SlimMonoLogger.INFO: Cron ran at: 13-03-2026 05:16:30 PM [] []
[2026-03-13 17:21:41] SlimMonoLogger.INFO: Cron ran at: 13-03-2026 05:21:41 PM [] []
[2026-03-13 17:26:23] SlimMonoLogger.INFO: Cron ran at: 13-03-2026 05:26:23 PM [] []
[2026-03-13 17:31:34] SlimMonoLogger.INFO: Cron ran at: 13-03-2026 05:31:34 PM [] []
[2026-03-13 17:36:31] SlimMonoLogger.INFO: Cron ran at: 13-03-2026 05:36:31 PM [] []
[2026-03-13 17:41:31] SlimMonoLogger.INFO: Cron ran at: 13-03-2026 05:41:31 PM [] []
[2026-03-13 17:46:36] SlimMonoLogger.INFO: Cron ran at: 13-03-2026 05:46:36 PM [] []
[2026-03-13 17:51:25] SlimMonoLogger.INFO: Cron ran at: 13-03-2026 05:51:25 PM [] []
[2026-03-13 17:56:35] SlimMonoLogger.INFO: Cron ran at: 13-03-2026 05:56:35 PM [] []
[2026-03-13 18:01:36] SlimMonoLogger.INFO: Cron ran at: 13-03-2026 06:01:36 PM [] []
[2026-03-13 18:06:29] SlimMonoLogger.INFO: Cron ran at: 13-03-2026 06:06:29 PM [] []
[2026-03-13 18:11:15] SlimMonoLogger.INFO: Cron ran at: 13-03-2026 06:11:15 PM [] []
[2026-03-13 18:16:34] SlimMonoLogger.INFO: Cron ran at: 13-03-2026 06:16:34 PM [] []
[2026-03-13 18:21:21] SlimMonoLogger.INFO: Cron ran at: 13-03-2026 06:21:21 PM [] []
[2026-03-13 18:26:28] SlimMonoLogger.INFO: Cron ran at: 13-03-2026 06:26:28 PM [] []
[2026-03-13 18:31:40] SlimMonoLogger.INFO: Cron ran at: 13-03-2026 06:31:40 PM [] []
[2026-03-13 18:36:31] SlimMonoLogger.INFO: Cron ran at: 13-03-2026 06:36:31 PM [] []
[2026-03-13 18:41:27] SlimMonoLogger.INFO: Cron ran at: 13-03-2026 06:41:27 PM [] []
[2026-03-13 18:46:25] SlimMonoLogger.INFO: Cron ran at: 13-03-2026 06:46:25 PM [] []
[2026-03-13 18:51:33] SlimMonoLogger.INFO: Cron ran at: 13-03-2026 06:51:33 PM [] []
[2026-03-13 18:56:32] SlimMonoLogger.INFO: Cron ran at: 13-03-2026 06:56:32 PM [] []
[2026-03-13 19:01:30] SlimMonoLogger.INFO: Cron ran at: 13-03-2026 07:01:30 PM [] []
[2026-03-13 19:06:30] SlimMonoLogger.INFO: Cron ran at: 13-03-2026 07:06:30 PM [] []
[2026-03-13 19:11:32] SlimMonoLogger.INFO: Cron ran at: 13-03-2026 07:11:32 PM [] []
[2026-03-13 19:16:36] SlimMonoLogger.INFO: Cron ran at: 13-03-2026 07:16:36 PM [] []
[2026-03-13 19:21:31] SlimMonoLogger.INFO: Cron ran at: 13-03-2026 07:21:31 PM [] []
[2026-03-13 19:26:18] SlimMonoLogger.INFO: Cron ran at: 13-03-2026 07:26:18 PM [] []
[2026-03-13 19:31:36] SlimMonoLogger.INFO: Cron ran at: 13-03-2026 07:31:36 PM [] []
[2026-03-13 19:36:29] SlimMonoLogger.INFO: Cron ran at: 13-03-2026 07:36:29 PM [] []
[2026-03-13 19:41:25] SlimMonoLogger.INFO: Cron ran at: 13-03-2026 07:41:25 PM [] []
[2026-03-13 19:47:23] SlimMonoLogger.INFO: Cron ran at: 13-03-2026 07:47:23 PM [] []
[2026-03-13 19:52:01] SlimMonoLogger.INFO: Cron ran at: 13-03-2026 07:52:01 PM [] []
[2026-03-13 19:56:46] SlimMonoLogger.INFO: Cron ran at: 13-03-2026 07:56:46 PM [] []
[2026-03-13 20:01:35] SlimMonoLogger.INFO: Cron ran at: 13-03-2026 08:01:35 PM [] []
[2026-03-13 20:42:21] SlimMonoLogger.INFO: Cron ran at: 13-03-2026 08:42:21 PM [] []
[2026-03-13 20:46:41] SlimMonoLogger.INFO: Cron ran at: 13-03-2026 08:46:41 PM [] []
[2026-03-13 20:51:28] SlimMonoLogger.INFO: Cron ran at: 13-03-2026 08:51:28 PM [] []
[2026-03-13 20:56:33] SlimMonoLogger.INFO: Cron ran at: 13-03-2026 08:56:33 PM [] []
[2026-03-13 20:57:25] SlimMonoLogger.INFO: Cron ran at: 13-03-2026 08:57:25 PM [] []
[2026-03-13 20:58:26] SlimMonoLogger.INFO: Cron ran at: 13-03-2026 08:58:26 PM [] []
[2026-03-13 20:59:33] SlimMonoLogger.INFO: Cron ran at: 13-03-2026 08:59:33 PM [] []
[2026-03-13 21:00:36] SlimMonoLogger.INFO: Cron ran at: 13-03-2026 09:00:36 PM [] []
[2026-03-13 21:01:37] SlimMonoLogger.INFO: Cron ran at: 13-03-2026 09:01:37 PM [] []
[2026-03-13 21:01:37] SlimMonoLogger.INFO: Cron ran at: 13-03-2026 09:01:37 PM [] []
[2026-03-13 21:02:28] SlimMonoLogger.INFO: Cron ran at: 13-03-2026 09:02:28 PM [] []
[2026-03-13 21:02:28] SlimMonoLogger.INFO: Cron ran at: 13-03-2026 09:02:28 PM [] []
[2026-03-13 21:03:35] SlimMonoLogger.INFO: Cron ran at: 13-03-2026 09:03:35 PM [] []
[2026-03-13 21:03:35] SlimMonoLogger.INFO: Cron ran at: 13-03-2026 09:03:35 PM [] []
[2026-03-13 21:04:25] SlimMonoLogger.INFO: Cron ran at: 13-03-2026 09:04:25 PM [] []
[2026-03-13 21:04:26] SlimMonoLogger.INFO: Cron ran at: 13-03-2026 09:04:26 PM [] []
[2026-03-13 21:05:24] SlimMonoLogger.INFO: Cron ran at: 13-03-2026 09:05:24 PM [] []
[2026-03-13 21:05:29] SlimMonoLogger.INFO: Cron ran at: 13-03-2026 09:05:29 PM [] []
[2026-03-13 21:06:29] SlimMonoLogger.INFO: Cron ran at: 13-03-2026 09:06:29 PM [] []
[2026-03-13 21:06:31] SlimMonoLogger.INFO: Cron ran at: 13-03-2026 09:06:31 PM [] []
[2026-03-13 21:06:31] SlimMonoLogger.INFO: Cron ran at: 13-03-2026 09:06:31 PM [] []
[2026-03-13 21:07:21] SlimMonoLogger.INFO: Cron ran at: 13-03-2026 09:07:21 PM [] []
[2026-03-13 21:07:26] SlimMonoLogger.INFO: Cron ran at: 13-03-2026 09:07:26 PM [] []
[2026-03-13 21:07:30] SlimMonoLogger.INFO: Cron ran at: 13-03-2026 09:07:30 PM [] []
[2026-03-13 21:08:29] SlimMonoLogger.INFO: Cron ran at: 13-03-2026 09:08:29 PM [] []
[2026-03-13 21:08:30] SlimMonoLogger.INFO: Cron ran at: 13-03-2026 09:08:30 PM [] []
[2026-03-13 21:08:33] SlimMonoLogger.INFO: Cron ran at: 13-03-2026 09:08:33 PM [] []
[2026-03-13 21:09:28] SlimMonoLogger.INFO: Cron ran at: 13-03-2026 09:09:28 PM [] []
[2026-03-13 21:09:28] SlimMonoLogger.INFO: Cron ran at: 13-03-2026 09:09:28 PM [] []
[2026-03-13 21:09:32] SlimMonoLogger.INFO: Cron ran at: 13-03-2026 09:09:32 PM [] []
[2026-03-13 21:10:30] SlimMonoLogger.INFO: Cron ran at: 13-03-2026 09:10:30 PM [] []
[2026-03-13 21:10:33] SlimMonoLogger.INFO: Cron ran at: 13-03-2026 09:10:33 PM [] []
[2026-03-13 21:10:36] SlimMonoLogger.INFO: Cron ran at: 13-03-2026 09:10:36 PM [] []
[2026-03-13 21:11:18] SlimMonoLogger.INFO: Cron ran at: 13-03-2026 09:11:18 PM [] []
[2026-03-13 21:11:19] SlimMonoLogger.INFO: Cron ran at: 13-03-2026 09:11:19 PM [] []
[2026-03-13 21:11:31] SlimMonoLogger.INFO: Cron ran at: 13-03-2026 09:11:31 PM [] []
[2026-03-13 21:11:39] SlimMonoLogger.INFO: Cron ran at: 13-03-2026 09:11:39 PM [] []
[2026-03-13 21:12:18] SlimMonoLogger.INFO: Cron ran at: 13-03-2026 09:12:18 PM [] []
[2026-03-13 21:12:20] SlimMonoLogger.INFO: Cron ran at: 13-03-2026 09:12:20 PM [] []
[2026-03-13 21:12:20] SlimMonoLogger.INFO: Cron ran at: 13-03-2026 09:12:20 PM [] []
[2026-03-13 21:12:37] SlimMonoLogger.INFO: Cron ran at: 13-03-2026 09:12:37 PM [] []
[2026-03-13 21:13:30] SlimMonoLogger.INFO: Cron ran at: 13-03-2026 09:13:30 PM [] []
[2026-03-13 21:13:32] SlimMonoLogger.INFO: Cron ran at: 13-03-2026 09:13:32 PM [] []
[2026-03-13 21:13:44] SlimMonoLogger.INFO: Cron ran at: 13-03-2026 09:13:44 PM [] []
[2026-03-13 21:13:48] SlimMonoLogger.INFO: Cron ran at: 13-03-2026 09:13:48 PM [] []
[2026-03-13 21:14:30] SlimMonoLogger.INFO: Cron ran at: 13-03-2026 09:14:30 PM [] []
[2026-03-13 21:14:30] SlimMonoLogger.INFO: Cron ran at: 13-03-2026 09:14:30 PM [] []
[2026-03-13 21:14:53] SlimMonoLogger.INFO: Cron ran at: 13-03-2026 09:14:53 PM [] []
[2026-03-13 21:15:38] SlimMonoLogger.INFO: Cron ran at: 13-03-2026 09:15:38 PM [] []
[2026-03-13 21:15:39] SlimMonoLogger.INFO: Cron ran at: 13-03-2026 09:15:39 PM [] []
[2026-03-13 21:15:40] SlimMonoLogger.INFO: Cron ran at: 13-03-2026 09:15:40 PM [] []
[2026-03-13 21:15:53] SlimMonoLogger.INFO: Cron ran at: 13-03-2026 09:15:53 PM [] []
[2026-03-13 21:16:22] SlimMonoLogger.INFO: Cron ran at: 13-03-2026 09:16:22 PM [] []
[2026-03-13 21:16:22] SlimMonoLogger.INFO: Cron ran at: 13-03-2026 09:16:22 PM [] []
[2026-03-13 21:16:31] SlimMonoLogger.INFO: Cron ran at: 13-03-2026 09:16:31 PM [] []
[2026-03-13 21:16:44] SlimMonoLogger.INFO: Cron ran at: 13-03-2026 09:16:44 PM [] []
[2026-03-13 21:16:49] SlimMonoLogger.INFO: Cron ran at: 13-03-2026 09:16:49 PM [] []
[2026-03-13 21:17:30] SlimMonoLogger.INFO: Cron ran at: 13-03-2026 09:17:30 PM [] []
[2026-03-13 21:17:30] SlimMonoLogger.INFO: Cron ran at: 13-03-2026 09:17:30 PM [] []
[2026-03-13 21:17:30] SlimMonoLogger.INFO: Cron ran at: 13-03-2026 09:17:30 PM [] []
[2026-03-13 21:17:44] SlimMonoLogger.INFO: Cron ran at: 13-03-2026 09:17:44 PM [] []
[2026-03-13 21:18:00] SlimMonoLogger.INFO: Cron ran at: 13-03-2026 09:18:00 PM [] []
[2026-03-13 21:18:36] SlimMonoLogger.INFO: Cron ran at: 13-03-2026 09:18:36 PM [] []
[2026-03-13 21:18:36] SlimMonoLogger.INFO: Cron ran at: 13-03-2026 09:18:36 PM [] []
[2026-03-13 21:18:38] SlimMonoLogger.INFO: Cron ran at: 13-03-2026 09:18:38 PM [] []
[2026-03-13 21:18:42] SlimMonoLogger.INFO: Cron ran at: 13-03-2026 09:18:42 PM [] []
[2026-03-13 21:18:58] SlimMonoLogger.INFO: Cron ran at: 13-03-2026 09:18:58 PM [] []
[2026-03-13 21:19:27] SlimMonoLogger.INFO: Cron ran at: 13-03-2026 09:19:27 PM [] []
[2026-03-13 21:19:30] SlimMonoLogger.INFO: Cron ran at: 13-03-2026 09:19:30 PM [] []
[2026-03-13 21:19:42] SlimMonoLogger.INFO: Cron ran at: 13-03-2026 09:19:42 PM [] []
[2026-03-13 21:19:52] SlimMonoLogger.INFO: Cron ran at: 13-03-2026 09:19:52 PM [] []
[2026-03-13 21:20:26] SlimMonoLogger.INFO: Cron ran at: 13-03-2026 09:20:26 PM [] []
[2026-03-13 21:20:33] SlimMonoLogger.INFO: Cron ran at: 13-03-2026 09:20:33 PM [] []
[2026-03-13 21:20:39] SlimMonoLogger.INFO: Cron ran at: 13-03-2026 09:20:39 PM [] []
[2026-03-13 21:21:10] SlimMonoLogger.INFO: Cron ran at: 13-03-2026 09:21:10 PM [] []
[2026-03-13 21:21:23] SlimMonoLogger.INFO: Cron ran at: 13-03-2026 09:21:23 PM [] []
[2026-03-13 21:21:23] SlimMonoLogger.INFO: Cron ran at: 13-03-2026 09:21:23 PM [] []
[2026-03-13 21:21:37] SlimMonoLogger.INFO: Cron ran at: 13-03-2026 09:21:37 PM [] []
[2026-03-13 21:21:42] SlimMonoLogger.INFO: Cron ran at: 13-03-2026 09:21:42 PM [] []
[2026-03-13 21:22:02] SlimMonoLogger.INFO: Cron ran at: 13-03-2026 09:22:02 PM [] []
[2026-03-13 21:22:19] SlimMonoLogger.INFO: Cron ran at: 13-03-2026 09:22:19 PM [] []
[2026-03-13 21:22:31] SlimMonoLogger.INFO: Cron ran at: 13-03-2026 09:22:31 PM [] []
[2026-03-13 21:22:32] SlimMonoLogger.INFO: Cron ran at: 13-03-2026 09:22:32 PM [] []
[2026-03-13 21:22:34] SlimMonoLogger.INFO: Cron ran at: 13-03-2026 09:22:34 PM [] []
[2026-03-13 21:22:43] SlimMonoLogger.INFO: Cron ran at: 13-03-2026 09:22:43 PM [] []
[2026-03-13 21:22:56] SlimMonoLogger.ERROR: Requests_Exception: cURL error 28: Operation timed out after 500000 milliseconds with 0 bytes received in /home/latihtal/public_html/agregator1/src/vendor/rmccue/requests/library/Requests/Transport/cURL.php:422
Stack trace:
#0 /home/latihtal/public_html/agregator1/src/vendor/rmccue/requests/library/Requests/Transport/cURL.php(177): Requests_Transport_cURL->process_response()
#1 /home/latihtal/public_html/agregator1/src/vendor/rmccue/requests/library/Requests.php(379): Requests_Transport_cURL->request()
#2 /home/latihtal/public_html/agregator1/src/vendor/rmccue/requests/library/Requests/Session.php(205): Requests::request()
#3 /home/latihtal/public_html/agregator1/src/vendor/rmccue/requests/library/Requests/Session.php(132): Requests_Session->request()
#4 /home/latihtal/public_html/agregator1/src/drivers/Http/RssImporter.php(144): Requests_Session->get()
#5 /home/latihtal/public_html/agregator1/src/controllers/Dashboard/DashboardFeedsController.php(534): spark\drivers\Http\RssImporter->fetchPosts()
#6 /home/latihtal/public_html/agregator1/src/controllers/Site/SiteController.php(722): spark\controllers\Dashboard\DashboardFeedsController::importFeedPosts()
#7 [internal function]: spark\controllers\Site\SiteController->runTasks()
#8 /home/latihtal/public_html/agregator1/src/framework/Route.php(173): call_user_func_array()
#9 [internal function]: Slim\Route->Slim\{closure}()
#10 /home/latihtal/public_html/agregator1/src/framework/Route.php(468): call_user_func_array()
#11 /home/latihtal/public_html/agregator1/src/framework/Slim.php(1364): Slim\Route->dispatch()
#12 /home/latihtal/public_html/agregator1/src/framework/Middleware/Flash.php(85): Slim\Slim->call()
#13 /home/latihtal/public_html/agregator1/src/framework/Middleware/MethodOverride.php(92): Slim\Middleware\Flash->call()
#14 /home/latihtal/public_html/agregator1/src/middlewares/CsrfGuard/CsrfGuard.php(47): Slim\Middleware\MethodOverride->call()
#15 /home/latihtal/public_html/agregator1/src/framework/Middleware/PrettyExceptions.php(67): spark\middlewares\CsrfGuard\CsrfGuard->call()
#16 /home/latihtal/public_html/agregator1/src/framework/Slim.php(1308): Slim\Middleware\PrettyExceptions->call()
#17 /home/latihtal/public_html/agregator1/index.php(6): Slim\Slim->run()
#18 {main} [] []
[2026-03-13 21:23:00] SlimMonoLogger.INFO: Cron ran at: 13-03-2026 09:23:00 PM [] []
[2026-03-13 21:23:03] SlimMonoLogger.INFO: Cron ran at: 13-03-2026 09:23:03 PM [] []
[2026-03-13 21:23:12] SlimMonoLogger.INFO: Cron ran at: 13-03-2026 09:23:12 PM [] []
[2026-03-13 21:23:22] SlimMonoLogger.INFO: Cron ran at: 13-03-2026 09:23:22 PM [] []
[2026-03-13 21:23:26] SlimMonoLogger.INFO: Cron ran at: 13-03-2026 09:23:26 PM [] []
[2026-03-13 21:23:41] SlimMonoLogger.INFO: Cron ran at: 13-03-2026 09:23:41 PM [] []
[2026-03-13 21:23:42] SlimMonoLogger.INFO: Cron ran at: 13-03-2026 09:23:42 PM [] []
[2026-03-13 21:24:06] SlimMonoLogger.INFO: Cron ran at: 13-03-2026 09:24:06 PM [] []
[2026-03-13 21:24:29] SlimMonoLogger.INFO: Cron ran at: 13-03-2026 09:24:29 PM [] []
[2026-03-13 21:24:31] SlimMonoLogger.INFO: Cron ran at: 13-03-2026 09:24:31 PM [] []
[2026-03-13 21:24:36] SlimMonoLogger.INFO: Cron ran at: 13-03-2026 09:24:36 PM [] []
[2026-03-13 21:24:43] SlimMonoLogger.INFO: Cron ran at: 13-03-2026 09:24:43 PM [] []
[2026-03-13 21:24:59] SlimMonoLogger.INFO: Cron ran at: 13-03-2026 09:24:59 PM [] []
[2026-03-13 21:25:15] SlimMonoLogger.INFO: Cron ran at: 13-03-2026 09:25:15 PM [] []
[2026-03-13 21:25:30] SlimMonoLogger.INFO: Cron ran at: 13-03-2026 09:25:30 PM [] []
[2026-03-13 21:25:36] SlimMonoLogger.INFO: Cron ran at: 13-03-2026 09:25:36 PM [] []
[2026-03-13 21:25:44] SlimMonoLogger.INFO: Cron ran at: 13-03-2026 09:25:44 PM [] []
[2026-03-13 21:26:20] SlimMonoLogger.INFO: Cron ran at: 13-03-2026 09:26:20 PM [] []
[2026-03-13 21:26:22] SlimMonoLogger.INFO: Cron ran at: 13-03-2026 09:26:22 PM [] []
[2026-03-13 21:26:36] SlimMonoLogger.INFO: Cron ran at: 13-03-2026 09:26:36 PM [] []
[2026-03-13 21:26:37] SlimMonoLogger.INFO: Cron ran at: 13-03-2026 09:26:37 PM [] []
[2026-03-13 21:26:41] SlimMonoLogger.INFO: Cron ran at: 13-03-2026 09:26:41 PM [] []
[2026-03-13 21:26:41] SlimMonoLogger.INFO: Cron ran at: 13-03-2026 09:26:41 PM [] []
[2026-03-13 21:26:57] SlimMonoLogger.INFO: Cron ran at: 13-03-2026 09:26:57 PM [] []
[2026-03-13 21:27:00] SlimMonoLogger.INFO: Cron ran at: 13-03-2026 09:27:00 PM [] []
[2026-03-13 21:27:18] SlimMonoLogger.INFO: Cron ran at: 13-03-2026 09:27:18 PM [] []
[2026-03-13 21:27:28] SlimMonoLogger.INFO: Cron ran at: 13-03-2026 09:27:28 PM [] []
[2026-03-13 21:27:59] SlimMonoLogger.INFO: Cron ran at: 13-03-2026 09:27:59 PM [] []
[2026-03-13 21:28:06] SlimMonoLogger.INFO: Cron ran at: 13-03-2026 09:28:06 PM [] []
[2026-03-13 21:28:14] SlimMonoLogger.ERROR: Requests_Exception: cURL error 28: Operation timed out after 500001 milliseconds with 0 bytes received in /home/latihtal/public_html/agregator1/src/vendor/rmccue/requests/library/Requests/Transport/cURL.php:422
Stack trace:
#0 /home/latihtal/public_html/agregator1/src/vendor/rmccue/requests/library/Requests/Transport/cURL.php(177): Requests_Transport_cURL->process_response()
#1 /home/latihtal/public_html/agregator1/src/vendor/rmccue/requests/library/Requests.php(379): Requests_Transport_cURL->request()
#2 /home/latihtal/public_html/agregator1/src/vendor/rmccue/requests/library/Requests/Session.php(205): Requests::request()
#3 /home/latihtal/public_html/agregator1/src/vendor/rmccue/requests/library/Requests/Session.php(132): Requests_Session->request()
#4 /home/latihtal/public_html/agregator1/src/drivers/Http/RssImporter.php(144): Requests_Session->get()
#5 /home/latihtal/public_html/agregator1/src/controllers/Dashboard/DashboardFeedsController.php(534): spark\drivers\Http\RssImporter->fetchPosts()
#6 /home/latihtal/public_html/agregator1/src/controllers/Site/SiteController.php(722): spark\controllers\Dashboard\DashboardFeedsController::importFeedPosts()
#7 [internal function]: spark\controllers\Site\SiteController->runTasks()
#8 /home/latihtal/public_html/agregator1/src/framework/Route.php(173): call_user_func_array()
#9 [internal function]: Slim\Route->Slim\{closure}()
#10 /home/latihtal/public_html/agregator1/src/framework/Route.php(468): call_user_func_array()
#11 /home/latihtal/public_html/agregator1/src/framework/Slim.php(1364): Slim\Route->dispatch()
#12 /home/latihtal/public_html/agregator1/src/framework/Middleware/Flash.php(85): Slim\Slim->call()
#13 /home/latihtal/public_html/agregator1/src/framework/Middleware/MethodOverride.php(92): Slim\Middleware\Flash->call()
#14 /home/latihtal/public_html/agregator1/src/middlewares/CsrfGuard/CsrfGuard.php(47): Slim\Middleware\MethodOverride->call()
#15 /home/latihtal/public_html/agregator1/src/framework/Middleware/PrettyExceptions.php(67): spark\middlewares\CsrfGuard\CsrfGuard->call()
#16 /home/latihtal/public_html/agregator1/src/framework/Slim.php(1308): Slim\Middleware\PrettyExceptions->call()
#17 /home/latihtal/public_html/agregator1/index.php(6): Slim\Slim->run()
#18 {main} [] []
[2026-03-13 21:28:17] SlimMonoLogger.INFO: Cron ran at: 13-03-2026 09:28:17 PM [] []
[2026-03-13 21:28:57] SlimMonoLogger.ERROR: Requests_Exception: cURL error 28: Operation timed out after 500002 milliseconds with 0 bytes received in /home/latihtal/public_html/agregator1/src/vendor/rmccue/requests/library/Requests/Transport/cURL.php:422
Stack trace:
#0 /home/latihtal/public_html/agregator1/src/vendor/rmccue/requests/library/Requests/Transport/cURL.php(177): Requests_Transport_cURL->process_response()
#1 /home/latihtal/public_html/agregator1/src/vendor/rmccue/requests/library/Requests.php(379): Requests_Transport_cURL->request()
#2 /home/latihtal/public_html/agregator1/src/vendor/rmccue/requests/library/Requests/Session.php(205): Requests::request()
#3 /home/latihtal/public_html/agregator1/src/vendor/rmccue/requests/library/Requests/Session.php(132): Requests_Session->request()
#4 /home/latihtal/public_html/agregator1/src/drivers/Http/RssImporter.php(144): Requests_Session->get()
#5 /home/latihtal/public_html/agregator1/src/controllers/Dashboard/DashboardFeedsController.php(534): spark\drivers\Http\RssImporter->fetchPosts()
#6 /home/latihtal/public_html/agregator1/src/controllers/Site/SiteController.php(722): spark\controllers\Dashboard\DashboardFeedsController::importFeedPosts()
#7 [internal function]: spark\controllers\Site\SiteController->runTasks()
#8 /home/latihtal/public_html/agregator1/src/framework/Route.php(173): call_user_func_array()
#9 [internal function]: Slim\Route->Slim\{closure}()
#10 /home/latihtal/public_html/agregator1/src/framework/Route.php(468): call_user_func_array()
#11 /home/latihtal/public_html/agregator1/src/framework/Slim.php(1364): Slim\Route->dispatch()
#12 /home/latihtal/public_html/agregator1/src/framework/Middleware/Flash.php(85): Slim\Slim->call()
#13 /home/latihtal/public_html/agregator1/src/framework/Middleware/MethodOverride.php(92): Slim\Middleware\Flash->call()
#14 /home/latihtal/public_html/agregator1/src/middlewares/CsrfGuard/CsrfGuard.php(47): Slim\Middleware\MethodOverride->call()
#15 /home/latihtal/public_html/agregator1/src/framework/Middleware/PrettyExceptions.php(67): spark\middlewares\CsrfGuard\CsrfGuard->call()
#16 /home/latihtal/public_html/agregator1/src/framework/Slim.php(1308): Slim\Middleware\PrettyExceptions->call()
#17 /home/latihtal/public_html/agregator1/index.php(6): Slim\Slim->run()
#18 {main} [] []
[2026-03-13 21:29:02] SlimMonoLogger.INFO: Cron ran at: 13-03-2026 09:29:02 PM [] []
[2026-03-13 21:29:20] SlimMonoLogger.INFO: Cron ran at: 13-03-2026 09:29:20 PM [] []
[2026-03-13 21:29:23] SlimMonoLogger.INFO: Cron ran at: 13-03-2026 09:29:23 PM [] []
[2026-03-13 21:29:24] SlimMonoLogger.INFO: Cron ran at: 13-03-2026 09:29:24 PM [] []
[2026-03-13 21:29:27] SlimMonoLogger.INFO: Cron ran at: 13-03-2026 09:29:27 PM [] []
[2026-03-13 21:29:30] SlimMonoLogger.INFO: Cron ran at: 13-03-2026 09:29:30 PM [] []
[2026-03-13 21:29:37] SlimMonoLogger.INFO: Cron ran at: 13-03-2026 09:29:37 PM [] []
[2026-03-13 21:29:41] SlimMonoLogger.INFO: Cron ran at: 13-03-2026 09:29:41 PM [] []
[2026-03-13 21:29:42] SlimMonoLogger.INFO: Cron ran at: 13-03-2026 09:29:42 PM [] []
[2026-03-13 21:29:54] SlimMonoLogger.INFO: Cron ran at: 13-03-2026 09:29:54 PM [] []
[2026-03-13 21:30:00] SlimMonoLogger.INFO: Cron ran at: 13-03-2026 09:30:00 PM [] []
[2026-03-13 21:30:02] SlimMonoLogger.INFO: Cron ran at: 13-03-2026 09:30:02 PM [] []
[2026-03-13 21:30:21] SlimMonoLogger.INFO: Cron ran at: 13-03-2026 09:30:21 PM [] []
[2026-03-13 21:30:26] SlimMonoLogger.INFO: Cron ran at: 13-03-2026 09:30:26 PM [] []
[2026-03-13 21:30:30] SlimMonoLogger.INFO: Cron ran at: 13-03-2026 09:30:30 PM [] []
[2026-03-13 21:30:40] SlimMonoLogger.INFO: Cron ran at: 13-03-2026 09:30:40 PM [] []
[2026-03-13 21:30:43] SlimMonoLogger.INFO: Cron ran at: 13-03-2026 09:30:43 PM [] []
[2026-03-13 21:30:44] SlimMonoLogger.INFO: Cron ran at: 13-03-2026 09:30:44 PM [] []
[2026-03-13 21:30:44] SlimMonoLogger.INFO: Cron ran at: 13-03-2026 09:30:44 PM [] []
[2026-03-13 21:30:44] SlimMonoLogger.INFO: Cron ran at: 13-03-2026 09:30:44 PM [] []
[2026-03-13 21:30:53] SlimMonoLogger.INFO: Cron ran at: 13-03-2026 09:30:53 PM [] []
[2026-03-13 21:30:59] SlimMonoLogger.INFO: Cron ran at: 13-03-2026 09:30:59 PM [] []
[2026-03-13 21:31:01] SlimMonoLogger.INFO: Cron ran at: 13-03-2026 09:31:01 PM [] []
[2026-03-13 21:31:17] SlimMonoLogger.INFO: Cron ran at: 13-03-2026 09:31:17 PM [] []
[2026-03-13 21:31:25] SlimMonoLogger.INFO: Cron ran at: 13-03-2026 09:31:25 PM [] []
[2026-03-13 21:31:27] SlimMonoLogger.INFO: Cron ran at: 13-03-2026 09:31:27 PM [] []
[2026-03-13 21:31:28] SlimMonoLogger.INFO: Cron ran at: 13-03-2026 09:31:28 PM [] []
[2026-03-13 21:31:37] SlimMonoLogger.INFO: Cron ran at: 13-03-2026 09:31:37 PM [] []
[2026-03-13 21:31:40] SlimMonoLogger.INFO: Cron ran at: 13-03-2026 09:31:40 PM [] []
[2026-03-13 21:31:44] SlimMonoLogger.INFO: Cron ran at: 13-03-2026 09:31:44 PM [] []
[2026-03-13 21:31:45] SlimMonoLogger.INFO: Cron ran at: 13-03-2026 09:31:45 PM [] []
[2026-03-13 21:32:16] SlimMonoLogger.INFO: Cron ran at: 13-03-2026 09:32:16 PM [] []
[2026-03-13 21:32:36] SlimMonoLogger.INFO: Cron ran at: 13-03-2026 09:32:36 PM [] []
[2026-03-13 21:32:36] SlimMonoLogger.INFO: Cron ran at: 13-03-2026 09:32:36 PM [] []
[2026-03-13 21:32:36] SlimMonoLogger.INFO: Cron ran at: 13-03-2026 09:32:36 PM [] []
[2026-03-13 21:32:37] SlimMonoLogger.INFO: Cron ran at: 13-03-2026 09:32:37 PM [] []
[2026-03-13 21:32:41] SlimMonoLogger.INFO: Cron ran at: 13-03-2026 09:32:41 PM [] []
[2026-03-13 21:32:46] SlimMonoLogger.INFO: Cron ran at: 13-03-2026 09:32:46 PM [] []
[2026-03-13 21:33:00] SlimMonoLogger.INFO: Cron ran at: 13-03-2026 09:33:00 PM [] []
[2026-03-13 21:33:17] SlimMonoLogger.INFO: Cron ran at: 13-03-2026 09:33:17 PM [] []
[2026-03-13 21:33:30] SlimMonoLogger.INFO: Cron ran at: 13-03-2026 09:33:30 PM [] []
[2026-03-13 21:33:30] SlimMonoLogger.INFO: Cron ran at: 13-03-2026 09:33:30 PM [] []
[2026-03-13 21:33:36] SlimMonoLogger.INFO: Cron ran at: 13-03-2026 09:33:36 PM [] []
[2026-03-13 21:33:38] SlimMonoLogger.INFO: Cron ran at: 13-03-2026 09:33:38 PM [] []
[2026-03-13 21:33:48] SlimMonoLogger.INFO: Cron ran at: 13-03-2026 09:33:48 PM [] []
[2026-03-13 21:33:48] SlimMonoLogger.INFO: Cron ran at: 13-03-2026 09:33:48 PM [] []
[2026-03-13 21:34:07] SlimMonoLogger.INFO: Cron ran at: 13-03-2026 09:34:07 PM [] []
[2026-03-13 21:34:19] SlimMonoLogger.INFO: Cron ran at: 13-03-2026 09:34:19 PM [] []
[2026-03-13 21:34:27] SlimMonoLogger.INFO: Cron ran at: 13-03-2026 09:34:27 PM [] []
[2026-03-13 21:34:27] SlimMonoLogger.INFO: Cron ran at: 13-03-2026 09:34:27 PM [] []
[2026-03-13 21:34:27] SlimMonoLogger.INFO: Cron ran at: 13-03-2026 09:34:27 PM [] []
[2026-03-13 21:34:35] SlimMonoLogger.INFO: Cron ran at: 13-03-2026 09:34:35 PM [] []
[2026-03-13 21:34:47] SlimMonoLogger.INFO: Cron ran at: 13-03-2026 09:34:47 PM [] []
[2026-03-13 21:34:48] SlimMonoLogger.INFO: Cron ran at: 13-03-2026 09:34:48 PM [] []
[2026-03-13 21:35:06] SlimMonoLogger.INFO: Cron ran at: 13-03-2026 09:35:06 PM [] []
[2026-03-13 21:35:11] SlimMonoLogger.INFO: Cron ran at: 13-03-2026 09:35:11 PM [] []
[2026-03-13 21:35:17] SlimMonoLogger.INFO: Cron ran at: 13-03-2026 09:35:17 PM [] []
[2026-03-13 21:35:33] SlimMonoLogger.INFO: Cron ran at: 13-03-2026 09:35:33 PM [] []
[2026-03-13 21:35:33] SlimMonoLogger.INFO: Cron ran at: 13-03-2026 09:35:33 PM [] []
[2026-03-13 21:35:35] SlimMonoLogger.INFO: Cron ran at: 13-03-2026 09:35:35 PM [] []
[2026-03-13 21:35:35] SlimMonoLogger.INFO: Cron ran at: 13-03-2026 09:35:35 PM [] []
[2026-03-13 21:35:43] SlimMonoLogger.ERROR: Requests_Exception: cURL error 28: Operation timed out after 500003 milliseconds with 0 bytes received in /home/latihtal/public_html/agregator1/src/vendor/rmccue/requests/library/Requests/Transport/cURL.php:422
Stack trace:
#0 /home/latihtal/public_html/agregator1/src/vendor/rmccue/requests/library/Requests/Transport/cURL.php(177): Requests_Transport_cURL->process_response()
#1 /home/latihtal/public_html/agregator1/src/vendor/rmccue/requests/library/Requests.php(379): Requests_Transport_cURL->request()
#2 /home/latihtal/public_html/agregator1/src/vendor/rmccue/requests/library/Requests/Session.php(205): Requests::request()
#3 /home/latihtal/public_html/agregator1/src/vendor/rmccue/requests/library/Requests/Session.php(132): Requests_Session->request()
#4 /home/latihtal/public_html/agregator1/src/drivers/Http/RssImporter.php(144): Requests_Session->get()
#5 /home/latihtal/public_html/agregator1/src/controllers/Dashboard/DashboardFeedsController.php(534): spark\drivers\Http\RssImporter->fetchPosts()
#6 /home/latihtal/public_html/agregator1/src/controllers/Site/SiteController.php(722): spark\controllers\Dashboard\DashboardFeedsController::importFeedPosts()
#7 [internal function]: spark\controllers\Site\SiteController->runTasks()
#8 /home/latihtal/public_html/agregator1/src/framework/Route.php(173): call_user_func_array()
#9 [internal function]: Slim\Route->Slim\{closure}()
#10 /home/latihtal/public_html/agregator1/src/framework/Route.php(468): call_user_func_array()
#11 /home/latihtal/public_html/agregator1/src/framework/Slim.php(1364): Slim\Route->dispatch()
#12 /home/latihtal/public_html/agregator1/src/framework/Middleware/Flash.php(85): Slim\Slim->call()
#13 /home/latihtal/public_html/agregator1/src/framework/Middleware/MethodOverride.php(92): Slim\Middleware\Flash->call()
#14 /home/latihtal/public_html/agregator1/src/middlewares/CsrfGuard/CsrfGuard.php(47): Slim\Middleware\MethodOverride->call()
#15 /home/latihtal/public_html/agregator1/src/framework/Middleware/PrettyExceptions.php(67): spark\middlewares\CsrfGuard\CsrfGuard->call()
#16 /home/latihtal/public_html/agregator1/src/framework/Slim.php(1308): Slim\Middleware\PrettyExceptions->call()
#17 /home/latihtal/public_html/agregator1/index.php(6): Slim\Slim->run()
#18 {main} [] []
[2026-03-13 21:35:47] SlimMonoLogger.INFO: Cron ran at: 13-03-2026 09:35:47 PM [] []
[2026-03-13 21:35:48] SlimMonoLogger.INFO: Cron ran at: 13-03-2026 09:35:48 PM [] []
[2026-03-13 21:35:48] SlimMonoLogger.INFO: Cron ran at: 13-03-2026 09:35:48 PM [] []
[2026-03-13 21:36:08] SlimMonoLogger.INFO: Cron ran at: 13-03-2026 09:36:08 PM [] []
[2026-03-13 21:36:16] SlimMonoLogger.INFO: Cron ran at: 13-03-2026 09:36:16 PM [] []
[2026-03-13 21:36:24] SlimMonoLogger.INFO: Cron ran at: 13-03-2026 09:36:24 PM [] []
[2026-03-13 21:36:25] SlimMonoLogger.INFO: Cron ran at: 13-03-2026 09:36:25 PM [] []
[2026-03-13 21:36:30] SlimMonoLogger.INFO: Cron ran at: 13-03-2026 09:36:30 PM [] []
[2026-03-13 21:36:41] SlimMonoLogger.INFO: Cron ran at: 13-03-2026 09:36:41 PM [] []
[2026-03-13 21:36:45] SlimMonoLogger.INFO: Cron ran at: 13-03-2026 09:36:45 PM [] []
[2026-03-13 21:37:00] SlimMonoLogger.INFO: Cron ran at: 13-03-2026 09:37:00 PM [] []
[2026-03-13 21:37:04] SlimMonoLogger.INFO: Cron ran at: 13-03-2026 09:37:04 PM [] []
[2026-03-13 21:37:27] SlimMonoLogger.INFO: Cron ran at: 13-03-2026 09:37:27 PM [] []
[2026-03-13 21:37:27] SlimMonoLogger.INFO: Cron ran at: 13-03-2026 09:37:27 PM [] []
[2026-03-13 21:37:30] SlimMonoLogger.INFO: Cron ran at: 13-03-2026 09:37:30 PM [] []
[2026-03-13 21:37:45] SlimMonoLogger.INFO: Cron ran at: 13-03-2026 09:37:45 PM [] []
[2026-03-13 21:37:47] SlimMonoLogger.INFO: Cron ran at: 13-03-2026 09:37:47 PM [] []
[2026-03-13 21:38:07] SlimMonoLogger.INFO: Cron ran at: 13-03-2026 09:38:07 PM [] []
[2026-03-13 21:38:08] SlimMonoLogger.INFO: Cron ran at: 13-03-2026 09:38:08 PM [] []
[2026-03-13 21:38:08] SlimMonoLogger.INFO: Cron ran at: 13-03-2026 09:38:08 PM [] []
[2026-03-13 21:38:23] SlimMonoLogger.INFO: Cron ran at: 13-03-2026 09:38:23 PM [] []
[2026-03-13 21:38:26] SlimMonoLogger.INFO: Cron ran at: 13-03-2026 09:38:26 PM [] []
[2026-03-13 21:38:33] SlimMonoLogger.INFO: Cron ran at: 13-03-2026 09:38:33 PM [] []
[2026-03-13 21:38:33] SlimMonoLogger.INFO: Cron ran at: 13-03-2026 09:38:33 PM [] []
[2026-03-13 21:38:45] SlimMonoLogger.INFO: Cron ran at: 13-03-2026 09:38:45 PM [] []
[2026-03-13 21:38:49] SlimMonoLogger.INFO: Cron ran at: 13-03-2026 09:38:49 PM [] []
[2026-03-13 21:38:57] SlimMonoLogger.INFO: Cron ran at: 13-03-2026 09:38:57 PM [] []
[2026-03-13 21:38:58] SlimMonoLogger.INFO: Cron ran at: 13-03-2026 09:38:58 PM [] []
[2026-03-13 21:39:16] SlimMonoLogger.INFO: Cron ran at: 13-03-2026 09:39:16 PM [] []
[2026-03-13 21:39:18] SlimMonoLogger.INFO: Cron ran at: 13-03-2026 09:39:18 PM [] []
[2026-03-13 21:39:22] SlimMonoLogger.INFO: Cron ran at: 13-03-2026 09:39:22 PM [] []
[2026-03-13 21:39:28] SlimMonoLogger.INFO: Cron ran at: 13-03-2026 09:39:28 PM [] []
[2026-03-13 21:39:30] SlimMonoLogger.INFO: Cron ran at: 13-03-2026 09:39:30 PM [] []
[2026-03-13 21:39:44] SlimMonoLogger.INFO: Cron ran at: 13-03-2026 09:39:44 PM [] []
[2026-03-13 21:39:45] SlimMonoLogger.INFO: Cron ran at: 13-03-2026 09:39:45 PM [] []
[2026-03-13 21:39:54] SlimMonoLogger.INFO: Cron ran at: 13-03-2026 09:39:54 PM [] []
[2026-03-13 21:40:14] SlimMonoLogger.INFO: Cron ran at: 13-03-2026 09:40:14 PM [] []
[2026-03-13 21:40:15] SlimMonoLogger.INFO: Cron ran at: 13-03-2026 09:40:15 PM [] []
[2026-03-13 21:40:20] SlimMonoLogger.INFO: Cron ran at: 13-03-2026 09:40:20 PM [] []
[2026-03-13 21:40:29] SlimMonoLogger.INFO: Cron ran at: 13-03-2026 09:40:29 PM [] []
[2026-03-13 21:40:30] SlimMonoLogger.INFO: Cron ran at: 13-03-2026 09:40:30 PM [] []
[2026-03-13 21:40:33] SlimMonoLogger.INFO: Cron ran at: 13-03-2026 09:40:33 PM [] []
[2026-03-13 21:40:53] SlimMonoLogger.INFO: Cron ran at: 13-03-2026 09:40:53 PM [] []
[2026-03-13 21:40:53] SlimMonoLogger.INFO: Cron ran at: 13-03-2026 09:40:53 PM [] []
[2026-03-13 21:41:09] SlimMonoLogger.INFO: Cron ran at: 13-03-2026 09:41:09 PM [] []
[2026-03-13 21:41:09] SlimMonoLogger.INFO: Cron ran at: 13-03-2026 09:41:09 PM [] []
[2026-03-13 21:41:24] SlimMonoLogger.INFO: Cron ran at: 13-03-2026 09:41:24 PM [] []
[2026-03-13 21:41:24] SlimMonoLogger.INFO: Cron ran at: 13-03-2026 09:41:24 PM [] []
[2026-03-13 21:41:27] SlimMonoLogger.INFO: Cron ran at: 13-03-2026 09:41:27 PM [] []
[2026-03-13 21:41:41] SlimMonoLogger.INFO: Cron ran at: 13-03-2026 09:41:41 PM [] []
[2026-03-13 21:41:41] SlimMonoLogger.INFO: Cron ran at: 13-03-2026 09:41:41 PM [] []
[2026-03-13 21:41:43] SlimMonoLogger.INFO: Cron ran at: 13-03-2026 09:41:43 PM [] []
[2026-03-13 21:41:48] SlimMonoLogger.INFO: Cron ran at: 13-03-2026 09:41:48 PM [] []
[2026-03-13 21:42:04] SlimMonoLogger.INFO: Cron ran at: 13-03-2026 09:42:04 PM [] []
[2026-03-13 21:42:09] SlimMonoLogger.INFO: Cron ran at: 13-03-2026 09:42:09 PM [] []
[2026-03-13 21:42:10] SlimMonoLogger.INFO: Cron ran at: 13-03-2026 09:42:10 PM [] []
[2026-03-13 21:42:22] SlimMonoLogger.INFO: Cron ran at: 13-03-2026 09:42:22 PM [] []
[2026-03-13 21:42:23] SlimMonoLogger.ERROR: Requests_Exception: cURL error 56: Recv failure: Connection reset by peer in /home/latihtal/public_html/agregator1/src/vendor/rmccue/requests/library/Requests/Transport/cURL.php:422
Stack trace:
#0 /home/latihtal/public_html/agregator1/src/vendor/rmccue/requests/library/Requests/Transport/cURL.php(177): Requests_Transport_cURL->process_response()
#1 /home/latihtal/public_html/agregator1/src/vendor/rmccue/requests/library/Requests.php(379): Requests_Transport_cURL->request()
#2 /home/latihtal/public_html/agregator1/src/vendor/rmccue/requests/library/Requests/Session.php(205): Requests::request()
#3 /home/latihtal/public_html/agregator1/src/vendor/rmccue/requests/library/Requests/Session.php(132): Requests_Session->request()
#4 /home/latihtal/public_html/agregator1/src/drivers/Http/RssImporter.php(144): Requests_Session->get()
#5 /home/latihtal/public_html/agregator1/src/controllers/Dashboard/DashboardFeedsController.php(534): spark\drivers\Http\RssImporter->fetchPosts()
#6 /home/latihtal/public_html/agregator1/src/controllers/Site/SiteController.php(722): spark\controllers\Dashboard\DashboardFeedsController::importFeedPosts()
#7 [internal function]: spark\controllers\Site\SiteController->runTasks()
#8 /home/latihtal/public_html/agregator1/src/framework/Route.php(173): call_user_func_array()
#9 [internal function]: Slim\Route->Slim\{closure}()
#10 /home/latihtal/public_html/agregator1/src/framework/Route.php(468): call_user_func_array()
#11 /home/latihtal/public_html/agregator1/src/framework/Slim.php(1364): Slim\Route->dispatch()
#12 /home/latihtal/public_html/agregator1/src/framework/Middleware/Flash.php(85): Slim\Slim->call()
#13 /home/latihtal/public_html/agregator1/src/framework/Middleware/MethodOverride.php(92): Slim\Middleware\Flash->call()
#14 /home/latihtal/public_html/agregator1/src/middlewares/CsrfGuard/CsrfGuard.php(47): Slim\Middleware\MethodOverride->call()
#15 /home/latihtal/public_html/agregator1/src/framework/Middleware/PrettyExceptions.php(67): spark\middlewares\CsrfGuard\CsrfGuard->call()
#16 /home/latihtal/public_html/agregator1/src/framework/Slim.php(1308): Slim\Middleware\PrettyExceptions->call()
#17 /home/latihtal/public_html/agregator1/index.php(6): Slim\Slim->run()
#18 {main} [] []
[2026-03-13 21:42:23] SlimMonoLogger.INFO: Cron ran at: 13-03-2026 09:42:23 PM [] []
[2026-03-13 21:42:23] SlimMonoLogger.INFO: Cron ran at: 13-03-2026 09:42:23 PM [] []
[2026-03-13 21:42:31] SlimMonoLogger.INFO: Cron ran at: 13-03-2026 09:42:31 PM [] []
[2026-03-13 21:42:34] SlimMonoLogger.INFO: Cron ran at: 13-03-2026 09:42:34 PM [] []
[2026-03-13 21:42:39] SlimMonoLogger.INFO: Cron ran at: 13-03-2026 09:42:39 PM [] []
[2026-03-13 21:42:43] SlimMonoLogger.INFO: Cron ran at: 13-03-2026 09:42:43 PM [] []
[2026-03-13 21:43:00] SlimMonoLogger.INFO: Cron ran at: 13-03-2026 09:43:00 PM [] []
[2026-03-13 21:43:00] SlimMonoLogger.INFO: Cron ran at: 13-03-2026 09:43:00 PM [] []
[2026-03-13 21:43:02] SlimMonoLogger.INFO: Cron ran at: 13-03-2026 09:43:02 PM [] []
[2026-03-13 21:43:19] SlimMonoLogger.INFO: Cron ran at: 13-03-2026 09:43:19 PM [] []
[2026-03-13 21:43:19] SlimMonoLogger.INFO: Cron ran at: 13-03-2026 09:43:19 PM [] []
[2026-03-13 21:43:23] SlimMonoLogger.INFO: Cron ran at: 13-03-2026 09:43:23 PM [] []
[2026-03-13 21:43:24] SlimMonoLogger.INFO: Cron ran at: 13-03-2026 09:43:24 PM [] []
[2026-03-13 21:43:37] SlimMonoLogger.INFO: Cron ran at: 13-03-2026 09:43:37 PM [] []
[2026-03-13 21:43:38] SlimMonoLogger.INFO: Cron ran at: 13-03-2026 09:43:38 PM [] []
[2026-03-13 21:43:42] SlimMonoLogger.INFO: Cron ran at: 13-03-2026 09:43:42 PM [] []
[2026-03-13 21:43:54] SlimMonoLogger.INFO: Cron ran at: 13-03-2026 09:43:54 PM [] []
[2026-03-13 21:43:56] SlimMonoLogger.INFO: Cron ran at: 13-03-2026 09:43:56 PM [] []
[2026-03-13 21:44:26] SlimMonoLogger.INFO: Cron ran at: 13-03-2026 09:44:26 PM [] []
[2026-03-13 21:44:26] SlimMonoLogger.INFO: Cron ran at: 13-03-2026 09:44:26 PM [] []
[2026-03-13 21:44:27] SlimMonoLogger.INFO: Cron ran at: 13-03-2026 09:44:27 PM [] []
[2026-03-13 21:44:27] SlimMonoLogger.INFO: Cron ran at: 13-03-2026 09:44:27 PM [] []
[2026-03-13 21:44:29] SlimMonoLogger.INFO: Cron ran at: 13-03-2026 09:44:29 PM [] []
[2026-03-13 21:44:36] SlimMonoLogger.ERROR: Requests_Exception: cURL error 28: Operation timed out after 500001 milliseconds with 53023 bytes received in /home/latihtal/public_html/agregator1/src/vendor/rmccue/requests/library/Requests/Transport/cURL.php:422
Stack trace:
#0 /home/latihtal/public_html/agregator1/src/vendor/rmccue/requests/library/Requests/Transport/cURL.php(177): Requests_Transport_cURL->process_response()
#1 /home/latihtal/public_html/agregator1/src/vendor/rmccue/requests/library/Requests.php(379): Requests_Transport_cURL->request()
#2 /home/latihtal/public_html/agregator1/src/vendor/rmccue/requests/library/Requests/Session.php(205): Requests::request()
#3 /home/latihtal/public_html/agregator1/src/vendor/rmccue/requests/library/Requests/Session.php(132): Requests_Session->request()
#4 /home/latihtal/public_html/agregator1/src/drivers/Http/RssImporter.php(144): Requests_Session->get()
#5 /home/latihtal/public_html/agregator1/src/controllers/Dashboard/DashboardFeedsController.php(534): spark\drivers\Http\RssImporter->fetchPosts()
#6 /home/latihtal/public_html/agregator1/src/controllers/Site/SiteController.php(722): spark\controllers\Dashboard\DashboardFeedsController::importFeedPosts()
#7 [internal function]: spark\controllers\Site\SiteController->runTasks()
#8 /home/latihtal/public_html/agregator1/src/framework/Route.php(173): call_user_func_array()
#9 [internal function]: Slim\Route->Slim\{closure}()
#10 /home/latihtal/public_html/agregator1/src/framework/Route.php(468): call_user_func_array()
#11 /home/latihtal/public_html/agregator1/src/framework/Slim.php(1364): Slim\Route->dispatch()
#12 /home/latihtal/public_html/agregator1/src/framework/Middleware/Flash.php(85): Slim\Slim->call()
#13 /home/latihtal/public_html/agregator1/src/framework/Middleware/MethodOverride.php(92): Slim\Middleware\Flash->call()
#14 /home/latihtal/public_html/agregator1/src/middlewares/CsrfGuard/CsrfGuard.php(47): Slim\Middleware\MethodOverride->call()
#15 /home/latihtal/public_html/agregator1/src/framework/Middleware/PrettyExceptions.php(67): spark\middlewares\CsrfGuard\CsrfGuard->call()
#16 /home/latihtal/public_html/agregator1/src/framework/Slim.php(1308): Slim\Middleware\PrettyExceptions->call()
#17 /home/latihtal/public_html/agregator1/index.php(6): Slim\Slim->run()
#18 {main} [] []
[2026-03-13 21:44:40] SlimMonoLogger.INFO: Cron ran at: 13-03-2026 09:44:40 PM [] []
[2026-03-13 21:44:53] SlimMonoLogger.INFO: Cron ran at: 13-03-2026 09:44:53 PM [] []
[2026-03-13 21:44:54] SlimMonoLogger.INFO: Cron ran at: 13-03-2026 09:44:54 PM [] []
[2026-03-13 21:44:55] SlimMonoLogger.INFO: Cron ran at: 13-03-2026 09:44:55 PM [] []
[2026-03-13 21:45:01] SlimMonoLogger.INFO: Cron ran at: 13-03-2026 09:45:01 PM [] []
[2026-03-13 21:45:17] SlimMonoLogger.INFO: Cron ran at: 13-03-2026 09:45:17 PM [] []
[2026-03-13 21:45:17] SlimMonoLogger.INFO: Cron ran at: 13-03-2026 09:45:17 PM [] []
[2026-03-13 21:45:22] SlimMonoLogger.INFO: Cron ran at: 13-03-2026 09:45:22 PM [] []
[2026-03-13 21:45:30] SlimMonoLogger.INFO: Cron ran at: 13-03-2026 09:45:30 PM [] []
[2026-03-13 21:45:35] SlimMonoLogger.INFO: Cron ran at: 13-03-2026 09:45:35 PM [] []
[2026-03-13 21:45:41] SlimMonoLogger.INFO: Cron ran at: 13-03-2026 09:45:41 PM [] []
[2026-03-13 21:45:42] SlimMonoLogger.INFO: Cron ran at: 13-03-2026 09:45:42 PM [] []
[2026-03-13 21:45:55] SlimMonoLogger.INFO: Cron ran at: 13-03-2026 09:45:55 PM [] []
[2026-03-13 21:45:55] SlimMonoLogger.INFO: Cron ran at: 13-03-2026 09:45:55 PM [] []
[2026-03-13 21:46:16] SlimMonoLogger.INFO: Cron ran at: 13-03-2026 09:46:16 PM [] []
[2026-03-13 21:46:22] SlimMonoLogger.INFO: Cron ran at: 13-03-2026 09:46:22 PM [] []
[2026-03-13 21:46:25] SlimMonoLogger.INFO: Cron ran at: 13-03-2026 09:46:25 PM [] []
[2026-03-13 21:46:28] SlimMonoLogger.INFO: Cron ran at: 13-03-2026 09:46:28 PM [] []
[2026-03-13 21:46:29] SlimMonoLogger.INFO: Cron ran at: 13-03-2026 09:46:29 PM [] []
[2026-03-13 21:46:39] SlimMonoLogger.INFO: Cron ran at: 13-03-2026 09:46:39 PM [] []
[2026-03-13 21:46:39] SlimMonoLogger.INFO: Cron ran at: 13-03-2026 09:46:39 PM [] []
[2026-03-13 21:46:46] SlimMonoLogger.INFO: Cron ran at: 13-03-2026 09:46:46 PM [] []
[2026-03-13 21:46:46] SlimMonoLogger.INFO: Cron ran at: 13-03-2026 09:46:46 PM [] []
[2026-03-13 21:46:54] SlimMonoLogger.INFO: Cron ran at: 13-03-2026 09:46:54 PM [] []
[2026-03-13 21:47:05] SlimMonoLogger.INFO: Cron ran at: 13-03-2026 09:47:05 PM [] []
[2026-03-13 21:47:09] SlimMonoLogger.INFO: Cron ran at: 13-03-2026 09:47:09 PM [] []
[2026-03-13 21:47:17] SlimMonoLogger.INFO: Cron ran at: 13-03-2026 09:47:17 PM [] []
[2026-03-13 21:47:28] SlimMonoLogger.INFO: Cron ran at: 13-03-2026 09:47:28 PM [] []
[2026-03-13 21:47:28] SlimMonoLogger.INFO: Cron ran at: 13-03-2026 09:47:28 PM [] []
[2026-03-13 21:47:28] SlimMonoLogger.INFO: Cron ran at: 13-03-2026 09:47:28 PM [] []
[2026-03-13 21:47:40] SlimMonoLogger.INFO: Cron ran at: 13-03-2026 09:47:40 PM [] []
[2026-03-13 21:47:40] SlimMonoLogger.INFO: Cron ran at: 13-03-2026 09:47:40 PM [] []
[2026-03-13 21:47:44] SlimMonoLogger.INFO: Cron ran at: 13-03-2026 09:47:44 PM [] []
[2026-03-13 21:47:48] SlimMonoLogger.INFO: Cron ran at: 13-03-2026 09:47:48 PM [] []
[2026-03-13 21:48:04] SlimMonoLogger.INFO: Cron ran at: 13-03-2026 09:48:04 PM [] []
[2026-03-13 21:48:05] SlimMonoLogger.INFO: Cron ran at: 13-03-2026 09:48:05 PM [] []
[2026-03-13 21:48:17] SlimMonoLogger.INFO: Cron ran at: 13-03-2026 09:48:17 PM [] []
[2026-03-13 21:48:25] SlimMonoLogger.INFO: Cron ran at: 13-03-2026 09:48:25 PM [] []
[2026-03-13 21:48:28] SlimMonoLogger.INFO: Cron ran at: 13-03-2026 09:48:28 PM [] []
[2026-03-13 21:48:29] SlimMonoLogger.INFO: Cron ran at: 13-03-2026 09:48:29 PM [] []
[2026-03-13 21:48:32] SlimMonoLogger.INFO: Cron ran at: 13-03-2026 09:48:32 PM [] []
[2026-03-13 21:48:33] SlimMonoLogger.INFO: Cron ran at: 13-03-2026 09:48:33 PM [] []
[2026-03-13 21:48:42] SlimMonoLogger.INFO: Cron ran at: 13-03-2026 09:48:42 PM [] []
[2026-03-13 21:48:44] SlimMonoLogger.INFO: Cron ran at: 13-03-2026 09:48:44 PM [] []
[2026-03-13 21:48:54] SlimMonoLogger.INFO: Cron ran at: 13-03-2026 09:48:54 PM [] []
[2026-03-13 21:49:01] SlimMonoLogger.INFO: Cron ran at: 13-03-2026 09:49:01 PM [] []
[2026-03-13 21:49:01] SlimMonoLogger.INFO: Cron ran at: 13-03-2026 09:49:01 PM [] []
[2026-03-13 21:49:21] SlimMonoLogger.INFO: Cron ran at: 13-03-2026 09:49:21 PM [] []
[2026-03-13 21:49:29] SlimMonoLogger.INFO: Cron ran at: 13-03-2026 09:49:29 PM [] []
[2026-03-13 21:49:29] SlimMonoLogger.INFO: Cron ran at: 13-03-2026 09:49:29 PM [] []
[2026-03-13 21:49:29] SlimMonoLogger.INFO: Cron ran at: 13-03-2026 09:49:29 PM [] []
[2026-03-13 21:49:30] SlimMonoLogger.INFO: Cron ran at: 13-03-2026 09:49:30 PM [] []
[2026-03-13 21:49:40] SlimMonoLogger.INFO: Cron ran at: 13-03-2026 09:49:40 PM [] []
[2026-03-13 21:49:42] SlimMonoLogger.INFO: Cron ran at: 13-03-2026 09:49:42 PM [] []
[2026-03-13 21:49:53] SlimMonoLogger.INFO: Cron ran at: 13-03-2026 09:49:53 PM [] []
[2026-03-13 21:49:53] SlimMonoLogger.INFO: Cron ran at: 13-03-2026 09:49:53 PM [] []
[2026-03-13 21:49:56] SlimMonoLogger.INFO: Cron ran at: 13-03-2026 09:49:56 PM [] []
[2026-03-13 21:50:11] SlimMonoLogger.INFO: Cron ran at: 13-03-2026 09:50:11 PM [] []
[2026-03-13 21:50:11] SlimMonoLogger.INFO: Cron ran at: 13-03-2026 09:50:11 PM [] []
[2026-03-13 21:50:26] SlimMonoLogger.INFO: Cron ran at: 13-03-2026 09:50:26 PM [] []
[2026-03-13 21:50:27] SlimMonoLogger.INFO: Cron ran at: 13-03-2026 09:50:27 PM [] []
[2026-03-13 21:50:33] SlimMonoLogger.INFO: Cron ran at: 13-03-2026 09:50:33 PM [] []
[2026-03-13 21:50:38] SlimMonoLogger.INFO: Cron ran at: 13-03-2026 09:50:38 PM [] []
[2026-03-13 21:50:39] SlimMonoLogger.INFO: Cron ran at: 13-03-2026 09:50:39 PM [] []
[2026-03-13 21:50:47] SlimMonoLogger.INFO: Cron ran at: 13-03-2026 09:50:47 PM [] []
[2026-03-13 21:50:54] SlimMonoLogger.INFO: Cron ran at: 13-03-2026 09:50:54 PM [] []
[2026-03-13 21:50:54] SlimMonoLogger.INFO: Cron ran at: 13-03-2026 09:50:54 PM [] []
[2026-03-13 21:51:11] SlimMonoLogger.INFO: Cron ran at: 13-03-2026 09:51:11 PM [] []
[2026-03-13 21:51:11] SlimMonoLogger.INFO: Cron ran at: 13-03-2026 09:51:11 PM [] []
[2026-03-13 21:51:13] SlimMonoLogger.INFO: Cron ran at: 13-03-2026 09:51:13 PM [] []
[2026-03-13 21:51:23] SlimMonoLogger.INFO: Cron ran at: 13-03-2026 09:51:23 PM [] []
[2026-03-13 21:51:23] SlimMonoLogger.INFO: Cron ran at: 13-03-2026 09:51:23 PM [] []
[2026-03-13 21:51:29] SlimMonoLogger.INFO: Cron ran at: 13-03-2026 09:51:29 PM [] []
[2026-03-13 21:51:33] SlimMonoLogger.INFO: Cron ran at: 13-03-2026 09:51:33 PM [] []
[2026-03-13 21:51:39] SlimMonoLogger.INFO: Cron ran at: 13-03-2026 09:51:39 PM [] []
[2026-03-13 21:51:40] SlimMonoLogger.INFO: Cron ran at: 13-03-2026 09:51:40 PM [] []
[2026-03-13 21:51:44] SlimMonoLogger.INFO: Cron ran at: 13-03-2026 09:51:44 PM [] []
[2026-03-13 21:51:47] SlimMonoLogger.INFO: Cron ran at: 13-03-2026 09:51:47 PM [] []
[2026-03-13 21:52:02] SlimMonoLogger.INFO: Cron ran at: 13-03-2026 09:52:02 PM [] []
[2026-03-13 21:52:02] SlimMonoLogger.INFO: Cron ran at: 13-03-2026 09:52:02 PM [] []
[2026-03-13 21:52:08] SlimMonoLogger.INFO: Cron ran at: 13-03-2026 09:52:08 PM [] []
[2026-03-13 21:52:26] SlimMonoLogger.INFO: Cron ran at: 13-03-2026 09:52:26 PM [] []
[2026-03-13 21:52:26] SlimMonoLogger.INFO: Cron ran at: 13-03-2026 09:52:26 PM [] []
[2026-03-13 21:52:26] SlimMonoLogger.INFO: Cron ran at: 13-03-2026 09:52:26 PM [] []
[2026-03-13 21:52:37] SlimMonoLogger.INFO: Cron ran at: 13-03-2026 09:52:37 PM [] []
[2026-03-13 21:52:39] SlimMonoLogger.INFO: Cron ran at: 13-03-2026 09:52:39 PM [] []
[2026-03-13 21:52:41] SlimMonoLogger.INFO: Cron ran at: 13-03-2026 09:52:41 PM [] []
[2026-03-13 21:52:41] SlimMonoLogger.INFO: Cron ran at: 13-03-2026 09:52:41 PM [] []
[2026-03-13 21:52:59] SlimMonoLogger.INFO: Cron ran at: 13-03-2026 09:52:59 PM [] []
[2026-03-13 21:53:00] SlimMonoLogger.INFO: Cron ran at: 13-03-2026 09:53:00 PM [] []
[2026-03-13 21:53:05] SlimMonoLogger.INFO: Cron ran at: 13-03-2026 09:53:05 PM [] []
[2026-03-13 21:53:10] SlimMonoLogger.INFO: Cron ran at: 13-03-2026 09:53:10 PM [] []
[2026-03-13 21:53:24] SlimMonoLogger.INFO: Cron ran at: 13-03-2026 09:53:24 PM [] []
[2026-03-13 21:53:24] SlimMonoLogger.INFO: Cron ran at: 13-03-2026 09:53:24 PM [] []
[2026-03-13 21:53:26] SlimMonoLogger.INFO: Cron ran at: 13-03-2026 09:53:26 PM [] []
[2026-03-13 21:53:26] SlimMonoLogger.INFO: Cron ran at: 13-03-2026 09:53:26 PM [] []
[2026-03-13 21:53:38] SlimMonoLogger.INFO: Cron ran at: 13-03-2026 09:53:38 PM [] []
[2026-03-13 21:53:38] SlimMonoLogger.INFO: Cron ran at: 13-03-2026 09:53:38 PM [] []
[2026-03-13 21:53:43] SlimMonoLogger.INFO: Cron ran at: 13-03-2026 09:53:43 PM [] []
[2026-03-13 21:53:53] SlimMonoLogger.INFO: Cron ran at: 13-03-2026 09:53:53 PM [] []
[2026-03-13 21:54:02] SlimMonoLogger.INFO: Cron ran at: 13-03-2026 09:54:02 PM [] []
[2026-03-13 21:54:02] SlimMonoLogger.INFO: Cron ran at: 13-03-2026 09:54:02 PM [] []
[2026-03-13 21:54:03] SlimMonoLogger.INFO: Cron ran at: 13-03-2026 09:54:03 PM [] []
[2026-03-13 21:54:16] SlimMonoLogger.INFO: Cron ran at: 13-03-2026 09:54:16 PM [] []
[2026-03-13 21:54:19] SlimMonoLogger.INFO: Cron ran at: 13-03-2026 09:54:19 PM [] []
[2026-03-13 21:54:25] SlimMonoLogger.INFO: Cron ran at: 13-03-2026 09:54:25 PM [] []
[2026-03-13 21:54:26] SlimMonoLogger.INFO: Cron ran at: 13-03-2026 09:54:26 PM [] []
[2026-03-13 21:54:27] SlimMonoLogger.INFO: Cron ran at: 13-03-2026 09:54:27 PM [] []
[2026-03-13 21:54:37] SlimMonoLogger.INFO: Cron ran at: 13-03-2026 09:54:37 PM [] []
[2026-03-13 21:54:41] SlimMonoLogger.INFO: Cron ran at: 13-03-2026 09:54:41 PM [] []
[2026-03-13 21:54:48] SlimMonoLogger.INFO: Cron ran at: 13-03-2026 09:54:48 PM [] []
[2026-03-13 21:54:50] SlimMonoLogger.INFO: Cron ran at: 13-03-2026 09:54:50 PM [] []
[2026-03-13 21:54:58] SlimMonoLogger.INFO: Cron ran at: 13-03-2026 09:54:58 PM [] []
[2026-03-13 21:54:58] SlimMonoLogger.INFO: Cron ran at: 13-03-2026 09:54:58 PM [] []
[2026-03-13 21:55:23] SlimMonoLogger.INFO: Cron ran at: 13-03-2026 09:55:23 PM [] []
[2026-03-13 21:55:24] SlimMonoLogger.INFO: Cron ran at: 13-03-2026 09:55:24 PM [] []
[2026-03-13 21:55:25] SlimMonoLogger.INFO: Cron ran at: 13-03-2026 09:55:25 PM [] []
[2026-03-13 21:55:26] SlimMonoLogger.INFO: Cron ran at: 13-03-2026 09:55:26 PM [] []
[2026-03-13 21:55:30] SlimMonoLogger.INFO: Cron ran at: 13-03-2026 09:55:30 PM [] []
[2026-03-13 21:55:38] SlimMonoLogger.INFO: Cron ran at: 13-03-2026 09:55:38 PM [] []
[2026-03-13 21:55:38] SlimMonoLogger.INFO: Cron ran at: 13-03-2026 09:55:38 PM [] []
[2026-03-13 21:55:54] SlimMonoLogger.INFO: Cron ran at: 13-03-2026 09:55:54 PM [] []
[2026-03-13 21:55:55] SlimMonoLogger.INFO: Cron ran at: 13-03-2026 09:55:55 PM [] []
[2026-03-13 21:55:55] SlimMonoLogger.INFO: Cron ran at: 13-03-2026 09:55:55 PM [] []
[2026-03-13 21:56:12] SlimMonoLogger.INFO: Cron ran at: 13-03-2026 09:56:12 PM [] []
[2026-03-13 21:56:14] SlimMonoLogger.INFO: Cron ran at: 13-03-2026 09:56:14 PM [] []
[2026-03-13 21:56:15] SlimMonoLogger.INFO: Cron ran at: 13-03-2026 09:56:15 PM [] []
[2026-03-13 21:56:20] SlimMonoLogger.INFO: Cron ran at: 13-03-2026 09:56:20 PM [] []
[2026-03-13 21:56:24] SlimMonoLogger.INFO: Cron ran at: 13-03-2026 09:56:24 PM [] []
[2026-03-13 21:56:27] SlimMonoLogger.INFO: Cron ran at: 13-03-2026 09:56:27 PM [] []
[2026-03-13 21:56:34] SlimMonoLogger.INFO: Cron ran at: 13-03-2026 09:56:34 PM [] []
[2026-03-13 21:56:35] SlimMonoLogger.INFO: Cron ran at: 13-03-2026 09:56:35 PM [] []
[2026-03-13 21:56:43] SlimMonoLogger.INFO: Cron ran at: 13-03-2026 09:56:43 PM [] []
[2026-03-13 21:56:46] SlimMonoLogger.INFO: Cron ran at: 13-03-2026 09:56:46 PM [] []
[2026-03-13 21:56:47] SlimMonoLogger.INFO: Cron ran at: 13-03-2026 09:56:47 PM [] []
[2026-03-13 21:56:53] SlimMonoLogger.INFO: Cron ran at: 13-03-2026 09:56:53 PM [] []
[2026-03-13 21:57:00] SlimMonoLogger.INFO: Cron ran at: 13-03-2026 09:57:00 PM [] []
[2026-03-13 21:57:07] SlimMonoLogger.INFO: Cron ran at: 13-03-2026 09:57:07 PM [] []
[2026-03-13 21:57:09] SlimMonoLogger.INFO: Cron ran at: 13-03-2026 09:57:09 PM [] []
[2026-03-13 21:57:09] SlimMonoLogger.INFO: Cron ran at: 13-03-2026 09:57:09 PM [] []
[2026-03-13 21:57:26] SlimMonoLogger.INFO: Cron ran at: 13-03-2026 09:57:26 PM [] []
[2026-03-13 21:57:29] SlimMonoLogger.INFO: Cron ran at: 13-03-2026 09:57:29 PM [] []
[2026-03-13 21:57:29] SlimMonoLogger.INFO: Cron ran at: 13-03-2026 09:57:29 PM [] []
[2026-03-13 21:57:30] SlimMonoLogger.INFO: Cron ran at: 13-03-2026 09:57:30 PM [] []
[2026-03-13 21:57:31] SlimMonoLogger.INFO: Cron ran at: 13-03-2026 09:57:31 PM [] []
[2026-03-13 21:57:38] SlimMonoLogger.INFO: Cron ran at: 13-03-2026 09:57:38 PM [] []
[2026-03-13 21:57:41] SlimMonoLogger.INFO: Cron ran at: 13-03-2026 09:57:41 PM [] []
[2026-03-13 21:57:59] SlimMonoLogger.INFO: Cron ran at: 13-03-2026 09:57:59 PM [] []
[2026-03-13 21:58:01] SlimMonoLogger.INFO: Cron ran at: 13-03-2026 09:58:01 PM [] []
[2026-03-13 21:58:01] SlimMonoLogger.INFO: Cron ran at: 13-03-2026 09:58:01 PM [] []
[2026-03-13 21:58:04] SlimMonoLogger.INFO: Cron ran at: 13-03-2026 09:58:04 PM [] []
[2026-03-13 21:58:05] SlimMonoLogger.INFO: Cron ran at: 13-03-2026 09:58:05 PM [] []
[2026-03-13 21:58:29] SlimMonoLogger.INFO: Cron ran at: 13-03-2026 09:58:29 PM [] []
[2026-03-13 21:58:29] SlimMonoLogger.INFO: Cron ran at: 13-03-2026 09:58:29 PM [] []
[2026-03-13 21:58:29] SlimMonoLogger.INFO: Cron ran at: 13-03-2026 09:58:29 PM [] []
[2026-03-13 21:58:30] SlimMonoLogger.INFO: Cron ran at: 13-03-2026 09:58:30 PM [] []
[2026-03-13 21:58:46] SlimMonoLogger.INFO: Cron ran at: 13-03-2026 09:58:46 PM [] []
[2026-03-13 21:58:46] SlimMonoLogger.INFO: Cron ran at: 13-03-2026 09:58:46 PM [] []
[2026-03-13 21:59:00] SlimMonoLogger.INFO: Cron ran at: 13-03-2026 09:59:00 PM [] []
[2026-03-13 21:59:08] SlimMonoLogger.INFO: Cron ran at: 13-03-2026 09:59:08 PM [] []
[2026-03-13 21:59:08] SlimMonoLogger.INFO: Cron ran at: 13-03-2026 09:59:08 PM [] []
[2026-03-13 21:59:13] SlimMonoLogger.INFO: Cron ran at: 13-03-2026 09:59:13 PM [] []
[2026-03-13 21:59:30] SlimMonoLogger.INFO: Cron ran at: 13-03-2026 09:59:30 PM [] []
[2026-03-13 21:59:31] SlimMonoLogger.INFO: Cron ran at: 13-03-2026 09:59:31 PM [] []
[2026-03-13 21:59:31] SlimMonoLogger.INFO: Cron ran at: 13-03-2026 09:59:31 PM [] []
[2026-03-13 21:59:33] SlimMonoLogger.INFO: Cron ran at: 13-03-2026 09:59:33 PM [] []
[2026-03-13 21:59:37] SlimMonoLogger.INFO: Cron ran at: 13-03-2026 09:59:37 PM [] []
[2026-03-13 21:59:39] SlimMonoLogger.INFO: Cron ran at: 13-03-2026 09:59:39 PM [] []
[2026-03-13 21:59:52] SlimMonoLogger.INFO: Cron ran at: 13-03-2026 09:59:52 PM [] []
[2026-03-13 21:59:52] SlimMonoLogger.INFO: Cron ran at: 13-03-2026 09:59:52 PM [] []
[2026-03-13 21:59:52] SlimMonoLogger.INFO: Cron ran at: 13-03-2026 09:59:52 PM [] []
[2026-03-13 21:59:59] SlimMonoLogger.INFO: Cron ran at: 13-03-2026 09:59:59 PM [] []
[2026-03-13 22:00:05] SlimMonoLogger.INFO: Cron ran at: 13-03-2026 10:00:05 PM [] []
[2026-03-13 22:00:24] SlimMonoLogger.INFO: Cron ran at: 13-03-2026 10:00:24 PM [] []
[2026-03-13 22:00:31] SlimMonoLogger.INFO: Cron ran at: 13-03-2026 10:00:31 PM [] []
[2026-03-13 22:00:37] SlimMonoLogger.INFO: Cron ran at: 13-03-2026 10:00:37 PM [] []
[2026-03-13 22:00:37] SlimMonoLogger.INFO: Cron ran at: 13-03-2026 10:00:37 PM [] []
[2026-03-13 22:00:45] SlimMonoLogger.INFO: Cron ran at: 13-03-2026 10:00:45 PM [] []
[2026-03-13 22:00:49] SlimMonoLogger.INFO: Cron ran at: 13-03-2026 10:00:49 PM [] []
[2026-03-13 22:00:53] SlimMonoLogger.INFO: Cron ran at: 13-03-2026 10:00:53 PM [] []
[2026-03-13 22:01:02] SlimMonoLogger.INFO: Cron ran at: 13-03-2026 10:01:02 PM [] []
[2026-03-13 22:01:03] SlimMonoLogger.INFO: Cron ran at: 13-03-2026 10:01:03 PM [] []
[2026-03-13 22:01:03] SlimMonoLogger.INFO: Cron ran at: 13-03-2026 10:01:03 PM [] []
[2026-03-13 22:01:34] SlimMonoLogger.INFO: Cron ran at: 13-03-2026 10:01:34 PM [] []
[2026-03-13 22:01:34] SlimMonoLogger.INFO: Cron ran at: 13-03-2026 10:01:34 PM [] []
[2026-03-13 22:01:35] SlimMonoLogger.INFO: Cron ran at: 13-03-2026 10:01:35 PM [] []
[2026-03-13 22:01:37] SlimMonoLogger.INFO: Cron ran at: 13-03-2026 10:01:37 PM [] []
[2026-03-13 22:01:42] SlimMonoLogger.INFO: Cron ran at: 13-03-2026 10:01:42 PM [] []
[2026-03-13 22:01:44] SlimMonoLogger.INFO: Cron ran at: 13-03-2026 10:01:44 PM [] []
[2026-03-13 22:01:46] SlimMonoLogger.INFO: Cron ran at: 13-03-2026 10:01:46 PM [] []
[2026-03-13 22:01:49] SlimMonoLogger.INFO: Cron ran at: 13-03-2026 10:01:49 PM [] []
[2026-03-13 22:01:51] SlimMonoLogger.INFO: Cron ran at: 13-03-2026 10:01:51 PM [] []
[2026-03-13 22:01:51] SlimMonoLogger.INFO: Cron ran at: 13-03-2026 10:01:51 PM [] []
[2026-03-13 22:01:55] SlimMonoLogger.INFO: Cron ran at: 13-03-2026 10:01:55 PM [] []
[2026-03-13 22:01:59] SlimMonoLogger.INFO: Cron ran at: 13-03-2026 10:01:59 PM [] []
[2026-03-13 22:02:17] SlimMonoLogger.INFO: Cron ran at: 13-03-2026 10:02:17 PM [] []
[2026-03-13 22:02:18] SlimMonoLogger.INFO: Cron ran at: 13-03-2026 10:02:18 PM [] []
[2026-03-13 22:02:21] SlimMonoLogger.INFO: Cron ran at: 13-03-2026 10:02:21 PM [] []
[2026-03-13 22:02:22] SlimMonoLogger.INFO: Cron ran at: 13-03-2026 10:02:22 PM [] []
[2026-03-13 22:02:31] SlimMonoLogger.INFO: Cron ran at: 13-03-2026 10:02:31 PM [] []
[2026-03-13 22:02:43] SlimMonoLogger.INFO: Cron ran at: 13-03-2026 10:02:43 PM [] []
[2026-03-13 22:02:43] SlimMonoLogger.INFO: Cron ran at: 13-03-2026 10:02:43 PM [] []
[2026-03-13 22:02:43] SlimMonoLogger.INFO: Cron ran at: 13-03-2026 10:02:43 PM [] []
[2026-03-13 22:02:45] SlimMonoLogger.INFO: Cron ran at: 13-03-2026 10:02:45 PM [] []
[2026-03-13 22:02:45] SlimMonoLogger.INFO: Cron ran at: 13-03-2026 10:02:45 PM [] []
[2026-03-13 22:02:45] SlimMonoLogger.INFO: Cron ran at: 13-03-2026 10:02:45 PM [] []
[2026-03-13 22:03:05] SlimMonoLogger.INFO: Cron ran at: 13-03-2026 10:03:05 PM [] []
[2026-03-13 22:03:06] SlimMonoLogger.INFO: Cron ran at: 13-03-2026 10:03:06 PM [] []
[2026-03-13 22:03:06] SlimMonoLogger.INFO: Cron ran at: 13-03-2026 10:03:06 PM [] []
[2026-03-13 22:03:16] SlimMonoLogger.INFO: Cron ran at: 13-03-2026 10:03:16 PM [] []
[2026-03-13 22:03:16] SlimMonoLogger.INFO: Cron ran at: 13-03-2026 10:03:16 PM [] []
[2026-03-13 22:03:34] SlimMonoLogger.INFO: Cron ran at: 13-03-2026 10:03:34 PM [] []
[2026-03-13 22:03:35] SlimMonoLogger.INFO: Cron ran at: 13-03-2026 10:03:35 PM [] []
[2026-03-13 22:03:35] SlimMonoLogger.INFO: Cron ran at: 13-03-2026 10:03:35 PM [] []
[2026-03-13 22:03:37] SlimMonoLogger.INFO: Cron ran at: 13-03-2026 10:03:37 PM [] []
[2026-03-13 22:03:44] SlimMonoLogger.INFO: Cron ran at: 13-03-2026 10:03:44 PM [] []
[2026-03-13 22:03:45] SlimMonoLogger.INFO: Cron ran at: 13-03-2026 10:03:45 PM [] []
[2026-03-13 22:03:55] SlimMonoLogger.INFO: Cron ran at: 13-03-2026 10:03:55 PM [] []
[2026-03-13 22:03:58] SlimMonoLogger.INFO: Cron ran at: 13-03-2026 10:03:58 PM [] []
[2026-03-13 22:04:08] SlimMonoLogger.INFO: Cron ran at: 13-03-2026 10:04:08 PM [] []
[2026-03-13 22:04:08] SlimMonoLogger.INFO: Cron ran at: 13-03-2026 10:04:08 PM [] []
[2026-03-13 22:04:09] SlimMonoLogger.INFO: Cron ran at: 13-03-2026 10:04:09 PM [] []
[2026-03-13 22:04:34] SlimMonoLogger.INFO: Cron ran at: 13-03-2026 10:04:34 PM [] []
[2026-03-13 22:04:35] SlimMonoLogger.INFO: Cron ran at: 13-03-2026 10:04:35 PM [] []
[2026-03-13 22:04:35] SlimMonoLogger.INFO: Cron ran at: 13-03-2026 10:04:35 PM [] []
[2026-03-13 22:04:37] SlimMonoLogger.INFO: Cron ran at: 13-03-2026 10:04:37 PM [] []
[2026-03-13 22:04:37] SlimMonoLogger.INFO: Cron ran at: 13-03-2026 10:04:37 PM [] []
[2026-03-13 22:04:51] SlimMonoLogger.INFO: Cron ran at: 13-03-2026 10:04:51 PM [] []
[2026-03-13 22:04:56] SlimMonoLogger.INFO: Cron ran at: 13-03-2026 10:04:56 PM [] []
[2026-03-13 22:04:56] SlimMonoLogger.INFO: Cron ran at: 13-03-2026 10:04:56 PM [] []
[2026-03-13 22:04:56] SlimMonoLogger.INFO: Cron ran at: 13-03-2026 10:04:56 PM [] []
[2026-03-13 22:05:11] SlimMonoLogger.INFO: Cron ran at: 13-03-2026 10:05:11 PM [] []
[2026-03-13 22:05:12] SlimMonoLogger.INFO: Cron ran at: 13-03-2026 10:05:12 PM [] []
[2026-03-13 22:05:26] SlimMonoLogger.INFO: Cron ran at: 13-03-2026 10:05:26 PM [] []
[2026-03-13 22:05:35] SlimMonoLogger.INFO: Cron ran at: 13-03-2026 10:05:35 PM [] []
[2026-03-13 22:05:35] SlimMonoLogger.INFO: Cron ran at: 13-03-2026 10:05:35 PM [] []
[2026-03-13 22:05:35] SlimMonoLogger.INFO: Cron ran at: 13-03-2026 10:05:35 PM [] []
[2026-03-13 22:05:45] SlimMonoLogger.INFO: Cron ran at: 13-03-2026 10:05:45 PM [] []
[2026-03-13 22:05:45] SlimMonoLogger.INFO: Cron ran at: 13-03-2026 10:05:45 PM [] []
[2026-03-13 22:05:50] SlimMonoLogger.INFO: Cron ran at: 13-03-2026 10:05:50 PM [] []
[2026-03-13 22:06:01] SlimMonoLogger.INFO: Cron ran at: 13-03-2026 10:06:01 PM [] []
[2026-03-13 22:06:01] SlimMonoLogger.INFO: Cron ran at: 13-03-2026 10:06:01 PM [] []
[2026-03-13 22:06:01] SlimMonoLogger.INFO: Cron ran at: 13-03-2026 10:06:01 PM [] []
[2026-03-13 22:06:20] SlimMonoLogger.ERROR: Requests_Exception: cURL error 28: Operation timed out after 500001 milliseconds with 15824 bytes received in /home/latihtal/public_html/agregator1/src/vendor/rmccue/requests/library/Requests/Transport/cURL.php:422
Stack trace:
#0 /home/latihtal/public_html/agregator1/src/vendor/rmccue/requests/library/Requests/Transport/cURL.php(177): Requests_Transport_cURL->process_response()
#1 /home/latihtal/public_html/agregator1/src/vendor/rmccue/requests/library/Requests.php(379): Requests_Transport_cURL->request()
#2 /home/latihtal/public_html/agregator1/src/vendor/rmccue/requests/library/Requests/Session.php(205): Requests::request()
#3 /home/latihtal/public_html/agregator1/src/vendor/rmccue/requests/library/Requests/Session.php(132): Requests_Session->request()
#4 /home/latihtal/public_html/agregator1/src/drivers/Http/RssImporter.php(144): Requests_Session->get()
#5 /home/latihtal/public_html/agregator1/src/controllers/Dashboard/DashboardFeedsController.php(534): spark\drivers\Http\RssImporter->fetchPosts()
#6 /home/latihtal/public_html/agregator1/src/controllers/Site/SiteController.php(722): spark\controllers\Dashboard\DashboardFeedsController::importFeedPosts()
#7 [internal function]: spark\controllers\Site\SiteController->runTasks()
#8 /home/latihtal/public_html/agregator1/src/framework/Route.php(173): call_user_func_array()
#9 [internal function]: Slim\Route->Slim\{closure}()
#10 /home/latihtal/public_html/agregator1/src/framework/Route.php(468): call_user_func_array()
#11 /home/latihtal/public_html/agregator1/src/framework/Slim.php(1364): Slim\Route->dispatch()
#12 /home/latihtal/public_html/agregator1/src/framework/Middleware/Flash.php(85): Slim\Slim->call()
#13 /home/latihtal/public_html/agregator1/src/framework/Middleware/MethodOverride.php(92): Slim\Middleware\Flash->call()
#14 /home/latihtal/public_html/agregator1/src/middlewares/CsrfGuard/CsrfGuard.php(47): Slim\Middleware\MethodOverride->call()
#15 /home/latihtal/public_html/agregator1/src/framework/Middleware/PrettyExceptions.php(67): spark\middlewares\CsrfGuard\CsrfGuard->call()
#16 /home/latihtal/public_html/agregator1/src/framework/Slim.php(1308): Slim\Middleware\PrettyExceptions->call()
#17 /home/latihtal/public_html/agregator1/index.php(6): Slim\Slim->run()
#18 {main} [] []
[2026-03-13 22:06:23] SlimMonoLogger.INFO: Cron ran at: 13-03-2026 10:06:23 PM [] []
[2026-03-13 22:06:23] SlimMonoLogger.INFO: Cron ran at: 13-03-2026 10:06:23 PM [] []
[2026-03-13 22:06:25] SlimMonoLogger.INFO: Cron ran at: 13-03-2026 10:06:25 PM [] []
[2026-03-13 22:06:30] SlimMonoLogger.INFO: Cron ran at: 13-03-2026 10:06:30 PM [] []
[2026-03-13 22:06:31] SlimMonoLogger.INFO: Cron ran at: 13-03-2026 10:06:31 PM [] []
[2026-03-13 22:06:39] SlimMonoLogger.INFO: Cron ran at: 13-03-2026 10:06:39 PM [] []
[2026-03-13 22:06:39] SlimMonoLogger.INFO: Cron ran at: 13-03-2026 10:06:39 PM [] []
[2026-03-13 22:06:51] SlimMonoLogger.INFO: Cron ran at: 13-03-2026 10:06:51 PM [] []
[2026-03-13 22:06:51] SlimMonoLogger.INFO: Cron ran at: 13-03-2026 10:06:51 PM [] []
[2026-03-13 22:06:52] SlimMonoLogger.INFO: Cron ran at: 13-03-2026 10:06:52 PM [] []
[2026-03-13 22:06:58] SlimMonoLogger.INFO: Cron ran at: 13-03-2026 10:06:58 PM [] []
[2026-03-13 22:06:58] SlimMonoLogger.INFO: Cron ran at: 13-03-2026 10:06:58 PM [] []
[2026-03-13 22:07:02] SlimMonoLogger.INFO: Cron ran at: 13-03-2026 10:07:02 PM [] []
[2026-03-13 22:07:11] SlimMonoLogger.INFO: Cron ran at: 13-03-2026 10:07:11 PM [] []
[2026-03-13 22:07:12] SlimMonoLogger.INFO: Cron ran at: 13-03-2026 10:07:12 PM [] []
[2026-03-13 22:07:18] SlimMonoLogger.INFO: Cron ran at: 13-03-2026 10:07:18 PM [] []
[2026-03-13 22:07:18] SlimMonoLogger.INFO: Cron ran at: 13-03-2026 10:07:18 PM [] []
[2026-03-13 22:07:35] SlimMonoLogger.INFO: Cron ran at: 13-03-2026 10:07:35 PM [] []
[2026-03-13 22:07:35] SlimMonoLogger.INFO: Cron ran at: 13-03-2026 10:07:35 PM [] []
[2026-03-13 22:07:36] SlimMonoLogger.INFO: Cron ran at: 13-03-2026 10:07:36 PM [] []
[2026-03-13 22:07:37] SlimMonoLogger.INFO: Cron ran at: 13-03-2026 10:07:37 PM [] []
[2026-03-13 22:07:39] SlimMonoLogger.INFO: Cron ran at: 13-03-2026 10:07:39 PM [] []
[2026-03-13 22:07:44] SlimMonoLogger.INFO: Cron ran at: 13-03-2026 10:07:44 PM [] []
[2026-03-13 22:07:47] SlimMonoLogger.INFO: Cron ran at: 13-03-2026 10:07:47 PM [] []
[2026-03-13 22:08:03] SlimMonoLogger.INFO: Cron ran at: 13-03-2026 10:08:03 PM [] []
[2026-03-13 22:08:03] SlimMonoLogger.INFO: Cron ran at: 13-03-2026 10:08:03 PM [] []
[2026-03-13 22:08:03] SlimMonoLogger.INFO: Cron ran at: 13-03-2026 10:08:03 PM [] []
[2026-03-13 22:08:11] SlimMonoLogger.INFO: Cron ran at: 13-03-2026 10:08:11 PM [] []
[2026-03-13 22:08:12] SlimMonoLogger.INFO: Cron ran at: 13-03-2026 10:08:12 PM [] []
[2026-03-13 22:08:29] SlimMonoLogger.INFO: Cron ran at: 13-03-2026 10:08:29 PM [] []
[2026-03-13 22:08:31] SlimMonoLogger.INFO: Cron ran at: 13-03-2026 10:08:31 PM [] []
[2026-03-13 22:08:34] SlimMonoLogger.INFO: Cron ran at: 13-03-2026 10:08:34 PM [] []
[2026-03-13 22:08:36] SlimMonoLogger.INFO: Cron ran at: 13-03-2026 10:08:36 PM [] []
[2026-03-13 22:08:37] SlimMonoLogger.INFO: Cron ran at: 13-03-2026 10:08:37 PM [] []
[2026-03-13 22:08:40] SlimMonoLogger.INFO: Cron ran at: 13-03-2026 10:08:40 PM [] []
[2026-03-13 22:08:50] SlimMonoLogger.INFO: Cron ran at: 13-03-2026 10:08:50 PM [] []
[2026-03-13 22:08:59] SlimMonoLogger.INFO: Cron ran at: 13-03-2026 10:08:59 PM [] []
[2026-03-13 22:09:03] SlimMonoLogger.INFO: Cron ran at: 13-03-2026 10:09:03 PM [] []
[2026-03-13 22:09:05] SlimMonoLogger.INFO: Cron ran at: 13-03-2026 10:09:05 PM [] []
[2026-03-13 22:09:06] SlimMonoLogger.INFO: Cron ran at: 13-03-2026 10:09:06 PM [] []
[2026-03-13 22:09:28] SlimMonoLogger.INFO: Cron ran at: 13-03-2026 10:09:28 PM [] []
[2026-03-13 22:09:28] SlimMonoLogger.INFO: Cron ran at: 13-03-2026 10:09:28 PM [] []
[2026-03-13 22:09:32] SlimMonoLogger.INFO: Cron ran at: 13-03-2026 10:09:32 PM [] []
[2026-03-13 22:09:35] SlimMonoLogger.INFO: Cron ran at: 13-03-2026 10:09:35 PM [] []
[2026-03-13 22:09:39] SlimMonoLogger.INFO: Cron ran at: 13-03-2026 10:09:39 PM [] []
[2026-03-13 22:09:41] SlimMonoLogger.INFO: Cron ran at: 13-03-2026 10:09:41 PM [] []
[2026-03-13 22:09:54] SlimMonoLogger.INFO: Cron ran at: 13-03-2026 10:09:54 PM [] []
[2026-03-13 22:09:54] SlimMonoLogger.INFO: Cron ran at: 13-03-2026 10:09:54 PM [] []
[2026-03-13 22:09:55] SlimMonoLogger.INFO: Cron ran at: 13-03-2026 10:09:55 PM [] []
[2026-03-13 22:10:02] SlimMonoLogger.INFO: Cron ran at: 13-03-2026 10:10:02 PM [] []
[2026-03-13 22:10:03] SlimMonoLogger.INFO: Cron ran at: 13-03-2026 10:10:03 PM [] []
[2026-03-13 22:10:16] SlimMonoLogger.INFO: Cron ran at: 13-03-2026 10:10:16 PM [] []
[2026-03-13 22:10:21] SlimMonoLogger.INFO: Cron ran at: 13-03-2026 10:10:21 PM [] []
[2026-03-13 22:10:31] SlimMonoLogger.INFO: Cron ran at: 13-03-2026 10:10:31 PM [] []
[2026-03-13 22:10:33] SlimMonoLogger.INFO: Cron ran at: 13-03-2026 10:10:33 PM [] []
[2026-03-13 22:10:37] SlimMonoLogger.INFO: Cron ran at: 13-03-2026 10:10:37 PM [] []
[2026-03-13 22:10:38] SlimMonoLogger.INFO: Cron ran at: 13-03-2026 10:10:38 PM [] []
[2026-03-13 22:10:51] SlimMonoLogger.INFO: Cron ran at: 13-03-2026 10:10:51 PM [] []
[2026-03-13 22:10:51] SlimMonoLogger.INFO: Cron ran at: 13-03-2026 10:10:51 PM [] []
[2026-03-13 22:10:55] SlimMonoLogger.INFO: Cron ran at: 13-03-2026 10:10:55 PM [] []
[2026-03-13 22:10:57] SlimMonoLogger.INFO: Cron ran at: 13-03-2026 10:10:57 PM [] []
[2026-03-13 22:11:15] SlimMonoLogger.INFO: Cron ran at: 13-03-2026 10:11:15 PM [] []
[2026-03-13 22:11:15] SlimMonoLogger.INFO: Cron ran at: 13-03-2026 10:11:15 PM [] []
[2026-03-13 22:11:17] SlimMonoLogger.INFO: Cron ran at: 13-03-2026 10:11:17 PM [] []
[2026-03-13 22:11:19] SlimMonoLogger.INFO: Cron ran at: 13-03-2026 10:11:19 PM [] []
[2026-03-13 22:11:29] SlimMonoLogger.INFO: Cron ran at: 13-03-2026 10:11:29 PM [] []
[2026-03-13 22:11:30] SlimMonoLogger.INFO: Cron ran at: 13-03-2026 10:11:30 PM [] []
[2026-03-13 22:11:51] SlimMonoLogger.INFO: Cron ran at: 13-03-2026 10:11:51 PM [] []
[2026-03-13 22:11:52] SlimMonoLogger.INFO: Cron ran at: 13-03-2026 10:11:52 PM [] []
[2026-03-13 22:11:53] SlimMonoLogger.INFO: Cron ran at: 13-03-2026 10:11:53 PM [] []
[2026-03-13 22:11:53] SlimMonoLogger.INFO: Cron ran at: 13-03-2026 10:11:53 PM [] []
[2026-03-13 22:11:53] SlimMonoLogger.INFO: Cron ran at: 13-03-2026 10:11:53 PM [] []
[2026-03-13 22:11:53] SlimMonoLogger.INFO: Cron ran at: 13-03-2026 10:11:53 PM [] []
[2026-03-13 22:12:02] SlimMonoLogger.INFO: Cron ran at: 13-03-2026 10:12:02 PM [] []
[2026-03-13 22:12:03] SlimMonoLogger.INFO: Cron ran at: 13-03-2026 10:12:03 PM [] []
[2026-03-13 22:12:13] SlimMonoLogger.INFO: Cron ran at: 13-03-2026 10:12:13 PM [] []
[2026-03-13 22:12:13] SlimMonoLogger.INFO: Cron ran at: 13-03-2026 10:12:13 PM [] []
[2026-03-13 22:12:20] SlimMonoLogger.INFO: Cron ran at: 13-03-2026 10:12:20 PM [] []
[2026-03-13 22:12:34] SlimMonoLogger.INFO: Cron ran at: 13-03-2026 10:12:34 PM [] []
[2026-03-13 22:12:34] SlimMonoLogger.INFO: Cron ran at: 13-03-2026 10:12:34 PM [] []
[2026-03-13 22:12:35] SlimMonoLogger.INFO: Cron ran at: 13-03-2026 10:12:35 PM [] []
[2026-03-13 22:12:37] SlimMonoLogger.INFO: Cron ran at: 13-03-2026 10:12:37 PM [] []
[2026-03-13 22:12:47] SlimMonoLogger.INFO: Cron ran at: 13-03-2026 10:12:47 PM [] []
[2026-03-13 22:12:49] SlimMonoLogger.INFO: Cron ran at: 13-03-2026 10:12:49 PM [] []
[2026-03-13 22:13:03] SlimMonoLogger.INFO: Cron ran at: 13-03-2026 10:13:03 PM [] []
[2026-03-13 22:13:04] SlimMonoLogger.INFO: Cron ran at: 13-03-2026 10:13:04 PM [] []
[2026-03-13 22:13:04] SlimMonoLogger.INFO: Cron ran at: 13-03-2026 10:13:04 PM [] []
[2026-03-13 22:13:06] SlimMonoLogger.INFO: Cron ran at: 13-03-2026 10:13:06 PM [] []
[2026-03-13 22:13:17] SlimMonoLogger.INFO: Cron ran at: 13-03-2026 10:13:17 PM [] []
[2026-03-13 22:13:22] SlimMonoLogger.INFO: Cron ran at: 13-03-2026 10:13:22 PM [] []
[2026-03-13 22:13:22] SlimMonoLogger.INFO: Cron ran at: 13-03-2026 10:13:22 PM [] []
[2026-03-13 22:13:28] SlimMonoLogger.INFO: Cron ran at: 13-03-2026 10:13:28 PM [] []
[2026-03-13 22:13:29] SlimMonoLogger.INFO: Cron ran at: 13-03-2026 10:13:29 PM [] []
[2026-03-13 22:13:33] SlimMonoLogger.INFO: Cron ran at: 13-03-2026 10:13:33 PM [] []
[2026-03-13 22:13:42] SlimMonoLogger.INFO: Cron ran at: 13-03-2026 10:13:42 PM [] []
[2026-03-13 22:13:44] SlimMonoLogger.INFO: Cron ran at: 13-03-2026 10:13:44 PM [] []
[2026-03-13 22:14:00] SlimMonoLogger.INFO: Cron ran at: 13-03-2026 10:14:00 PM [] []
[2026-03-13 22:14:00] SlimMonoLogger.INFO: Cron ran at: 13-03-2026 10:14:00 PM [] []
[2026-03-13 22:14:01] SlimMonoLogger.INFO: Cron ran at: 13-03-2026 10:14:01 PM [] []
[2026-03-13 22:14:05] SlimMonoLogger.INFO: Cron ran at: 13-03-2026 10:14:05 PM [] []
[2026-03-13 22:14:19] SlimMonoLogger.INFO: Cron ran at: 13-03-2026 10:14:19 PM [] []
[2026-03-13 22:14:20] SlimMonoLogger.INFO: Cron ran at: 13-03-2026 10:14:20 PM [] []
[2026-03-13 22:14:24] SlimMonoLogger.INFO: Cron ran at: 13-03-2026 10:14:24 PM [] []
[2026-03-13 22:14:28] SlimMonoLogger.INFO: Cron ran at: 13-03-2026 10:14:28 PM [] []
[2026-03-13 22:14:28] SlimMonoLogger.INFO: Cron ran at: 13-03-2026 10:14:28 PM [] []
[2026-03-13 22:14:44] SlimMonoLogger.INFO: Cron ran at: 13-03-2026 10:14:44 PM [] []
[2026-03-13 22:14:44] SlimMonoLogger.INFO: Cron ran at: 13-03-2026 10:14:44 PM [] []
[2026-03-13 22:14:56] SlimMonoLogger.INFO: Cron ran at: 13-03-2026 10:14:56 PM [] []
[2026-03-13 22:15:00] SlimMonoLogger.INFO: Cron ran at: 13-03-2026 10:15:00 PM [] []
[2026-03-13 22:15:00] SlimMonoLogger.INFO: Cron ran at: 13-03-2026 10:15:00 PM [] []
[2026-03-13 22:15:00] SlimMonoLogger.INFO: Cron ran at: 13-03-2026 10:15:00 PM [] []
[2026-03-13 22:15:15] SlimMonoLogger.INFO: Cron ran at: 13-03-2026 10:15:15 PM [] []
[2026-03-13 22:15:16] SlimMonoLogger.INFO: Cron ran at: 13-03-2026 10:15:16 PM [] []
[2026-03-13 22:15:28] SlimMonoLogger.INFO: Cron ran at: 13-03-2026 10:15:28 PM [] []
[2026-03-13 22:15:28] SlimMonoLogger.INFO: Cron ran at: 13-03-2026 10:15:28 PM [] []
[2026-03-13 22:15:46] SlimMonoLogger.INFO: Cron ran at: 13-03-2026 10:15:46 PM [] []
[2026-03-13 22:15:48] SlimMonoLogger.INFO: Cron ran at: 13-03-2026 10:15:48 PM [] []
[2026-03-13 22:15:48] SlimMonoLogger.INFO: Cron ran at: 13-03-2026 10:15:48 PM [] []
[2026-03-13 22:15:56] SlimMonoLogger.INFO: Cron ran at: 13-03-2026 10:15:56 PM [] []
[2026-03-13 22:16:00] SlimMonoLogger.INFO: Cron ran at: 13-03-2026 10:16:00 PM [] []
[2026-03-13 22:16:01] SlimMonoLogger.INFO: Cron ran at: 13-03-2026 10:16:01 PM [] []
[2026-03-13 22:16:16] SlimMonoLogger.INFO: Cron ran at: 13-03-2026 10:16:16 PM [] []
[2026-03-13 22:16:19] SlimMonoLogger.INFO: Cron ran at: 13-03-2026 10:16:19 PM [] []
[2026-03-13 22:16:19] SlimMonoLogger.INFO: Cron ran at: 13-03-2026 10:16:19 PM [] []
[2026-03-13 22:16:20] SlimMonoLogger.INFO: Cron ran at: 13-03-2026 10:16:20 PM [] []
[2026-03-13 22:16:37] SlimMonoLogger.INFO: Cron ran at: 13-03-2026 10:16:37 PM [] []
[2026-03-13 22:16:37] SlimMonoLogger.INFO: Cron ran at: 13-03-2026 10:16:37 PM [] []
[2026-03-13 22:16:38] SlimMonoLogger.INFO: Cron ran at: 13-03-2026 10:16:38 PM [] []
[2026-03-13 22:16:39] SlimMonoLogger.INFO: Cron ran at: 13-03-2026 10:16:39 PM [] []
[2026-03-13 22:16:42] SlimMonoLogger.INFO: Cron ran at: 13-03-2026 10:16:42 PM [] []
[2026-03-13 22:16:52] SlimMonoLogger.INFO: Cron ran at: 13-03-2026 10:16:52 PM [] []
[2026-03-13 22:16:52] SlimMonoLogger.INFO: Cron ran at: 13-03-2026 10:16:52 PM [] []
[2026-03-13 22:16:57] SlimMonoLogger.INFO: Cron ran at: 13-03-2026 10:16:57 PM [] []
[2026-03-13 22:17:14] SlimMonoLogger.INFO: Cron ran at: 13-03-2026 10:17:14 PM [] []
[2026-03-13 22:17:14] SlimMonoLogger.INFO: Cron ran at: 13-03-2026 10:17:14 PM [] []
[2026-03-13 22:17:14] SlimMonoLogger.INFO: Cron ran at: 13-03-2026 10:17:14 PM [] []
[2026-03-13 22:17:19] SlimMonoLogger.INFO: Cron ran at: 13-03-2026 10:17:19 PM [] []
[2026-03-13 22:17:32] SlimMonoLogger.INFO: Cron ran at: 13-03-2026 10:17:32 PM [] []
[2026-03-13 22:17:32] SlimMonoLogger.INFO: Cron ran at: 13-03-2026 10:17:32 PM [] []
[2026-03-13 22:17:34] SlimMonoLogger.INFO: Cron ran at: 13-03-2026 10:17:34 PM [] []
[2026-03-13 22:17:36] SlimMonoLogger.INFO: Cron ran at: 13-03-2026 10:17:36 PM [] []
[2026-03-13 22:17:39] SlimMonoLogger.INFO: Cron ran at: 13-03-2026 10:17:39 PM [] []
[2026-03-13 22:17:43] SlimMonoLogger.INFO: Cron ran at: 13-03-2026 10:17:43 PM [] []
[2026-03-13 22:17:51] SlimMonoLogger.INFO: Cron ran at: 13-03-2026 10:17:51 PM [] []
[2026-03-13 22:18:02] SlimMonoLogger.INFO: Cron ran at: 13-03-2026 10:18:02 PM [] []
[2026-03-13 22:18:03] SlimMonoLogger.INFO: Cron ran at: 13-03-2026 10:18:03 PM [] []
[2026-03-13 22:18:09] SlimMonoLogger.INFO: Cron ran at: 13-03-2026 10:18:09 PM [] []
[2026-03-13 22:18:09] SlimMonoLogger.INFO: Cron ran at: 13-03-2026 10:18:09 PM [] []
[2026-03-13 22:18:10] SlimMonoLogger.INFO: Cron ran at: 13-03-2026 10:18:10 PM [] []
[2026-03-13 22:18:29] SlimMonoLogger.INFO: Cron ran at: 13-03-2026 10:18:29 PM [] []
[2026-03-13 22:18:29] SlimMonoLogger.INFO: Cron ran at: 13-03-2026 10:18:29 PM [] []
[2026-03-13 22:18:29] SlimMonoLogger.INFO: Cron ran at: 13-03-2026 10:18:29 PM [] []
[2026-03-13 22:18:29] SlimMonoLogger.INFO: Cron ran at: 13-03-2026 10:18:29 PM [] []
[2026-03-13 22:18:37] SlimMonoLogger.INFO: Cron ran at: 13-03-2026 10:18:37 PM [] []
[2026-03-13 22:18:42] SlimMonoLogger.INFO: Cron ran at: 13-03-2026 10:18:42 PM [] []
[2026-03-13 22:18:48] SlimMonoLogger.INFO: Cron ran at: 13-03-2026 10:18:48 PM [] []
[2026-03-13 22:18:48] SlimMonoLogger.INFO: Cron ran at: 13-03-2026 10:18:48 PM [] []
[2026-03-13 22:18:59] SlimMonoLogger.INFO: Cron ran at: 13-03-2026 10:18:59 PM [] []
[2026-03-13 22:19:00] SlimMonoLogger.INFO: Cron ran at: 13-03-2026 10:19:00 PM [] []
[2026-03-13 22:19:10] SlimMonoLogger.INFO: Cron ran at: 13-03-2026 10:19:10 PM [] []
[2026-03-13 22:19:22] SlimMonoLogger.INFO: Cron ran at: 13-03-2026 10:19:22 PM [] []
[2026-03-13 22:19:31] SlimMonoLogger.INFO: Cron ran at: 13-03-2026 10:19:31 PM [] []
[2026-03-13 22:19:32] SlimMonoLogger.INFO: Cron ran at: 13-03-2026 10:19:32 PM [] []
[2026-03-13 22:19:32] SlimMonoLogger.INFO: Cron ran at: 13-03-2026 10:19:32 PM [] []
[2026-03-13 22:19:34] SlimMonoLogger.INFO: Cron ran at: 13-03-2026 10:19:34 PM [] []
[2026-03-13 22:19:46] SlimMonoLogger.INFO: Cron ran at: 13-03-2026 10:19:46 PM [] []
[2026-03-13 22:19:47] SlimMonoLogger.INFO: Cron ran at: 13-03-2026 10:19:47 PM [] []
[2026-03-13 22:19:51] SlimMonoLogger.INFO: Cron ran at: 13-03-2026 10:19:51 PM [] []
[2026-03-13 22:19:53] SlimMonoLogger.INFO: Cron ran at: 13-03-2026 10:19:53 PM [] []
[2026-03-13 22:20:10] SlimMonoLogger.INFO: Cron ran at: 13-03-2026 10:20:10 PM [] []
[2026-03-13 22:20:11] SlimMonoLogger.INFO: Cron ran at: 13-03-2026 10:20:11 PM [] []
[2026-03-13 22:20:34] SlimMonoLogger.INFO: Cron ran at: 13-03-2026 10:20:34 PM [] []
[2026-03-13 22:20:34] SlimMonoLogger.INFO: Cron ran at: 13-03-2026 10:20:34 PM [] []
[2026-03-13 22:20:41] SlimMonoLogger.INFO: Cron ran at: 13-03-2026 10:20:41 PM [] []
[2026-03-13 22:20:43] SlimMonoLogger.INFO: Cron ran at: 13-03-2026 10:20:43 PM [] []
[2026-03-13 22:21:14] SlimMonoLogger.ERROR: Requests_Exception: cURL error 52: Empty reply from server in /home/latihtal/public_html/agregator1/src/vendor/rmccue/requests/library/Requests/Transport/cURL.php:422
Stack trace:
#0 /home/latihtal/public_html/agregator1/src/vendor/rmccue/requests/library/Requests/Transport/cURL.php(177): Requests_Transport_cURL->process_response()
#1 /home/latihtal/public_html/agregator1/src/vendor/rmccue/requests/library/Requests.php(379): Requests_Transport_cURL->request()
#2 /home/latihtal/public_html/agregator1/src/vendor/rmccue/requests/library/Requests/Session.php(205): Requests::request()
#3 /home/latihtal/public_html/agregator1/src/vendor/rmccue/requests/library/Requests/Session.php(132): Requests_Session->request()
#4 /home/latihtal/public_html/agregator1/src/drivers/Http/RssImporter.php(144): Requests_Session->get()
#5 /home/latihtal/public_html/agregator1/src/controllers/Dashboard/DashboardFeedsController.php(534): spark\drivers\Http\RssImporter->fetchPosts()
#6 /home/latihtal/public_html/agregator1/src/controllers/Site/SiteController.php(722): spark\controllers\Dashboard\DashboardFeedsController::importFeedPosts()
#7 [internal function]: spark\controllers\Site\SiteController->runTasks()
#8 /home/latihtal/public_html/agregator1/src/framework/Route.php(173): call_user_func_array()
#9 [internal function]: Slim\Route->Slim\{closure}()
#10 /home/latihtal/public_html/agregator1/src/framework/Route.php(468): call_user_func_array()
#11 /home/latihtal/public_html/agregator1/src/framework/Slim.php(1364): Slim\Route->dispatch()
#12 /home/latihtal/public_html/agregator1/src/framework/Middleware/Flash.php(85): Slim\Slim->call()
#13 /home/latihtal/public_html/agregator1/src/framework/Middleware/MethodOverride.php(92): Slim\Middleware\Flash->call()
#14 /home/latihtal/public_html/agregator1/src/middlewares/CsrfGuard/CsrfGuard.php(47): Slim\Middleware\MethodOverride->call()
#15 /home/latihtal/public_html/agregator1/src/framework/Middleware/PrettyExceptions.php(67): spark\middlewares\CsrfGuard\CsrfGuard->call()
#16 /home/latihtal/public_html/agregator1/src/framework/Slim.php(1308): Slim\Middleware\PrettyExceptions->call()
#17 /home/latihtal/public_html/agregator1/index.php(6): Slim\Slim->run()
#18 {main} [] []
[2026-03-13 22:21:20] SlimMonoLogger.INFO: Cron ran at: 13-03-2026 10:21:20 PM [] []
[2026-03-13 22:21:36] SlimMonoLogger.INFO: Cron ran at: 13-03-2026 10:21:36 PM [] []
[2026-03-13 22:21:40] SlimMonoLogger.INFO: Cron ran at: 13-03-2026 10:21:40 PM [] []
[2026-03-13 22:21:58] SlimMonoLogger.INFO: Cron ran at: 13-03-2026 10:21:58 PM [] []
[2026-03-13 22:22:10] SlimMonoLogger.INFO: Cron ran at: 13-03-2026 10:22:10 PM [] []
[2026-03-13 22:22:10] SlimMonoLogger.INFO: Cron ran at: 13-03-2026 10:22:10 PM [] []
[2026-03-13 22:22:20] SlimMonoLogger.INFO: Cron ran at: 13-03-2026 10:22:20 PM [] []
[2026-03-13 22:22:23] SlimMonoLogger.INFO: Cron ran at: 13-03-2026 10:22:23 PM [] []
[2026-03-13 22:22:26] SlimMonoLogger.INFO: Cron ran at: 13-03-2026 10:22:26 PM [] []
[2026-03-13 22:22:35] SlimMonoLogger.INFO: Cron ran at: 13-03-2026 10:22:35 PM [] []
[2026-03-13 22:22:42] SlimMonoLogger.INFO: Cron ran at: 13-03-2026 10:22:42 PM [] []
[2026-03-13 22:22:42] SlimMonoLogger.INFO: Cron ran at: 13-03-2026 10:22:42 PM [] []
[2026-03-13 22:22:43] SlimMonoLogger.INFO: Cron ran at: 13-03-2026 10:22:43 PM [] []
[2026-03-13 22:22:46] SlimMonoLogger.INFO: Cron ran at: 13-03-2026 10:22:46 PM [] []
[2026-03-13 22:23:00] SlimMonoLogger.INFO: Cron ran at: 13-03-2026 10:23:00 PM [] []
[2026-03-13 22:23:00] SlimMonoLogger.INFO: Cron ran at: 13-03-2026 10:23:00 PM [] []
[2026-03-13 22:23:22] SlimMonoLogger.INFO: Cron ran at: 13-03-2026 10:23:22 PM [] []
[2026-03-13 22:23:35] SlimMonoLogger.INFO: Cron ran at: 13-03-2026 10:23:35 PM [] []
[2026-03-13 22:23:35] SlimMonoLogger.INFO: Cron ran at: 13-03-2026 10:23:35 PM [] []
[2026-03-13 22:23:43] SlimMonoLogger.INFO: Cron ran at: 13-03-2026 10:23:43 PM [] []
[2026-03-13 22:23:43] SlimMonoLogger.INFO: Cron ran at: 13-03-2026 10:23:43 PM [] []
[2026-03-13 22:23:43] SlimMonoLogger.INFO: Cron ran at: 13-03-2026 10:23:43 PM [] []
[2026-03-13 22:23:57] SlimMonoLogger.INFO: Cron ran at: 13-03-2026 10:23:57 PM [] []
[2026-03-13 22:24:02] SlimMonoLogger.INFO: Cron ran at: 13-03-2026 10:24:02 PM [] []
[2026-03-13 22:24:20] SlimMonoLogger.INFO: Cron ran at: 13-03-2026 10:24:20 PM [] []
[2026-03-13 22:24:21] SlimMonoLogger.INFO: Cron ran at: 13-03-2026 10:24:21 PM [] []
[2026-03-13 22:24:30] SlimMonoLogger.INFO: Cron ran at: 13-03-2026 10:24:30 PM [] []
[2026-03-13 22:24:34] SlimMonoLogger.INFO: Cron ran at: 13-03-2026 10:24:34 PM [] []
[2026-03-13 22:24:45] SlimMonoLogger.INFO: Cron ran at: 13-03-2026 10:24:45 PM [] []
[2026-03-13 22:24:45] SlimMonoLogger.INFO: Cron ran at: 13-03-2026 10:24:45 PM [] []
[2026-03-13 22:24:46] SlimMonoLogger.INFO: Cron ran at: 13-03-2026 10:24:46 PM [] []
[2026-03-13 22:25:19] SlimMonoLogger.INFO: Cron ran at: 13-03-2026 10:25:19 PM [] []
[2026-03-13 22:25:19] SlimMonoLogger.INFO: Cron ran at: 13-03-2026 10:25:19 PM [] []
[2026-03-13 22:25:34] SlimMonoLogger.INFO: Cron ran at: 13-03-2026 10:25:34 PM [] []
[2026-03-13 22:25:35] SlimMonoLogger.INFO: Cron ran at: 13-03-2026 10:25:35 PM [] []
[2026-03-13 22:25:45] SlimMonoLogger.INFO: Cron ran at: 13-03-2026 10:25:45 PM [] []
[2026-03-13 22:25:50] SlimMonoLogger.INFO: Cron ran at: 13-03-2026 10:25:50 PM [] []
[2026-03-13 22:26:03] SlimMonoLogger.INFO: Cron ran at: 13-03-2026 10:26:03 PM [] []
[2026-03-13 22:26:15] SlimMonoLogger.INFO: Cron ran at: 13-03-2026 10:26:15 PM [] []
[2026-03-13 22:26:17] SlimMonoLogger.INFO: Cron ran at: 13-03-2026 10:26:17 PM [] []
[2026-03-13 22:26:27] SlimMonoLogger.INFO: Cron ran at: 13-03-2026 10:26:27 PM [] []
[2026-03-13 22:26:29] SlimMonoLogger.INFO: Cron ran at: 13-03-2026 10:26:29 PM [] []
[2026-03-13 22:26:39] SlimMonoLogger.INFO: Cron ran at: 13-03-2026 10:26:39 PM [] []
[2026-03-13 22:26:40] SlimMonoLogger.INFO: Cron ran at: 13-03-2026 10:26:40 PM [] []
[2026-03-13 22:26:55] SlimMonoLogger.INFO: Cron ran at: 13-03-2026 10:26:55 PM [] []
[2026-03-13 22:27:04] SlimMonoLogger.INFO: Cron ran at: 13-03-2026 10:27:04 PM [] []
[2026-03-13 22:27:19] SlimMonoLogger.INFO: Cron ran at: 13-03-2026 10:27:19 PM [] []
[2026-03-13 22:27:19] SlimMonoLogger.INFO: Cron ran at: 13-03-2026 10:27:19 PM [] []
[2026-03-13 22:27:34] SlimMonoLogger.INFO: Cron ran at: 13-03-2026 10:27:34 PM [] []
[2026-03-13 22:27:34] SlimMonoLogger.INFO: Cron ran at: 13-03-2026 10:27:34 PM [] []
[2026-03-13 22:27:45] SlimMonoLogger.INFO: Cron ran at: 13-03-2026 10:27:45 PM [] []
[2026-03-13 22:27:59] SlimMonoLogger.INFO: Cron ran at: 13-03-2026 10:27:59 PM [] []
[2026-03-13 22:27:59] SlimMonoLogger.INFO: Cron ran at: 13-03-2026 10:27:59 PM [] []
[2026-03-13 22:28:02] SlimMonoLogger.INFO: Cron ran at: 13-03-2026 10:28:02 PM [] []
[2026-03-13 22:28:31] SlimMonoLogger.INFO: Cron ran at: 13-03-2026 10:28:31 PM [] []
[2026-03-13 22:28:38] SlimMonoLogger.INFO: Cron ran at: 13-03-2026 10:28:38 PM [] []
[2026-03-13 22:28:39] SlimMonoLogger.INFO: Cron ran at: 13-03-2026 10:28:39 PM [] []
[2026-03-13 22:28:40] SlimMonoLogger.ERROR: Requests_Exception: cURL error 28: Operation timed out after 500002 milliseconds with 0 bytes received in /home/latihtal/public_html/agregator1/src/vendor/rmccue/requests/library/Requests/Transport/cURL.php:422
Stack trace:
#0 /home/latihtal/public_html/agregator1/src/vendor/rmccue/requests/library/Requests/Transport/cURL.php(177): Requests_Transport_cURL->process_response()
#1 /home/latihtal/public_html/agregator1/src/vendor/rmccue/requests/library/Requests.php(379): Requests_Transport_cURL->request()
#2 /home/latihtal/public_html/agregator1/src/vendor/rmccue/requests/library/Requests/Session.php(205): Requests::request()
#3 /home/latihtal/public_html/agregator1/src/vendor/rmccue/requests/library/Requests/Session.php(132): Requests_Session->request()
#4 /home/latihtal/public_html/agregator1/src/drivers/Http/RssImporter.php(144): Requests_Session->get()
#5 /home/latihtal/public_html/agregator1/src/controllers/Dashboard/DashboardFeedsController.php(534): spark\drivers\Http\RssImporter->fetchPosts()
#6 /home/latihtal/public_html/agregator1/src/controllers/Site/SiteController.php(722): spark\controllers\Dashboard\DashboardFeedsController::importFeedPosts()
#7 [internal function]: spark\controllers\Site\SiteController->runTasks()
#8 /home/latihtal/public_html/agregator1/src/framework/Route.php(173): call_user_func_array()
#9 [internal function]: Slim\Route->Slim\{closure}()
#10 /home/latihtal/public_html/agregator1/src/framework/Route.php(468): call_user_func_array()
#11 /home/latihtal/public_html/agregator1/src/framework/Slim.php(1364): Slim\Route->dispatch()
#12 /home/latihtal/public_html/agregator1/src/framework/Middleware/Flash.php(85): Slim\Slim->call()
#13 /home/latihtal/public_html/agregator1/src/framework/Middleware/MethodOverride.php(92): Slim\Middleware\Flash->call()
#14 /home/latihtal/public_html/agregator1/src/middlewares/CsrfGuard/CsrfGuard.php(47): Slim\Middleware\MethodOverride->call()
#15 /home/latihtal/public_html/agregator1/src/framework/Middleware/PrettyExceptions.php(67): spark\middlewares\CsrfGuard\CsrfGuard->call()
#16 /home/latihtal/public_html/agregator1/src/framework/Slim.php(1308): Slim\Middleware\PrettyExceptions->call()
#17 /home/latihtal/public_html/agregator1/index.php(6): Slim\Slim->run()
#18 {main} [] []
[2026-03-13 22:28:43] SlimMonoLogger.ERROR: Requests_Exception: cURL error 28: Connection timed out after 500003 milliseconds in /home/latihtal/public_html/agregator1/src/vendor/rmccue/requests/library/Requests/Transport/cURL.php:422
Stack trace:
#0 /home/latihtal/public_html/agregator1/src/vendor/rmccue/requests/library/Requests/Transport/cURL.php(177): Requests_Transport_cURL->process_response()
#1 /home/latihtal/public_html/agregator1/src/vendor/rmccue/requests/library/Requests.php(379): Requests_Transport_cURL->request()
#2 /home/latihtal/public_html/agregator1/src/vendor/rmccue/requests/library/Requests/Session.php(205): Requests::request()
#3 /home/latihtal/public_html/agregator1/src/vendor/rmccue/requests/library/Requests/Session.php(132): Requests_Session->request()
#4 /home/latihtal/public_html/agregator1/src/drivers/Http/RssImporter.php(144): Requests_Session->get()
#5 /home/latihtal/public_html/agregator1/src/controllers/Dashboard/DashboardFeedsController.php(534): spark\drivers\Http\RssImporter->fetchPosts()
#6 /home/latihtal/public_html/agregator1/src/controllers/Site/SiteController.php(722): spark\controllers\Dashboard\DashboardFeedsController::importFeedPosts()
#7 [internal function]: spark\controllers\Site\SiteController->runTasks()
#8 /home/latihtal/public_html/agregator1/src/framework/Route.php(173): call_user_func_array()
#9 [internal function]: Slim\Route->Slim\{closure}()
#10 /home/latihtal/public_html/agregator1/src/framework/Route.php(468): call_user_func_array()
#11 /home/latihtal/public_html/agregator1/src/framework/Slim.php(1364): Slim\Route->dispatch()
#12 /home/latihtal/public_html/agregator1/src/framework/Middleware/Flash.php(85): Slim\Slim->call()
#13 /home/latihtal/public_html/agregator1/src/framework/Middleware/MethodOverride.php(92): Slim\Middleware\Flash->call()
#14 /home/latihtal/public_html/agregator1/src/middlewares/CsrfGuard/CsrfGuard.php(47): Slim\Middleware\MethodOverride->call()
#15 /home/latihtal/public_html/agregator1/src/framework/Middleware/PrettyExceptions.php(67): spark\middlewares\CsrfGuard\CsrfGuard->call()
#16 /home/latihtal/public_html/agregator1/src/framework/Slim.php(1308): Slim\Middleware\PrettyExceptions->call()
#17 /home/latihtal/public_html/agregator1/index.php(6): Slim\Slim->run()
#18 {main} [] []
[2026-03-13 22:28:49] SlimMonoLogger.ERROR: Requests_Exception: cURL error 28: Operation timed out after 500002 milliseconds with 0 bytes received in /home/latihtal/public_html/agregator1/src/vendor/rmccue/requests/library/Requests/Transport/cURL.php:422
Stack trace:
#0 /home/latihtal/public_html/agregator1/src/vendor/rmccue/requests/library/Requests/Transport/cURL.php(177): Requests_Transport_cURL->process_response()
#1 /home/latihtal/public_html/agregator1/src/vendor/rmccue/requests/library/Requests.php(379): Requests_Transport_cURL->request()
#2 /home/latihtal/public_html/agregator1/src/vendor/rmccue/requests/library/Requests/Session.php(205): Requests::request()
#3 /home/latihtal/public_html/agregator1/src/vendor/rmccue/requests/library/Requests/Session.php(132): Requests_Session->request()
#4 /home/latihtal/public_html/agregator1/src/drivers/Http/RssImporter.php(144): Requests_Session->get()
#5 /home/latihtal/public_html/agregator1/src/controllers/Dashboard/DashboardFeedsController.php(534): spark\drivers\Http\RssImporter->fetchPosts()
#6 /home/latihtal/public_html/agregator1/src/controllers/Site/SiteController.php(722): spark\controllers\Dashboard\DashboardFeedsController::importFeedPosts()
#7 [internal function]: spark\controllers\Site\SiteController->runTasks()
#8 /home/latihtal/public_html/agregator1/src/framework/Route.php(173): call_user_func_array()
#9 [internal function]: Slim\Route->Slim\{closure}()
#10 /home/latihtal/public_html/agregator1/src/framework/Route.php(468): call_user_func_array()
#11 /home/latihtal/public_html/agregator1/src/framework/Slim.php(1364): Slim\Route->dispatch()
#12 /home/latihtal/public_html/agregator1/src/framework/Middleware/Flash.php(85): Slim\Slim->call()
#13 /home/latihtal/public_html/agregator1/src/framework/Middleware/MethodOverride.php(92): Slim\Middleware\Flash->call()
#14 /home/latihtal/public_html/agregator1/src/middlewares/CsrfGuard/CsrfGuard.php(47): Slim\Middleware\MethodOverride->call()
#15 /home/latihtal/public_html/agregator1/src/framework/Middleware/PrettyExceptions.php(67): spark\middlewares\CsrfGuard\CsrfGuard->call()
#16 /home/latihtal/public_html/agregator1/src/framework/Slim.php(1308): Slim\Middleware\PrettyExceptions->call()
#17 /home/latihtal/public_html/agregator1/index.php(6): Slim\Slim->run()
#18 {main} [] []
[2026-03-13 22:28:52] SlimMonoLogger.ERROR: Requests_Exception: cURL error 28: Connection timed out after 500001 milliseconds in /home/latihtal/public_html/agregator1/src/vendor/rmccue/requests/library/Requests/Transport/cURL.php:422
Stack trace:
#0 /home/latihtal/public_html/agregator1/src/vendor/rmccue/requests/library/Requests/Transport/cURL.php(177): Requests_Transport_cURL->process_response()
#1 /home/latihtal/public_html/agregator1/src/vendor/rmccue/requests/library/Requests.php(379): Requests_Transport_cURL->request()
#2 /home/latihtal/public_html/agregator1/src/vendor/rmccue/requests/library/Requests/Session.php(205): Requests::request()
#3 /home/latihtal/public_html/agregator1/src/vendor/rmccue/requests/library/Requests/Session.php(132): Requests_Session->request()
#4 /home/latihtal/public_html/agregator1/src/drivers/Http/RssImporter.php(144): Requests_Session->get()
#5 /home/latihtal/public_html/agregator1/src/controllers/Dashboard/DashboardFeedsController.php(534): spark\drivers\Http\RssImporter->fetchPosts()
#6 /home/latihtal/public_html/agregator1/src/controllers/Site/SiteController.php(722): spark\controllers\Dashboard\DashboardFeedsController::importFeedPosts()
#7 [internal function]: spark\controllers\Site\SiteController->runTasks()
#8 /home/latihtal/public_html/agregator1/src/framework/Route.php(173): call_user_func_array()
#9 [internal function]: Slim\Route->Slim\{closure}()
#10 /home/latihtal/public_html/agregator1/src/framework/Route.php(468): call_user_func_array()
#11 /home/latihtal/public_html/agregator1/src/framework/Slim.php(1364): Slim\Route->dispatch()
#12 /home/latihtal/public_html/agregator1/src/framework/Middleware/Flash.php(85): Slim\Slim->call()
#13 /home/latihtal/public_html/agregator1/src/framework/Middleware/MethodOverride.php(92): Slim\Middleware\Flash->call()
#14 /home/latihtal/public_html/agregator1/src/middlewares/CsrfGuard/CsrfGuard.php(47): Slim\Middleware\MethodOverride->call()
#15 /home/latihtal/public_html/agregator1/src/framework/Middleware/PrettyExceptions.php(67): spark\middlewares\CsrfGuard\CsrfGuard->call()
#16 /home/latihtal/public_html/agregator1/src/framework/Slim.php(1308): Slim\Middleware\PrettyExceptions->call()
#17 /home/latihtal/public_html/agregator1/index.php(6): Slim\Slim->run()
#18 {main} [] []
[2026-03-13 22:28:55] SlimMonoLogger.ERROR: Requests_Exception: cURL error 28: Operation timed out after 500002 milliseconds with 35375 bytes received in /home/latihtal/public_html/agregator1/src/vendor/rmccue/requests/library/Requests/Transport/cURL.php:422
Stack trace:
#0 /home/latihtal/public_html/agregator1/src/vendor/rmccue/requests/library/Requests/Transport/cURL.php(177): Requests_Transport_cURL->process_response()
#1 /home/latihtal/public_html/agregator1/src/vendor/rmccue/requests/library/Requests.php(379): Requests_Transport_cURL->request()
#2 /home/latihtal/public_html/agregator1/src/vendor/rmccue/requests/library/Requests/Session.php(205): Requests::request()
#3 /home/latihtal/public_html/agregator1/src/vendor/rmccue/requests/library/Requests/Session.php(132): Requests_Session->request()
#4 /home/latihtal/public_html/agregator1/src/drivers/Http/RssImporter.php(144): Requests_Session->get()
#5 /home/latihtal/public_html/agregator1/src/controllers/Dashboard/DashboardFeedsController.php(534): spark\drivers\Http\RssImporter->fetchPosts()
#6 /home/latihtal/public_html/agregator1/src/controllers/Site/SiteController.php(722): spark\controllers\Dashboard\DashboardFeedsController::importFeedPosts()
#7 [internal function]: spark\controllers\Site\SiteController->runTasks()
#8 /home/latihtal/public_html/agregator1/src/framework/Route.php(173): call_user_func_array()
#9 [internal function]: Slim\Route->Slim\{closure}()
#10 /home/latihtal/public_html/agregator1/src/framework/Route.php(468): call_user_func_array()
#11 /home/latihtal/public_html/agregator1/src/framework/Slim.php(1364): Slim\Route->dispatch()
#12 /home/latihtal/public_html/agregator1/src/framework/Middleware/Flash.php(85): Slim\Slim->call()
#13 /home/latihtal/public_html/agregator1/src/framework/Middleware/MethodOverride.php(92): Slim\Middleware\Flash->call()
#14 /home/latihtal/public_html/agregator1/src/middlewares/CsrfGuard/CsrfGuard.php(47): Slim\Middleware\MethodOverride->call()
#15 /home/latihtal/public_html/agregator1/src/framework/Middleware/PrettyExceptions.php(67): spark\middlewares\CsrfGuard\CsrfGuard->call()
#16 /home/latihtal/public_html/agregator1/src/framework/Slim.php(1308): Slim\Middleware\PrettyExceptions->call()
#17 /home/latihtal/public_html/agregator1/index.php(6): Slim\Slim->run()
#18 {main} [] []
[2026-03-13 22:28:57] SlimMonoLogger.ERROR: Requests_Exception: cURL error 28: Connection timed out after 500001 milliseconds in /home/latihtal/public_html/agregator1/src/vendor/rmccue/requests/library/Requests/Transport/cURL.php:422
Stack trace:
#0 /home/latihtal/public_html/agregator1/src/vendor/rmccue/requests/library/Requests/Transport/cURL.php(177): Requests_Transport_cURL->process_response()
#1 /home/latihtal/public_html/agregator1/src/vendor/rmccue/requests/library/Requests.php(379): Requests_Transport_cURL->request()
#2 /home/latihtal/public_html/agregator1/src/vendor/rmccue/requests/library/Requests/Session.php(205): Requests::request()
#3 /home/latihtal/public_html/agregator1/src/vendor/rmccue/requests/library/Requests/Session.php(132): Requests_Session->request()
#4 /home/latihtal/public_html/agregator1/src/drivers/Http/RssImporter.php(144): Requests_Session->get()
#5 /home/latihtal/public_html/agregator1/src/controllers/Dashboard/DashboardFeedsController.php(534): spark\drivers\Http\RssImporter->fetchPosts()
#6 /home/latihtal/public_html/agregator1/src/controllers/Site/SiteController.php(722): spark\controllers\Dashboard\DashboardFeedsController::importFeedPosts()
#7 [internal function]: spark\controllers\Site\SiteController->runTasks()
#8 /home/latihtal/public_html/agregator1/src/framework/Route.php(173): call_user_func_array()
#9 [internal function]: Slim\Route->Slim\{closure}()
#10 /home/latihtal/public_html/agregator1/src/framework/Route.php(468): call_user_func_array()
#11 /home/latihtal/public_html/agregator1/src/framework/Slim.php(1364): Slim\Route->dispatch()
#12 /home/latihtal/public_html/agregator1/src/framework/Middleware/Flash.php(85): Slim\Slim->call()
#13 /home/latihtal/public_html/agregator1/src/framework/Middleware/MethodOverride.php(92): Slim\Middleware\Flash->call()
#14 /home/latihtal/public_html/agregator1/src/middlewares/CsrfGuard/CsrfGuard.php(47): Slim\Middleware\MethodOverride->call()
#15 /home/latihtal/public_html/agregator1/src/framework/Middleware/PrettyExceptions.php(67): spark\middlewares\CsrfGuard\CsrfGuard->call()
#16 /home/latihtal/public_html/agregator1/src/framework/Slim.php(1308): Slim\Middleware\PrettyExceptions->call()
#17 /home/latihtal/public_html/agregator1/index.php(6): Slim\Slim->run()
#18 {main} [] []
[2026-03-13 22:28:58] SlimMonoLogger.ERROR: Requests_Exception: cURL error 28: Connection timed out after 500002 milliseconds in /home/latihtal/public_html/agregator1/src/vendor/rmccue/requests/library/Requests/Transport/cURL.php:422
Stack trace:
#0 /home/latihtal/public_html/agregator1/src/vendor/rmccue/requests/library/Requests/Transport/cURL.php(177): Requests_Transport_cURL->process_response()
#1 /home/latihtal/public_html/agregator1/src/vendor/rmccue/requests/library/Requests.php(379): Requests_Transport_cURL->request()
#2 /home/latihtal/public_html/agregator1/src/vendor/rmccue/requests/library/Requests/Session.php(205): Requests::request()
#3 /home/latihtal/public_html/agregator1/src/vendor/rmccue/requests/library/Requests/Session.php(132): Requests_Session->request()
#4 /home/latihtal/public_html/agregator1/src/drivers/Http/RssImporter.php(144): Requests_Session->get()
#5 /home/latihtal/public_html/agregator1/src/controllers/Dashboard/DashboardFeedsController.php(534): spark\drivers\Http\RssImporter->fetchPosts()
#6 /home/latihtal/public_html/agregator1/src/controllers/Site/SiteController.php(722): spark\controllers\Dashboard\DashboardFeedsController::importFeedPosts()
#7 [internal function]: spark\controllers\Site\SiteController->runTasks()
#8 /home/latihtal/public_html/agregator1/src/framework/Route.php(173): call_user_func_array()
#9 [internal function]: Slim\Route->Slim\{closure}()
#10 /home/latihtal/public_html/agregator1/src/framework/Route.php(468): call_user_func_array()
#11 /home/latihtal/public_html/agregator1/src/framework/Slim.php(1364): Slim\Route->dispatch()
#12 /home/latihtal/public_html/agregator1/src/framework/Middleware/Flash.php(85): Slim\Slim->call()
#13 /home/latihtal/public_html/agregator1/src/framework/Middleware/MethodOverride.php(92): Slim\Middleware\Flash->call()
#14 /home/latihtal/public_html/agregator1/src/middlewares/CsrfGuard/CsrfGuard.php(47): Slim\Middleware\MethodOverride->call()
#15 /home/latihtal/public_html/agregator1/src/framework/Middleware/PrettyExceptions.php(67): spark\middlewares\CsrfGuard\CsrfGuard->call()
#16 /home/latihtal/public_html/agregator1/src/framework/Slim.php(1308): Slim\Middleware\PrettyExceptions->call()
#17 /home/latihtal/public_html/agregator1/index.php(6): Slim\Slim->run()
#18 {main} [] []
[2026-03-13 22:29:01] SlimMonoLogger.INFO: Cron ran at: 13-03-2026 10:29:01 PM [] []
[2026-03-13 22:29:03] SlimMonoLogger.INFO: Cron ran at: 13-03-2026 10:29:03 PM [] []
[2026-03-13 22:29:03] SlimMonoLogger.INFO: Cron ran at: 13-03-2026 10:29:03 PM [] []
[2026-03-13 22:29:04] SlimMonoLogger.INFO: Cron ran at: 13-03-2026 10:29:04 PM [] []
[2026-03-13 22:29:18] SlimMonoLogger.ERROR: Requests_Exception: cURL error 28: Operation timed out after 500005 milliseconds with 8838 bytes received in /home/latihtal/public_html/agregator1/src/vendor/rmccue/requests/library/Requests/Transport/cURL.php:422
Stack trace:
#0 /home/latihtal/public_html/agregator1/src/vendor/rmccue/requests/library/Requests/Transport/cURL.php(177): Requests_Transport_cURL->process_response()
#1 /home/latihtal/public_html/agregator1/src/vendor/rmccue/requests/library/Requests.php(379): Requests_Transport_cURL->request()
#2 /home/latihtal/public_html/agregator1/src/vendor/rmccue/requests/library/Requests/Session.php(205): Requests::request()
#3 /home/latihtal/public_html/agregator1/src/vendor/rmccue/requests/library/Requests/Session.php(132): Requests_Session->request()
#4 /home/latihtal/public_html/agregator1/src/drivers/Http/RssImporter.php(144): Requests_Session->get()
#5 /home/latihtal/public_html/agregator1/src/controllers/Dashboard/DashboardFeedsController.php(534): spark\drivers\Http\RssImporter->fetchPosts()
#6 /home/latihtal/public_html/agregator1/src/controllers/Site/SiteController.php(722): spark\controllers\Dashboard\DashboardFeedsController::importFeedPosts()
#7 [internal function]: spark\controllers\Site\SiteController->runTasks()
#8 /home/latihtal/public_html/agregator1/src/framework/Route.php(173): call_user_func_array()
#9 [internal function]: Slim\Route->Slim\{closure}()
#10 /home/latihtal/public_html/agregator1/src/framework/Route.php(468): call_user_func_array()
#11 /home/latihtal/public_html/agregator1/src/framework/Slim.php(1364): Slim\Route->dispatch()
#12 /home/latihtal/public_html/agregator1/src/framework/Middleware/Flash.php(85): Slim\Slim->call()
#13 /home/latihtal/public_html/agregator1/src/framework/Middleware/MethodOverride.php(92): Slim\Middleware\Flash->call()
#14 /home/latihtal/public_html/agregator1/src/middlewares/CsrfGuard/CsrfGuard.php(47): Slim\Middleware\MethodOverride->call()
#15 /home/latihtal/public_html/agregator1/src/framework/Middleware/PrettyExceptions.php(67): spark\middlewares\CsrfGuard\CsrfGuard->call()
#16 /home/latihtal/public_html/agregator1/src/framework/Slim.php(1308): Slim\Middleware\PrettyExceptions->call()
#17 /home/latihtal/public_html/agregator1/index.php(6): Slim\Slim->run()
#18 {main} [] []
[2026-03-13 22:29:21] SlimMonoLogger.ERROR: Requests_Exception: cURL error 28: Connection timed out after 500002 milliseconds in /home/latihtal/public_html/agregator1/src/vendor/rmccue/requests/library/Requests/Transport/cURL.php:422
Stack trace:
#0 /home/latihtal/public_html/agregator1/src/vendor/rmccue/requests/library/Requests/Transport/cURL.php(177): Requests_Transport_cURL->process_response()
#1 /home/latihtal/public_html/agregator1/src/vendor/rmccue/requests/library/Requests.php(379): Requests_Transport_cURL->request()
#2 /home/latihtal/public_html/agregator1/src/vendor/rmccue/requests/library/Requests/Session.php(205): Requests::request()
#3 /home/latihtal/public_html/agregator1/src/vendor/rmccue/requests/library/Requests/Session.php(132): Requests_Session->request()
#4 /home/latihtal/public_html/agregator1/src/drivers/Http/RssImporter.php(144): Requests_Session->get()
#5 /home/latihtal/public_html/agregator1/src/controllers/Dashboard/DashboardFeedsController.php(534): spark\drivers\Http\RssImporter->fetchPosts()
#6 /home/latihtal/public_html/agregator1/src/controllers/Site/SiteController.php(722): spark\controllers\Dashboard\DashboardFeedsController::importFeedPosts()
#7 [internal function]: spark\controllers\Site\SiteController->runTasks()
#8 /home/latihtal/public_html/agregator1/src/framework/Route.php(173): call_user_func_array()
#9 [internal function]: Slim\Route->Slim\{closure}()
#10 /home/latihtal/public_html/agregator1/src/framework/Route.php(468): call_user_func_array()
#11 /home/latihtal/public_html/agregator1/src/framework/Slim.php(1364): Slim\Route->dispatch()
#12 /home/latihtal/public_html/agregator1/src/framework/Middleware/Flash.php(85): Slim\Slim->call()
#13 /home/latihtal/public_html/agregator1/src/framework/Middleware/MethodOverride.php(92): Slim\Middleware\Flash->call()
#14 /home/latihtal/public_html/agregator1/src/middlewares/CsrfGuard/CsrfGuard.php(47): Slim\Middleware\MethodOverride->call()
#15 /home/latihtal/public_html/agregator1/src/framework/Middleware/PrettyExceptions.php(67): spark\middlewares\CsrfGuard\CsrfGuard->call()
#16 /home/latihtal/public_html/agregator1/src/framework/Slim.php(1308): Slim\Middleware\PrettyExceptions->call()
#17 /home/latihtal/public_html/agregator1/index.php(6): Slim\Slim->run()
#18 {main} [] []
[2026-03-13 22:29:24] SlimMonoLogger.ERROR: Requests_Exception: cURL error 28: Connection timed out after 500002 milliseconds in /home/latihtal/public_html/agregator1/src/vendor/rmccue/requests/library/Requests/Transport/cURL.php:422
Stack trace:
#0 /home/latihtal/public_html/agregator1/src/vendor/rmccue/requests/library/Requests/Transport/cURL.php(177): Requests_Transport_cURL->process_response()
#1 /home/latihtal/public_html/agregator1/src/vendor/rmccue/requests/library/Requests.php(379): Requests_Transport_cURL->request()
#2 /home/latihtal/public_html/agregator1/src/vendor/rmccue/requests/library/Requests/Session.php(205): Requests::request()
#3 /home/latihtal/public_html/agregator1/src/vendor/rmccue/requests/library/Requests/Session.php(132): Requests_Session->request()
#4 /home/latihtal/public_html/agregator1/src/drivers/Http/RssImporter.php(144): Requests_Session->get()
#5 /home/latihtal/public_html/agregator1/src/controllers/Dashboard/DashboardFeedsController.php(534): spark\drivers\Http\RssImporter->fetchPosts()
#6 /home/latihtal/public_html/agregator1/src/controllers/Site/SiteController.php(722): spark\controllers\Dashboard\DashboardFeedsController::importFeedPosts()
#7 [internal function]: spark\controllers\Site\SiteController->runTasks()
#8 /home/latihtal/public_html/agregator1/src/framework/Route.php(173): call_user_func_array()
#9 [internal function]: Slim\Route->Slim\{closure}()
#10 /home/latihtal/public_html/agregator1/src/framework/Route.php(468): call_user_func_array()
#11 /home/latihtal/public_html/agregator1/src/framework/Slim.php(1364): Slim\Route->dispatch()
#12 /home/latihtal/public_html/agregator1/src/framework/Middleware/Flash.php(85): Slim\Slim->call()
#13 /home/latihtal/public_html/agregator1/src/framework/Middleware/MethodOverride.php(92): Slim\Middleware\Flash->call()
#14 /home/latihtal/public_html/agregator1/src/middlewares/CsrfGuard/CsrfGuard.php(47): Slim\Middleware\MethodOverride->call()
#15 /home/latihtal/public_html/agregator1/src/framework/Middleware/PrettyExceptions.php(67): spark\middlewares\CsrfGuard\CsrfGuard->call()
#16 /home/latihtal/public_html/agregator1/src/framework/Slim.php(1308): Slim\Middleware\PrettyExceptions->call()
#17 /home/latihtal/public_html/agregator1/index.php(6): Slim\Slim->run()
#18 {main} [] []
[2026-03-13 22:29:26] SlimMonoLogger.INFO: Cron ran at: 13-03-2026 10:29:26 PM [] []
[2026-03-13 22:29:26] SlimMonoLogger.INFO: Cron ran at: 13-03-2026 10:29:26 PM [] []
[2026-03-13 22:29:29] SlimMonoLogger.ERROR: Requests_Exception: cURL error 28: Operation timed out after 500002 milliseconds with 18565 bytes received in /home/latihtal/public_html/agregator1/src/vendor/rmccue/requests/library/Requests/Transport/cURL.php:422
Stack trace:
#0 /home/latihtal/public_html/agregator1/src/vendor/rmccue/requests/library/Requests/Transport/cURL.php(177): Requests_Transport_cURL->process_response()
#1 /home/latihtal/public_html/agregator1/src/vendor/rmccue/requests/library/Requests.php(379): Requests_Transport_cURL->request()
#2 /home/latihtal/public_html/agregator1/src/vendor/rmccue/requests/library/Requests/Session.php(205): Requests::request()
#3 /home/latihtal/public_html/agregator1/src/vendor/rmccue/requests/library/Requests/Session.php(132): Requests_Session->request()
#4 /home/latihtal/public_html/agregator1/src/drivers/Http/RssImporter.php(144): Requests_Session->get()
#5 /home/latihtal/public_html/agregator1/src/controllers/Dashboard/DashboardFeedsController.php(534): spark\drivers\Http\RssImporter->fetchPosts()
#6 /home/latihtal/public_html/agregator1/src/controllers/Site/SiteController.php(722): spark\controllers\Dashboard\DashboardFeedsController::importFeedPosts()
#7 [internal function]: spark\controllers\Site\SiteController->runTasks()
#8 /home/latihtal/public_html/agregator1/src/framework/Route.php(173): call_user_func_array()
#9 [internal function]: Slim\Route->Slim\{closure}()
#10 /home/latihtal/public_html/agregator1/src/framework/Route.php(468): call_user_func_array()
#11 /home/latihtal/public_html/agregator1/src/framework/Slim.php(1364): Slim\Route->dispatch()
#12 /home/latihtal/public_html/agregator1/src/framework/Middleware/Flash.php(85): Slim\Slim->call()
#13 /home/latihtal/public_html/agregator1/src/framework/Middleware/MethodOverride.php(92): Slim\Middleware\Flash->call()
#14 /home/latihtal/public_html/agregator1/src/middlewares/CsrfGuard/CsrfGuard.php(47): Slim\Middleware\MethodOverride->call()
#15 /home/latihtal/public_html/agregator1/src/framework/Middleware/PrettyExceptions.php(67): spark\middlewares\CsrfGuard\CsrfGuard->call()
#16 /home/latihtal/public_html/agregator1/src/framework/Slim.php(1308): Slim\Middleware\PrettyExceptions->call()
#17 /home/latihtal/public_html/agregator1/index.php(6): Slim\Slim->run()
#18 {main} [] []
[2026-03-13 22:29:33] SlimMonoLogger.ERROR: Requests_Exception: cURL error 28: Connection timed out after 500001 milliseconds in /home/latihtal/public_html/agregator1/src/vendor/rmccue/requests/library/Requests/Transport/cURL.php:422
Stack trace:
#0 /home/latihtal/public_html/agregator1/src/vendor/rmccue/requests/library/Requests/Transport/cURL.php(177): Requests_Transport_cURL->process_response()
#1 /home/latihtal/public_html/agregator1/src/vendor/rmccue/requests/library/Requests.php(379): Requests_Transport_cURL->request()
#2 /home/latihtal/public_html/agregator1/src/vendor/rmccue/requests/library/Requests/Session.php(205): Requests::request()
#3 /home/latihtal/public_html/agregator1/src/vendor/rmccue/requests/library/Requests/Session.php(132): Requests_Session->request()
#4 /home/latihtal/public_html/agregator1/src/drivers/Http/RssImporter.php(144): Requests_Session->get()
#5 /home/latihtal/public_html/agregator1/src/controllers/Dashboard/DashboardFeedsController.php(534): spark\drivers\Http\RssImporter->fetchPosts()
#6 /home/latihtal/public_html/agregator1/src/controllers/Site/SiteController.php(722): spark\controllers\Dashboard\DashboardFeedsController::importFeedPosts()
#7 [internal function]: spark\controllers\Site\SiteController->runTasks()
#8 /home/latihtal/public_html/agregator1/src/framework/Route.php(173): call_user_func_array()
#9 [internal function]: Slim\Route->Slim\{closure}()
#10 /home/latihtal/public_html/agregator1/src/framework/Route.php(468): call_user_func_array()
#11 /home/latihtal/public_html/agregator1/src/framework/Slim.php(1364): Slim\Route->dispatch()
#12 /home/latihtal/public_html/agregator1/src/framework/Middleware/Flash.php(85): Slim\Slim->call()
#13 /home/latihtal/public_html/agregator1/src/framework/Middleware/MethodOverride.php(92): Slim\Middleware\Flash->call()
#14 /home/latihtal/public_html/agregator1/src/middlewares/CsrfGuard/CsrfGuard.php(47): Slim\Middleware\MethodOverride->call()
#15 /home/latihtal/public_html/agregator1/src/framework/Middleware/PrettyExceptions.php(67): spark\middlewares\CsrfGuard\CsrfGuard->call()
#16 /home/latihtal/public_html/agregator1/src/framework/Slim.php(1308): Slim\Middleware\PrettyExceptions->call()
#17 /home/latihtal/public_html/agregator1/index.php(6): Slim\Slim->run()
#18 {main} [] []
[2026-03-13 22:29:33] SlimMonoLogger.INFO: Cron ran at: 13-03-2026 10:29:33 PM [] []
[2026-03-13 22:29:38] SlimMonoLogger.INFO: Cron ran at: 13-03-2026 10:29:38 PM [] []
[2026-03-13 22:29:39] SlimMonoLogger.ERROR: Requests_Exception: cURL error 28: Operation timed out after 500002 milliseconds with 42160 bytes received in /home/latihtal/public_html/agregator1/src/vendor/rmccue/requests/library/Requests/Transport/cURL.php:422
Stack trace:
#0 /home/latihtal/public_html/agregator1/src/vendor/rmccue/requests/library/Requests/Transport/cURL.php(177): Requests_Transport_cURL->process_response()
#1 /home/latihtal/public_html/agregator1/src/vendor/rmccue/requests/library/Requests.php(379): Requests_Transport_cURL->request()
#2 /home/latihtal/public_html/agregator1/src/vendor/rmccue/requests/library/Requests/Session.php(205): Requests::request()
#3 /home/latihtal/public_html/agregator1/src/vendor/rmccue/requests/library/Requests/Session.php(132): Requests_Session->request()
#4 /home/latihtal/public_html/agregator1/src/drivers/Http/RssImporter.php(144): Requests_Session->get()
#5 /home/latihtal/public_html/agregator1/src/controllers/Dashboard/DashboardFeedsController.php(534): spark\drivers\Http\RssImporter->fetchPosts()
#6 /home/latihtal/public_html/agregator1/src/controllers/Site/SiteController.php(722): spark\controllers\Dashboard\DashboardFeedsController::importFeedPosts()
#7 [internal function]: spark\controllers\Site\SiteController->runTasks()
#8 /home/latihtal/public_html/agregator1/src/framework/Route.php(173): call_user_func_array()
#9 [internal function]: Slim\Route->Slim\{closure}()
#10 /home/latihtal/public_html/agregator1/src/framework/Route.php(468): call_user_func_array()
#11 /home/latihtal/public_html/agregator1/src/framework/Slim.php(1364): Slim\Route->dispatch()
#12 /home/latihtal/public_html/agregator1/src/framework/Middleware/Flash.php(85): Slim\Slim->call()
#13 /home/latihtal/public_html/agregator1/src/framework/Middleware/MethodOverride.php(92): Slim\Middleware\Flash->call()
#14 /home/latihtal/public_html/agregator1/src/middlewares/CsrfGuard/CsrfGuard.php(47): Slim\Middleware\MethodOverride->call()
#15 /home/latihtal/public_html/agregator1/src/framework/Middleware/PrettyExceptions.php(67): spark\middlewares\CsrfGuard\CsrfGuard->call()
#16 /home/latihtal/public_html/agregator1/src/framework/Slim.php(1308): Slim\Middleware\PrettyExceptions->call()
#17 /home/latihtal/public_html/agregator1/index.php(6): Slim\Slim->run()
#18 {main} [] []
[2026-03-13 22:29:39] SlimMonoLogger.INFO: Cron ran at: 13-03-2026 10:29:39 PM [] []
[2026-03-13 22:29:40] SlimMonoLogger.INFO: Cron ran at: 13-03-2026 10:29:40 PM [] []
[2026-03-13 22:29:41] SlimMonoLogger.INFO: Cron ran at: 13-03-2026 10:29:41 PM [] []
[2026-03-13 22:30:02] SlimMonoLogger.INFO: Cron ran at: 13-03-2026 10:30:02 PM [] []
[2026-03-13 22:30:03] SlimMonoLogger.INFO: Cron ran at: 13-03-2026 10:30:03 PM [] []
[2026-03-13 22:30:03] SlimMonoLogger.INFO: Cron ran at: 13-03-2026 10:30:03 PM [] []
[2026-03-13 22:30:03] SlimMonoLogger.INFO: Cron ran at: 13-03-2026 10:30:03 PM [] []
[2026-03-13 22:30:03] SlimMonoLogger.INFO: Cron ran at: 13-03-2026 10:30:03 PM [] []
[2026-03-13 22:30:05] SlimMonoLogger.INFO: Cron ran at: 13-03-2026 10:30:05 PM [] []
[2026-03-13 22:30:06] SlimMonoLogger.INFO: Cron ran at: 13-03-2026 10:30:06 PM [] []
[2026-03-13 22:30:12] SlimMonoLogger.INFO: Cron ran at: 13-03-2026 10:30:12 PM [] []
[2026-03-13 22:30:12] SlimMonoLogger.INFO: Cron ran at: 13-03-2026 10:30:12 PM [] []
[2026-03-13 22:30:12] SlimMonoLogger.INFO: Cron ran at: 13-03-2026 10:30:12 PM [] []
[2026-03-13 22:30:17] SlimMonoLogger.INFO: Cron ran at: 13-03-2026 10:30:17 PM [] []
[2026-03-13 22:30:18] SlimMonoLogger.INFO: Cron ran at: 13-03-2026 10:30:18 PM [] []
[2026-03-13 22:30:28] SlimMonoLogger.INFO: Cron ran at: 13-03-2026 10:30:28 PM [] []
[2026-03-13 22:30:29] SlimMonoLogger.INFO: Cron ran at: 13-03-2026 10:30:29 PM [] []
[2026-03-13 22:30:38] SlimMonoLogger.INFO: Cron ran at: 13-03-2026 10:30:38 PM [] []
[2026-03-13 22:30:43] SlimMonoLogger.INFO: Cron ran at: 13-03-2026 10:30:43 PM [] []
[2026-03-13 22:30:45] SlimMonoLogger.INFO: Cron ran at: 13-03-2026 10:30:45 PM [] []
[2026-03-13 22:30:46] SlimMonoLogger.INFO: Cron ran at: 13-03-2026 10:30:46 PM [] []
[2026-03-13 22:31:01] SlimMonoLogger.INFO: Cron ran at: 13-03-2026 10:31:01 PM [] []
[2026-03-13 22:31:01] SlimMonoLogger.INFO: Cron ran at: 13-03-2026 10:31:01 PM [] []
[2026-03-13 22:31:19] SlimMonoLogger.INFO: Cron ran at: 13-03-2026 10:31:19 PM [] []
[2026-03-13 22:31:20] SlimMonoLogger.INFO: Cron ran at: 13-03-2026 10:31:20 PM [] []
[2026-03-13 22:31:38] SlimMonoLogger.INFO: Cron ran at: 13-03-2026 10:31:38 PM [] []
[2026-03-13 22:31:45] SlimMonoLogger.INFO: Cron ran at: 13-03-2026 10:31:45 PM [] []
[2026-03-13 22:31:48] SlimMonoLogger.INFO: Cron ran at: 13-03-2026 10:31:48 PM [] []
[2026-03-13 22:31:52] SlimMonoLogger.INFO: Cron ran at: 13-03-2026 10:31:52 PM [] []
[2026-03-13 22:32:03] SlimMonoLogger.INFO: Cron ran at: 13-03-2026 10:32:03 PM [] []
[2026-03-13 22:32:04] SlimMonoLogger.INFO: Cron ran at: 13-03-2026 10:32:04 PM [] []
[2026-03-13 22:32:16] SlimMonoLogger.INFO: Cron ran at: 13-03-2026 10:32:16 PM [] []
[2026-03-13 22:32:19] SlimMonoLogger.INFO: Cron ran at: 13-03-2026 10:32:19 PM [] []
[2026-03-13 22:32:22] SlimMonoLogger.INFO: Cron ran at: 13-03-2026 10:32:22 PM [] []
[2026-03-13 22:32:45] SlimMonoLogger.INFO: Cron ran at: 13-03-2026 10:32:45 PM [] []
[2026-03-13 22:32:55] SlimMonoLogger.INFO: Cron ran at: 13-03-2026 10:32:55 PM [] []
[2026-03-13 22:32:56] SlimMonoLogger.INFO: Cron ran at: 13-03-2026 10:32:56 PM [] []
[2026-03-13 22:32:58] SlimMonoLogger.INFO: Cron ran at: 13-03-2026 10:32:58 PM [] []
[2026-03-13 22:33:06] SlimMonoLogger.INFO: Cron ran at: 13-03-2026 10:33:06 PM [] []
[2026-03-13 22:33:17] SlimMonoLogger.INFO: Cron ran at: 13-03-2026 10:33:17 PM [] []
[2026-03-13 22:33:17] SlimMonoLogger.INFO: Cron ran at: 13-03-2026 10:33:17 PM [] []
[2026-03-13 22:33:20] SlimMonoLogger.INFO: Cron ran at: 13-03-2026 10:33:20 PM [] []
[2026-03-13 22:33:45] SlimMonoLogger.INFO: Cron ran at: 13-03-2026 10:33:45 PM [] []
[2026-03-13 22:33:49] SlimMonoLogger.INFO: Cron ran at: 13-03-2026 10:33:49 PM [] []
[2026-03-13 22:33:49] SlimMonoLogger.INFO: Cron ran at: 13-03-2026 10:33:49 PM [] []
[2026-03-13 22:34:15] SlimMonoLogger.INFO: Cron ran at: 13-03-2026 10:34:15 PM [] []
[2026-03-13 22:34:18] SlimMonoLogger.INFO: Cron ran at: 13-03-2026 10:34:18 PM [] []
[2026-03-13 22:34:19] SlimMonoLogger.INFO: Cron ran at: 13-03-2026 10:34:19 PM [] []
[2026-03-13 22:34:27] SlimMonoLogger.INFO: Cron ran at: 13-03-2026 10:34:27 PM [] []
[2026-03-13 22:34:48] SlimMonoLogger.INFO: Cron ran at: 13-03-2026 10:34:48 PM [] []
[2026-03-13 22:34:49] SlimMonoLogger.INFO: Cron ran at: 13-03-2026 10:34:49 PM [] []
[2026-03-13 22:34:50] SlimMonoLogger.INFO: Cron ran at: 13-03-2026 10:34:50 PM [] []
[2026-03-13 22:35:12] SlimMonoLogger.INFO: Cron ran at: 13-03-2026 10:35:12 PM [] []
[2026-03-13 22:35:14] SlimMonoLogger.INFO: Cron ran at: 13-03-2026 10:35:14 PM [] []
[2026-03-13 22:35:20] SlimMonoLogger.INFO: Cron ran at: 13-03-2026 10:35:20 PM [] []
[2026-03-13 22:35:21] SlimMonoLogger.INFO: Cron ran at: 13-03-2026 10:35:21 PM [] []
[2026-03-13 22:35:45] SlimMonoLogger.INFO: Cron ran at: 13-03-2026 10:35:45 PM [] []
[2026-03-13 22:35:57] SlimMonoLogger.INFO: Cron ran at: 13-03-2026 10:35:57 PM [] []
[2026-03-13 22:36:05] SlimMonoLogger.INFO: Cron ran at: 13-03-2026 10:36:05 PM [] []
[2026-03-13 22:36:21] SlimMonoLogger.INFO: Cron ran at: 13-03-2026 10:36:21 PM [] []
[2026-03-13 22:36:21] SlimMonoLogger.INFO: Cron ran at: 13-03-2026 10:36:21 PM [] []
[2026-03-13 22:36:21] SlimMonoLogger.INFO: Cron ran at: 13-03-2026 10:36:21 PM [] []
[2026-03-13 22:36:23] SlimMonoLogger.INFO: Cron ran at: 13-03-2026 10:36:23 PM [] []
[2026-03-13 22:36:29] SlimMonoLogger.INFO: Cron ran at: 13-03-2026 10:36:29 PM [] []
[2026-03-13 22:36:52] SlimMonoLogger.INFO: Cron ran at: 13-03-2026 10:36:52 PM [] []
[2026-03-13 22:36:59] SlimMonoLogger.INFO: Cron ran at: 13-03-2026 10:36:59 PM [] []
[2026-03-13 22:37:00] SlimMonoLogger.INFO: Cron ran at: 13-03-2026 10:37:00 PM [] []
[2026-03-13 22:37:14] SlimMonoLogger.INFO: Cron ran at: 13-03-2026 10:37:14 PM [] []
[2026-03-13 22:37:19] SlimMonoLogger.INFO: Cron ran at: 13-03-2026 10:37:19 PM [] []
[2026-03-13 22:37:20] SlimMonoLogger.INFO: Cron ran at: 13-03-2026 10:37:20 PM [] []
[2026-03-13 22:37:21] SlimMonoLogger.INFO: Cron ran at: 13-03-2026 10:37:21 PM [] []
[2026-03-13 22:37:28] SlimMonoLogger.INFO: Cron ran at: 13-03-2026 10:37:28 PM [] []
[2026-03-13 22:37:54] SlimMonoLogger.INFO: Cron ran at: 13-03-2026 10:37:54 PM [] []
[2026-03-13 22:37:54] SlimMonoLogger.INFO: Cron ran at: 13-03-2026 10:37:54 PM [] []
[2026-03-13 22:38:02] SlimMonoLogger.INFO: Cron ran at: 13-03-2026 10:38:02 PM [] []
[2026-03-13 22:38:06] SlimMonoLogger.INFO: Cron ran at: 13-03-2026 10:38:06 PM [] []
[2026-03-13 22:38:22] SlimMonoLogger.INFO: Cron ran at: 13-03-2026 10:38:22 PM [] []
[2026-03-13 22:38:24] SlimMonoLogger.INFO: Cron ran at: 13-03-2026 10:38:24 PM [] []
[2026-03-13 22:38:24] SlimMonoLogger.INFO: Cron ran at: 13-03-2026 10:38:24 PM [] []
[2026-03-13 22:38:32] SlimMonoLogger.INFO: Cron ran at: 13-03-2026 10:38:32 PM [] []
[2026-03-13 22:39:00] SlimMonoLogger.INFO: Cron ran at: 13-03-2026 10:39:00 PM [] []
[2026-03-13 22:39:06] SlimMonoLogger.INFO: Cron ran at: 13-03-2026 10:39:06 PM [] []
[2026-03-13 22:39:15] SlimMonoLogger.INFO: Cron ran at: 13-03-2026 10:39:15 PM [] []
[2026-03-13 22:39:21] SlimMonoLogger.INFO: Cron ran at: 13-03-2026 10:39:21 PM [] []
[2026-03-13 22:39:23] SlimMonoLogger.INFO: Cron ran at: 13-03-2026 10:39:23 PM [] []
[2026-03-13 22:39:23] SlimMonoLogger.INFO: Cron ran at: 13-03-2026 10:39:23 PM [] []
[2026-03-13 22:39:37] SlimMonoLogger.INFO: Cron ran at: 13-03-2026 10:39:37 PM [] []
[2026-03-13 22:39:51] SlimMonoLogger.INFO: Cron ran at: 13-03-2026 10:39:51 PM [] []
[2026-03-13 22:40:07] SlimMonoLogger.INFO: Cron ran at: 13-03-2026 10:40:07 PM [] []
[2026-03-13 22:40:09] SlimMonoLogger.INFO: Cron ran at: 13-03-2026 10:40:09 PM [] []
[2026-03-13 22:40:26] SlimMonoLogger.INFO: Cron ran at: 13-03-2026 10:40:26 PM [] []
[2026-03-13 22:40:26] SlimMonoLogger.INFO: Cron ran at: 13-03-2026 10:40:26 PM [] []
[2026-03-13 22:40:27] SlimMonoLogger.INFO: Cron ran at: 13-03-2026 10:40:27 PM [] []
[2026-03-13 22:40:31] SlimMonoLogger.INFO: Cron ran at: 13-03-2026 10:40:31 PM [] []
[2026-03-13 22:41:06] SlimMonoLogger.INFO: Cron ran at: 13-03-2026 10:41:06 PM [] []
[2026-03-13 22:41:06] SlimMonoLogger.INFO: Cron ran at: 13-03-2026 10:41:06 PM [] []
[2026-03-13 22:41:10] SlimMonoLogger.INFO: Cron ran at: 13-03-2026 10:41:10 PM [] []
[2026-03-13 22:41:12] SlimMonoLogger.INFO: Cron ran at: 13-03-2026 10:41:12 PM [] []
[2026-03-13 22:41:26] SlimMonoLogger.INFO: Cron ran at: 13-03-2026 10:41:26 PM [] []
[2026-03-13 22:41:27] SlimMonoLogger.INFO: Cron ran at: 13-03-2026 10:41:27 PM [] []
[2026-03-13 22:41:32] SlimMonoLogger.INFO: Cron ran at: 13-03-2026 10:41:32 PM [] []
[2026-03-13 22:41:33] SlimMonoLogger.INFO: Cron ran at: 13-03-2026 10:41:33 PM [] []
[2026-03-13 22:42:03] SlimMonoLogger.INFO: Cron ran at: 13-03-2026 10:42:03 PM [] []
[2026-03-13 22:42:15] SlimMonoLogger.INFO: Cron ran at: 13-03-2026 10:42:15 PM [] []
[2026-03-13 22:42:15] SlimMonoLogger.INFO: Cron ran at: 13-03-2026 10:42:15 PM [] []
[2026-03-13 22:42:16] SlimMonoLogger.INFO: Cron ran at: 13-03-2026 10:42:16 PM [] []
[2026-03-13 22:42:24] SlimMonoLogger.INFO: Cron ran at: 13-03-2026 10:42:24 PM [] []
[2026-03-13 22:42:32] SlimMonoLogger.INFO: Cron ran at: 13-03-2026 10:42:32 PM [] []
[2026-03-13 22:42:33] SlimMonoLogger.INFO: Cron ran at: 13-03-2026 10:42:33 PM [] []
[2026-03-13 22:42:43] SlimMonoLogger.INFO: Cron ran at: 13-03-2026 10:42:43 PM [] []
[2026-03-13 22:43:07] SlimMonoLogger.INFO: Cron ran at: 13-03-2026 10:43:07 PM [] []
[2026-03-13 22:43:11] SlimMonoLogger.INFO: Cron ran at: 13-03-2026 10:43:11 PM [] []
[2026-03-13 22:43:12] SlimMonoLogger.INFO: Cron ran at: 13-03-2026 10:43:12 PM [] []
[2026-03-13 22:43:13] SlimMonoLogger.INFO: Cron ran at: 13-03-2026 10:43:13 PM [] []
[2026-03-13 22:43:31] SlimMonoLogger.INFO: Cron ran at: 13-03-2026 10:43:31 PM [] []
[2026-03-13 22:43:31] SlimMonoLogger.INFO: Cron ran at: 13-03-2026 10:43:31 PM [] []
[2026-03-13 22:43:42] SlimMonoLogger.INFO: Cron ran at: 13-03-2026 10:43:42 PM [] []
[2026-03-13 22:43:43] SlimMonoLogger.INFO: Cron ran at: 13-03-2026 10:43:43 PM [] []
[2026-03-13 22:44:21] SlimMonoLogger.INFO: Cron ran at: 13-03-2026 10:44:21 PM [] []
[2026-03-13 22:44:22] SlimMonoLogger.INFO: Cron ran at: 13-03-2026 10:44:22 PM [] []
[2026-03-13 22:44:23] SlimMonoLogger.INFO: Cron ran at: 13-03-2026 10:44:23 PM [] []
[2026-03-13 22:44:23] SlimMonoLogger.INFO: Cron ran at: 13-03-2026 10:44:23 PM [] []
[2026-03-13 22:44:35] SlimMonoLogger.INFO: Cron ran at: 13-03-2026 10:44:35 PM [] []
[2026-03-13 22:44:39] SlimMonoLogger.INFO: Cron ran at: 13-03-2026 10:44:39 PM [] []
[2026-03-13 22:44:43] SlimMonoLogger.INFO: Cron ran at: 13-03-2026 10:44:43 PM [] []
[2026-03-13 22:44:46] SlimMonoLogger.INFO: Cron ran at: 13-03-2026 10:44:46 PM [] []
[2026-03-13 22:45:19] SlimMonoLogger.INFO: Cron ran at: 13-03-2026 10:45:19 PM [] []
[2026-03-13 22:45:19] SlimMonoLogger.INFO: Cron ran at: 13-03-2026 10:45:19 PM [] []
[2026-03-13 22:45:26] SlimMonoLogger.INFO: Cron ran at: 13-03-2026 10:45:26 PM [] []
[2026-03-13 22:45:30] SlimMonoLogger.INFO: Cron ran at: 13-03-2026 10:45:30 PM [] []
[2026-03-13 22:45:32] SlimMonoLogger.INFO: Cron ran at: 13-03-2026 10:45:32 PM [] []
[2026-03-13 22:45:42] SlimMonoLogger.INFO: Cron ran at: 13-03-2026 10:45:42 PM [] []
[2026-03-13 22:45:48] SlimMonoLogger.INFO: Cron ran at: 13-03-2026 10:45:48 PM [] []
[2026-03-13 22:45:51] SlimMonoLogger.INFO: Cron ran at: 13-03-2026 10:45:51 PM [] []
[2026-03-13 22:46:22] SlimMonoLogger.INFO: Cron ran at: 13-03-2026 10:46:22 PM [] []
[2026-03-13 22:46:23] SlimMonoLogger.INFO: Cron ran at: 13-03-2026 10:46:23 PM [] []
[2026-03-13 22:46:23] SlimMonoLogger.INFO: Cron ran at: 13-03-2026 10:46:23 PM [] []
[2026-03-13 22:46:26] SlimMonoLogger.INFO: Cron ran at: 13-03-2026 10:46:26 PM [] []
[2026-03-13 22:46:34] SlimMonoLogger.INFO: Cron ran at: 13-03-2026 10:46:34 PM [] []
[2026-03-13 22:46:37] SlimMonoLogger.INFO: Cron ran at: 13-03-2026 10:46:37 PM [] []
[2026-03-13 22:46:39] SlimMonoLogger.INFO: Cron ran at: 13-03-2026 10:46:39 PM [] []
[2026-03-13 22:46:56] SlimMonoLogger.INFO: Cron ran at: 13-03-2026 10:46:56 PM [] []
[2026-03-13 22:47:10] SlimMonoLogger.INFO: Cron ran at: 13-03-2026 10:47:10 PM [] []
[2026-03-13 22:47:24] SlimMonoLogger.INFO: Cron ran at: 13-03-2026 10:47:24 PM [] []
[2026-03-13 22:47:24] SlimMonoLogger.INFO: Cron ran at: 13-03-2026 10:47:24 PM [] []
[2026-03-13 22:47:26] SlimMonoLogger.INFO: Cron ran at: 13-03-2026 10:47:26 PM [] []
[2026-03-13 22:47:29] SlimMonoLogger.INFO: Cron ran at: 13-03-2026 10:47:29 PM [] []
[2026-03-13 22:47:30] SlimMonoLogger.INFO: Cron ran at: 13-03-2026 10:47:30 PM [] []
[2026-03-13 22:47:41] SlimMonoLogger.INFO: Cron ran at: 13-03-2026 10:47:41 PM [] []
[2026-03-13 22:47:52] SlimMonoLogger.INFO: Cron ran at: 13-03-2026 10:47:52 PM [] []
[2026-03-13 22:48:01] SlimMonoLogger.INFO: Cron ran at: 13-03-2026 10:48:01 PM [] []
[2026-03-13 22:48:01] SlimMonoLogger.INFO: Cron ran at: 13-03-2026 10:48:01 PM [] []
[2026-03-13 22:48:23] SlimMonoLogger.INFO: Cron ran at: 13-03-2026 10:48:23 PM [] []
[2026-03-13 22:48:25] SlimMonoLogger.INFO: Cron ran at: 13-03-2026 10:48:25 PM [] []
[2026-03-13 22:48:26] SlimMonoLogger.INFO: Cron ran at: 13-03-2026 10:48:26 PM [] []
[2026-03-13 22:48:28] SlimMonoLogger.INFO: Cron ran at: 13-03-2026 10:48:28 PM [] []
[2026-03-13 22:48:45] SlimMonoLogger.INFO: Cron ran at: 13-03-2026 10:48:45 PM [] []
[2026-03-13 22:48:50] SlimMonoLogger.INFO: Cron ran at: 13-03-2026 10:48:50 PM [] []
[2026-03-13 22:48:52] SlimMonoLogger.INFO: Cron ran at: 13-03-2026 10:48:52 PM [] []
[2026-03-13 22:48:58] SlimMonoLogger.INFO: Cron ran at: 13-03-2026 10:48:58 PM [] []
[2026-03-13 22:48:59] SlimMonoLogger.INFO: Cron ran at: 13-03-2026 10:48:59 PM [] []
[2026-03-13 22:49:14] SlimMonoLogger.INFO: Cron ran at: 13-03-2026 10:49:14 PM [] []
[2026-03-13 22:49:20] SlimMonoLogger.INFO: Cron ran at: 13-03-2026 10:49:20 PM [] []
[2026-03-13 22:49:27] SlimMonoLogger.INFO: Cron ran at: 13-03-2026 10:49:27 PM [] []
[2026-03-13 22:49:35] SlimMonoLogger.INFO: Cron ran at: 13-03-2026 10:49:35 PM [] []
[2026-03-13 22:49:41] SlimMonoLogger.INFO: Cron ran at: 13-03-2026 10:49:41 PM [] []
[2026-03-13 22:49:42] SlimMonoLogger.INFO: Cron ran at: 13-03-2026 10:49:42 PM [] []
[2026-03-13 22:49:43] SlimMonoLogger.INFO: Cron ran at: 13-03-2026 10:49:43 PM [] []
[2026-03-13 22:50:08] SlimMonoLogger.INFO: Cron ran at: 13-03-2026 10:50:08 PM [] []
[2026-03-13 22:50:09] SlimMonoLogger.INFO: Cron ran at: 13-03-2026 10:50:09 PM [] []
[2026-03-13 22:50:19] SlimMonoLogger.INFO: Cron ran at: 13-03-2026 10:50:19 PM [] []
[2026-03-13 22:50:24] SlimMonoLogger.INFO: Cron ran at: 13-03-2026 10:50:24 PM [] []
[2026-03-13 22:50:28] SlimMonoLogger.INFO: Cron ran at: 13-03-2026 10:50:28 PM [] []
[2026-03-13 22:50:38] SlimMonoLogger.INFO: Cron ran at: 13-03-2026 10:50:38 PM [] []
[2026-03-13 22:50:46] SlimMonoLogger.INFO: Cron ran at: 13-03-2026 10:50:46 PM [] []
[2026-03-13 22:50:46] SlimMonoLogger.INFO: Cron ran at: 13-03-2026 10:50:46 PM [] []
[2026-03-13 22:51:02] SlimMonoLogger.INFO: Cron ran at: 13-03-2026 10:51:02 PM [] []
[2026-03-13 22:51:08] SlimMonoLogger.INFO: Cron ran at: 13-03-2026 10:51:08 PM [] []
[2026-03-13 22:51:19] SlimMonoLogger.INFO: Cron ran at: 13-03-2026 10:51:19 PM [] []
[2026-03-13 22:51:19] SlimMonoLogger.INFO: Cron ran at: 13-03-2026 10:51:19 PM [] []
[2026-03-13 22:51:23] SlimMonoLogger.INFO: Cron ran at: 13-03-2026 10:51:23 PM [] []
[2026-03-13 22:51:28] SlimMonoLogger.INFO: Cron ran at: 13-03-2026 10:51:28 PM [] []
[2026-03-13 22:51:37] SlimMonoLogger.INFO: Cron ran at: 13-03-2026 10:51:37 PM [] []
[2026-03-13 22:51:50] SlimMonoLogger.INFO: Cron ran at: 13-03-2026 10:51:50 PM [] []
[2026-03-13 22:51:54] SlimMonoLogger.INFO: Cron ran at: 13-03-2026 10:51:54 PM [] []
[2026-03-13 22:51:55] SlimMonoLogger.INFO: Cron ran at: 13-03-2026 10:51:55 PM [] []
[2026-03-13 22:51:56] SlimMonoLogger.INFO: Cron ran at: 13-03-2026 10:51:56 PM [] []
[2026-03-13 22:52:09] SlimMonoLogger.INFO: Cron ran at: 13-03-2026 10:52:09 PM [] []
[2026-03-13 22:52:10] SlimMonoLogger.INFO: Cron ran at: 13-03-2026 10:52:10 PM [] []
[2026-03-13 22:52:22] SlimMonoLogger.INFO: Cron ran at: 13-03-2026 10:52:22 PM [] []
[2026-03-13 22:52:26] SlimMonoLogger.INFO: Cron ran at: 13-03-2026 10:52:26 PM [] []
[2026-03-13 22:52:28] SlimMonoLogger.INFO: Cron ran at: 13-03-2026 10:52:28 PM [] []
[2026-03-13 22:52:44] SlimMonoLogger.INFO: Cron ran at: 13-03-2026 10:52:44 PM [] []
[2026-03-13 22:52:47] SlimMonoLogger.INFO: Cron ran at: 13-03-2026 10:52:47 PM [] []
[2026-03-13 22:53:03] SlimMonoLogger.INFO: Cron ran at: 13-03-2026 10:53:03 PM [] []
[2026-03-13 22:53:03] SlimMonoLogger.INFO: Cron ran at: 13-03-2026 10:53:03 PM [] []
[2026-03-13 22:53:04] SlimMonoLogger.INFO: Cron ran at: 13-03-2026 10:53:04 PM [] []
[2026-03-13 22:53:23] SlimMonoLogger.INFO: Cron ran at: 13-03-2026 10:53:23 PM [] []
[2026-03-13 22:53:33] SlimMonoLogger.INFO: Cron ran at: 13-03-2026 10:53:33 PM [] []
[2026-03-13 22:53:34] SlimMonoLogger.INFO: Cron ran at: 13-03-2026 10:53:34 PM [] []
[2026-03-13 22:53:34] SlimMonoLogger.INFO: Cron ran at: 13-03-2026 10:53:34 PM [] []
[2026-03-13 22:53:36] SlimMonoLogger.INFO: Cron ran at: 13-03-2026 10:53:36 PM [] []
[2026-03-13 22:53:39] SlimMonoLogger.INFO: Cron ran at: 13-03-2026 10:53:39 PM [] []
[2026-03-13 22:54:23] SlimMonoLogger.INFO: Cron ran at: 13-03-2026 10:54:23 PM [] []
[2026-03-13 22:54:23] SlimMonoLogger.INFO: Cron ran at: 13-03-2026 10:54:23 PM [] []
[2026-03-13 22:54:27] SlimMonoLogger.INFO: Cron ran at: 13-03-2026 10:54:27 PM [] []
[2026-03-13 22:54:29] SlimMonoLogger.INFO: Cron ran at: 13-03-2026 10:54:29 PM [] []
[2026-03-13 22:54:30] SlimMonoLogger.INFO: Cron ran at: 13-03-2026 10:54:30 PM [] []
[2026-03-13 22:54:38] SlimMonoLogger.INFO: Cron ran at: 13-03-2026 10:54:38 PM [] []
[2026-03-13 22:54:40] SlimMonoLogger.INFO: Cron ran at: 13-03-2026 10:54:40 PM [] []
[2026-03-13 22:54:45] SlimMonoLogger.INFO: Cron ran at: 13-03-2026 10:54:45 PM [] []
[2026-03-13 22:54:46] SlimMonoLogger.INFO: Cron ran at: 13-03-2026 10:54:46 PM [] []
[2026-03-13 22:54:55] SlimMonoLogger.INFO: Cron ran at: 13-03-2026 10:54:55 PM [] []
[2026-03-13 22:55:03] SlimMonoLogger.INFO: Cron ran at: 13-03-2026 10:55:03 PM [] []
[2026-03-13 22:55:04] SlimMonoLogger.INFO: Cron ran at: 13-03-2026 10:55:04 PM [] []
[2026-03-13 22:55:05] SlimMonoLogger.INFO: Cron ran at: 13-03-2026 10:55:05 PM [] []
[2026-03-13 22:55:22] SlimMonoLogger.INFO: Cron ran at: 13-03-2026 10:55:22 PM [] []
[2026-03-13 22:55:22] SlimMonoLogger.INFO: Cron ran at: 13-03-2026 10:55:22 PM [] []
[2026-03-13 22:55:30] SlimMonoLogger.INFO: Cron ran at: 13-03-2026 10:55:30 PM [] []
[2026-03-13 22:55:30] SlimMonoLogger.INFO: Cron ran at: 13-03-2026 10:55:30 PM [] []
[2026-03-13 22:55:57] SlimMonoLogger.INFO: Cron ran at: 13-03-2026 10:55:57 PM [] []
[2026-03-13 22:55:58] SlimMonoLogger.INFO: Cron ran at: 13-03-2026 10:55:58 PM [] []
[2026-03-13 22:56:02] SlimMonoLogger.INFO: Cron ran at: 13-03-2026 10:56:02 PM [] []
[2026-03-13 22:56:09] SlimMonoLogger.INFO: Cron ran at: 13-03-2026 10:56:09 PM [] []
[2026-03-13 22:56:13] SlimMonoLogger.INFO: Cron ran at: 13-03-2026 10:56:13 PM [] []
[2026-03-13 22:56:14] SlimMonoLogger.INFO: Cron ran at: 13-03-2026 10:56:14 PM [] []
[2026-03-13 22:56:29] SlimMonoLogger.INFO: Cron ran at: 13-03-2026 10:56:29 PM [] []
[2026-03-13 22:56:30] SlimMonoLogger.INFO: Cron ran at: 13-03-2026 10:56:30 PM [] []
[2026-03-13 22:56:43] SlimMonoLogger.INFO: Cron ran at: 13-03-2026 10:56:43 PM [] []
[2026-03-13 22:56:43] SlimMonoLogger.INFO: Cron ran at: 13-03-2026 10:56:43 PM [] []
[2026-03-13 22:56:44] SlimMonoLogger.INFO: Cron ran at: 13-03-2026 10:56:44 PM [] []
[2026-03-13 22:56:50] SlimMonoLogger.INFO: Cron ran at: 13-03-2026 10:56:50 PM [] []
[2026-03-13 22:56:55] SlimMonoLogger.INFO: Cron ran at: 13-03-2026 10:56:55 PM [] []
[2026-03-13 22:56:58] SlimMonoLogger.INFO: Cron ran at: 13-03-2026 10:56:58 PM [] []
[2026-03-13 22:56:58] SlimMonoLogger.INFO: Cron ran at: 13-03-2026 10:56:58 PM [] []
[2026-03-13 22:56:59] SlimMonoLogger.INFO: Cron ran at: 13-03-2026 10:56:59 PM [] []
[2026-03-13 22:57:13] SlimMonoLogger.INFO: Cron ran at: 13-03-2026 10:57:13 PM [] []
[2026-03-13 22:57:14] SlimMonoLogger.INFO: Cron ran at: 13-03-2026 10:57:14 PM [] []
[2026-03-13 22:57:24] SlimMonoLogger.INFO: Cron ran at: 13-03-2026 10:57:24 PM [] []
[2026-03-13 22:57:25] SlimMonoLogger.INFO: Cron ran at: 13-03-2026 10:57:25 PM [] []
[2026-03-13 22:57:25] SlimMonoLogger.INFO: Cron ran at: 13-03-2026 10:57:25 PM [] []
[2026-03-13 22:57:36] SlimMonoLogger.INFO: Cron ran at: 13-03-2026 10:57:36 PM [] []
[2026-03-13 22:57:37] SlimMonoLogger.INFO: Cron ran at: 13-03-2026 10:57:37 PM [] []
[2026-03-13 22:57:46] SlimMonoLogger.INFO: Cron ran at: 13-03-2026 10:57:46 PM [] []
[2026-03-13 22:57:58] SlimMonoLogger.INFO: Cron ran at: 13-03-2026 10:57:58 PM [] []
[2026-03-13 22:57:59] SlimMonoLogger.INFO: Cron ran at: 13-03-2026 10:57:59 PM [] []
[2026-03-13 22:58:14] SlimMonoLogger.INFO: Cron ran at: 13-03-2026 10:58:14 PM [] []
[2026-03-13 22:58:14] SlimMonoLogger.INFO: Cron ran at: 13-03-2026 10:58:14 PM [] []
[2026-03-13 22:58:14] SlimMonoLogger.INFO: Cron ran at: 13-03-2026 10:58:14 PM [] []
[2026-03-13 22:58:20] SlimMonoLogger.INFO: Cron ran at: 13-03-2026 10:58:20 PM [] []
[2026-03-13 22:58:27] SlimMonoLogger.INFO: Cron ran at: 13-03-2026 10:58:27 PM [] []
[2026-03-13 22:58:28] SlimMonoLogger.INFO: Cron ran at: 13-03-2026 10:58:28 PM [] []
[2026-03-13 22:58:32] SlimMonoLogger.INFO: Cron ran at: 13-03-2026 10:58:32 PM [] []
[2026-03-13 22:58:32] SlimMonoLogger.INFO: Cron ran at: 13-03-2026 10:58:32 PM [] []
[2026-03-13 22:58:45] SlimMonoLogger.INFO: Cron ran at: 13-03-2026 10:58:45 PM [] []
[2026-03-13 22:59:04] SlimMonoLogger.INFO: Cron ran at: 13-03-2026 10:59:04 PM [] []
[2026-03-13 22:59:15] SlimMonoLogger.INFO: Cron ran at: 13-03-2026 10:59:15 PM [] []
[2026-03-13 22:59:15] SlimMonoLogger.INFO: Cron ran at: 13-03-2026 10:59:15 PM [] []
[2026-03-13 22:59:15] SlimMonoLogger.INFO: Cron ran at: 13-03-2026 10:59:15 PM [] []
[2026-03-13 22:59:15] SlimMonoLogger.INFO: Cron ran at: 13-03-2026 10:59:15 PM [] []
[2026-03-13 22:59:19] SlimMonoLogger.INFO: Cron ran at: 13-03-2026 10:59:19 PM [] []
[2026-03-13 22:59:34] SlimMonoLogger.INFO: Cron ran at: 13-03-2026 10:59:34 PM [] []
[2026-03-13 22:59:34] SlimMonoLogger.INFO: Cron ran at: 13-03-2026 10:59:34 PM [] []
[2026-03-13 22:59:42] SlimMonoLogger.INFO: Cron ran at: 13-03-2026 10:59:42 PM [] []
[2026-03-13 22:59:44] SlimMonoLogger.INFO: Cron ran at: 13-03-2026 10:59:44 PM [] []
[2026-03-13 22:59:44] SlimMonoLogger.INFO: Cron ran at: 13-03-2026 10:59:44 PM [] []
[2026-03-13 23:00:11] SlimMonoLogger.INFO: Cron ran at: 13-03-2026 11:00:11 PM [] []
[2026-03-13 23:00:12] SlimMonoLogger.INFO: Cron ran at: 13-03-2026 11:00:12 PM [] []
[2026-03-13 23:00:12] SlimMonoLogger.INFO: Cron ran at: 13-03-2026 11:00:12 PM [] []
[2026-03-13 23:00:13] SlimMonoLogger.INFO: Cron ran at: 13-03-2026 11:00:13 PM [] []
[2026-03-13 23:00:37] SlimMonoLogger.INFO: Cron ran at: 13-03-2026 11:00:37 PM [] []
[2026-03-13 23:00:37] SlimMonoLogger.INFO: Cron ran at: 13-03-2026 11:00:37 PM [] []
[2026-03-13 23:00:38] SlimMonoLogger.INFO: Cron ran at: 13-03-2026 11:00:38 PM [] []
[2026-03-13 23:00:39] SlimMonoLogger.INFO: Cron ran at: 13-03-2026 11:00:39 PM [] []
[2026-03-13 23:00:39] SlimMonoLogger.INFO: Cron ran at: 13-03-2026 11:00:39 PM [] []
[2026-03-13 23:00:40] SlimMonoLogger.INFO: Cron ran at: 13-03-2026 11:00:40 PM [] []
[2026-03-13 23:00:59] SlimMonoLogger.INFO: Cron ran at: 13-03-2026 11:00:59 PM [] []
[2026-03-13 23:01:17] SlimMonoLogger.INFO: Cron ran at: 13-03-2026 11:01:17 PM [] []
[2026-03-13 23:01:17] SlimMonoLogger.INFO: Cron ran at: 13-03-2026 11:01:17 PM [] []
[2026-03-13 23:01:21] SlimMonoLogger.INFO: Cron ran at: 13-03-2026 11:01:21 PM [] []
[2026-03-13 23:01:21] SlimMonoLogger.INFO: Cron ran at: 13-03-2026 11:01:21 PM [] []
[2026-03-13 23:01:22] SlimMonoLogger.ERROR: Requests_Exception: cURL error 28: Operation timed out after 500005 milliseconds with 16043 out of 59842 bytes received in /home/latihtal/public_html/agregator1/src/vendor/rmccue/requests/library/Requests/Transport/cURL.php:422
Stack trace:
#0 /home/latihtal/public_html/agregator1/src/vendor/rmccue/requests/library/Requests/Transport/cURL.php(177): Requests_Transport_cURL->process_response()
#1 /home/latihtal/public_html/agregator1/src/vendor/rmccue/requests/library/Requests.php(379): Requests_Transport_cURL->request()
#2 /home/latihtal/public_html/agregator1/src/vendor/rmccue/requests/library/Requests/Session.php(205): Requests::request()
#3 /home/latihtal/public_html/agregator1/src/vendor/rmccue/requests/library/Requests/Session.php(132): Requests_Session->request()
#4 /home/latihtal/public_html/agregator1/src/drivers/Http/RssImporter.php(144): Requests_Session->get()
#5 /home/latihtal/public_html/agregator1/src/controllers/Dashboard/DashboardFeedsController.php(534): spark\drivers\Http\RssImporter->fetchPosts()
#6 /home/latihtal/public_html/agregator1/src/controllers/Site/SiteController.php(722): spark\controllers\Dashboard\DashboardFeedsController::importFeedPosts()
#7 [internal function]: spark\controllers\Site\SiteController->runTasks()
#8 /home/latihtal/public_html/agregator1/src/framework/Route.php(173): call_user_func_array()
#9 [internal function]: Slim\Route->Slim\{closure}()
#10 /home/latihtal/public_html/agregator1/src/framework/Route.php(468): call_user_func_array()
#11 /home/latihtal/public_html/agregator1/src/framework/Slim.php(1364): Slim\Route->dispatch()
#12 /home/latihtal/public_html/agregator1/src/framework/Middleware/Flash.php(85): Slim\Slim->call()
#13 /home/latihtal/public_html/agregator1/src/framework/Middleware/MethodOverride.php(92): Slim\Middleware\Flash->call()
#14 /home/latihtal/public_html/agregator1/src/middlewares/CsrfGuard/CsrfGuard.php(47): Slim\Middleware\MethodOverride->call()
#15 /home/latihtal/public_html/agregator1/src/framework/Middleware/PrettyExceptions.php(67): spark\middlewares\CsrfGuard\CsrfGuard->call()
#16 /home/latihtal/public_html/agregator1/src/framework/Slim.php(1308): Slim\Middleware\PrettyExceptions->call()
#17 /home/latihtal/public_html/agregator1/index.php(6): Slim\Slim->run()
#18 {main} [] []
[2026-03-13 23:01:27] SlimMonoLogger.INFO: Cron ran at: 13-03-2026 11:01:27 PM [] []
[2026-03-13 23:01:28] SlimMonoLogger.INFO: Cron ran at: 13-03-2026 11:01:28 PM [] []
[2026-03-13 23:01:33] SlimMonoLogger.INFO: Cron ran at: 13-03-2026 11:01:33 PM [] []
[2026-03-13 23:01:38] SlimMonoLogger.INFO: Cron ran at: 13-03-2026 11:01:38 PM [] []
[2026-03-13 23:01:40] SlimMonoLogger.INFO: Cron ran at: 13-03-2026 11:01:40 PM [] []
[2026-03-13 23:01:41] SlimMonoLogger.INFO: Cron ran at: 13-03-2026 11:01:41 PM [] []
[2026-03-13 23:01:48] SlimMonoLogger.INFO: Cron ran at: 13-03-2026 11:01:48 PM [] []
[2026-03-13 23:01:59] SlimMonoLogger.INFO: Cron ran at: 13-03-2026 11:01:59 PM [] []
[2026-03-13 23:02:13] SlimMonoLogger.INFO: Cron ran at: 13-03-2026 11:02:13 PM [] []
[2026-03-13 23:02:14] SlimMonoLogger.INFO: Cron ran at: 13-03-2026 11:02:14 PM [] []
[2026-03-13 23:02:16] SlimMonoLogger.INFO: Cron ran at: 13-03-2026 11:02:16 PM [] []
[2026-03-13 23:02:16] SlimMonoLogger.INFO: Cron ran at: 13-03-2026 11:02:16 PM [] []
[2026-03-13 23:02:25] SlimMonoLogger.INFO: Cron ran at: 13-03-2026 11:02:25 PM [] []
[2026-03-13 23:02:26] SlimMonoLogger.INFO: Cron ran at: 13-03-2026 11:02:26 PM [] []
[2026-03-13 23:02:27] SlimMonoLogger.INFO: Cron ran at: 13-03-2026 11:02:27 PM [] []
[2026-03-13 23:02:28] SlimMonoLogger.INFO: Cron ran at: 13-03-2026 11:02:28 PM [] []
[2026-03-13 23:02:34] SlimMonoLogger.INFO: Cron ran at: 13-03-2026 11:02:34 PM [] []
[2026-03-13 23:02:46] SlimMonoLogger.INFO: Cron ran at: 13-03-2026 11:02:46 PM [] []
[2026-03-13 23:02:46] SlimMonoLogger.INFO: Cron ran at: 13-03-2026 11:02:46 PM [] []
[2026-03-13 23:02:53] SlimMonoLogger.INFO: Cron ran at: 13-03-2026 11:02:53 PM [] []
[2026-03-13 23:02:53] SlimMonoLogger.INFO: Cron ran at: 13-03-2026 11:02:53 PM [] []
[2026-03-13 23:03:16] SlimMonoLogger.INFO: Cron ran at: 13-03-2026 11:03:16 PM [] []
[2026-03-13 23:03:16] SlimMonoLogger.INFO: Cron ran at: 13-03-2026 11:03:16 PM [] []
[2026-03-13 23:03:16] SlimMonoLogger.INFO: Cron ran at: 13-03-2026 11:03:16 PM [] []
[2026-03-13 23:03:20] SlimMonoLogger.INFO: Cron ran at: 13-03-2026 11:03:20 PM [] []
[2026-03-13 23:03:21] SlimMonoLogger.INFO: Cron ran at: 13-03-2026 11:03:21 PM [] []
[2026-03-13 23:03:27] SlimMonoLogger.INFO: Cron ran at: 13-03-2026 11:03:27 PM [] []
[2026-03-13 23:03:35] SlimMonoLogger.INFO: Cron ran at: 13-03-2026 11:03:35 PM [] []
[2026-03-13 23:03:37] SlimMonoLogger.INFO: Cron ran at: 13-03-2026 11:03:37 PM [] []
[2026-03-13 23:03:49] SlimMonoLogger.INFO: Cron ran at: 13-03-2026 11:03:49 PM [] []
[2026-03-13 23:03:51] SlimMonoLogger.INFO: Cron ran at: 13-03-2026 11:03:51 PM [] []
[2026-03-13 23:03:55] SlimMonoLogger.INFO: Cron ran at: 13-03-2026 11:03:55 PM [] []
[2026-03-13 23:04:03] SlimMonoLogger.INFO: Cron ran at: 13-03-2026 11:04:03 PM [] []
[2026-03-13 23:04:17] SlimMonoLogger.INFO: Cron ran at: 13-03-2026 11:04:17 PM [] []
[2026-03-13 23:04:18] SlimMonoLogger.INFO: Cron ran at: 13-03-2026 11:04:18 PM [] []
[2026-03-13 23:04:23] SlimMonoLogger.INFO: Cron ran at: 13-03-2026 11:04:23 PM [] []
[2026-03-13 23:04:24] SlimMonoLogger.INFO: Cron ran at: 13-03-2026 11:04:24 PM [] []
[2026-03-13 23:04:28] SlimMonoLogger.INFO: Cron ran at: 13-03-2026 11:04:28 PM [] []
[2026-03-13 23:04:34] SlimMonoLogger.INFO: Cron ran at: 13-03-2026 11:04:34 PM [] []
[2026-03-13 23:04:41] SlimMonoLogger.INFO: Cron ran at: 13-03-2026 11:04:41 PM [] []
[2026-03-13 23:04:41] SlimMonoLogger.INFO: Cron ran at: 13-03-2026 11:04:41 PM [] []
[2026-03-13 23:04:49] SlimMonoLogger.INFO: Cron ran at: 13-03-2026 11:04:49 PM [] []
[2026-03-13 23:04:52] SlimMonoLogger.INFO: Cron ran at: 13-03-2026 11:04:52 PM [] []
[2026-03-13 23:04:54] SlimMonoLogger.INFO: Cron ran at: 13-03-2026 11:04:54 PM [] []
[2026-03-13 23:05:04] SlimMonoLogger.INFO: Cron ran at: 13-03-2026 11:05:04 PM [] []
[2026-03-13 23:05:17] SlimMonoLogger.INFO: Cron ran at: 13-03-2026 11:05:17 PM [] []
[2026-03-13 23:05:18] SlimMonoLogger.INFO: Cron ran at: 13-03-2026 11:05:18 PM [] []
[2026-03-13 23:05:19] SlimMonoLogger.INFO: Cron ran at: 13-03-2026 11:05:19 PM [] []
[2026-03-13 23:05:28] SlimMonoLogger.INFO: Cron ran at: 13-03-2026 11:05:28 PM [] []
[2026-03-13 23:05:31] SlimMonoLogger.INFO: Cron ran at: 13-03-2026 11:05:31 PM [] []
[2026-03-13 23:05:33] SlimMonoLogger.INFO: Cron ran at: 13-03-2026 11:05:33 PM [] []
[2026-03-13 23:05:43] SlimMonoLogger.INFO: Cron ran at: 13-03-2026 11:05:43 PM [] []
[2026-03-13 23:05:43] SlimMonoLogger.INFO: Cron ran at: 13-03-2026 11:05:43 PM [] []
[2026-03-13 23:05:56] SlimMonoLogger.INFO: Cron ran at: 13-03-2026 11:05:56 PM [] []
[2026-03-13 23:05:57] SlimMonoLogger.INFO: Cron ran at: 13-03-2026 11:05:57 PM [] []
[2026-03-13 23:06:01] SlimMonoLogger.INFO: Cron ran at: 13-03-2026 11:06:01 PM [] []
[2026-03-13 23:06:03] SlimMonoLogger.INFO: Cron ran at: 13-03-2026 11:06:03 PM [] []
[2026-03-13 23:06:18] SlimMonoLogger.INFO: Cron ran at: 13-03-2026 11:06:18 PM [] []
[2026-03-13 23:06:18] SlimMonoLogger.INFO: Cron ran at: 13-03-2026 11:06:18 PM [] []
[2026-03-13 23:06:19] SlimMonoLogger.INFO: Cron ran at: 13-03-2026 11:06:19 PM [] []
[2026-03-13 23:06:33] SlimMonoLogger.INFO: Cron ran at: 13-03-2026 11:06:33 PM [] []
[2026-03-13 23:06:33] SlimMonoLogger.INFO: Cron ran at: 13-03-2026 11:06:33 PM [] []
[2026-03-13 23:06:33] SlimMonoLogger.INFO: Cron ran at: 13-03-2026 11:06:33 PM [] []
[2026-03-13 23:06:33] SlimMonoLogger.INFO: Cron ran at: 13-03-2026 11:06:33 PM [] []
[2026-03-13 23:06:42] SlimMonoLogger.INFO: Cron ran at: 13-03-2026 11:06:42 PM [] []
[2026-03-13 23:06:56] SlimMonoLogger.INFO: Cron ran at: 13-03-2026 11:06:56 PM [] []
[2026-03-13 23:06:56] SlimMonoLogger.INFO: Cron ran at: 13-03-2026 11:06:56 PM [] []
[2026-03-13 23:06:56] SlimMonoLogger.INFO: Cron ran at: 13-03-2026 11:06:56 PM [] []
[2026-03-13 23:07:04] SlimMonoLogger.INFO: Cron ran at: 13-03-2026 11:07:04 PM [] []
[2026-03-13 23:07:16] SlimMonoLogger.INFO: Cron ran at: 13-03-2026 11:07:16 PM [] []
[2026-03-13 23:07:16] SlimMonoLogger.INFO: Cron ran at: 13-03-2026 11:07:16 PM [] []
[2026-03-13 23:07:21] SlimMonoLogger.INFO: Cron ran at: 13-03-2026 11:07:21 PM [] []
[2026-03-13 23:07:21] SlimMonoLogger.INFO: Cron ran at: 13-03-2026 11:07:21 PM [] []
[2026-03-13 23:07:32] SlimMonoLogger.INFO: Cron ran at: 13-03-2026 11:07:32 PM [] []
[2026-03-13 23:07:32] SlimMonoLogger.INFO: Cron ran at: 13-03-2026 11:07:32 PM [] []
[2026-03-13 23:07:33] SlimMonoLogger.INFO: Cron ran at: 13-03-2026 11:07:33 PM [] []
[2026-03-13 23:07:46] SlimMonoLogger.INFO: Cron ran at: 13-03-2026 11:07:46 PM [] []
[2026-03-13 23:07:46] SlimMonoLogger.INFO: Cron ran at: 13-03-2026 11:07:46 PM [] []
[2026-03-13 23:07:51] SlimMonoLogger.INFO: Cron ran at: 13-03-2026 11:07:51 PM [] []
[2026-03-13 23:07:59] SlimMonoLogger.INFO: Cron ran at: 13-03-2026 11:07:59 PM [] []
[2026-03-13 23:08:03] SlimMonoLogger.INFO: Cron ran at: 13-03-2026 11:08:03 PM [] []
[2026-03-13 23:08:04] SlimMonoLogger.INFO: Cron ran at: 13-03-2026 11:08:04 PM [] []
[2026-03-13 23:08:13] SlimMonoLogger.INFO: Cron ran at: 13-03-2026 11:08:13 PM [] []
[2026-03-13 23:08:13] SlimMonoLogger.INFO: Cron ran at: 13-03-2026 11:08:13 PM [] []
[2026-03-13 23:08:21] SlimMonoLogger.INFO: Cron ran at: 13-03-2026 11:08:21 PM [] []
[2026-03-13 23:08:26] SlimMonoLogger.INFO: Cron ran at: 13-03-2026 11:08:26 PM [] []
[2026-03-13 23:08:28] SlimMonoLogger.INFO: Cron ran at: 13-03-2026 11:08:28 PM [] []
[2026-03-13 23:08:42] SlimMonoLogger.INFO: Cron ran at: 13-03-2026 11:08:42 PM [] []
[2026-03-13 23:08:52] SlimMonoLogger.INFO: Cron ran at: 13-03-2026 11:08:52 PM [] []
[2026-03-13 23:08:52] SlimMonoLogger.INFO: Cron ran at: 13-03-2026 11:08:52 PM [] []
[2026-03-13 23:08:56] SlimMonoLogger.INFO: Cron ran at: 13-03-2026 11:08:56 PM [] []
[2026-03-13 23:09:05] SlimMonoLogger.INFO: Cron ran at: 13-03-2026 11:09:05 PM [] []
[2026-03-13 23:09:15] SlimMonoLogger.INFO: Cron ran at: 13-03-2026 11:09:15 PM [] []
[2026-03-13 23:09:16] SlimMonoLogger.INFO: Cron ran at: 13-03-2026 11:09:16 PM [] []
[2026-03-13 23:09:16] SlimMonoLogger.INFO: Cron ran at: 13-03-2026 11:09:16 PM [] []
[2026-03-13 23:09:21] SlimMonoLogger.INFO: Cron ran at: 13-03-2026 11:09:21 PM [] []
[2026-03-13 23:09:24] SlimMonoLogger.INFO: Cron ran at: 13-03-2026 11:09:24 PM [] []
[2026-03-13 23:09:40] SlimMonoLogger.INFO: Cron ran at: 13-03-2026 11:09:40 PM [] []
[2026-03-13 23:09:48] SlimMonoLogger.INFO: Cron ran at: 13-03-2026 11:09:48 PM [] []
[2026-03-13 23:09:49] SlimMonoLogger.INFO: Cron ran at: 13-03-2026 11:09:49 PM [] []
[2026-03-13 23:09:57] SlimMonoLogger.INFO: Cron ran at: 13-03-2026 11:09:57 PM [] []
[2026-03-13 23:09:58] SlimMonoLogger.INFO: Cron ran at: 13-03-2026 11:09:58 PM [] []
[2026-03-13 23:09:58] SlimMonoLogger.INFO: Cron ran at: 13-03-2026 11:09:58 PM [] []
[2026-03-13 23:10:13] SlimMonoLogger.INFO: Cron ran at: 13-03-2026 11:10:13 PM [] []
[2026-03-13 23:10:13] SlimMonoLogger.INFO: Cron ran at: 13-03-2026 11:10:13 PM [] []
[2026-03-13 23:10:22] SlimMonoLogger.INFO: Cron ran at: 13-03-2026 11:10:22 PM [] []
[2026-03-13 23:10:25] SlimMonoLogger.INFO: Cron ran at: 13-03-2026 11:10:25 PM [] []
[2026-03-13 23:10:32] SlimMonoLogger.INFO: Cron ran at: 13-03-2026 11:10:32 PM [] []
[2026-03-13 23:10:40] SlimMonoLogger.INFO: Cron ran at: 13-03-2026 11:10:40 PM [] []
[2026-03-13 23:10:46] SlimMonoLogger.INFO: Cron ran at: 13-03-2026 11:10:46 PM [] []
[2026-03-13 23:10:49] SlimMonoLogger.INFO: Cron ran at: 13-03-2026 11:10:49 PM [] []
[2026-03-13 23:10:50] SlimMonoLogger.INFO: Cron ran at: 13-03-2026 11:10:50 PM [] []
[2026-03-13 23:11:02] SlimMonoLogger.INFO: Cron ran at: 13-03-2026 11:11:02 PM [] []
[2026-03-13 23:11:02] SlimMonoLogger.INFO: Cron ran at: 13-03-2026 11:11:02 PM [] []
[2026-03-13 23:11:08] SlimMonoLogger.INFO: Cron ran at: 13-03-2026 11:11:08 PM [] []
[2026-03-13 23:11:10] SlimMonoLogger.INFO: Cron ran at: 13-03-2026 11:11:10 PM [] []
[2026-03-13 23:11:20] SlimMonoLogger.INFO: Cron ran at: 13-03-2026 11:11:20 PM [] []
[2026-03-13 23:11:20] SlimMonoLogger.INFO: Cron ran at: 13-03-2026 11:11:20 PM [] []
[2026-03-13 23:11:21] SlimMonoLogger.INFO: Cron ran at: 13-03-2026 11:11:21 PM [] []
[2026-03-13 23:11:23] SlimMonoLogger.INFO: Cron ran at: 13-03-2026 11:11:23 PM [] []
[2026-03-13 23:11:24] SlimMonoLogger.INFO: Cron ran at: 13-03-2026 11:11:24 PM [] []
[2026-03-13 23:11:34] SlimMonoLogger.INFO: Cron ran at: 13-03-2026 11:11:34 PM [] []
[2026-03-13 23:11:46] SlimMonoLogger.INFO: Cron ran at: 13-03-2026 11:11:46 PM [] []
[2026-03-13 23:11:46] SlimMonoLogger.INFO: Cron ran at: 13-03-2026 11:11:46 PM [] []
[2026-03-13 23:11:57] SlimMonoLogger.INFO: Cron ran at: 13-03-2026 11:11:57 PM [] []
[2026-03-13 23:11:57] SlimMonoLogger.INFO: Cron ran at: 13-03-2026 11:11:57 PM [] []
[2026-03-13 23:11:58] SlimMonoLogger.INFO: Cron ran at: 13-03-2026 11:11:58 PM [] []
[2026-03-13 23:12:13] SlimMonoLogger.INFO: Cron ran at: 13-03-2026 11:12:13 PM [] []
[2026-03-13 23:12:14] SlimMonoLogger.INFO: Cron ran at: 13-03-2026 11:12:14 PM [] []
[2026-03-13 23:12:18] SlimMonoLogger.INFO: Cron ran at: 13-03-2026 11:12:18 PM [] []
[2026-03-13 23:12:20] SlimMonoLogger.INFO: Cron ran at: 13-03-2026 11:12:20 PM [] []
[2026-03-13 23:12:20] SlimMonoLogger.INFO: Cron ran at: 13-03-2026 11:12:20 PM [] []
[2026-03-13 23:12:25] SlimMonoLogger.INFO: Cron ran at: 13-03-2026 11:12:25 PM [] []
[2026-03-13 23:12:25] SlimMonoLogger.INFO: Cron ran at: 13-03-2026 11:12:25 PM [] []
[2026-03-13 23:12:36] SlimMonoLogger.INFO: Cron ran at: 13-03-2026 11:12:36 PM [] []
[2026-03-13 23:12:58] SlimMonoLogger.INFO: Cron ran at: 13-03-2026 11:12:58 PM [] []
[2026-03-13 23:12:58] SlimMonoLogger.INFO: Cron ran at: 13-03-2026 11:12:58 PM [] []
[2026-03-13 23:13:00] SlimMonoLogger.INFO: Cron ran at: 13-03-2026 11:13:00 PM [] []
[2026-03-13 23:13:01] SlimMonoLogger.INFO: Cron ran at: 13-03-2026 11:13:01 PM [] []
[2026-03-13 23:13:04] SlimMonoLogger.INFO: Cron ran at: 13-03-2026 11:13:04 PM [] []
[2026-03-13 23:13:21] SlimMonoLogger.INFO: Cron ran at: 13-03-2026 11:13:21 PM [] []
[2026-03-13 23:13:21] SlimMonoLogger.INFO: Cron ran at: 13-03-2026 11:13:21 PM [] []
[2026-03-13 23:13:22] SlimMonoLogger.INFO: Cron ran at: 13-03-2026 11:13:22 PM [] []
[2026-03-13 23:13:22] SlimMonoLogger.INFO: Cron ran at: 13-03-2026 11:13:22 PM [] []
[2026-03-13 23:13:23] SlimMonoLogger.INFO: Cron ran at: 13-03-2026 11:13:23 PM [] []
[2026-03-13 23:13:32] SlimMonoLogger.INFO: Cron ran at: 13-03-2026 11:13:32 PM [] []
[2026-03-13 23:13:32] SlimMonoLogger.INFO: Cron ran at: 13-03-2026 11:13:32 PM [] []
[2026-03-13 23:13:37] SlimMonoLogger.INFO: Cron ran at: 13-03-2026 11:13:37 PM [] []
[2026-03-13 23:13:56] SlimMonoLogger.INFO: Cron ran at: 13-03-2026 11:13:56 PM [] []
[2026-03-13 23:13:57] SlimMonoLogger.INFO: Cron ran at: 13-03-2026 11:13:57 PM [] []
[2026-03-13 23:13:57] SlimMonoLogger.INFO: Cron ran at: 13-03-2026 11:13:57 PM [] []
[2026-03-13 23:14:10] SlimMonoLogger.INFO: Cron ran at: 13-03-2026 11:14:10 PM [] []
[2026-03-13 23:14:15] SlimMonoLogger.INFO: Cron ran at: 13-03-2026 11:14:15 PM [] []
[2026-03-13 23:14:18] SlimMonoLogger.INFO: Cron ran at: 13-03-2026 11:14:18 PM [] []
[2026-03-13 23:14:20] SlimMonoLogger.INFO: Cron ran at: 13-03-2026 11:14:20 PM [] []
[2026-03-13 23:14:20] SlimMonoLogger.INFO: Cron ran at: 13-03-2026 11:14:20 PM [] []
[2026-03-13 23:14:32] SlimMonoLogger.INFO: Cron ran at: 13-03-2026 11:14:32 PM [] []
[2026-03-13 23:14:32] SlimMonoLogger.INFO: Cron ran at: 13-03-2026 11:14:32 PM [] []
[2026-03-13 23:14:36] SlimMonoLogger.INFO: Cron ran at: 13-03-2026 11:14:36 PM [] []
[2026-03-13 23:14:40] SlimMonoLogger.INFO: Cron ran at: 13-03-2026 11:14:40 PM [] []
[2026-03-13 23:14:57] SlimMonoLogger.INFO: Cron ran at: 13-03-2026 11:14:57 PM [] []
[2026-03-13 23:15:00] SlimMonoLogger.INFO: Cron ran at: 13-03-2026 11:15:00 PM [] []
[2026-03-13 23:15:10] SlimMonoLogger.INFO: Cron ran at: 13-03-2026 11:15:10 PM [] []
[2026-03-13 23:15:12] SlimMonoLogger.INFO: Cron ran at: 13-03-2026 11:15:12 PM [] []
[2026-03-13 23:15:17] SlimMonoLogger.INFO: Cron ran at: 13-03-2026 11:15:17 PM [] []
[2026-03-13 23:15:19] SlimMonoLogger.INFO: Cron ran at: 13-03-2026 11:15:19 PM [] []
[2026-03-13 23:15:26] SlimMonoLogger.INFO: Cron ran at: 13-03-2026 11:15:26 PM [] []
[2026-03-13 23:15:30] SlimMonoLogger.INFO: Cron ran at: 13-03-2026 11:15:30 PM [] []
[2026-03-13 23:15:31] SlimMonoLogger.INFO: Cron ran at: 13-03-2026 11:15:31 PM [] []
[2026-03-13 23:15:33] SlimMonoLogger.INFO: Cron ran at: 13-03-2026 11:15:33 PM [] []
[2026-03-13 23:15:35] SlimMonoLogger.INFO: Cron ran at: 13-03-2026 11:15:35 PM [] []
[2026-03-13 23:15:40] SlimMonoLogger.INFO: Cron ran at: 13-03-2026 11:15:40 PM [] []
[2026-03-13 23:16:12] SlimMonoLogger.INFO: Cron ran at: 13-03-2026 11:16:12 PM [] []
[2026-03-13 23:16:12] SlimMonoLogger.INFO: Cron ran at: 13-03-2026 11:16:12 PM [] []
[2026-03-13 23:16:12] SlimMonoLogger.INFO: Cron ran at: 13-03-2026 11:16:12 PM [] []
[2026-03-13 23:16:14] SlimMonoLogger.INFO: Cron ran at: 13-03-2026 11:16:14 PM [] []
[2026-03-13 23:16:16] SlimMonoLogger.INFO: Cron ran at: 13-03-2026 11:16:16 PM [] []
[2026-03-13 23:16:17] SlimMonoLogger.INFO: Cron ran at: 13-03-2026 11:16:17 PM [] []
[2026-03-13 23:16:24] SlimMonoLogger.INFO: Cron ran at: 13-03-2026 11:16:24 PM [] []
[2026-03-13 23:16:25] SlimMonoLogger.INFO: Cron ran at: 13-03-2026 11:16:25 PM [] []
[2026-03-13 23:16:29] SlimMonoLogger.INFO: Cron ran at: 13-03-2026 11:16:29 PM [] []
[2026-03-13 23:16:29] SlimMonoLogger.INFO: Cron ran at: 13-03-2026 11:16:29 PM [] []
[2026-03-13 23:16:41] SlimMonoLogger.INFO: Cron ran at: 13-03-2026 11:16:41 PM [] []
[2026-03-13 23:16:42] SlimMonoLogger.INFO: Cron ran at: 13-03-2026 11:16:42 PM [] []
[2026-03-13 23:16:48] SlimMonoLogger.INFO: Cron ran at: 13-03-2026 11:16:48 PM [] []
[2026-03-13 23:17:07] SlimMonoLogger.INFO: Cron ran at: 13-03-2026 11:17:07 PM [] []
[2026-03-13 23:17:07] SlimMonoLogger.INFO: Cron ran at: 13-03-2026 11:17:07 PM [] []
[2026-03-13 23:17:09] SlimMonoLogger.INFO: Cron ran at: 13-03-2026 11:17:09 PM [] []
[2026-03-13 23:17:19] SlimMonoLogger.INFO: Cron ran at: 13-03-2026 11:17:19 PM [] []
[2026-03-13 23:17:19] SlimMonoLogger.INFO: Cron ran at: 13-03-2026 11:17:19 PM [] []
[2026-03-13 23:17:27] SlimMonoLogger.INFO: Cron ran at: 13-03-2026 11:17:27 PM [] []
[2026-03-13 23:17:29] SlimMonoLogger.INFO: Cron ran at: 13-03-2026 11:17:29 PM [] []
[2026-03-13 23:17:29] SlimMonoLogger.INFO: Cron ran at: 13-03-2026 11:17:29 PM [] []
[2026-03-13 23:17:29] SlimMonoLogger.INFO: Cron ran at: 13-03-2026 11:17:29 PM [] []
[2026-03-13 23:17:40] SlimMonoLogger.INFO: Cron ran at: 13-03-2026 11:17:40 PM [] []
[2026-03-13 23:17:41] SlimMonoLogger.INFO: Cron ran at: 13-03-2026 11:17:41 PM [] []
[2026-03-13 23:17:45] SlimMonoLogger.INFO: Cron ran at: 13-03-2026 11:17:45 PM [] []
[2026-03-13 23:17:46] SlimMonoLogger.INFO: Cron ran at: 13-03-2026 11:17:46 PM [] []
[2026-03-13 23:18:11] SlimMonoLogger.ERROR: Requests_Exception: cURL error 28: Operation timed out after 500000 milliseconds with 0 bytes received in /home/latihtal/public_html/agregator1/src/vendor/rmccue/requests/library/Requests/Transport/cURL.php:422
Stack trace:
#0 /home/latihtal/public_html/agregator1/src/vendor/rmccue/requests/library/Requests/Transport/cURL.php(177): Requests_Transport_cURL->process_response()
#1 /home/latihtal/public_html/agregator1/src/vendor/rmccue/requests/library/Requests.php(379): Requests_Transport_cURL->request()
#2 /home/latihtal/public_html/agregator1/src/vendor/rmccue/requests/library/Requests/Session.php(205): Requests::request()
#3 /home/latihtal/public_html/agregator1/src/vendor/rmccue/requests/library/Requests/Session.php(132): Requests_Session->request()
#4 /home/latihtal/public_html/agregator1/src/drivers/Http/RssImporter.php(144): Requests_Session->get()
#5 /home/latihtal/public_html/agregator1/src/controllers/Dashboard/DashboardFeedsController.php(534): spark\drivers\Http\RssImporter->fetchPosts()
#6 /home/latihtal/public_html/agregator1/src/controllers/Site/SiteController.php(722): spark\controllers\Dashboard\DashboardFeedsController::importFeedPosts()
#7 [internal function]: spark\controllers\Site\SiteController->runTasks()
#8 /home/latihtal/public_html/agregator1/src/framework/Route.php(173): call_user_func_array()
#9 [internal function]: Slim\Route->Slim\{closure}()
#10 /home/latihtal/public_html/agregator1/src/framework/Route.php(468): call_user_func_array()
#11 /home/latihtal/public_html/agregator1/src/framework/Slim.php(1364): Slim\Route->dispatch()
#12 /home/latihtal/public_html/agregator1/src/framework/Middleware/Flash.php(85): Slim\Slim->call()
#13 /home/latihtal/public_html/agregator1/src/framework/Middleware/MethodOverride.php(92): Slim\Middleware\Flash->call()
#14 /home/latihtal/public_html/agregator1/src/middlewares/CsrfGuard/CsrfGuard.php(47): Slim\Middleware\MethodOverride->call()
#15 /home/latihtal/public_html/agregator1/src/framework/Middleware/PrettyExceptions.php(67): spark\middlewares\CsrfGuard\CsrfGuard->call()
#16 /home/latihtal/public_html/agregator1/src/framework/Slim.php(1308): Slim\Middleware\PrettyExceptions->call()
#17 /home/latihtal/public_html/agregator1/index.php(6): Slim\Slim->run()
#18 {main} [] []
[2026-03-13 23:18:11] SlimMonoLogger.INFO: Cron ran at: 13-03-2026 11:18:11 PM [] []
[2026-03-13 23:18:11] SlimMonoLogger.INFO: Cron ran at: 13-03-2026 11:18:11 PM [] []
[2026-03-13 23:18:14] SlimMonoLogger.INFO: Cron ran at: 13-03-2026 11:18:14 PM [] []
[2026-03-13 23:18:15] SlimMonoLogger.INFO: Cron ran at: 13-03-2026 11:18:15 PM [] []
[2026-03-13 23:18:15] SlimMonoLogger.INFO: Cron ran at: 13-03-2026 11:18:15 PM [] []
[2026-03-13 23:18:20] SlimMonoLogger.INFO: Cron ran at: 13-03-2026 11:18:20 PM [] []
[2026-03-13 23:18:21] SlimMonoLogger.INFO: Cron ran at: 13-03-2026 11:18:21 PM [] []
[2026-03-13 23:18:31] SlimMonoLogger.INFO: Cron ran at: 13-03-2026 11:18:31 PM [] []
[2026-03-13 23:18:34] SlimMonoLogger.INFO: Cron ran at: 13-03-2026 11:18:34 PM [] []
[2026-03-13 23:18:38] SlimMonoLogger.INFO: Cron ran at: 13-03-2026 11:18:38 PM [] []
[2026-03-13 23:18:38] SlimMonoLogger.INFO: Cron ran at: 13-03-2026 11:18:38 PM [] []
[2026-03-13 23:18:40] SlimMonoLogger.INFO: Cron ran at: 13-03-2026 11:18:40 PM [] []
[2026-03-13 23:18:42] SlimMonoLogger.INFO: Cron ran at: 13-03-2026 11:18:42 PM [] []
[2026-03-13 23:18:43] SlimMonoLogger.INFO: Cron ran at: 13-03-2026 11:18:43 PM [] []
[2026-03-13 23:19:21] SlimMonoLogger.INFO: Cron ran at: 13-03-2026 11:19:21 PM [] []
[2026-03-13 23:19:21] SlimMonoLogger.INFO: Cron ran at: 13-03-2026 11:19:21 PM [] []
[2026-03-13 23:19:22] SlimMonoLogger.INFO: Cron ran at: 13-03-2026 11:19:22 PM [] []
[2026-03-13 23:19:22] SlimMonoLogger.INFO: Cron ran at: 13-03-2026 11:19:22 PM [] []
[2026-03-13 23:19:23] SlimMonoLogger.INFO: Cron ran at: 13-03-2026 11:19:23 PM [] []
[2026-03-13 23:19:26] SlimMonoLogger.INFO: Cron ran at: 13-03-2026 11:19:26 PM [] []
[2026-03-13 23:19:34] SlimMonoLogger.INFO: Cron ran at: 13-03-2026 11:19:34 PM [] []
[2026-03-13 23:19:35] SlimMonoLogger.INFO: Cron ran at: 13-03-2026 11:19:35 PM [] []
[2026-03-13 23:19:37] SlimMonoLogger.INFO: Cron ran at: 13-03-2026 11:19:37 PM [] []
[2026-03-13 23:19:37] SlimMonoLogger.INFO: Cron ran at: 13-03-2026 11:19:37 PM [] []
[2026-03-13 23:19:43] SlimMonoLogger.INFO: Cron ran at: 13-03-2026 11:19:43 PM [] []
[2026-03-13 23:19:55] SlimMonoLogger.INFO: Cron ran at: 13-03-2026 11:19:55 PM [] []
[2026-03-13 23:20:17] SlimMonoLogger.INFO: Cron ran at: 13-03-2026 11:20:17 PM [] []
[2026-03-13 23:20:19] SlimMonoLogger.INFO: Cron ran at: 13-03-2026 11:20:19 PM [] []
[2026-03-13 23:20:19] SlimMonoLogger.INFO: Cron ran at: 13-03-2026 11:20:19 PM [] []
[2026-03-13 23:20:20] SlimMonoLogger.INFO: Cron ran at: 13-03-2026 11:20:20 PM [] []
[2026-03-13 23:20:24] SlimMonoLogger.INFO: Cron ran at: 13-03-2026 11:20:24 PM [] []
[2026-03-13 23:20:30] SlimMonoLogger.INFO: Cron ran at: 13-03-2026 11:20:30 PM [] []
[2026-03-13 23:20:33] SlimMonoLogger.INFO: Cron ran at: 13-03-2026 11:20:33 PM [] []
[2026-03-13 23:20:38] SlimMonoLogger.INFO: Cron ran at: 13-03-2026 11:20:38 PM [] []
[2026-03-13 23:20:40] SlimMonoLogger.INFO: Cron ran at: 13-03-2026 11:20:40 PM [] []
[2026-03-13 23:20:58] SlimMonoLogger.INFO: Cron ran at: 13-03-2026 11:20:58 PM [] []
[2026-03-13 23:20:58] SlimMonoLogger.INFO: Cron ran at: 13-03-2026 11:20:58 PM [] []
[2026-03-13 23:20:59] SlimMonoLogger.INFO: Cron ran at: 13-03-2026 11:20:59 PM [] []
[2026-03-13 23:21:16] SlimMonoLogger.INFO: Cron ran at: 13-03-2026 11:21:16 PM [] []
[2026-03-13 23:21:17] SlimMonoLogger.INFO: Cron ran at: 13-03-2026 11:21:17 PM [] []
[2026-03-13 23:21:18] SlimMonoLogger.INFO: Cron ran at: 13-03-2026 11:21:18 PM [] []
[2026-03-13 23:21:26] SlimMonoLogger.INFO: Cron ran at: 13-03-2026 11:21:26 PM [] []
[2026-03-13 23:21:27] SlimMonoLogger.INFO: Cron ran at: 13-03-2026 11:21:27 PM [] []
[2026-03-13 23:21:35] SlimMonoLogger.INFO: Cron ran at: 13-03-2026 11:21:35 PM [] []
[2026-03-13 23:21:35] SlimMonoLogger.INFO: Cron ran at: 13-03-2026 11:21:35 PM [] []
[2026-03-13 23:21:36] SlimMonoLogger.INFO: Cron ran at: 13-03-2026 11:21:36 PM [] []
[2026-03-13 23:21:49] SlimMonoLogger.INFO: Cron ran at: 13-03-2026 11:21:49 PM [] []
[2026-03-13 23:21:50] SlimMonoLogger.INFO: Cron ran at: 13-03-2026 11:21:50 PM [] []
[2026-03-13 23:21:56] SlimMonoLogger.INFO: Cron ran at: 13-03-2026 11:21:56 PM [] []
[2026-03-13 23:21:56] SlimMonoLogger.INFO: Cron ran at: 13-03-2026 11:21:56 PM [] []
[2026-03-13 23:22:24] SlimMonoLogger.INFO: Cron ran at: 13-03-2026 11:22:24 PM [] []
[2026-03-13 23:22:26] SlimMonoLogger.INFO: Cron ran at: 13-03-2026 11:22:26 PM [] []
[2026-03-13 23:22:26] SlimMonoLogger.INFO: Cron ran at: 13-03-2026 11:22:26 PM [] []
[2026-03-13 23:22:28] SlimMonoLogger.INFO: Cron ran at: 13-03-2026 11:22:28 PM [] []
[2026-03-13 23:22:30] SlimMonoLogger.INFO: Cron ran at: 13-03-2026 11:22:30 PM [] []
[2026-03-13 23:22:30] SlimMonoLogger.INFO: Cron ran at: 13-03-2026 11:22:30 PM [] []
[2026-03-13 23:22:34] SlimMonoLogger.INFO: Cron ran at: 13-03-2026 11:22:34 PM [] []
[2026-03-13 23:22:48] SlimMonoLogger.INFO: Cron ran at: 13-03-2026 11:22:48 PM [] []
[2026-03-13 23:22:48] SlimMonoLogger.INFO: Cron ran at: 13-03-2026 11:22:48 PM [] []
[2026-03-13 23:22:48] SlimMonoLogger.INFO: Cron ran at: 13-03-2026 11:22:48 PM [] []
[2026-03-13 23:22:51] SlimMonoLogger.INFO: Cron ran at: 13-03-2026 11:22:51 PM [] []
[2026-03-13 23:22:51] SlimMonoLogger.INFO: Cron ran at: 13-03-2026 11:22:51 PM [] []
[2026-03-13 23:22:56] SlimMonoLogger.INFO: Cron ran at: 13-03-2026 11:22:56 PM [] []
[2026-03-13 23:23:10] SlimMonoLogger.INFO: Cron ran at: 13-03-2026 11:23:10 PM [] []
[2026-03-13 23:23:16] SlimMonoLogger.INFO: Cron ran at: 13-03-2026 11:23:16 PM [] []
[2026-03-13 23:23:18] SlimMonoLogger.INFO: Cron ran at: 13-03-2026 11:23:18 PM [] []
[2026-03-13 23:23:33] SlimMonoLogger.INFO: Cron ran at: 13-03-2026 11:23:33 PM [] []
[2026-03-13 23:23:33] SlimMonoLogger.INFO: Cron ran at: 13-03-2026 11:23:33 PM [] []
[2026-03-13 23:23:33] SlimMonoLogger.INFO: Cron ran at: 13-03-2026 11:23:33 PM [] []
[2026-03-13 23:23:50] SlimMonoLogger.INFO: Cron ran at: 13-03-2026 11:23:50 PM [] []
[2026-03-13 23:23:52] SlimMonoLogger.INFO: Cron ran at: 13-03-2026 11:23:52 PM [] []
[2026-03-13 23:24:01] SlimMonoLogger.INFO: Cron ran at: 13-03-2026 11:24:01 PM [] []
[2026-03-13 23:24:22] SlimMonoLogger.INFO: Cron ran at: 13-03-2026 11:24:22 PM [] []
[2026-03-13 23:24:24] SlimMonoLogger.INFO: Cron ran at: 13-03-2026 11:24:24 PM [] []
[2026-03-13 23:24:48] SlimMonoLogger.INFO: Cron ran at: 13-03-2026 11:24:48 PM [] []
[2026-03-13 23:24:49] SlimMonoLogger.INFO: Cron ran at: 13-03-2026 11:24:49 PM [] []
[2026-03-13 23:24:51] SlimMonoLogger.INFO: Cron ran at: 13-03-2026 11:24:51 PM [] []
[2026-03-13 23:25:07] SlimMonoLogger.INFO: Cron ran at: 13-03-2026 11:25:07 PM [] []
[2026-03-13 23:25:07] SlimMonoLogger.INFO: Cron ran at: 13-03-2026 11:25:07 PM [] []
[2026-03-13 23:25:07] SlimMonoLogger.INFO: Cron ran at: 13-03-2026 11:25:07 PM [] []
[2026-03-13 23:25:12] SlimMonoLogger.INFO: Cron ran at: 13-03-2026 11:25:12 PM [] []
[2026-03-13 23:25:14] SlimMonoLogger.INFO: Cron ran at: 13-03-2026 11:25:14 PM [] []
[2026-03-13 23:25:16] SlimMonoLogger.INFO: Cron ran at: 13-03-2026 11:25:16 PM [] []
[2026-03-13 23:25:17] SlimMonoLogger.INFO: Cron ran at: 13-03-2026 11:25:17 PM [] []
[2026-03-13 23:25:34] SlimMonoLogger.INFO: Cron ran at: 13-03-2026 11:25:34 PM [] []
[2026-03-13 23:25:39] SlimMonoLogger.INFO: Cron ran at: 13-03-2026 11:25:39 PM [] []
[2026-03-13 23:25:40] SlimMonoLogger.INFO: Cron ran at: 13-03-2026 11:25:40 PM [] []
[2026-03-13 23:25:40] SlimMonoLogger.INFO: Cron ran at: 13-03-2026 11:25:40 PM [] []
[2026-03-13 23:25:54] SlimMonoLogger.INFO: Cron ran at: 13-03-2026 11:25:54 PM [] []
[2026-03-13 23:26:01] SlimMonoLogger.INFO: Cron ran at: 13-03-2026 11:26:01 PM [] []
[2026-03-13 23:26:17] SlimMonoLogger.INFO: Cron ran at: 13-03-2026 11:26:17 PM [] []
[2026-03-13 23:26:19] SlimMonoLogger.INFO: Cron ran at: 13-03-2026 11:26:19 PM [] []
[2026-03-13 23:26:21] SlimMonoLogger.INFO: Cron ran at: 13-03-2026 11:26:21 PM [] []
[2026-03-13 23:26:28] SlimMonoLogger.INFO: Cron ran at: 13-03-2026 11:26:28 PM [] []
[2026-03-13 23:26:29] SlimMonoLogger.INFO: Cron ran at: 13-03-2026 11:26:29 PM [] []
[2026-03-13 23:26:31] SlimMonoLogger.INFO: Cron ran at: 13-03-2026 11:26:31 PM [] []
[2026-03-13 23:26:48] SlimMonoLogger.INFO: Cron ran at: 13-03-2026 11:26:48 PM [] []
[2026-03-13 23:26:50] SlimMonoLogger.INFO: Cron ran at: 13-03-2026 11:26:50 PM [] []
[2026-03-13 23:26:50] SlimMonoLogger.INFO: Cron ran at: 13-03-2026 11:26:50 PM [] []
[2026-03-13 23:27:07] SlimMonoLogger.INFO: Cron ran at: 13-03-2026 11:27:07 PM [] []
[2026-03-13 23:27:08] SlimMonoLogger.INFO: Cron ran at: 13-03-2026 11:27:08 PM [] []
[2026-03-13 23:27:11] SlimMonoLogger.INFO: Cron ran at: 13-03-2026 11:27:11 PM [] []
[2026-03-13 23:27:13] SlimMonoLogger.INFO: Cron ran at: 13-03-2026 11:27:13 PM [] []
[2026-03-13 23:27:37] SlimMonoLogger.INFO: Cron ran at: 13-03-2026 11:27:37 PM [] []
[2026-03-13 23:27:38] SlimMonoLogger.INFO: Cron ran at: 13-03-2026 11:27:38 PM [] []
[2026-03-13 23:27:39] SlimMonoLogger.INFO: Cron ran at: 13-03-2026 11:27:39 PM [] []
[2026-03-13 23:27:42] SlimMonoLogger.INFO: Cron ran at: 13-03-2026 11:27:42 PM [] []
[2026-03-13 23:27:47] SlimMonoLogger.INFO: Cron ran at: 13-03-2026 11:27:47 PM [] []
[2026-03-13 23:27:55] SlimMonoLogger.INFO: Cron ran at: 13-03-2026 11:27:55 PM [] []
[2026-03-13 23:27:58] SlimMonoLogger.INFO: Cron ran at: 13-03-2026 11:27:58 PM [] []
[2026-03-13 23:28:00] SlimMonoLogger.INFO: Cron ran at: 13-03-2026 11:28:00 PM [] []
[2026-03-13 23:28:18] SlimMonoLogger.INFO: Cron ran at: 13-03-2026 11:28:18 PM [] []
[2026-03-13 23:28:19] SlimMonoLogger.INFO: Cron ran at: 13-03-2026 11:28:19 PM [] []
[2026-03-13 23:28:19] SlimMonoLogger.INFO: Cron ran at: 13-03-2026 11:28:19 PM [] []
[2026-03-13 23:28:20] SlimMonoLogger.INFO: Cron ran at: 13-03-2026 11:28:20 PM [] []
[2026-03-13 23:28:23] SlimMonoLogger.INFO: Cron ran at: 13-03-2026 11:28:23 PM [] []
[2026-03-13 23:28:36] SlimMonoLogger.INFO: Cron ran at: 13-03-2026 11:28:36 PM [] []
[2026-03-13 23:28:51] SlimMonoLogger.INFO: Cron ran at: 13-03-2026 11:28:51 PM [] []
[2026-03-13 23:28:51] SlimMonoLogger.INFO: Cron ran at: 13-03-2026 11:28:51 PM [] []
[2026-03-13 23:28:53] SlimMonoLogger.INFO: Cron ran at: 13-03-2026 11:28:53 PM [] []
[2026-03-13 23:28:55] SlimMonoLogger.INFO: Cron ran at: 13-03-2026 11:28:55 PM [] []
[2026-03-13 23:28:56] SlimMonoLogger.INFO: Cron ran at: 13-03-2026 11:28:56 PM [] []
[2026-03-13 23:28:59] SlimMonoLogger.INFO: Cron ran at: 13-03-2026 11:28:59 PM [] []
[2026-03-13 23:29:04] SlimMonoLogger.INFO: Cron ran at: 13-03-2026 11:29:04 PM [] []
[2026-03-13 23:29:05] SlimMonoLogger.INFO: Cron ran at: 13-03-2026 11:29:05 PM [] []
[2026-03-13 23:29:06] SlimMonoLogger.INFO: Cron ran at: 13-03-2026 11:29:06 PM [] []
[2026-03-13 23:29:06] SlimMonoLogger.INFO: Cron ran at: 13-03-2026 11:29:06 PM [] []
[2026-03-13 23:29:06] SlimMonoLogger.INFO: Cron ran at: 13-03-2026 11:29:06 PM [] []
[2026-03-13 23:31:26] SlimMonoLogger.INFO: Cron ran at: 13-03-2026 11:31:26 PM [] []
[2026-03-13 23:31:34] SlimMonoLogger.INFO: Cron ran at: 13-03-2026 11:31:34 PM [] []
[2026-03-13 23:31:37] SlimMonoLogger.INFO: Cron ran at: 13-03-2026 11:31:37 PM [] []
[2026-03-13 23:31:41] SlimMonoLogger.INFO: Cron ran at: 13-03-2026 11:31:41 PM [] []
[2026-03-13 23:32:51] SlimMonoLogger.INFO: Cron ran at: 13-03-2026 11:32:51 PM [] []
[2026-03-13 23:32:58] SlimMonoLogger.INFO: Cron ran at: 13-03-2026 11:32:58 PM [] []
[2026-03-13 23:32:59] SlimMonoLogger.INFO: Cron ran at: 13-03-2026 11:32:59 PM [] []
[2026-03-13 23:33:09] SlimMonoLogger.INFO: Cron ran at: 13-03-2026 11:33:09 PM [] []
[2026-03-13 23:33:14] SlimMonoLogger.INFO: Cron ran at: 13-03-2026 11:33:14 PM [] []
[2026-03-13 23:33:14] SlimMonoLogger.INFO: Cron ran at: 13-03-2026 11:33:14 PM [] []
[2026-03-13 23:33:15] SlimMonoLogger.INFO: Cron ran at: 13-03-2026 11:33:15 PM [] []
[2026-03-13 23:33:16] SlimMonoLogger.INFO: Cron ran at: 13-03-2026 11:33:16 PM [] []
[2026-03-13 23:33:20] SlimMonoLogger.INFO: Cron ran at: 13-03-2026 11:33:20 PM [] []
[2026-03-13 23:33:20] SlimMonoLogger.INFO: Cron ran at: 13-03-2026 11:33:20 PM [] []
[2026-03-13 23:33:21] SlimMonoLogger.INFO: Cron ran at: 13-03-2026 11:33:21 PM [] []
[2026-03-13 23:33:23] SlimMonoLogger.INFO: Cron ran at: 13-03-2026 11:33:23 PM [] []
[2026-03-13 23:33:24] SlimMonoLogger.INFO: Cron ran at: 13-03-2026 11:33:24 PM [] []
[2026-03-13 23:33:28] SlimMonoLogger.INFO: Cron ran at: 13-03-2026 11:33:28 PM [] []
[2026-03-13 23:33:28] SlimMonoLogger.INFO: Cron ran at: 13-03-2026 11:33:28 PM [] []
[2026-03-13 23:33:31] SlimMonoLogger.INFO: Cron ran at: 13-03-2026 11:33:31 PM [] []
[2026-03-13 23:33:40] SlimMonoLogger.INFO: Cron ran at: 13-03-2026 11:33:40 PM [] []
[2026-03-13 23:33:45] SlimMonoLogger.INFO: Cron ran at: 13-03-2026 11:33:45 PM [] []
[2026-03-13 23:33:45] SlimMonoLogger.INFO: Cron ran at: 13-03-2026 11:33:45 PM [] []
[2026-03-13 23:36:28] SlimMonoLogger.INFO: Cron ran at: 13-03-2026 11:36:28 PM [] []
[2026-03-13 23:36:56] SlimMonoLogger.ERROR: Requests_Exception: cURL error 28: Operation timed out after 500000 milliseconds with 0 bytes received in /home/latihtal/public_html/agregator1/src/vendor/rmccue/requests/library/Requests/Transport/cURL.php:422
Stack trace:
#0 /home/latihtal/public_html/agregator1/src/vendor/rmccue/requests/library/Requests/Transport/cURL.php(177): Requests_Transport_cURL->process_response()
#1 /home/latihtal/public_html/agregator1/src/vendor/rmccue/requests/library/Requests.php(379): Requests_Transport_cURL->request()
#2 /home/latihtal/public_html/agregator1/src/vendor/rmccue/requests/library/Requests/Session.php(205): Requests::request()
#3 /home/latihtal/public_html/agregator1/src/vendor/rmccue/requests/library/Requests/Session.php(132): Requests_Session->request()
#4 /home/latihtal/public_html/agregator1/src/drivers/Http/RssImporter.php(144): Requests_Session->get()
#5 /home/latihtal/public_html/agregator1/src/controllers/Dashboard/DashboardFeedsController.php(534): spark\drivers\Http\RssImporter->fetchPosts()
#6 /home/latihtal/public_html/agregator1/src/controllers/Site/SiteController.php(722): spark\controllers\Dashboard\DashboardFeedsController::importFeedPosts()
#7 [internal function]: spark\controllers\Site\SiteController->runTasks()
#8 /home/latihtal/public_html/agregator1/src/framework/Route.php(173): call_user_func_array()
#9 [internal function]: Slim\Route->Slim\{closure}()
#10 /home/latihtal/public_html/agregator1/src/framework/Route.php(468): call_user_func_array()
#11 /home/latihtal/public_html/agregator1/src/framework/Slim.php(1364): Slim\Route->dispatch()
#12 /home/latihtal/public_html/agregator1/src/framework/Middleware/Flash.php(85): Slim\Slim->call()
#13 /home/latihtal/public_html/agregator1/src/framework/Middleware/MethodOverride.php(92): Slim\Middleware\Flash->call()
#14 /home/latihtal/public_html/agregator1/src/middlewares/CsrfGuard/CsrfGuard.php(47): Slim\Middleware\MethodOverride->call()
#15 /home/latihtal/public_html/agregator1/src/framework/Middleware/PrettyExceptions.php(67): spark\middlewares\CsrfGuard\CsrfGuard->call()
#16 /home/latihtal/public_html/agregator1/src/framework/Slim.php(1308): Slim\Middleware\PrettyExceptions->call()
#17 /home/latihtal/public_html/agregator1/index.php(6): Slim\Slim->run()
#18 {main} [] []
[2026-03-13 23:37:16] SlimMonoLogger.INFO: Cron ran at: 13-03-2026 11:37:16 PM [] []
[2026-03-13 23:37:17] SlimMonoLogger.INFO: Cron ran at: 13-03-2026 11:37:17 PM [] []
[2026-03-13 23:38:22] SlimMonoLogger.INFO: Cron ran at: 13-03-2026 11:38:22 PM [] []
[2026-03-13 23:39:19] SlimMonoLogger.INFO: Cron ran at: 13-03-2026 11:39:19 PM [] []
[2026-03-13 23:40:23] SlimMonoLogger.INFO: Cron ran at: 13-03-2026 11:40:23 PM [] []
[2026-03-13 23:40:34] SlimMonoLogger.ERROR: Requests_Exception: cURL error 28: Operation timed out after 500002 milliseconds with 0 bytes received in /home/latihtal/public_html/agregator1/src/vendor/rmccue/requests/library/Requests/Transport/cURL.php:422
Stack trace:
#0 /home/latihtal/public_html/agregator1/src/vendor/rmccue/requests/library/Requests/Transport/cURL.php(177): Requests_Transport_cURL->process_response()
#1 /home/latihtal/public_html/agregator1/src/vendor/rmccue/requests/library/Requests.php(379): Requests_Transport_cURL->request()
#2 /home/latihtal/public_html/agregator1/src/vendor/rmccue/requests/library/Requests/Session.php(205): Requests::request()
#3 /home/latihtal/public_html/agregator1/src/vendor/rmccue/requests/library/Requests/Session.php(132): Requests_Session->request()
#4 /home/latihtal/public_html/agregator1/src/drivers/Http/RssImporter.php(144): Requests_Session->get()
#5 /home/latihtal/public_html/agregator1/src/controllers/Dashboard/DashboardFeedsController.php(534): spark\drivers\Http\RssImporter->fetchPosts()
#6 /home/latihtal/public_html/agregator1/src/controllers/Site/SiteController.php(722): spark\controllers\Dashboard\DashboardFeedsController::importFeedPosts()
#7 [internal function]: spark\controllers\Site\SiteController->runTasks()
#8 /home/latihtal/public_html/agregator1/src/framework/Route.php(173): call_user_func_array()
#9 [internal function]: Slim\Route->Slim\{closure}()
#10 /home/latihtal/public_html/agregator1/src/framework/Route.php(468): call_user_func_array()
#11 /home/latihtal/public_html/agregator1/src/framework/Slim.php(1364): Slim\Route->dispatch()
#12 /home/latihtal/public_html/agregator1/src/framework/Middleware/Flash.php(85): Slim\Slim->call()
#13 /home/latihtal/public_html/agregator1/src/framework/Middleware/MethodOverride.php(92): Slim\Middleware\Flash->call()
#14 /home/latihtal/public_html/agregator1/src/middlewares/CsrfGuard/CsrfGuard.php(47): Slim\Middleware\MethodOverride->call()
#15 /home/latihtal/public_html/agregator1/src/framework/Middleware/PrettyExceptions.php(67): spark\middlewares\CsrfGuard\CsrfGuard->call()
#16 /home/latihtal/public_html/agregator1/src/framework/Slim.php(1308): Slim\Middleware\PrettyExceptions->call()
#17 /home/latihtal/public_html/agregator1/index.php(6): Slim\Slim->run()
#18 {main} [] []
[2026-03-13 23:40:34] SlimMonoLogger.ERROR: Requests_Exception: cURL error 28: Operation timed out after 500002 milliseconds with 0 bytes received in /home/latihtal/public_html/agregator1/src/vendor/rmccue/requests/library/Requests/Transport/cURL.php:422
Stack trace:
#0 /home/latihtal/public_html/agregator1/src/vendor/rmccue/requests/library/Requests/Transport/cURL.php(177): Requests_Transport_cURL->process_response()
#1 /home/latihtal/public_html/agregator1/src/vendor/rmccue/requests/library/Requests.php(379): Requests_Transport_cURL->request()
#2 /home/latihtal/public_html/agregator1/src/vendor/rmccue/requests/library/Requests/Session.php(205): Requests::request()
#3 /home/latihtal/public_html/agregator1/src/vendor/rmccue/requests/library/Requests/Session.php(132): Requests_Session->request()
#4 /home/latihtal/public_html/agregator1/src/drivers/Http/RssImporter.php(144): Requests_Session->get()
#5 /home/latihtal/public_html/agregator1/src/controllers/Dashboard/DashboardFeedsController.php(534): spark\drivers\Http\RssImporter->fetchPosts()
#6 /home/latihtal/public_html/agregator1/src/controllers/Site/SiteController.php(722): spark\controllers\Dashboard\DashboardFeedsController::importFeedPosts()
#7 [internal function]: spark\controllers\Site\SiteController->runTasks()
#8 /home/latihtal/public_html/agregator1/src/framework/Route.php(173): call_user_func_array()
#9 [internal function]: Slim\Route->Slim\{closure}()
#10 /home/latihtal/public_html/agregator1/src/framework/Route.php(468): call_user_func_array()
#11 /home/latihtal/public_html/agregator1/src/framework/Slim.php(1364): Slim\Route->dispatch()
#12 /home/latihtal/public_html/agregator1/src/framework/Middleware/Flash.php(85): Slim\Slim->call()
#13 /home/latihtal/public_html/agregator1/src/framework/Middleware/MethodOverride.php(92): Slim\Middleware\Flash->call()
#14 /home/latihtal/public_html/agregator1/src/middlewares/CsrfGuard/CsrfGuard.php(47): Slim\Middleware\MethodOverride->call()
#15 /home/latihtal/public_html/agregator1/src/framework/Middleware/PrettyExceptions.php(67): spark\middlewares\CsrfGuard\CsrfGuard->call()
#16 /home/latihtal/public_html/agregator1/src/framework/Slim.php(1308): Slim\Middleware\PrettyExceptions->call()
#17 /home/latihtal/public_html/agregator1/index.php(6): Slim\Slim->run()
#18 {main} [] []
[2026-03-13 23:41:00] SlimMonoLogger.INFO: Cron ran at: 13-03-2026 11:41:00 PM [] []
[2026-03-13 23:41:01] SlimMonoLogger.INFO: Cron ran at: 13-03-2026 11:41:01 PM [] []
[2026-03-13 23:41:25] SlimMonoLogger.INFO: Cron ran at: 13-03-2026 11:41:25 PM [] []
[2026-03-13 23:41:25] SlimMonoLogger.INFO: Cron ran at: 13-03-2026 11:41:25 PM [] []
[2026-03-13 23:42:28] SlimMonoLogger.INFO: Cron ran at: 13-03-2026 11:42:28 PM [] []
[2026-03-13 23:42:28] SlimMonoLogger.INFO: Cron ran at: 13-03-2026 11:42:28 PM [] []
[2026-03-13 23:43:26] SlimMonoLogger.INFO: Cron ran at: 13-03-2026 11:43:26 PM [] []
[2026-03-13 23:43:28] SlimMonoLogger.INFO: Cron ran at: 13-03-2026 11:43:28 PM [] []
[2026-03-13 23:44:29] SlimMonoLogger.INFO: Cron ran at: 13-03-2026 11:44:29 PM [] []
[2026-03-13 23:44:29] SlimMonoLogger.INFO: Cron ran at: 13-03-2026 11:44:29 PM [] []
[2026-03-13 23:45:29] SlimMonoLogger.INFO: Cron ran at: 13-03-2026 11:45:29 PM [] []
[2026-03-13 23:45:30] SlimMonoLogger.INFO: Cron ran at: 13-03-2026 11:45:30 PM [] []
[2026-03-13 23:46:26] SlimMonoLogger.INFO: Cron ran at: 13-03-2026 11:46:26 PM [] []
[2026-03-13 23:46:26] SlimMonoLogger.INFO: Cron ran at: 13-03-2026 11:46:26 PM [] []
[2026-03-13 23:46:27] SlimMonoLogger.INFO: Cron ran at: 13-03-2026 11:46:27 PM [] []
[2026-03-13 23:47:20] SlimMonoLogger.INFO: Cron ran at: 13-03-2026 11:47:20 PM [] []
[2026-03-13 23:47:21] SlimMonoLogger.INFO: Cron ran at: 13-03-2026 11:47:21 PM [] []
[2026-03-13 23:47:28] SlimMonoLogger.INFO: Cron ran at: 13-03-2026 11:47:28 PM [] []
[2026-03-13 23:48:32] SlimMonoLogger.INFO: Cron ran at: 13-03-2026 11:48:32 PM [] []
[2026-03-13 23:48:32] SlimMonoLogger.INFO: Cron ran at: 13-03-2026 11:48:32 PM [] []
[2026-03-13 23:48:34] SlimMonoLogger.INFO: Cron ran at: 13-03-2026 11:48:34 PM [] []
[2026-03-13 23:49:32] SlimMonoLogger.INFO: Cron ran at: 13-03-2026 11:49:32 PM [] []
[2026-03-13 23:49:32] SlimMonoLogger.INFO: Cron ran at: 13-03-2026 11:49:32 PM [] []
[2026-03-13 23:49:37] SlimMonoLogger.INFO: Cron ran at: 13-03-2026 11:49:37 PM [] []
[2026-03-13 23:50:35] SlimMonoLogger.INFO: Cron ran at: 13-03-2026 11:50:35 PM [] []
[2026-03-13 23:50:35] SlimMonoLogger.INFO: Cron ran at: 13-03-2026 11:50:35 PM [] []
[2026-03-13 23:50:37] SlimMonoLogger.INFO: Cron ran at: 13-03-2026 11:50:37 PM [] []
[2026-03-13 23:51:33] SlimMonoLogger.INFO: Cron ran at: 13-03-2026 11:51:33 PM [] []
[2026-03-13 23:51:35] SlimMonoLogger.INFO: Cron ran at: 13-03-2026 11:51:35 PM [] []
[2026-03-13 23:51:38] SlimMonoLogger.INFO: Cron ran at: 13-03-2026 11:51:38 PM [] []
[2026-03-13 23:51:45] SlimMonoLogger.INFO: Cron ran at: 13-03-2026 11:51:45 PM [] []
[2026-03-13 23:52:32] SlimMonoLogger.INFO: Cron ran at: 13-03-2026 11:52:32 PM [] []
[2026-03-13 23:52:33] SlimMonoLogger.INFO: Cron ran at: 13-03-2026 11:52:33 PM [] []
[2026-03-13 23:52:40] SlimMonoLogger.INFO: Cron ran at: 13-03-2026 11:52:40 PM [] []
[2026-03-13 23:52:41] SlimMonoLogger.INFO: Cron ran at: 13-03-2026 11:52:41 PM [] []
[2026-03-13 23:53:33] SlimMonoLogger.INFO: Cron ran at: 13-03-2026 11:53:33 PM [] []
[2026-03-13 23:53:33] SlimMonoLogger.INFO: Cron ran at: 13-03-2026 11:53:33 PM [] []
[2026-03-13 23:53:35] SlimMonoLogger.INFO: Cron ran at: 13-03-2026 11:53:35 PM [] []
[2026-03-13 23:53:37] SlimMonoLogger.INFO: Cron ran at: 13-03-2026 11:53:37 PM [] []
[2026-03-13 23:54:28] SlimMonoLogger.INFO: Cron ran at: 13-03-2026 11:54:28 PM [] []
[2026-03-13 23:54:28] SlimMonoLogger.INFO: Cron ran at: 13-03-2026 11:54:28 PM [] []
[2026-03-13 23:54:39] SlimMonoLogger.INFO: Cron ran at: 13-03-2026 11:54:39 PM [] []
[2026-03-13 23:54:42] SlimMonoLogger.INFO: Cron ran at: 13-03-2026 11:54:42 PM [] []
[2026-03-13 23:55:20] SlimMonoLogger.INFO: Cron ran at: 13-03-2026 11:55:20 PM [] []
[2026-03-13 23:55:22] SlimMonoLogger.INFO: Cron ran at: 13-03-2026 11:55:22 PM [] []
[2026-03-13 23:55:34] SlimMonoLogger.INFO: Cron ran at: 13-03-2026 11:55:34 PM [] []
[2026-03-13 23:55:43] SlimMonoLogger.INFO: Cron ran at: 13-03-2026 11:55:43 PM [] []
[2026-03-13 23:56:39] SlimMonoLogger.INFO: Cron ran at: 13-03-2026 11:56:39 PM [] []
[2026-03-13 23:56:39] SlimMonoLogger.INFO: Cron ran at: 13-03-2026 11:56:39 PM [] []
[2026-03-13 23:56:39] SlimMonoLogger.INFO: Cron ran at: 13-03-2026 11:56:39 PM [] []
[2026-03-13 23:56:42] SlimMonoLogger.INFO: Cron ran at: 13-03-2026 11:56:42 PM [] []
[2026-03-13 23:56:47] SlimMonoLogger.INFO: Cron ran at: 13-03-2026 11:56:47 PM [] []
[2026-03-13 23:57:24] SlimMonoLogger.INFO: Cron ran at: 13-03-2026 11:57:24 PM [] []
[2026-03-13 23:57:26] SlimMonoLogger.INFO: Cron ran at: 13-03-2026 11:57:26 PM [] []
[2026-03-13 23:57:27] SlimMonoLogger.INFO: Cron ran at: 13-03-2026 11:57:27 PM [] []
[2026-03-13 23:57:44] SlimMonoLogger.INFO: Cron ran at: 13-03-2026 11:57:44 PM [] []
[2026-03-13 23:57:54] SlimMonoLogger.INFO: Cron ran at: 13-03-2026 11:57:54 PM [] []
[2026-03-13 23:58:27] SlimMonoLogger.INFO: Cron ran at: 13-03-2026 11:58:27 PM [] []
[2026-03-13 23:58:28] SlimMonoLogger.INFO: Cron ran at: 13-03-2026 11:58:28 PM [] []
[2026-03-13 23:58:32] SlimMonoLogger.INFO: Cron ran at: 13-03-2026 11:58:32 PM [] []
[2026-03-13 23:58:55] SlimMonoLogger.INFO: Cron ran at: 13-03-2026 11:58:55 PM [] []
[2026-03-13 23:59:18] SlimMonoLogger.INFO: Cron ran at: 13-03-2026 11:59:18 PM [] []
[2026-03-13 23:59:18] SlimMonoLogger.INFO: Cron ran at: 13-03-2026 11:59:18 PM [] []
[2026-03-13 23:59:28] SlimMonoLogger.INFO: Cron ran at: 13-03-2026 11:59:28 PM [] []
[2026-03-13 23:59:52] SlimMonoLogger.INFO: Cron ran at: 13-03-2026 11:59:52 PM [] []
[2026-03-13 23:59:53] SlimMonoLogger.INFO: Cron ran at: 13-03-2026 11:59:53 PM [] []
[2026-03-13 23:59:57] SlimMonoLogger.INFO: Cron ran at: 13-03-2026 11:59:57 PM [] []
[2026-03-14 00:00:29] SlimMonoLogger.INFO: Cron ran at: 14-03-2026 12:00:29 AM [] []
[2026-03-14 00:00:32] SlimMonoLogger.INFO: Cron ran at: 14-03-2026 12:00:32 AM [] []
[2026-03-14 00:00:45] SlimMonoLogger.INFO: Cron ran at: 14-03-2026 12:00:45 AM [] []
[2026-03-14 00:00:54] SlimMonoLogger.INFO: Cron ran at: 14-03-2026 12:00:54 AM [] []
[2026-03-14 00:00:57] SlimMonoLogger.INFO: Cron ran at: 14-03-2026 12:00:57 AM [] []
[2026-03-14 00:01:26] SlimMonoLogger.INFO: Cron ran at: 14-03-2026 12:01:26 AM [] []
[2026-03-14 00:01:27] SlimMonoLogger.INFO: Cron ran at: 14-03-2026 12:01:27 AM [] []
[2026-03-14 00:01:35] SlimMonoLogger.INFO: Cron ran at: 14-03-2026 12:01:35 AM [] []
[2026-03-14 00:01:38] SlimMonoLogger.INFO: Cron ran at: 14-03-2026 12:01:38 AM [] []
[2026-03-14 00:01:50] SlimMonoLogger.INFO: Cron ran at: 14-03-2026 12:01:50 AM [] []
[2026-03-14 00:02:05] SlimMonoLogger.INFO: Cron ran at: 14-03-2026 12:02:05 AM [] []
[2026-03-14 00:02:18] SlimMonoLogger.INFO: Cron ran at: 14-03-2026 12:02:18 AM [] []
[2026-03-14 00:02:23] SlimMonoLogger.INFO: Cron ran at: 14-03-2026 12:02:23 AM [] []
[2026-03-14 00:02:33] SlimMonoLogger.INFO: Cron ran at: 14-03-2026 12:02:33 AM [] []
[2026-03-14 00:02:37] SlimMonoLogger.INFO: Cron ran at: 14-03-2026 12:02:37 AM [] []
[2026-03-14 00:02:58] SlimMonoLogger.INFO: Cron ran at: 14-03-2026 12:02:58 AM [] []
[2026-03-14 00:03:02] SlimMonoLogger.INFO: Cron ran at: 14-03-2026 12:03:02 AM [] []
[2026-03-14 00:03:21] SlimMonoLogger.INFO: Cron ran at: 14-03-2026 12:03:21 AM [] []
[2026-03-14 00:03:24] SlimMonoLogger.INFO: Cron ran at: 14-03-2026 12:03:24 AM [] []
[2026-03-14 00:03:37] SlimMonoLogger.INFO: Cron ran at: 14-03-2026 12:03:37 AM [] []
[2026-03-14 00:03:37] SlimMonoLogger.INFO: Cron ran at: 14-03-2026 12:03:37 AM [] []
[2026-03-14 00:04:01] SlimMonoLogger.INFO: Cron ran at: 14-03-2026 12:04:01 AM [] []
[2026-03-14 00:04:17] SlimMonoLogger.INFO: Cron ran at: 14-03-2026 12:04:17 AM [] []
[2026-03-14 00:04:23] SlimMonoLogger.INFO: Cron ran at: 14-03-2026 12:04:23 AM [] []
[2026-03-14 00:04:24] SlimMonoLogger.INFO: Cron ran at: 14-03-2026 12:04:24 AM [] []
[2026-03-14 00:04:37] SlimMonoLogger.INFO: Cron ran at: 14-03-2026 12:04:37 AM [] []
[2026-03-14 00:04:45] SlimMonoLogger.INFO: Cron ran at: 14-03-2026 12:04:45 AM [] []
[2026-03-14 00:04:53] SlimMonoLogger.INFO: Cron ran at: 14-03-2026 12:04:53 AM [] []
[2026-03-14 00:05:20] SlimMonoLogger.INFO: Cron ran at: 14-03-2026 12:05:20 AM [] []
[2026-03-14 00:05:22] SlimMonoLogger.INFO: Cron ran at: 14-03-2026 12:05:22 AM [] []
[2026-03-14 00:05:28] SlimMonoLogger.INFO: Cron ran at: 14-03-2026 12:05:28 AM [] []
[2026-03-14 00:05:39] SlimMonoLogger.INFO: Cron ran at: 14-03-2026 12:05:39 AM [] []
[2026-03-14 00:05:48] SlimMonoLogger.INFO: Cron ran at: 14-03-2026 12:05:48 AM [] []
[2026-03-14 00:06:11] SlimMonoLogger.INFO: Cron ran at: 14-03-2026 12:06:11 AM [] []
[2026-03-14 00:06:14] SlimMonoLogger.INFO: Cron ran at: 14-03-2026 12:06:14 AM [] []
[2026-03-14 00:06:21] SlimMonoLogger.INFO: Cron ran at: 14-03-2026 12:06:21 AM [] []
[2026-03-14 00:06:21] SlimMonoLogger.INFO: Cron ran at: 14-03-2026 12:06:21 AM [] []
[2026-03-14 00:06:28] SlimMonoLogger.INFO: Cron ran at: 14-03-2026 12:06:28 AM [] []
[2026-03-14 00:06:43] SlimMonoLogger.INFO: Cron ran at: 14-03-2026 12:06:43 AM [] []
[2026-03-14 00:06:43] SlimMonoLogger.INFO: Cron ran at: 14-03-2026 12:06:43 AM [] []
[2026-03-14 00:07:09] SlimMonoLogger.INFO: Cron ran at: 14-03-2026 12:07:09 AM [] []
[2026-03-14 00:07:22] SlimMonoLogger.INFO: Cron ran at: 14-03-2026 12:07:22 AM [] []
[2026-03-14 00:07:24] SlimMonoLogger.INFO: Cron ran at: 14-03-2026 12:07:24 AM [] []
[2026-03-14 00:07:25] SlimMonoLogger.INFO: Cron ran at: 14-03-2026 12:07:25 AM [] []
[2026-03-14 00:07:29] SlimMonoLogger.INFO: Cron ran at: 14-03-2026 12:07:29 AM [] []
[2026-03-14 00:07:41] SlimMonoLogger.INFO: Cron ran at: 14-03-2026 12:07:41 AM [] []
[2026-03-14 00:07:55] SlimMonoLogger.INFO: Cron ran at: 14-03-2026 12:07:55 AM [] []
[2026-03-14 00:08:05] SlimMonoLogger.INFO: Cron ran at: 14-03-2026 12:08:05 AM [] []
[2026-03-14 00:08:22] SlimMonoLogger.INFO: Cron ran at: 14-03-2026 12:08:22 AM [] []
[2026-03-14 00:08:23] SlimMonoLogger.INFO: Cron ran at: 14-03-2026 12:08:23 AM [] []
[2026-03-14 00:08:23] SlimMonoLogger.INFO: Cron ran at: 14-03-2026 12:08:23 AM [] []
[2026-03-14 00:08:35] SlimMonoLogger.INFO: Cron ran at: 14-03-2026 12:08:35 AM [] []
[2026-03-14 00:08:42] SlimMonoLogger.INFO: Cron ran at: 14-03-2026 12:08:42 AM [] []
[2026-03-14 00:08:55] SlimMonoLogger.INFO: Cron ran at: 14-03-2026 12:08:55 AM [] []
[2026-03-14 00:09:15] SlimMonoLogger.INFO: Cron ran at: 14-03-2026 12:09:15 AM [] []
[2026-03-14 00:09:20] SlimMonoLogger.INFO: Cron ran at: 14-03-2026 12:09:20 AM [] []
[2026-03-14 00:09:23] SlimMonoLogger.INFO: Cron ran at: 14-03-2026 12:09:23 AM [] []
[2026-03-14 00:09:25] SlimMonoLogger.INFO: Cron ran at: 14-03-2026 12:09:25 AM [] []
[2026-03-14 00:09:33] SlimMonoLogger.INFO: Cron ran at: 14-03-2026 12:09:33 AM [] []
[2026-03-14 00:09:47] SlimMonoLogger.INFO: Cron ran at: 14-03-2026 12:09:47 AM [] []
[2026-03-14 00:09:51] SlimMonoLogger.INFO: Cron ran at: 14-03-2026 12:09:51 AM [] []
[2026-03-14 00:10:13] SlimMonoLogger.INFO: Cron ran at: 14-03-2026 12:10:13 AM [] []
[2026-03-14 00:10:19] SlimMonoLogger.INFO: Cron ran at: 14-03-2026 12:10:19 AM [] []
[2026-03-14 00:10:25] SlimMonoLogger.INFO: Cron ran at: 14-03-2026 12:10:25 AM [] []
[2026-03-14 00:10:31] SlimMonoLogger.INFO: Cron ran at: 14-03-2026 12:10:31 AM [] []
[2026-03-14 00:10:32] SlimMonoLogger.INFO: Cron ran at: 14-03-2026 12:10:32 AM [] []
[2026-03-14 00:10:50] SlimMonoLogger.INFO: Cron ran at: 14-03-2026 12:10:50 AM [] []
[2026-03-14 00:11:11] SlimMonoLogger.INFO: Cron ran at: 14-03-2026 12:11:11 AM [] []
[2026-03-14 00:11:18] SlimMonoLogger.INFO: Cron ran at: 14-03-2026 12:11:18 AM [] []
[2026-03-14 00:11:20] SlimMonoLogger.INFO: Cron ran at: 14-03-2026 12:11:20 AM [] []
[2026-03-14 00:11:21] SlimMonoLogger.INFO: Cron ran at: 14-03-2026 12:11:21 AM [] []
[2026-03-14 00:11:30] SlimMonoLogger.INFO: Cron ran at: 14-03-2026 12:11:30 AM [] []
[2026-03-14 00:11:43] SlimMonoLogger.INFO: Cron ran at: 14-03-2026 12:11:43 AM [] []
[2026-03-14 00:11:45] SlimMonoLogger.INFO: Cron ran at: 14-03-2026 12:11:45 AM [] []
[2026-03-14 00:11:52] SlimMonoLogger.INFO: Cron ran at: 14-03-2026 12:11:52 AM [] []
[2026-03-14 00:12:02] SlimMonoLogger.INFO: Cron ran at: 14-03-2026 12:12:02 AM [] []
[2026-03-14 00:12:21] SlimMonoLogger.INFO: Cron ran at: 14-03-2026 12:12:21 AM [] []
[2026-03-14 00:12:22] SlimMonoLogger.INFO: Cron ran at: 14-03-2026 12:12:22 AM [] []
[2026-03-14 00:12:28] SlimMonoLogger.INFO: Cron ran at: 14-03-2026 12:12:28 AM [] []
[2026-03-14 00:12:30] SlimMonoLogger.INFO: Cron ran at: 14-03-2026 12:12:30 AM [] []
[2026-03-14 00:12:38] SlimMonoLogger.INFO: Cron ran at: 14-03-2026 12:12:38 AM [] []
[2026-03-14 00:12:40] SlimMonoLogger.INFO: Cron ran at: 14-03-2026 12:12:40 AM [] []
[2026-03-14 00:13:04] SlimMonoLogger.INFO: Cron ran at: 14-03-2026 12:13:04 AM [] []
[2026-03-14 00:13:04] SlimMonoLogger.INFO: Cron ran at: 14-03-2026 12:13:04 AM [] []
[2026-03-14 00:13:20] SlimMonoLogger.INFO: Cron ran at: 14-03-2026 12:13:20 AM [] []
[2026-03-14 00:13:27] SlimMonoLogger.INFO: Cron ran at: 14-03-2026 12:13:27 AM [] []
[2026-03-14 00:13:29] SlimMonoLogger.INFO: Cron ran at: 14-03-2026 12:13:29 AM [] []
[2026-03-14 00:13:29] SlimMonoLogger.INFO: Cron ran at: 14-03-2026 12:13:29 AM [] []
[2026-03-14 00:13:35] SlimMonoLogger.INFO: Cron ran at: 14-03-2026 12:13:35 AM [] []
[2026-03-14 00:13:46] SlimMonoLogger.INFO: Cron ran at: 14-03-2026 12:13:46 AM [] []
[2026-03-14 00:13:56] SlimMonoLogger.INFO: Cron ran at: 14-03-2026 12:13:56 AM [] []
[2026-03-14 00:14:16] SlimMonoLogger.INFO: Cron ran at: 14-03-2026 12:14:16 AM [] []
[2026-03-14 00:14:23] SlimMonoLogger.INFO: Cron ran at: 14-03-2026 12:14:23 AM [] []
[2026-03-14 00:14:24] SlimMonoLogger.INFO: Cron ran at: 14-03-2026 12:14:24 AM [] []
[2026-03-14 00:14:26] SlimMonoLogger.INFO: Cron ran at: 14-03-2026 12:14:26 AM [] []
[2026-03-14 00:14:29] SlimMonoLogger.INFO: Cron ran at: 14-03-2026 12:14:29 AM [] []
[2026-03-14 00:14:46] SlimMonoLogger.INFO: Cron ran at: 14-03-2026 12:14:46 AM [] []
[2026-03-14 00:14:46] SlimMonoLogger.INFO: Cron ran at: 14-03-2026 12:14:46 AM [] []
[2026-03-14 00:14:57] SlimMonoLogger.INFO: Cron ran at: 14-03-2026 12:14:57 AM [] []
[2026-03-14 00:15:13] SlimMonoLogger.INFO: Cron ran at: 14-03-2026 12:15:13 AM [] []
[2026-03-14 00:15:24] SlimMonoLogger.INFO: Cron ran at: 14-03-2026 12:15:24 AM [] []
[2026-03-14 00:15:24] SlimMonoLogger.INFO: Cron ran at: 14-03-2026 12:15:24 AM [] []
[2026-03-14 00:15:33] SlimMonoLogger.INFO: Cron ran at: 14-03-2026 12:15:33 AM [] []
[2026-03-14 00:15:44] SlimMonoLogger.INFO: Cron ran at: 14-03-2026 12:15:44 AM [] []
[2026-03-14 00:15:44] SlimMonoLogger.INFO: Cron ran at: 14-03-2026 12:15:44 AM [] []
[2026-03-14 00:15:44] SlimMonoLogger.INFO: Cron ran at: 14-03-2026 12:15:44 AM [] []
[2026-03-14 00:16:11] SlimMonoLogger.INFO: Cron ran at: 14-03-2026 12:16:11 AM [] []
[2026-03-14 00:16:15] SlimMonoLogger.INFO: Cron ran at: 14-03-2026 12:16:15 AM [] []
[2026-03-14 00:16:21] SlimMonoLogger.INFO: Cron ran at: 14-03-2026 12:16:21 AM [] []
[2026-03-14 00:16:30] SlimMonoLogger.INFO: Cron ran at: 14-03-2026 12:16:30 AM [] []
[2026-03-14 00:16:30] SlimMonoLogger.INFO: Cron ran at: 14-03-2026 12:16:30 AM [] []
[2026-03-14 00:16:44] SlimMonoLogger.INFO: Cron ran at: 14-03-2026 12:16:44 AM [] []
[2026-03-14 00:16:44] SlimMonoLogger.INFO: Cron ran at: 14-03-2026 12:16:44 AM [] []
[2026-03-14 00:16:50] SlimMonoLogger.INFO: Cron ran at: 14-03-2026 12:16:50 AM [] []
[2026-03-14 00:17:04] SlimMonoLogger.INFO: Cron ran at: 14-03-2026 12:17:04 AM [] []
[2026-03-14 00:17:10] SlimMonoLogger.INFO: Cron ran at: 14-03-2026 12:17:10 AM [] []
[2026-03-14 00:17:27] SlimMonoLogger.INFO: Cron ran at: 14-03-2026 12:17:27 AM [] []
[2026-03-14 00:17:27] SlimMonoLogger.INFO: Cron ran at: 14-03-2026 12:17:27 AM [] []
[2026-03-14 00:17:29] SlimMonoLogger.INFO: Cron ran at: 14-03-2026 12:17:29 AM [] []
[2026-03-14 00:17:32] SlimMonoLogger.INFO: Cron ran at: 14-03-2026 12:17:32 AM [] []
[2026-03-14 00:17:43] SlimMonoLogger.INFO: Cron ran at: 14-03-2026 12:17:43 AM [] []
[2026-03-14 00:17:46] SlimMonoLogger.INFO: Cron ran at: 14-03-2026 12:17:46 AM [] []
[2026-03-14 00:18:00] SlimMonoLogger.INFO: Cron ran at: 14-03-2026 12:18:00 AM [] []
[2026-03-14 00:18:01] SlimMonoLogger.INFO: Cron ran at: 14-03-2026 12:18:01 AM [] []
[2026-03-14 00:18:10] SlimMonoLogger.INFO: Cron ran at: 14-03-2026 12:18:10 AM [] []
[2026-03-14 00:18:34] SlimMonoLogger.INFO: Cron ran at: 14-03-2026 12:18:34 AM [] []
[2026-03-14 00:18:34] SlimMonoLogger.INFO: Cron ran at: 14-03-2026 12:18:34 AM [] []
[2026-03-14 00:18:35] SlimMonoLogger.INFO: Cron ran at: 14-03-2026 12:18:35 AM [] []
[2026-03-14 00:18:36] SlimMonoLogger.INFO: Cron ran at: 14-03-2026 12:18:36 AM [] []
[2026-03-14 00:18:41] SlimMonoLogger.INFO: Cron ran at: 14-03-2026 12:18:41 AM [] []
[2026-03-14 00:18:55] SlimMonoLogger.INFO: Cron ran at: 14-03-2026 12:18:55 AM [] []
[2026-03-14 00:18:58] SlimMonoLogger.INFO: Cron ran at: 14-03-2026 12:18:58 AM [] []
[2026-03-14 00:19:07] SlimMonoLogger.INFO: Cron ran at: 14-03-2026 12:19:07 AM [] []
[2026-03-14 00:19:27] SlimMonoLogger.INFO: Cron ran at: 14-03-2026 12:19:27 AM [] []
[2026-03-14 00:19:30] SlimMonoLogger.INFO: Cron ran at: 14-03-2026 12:19:30 AM [] []
[2026-03-14 00:19:31] SlimMonoLogger.INFO: Cron ran at: 14-03-2026 12:19:31 AM [] []
[2026-03-14 00:19:33] SlimMonoLogger.INFO: Cron ran at: 14-03-2026 12:19:33 AM [] []
[2026-03-14 00:19:37] SlimMonoLogger.INFO: Cron ran at: 14-03-2026 12:19:37 AM [] []
[2026-03-14 00:19:50] SlimMonoLogger.INFO: Cron ran at: 14-03-2026 12:19:50 AM [] []
[2026-03-14 00:19:54] SlimMonoLogger.INFO: Cron ran at: 14-03-2026 12:19:54 AM [] []
[2026-03-14 00:19:56] SlimMonoLogger.INFO: Cron ran at: 14-03-2026 12:19:56 AM [] []
[2026-03-14 00:20:21] SlimMonoLogger.INFO: Cron ran at: 14-03-2026 12:20:21 AM [] []
[2026-03-14 00:20:22] SlimMonoLogger.INFO: Cron ran at: 14-03-2026 12:20:22 AM [] []
[2026-03-14 00:20:28] SlimMonoLogger.INFO: Cron ran at: 14-03-2026 12:20:28 AM [] []
[2026-03-14 00:20:36] SlimMonoLogger.INFO: Cron ran at: 14-03-2026 12:20:36 AM [] []
[2026-03-14 00:20:38] SlimMonoLogger.INFO: Cron ran at: 14-03-2026 12:20:38 AM [] []
[2026-03-14 00:20:43] SlimMonoLogger.INFO: Cron ran at: 14-03-2026 12:20:43 AM [] []
[2026-03-14 00:20:54] SlimMonoLogger.INFO: Cron ran at: 14-03-2026 12:20:54 AM [] []
[2026-03-14 00:20:54] SlimMonoLogger.INFO: Cron ran at: 14-03-2026 12:20:54 AM [] []
[2026-03-14 00:21:12] SlimMonoLogger.INFO: Cron ran at: 14-03-2026 12:21:12 AM [] []
[2026-03-14 00:21:12] SlimMonoLogger.INFO: Cron ran at: 14-03-2026 12:21:12 AM [] []
[2026-03-14 00:21:21] SlimMonoLogger.INFO: Cron ran at: 14-03-2026 12:21:21 AM [] []
[2026-03-14 00:21:26] SlimMonoLogger.INFO: Cron ran at: 14-03-2026 12:21:26 AM [] []
[2026-03-14 00:21:30] SlimMonoLogger.INFO: Cron ran at: 14-03-2026 12:21:30 AM [] []
[2026-03-14 00:21:32] SlimMonoLogger.INFO: Cron ran at: 14-03-2026 12:21:32 AM [] []
[2026-03-14 00:21:34] SlimMonoLogger.INFO: Cron ran at: 14-03-2026 12:21:34 AM [] []
[2026-03-14 00:21:41] SlimMonoLogger.INFO: Cron ran at: 14-03-2026 12:21:41 AM [] []
[2026-03-14 00:21:48] SlimMonoLogger.INFO: Cron ran at: 14-03-2026 12:21:48 AM [] []
[2026-03-14 00:22:08] SlimMonoLogger.INFO: Cron ran at: 14-03-2026 12:22:08 AM [] []
[2026-03-14 00:22:08] SlimMonoLogger.INFO: Cron ran at: 14-03-2026 12:22:08 AM [] []
[2026-03-14 00:22:17] SlimMonoLogger.INFO: Cron ran at: 14-03-2026 12:22:17 AM [] []
[2026-03-14 00:22:29] SlimMonoLogger.INFO: Cron ran at: 14-03-2026 12:22:29 AM [] []
[2026-03-14 00:22:30] SlimMonoLogger.INFO: Cron ran at: 14-03-2026 12:22:30 AM [] []
[2026-03-14 00:22:32] SlimMonoLogger.INFO: Cron ran at: 14-03-2026 12:22:32 AM [] []
[2026-03-14 00:22:34] SlimMonoLogger.INFO: Cron ran at: 14-03-2026 12:22:34 AM [] []
[2026-03-14 00:22:44] SlimMonoLogger.INFO: Cron ran at: 14-03-2026 12:22:44 AM [] []
[2026-03-14 00:22:44] SlimMonoLogger.INFO: Cron ran at: 14-03-2026 12:22:44 AM [] []
[2026-03-14 00:23:00] SlimMonoLogger.INFO: Cron ran at: 14-03-2026 12:23:00 AM [] []
[2026-03-14 00:23:09] SlimMonoLogger.INFO: Cron ran at: 14-03-2026 12:23:09 AM [] []
[2026-03-14 00:23:11] SlimMonoLogger.INFO: Cron ran at: 14-03-2026 12:23:11 AM [] []
[2026-03-14 00:23:32] SlimMonoLogger.INFO: Cron ran at: 14-03-2026 12:23:32 AM [] []
[2026-03-14 00:23:32] SlimMonoLogger.INFO: Cron ran at: 14-03-2026 12:23:32 AM [] []
[2026-03-14 00:23:32] SlimMonoLogger.INFO: Cron ran at: 14-03-2026 12:23:32 AM [] []
[2026-03-14 00:23:36] SlimMonoLogger.INFO: Cron ran at: 14-03-2026 12:23:36 AM [] []
[2026-03-14 00:23:36] SlimMonoLogger.INFO: Cron ran at: 14-03-2026 12:23:36 AM [] []
[2026-03-14 00:23:41] SlimMonoLogger.INFO: Cron ran at: 14-03-2026 12:23:41 AM [] []
[2026-03-14 00:23:45] SlimMonoLogger.INFO: Cron ran at: 14-03-2026 12:23:45 AM [] []
[2026-03-14 00:23:49] SlimMonoLogger.INFO: Cron ran at: 14-03-2026 12:23:49 AM [] []
[2026-03-14 00:23:58] SlimMonoLogger.INFO: Cron ran at: 14-03-2026 12:23:58 AM [] []
[2026-03-14 00:24:12] SlimMonoLogger.INFO: Cron ran at: 14-03-2026 12:24:12 AM [] []
[2026-03-14 00:24:13] SlimMonoLogger.INFO: Cron ran at: 14-03-2026 12:24:13 AM [] []
[2026-03-14 00:24:18] SlimMonoLogger.INFO: Cron ran at: 14-03-2026 12:24:18 AM [] []
[2026-03-14 00:24:23] SlimMonoLogger.INFO: Cron ran at: 14-03-2026 12:24:23 AM [] []
[2026-03-14 00:24:24] SlimMonoLogger.INFO: Cron ran at: 14-03-2026 12:24:24 AM [] []
[2026-03-14 00:24:24] SlimMonoLogger.INFO: Cron ran at: 14-03-2026 12:24:24 AM [] []
[2026-03-14 00:24:37] SlimMonoLogger.INFO: Cron ran at: 14-03-2026 12:24:37 AM [] []
[2026-03-14 00:24:39] SlimMonoLogger.INFO: Cron ran at: 14-03-2026 12:24:39 AM [] []
[2026-03-14 00:24:44] SlimMonoLogger.INFO: Cron ran at: 14-03-2026 12:24:44 AM [] []
[2026-03-14 00:25:07] SlimMonoLogger.INFO: Cron ran at: 14-03-2026 12:25:07 AM [] []
[2026-03-14 00:25:07] SlimMonoLogger.INFO: Cron ran at: 14-03-2026 12:25:07 AM [] []
[2026-03-14 00:25:14] SlimMonoLogger.INFO: Cron ran at: 14-03-2026 12:25:14 AM [] []
[2026-03-14 00:25:15] SlimMonoLogger.INFO: Cron ran at: 14-03-2026 12:25:15 AM [] []
[2026-03-14 00:25:23] SlimMonoLogger.INFO: Cron ran at: 14-03-2026 12:25:23 AM [] []
[2026-03-14 00:25:24] SlimMonoLogger.INFO: Cron ran at: 14-03-2026 12:25:24 AM [] []
[2026-03-14 00:25:34] SlimMonoLogger.INFO: Cron ran at: 14-03-2026 12:25:34 AM [] []
[2026-03-14 00:25:34] SlimMonoLogger.INFO: Cron ran at: 14-03-2026 12:25:34 AM [] []
[2026-03-14 00:25:38] SlimMonoLogger.INFO: Cron ran at: 14-03-2026 12:25:38 AM [] []
[2026-03-14 00:25:57] SlimMonoLogger.INFO: Cron ran at: 14-03-2026 12:25:57 AM [] []
[2026-03-14 00:26:06] SlimMonoLogger.INFO: Cron ran at: 14-03-2026 12:26:06 AM [] []
[2026-03-14 00:26:06] SlimMonoLogger.INFO: Cron ran at: 14-03-2026 12:26:06 AM [] []
[2026-03-14 00:26:15] SlimMonoLogger.INFO: Cron ran at: 14-03-2026 12:26:15 AM [] []
[2026-03-14 00:26:19] SlimMonoLogger.INFO: Cron ran at: 14-03-2026 12:26:19 AM [] []
[2026-03-14 00:26:24] SlimMonoLogger.INFO: Cron ran at: 14-03-2026 12:26:24 AM [] []
[2026-03-14 00:26:25] SlimMonoLogger.INFO: Cron ran at: 14-03-2026 12:26:25 AM [] []
[2026-03-14 00:26:33] SlimMonoLogger.INFO: Cron ran at: 14-03-2026 12:26:33 AM [] []
[2026-03-14 00:26:34] SlimMonoLogger.INFO: Cron ran at: 14-03-2026 12:26:34 AM [] []
[2026-03-14 00:26:44] SlimMonoLogger.INFO: Cron ran at: 14-03-2026 12:26:44 AM [] []
[2026-03-14 00:26:57] SlimMonoLogger.INFO: Cron ran at: 14-03-2026 12:26:57 AM [] []
[2026-03-14 00:26:57] SlimMonoLogger.INFO: Cron ran at: 14-03-2026 12:26:57 AM [] []
[2026-03-14 00:27:14] SlimMonoLogger.INFO: Cron ran at: 14-03-2026 12:27:14 AM [] []
[2026-03-14 00:27:15] SlimMonoLogger.INFO: Cron ran at: 14-03-2026 12:27:15 AM [] []
[2026-03-14 00:27:23] SlimMonoLogger.INFO: Cron ran at: 14-03-2026 12:27:23 AM [] []
[2026-03-14 00:27:23] SlimMonoLogger.INFO: Cron ran at: 14-03-2026 12:27:23 AM [] []
[2026-03-14 00:27:23] SlimMonoLogger.INFO: Cron ran at: 14-03-2026 12:27:23 AM [] []
[2026-03-14 00:27:25] SlimMonoLogger.INFO: Cron ran at: 14-03-2026 12:27:25 AM [] []
[2026-03-14 00:27:35] SlimMonoLogger.INFO: Cron ran at: 14-03-2026 12:27:35 AM [] []
[2026-03-14 00:27:36] SlimMonoLogger.INFO: Cron ran at: 14-03-2026 12:27:36 AM [] []
[2026-03-14 00:27:54] SlimMonoLogger.INFO: Cron ran at: 14-03-2026 12:27:54 AM [] []
[2026-03-14 00:27:54] SlimMonoLogger.INFO: Cron ran at: 14-03-2026 12:27:54 AM [] []
[2026-03-14 00:27:56] SlimMonoLogger.INFO: Cron ran at: 14-03-2026 12:27:56 AM [] []
[2026-03-14 00:28:18] SlimMonoLogger.INFO: Cron ran at: 14-03-2026 12:28:18 AM [] []
[2026-03-14 00:28:18] SlimMonoLogger.INFO: Cron ran at: 14-03-2026 12:28:18 AM [] []
[2026-03-14 00:28:19] SlimMonoLogger.INFO: Cron ran at: 14-03-2026 12:28:19 AM [] []
[2026-03-14 00:28:24] SlimMonoLogger.INFO: Cron ran at: 14-03-2026 12:28:24 AM [] []
[2026-03-14 00:28:28] SlimMonoLogger.INFO: Cron ran at: 14-03-2026 12:28:28 AM [] []
[2026-03-14 00:28:29] SlimMonoLogger.INFO: Cron ran at: 14-03-2026 12:28:29 AM [] []
[2026-03-14 00:28:29] SlimMonoLogger.INFO: Cron ran at: 14-03-2026 12:28:29 AM [] []
[2026-03-14 00:28:54] SlimMonoLogger.INFO: Cron ran at: 14-03-2026 12:28:54 AM [] []
[2026-03-14 00:28:54] SlimMonoLogger.INFO: Cron ran at: 14-03-2026 12:28:54 AM [] []
[2026-03-14 00:28:54] SlimMonoLogger.INFO: Cron ran at: 14-03-2026 12:28:54 AM [] []
[2026-03-14 00:29:07] SlimMonoLogger.INFO: Cron ran at: 14-03-2026 12:29:07 AM [] []
[2026-03-14 00:29:18] SlimMonoLogger.INFO: Cron ran at: 14-03-2026 12:29:18 AM [] []
[2026-03-14 00:29:19] SlimMonoLogger.INFO: Cron ran at: 14-03-2026 12:29:19 AM [] []
[2026-03-14 00:29:23] SlimMonoLogger.INFO: Cron ran at: 14-03-2026 12:29:23 AM [] []
[2026-03-14 00:29:23] SlimMonoLogger.INFO: Cron ran at: 14-03-2026 12:29:23 AM [] []
[2026-03-14 00:29:36] SlimMonoLogger.INFO: Cron ran at: 14-03-2026 12:29:36 AM [] []
[2026-03-14 00:29:39] SlimMonoLogger.INFO: Cron ran at: 14-03-2026 12:29:39 AM [] []
[2026-03-14 00:29:41] SlimMonoLogger.INFO: Cron ran at: 14-03-2026 12:29:41 AM [] []
[2026-03-14 00:29:50] SlimMonoLogger.INFO: Cron ran at: 14-03-2026 12:29:50 AM [] []
[2026-03-14 00:29:51] SlimMonoLogger.INFO: Cron ran at: 14-03-2026 12:29:51 AM [] []
[2026-03-14 00:30:09] SlimMonoLogger.INFO: Cron ran at: 14-03-2026 12:30:09 AM [] []
[2026-03-14 00:30:11] SlimMonoLogger.INFO: Cron ran at: 14-03-2026 12:30:11 AM [] []
[2026-03-14 00:30:16] SlimMonoLogger.INFO: Cron ran at: 14-03-2026 12:30:16 AM [] []
[2026-03-14 00:30:17] SlimMonoLogger.INFO: Cron ran at: 14-03-2026 12:30:17 AM [] []
[2026-03-14 00:30:28] SlimMonoLogger.INFO: Cron ran at: 14-03-2026 12:30:28 AM [] []
[2026-03-14 00:30:29] SlimMonoLogger.INFO: Cron ran at: 14-03-2026 12:30:29 AM [] []
[2026-03-14 00:30:30] SlimMonoLogger.INFO: Cron ran at: 14-03-2026 12:30:30 AM [] []
[2026-03-14 00:30:35] SlimMonoLogger.INFO: Cron ran at: 14-03-2026 12:30:35 AM [] []
[2026-03-14 00:30:36] SlimMonoLogger.INFO: Cron ran at: 14-03-2026 12:30:36 AM [] []
[2026-03-14 00:30:49] SlimMonoLogger.INFO: Cron ran at: 14-03-2026 12:30:49 AM [] []
[2026-03-14 00:30:56] SlimMonoLogger.INFO: Cron ran at: 14-03-2026 12:30:56 AM [] []
[2026-03-14 00:31:06] SlimMonoLogger.INFO: Cron ran at: 14-03-2026 12:31:06 AM [] []
[2026-03-14 00:31:08] SlimMonoLogger.INFO: Cron ran at: 14-03-2026 12:31:08 AM [] []
[2026-03-14 00:31:19] SlimMonoLogger.INFO: Cron ran at: 14-03-2026 12:31:19 AM [] []
[2026-03-14 00:31:22] SlimMonoLogger.INFO: Cron ran at: 14-03-2026 12:31:22 AM [] []
[2026-03-14 00:31:22] SlimMonoLogger.INFO: Cron ran at: 14-03-2026 12:31:22 AM [] []
[2026-03-14 00:31:27] SlimMonoLogger.INFO: Cron ran at: 14-03-2026 12:31:27 AM [] []
[2026-03-14 00:31:30] SlimMonoLogger.INFO: Cron ran at: 14-03-2026 12:31:30 AM [] []
[2026-03-14 00:31:32] SlimMonoLogger.INFO: Cron ran at: 14-03-2026 12:31:32 AM [] []
[2026-03-14 00:31:34] SlimMonoLogger.INFO: Cron ran at: 14-03-2026 12:31:34 AM [] []
[2026-03-14 00:31:37] SlimMonoLogger.INFO: Cron ran at: 14-03-2026 12:31:37 AM [] []
[2026-03-14 00:32:00] SlimMonoLogger.INFO: Cron ran at: 14-03-2026 12:32:00 AM [] []
[2026-03-14 00:32:00] SlimMonoLogger.INFO: Cron ran at: 14-03-2026 12:32:00 AM [] []
[2026-03-14 00:32:02] SlimMonoLogger.INFO: Cron ran at: 14-03-2026 12:32:02 AM [] []
[2026-03-14 00:32:22] SlimMonoLogger.INFO: Cron ran at: 14-03-2026 12:32:22 AM [] []
[2026-03-14 00:32:22] SlimMonoLogger.INFO: Cron ran at: 14-03-2026 12:32:22 AM [] []
[2026-03-14 00:32:23] SlimMonoLogger.INFO: Cron ran at: 14-03-2026 12:32:23 AM [] []
[2026-03-14 00:32:24] SlimMonoLogger.INFO: Cron ran at: 14-03-2026 12:32:24 AM [] []
[2026-03-14 00:32:24] SlimMonoLogger.INFO: Cron ran at: 14-03-2026 12:32:24 AM [] []
[2026-03-14 00:32:30] SlimMonoLogger.INFO: Cron ran at: 14-03-2026 12:32:30 AM [] []
[2026-03-14 00:32:35] SlimMonoLogger.INFO: Cron ran at: 14-03-2026 12:32:35 AM [] []
[2026-03-14 00:32:43] SlimMonoLogger.INFO: Cron ran at: 14-03-2026 12:32:43 AM [] []
[2026-03-14 00:32:44] SlimMonoLogger.INFO: Cron ran at: 14-03-2026 12:32:44 AM [] []
[2026-03-14 00:33:03] SlimMonoLogger.INFO: Cron ran at: 14-03-2026 12:33:03 AM [] []
[2026-03-14 00:33:05] SlimMonoLogger.INFO: Cron ran at: 14-03-2026 12:33:05 AM [] []
[2026-03-14 00:33:17] SlimMonoLogger.INFO: Cron ran at: 14-03-2026 12:33:17 AM [] []
[2026-03-14 00:33:17] SlimMonoLogger.INFO: Cron ran at: 14-03-2026 12:33:17 AM [] []
[2026-03-14 00:33:17] SlimMonoLogger.INFO: Cron ran at: 14-03-2026 12:33:17 AM [] []
[2026-03-14 00:33:17] SlimMonoLogger.INFO: Cron ran at: 14-03-2026 12:33:17 AM [] []
[2026-03-14 00:33:29] SlimMonoLogger.INFO: Cron ran at: 14-03-2026 12:33:29 AM [] []
[2026-03-14 00:33:29] SlimMonoLogger.INFO: Cron ran at: 14-03-2026 12:33:29 AM [] []
[2026-03-14 00:33:40] SlimMonoLogger.INFO: Cron ran at: 14-03-2026 12:33:40 AM [] []
[2026-03-14 00:33:46] SlimMonoLogger.INFO: Cron ran at: 14-03-2026 12:33:46 AM [] []
[2026-03-14 00:33:46] SlimMonoLogger.INFO: Cron ran at: 14-03-2026 12:33:46 AM [] []
[2026-03-14 00:33:56] SlimMonoLogger.INFO: Cron ran at: 14-03-2026 12:33:56 AM [] []
[2026-03-14 00:34:02] SlimMonoLogger.INFO: Cron ran at: 14-03-2026 12:34:02 AM [] []
[2026-03-14 00:34:15] SlimMonoLogger.INFO: Cron ran at: 14-03-2026 12:34:15 AM [] []
[2026-03-14 00:34:15] SlimMonoLogger.INFO: Cron ran at: 14-03-2026 12:34:15 AM [] []
[2026-03-14 00:34:16] SlimMonoLogger.INFO: Cron ran at: 14-03-2026 12:34:16 AM [] []
[2026-03-14 00:34:16] SlimMonoLogger.INFO: Cron ran at: 14-03-2026 12:34:16 AM [] []
[2026-03-14 00:34:29] SlimMonoLogger.INFO: Cron ran at: 14-03-2026 12:34:29 AM [] []
[2026-03-14 00:34:37] SlimMonoLogger.INFO: Cron ran at: 14-03-2026 12:34:37 AM [] []
[2026-03-14 00:34:38] SlimMonoLogger.INFO: Cron ran at: 14-03-2026 12:34:38 AM [] []
[2026-03-14 00:34:38] SlimMonoLogger.INFO: Cron ran at: 14-03-2026 12:34:38 AM [] []
[2026-03-14 00:34:42] SlimMonoLogger.INFO: Cron ran at: 14-03-2026 12:34:42 AM [] []
[2026-03-14 00:34:42] SlimMonoLogger.INFO: Cron ran at: 14-03-2026 12:34:42 AM [] []
[2026-03-14 00:35:05] SlimMonoLogger.INFO: Cron ran at: 14-03-2026 12:35:05 AM [] []
[2026-03-14 00:35:06] SlimMonoLogger.INFO: Cron ran at: 14-03-2026 12:35:06 AM [] []
[2026-03-14 00:35:12] SlimMonoLogger.INFO: Cron ran at: 14-03-2026 12:35:12 AM [] []
[2026-03-14 00:35:13] SlimMonoLogger.INFO: Cron ran at: 14-03-2026 12:35:13 AM [] []
[2026-03-14 00:35:24] SlimMonoLogger.INFO: Cron ran at: 14-03-2026 12:35:24 AM [] []
[2026-03-14 00:35:24] SlimMonoLogger.INFO: Cron ran at: 14-03-2026 12:35:24 AM [] []
[2026-03-14 00:35:27] SlimMonoLogger.INFO: Cron ran at: 14-03-2026 12:35:27 AM [] []
[2026-03-14 00:35:39] SlimMonoLogger.INFO: Cron ran at: 14-03-2026 12:35:39 AM [] []
[2026-03-14 00:35:39] SlimMonoLogger.INFO: Cron ran at: 14-03-2026 12:35:39 AM [] []
[2026-03-14 00:35:46] SlimMonoLogger.INFO: Cron ran at: 14-03-2026 12:35:46 AM [] []
[2026-03-14 00:35:59] SlimMonoLogger.INFO: Cron ran at: 14-03-2026 12:35:59 AM [] []
[2026-03-14 00:36:00] SlimMonoLogger.INFO: Cron ran at: 14-03-2026 12:36:00 AM [] []
[2026-03-14 00:36:03] SlimMonoLogger.INFO: Cron ran at: 14-03-2026 12:36:03 AM [] []
[2026-03-14 00:36:09] SlimMonoLogger.INFO: Cron ran at: 14-03-2026 12:36:09 AM [] []
[2026-03-14 00:36:13] SlimMonoLogger.INFO: Cron ran at: 14-03-2026 12:36:13 AM [] []
[2026-03-14 00:36:15] SlimMonoLogger.INFO: Cron ran at: 14-03-2026 12:36:15 AM [] []
[2026-03-14 00:36:21] SlimMonoLogger.INFO: Cron ran at: 14-03-2026 12:36:21 AM [] []
[2026-03-14 00:36:21] SlimMonoLogger.INFO: Cron ran at: 14-03-2026 12:36:21 AM [] []
[2026-03-14 00:36:22] SlimMonoLogger.INFO: Cron ran at: 14-03-2026 12:36:22 AM [] []
[2026-03-14 00:36:32] SlimMonoLogger.INFO: Cron ran at: 14-03-2026 12:36:32 AM [] []
[2026-03-14 00:36:36] SlimMonoLogger.INFO: Cron ran at: 14-03-2026 12:36:36 AM [] []
[2026-03-14 00:36:37] SlimMonoLogger.INFO: Cron ran at: 14-03-2026 12:36:37 AM [] []
[2026-03-14 00:36:53] SlimMonoLogger.INFO: Cron ran at: 14-03-2026 12:36:53 AM [] []
[2026-03-14 00:36:53] SlimMonoLogger.INFO: Cron ran at: 14-03-2026 12:36:53 AM [] []
[2026-03-14 00:37:00] SlimMonoLogger.INFO: Cron ran at: 14-03-2026 12:37:00 AM [] []
[2026-03-14 00:37:05] SlimMonoLogger.INFO: Cron ran at: 14-03-2026 12:37:05 AM [] []
[2026-03-14 00:37:09] SlimMonoLogger.INFO: Cron ran at: 14-03-2026 12:37:09 AM [] []
[2026-03-14 00:37:11] SlimMonoLogger.INFO: Cron ran at: 14-03-2026 12:37:11 AM [] []
[2026-03-14 00:37:17] SlimMonoLogger.INFO: Cron ran at: 14-03-2026 12:37:17 AM [] []
[2026-03-14 00:37:20] SlimMonoLogger.INFO: Cron ran at: 14-03-2026 12:37:20 AM [] []
[2026-03-14 00:37:21] SlimMonoLogger.INFO: Cron ran at: 14-03-2026 12:37:21 AM [] []
[2026-03-14 00:37:22] SlimMonoLogger.INFO: Cron ran at: 14-03-2026 12:37:22 AM [] []
[2026-03-14 00:37:33] SlimMonoLogger.INFO: Cron ran at: 14-03-2026 12:37:33 AM [] []
[2026-03-14 00:37:51] SlimMonoLogger.INFO: Cron ran at: 14-03-2026 12:37:51 AM [] []
[2026-03-14 00:37:52] SlimMonoLogger.INFO: Cron ran at: 14-03-2026 12:37:52 AM [] []
[2026-03-14 00:37:52] SlimMonoLogger.INFO: Cron ran at: 14-03-2026 12:37:52 AM [] []
[2026-03-14 00:37:56] SlimMonoLogger.INFO: Cron ran at: 14-03-2026 12:37:56 AM [] []
[2026-03-14 00:37:59] SlimMonoLogger.INFO: Cron ran at: 14-03-2026 12:37:59 AM [] []
[2026-03-14 00:38:15] SlimMonoLogger.INFO: Cron ran at: 14-03-2026 12:38:15 AM [] []
[2026-03-14 00:38:16] SlimMonoLogger.INFO: Cron ran at: 14-03-2026 12:38:16 AM [] []
[2026-03-14 00:38:16] SlimMonoLogger.INFO: Cron ran at: 14-03-2026 12:38:16 AM [] []
[2026-03-14 00:38:18] SlimMonoLogger.INFO: Cron ran at: 14-03-2026 12:38:18 AM [] []
[2026-03-14 00:38:25] SlimMonoLogger.INFO: Cron ran at: 14-03-2026 12:38:25 AM [] []
[2026-03-14 00:38:26] SlimMonoLogger.INFO: Cron ran at: 14-03-2026 12:38:26 AM [] []
[2026-03-14 00:38:27] SlimMonoLogger.INFO: Cron ran at: 14-03-2026 12:38:27 AM [] []
[2026-03-14 00:38:37] SlimMonoLogger.INFO: Cron ran at: 14-03-2026 12:38:37 AM [] []
[2026-03-14 00:38:51] SlimMonoLogger.INFO: Cron ran at: 14-03-2026 12:38:51 AM [] []
[2026-03-14 00:38:52] SlimMonoLogger.INFO: Cron ran at: 14-03-2026 12:38:52 AM [] []
[2026-03-14 00:38:53] SlimMonoLogger.INFO: Cron ran at: 14-03-2026 12:38:53 AM [] []
[2026-03-14 00:39:05] SlimMonoLogger.INFO: Cron ran at: 14-03-2026 12:39:05 AM [] []
[2026-03-14 00:39:13] SlimMonoLogger.INFO: Cron ran at: 14-03-2026 12:39:13 AM [] []
[2026-03-14 00:39:15] SlimMonoLogger.INFO: Cron ran at: 14-03-2026 12:39:15 AM [] []
[2026-03-14 00:39:16] SlimMonoLogger.INFO: Cron ran at: 14-03-2026 12:39:16 AM [] []
[2026-03-14 00:39:16] SlimMonoLogger.INFO: Cron ran at: 14-03-2026 12:39:16 AM [] []
[2026-03-14 00:39:31] SlimMonoLogger.INFO: Cron ran at: 14-03-2026 12:39:31 AM [] []
[2026-03-14 00:39:33] SlimMonoLogger.INFO: Cron ran at: 14-03-2026 12:39:33 AM [] []
[2026-03-14 00:39:35] SlimMonoLogger.INFO: Cron ran at: 14-03-2026 12:39:35 AM [] []
[2026-03-14 00:39:40] SlimMonoLogger.INFO: Cron ran at: 14-03-2026 12:39:40 AM [] []
[2026-03-14 00:39:49] SlimMonoLogger.INFO: Cron ran at: 14-03-2026 12:39:49 AM [] []
[2026-03-14 00:39:50] SlimMonoLogger.INFO: Cron ran at: 14-03-2026 12:39:50 AM [] []
[2026-03-14 00:40:11] SlimMonoLogger.INFO: Cron ran at: 14-03-2026 12:40:11 AM [] []
[2026-03-14 00:40:11] SlimMonoLogger.INFO: Cron ran at: 14-03-2026 12:40:11 AM [] []
[2026-03-14 00:40:13] SlimMonoLogger.INFO: Cron ran at: 14-03-2026 12:40:13 AM [] []
[2026-03-14 00:40:19] SlimMonoLogger.INFO: Cron ran at: 14-03-2026 12:40:19 AM [] []
[2026-03-14 00:40:22] SlimMonoLogger.INFO: Cron ran at: 14-03-2026 12:40:22 AM [] []
[2026-03-14 00:40:23] SlimMonoLogger.INFO: Cron ran at: 14-03-2026 12:40:23 AM [] []
[2026-03-14 00:40:27] SlimMonoLogger.INFO: Cron ran at: 14-03-2026 12:40:27 AM [] []
[2026-03-14 00:40:36] SlimMonoLogger.INFO: Cron ran at: 14-03-2026 12:40:36 AM [] []
[2026-03-14 00:40:37] SlimMonoLogger.INFO: Cron ran at: 14-03-2026 12:40:37 AM [] []
[2026-03-14 00:40:38] SlimMonoLogger.INFO: Cron ran at: 14-03-2026 12:40:38 AM [] []
[2026-03-14 00:41:00] SlimMonoLogger.INFO: Cron ran at: 14-03-2026 12:41:00 AM [] []
[2026-03-14 00:41:00] SlimMonoLogger.INFO: Cron ran at: 14-03-2026 12:41:00 AM [] []
[2026-03-14 00:41:04] SlimMonoLogger.INFO: Cron ran at: 14-03-2026 12:41:04 AM [] []
[2026-03-14 00:41:06] SlimMonoLogger.INFO: Cron ran at: 14-03-2026 12:41:06 AM [] []
[2026-03-14 00:41:14] SlimMonoLogger.INFO: Cron ran at: 14-03-2026 12:41:14 AM [] []
[2026-03-14 00:41:15] SlimMonoLogger.INFO: Cron ran at: 14-03-2026 12:41:15 AM [] []
[2026-03-14 00:41:28] SlimMonoLogger.INFO: Cron ran at: 14-03-2026 12:41:28 AM [] []
[2026-03-14 00:41:28] SlimMonoLogger.INFO: Cron ran at: 14-03-2026 12:41:28 AM [] []
[2026-03-14 00:41:28] SlimMonoLogger.INFO: Cron ran at: 14-03-2026 12:41:28 AM [] []
[2026-03-14 00:41:31] SlimMonoLogger.ERROR: Requests_Exception: cURL error 28: Operation timed out after 500001 milliseconds with 15828 bytes received in /home/latihtal/public_html/agregator1/src/vendor/rmccue/requests/library/Requests/Transport/cURL.php:422
Stack trace:
#0 /home/latihtal/public_html/agregator1/src/vendor/rmccue/requests/library/Requests/Transport/cURL.php(177): Requests_Transport_cURL->process_response()
#1 /home/latihtal/public_html/agregator1/src/vendor/rmccue/requests/library/Requests.php(379): Requests_Transport_cURL->request()
#2 /home/latihtal/public_html/agregator1/src/vendor/rmccue/requests/library/Requests/Session.php(205): Requests::request()
#3 /home/latihtal/public_html/agregator1/src/vendor/rmccue/requests/library/Requests/Session.php(132): Requests_Session->request()
#4 /home/latihtal/public_html/agregator1/src/drivers/Http/RssImporter.php(144): Requests_Session->get()
#5 /home/latihtal/public_html/agregator1/src/controllers/Dashboard/DashboardFeedsController.php(534): spark\drivers\Http\RssImporter->fetchPosts()
#6 /home/latihtal/public_html/agregator1/src/controllers/Site/SiteController.php(722): spark\controllers\Dashboard\DashboardFeedsController::importFeedPosts()
#7 [internal function]: spark\controllers\Site\SiteController->runTasks()
#8 /home/latihtal/public_html/agregator1/src/framework/Route.php(173): call_user_func_array()
#9 [internal function]: Slim\Route->Slim\{closure}()
#10 /home/latihtal/public_html/agregator1/src/framework/Route.php(468): call_user_func_array()
#11 /home/latihtal/public_html/agregator1/src/framework/Slim.php(1364): Slim\Route->dispatch()
#12 /home/latihtal/public_html/agregator1/src/framework/Middleware/Flash.php(85): Slim\Slim->call()
#13 /home/latihtal/public_html/agregator1/src/framework/Middleware/MethodOverride.php(92): Slim\Middleware\Flash->call()
#14 /home/latihtal/public_html/agregator1/src/middlewares/CsrfGuard/CsrfGuard.php(47): Slim\Middleware\MethodOverride->call()
#15 /home/latihtal/public_html/agregator1/src/framework/Middleware/PrettyExceptions.php(67): spark\middlewares\CsrfGuard\CsrfGuard->call()
#16 /home/latihtal/public_html/agregator1/src/framework/Slim.php(1308): Slim\Middleware\PrettyExceptions->call()
#17 /home/latihtal/public_html/agregator1/index.php(6): Slim\Slim->run()
#18 {main} [] []
[2026-03-14 00:41:32] SlimMonoLogger.INFO: Cron ran at: 14-03-2026 12:41:32 AM [] []
[2026-03-14 00:41:33] SlimMonoLogger.INFO: Cron ran at: 14-03-2026 12:41:33 AM [] []
[2026-03-14 00:41:39] SlimMonoLogger.INFO: Cron ran at: 14-03-2026 12:41:39 AM [] []
[2026-03-14 00:41:50] SlimMonoLogger.INFO: Cron ran at: 14-03-2026 12:41:50 AM [] []
[2026-03-14 00:41:58] SlimMonoLogger.INFO: Cron ran at: 14-03-2026 12:41:58 AM [] []
[2026-03-14 00:41:58] SlimMonoLogger.INFO: Cron ran at: 14-03-2026 12:41:58 AM [] []
[2026-03-14 00:42:01] SlimMonoLogger.INFO: Cron ran at: 14-03-2026 12:42:01 AM [] []
[2026-03-14 00:42:01] SlimMonoLogger.INFO: Cron ran at: 14-03-2026 12:42:01 AM [] []
[2026-03-14 00:42:14] SlimMonoLogger.INFO: Cron ran at: 14-03-2026 12:42:14 AM [] []
[2026-03-14 00:42:18] SlimMonoLogger.INFO: Cron ran at: 14-03-2026 12:42:18 AM [] []
[2026-03-14 00:42:19] SlimMonoLogger.INFO: Cron ran at: 14-03-2026 12:42:19 AM [] []
[2026-03-14 00:42:27] SlimMonoLogger.INFO: Cron ran at: 14-03-2026 12:42:27 AM [] []
[2026-03-14 00:42:27] SlimMonoLogger.INFO: Cron ran at: 14-03-2026 12:42:27 AM [] []
[2026-03-14 00:42:33] SlimMonoLogger.INFO: Cron ran at: 14-03-2026 12:42:33 AM [] []
[2026-03-14 00:42:36] SlimMonoLogger.INFO: Cron ran at: 14-03-2026 12:42:36 AM [] []
[2026-03-14 00:42:59] SlimMonoLogger.INFO: Cron ran at: 14-03-2026 12:42:59 AM [] []
[2026-03-14 00:43:01] SlimMonoLogger.INFO: Cron ran at: 14-03-2026 12:43:01 AM [] []
[2026-03-14 00:43:03] SlimMonoLogger.INFO: Cron ran at: 14-03-2026 12:43:03 AM [] []
[2026-03-14 00:43:18] SlimMonoLogger.INFO: Cron ran at: 14-03-2026 12:43:18 AM [] []
[2026-03-14 00:43:19] SlimMonoLogger.INFO: Cron ran at: 14-03-2026 12:43:19 AM [] []
[2026-03-14 00:43:37] SlimMonoLogger.INFO: Cron ran at: 14-03-2026 12:43:37 AM [] []
[2026-03-14 00:43:37] SlimMonoLogger.INFO: Cron ran at: 14-03-2026 12:43:37 AM [] []
[2026-03-14 00:43:38] SlimMonoLogger.INFO: Cron ran at: 14-03-2026 12:43:38 AM [] []
[2026-03-14 00:43:38] SlimMonoLogger.INFO: Cron ran at: 14-03-2026 12:43:38 AM [] []
[2026-03-14 00:43:41] SlimMonoLogger.INFO: Cron ran at: 14-03-2026 12:43:41 AM [] []
[2026-03-14 00:43:51] SlimMonoLogger.INFO: Cron ran at: 14-03-2026 12:43:51 AM [] []
[2026-03-14 00:44:01] SlimMonoLogger.INFO: Cron ran at: 14-03-2026 12:44:01 AM [] []
[2026-03-14 00:44:01] SlimMonoLogger.INFO: Cron ran at: 14-03-2026 12:44:01 AM [] []
[2026-03-14 00:44:05] SlimMonoLogger.INFO: Cron ran at: 14-03-2026 12:44:05 AM [] []
[2026-03-14 00:44:13] SlimMonoLogger.INFO: Cron ran at: 14-03-2026 12:44:13 AM [] []
[2026-03-14 00:44:14] SlimMonoLogger.INFO: Cron ran at: 14-03-2026 12:44:14 AM [] []
[2026-03-14 00:44:27] SlimMonoLogger.INFO: Cron ran at: 14-03-2026 12:44:27 AM [] []
[2026-03-14 00:44:46] SlimMonoLogger.INFO: Cron ran at: 14-03-2026 12:44:46 AM [] []
[2026-03-14 00:44:46] SlimMonoLogger.INFO: Cron ran at: 14-03-2026 12:44:46 AM [] []
[2026-03-14 00:44:47] SlimMonoLogger.INFO: Cron ran at: 14-03-2026 12:44:47 AM [] []
[2026-03-14 00:44:47] SlimMonoLogger.INFO: Cron ran at: 14-03-2026 12:44:47 AM [] []
[2026-03-14 00:44:58] SlimMonoLogger.INFO: Cron ran at: 14-03-2026 12:44:58 AM [] []
[2026-03-14 00:45:13] SlimMonoLogger.INFO: Cron ran at: 14-03-2026 12:45:13 AM [] []
[2026-03-14 00:45:14] SlimMonoLogger.INFO: Cron ran at: 14-03-2026 12:45:14 AM [] []
[2026-03-14 00:45:15] SlimMonoLogger.INFO: Cron ran at: 14-03-2026 12:45:15 AM [] []
[2026-03-14 00:45:16] SlimMonoLogger.INFO: Cron ran at: 14-03-2026 12:45:16 AM [] []
[2026-03-14 00:45:19] SlimMonoLogger.INFO: Cron ran at: 14-03-2026 12:45:19 AM [] []
[2026-03-14 00:45:31] SlimMonoLogger.INFO: Cron ran at: 14-03-2026 12:45:31 AM [] []
[2026-03-14 00:45:45] SlimMonoLogger.INFO: Cron ran at: 14-03-2026 12:45:45 AM [] []
[2026-03-14 00:45:49] SlimMonoLogger.INFO: Cron ran at: 14-03-2026 12:45:49 AM [] []
[2026-03-14 00:45:50] SlimMonoLogger.INFO: Cron ran at: 14-03-2026 12:45:50 AM [] []
[2026-03-14 00:45:58] SlimMonoLogger.INFO: Cron ran at: 14-03-2026 12:45:58 AM [] []
[2026-03-14 00:46:04] SlimMonoLogger.INFO: Cron ran at: 14-03-2026 12:46:04 AM [] []
[2026-03-14 00:46:05] SlimMonoLogger.INFO: Cron ran at: 14-03-2026 12:46:05 AM [] []
[2026-03-14 00:46:22] SlimMonoLogger.INFO: Cron ran at: 14-03-2026 12:46:22 AM [] []
[2026-03-14 00:46:23] SlimMonoLogger.INFO: Cron ran at: 14-03-2026 12:46:23 AM [] []
[2026-03-14 00:46:23] SlimMonoLogger.INFO: Cron ran at: 14-03-2026 12:46:23 AM [] []
[2026-03-14 00:46:44] SlimMonoLogger.INFO: Cron ran at: 14-03-2026 12:46:44 AM [] []
[2026-03-14 00:46:45] SlimMonoLogger.INFO: Cron ran at: 14-03-2026 12:46:45 AM [] []
[2026-03-14 00:46:47] SlimMonoLogger.INFO: Cron ran at: 14-03-2026 12:46:47 AM [] []
[2026-03-14 00:47:01] SlimMonoLogger.INFO: Cron ran at: 14-03-2026 12:47:01 AM [] []
[2026-03-14 00:47:03] SlimMonoLogger.INFO: Cron ran at: 14-03-2026 12:47:03 AM [] []
[2026-03-14 00:47:12] SlimMonoLogger.INFO: Cron ran at: 14-03-2026 12:47:12 AM [] []
[2026-03-14 00:47:16] SlimMonoLogger.INFO: Cron ran at: 14-03-2026 12:47:16 AM [] []
[2026-03-14 00:47:19] SlimMonoLogger.INFO: Cron ran at: 14-03-2026 12:47:19 AM [] []
[2026-03-14 00:47:21] SlimMonoLogger.INFO: Cron ran at: 14-03-2026 12:47:21 AM [] []
[2026-03-14 00:47:37] SlimMonoLogger.INFO: Cron ran at: 14-03-2026 12:47:37 AM [] []
[2026-03-14 00:47:39] SlimMonoLogger.INFO: Cron ran at: 14-03-2026 12:47:39 AM [] []
[2026-03-14 00:47:40] SlimMonoLogger.INFO: Cron ran at: 14-03-2026 12:47:40 AM [] []
[2026-03-14 00:47:41] SlimMonoLogger.INFO: Cron ran at: 14-03-2026 12:47:41 AM [] []
[2026-03-14 00:47:47] SlimMonoLogger.INFO: Cron ran at: 14-03-2026 12:47:47 AM [] []
[2026-03-14 00:47:58] SlimMonoLogger.INFO: Cron ran at: 14-03-2026 12:47:58 AM [] []
[2026-03-14 00:47:58] SlimMonoLogger.INFO: Cron ran at: 14-03-2026 12:47:58 AM [] []
[2026-03-14 00:48:12] SlimMonoLogger.INFO: Cron ran at: 14-03-2026 12:48:12 AM [] []
[2026-03-14 00:48:29] SlimMonoLogger.INFO: Cron ran at: 14-03-2026 12:48:29 AM [] []
[2026-03-14 00:48:30] SlimMonoLogger.INFO: Cron ran at: 14-03-2026 12:48:30 AM [] []
[2026-03-14 00:48:31] SlimMonoLogger.INFO: Cron ran at: 14-03-2026 12:48:31 AM [] []
[2026-03-14 00:48:35] SlimMonoLogger.INFO: Cron ran at: 14-03-2026 12:48:35 AM [] []
[2026-03-14 00:48:40] SlimMonoLogger.INFO: Cron ran at: 14-03-2026 12:48:40 AM [] []
[2026-03-14 00:48:45] SlimMonoLogger.INFO: Cron ran at: 14-03-2026 12:48:45 AM [] []
[2026-03-14 00:49:03] SlimMonoLogger.INFO: Cron ran at: 14-03-2026 12:49:03 AM [] []
[2026-03-14 00:49:03] SlimMonoLogger.INFO: Cron ran at: 14-03-2026 12:49:03 AM [] []
[2026-03-14 00:49:10] SlimMonoLogger.INFO: Cron ran at: 14-03-2026 12:49:10 AM [] []
[2026-03-14 00:49:16] SlimMonoLogger.INFO: Cron ran at: 14-03-2026 12:49:16 AM [] []
[2026-03-14 00:49:17] SlimMonoLogger.INFO: Cron ran at: 14-03-2026 12:49:17 AM [] []
[2026-03-14 00:49:20] SlimMonoLogger.INFO: Cron ran at: 14-03-2026 12:49:20 AM [] []
[2026-03-14 00:49:23] SlimMonoLogger.INFO: Cron ran at: 14-03-2026 12:49:23 AM [] []
[2026-03-14 00:49:24] SlimMonoLogger.INFO: Cron ran at: 14-03-2026 12:49:24 AM [] []
[2026-03-14 00:49:34] SlimMonoLogger.INFO: Cron ran at: 14-03-2026 12:49:34 AM [] []
[2026-03-14 00:49:40] SlimMonoLogger.INFO: Cron ran at: 14-03-2026 12:49:40 AM [] []
[2026-03-14 00:49:43] SlimMonoLogger.INFO: Cron ran at: 14-03-2026 12:49:43 AM [] []
[2026-03-14 00:49:59] SlimMonoLogger.INFO: Cron ran at: 14-03-2026 12:49:59 AM [] []
[2026-03-14 00:50:11] SlimMonoLogger.INFO: Cron ran at: 14-03-2026 12:50:11 AM [] []
[2026-03-14 00:50:19] SlimMonoLogger.INFO: Cron ran at: 14-03-2026 12:50:19 AM [] []
[2026-03-14 00:50:19] SlimMonoLogger.INFO: Cron ran at: 14-03-2026 12:50:19 AM [] []
[2026-03-14 00:50:21] SlimMonoLogger.INFO: Cron ran at: 14-03-2026 12:50:21 AM [] []
[2026-03-14 00:50:22] SlimMonoLogger.INFO: Cron ran at: 14-03-2026 12:50:22 AM [] []
[2026-03-14 00:50:22] SlimMonoLogger.INFO: Cron ran at: 14-03-2026 12:50:22 AM [] []
[2026-03-14 00:50:28] SlimMonoLogger.INFO: Cron ran at: 14-03-2026 12:50:28 AM [] []
[2026-03-14 00:50:29] SlimMonoLogger.INFO: Cron ran at: 14-03-2026 12:50:29 AM [] []
[2026-03-14 00:50:31] SlimMonoLogger.INFO: Cron ran at: 14-03-2026 12:50:31 AM [] []
[2026-03-14 00:50:37] SlimMonoLogger.INFO: Cron ran at: 14-03-2026 12:50:37 AM [] []
[2026-03-14 00:50:38] SlimMonoLogger.INFO: Cron ran at: 14-03-2026 12:50:38 AM [] []
[2026-03-14 00:50:44] SlimMonoLogger.INFO: Cron ran at: 14-03-2026 12:50:44 AM [] []
[2026-03-14 00:50:45] SlimMonoLogger.INFO: Cron ran at: 14-03-2026 12:50:45 AM [] []
[2026-03-14 00:50:57] SlimMonoLogger.INFO: Cron ran at: 14-03-2026 12:50:57 AM [] []
[2026-03-14 00:51:09] SlimMonoLogger.INFO: Cron ran at: 14-03-2026 12:51:09 AM [] []
[2026-03-14 00:51:12] SlimMonoLogger.INFO: Cron ran at: 14-03-2026 12:51:12 AM [] []
[2026-03-14 00:51:13] SlimMonoLogger.INFO: Cron ran at: 14-03-2026 12:51:13 AM [] []
[2026-03-14 00:51:15] SlimMonoLogger.INFO: Cron ran at: 14-03-2026 12:51:15 AM [] []
[2026-03-14 00:51:28] SlimMonoLogger.INFO: Cron ran at: 14-03-2026 12:51:28 AM [] []
[2026-03-14 00:51:30] SlimMonoLogger.INFO: Cron ran at: 14-03-2026 12:51:30 AM [] []
[2026-03-14 00:51:31] SlimMonoLogger.INFO: Cron ran at: 14-03-2026 12:51:31 AM [] []
[2026-03-14 00:51:51] SlimMonoLogger.INFO: Cron ran at: 14-03-2026 12:51:51 AM [] []
[2026-03-14 00:51:52] SlimMonoLogger.INFO: Cron ran at: 14-03-2026 12:51:52 AM [] []
[2026-03-14 00:51:53] SlimMonoLogger.INFO: Cron ran at: 14-03-2026 12:51:53 AM [] []
[2026-03-14 00:51:58] SlimMonoLogger.INFO: Cron ran at: 14-03-2026 12:51:58 AM [] []
[2026-03-14 00:52:00] SlimMonoLogger.INFO: Cron ran at: 14-03-2026 12:52:00 AM [] []
[2026-03-14 00:52:17] SlimMonoLogger.INFO: Cron ran at: 14-03-2026 12:52:17 AM [] []
[2026-03-14 00:52:17] SlimMonoLogger.INFO: Cron ran at: 14-03-2026 12:52:17 AM [] []
[2026-03-14 00:52:20] SlimMonoLogger.INFO: Cron ran at: 14-03-2026 12:52:20 AM [] []
[2026-03-14 00:52:30] SlimMonoLogger.INFO: Cron ran at: 14-03-2026 12:52:30 AM [] []
[2026-03-14 00:52:31] SlimMonoLogger.INFO: Cron ran at: 14-03-2026 12:52:31 AM [] []
[2026-03-14 00:52:38] SlimMonoLogger.INFO: Cron ran at: 14-03-2026 12:52:38 AM [] []
[2026-03-14 00:52:43] SlimMonoLogger.INFO: Cron ran at: 14-03-2026 12:52:43 AM [] []
[2026-03-14 00:52:49] SlimMonoLogger.INFO: Cron ran at: 14-03-2026 12:52:49 AM [] []
[2026-03-14 00:52:50] SlimMonoLogger.INFO: Cron ran at: 14-03-2026 12:52:50 AM [] []
[2026-03-14 00:52:59] SlimMonoLogger.INFO: Cron ran at: 14-03-2026 12:52:59 AM [] []
[2026-03-14 00:53:05] SlimMonoLogger.INFO: Cron ran at: 14-03-2026 12:53:05 AM [] []
[2026-03-14 00:53:05] SlimMonoLogger.INFO: Cron ran at: 14-03-2026 12:53:05 AM [] []
[2026-03-14 00:53:07] SlimMonoLogger.INFO: Cron ran at: 14-03-2026 12:53:07 AM [] []
[2026-03-14 00:53:08] SlimMonoLogger.INFO: Cron ran at: 14-03-2026 12:53:08 AM [] []
[2026-03-14 00:53:17] SlimMonoLogger.INFO: Cron ran at: 14-03-2026 12:53:17 AM [] []
[2026-03-14 00:53:33] SlimMonoLogger.INFO: Cron ran at: 14-03-2026 12:53:33 AM [] []
[2026-03-14 00:53:33] SlimMonoLogger.INFO: Cron ran at: 14-03-2026 12:53:33 AM [] []
[2026-03-14 00:53:42] SlimMonoLogger.INFO: Cron ran at: 14-03-2026 12:53:42 AM [] []
[2026-03-14 00:53:43] SlimMonoLogger.INFO: Cron ran at: 14-03-2026 12:53:43 AM [] []
[2026-03-14 00:53:55] SlimMonoLogger.INFO: Cron ran at: 14-03-2026 12:53:55 AM [] []
[2026-03-14 00:53:58] SlimMonoLogger.INFO: Cron ran at: 14-03-2026 12:53:58 AM [] []
[2026-03-14 00:53:58] SlimMonoLogger.INFO: Cron ran at: 14-03-2026 12:53:58 AM [] []
[2026-03-14 00:53:58] SlimMonoLogger.INFO: Cron ran at: 14-03-2026 12:53:58 AM [] []
[2026-03-14 00:54:05] SlimMonoLogger.INFO: Cron ran at: 14-03-2026 12:54:05 AM [] []
[2026-03-14 00:54:05] SlimMonoLogger.INFO: Cron ran at: 14-03-2026 12:54:05 AM [] []
[2026-03-14 00:54:22] SlimMonoLogger.INFO: Cron ran at: 14-03-2026 12:54:22 AM [] []
[2026-03-14 00:54:22] SlimMonoLogger.INFO: Cron ran at: 14-03-2026 12:54:22 AM [] []
[2026-03-14 00:54:22] SlimMonoLogger.INFO: Cron ran at: 14-03-2026 12:54:22 AM [] []
[2026-03-14 00:54:43] SlimMonoLogger.INFO: Cron ran at: 14-03-2026 12:54:43 AM [] []
[2026-03-14 00:54:45] SlimMonoLogger.INFO: Cron ran at: 14-03-2026 12:54:45 AM [] []
[2026-03-14 00:54:49] SlimMonoLogger.INFO: Cron ran at: 14-03-2026 12:54:49 AM [] []
[2026-03-14 00:54:49] SlimMonoLogger.INFO: Cron ran at: 14-03-2026 12:54:49 AM [] []
[2026-03-14 00:54:50] SlimMonoLogger.INFO: Cron ran at: 14-03-2026 12:54:50 AM [] []
[2026-03-14 00:55:06] SlimMonoLogger.INFO: Cron ran at: 14-03-2026 12:55:06 AM [] []
[2026-03-14 00:55:06] SlimMonoLogger.INFO: Cron ran at: 14-03-2026 12:55:06 AM [] []
[2026-03-14 00:55:16] SlimMonoLogger.INFO: Cron ran at: 14-03-2026 12:55:16 AM [] []
[2026-03-14 00:55:16] SlimMonoLogger.INFO: Cron ran at: 14-03-2026 12:55:16 AM [] []
[2026-03-14 00:55:29] SlimMonoLogger.INFO: Cron ran at: 14-03-2026 12:55:29 AM [] []
[2026-03-14 00:55:39] SlimMonoLogger.INFO: Cron ran at: 14-03-2026 12:55:39 AM [] []
[2026-03-14 00:55:40] SlimMonoLogger.INFO: Cron ran at: 14-03-2026 12:55:40 AM [] []
[2026-03-14 00:55:42] SlimMonoLogger.INFO: Cron ran at: 14-03-2026 12:55:42 AM [] []
[2026-03-14 00:55:45] SlimMonoLogger.INFO: Cron ran at: 14-03-2026 12:55:45 AM [] []
[2026-03-14 00:55:50] SlimMonoLogger.INFO: Cron ran at: 14-03-2026 12:55:50 AM [] []
[2026-03-14 00:55:52] SlimMonoLogger.INFO: Cron ran at: 14-03-2026 12:55:52 AM [] []
[2026-03-14 00:55:55] SlimMonoLogger.INFO: Cron ran at: 14-03-2026 12:55:55 AM [] []
[2026-03-14 00:56:22] SlimMonoLogger.INFO: Cron ran at: 14-03-2026 12:56:22 AM [] []
[2026-03-14 00:56:23] SlimMonoLogger.INFO: Cron ran at: 14-03-2026 12:56:23 AM [] []
[2026-03-14 00:56:24] SlimMonoLogger.INFO: Cron ran at: 14-03-2026 12:56:24 AM [] []
[2026-03-14 00:56:44] SlimMonoLogger.INFO: Cron ran at: 14-03-2026 12:56:44 AM [] []
[2026-03-14 00:56:47] SlimMonoLogger.INFO: Cron ran at: 14-03-2026 12:56:47 AM [] []
[2026-03-14 00:56:47] SlimMonoLogger.INFO: Cron ran at: 14-03-2026 12:56:47 AM [] []
[2026-03-14 00:56:52] SlimMonoLogger.INFO: Cron ran at: 14-03-2026 12:56:52 AM [] []
[2026-03-14 00:56:54] SlimMonoLogger.INFO: Cron ran at: 14-03-2026 12:56:54 AM [] []
[2026-03-14 00:56:57] SlimMonoLogger.INFO: Cron ran at: 14-03-2026 12:56:57 AM [] []
[2026-03-14 00:56:58] SlimMonoLogger.INFO: Cron ran at: 14-03-2026 12:56:58 AM [] []
[2026-03-14 00:57:02] SlimMonoLogger.INFO: Cron ran at: 14-03-2026 12:57:02 AM [] []
[2026-03-14 00:57:33] SlimMonoLogger.INFO: Cron ran at: 14-03-2026 12:57:33 AM [] []
[2026-03-14 00:57:33] SlimMonoLogger.INFO: Cron ran at: 14-03-2026 12:57:33 AM [] []
[2026-03-14 00:57:34] SlimMonoLogger.INFO: Cron ran at: 14-03-2026 12:57:34 AM [] []
[2026-03-14 00:57:51] SlimMonoLogger.INFO: Cron ran at: 14-03-2026 12:57:51 AM [] []
[2026-03-14 00:57:52] SlimMonoLogger.INFO: Cron ran at: 14-03-2026 12:57:52 AM [] []
[2026-03-14 00:57:55] SlimMonoLogger.INFO: Cron ran at: 14-03-2026 12:57:55 AM [] []
[2026-03-14 00:57:55] SlimMonoLogger.INFO: Cron ran at: 14-03-2026 12:57:55 AM [] []
[2026-03-14 00:57:57] SlimMonoLogger.INFO: Cron ran at: 14-03-2026 12:57:57 AM [] []
[2026-03-14 00:57:58] SlimMonoLogger.INFO: Cron ran at: 14-03-2026 12:57:58 AM [] []
[2026-03-14 00:58:01] SlimMonoLogger.INFO: Cron ran at: 14-03-2026 12:58:01 AM [] []
[2026-03-14 00:58:13] SlimMonoLogger.INFO: Cron ran at: 14-03-2026 12:58:13 AM [] []
[2026-03-14 00:58:27] SlimMonoLogger.INFO: Cron ran at: 14-03-2026 12:58:27 AM [] []
[2026-03-14 00:58:27] SlimMonoLogger.INFO: Cron ran at: 14-03-2026 12:58:27 AM [] []
[2026-03-14 00:58:38] SlimMonoLogger.INFO: Cron ran at: 14-03-2026 12:58:38 AM [] []
[2026-03-14 00:58:40] SlimMonoLogger.INFO: Cron ran at: 14-03-2026 12:58:40 AM [] []
[2026-03-14 00:58:50] SlimMonoLogger.INFO: Cron ran at: 14-03-2026 12:58:50 AM [] []
[2026-03-14 00:58:53] SlimMonoLogger.INFO: Cron ran at: 14-03-2026 12:58:53 AM [] []
[2026-03-14 00:58:54] SlimMonoLogger.INFO: Cron ran at: 14-03-2026 12:58:54 AM [] []
[2026-03-14 00:58:55] SlimMonoLogger.INFO: Cron ran at: 14-03-2026 12:58:55 AM [] []
[2026-03-14 00:58:57] SlimMonoLogger.INFO: Cron ran at: 14-03-2026 12:58:57 AM [] []
[2026-03-14 00:59:05] SlimMonoLogger.INFO: Cron ran at: 14-03-2026 12:59:05 AM [] []
[2026-03-14 00:59:07] SlimMonoLogger.INFO: Cron ran at: 14-03-2026 12:59:07 AM [] []
[2026-03-14 00:59:35] SlimMonoLogger.INFO: Cron ran at: 14-03-2026 12:59:35 AM [] []
[2026-03-14 00:59:35] SlimMonoLogger.INFO: Cron ran at: 14-03-2026 12:59:35 AM [] []
[2026-03-14 00:59:36] SlimMonoLogger.INFO: Cron ran at: 14-03-2026 12:59:36 AM [] []
[2026-03-14 00:59:43] SlimMonoLogger.INFO: Cron ran at: 14-03-2026 12:59:43 AM [] []
[2026-03-14 00:59:45] SlimMonoLogger.INFO: Cron ran at: 14-03-2026 12:59:45 AM [] []
[2026-03-14 00:59:46] SlimMonoLogger.INFO: Cron ran at: 14-03-2026 12:59:46 AM [] []
[2026-03-14 00:59:56] SlimMonoLogger.INFO: Cron ran at: 14-03-2026 12:59:56 AM [] []
[2026-03-14 00:59:59] SlimMonoLogger.INFO: Cron ran at: 14-03-2026 12:59:59 AM [] []
[2026-03-14 01:00:01] SlimMonoLogger.INFO: Cron ran at: 14-03-2026 01:00:01 AM [] []
[2026-03-14 01:00:02] SlimMonoLogger.INFO: Cron ran at: 14-03-2026 01:00:02 AM [] []
[2026-03-14 01:00:39] SlimMonoLogger.INFO: Cron ran at: 14-03-2026 01:00:39 AM [] []
[2026-03-14 01:00:39] SlimMonoLogger.INFO: Cron ran at: 14-03-2026 01:00:39 AM [] []
[2026-03-14 01:00:39] SlimMonoLogger.INFO: Cron ran at: 14-03-2026 01:00:39 AM [] []
[2026-03-14 01:00:49] SlimMonoLogger.INFO: Cron ran at: 14-03-2026 01:00:49 AM [] []
[2026-03-14 01:00:55] SlimMonoLogger.INFO: Cron ran at: 14-03-2026 01:00:55 AM [] []
[2026-03-14 01:00:56] SlimMonoLogger.INFO: Cron ran at: 14-03-2026 01:00:56 AM [] []
[2026-03-14 01:00:57] SlimMonoLogger.INFO: Cron ran at: 14-03-2026 01:00:57 AM [] []
[2026-03-14 01:00:59] SlimMonoLogger.INFO: Cron ran at: 14-03-2026 01:00:59 AM [] []
[2026-03-14 01:01:02] SlimMonoLogger.INFO: Cron ran at: 14-03-2026 01:01:02 AM [] []
[2026-03-14 01:01:21] SlimMonoLogger.INFO: Cron ran at: 14-03-2026 01:01:21 AM [] []
