[2026-07-15 02:01:16] SlimMonoLogger.INFO: Cron ran at: 15-07-2026 02:01:16 AM [] []
[2026-07-15 02:01:27] SlimMonoLogger.INFO: Cron ran at: 15-07-2026 02:01:27 AM [] []
[2026-07-15 02:01:33] SlimMonoLogger.INFO: Cron ran at: 15-07-2026 02:01:33 AM [] []
[2026-07-15 02:02:00] SlimMonoLogger.INFO: Cron ran at: 15-07-2026 02:02:00 AM [] []
[2026-07-15 02:02:15] SlimMonoLogger.INFO: Cron ran at: 15-07-2026 02:02:15 AM [] []
[2026-07-15 02:02:19] SlimMonoLogger.INFO: Cron ran at: 15-07-2026 02:02:19 AM [] []
[2026-07-15 02:02:34] SlimMonoLogger.INFO: Cron ran at: 15-07-2026 02:02:34 AM [] []
[2026-07-15 02:02:55] SlimMonoLogger.INFO: Cron ran at: 15-07-2026 02:02:55 AM [] []
[2026-07-15 02:03:09] SlimMonoLogger.INFO: Cron ran at: 15-07-2026 02:03:09 AM [] []
[2026-07-15 02:03:10] SlimMonoLogger.INFO: Cron ran at: 15-07-2026 02:03:10 AM [] []
[2026-07-15 02:03:32] SlimMonoLogger.INFO: Cron ran at: 15-07-2026 02:03:32 AM [] []
[2026-07-15 02:03:57] SlimMonoLogger.INFO: Cron ran at: 15-07-2026 02:03:57 AM [] []
[2026-07-15 02:04:01] SlimMonoLogger.INFO: Cron ran at: 15-07-2026 02:04:01 AM [] []
[2026-07-15 02:04:08] SlimMonoLogger.INFO: Cron ran at: 15-07-2026 02:04:08 AM [] []
[2026-07-15 02:04:33] SlimMonoLogger.INFO: Cron ran at: 15-07-2026 02:04:33 AM [] []
[2026-07-15 02:04:59] SlimMonoLogger.INFO: Cron ran at: 15-07-2026 02:04:59 AM [] []
[2026-07-15 02:05:02] SlimMonoLogger.INFO: Cron ran at: 15-07-2026 02:05:02 AM [] []
[2026-07-15 02:05:08] SlimMonoLogger.INFO: Cron ran at: 15-07-2026 02:05:08 AM [] []
[2026-07-15 02:05:59] SlimMonoLogger.INFO: Cron ran at: 15-07-2026 02:05:59 AM [] []
[2026-07-15 02:06:03] SlimMonoLogger.INFO: Cron ran at: 15-07-2026 02:06:03 AM [] []
[2026-07-15 02:06:11] SlimMonoLogger.INFO: Cron ran at: 15-07-2026 02:06:11 AM [] []
[2026-07-15 02:06:26] SlimMonoLogger.INFO: Cron ran at: 15-07-2026 02:06:26 AM [] []
[2026-07-15 02:06:52] SlimMonoLogger.INFO: Cron ran at: 15-07-2026 02:06:52 AM [] []
[2026-07-15 02:07:02] SlimMonoLogger.INFO: Cron ran at: 15-07-2026 02:07:02 AM [] []
[2026-07-15 02:07:12] SlimMonoLogger.INFO: Cron ran at: 15-07-2026 02:07:12 AM [] []
[2026-07-15 02:07:16] SlimMonoLogger.INFO: Cron ran at: 15-07-2026 02:07:16 AM [] []
[2026-07-15 02:07:51] SlimMonoLogger.INFO: Cron ran at: 15-07-2026 02:07:51 AM [] []
[2026-07-15 02:07:59] SlimMonoLogger.INFO: Cron ran at: 15-07-2026 02:07:59 AM [] []
[2026-07-15 02:08:06] SlimMonoLogger.INFO: Cron ran at: 15-07-2026 02:08:06 AM [] []
[2026-07-15 02:08:09] SlimMonoLogger.INFO: Cron ran at: 15-07-2026 02:08:09 AM [] []
[2026-07-15 02:08:44] SlimMonoLogger.INFO: Cron ran at: 15-07-2026 02:08:44 AM [] []
[2026-07-15 02:08:57] SlimMonoLogger.INFO: Cron ran at: 15-07-2026 02:08:57 AM [] []
[2026-07-15 02:08:57] SlimMonoLogger.INFO: Cron ran at: 15-07-2026 02:08:57 AM [] []
[2026-07-15 02:09:04] SlimMonoLogger.INFO: Cron ran at: 15-07-2026 02:09:04 AM [] []
[2026-07-15 02:09:42] SlimMonoLogger.INFO: Cron ran at: 15-07-2026 02:09:42 AM [] []
[2026-07-15 02:09:52] SlimMonoLogger.INFO: Cron ran at: 15-07-2026 02:09:52 AM [] []
[2026-07-15 02:09:59] SlimMonoLogger.INFO: Cron ran at: 15-07-2026 02:09:59 AM [] []
[2026-07-15 02:10:10] SlimMonoLogger.INFO: Cron ran at: 15-07-2026 02:10:10 AM [] []
[2026-07-15 02:10:40] SlimMonoLogger.INFO: Cron ran at: 15-07-2026 02:10:40 AM [] []
[2026-07-15 02:10:44] SlimMonoLogger.INFO: Cron ran at: 15-07-2026 02:10:44 AM [] []
[2026-07-15 02:11:05] SlimMonoLogger.INFO: Cron ran at: 15-07-2026 02:11:05 AM [] []
[2026-07-15 02:11:36] SlimMonoLogger.INFO: Cron ran at: 15-07-2026 02:11:36 AM [] []
[2026-07-15 02:11:39] SlimMonoLogger.INFO: Cron ran at: 15-07-2026 02:11:39 AM [] []
[2026-07-15 02:11:40] SlimMonoLogger.INFO: Cron ran at: 15-07-2026 02:11:40 AM [] []
[2026-07-15 02:12:07] SlimMonoLogger.INFO: Cron ran at: 15-07-2026 02:12:07 AM [] []
[2026-07-15 02:12:32] SlimMonoLogger.INFO: Cron ran at: 15-07-2026 02:12:32 AM [] []
[2026-07-15 02:12:38] SlimMonoLogger.INFO: Cron ran at: 15-07-2026 02:12:38 AM [] []
[2026-07-15 02:12:38] SlimMonoLogger.INFO: Cron ran at: 15-07-2026 02:12:38 AM [] []
[2026-07-15 02:13:05] SlimMonoLogger.INFO: Cron ran at: 15-07-2026 02:13:05 AM [] []
[2026-07-15 02:13:15] SlimMonoLogger.INFO: Cron ran at: 15-07-2026 02:13:15 AM [] []
[2026-07-15 02:13:36] SlimMonoLogger.INFO: Cron ran at: 15-07-2026 02:13:36 AM [] []
[2026-07-15 02:13:42] SlimMonoLogger.INFO: Cron ran at: 15-07-2026 02:13:42 AM [] []
[2026-07-15 02:14:07] SlimMonoLogger.INFO: Cron ran at: 15-07-2026 02:14:07 AM [] []
[2026-07-15 02:14:11] SlimMonoLogger.INFO: Cron ran at: 15-07-2026 02:14:11 AM [] []
[2026-07-15 02:14:35] SlimMonoLogger.INFO: Cron ran at: 15-07-2026 02:14:35 AM [] []
[2026-07-15 02:14:40] SlimMonoLogger.INFO: Cron ran at: 15-07-2026 02:14:40 AM [] []
[2026-07-15 02:15:07] SlimMonoLogger.INFO: Cron ran at: 15-07-2026 02:15:07 AM [] []
[2026-07-15 02:15:08] SlimMonoLogger.INFO: Cron ran at: 15-07-2026 02:15:08 AM [] []
[2026-07-15 02:15:40] SlimMonoLogger.INFO: Cron ran at: 15-07-2026 02:15:40 AM [] []
[2026-07-15 02:15:41] SlimMonoLogger.INFO: Cron ran at: 15-07-2026 02:15:41 AM [] []
[2026-07-15 02:16:02] SlimMonoLogger.INFO: Cron ran at: 15-07-2026 02:16:02 AM [] []
[2026-07-15 02:16:25] SlimMonoLogger.INFO: Cron ran at: 15-07-2026 02:16:25 AM [] []
[2026-07-15 02:16:36] SlimMonoLogger.INFO: Cron ran at: 15-07-2026 02:16:36 AM [] []
[2026-07-15 02:16:39] SlimMonoLogger.INFO: Cron ran at: 15-07-2026 02:16:39 AM [] []
[2026-07-15 02:16:59] SlimMonoLogger.INFO: Cron ran at: 15-07-2026 02:16:59 AM [] []
[2026-07-15 02:17:17] SlimMonoLogger.INFO: Cron ran at: 15-07-2026 02:17:17 AM [] []
[2026-07-15 02:17:40] SlimMonoLogger.INFO: Cron ran at: 15-07-2026 02:17:40 AM [] []
[2026-07-15 02:17:41] SlimMonoLogger.INFO: Cron ran at: 15-07-2026 02:17:41 AM [] []
[2026-07-15 02:17:56] SlimMonoLogger.INFO: Cron ran at: 15-07-2026 02:17:56 AM [] []
[2026-07-15 02:18:08] SlimMonoLogger.INFO: Cron ran at: 15-07-2026 02:18:08 AM [] []
[2026-07-15 02:18:38] SlimMonoLogger.INFO: Cron ran at: 15-07-2026 02:18:38 AM [] []
[2026-07-15 02:18:41] SlimMonoLogger.INFO: Cron ran at: 15-07-2026 02:18:41 AM [] []
[2026-07-15 02:18:53] SlimMonoLogger.INFO: Cron ran at: 15-07-2026 02:18:53 AM [] []
[2026-07-15 02:18:58] SlimMonoLogger.INFO: Cron ran at: 15-07-2026 02:18:58 AM [] []
[2026-07-15 02:19:38] SlimMonoLogger.INFO: Cron ran at: 15-07-2026 02:19:38 AM [] []
[2026-07-15 02:19:40] SlimMonoLogger.INFO: Cron ran at: 15-07-2026 02:19:40 AM [] []
[2026-07-15 02:19:51] SlimMonoLogger.INFO: Cron ran at: 15-07-2026 02:19:51 AM [] []
[2026-07-15 02:19:57] SlimMonoLogger.INFO: Cron ran at: 15-07-2026 02:19:57 AM [] []
[2026-07-15 02:20:40] SlimMonoLogger.INFO: Cron ran at: 15-07-2026 02:20:40 AM [] []
[2026-07-15 02:20:52] SlimMonoLogger.INFO: Cron ran at: 15-07-2026 02:20:52 AM [] []
[2026-07-15 02:20:53] SlimMonoLogger.INFO: Cron ran at: 15-07-2026 02:20:53 AM [] []
[2026-07-15 02:21:38] SlimMonoLogger.INFO: Cron ran at: 15-07-2026 02:21:38 AM [] []
[2026-07-15 02:21:46] SlimMonoLogger.INFO: Cron ran at: 15-07-2026 02:21:46 AM [] []
[2026-07-15 02:21:46] SlimMonoLogger.INFO: Cron ran at: 15-07-2026 02:21:46 AM [] []
[2026-07-15 02:21:50] SlimMonoLogger.INFO: Cron ran at: 15-07-2026 02:21:50 AM [] []
[2026-07-15 02:22:38] SlimMonoLogger.INFO: Cron ran at: 15-07-2026 02:22:38 AM [] []
[2026-07-15 02:22:40] SlimMonoLogger.INFO: Cron ran at: 15-07-2026 02:22:40 AM [] []
[2026-07-15 02:22:48] SlimMonoLogger.INFO: Cron ran at: 15-07-2026 02:22:48 AM [] []
[2026-07-15 02:22:53] SlimMonoLogger.INFO: Cron ran at: 15-07-2026 02:22:53 AM [] []
[2026-07-15 02:23:33] SlimMonoLogger.INFO: Cron ran at: 15-07-2026 02:23:33 AM [] []
[2026-07-15 02:23:35] SlimMonoLogger.INFO: Cron ran at: 15-07-2026 02:23:35 AM [] []
[2026-07-15 02:23:41] SlimMonoLogger.INFO: Cron ran at: 15-07-2026 02:23:41 AM [] []
[2026-07-15 02:23:59] SlimMonoLogger.INFO: Cron ran at: 15-07-2026 02:23:59 AM [] []
[2026-07-15 02:24:25] SlimMonoLogger.INFO: Cron ran at: 15-07-2026 02:24:25 AM [] []
[2026-07-15 02:24:40] SlimMonoLogger.INFO: Cron ran at: 15-07-2026 02:24:40 AM [] []
[2026-07-15 02:25:01] SlimMonoLogger.INFO: Cron ran at: 15-07-2026 02:25:01 AM [] []
[2026-07-15 02:25:20] SlimMonoLogger.INFO: Cron ran at: 15-07-2026 02:25:20 AM [] []
[2026-07-15 02:25:42] SlimMonoLogger.INFO: Cron ran at: 15-07-2026 02:25:42 AM [] []
[2026-07-15 02:25:55] SlimMonoLogger.INFO: Cron ran at: 15-07-2026 02:25:55 AM [] []
[2026-07-15 02:26:13] SlimMonoLogger.INFO: Cron ran at: 15-07-2026 02:26:13 AM [] []
[2026-07-15 02:26:16] SlimMonoLogger.ERROR: Requests_Exception: cURL error 28: Failed to connect to estrada.mk port 443 after 128958 ms: Could not connect to server in /home/latihtal/public_html/agregator1/src/vendor/rmccue/requests/library/Requests/Transport/cURL.php:422
Stack trace:
#0 /home/latihtal/public_html/agregator1/src/vendor/rmccue/requests/library/Requests/Transport/cURL.php(177): Requests_Transport_cURL->process_response()
#1 /home/latihtal/public_html/agregator1/src/vendor/rmccue/requests/library/Requests.php(379): Requests_Transport_cURL->request()
#2 /home/latihtal/public_html/agregator1/src/vendor/rmccue/requests/library/Requests/Session.php(205): Requests::request()
#3 /home/latihtal/public_html/agregator1/src/vendor/rmccue/requests/library/Requests/Session.php(132): Requests_Session->request()
#4 /home/latihtal/public_html/agregator1/src/drivers/Http/RssImporter.php(144): Requests_Session->get()
#5 /home/latihtal/public_html/agregator1/src/controllers/Dashboard/DashboardFeedsController.php(534): spark\drivers\Http\RssImporter->fetchPosts()
#6 /home/latihtal/public_html/agregator1/src/controllers/Site/SiteController.php(722): spark\controllers\Dashboard\DashboardFeedsController::importFeedPosts()
#7 [internal function]: spark\controllers\Site\SiteController->runTasks()
#8 /home/latihtal/public_html/agregator1/src/framework/Route.php(173): call_user_func_array()
#9 [internal function]: Slim\Route->Slim\{closure}()
#10 /home/latihtal/public_html/agregator1/src/framework/Route.php(468): call_user_func_array()
#11 /home/latihtal/public_html/agregator1/src/framework/Slim.php(1364): Slim\Route->dispatch()
#12 /home/latihtal/public_html/agregator1/src/framework/Middleware/Flash.php(85): Slim\Slim->call()
#13 /home/latihtal/public_html/agregator1/src/framework/Middleware/MethodOverride.php(92): Slim\Middleware\Flash->call()
#14 /home/latihtal/public_html/agregator1/src/middlewares/CsrfGuard/CsrfGuard.php(47): Slim\Middleware\MethodOverride->call()
#15 /home/latihtal/public_html/agregator1/src/framework/Middleware/PrettyExceptions.php(67): spark\middlewares\CsrfGuard\CsrfGuard->call()
#16 /home/latihtal/public_html/agregator1/src/framework/Slim.php(1308): Slim\Middleware\PrettyExceptions->call()
#17 /home/latihtal/public_html/agregator1/index.php(6): Slim\Slim->run()
#18 {main} [] []
[2026-07-15 02:26:35] SlimMonoLogger.INFO: Cron ran at: 15-07-2026 02:26:35 AM [] []
[2026-07-15 02:26:41] SlimMonoLogger.INFO: Cron ran at: 15-07-2026 02:26:41 AM [] []
[2026-07-15 02:26:46] SlimMonoLogger.INFO: Cron ran at: 15-07-2026 02:26:46 AM [] []
[2026-07-15 02:26:55] SlimMonoLogger.INFO: Cron ran at: 15-07-2026 02:26:55 AM [] []
[2026-07-15 02:27:18] SlimMonoLogger.INFO: Cron ran at: 15-07-2026 02:27:18 AM [] []
[2026-07-15 02:27:26] SlimMonoLogger.INFO: Cron ran at: 15-07-2026 02:27:26 AM [] []
[2026-07-15 02:27:39] SlimMonoLogger.INFO: Cron ran at: 15-07-2026 02:27:39 AM [] []
[2026-07-15 02:28:05] SlimMonoLogger.INFO: Cron ran at: 15-07-2026 02:28:05 AM [] []
[2026-07-15 02:28:20] SlimMonoLogger.INFO: Cron ran at: 15-07-2026 02:28:20 AM [] []
[2026-07-15 02:28:41] SlimMonoLogger.INFO: Cron ran at: 15-07-2026 02:28:41 AM [] []
[2026-07-15 02:28:51] SlimMonoLogger.INFO: Cron ran at: 15-07-2026 02:28:51 AM [] []
[2026-07-15 02:29:04] SlimMonoLogger.INFO: Cron ran at: 15-07-2026 02:29:04 AM [] []
[2026-07-15 02:29:18] SlimMonoLogger.INFO: Cron ran at: 15-07-2026 02:29:18 AM [] []
[2026-07-15 02:29:29] SlimMonoLogger.ERROR: Requests_Exception: cURL error 28: Failed to connect to estrada.mk port 443 after 130952 ms: Could not connect to server in /home/latihtal/public_html/agregator1/src/vendor/rmccue/requests/library/Requests/Transport/cURL.php:422
Stack trace:
#0 /home/latihtal/public_html/agregator1/src/vendor/rmccue/requests/library/Requests/Transport/cURL.php(177): Requests_Transport_cURL->process_response()
#1 /home/latihtal/public_html/agregator1/src/vendor/rmccue/requests/library/Requests.php(379): Requests_Transport_cURL->request()
#2 /home/latihtal/public_html/agregator1/src/vendor/rmccue/requests/library/Requests/Session.php(205): Requests::request()
#3 /home/latihtal/public_html/agregator1/src/vendor/rmccue/requests/library/Requests/Session.php(132): Requests_Session->request()
#4 /home/latihtal/public_html/agregator1/src/drivers/Http/RssImporter.php(144): Requests_Session->get()
#5 /home/latihtal/public_html/agregator1/src/controllers/Dashboard/DashboardFeedsController.php(534): spark\drivers\Http\RssImporter->fetchPosts()
#6 /home/latihtal/public_html/agregator1/src/controllers/Site/SiteController.php(722): spark\controllers\Dashboard\DashboardFeedsController::importFeedPosts()
#7 [internal function]: spark\controllers\Site\SiteController->runTasks()
#8 /home/latihtal/public_html/agregator1/src/framework/Route.php(173): call_user_func_array()
#9 [internal function]: Slim\Route->Slim\{closure}()
#10 /home/latihtal/public_html/agregator1/src/framework/Route.php(468): call_user_func_array()
#11 /home/latihtal/public_html/agregator1/src/framework/Slim.php(1364): Slim\Route->dispatch()
#12 /home/latihtal/public_html/agregator1/src/framework/Middleware/Flash.php(85): Slim\Slim->call()
#13 /home/latihtal/public_html/agregator1/src/framework/Middleware/MethodOverride.php(92): Slim\Middleware\Flash->call()
#14 /home/latihtal/public_html/agregator1/src/middlewares/CsrfGuard/CsrfGuard.php(47): Slim\Middleware\MethodOverride->call()
#15 /home/latihtal/public_html/agregator1/src/framework/Middleware/PrettyExceptions.php(67): spark\middlewares\CsrfGuard\CsrfGuard->call()
#16 /home/latihtal/public_html/agregator1/src/framework/Slim.php(1308): Slim\Middleware\PrettyExceptions->call()
#17 /home/latihtal/public_html/agregator1/index.php(6): Slim\Slim->run()
#18 {main} [] []
[2026-07-15 02:29:41] SlimMonoLogger.INFO: Cron ran at: 15-07-2026 02:29:41 AM [] []
[2026-07-15 02:29:54] SlimMonoLogger.INFO: Cron ran at: 15-07-2026 02:29:54 AM [] []
[2026-07-15 02:30:01] SlimMonoLogger.INFO: Cron ran at: 15-07-2026 02:30:01 AM [] []
[2026-07-15 02:30:02] SlimMonoLogger.INFO: Cron ran at: 15-07-2026 02:30:02 AM [] []
[2026-07-15 02:30:03] SlimMonoLogger.INFO: Cron ran at: 15-07-2026 02:30:03 AM [] []
[2026-07-15 02:30:44] SlimMonoLogger.INFO: Cron ran at: 15-07-2026 02:30:44 AM [] []
[2026-07-15 02:31:02] SlimMonoLogger.INFO: Cron ran at: 15-07-2026 02:31:02 AM [] []
[2026-07-15 02:31:03] SlimMonoLogger.INFO: Cron ran at: 15-07-2026 02:31:03 AM [] []
[2026-07-15 02:31:32] SlimMonoLogger.INFO: Cron ran at: 15-07-2026 02:31:32 AM [] []
[2026-07-15 02:31:41] SlimMonoLogger.INFO: Cron ran at: 15-07-2026 02:31:41 AM [] []
[2026-07-15 02:31:56] SlimMonoLogger.INFO: Cron ran at: 15-07-2026 02:31:56 AM [] []
[2026-07-15 02:32:06] SlimMonoLogger.INFO: Cron ran at: 15-07-2026 02:32:06 AM [] []
[2026-07-15 02:32:21] SlimMonoLogger.INFO: Cron ran at: 15-07-2026 02:32:21 AM [] []
[2026-07-15 02:32:42] SlimMonoLogger.INFO: Cron ran at: 15-07-2026 02:32:42 AM [] []
[2026-07-15 02:32:51] SlimMonoLogger.INFO: Cron ran at: 15-07-2026 02:32:51 AM [] []
[2026-07-15 02:33:05] SlimMonoLogger.INFO: Cron ran at: 15-07-2026 02:33:05 AM [] []
[2026-07-15 02:33:10] SlimMonoLogger.INFO: Cron ran at: 15-07-2026 02:33:10 AM [] []
[2026-07-15 02:33:43] SlimMonoLogger.INFO: Cron ran at: 15-07-2026 02:33:43 AM [] []
[2026-07-15 02:33:54] SlimMonoLogger.INFO: Cron ran at: 15-07-2026 02:33:54 AM [] []
[2026-07-15 02:34:03] SlimMonoLogger.INFO: Cron ran at: 15-07-2026 02:34:03 AM [] []
[2026-07-15 02:34:05] SlimMonoLogger.INFO: Cron ran at: 15-07-2026 02:34:05 AM [] []
[2026-07-15 02:34:43] SlimMonoLogger.INFO: Cron ran at: 15-07-2026 02:34:43 AM [] []
[2026-07-15 02:34:52] SlimMonoLogger.INFO: Cron ran at: 15-07-2026 02:34:52 AM [] []
[2026-07-15 02:35:00] SlimMonoLogger.INFO: Cron ran at: 15-07-2026 02:35:00 AM [] []
[2026-07-15 02:35:04] SlimMonoLogger.INFO: Cron ran at: 15-07-2026 02:35:04 AM [] []
[2026-07-15 02:35:52] SlimMonoLogger.INFO: Cron ran at: 15-07-2026 02:35:52 AM [] []
[2026-07-15 02:35:53] SlimMonoLogger.INFO: Cron ran at: 15-07-2026 02:35:53 AM [] []
[2026-07-15 02:36:06] SlimMonoLogger.INFO: Cron ran at: 15-07-2026 02:36:06 AM [] []
[2026-07-15 02:36:51] SlimMonoLogger.INFO: Cron ran at: 15-07-2026 02:36:51 AM [] []
[2026-07-15 02:36:51] SlimMonoLogger.INFO: Cron ran at: 15-07-2026 02:36:51 AM [] []
[2026-07-15 02:36:51] SlimMonoLogger.INFO: Cron ran at: 15-07-2026 02:36:51 AM [] []
[2026-07-15 02:37:06] SlimMonoLogger.INFO: Cron ran at: 15-07-2026 02:37:06 AM [] []
[2026-07-15 02:37:41] SlimMonoLogger.INFO: Cron ran at: 15-07-2026 02:37:41 AM [] []
[2026-07-15 02:37:48] SlimMonoLogger.INFO: Cron ran at: 15-07-2026 02:37:48 AM [] []
[2026-07-15 02:37:49] SlimMonoLogger.INFO: Cron ran at: 15-07-2026 02:37:49 AM [] []
[2026-07-15 02:38:05] SlimMonoLogger.INFO: Cron ran at: 15-07-2026 02:38:05 AM [] []
[2026-07-15 02:38:32] SlimMonoLogger.INFO: Cron ran at: 15-07-2026 02:38:32 AM [] []
[2026-07-15 02:38:49] SlimMonoLogger.INFO: Cron ran at: 15-07-2026 02:38:49 AM [] []
[2026-07-15 02:38:49] SlimMonoLogger.INFO: Cron ran at: 15-07-2026 02:38:49 AM [] []
[2026-07-15 02:39:05] SlimMonoLogger.INFO: Cron ran at: 15-07-2026 02:39:05 AM [] []
[2026-07-15 02:39:24] SlimMonoLogger.INFO: Cron ran at: 15-07-2026 02:39:24 AM [] []
[2026-07-15 02:39:46] SlimMonoLogger.INFO: Cron ran at: 15-07-2026 02:39:46 AM [] []
[2026-07-15 02:39:52] SlimMonoLogger.INFO: Cron ran at: 15-07-2026 02:39:52 AM [] []
[2026-07-15 02:40:05] SlimMonoLogger.INFO: Cron ran at: 15-07-2026 02:40:05 AM [] []
[2026-07-15 02:40:16] SlimMonoLogger.INFO: Cron ran at: 15-07-2026 02:40:16 AM [] []
[2026-07-15 02:40:46] SlimMonoLogger.INFO: Cron ran at: 15-07-2026 02:40:46 AM [] []
[2026-07-15 02:40:50] SlimMonoLogger.INFO: Cron ran at: 15-07-2026 02:40:50 AM [] []
[2026-07-15 02:41:12] SlimMonoLogger.INFO: Cron ran at: 15-07-2026 02:41:12 AM [] []
[2026-07-15 02:41:33] SlimMonoLogger.INFO: Cron ran at: 15-07-2026 02:41:33 AM [] []
[2026-07-15 02:41:45] SlimMonoLogger.INFO: Cron ran at: 15-07-2026 02:41:45 AM [] []
[2026-07-15 02:41:52] SlimMonoLogger.INFO: Cron ran at: 15-07-2026 02:41:52 AM [] []
[2026-07-15 02:42:09] SlimMonoLogger.INFO: Cron ran at: 15-07-2026 02:42:09 AM [] []
[2026-07-15 02:42:23] SlimMonoLogger.INFO: Cron ran at: 15-07-2026 02:42:23 AM [] []
[2026-07-15 02:42:45] SlimMonoLogger.INFO: Cron ran at: 15-07-2026 02:42:45 AM [] []
[2026-07-15 02:42:53] SlimMonoLogger.INFO: Cron ran at: 15-07-2026 02:42:53 AM [] []
[2026-07-15 02:43:11] SlimMonoLogger.INFO: Cron ran at: 15-07-2026 02:43:11 AM [] []
[2026-07-15 02:43:16] SlimMonoLogger.INFO: Cron ran at: 15-07-2026 02:43:16 AM [] []
[2026-07-15 02:43:46] SlimMonoLogger.INFO: Cron ran at: 15-07-2026 02:43:46 AM [] []
[2026-07-15 02:43:53] SlimMonoLogger.INFO: Cron ran at: 15-07-2026 02:43:53 AM [] []
[2026-07-15 02:44:05] SlimMonoLogger.INFO: Cron ran at: 15-07-2026 02:44:05 AM [] []
[2026-07-15 02:44:07] SlimMonoLogger.INFO: Cron ran at: 15-07-2026 02:44:07 AM [] []
[2026-07-15 02:44:48] SlimMonoLogger.INFO: Cron ran at: 15-07-2026 02:44:48 AM [] []
[2026-07-15 02:44:51] SlimMonoLogger.INFO: Cron ran at: 15-07-2026 02:44:51 AM [] []
[2026-07-15 02:45:01] SlimMonoLogger.INFO: Cron ran at: 15-07-2026 02:45:01 AM [] []
[2026-07-15 02:45:03] SlimMonoLogger.INFO: Cron ran at: 15-07-2026 02:45:03 AM [] []
[2026-07-15 02:45:48] SlimMonoLogger.INFO: Cron ran at: 15-07-2026 02:45:48 AM [] []
[2026-07-15 02:45:59] SlimMonoLogger.INFO: Cron ran at: 15-07-2026 02:45:59 AM [] []
[2026-07-15 02:46:05] SlimMonoLogger.INFO: Cron ran at: 15-07-2026 02:46:05 AM [] []
[2026-07-15 02:46:34] SlimMonoLogger.INFO: Cron ran at: 15-07-2026 02:46:34 AM [] []
[2026-07-15 02:46:48] SlimMonoLogger.INFO: Cron ran at: 15-07-2026 02:46:48 AM [] []
[2026-07-15 02:46:53] SlimMonoLogger.INFO: Cron ran at: 15-07-2026 02:46:53 AM [] []
[2026-07-15 02:46:59] SlimMonoLogger.INFO: Cron ran at: 15-07-2026 02:46:59 AM [] []
[2026-07-15 02:47:22] SlimMonoLogger.INFO: Cron ran at: 15-07-2026 02:47:22 AM [] []
[2026-07-15 02:47:44] SlimMonoLogger.INFO: Cron ran at: 15-07-2026 02:47:44 AM [] []
[2026-07-15 02:47:50] SlimMonoLogger.INFO: Cron ran at: 15-07-2026 02:47:50 AM [] []
[2026-07-15 02:48:04] SlimMonoLogger.INFO: Cron ran at: 15-07-2026 02:48:04 AM [] []
[2026-07-15 02:48:17] SlimMonoLogger.INFO: Cron ran at: 15-07-2026 02:48:17 AM [] []
[2026-07-15 02:48:47] SlimMonoLogger.INFO: Cron ran at: 15-07-2026 02:48:47 AM [] []
[2026-07-15 02:48:47] SlimMonoLogger.INFO: Cron ran at: 15-07-2026 02:48:47 AM [] []
[2026-07-15 02:49:04] SlimMonoLogger.INFO: Cron ran at: 15-07-2026 02:49:04 AM [] []
[2026-07-15 02:49:06] SlimMonoLogger.INFO: Cron ran at: 15-07-2026 02:49:06 AM [] []
[2026-07-15 02:49:48] SlimMonoLogger.INFO: Cron ran at: 15-07-2026 02:49:48 AM [] []
[2026-07-15 02:49:49] SlimMonoLogger.INFO: Cron ran at: 15-07-2026 02:49:49 AM [] []
[2026-07-15 02:50:03] SlimMonoLogger.INFO: Cron ran at: 15-07-2026 02:50:03 AM [] []
[2026-07-15 02:50:05] SlimMonoLogger.INFO: Cron ran at: 15-07-2026 02:50:05 AM [] []
[2026-07-15 02:50:49] SlimMonoLogger.INFO: Cron ran at: 15-07-2026 02:50:49 AM [] []
[2026-07-15 02:50:58] SlimMonoLogger.INFO: Cron ran at: 15-07-2026 02:50:58 AM [] []
[2026-07-15 02:51:32] SlimMonoLogger.INFO: Cron ran at: 15-07-2026 02:51:32 AM [] []
[2026-07-15 02:51:48] SlimMonoLogger.INFO: Cron ran at: 15-07-2026 02:51:48 AM [] []
[2026-07-15 02:51:52] SlimMonoLogger.INFO: Cron ran at: 15-07-2026 02:51:52 AM [] []
[2026-07-15 02:51:54] SlimMonoLogger.INFO: Cron ran at: 15-07-2026 02:51:54 AM [] []
[2026-07-15 02:52:26] SlimMonoLogger.INFO: Cron ran at: 15-07-2026 02:52:26 AM [] []
[2026-07-15 02:52:48] SlimMonoLogger.INFO: Cron ran at: 15-07-2026 02:52:48 AM [] []
[2026-07-15 02:52:50] SlimMonoLogger.INFO: Cron ran at: 15-07-2026 02:52:50 AM [] []
[2026-07-15 02:52:51] SlimMonoLogger.INFO: Cron ran at: 15-07-2026 02:52:51 AM [] []
[2026-07-15 02:53:13] SlimMonoLogger.INFO: Cron ran at: 15-07-2026 02:53:13 AM [] []
[2026-07-15 02:53:46] SlimMonoLogger.INFO: Cron ran at: 15-07-2026 02:53:46 AM [] []
[2026-07-15 02:53:46] SlimMonoLogger.INFO: Cron ran at: 15-07-2026 02:53:46 AM [] []
[2026-07-15 02:53:49] SlimMonoLogger.INFO: Cron ran at: 15-07-2026 02:53:49 AM [] []
[2026-07-15 02:54:05] SlimMonoLogger.INFO: Cron ran at: 15-07-2026 02:54:05 AM [] []
[2026-07-15 02:54:47] SlimMonoLogger.INFO: Cron ran at: 15-07-2026 02:54:47 AM [] []
[2026-07-15 02:54:48] SlimMonoLogger.INFO: Cron ran at: 15-07-2026 02:54:48 AM [] []
[2026-07-15 02:54:52] SlimMonoLogger.INFO: Cron ran at: 15-07-2026 02:54:52 AM [] []
[2026-07-15 02:55:06] SlimMonoLogger.INFO: Cron ran at: 15-07-2026 02:55:06 AM [] []
[2026-07-15 02:55:48] SlimMonoLogger.INFO: Cron ran at: 15-07-2026 02:55:48 AM [] []
[2026-07-15 02:55:50] SlimMonoLogger.INFO: Cron ran at: 15-07-2026 02:55:50 AM [] []
[2026-07-15 02:55:59] SlimMonoLogger.INFO: Cron ran at: 15-07-2026 02:55:59 AM [] []
[2026-07-15 02:56:47] SlimMonoLogger.INFO: Cron ran at: 15-07-2026 02:56:47 AM [] []
[2026-07-15 02:56:50] SlimMonoLogger.INFO: Cron ran at: 15-07-2026 02:56:50 AM [] []
[2026-07-15 02:56:50] SlimMonoLogger.INFO: Cron ran at: 15-07-2026 02:56:50 AM [] []
[2026-07-15 02:56:51] SlimMonoLogger.INFO: Cron ran at: 15-07-2026 02:56:51 AM [] []
[2026-07-15 02:57:13] SlimMonoLogger.INFO: Cron ran at: 15-07-2026 02:57:13 AM [] []
[2026-07-15 02:57:41] SlimMonoLogger.INFO: Cron ran at: 15-07-2026 02:57:41 AM [] []
[2026-07-15 02:57:47] SlimMonoLogger.INFO: Cron ran at: 15-07-2026 02:57:47 AM [] []
[2026-07-15 02:58:01] SlimMonoLogger.INFO: Cron ran at: 15-07-2026 02:58:01 AM [] []
[2026-07-15 02:58:11] SlimMonoLogger.INFO: Cron ran at: 15-07-2026 02:58:11 AM [] []
[2026-07-15 02:58:31] SlimMonoLogger.INFO: Cron ran at: 15-07-2026 02:58:31 AM [] []
[2026-07-15 02:58:36] SlimMonoLogger.ERROR: Requests_Exception: cURL error 28: Operation timed out after 500000 milliseconds with 15828 bytes received in /home/latihtal/public_html/agregator1/src/vendor/rmccue/requests/library/Requests/Transport/cURL.php:422
Stack trace:
#0 /home/latihtal/public_html/agregator1/src/vendor/rmccue/requests/library/Requests/Transport/cURL.php(177): Requests_Transport_cURL->process_response()
#1 /home/latihtal/public_html/agregator1/src/vendor/rmccue/requests/library/Requests.php(379): Requests_Transport_cURL->request()
#2 /home/latihtal/public_html/agregator1/src/vendor/rmccue/requests/library/Requests/Session.php(205): Requests::request()
#3 /home/latihtal/public_html/agregator1/src/vendor/rmccue/requests/library/Requests/Session.php(132): Requests_Session->request()
#4 /home/latihtal/public_html/agregator1/src/drivers/Http/RssImporter.php(144): Requests_Session->get()
#5 /home/latihtal/public_html/agregator1/src/controllers/Dashboard/DashboardFeedsController.php(534): spark\drivers\Http\RssImporter->fetchPosts()
#6 /home/latihtal/public_html/agregator1/src/controllers/Site/SiteController.php(722): spark\controllers\Dashboard\DashboardFeedsController::importFeedPosts()
#7 [internal function]: spark\controllers\Site\SiteController->runTasks()
#8 /home/latihtal/public_html/agregator1/src/framework/Route.php(173): call_user_func_array()
#9 [internal function]: Slim\Route->Slim\{closure}()
#10 /home/latihtal/public_html/agregator1/src/framework/Route.php(468): call_user_func_array()
#11 /home/latihtal/public_html/agregator1/src/framework/Slim.php(1364): Slim\Route->dispatch()
#12 /home/latihtal/public_html/agregator1/src/framework/Middleware/Flash.php(85): Slim\Slim->call()
#13 /home/latihtal/public_html/agregator1/src/framework/Middleware/MethodOverride.php(92): Slim\Middleware\Flash->call()
#14 /home/latihtal/public_html/agregator1/src/middlewares/CsrfGuard/CsrfGuard.php(47): Slim\Middleware\MethodOverride->call()
#15 /home/latihtal/public_html/agregator1/src/framework/Middleware/PrettyExceptions.php(67): spark\middlewares\CsrfGuard\CsrfGuard->call()
#16 /home/latihtal/public_html/agregator1/src/framework/Slim.php(1308): Slim\Middleware\PrettyExceptions->call()
#17 /home/latihtal/public_html/agregator1/index.php(6): Slim\Slim->run()
#18 {main} [] []
[2026-07-15 02:58:46] SlimMonoLogger.INFO: Cron ran at: 15-07-2026 02:58:46 AM [] []
[2026-07-15 02:58:47] SlimMonoLogger.INFO: Cron ran at: 15-07-2026 02:58:47 AM [] []
[2026-07-15 02:59:10] SlimMonoLogger.INFO: Cron ran at: 15-07-2026 02:59:10 AM [] []
[2026-07-15 02:59:10] SlimMonoLogger.INFO: Cron ran at: 15-07-2026 02:59:10 AM [] []
[2026-07-15 02:59:24] SlimMonoLogger.INFO: Cron ran at: 15-07-2026 02:59:24 AM [] []
[2026-07-15 02:59:45] SlimMonoLogger.INFO: Cron ran at: 15-07-2026 02:59:45 AM [] []
[2026-07-15 02:59:47] SlimMonoLogger.INFO: Cron ran at: 15-07-2026 02:59:47 AM [] []
[2026-07-15 03:00:11] SlimMonoLogger.INFO: Cron ran at: 15-07-2026 03:00:11 AM [] []
[2026-07-15 03:00:19] SlimMonoLogger.INFO: Cron ran at: 15-07-2026 03:00:19 AM [] []
[2026-07-15 03:00:50] SlimMonoLogger.INFO: Cron ran at: 15-07-2026 03:00:50 AM [] []
[2026-07-15 03:01:13] SlimMonoLogger.INFO: Cron ran at: 15-07-2026 03:01:13 AM [] []
[2026-07-15 03:01:17] SlimMonoLogger.INFO: Cron ran at: 15-07-2026 03:01:17 AM [] []
[2026-07-15 03:01:48] SlimMonoLogger.INFO: Cron ran at: 15-07-2026 03:01:48 AM [] []
[2026-07-15 03:01:49] SlimMonoLogger.INFO: Cron ran at: 15-07-2026 03:01:49 AM [] []
[2026-07-15 03:02:10] SlimMonoLogger.INFO: Cron ran at: 15-07-2026 03:02:10 AM [] []
[2026-07-15 03:02:10] SlimMonoLogger.INFO: Cron ran at: 15-07-2026 03:02:10 AM [] []
[2026-07-15 03:02:45] SlimMonoLogger.INFO: Cron ran at: 15-07-2026 03:02:45 AM [] []
[2026-07-15 03:02:50] SlimMonoLogger.INFO: Cron ran at: 15-07-2026 03:02:50 AM [] []
[2026-07-15 03:03:15] SlimMonoLogger.INFO: Cron ran at: 15-07-2026 03:03:15 AM [] []
[2026-07-15 03:03:15] SlimMonoLogger.INFO: Cron ran at: 15-07-2026 03:03:15 AM [] []
[2026-07-15 03:03:36] SlimMonoLogger.INFO: Cron ran at: 15-07-2026 03:03:36 AM [] []
[2026-07-15 03:03:50] SlimMonoLogger.INFO: Cron ran at: 15-07-2026 03:03:50 AM [] []
[2026-07-15 03:04:06] SlimMonoLogger.INFO: Cron ran at: 15-07-2026 03:04:06 AM [] []
[2026-07-15 03:04:10] SlimMonoLogger.INFO: Cron ran at: 15-07-2026 03:04:10 AM [] []
[2026-07-15 03:04:28] SlimMonoLogger.INFO: Cron ran at: 15-07-2026 03:04:28 AM [] []
[2026-07-15 03:04:48] SlimMonoLogger.INFO: Cron ran at: 15-07-2026 03:04:48 AM [] []
[2026-07-15 03:05:07] SlimMonoLogger.INFO: Cron ran at: 15-07-2026 03:05:07 AM [] []
[2026-07-15 03:05:22] SlimMonoLogger.INFO: Cron ran at: 15-07-2026 03:05:22 AM [] []
[2026-07-15 03:05:52] SlimMonoLogger.INFO: Cron ran at: 15-07-2026 03:05:52 AM [] []
[2026-07-15 03:06:06] SlimMonoLogger.INFO: Cron ran at: 15-07-2026 03:06:06 AM [] []
[2026-07-15 03:06:18] SlimMonoLogger.INFO: Cron ran at: 15-07-2026 03:06:18 AM [] []
[2026-07-15 03:06:28] SlimMonoLogger.INFO: Cron ran at: 15-07-2026 03:06:28 AM [] []
[2026-07-15 03:06:47] SlimMonoLogger.INFO: Cron ran at: 15-07-2026 03:06:47 AM [] []
[2026-07-15 03:07:07] SlimMonoLogger.INFO: Cron ran at: 15-07-2026 03:07:07 AM [] []
[2026-07-15 03:07:13] SlimMonoLogger.INFO: Cron ran at: 15-07-2026 03:07:13 AM [] []
[2026-07-15 03:07:15] SlimMonoLogger.INFO: Cron ran at: 15-07-2026 03:07:15 AM [] []
[2026-07-15 03:07:49] SlimMonoLogger.INFO: Cron ran at: 15-07-2026 03:07:49 AM [] []
[2026-07-15 03:08:04] SlimMonoLogger.INFO: Cron ran at: 15-07-2026 03:08:04 AM [] []
[2026-07-15 03:08:07] SlimMonoLogger.INFO: Cron ran at: 15-07-2026 03:08:07 AM [] []
[2026-07-15 03:08:09] SlimMonoLogger.INFO: Cron ran at: 15-07-2026 03:08:09 AM [] []
[2026-07-15 03:08:54] SlimMonoLogger.INFO: Cron ran at: 15-07-2026 03:08:54 AM [] []
[2026-07-15 03:09:01] SlimMonoLogger.INFO: Cron ran at: 15-07-2026 03:09:01 AM [] []
[2026-07-15 03:09:05] SlimMonoLogger.INFO: Cron ran at: 15-07-2026 03:09:05 AM [] []
[2026-07-15 03:09:05] SlimMonoLogger.INFO: Cron ran at: 15-07-2026 03:09:05 AM [] []
[2026-07-15 03:09:29] SlimMonoLogger.INFO: Cron ran at: 15-07-2026 03:09:29 AM [] []
[2026-07-15 03:09:47] SlimMonoLogger.INFO: Cron ran at: 15-07-2026 03:09:47 AM [] []
[2026-07-15 03:09:57] SlimMonoLogger.INFO: Cron ran at: 15-07-2026 03:09:57 AM [] []
[2026-07-15 03:10:07] SlimMonoLogger.INFO: Cron ran at: 15-07-2026 03:10:07 AM [] []
[2026-07-15 03:10:26] SlimMonoLogger.INFO: Cron ran at: 15-07-2026 03:10:26 AM [] []
[2026-07-15 03:10:53] SlimMonoLogger.INFO: Cron ran at: 15-07-2026 03:10:53 AM [] []
[2026-07-15 03:11:03] SlimMonoLogger.INFO: Cron ran at: 15-07-2026 03:11:03 AM [] []
[2026-07-15 03:11:31] SlimMonoLogger.INFO: Cron ran at: 15-07-2026 03:11:31 AM [] []
[2026-07-15 03:11:47] SlimMonoLogger.INFO: Cron ran at: 15-07-2026 03:11:47 AM [] []
[2026-07-15 03:11:48] SlimMonoLogger.INFO: Cron ran at: 15-07-2026 03:11:48 AM [] []
[2026-07-15 03:12:06] SlimMonoLogger.INFO: Cron ran at: 15-07-2026 03:12:06 AM [] []
[2026-07-15 03:12:32] SlimMonoLogger.INFO: Cron ran at: 15-07-2026 03:12:32 AM [] []
[2026-07-15 03:12:41] SlimMonoLogger.INFO: Cron ran at: 15-07-2026 03:12:41 AM [] []
[2026-07-15 03:12:44] SlimMonoLogger.INFO: Cron ran at: 15-07-2026 03:12:44 AM [] []
[2026-07-15 03:13:07] SlimMonoLogger.INFO: Cron ran at: 15-07-2026 03:13:07 AM [] []
[2026-07-15 03:13:25] SlimMonoLogger.INFO: Cron ran at: 15-07-2026 03:13:25 AM [] []
[2026-07-15 03:13:27] SlimMonoLogger.INFO: Cron ran at: 15-07-2026 03:13:27 AM [] []
[2026-07-15 03:13:45] SlimMonoLogger.INFO: Cron ran at: 15-07-2026 03:13:45 AM [] []
[2026-07-15 03:14:09] SlimMonoLogger.INFO: Cron ran at: 15-07-2026 03:14:09 AM [] []
[2026-07-15 03:14:25] SlimMonoLogger.INFO: Cron ran at: 15-07-2026 03:14:25 AM [] []
[2026-07-15 03:14:26] SlimMonoLogger.INFO: Cron ran at: 15-07-2026 03:14:26 AM [] []
[2026-07-15 03:14:44] SlimMonoLogger.INFO: Cron ran at: 15-07-2026 03:14:44 AM [] []
[2026-07-15 03:15:06] SlimMonoLogger.INFO: Cron ran at: 15-07-2026 03:15:06 AM [] []
[2026-07-15 03:15:20] SlimMonoLogger.INFO: Cron ran at: 15-07-2026 03:15:20 AM [] []
[2026-07-15 03:15:29] SlimMonoLogger.INFO: Cron ran at: 15-07-2026 03:15:29 AM [] []
[2026-07-15 03:15:44] SlimMonoLogger.INFO: Cron ran at: 15-07-2026 03:15:44 AM [] []
[2026-07-15 03:16:15] SlimMonoLogger.INFO: Cron ran at: 15-07-2026 03:16:15 AM [] []
[2026-07-15 03:16:29] SlimMonoLogger.INFO: Cron ran at: 15-07-2026 03:16:29 AM [] []
[2026-07-15 03:16:42] SlimMonoLogger.INFO: Cron ran at: 15-07-2026 03:16:42 AM [] []
[2026-07-15 03:17:00] SlimMonoLogger.INFO: Cron ran at: 15-07-2026 03:17:00 AM [] []
[2026-07-15 03:17:10] SlimMonoLogger.INFO: Cron ran at: 15-07-2026 03:17:10 AM [] []
[2026-07-15 03:17:28] SlimMonoLogger.INFO: Cron ran at: 15-07-2026 03:17:28 AM [] []
[2026-07-15 03:17:44] SlimMonoLogger.INFO: Cron ran at: 15-07-2026 03:17:44 AM [] []
[2026-07-15 03:17:50] SlimMonoLogger.INFO: Cron ran at: 15-07-2026 03:17:50 AM [] []
[2026-07-15 03:18:05] SlimMonoLogger.INFO: Cron ran at: 15-07-2026 03:18:05 AM [] []
[2026-07-15 03:18:29] SlimMonoLogger.INFO: Cron ran at: 15-07-2026 03:18:29 AM [] []
[2026-07-15 03:18:42] SlimMonoLogger.INFO: Cron ran at: 15-07-2026 03:18:42 AM [] []
[2026-07-15 03:18:42] SlimMonoLogger.INFO: Cron ran at: 15-07-2026 03:18:42 AM [] []
[2026-07-15 03:19:03] SlimMonoLogger.INFO: Cron ran at: 15-07-2026 03:19:03 AM [] []
[2026-07-15 03:19:28] SlimMonoLogger.INFO: Cron ran at: 15-07-2026 03:19:28 AM [] []
[2026-07-15 03:19:34] SlimMonoLogger.INFO: Cron ran at: 15-07-2026 03:19:34 AM [] []
[2026-07-15 03:19:43] SlimMonoLogger.INFO: Cron ran at: 15-07-2026 03:19:43 AM [] []
[2026-07-15 03:20:05] SlimMonoLogger.INFO: Cron ran at: 15-07-2026 03:20:05 AM [] []
[2026-07-15 03:20:29] SlimMonoLogger.INFO: Cron ran at: 15-07-2026 03:20:29 AM [] []
[2026-07-15 03:20:45] SlimMonoLogger.INFO: Cron ran at: 15-07-2026 03:20:45 AM [] []
[2026-07-15 03:21:03] SlimMonoLogger.INFO: Cron ran at: 15-07-2026 03:21:03 AM [] []
[2026-07-15 03:21:25] SlimMonoLogger.INFO: Cron ran at: 15-07-2026 03:21:25 AM [] []
[2026-07-15 03:21:42] SlimMonoLogger.INFO: Cron ran at: 15-07-2026 03:21:42 AM [] []
[2026-07-15 03:21:45] SlimMonoLogger.INFO: Cron ran at: 15-07-2026 03:21:45 AM [] []
[2026-07-15 03:22:04] SlimMonoLogger.INFO: Cron ran at: 15-07-2026 03:22:04 AM [] []
[2026-07-15 03:22:19] SlimMonoLogger.INFO: Cron ran at: 15-07-2026 03:22:19 AM [] []
[2026-07-15 03:22:39] SlimMonoLogger.INFO: Cron ran at: 15-07-2026 03:22:39 AM [] []
[2026-07-15 03:22:43] SlimMonoLogger.INFO: Cron ran at: 15-07-2026 03:22:43 AM [] []
[2026-07-15 03:23:07] SlimMonoLogger.INFO: Cron ran at: 15-07-2026 03:23:07 AM [] []
[2026-07-15 03:23:19] SlimMonoLogger.INFO: Cron ran at: 15-07-2026 03:23:19 AM [] []
[2026-07-15 03:23:28] SlimMonoLogger.INFO: Cron ran at: 15-07-2026 03:23:28 AM [] []
[2026-07-15 03:23:44] SlimMonoLogger.INFO: Cron ran at: 15-07-2026 03:23:44 AM [] []
[2026-07-15 03:24:06] SlimMonoLogger.INFO: Cron ran at: 15-07-2026 03:24:06 AM [] []
[2026-07-15 03:24:16] SlimMonoLogger.INFO: Cron ran at: 15-07-2026 03:24:16 AM [] []
[2026-07-15 03:24:20] SlimMonoLogger.INFO: Cron ran at: 15-07-2026 03:24:20 AM [] []
[2026-07-15 03:24:41] SlimMonoLogger.INFO: Cron ran at: 15-07-2026 03:24:41 AM [] []
[2026-07-15 03:25:05] SlimMonoLogger.INFO: Cron ran at: 15-07-2026 03:25:05 AM [] []
[2026-07-15 03:25:13] SlimMonoLogger.INFO: Cron ran at: 15-07-2026 03:25:13 AM [] []
[2026-07-15 03:25:16] SlimMonoLogger.INFO: Cron ran at: 15-07-2026 03:25:16 AM [] []
[2026-07-15 03:26:08] SlimMonoLogger.INFO: Cron ran at: 15-07-2026 03:26:08 AM [] []
[2026-07-15 03:26:12] SlimMonoLogger.INFO: Cron ran at: 15-07-2026 03:26:12 AM [] []
[2026-07-15 03:26:15] SlimMonoLogger.INFO: Cron ran at: 15-07-2026 03:26:15 AM [] []
[2026-07-15 03:26:19] SlimMonoLogger.INFO: Cron ran at: 15-07-2026 03:26:19 AM [] []
[2026-07-15 03:27:06] SlimMonoLogger.INFO: Cron ran at: 15-07-2026 03:27:06 AM [] []
[2026-07-15 03:27:07] SlimMonoLogger.INFO: Cron ran at: 15-07-2026 03:27:07 AM [] []
[2026-07-15 03:27:07] SlimMonoLogger.INFO: Cron ran at: 15-07-2026 03:27:07 AM [] []
[2026-07-15 03:27:15] SlimMonoLogger.INFO: Cron ran at: 15-07-2026 03:27:15 AM [] []
[2026-07-15 03:28:03] SlimMonoLogger.INFO: Cron ran at: 15-07-2026 03:28:03 AM [] []
[2026-07-15 03:28:03] SlimMonoLogger.INFO: Cron ran at: 15-07-2026 03:28:03 AM [] []
[2026-07-15 03:28:03] SlimMonoLogger.INFO: Cron ran at: 15-07-2026 03:28:03 AM [] []
[2026-07-15 03:28:13] SlimMonoLogger.INFO: Cron ran at: 15-07-2026 03:28:13 AM [] []
[2026-07-15 03:29:00] SlimMonoLogger.INFO: Cron ran at: 15-07-2026 03:29:00 AM [] []
[2026-07-15 03:29:01] SlimMonoLogger.INFO: Cron ran at: 15-07-2026 03:29:01 AM [] []
[2026-07-15 03:29:02] SlimMonoLogger.INFO: Cron ran at: 15-07-2026 03:29:02 AM [] []
[2026-07-15 03:29:15] SlimMonoLogger.INFO: Cron ran at: 15-07-2026 03:29:15 AM [] []
[2026-07-15 03:29:52] SlimMonoLogger.INFO: Cron ran at: 15-07-2026 03:29:52 AM [] []
[2026-07-15 03:30:02] SlimMonoLogger.INFO: Cron ran at: 15-07-2026 03:30:02 AM [] []
[2026-07-15 03:30:04] SlimMonoLogger.INFO: Cron ran at: 15-07-2026 03:30:04 AM [] []
[2026-07-15 03:30:16] SlimMonoLogger.INFO: Cron ran at: 15-07-2026 03:30:16 AM [] []
[2026-07-15 03:30:45] SlimMonoLogger.INFO: Cron ran at: 15-07-2026 03:30:45 AM [] []
[2026-07-15 03:31:00] SlimMonoLogger.INFO: Cron ran at: 15-07-2026 03:31:00 AM [] []
[2026-07-15 03:31:13] SlimMonoLogger.INFO: Cron ran at: 15-07-2026 03:31:13 AM [] []
[2026-07-15 03:31:42] SlimMonoLogger.INFO: Cron ran at: 15-07-2026 03:31:42 AM [] []
[2026-07-15 03:32:01] SlimMonoLogger.INFO: Cron ran at: 15-07-2026 03:32:01 AM [] []
[2026-07-15 03:32:01] SlimMonoLogger.INFO: Cron ran at: 15-07-2026 03:32:01 AM [] []
[2026-07-15 03:32:17] SlimMonoLogger.INFO: Cron ran at: 15-07-2026 03:32:17 AM [] []
[2026-07-15 03:32:40] SlimMonoLogger.INFO: Cron ran at: 15-07-2026 03:32:40 AM [] []
[2026-07-15 03:32:46] SlimMonoLogger.INFO: Cron ran at: 15-07-2026 03:32:46 AM [] []
[2026-07-15 03:33:03] SlimMonoLogger.INFO: Cron ran at: 15-07-2026 03:33:03 AM [] []
[2026-07-15 03:33:15] SlimMonoLogger.INFO: Cron ran at: 15-07-2026 03:33:15 AM [] []
[2026-07-15 03:33:37] SlimMonoLogger.INFO: Cron ran at: 15-07-2026 03:33:37 AM [] []
[2026-07-15 03:33:38] SlimMonoLogger.INFO: Cron ran at: 15-07-2026 03:33:38 AM [] []
[2026-07-15 03:33:59] SlimMonoLogger.INFO: Cron ran at: 15-07-2026 03:33:59 AM [] []
[2026-07-15 03:34:15] SlimMonoLogger.INFO: Cron ran at: 15-07-2026 03:34:15 AM [] []
[2026-07-15 03:34:33] SlimMonoLogger.INFO: Cron ran at: 15-07-2026 03:34:33 AM [] []
[2026-07-15 03:34:35] SlimMonoLogger.INFO: Cron ran at: 15-07-2026 03:34:35 AM [] []
[2026-07-15 03:34:58] SlimMonoLogger.INFO: Cron ran at: 15-07-2026 03:34:58 AM [] []
[2026-07-15 03:35:16] SlimMonoLogger.INFO: Cron ran at: 15-07-2026 03:35:16 AM [] []
[2026-07-15 03:35:35] SlimMonoLogger.INFO: Cron ran at: 15-07-2026 03:35:35 AM [] []
[2026-07-15 03:35:36] SlimMonoLogger.INFO: Cron ran at: 15-07-2026 03:35:36 AM [] []
[2026-07-15 03:36:00] SlimMonoLogger.INFO: Cron ran at: 15-07-2026 03:36:00 AM [] []
[2026-07-15 03:36:21] SlimMonoLogger.INFO: Cron ran at: 15-07-2026 03:36:21 AM [] []
[2026-07-15 03:36:33] SlimMonoLogger.INFO: Cron ran at: 15-07-2026 03:36:33 AM [] []
[2026-07-15 03:36:49] SlimMonoLogger.INFO: Cron ran at: 15-07-2026 03:36:49 AM [] []
[2026-07-15 03:37:01] SlimMonoLogger.INFO: Cron ran at: 15-07-2026 03:37:01 AM [] []
[2026-07-15 03:37:18] SlimMonoLogger.INFO: Cron ran at: 15-07-2026 03:37:18 AM [] []
[2026-07-15 03:37:36] SlimMonoLogger.INFO: Cron ran at: 15-07-2026 03:37:36 AM [] []
[2026-07-15 03:37:39] SlimMonoLogger.INFO: Cron ran at: 15-07-2026 03:37:39 AM [] []
[2026-07-15 03:37:55] SlimMonoLogger.INFO: Cron ran at: 15-07-2026 03:37:55 AM [] []
[2026-07-15 03:38:14] SlimMonoLogger.INFO: Cron ran at: 15-07-2026 03:38:14 AM [] []
[2026-07-15 03:38:29] SlimMonoLogger.INFO: Cron ran at: 15-07-2026 03:38:29 AM [] []
[2026-07-15 03:38:35] SlimMonoLogger.INFO: Cron ran at: 15-07-2026 03:38:35 AM [] []
[2026-07-15 03:39:00] SlimMonoLogger.INFO: Cron ran at: 15-07-2026 03:39:00 AM [] []
[2026-07-15 03:39:19] SlimMonoLogger.INFO: Cron ran at: 15-07-2026 03:39:19 AM [] []
[2026-07-15 03:39:26] SlimMonoLogger.INFO: Cron ran at: 15-07-2026 03:39:26 AM [] []
[2026-07-15 03:39:36] SlimMonoLogger.INFO: Cron ran at: 15-07-2026 03:39:36 AM [] []
[2026-07-15 03:40:02] SlimMonoLogger.INFO: Cron ran at: 15-07-2026 03:40:02 AM [] []
[2026-07-15 03:40:10] SlimMonoLogger.INFO: Cron ran at: 15-07-2026 03:40:10 AM [] []
[2026-07-15 03:40:19] SlimMonoLogger.INFO: Cron ran at: 15-07-2026 03:40:19 AM [] []
[2026-07-15 03:40:37] SlimMonoLogger.INFO: Cron ran at: 15-07-2026 03:40:37 AM [] []
[2026-07-15 03:41:14] SlimMonoLogger.INFO: Cron ran at: 15-07-2026 03:41:14 AM [] []
[2026-07-15 03:41:15] SlimMonoLogger.INFO: Cron ran at: 15-07-2026 03:41:15 AM [] []
[2026-07-15 03:41:35] SlimMonoLogger.INFO: Cron ran at: 15-07-2026 03:41:35 AM [] []
[2026-07-15 03:41:40] SlimMonoLogger.INFO: Cron ran at: 15-07-2026 03:41:40 AM [] []
[2026-07-15 03:42:10] SlimMonoLogger.INFO: Cron ran at: 15-07-2026 03:42:10 AM [] []
[2026-07-15 03:42:11] SlimMonoLogger.INFO: Cron ran at: 15-07-2026 03:42:11 AM [] []
[2026-07-15 03:42:35] SlimMonoLogger.INFO: Cron ran at: 15-07-2026 03:42:35 AM [] []
[2026-07-15 03:42:39] SlimMonoLogger.INFO: Cron ran at: 15-07-2026 03:42:39 AM [] []
[2026-07-15 03:43:07] SlimMonoLogger.INFO: Cron ran at: 15-07-2026 03:43:07 AM [] []
[2026-07-15 03:43:11] SlimMonoLogger.INFO: Cron ran at: 15-07-2026 03:43:11 AM [] []
[2026-07-15 03:43:26] SlimMonoLogger.INFO: Cron ran at: 15-07-2026 03:43:26 AM [] []
[2026-07-15 03:43:33] SlimMonoLogger.INFO: Cron ran at: 15-07-2026 03:43:33 AM [] []
[2026-07-15 03:44:09] SlimMonoLogger.INFO: Cron ran at: 15-07-2026 03:44:09 AM [] []
[2026-07-15 03:44:11] SlimMonoLogger.INFO: Cron ran at: 15-07-2026 03:44:11 AM [] []
[2026-07-15 03:44:17] SlimMonoLogger.INFO: Cron ran at: 15-07-2026 03:44:17 AM [] []
[2026-07-15 03:44:38] SlimMonoLogger.INFO: Cron ran at: 15-07-2026 03:44:38 AM [] []
[2026-07-15 03:45:05] SlimMonoLogger.INFO: Cron ran at: 15-07-2026 03:45:05 AM [] []
[2026-07-15 03:45:11] SlimMonoLogger.INFO: Cron ran at: 15-07-2026 03:45:11 AM [] []
[2026-07-15 03:45:11] SlimMonoLogger.INFO: Cron ran at: 15-07-2026 03:45:11 AM [] []
[2026-07-15 03:46:07] SlimMonoLogger.INFO: Cron ran at: 15-07-2026 03:46:07 AM [] []
[2026-07-15 03:46:09] SlimMonoLogger.INFO: Cron ran at: 15-07-2026 03:46:09 AM [] []
[2026-07-15 03:46:12] SlimMonoLogger.INFO: Cron ran at: 15-07-2026 03:46:12 AM [] []
[2026-07-15 03:46:30] SlimMonoLogger.INFO: Cron ran at: 15-07-2026 03:46:30 AM [] []
[2026-07-15 03:47:04] SlimMonoLogger.INFO: Cron ran at: 15-07-2026 03:47:04 AM [] []
[2026-07-15 03:47:04] SlimMonoLogger.INFO: Cron ran at: 15-07-2026 03:47:04 AM [] []
[2026-07-15 03:47:11] SlimMonoLogger.INFO: Cron ran at: 15-07-2026 03:47:11 AM [] []
[2026-07-15 03:47:19] SlimMonoLogger.INFO: Cron ran at: 15-07-2026 03:47:19 AM [] []
[2026-07-15 03:48:03] SlimMonoLogger.INFO: Cron ran at: 15-07-2026 03:48:03 AM [] []
[2026-07-15 03:48:03] SlimMonoLogger.INFO: Cron ran at: 15-07-2026 03:48:03 AM [] []
[2026-07-15 03:48:11] SlimMonoLogger.INFO: Cron ran at: 15-07-2026 03:48:11 AM [] []
[2026-07-15 03:48:12] SlimMonoLogger.INFO: Cron ran at: 15-07-2026 03:48:12 AM [] []
[2026-07-15 03:48:33] SlimMonoLogger.INFO: Cron ran at: 15-07-2026 03:48:33 AM [] []
[2026-07-15 03:48:59] SlimMonoLogger.INFO: Cron ran at: 15-07-2026 03:48:59 AM [] []
[2026-07-15 03:49:04] SlimMonoLogger.INFO: Cron ran at: 15-07-2026 03:49:04 AM [] []
[2026-07-15 03:49:04] SlimMonoLogger.INFO: Cron ran at: 15-07-2026 03:49:04 AM [] []
[2026-07-15 03:49:40] SlimMonoLogger.INFO: Cron ran at: 15-07-2026 03:49:40 AM [] []
[2026-07-15 03:49:56] SlimMonoLogger.INFO: Cron ran at: 15-07-2026 03:49:56 AM [] []
[2026-07-15 03:49:57] SlimMonoLogger.INFO: Cron ran at: 15-07-2026 03:49:57 AM [] []
[2026-07-15 03:50:06] SlimMonoLogger.INFO: Cron ran at: 15-07-2026 03:50:06 AM [] []
[2026-07-15 03:50:55] SlimMonoLogger.INFO: Cron ran at: 15-07-2026 03:50:55 AM [] []
[2026-07-15 03:50:58] SlimMonoLogger.INFO: Cron ran at: 15-07-2026 03:50:58 AM [] []
[2026-07-15 03:51:05] SlimMonoLogger.INFO: Cron ran at: 15-07-2026 03:51:05 AM [] []
[2026-07-15 03:51:52] SlimMonoLogger.INFO: Cron ran at: 15-07-2026 03:51:52 AM [] []
[2026-07-15 03:51:57] SlimMonoLogger.INFO: Cron ran at: 15-07-2026 03:51:57 AM [] []
[2026-07-15 03:52:01] SlimMonoLogger.INFO: Cron ran at: 15-07-2026 03:52:01 AM [] []
[2026-07-15 03:52:04] SlimMonoLogger.INFO: Cron ran at: 15-07-2026 03:52:04 AM [] []
[2026-07-15 03:52:50] SlimMonoLogger.INFO: Cron ran at: 15-07-2026 03:52:50 AM [] []
[2026-07-15 03:52:53] SlimMonoLogger.INFO: Cron ran at: 15-07-2026 03:52:53 AM [] []
[2026-07-15 03:53:00] SlimMonoLogger.INFO: Cron ran at: 15-07-2026 03:53:00 AM [] []
[2026-07-15 03:53:10] SlimMonoLogger.INFO: Cron ran at: 15-07-2026 03:53:10 AM [] []
[2026-07-15 03:53:43] SlimMonoLogger.INFO: Cron ran at: 15-07-2026 03:53:43 AM [] []
[2026-07-15 03:53:47] SlimMonoLogger.INFO: Cron ran at: 15-07-2026 03:53:47 AM [] []
[2026-07-15 03:54:00] SlimMonoLogger.INFO: Cron ran at: 15-07-2026 03:54:00 AM [] []
[2026-07-15 03:54:02] SlimMonoLogger.INFO: Cron ran at: 15-07-2026 03:54:02 AM [] []
[2026-07-15 03:54:43] SlimMonoLogger.INFO: Cron ran at: 15-07-2026 03:54:43 AM [] []
[2026-07-15 03:54:45] SlimMonoLogger.INFO: Cron ran at: 15-07-2026 03:54:45 AM [] []
[2026-07-15 03:54:58] SlimMonoLogger.INFO: Cron ran at: 15-07-2026 03:54:58 AM [] []
[2026-07-15 03:55:04] SlimMonoLogger.INFO: Cron ran at: 15-07-2026 03:55:04 AM [] []
[2026-07-15 03:55:34] SlimMonoLogger.INFO: Cron ran at: 15-07-2026 03:55:34 AM [] []
[2026-07-15 03:55:46] SlimMonoLogger.INFO: Cron ran at: 15-07-2026 03:55:46 AM [] []
[2026-07-15 03:55:59] SlimMonoLogger.INFO: Cron ran at: 15-07-2026 03:55:59 AM [] []
[2026-07-15 03:56:29] SlimMonoLogger.INFO: Cron ran at: 15-07-2026 03:56:29 AM [] []
[2026-07-15 03:56:46] SlimMonoLogger.INFO: Cron ran at: 15-07-2026 03:56:46 AM [] []
[2026-07-15 03:56:50] SlimMonoLogger.INFO: Cron ran at: 15-07-2026 03:56:50 AM [] []
[2026-07-15 03:56:59] SlimMonoLogger.INFO: Cron ran at: 15-07-2026 03:56:59 AM [] []
[2026-07-15 03:57:26] SlimMonoLogger.INFO: Cron ran at: 15-07-2026 03:57:26 AM [] []
[2026-07-15 03:57:41] SlimMonoLogger.INFO: Cron ran at: 15-07-2026 03:57:41 AM [] []
[2026-07-15 03:57:44] SlimMonoLogger.INFO: Cron ran at: 15-07-2026 03:57:44 AM [] []
[2026-07-15 03:57:58] SlimMonoLogger.INFO: Cron ran at: 15-07-2026 03:57:58 AM [] []
[2026-07-15 03:58:23] SlimMonoLogger.INFO: Cron ran at: 15-07-2026 03:58:23 AM [] []
[2026-07-15 03:58:35] SlimMonoLogger.INFO: Cron ran at: 15-07-2026 03:58:35 AM [] []
[2026-07-15 03:58:45] SlimMonoLogger.INFO: Cron ran at: 15-07-2026 03:58:45 AM [] []
[2026-07-15 03:59:00] SlimMonoLogger.INFO: Cron ran at: 15-07-2026 03:59:00 AM [] []
[2026-07-15 03:59:20] SlimMonoLogger.INFO: Cron ran at: 15-07-2026 03:59:20 AM [] []
[2026-07-15 03:59:26] SlimMonoLogger.INFO: Cron ran at: 15-07-2026 03:59:26 AM [] []
[2026-07-15 03:59:50] SlimMonoLogger.INFO: Cron ran at: 15-07-2026 03:59:50 AM [] []
[2026-07-15 03:59:59] SlimMonoLogger.INFO: Cron ran at: 15-07-2026 03:59:59 AM [] []
[2026-07-15 04:00:19] SlimMonoLogger.INFO: Cron ran at: 15-07-2026 04:00:19 AM [] []
[2026-07-15 04:00:22] SlimMonoLogger.INFO: Cron ran at: 15-07-2026 04:00:22 AM [] []
[2026-07-15 04:00:45] SlimMonoLogger.INFO: Cron ran at: 15-07-2026 04:00:45 AM [] []
[2026-07-15 04:01:21] SlimMonoLogger.INFO: Cron ran at: 15-07-2026 04:01:21 AM [] []
[2026-07-15 04:01:21] SlimMonoLogger.INFO: Cron ran at: 15-07-2026 04:01:21 AM [] []
[2026-07-15 04:01:35] SlimMonoLogger.INFO: Cron ran at: 15-07-2026 04:01:35 AM [] []
[2026-07-15 04:01:45] SlimMonoLogger.INFO: Cron ran at: 15-07-2026 04:01:45 AM [] []
[2026-07-15 04:02:09] SlimMonoLogger.INFO: Cron ran at: 15-07-2026 04:02:09 AM [] []
[2026-07-15 04:02:21] SlimMonoLogger.INFO: Cron ran at: 15-07-2026 04:02:21 AM [] []
[2026-07-15 04:02:29] SlimMonoLogger.INFO: Cron ran at: 15-07-2026 04:02:29 AM [] []
[2026-07-15 04:02:44] SlimMonoLogger.INFO: Cron ran at: 15-07-2026 04:02:44 AM [] []
[2026-07-15 04:03:06] SlimMonoLogger.INFO: Cron ran at: 15-07-2026 04:03:06 AM [] []
[2026-07-15 04:03:16] SlimMonoLogger.INFO: Cron ran at: 15-07-2026 04:03:16 AM [] []
[2026-07-15 04:03:17] SlimMonoLogger.INFO: Cron ran at: 15-07-2026 04:03:17 AM [] []
[2026-07-15 04:03:45] SlimMonoLogger.INFO: Cron ran at: 15-07-2026 04:03:45 AM [] []
[2026-07-15 04:04:04] SlimMonoLogger.INFO: Cron ran at: 15-07-2026 04:04:04 AM [] []
[2026-07-15 04:04:08] SlimMonoLogger.INFO: Cron ran at: 15-07-2026 04:04:08 AM [] []
[2026-07-15 04:04:19] SlimMonoLogger.INFO: Cron ran at: 15-07-2026 04:04:19 AM [] []
[2026-07-15 04:04:45] SlimMonoLogger.INFO: Cron ran at: 15-07-2026 04:04:45 AM [] []
[2026-07-15 04:05:02] SlimMonoLogger.INFO: Cron ran at: 15-07-2026 04:05:02 AM [] []
[2026-07-15 04:05:04] SlimMonoLogger.INFO: Cron ran at: 15-07-2026 04:05:04 AM [] []
[2026-07-15 04:05:20] SlimMonoLogger.INFO: Cron ran at: 15-07-2026 04:05:20 AM [] []
[2026-07-15 04:05:41] SlimMonoLogger.INFO: Cron ran at: 15-07-2026 04:05:41 AM [] []
[2026-07-15 04:06:03] SlimMonoLogger.INFO: Cron ran at: 15-07-2026 04:06:03 AM [] []
[2026-07-15 04:06:03] SlimMonoLogger.INFO: Cron ran at: 15-07-2026 04:06:03 AM [] []
[2026-07-15 04:06:33] SlimMonoLogger.INFO: Cron ran at: 15-07-2026 04:06:33 AM [] []
[2026-07-15 04:06:42] SlimMonoLogger.INFO: Cron ran at: 15-07-2026 04:06:42 AM [] []
[2026-07-15 04:06:54] SlimMonoLogger.INFO: Cron ran at: 15-07-2026 04:06:54 AM [] []
[2026-07-15 04:07:06] SlimMonoLogger.INFO: Cron ran at: 15-07-2026 04:07:06 AM [] []
[2026-07-15 04:07:23] SlimMonoLogger.INFO: Cron ran at: 15-07-2026 04:07:23 AM [] []
[2026-07-15 04:07:43] SlimMonoLogger.INFO: Cron ran at: 15-07-2026 04:07:43 AM [] []
[2026-07-15 04:07:54] SlimMonoLogger.INFO: Cron ran at: 15-07-2026 04:07:54 AM [] []
[2026-07-15 04:08:05] SlimMonoLogger.INFO: Cron ran at: 15-07-2026 04:08:05 AM [] []
[2026-07-15 04:08:09] SlimMonoLogger.INFO: Cron ran at: 15-07-2026 04:08:09 AM [] []
[2026-07-15 04:08:42] SlimMonoLogger.INFO: Cron ran at: 15-07-2026 04:08:42 AM [] []
[2026-07-15 04:08:51] SlimMonoLogger.INFO: Cron ran at: 15-07-2026 04:08:51 AM [] []
[2026-07-15 04:09:07] SlimMonoLogger.INFO: Cron ran at: 15-07-2026 04:09:07 AM [] []
[2026-07-15 04:09:07] SlimMonoLogger.INFO: Cron ran at: 15-07-2026 04:09:07 AM [] []
[2026-07-15 04:09:45] SlimMonoLogger.INFO: Cron ran at: 15-07-2026 04:09:45 AM [] []
[2026-07-15 04:09:49] SlimMonoLogger.INFO: Cron ran at: 15-07-2026 04:09:49 AM [] []
[2026-07-15 04:10:06] SlimMonoLogger.INFO: Cron ran at: 15-07-2026 04:10:06 AM [] []
[2026-07-15 04:10:07] SlimMonoLogger.INFO: Cron ran at: 15-07-2026 04:10:07 AM [] []
[2026-07-15 04:10:51] SlimMonoLogger.INFO: Cron ran at: 15-07-2026 04:10:51 AM [] []
[2026-07-15 04:10:56] SlimMonoLogger.INFO: Cron ran at: 15-07-2026 04:10:56 AM [] []
[2026-07-15 04:11:06] SlimMonoLogger.INFO: Cron ran at: 15-07-2026 04:11:06 AM [] []
[2026-07-15 04:11:49] SlimMonoLogger.INFO: Cron ran at: 15-07-2026 04:11:49 AM [] []
[2026-07-15 04:11:52] SlimMonoLogger.INFO: Cron ran at: 15-07-2026 04:11:52 AM [] []
[2026-07-15 04:11:52] SlimMonoLogger.INFO: Cron ran at: 15-07-2026 04:11:52 AM [] []
[2026-07-15 04:12:06] SlimMonoLogger.INFO: Cron ran at: 15-07-2026 04:12:06 AM [] []
[2026-07-15 04:12:37] SlimMonoLogger.INFO: Cron ran at: 15-07-2026 04:12:37 AM [] []
[2026-07-15 04:12:50] SlimMonoLogger.INFO: Cron ran at: 15-07-2026 04:12:50 AM [] []
[2026-07-15 04:12:59] SlimMonoLogger.INFO: Cron ran at: 15-07-2026 04:12:59 AM [] []
[2026-07-15 04:13:06] SlimMonoLogger.INFO: Cron ran at: 15-07-2026 04:13:06 AM [] []
[2026-07-15 04:13:32] SlimMonoLogger.INFO: Cron ran at: 15-07-2026 04:13:32 AM [] []
[2026-07-15 04:13:47] SlimMonoLogger.INFO: Cron ran at: 15-07-2026 04:13:47 AM [] []
[2026-07-15 04:13:52] SlimMonoLogger.INFO: Cron ran at: 15-07-2026 04:13:52 AM [] []
[2026-07-15 04:14:05] SlimMonoLogger.INFO: Cron ran at: 15-07-2026 04:14:05 AM [] []
[2026-07-15 04:14:23] SlimMonoLogger.INFO: Cron ran at: 15-07-2026 04:14:23 AM [] []
[2026-07-15 04:14:49] SlimMonoLogger.INFO: Cron ran at: 15-07-2026 04:14:49 AM [] []
[2026-07-15 04:14:49] SlimMonoLogger.INFO: Cron ran at: 15-07-2026 04:14:49 AM [] []
[2026-07-15 04:15:12] SlimMonoLogger.INFO: Cron ran at: 15-07-2026 04:15:12 AM [] []
[2026-07-15 04:15:18] SlimMonoLogger.INFO: Cron ran at: 15-07-2026 04:15:18 AM [] []
[2026-07-15 04:15:50] SlimMonoLogger.INFO: Cron ran at: 15-07-2026 04:15:50 AM [] []
[2026-07-15 04:15:53] SlimMonoLogger.INFO: Cron ran at: 15-07-2026 04:15:53 AM [] []
[2026-07-15 04:16:12] SlimMonoLogger.INFO: Cron ran at: 15-07-2026 04:16:12 AM [] []
[2026-07-15 04:16:49] SlimMonoLogger.INFO: Cron ran at: 15-07-2026 04:16:49 AM [] []
[2026-07-15 04:16:49] SlimMonoLogger.INFO: Cron ran at: 15-07-2026 04:16:49 AM [] []
[2026-07-15 04:17:04] SlimMonoLogger.INFO: Cron ran at: 15-07-2026 04:17:04 AM [] []
[2026-07-15 04:17:10] SlimMonoLogger.INFO: Cron ran at: 15-07-2026 04:17:10 AM [] []
[2026-07-15 04:17:48] SlimMonoLogger.INFO: Cron ran at: 15-07-2026 04:17:48 AM [] []
[2026-07-15 04:17:52] SlimMonoLogger.INFO: Cron ran at: 15-07-2026 04:17:52 AM [] []
[2026-07-15 04:17:58] SlimMonoLogger.INFO: Cron ran at: 15-07-2026 04:17:58 AM [] []
[2026-07-15 04:18:07] SlimMonoLogger.INFO: Cron ran at: 15-07-2026 04:18:07 AM [] []
[2026-07-15 04:18:46] SlimMonoLogger.INFO: Cron ran at: 15-07-2026 04:18:46 AM [] []
[2026-07-15 04:18:48] SlimMonoLogger.INFO: Cron ran at: 15-07-2026 04:18:48 AM [] []
[2026-07-15 04:18:49] SlimMonoLogger.INFO: Cron ran at: 15-07-2026 04:18:49 AM [] []
[2026-07-15 04:19:05] SlimMonoLogger.INFO: Cron ran at: 15-07-2026 04:19:05 AM [] []
[2026-07-15 04:19:40] SlimMonoLogger.INFO: Cron ran at: 15-07-2026 04:19:40 AM [] []
[2026-07-15 04:19:45] SlimMonoLogger.INFO: Cron ran at: 15-07-2026 04:19:45 AM [] []
[2026-07-15 04:19:47] SlimMonoLogger.INFO: Cron ran at: 15-07-2026 04:19:47 AM [] []
[2026-07-15 04:20:04] SlimMonoLogger.INFO: Cron ran at: 15-07-2026 04:20:04 AM [] []
[2026-07-15 04:20:39] SlimMonoLogger.INFO: Cron ran at: 15-07-2026 04:20:39 AM [] []
[2026-07-15 04:20:48] SlimMonoLogger.INFO: Cron ran at: 15-07-2026 04:20:48 AM [] []
[2026-07-15 04:21:03] SlimMonoLogger.INFO: Cron ran at: 15-07-2026 04:21:03 AM [] []
[2026-07-15 04:21:30] SlimMonoLogger.INFO: Cron ran at: 15-07-2026 04:21:30 AM [] []
[2026-07-15 04:21:31] SlimMonoLogger.INFO: Cron ran at: 15-07-2026 04:21:31 AM [] []
[2026-07-15 04:21:49] SlimMonoLogger.INFO: Cron ran at: 15-07-2026 04:21:49 AM [] []
[2026-07-15 04:22:06] SlimMonoLogger.INFO: Cron ran at: 15-07-2026 04:22:06 AM [] []
[2026-07-15 04:22:20] SlimMonoLogger.INFO: Cron ran at: 15-07-2026 04:22:20 AM [] []
[2026-07-15 04:22:30] SlimMonoLogger.INFO: Cron ran at: 15-07-2026 04:22:30 AM [] []
[2026-07-15 04:22:50] SlimMonoLogger.INFO: Cron ran at: 15-07-2026 04:22:50 AM [] []
[2026-07-15 04:23:06] SlimMonoLogger.INFO: Cron ran at: 15-07-2026 04:23:06 AM [] []
[2026-07-15 04:23:10] SlimMonoLogger.INFO: Cron ran at: 15-07-2026 04:23:10 AM [] []
[2026-07-15 04:23:22] SlimMonoLogger.INFO: Cron ran at: 15-07-2026 04:23:22 AM [] []
[2026-07-15 04:23:48] SlimMonoLogger.INFO: Cron ran at: 15-07-2026 04:23:48 AM [] []
[2026-07-15 04:24:05] SlimMonoLogger.INFO: Cron ran at: 15-07-2026 04:24:05 AM [] []
[2026-07-15 04:24:05] SlimMonoLogger.INFO: Cron ran at: 15-07-2026 04:24:05 AM [] []
[2026-07-15 04:24:21] SlimMonoLogger.INFO: Cron ran at: 15-07-2026 04:24:21 AM [] []
[2026-07-15 04:24:46] SlimMonoLogger.INFO: Cron ran at: 15-07-2026 04:24:46 AM [] []
[2026-07-15 04:25:01] SlimMonoLogger.INFO: Cron ran at: 15-07-2026 04:25:01 AM [] []
[2026-07-15 04:25:04] SlimMonoLogger.INFO: Cron ran at: 15-07-2026 04:25:04 AM [] []
[2026-07-15 04:25:20] SlimMonoLogger.INFO: Cron ran at: 15-07-2026 04:25:20 AM [] []
[2026-07-15 04:25:53] SlimMonoLogger.INFO: Cron ran at: 15-07-2026 04:25:53 AM [] []
[2026-07-15 04:26:04] SlimMonoLogger.INFO: Cron ran at: 15-07-2026 04:26:04 AM [] []
[2026-07-15 04:26:20] SlimMonoLogger.INFO: Cron ran at: 15-07-2026 04:26:20 AM [] []
[2026-07-15 04:26:55] SlimMonoLogger.INFO: Cron ran at: 15-07-2026 04:26:55 AM [] []
[2026-07-15 04:27:03] SlimMonoLogger.INFO: Cron ran at: 15-07-2026 04:27:03 AM [] []
[2026-07-15 04:27:04] SlimMonoLogger.INFO: Cron ran at: 15-07-2026 04:27:04 AM [] []
[2026-07-15 04:27:20] SlimMonoLogger.INFO: Cron ran at: 15-07-2026 04:27:20 AM [] []
[2026-07-15 04:27:48] SlimMonoLogger.INFO: Cron ran at: 15-07-2026 04:27:48 AM [] []
[2026-07-15 04:27:54] SlimMonoLogger.INFO: Cron ran at: 15-07-2026 04:27:54 AM [] []
[2026-07-15 04:28:03] SlimMonoLogger.INFO: Cron ran at: 15-07-2026 04:28:03 AM [] []
[2026-07-15 04:28:21] SlimMonoLogger.INFO: Cron ran at: 15-07-2026 04:28:21 AM [] []
[2026-07-15 04:28:45] SlimMonoLogger.INFO: Cron ran at: 15-07-2026 04:28:45 AM [] []
[2026-07-15 04:28:45] SlimMonoLogger.INFO: Cron ran at: 15-07-2026 04:28:45 AM [] []
[2026-07-15 04:29:05] SlimMonoLogger.INFO: Cron ran at: 15-07-2026 04:29:05 AM [] []
[2026-07-15 04:29:20] SlimMonoLogger.INFO: Cron ran at: 15-07-2026 04:29:20 AM [] []
[2026-07-15 04:29:39] SlimMonoLogger.INFO: Cron ran at: 15-07-2026 04:29:39 AM [] []
[2026-07-15 04:29:44] SlimMonoLogger.INFO: Cron ran at: 15-07-2026 04:29:44 AM [] []
[2026-07-15 04:30:05] SlimMonoLogger.INFO: Cron ran at: 15-07-2026 04:30:05 AM [] []
[2026-07-15 04:30:20] SlimMonoLogger.INFO: Cron ran at: 15-07-2026 04:30:20 AM [] []
[2026-07-15 04:30:34] SlimMonoLogger.INFO: Cron ran at: 15-07-2026 04:30:34 AM [] []
[2026-07-15 04:30:44] SlimMonoLogger.INFO: Cron ran at: 15-07-2026 04:30:44 AM [] []
[2026-07-15 04:31:23] SlimMonoLogger.INFO: Cron ran at: 15-07-2026 04:31:23 AM [] []
[2026-07-15 04:31:27] SlimMonoLogger.INFO: Cron ran at: 15-07-2026 04:31:27 AM [] []
[2026-07-15 04:31:36] SlimMonoLogger.INFO: Cron ran at: 15-07-2026 04:31:36 AM [] []
[2026-07-15 04:31:42] SlimMonoLogger.INFO: Cron ran at: 15-07-2026 04:31:42 AM [] []
[2026-07-15 04:32:20] SlimMonoLogger.INFO: Cron ran at: 15-07-2026 04:32:20 AM [] []
[2026-07-15 04:32:24] SlimMonoLogger.INFO: Cron ran at: 15-07-2026 04:32:24 AM [] []
[2026-07-15 04:32:30] SlimMonoLogger.INFO: Cron ran at: 15-07-2026 04:32:30 AM [] []
[2026-07-15 04:32:47] SlimMonoLogger.INFO: Cron ran at: 15-07-2026 04:32:47 AM [] []
[2026-07-15 04:33:19] SlimMonoLogger.INFO: Cron ran at: 15-07-2026 04:33:19 AM [] []
[2026-07-15 04:33:20] SlimMonoLogger.INFO: Cron ran at: 15-07-2026 04:33:20 AM [] []
[2026-07-15 04:33:21] SlimMonoLogger.INFO: Cron ran at: 15-07-2026 04:33:21 AM [] []
[2026-07-15 04:33:48] SlimMonoLogger.INFO: Cron ran at: 15-07-2026 04:33:48 AM [] []
[2026-07-15 04:34:18] SlimMonoLogger.INFO: Cron ran at: 15-07-2026 04:34:18 AM [] []
[2026-07-15 04:34:19] SlimMonoLogger.INFO: Cron ran at: 15-07-2026 04:34:19 AM [] []
[2026-07-15 04:34:19] SlimMonoLogger.INFO: Cron ran at: 15-07-2026 04:34:19 AM [] []
[2026-07-15 04:34:45] SlimMonoLogger.INFO: Cron ran at: 15-07-2026 04:34:45 AM [] []
[2026-07-15 04:35:07] SlimMonoLogger.INFO: Cron ran at: 15-07-2026 04:35:07 AM [] []
[2026-07-15 04:35:18] SlimMonoLogger.INFO: Cron ran at: 15-07-2026 04:35:18 AM [] []
[2026-07-15 04:35:21] SlimMonoLogger.INFO: Cron ran at: 15-07-2026 04:35:21 AM [] []
[2026-07-15 04:35:47] SlimMonoLogger.INFO: Cron ran at: 15-07-2026 04:35:47 AM [] []
[2026-07-15 04:36:03] SlimMonoLogger.INFO: Cron ran at: 15-07-2026 04:36:03 AM [] []
[2026-07-15 04:36:20] SlimMonoLogger.INFO: Cron ran at: 15-07-2026 04:36:20 AM [] []
[2026-07-15 04:36:20] SlimMonoLogger.INFO: Cron ran at: 15-07-2026 04:36:20 AM [] []
[2026-07-15 04:36:45] SlimMonoLogger.INFO: Cron ran at: 15-07-2026 04:36:45 AM [] []
[2026-07-15 04:36:58] SlimMonoLogger.INFO: Cron ran at: 15-07-2026 04:36:58 AM [] []
[2026-07-15 04:37:11] SlimMonoLogger.INFO: Cron ran at: 15-07-2026 04:37:11 AM [] []
[2026-07-15 04:37:20] SlimMonoLogger.INFO: Cron ran at: 15-07-2026 04:37:20 AM [] []
[2026-07-15 04:37:44] SlimMonoLogger.INFO: Cron ran at: 15-07-2026 04:37:44 AM [] []
[2026-07-15 04:37:54] SlimMonoLogger.INFO: Cron ran at: 15-07-2026 04:37:54 AM [] []
[2026-07-15 04:38:01] SlimMonoLogger.INFO: Cron ran at: 15-07-2026 04:38:01 AM [] []
[2026-07-15 04:38:19] SlimMonoLogger.INFO: Cron ran at: 15-07-2026 04:38:19 AM [] []
[2026-07-15 04:38:48] SlimMonoLogger.INFO: Cron ran at: 15-07-2026 04:38:48 AM [] []
[2026-07-15 04:38:57] SlimMonoLogger.INFO: Cron ran at: 15-07-2026 04:38:57 AM [] []
[2026-07-15 04:38:57] SlimMonoLogger.INFO: Cron ran at: 15-07-2026 04:38:57 AM [] []
[2026-07-15 04:39:22] SlimMonoLogger.INFO: Cron ran at: 15-07-2026 04:39:22 AM [] []
[2026-07-15 04:39:45] SlimMonoLogger.INFO: Cron ran at: 15-07-2026 04:39:45 AM [] []
[2026-07-15 04:39:48] SlimMonoLogger.INFO: Cron ran at: 15-07-2026 04:39:48 AM [] []
[2026-07-15 04:39:49] SlimMonoLogger.INFO: Cron ran at: 15-07-2026 04:39:49 AM [] []
[2026-07-15 04:40:17] SlimMonoLogger.INFO: Cron ran at: 15-07-2026 04:40:17 AM [] []
[2026-07-15 04:40:43] SlimMonoLogger.INFO: Cron ran at: 15-07-2026 04:40:43 AM [] []
[2026-07-15 04:40:54] SlimMonoLogger.INFO: Cron ran at: 15-07-2026 04:40:54 AM [] []
[2026-07-15 04:41:13] SlimMonoLogger.INFO: Cron ran at: 15-07-2026 04:41:13 AM [] []
[2026-07-15 04:41:15] SlimMonoLogger.INFO: Cron ran at: 15-07-2026 04:41:15 AM [] []
[2026-07-15 04:41:37] SlimMonoLogger.INFO: Cron ran at: 15-07-2026 04:41:37 AM [] []
[2026-07-15 04:41:49] SlimMonoLogger.INFO: Cron ran at: 15-07-2026 04:41:49 AM [] []
[2026-07-15 04:42:03] SlimMonoLogger.INFO: Cron ran at: 15-07-2026 04:42:03 AM [] []
[2026-07-15 04:42:14] SlimMonoLogger.INFO: Cron ran at: 15-07-2026 04:42:14 AM [] []
[2026-07-15 04:42:36] SlimMonoLogger.INFO: Cron ran at: 15-07-2026 04:42:36 AM [] []
[2026-07-15 04:42:51] SlimMonoLogger.INFO: Cron ran at: 15-07-2026 04:42:51 AM [] []
[2026-07-15 04:42:51] SlimMonoLogger.INFO: Cron ran at: 15-07-2026 04:42:51 AM [] []
[2026-07-15 04:43:14] SlimMonoLogger.INFO: Cron ran at: 15-07-2026 04:43:14 AM [] []
[2026-07-15 04:43:33] SlimMonoLogger.INFO: Cron ran at: 15-07-2026 04:43:33 AM [] []
[2026-07-15 04:43:48] SlimMonoLogger.INFO: Cron ran at: 15-07-2026 04:43:48 AM [] []
[2026-07-15 04:43:52] SlimMonoLogger.INFO: Cron ran at: 15-07-2026 04:43:52 AM [] []
[2026-07-15 04:44:15] SlimMonoLogger.INFO: Cron ran at: 15-07-2026 04:44:15 AM [] []
[2026-07-15 04:44:30] SlimMonoLogger.INFO: Cron ran at: 15-07-2026 04:44:30 AM [] []
[2026-07-15 04:44:40] SlimMonoLogger.INFO: Cron ran at: 15-07-2026 04:44:40 AM [] []
[2026-07-15 04:44:46] SlimMonoLogger.INFO: Cron ran at: 15-07-2026 04:44:46 AM [] []
[2026-07-15 04:45:21] SlimMonoLogger.INFO: Cron ran at: 15-07-2026 04:45:21 AM [] []
[2026-07-15 04:45:31] SlimMonoLogger.INFO: Cron ran at: 15-07-2026 04:45:31 AM [] []
[2026-07-15 04:45:34] SlimMonoLogger.INFO: Cron ran at: 15-07-2026 04:45:34 AM [] []
[2026-07-15 04:45:51] SlimMonoLogger.INFO: Cron ran at: 15-07-2026 04:45:51 AM [] []
[2026-07-15 04:46:32] SlimMonoLogger.INFO: Cron ran at: 15-07-2026 04:46:32 AM [] []
[2026-07-15 04:46:34] SlimMonoLogger.INFO: Cron ran at: 15-07-2026 04:46:34 AM [] []
[2026-07-15 04:46:34] SlimMonoLogger.INFO: Cron ran at: 15-07-2026 04:46:34 AM [] []
[2026-07-15 04:46:50] SlimMonoLogger.INFO: Cron ran at: 15-07-2026 04:46:50 AM [] []
[2026-07-15 04:47:27] SlimMonoLogger.INFO: Cron ran at: 15-07-2026 04:47:27 AM [] []
[2026-07-15 04:47:27] SlimMonoLogger.INFO: Cron ran at: 15-07-2026 04:47:27 AM [] []
[2026-07-15 04:47:27] SlimMonoLogger.INFO: Cron ran at: 15-07-2026 04:47:27 AM [] []
[2026-07-15 04:47:47] SlimMonoLogger.INFO: Cron ran at: 15-07-2026 04:47:47 AM [] []
[2026-07-15 04:48:20] SlimMonoLogger.INFO: Cron ran at: 15-07-2026 04:48:20 AM [] []
[2026-07-15 04:48:21] SlimMonoLogger.INFO: Cron ran at: 15-07-2026 04:48:21 AM [] []
[2026-07-15 04:48:27] SlimMonoLogger.INFO: Cron ran at: 15-07-2026 04:48:27 AM [] []
[2026-07-15 04:48:41] SlimMonoLogger.INFO: Cron ran at: 15-07-2026 04:48:41 AM [] []
[2026-07-15 04:49:10] SlimMonoLogger.INFO: Cron ran at: 15-07-2026 04:49:10 AM [] []
[2026-07-15 04:49:25] SlimMonoLogger.INFO: Cron ran at: 15-07-2026 04:49:25 AM [] []
[2026-07-15 04:49:26] SlimMonoLogger.INFO: Cron ran at: 15-07-2026 04:49:26 AM [] []
[2026-07-15 04:49:44] SlimMonoLogger.INFO: Cron ran at: 15-07-2026 04:49:44 AM [] []
[2026-07-15 04:50:08] SlimMonoLogger.INFO: Cron ran at: 15-07-2026 04:50:08 AM [] []
[2026-07-15 04:50:26] SlimMonoLogger.INFO: Cron ran at: 15-07-2026 04:50:26 AM [] []
[2026-07-15 04:50:28] SlimMonoLogger.INFO: Cron ran at: 15-07-2026 04:50:28 AM [] []
[2026-07-15 04:51:08] SlimMonoLogger.INFO: Cron ran at: 15-07-2026 04:51:08 AM [] []
[2026-07-15 04:51:29] SlimMonoLogger.INFO: Cron ran at: 15-07-2026 04:51:29 AM [] []
[2026-07-15 04:51:30] SlimMonoLogger.INFO: Cron ran at: 15-07-2026 04:51:30 AM [] []
[2026-07-15 04:51:31] SlimMonoLogger.INFO: Cron ran at: 15-07-2026 04:51:31 AM [] []
[2026-07-15 04:51:56] SlimMonoLogger.INFO: Cron ran at: 15-07-2026 04:51:56 AM [] []
[2026-07-15 04:52:19] SlimMonoLogger.INFO: Cron ran at: 15-07-2026 04:52:19 AM [] []
[2026-07-15 04:52:23] SlimMonoLogger.INFO: Cron ran at: 15-07-2026 04:52:23 AM [] []
[2026-07-15 04:52:25] SlimMonoLogger.INFO: Cron ran at: 15-07-2026 04:52:25 AM [] []
[2026-07-15 04:52:52] SlimMonoLogger.INFO: Cron ran at: 15-07-2026 04:52:52 AM [] []
[2026-07-15 04:53:17] SlimMonoLogger.INFO: Cron ran at: 15-07-2026 04:53:17 AM [] []
[2026-07-15 04:53:24] SlimMonoLogger.INFO: Cron ran at: 15-07-2026 04:53:24 AM [] []
[2026-07-15 04:53:27] SlimMonoLogger.INFO: Cron ran at: 15-07-2026 04:53:27 AM [] []
[2026-07-15 04:53:49] SlimMonoLogger.INFO: Cron ran at: 15-07-2026 04:53:49 AM [] []
[2026-07-15 04:54:06] SlimMonoLogger.INFO: Cron ran at: 15-07-2026 04:54:06 AM [] []
[2026-07-15 04:54:25] SlimMonoLogger.INFO: Cron ran at: 15-07-2026 04:54:25 AM [] []
[2026-07-15 04:54:27] SlimMonoLogger.INFO: Cron ran at: 15-07-2026 04:54:27 AM [] []
[2026-07-15 04:54:50] SlimMonoLogger.INFO: Cron ran at: 15-07-2026 04:54:50 AM [] []
[2026-07-15 04:54:59] SlimMonoLogger.INFO: Cron ran at: 15-07-2026 04:54:59 AM [] []
[2026-07-15 04:55:25] SlimMonoLogger.INFO: Cron ran at: 15-07-2026 04:55:25 AM [] []
[2026-07-15 04:55:49] SlimMonoLogger.INFO: Cron ran at: 15-07-2026 04:55:49 AM [] []
[2026-07-15 04:56:00] SlimMonoLogger.INFO: Cron ran at: 15-07-2026 04:56:00 AM [] []
[2026-07-15 04:56:23] SlimMonoLogger.INFO: Cron ran at: 15-07-2026 04:56:23 AM [] []
[2026-07-15 04:56:43] SlimMonoLogger.INFO: Cron ran at: 15-07-2026 04:56:43 AM [] []
[2026-07-15 04:56:45] SlimMonoLogger.INFO: Cron ran at: 15-07-2026 04:56:45 AM [] []
[2026-07-15 04:56:49] SlimMonoLogger.INFO: Cron ran at: 15-07-2026 04:56:49 AM [] []
[2026-07-15 04:57:24] SlimMonoLogger.INFO: Cron ran at: 15-07-2026 04:57:24 AM [] []
[2026-07-15 04:57:37] SlimMonoLogger.INFO: Cron ran at: 15-07-2026 04:57:37 AM [] []
[2026-07-15 04:57:44] SlimMonoLogger.INFO: Cron ran at: 15-07-2026 04:57:44 AM [] []
[2026-07-15 04:57:50] SlimMonoLogger.INFO: Cron ran at: 15-07-2026 04:57:50 AM [] []
[2026-07-15 04:58:24] SlimMonoLogger.INFO: Cron ran at: 15-07-2026 04:58:24 AM [] []
[2026-07-15 04:58:24] SlimMonoLogger.INFO: Cron ran at: 15-07-2026 04:58:24 AM [] []
[2026-07-15 04:58:44] SlimMonoLogger.INFO: Cron ran at: 15-07-2026 04:58:44 AM [] []
[2026-07-15 04:58:47] SlimMonoLogger.INFO: Cron ran at: 15-07-2026 04:58:47 AM [] []
[2026-07-15 04:59:20] SlimMonoLogger.INFO: Cron ran at: 15-07-2026 04:59:20 AM [] []
[2026-07-15 04:59:22] SlimMonoLogger.INFO: Cron ran at: 15-07-2026 04:59:22 AM [] []
[2026-07-15 04:59:45] SlimMonoLogger.INFO: Cron ran at: 15-07-2026 04:59:45 AM [] []
[2026-07-15 04:59:45] SlimMonoLogger.INFO: Cron ran at: 15-07-2026 04:59:45 AM [] []
[2026-07-15 05:00:18] SlimMonoLogger.INFO: Cron ran at: 15-07-2026 05:00:18 AM [] []
[2026-07-15 05:00:46] SlimMonoLogger.INFO: Cron ran at: 15-07-2026 05:00:46 AM [] []
[2026-07-15 05:00:47] SlimMonoLogger.INFO: Cron ran at: 15-07-2026 05:00:47 AM [] []
[2026-07-15 05:01:13] SlimMonoLogger.INFO: Cron ran at: 15-07-2026 05:01:13 AM [] []
[2026-07-15 05:01:37] SlimMonoLogger.INFO: Cron ran at: 15-07-2026 05:01:37 AM [] []
[2026-07-15 05:01:44] SlimMonoLogger.INFO: Cron ran at: 15-07-2026 05:01:44 AM [] []
[2026-07-15 05:01:53] SlimMonoLogger.INFO: Cron ran at: 15-07-2026 05:01:53 AM [] []
[2026-07-15 05:02:03] SlimMonoLogger.INFO: Cron ran at: 15-07-2026 05:02:03 AM [] []
[2026-07-15 05:02:26] SlimMonoLogger.INFO: Cron ran at: 15-07-2026 05:02:26 AM [] []
[2026-07-15 05:02:45] SlimMonoLogger.INFO: Cron ran at: 15-07-2026 05:02:45 AM [] []
[2026-07-15 05:02:51] SlimMonoLogger.INFO: Cron ran at: 15-07-2026 05:02:51 AM [] []
[2026-07-15 05:03:00] SlimMonoLogger.INFO: Cron ran at: 15-07-2026 05:03:00 AM [] []
[2026-07-15 05:03:15] SlimMonoLogger.INFO: Cron ran at: 15-07-2026 05:03:15 AM [] []
[2026-07-15 05:03:45] SlimMonoLogger.INFO: Cron ran at: 15-07-2026 05:03:45 AM [] []
[2026-07-15 05:03:47] SlimMonoLogger.INFO: Cron ran at: 15-07-2026 05:03:47 AM [] []
[2026-07-15 05:03:59] SlimMonoLogger.INFO: Cron ran at: 15-07-2026 05:03:59 AM [] []
[2026-07-15 05:04:08] SlimMonoLogger.INFO: Cron ran at: 15-07-2026 05:04:08 AM [] []
[2026-07-15 05:04:51] SlimMonoLogger.INFO: Cron ran at: 15-07-2026 05:04:51 AM [] []
[2026-07-15 05:04:52] SlimMonoLogger.INFO: Cron ran at: 15-07-2026 05:04:52 AM [] []
[2026-07-15 05:04:58] SlimMonoLogger.INFO: Cron ran at: 15-07-2026 05:04:58 AM [] []
[2026-07-15 05:05:10] SlimMonoLogger.INFO: Cron ran at: 15-07-2026 05:05:10 AM [] []
[2026-07-15 05:05:49] SlimMonoLogger.INFO: Cron ran at: 15-07-2026 05:05:49 AM [] []
[2026-07-15 05:05:58] SlimMonoLogger.INFO: Cron ran at: 15-07-2026 05:05:58 AM [] []
[2026-07-15 05:06:00] SlimMonoLogger.INFO: Cron ran at: 15-07-2026 05:06:00 AM [] []
[2026-07-15 05:06:33] SlimMonoLogger.INFO: Cron ran at: 15-07-2026 05:06:33 AM [] []
[2026-07-15 05:06:45] SlimMonoLogger.INFO: Cron ran at: 15-07-2026 05:06:45 AM [] []
[2026-07-15 05:06:58] SlimMonoLogger.INFO: Cron ran at: 15-07-2026 05:06:58 AM [] []
[2026-07-15 05:07:00] SlimMonoLogger.INFO: Cron ran at: 15-07-2026 05:07:00 AM [] []
[2026-07-15 05:07:23] SlimMonoLogger.INFO: Cron ran at: 15-07-2026 05:07:23 AM [] []
[2026-07-15 05:07:47] SlimMonoLogger.INFO: Cron ran at: 15-07-2026 05:07:47 AM [] []
[2026-07-15 05:07:51] SlimMonoLogger.INFO: Cron ran at: 15-07-2026 05:07:51 AM [] []
[2026-07-15 05:08:02] SlimMonoLogger.INFO: Cron ran at: 15-07-2026 05:08:02 AM [] []
[2026-07-15 05:08:23] SlimMonoLogger.INFO: Cron ran at: 15-07-2026 05:08:23 AM [] []
[2026-07-15 05:08:49] SlimMonoLogger.INFO: Cron ran at: 15-07-2026 05:08:49 AM [] []
[2026-07-15 05:08:51] SlimMonoLogger.INFO: Cron ran at: 15-07-2026 05:08:51 AM [] []
[2026-07-15 05:09:01] SlimMonoLogger.INFO: Cron ran at: 15-07-2026 05:09:01 AM [] []
[2026-07-15 05:09:12] SlimMonoLogger.INFO: Cron ran at: 15-07-2026 05:09:12 AM [] []
[2026-07-15 05:09:44] SlimMonoLogger.INFO: Cron ran at: 15-07-2026 05:09:44 AM [] []
[2026-07-15 05:09:47] SlimMonoLogger.INFO: Cron ran at: 15-07-2026 05:09:47 AM [] []
[2026-07-15 05:10:00] SlimMonoLogger.INFO: Cron ran at: 15-07-2026 05:10:00 AM [] []
[2026-07-15 05:10:07] SlimMonoLogger.INFO: Cron ran at: 15-07-2026 05:10:07 AM [] []
[2026-07-15 05:10:54] SlimMonoLogger.INFO: Cron ran at: 15-07-2026 05:10:54 AM [] []
[2026-07-15 05:11:00] SlimMonoLogger.INFO: Cron ran at: 15-07-2026 05:11:00 AM [] []
[2026-07-15 05:11:00] SlimMonoLogger.INFO: Cron ran at: 15-07-2026 05:11:00 AM [] []
[2026-07-15 05:11:25] SlimMonoLogger.INFO: Cron ran at: 15-07-2026 05:11:25 AM [] []
[2026-07-15 05:11:49] SlimMonoLogger.INFO: Cron ran at: 15-07-2026 05:11:49 AM [] []
[2026-07-15 05:11:53] SlimMonoLogger.INFO: Cron ran at: 15-07-2026 05:11:53 AM [] []
[2026-07-15 05:12:02] SlimMonoLogger.INFO: Cron ran at: 15-07-2026 05:12:02 AM [] []
[2026-07-15 05:12:13] SlimMonoLogger.INFO: Cron ran at: 15-07-2026 05:12:13 AM [] []
[2026-07-15 05:12:50] SlimMonoLogger.INFO: Cron ran at: 15-07-2026 05:12:50 AM [] []
[2026-07-15 05:12:53] SlimMonoLogger.INFO: Cron ran at: 15-07-2026 05:12:53 AM [] []
[2026-07-15 05:12:59] SlimMonoLogger.INFO: Cron ran at: 15-07-2026 05:12:59 AM [] []
[2026-07-15 05:13:08] SlimMonoLogger.INFO: Cron ran at: 15-07-2026 05:13:08 AM [] []
[2026-07-15 05:13:51] SlimMonoLogger.INFO: Cron ran at: 15-07-2026 05:13:51 AM [] []
[2026-07-15 05:13:52] SlimMonoLogger.INFO: Cron ran at: 15-07-2026 05:13:52 AM [] []
[2026-07-15 05:13:56] SlimMonoLogger.INFO: Cron ran at: 15-07-2026 05:13:56 AM [] []
[2026-07-15 05:13:57] SlimMonoLogger.INFO: Cron ran at: 15-07-2026 05:13:57 AM [] []
[2026-07-15 05:14:51] SlimMonoLogger.INFO: Cron ran at: 15-07-2026 05:14:51 AM [] []
[2026-07-15 05:14:52] SlimMonoLogger.INFO: Cron ran at: 15-07-2026 05:14:52 AM [] []
[2026-07-15 05:14:55] SlimMonoLogger.INFO: Cron ran at: 15-07-2026 05:14:55 AM [] []
[2026-07-15 05:14:58] SlimMonoLogger.INFO: Cron ran at: 15-07-2026 05:14:58 AM [] []
[2026-07-15 05:15:50] SlimMonoLogger.INFO: Cron ran at: 15-07-2026 05:15:50 AM [] []
[2026-07-15 05:15:50] SlimMonoLogger.INFO: Cron ran at: 15-07-2026 05:15:50 AM [] []
[2026-07-15 05:15:52] SlimMonoLogger.INFO: Cron ran at: 15-07-2026 05:15:52 AM [] []
[2026-07-15 05:16:42] SlimMonoLogger.INFO: Cron ran at: 15-07-2026 05:16:42 AM [] []
[2026-07-15 05:16:45] SlimMonoLogger.INFO: Cron ran at: 15-07-2026 05:16:45 AM [] []
[2026-07-15 05:16:50] SlimMonoLogger.INFO: Cron ran at: 15-07-2026 05:16:50 AM [] []
[2026-07-15 05:16:51] SlimMonoLogger.INFO: Cron ran at: 15-07-2026 05:16:51 AM [] []
[2026-07-15 05:17:23] SlimMonoLogger.INFO: Cron ran at: 15-07-2026 05:17:23 AM [] []
[2026-07-15 05:17:50] SlimMonoLogger.INFO: Cron ran at: 15-07-2026 05:17:50 AM [] []
[2026-07-15 05:17:50] SlimMonoLogger.INFO: Cron ran at: 15-07-2026 05:17:50 AM [] []
[2026-07-15 05:17:51] SlimMonoLogger.INFO: Cron ran at: 15-07-2026 05:17:51 AM [] []
[2026-07-15 05:18:15] SlimMonoLogger.INFO: Cron ran at: 15-07-2026 05:18:15 AM [] []
[2026-07-15 05:18:40] SlimMonoLogger.INFO: Cron ran at: 15-07-2026 05:18:40 AM [] []
[2026-07-15 05:18:51] SlimMonoLogger.INFO: Cron ran at: 15-07-2026 05:18:51 AM [] []
[2026-07-15 05:18:52] SlimMonoLogger.INFO: Cron ran at: 15-07-2026 05:18:52 AM [] []
[2026-07-15 05:19:04] SlimMonoLogger.INFO: Cron ran at: 15-07-2026 05:19:04 AM [] []
[2026-07-15 05:19:40] SlimMonoLogger.INFO: Cron ran at: 15-07-2026 05:19:40 AM [] []
[2026-07-15 05:19:50] SlimMonoLogger.INFO: Cron ran at: 15-07-2026 05:19:50 AM [] []
[2026-07-15 05:19:52] SlimMonoLogger.INFO: Cron ran at: 15-07-2026 05:19:52 AM [] []
[2026-07-15 05:20:04] SlimMonoLogger.INFO: Cron ran at: 15-07-2026 05:20:04 AM [] []
[2026-07-15 05:20:38] SlimMonoLogger.INFO: Cron ran at: 15-07-2026 05:20:38 AM [] []
[2026-07-15 05:20:51] SlimMonoLogger.INFO: Cron ran at: 15-07-2026 05:20:51 AM [] []
[2026-07-15 05:20:56] SlimMonoLogger.INFO: Cron ran at: 15-07-2026 05:20:56 AM [] []
[2026-07-15 05:21:35] SlimMonoLogger.INFO: Cron ran at: 15-07-2026 05:21:35 AM [] []
[2026-07-15 05:21:39] SlimMonoLogger.INFO: Cron ran at: 15-07-2026 05:21:39 AM [] []
[2026-07-15 05:21:49] SlimMonoLogger.INFO: Cron ran at: 15-07-2026 05:21:49 AM [] []
[2026-07-15 05:21:51] SlimMonoLogger.INFO: Cron ran at: 15-07-2026 05:21:51 AM [] []
[2026-07-15 05:22:22] SlimMonoLogger.INFO: Cron ran at: 15-07-2026 05:22:22 AM [] []
[2026-07-15 05:22:38] SlimMonoLogger.INFO: Cron ran at: 15-07-2026 05:22:38 AM [] []
[2026-07-15 05:22:50] SlimMonoLogger.INFO: Cron ran at: 15-07-2026 05:22:50 AM [] []
[2026-07-15 05:22:51] SlimMonoLogger.INFO: Cron ran at: 15-07-2026 05:22:51 AM [] []
[2026-07-15 05:23:17] SlimMonoLogger.INFO: Cron ran at: 15-07-2026 05:23:17 AM [] []
[2026-07-15 05:23:38] SlimMonoLogger.INFO: Cron ran at: 15-07-2026 05:23:38 AM [] []
[2026-07-15 05:23:47] SlimMonoLogger.INFO: Cron ran at: 15-07-2026 05:23:47 AM [] []
[2026-07-15 05:23:50] SlimMonoLogger.INFO: Cron ran at: 15-07-2026 05:23:50 AM [] []
[2026-07-15 05:24:06] SlimMonoLogger.INFO: Cron ran at: 15-07-2026 05:24:06 AM [] []
[2026-07-15 05:24:39] SlimMonoLogger.INFO: Cron ran at: 15-07-2026 05:24:39 AM [] []
[2026-07-15 05:24:45] SlimMonoLogger.INFO: Cron ran at: 15-07-2026 05:24:45 AM [] []
[2026-07-15 05:24:47] SlimMonoLogger.INFO: Cron ran at: 15-07-2026 05:24:47 AM [] []
[2026-07-15 05:25:04] SlimMonoLogger.INFO: Cron ran at: 15-07-2026 05:25:04 AM [] []
[2026-07-15 05:25:41] SlimMonoLogger.INFO: Cron ran at: 15-07-2026 05:25:41 AM [] []
[2026-07-15 05:25:46] SlimMonoLogger.INFO: Cron ran at: 15-07-2026 05:25:46 AM [] []
[2026-07-15 05:25:57] SlimMonoLogger.INFO: Cron ran at: 15-07-2026 05:25:57 AM [] []
[2026-07-15 05:26:15] SlimMonoLogger.INFO: Cron ran at: 15-07-2026 05:26:15 AM [] []
[2026-07-15 05:26:41] SlimMonoLogger.INFO: Cron ran at: 15-07-2026 05:26:41 AM [] []
[2026-07-15 05:26:49] SlimMonoLogger.INFO: Cron ran at: 15-07-2026 05:26:49 AM [] []
[2026-07-15 05:26:55] SlimMonoLogger.INFO: Cron ran at: 15-07-2026 05:26:55 AM [] []
[2026-07-15 05:27:07] SlimMonoLogger.INFO: Cron ran at: 15-07-2026 05:27:07 AM [] []
[2026-07-15 05:27:43] SlimMonoLogger.INFO: Cron ran at: 15-07-2026 05:27:43 AM [] []
[2026-07-15 05:27:52] SlimMonoLogger.INFO: Cron ran at: 15-07-2026 05:27:52 AM [] []
[2026-07-15 05:27:52] SlimMonoLogger.INFO: Cron ran at: 15-07-2026 05:27:52 AM [] []
[2026-07-15 05:27:57] SlimMonoLogger.INFO: Cron ran at: 15-07-2026 05:27:57 AM [] []
[2026-07-15 05:28:23] SlimMonoLogger.INFO: Cron ran at: 15-07-2026 05:28:23 AM [] []
[2026-07-15 05:28:38] SlimMonoLogger.INFO: Cron ran at: 15-07-2026 05:28:38 AM [] []
[2026-07-15 05:28:50] SlimMonoLogger.INFO: Cron ran at: 15-07-2026 05:28:50 AM [] []
[2026-07-15 05:28:51] SlimMonoLogger.INFO: Cron ran at: 15-07-2026 05:28:51 AM [] []
[2026-07-15 05:29:24] SlimMonoLogger.INFO: Cron ran at: 15-07-2026 05:29:24 AM [] []
[2026-07-15 05:29:40] SlimMonoLogger.INFO: Cron ran at: 15-07-2026 05:29:40 AM [] []
[2026-07-15 05:29:50] SlimMonoLogger.INFO: Cron ran at: 15-07-2026 05:29:50 AM [] []
[2026-07-15 05:29:50] SlimMonoLogger.INFO: Cron ran at: 15-07-2026 05:29:50 AM [] []
[2026-07-15 05:30:29] SlimMonoLogger.INFO: Cron ran at: 15-07-2026 05:30:29 AM [] []
[2026-07-15 05:30:39] SlimMonoLogger.INFO: Cron ran at: 15-07-2026 05:30:39 AM [] []
[2026-07-15 05:30:47] SlimMonoLogger.INFO: Cron ran at: 15-07-2026 05:30:47 AM [] []
[2026-07-15 05:31:22] SlimMonoLogger.INFO: Cron ran at: 15-07-2026 05:31:22 AM [] []
[2026-07-15 05:31:37] SlimMonoLogger.INFO: Cron ran at: 15-07-2026 05:31:37 AM [] []
[2026-07-15 05:31:38] SlimMonoLogger.INFO: Cron ran at: 15-07-2026 05:31:38 AM [] []
[2026-07-15 05:31:50] SlimMonoLogger.INFO: Cron ran at: 15-07-2026 05:31:50 AM [] []
[2026-07-15 05:32:20] SlimMonoLogger.INFO: Cron ran at: 15-07-2026 05:32:20 AM [] []
[2026-07-15 05:32:31] SlimMonoLogger.INFO: Cron ran at: 15-07-2026 05:32:31 AM [] []
[2026-07-15 05:32:31] SlimMonoLogger.INFO: Cron ran at: 15-07-2026 05:32:31 AM [] []
[2026-07-15 05:32:56] SlimMonoLogger.INFO: Cron ran at: 15-07-2026 05:32:56 AM [] []
[2026-07-15 05:33:22] SlimMonoLogger.INFO: Cron ran at: 15-07-2026 05:33:22 AM [] []
[2026-07-15 05:33:28] SlimMonoLogger.INFO: Cron ran at: 15-07-2026 05:33:28 AM [] []
[2026-07-15 05:33:34] SlimMonoLogger.INFO: Cron ran at: 15-07-2026 05:33:34 AM [] []
[2026-07-15 05:33:50] SlimMonoLogger.INFO: Cron ran at: 15-07-2026 05:33:50 AM [] []
[2026-07-15 05:34:17] SlimMonoLogger.INFO: Cron ran at: 15-07-2026 05:34:17 AM [] []
[2026-07-15 05:34:21] SlimMonoLogger.INFO: Cron ran at: 15-07-2026 05:34:21 AM [] []
[2026-07-15 05:34:27] SlimMonoLogger.INFO: Cron ran at: 15-07-2026 05:34:27 AM [] []
[2026-07-15 05:34:51] SlimMonoLogger.INFO: Cron ran at: 15-07-2026 05:34:51 AM [] []
[2026-07-15 05:35:14] SlimMonoLogger.INFO: Cron ran at: 15-07-2026 05:35:14 AM [] []
[2026-07-15 05:35:30] SlimMonoLogger.INFO: Cron ran at: 15-07-2026 05:35:30 AM [] []
[2026-07-15 05:35:52] SlimMonoLogger.INFO: Cron ran at: 15-07-2026 05:35:52 AM [] []
[2026-07-15 05:36:06] SlimMonoLogger.INFO: Cron ran at: 15-07-2026 05:36:06 AM [] []
[2026-07-15 05:36:28] SlimMonoLogger.INFO: Cron ran at: 15-07-2026 05:36:28 AM [] []
[2026-07-15 05:36:33] SlimMonoLogger.INFO: Cron ran at: 15-07-2026 05:36:33 AM [] []
[2026-07-15 05:36:51] SlimMonoLogger.INFO: Cron ran at: 15-07-2026 05:36:51 AM [] []
[2026-07-15 05:37:10] SlimMonoLogger.INFO: Cron ran at: 15-07-2026 05:37:10 AM [] []
[2026-07-15 05:37:30] SlimMonoLogger.INFO: Cron ran at: 15-07-2026 05:37:30 AM [] []
[2026-07-15 05:37:54] SlimMonoLogger.INFO: Cron ran at: 15-07-2026 05:37:54 AM [] []
[2026-07-15 05:37:59] SlimMonoLogger.INFO: Cron ran at: 15-07-2026 05:37:59 AM [] []
[2026-07-15 05:38:11] SlimMonoLogger.INFO: Cron ran at: 15-07-2026 05:38:11 AM [] []
[2026-07-15 05:38:30] SlimMonoLogger.INFO: Cron ran at: 15-07-2026 05:38:30 AM [] []
[2026-07-15 05:38:51] SlimMonoLogger.INFO: Cron ran at: 15-07-2026 05:38:51 AM [] []
[2026-07-15 05:38:57] SlimMonoLogger.INFO: Cron ran at: 15-07-2026 05:38:57 AM [] []
[2026-07-15 05:39:00] SlimMonoLogger.INFO: Cron ran at: 15-07-2026 05:39:00 AM [] []
[2026-07-15 05:39:30] SlimMonoLogger.INFO: Cron ran at: 15-07-2026 05:39:30 AM [] []
[2026-07-15 05:39:49] SlimMonoLogger.INFO: Cron ran at: 15-07-2026 05:39:49 AM [] []
[2026-07-15 05:39:53] SlimMonoLogger.INFO: Cron ran at: 15-07-2026 05:39:53 AM [] []
[2026-07-15 05:39:55] SlimMonoLogger.INFO: Cron ran at: 15-07-2026 05:39:55 AM [] []
[2026-07-15 05:40:32] SlimMonoLogger.INFO: Cron ran at: 15-07-2026 05:40:32 AM [] []
[2026-07-15 05:40:54] SlimMonoLogger.INFO: Cron ran at: 15-07-2026 05:40:54 AM [] []
[2026-07-15 05:40:54] SlimMonoLogger.INFO: Cron ran at: 15-07-2026 05:40:54 AM [] []
[2026-07-15 05:41:07] SlimMonoLogger.INFO: Cron ran at: 15-07-2026 05:41:07 AM [] []
[2026-07-15 05:41:30] SlimMonoLogger.INFO: Cron ran at: 15-07-2026 05:41:30 AM [] []
[2026-07-15 05:41:47] SlimMonoLogger.INFO: Cron ran at: 15-07-2026 05:41:47 AM [] []
[2026-07-15 05:41:52] SlimMonoLogger.INFO: Cron ran at: 15-07-2026 05:41:52 AM [] []
[2026-07-15 05:41:57] SlimMonoLogger.INFO: Cron ran at: 15-07-2026 05:41:57 AM [] []
[2026-07-15 05:42:30] SlimMonoLogger.INFO: Cron ran at: 15-07-2026 05:42:30 AM [] []
[2026-07-15 05:42:43] SlimMonoLogger.INFO: Cron ran at: 15-07-2026 05:42:43 AM [] []
[2026-07-15 05:42:52] SlimMonoLogger.INFO: Cron ran at: 15-07-2026 05:42:52 AM [] []
[2026-07-15 05:42:54] SlimMonoLogger.INFO: Cron ran at: 15-07-2026 05:42:54 AM [] []
[2026-07-15 05:43:31] SlimMonoLogger.INFO: Cron ran at: 15-07-2026 05:43:31 AM [] []
[2026-07-15 05:43:44] SlimMonoLogger.INFO: Cron ran at: 15-07-2026 05:43:44 AM [] []
[2026-07-15 05:43:44] SlimMonoLogger.INFO: Cron ran at: 15-07-2026 05:43:44 AM [] []
[2026-07-15 05:43:58] SlimMonoLogger.INFO: Cron ran at: 15-07-2026 05:43:58 AM [] []
[2026-07-15 05:44:30] SlimMonoLogger.INFO: Cron ran at: 15-07-2026 05:44:30 AM [] []
[2026-07-15 05:44:39] SlimMonoLogger.INFO: Cron ran at: 15-07-2026 05:44:39 AM [] []
[2026-07-15 05:44:41] SlimMonoLogger.INFO: Cron ran at: 15-07-2026 05:44:41 AM [] []
[2026-07-15 05:44:58] SlimMonoLogger.INFO: Cron ran at: 15-07-2026 05:44:58 AM [] []
[2026-07-15 05:45:11] SlimMonoLogger.ERROR: Requests_Exception: cURL error 28: Operation timed out after 500000 milliseconds with 0 bytes received in /home/latihtal/public_html/agregator1/src/vendor/rmccue/requests/library/Requests/Transport/cURL.php:422
Stack trace:
#0 /home/latihtal/public_html/agregator1/src/vendor/rmccue/requests/library/Requests/Transport/cURL.php(177): Requests_Transport_cURL->process_response()
#1 /home/latihtal/public_html/agregator1/src/vendor/rmccue/requests/library/Requests.php(379): Requests_Transport_cURL->request()
#2 /home/latihtal/public_html/agregator1/src/vendor/rmccue/requests/library/Requests/Session.php(205): Requests::request()
#3 /home/latihtal/public_html/agregator1/src/vendor/rmccue/requests/library/Requests/Session.php(132): Requests_Session->request()
#4 /home/latihtal/public_html/agregator1/src/drivers/Http/RssImporter.php(144): Requests_Session->get()
#5 /home/latihtal/public_html/agregator1/src/controllers/Dashboard/DashboardFeedsController.php(534): spark\drivers\Http\RssImporter->fetchPosts()
#6 /home/latihtal/public_html/agregator1/src/controllers/Site/SiteController.php(722): spark\controllers\Dashboard\DashboardFeedsController::importFeedPosts()
#7 [internal function]: spark\controllers\Site\SiteController->runTasks()
#8 /home/latihtal/public_html/agregator1/src/framework/Route.php(173): call_user_func_array()
#9 [internal function]: Slim\Route->Slim\{closure}()
#10 /home/latihtal/public_html/agregator1/src/framework/Route.php(468): call_user_func_array()
#11 /home/latihtal/public_html/agregator1/src/framework/Slim.php(1364): Slim\Route->dispatch()
#12 /home/latihtal/public_html/agregator1/src/framework/Middleware/Flash.php(85): Slim\Slim->call()
#13 /home/latihtal/public_html/agregator1/src/framework/Middleware/MethodOverride.php(92): Slim\Middleware\Flash->call()
#14 /home/latihtal/public_html/agregator1/src/middlewares/CsrfGuard/CsrfGuard.php(47): Slim\Middleware\MethodOverride->call()
#15 /home/latihtal/public_html/agregator1/src/framework/Middleware/PrettyExceptions.php(67): spark\middlewares\CsrfGuard\CsrfGuard->call()
#16 /home/latihtal/public_html/agregator1/src/framework/Slim.php(1308): Slim\Middleware\PrettyExceptions->call()
#17 /home/latihtal/public_html/agregator1/index.php(6): Slim\Slim->run()
#18 {main} [] []
[2026-07-15 05:45:36] SlimMonoLogger.INFO: Cron ran at: 15-07-2026 05:45:36 AM [] []
[2026-07-15 05:45:37] SlimMonoLogger.INFO: Cron ran at: 15-07-2026 05:45:37 AM [] []
[2026-07-15 05:45:44] SlimMonoLogger.INFO: Cron ran at: 15-07-2026 05:45:44 AM [] []
[2026-07-15 05:45:54] SlimMonoLogger.INFO: Cron ran at: 15-07-2026 05:45:54 AM [] []
[2026-07-15 05:46:27] SlimMonoLogger.INFO: Cron ran at: 15-07-2026 05:46:27 AM [] []
[2026-07-15 05:46:27] SlimMonoLogger.INFO: Cron ran at: 15-07-2026 05:46:27 AM [] []
[2026-07-15 05:46:38] SlimMonoLogger.INFO: Cron ran at: 15-07-2026 05:46:38 AM [] []
[2026-07-15 05:46:59] SlimMonoLogger.INFO: Cron ran at: 15-07-2026 05:46:59 AM [] []
[2026-07-15 05:47:23] SlimMonoLogger.INFO: Cron ran at: 15-07-2026 05:47:23 AM [] []
[2026-07-15 05:47:26] SlimMonoLogger.INFO: Cron ran at: 15-07-2026 05:47:26 AM [] []
[2026-07-15 05:47:42] SlimMonoLogger.INFO: Cron ran at: 15-07-2026 05:47:42 AM [] []
[2026-07-15 05:47:54] SlimMonoLogger.INFO: Cron ran at: 15-07-2026 05:47:54 AM [] []
[2026-07-15 05:48:10] SlimMonoLogger.INFO: Cron ran at: 15-07-2026 05:48:10 AM [] []
[2026-07-15 05:48:24] SlimMonoLogger.INFO: Cron ran at: 15-07-2026 05:48:24 AM [] []
[2026-07-15 05:48:39] SlimMonoLogger.INFO: Cron ran at: 15-07-2026 05:48:39 AM [] []
[2026-07-15 05:48:55] SlimMonoLogger.INFO: Cron ran at: 15-07-2026 05:48:55 AM [] []
[2026-07-15 05:49:02] SlimMonoLogger.INFO: Cron ran at: 15-07-2026 05:49:02 AM [] []
[2026-07-15 05:49:22] SlimMonoLogger.INFO: Cron ran at: 15-07-2026 05:49:22 AM [] []
[2026-07-15 05:49:44] SlimMonoLogger.INFO: Cron ran at: 15-07-2026 05:49:44 AM [] []
[2026-07-15 05:49:58] SlimMonoLogger.INFO: Cron ran at: 15-07-2026 05:49:58 AM [] []
[2026-07-15 05:49:58] SlimMonoLogger.INFO: Cron ran at: 15-07-2026 05:49:58 AM [] []
[2026-07-15 05:50:26] SlimMonoLogger.INFO: Cron ran at: 15-07-2026 05:50:26 AM [] []
[2026-07-15 05:50:43] SlimMonoLogger.INFO: Cron ran at: 15-07-2026 05:50:43 AM [] []
[2026-07-15 05:50:53] SlimMonoLogger.INFO: Cron ran at: 15-07-2026 05:50:53 AM [] []
[2026-07-15 05:51:27] SlimMonoLogger.INFO: Cron ran at: 15-07-2026 05:51:27 AM [] []
[2026-07-15 05:51:44] SlimMonoLogger.INFO: Cron ran at: 15-07-2026 05:51:44 AM [] []
[2026-07-15 05:51:44] SlimMonoLogger.INFO: Cron ran at: 15-07-2026 05:51:44 AM [] []
[2026-07-15 05:51:45] SlimMonoLogger.INFO: Cron ran at: 15-07-2026 05:51:45 AM [] []
[2026-07-15 05:52:33] SlimMonoLogger.INFO: Cron ran at: 15-07-2026 05:52:33 AM [] []
[2026-07-15 05:52:36] SlimMonoLogger.INFO: Cron ran at: 15-07-2026 05:52:36 AM [] []
[2026-07-15 05:52:38] SlimMonoLogger.INFO: Cron ran at: 15-07-2026 05:52:38 AM [] []
[2026-07-15 05:52:45] SlimMonoLogger.INFO: Cron ran at: 15-07-2026 05:52:45 AM [] []
[2026-07-15 05:53:25] SlimMonoLogger.INFO: Cron ran at: 15-07-2026 05:53:25 AM [] []
[2026-07-15 05:53:28] SlimMonoLogger.INFO: Cron ran at: 15-07-2026 05:53:28 AM [] []
[2026-07-15 05:53:42] SlimMonoLogger.INFO: Cron ran at: 15-07-2026 05:53:42 AM [] []
[2026-07-15 05:53:42] SlimMonoLogger.INFO: Cron ran at: 15-07-2026 05:53:42 AM [] []
[2026-07-15 05:54:21] SlimMonoLogger.INFO: Cron ran at: 15-07-2026 05:54:21 AM [] []
[2026-07-15 05:54:42] SlimMonoLogger.INFO: Cron ran at: 15-07-2026 05:54:42 AM [] []
[2026-07-15 05:54:44] SlimMonoLogger.INFO: Cron ran at: 15-07-2026 05:54:44 AM [] []
[2026-07-15 05:55:18] SlimMonoLogger.INFO: Cron ran at: 15-07-2026 05:55:18 AM [] []
[2026-07-15 05:55:24] SlimMonoLogger.INFO: Cron ran at: 15-07-2026 05:55:24 AM [] []
[2026-07-15 05:55:41] SlimMonoLogger.INFO: Cron ran at: 15-07-2026 05:55:41 AM [] []
[2026-07-15 05:56:11] SlimMonoLogger.INFO: Cron ran at: 15-07-2026 05:56:11 AM [] []
[2026-07-15 05:56:13] SlimMonoLogger.INFO: Cron ran at: 15-07-2026 05:56:13 AM [] []
[2026-07-15 05:56:24] SlimMonoLogger.INFO: Cron ran at: 15-07-2026 05:56:24 AM [] []
[2026-07-15 05:56:40] SlimMonoLogger.INFO: Cron ran at: 15-07-2026 05:56:40 AM [] []
[2026-07-15 05:57:07] SlimMonoLogger.INFO: Cron ran at: 15-07-2026 05:57:07 AM [] []
[2026-07-15 05:57:09] SlimMonoLogger.INFO: Cron ran at: 15-07-2026 05:57:09 AM [] []
[2026-07-15 05:57:23] SlimMonoLogger.INFO: Cron ran at: 15-07-2026 05:57:23 AM [] []
[2026-07-15 05:57:43] SlimMonoLogger.INFO: Cron ran at: 15-07-2026 05:57:43 AM [] []
[2026-07-15 05:57:56] SlimMonoLogger.INFO: Cron ran at: 15-07-2026 05:57:56 AM [] []
[2026-07-15 05:58:01] SlimMonoLogger.INFO: Cron ran at: 15-07-2026 05:58:01 AM [] []
[2026-07-15 05:58:26] SlimMonoLogger.INFO: Cron ran at: 15-07-2026 05:58:26 AM [] []
[2026-07-15 05:58:41] SlimMonoLogger.INFO: Cron ran at: 15-07-2026 05:58:41 AM [] []
[2026-07-15 05:58:48] SlimMonoLogger.INFO: Cron ran at: 15-07-2026 05:58:48 AM [] []
[2026-07-15 05:58:59] SlimMonoLogger.INFO: Cron ran at: 15-07-2026 05:58:59 AM [] []
[2026-07-15 05:59:24] SlimMonoLogger.INFO: Cron ran at: 15-07-2026 05:59:24 AM [] []
[2026-07-15 05:59:43] SlimMonoLogger.INFO: Cron ran at: 15-07-2026 05:59:43 AM [] []
[2026-07-15 05:59:44] SlimMonoLogger.INFO: Cron ran at: 15-07-2026 05:59:44 AM [] []
[2026-07-15 05:59:57] SlimMonoLogger.INFO: Cron ran at: 15-07-2026 05:59:57 AM [] []
[2026-07-15 06:00:46] SlimMonoLogger.INFO: Cron ran at: 15-07-2026 06:00:46 AM [] []
[2026-07-15 06:00:46] SlimMonoLogger.INFO: Cron ran at: 15-07-2026 06:00:46 AM [] []
[2026-07-15 06:01:05] SlimMonoLogger.INFO: Cron ran at: 15-07-2026 06:01:05 AM [] []
[2026-07-15 06:01:39] SlimMonoLogger.INFO: Cron ran at: 15-07-2026 06:01:39 AM [] []
[2026-07-15 06:01:43] SlimMonoLogger.INFO: Cron ran at: 15-07-2026 06:01:43 AM [] []
[2026-07-15 06:02:00] SlimMonoLogger.INFO: Cron ran at: 15-07-2026 06:02:00 AM [] []
[2026-07-15 06:02:16] SlimMonoLogger.ERROR: Requests_Exception: cURL error 28: Operation timed out after 500005 milliseconds with 0 bytes received in /home/latihtal/public_html/agregator1/src/vendor/rmccue/requests/library/Requests/Transport/cURL.php:422
Stack trace:
#0 /home/latihtal/public_html/agregator1/src/vendor/rmccue/requests/library/Requests/Transport/cURL.php(177): Requests_Transport_cURL->process_response()
#1 /home/latihtal/public_html/agregator1/src/vendor/rmccue/requests/library/Requests.php(379): Requests_Transport_cURL->request()
#2 /home/latihtal/public_html/agregator1/src/vendor/rmccue/requests/library/Requests/Session.php(205): Requests::request()
#3 /home/latihtal/public_html/agregator1/src/vendor/rmccue/requests/library/Requests/Session.php(132): Requests_Session->request()
#4 /home/latihtal/public_html/agregator1/src/drivers/Http/RssImporter.php(144): Requests_Session->get()
#5 /home/latihtal/public_html/agregator1/src/controllers/Dashboard/DashboardFeedsController.php(534): spark\drivers\Http\RssImporter->fetchPosts()
#6 /home/latihtal/public_html/agregator1/src/controllers/Site/SiteController.php(722): spark\controllers\Dashboard\DashboardFeedsController::importFeedPosts()
#7 [internal function]: spark\controllers\Site\SiteController->runTasks()
#8 /home/latihtal/public_html/agregator1/src/framework/Route.php(173): call_user_func_array()
#9 [internal function]: Slim\Route->Slim\{closure}()
#10 /home/latihtal/public_html/agregator1/src/framework/Route.php(468): call_user_func_array()
#11 /home/latihtal/public_html/agregator1/src/framework/Slim.php(1364): Slim\Route->dispatch()
#12 /home/latihtal/public_html/agregator1/src/framework/Middleware/Flash.php(85): Slim\Slim->call()
#13 /home/latihtal/public_html/agregator1/src/framework/Middleware/MethodOverride.php(92): Slim\Middleware\Flash->call()
#14 /home/latihtal/public_html/agregator1/src/middlewares/CsrfGuard/CsrfGuard.php(47): Slim\Middleware\MethodOverride->call()
#15 /home/latihtal/public_html/agregator1/src/framework/Middleware/PrettyExceptions.php(67): spark\middlewares\CsrfGuard\CsrfGuard->call()
#16 /home/latihtal/public_html/agregator1/src/framework/Slim.php(1308): Slim\Middleware\PrettyExceptions->call()
#17 /home/latihtal/public_html/agregator1/index.php(6): Slim\Slim->run()
#18 {main} [] []
[2026-07-15 06:02:36] SlimMonoLogger.INFO: Cron ran at: 15-07-2026 06:02:36 AM [] []
[2026-07-15 06:02:44] SlimMonoLogger.INFO: Cron ran at: 15-07-2026 06:02:44 AM [] []
[2026-07-15 06:02:44] SlimMonoLogger.INFO: Cron ran at: 15-07-2026 06:02:44 AM [] []
[2026-07-15 06:02:49] SlimMonoLogger.INFO: Cron ran at: 15-07-2026 06:02:49 AM [] []
[2026-07-15 06:03:00] SlimMonoLogger.INFO: Cron ran at: 15-07-2026 06:03:00 AM [] []
[2026-07-15 06:03:34] SlimMonoLogger.INFO: Cron ran at: 15-07-2026 06:03:34 AM [] []
[2026-07-15 06:03:43] SlimMonoLogger.INFO: Cron ran at: 15-07-2026 06:03:43 AM [] []
[2026-07-15 06:03:45] SlimMonoLogger.INFO: Cron ran at: 15-07-2026 06:03:45 AM [] []
[2026-07-15 06:03:59] SlimMonoLogger.INFO: Cron ran at: 15-07-2026 06:03:59 AM [] []
[2026-07-15 06:04:30] SlimMonoLogger.INFO: Cron ran at: 15-07-2026 06:04:30 AM [] []
[2026-07-15 06:04:36] SlimMonoLogger.INFO: Cron ran at: 15-07-2026 06:04:36 AM [] []
[2026-07-15 06:04:47] SlimMonoLogger.INFO: Cron ran at: 15-07-2026 06:04:47 AM [] []
[2026-07-15 06:05:02] SlimMonoLogger.INFO: Cron ran at: 15-07-2026 06:05:02 AM [] []
[2026-07-15 06:05:31] SlimMonoLogger.INFO: Cron ran at: 15-07-2026 06:05:31 AM [] []
[2026-07-15 06:05:32] SlimMonoLogger.INFO: Cron ran at: 15-07-2026 06:05:32 AM [] []
[2026-07-15 06:06:02] SlimMonoLogger.INFO: Cron ran at: 15-07-2026 06:06:02 AM [] []
[2026-07-15 06:06:30] SlimMonoLogger.INFO: Cron ran at: 15-07-2026 06:06:30 AM [] []
[2026-07-15 06:06:34] SlimMonoLogger.INFO: Cron ran at: 15-07-2026 06:06:34 AM [] []
[2026-07-15 06:06:56] SlimMonoLogger.INFO: Cron ran at: 15-07-2026 06:06:56 AM [] []
[2026-07-15 06:07:00] SlimMonoLogger.INFO: Cron ran at: 15-07-2026 06:07:00 AM [] []
[2026-07-15 06:07:24] SlimMonoLogger.INFO: Cron ran at: 15-07-2026 06:07:24 AM [] []
[2026-07-15 06:07:32] SlimMonoLogger.INFO: Cron ran at: 15-07-2026 06:07:32 AM [] []
[2026-07-15 06:07:38] SlimMonoLogger.INFO: Cron ran at: 15-07-2026 06:07:38 AM [] []
[2026-07-15 06:08:01] SlimMonoLogger.INFO: Cron ran at: 15-07-2026 06:08:01 AM [] []
[2026-07-15 06:08:19] SlimMonoLogger.INFO: Cron ran at: 15-07-2026 06:08:19 AM [] []
[2026-07-15 06:08:31] SlimMonoLogger.INFO: Cron ran at: 15-07-2026 06:08:31 AM [] []
[2026-07-15 06:08:34] SlimMonoLogger.INFO: Cron ran at: 15-07-2026 06:08:34 AM [] []
[2026-07-15 06:09:05] SlimMonoLogger.INFO: Cron ran at: 15-07-2026 06:09:05 AM [] []
[2026-07-15 06:09:14] SlimMonoLogger.INFO: Cron ran at: 15-07-2026 06:09:14 AM [] []
[2026-07-15 06:09:14] SlimMonoLogger.INFO: Cron ran at: 15-07-2026 06:09:14 AM [] []
[2026-07-15 06:09:29] SlimMonoLogger.INFO: Cron ran at: 15-07-2026 06:09:29 AM [] []
[2026-07-15 06:09:30] SlimMonoLogger.INFO: Cron ran at: 15-07-2026 06:09:30 AM [] []
[2026-07-15 06:09:51] SlimMonoLogger.ERROR: Requests_Exception: cURL error 28: Operation timed out after 500001 milliseconds with 15828 bytes received in /home/latihtal/public_html/agregator1/src/vendor/rmccue/requests/library/Requests/Transport/cURL.php:422
Stack trace:
#0 /home/latihtal/public_html/agregator1/src/vendor/rmccue/requests/library/Requests/Transport/cURL.php(177): Requests_Transport_cURL->process_response()
#1 /home/latihtal/public_html/agregator1/src/vendor/rmccue/requests/library/Requests.php(379): Requests_Transport_cURL->request()
#2 /home/latihtal/public_html/agregator1/src/vendor/rmccue/requests/library/Requests/Session.php(205): Requests::request()
#3 /home/latihtal/public_html/agregator1/src/vendor/rmccue/requests/library/Requests/Session.php(132): Requests_Session->request()
#4 /home/latihtal/public_html/agregator1/src/drivers/Http/RssImporter.php(144): Requests_Session->get()
#5 /home/latihtal/public_html/agregator1/src/controllers/Dashboard/DashboardFeedsController.php(534): spark\drivers\Http\RssImporter->fetchPosts()
#6 /home/latihtal/public_html/agregator1/src/controllers/Site/SiteController.php(722): spark\controllers\Dashboard\DashboardFeedsController::importFeedPosts()
#7 [internal function]: spark\controllers\Site\SiteController->runTasks()
#8 /home/latihtal/public_html/agregator1/src/framework/Route.php(173): call_user_func_array()
#9 [internal function]: Slim\Route->Slim\{closure}()
#10 /home/latihtal/public_html/agregator1/src/framework/Route.php(468): call_user_func_array()
#11 /home/latihtal/public_html/agregator1/src/framework/Slim.php(1364): Slim\Route->dispatch()
#12 /home/latihtal/public_html/agregator1/src/framework/Middleware/Flash.php(85): Slim\Slim->call()
#13 /home/latihtal/public_html/agregator1/src/framework/Middleware/MethodOverride.php(92): Slim\Middleware\Flash->call()
#14 /home/latihtal/public_html/agregator1/src/middlewares/CsrfGuard/CsrfGuard.php(47): Slim\Middleware\MethodOverride->call()
#15 /home/latihtal/public_html/agregator1/src/framework/Middleware/PrettyExceptions.php(67): spark\middlewares\CsrfGuard\CsrfGuard->call()
#16 /home/latihtal/public_html/agregator1/src/framework/Slim.php(1308): Slim\Middleware\PrettyExceptions->call()
#17 /home/latihtal/public_html/agregator1/index.php(6): Slim\Slim->run()
#18 {main} [] []
[2026-07-15 06:10:19] SlimMonoLogger.INFO: Cron ran at: 15-07-2026 06:10:19 AM [] []
[2026-07-15 06:10:19] SlimMonoLogger.INFO: Cron ran at: 15-07-2026 06:10:19 AM [] []
[2026-07-15 06:10:19] SlimMonoLogger.INFO: Cron ran at: 15-07-2026 06:10:19 AM [] []
[2026-07-15 06:10:31] SlimMonoLogger.INFO: Cron ran at: 15-07-2026 06:10:31 AM [] []
[2026-07-15 06:11:16] SlimMonoLogger.INFO: Cron ran at: 15-07-2026 06:11:16 AM [] []
[2026-07-15 06:11:18] SlimMonoLogger.INFO: Cron ran at: 15-07-2026 06:11:18 AM [] []
[2026-07-15 06:11:28] SlimMonoLogger.INFO: Cron ran at: 15-07-2026 06:11:28 AM [] []
[2026-07-15 06:11:32] SlimMonoLogger.INFO: Cron ran at: 15-07-2026 06:11:32 AM [] []
[2026-07-15 06:12:10] SlimMonoLogger.INFO: Cron ran at: 15-07-2026 06:12:10 AM [] []
[2026-07-15 06:12:12] SlimMonoLogger.INFO: Cron ran at: 15-07-2026 06:12:12 AM [] []
[2026-07-15 06:12:22] SlimMonoLogger.INFO: Cron ran at: 15-07-2026 06:12:22 AM [] []
[2026-07-15 06:12:34] SlimMonoLogger.INFO: Cron ran at: 15-07-2026 06:12:34 AM [] []
[2026-07-15 06:13:06] SlimMonoLogger.INFO: Cron ran at: 15-07-2026 06:13:06 AM [] []
[2026-07-15 06:13:11] SlimMonoLogger.INFO: Cron ran at: 15-07-2026 06:13:11 AM [] []
[2026-07-15 06:13:14] SlimMonoLogger.INFO: Cron ran at: 15-07-2026 06:13:14 AM [] []
[2026-07-15 06:13:29] SlimMonoLogger.INFO: Cron ran at: 15-07-2026 06:13:29 AM [] []
[2026-07-15 06:14:04] SlimMonoLogger.INFO: Cron ran at: 15-07-2026 06:14:04 AM [] []
[2026-07-15 06:14:06] SlimMonoLogger.INFO: Cron ran at: 15-07-2026 06:14:06 AM [] []
[2026-07-15 06:14:15] SlimMonoLogger.INFO: Cron ran at: 15-07-2026 06:14:15 AM [] []
[2026-07-15 06:14:38] SlimMonoLogger.INFO: Cron ran at: 15-07-2026 06:14:38 AM [] []
[2026-07-15 06:15:01] SlimMonoLogger.INFO: Cron ran at: 15-07-2026 06:15:01 AM [] []
[2026-07-15 06:15:02] SlimMonoLogger.INFO: Cron ran at: 15-07-2026 06:15:02 AM [] []
[2026-07-15 06:15:18] SlimMonoLogger.INFO: Cron ran at: 15-07-2026 06:15:18 AM [] []
[2026-07-15 06:15:55] SlimMonoLogger.INFO: Cron ran at: 15-07-2026 06:15:55 AM [] []
[2026-07-15 06:16:02] SlimMonoLogger.INFO: Cron ran at: 15-07-2026 06:16:02 AM [] []
[2026-07-15 06:16:15] SlimMonoLogger.INFO: Cron ran at: 15-07-2026 06:16:15 AM [] []
[2026-07-15 06:16:16] SlimMonoLogger.INFO: Cron ran at: 15-07-2026 06:16:16 AM [] []
[2026-07-15 06:16:53] SlimMonoLogger.INFO: Cron ran at: 15-07-2026 06:16:53 AM [] []
[2026-07-15 06:17:00] SlimMonoLogger.INFO: Cron ran at: 15-07-2026 06:17:00 AM [] []
[2026-07-15 06:17:08] SlimMonoLogger.INFO: Cron ran at: 15-07-2026 06:17:08 AM [] []
[2026-07-15 06:17:13] SlimMonoLogger.INFO: Cron ran at: 15-07-2026 06:17:13 AM [] []
[2026-07-15 06:17:42] SlimMonoLogger.INFO: Cron ran at: 15-07-2026 06:17:42 AM [] []
[2026-07-15 06:18:06] SlimMonoLogger.INFO: Cron ran at: 15-07-2026 06:18:06 AM [] []
[2026-07-15 06:18:09] SlimMonoLogger.INFO: Cron ran at: 15-07-2026 06:18:09 AM [] []
[2026-07-15 06:18:16] SlimMonoLogger.INFO: Cron ran at: 15-07-2026 06:18:16 AM [] []
[2026-07-15 06:18:42] SlimMonoLogger.INFO: Cron ran at: 15-07-2026 06:18:42 AM [] []
[2026-07-15 06:18:52] SlimMonoLogger.INFO: Cron ran at: 15-07-2026 06:18:52 AM [] []
[2026-07-15 06:19:01] SlimMonoLogger.INFO: Cron ran at: 15-07-2026 06:19:01 AM [] []
[2026-07-15 06:19:12] SlimMonoLogger.INFO: Cron ran at: 15-07-2026 06:19:12 AM [] []
[2026-07-15 06:19:38] SlimMonoLogger.INFO: Cron ran at: 15-07-2026 06:19:38 AM [] []
[2026-07-15 06:19:45] SlimMonoLogger.INFO: Cron ran at: 15-07-2026 06:19:45 AM [] []
[2026-07-15 06:20:00] SlimMonoLogger.INFO: Cron ran at: 15-07-2026 06:20:00 AM [] []
[2026-07-15 06:20:12] SlimMonoLogger.INFO: Cron ran at: 15-07-2026 06:20:12 AM [] []
[2026-07-15 06:20:40] SlimMonoLogger.INFO: Cron ran at: 15-07-2026 06:20:40 AM [] []
[2026-07-15 06:20:40] SlimMonoLogger.INFO: Cron ran at: 15-07-2026 06:20:40 AM [] []
[2026-07-15 06:21:01] SlimMonoLogger.INFO: Cron ran at: 15-07-2026 06:21:01 AM [] []
[2026-07-15 06:21:15] SlimMonoLogger.INFO: Cron ran at: 15-07-2026 06:21:15 AM [] []
[2026-07-15 06:21:35] SlimMonoLogger.INFO: Cron ran at: 15-07-2026 06:21:35 AM [] []
[2026-07-15 06:21:42] SlimMonoLogger.INFO: Cron ran at: 15-07-2026 06:21:42 AM [] []
[2026-07-15 06:22:02] SlimMonoLogger.INFO: Cron ran at: 15-07-2026 06:22:02 AM [] []
[2026-07-15 06:22:08] SlimMonoLogger.INFO: Cron ran at: 15-07-2026 06:22:08 AM [] []
[2026-07-15 06:22:35] SlimMonoLogger.INFO: Cron ran at: 15-07-2026 06:22:35 AM [] []
[2026-07-15 06:22:37] SlimMonoLogger.INFO: Cron ran at: 15-07-2026 06:22:37 AM [] []
[2026-07-15 06:22:59] SlimMonoLogger.INFO: Cron ran at: 15-07-2026 06:22:59 AM [] []
[2026-07-15 06:23:02] SlimMonoLogger.INFO: Cron ran at: 15-07-2026 06:23:02 AM [] []
[2026-07-15 06:23:33] SlimMonoLogger.INFO: Cron ran at: 15-07-2026 06:23:33 AM [] []
[2026-07-15 06:23:40] SlimMonoLogger.INFO: Cron ran at: 15-07-2026 06:23:40 AM [] []
[2026-07-15 06:23:55] SlimMonoLogger.INFO: Cron ran at: 15-07-2026 06:23:55 AM [] []
[2026-07-15 06:24:01] SlimMonoLogger.INFO: Cron ran at: 15-07-2026 06:24:01 AM [] []
[2026-07-15 06:24:28] SlimMonoLogger.INFO: Cron ran at: 15-07-2026 06:24:28 AM [] []
[2026-07-15 06:24:41] SlimMonoLogger.INFO: Cron ran at: 15-07-2026 06:24:41 AM [] []
[2026-07-15 06:24:47] SlimMonoLogger.INFO: Cron ran at: 15-07-2026 06:24:47 AM [] []
[2026-07-15 06:25:03] SlimMonoLogger.INFO: Cron ran at: 15-07-2026 06:25:03 AM [] []
[2026-07-15 06:25:30] SlimMonoLogger.INFO: Cron ran at: 15-07-2026 06:25:30 AM [] []
[2026-07-15 06:25:41] SlimMonoLogger.INFO: Cron ran at: 15-07-2026 06:25:41 AM [] []
[2026-07-15 06:25:42] SlimMonoLogger.INFO: Cron ran at: 15-07-2026 06:25:42 AM [] []
[2026-07-15 06:26:30] SlimMonoLogger.INFO: Cron ran at: 15-07-2026 06:26:30 AM [] []
[2026-07-15 06:26:34] SlimMonoLogger.INFO: Cron ran at: 15-07-2026 06:26:34 AM [] []
[2026-07-15 06:26:35] SlimMonoLogger.INFO: Cron ran at: 15-07-2026 06:26:35 AM [] []
[2026-07-15 06:26:38] SlimMonoLogger.INFO: Cron ran at: 15-07-2026 06:26:38 AM [] []
[2026-07-15 06:27:24] SlimMonoLogger.INFO: Cron ran at: 15-07-2026 06:27:24 AM [] []
[2026-07-15 06:27:33] SlimMonoLogger.INFO: Cron ran at: 15-07-2026 06:27:33 AM [] []
[2026-07-15 06:27:35] SlimMonoLogger.INFO: Cron ran at: 15-07-2026 06:27:35 AM [] []
[2026-07-15 06:27:40] SlimMonoLogger.INFO: Cron ran at: 15-07-2026 06:27:40 AM [] []
[2026-07-15 06:28:12] SlimMonoLogger.INFO: Cron ran at: 15-07-2026 06:28:12 AM [] []
[2026-07-15 06:28:29] SlimMonoLogger.INFO: Cron ran at: 15-07-2026 06:28:29 AM [] []
[2026-07-15 06:28:34] SlimMonoLogger.INFO: Cron ran at: 15-07-2026 06:28:34 AM [] []
[2026-07-15 06:28:41] SlimMonoLogger.INFO: Cron ran at: 15-07-2026 06:28:41 AM [] []
[2026-07-15 06:29:06] SlimMonoLogger.INFO: Cron ran at: 15-07-2026 06:29:06 AM [] []
[2026-07-15 06:29:30] SlimMonoLogger.INFO: Cron ran at: 15-07-2026 06:29:30 AM [] []
[2026-07-15 06:29:35] SlimMonoLogger.INFO: Cron ran at: 15-07-2026 06:29:35 AM [] []
[2026-07-15 06:29:41] SlimMonoLogger.INFO: Cron ran at: 15-07-2026 06:29:41 AM [] []
[2026-07-15 06:30:04] SlimMonoLogger.INFO: Cron ran at: 15-07-2026 06:30:04 AM [] []
[2026-07-15 06:30:34] SlimMonoLogger.INFO: Cron ran at: 15-07-2026 06:30:34 AM [] []
[2026-07-15 06:30:37] SlimMonoLogger.INFO: Cron ran at: 15-07-2026 06:30:37 AM [] []
[2026-07-15 06:30:56] SlimMonoLogger.INFO: Cron ran at: 15-07-2026 06:30:56 AM [] []
[2026-07-15 06:31:31] SlimMonoLogger.INFO: Cron ran at: 15-07-2026 06:31:31 AM [] []
[2026-07-15 06:31:32] SlimMonoLogger.INFO: Cron ran at: 15-07-2026 06:31:32 AM [] []
[2026-07-15 06:31:38] SlimMonoLogger.INFO: Cron ran at: 15-07-2026 06:31:38 AM [] []
[2026-07-15 06:31:51] SlimMonoLogger.INFO: Cron ran at: 15-07-2026 06:31:51 AM [] []
[2026-07-15 06:32:32] SlimMonoLogger.INFO: Cron ran at: 15-07-2026 06:32:32 AM [] []
[2026-07-15 06:32:33] SlimMonoLogger.INFO: Cron ran at: 15-07-2026 06:32:33 AM [] []
[2026-07-15 06:32:37] SlimMonoLogger.INFO: Cron ran at: 15-07-2026 06:32:37 AM [] []
[2026-07-15 06:32:50] SlimMonoLogger.INFO: Cron ran at: 15-07-2026 06:32:50 AM [] []
[2026-07-15 06:33:27] SlimMonoLogger.INFO: Cron ran at: 15-07-2026 06:33:27 AM [] []
[2026-07-15 06:33:31] SlimMonoLogger.INFO: Cron ran at: 15-07-2026 06:33:31 AM [] []
[2026-07-15 06:33:31] SlimMonoLogger.INFO: Cron ran at: 15-07-2026 06:33:31 AM [] []
[2026-07-15 06:33:46] SlimMonoLogger.INFO: Cron ran at: 15-07-2026 06:33:46 AM [] []
[2026-07-15 06:34:10] SlimMonoLogger.INFO: Cron ran at: 15-07-2026 06:34:10 AM [] []
[2026-07-15 06:34:33] SlimMonoLogger.INFO: Cron ran at: 15-07-2026 06:34:33 AM [] []
[2026-07-15 06:34:33] SlimMonoLogger.INFO: Cron ran at: 15-07-2026 06:34:33 AM [] []
[2026-07-15 06:34:43] SlimMonoLogger.INFO: Cron ran at: 15-07-2026 06:34:43 AM [] []
[2026-07-15 06:35:11] SlimMonoLogger.INFO: Cron ran at: 15-07-2026 06:35:11 AM [] []
[2026-07-15 06:35:38] SlimMonoLogger.INFO: Cron ran at: 15-07-2026 06:35:38 AM [] []
[2026-07-15 06:35:44] SlimMonoLogger.INFO: Cron ran at: 15-07-2026 06:35:44 AM [] []
[2026-07-15 06:36:06] SlimMonoLogger.INFO: Cron ran at: 15-07-2026 06:36:06 AM [] []
[2026-07-15 06:36:35] SlimMonoLogger.INFO: Cron ran at: 15-07-2026 06:36:35 AM [] []
[2026-07-15 06:36:43] SlimMonoLogger.INFO: Cron ran at: 15-07-2026 06:36:43 AM [] []
[2026-07-15 06:36:47] SlimMonoLogger.INFO: Cron ran at: 15-07-2026 06:36:47 AM [] []
[2026-07-15 06:36:56] SlimMonoLogger.INFO: Cron ran at: 15-07-2026 06:36:56 AM [] []
[2026-07-15 06:37:34] SlimMonoLogger.INFO: Cron ran at: 15-07-2026 06:37:34 AM [] []
[2026-07-15 06:37:35] SlimMonoLogger.INFO: Cron ran at: 15-07-2026 06:37:35 AM [] []
[2026-07-15 06:37:44] SlimMonoLogger.INFO: Cron ran at: 15-07-2026 06:37:44 AM [] []
[2026-07-15 06:37:57] SlimMonoLogger.INFO: Cron ran at: 15-07-2026 06:37:57 AM [] []
[2026-07-15 06:38:25] SlimMonoLogger.INFO: Cron ran at: 15-07-2026 06:38:25 AM [] []
[2026-07-15 06:38:36] SlimMonoLogger.INFO: Cron ran at: 15-07-2026 06:38:36 AM [] []
[2026-07-15 06:38:46] SlimMonoLogger.INFO: Cron ran at: 15-07-2026 06:38:46 AM [] []
[2026-07-15 06:38:54] SlimMonoLogger.INFO: Cron ran at: 15-07-2026 06:38:54 AM [] []
[2026-07-15 06:39:16] SlimMonoLogger.INFO: Cron ran at: 15-07-2026 06:39:16 AM [] []
[2026-07-15 06:39:32] SlimMonoLogger.INFO: Cron ran at: 15-07-2026 06:39:32 AM [] []
[2026-07-15 06:39:33] SlimMonoLogger.INFO: Cron ran at: 15-07-2026 06:39:33 AM [] []
[2026-07-15 06:39:53] SlimMonoLogger.INFO: Cron ran at: 15-07-2026 06:39:53 AM [] []
[2026-07-15 06:40:12] SlimMonoLogger.INFO: Cron ran at: 15-07-2026 06:40:12 AM [] []
[2026-07-15 06:40:28] SlimMonoLogger.INFO: Cron ran at: 15-07-2026 06:40:28 AM [] []
[2026-07-15 06:40:54] SlimMonoLogger.INFO: Cron ran at: 15-07-2026 06:40:54 AM [] []
[2026-07-15 06:41:07] SlimMonoLogger.INFO: Cron ran at: 15-07-2026 06:41:07 AM [] []
[2026-07-15 06:41:08] SlimMonoLogger.INFO: Cron ran at: 15-07-2026 06:41:08 AM [] []
[2026-07-15 06:41:34] SlimMonoLogger.INFO: Cron ran at: 15-07-2026 06:41:34 AM [] []
[2026-07-15 06:41:56] SlimMonoLogger.INFO: Cron ran at: 15-07-2026 06:41:56 AM [] []
[2026-07-15 06:42:04] SlimMonoLogger.INFO: Cron ran at: 15-07-2026 06:42:04 AM [] []
[2026-07-15 06:42:04] SlimMonoLogger.INFO: Cron ran at: 15-07-2026 06:42:04 AM [] []
[2026-07-15 06:42:32] SlimMonoLogger.INFO: Cron ran at: 15-07-2026 06:42:32 AM [] []
[2026-07-15 06:42:52] SlimMonoLogger.INFO: Cron ran at: 15-07-2026 06:42:52 AM [] []
[2026-07-15 06:42:52] SlimMonoLogger.INFO: Cron ran at: 15-07-2026 06:42:52 AM [] []
[2026-07-15 06:43:04] SlimMonoLogger.INFO: Cron ran at: 15-07-2026 06:43:04 AM [] []
[2026-07-15 06:43:28] SlimMonoLogger.INFO: Cron ran at: 15-07-2026 06:43:28 AM [] []
[2026-07-15 06:43:44] SlimMonoLogger.INFO: Cron ran at: 15-07-2026 06:43:44 AM [] []
[2026-07-15 06:43:56] SlimMonoLogger.INFO: Cron ran at: 15-07-2026 06:43:56 AM [] []
[2026-07-15 06:43:56] SlimMonoLogger.INFO: Cron ran at: 15-07-2026 06:43:56 AM [] []
[2026-07-15 06:44:31] SlimMonoLogger.INFO: Cron ran at: 15-07-2026 06:44:31 AM [] []
[2026-07-15 06:44:38] SlimMonoLogger.INFO: Cron ran at: 15-07-2026 06:44:38 AM [] []
[2026-07-15 06:44:54] SlimMonoLogger.INFO: Cron ran at: 15-07-2026 06:44:54 AM [] []
[2026-07-15 06:44:57] SlimMonoLogger.INFO: Cron ran at: 15-07-2026 06:44:57 AM [] []
[2026-07-15 06:45:35] SlimMonoLogger.INFO: Cron ran at: 15-07-2026 06:45:35 AM [] []
[2026-07-15 06:45:55] SlimMonoLogger.INFO: Cron ran at: 15-07-2026 06:45:55 AM [] []
[2026-07-15 06:45:56] SlimMonoLogger.INFO: Cron ran at: 15-07-2026 06:45:56 AM [] []
[2026-07-15 06:46:13] SlimMonoLogger.INFO: Cron ran at: 15-07-2026 06:46:13 AM [] []
[2026-07-15 06:46:30] SlimMonoLogger.INFO: Cron ran at: 15-07-2026 06:46:30 AM [] []
[2026-07-15 06:46:55] SlimMonoLogger.INFO: Cron ran at: 15-07-2026 06:46:55 AM [] []
[2026-07-15 06:46:57] SlimMonoLogger.INFO: Cron ran at: 15-07-2026 06:46:57 AM [] []
[2026-07-15 06:47:03] SlimMonoLogger.INFO: Cron ran at: 15-07-2026 06:47:03 AM [] []
[2026-07-15 06:47:28] SlimMonoLogger.INFO: Cron ran at: 15-07-2026 06:47:28 AM [] []
[2026-07-15 06:47:54] SlimMonoLogger.INFO: Cron ran at: 15-07-2026 06:47:54 AM [] []
[2026-07-15 06:47:57] SlimMonoLogger.INFO: Cron ran at: 15-07-2026 06:47:57 AM [] []
[2026-07-15 06:47:59] SlimMonoLogger.INFO: Cron ran at: 15-07-2026 06:47:59 AM [] []
[2026-07-15 06:48:34] SlimMonoLogger.INFO: Cron ran at: 15-07-2026 06:48:34 AM [] []
[2026-07-15 06:48:52] SlimMonoLogger.INFO: Cron ran at: 15-07-2026 06:48:52 AM [] []
[2026-07-15 06:48:58] SlimMonoLogger.INFO: Cron ran at: 15-07-2026 06:48:58 AM [] []
[2026-07-15 06:48:59] SlimMonoLogger.INFO: Cron ran at: 15-07-2026 06:48:59 AM [] []
[2026-07-15 06:49:24] SlimMonoLogger.INFO: Cron ran at: 15-07-2026 06:49:24 AM [] []
[2026-07-15 06:49:47] SlimMonoLogger.INFO: Cron ran at: 15-07-2026 06:49:47 AM [] []
[2026-07-15 06:49:54] SlimMonoLogger.INFO: Cron ran at: 15-07-2026 06:49:54 AM [] []
[2026-07-15 06:49:56] SlimMonoLogger.INFO: Cron ran at: 15-07-2026 06:49:56 AM [] []
[2026-07-15 06:50:31] SlimMonoLogger.INFO: Cron ran at: 15-07-2026 06:50:31 AM [] []
[2026-07-15 06:50:42] SlimMonoLogger.INFO: Cron ran at: 15-07-2026 06:50:42 AM [] []
[2026-07-15 06:51:02] SlimMonoLogger.INFO: Cron ran at: 15-07-2026 06:51:02 AM [] []
[2026-07-15 06:51:29] SlimMonoLogger.INFO: Cron ran at: 15-07-2026 06:51:29 AM [] []
[2026-07-15 06:51:37] SlimMonoLogger.INFO: Cron ran at: 15-07-2026 06:51:37 AM [] []
[2026-07-15 06:51:44] SlimMonoLogger.INFO: Cron ran at: 15-07-2026 06:51:44 AM [] []
[2026-07-15 06:52:04] SlimMonoLogger.INFO: Cron ran at: 15-07-2026 06:52:04 AM [] []
[2026-07-15 06:52:30] SlimMonoLogger.INFO: Cron ran at: 15-07-2026 06:52:30 AM [] []
[2026-07-15 06:52:34] SlimMonoLogger.INFO: Cron ran at: 15-07-2026 06:52:34 AM [] []
[2026-07-15 06:52:34] SlimMonoLogger.INFO: Cron ran at: 15-07-2026 06:52:34 AM [] []
[2026-07-15 06:52:59] SlimMonoLogger.INFO: Cron ran at: 15-07-2026 06:52:59 AM [] []
[2026-07-15 06:53:30] SlimMonoLogger.INFO: Cron ran at: 15-07-2026 06:53:30 AM [] []
[2026-07-15 06:53:31] SlimMonoLogger.INFO: Cron ran at: 15-07-2026 06:53:31 AM [] []
[2026-07-15 06:53:32] SlimMonoLogger.INFO: Cron ran at: 15-07-2026 06:53:32 AM [] []
[2026-07-15 06:54:02] SlimMonoLogger.INFO: Cron ran at: 15-07-2026 06:54:02 AM [] []
[2026-07-15 06:54:24] SlimMonoLogger.INFO: Cron ran at: 15-07-2026 06:54:24 AM [] []
[2026-07-15 06:54:31] SlimMonoLogger.INFO: Cron ran at: 15-07-2026 06:54:31 AM [] []
[2026-07-15 06:54:32] SlimMonoLogger.INFO: Cron ran at: 15-07-2026 06:54:32 AM [] []
[2026-07-15 06:55:07] SlimMonoLogger.INFO: Cron ran at: 15-07-2026 06:55:07 AM [] []
[2026-07-15 06:55:18] SlimMonoLogger.INFO: Cron ran at: 15-07-2026 06:55:18 AM [] []
[2026-07-15 06:55:29] SlimMonoLogger.INFO: Cron ran at: 15-07-2026 06:55:29 AM [] []
[2026-07-15 06:55:35] SlimMonoLogger.INFO: Cron ran at: 15-07-2026 06:55:35 AM [] []
[2026-07-15 06:56:14] SlimMonoLogger.INFO: Cron ran at: 15-07-2026 06:56:14 AM [] []
[2026-07-15 06:56:25] SlimMonoLogger.INFO: Cron ran at: 15-07-2026 06:56:25 AM [] []
[2026-07-15 06:56:31] SlimMonoLogger.INFO: Cron ran at: 15-07-2026 06:56:31 AM [] []
[2026-07-15 06:56:40] SlimMonoLogger.INFO: Cron ran at: 15-07-2026 06:56:40 AM [] []
[2026-07-15 06:57:09] SlimMonoLogger.INFO: Cron ran at: 15-07-2026 06:57:09 AM [] []
[2026-07-15 06:57:16] SlimMonoLogger.INFO: Cron ran at: 15-07-2026 06:57:16 AM [] []
[2026-07-15 06:57:29] SlimMonoLogger.INFO: Cron ran at: 15-07-2026 06:57:29 AM [] []
[2026-07-15 06:57:34] SlimMonoLogger.INFO: Cron ran at: 15-07-2026 06:57:34 AM [] []
[2026-07-15 06:58:06] SlimMonoLogger.INFO: Cron ran at: 15-07-2026 06:58:06 AM [] []
[2026-07-15 06:58:06] SlimMonoLogger.INFO: Cron ran at: 15-07-2026 06:58:06 AM [] []
[2026-07-15 06:58:30] SlimMonoLogger.INFO: Cron ran at: 15-07-2026 06:58:30 AM [] []
[2026-07-15 06:58:34] SlimMonoLogger.INFO: Cron ran at: 15-07-2026 06:58:34 AM [] []
[2026-07-15 06:58:59] SlimMonoLogger.INFO: Cron ran at: 15-07-2026 06:58:59 AM [] []
[2026-07-15 06:59:04] SlimMonoLogger.INFO: Cron ran at: 15-07-2026 06:59:04 AM [] []
[2026-07-15 06:59:31] SlimMonoLogger.INFO: Cron ran at: 15-07-2026 06:59:31 AM [] []
[2026-07-15 06:59:33] SlimMonoLogger.INFO: Cron ran at: 15-07-2026 06:59:33 AM [] []
[2026-07-15 06:59:57] SlimMonoLogger.INFO: Cron ran at: 15-07-2026 06:59:57 AM [] []
[2026-07-15 07:00:04] SlimMonoLogger.INFO: Cron ran at: 15-07-2026 07:00:04 AM [] []
[2026-07-15 07:00:35] SlimMonoLogger.INFO: Cron ran at: 15-07-2026 07:00:35 AM [] []
[2026-07-15 07:00:39] SlimMonoLogger.INFO: Cron ran at: 15-07-2026 07:00:39 AM [] []
[2026-07-15 07:01:05] SlimMonoLogger.INFO: Cron ran at: 15-07-2026 07:01:05 AM [] []
[2026-07-15 07:01:29] SlimMonoLogger.INFO: Cron ran at: 15-07-2026 07:01:29 AM [] []
[2026-07-15 07:01:35] SlimMonoLogger.INFO: Cron ran at: 15-07-2026 07:01:35 AM [] []
[2026-07-15 07:01:49] SlimMonoLogger.INFO: Cron ran at: 15-07-2026 07:01:49 AM [] []
[2026-07-15 07:01:59] SlimMonoLogger.INFO: Cron ran at: 15-07-2026 07:01:59 AM [] []
[2026-07-15 07:02:21] SlimMonoLogger.INFO: Cron ran at: 15-07-2026 07:02:21 AM [] []
[2026-07-15 07:02:33] SlimMonoLogger.INFO: Cron ran at: 15-07-2026 07:02:33 AM [] []
[2026-07-15 07:02:37] SlimMonoLogger.INFO: Cron ran at: 15-07-2026 07:02:37 AM [] []
[2026-07-15 07:02:59] SlimMonoLogger.INFO: Cron ran at: 15-07-2026 07:02:59 AM [] []
[2026-07-15 07:03:17] SlimMonoLogger.INFO: Cron ran at: 15-07-2026 07:03:17 AM [] []
[2026-07-15 07:03:29] SlimMonoLogger.INFO: Cron ran at: 15-07-2026 07:03:29 AM [] []
[2026-07-15 07:03:30] SlimMonoLogger.INFO: Cron ran at: 15-07-2026 07:03:30 AM [] []
[2026-07-15 07:03:55] SlimMonoLogger.INFO: Cron ran at: 15-07-2026 07:03:55 AM [] []
[2026-07-15 07:04:15] SlimMonoLogger.INFO: Cron ran at: 15-07-2026 07:04:15 AM [] []
[2026-07-15 07:04:20] SlimMonoLogger.INFO: Cron ran at: 15-07-2026 07:04:20 AM [] []
[2026-07-15 07:04:34] SlimMonoLogger.INFO: Cron ran at: 15-07-2026 07:04:34 AM [] []
[2026-07-15 07:05:05] SlimMonoLogger.INFO: Cron ran at: 15-07-2026 07:05:05 AM [] []
[2026-07-15 07:05:14] SlimMonoLogger.INFO: Cron ran at: 15-07-2026 07:05:14 AM [] []
[2026-07-15 07:05:15] SlimMonoLogger.INFO: Cron ran at: 15-07-2026 07:05:15 AM [] []
[2026-07-15 07:06:04] SlimMonoLogger.INFO: Cron ran at: 15-07-2026 07:06:04 AM [] []
[2026-07-15 07:06:13] SlimMonoLogger.INFO: Cron ran at: 15-07-2026 07:06:13 AM [] []
[2026-07-15 07:06:19] SlimMonoLogger.INFO: Cron ran at: 15-07-2026 07:06:19 AM [] []
[2026-07-15 07:06:21] SlimMonoLogger.INFO: Cron ran at: 15-07-2026 07:06:21 AM [] []
[2026-07-15 07:07:04] SlimMonoLogger.INFO: Cron ran at: 15-07-2026 07:07:04 AM [] []
[2026-07-15 07:07:08] SlimMonoLogger.INFO: Cron ran at: 15-07-2026 07:07:08 AM [] []
[2026-07-15 07:07:09] SlimMonoLogger.INFO: Cron ran at: 15-07-2026 07:07:09 AM [] []
[2026-07-15 07:07:18] SlimMonoLogger.INFO: Cron ran at: 15-07-2026 07:07:18 AM [] []
[2026-07-15 07:08:00] SlimMonoLogger.INFO: Cron ran at: 15-07-2026 07:08:00 AM [] []
[2026-07-15 07:08:04] SlimMonoLogger.INFO: Cron ran at: 15-07-2026 07:08:04 AM [] []
[2026-07-15 07:08:07] SlimMonoLogger.INFO: Cron ran at: 15-07-2026 07:08:07 AM [] []
[2026-07-15 07:08:18] SlimMonoLogger.INFO: Cron ran at: 15-07-2026 07:08:18 AM [] []
[2026-07-15 07:08:56] SlimMonoLogger.INFO: Cron ran at: 15-07-2026 07:08:56 AM [] []
[2026-07-15 07:08:58] SlimMonoLogger.INFO: Cron ran at: 15-07-2026 07:08:58 AM [] []
[2026-07-15 07:08:58] SlimMonoLogger.INFO: Cron ran at: 15-07-2026 07:08:58 AM [] []
[2026-07-15 07:09:18] SlimMonoLogger.INFO: Cron ran at: 15-07-2026 07:09:18 AM [] []
[2026-07-15 07:09:47] SlimMonoLogger.INFO: Cron ran at: 15-07-2026 07:09:47 AM [] []
[2026-07-15 07:09:59] SlimMonoLogger.INFO: Cron ran at: 15-07-2026 07:09:59 AM [] []
[2026-07-15 07:10:02] SlimMonoLogger.INFO: Cron ran at: 15-07-2026 07:10:02 AM [] []
[2026-07-15 07:10:16] SlimMonoLogger.INFO: Cron ran at: 15-07-2026 07:10:16 AM [] []
[2026-07-15 07:10:44] SlimMonoLogger.INFO: Cron ran at: 15-07-2026 07:10:44 AM [] []
[2026-07-15 07:11:04] SlimMonoLogger.INFO: Cron ran at: 15-07-2026 07:11:04 AM [] []
[2026-07-15 07:11:19] SlimMonoLogger.INFO: Cron ran at: 15-07-2026 07:11:19 AM [] []
[2026-07-15 07:11:28] SlimMonoLogger.INFO: Cron ran at: 15-07-2026 07:11:28 AM [] []
[2026-07-15 07:11:37] SlimMonoLogger.INFO: Cron ran at: 15-07-2026 07:11:37 AM [] []
[2026-07-15 07:12:01] SlimMonoLogger.INFO: Cron ran at: 15-07-2026 07:12:01 AM [] []
[2026-07-15 07:12:12] SlimMonoLogger.INFO: Cron ran at: 15-07-2026 07:12:12 AM [] []
[2026-07-15 07:12:13] SlimMonoLogger.INFO: Cron ran at: 15-07-2026 07:12:13 AM [] []
[2026-07-15 07:12:35] SlimMonoLogger.INFO: Cron ran at: 15-07-2026 07:12:35 AM [] []
[2026-07-15 07:12:59] SlimMonoLogger.INFO: Cron ran at: 15-07-2026 07:12:59 AM [] []
[2026-07-15 07:13:16] SlimMonoLogger.INFO: Cron ran at: 15-07-2026 07:13:16 AM [] []
[2026-07-15 07:13:32] SlimMonoLogger.INFO: Cron ran at: 15-07-2026 07:13:32 AM [] []
[2026-07-15 07:13:58] SlimMonoLogger.INFO: Cron ran at: 15-07-2026 07:13:58 AM [] []
[2026-07-15 07:14:00] SlimMonoLogger.INFO: Cron ran at: 15-07-2026 07:14:00 AM [] []
[2026-07-15 07:14:15] SlimMonoLogger.INFO: Cron ran at: 15-07-2026 07:14:15 AM [] []
[2026-07-15 07:14:29] SlimMonoLogger.INFO: Cron ran at: 15-07-2026 07:14:29 AM [] []
[2026-07-15 07:14:47] SlimMonoLogger.INFO: Cron ran at: 15-07-2026 07:14:47 AM [] []
[2026-07-15 07:15:07] SlimMonoLogger.INFO: Cron ran at: 15-07-2026 07:15:07 AM [] []
[2026-07-15 07:15:33] SlimMonoLogger.INFO: Cron ran at: 15-07-2026 07:15:33 AM [] []
[2026-07-15 07:15:39] SlimMonoLogger.INFO: Cron ran at: 15-07-2026 07:15:39 AM [] []
[2026-07-15 07:15:57] SlimMonoLogger.INFO: Cron ran at: 15-07-2026 07:15:57 AM [] []
[2026-07-15 07:16:33] SlimMonoLogger.INFO: Cron ran at: 15-07-2026 07:16:33 AM [] []
[2026-07-15 07:16:37] SlimMonoLogger.INFO: Cron ran at: 15-07-2026 07:16:37 AM [] []
[2026-07-15 07:16:39] SlimMonoLogger.INFO: Cron ran at: 15-07-2026 07:16:39 AM [] []
[2026-07-15 07:16:57] SlimMonoLogger.INFO: Cron ran at: 15-07-2026 07:16:57 AM [] []
[2026-07-15 07:17:30] SlimMonoLogger.INFO: Cron ran at: 15-07-2026 07:17:30 AM [] []
[2026-07-15 07:17:31] SlimMonoLogger.INFO: Cron ran at: 15-07-2026 07:17:31 AM [] []
[2026-07-15 07:17:31] SlimMonoLogger.INFO: Cron ran at: 15-07-2026 07:17:31 AM [] []
[2026-07-15 07:18:02] SlimMonoLogger.INFO: Cron ran at: 15-07-2026 07:18:02 AM [] []
[2026-07-15 07:18:30] SlimMonoLogger.INFO: Cron ran at: 15-07-2026 07:18:30 AM [] []
[2026-07-15 07:18:30] SlimMonoLogger.INFO: Cron ran at: 15-07-2026 07:18:30 AM [] []
[2026-07-15 07:18:31] SlimMonoLogger.INFO: Cron ran at: 15-07-2026 07:18:31 AM [] []
[2026-07-15 07:19:01] SlimMonoLogger.INFO: Cron ran at: 15-07-2026 07:19:01 AM [] []
[2026-07-15 07:19:21] SlimMonoLogger.INFO: Cron ran at: 15-07-2026 07:19:21 AM [] []
[2026-07-15 07:19:32] SlimMonoLogger.INFO: Cron ran at: 15-07-2026 07:19:32 AM [] []
[2026-07-15 07:19:33] SlimMonoLogger.INFO: Cron ran at: 15-07-2026 07:19:33 AM [] []
[2026-07-15 07:20:00] SlimMonoLogger.INFO: Cron ran at: 15-07-2026 07:20:00 AM [] []
[2026-07-15 07:20:22] SlimMonoLogger.INFO: Cron ran at: 15-07-2026 07:20:22 AM [] []
[2026-07-15 07:20:32] SlimMonoLogger.INFO: Cron ran at: 15-07-2026 07:20:32 AM [] []
[2026-07-15 07:20:32] SlimMonoLogger.INFO: Cron ran at: 15-07-2026 07:20:32 AM [] []
[2026-07-15 07:20:52] SlimMonoLogger.ERROR: Requests_Exception: cURL error 28: Operation timed out after 500002 milliseconds with 0 bytes received in /home/latihtal/public_html/agregator1/src/vendor/rmccue/requests/library/Requests/Transport/cURL.php:422
Stack trace:
#0 /home/latihtal/public_html/agregator1/src/vendor/rmccue/requests/library/Requests/Transport/cURL.php(177): Requests_Transport_cURL->process_response()
#1 /home/latihtal/public_html/agregator1/src/vendor/rmccue/requests/library/Requests.php(379): Requests_Transport_cURL->request()
#2 /home/latihtal/public_html/agregator1/src/vendor/rmccue/requests/library/Requests/Session.php(205): Requests::request()
#3 /home/latihtal/public_html/agregator1/src/vendor/rmccue/requests/library/Requests/Session.php(132): Requests_Session->request()
#4 /home/latihtal/public_html/agregator1/src/drivers/Http/RssImporter.php(144): Requests_Session->get()
#5 /home/latihtal/public_html/agregator1/src/controllers/Dashboard/DashboardFeedsController.php(534): spark\drivers\Http\RssImporter->fetchPosts()
#6 /home/latihtal/public_html/agregator1/src/controllers/Site/SiteController.php(722): spark\controllers\Dashboard\DashboardFeedsController::importFeedPosts()
#7 [internal function]: spark\controllers\Site\SiteController->runTasks()
#8 /home/latihtal/public_html/agregator1/src/framework/Route.php(173): call_user_func_array()
#9 [internal function]: Slim\Route->Slim\{closure}()
#10 /home/latihtal/public_html/agregator1/src/framework/Route.php(468): call_user_func_array()
#11 /home/latihtal/public_html/agregator1/src/framework/Slim.php(1364): Slim\Route->dispatch()
#12 /home/latihtal/public_html/agregator1/src/framework/Middleware/Flash.php(85): Slim\Slim->call()
#13 /home/latihtal/public_html/agregator1/src/framework/Middleware/MethodOverride.php(92): Slim\Middleware\Flash->call()
#14 /home/latihtal/public_html/agregator1/src/middlewares/CsrfGuard/CsrfGuard.php(47): Slim\Middleware\MethodOverride->call()
#15 /home/latihtal/public_html/agregator1/src/framework/Middleware/PrettyExceptions.php(67): spark\middlewares\CsrfGuard\CsrfGuard->call()
#16 /home/latihtal/public_html/agregator1/src/framework/Slim.php(1308): Slim\Middleware\PrettyExceptions->call()
#17 /home/latihtal/public_html/agregator1/index.php(6): Slim\Slim->run()
#18 {main} [] []
[2026-07-15 07:21:08] SlimMonoLogger.INFO: Cron ran at: 15-07-2026 07:21:08 AM [] []
[2026-07-15 07:21:20] SlimMonoLogger.INFO: Cron ran at: 15-07-2026 07:21:20 AM [] []
[2026-07-15 07:21:33] SlimMonoLogger.INFO: Cron ran at: 15-07-2026 07:21:33 AM [] []
[2026-07-15 07:21:34] SlimMonoLogger.INFO: Cron ran at: 15-07-2026 07:21:34 AM [] []
[2026-07-15 07:21:42] SlimMonoLogger.INFO: Cron ran at: 15-07-2026 07:21:42 AM [] []
[2026-07-15 07:22:07] SlimMonoLogger.INFO: Cron ran at: 15-07-2026 07:22:07 AM [] []
[2026-07-15 07:22:32] SlimMonoLogger.INFO: Cron ran at: 15-07-2026 07:22:32 AM [] []
[2026-07-15 07:22:34] SlimMonoLogger.INFO: Cron ran at: 15-07-2026 07:22:34 AM [] []
[2026-07-15 07:22:40] SlimMonoLogger.INFO: Cron ran at: 15-07-2026 07:22:40 AM [] []
[2026-07-15 07:23:03] SlimMonoLogger.INFO: Cron ran at: 15-07-2026 07:23:03 AM [] []
[2026-07-15 07:23:28] SlimMonoLogger.INFO: Cron ran at: 15-07-2026 07:23:28 AM [] []
[2026-07-15 07:23:31] SlimMonoLogger.INFO: Cron ran at: 15-07-2026 07:23:31 AM [] []
[2026-07-15 07:23:32] SlimMonoLogger.INFO: Cron ran at: 15-07-2026 07:23:32 AM [] []
[2026-07-15 07:23:47] SlimMonoLogger.INFO: Cron ran at: 15-07-2026 07:23:47 AM [] []
[2026-07-15 07:23:54] SlimMonoLogger.INFO: Cron ran at: 15-07-2026 07:23:54 AM [] []
[2026-07-15 07:24:02] SlimMonoLogger.INFO: Cron ran at: 15-07-2026 07:24:02 AM [] []
[2026-07-15 07:24:38] SlimMonoLogger.INFO: Cron ran at: 15-07-2026 07:24:38 AM [] []
[2026-07-15 07:24:45] SlimMonoLogger.INFO: Cron ran at: 15-07-2026 07:24:45 AM [] []
[2026-07-15 07:24:55] SlimMonoLogger.INFO: Cron ran at: 15-07-2026 07:24:55 AM [] []
[2026-07-15 07:24:58] SlimMonoLogger.INFO: Cron ran at: 15-07-2026 07:24:58 AM [] []
[2026-07-15 07:25:38] SlimMonoLogger.INFO: Cron ran at: 15-07-2026 07:25:38 AM [] []
[2026-07-15 07:25:55] SlimMonoLogger.INFO: Cron ran at: 15-07-2026 07:25:55 AM [] []
[2026-07-15 07:26:01] SlimMonoLogger.INFO: Cron ran at: 15-07-2026 07:26:01 AM [] []
[2026-07-15 07:26:13] SlimMonoLogger.INFO: Cron ran at: 15-07-2026 07:26:13 AM [] []
[2026-07-15 07:26:35] SlimMonoLogger.INFO: Cron ran at: 15-07-2026 07:26:35 AM [] []
[2026-07-15 07:26:55] SlimMonoLogger.INFO: Cron ran at: 15-07-2026 07:26:55 AM [] []
[2026-07-15 07:26:59] SlimMonoLogger.INFO: Cron ran at: 15-07-2026 07:26:59 AM [] []
[2026-07-15 07:27:02] SlimMonoLogger.INFO: Cron ran at: 15-07-2026 07:27:02 AM [] []
[2026-07-15 07:27:37] SlimMonoLogger.INFO: Cron ran at: 15-07-2026 07:27:37 AM [] []
[2026-07-15 07:27:51] SlimMonoLogger.INFO: Cron ran at: 15-07-2026 07:27:51 AM [] []
[2026-07-15 07:27:52] SlimMonoLogger.INFO: Cron ran at: 15-07-2026 07:27:52 AM [] []
[2026-07-15 07:27:54] SlimMonoLogger.INFO: Cron ran at: 15-07-2026 07:27:54 AM [] []
[2026-07-15 07:28:31] SlimMonoLogger.INFO: Cron ran at: 15-07-2026 07:28:31 AM [] []
[2026-07-15 07:28:46] SlimMonoLogger.INFO: Cron ran at: 15-07-2026 07:28:46 AM [] []
[2026-07-15 07:28:56] SlimMonoLogger.INFO: Cron ran at: 15-07-2026 07:28:56 AM [] []
[2026-07-15 07:28:57] SlimMonoLogger.INFO: Cron ran at: 15-07-2026 07:28:57 AM [] []
[2026-07-15 07:29:29] SlimMonoLogger.INFO: Cron ran at: 15-07-2026 07:29:29 AM [] []
[2026-07-15 07:29:47] SlimMonoLogger.INFO: Cron ran at: 15-07-2026 07:29:47 AM [] []
[2026-07-15 07:30:01] SlimMonoLogger.INFO: Cron ran at: 15-07-2026 07:30:01 AM [] []
[2026-07-15 07:30:35] SlimMonoLogger.INFO: Cron ran at: 15-07-2026 07:30:35 AM [] []
[2026-07-15 07:30:36] SlimMonoLogger.INFO: Cron ran at: 15-07-2026 07:30:36 AM [] []
[2026-07-15 07:31:00] SlimMonoLogger.INFO: Cron ran at: 15-07-2026 07:31:00 AM [] []
[2026-07-15 07:31:31] SlimMonoLogger.INFO: Cron ran at: 15-07-2026 07:31:31 AM [] []
[2026-07-15 07:31:31] SlimMonoLogger.INFO: Cron ran at: 15-07-2026 07:31:31 AM [] []
[2026-07-15 07:31:32] SlimMonoLogger.INFO: Cron ran at: 15-07-2026 07:31:32 AM [] []
[2026-07-15 07:31:59] SlimMonoLogger.INFO: Cron ran at: 15-07-2026 07:31:59 AM [] []
[2026-07-15 07:32:23] SlimMonoLogger.INFO: Cron ran at: 15-07-2026 07:32:23 AM [] []
[2026-07-15 07:32:30] SlimMonoLogger.INFO: Cron ran at: 15-07-2026 07:32:30 AM [] []
[2026-07-15 07:32:30] SlimMonoLogger.INFO: Cron ran at: 15-07-2026 07:32:30 AM [] []
[2026-07-15 07:33:02] SlimMonoLogger.INFO: Cron ran at: 15-07-2026 07:33:02 AM [] []
[2026-07-15 07:33:16] SlimMonoLogger.INFO: Cron ran at: 15-07-2026 07:33:16 AM [] []
[2026-07-15 07:33:26] SlimMonoLogger.INFO: Cron ran at: 15-07-2026 07:33:26 AM [] []
[2026-07-15 07:33:30] SlimMonoLogger.INFO: Cron ran at: 15-07-2026 07:33:30 AM [] []
[2026-07-15 07:34:02] SlimMonoLogger.INFO: Cron ran at: 15-07-2026 07:34:02 AM [] []
[2026-07-15 07:34:08] SlimMonoLogger.INFO: Cron ran at: 15-07-2026 07:34:08 AM [] []
[2026-07-15 07:34:26] SlimMonoLogger.INFO: Cron ran at: 15-07-2026 07:34:26 AM [] []
[2026-07-15 07:34:28] SlimMonoLogger.INFO: Cron ran at: 15-07-2026 07:34:28 AM [] []
[2026-07-15 07:35:00] SlimMonoLogger.INFO: Cron ran at: 15-07-2026 07:35:00 AM [] []
[2026-07-15 07:35:04] SlimMonoLogger.INFO: Cron ran at: 15-07-2026 07:35:04 AM [] []
[2026-07-15 07:35:25] SlimMonoLogger.INFO: Cron ran at: 15-07-2026 07:35:25 AM [] []
[2026-07-15 07:35:26] SlimMonoLogger.INFO: Cron ran at: 15-07-2026 07:35:26 AM [] []
[2026-07-15 07:35:58] SlimMonoLogger.INFO: Cron ran at: 15-07-2026 07:35:58 AM [] []
[2026-07-15 07:36:26] SlimMonoLogger.INFO: Cron ran at: 15-07-2026 07:36:26 AM [] []
[2026-07-15 07:36:29] SlimMonoLogger.INFO: Cron ran at: 15-07-2026 07:36:29 AM [] []
[2026-07-15 07:36:51] SlimMonoLogger.INFO: Cron ran at: 15-07-2026 07:36:51 AM [] []
[2026-07-15 07:36:54] SlimMonoLogger.INFO: Cron ran at: 15-07-2026 07:36:54 AM [] []
[2026-07-15 07:37:25] SlimMonoLogger.INFO: Cron ran at: 15-07-2026 07:37:25 AM [] []
[2026-07-15 07:37:27] SlimMonoLogger.INFO: Cron ran at: 15-07-2026 07:37:27 AM [] []
[2026-07-15 07:37:51] SlimMonoLogger.INFO: Cron ran at: 15-07-2026 07:37:51 AM [] []
[2026-07-15 07:38:26] SlimMonoLogger.INFO: Cron ran at: 15-07-2026 07:38:26 AM [] []
[2026-07-15 07:38:28] SlimMonoLogger.INFO: Cron ran at: 15-07-2026 07:38:28 AM [] []
[2026-07-15 07:38:38] SlimMonoLogger.INFO: Cron ran at: 15-07-2026 07:38:38 AM [] []
[2026-07-15 07:38:47] SlimMonoLogger.INFO: Cron ran at: 15-07-2026 07:38:47 AM [] []
[2026-07-15 07:39:25] SlimMonoLogger.INFO: Cron ran at: 15-07-2026 07:39:25 AM [] []
[2026-07-15 07:39:25] SlimMonoLogger.INFO: Cron ran at: 15-07-2026 07:39:25 AM [] []
[2026-07-15 07:39:28] SlimMonoLogger.INFO: Cron ran at: 15-07-2026 07:39:28 AM [] []
[2026-07-15 07:39:49] SlimMonoLogger.INFO: Cron ran at: 15-07-2026 07:39:49 AM [] []
[2026-07-15 07:40:24] SlimMonoLogger.INFO: Cron ran at: 15-07-2026 07:40:24 AM [] []
[2026-07-15 07:40:24] SlimMonoLogger.INFO: Cron ran at: 15-07-2026 07:40:24 AM [] []
[2026-07-15 07:40:55] SlimMonoLogger.INFO: Cron ran at: 15-07-2026 07:40:55 AM [] []
[2026-07-15 07:41:21] SlimMonoLogger.INFO: Cron ran at: 15-07-2026 07:41:21 AM [] []
[2026-07-15 07:41:24] SlimMonoLogger.INFO: Cron ran at: 15-07-2026 07:41:24 AM [] []
[2026-07-15 07:41:48] SlimMonoLogger.INFO: Cron ran at: 15-07-2026 07:41:48 AM [] []
[2026-07-15 07:42:01] SlimMonoLogger.INFO: Cron ran at: 15-07-2026 07:42:01 AM [] []
[2026-07-15 07:42:12] SlimMonoLogger.INFO: Cron ran at: 15-07-2026 07:42:12 AM [] []
[2026-07-15 07:42:22] SlimMonoLogger.INFO: Cron ran at: 15-07-2026 07:42:22 AM [] []
[2026-07-15 07:42:46] SlimMonoLogger.INFO: Cron ran at: 15-07-2026 07:42:46 AM [] []
[2026-07-15 07:42:48] SlimMonoLogger.INFO: Cron ran at: 15-07-2026 07:42:48 AM [] []
[2026-07-15 07:43:18] SlimMonoLogger.INFO: Cron ran at: 15-07-2026 07:43:18 AM [] []
[2026-07-15 07:43:21] SlimMonoLogger.INFO: Cron ran at: 15-07-2026 07:43:21 AM [] []
[2026-07-15 07:43:46] SlimMonoLogger.INFO: Cron ran at: 15-07-2026 07:43:46 AM [] []
[2026-07-15 07:43:46] SlimMonoLogger.INFO: Cron ran at: 15-07-2026 07:43:46 AM [] []
[2026-07-15 07:44:09] SlimMonoLogger.INFO: Cron ran at: 15-07-2026 07:44:09 AM [] []
[2026-07-15 07:44:20] SlimMonoLogger.INFO: Cron ran at: 15-07-2026 07:44:20 AM [] []
[2026-07-15 07:44:38] SlimMonoLogger.INFO: Cron ran at: 15-07-2026 07:44:38 AM [] []
[2026-07-15 07:44:45] SlimMonoLogger.INFO: Cron ran at: 15-07-2026 07:44:45 AM [] []
[2026-07-15 07:45:08] SlimMonoLogger.INFO: Cron ran at: 15-07-2026 07:45:08 AM [] []
[2026-07-15 07:45:32] SlimMonoLogger.INFO: Cron ran at: 15-07-2026 07:45:32 AM [] []
[2026-07-15 07:45:36] SlimMonoLogger.ERROR: Requests_Exception: cURL error 28: Operation timed out after 500005 milliseconds with 15824 bytes received in /home/latihtal/public_html/agregator1/src/vendor/rmccue/requests/library/Requests/Transport/cURL.php:422
Stack trace:
#0 /home/latihtal/public_html/agregator1/src/vendor/rmccue/requests/library/Requests/Transport/cURL.php(177): Requests_Transport_cURL->process_response()
#1 /home/latihtal/public_html/agregator1/src/vendor/rmccue/requests/library/Requests.php(379): Requests_Transport_cURL->request()
#2 /home/latihtal/public_html/agregator1/src/vendor/rmccue/requests/library/Requests/Session.php(205): Requests::request()
#3 /home/latihtal/public_html/agregator1/src/vendor/rmccue/requests/library/Requests/Session.php(132): Requests_Session->request()
#4 /home/latihtal/public_html/agregator1/src/drivers/Http/RssImporter.php(144): Requests_Session->get()
#5 /home/latihtal/public_html/agregator1/src/controllers/Dashboard/DashboardFeedsController.php(534): spark\drivers\Http\RssImporter->fetchPosts()
#6 /home/latihtal/public_html/agregator1/src/controllers/Site/SiteController.php(722): spark\controllers\Dashboard\DashboardFeedsController::importFeedPosts()
#7 [internal function]: spark\controllers\Site\SiteController->runTasks()
#8 /home/latihtal/public_html/agregator1/src/framework/Route.php(173): call_user_func_array()
#9 [internal function]: Slim\Route->Slim\{closure}()
#10 /home/latihtal/public_html/agregator1/src/framework/Route.php(468): call_user_func_array()
#11 /home/latihtal/public_html/agregator1/src/framework/Slim.php(1364): Slim\Route->dispatch()
#12 /home/latihtal/public_html/agregator1/src/framework/Middleware/Flash.php(85): Slim\Slim->call()
#13 /home/latihtal/public_html/agregator1/src/framework/Middleware/MethodOverride.php(92): Slim\Middleware\Flash->call()
#14 /home/latihtal/public_html/agregator1/src/middlewares/CsrfGuard/CsrfGuard.php(47): Slim\Middleware\MethodOverride->call()
#15 /home/latihtal/public_html/agregator1/src/framework/Middleware/PrettyExceptions.php(67): spark\middlewares\CsrfGuard\CsrfGuard->call()
#16 /home/latihtal/public_html/agregator1/src/framework/Slim.php(1308): Slim\Middleware\PrettyExceptions->call()
#17 /home/latihtal/public_html/agregator1/index.php(6): Slim\Slim->run()
#18 {main} [] []
[2026-07-15 07:45:48] SlimMonoLogger.INFO: Cron ran at: 15-07-2026 07:45:48 AM [] []
[2026-07-15 07:45:59] SlimMonoLogger.INFO: Cron ran at: 15-07-2026 07:45:59 AM [] []
[2026-07-15 07:46:06] SlimMonoLogger.INFO: Cron ran at: 15-07-2026 07:46:06 AM [] []
[2026-07-15 07:46:26] SlimMonoLogger.INFO: Cron ran at: 15-07-2026 07:46:26 AM [] []
[2026-07-15 07:46:43] SlimMonoLogger.INFO: Cron ran at: 15-07-2026 07:46:43 AM [] []
[2026-07-15 07:46:45] SlimMonoLogger.INFO: Cron ran at: 15-07-2026 07:46:45 AM [] []
[2026-07-15 07:47:04] SlimMonoLogger.INFO: Cron ran at: 15-07-2026 07:47:04 AM [] []
[2026-07-15 07:47:22] SlimMonoLogger.INFO: Cron ran at: 15-07-2026 07:47:22 AM [] []
[2026-07-15 07:47:33] SlimMonoLogger.INFO: Cron ran at: 15-07-2026 07:47:33 AM [] []
[2026-07-15 07:47:49] SlimMonoLogger.INFO: Cron ran at: 15-07-2026 07:47:49 AM [] []
[2026-07-15 07:48:04] SlimMonoLogger.INFO: Cron ran at: 15-07-2026 07:48:04 AM [] []
[2026-07-15 07:48:17] SlimMonoLogger.INFO: Cron ran at: 15-07-2026 07:48:17 AM [] []
[2026-07-15 07:48:25] SlimMonoLogger.INFO: Cron ran at: 15-07-2026 07:48:25 AM [] []
[2026-07-15 07:48:47] SlimMonoLogger.INFO: Cron ran at: 15-07-2026 07:48:47 AM [] []
[2026-07-15 07:49:05] SlimMonoLogger.INFO: Cron ran at: 15-07-2026 07:49:05 AM [] []
[2026-07-15 07:49:13] SlimMonoLogger.INFO: Cron ran at: 15-07-2026 07:49:13 AM [] []
[2026-07-15 07:49:21] SlimMonoLogger.INFO: Cron ran at: 15-07-2026 07:49:21 AM [] []
[2026-07-15 07:49:48] SlimMonoLogger.INFO: Cron ran at: 15-07-2026 07:49:48 AM [] []
[2026-07-15 07:50:03] SlimMonoLogger.INFO: Cron ran at: 15-07-2026 07:50:03 AM [] []
[2026-07-15 07:50:13] SlimMonoLogger.INFO: Cron ran at: 15-07-2026 07:50:13 AM [] []
[2026-07-15 07:50:13] SlimMonoLogger.INFO: Cron ran at: 15-07-2026 07:50:13 AM [] []
[2026-07-15 07:51:06] SlimMonoLogger.INFO: Cron ran at: 15-07-2026 07:51:06 AM [] []
[2026-07-15 07:51:07] SlimMonoLogger.INFO: Cron ran at: 15-07-2026 07:51:07 AM [] []
[2026-07-15 07:51:16] SlimMonoLogger.INFO: Cron ran at: 15-07-2026 07:51:16 AM [] []
[2026-07-15 07:51:37] SlimMonoLogger.INFO: Cron ran at: 15-07-2026 07:51:37 AM [] []
[2026-07-15 07:52:03] SlimMonoLogger.INFO: Cron ran at: 15-07-2026 07:52:03 AM [] []
[2026-07-15 07:52:04] SlimMonoLogger.INFO: Cron ran at: 15-07-2026 07:52:04 AM [] []
[2026-07-15 07:52:12] SlimMonoLogger.INFO: Cron ran at: 15-07-2026 07:52:12 AM [] []
[2026-07-15 07:52:26] SlimMonoLogger.INFO: Cron ran at: 15-07-2026 07:52:26 AM [] []
[2026-07-15 07:53:02] SlimMonoLogger.INFO: Cron ran at: 15-07-2026 07:53:02 AM [] []
[2026-07-15 07:53:03] SlimMonoLogger.INFO: Cron ran at: 15-07-2026 07:53:03 AM [] []
[2026-07-15 07:53:13] SlimMonoLogger.INFO: Cron ran at: 15-07-2026 07:53:13 AM [] []
[2026-07-15 07:53:18] SlimMonoLogger.INFO: Cron ran at: 15-07-2026 07:53:18 AM [] []
[2026-07-15 07:53:59] SlimMonoLogger.INFO: Cron ran at: 15-07-2026 07:53:59 AM [] []
[2026-07-15 07:54:06] SlimMonoLogger.INFO: Cron ran at: 15-07-2026 07:54:06 AM [] []
[2026-07-15 07:54:10] SlimMonoLogger.INFO: Cron ran at: 15-07-2026 07:54:10 AM [] []
[2026-07-15 07:54:11] SlimMonoLogger.INFO: Cron ran at: 15-07-2026 07:54:11 AM [] []
[2026-07-15 07:54:58] SlimMonoLogger.INFO: Cron ran at: 15-07-2026 07:54:58 AM [] []
[2026-07-15 07:55:04] SlimMonoLogger.INFO: Cron ran at: 15-07-2026 07:55:04 AM [] []
[2026-07-15 07:55:04] SlimMonoLogger.INFO: Cron ran at: 15-07-2026 07:55:04 AM [] []
[2026-07-15 07:55:17] SlimMonoLogger.INFO: Cron ran at: 15-07-2026 07:55:17 AM [] []
[2026-07-15 07:55:59] SlimMonoLogger.INFO: Cron ran at: 15-07-2026 07:55:59 AM [] []
[2026-07-15 07:56:00] SlimMonoLogger.INFO: Cron ran at: 15-07-2026 07:56:00 AM [] []
[2026-07-15 07:56:15] SlimMonoLogger.INFO: Cron ran at: 15-07-2026 07:56:15 AM [] []
[2026-07-15 07:56:41] SlimMonoLogger.INFO: Cron ran at: 15-07-2026 07:56:41 AM [] []
[2026-07-15 07:56:56] SlimMonoLogger.INFO: Cron ran at: 15-07-2026 07:56:56 AM [] []
[2026-07-15 07:56:57] SlimMonoLogger.INFO: Cron ran at: 15-07-2026 07:56:57 AM [] []
[2026-07-15 07:57:13] SlimMonoLogger.INFO: Cron ran at: 15-07-2026 07:57:13 AM [] []
[2026-07-15 07:57:31] SlimMonoLogger.INFO: Cron ran at: 15-07-2026 07:57:31 AM [] []
[2026-07-15 07:57:54] SlimMonoLogger.INFO: Cron ran at: 15-07-2026 07:57:54 AM [] []
[2026-07-15 07:57:55] SlimMonoLogger.INFO: Cron ran at: 15-07-2026 07:57:55 AM [] []
[2026-07-15 07:58:12] SlimMonoLogger.INFO: Cron ran at: 15-07-2026 07:58:12 AM [] []
[2026-07-15 07:58:17] SlimMonoLogger.INFO: Cron ran at: 15-07-2026 07:58:17 AM [] []
[2026-07-15 07:58:55] SlimMonoLogger.INFO: Cron ran at: 15-07-2026 07:58:55 AM [] []
[2026-07-15 07:58:57] SlimMonoLogger.INFO: Cron ran at: 15-07-2026 07:58:57 AM [] []
[2026-07-15 07:59:11] SlimMonoLogger.INFO: Cron ran at: 15-07-2026 07:59:11 AM [] []
[2026-07-15 07:59:14] SlimMonoLogger.INFO: Cron ran at: 15-07-2026 07:59:14 AM [] []
[2026-07-15 07:59:54] SlimMonoLogger.INFO: Cron ran at: 15-07-2026 07:59:54 AM [] []
[2026-07-15 07:59:57] SlimMonoLogger.INFO: Cron ran at: 15-07-2026 07:59:57 AM [] []
[2026-07-15 08:00:09] SlimMonoLogger.INFO: Cron ran at: 15-07-2026 08:00:09 AM [] []
[2026-07-15 08:00:20] SlimMonoLogger.INFO: Cron ran at: 15-07-2026 08:00:20 AM [] []
[2026-07-15 08:00:55] SlimMonoLogger.INFO: Cron ran at: 15-07-2026 08:00:55 AM [] []
[2026-07-15 08:01:01] SlimMonoLogger.INFO: Cron ran at: 15-07-2026 08:01:01 AM [] []
[2026-07-15 08:01:03] SlimMonoLogger.INFO: Cron ran at: 15-07-2026 08:01:03 AM [] []
[2026-07-15 08:01:15] SlimMonoLogger.INFO: Cron ran at: 15-07-2026 08:01:15 AM [] []
[2026-07-15 08:01:54] SlimMonoLogger.INFO: Cron ran at: 15-07-2026 08:01:54 AM [] []
[2026-07-15 08:01:58] SlimMonoLogger.INFO: Cron ran at: 15-07-2026 08:01:58 AM [] []
[2026-07-15 08:01:59] SlimMonoLogger.INFO: Cron ran at: 15-07-2026 08:01:59 AM [] []
[2026-07-15 08:02:06] SlimMonoLogger.INFO: Cron ran at: 15-07-2026 08:02:06 AM [] []
[2026-07-15 08:02:52] SlimMonoLogger.INFO: Cron ran at: 15-07-2026 08:02:52 AM [] []
[2026-07-15 08:02:55] SlimMonoLogger.INFO: Cron ran at: 15-07-2026 08:02:55 AM [] []
[2026-07-15 08:02:56] SlimMonoLogger.INFO: Cron ran at: 15-07-2026 08:02:56 AM [] []
[2026-07-15 08:02:57] SlimMonoLogger.INFO: Cron ran at: 15-07-2026 08:02:57 AM [] []
[2026-07-15 08:03:53] SlimMonoLogger.INFO: Cron ran at: 15-07-2026 08:03:53 AM [] []
[2026-07-15 08:03:53] SlimMonoLogger.INFO: Cron ran at: 15-07-2026 08:03:53 AM [] []
[2026-07-15 08:03:54] SlimMonoLogger.INFO: Cron ran at: 15-07-2026 08:03:54 AM [] []
[2026-07-15 08:03:54] SlimMonoLogger.INFO: Cron ran at: 15-07-2026 08:03:54 AM [] []
[2026-07-15 08:04:53] SlimMonoLogger.INFO: Cron ran at: 15-07-2026 08:04:53 AM [] []
[2026-07-15 08:04:54] SlimMonoLogger.INFO: Cron ran at: 15-07-2026 08:04:54 AM [] []
[2026-07-15 08:04:54] SlimMonoLogger.INFO: Cron ran at: 15-07-2026 08:04:54 AM [] []
[2026-07-15 08:04:54] SlimMonoLogger.INFO: Cron ran at: 15-07-2026 08:04:54 AM [] []
[2026-07-15 08:05:44] SlimMonoLogger.INFO: Cron ran at: 15-07-2026 08:05:44 AM [] []
[2026-07-15 08:05:52] SlimMonoLogger.INFO: Cron ran at: 15-07-2026 08:05:52 AM [] []
[2026-07-15 08:05:52] SlimMonoLogger.INFO: Cron ran at: 15-07-2026 08:05:52 AM [] []
[2026-07-15 08:06:18] SlimMonoLogger.INFO: Cron ran at: 15-07-2026 08:06:18 AM [] []
[2026-07-15 08:06:37] SlimMonoLogger.INFO: Cron ran at: 15-07-2026 08:06:37 AM [] []
[2026-07-15 08:06:52] SlimMonoLogger.INFO: Cron ran at: 15-07-2026 08:06:52 AM [] []
[2026-07-15 08:06:52] SlimMonoLogger.INFO: Cron ran at: 15-07-2026 08:06:52 AM [] []
[2026-07-15 08:07:05] SlimMonoLogger.INFO: Cron ran at: 15-07-2026 08:07:05 AM [] []
[2026-07-15 08:07:33] SlimMonoLogger.INFO: Cron ran at: 15-07-2026 08:07:33 AM [] []
[2026-07-15 08:07:53] SlimMonoLogger.INFO: Cron ran at: 15-07-2026 08:07:53 AM [] []
[2026-07-15 08:07:54] SlimMonoLogger.INFO: Cron ran at: 15-07-2026 08:07:54 AM [] []
[2026-07-15 08:07:55] SlimMonoLogger.INFO: Cron ran at: 15-07-2026 08:07:55 AM [] []
[2026-07-15 08:08:31] SlimMonoLogger.INFO: Cron ran at: 15-07-2026 08:08:31 AM [] []
[2026-07-15 08:08:51] SlimMonoLogger.INFO: Cron ran at: 15-07-2026 08:08:51 AM [] []
[2026-07-15 08:08:52] SlimMonoLogger.INFO: Cron ran at: 15-07-2026 08:08:52 AM [] []
[2026-07-15 08:09:00] SlimMonoLogger.INFO: Cron ran at: 15-07-2026 08:09:00 AM [] []
[2026-07-15 08:09:39] SlimMonoLogger.INFO: Cron ran at: 15-07-2026 08:09:39 AM [] []
[2026-07-15 08:09:49] SlimMonoLogger.INFO: Cron ran at: 15-07-2026 08:09:49 AM [] []
[2026-07-15 08:09:52] SlimMonoLogger.INFO: Cron ran at: 15-07-2026 08:09:52 AM [] []
[2026-07-15 08:09:53] SlimMonoLogger.INFO: Cron ran at: 15-07-2026 08:09:53 AM [] []
[2026-07-15 08:10:33] SlimMonoLogger.INFO: Cron ran at: 15-07-2026 08:10:33 AM [] []
[2026-07-15 08:10:40] SlimMonoLogger.INFO: Cron ran at: 15-07-2026 08:10:40 AM [] []
[2026-07-15 08:10:58] SlimMonoLogger.INFO: Cron ran at: 15-07-2026 08:10:58 AM [] []
[2026-07-15 08:11:18] SlimMonoLogger.INFO: Cron ran at: 15-07-2026 08:11:18 AM [] []
[2026-07-15 08:11:34] SlimMonoLogger.INFO: Cron ran at: 15-07-2026 08:11:34 AM [] []
[2026-07-15 08:11:34] SlimMonoLogger.INFO: Cron ran at: 15-07-2026 08:11:34 AM [] []
[2026-07-15 08:11:53] SlimMonoLogger.INFO: Cron ran at: 15-07-2026 08:11:53 AM [] []
[2026-07-15 08:12:04] SlimMonoLogger.INFO: Cron ran at: 15-07-2026 08:12:04 AM [] []
[2026-07-15 08:12:32] SlimMonoLogger.INFO: Cron ran at: 15-07-2026 08:12:32 AM [] []
[2026-07-15 08:12:33] SlimMonoLogger.INFO: Cron ran at: 15-07-2026 08:12:33 AM [] []
[2026-07-15 08:12:54] SlimMonoLogger.INFO: Cron ran at: 15-07-2026 08:12:54 AM [] []
[2026-07-15 08:12:54] SlimMonoLogger.INFO: Cron ran at: 15-07-2026 08:12:54 AM [] []
[2026-07-15 08:13:35] SlimMonoLogger.INFO: Cron ran at: 15-07-2026 08:13:35 AM [] []
[2026-07-15 08:13:36] SlimMonoLogger.INFO: Cron ran at: 15-07-2026 08:13:36 AM [] []
[2026-07-15 08:13:50] SlimMonoLogger.INFO: Cron ran at: 15-07-2026 08:13:50 AM [] []
[2026-07-15 08:13:52] SlimMonoLogger.INFO: Cron ran at: 15-07-2026 08:13:52 AM [] []
[2026-07-15 08:14:29] SlimMonoLogger.INFO: Cron ran at: 15-07-2026 08:14:29 AM [] []
[2026-07-15 08:14:29] SlimMonoLogger.INFO: Cron ran at: 15-07-2026 08:14:29 AM [] []
[2026-07-15 08:14:47] SlimMonoLogger.INFO: Cron ran at: 15-07-2026 08:14:47 AM [] []
[2026-07-15 08:14:56] SlimMonoLogger.INFO: Cron ran at: 15-07-2026 08:14:56 AM [] []
[2026-07-15 08:15:33] SlimMonoLogger.INFO: Cron ran at: 15-07-2026 08:15:33 AM [] []
[2026-07-15 08:15:36] SlimMonoLogger.INFO: Cron ran at: 15-07-2026 08:15:36 AM [] []
[2026-07-15 08:15:48] SlimMonoLogger.INFO: Cron ran at: 15-07-2026 08:15:48 AM [] []
[2026-07-15 08:16:17] SlimMonoLogger.INFO: Cron ran at: 15-07-2026 08:16:17 AM [] []
[2026-07-15 08:16:31] SlimMonoLogger.INFO: Cron ran at: 15-07-2026 08:16:31 AM [] []
[2026-07-15 08:16:32] SlimMonoLogger.INFO: Cron ran at: 15-07-2026 08:16:32 AM [] []
[2026-07-15 08:16:35] SlimMonoLogger.INFO: Cron ran at: 15-07-2026 08:16:35 AM [] []
[2026-07-15 08:17:19] SlimMonoLogger.INFO: Cron ran at: 15-07-2026 08:17:19 AM [] []
[2026-07-15 08:17:22] SlimMonoLogger.INFO: Cron ran at: 15-07-2026 08:17:22 AM [] []
[2026-07-15 08:17:32] SlimMonoLogger.INFO: Cron ran at: 15-07-2026 08:17:32 AM [] []
[2026-07-15 08:18:18] SlimMonoLogger.INFO: Cron ran at: 15-07-2026 08:18:18 AM [] []
[2026-07-15 08:18:24] SlimMonoLogger.INFO: Cron ran at: 15-07-2026 08:18:24 AM [] []
[2026-07-15 08:18:37] SlimMonoLogger.INFO: Cron ran at: 15-07-2026 08:18:37 AM [] []
[2026-07-15 08:18:37] SlimMonoLogger.INFO: Cron ran at: 15-07-2026 08:18:37 AM [] []
[2026-07-15 08:19:08] SlimMonoLogger.INFO: Cron ran at: 15-07-2026 08:19:08 AM [] []
[2026-07-15 08:19:19] SlimMonoLogger.INFO: Cron ran at: 15-07-2026 08:19:19 AM [] []
[2026-07-15 08:19:31] SlimMonoLogger.INFO: Cron ran at: 15-07-2026 08:19:31 AM [] []
[2026-07-15 08:19:31] SlimMonoLogger.INFO: Cron ran at: 15-07-2026 08:19:31 AM [] []
[2026-07-15 08:20:05] SlimMonoLogger.INFO: Cron ran at: 15-07-2026 08:20:05 AM [] []
[2026-07-15 08:20:20] SlimMonoLogger.INFO: Cron ran at: 15-07-2026 08:20:20 AM [] []
[2026-07-15 08:20:35] SlimMonoLogger.INFO: Cron ran at: 15-07-2026 08:20:35 AM [] []
[2026-07-15 08:20:59] SlimMonoLogger.INFO: Cron ran at: 15-07-2026 08:20:59 AM [] []
[2026-07-15 08:21:17] SlimMonoLogger.INFO: Cron ran at: 15-07-2026 08:21:17 AM [] []
[2026-07-15 08:21:18] SlimMonoLogger.INFO: Cron ran at: 15-07-2026 08:21:18 AM [] []
[2026-07-15 08:21:34] SlimMonoLogger.INFO: Cron ran at: 15-07-2026 08:21:34 AM [] []
[2026-07-15 08:21:52] SlimMonoLogger.INFO: Cron ran at: 15-07-2026 08:21:52 AM [] []
[2026-07-15 08:22:09] SlimMonoLogger.INFO: Cron ran at: 15-07-2026 08:22:09 AM [] []
[2026-07-15 08:22:22] SlimMonoLogger.INFO: Cron ran at: 15-07-2026 08:22:22 AM [] []
[2026-07-15 08:22:36] SlimMonoLogger.INFO: Cron ran at: 15-07-2026 08:22:36 AM [] []
[2026-07-15 08:22:48] SlimMonoLogger.INFO: Cron ran at: 15-07-2026 08:22:48 AM [] []
[2026-07-15 08:23:00] SlimMonoLogger.INFO: Cron ran at: 15-07-2026 08:23:00 AM [] []
[2026-07-15 08:23:17] SlimMonoLogger.INFO: Cron ran at: 15-07-2026 08:23:17 AM [] []
[2026-07-15 08:23:30] SlimMonoLogger.INFO: Cron ran at: 15-07-2026 08:23:30 AM [] []
[2026-07-15 08:23:51] SlimMonoLogger.INFO: Cron ran at: 15-07-2026 08:23:51 AM [] []
[2026-07-15 08:23:57] SlimMonoLogger.INFO: Cron ran at: 15-07-2026 08:23:57 AM [] []
[2026-07-15 08:24:22] SlimMonoLogger.INFO: Cron ran at: 15-07-2026 08:24:22 AM [] []
[2026-07-15 08:24:30] SlimMonoLogger.INFO: Cron ran at: 15-07-2026 08:24:30 AM [] []
[2026-07-15 08:24:43] SlimMonoLogger.INFO: Cron ran at: 15-07-2026 08:24:43 AM [] []
[2026-07-15 08:24:44] SlimMonoLogger.INFO: Cron ran at: 15-07-2026 08:24:44 AM [] []
[2026-07-15 08:25:27] SlimMonoLogger.ERROR: Requests_Exception: cURL error 28: Operation timed out after 500002 milliseconds with 0 bytes received in /home/latihtal/public_html/agregator1/src/vendor/rmccue/requests/library/Requests/Transport/cURL.php:422
Stack trace:
#0 /home/latihtal/public_html/agregator1/src/vendor/rmccue/requests/library/Requests/Transport/cURL.php(177): Requests_Transport_cURL->process_response()
#1 /home/latihtal/public_html/agregator1/src/vendor/rmccue/requests/library/Requests.php(379): Requests_Transport_cURL->request()
#2 /home/latihtal/public_html/agregator1/src/vendor/rmccue/requests/library/Requests/Session.php(205): Requests::request()
#3 /home/latihtal/public_html/agregator1/src/vendor/rmccue/requests/library/Requests/Session.php(132): Requests_Session->request()
#4 /home/latihtal/public_html/agregator1/src/drivers/Http/RssImporter.php(144): Requests_Session->get()
#5 /home/latihtal/public_html/agregator1/src/controllers/Dashboard/DashboardFeedsController.php(534): spark\drivers\Http\RssImporter->fetchPosts()
#6 /home/latihtal/public_html/agregator1/src/controllers/Site/SiteController.php(722): spark\controllers\Dashboard\DashboardFeedsController::importFeedPosts()
#7 [internal function]: spark\controllers\Site\SiteController->runTasks()
#8 /home/latihtal/public_html/agregator1/src/framework/Route.php(173): call_user_func_array()
#9 [internal function]: Slim\Route->Slim\{closure}()
#10 /home/latihtal/public_html/agregator1/src/framework/Route.php(468): call_user_func_array()
#11 /home/latihtal/public_html/agregator1/src/framework/Slim.php(1364): Slim\Route->dispatch()
#12 /home/latihtal/public_html/agregator1/src/framework/Middleware/Flash.php(85): Slim\Slim->call()
#13 /home/latihtal/public_html/agregator1/src/framework/Middleware/MethodOverride.php(92): Slim\Middleware\Flash->call()
#14 /home/latihtal/public_html/agregator1/src/middlewares/CsrfGuard/CsrfGuard.php(47): Slim\Middleware\MethodOverride->call()
#15 /home/latihtal/public_html/agregator1/src/framework/Middleware/PrettyExceptions.php(67): spark\middlewares\CsrfGuard\CsrfGuard->call()
#16 /home/latihtal/public_html/agregator1/src/framework/Slim.php(1308): Slim\Middleware\PrettyExceptions->call()
#17 /home/latihtal/public_html/agregator1/index.php(6): Slim\Slim->run()
#18 {main} [] []
[2026-07-15 08:25:35] SlimMonoLogger.INFO: Cron ran at: 15-07-2026 08:25:35 AM [] []
[2026-07-15 08:25:42] SlimMonoLogger.INFO: Cron ran at: 15-07-2026 08:25:42 AM [] []
[2026-07-15 08:25:44] SlimMonoLogger.INFO: Cron ran at: 15-07-2026 08:25:44 AM [] []
[2026-07-15 08:26:01] SlimMonoLogger.INFO: Cron ran at: 15-07-2026 08:26:01 AM [] []
[2026-07-15 08:26:34] SlimMonoLogger.INFO: Cron ran at: 15-07-2026 08:26:34 AM [] []
[2026-07-15 08:26:36] SlimMonoLogger.INFO: Cron ran at: 15-07-2026 08:26:36 AM [] []
[2026-07-15 08:26:48] SlimMonoLogger.INFO: Cron ran at: 15-07-2026 08:26:48 AM [] []
[2026-07-15 08:26:48] SlimMonoLogger.INFO: Cron ran at: 15-07-2026 08:26:48 AM [] []
[2026-07-15 08:27:34] SlimMonoLogger.INFO: Cron ran at: 15-07-2026 08:27:34 AM [] []
[2026-07-15 08:27:37] SlimMonoLogger.INFO: Cron ran at: 15-07-2026 08:27:37 AM [] []
[2026-07-15 08:27:38] SlimMonoLogger.INFO: Cron ran at: 15-07-2026 08:27:38 AM [] []
[2026-07-15 08:27:46] SlimMonoLogger.INFO: Cron ran at: 15-07-2026 08:27:46 AM [] []
[2026-07-15 08:28:34] SlimMonoLogger.INFO: Cron ran at: 15-07-2026 08:28:34 AM [] []
[2026-07-15 08:28:34] SlimMonoLogger.INFO: Cron ran at: 15-07-2026 08:28:34 AM [] []
[2026-07-15 08:28:35] SlimMonoLogger.INFO: Cron ran at: 15-07-2026 08:28:35 AM [] []
[2026-07-15 08:28:45] SlimMonoLogger.INFO: Cron ran at: 15-07-2026 08:28:45 AM [] []
[2026-07-15 08:29:21] SlimMonoLogger.INFO: Cron ran at: 15-07-2026 08:29:21 AM [] []
[2026-07-15 08:29:30] SlimMonoLogger.INFO: Cron ran at: 15-07-2026 08:29:30 AM [] []
[2026-07-15 08:29:31] SlimMonoLogger.INFO: Cron ran at: 15-07-2026 08:29:31 AM [] []
[2026-07-15 08:29:46] SlimMonoLogger.INFO: Cron ran at: 15-07-2026 08:29:46 AM [] []
[2026-07-15 08:30:18] SlimMonoLogger.INFO: Cron ran at: 15-07-2026 08:30:18 AM [] []
[2026-07-15 08:30:41] SlimMonoLogger.INFO: Cron ran at: 15-07-2026 08:30:41 AM [] []
[2026-07-15 08:30:54] SlimMonoLogger.INFO: Cron ran at: 15-07-2026 08:30:54 AM [] []
[2026-07-15 08:31:15] SlimMonoLogger.INFO: Cron ran at: 15-07-2026 08:31:15 AM [] []
[2026-07-15 08:31:39] SlimMonoLogger.INFO: Cron ran at: 15-07-2026 08:31:39 AM [] []
[2026-07-15 08:31:41] SlimMonoLogger.INFO: Cron ran at: 15-07-2026 08:31:41 AM [] []
[2026-07-15 08:31:47] SlimMonoLogger.INFO: Cron ran at: 15-07-2026 08:31:47 AM [] []
[2026-07-15 08:32:08] SlimMonoLogger.INFO: Cron ran at: 15-07-2026 08:32:08 AM [] []
[2026-07-15 08:32:34] SlimMonoLogger.INFO: Cron ran at: 15-07-2026 08:32:34 AM [] []
[2026-07-15 08:32:35] SlimMonoLogger.INFO: Cron ran at: 15-07-2026 08:32:35 AM [] []
[2026-07-15 08:32:47] SlimMonoLogger.INFO: Cron ran at: 15-07-2026 08:32:47 AM [] []
[2026-07-15 08:33:19] SlimMonoLogger.INFO: Cron ran at: 15-07-2026 08:33:19 AM [] []
[2026-07-15 08:33:29] SlimMonoLogger.INFO: Cron ran at: 15-07-2026 08:33:29 AM [] []
[2026-07-15 08:33:37] SlimMonoLogger.INFO: Cron ran at: 15-07-2026 08:33:37 AM [] []
[2026-07-15 08:33:47] SlimMonoLogger.INFO: Cron ran at: 15-07-2026 08:33:47 AM [] []
[2026-07-15 08:34:03] SlimMonoLogger.INFO: Cron ran at: 15-07-2026 08:34:03 AM [] []
[2026-07-15 08:34:13] SlimMonoLogger.INFO: Cron ran at: 15-07-2026 08:34:13 AM [] []
[2026-07-15 08:34:34] SlimMonoLogger.INFO: Cron ran at: 15-07-2026 08:34:34 AM [] []
[2026-07-15 08:35:59] SlimMonoLogger.INFO: Cron ran at: 15-07-2026 08:35:59 AM [] []
[2026-07-15 08:36:30] SlimMonoLogger.INFO: Cron ran at: 15-07-2026 08:36:30 AM [] []
[2026-07-15 08:37:34] SlimMonoLogger.INFO: Cron ran at: 15-07-2026 08:37:34 AM [] []
[2026-07-15 08:38:16] SlimMonoLogger.INFO: Cron ran at: 15-07-2026 08:38:16 AM [] []
[2026-07-15 08:39:12] SlimMonoLogger.INFO: Cron ran at: 15-07-2026 08:39:12 AM [] []
[2026-07-15 08:40:07] SlimMonoLogger.INFO: Cron ran at: 15-07-2026 08:40:07 AM [] []
[2026-07-15 08:41:20] SlimMonoLogger.INFO: Cron ran at: 15-07-2026 08:41:20 AM [] []
[2026-07-15 08:41:23] SlimMonoLogger.INFO: Cron ran at: 15-07-2026 08:41:23 AM [] []
[2026-07-15 08:41:55] SlimMonoLogger.INFO: Cron ran at: 15-07-2026 08:41:55 AM [] []
[2026-07-15 08:42:05] SlimMonoLogger.INFO: Cron ran at: 15-07-2026 08:42:05 AM [] []
[2026-07-15 08:42:50] SlimMonoLogger.INFO: Cron ran at: 15-07-2026 08:42:50 AM [] []
[2026-07-15 08:42:59] SlimMonoLogger.INFO: Cron ran at: 15-07-2026 08:42:59 AM [] []
[2026-07-15 08:43:47] SlimMonoLogger.INFO: Cron ran at: 15-07-2026 08:43:47 AM [] []
[2026-07-15 08:43:48] SlimMonoLogger.INFO: Cron ran at: 15-07-2026 08:43:48 AM [] []
[2026-07-15 08:44:48] SlimMonoLogger.INFO: Cron ran at: 15-07-2026 08:44:48 AM [] []
[2026-07-15 08:44:49] SlimMonoLogger.INFO: Cron ran at: 15-07-2026 08:44:49 AM [] []
[2026-07-15 08:45:45] SlimMonoLogger.INFO: Cron ran at: 15-07-2026 08:45:45 AM [] []
[2026-07-15 08:45:53] SlimMonoLogger.INFO: Cron ran at: 15-07-2026 08:45:53 AM [] []
[2026-07-15 08:46:23] SlimMonoLogger.INFO: Cron ran at: 15-07-2026 08:46:23 AM [] []
[2026-07-15 08:46:40] SlimMonoLogger.INFO: Cron ran at: 15-07-2026 08:46:40 AM [] []
[2026-07-15 08:46:47] SlimMonoLogger.INFO: Cron ran at: 15-07-2026 08:46:47 AM [] []
[2026-07-15 08:47:24] SlimMonoLogger.INFO: Cron ran at: 15-07-2026 08:47:24 AM [] []
[2026-07-15 08:47:43] SlimMonoLogger.INFO: Cron ran at: 15-07-2026 08:47:43 AM [] []
[2026-07-15 08:47:50] SlimMonoLogger.INFO: Cron ran at: 15-07-2026 08:47:50 AM [] []
[2026-07-15 08:48:08] SlimMonoLogger.INFO: Cron ran at: 15-07-2026 08:48:08 AM [] []
[2026-07-15 08:48:33] SlimMonoLogger.INFO: Cron ran at: 15-07-2026 08:48:33 AM [] []
[2026-07-15 08:48:51] SlimMonoLogger.INFO: Cron ran at: 15-07-2026 08:48:51 AM [] []
[2026-07-15 08:49:16] SlimMonoLogger.INFO: Cron ran at: 15-07-2026 08:49:16 AM [] []
[2026-07-15 08:49:34] SlimMonoLogger.INFO: Cron ran at: 15-07-2026 08:49:34 AM [] []
[2026-07-15 08:49:48] SlimMonoLogger.INFO: Cron ran at: 15-07-2026 08:49:48 AM [] []
[2026-07-15 08:49:54] SlimMonoLogger.INFO: Cron ran at: 15-07-2026 08:49:54 AM [] []
[2026-07-15 08:50:39] SlimMonoLogger.INFO: Cron ran at: 15-07-2026 08:50:39 AM [] []
[2026-07-15 08:50:49] SlimMonoLogger.INFO: Cron ran at: 15-07-2026 08:50:49 AM [] []
[2026-07-15 08:50:50] SlimMonoLogger.INFO: Cron ran at: 15-07-2026 08:50:50 AM [] []
[2026-07-15 08:51:36] SlimMonoLogger.INFO: Cron ran at: 15-07-2026 08:51:36 AM [] []
[2026-07-15 08:51:51] SlimMonoLogger.INFO: Cron ran at: 15-07-2026 08:51:51 AM [] []
[2026-07-15 08:51:51] SlimMonoLogger.INFO: Cron ran at: 15-07-2026 08:51:51 AM [] []
[2026-07-15 08:51:52] SlimMonoLogger.INFO: Cron ran at: 15-07-2026 08:51:52 AM [] []
[2026-07-15 08:52:32] SlimMonoLogger.INFO: Cron ran at: 15-07-2026 08:52:32 AM [] []
[2026-07-15 08:52:39] SlimMonoLogger.INFO: Cron ran at: 15-07-2026 08:52:39 AM [] []
[2026-07-15 08:52:43] SlimMonoLogger.INFO: Cron ran at: 15-07-2026 08:52:43 AM [] []
[2026-07-15 08:52:45] SlimMonoLogger.INFO: Cron ran at: 15-07-2026 08:52:45 AM [] []
[2026-07-15 08:53:31] SlimMonoLogger.INFO: Cron ran at: 15-07-2026 08:53:31 AM [] []
[2026-07-15 08:53:31] SlimMonoLogger.INFO: Cron ran at: 15-07-2026 08:53:31 AM [] []
[2026-07-15 08:53:39] SlimMonoLogger.INFO: Cron ran at: 15-07-2026 08:53:39 AM [] []
[2026-07-15 08:53:48] SlimMonoLogger.INFO: Cron ran at: 15-07-2026 08:53:48 AM [] []
[2026-07-15 08:54:28] SlimMonoLogger.INFO: Cron ran at: 15-07-2026 08:54:28 AM [] []
[2026-07-15 08:54:37] SlimMonoLogger.INFO: Cron ran at: 15-07-2026 08:54:37 AM [] []
[2026-07-15 08:54:50] SlimMonoLogger.INFO: Cron ran at: 15-07-2026 08:54:50 AM [] []
[2026-07-15 08:54:50] SlimMonoLogger.INFO: Cron ran at: 15-07-2026 08:54:50 AM [] []
[2026-07-15 08:55:19] SlimMonoLogger.INFO: Cron ran at: 15-07-2026 08:55:19 AM [] []
[2026-07-15 08:55:35] SlimMonoLogger.INFO: Cron ran at: 15-07-2026 08:55:35 AM [] []
[2026-07-15 08:55:42] SlimMonoLogger.INFO: Cron ran at: 15-07-2026 08:55:42 AM [] []
[2026-07-15 08:56:12] SlimMonoLogger.INFO: Cron ran at: 15-07-2026 08:56:12 AM [] []
[2026-07-15 08:57:25] SlimMonoLogger.INFO: Cron ran at: 15-07-2026 08:57:25 AM [] []
[2026-07-15 08:57:26] SlimMonoLogger.INFO: Cron ran at: 15-07-2026 08:57:26 AM [] []
[2026-07-15 09:01:45] SlimMonoLogger.INFO: Cron ran at: 15-07-2026 09:01:45 AM [] []
[2026-07-15 09:02:32] SlimMonoLogger.INFO: Cron ran at: 15-07-2026 09:02:32 AM [] []
[2026-07-15 09:03:17] SlimMonoLogger.INFO: Cron ran at: 15-07-2026 09:03:17 AM [] []
[2026-07-15 09:04:06] SlimMonoLogger.INFO: Cron ran at: 15-07-2026 09:04:06 AM [] []
[2026-07-15 09:04:59] SlimMonoLogger.INFO: Cron ran at: 15-07-2026 09:04:59 AM [] []
[2026-07-15 09:06:04] SlimMonoLogger.INFO: Cron ran at: 15-07-2026 09:06:04 AM [] []
[2026-07-15 09:06:37] SlimMonoLogger.INFO: Cron ran at: 15-07-2026 09:06:37 AM [] []
[2026-07-15 09:06:52] SlimMonoLogger.INFO: Cron ran at: 15-07-2026 09:06:52 AM [] []
[2026-07-15 09:07:22] SlimMonoLogger.INFO: Cron ran at: 15-07-2026 09:07:22 AM [] []
[2026-07-15 09:07:50] SlimMonoLogger.INFO: Cron ran at: 15-07-2026 09:07:50 AM [] []
[2026-07-15 09:08:12] SlimMonoLogger.INFO: Cron ran at: 15-07-2026 09:08:12 AM [] []
[2026-07-15 09:09:05] SlimMonoLogger.INFO: Cron ran at: 15-07-2026 09:09:05 AM [] []
[2026-07-15 09:09:06] SlimMonoLogger.INFO: Cron ran at: 15-07-2026 09:09:06 AM [] []
[2026-07-15 09:09:47] SlimMonoLogger.INFO: Cron ran at: 15-07-2026 09:09:47 AM [] []
[2026-07-15 09:09:58] SlimMonoLogger.INFO: Cron ran at: 15-07-2026 09:09:58 AM [] []
[2026-07-15 09:10:48] SlimMonoLogger.INFO: Cron ran at: 15-07-2026 09:10:48 AM [] []
[2026-07-15 09:10:55] SlimMonoLogger.INFO: Cron ran at: 15-07-2026 09:10:55 AM [] []
[2026-07-15 09:11:37] SlimMonoLogger.INFO: Cron ran at: 15-07-2026 09:11:37 AM [] []
[2026-07-15 09:11:48] SlimMonoLogger.INFO: Cron ran at: 15-07-2026 09:11:48 AM [] []
[2026-07-15 09:12:25] SlimMonoLogger.INFO: Cron ran at: 15-07-2026 09:12:25 AM [] []
[2026-07-15 09:12:44] SlimMonoLogger.INFO: Cron ran at: 15-07-2026 09:12:44 AM [] []
[2026-07-15 09:12:46] SlimMonoLogger.INFO: Cron ran at: 15-07-2026 09:12:46 AM [] []
[2026-07-15 09:13:20] SlimMonoLogger.INFO: Cron ran at: 15-07-2026 09:13:20 AM [] []
[2026-07-15 09:13:46] SlimMonoLogger.INFO: Cron ran at: 15-07-2026 09:13:46 AM [] []
[2026-07-15 09:13:46] SlimMonoLogger.INFO: Cron ran at: 15-07-2026 09:13:46 AM [] []
[2026-07-15 09:14:13] SlimMonoLogger.INFO: Cron ran at: 15-07-2026 09:14:13 AM [] []
[2026-07-15 09:14:41] SlimMonoLogger.INFO: Cron ran at: 15-07-2026 09:14:41 AM [] []
[2026-07-15 09:14:43] SlimMonoLogger.INFO: Cron ran at: 15-07-2026 09:14:43 AM [] []
[2026-07-15 09:15:04] SlimMonoLogger.INFO: Cron ran at: 15-07-2026 09:15:04 AM [] []
[2026-07-15 09:15:43] SlimMonoLogger.INFO: Cron ran at: 15-07-2026 09:15:43 AM [] []
[2026-07-15 09:15:43] SlimMonoLogger.INFO: Cron ran at: 15-07-2026 09:15:43 AM [] []
[2026-07-15 09:16:02] SlimMonoLogger.INFO: Cron ran at: 15-07-2026 09:16:02 AM [] []
[2026-07-15 09:16:46] SlimMonoLogger.INFO: Cron ran at: 15-07-2026 09:16:46 AM [] []
[2026-07-15 09:16:46] SlimMonoLogger.INFO: Cron ran at: 15-07-2026 09:16:46 AM [] []
[2026-07-15 09:16:46] SlimMonoLogger.INFO: Cron ran at: 15-07-2026 09:16:46 AM [] []
[2026-07-15 09:17:00] SlimMonoLogger.INFO: Cron ran at: 15-07-2026 09:17:00 AM [] []
[2026-07-15 09:17:28] SlimMonoLogger.INFO: Cron ran at: 15-07-2026 09:17:28 AM [] []
[2026-07-15 09:17:44] SlimMonoLogger.INFO: Cron ran at: 15-07-2026 09:17:44 AM [] []
[2026-07-15 09:17:45] SlimMonoLogger.INFO: Cron ran at: 15-07-2026 09:17:45 AM [] []
[2026-07-15 09:17:59] SlimMonoLogger.INFO: Cron ran at: 15-07-2026 09:17:59 AM [] []
[2026-07-15 09:18:24] SlimMonoLogger.INFO: Cron ran at: 15-07-2026 09:18:24 AM [] []
[2026-07-15 09:18:42] SlimMonoLogger.INFO: Cron ran at: 15-07-2026 09:18:42 AM [] []
[2026-07-15 09:18:43] SlimMonoLogger.INFO: Cron ran at: 15-07-2026 09:18:43 AM [] []
[2026-07-15 09:18:50] SlimMonoLogger.INFO: Cron ran at: 15-07-2026 09:18:50 AM [] []
[2026-07-15 09:19:15] SlimMonoLogger.INFO: Cron ran at: 15-07-2026 09:19:15 AM [] []
[2026-07-15 09:19:37] SlimMonoLogger.ERROR: Requests_Exception: cURL error 28: Operation timed out after 500002 milliseconds with 0 bytes received in /home/latihtal/public_html/agregator1/src/vendor/rmccue/requests/library/Requests/Transport/cURL.php:422
Stack trace:
#0 /home/latihtal/public_html/agregator1/src/vendor/rmccue/requests/library/Requests/Transport/cURL.php(177): Requests_Transport_cURL->process_response()
#1 /home/latihtal/public_html/agregator1/src/vendor/rmccue/requests/library/Requests.php(379): Requests_Transport_cURL->request()
#2 /home/latihtal/public_html/agregator1/src/vendor/rmccue/requests/library/Requests/Session.php(205): Requests::request()
#3 /home/latihtal/public_html/agregator1/src/vendor/rmccue/requests/library/Requests/Session.php(132): Requests_Session->request()
#4 /home/latihtal/public_html/agregator1/src/drivers/Http/RssImporter.php(144): Requests_Session->get()
#5 /home/latihtal/public_html/agregator1/src/controllers/Dashboard/DashboardFeedsController.php(534): spark\drivers\Http\RssImporter->fetchPosts()
#6 /home/latihtal/public_html/agregator1/src/controllers/Site/SiteController.php(722): spark\controllers\Dashboard\DashboardFeedsController::importFeedPosts()
#7 [internal function]: spark\controllers\Site\SiteController->runTasks()
#8 /home/latihtal/public_html/agregator1/src/framework/Route.php(173): call_user_func_array()
#9 [internal function]: Slim\Route->Slim\{closure}()
#10 /home/latihtal/public_html/agregator1/src/framework/Route.php(468): call_user_func_array()
#11 /home/latihtal/public_html/agregator1/src/framework/Slim.php(1364): Slim\Route->dispatch()
#12 /home/latihtal/public_html/agregator1/src/framework/Middleware/Flash.php(85): Slim\Slim->call()
#13 /home/latihtal/public_html/agregator1/src/framework/Middleware/MethodOverride.php(92): Slim\Middleware\Flash->call()
#14 /home/latihtal/public_html/agregator1/src/middlewares/CsrfGuard/CsrfGuard.php(47): Slim\Middleware\MethodOverride->call()
#15 /home/latihtal/public_html/agregator1/src/framework/Middleware/PrettyExceptions.php(67): spark\middlewares\CsrfGuard\CsrfGuard->call()
#16 /home/latihtal/public_html/agregator1/src/framework/Slim.php(1308): Slim\Middleware\PrettyExceptions->call()
#17 /home/latihtal/public_html/agregator1/index.php(6): Slim\Slim->run()
#18 {main} [] []
[2026-07-15 09:19:41] SlimMonoLogger.INFO: Cron ran at: 15-07-2026 09:19:41 AM [] []
[2026-07-15 09:19:41] SlimMonoLogger.INFO: Cron ran at: 15-07-2026 09:19:41 AM [] []
[2026-07-15 09:19:48] SlimMonoLogger.INFO: Cron ran at: 15-07-2026 09:19:48 AM [] []
[2026-07-15 09:20:09] SlimMonoLogger.INFO: Cron ran at: 15-07-2026 09:20:09 AM [] []
[2026-07-15 09:20:12] SlimMonoLogger.INFO: Cron ran at: 15-07-2026 09:20:12 AM [] []
[2026-07-15 09:20:44] SlimMonoLogger.INFO: Cron ran at: 15-07-2026 09:20:44 AM [] []
[2026-07-15 09:20:50] SlimMonoLogger.INFO: Cron ran at: 15-07-2026 09:20:50 AM [] []
[2026-07-15 09:21:07] SlimMonoLogger.INFO: Cron ran at: 15-07-2026 09:21:07 AM [] []
[2026-07-15 09:21:48] SlimMonoLogger.INFO: Cron ran at: 15-07-2026 09:21:48 AM [] []
[2026-07-15 09:21:49] SlimMonoLogger.INFO: Cron ran at: 15-07-2026 09:21:49 AM [] []
[2026-07-15 09:21:53] SlimMonoLogger.INFO: Cron ran at: 15-07-2026 09:21:53 AM [] []
[2026-07-15 09:22:01] SlimMonoLogger.INFO: Cron ran at: 15-07-2026 09:22:01 AM [] []
[2026-07-15 09:22:32] SlimMonoLogger.INFO: Cron ran at: 15-07-2026 09:22:32 AM [] []
[2026-07-15 09:22:49] SlimMonoLogger.INFO: Cron ran at: 15-07-2026 09:22:49 AM [] []
[2026-07-15 09:22:53] SlimMonoLogger.INFO: Cron ran at: 15-07-2026 09:22:53 AM [] []
[2026-07-15 09:22:54] SlimMonoLogger.INFO: Cron ran at: 15-07-2026 09:22:54 AM [] []
[2026-07-15 09:23:24] SlimMonoLogger.INFO: Cron ran at: 15-07-2026 09:23:24 AM [] []
[2026-07-15 09:23:46] SlimMonoLogger.INFO: Cron ran at: 15-07-2026 09:23:46 AM [] []
[2026-07-15 09:23:55] SlimMonoLogger.INFO: Cron ran at: 15-07-2026 09:23:55 AM [] []
[2026-07-15 09:23:55] SlimMonoLogger.INFO: Cron ran at: 15-07-2026 09:23:55 AM [] []
[2026-07-15 09:24:23] SlimMonoLogger.INFO: Cron ran at: 15-07-2026 09:24:23 AM [] []
[2026-07-15 09:24:48] SlimMonoLogger.INFO: Cron ran at: 15-07-2026 09:24:48 AM [] []
[2026-07-15 09:24:53] SlimMonoLogger.INFO: Cron ran at: 15-07-2026 09:24:53 AM [] []
[2026-07-15 09:24:55] SlimMonoLogger.INFO: Cron ran at: 15-07-2026 09:24:55 AM [] []
[2026-07-15 09:25:17] SlimMonoLogger.INFO: Cron ran at: 15-07-2026 09:25:17 AM [] []
[2026-07-15 09:25:59] SlimMonoLogger.INFO: Cron ran at: 15-07-2026 09:25:59 AM [] []
[2026-07-15 09:26:01] SlimMonoLogger.INFO: Cron ran at: 15-07-2026 09:26:01 AM [] []
[2026-07-15 09:26:12] SlimMonoLogger.INFO: Cron ran at: 15-07-2026 09:26:12 AM [] []
[2026-07-15 09:26:23] SlimMonoLogger.INFO: Cron ran at: 15-07-2026 09:26:23 AM [] []
[2026-07-15 09:27:00] SlimMonoLogger.INFO: Cron ran at: 15-07-2026 09:27:00 AM [] []
[2026-07-15 09:27:00] SlimMonoLogger.INFO: Cron ran at: 15-07-2026 09:27:00 AM [] []
[2026-07-15 09:27:01] SlimMonoLogger.INFO: Cron ran at: 15-07-2026 09:27:01 AM [] []
[2026-07-15 09:27:13] SlimMonoLogger.INFO: Cron ran at: 15-07-2026 09:27:13 AM [] []
[2026-07-15 09:28:16] SlimMonoLogger.INFO: Cron ran at: 15-07-2026 09:28:16 AM [] []
[2026-07-15 09:28:16] SlimMonoLogger.INFO: Cron ran at: 15-07-2026 09:28:16 AM [] []
[2026-07-15 09:28:17] SlimMonoLogger.INFO: Cron ran at: 15-07-2026 09:28:17 AM [] []
[2026-07-15 09:28:17] SlimMonoLogger.INFO: Cron ran at: 15-07-2026 09:28:17 AM [] []
[2026-07-15 09:28:57] SlimMonoLogger.INFO: Cron ran at: 15-07-2026 09:28:57 AM [] []
[2026-07-15 09:28:57] SlimMonoLogger.INFO: Cron ran at: 15-07-2026 09:28:57 AM [] []
[2026-07-15 09:28:58] SlimMonoLogger.INFO: Cron ran at: 15-07-2026 09:28:58 AM [] []
[2026-07-15 09:29:01] SlimMonoLogger.INFO: Cron ran at: 15-07-2026 09:29:01 AM [] []
[2026-07-15 09:29:50] SlimMonoLogger.INFO: Cron ran at: 15-07-2026 09:29:50 AM [] []
[2026-07-15 09:29:55] SlimMonoLogger.INFO: Cron ran at: 15-07-2026 09:29:55 AM [] []
[2026-07-15 09:29:57] SlimMonoLogger.INFO: Cron ran at: 15-07-2026 09:29:57 AM [] []
[2026-07-15 09:29:57] SlimMonoLogger.INFO: Cron ran at: 15-07-2026 09:29:57 AM [] []
[2026-07-15 09:30:55] SlimMonoLogger.INFO: Cron ran at: 15-07-2026 09:30:55 AM [] []
[2026-07-15 09:31:05] SlimMonoLogger.INFO: Cron ran at: 15-07-2026 09:31:05 AM [] []
[2026-07-15 09:31:06] SlimMonoLogger.INFO: Cron ran at: 15-07-2026 09:31:06 AM [] []
[2026-07-15 09:31:51] SlimMonoLogger.INFO: Cron ran at: 15-07-2026 09:31:51 AM [] []
[2026-07-15 09:32:00] SlimMonoLogger.INFO: Cron ran at: 15-07-2026 09:32:00 AM [] []
[2026-07-15 09:32:00] SlimMonoLogger.INFO: Cron ran at: 15-07-2026 09:32:00 AM [] []
[2026-07-15 09:32:01] SlimMonoLogger.INFO: Cron ran at: 15-07-2026 09:32:01 AM [] []
[2026-07-15 09:32:48] SlimMonoLogger.INFO: Cron ran at: 15-07-2026 09:32:48 AM [] []
[2026-07-15 09:32:53] SlimMonoLogger.INFO: Cron ran at: 15-07-2026 09:32:53 AM [] []
[2026-07-15 09:33:06] SlimMonoLogger.INFO: Cron ran at: 15-07-2026 09:33:06 AM [] []
[2026-07-15 09:33:06] SlimMonoLogger.INFO: Cron ran at: 15-07-2026 09:33:06 AM [] []
[2026-07-15 09:33:42] SlimMonoLogger.INFO: Cron ran at: 15-07-2026 09:33:42 AM [] []
[2026-07-15 09:33:44] SlimMonoLogger.INFO: Cron ran at: 15-07-2026 09:33:44 AM [] []
[2026-07-15 09:34:03] SlimMonoLogger.INFO: Cron ran at: 15-07-2026 09:34:03 AM [] []
[2026-07-15 09:34:03] SlimMonoLogger.INFO: Cron ran at: 15-07-2026 09:34:03 AM [] []
[2026-07-15 09:34:37] SlimMonoLogger.INFO: Cron ran at: 15-07-2026 09:34:37 AM [] []
[2026-07-15 09:34:38] SlimMonoLogger.INFO: Cron ran at: 15-07-2026 09:34:38 AM [] []
[2026-07-15 09:35:00] SlimMonoLogger.INFO: Cron ran at: 15-07-2026 09:35:00 AM [] []
[2026-07-15 09:35:00] SlimMonoLogger.INFO: Cron ran at: 15-07-2026 09:35:00 AM [] []
[2026-07-15 09:35:33] SlimMonoLogger.INFO: Cron ran at: 15-07-2026 09:35:33 AM [] []
[2026-07-15 09:35:37] SlimMonoLogger.INFO: Cron ran at: 15-07-2026 09:35:37 AM [] []
[2026-07-15 09:36:07] SlimMonoLogger.INFO: Cron ran at: 15-07-2026 09:36:07 AM [] []
[2026-07-15 09:36:27] SlimMonoLogger.INFO: Cron ran at: 15-07-2026 09:36:27 AM [] []
[2026-07-15 09:36:43] SlimMonoLogger.INFO: Cron ran at: 15-07-2026 09:36:43 AM [] []
[2026-07-15 09:37:03] SlimMonoLogger.INFO: Cron ran at: 15-07-2026 09:37:03 AM [] []
[2026-07-15 09:37:03] SlimMonoLogger.INFO: Cron ran at: 15-07-2026 09:37:03 AM [] []
[2026-07-15 09:37:19] SlimMonoLogger.INFO: Cron ran at: 15-07-2026 09:37:19 AM [] []
[2026-07-15 09:38:54] SlimMonoLogger.INFO: Cron ran at: 15-07-2026 09:38:54 AM [] []
[2026-07-15 09:38:56] SlimMonoLogger.INFO: Cron ran at: 15-07-2026 09:38:56 AM [] []
[2026-07-15 09:42:00] SlimMonoLogger.INFO: Cron ran at: 15-07-2026 09:42:00 AM [] []
[2026-07-15 09:42:46] SlimMonoLogger.INFO: Cron ran at: 15-07-2026 09:42:46 AM [] []
[2026-07-15 09:43:36] SlimMonoLogger.INFO: Cron ran at: 15-07-2026 09:43:36 AM [] []
[2026-07-15 09:44:27] SlimMonoLogger.INFO: Cron ran at: 15-07-2026 09:44:27 AM [] []
[2026-07-15 09:45:21] SlimMonoLogger.INFO: Cron ran at: 15-07-2026 09:45:21 AM [] []
[2026-07-15 09:46:23] SlimMonoLogger.INFO: Cron ran at: 15-07-2026 09:46:23 AM [] []
[2026-07-15 09:46:55] SlimMonoLogger.INFO: Cron ran at: 15-07-2026 09:46:55 AM [] []
[2026-07-15 09:47:14] SlimMonoLogger.INFO: Cron ran at: 15-07-2026 09:47:14 AM [] []
[2026-07-15 09:47:47] SlimMonoLogger.INFO: Cron ran at: 15-07-2026 09:47:47 AM [] []
[2026-07-15 09:48:25] SlimMonoLogger.INFO: Cron ran at: 15-07-2026 09:48:25 AM [] []
[2026-07-15 09:48:38] SlimMonoLogger.INFO: Cron ran at: 15-07-2026 09:48:38 AM [] []
[2026-07-15 09:49:08] SlimMonoLogger.INFO: Cron ran at: 15-07-2026 09:49:08 AM [] []
[2026-07-15 09:49:45] SlimMonoLogger.INFO: Cron ran at: 15-07-2026 09:49:45 AM [] []
[2026-07-15 09:50:18] SlimMonoLogger.INFO: Cron ran at: 15-07-2026 09:50:18 AM [] []
[2026-07-15 09:50:27] SlimMonoLogger.INFO: Cron ran at: 15-07-2026 09:50:27 AM [] []
[2026-07-15 09:51:15] SlimMonoLogger.INFO: Cron ran at: 15-07-2026 09:51:15 AM [] []
[2026-07-15 09:51:23] SlimMonoLogger.INFO: Cron ran at: 15-07-2026 09:51:23 AM [] []
[2026-07-15 09:52:04] SlimMonoLogger.INFO: Cron ran at: 15-07-2026 09:52:04 AM [] []
[2026-07-15 09:52:08] SlimMonoLogger.INFO: Cron ran at: 15-07-2026 09:52:08 AM [] []
[2026-07-15 09:52:16] SlimMonoLogger.INFO: Cron ran at: 15-07-2026 09:52:16 AM [] []
[2026-07-15 09:52:54] SlimMonoLogger.INFO: Cron ran at: 15-07-2026 09:52:54 AM [] []
[2026-07-15 09:53:13] SlimMonoLogger.INFO: Cron ran at: 15-07-2026 09:53:13 AM [] []
[2026-07-15 09:53:15] SlimMonoLogger.INFO: Cron ran at: 15-07-2026 09:53:15 AM [] []
[2026-07-15 09:53:47] SlimMonoLogger.INFO: Cron ran at: 15-07-2026 09:53:47 AM [] []
[2026-07-15 09:54:09] SlimMonoLogger.INFO: Cron ran at: 15-07-2026 09:54:09 AM [] []
[2026-07-15 09:54:11] SlimMonoLogger.INFO: Cron ran at: 15-07-2026 09:54:11 AM [] []
[2026-07-15 09:54:38] SlimMonoLogger.INFO: Cron ran at: 15-07-2026 09:54:38 AM [] []
[2026-07-15 09:55:07] SlimMonoLogger.INFO: Cron ran at: 15-07-2026 09:55:07 AM [] []
[2026-07-15 09:55:07] SlimMonoLogger.INFO: Cron ran at: 15-07-2026 09:55:07 AM [] []
[2026-07-15 09:55:29] SlimMonoLogger.INFO: Cron ran at: 15-07-2026 09:55:29 AM [] []
[2026-07-15 09:56:09] SlimMonoLogger.INFO: Cron ran at: 15-07-2026 09:56:09 AM [] []
[2026-07-15 09:56:12] SlimMonoLogger.INFO: Cron ran at: 15-07-2026 09:56:12 AM [] []
[2026-07-15 09:57:51] SlimMonoLogger.INFO: Cron ran at: 15-07-2026 09:57:51 AM [] []
[2026-07-15 10:02:36] SlimMonoLogger.INFO: Cron ran at: 15-07-2026 10:02:36 AM [] []
[2026-07-15 10:03:17] SlimMonoLogger.INFO: Cron ran at: 15-07-2026 10:03:17 AM [] []
[2026-07-15 10:04:12] SlimMonoLogger.INFO: Cron ran at: 15-07-2026 10:04:12 AM [] []
[2026-07-15 10:04:57] SlimMonoLogger.INFO: Cron ran at: 15-07-2026 10:04:57 AM [] []
[2026-07-15 10:05:52] SlimMonoLogger.INFO: Cron ran at: 15-07-2026 10:05:52 AM [] []
[2026-07-15 10:06:52] SlimMonoLogger.INFO: Cron ran at: 15-07-2026 10:06:52 AM [] []
[2026-07-15 10:07:16] SlimMonoLogger.INFO: Cron ran at: 15-07-2026 10:07:16 AM [] []
[2026-07-15 10:07:44] SlimMonoLogger.INFO: Cron ran at: 15-07-2026 10:07:44 AM [] []
[2026-07-15 10:08:10] SlimMonoLogger.INFO: Cron ran at: 15-07-2026 10:08:10 AM [] []
[2026-07-15 10:08:35] SlimMonoLogger.INFO: Cron ran at: 15-07-2026 10:08:35 AM [] []
[2026-07-15 10:08:58] SlimMonoLogger.INFO: Cron ran at: 15-07-2026 10:08:58 AM [] []
[2026-07-15 10:09:35] SlimMonoLogger.INFO: Cron ran at: 15-07-2026 10:09:35 AM [] []
[2026-07-15 10:10:04] SlimMonoLogger.INFO: Cron ran at: 15-07-2026 10:10:04 AM [] []
[2026-07-15 10:10:37] SlimMonoLogger.INFO: Cron ran at: 15-07-2026 10:10:37 AM [] []
[2026-07-15 10:10:49] SlimMonoLogger.INFO: Cron ran at: 15-07-2026 10:10:49 AM [] []
[2026-07-15 10:11:23] SlimMonoLogger.INFO: Cron ran at: 15-07-2026 10:11:23 AM [] []
[2026-07-15 10:11:33] SlimMonoLogger.INFO: Cron ran at: 15-07-2026 10:11:33 AM [] []
[2026-07-15 10:12:11] SlimMonoLogger.INFO: Cron ran at: 15-07-2026 10:12:11 AM [] []
[2026-07-15 10:12:26] SlimMonoLogger.INFO: Cron ran at: 15-07-2026 10:12:26 AM [] []
[2026-07-15 10:12:30] SlimMonoLogger.INFO: Cron ran at: 15-07-2026 10:12:30 AM [] []
[2026-07-15 10:12:55] SlimMonoLogger.INFO: Cron ran at: 15-07-2026 10:12:55 AM [] []
[2026-07-15 10:13:27] SlimMonoLogger.INFO: Cron ran at: 15-07-2026 10:13:27 AM [] []
[2026-07-15 10:13:39] SlimMonoLogger.INFO: Cron ran at: 15-07-2026 10:13:39 AM [] []
[2026-07-15 10:13:45] SlimMonoLogger.INFO: Cron ran at: 15-07-2026 10:13:45 AM [] []
[2026-07-15 10:14:33] SlimMonoLogger.INFO: Cron ran at: 15-07-2026 10:14:33 AM [] []
[2026-07-15 10:14:38] SlimMonoLogger.INFO: Cron ran at: 15-07-2026 10:14:38 AM [] []
[2026-07-15 10:14:41] SlimMonoLogger.INFO: Cron ran at: 15-07-2026 10:14:41 AM [] []
[2026-07-15 10:15:24] SlimMonoLogger.INFO: Cron ran at: 15-07-2026 10:15:24 AM [] []
[2026-07-15 10:15:24] SlimMonoLogger.INFO: Cron ran at: 15-07-2026 10:15:24 AM [] []
[2026-07-15 10:15:27] SlimMonoLogger.INFO: Cron ran at: 15-07-2026 10:15:27 AM [] []
[2026-07-15 10:16:23] SlimMonoLogger.INFO: Cron ran at: 15-07-2026 10:16:23 AM [] []
[2026-07-15 10:16:24] SlimMonoLogger.INFO: Cron ran at: 15-07-2026 10:16:24 AM [] []
[2026-07-15 10:16:24] SlimMonoLogger.INFO: Cron ran at: 15-07-2026 10:16:24 AM [] []
[2026-07-15 10:16:24] SlimMonoLogger.INFO: Cron ran at: 15-07-2026 10:16:24 AM [] []
[2026-07-15 10:17:17] SlimMonoLogger.INFO: Cron ran at: 15-07-2026 10:17:17 AM [] []
[2026-07-15 10:17:19] SlimMonoLogger.INFO: Cron ran at: 15-07-2026 10:17:19 AM [] []
[2026-07-15 10:17:20] SlimMonoLogger.INFO: Cron ran at: 15-07-2026 10:17:20 AM [] []
[2026-07-15 10:17:22] SlimMonoLogger.INFO: Cron ran at: 15-07-2026 10:17:22 AM [] []
[2026-07-15 10:18:21] SlimMonoLogger.INFO: Cron ran at: 15-07-2026 10:18:21 AM [] []
[2026-07-15 10:18:22] SlimMonoLogger.INFO: Cron ran at: 15-07-2026 10:18:22 AM [] []
[2026-07-15 10:18:26] SlimMonoLogger.INFO: Cron ran at: 15-07-2026 10:18:26 AM [] []
[2026-07-15 10:18:32] SlimMonoLogger.INFO: Cron ran at: 15-07-2026 10:18:32 AM [] []
[2026-07-15 10:19:08] SlimMonoLogger.INFO: Cron ran at: 15-07-2026 10:19:08 AM [] []
[2026-07-15 10:19:11] SlimMonoLogger.INFO: Cron ran at: 15-07-2026 10:19:11 AM [] []
[2026-07-15 10:19:23] SlimMonoLogger.INFO: Cron ran at: 15-07-2026 10:19:23 AM [] []
[2026-07-15 10:19:24] SlimMonoLogger.INFO: Cron ran at: 15-07-2026 10:19:24 AM [] []
[2026-07-15 10:20:01] SlimMonoLogger.INFO: Cron ran at: 15-07-2026 10:20:01 AM [] []
[2026-07-15 10:20:16] SlimMonoLogger.INFO: Cron ran at: 15-07-2026 10:20:16 AM [] []
[2026-07-15 10:20:22] SlimMonoLogger.INFO: Cron ran at: 15-07-2026 10:20:22 AM [] []
[2026-07-15 10:20:23] SlimMonoLogger.INFO: Cron ran at: 15-07-2026 10:20:23 AM [] []
[2026-07-15 10:20:55] SlimMonoLogger.INFO: Cron ran at: 15-07-2026 10:20:55 AM [] []
[2026-07-15 10:21:18] SlimMonoLogger.INFO: Cron ran at: 15-07-2026 10:21:18 AM [] []
[2026-07-15 10:21:31] SlimMonoLogger.INFO: Cron ran at: 15-07-2026 10:21:31 AM [] []
[2026-07-15 10:21:39] SlimMonoLogger.INFO: Cron ran at: 15-07-2026 10:21:39 AM [] []
[2026-07-15 10:21:59] SlimMonoLogger.INFO: Cron ran at: 15-07-2026 10:21:59 AM [] []
[2026-07-15 10:22:16] SlimMonoLogger.INFO: Cron ran at: 15-07-2026 10:22:16 AM [] []
[2026-07-15 10:22:17] SlimMonoLogger.INFO: Cron ran at: 15-07-2026 10:22:17 AM [] []
[2026-07-15 10:22:23] SlimMonoLogger.INFO: Cron ran at: 15-07-2026 10:22:23 AM [] []
[2026-07-15 10:22:47] SlimMonoLogger.INFO: Cron ran at: 15-07-2026 10:22:47 AM [] []
[2026-07-15 10:23:10] SlimMonoLogger.INFO: Cron ran at: 15-07-2026 10:23:10 AM [] []
[2026-07-15 10:23:18] SlimMonoLogger.INFO: Cron ran at: 15-07-2026 10:23:18 AM [] []
[2026-07-15 10:23:29] SlimMonoLogger.INFO: Cron ran at: 15-07-2026 10:23:29 AM [] []
[2026-07-15 10:23:49] SlimMonoLogger.INFO: Cron ran at: 15-07-2026 10:23:49 AM [] []
[2026-07-15 10:24:01] SlimMonoLogger.INFO: Cron ran at: 15-07-2026 10:24:01 AM [] []
[2026-07-15 10:24:22] SlimMonoLogger.INFO: Cron ran at: 15-07-2026 10:24:22 AM [] []
[2026-07-15 10:24:24] SlimMonoLogger.INFO: Cron ran at: 15-07-2026 10:24:24 AM [] []
[2026-07-15 10:24:46] SlimMonoLogger.INFO: Cron ran at: 15-07-2026 10:24:46 AM [] []
[2026-07-15 10:25:01] SlimMonoLogger.INFO: Cron ran at: 15-07-2026 10:25:01 AM [] []
[2026-07-15 10:25:19] SlimMonoLogger.INFO: Cron ran at: 15-07-2026 10:25:19 AM [] []
[2026-07-15 10:25:25] SlimMonoLogger.INFO: Cron ran at: 15-07-2026 10:25:25 AM [] []
[2026-07-15 10:25:46] SlimMonoLogger.INFO: Cron ran at: 15-07-2026 10:25:46 AM [] []
[2026-07-15 10:25:48] SlimMonoLogger.INFO: Cron ran at: 15-07-2026 10:25:48 AM [] []
[2026-07-15 10:26:22] SlimMonoLogger.INFO: Cron ran at: 15-07-2026 10:26:22 AM [] []
[2026-07-15 10:26:40] SlimMonoLogger.INFO: Cron ran at: 15-07-2026 10:26:40 AM [] []
[2026-07-15 10:26:46] SlimMonoLogger.INFO: Cron ran at: 15-07-2026 10:26:46 AM [] []
[2026-07-15 10:26:47] SlimMonoLogger.INFO: Cron ran at: 15-07-2026 10:26:47 AM [] []
[2026-07-15 10:27:23] SlimMonoLogger.INFO: Cron ran at: 15-07-2026 10:27:23 AM [] []
[2026-07-15 10:27:26] SlimMonoLogger.INFO: Cron ran at: 15-07-2026 10:27:26 AM [] []
[2026-07-15 10:27:44] SlimMonoLogger.INFO: Cron ran at: 15-07-2026 10:27:44 AM [] []
[2026-07-15 10:27:46] SlimMonoLogger.INFO: Cron ran at: 15-07-2026 10:27:46 AM [] []
[2026-07-15 10:28:16] SlimMonoLogger.INFO: Cron ran at: 15-07-2026 10:28:16 AM [] []
[2026-07-15 10:28:29] SlimMonoLogger.INFO: Cron ran at: 15-07-2026 10:28:29 AM [] []
[2026-07-15 10:28:44] SlimMonoLogger.INFO: Cron ran at: 15-07-2026 10:28:44 AM [] []
[2026-07-15 10:28:44] SlimMonoLogger.INFO: Cron ran at: 15-07-2026 10:28:44 AM [] []
[2026-07-15 10:29:16] SlimMonoLogger.INFO: Cron ran at: 15-07-2026 10:29:16 AM [] []
[2026-07-15 10:29:18] SlimMonoLogger.INFO: Cron ran at: 15-07-2026 10:29:18 AM [] []
[2026-07-15 10:29:43] SlimMonoLogger.INFO: Cron ran at: 15-07-2026 10:29:43 AM [] []
[2026-07-15 10:29:45] SlimMonoLogger.INFO: Cron ran at: 15-07-2026 10:29:45 AM [] []
[2026-07-15 10:30:08] SlimMonoLogger.INFO: Cron ran at: 15-07-2026 10:30:08 AM [] []
[2026-07-15 10:30:20] SlimMonoLogger.INFO: Cron ran at: 15-07-2026 10:30:20 AM [] []
[2026-07-15 10:30:42] SlimMonoLogger.INFO: Cron ran at: 15-07-2026 10:30:42 AM [] []
[2026-07-15 10:30:46] SlimMonoLogger.INFO: Cron ran at: 15-07-2026 10:30:46 AM [] []
[2026-07-15 10:31:02] SlimMonoLogger.INFO: Cron ran at: 15-07-2026 10:31:02 AM [] []
[2026-07-15 10:31:45] SlimMonoLogger.INFO: Cron ran at: 15-07-2026 10:31:45 AM [] []
[2026-07-15 10:31:48] SlimMonoLogger.INFO: Cron ran at: 15-07-2026 10:31:48 AM [] []
[2026-07-15 10:31:49] SlimMonoLogger.INFO: Cron ran at: 15-07-2026 10:31:49 AM [] []
[2026-07-15 10:32:08] SlimMonoLogger.INFO: Cron ran at: 15-07-2026 10:32:08 AM [] []
[2026-07-15 10:32:34] SlimMonoLogger.INFO: Cron ran at: 15-07-2026 10:32:34 AM [] []
[2026-07-15 10:32:41] SlimMonoLogger.INFO: Cron ran at: 15-07-2026 10:32:41 AM [] []
[2026-07-15 10:32:45] SlimMonoLogger.INFO: Cron ran at: 15-07-2026 10:32:45 AM [] []
[2026-07-15 10:33:02] SlimMonoLogger.INFO: Cron ran at: 15-07-2026 10:33:02 AM [] []
[2026-07-15 10:33:24] SlimMonoLogger.INFO: Cron ran at: 15-07-2026 10:33:24 AM [] []
[2026-07-15 10:33:45] SlimMonoLogger.INFO: Cron ran at: 15-07-2026 10:33:45 AM [] []
[2026-07-15 10:33:46] SlimMonoLogger.INFO: Cron ran at: 15-07-2026 10:33:46 AM [] []
[2026-07-15 10:33:54] SlimMonoLogger.INFO: Cron ran at: 15-07-2026 10:33:54 AM [] []
[2026-07-15 10:34:19] SlimMonoLogger.INFO: Cron ran at: 15-07-2026 10:34:19 AM [] []
[2026-07-15 10:34:37] SlimMonoLogger.INFO: Cron ran at: 15-07-2026 10:34:37 AM [] []
[2026-07-15 10:34:46] SlimMonoLogger.INFO: Cron ran at: 15-07-2026 10:34:46 AM [] []
[2026-07-15 10:34:54] SlimMonoLogger.INFO: Cron ran at: 15-07-2026 10:34:54 AM [] []
[2026-07-15 10:35:09] SlimMonoLogger.INFO: Cron ran at: 15-07-2026 10:35:09 AM [] []
[2026-07-15 10:35:40] SlimMonoLogger.INFO: Cron ran at: 15-07-2026 10:35:40 AM [] []
[2026-07-15 10:35:52] SlimMonoLogger.INFO: Cron ran at: 15-07-2026 10:35:52 AM [] []
[2026-07-15 10:36:07] SlimMonoLogger.INFO: Cron ran at: 15-07-2026 10:36:07 AM [] []
[2026-07-15 10:36:40] SlimMonoLogger.INFO: Cron ran at: 15-07-2026 10:36:40 AM [] []
[2026-07-15 10:36:41] SlimMonoLogger.INFO: Cron ran at: 15-07-2026 10:36:41 AM [] []
[2026-07-15 10:36:51] SlimMonoLogger.INFO: Cron ran at: 15-07-2026 10:36:51 AM [] []
[2026-07-15 10:37:01] SlimMonoLogger.INFO: Cron ran at: 15-07-2026 10:37:01 AM [] []
[2026-07-15 10:37:27] SlimMonoLogger.INFO: Cron ran at: 15-07-2026 10:37:27 AM [] []
[2026-07-15 10:37:45] SlimMonoLogger.INFO: Cron ran at: 15-07-2026 10:37:45 AM [] []
[2026-07-15 10:37:59] SlimMonoLogger.INFO: Cron ran at: 15-07-2026 10:37:59 AM [] []
[2026-07-15 10:38:01] SlimMonoLogger.INFO: Cron ran at: 15-07-2026 10:38:01 AM [] []
[2026-07-15 10:38:23] SlimMonoLogger.INFO: Cron ran at: 15-07-2026 10:38:23 AM [] []
[2026-07-15 10:38:41] SlimMonoLogger.INFO: Cron ran at: 15-07-2026 10:38:41 AM [] []
[2026-07-15 10:38:52] SlimMonoLogger.INFO: Cron ran at: 15-07-2026 10:38:52 AM [] []
[2026-07-15 10:38:54] SlimMonoLogger.INFO: Cron ran at: 15-07-2026 10:38:54 AM [] []
[2026-07-15 10:39:16] SlimMonoLogger.INFO: Cron ran at: 15-07-2026 10:39:16 AM [] []
[2026-07-15 10:39:40] SlimMonoLogger.INFO: Cron ran at: 15-07-2026 10:39:40 AM [] []
[2026-07-15 10:39:53] SlimMonoLogger.INFO: Cron ran at: 15-07-2026 10:39:53 AM [] []
[2026-07-15 10:39:55] SlimMonoLogger.INFO: Cron ran at: 15-07-2026 10:39:55 AM [] []
[2026-07-15 10:40:09] SlimMonoLogger.INFO: Cron ran at: 15-07-2026 10:40:09 AM [] []
[2026-07-15 10:40:55] SlimMonoLogger.INFO: Cron ran at: 15-07-2026 10:40:55 AM [] []
[2026-07-15 10:40:56] SlimMonoLogger.INFO: Cron ran at: 15-07-2026 10:40:56 AM [] []
[2026-07-15 10:41:04] SlimMonoLogger.INFO: Cron ran at: 15-07-2026 10:41:04 AM [] []
[2026-07-15 10:41:32] SlimMonoLogger.INFO: Cron ran at: 15-07-2026 10:41:32 AM [] []
[2026-07-15 10:41:51] SlimMonoLogger.INFO: Cron ran at: 15-07-2026 10:41:51 AM [] []
[2026-07-15 10:41:51] SlimMonoLogger.INFO: Cron ran at: 15-07-2026 10:41:51 AM [] []
[2026-07-15 10:42:03] SlimMonoLogger.INFO: Cron ran at: 15-07-2026 10:42:03 AM [] []
[2026-07-15 10:42:28] SlimMonoLogger.INFO: Cron ran at: 15-07-2026 10:42:28 AM [] []
[2026-07-15 10:42:51] SlimMonoLogger.INFO: Cron ran at: 15-07-2026 10:42:51 AM [] []
[2026-07-15 10:42:51] SlimMonoLogger.INFO: Cron ran at: 15-07-2026 10:42:51 AM [] []
[2026-07-15 10:43:00] SlimMonoLogger.INFO: Cron ran at: 15-07-2026 10:43:00 AM [] []
[2026-07-15 10:43:15] SlimMonoLogger.INFO: Cron ran at: 15-07-2026 10:43:15 AM [] []
[2026-07-15 10:43:53] SlimMonoLogger.INFO: Cron ran at: 15-07-2026 10:43:53 AM [] []
[2026-07-15 10:44:01] SlimMonoLogger.INFO: Cron ran at: 15-07-2026 10:44:01 AM [] []
[2026-07-15 10:44:05] SlimMonoLogger.INFO: Cron ran at: 15-07-2026 10:44:05 AM [] []
[2026-07-15 10:44:16] SlimMonoLogger.INFO: Cron ran at: 15-07-2026 10:44:16 AM [] []
[2026-07-15 10:44:50] SlimMonoLogger.INFO: Cron ran at: 15-07-2026 10:44:50 AM [] []
[2026-07-15 10:44:51] SlimMonoLogger.INFO: Cron ran at: 15-07-2026 10:44:51 AM [] []
[2026-07-15 10:44:51] SlimMonoLogger.INFO: Cron ran at: 15-07-2026 10:44:51 AM [] []
[2026-07-15 10:45:02] SlimMonoLogger.INFO: Cron ran at: 15-07-2026 10:45:02 AM [] []
[2026-07-15 10:45:54] SlimMonoLogger.INFO: Cron ran at: 15-07-2026 10:45:54 AM [] []
[2026-07-15 10:45:56] SlimMonoLogger.INFO: Cron ran at: 15-07-2026 10:45:56 AM [] []
[2026-07-15 10:46:00] SlimMonoLogger.INFO: Cron ran at: 15-07-2026 10:46:00 AM [] []
[2026-07-15 10:46:56] SlimMonoLogger.INFO: Cron ran at: 15-07-2026 10:46:56 AM [] []
[2026-07-15 10:46:57] SlimMonoLogger.INFO: Cron ran at: 15-07-2026 10:46:57 AM [] []
[2026-07-15 10:46:57] SlimMonoLogger.INFO: Cron ran at: 15-07-2026 10:46:57 AM [] []
[2026-07-15 10:47:17] SlimMonoLogger.INFO: Cron ran at: 15-07-2026 10:47:17 AM [] []
[2026-07-15 10:47:52] SlimMonoLogger.INFO: Cron ran at: 15-07-2026 10:47:52 AM [] []
[2026-07-15 10:47:52] SlimMonoLogger.INFO: Cron ran at: 15-07-2026 10:47:52 AM [] []
[2026-07-15 10:47:54] SlimMonoLogger.INFO: Cron ran at: 15-07-2026 10:47:54 AM [] []
[2026-07-15 10:48:12] SlimMonoLogger.INFO: Cron ran at: 15-07-2026 10:48:12 AM [] []
[2026-07-15 10:48:50] SlimMonoLogger.INFO: Cron ran at: 15-07-2026 10:48:50 AM [] []
[2026-07-15 10:48:52] SlimMonoLogger.INFO: Cron ran at: 15-07-2026 10:48:52 AM [] []
[2026-07-15 10:48:52] SlimMonoLogger.INFO: Cron ran at: 15-07-2026 10:48:52 AM [] []
[2026-07-15 10:49:02] SlimMonoLogger.INFO: Cron ran at: 15-07-2026 10:49:02 AM [] []
[2026-07-15 10:49:56] SlimMonoLogger.INFO: Cron ran at: 15-07-2026 10:49:56 AM [] []
[2026-07-15 10:49:56] SlimMonoLogger.INFO: Cron ran at: 15-07-2026 10:49:56 AM [] []
[2026-07-15 10:49:56] SlimMonoLogger.INFO: Cron ran at: 15-07-2026 10:49:56 AM [] []
[2026-07-15 10:49:56] SlimMonoLogger.INFO: Cron ran at: 15-07-2026 10:49:56 AM [] []
[2026-07-15 10:50:50] SlimMonoLogger.INFO: Cron ran at: 15-07-2026 10:50:50 AM [] []
[2026-07-15 10:50:50] SlimMonoLogger.INFO: Cron ran at: 15-07-2026 10:50:50 AM [] []
[2026-07-15 10:50:53] SlimMonoLogger.INFO: Cron ran at: 15-07-2026 10:50:53 AM [] []
[2026-07-15 10:51:44] SlimMonoLogger.INFO: Cron ran at: 15-07-2026 10:51:44 AM [] []
[2026-07-15 10:51:50] SlimMonoLogger.INFO: Cron ran at: 15-07-2026 10:51:50 AM [] []
[2026-07-15 10:51:54] SlimMonoLogger.INFO: Cron ran at: 15-07-2026 10:51:54 AM [] []
[2026-07-15 10:52:11] SlimMonoLogger.INFO: Cron ran at: 15-07-2026 10:52:11 AM [] []
[2026-07-15 10:52:45] SlimMonoLogger.INFO: Cron ran at: 15-07-2026 10:52:45 AM [] []
[2026-07-15 10:52:52] SlimMonoLogger.INFO: Cron ran at: 15-07-2026 10:52:52 AM [] []
[2026-07-15 10:52:52] SlimMonoLogger.INFO: Cron ran at: 15-07-2026 10:52:52 AM [] []
[2026-07-15 10:52:53] SlimMonoLogger.INFO: Cron ran at: 15-07-2026 10:52:53 AM [] []
[2026-07-15 10:53:41] SlimMonoLogger.INFO: Cron ran at: 15-07-2026 10:53:41 AM [] []
[2026-07-15 10:53:50] SlimMonoLogger.INFO: Cron ran at: 15-07-2026 10:53:50 AM [] []
[2026-07-15 10:53:50] SlimMonoLogger.INFO: Cron ran at: 15-07-2026 10:53:50 AM [] []
[2026-07-15 10:53:54] SlimMonoLogger.INFO: Cron ran at: 15-07-2026 10:53:54 AM [] []
[2026-07-15 10:54:40] SlimMonoLogger.INFO: Cron ran at: 15-07-2026 10:54:40 AM [] []
[2026-07-15 10:54:40] SlimMonoLogger.INFO: Cron ran at: 15-07-2026 10:54:40 AM [] []
[2026-07-15 10:54:47] SlimMonoLogger.INFO: Cron ran at: 15-07-2026 10:54:47 AM [] []
[2026-07-15 10:54:54] SlimMonoLogger.INFO: Cron ran at: 15-07-2026 10:54:54 AM [] []
[2026-07-15 10:55:36] SlimMonoLogger.INFO: Cron ran at: 15-07-2026 10:55:36 AM [] []
[2026-07-15 10:55:38] SlimMonoLogger.INFO: Cron ran at: 15-07-2026 10:55:38 AM [] []
[2026-07-15 10:55:50] SlimMonoLogger.INFO: Cron ran at: 15-07-2026 10:55:50 AM [] []
[2026-07-15 10:56:35] SlimMonoLogger.INFO: Cron ran at: 15-07-2026 10:56:35 AM [] []
[2026-07-15 10:56:38] SlimMonoLogger.INFO: Cron ran at: 15-07-2026 10:56:38 AM [] []
[2026-07-15 10:56:51] SlimMonoLogger.INFO: Cron ran at: 15-07-2026 10:56:51 AM [] []
[2026-07-15 10:57:04] SlimMonoLogger.INFO: Cron ran at: 15-07-2026 10:57:04 AM [] []
[2026-07-15 10:57:24] SlimMonoLogger.INFO: Cron ran at: 15-07-2026 10:57:24 AM [] []
[2026-07-15 10:57:38] SlimMonoLogger.INFO: Cron ran at: 15-07-2026 10:57:38 AM [] []
[2026-07-15 10:57:49] SlimMonoLogger.INFO: Cron ran at: 15-07-2026 10:57:49 AM [] []
[2026-07-15 10:57:55] SlimMonoLogger.INFO: Cron ran at: 15-07-2026 10:57:55 AM [] []
[2026-07-15 10:58:24] SlimMonoLogger.INFO: Cron ran at: 15-07-2026 10:58:24 AM [] []
[2026-07-15 10:58:35] SlimMonoLogger.INFO: Cron ran at: 15-07-2026 10:58:35 AM [] []
[2026-07-15 10:58:52] SlimMonoLogger.INFO: Cron ran at: 15-07-2026 10:58:52 AM [] []
[2026-07-15 10:58:52] SlimMonoLogger.INFO: Cron ran at: 15-07-2026 10:58:52 AM [] []
[2026-07-15 10:59:19] SlimMonoLogger.INFO: Cron ran at: 15-07-2026 10:59:19 AM [] []
[2026-07-15 10:59:35] SlimMonoLogger.INFO: Cron ran at: 15-07-2026 10:59:35 AM [] []
[2026-07-15 10:59:35] SlimMonoLogger.INFO: Cron ran at: 15-07-2026 10:59:35 AM [] []
[2026-07-15 10:59:48] SlimMonoLogger.INFO: Cron ran at: 15-07-2026 10:59:48 AM [] []
[2026-07-15 11:00:16] SlimMonoLogger.INFO: Cron ran at: 15-07-2026 11:00:16 AM [] []
[2026-07-15 11:00:40] SlimMonoLogger.INFO: Cron ran at: 15-07-2026 11:00:40 AM [] []
[2026-07-15 11:00:42] SlimMonoLogger.INFO: Cron ran at: 15-07-2026 11:00:42 AM [] []
[2026-07-15 11:01:24] SlimMonoLogger.INFO: Cron ran at: 15-07-2026 11:01:24 AM [] []
[2026-07-15 11:01:29] SlimMonoLogger.INFO: Cron ran at: 15-07-2026 11:01:29 AM [] []
[2026-07-15 11:01:33] SlimMonoLogger.INFO: Cron ran at: 15-07-2026 11:01:33 AM [] []
[2026-07-15 11:02:17] SlimMonoLogger.INFO: Cron ran at: 15-07-2026 11:02:17 AM [] []
[2026-07-15 11:02:19] SlimMonoLogger.INFO: Cron ran at: 15-07-2026 11:02:19 AM [] []
[2026-07-15 11:02:26] SlimMonoLogger.INFO: Cron ran at: 15-07-2026 11:02:26 AM [] []
[2026-07-15 11:02:36] SlimMonoLogger.INFO: Cron ran at: 15-07-2026 11:02:36 AM [] []
[2026-07-15 11:03:04] SlimMonoLogger.INFO: Cron ran at: 15-07-2026 11:03:04 AM [] []
[2026-07-15 11:03:18] SlimMonoLogger.INFO: Cron ran at: 15-07-2026 11:03:18 AM [] []
[2026-07-15 11:03:19] SlimMonoLogger.INFO: Cron ran at: 15-07-2026 11:03:19 AM [] []
[2026-07-15 11:03:33] SlimMonoLogger.INFO: Cron ran at: 15-07-2026 11:03:33 AM [] []
[2026-07-15 11:03:57] SlimMonoLogger.INFO: Cron ran at: 15-07-2026 11:03:57 AM [] []
[2026-07-15 11:04:21] SlimMonoLogger.INFO: Cron ran at: 15-07-2026 11:04:21 AM [] []
[2026-07-15 11:04:23] SlimMonoLogger.INFO: Cron ran at: 15-07-2026 11:04:23 AM [] []
[2026-07-15 11:04:32] SlimMonoLogger.INFO: Cron ran at: 15-07-2026 11:04:32 AM [] []
[2026-07-15 11:04:49] SlimMonoLogger.INFO: Cron ran at: 15-07-2026 11:04:49 AM [] []
[2026-07-15 11:05:20] SlimMonoLogger.INFO: Cron ran at: 15-07-2026 11:05:20 AM [] []
[2026-07-15 11:05:21] SlimMonoLogger.INFO: Cron ran at: 15-07-2026 11:05:21 AM [] []
[2026-07-15 11:05:39] SlimMonoLogger.INFO: Cron ran at: 15-07-2026 11:05:39 AM [] []
[2026-07-15 11:05:40] SlimMonoLogger.INFO: Cron ran at: 15-07-2026 11:05:40 AM [] []
[2026-07-15 11:06:09] SlimMonoLogger.INFO: Cron ran at: 15-07-2026 11:06:09 AM [] []
[2026-07-15 11:06:20] SlimMonoLogger.INFO: Cron ran at: 15-07-2026 11:06:20 AM [] []
[2026-07-15 11:06:40] SlimMonoLogger.INFO: Cron ran at: 15-07-2026 11:06:40 AM [] []
[2026-07-15 11:06:50] SlimMonoLogger.INFO: Cron ran at: 15-07-2026 11:06:50 AM [] []
[2026-07-15 11:07:09] SlimMonoLogger.INFO: Cron ran at: 15-07-2026 11:07:09 AM [] []
[2026-07-15 11:07:18] SlimMonoLogger.INFO: Cron ran at: 15-07-2026 11:07:18 AM [] []
[2026-07-15 11:07:34] SlimMonoLogger.INFO: Cron ran at: 15-07-2026 11:07:34 AM [] []
[2026-07-15 11:07:40] SlimMonoLogger.INFO: Cron ran at: 15-07-2026 11:07:40 AM [] []
[2026-07-15 11:08:11] SlimMonoLogger.INFO: Cron ran at: 15-07-2026 11:08:11 AM [] []
[2026-07-15 11:08:19] SlimMonoLogger.INFO: Cron ran at: 15-07-2026 11:08:19 AM [] []
[2026-07-15 11:08:34] SlimMonoLogger.INFO: Cron ran at: 15-07-2026 11:08:34 AM [] []
[2026-07-15 11:08:35] SlimMonoLogger.INFO: Cron ran at: 15-07-2026 11:08:35 AM [] []
[2026-07-15 11:09:10] SlimMonoLogger.INFO: Cron ran at: 15-07-2026 11:09:10 AM [] []
[2026-07-15 11:09:19] SlimMonoLogger.INFO: Cron ran at: 15-07-2026 11:09:19 AM [] []
[2026-07-15 11:09:28] SlimMonoLogger.INFO: Cron ran at: 15-07-2026 11:09:28 AM [] []
[2026-07-15 11:09:30] SlimMonoLogger.INFO: Cron ran at: 15-07-2026 11:09:30 AM [] []
[2026-07-15 11:10:07] SlimMonoLogger.INFO: Cron ran at: 15-07-2026 11:10:07 AM [] []
[2026-07-15 11:10:16] SlimMonoLogger.INFO: Cron ran at: 15-07-2026 11:10:16 AM [] []
[2026-07-15 11:10:17] SlimMonoLogger.INFO: Cron ran at: 15-07-2026 11:10:17 AM [] []
[2026-07-15 11:10:29] SlimMonoLogger.INFO: Cron ran at: 15-07-2026 11:10:29 AM [] []
[2026-07-15 11:11:15] SlimMonoLogger.INFO: Cron ran at: 15-07-2026 11:11:15 AM [] []
[2026-07-15 11:11:17] SlimMonoLogger.INFO: Cron ran at: 15-07-2026 11:11:17 AM [] []
[2026-07-15 11:11:31] SlimMonoLogger.INFO: Cron ran at: 15-07-2026 11:11:31 AM [] []
[2026-07-15 11:11:49] SlimMonoLogger.INFO: Cron ran at: 15-07-2026 11:11:49 AM [] []
[2026-07-15 11:12:11] SlimMonoLogger.INFO: Cron ran at: 15-07-2026 11:12:11 AM [] []
[2026-07-15 11:12:11] SlimMonoLogger.INFO: Cron ran at: 15-07-2026 11:12:11 AM [] []
[2026-07-15 11:12:29] SlimMonoLogger.INFO: Cron ran at: 15-07-2026 11:12:29 AM [] []
[2026-07-15 11:12:38] SlimMonoLogger.INFO: Cron ran at: 15-07-2026 11:12:38 AM [] []
[2026-07-15 11:13:08] SlimMonoLogger.INFO: Cron ran at: 15-07-2026 11:13:08 AM [] []
[2026-07-15 11:13:10] SlimMonoLogger.INFO: Cron ran at: 15-07-2026 11:13:10 AM [] []
[2026-07-15 11:13:27] SlimMonoLogger.INFO: Cron ran at: 15-07-2026 11:13:27 AM [] []
[2026-07-15 11:13:29] SlimMonoLogger.INFO: Cron ran at: 15-07-2026 11:13:29 AM [] []
[2026-07-15 11:14:04] SlimMonoLogger.INFO: Cron ran at: 15-07-2026 11:14:04 AM [] []
[2026-07-15 11:14:05] SlimMonoLogger.INFO: Cron ran at: 15-07-2026 11:14:05 AM [] []
[2026-07-15 11:14:19] SlimMonoLogger.INFO: Cron ran at: 15-07-2026 11:14:19 AM [] []
[2026-07-15 11:14:27] SlimMonoLogger.INFO: Cron ran at: 15-07-2026 11:14:27 AM [] []
[2026-07-15 11:15:06] SlimMonoLogger.INFO: Cron ran at: 15-07-2026 11:15:06 AM [] []
[2026-07-15 11:15:08] SlimMonoLogger.INFO: Cron ran at: 15-07-2026 11:15:08 AM [] []
[2026-07-15 11:15:16] SlimMonoLogger.INFO: Cron ran at: 15-07-2026 11:15:16 AM [] []
[2026-07-15 11:15:26] SlimMonoLogger.INFO: Cron ran at: 15-07-2026 11:15:26 AM [] []
[2026-07-15 11:16:07] SlimMonoLogger.INFO: Cron ran at: 15-07-2026 11:16:07 AM [] []
[2026-07-15 11:16:12] SlimMonoLogger.INFO: Cron ran at: 15-07-2026 11:16:12 AM [] []
[2026-07-15 11:16:30] SlimMonoLogger.INFO: Cron ran at: 15-07-2026 11:16:30 AM [] []
[2026-07-15 11:17:01] SlimMonoLogger.INFO: Cron ran at: 15-07-2026 11:17:01 AM [] []
[2026-07-15 11:17:05] SlimMonoLogger.INFO: Cron ran at: 15-07-2026 11:17:05 AM [] []
[2026-07-15 11:17:07] SlimMonoLogger.INFO: Cron ran at: 15-07-2026 11:17:07 AM [] []
[2026-07-15 11:17:35] SlimMonoLogger.INFO: Cron ran at: 15-07-2026 11:17:35 AM [] []
[2026-07-15 11:17:41] SlimMonoLogger.INFO: Cron ran at: 15-07-2026 11:17:41 AM [] []
[2026-07-15 11:18:10] SlimMonoLogger.INFO: Cron ran at: 15-07-2026 11:18:10 AM [] []
[2026-07-15 11:18:11] SlimMonoLogger.INFO: Cron ran at: 15-07-2026 11:18:11 AM [] []
[2026-07-15 11:18:30] SlimMonoLogger.INFO: Cron ran at: 15-07-2026 11:18:30 AM [] []
[2026-07-15 11:18:34] SlimMonoLogger.INFO: Cron ran at: 15-07-2026 11:18:34 AM [] []
[2026-07-15 11:19:04] SlimMonoLogger.INFO: Cron ran at: 15-07-2026 11:19:04 AM [] []
[2026-07-15 11:19:06] SlimMonoLogger.INFO: Cron ran at: 15-07-2026 11:19:06 AM [] []
[2026-07-15 11:19:29] SlimMonoLogger.INFO: Cron ran at: 15-07-2026 11:19:29 AM [] []
[2026-07-15 11:19:31] SlimMonoLogger.INFO: Cron ran at: 15-07-2026 11:19:31 AM [] []
[2026-07-15 11:20:02] SlimMonoLogger.INFO: Cron ran at: 15-07-2026 11:20:02 AM [] []
[2026-07-15 11:20:05] SlimMonoLogger.INFO: Cron ran at: 15-07-2026 11:20:05 AM [] []
[2026-07-15 11:20:24] SlimMonoLogger.INFO: Cron ran at: 15-07-2026 11:20:24 AM [] []
[2026-07-15 11:20:35] SlimMonoLogger.INFO: Cron ran at: 15-07-2026 11:20:35 AM [] []
[2026-07-15 11:21:08] SlimMonoLogger.INFO: Cron ran at: 15-07-2026 11:21:08 AM [] []
[2026-07-15 11:21:09] SlimMonoLogger.INFO: Cron ran at: 15-07-2026 11:21:09 AM [] []
[2026-07-15 11:21:26] SlimMonoLogger.INFO: Cron ran at: 15-07-2026 11:21:26 AM [] []
[2026-07-15 11:21:51] SlimMonoLogger.INFO: Cron ran at: 15-07-2026 11:21:51 AM [] []
[2026-07-15 11:22:06] SlimMonoLogger.INFO: Cron ran at: 15-07-2026 11:22:06 AM [] []
[2026-07-15 11:22:07] SlimMonoLogger.INFO: Cron ran at: 15-07-2026 11:22:07 AM [] []
[2026-07-15 11:22:17] SlimMonoLogger.INFO: Cron ran at: 15-07-2026 11:22:17 AM [] []
[2026-07-15 11:22:36] SlimMonoLogger.INFO: Cron ran at: 15-07-2026 11:22:36 AM [] []
[2026-07-15 11:23:10] SlimMonoLogger.INFO: Cron ran at: 15-07-2026 11:23:10 AM [] []
[2026-07-15 11:23:11] SlimMonoLogger.INFO: Cron ran at: 15-07-2026 11:23:11 AM [] []
[2026-07-15 11:23:11] SlimMonoLogger.INFO: Cron ran at: 15-07-2026 11:23:11 AM [] []
[2026-07-15 11:23:23] SlimMonoLogger.INFO: Cron ran at: 15-07-2026 11:23:23 AM [] []
[2026-07-15 11:24:06] SlimMonoLogger.INFO: Cron ran at: 15-07-2026 11:24:06 AM [] []
[2026-07-15 11:24:08] SlimMonoLogger.INFO: Cron ran at: 15-07-2026 11:24:08 AM [] []
[2026-07-15 11:24:08] SlimMonoLogger.INFO: Cron ran at: 15-07-2026 11:24:08 AM [] []
[2026-07-15 11:24:16] SlimMonoLogger.INFO: Cron ran at: 15-07-2026 11:24:16 AM [] []
[2026-07-15 11:25:11] SlimMonoLogger.INFO: Cron ran at: 15-07-2026 11:25:11 AM [] []
[2026-07-15 11:25:11] SlimMonoLogger.INFO: Cron ran at: 15-07-2026 11:25:11 AM [] []
[2026-07-15 11:25:12] SlimMonoLogger.INFO: Cron ran at: 15-07-2026 11:25:12 AM [] []
[2026-07-15 11:25:14] SlimMonoLogger.INFO: Cron ran at: 15-07-2026 11:25:14 AM [] []
[2026-07-15 11:26:09] SlimMonoLogger.INFO: Cron ran at: 15-07-2026 11:26:09 AM [] []
[2026-07-15 11:26:09] SlimMonoLogger.INFO: Cron ran at: 15-07-2026 11:26:09 AM [] []
[2026-07-15 11:26:09] SlimMonoLogger.INFO: Cron ran at: 15-07-2026 11:26:09 AM [] []
[2026-07-15 11:26:32] SlimMonoLogger.INFO: Cron ran at: 15-07-2026 11:26:32 AM [] []
[2026-07-15 11:27:03] SlimMonoLogger.INFO: Cron ran at: 15-07-2026 11:27:03 AM [] []
[2026-07-15 11:27:03] SlimMonoLogger.INFO: Cron ran at: 15-07-2026 11:27:03 AM [] []
[2026-07-15 11:27:04] SlimMonoLogger.INFO: Cron ran at: 15-07-2026 11:27:04 AM [] []
[2026-07-15 11:27:24] SlimMonoLogger.INFO: Cron ran at: 15-07-2026 11:27:24 AM [] []
[2026-07-15 11:28:00] SlimMonoLogger.INFO: Cron ran at: 15-07-2026 11:28:00 AM [] []
[2026-07-15 11:28:02] SlimMonoLogger.INFO: Cron ran at: 15-07-2026 11:28:02 AM [] []
[2026-07-15 11:28:10] SlimMonoLogger.INFO: Cron ran at: 15-07-2026 11:28:10 AM [] []
[2026-07-15 11:28:18] SlimMonoLogger.INFO: Cron ran at: 15-07-2026 11:28:18 AM [] []
[2026-07-15 11:29:00] SlimMonoLogger.INFO: Cron ran at: 15-07-2026 11:29:00 AM [] []
[2026-07-15 11:29:06] SlimMonoLogger.INFO: Cron ran at: 15-07-2026 11:29:06 AM [] []
[2026-07-15 11:29:07] SlimMonoLogger.INFO: Cron ran at: 15-07-2026 11:29:07 AM [] []
[2026-07-15 11:29:07] SlimMonoLogger.INFO: Cron ran at: 15-07-2026 11:29:07 AM [] []
[2026-07-15 11:29:59] SlimMonoLogger.INFO: Cron ran at: 15-07-2026 11:29:59 AM [] []
[2026-07-15 11:30:02] SlimMonoLogger.INFO: Cron ran at: 15-07-2026 11:30:02 AM [] []
[2026-07-15 11:30:07] SlimMonoLogger.INFO: Cron ran at: 15-07-2026 11:30:07 AM [] []
[2026-07-15 11:30:08] SlimMonoLogger.INFO: Cron ran at: 15-07-2026 11:30:08 AM [] []
[2026-07-15 11:30:57] SlimMonoLogger.INFO: Cron ran at: 15-07-2026 11:30:57 AM [] []
[2026-07-15 11:30:57] SlimMonoLogger.INFO: Cron ran at: 15-07-2026 11:30:57 AM [] []
[2026-07-15 11:31:08] SlimMonoLogger.INFO: Cron ran at: 15-07-2026 11:31:08 AM [] []
[2026-07-15 11:31:54] SlimMonoLogger.INFO: Cron ran at: 15-07-2026 11:31:54 AM [] []
[2026-07-15 11:31:55] SlimMonoLogger.INFO: Cron ran at: 15-07-2026 11:31:55 AM [] []
[2026-07-15 11:31:55] SlimMonoLogger.INFO: Cron ran at: 15-07-2026 11:31:55 AM [] []
[2026-07-15 11:32:12] SlimMonoLogger.INFO: Cron ran at: 15-07-2026 11:32:12 AM [] []
[2026-07-15 11:32:51] SlimMonoLogger.INFO: Cron ran at: 15-07-2026 11:32:51 AM [] []
[2026-07-15 11:32:52] SlimMonoLogger.INFO: Cron ran at: 15-07-2026 11:32:52 AM [] []
[2026-07-15 11:32:54] SlimMonoLogger.INFO: Cron ran at: 15-07-2026 11:32:54 AM [] []
[2026-07-15 11:33:08] SlimMonoLogger.INFO: Cron ran at: 15-07-2026 11:33:08 AM [] []
[2026-07-15 11:33:48] SlimMonoLogger.INFO: Cron ran at: 15-07-2026 11:33:48 AM [] []
[2026-07-15 11:33:49] SlimMonoLogger.INFO: Cron ran at: 15-07-2026 11:33:49 AM [] []
[2026-07-15 11:33:52] SlimMonoLogger.INFO: Cron ran at: 15-07-2026 11:33:52 AM [] []
[2026-07-15 11:34:08] SlimMonoLogger.INFO: Cron ran at: 15-07-2026 11:34:08 AM [] []
[2026-07-15 11:34:37] SlimMonoLogger.INFO: Cron ran at: 15-07-2026 11:34:37 AM [] []
[2026-07-15 11:34:49] SlimMonoLogger.INFO: Cron ran at: 15-07-2026 11:34:49 AM [] []
[2026-07-15 11:34:56] SlimMonoLogger.INFO: Cron ran at: 15-07-2026 11:34:56 AM [] []
[2026-07-15 11:35:09] SlimMonoLogger.INFO: Cron ran at: 15-07-2026 11:35:09 AM [] []
[2026-07-15 11:35:32] SlimMonoLogger.INFO: Cron ran at: 15-07-2026 11:35:32 AM [] []
[2026-07-15 11:35:50] SlimMonoLogger.INFO: Cron ran at: 15-07-2026 11:35:50 AM [] []
[2026-07-15 11:35:58] SlimMonoLogger.INFO: Cron ran at: 15-07-2026 11:35:58 AM [] []
[2026-07-15 11:36:32] SlimMonoLogger.INFO: Cron ran at: 15-07-2026 11:36:32 AM [] []
[2026-07-15 11:36:52] SlimMonoLogger.INFO: Cron ran at: 15-07-2026 11:36:52 AM [] []
[2026-07-15 11:36:53] SlimMonoLogger.INFO: Cron ran at: 15-07-2026 11:36:53 AM [] []
[2026-07-15 11:37:05] SlimMonoLogger.INFO: Cron ran at: 15-07-2026 11:37:05 AM [] []
[2026-07-15 11:37:23] SlimMonoLogger.INFO: Cron ran at: 15-07-2026 11:37:23 AM [] []
[2026-07-15 11:37:44] SlimMonoLogger.INFO: Cron ran at: 15-07-2026 11:37:44 AM [] []
[2026-07-15 11:37:52] SlimMonoLogger.INFO: Cron ran at: 15-07-2026 11:37:52 AM [] []
[2026-07-15 11:37:58] SlimMonoLogger.INFO: Cron ran at: 15-07-2026 11:37:58 AM [] []
[2026-07-15 11:38:17] SlimMonoLogger.INFO: Cron ran at: 15-07-2026 11:38:17 AM [] []
[2026-07-15 11:38:35] SlimMonoLogger.INFO: Cron ran at: 15-07-2026 11:38:35 AM [] []
[2026-07-15 11:38:51] SlimMonoLogger.INFO: Cron ran at: 15-07-2026 11:38:51 AM [] []
[2026-07-15 11:38:58] SlimMonoLogger.INFO: Cron ran at: 15-07-2026 11:38:58 AM [] []
[2026-07-15 11:39:21] SlimMonoLogger.INFO: Cron ran at: 15-07-2026 11:39:21 AM [] []
[2026-07-15 11:39:21] SlimMonoLogger.INFO: Cron ran at: 15-07-2026 11:39:21 AM [] []
[2026-07-15 11:39:52] SlimMonoLogger.INFO: Cron ran at: 15-07-2026 11:39:52 AM [] []
[2026-07-15 11:40:09] SlimMonoLogger.INFO: Cron ran at: 15-07-2026 11:40:09 AM [] []
[2026-07-15 11:40:14] SlimMonoLogger.INFO: Cron ran at: 15-07-2026 11:40:14 AM [] []
[2026-07-15 11:40:16] SlimMonoLogger.INFO: Cron ran at: 15-07-2026 11:40:16 AM [] []
[2026-07-15 11:40:54] SlimMonoLogger.INFO: Cron ran at: 15-07-2026 11:40:54 AM [] []
[2026-07-15 11:41:13] SlimMonoLogger.INFO: Cron ran at: 15-07-2026 11:41:13 AM [] []
[2026-07-15 11:41:14] SlimMonoLogger.INFO: Cron ran at: 15-07-2026 11:41:14 AM [] []
[2026-07-15 11:41:51] SlimMonoLogger.INFO: Cron ran at: 15-07-2026 11:41:51 AM [] []
[2026-07-15 11:42:00] SlimMonoLogger.INFO: Cron ran at: 15-07-2026 11:42:00 AM [] []
[2026-07-15 11:42:07] SlimMonoLogger.INFO: Cron ran at: 15-07-2026 11:42:07 AM [] []
[2026-07-15 11:42:11] SlimMonoLogger.INFO: Cron ran at: 15-07-2026 11:42:11 AM [] []
[2026-07-15 11:42:49] SlimMonoLogger.INFO: Cron ran at: 15-07-2026 11:42:49 AM [] []
[2026-07-15 11:42:51] SlimMonoLogger.INFO: Cron ran at: 15-07-2026 11:42:51 AM [] []
[2026-07-15 11:43:06] SlimMonoLogger.INFO: Cron ran at: 15-07-2026 11:43:06 AM [] []
[2026-07-15 11:43:12] SlimMonoLogger.INFO: Cron ran at: 15-07-2026 11:43:12 AM [] []
[2026-07-15 11:43:47] SlimMonoLogger.INFO: Cron ran at: 15-07-2026 11:43:47 AM [] []
[2026-07-15 11:43:48] SlimMonoLogger.INFO: Cron ran at: 15-07-2026 11:43:48 AM [] []
[2026-07-15 11:44:06] SlimMonoLogger.INFO: Cron ran at: 15-07-2026 11:44:06 AM [] []
[2026-07-15 11:44:17] SlimMonoLogger.INFO: Cron ran at: 15-07-2026 11:44:17 AM [] []
[2026-07-15 11:44:40] SlimMonoLogger.INFO: Cron ran at: 15-07-2026 11:44:40 AM [] []
[2026-07-15 11:44:51] SlimMonoLogger.INFO: Cron ran at: 15-07-2026 11:44:51 AM [] []
[2026-07-15 11:45:05] SlimMonoLogger.INFO: Cron ran at: 15-07-2026 11:45:05 AM [] []
[2026-07-15 11:45:13] SlimMonoLogger.INFO: Cron ran at: 15-07-2026 11:45:13 AM [] []
[2026-07-15 11:45:33] SlimMonoLogger.INFO: Cron ran at: 15-07-2026 11:45:33 AM [] []
[2026-07-15 11:46:04] SlimMonoLogger.INFO: Cron ran at: 15-07-2026 11:46:04 AM [] []
[2026-07-15 11:46:13] SlimMonoLogger.INFO: Cron ran at: 15-07-2026 11:46:13 AM [] []
[2026-07-15 11:46:23] SlimMonoLogger.INFO: Cron ran at: 15-07-2026 11:46:23 AM [] []
[2026-07-15 11:46:23] SlimMonoLogger.INFO: Cron ran at: 15-07-2026 11:46:23 AM [] []
[2026-07-15 11:47:13] SlimMonoLogger.INFO: Cron ran at: 15-07-2026 11:47:13 AM [] []
[2026-07-15 11:47:15] SlimMonoLogger.INFO: Cron ran at: 15-07-2026 11:47:15 AM [] []
[2026-07-15 11:47:15] SlimMonoLogger.INFO: Cron ran at: 15-07-2026 11:47:15 AM [] []
[2026-07-15 11:47:22] SlimMonoLogger.INFO: Cron ran at: 15-07-2026 11:47:22 AM [] []
[2026-07-15 11:48:06] SlimMonoLogger.INFO: Cron ran at: 15-07-2026 11:48:06 AM [] []
[2026-07-15 11:48:06] SlimMonoLogger.INFO: Cron ran at: 15-07-2026 11:48:06 AM [] []
[2026-07-15 11:48:13] SlimMonoLogger.INFO: Cron ran at: 15-07-2026 11:48:13 AM [] []
[2026-07-15 11:48:17] SlimMonoLogger.INFO: Cron ran at: 15-07-2026 11:48:17 AM [] []
[2026-07-15 11:49:03] SlimMonoLogger.INFO: Cron ran at: 15-07-2026 11:49:03 AM [] []
[2026-07-15 11:49:03] SlimMonoLogger.INFO: Cron ran at: 15-07-2026 11:49:03 AM [] []
[2026-07-15 11:49:15] SlimMonoLogger.INFO: Cron ran at: 15-07-2026 11:49:15 AM [] []
[2026-07-15 11:49:25] SlimMonoLogger.INFO: Cron ran at: 15-07-2026 11:49:25 AM [] []
[2026-07-15 11:49:58] SlimMonoLogger.INFO: Cron ran at: 15-07-2026 11:49:58 AM [] []
[2026-07-15 11:50:07] SlimMonoLogger.INFO: Cron ran at: 15-07-2026 11:50:07 AM [] []
[2026-07-15 11:50:16] SlimMonoLogger.INFO: Cron ran at: 15-07-2026 11:50:16 AM [] []
[2026-07-15 11:50:16] SlimMonoLogger.INFO: Cron ran at: 15-07-2026 11:50:16 AM [] []
[2026-07-15 11:50:58] SlimMonoLogger.INFO: Cron ran at: 15-07-2026 11:50:58 AM [] []
[2026-07-15 11:51:07] SlimMonoLogger.INFO: Cron ran at: 15-07-2026 11:51:07 AM [] []
[2026-07-15 11:51:30] SlimMonoLogger.INFO: Cron ran at: 15-07-2026 11:51:30 AM [] []
[2026-07-15 11:51:49] SlimMonoLogger.INFO: Cron ran at: 15-07-2026 11:51:49 AM [] []
[2026-07-15 11:52:05] SlimMonoLogger.INFO: Cron ran at: 15-07-2026 11:52:05 AM [] []
[2026-07-15 11:52:06] SlimMonoLogger.INFO: Cron ran at: 15-07-2026 11:52:06 AM [] []
[2026-07-15 11:52:32] SlimMonoLogger.INFO: Cron ran at: 15-07-2026 11:52:32 AM [] []
[2026-07-15 11:52:46] SlimMonoLogger.INFO: Cron ran at: 15-07-2026 11:52:46 AM [] []
[2026-07-15 11:53:00] SlimMonoLogger.INFO: Cron ran at: 15-07-2026 11:53:00 AM [] []
[2026-07-15 11:53:04] SlimMonoLogger.INFO: Cron ran at: 15-07-2026 11:53:04 AM [] []
[2026-07-15 11:53:19] SlimMonoLogger.INFO: Cron ran at: 15-07-2026 11:53:19 AM [] []
[2026-07-15 11:53:42] SlimMonoLogger.INFO: Cron ran at: 15-07-2026 11:53:42 AM [] []
[2026-07-15 11:53:46] SlimMonoLogger.INFO: Cron ran at: 15-07-2026 11:53:46 AM [] []
[2026-07-15 11:54:02] SlimMonoLogger.INFO: Cron ran at: 15-07-2026 11:54:02 AM [] []
[2026-07-15 11:54:27] SlimMonoLogger.INFO: Cron ran at: 15-07-2026 11:54:27 AM [] []
[2026-07-15 11:54:38] SlimMonoLogger.INFO: Cron ran at: 15-07-2026 11:54:38 AM [] []
[2026-07-15 11:54:39] SlimMonoLogger.INFO: Cron ran at: 15-07-2026 11:54:39 AM [] []
[2026-07-15 11:55:07] SlimMonoLogger.INFO: Cron ran at: 15-07-2026 11:55:07 AM [] []
[2026-07-15 11:55:22] SlimMonoLogger.INFO: Cron ran at: 15-07-2026 11:55:22 AM [] []
[2026-07-15 11:55:34] SlimMonoLogger.INFO: Cron ran at: 15-07-2026 11:55:34 AM [] []
[2026-07-15 11:55:39] SlimMonoLogger.INFO: Cron ran at: 15-07-2026 11:55:39 AM [] []
[2026-07-15 11:56:21] SlimMonoLogger.INFO: Cron ran at: 15-07-2026 11:56:21 AM [] []
[2026-07-15 11:56:31] SlimMonoLogger.INFO: Cron ran at: 15-07-2026 11:56:31 AM [] []
[2026-07-15 11:56:36] SlimMonoLogger.INFO: Cron ran at: 15-07-2026 11:56:36 AM [] []
[2026-07-15 11:56:38] SlimMonoLogger.INFO: Cron ran at: 15-07-2026 11:56:38 AM [] []
[2026-07-15 11:57:24] SlimMonoLogger.INFO: Cron ran at: 15-07-2026 11:57:24 AM [] []
[2026-07-15 11:57:28] SlimMonoLogger.INFO: Cron ran at: 15-07-2026 11:57:28 AM [] []
[2026-07-15 11:57:28] SlimMonoLogger.INFO: Cron ran at: 15-07-2026 11:57:28 AM [] []
[2026-07-15 11:57:41] SlimMonoLogger.INFO: Cron ran at: 15-07-2026 11:57:41 AM [] []
[2026-07-15 11:58:21] SlimMonoLogger.INFO: Cron ran at: 15-07-2026 11:58:21 AM [] []
[2026-07-15 11:58:21] SlimMonoLogger.INFO: Cron ran at: 15-07-2026 11:58:21 AM [] []
[2026-07-15 11:58:22] SlimMonoLogger.INFO: Cron ran at: 15-07-2026 11:58:22 AM [] []
[2026-07-15 11:58:40] SlimMonoLogger.INFO: Cron ran at: 15-07-2026 11:58:40 AM [] []
[2026-07-15 11:59:16] SlimMonoLogger.INFO: Cron ran at: 15-07-2026 11:59:16 AM [] []
[2026-07-15 11:59:18] SlimMonoLogger.INFO: Cron ran at: 15-07-2026 11:59:18 AM [] []
[2026-07-15 11:59:19] SlimMonoLogger.INFO: Cron ran at: 15-07-2026 11:59:19 AM [] []
[2026-07-15 11:59:44] SlimMonoLogger.INFO: Cron ran at: 15-07-2026 11:59:44 AM [] []
[2026-07-15 12:00:12] SlimMonoLogger.INFO: Cron ran at: 15-07-2026 12:00:12 PM [] []
[2026-07-15 12:00:22] SlimMonoLogger.INFO: Cron ran at: 15-07-2026 12:00:22 PM [] []
[2026-07-15 12:00:23] SlimMonoLogger.INFO: Cron ran at: 15-07-2026 12:00:23 PM [] []
[2026-07-15 12:00:47] SlimMonoLogger.INFO: Cron ran at: 15-07-2026 12:00:47 PM [] []
[2026-07-15 12:01:09] SlimMonoLogger.INFO: Cron ran at: 15-07-2026 12:01:09 PM [] []
[2026-07-15 12:01:26] SlimMonoLogger.INFO: Cron ran at: 15-07-2026 12:01:26 PM [] []
[2026-07-15 12:01:30] SlimMonoLogger.INFO: Cron ran at: 15-07-2026 12:01:30 PM [] []
[2026-07-15 12:01:44] SlimMonoLogger.INFO: Cron ran at: 15-07-2026 12:01:44 PM [] []
[2026-07-15 12:02:00] SlimMonoLogger.INFO: Cron ran at: 15-07-2026 12:02:00 PM [] []
[2026-07-15 12:02:18] SlimMonoLogger.INFO: Cron ran at: 15-07-2026 12:02:18 PM [] []
[2026-07-15 12:02:20] SlimMonoLogger.INFO: Cron ran at: 15-07-2026 12:02:20 PM [] []
[2026-07-15 12:02:45] SlimMonoLogger.INFO: Cron ran at: 15-07-2026 12:02:45 PM [] []
[2026-07-15 12:03:03] SlimMonoLogger.INFO: Cron ran at: 15-07-2026 12:03:03 PM [] []
[2026-07-15 12:03:03] SlimMonoLogger.INFO: Cron ran at: 15-07-2026 12:03:03 PM [] []
[2026-07-15 12:03:16] SlimMonoLogger.INFO: Cron ran at: 15-07-2026 12:03:16 PM [] []
[2026-07-15 12:03:36] SlimMonoLogger.INFO: Cron ran at: 15-07-2026 12:03:36 PM [] []
[2026-07-15 12:03:49] SlimMonoLogger.INFO: Cron ran at: 15-07-2026 12:03:49 PM [] []
[2026-07-15 12:04:06] SlimMonoLogger.INFO: Cron ran at: 15-07-2026 12:04:06 PM [] []
[2026-07-15 12:04:14] SlimMonoLogger.INFO: Cron ran at: 15-07-2026 12:04:14 PM [] []
[2026-07-15 12:04:42] SlimMonoLogger.INFO: Cron ran at: 15-07-2026 12:04:42 PM [] []
[2026-07-15 12:04:45] SlimMonoLogger.INFO: Cron ran at: 15-07-2026 12:04:45 PM [] []
[2026-07-15 12:04:52] SlimMonoLogger.INFO: Cron ran at: 15-07-2026 12:04:52 PM [] []
[2026-07-15 12:05:20] SlimMonoLogger.INFO: Cron ran at: 15-07-2026 12:05:20 PM [] []
[2026-07-15 12:05:48] SlimMonoLogger.INFO: Cron ran at: 15-07-2026 12:05:48 PM [] []
[2026-07-15 12:05:49] SlimMonoLogger.INFO: Cron ran at: 15-07-2026 12:05:49 PM [] []
[2026-07-15 12:06:25] SlimMonoLogger.INFO: Cron ran at: 15-07-2026 12:06:25 PM [] []
[2026-07-15 12:06:30] SlimMonoLogger.INFO: Cron ran at: 15-07-2026 12:06:30 PM [] []
[2026-07-15 12:06:42] SlimMonoLogger.INFO: Cron ran at: 15-07-2026 12:06:42 PM [] []
[2026-07-15 12:06:49] SlimMonoLogger.INFO: Cron ran at: 15-07-2026 12:06:49 PM [] []
[2026-07-15 12:07:16] SlimMonoLogger.INFO: Cron ran at: 15-07-2026 12:07:16 PM [] []
[2026-07-15 12:07:16] SlimMonoLogger.INFO: Cron ran at: 15-07-2026 12:07:16 PM [] []
[2026-07-15 12:07:43] SlimMonoLogger.INFO: Cron ran at: 15-07-2026 12:07:43 PM [] []
[2026-07-15 12:07:49] SlimMonoLogger.INFO: Cron ran at: 15-07-2026 12:07:49 PM [] []
[2026-07-15 12:08:12] SlimMonoLogger.INFO: Cron ran at: 15-07-2026 12:08:12 PM [] []
[2026-07-15 12:08:12] SlimMonoLogger.INFO: Cron ran at: 15-07-2026 12:08:12 PM [] []
[2026-07-15 12:08:39] SlimMonoLogger.INFO: Cron ran at: 15-07-2026 12:08:39 PM [] []
[2026-07-15 12:08:46] SlimMonoLogger.INFO: Cron ran at: 15-07-2026 12:08:46 PM [] []
[2026-07-15 12:09:18] SlimMonoLogger.INFO: Cron ran at: 15-07-2026 12:09:18 PM [] []
[2026-07-15 12:09:46] SlimMonoLogger.INFO: Cron ran at: 15-07-2026 12:09:46 PM [] []
[2026-07-15 12:09:47] SlimMonoLogger.INFO: Cron ran at: 15-07-2026 12:09:47 PM [] []
[2026-07-15 12:10:00] SlimMonoLogger.INFO: Cron ran at: 15-07-2026 12:10:00 PM [] []
[2026-07-15 12:10:13] SlimMonoLogger.INFO: Cron ran at: 15-07-2026 12:10:13 PM [] []
[2026-07-15 12:10:47] SlimMonoLogger.INFO: Cron ran at: 15-07-2026 12:10:47 PM [] []
[2026-07-15 12:10:47] SlimMonoLogger.INFO: Cron ran at: 15-07-2026 12:10:47 PM [] []
[2026-07-15 12:10:55] SlimMonoLogger.INFO: Cron ran at: 15-07-2026 12:10:55 PM [] []
[2026-07-15 12:11:38] SlimMonoLogger.INFO: Cron ran at: 15-07-2026 12:11:38 PM [] []
[2026-07-15 12:11:48] SlimMonoLogger.INFO: Cron ran at: 15-07-2026 12:11:48 PM [] []
[2026-07-15 12:11:51] SlimMonoLogger.INFO: Cron ran at: 15-07-2026 12:11:51 PM [] []
[2026-07-15 12:11:51] SlimMonoLogger.INFO: Cron ran at: 15-07-2026 12:11:51 PM [] []
[2026-07-15 12:12:43] SlimMonoLogger.INFO: Cron ran at: 15-07-2026 12:12:43 PM [] []
[2026-07-15 12:12:43] SlimMonoLogger.INFO: Cron ran at: 15-07-2026 12:12:43 PM [] []
[2026-07-15 12:12:51] SlimMonoLogger.INFO: Cron ran at: 15-07-2026 12:12:51 PM [] []
[2026-07-15 12:12:54] SlimMonoLogger.INFO: Cron ran at: 15-07-2026 12:12:54 PM [] []
[2026-07-15 12:13:37] SlimMonoLogger.INFO: Cron ran at: 15-07-2026 12:13:37 PM [] []
[2026-07-15 12:13:43] SlimMonoLogger.INFO: Cron ran at: 15-07-2026 12:13:43 PM [] []
[2026-07-15 12:13:45] SlimMonoLogger.INFO: Cron ran at: 15-07-2026 12:13:45 PM [] []
[2026-07-15 12:13:48] SlimMonoLogger.INFO: Cron ran at: 15-07-2026 12:13:48 PM [] []
[2026-07-15 12:14:26] SlimMonoLogger.INFO: Cron ran at: 15-07-2026 12:14:26 PM [] []
[2026-07-15 12:14:38] SlimMonoLogger.INFO: Cron ran at: 15-07-2026 12:14:38 PM [] []
[2026-07-15 12:14:40] SlimMonoLogger.INFO: Cron ran at: 15-07-2026 12:14:40 PM [] []
[2026-07-15 12:14:48] SlimMonoLogger.INFO: Cron ran at: 15-07-2026 12:14:48 PM [] []
[2026-07-15 12:15:21] SlimMonoLogger.INFO: Cron ran at: 15-07-2026 12:15:21 PM [] []
[2026-07-15 12:15:36] SlimMonoLogger.INFO: Cron ran at: 15-07-2026 12:15:36 PM [] []
[2026-07-15 12:15:48] SlimMonoLogger.INFO: Cron ran at: 15-07-2026 12:15:48 PM [] []
[2026-07-15 12:16:14] SlimMonoLogger.INFO: Cron ran at: 15-07-2026 12:16:14 PM [] []
[2026-07-15 12:16:41] SlimMonoLogger.INFO: Cron ran at: 15-07-2026 12:16:41 PM [] []
[2026-07-15 12:16:48] SlimMonoLogger.INFO: Cron ran at: 15-07-2026 12:16:48 PM [] []
[2026-07-15 12:16:52] SlimMonoLogger.ERROR: Requests_Exception: cURL error 28: Operation timed out after 500002 milliseconds with 0 bytes received in /home/latihtal/public_html/agregator1/src/vendor/rmccue/requests/library/Requests/Transport/cURL.php:422
Stack trace:
#0 /home/latihtal/public_html/agregator1/src/vendor/rmccue/requests/library/Requests/Transport/cURL.php(177): Requests_Transport_cURL->process_response()
#1 /home/latihtal/public_html/agregator1/src/vendor/rmccue/requests/library/Requests.php(379): Requests_Transport_cURL->request()
#2 /home/latihtal/public_html/agregator1/src/vendor/rmccue/requests/library/Requests/Session.php(205): Requests::request()
#3 /home/latihtal/public_html/agregator1/src/vendor/rmccue/requests/library/Requests/Session.php(132): Requests_Session->request()
#4 /home/latihtal/public_html/agregator1/src/drivers/Http/RssImporter.php(144): Requests_Session->get()
#5 /home/latihtal/public_html/agregator1/src/controllers/Dashboard/DashboardFeedsController.php(534): spark\drivers\Http\RssImporter->fetchPosts()
#6 /home/latihtal/public_html/agregator1/src/controllers/Site/SiteController.php(722): spark\controllers\Dashboard\DashboardFeedsController::importFeedPosts()
#7 [internal function]: spark\controllers\Site\SiteController->runTasks()
#8 /home/latihtal/public_html/agregator1/src/framework/Route.php(173): call_user_func_array()
#9 [internal function]: Slim\Route->Slim\{closure}()
#10 /home/latihtal/public_html/agregator1/src/framework/Route.php(468): call_user_func_array()
#11 /home/latihtal/public_html/agregator1/src/framework/Slim.php(1364): Slim\Route->dispatch()
#12 /home/latihtal/public_html/agregator1/src/framework/Middleware/Flash.php(85): Slim\Slim->call()
#13 /home/latihtal/public_html/agregator1/src/framework/Middleware/MethodOverride.php(92): Slim\Middleware\Flash->call()
#14 /home/latihtal/public_html/agregator1/src/middlewares/CsrfGuard/CsrfGuard.php(47): Slim\Middleware\MethodOverride->call()
#15 /home/latihtal/public_html/agregator1/src/framework/Middleware/PrettyExceptions.php(67): spark\middlewares\CsrfGuard\CsrfGuard->call()
#16 /home/latihtal/public_html/agregator1/src/framework/Slim.php(1308): Slim\Middleware\PrettyExceptions->call()
#17 /home/latihtal/public_html/agregator1/index.php(6): Slim\Slim->run()
#18 {main} [] []
[2026-07-15 12:16:59] SlimMonoLogger.INFO: Cron ran at: 15-07-2026 12:16:59 PM [] []
[2026-07-15 12:17:10] SlimMonoLogger.INFO: Cron ran at: 15-07-2026 12:17:10 PM [] []
[2026-07-15 12:17:34] SlimMonoLogger.INFO: Cron ran at: 15-07-2026 12:17:34 PM [] []
[2026-07-15 12:17:44] SlimMonoLogger.INFO: Cron ran at: 15-07-2026 12:17:44 PM [] []
[2026-07-15 12:17:44] SlimMonoLogger.INFO: Cron ran at: 15-07-2026 12:17:44 PM [] []
[2026-07-15 12:17:45] SlimMonoLogger.INFO: Cron ran at: 15-07-2026 12:17:45 PM [] []
[2026-07-15 12:18:12] SlimMonoLogger.INFO: Cron ran at: 15-07-2026 12:18:12 PM [] []
[2026-07-15 12:18:38] SlimMonoLogger.INFO: Cron ran at: 15-07-2026 12:18:38 PM [] []
[2026-07-15 12:18:38] SlimMonoLogger.INFO: Cron ran at: 15-07-2026 12:18:38 PM [] []
[2026-07-15 12:18:47] SlimMonoLogger.INFO: Cron ran at: 15-07-2026 12:18:47 PM [] []
[2026-07-15 12:19:04] SlimMonoLogger.INFO: Cron ran at: 15-07-2026 12:19:04 PM [] []
[2026-07-15 12:19:33] SlimMonoLogger.INFO: Cron ran at: 15-07-2026 12:19:33 PM [] []
[2026-07-15 12:19:41] SlimMonoLogger.INFO: Cron ran at: 15-07-2026 12:19:41 PM [] []
[2026-07-15 12:19:45] SlimMonoLogger.INFO: Cron ran at: 15-07-2026 12:19:45 PM [] []
[2026-07-15 12:20:03] SlimMonoLogger.INFO: Cron ran at: 15-07-2026 12:20:03 PM [] []
[2026-07-15 12:20:25] SlimMonoLogger.INFO: Cron ran at: 15-07-2026 12:20:25 PM [] []
[2026-07-15 12:20:46] SlimMonoLogger.INFO: Cron ran at: 15-07-2026 12:20:46 PM [] []
[2026-07-15 12:21:04] SlimMonoLogger.INFO: Cron ran at: 15-07-2026 12:21:04 PM [] []
[2026-07-15 12:21:21] SlimMonoLogger.INFO: Cron ran at: 15-07-2026 12:21:21 PM [] []
[2026-07-15 12:21:54] SlimMonoLogger.INFO: Cron ran at: 15-07-2026 12:21:54 PM [] []
[2026-07-15 12:21:56] SlimMonoLogger.INFO: Cron ran at: 15-07-2026 12:21:56 PM [] []
[2026-07-15 12:22:04] SlimMonoLogger.INFO: Cron ran at: 15-07-2026 12:22:04 PM [] []
[2026-07-15 12:22:19] SlimMonoLogger.INFO: Cron ran at: 15-07-2026 12:22:19 PM [] []
[2026-07-15 12:22:42] SlimMonoLogger.INFO: Cron ran at: 15-07-2026 12:22:42 PM [] []
[2026-07-15 12:22:45] SlimMonoLogger.INFO: Cron ran at: 15-07-2026 12:22:45 PM [] []
[2026-07-15 12:23:02] SlimMonoLogger.INFO: Cron ran at: 15-07-2026 12:23:02 PM [] []
[2026-07-15 12:23:11] SlimMonoLogger.INFO: Cron ran at: 15-07-2026 12:23:11 PM [] []
[2026-07-15 12:23:32] SlimMonoLogger.INFO: Cron ran at: 15-07-2026 12:23:32 PM [] []
[2026-07-15 12:23:46] SlimMonoLogger.INFO: Cron ran at: 15-07-2026 12:23:46 PM [] []
[2026-07-15 12:24:00] SlimMonoLogger.INFO: Cron ran at: 15-07-2026 12:24:00 PM [] []
[2026-07-15 12:24:10] SlimMonoLogger.INFO: Cron ran at: 15-07-2026 12:24:10 PM [] []
[2026-07-15 12:24:34] SlimMonoLogger.INFO: Cron ran at: 15-07-2026 12:24:34 PM [] []
[2026-07-15 12:24:48] SlimMonoLogger.INFO: Cron ran at: 15-07-2026 12:24:48 PM [] []
[2026-07-15 12:25:07] SlimMonoLogger.INFO: Cron ran at: 15-07-2026 12:25:07 PM [] []
[2026-07-15 12:25:09] SlimMonoLogger.INFO: Cron ran at: 15-07-2026 12:25:09 PM [] []
[2026-07-15 12:25:22] SlimMonoLogger.INFO: Cron ran at: 15-07-2026 12:25:22 PM [] []
[2026-07-15 12:26:13] SlimMonoLogger.INFO: Cron ran at: 15-07-2026 12:26:13 PM [] []
[2026-07-15 12:26:13] SlimMonoLogger.INFO: Cron ran at: 15-07-2026 12:26:13 PM [] []
[2026-07-15 12:26:20] SlimMonoLogger.INFO: Cron ran at: 15-07-2026 12:26:20 PM [] []
[2026-07-15 12:26:41] SlimMonoLogger.INFO: Cron ran at: 15-07-2026 12:26:41 PM [] []
[2026-07-15 12:27:08] SlimMonoLogger.INFO: Cron ran at: 15-07-2026 12:27:08 PM [] []
[2026-07-15 12:27:10] SlimMonoLogger.INFO: Cron ran at: 15-07-2026 12:27:10 PM [] []
[2026-07-15 12:27:11] SlimMonoLogger.INFO: Cron ran at: 15-07-2026 12:27:11 PM [] []
[2026-07-15 12:27:25] SlimMonoLogger.INFO: Cron ran at: 15-07-2026 12:27:25 PM [] []
[2026-07-15 12:28:12] SlimMonoLogger.INFO: Cron ran at: 15-07-2026 12:28:12 PM [] []
[2026-07-15 12:28:12] SlimMonoLogger.INFO: Cron ran at: 15-07-2026 12:28:12 PM [] []
[2026-07-15 12:28:14] SlimMonoLogger.INFO: Cron ran at: 15-07-2026 12:28:14 PM [] []
[2026-07-15 12:28:21] SlimMonoLogger.INFO: Cron ran at: 15-07-2026 12:28:21 PM [] []
[2026-07-15 12:29:09] SlimMonoLogger.INFO: Cron ran at: 15-07-2026 12:29:09 PM [] []
[2026-07-15 12:29:10] SlimMonoLogger.INFO: Cron ran at: 15-07-2026 12:29:10 PM [] []
[2026-07-15 12:29:13] SlimMonoLogger.INFO: Cron ran at: 15-07-2026 12:29:13 PM [] []
[2026-07-15 12:29:13] SlimMonoLogger.INFO: Cron ran at: 15-07-2026 12:29:13 PM [] []
[2026-07-15 12:30:10] SlimMonoLogger.INFO: Cron ran at: 15-07-2026 12:30:10 PM [] []
[2026-07-15 12:30:10] SlimMonoLogger.INFO: Cron ran at: 15-07-2026 12:30:10 PM [] []
[2026-07-15 12:30:10] SlimMonoLogger.INFO: Cron ran at: 15-07-2026 12:30:10 PM [] []
[2026-07-15 12:30:13] SlimMonoLogger.INFO: Cron ran at: 15-07-2026 12:30:13 PM [] []
[2026-07-15 12:31:11] SlimMonoLogger.INFO: Cron ran at: 15-07-2026 12:31:11 PM [] []
[2026-07-15 12:31:18] SlimMonoLogger.INFO: Cron ran at: 15-07-2026 12:31:18 PM [] []
[2026-07-15 12:31:20] SlimMonoLogger.INFO: Cron ran at: 15-07-2026 12:31:20 PM [] []
[2026-07-15 12:32:06] SlimMonoLogger.INFO: Cron ran at: 15-07-2026 12:32:06 PM [] []
[2026-07-15 12:32:16] SlimMonoLogger.INFO: Cron ran at: 15-07-2026 12:32:16 PM [] []
[2026-07-15 12:32:16] SlimMonoLogger.INFO: Cron ran at: 15-07-2026 12:32:16 PM [] []
[2026-07-15 12:32:22] SlimMonoLogger.INFO: Cron ran at: 15-07-2026 12:32:22 PM [] []
[2026-07-15 12:33:00] SlimMonoLogger.INFO: Cron ran at: 15-07-2026 12:33:00 PM [] []
[2026-07-15 12:33:15] SlimMonoLogger.INFO: Cron ran at: 15-07-2026 12:33:15 PM [] []
[2026-07-15 12:33:15] SlimMonoLogger.INFO: Cron ran at: 15-07-2026 12:33:15 PM [] []
[2026-07-15 12:33:17] SlimMonoLogger.INFO: Cron ran at: 15-07-2026 12:33:17 PM [] []
[2026-07-15 12:34:01] SlimMonoLogger.INFO: Cron ran at: 15-07-2026 12:34:01 PM [] []
[2026-07-15 12:34:11] SlimMonoLogger.INFO: Cron ran at: 15-07-2026 12:34:11 PM [] []
[2026-07-15 12:34:15] SlimMonoLogger.INFO: Cron ran at: 15-07-2026 12:34:15 PM [] []
[2026-07-15 12:34:22] SlimMonoLogger.INFO: Cron ran at: 15-07-2026 12:34:22 PM [] []
[2026-07-15 12:35:04] SlimMonoLogger.INFO: Cron ran at: 15-07-2026 12:35:04 PM [] []
[2026-07-15 12:35:04] SlimMonoLogger.INFO: Cron ran at: 15-07-2026 12:35:04 PM [] []
[2026-07-15 12:35:14] SlimMonoLogger.INFO: Cron ran at: 15-07-2026 12:35:14 PM [] []
[2026-07-15 12:35:16] SlimMonoLogger.INFO: Cron ran at: 15-07-2026 12:35:16 PM [] []
[2026-07-15 12:35:54] SlimMonoLogger.INFO: Cron ran at: 15-07-2026 12:35:54 PM [] []
[2026-07-15 12:35:55] SlimMonoLogger.INFO: Cron ran at: 15-07-2026 12:35:55 PM [] []
[2026-07-15 12:36:18] SlimMonoLogger.INFO: Cron ran at: 15-07-2026 12:36:18 PM [] []
[2026-07-15 12:36:50] SlimMonoLogger.INFO: Cron ran at: 15-07-2026 12:36:50 PM [] []
[2026-07-15 12:36:57] SlimMonoLogger.INFO: Cron ran at: 15-07-2026 12:36:57 PM [] []
[2026-07-15 12:37:10] SlimMonoLogger.INFO: Cron ran at: 15-07-2026 12:37:10 PM [] []
[2026-07-15 12:37:13] SlimMonoLogger.INFO: Cron ran at: 15-07-2026 12:37:13 PM [] []
[2026-07-15 12:37:50] SlimMonoLogger.INFO: Cron ran at: 15-07-2026 12:37:50 PM [] []
[2026-07-15 12:37:54] SlimMonoLogger.INFO: Cron ran at: 15-07-2026 12:37:54 PM [] []
[2026-07-15 12:37:58] SlimMonoLogger.INFO: Cron ran at: 15-07-2026 12:37:58 PM [] []
[2026-07-15 12:38:21] SlimMonoLogger.INFO: Cron ran at: 15-07-2026 12:38:21 PM [] []
[2026-07-15 12:38:45] SlimMonoLogger.INFO: Cron ran at: 15-07-2026 12:38:45 PM [] []
[2026-07-15 12:38:52] SlimMonoLogger.INFO: Cron ran at: 15-07-2026 12:38:52 PM [] []
[2026-07-15 12:38:52] SlimMonoLogger.INFO: Cron ran at: 15-07-2026 12:38:52 PM [] []
[2026-07-15 12:39:18] SlimMonoLogger.INFO: Cron ran at: 15-07-2026 12:39:18 PM [] []
[2026-07-15 12:39:39] SlimMonoLogger.INFO: Cron ran at: 15-07-2026 12:39:39 PM [] []
[2026-07-15 12:39:52] SlimMonoLogger.INFO: Cron ran at: 15-07-2026 12:39:52 PM [] []
[2026-07-15 12:40:12] SlimMonoLogger.INFO: Cron ran at: 15-07-2026 12:40:12 PM [] []
[2026-07-15 12:40:19] SlimMonoLogger.INFO: Cron ran at: 15-07-2026 12:40:19 PM [] []
[2026-07-15 12:40:40] SlimMonoLogger.INFO: Cron ran at: 15-07-2026 12:40:40 PM [] []
[2026-07-15 12:40:41] SlimMonoLogger.INFO: Cron ran at: 15-07-2026 12:40:41 PM [] []
[2026-07-15 12:40:59] SlimMonoLogger.INFO: Cron ran at: 15-07-2026 12:40:59 PM [] []
[2026-07-15 12:41:35] SlimMonoLogger.INFO: Cron ran at: 15-07-2026 12:41:35 PM [] []
[2026-07-15 12:41:36] SlimMonoLogger.INFO: Cron ran at: 15-07-2026 12:41:36 PM [] []
[2026-07-15 12:41:37] SlimMonoLogger.INFO: Cron ran at: 15-07-2026 12:41:37 PM [] []
[2026-07-15 12:42:00] SlimMonoLogger.INFO: Cron ran at: 15-07-2026 12:42:00 PM [] []
[2026-07-15 12:42:24] SlimMonoLogger.INFO: Cron ran at: 15-07-2026 12:42:24 PM [] []
[2026-07-15 12:42:33] SlimMonoLogger.INFO: Cron ran at: 15-07-2026 12:42:33 PM [] []
[2026-07-15 12:42:39] SlimMonoLogger.INFO: Cron ran at: 15-07-2026 12:42:39 PM [] []
[2026-07-15 12:42:56] SlimMonoLogger.INFO: Cron ran at: 15-07-2026 12:42:56 PM [] []
[2026-07-15 12:43:15] SlimMonoLogger.INFO: Cron ran at: 15-07-2026 12:43:15 PM [] []
[2026-07-15 12:43:27] SlimMonoLogger.INFO: Cron ran at: 15-07-2026 12:43:27 PM [] []
[2026-07-15 12:43:41] SlimMonoLogger.INFO: Cron ran at: 15-07-2026 12:43:41 PM [] []
[2026-07-15 12:43:55] SlimMonoLogger.INFO: Cron ran at: 15-07-2026 12:43:55 PM [] []
[2026-07-15 12:44:10] SlimMonoLogger.INFO: Cron ran at: 15-07-2026 12:44:10 PM [] []
[2026-07-15 12:44:28] SlimMonoLogger.INFO: Cron ran at: 15-07-2026 12:44:28 PM [] []
[2026-07-15 12:44:39] SlimMonoLogger.INFO: Cron ran at: 15-07-2026 12:44:39 PM [] []
[2026-07-15 12:44:57] SlimMonoLogger.INFO: Cron ran at: 15-07-2026 12:44:57 PM [] []
[2026-07-15 12:44:59] SlimMonoLogger.INFO: Cron ran at: 15-07-2026 12:44:59 PM [] []
[2026-07-15 12:45:30] SlimMonoLogger.INFO: Cron ran at: 15-07-2026 12:45:30 PM [] []
[2026-07-15 12:45:40] SlimMonoLogger.INFO: Cron ran at: 15-07-2026 12:45:40 PM [] []
[2026-07-15 12:45:54] SlimMonoLogger.INFO: Cron ran at: 15-07-2026 12:45:54 PM [] []
[2026-07-15 12:46:35] SlimMonoLogger.INFO: Cron ran at: 15-07-2026 12:46:35 PM [] []
[2026-07-15 12:46:42] SlimMonoLogger.INFO: Cron ran at: 15-07-2026 12:46:42 PM [] []
[2026-07-15 12:46:51] SlimMonoLogger.INFO: Cron ran at: 15-07-2026 12:46:51 PM [] []
[2026-07-15 12:46:52] SlimMonoLogger.INFO: Cron ran at: 15-07-2026 12:46:52 PM [] []
[2026-07-15 12:47:12] SlimMonoLogger.ERROR: Requests_Exception: cURL error 7: Failed to connect to press24.mk port 443 after 1118 ms: Could not connect to server in /home/latihtal/public_html/agregator1/src/vendor/rmccue/requests/library/Requests/Transport/cURL.php:422
Stack trace:
#0 /home/latihtal/public_html/agregator1/src/vendor/rmccue/requests/library/Requests/Transport/cURL.php(177): Requests_Transport_cURL->process_response()
#1 /home/latihtal/public_html/agregator1/src/vendor/rmccue/requests/library/Requests.php(379): Requests_Transport_cURL->request()
#2 /home/latihtal/public_html/agregator1/src/vendor/rmccue/requests/library/Requests/Session.php(205): Requests::request()
#3 /home/latihtal/public_html/agregator1/src/vendor/rmccue/requests/library/Requests/Session.php(132): Requests_Session->request()
#4 /home/latihtal/public_html/agregator1/src/drivers/Http/RssImporter.php(144): Requests_Session->get()
#5 /home/latihtal/public_html/agregator1/src/controllers/Dashboard/DashboardFeedsController.php(534): spark\drivers\Http\RssImporter->fetchPosts()
#6 /home/latihtal/public_html/agregator1/src/controllers/Site/SiteController.php(722): spark\controllers\Dashboard\DashboardFeedsController::importFeedPosts()
#7 [internal function]: spark\controllers\Site\SiteController->runTasks()
#8 /home/latihtal/public_html/agregator1/src/framework/Route.php(173): call_user_func_array()
#9 [internal function]: Slim\Route->Slim\{closure}()
#10 /home/latihtal/public_html/agregator1/src/framework/Route.php(468): call_user_func_array()
#11 /home/latihtal/public_html/agregator1/src/framework/Slim.php(1364): Slim\Route->dispatch()
#12 /home/latihtal/public_html/agregator1/src/framework/Middleware/Flash.php(85): Slim\Slim->call()
#13 /home/latihtal/public_html/agregator1/src/framework/Middleware/MethodOverride.php(92): Slim\Middleware\Flash->call()
#14 /home/latihtal/public_html/agregator1/src/middlewares/CsrfGuard/CsrfGuard.php(47): Slim\Middleware\MethodOverride->call()
#15 /home/latihtal/public_html/agregator1/src/framework/Middleware/PrettyExceptions.php(67): spark\middlewares\CsrfGuard\CsrfGuard->call()
#16 /home/latihtal/public_html/agregator1/src/framework/Slim.php(1308): Slim\Middleware\PrettyExceptions->call()
#17 /home/latihtal/public_html/agregator1/index.php(6): Slim\Slim->run()
#18 {main} [] []
[2026-07-15 12:47:25] SlimMonoLogger.INFO: Cron ran at: 15-07-2026 12:47:25 PM [] []
[2026-07-15 12:47:39] SlimMonoLogger.INFO: Cron ran at: 15-07-2026 12:47:39 PM [] []
[2026-07-15 12:47:43] SlimMonoLogger.INFO: Cron ran at: 15-07-2026 12:47:43 PM [] []
[2026-07-15 12:47:51] SlimMonoLogger.INFO: Cron ran at: 15-07-2026 12:47:51 PM [] []
[2026-07-15 12:48:22] SlimMonoLogger.INFO: Cron ran at: 15-07-2026 12:48:22 PM [] []
[2026-07-15 12:48:35] SlimMonoLogger.INFO: Cron ran at: 15-07-2026 12:48:35 PM [] []
[2026-07-15 12:48:35] SlimMonoLogger.INFO: Cron ran at: 15-07-2026 12:48:35 PM [] []
[2026-07-15 12:48:42] SlimMonoLogger.INFO: Cron ran at: 15-07-2026 12:48:42 PM [] []
[2026-07-15 12:49:24] SlimMonoLogger.INFO: Cron ran at: 15-07-2026 12:49:24 PM [] []
[2026-07-15 12:49:25] SlimMonoLogger.INFO: Cron ran at: 15-07-2026 12:49:25 PM [] []
[2026-07-15 12:49:44] SlimMonoLogger.INFO: Cron ran at: 15-07-2026 12:49:44 PM [] []
[2026-07-15 12:49:53] SlimMonoLogger.INFO: Cron ran at: 15-07-2026 12:49:53 PM [] []
[2026-07-15 12:50:27] SlimMonoLogger.INFO: Cron ran at: 15-07-2026 12:50:27 PM [] []
[2026-07-15 12:50:29] SlimMonoLogger.INFO: Cron ran at: 15-07-2026 12:50:29 PM [] []
[2026-07-15 12:50:43] SlimMonoLogger.INFO: Cron ran at: 15-07-2026 12:50:43 PM [] []
[2026-07-15 12:50:51] SlimMonoLogger.INFO: Cron ran at: 15-07-2026 12:50:51 PM [] []
[2026-07-15 12:51:26] SlimMonoLogger.INFO: Cron ran at: 15-07-2026 12:51:26 PM [] []
[2026-07-15 12:51:30] SlimMonoLogger.INFO: Cron ran at: 15-07-2026 12:51:30 PM [] []
[2026-07-15 12:52:02] SlimMonoLogger.INFO: Cron ran at: 15-07-2026 12:52:02 PM [] []
[2026-07-15 12:52:04] SlimMonoLogger.INFO: Cron ran at: 15-07-2026 12:52:04 PM [] []
[2026-07-15 12:52:21] SlimMonoLogger.INFO: Cron ran at: 15-07-2026 12:52:21 PM [] []
[2026-07-15 12:52:31] SlimMonoLogger.INFO: Cron ran at: 15-07-2026 12:52:31 PM [] []
[2026-07-15 12:52:37] SlimMonoLogger.INFO: Cron ran at: 15-07-2026 12:52:37 PM [] []
[2026-07-15 12:52:44] SlimMonoLogger.INFO: Cron ran at: 15-07-2026 12:52:44 PM [] []
[2026-07-15 12:53:16] SlimMonoLogger.INFO: Cron ran at: 15-07-2026 12:53:16 PM [] []
[2026-07-15 12:53:29] SlimMonoLogger.INFO: Cron ran at: 15-07-2026 12:53:29 PM [] []
[2026-07-15 12:53:37] SlimMonoLogger.INFO: Cron ran at: 15-07-2026 12:53:37 PM [] []
[2026-07-15 12:53:56] SlimMonoLogger.INFO: Cron ran at: 15-07-2026 12:53:56 PM [] []
[2026-07-15 12:54:11] SlimMonoLogger.INFO: Cron ran at: 15-07-2026 12:54:11 PM [] []
[2026-07-15 12:54:17] SlimMonoLogger.INFO: Cron ran at: 15-07-2026 12:54:17 PM [] []
[2026-07-15 12:54:22] SlimMonoLogger.INFO: Cron ran at: 15-07-2026 12:54:22 PM [] []
[2026-07-15 12:54:52] SlimMonoLogger.INFO: Cron ran at: 15-07-2026 12:54:52 PM [] []
[2026-07-15 12:55:13] SlimMonoLogger.INFO: Cron ran at: 15-07-2026 12:55:13 PM [] []
[2026-07-15 12:55:15] SlimMonoLogger.INFO: Cron ran at: 15-07-2026 12:55:15 PM [] []
[2026-07-15 12:55:29] SlimMonoLogger.INFO: Cron ran at: 15-07-2026 12:55:29 PM [] []
[2026-07-15 12:55:34] SlimMonoLogger.INFO: Cron ran at: 15-07-2026 12:55:34 PM [] []
[2026-07-15 12:55:58] SlimMonoLogger.INFO: Cron ran at: 15-07-2026 12:55:58 PM [] []
[2026-07-15 12:55:59] SlimMonoLogger.INFO: Cron ran at: 15-07-2026 12:55:59 PM [] []
[2026-07-15 12:56:38] SlimMonoLogger.INFO: Cron ran at: 15-07-2026 12:56:38 PM [] []
[2026-07-15 12:56:41] SlimMonoLogger.INFO: Cron ran at: 15-07-2026 12:56:41 PM [] []
[2026-07-15 12:56:54] SlimMonoLogger.INFO: Cron ran at: 15-07-2026 12:56:54 PM [] []
[2026-07-15 12:56:55] SlimMonoLogger.INFO: Cron ran at: 15-07-2026 12:56:55 PM [] []
[2026-07-15 12:57:26] SlimMonoLogger.INFO: Cron ran at: 15-07-2026 12:57:26 PM [] []
[2026-07-15 12:57:34] SlimMonoLogger.INFO: Cron ran at: 15-07-2026 12:57:34 PM [] []
[2026-07-15 12:57:57] SlimMonoLogger.INFO: Cron ran at: 15-07-2026 12:57:57 PM [] []
[2026-07-15 12:57:59] SlimMonoLogger.INFO: Cron ran at: 15-07-2026 12:57:59 PM [] []
[2026-07-15 12:58:15] SlimMonoLogger.INFO: Cron ran at: 15-07-2026 12:58:15 PM [] []
[2026-07-15 12:58:35] SlimMonoLogger.INFO: Cron ran at: 15-07-2026 12:58:35 PM [] []
[2026-07-15 12:58:49] SlimMonoLogger.INFO: Cron ran at: 15-07-2026 12:58:49 PM [] []
[2026-07-15 12:58:58] SlimMonoLogger.INFO: Cron ran at: 15-07-2026 12:58:58 PM [] []
[2026-07-15 12:59:11] SlimMonoLogger.INFO: Cron ran at: 15-07-2026 12:59:11 PM [] []
[2026-07-15 12:59:37] SlimMonoLogger.INFO: Cron ran at: 15-07-2026 12:59:37 PM [] []
[2026-07-15 12:59:51] SlimMonoLogger.INFO: Cron ran at: 15-07-2026 12:59:51 PM [] []
[2026-07-15 12:59:56] SlimMonoLogger.INFO: Cron ran at: 15-07-2026 12:59:56 PM [] []
[2026-07-15 13:00:04] SlimMonoLogger.INFO: Cron ran at: 15-07-2026 01:00:04 PM [] []
[2026-07-15 13:00:50] SlimMonoLogger.INFO: Cron ran at: 15-07-2026 01:00:50 PM [] []
[2026-07-15 13:00:58] SlimMonoLogger.INFO: Cron ran at: 15-07-2026 01:00:58 PM [] []
[2026-07-15 13:00:59] SlimMonoLogger.INFO: Cron ran at: 15-07-2026 01:00:59 PM [] []
[2026-07-15 13:01:39] SlimMonoLogger.INFO: Cron ran at: 15-07-2026 01:01:39 PM [] []
[2026-07-15 13:01:52] SlimMonoLogger.INFO: Cron ran at: 15-07-2026 01:01:52 PM [] []
[2026-07-15 13:01:56] SlimMonoLogger.INFO: Cron ran at: 15-07-2026 01:01:56 PM [] []
[2026-07-15 13:01:56] SlimMonoLogger.INFO: Cron ran at: 15-07-2026 01:01:56 PM [] []
[2026-07-15 13:02:21] SlimMonoLogger.INFO: Cron ran at: 15-07-2026 01:02:21 PM [] []
[2026-07-15 13:02:57] SlimMonoLogger.INFO: Cron ran at: 15-07-2026 01:02:57 PM [] []
[2026-07-15 13:02:59] SlimMonoLogger.INFO: Cron ran at: 15-07-2026 01:02:59 PM [] []
[2026-07-15 13:03:05] SlimMonoLogger.INFO: Cron ran at: 15-07-2026 01:03:05 PM [] []
[2026-07-15 13:03:27] SlimMonoLogger.INFO: Cron ran at: 15-07-2026 01:03:27 PM [] []
[2026-07-15 13:03:50] SlimMonoLogger.INFO: Cron ran at: 15-07-2026 01:03:50 PM [] []
[2026-07-15 13:03:52] SlimMonoLogger.INFO: Cron ran at: 15-07-2026 01:03:52 PM [] []
[2026-07-15 13:03:58] SlimMonoLogger.INFO: Cron ran at: 15-07-2026 01:03:58 PM [] []
[2026-07-15 13:04:09] SlimMonoLogger.INFO: Cron ran at: 15-07-2026 01:04:09 PM [] []
[2026-07-15 13:04:53] SlimMonoLogger.INFO: Cron ran at: 15-07-2026 01:04:53 PM [] []
[2026-07-15 13:04:54] SlimMonoLogger.INFO: Cron ran at: 15-07-2026 01:04:54 PM [] []
[2026-07-15 13:04:57] SlimMonoLogger.INFO: Cron ran at: 15-07-2026 01:04:57 PM [] []
[2026-07-15 13:05:03] SlimMonoLogger.INFO: Cron ran at: 15-07-2026 01:05:03 PM [] []
[2026-07-15 13:05:51] SlimMonoLogger.INFO: Cron ran at: 15-07-2026 01:05:51 PM [] []
[2026-07-15 13:05:51] SlimMonoLogger.INFO: Cron ran at: 15-07-2026 01:05:51 PM [] []
[2026-07-15 13:05:59] SlimMonoLogger.INFO: Cron ran at: 15-07-2026 01:05:59 PM [] []
[2026-07-15 13:06:52] SlimMonoLogger.INFO: Cron ran at: 15-07-2026 01:06:52 PM [] []
[2026-07-15 13:06:53] SlimMonoLogger.INFO: Cron ran at: 15-07-2026 01:06:53 PM [] []
[2026-07-15 13:06:53] SlimMonoLogger.INFO: Cron ran at: 15-07-2026 01:06:53 PM [] []
[2026-07-15 13:06:57] SlimMonoLogger.INFO: Cron ran at: 15-07-2026 01:06:57 PM [] []
[2026-07-15 13:07:51] SlimMonoLogger.INFO: Cron ran at: 15-07-2026 01:07:51 PM [] []
[2026-07-15 13:07:51] SlimMonoLogger.INFO: Cron ran at: 15-07-2026 01:07:51 PM [] []
[2026-07-15 13:07:52] SlimMonoLogger.INFO: Cron ran at: 15-07-2026 01:07:52 PM [] []
[2026-07-15 13:07:53] SlimMonoLogger.INFO: Cron ran at: 15-07-2026 01:07:53 PM [] []
[2026-07-15 13:08:44] SlimMonoLogger.INFO: Cron ran at: 15-07-2026 01:08:44 PM [] []
[2026-07-15 13:08:46] SlimMonoLogger.INFO: Cron ran at: 15-07-2026 01:08:46 PM [] []
[2026-07-15 13:08:47] SlimMonoLogger.INFO: Cron ran at: 15-07-2026 01:08:47 PM [] []
[2026-07-15 13:08:47] SlimMonoLogger.INFO: Cron ran at: 15-07-2026 01:08:47 PM [] []
[2026-07-15 13:09:34] SlimMonoLogger.INFO: Cron ran at: 15-07-2026 01:09:34 PM [] []
[2026-07-15 13:09:46] SlimMonoLogger.INFO: Cron ran at: 15-07-2026 01:09:46 PM [] []
[2026-07-15 13:09:47] SlimMonoLogger.INFO: Cron ran at: 15-07-2026 01:09:47 PM [] []
[2026-07-15 13:09:49] SlimMonoLogger.INFO: Cron ran at: 15-07-2026 01:09:49 PM [] []
[2026-07-15 13:10:33] SlimMonoLogger.INFO: Cron ran at: 15-07-2026 01:10:33 PM [] []
[2026-07-15 13:10:49] SlimMonoLogger.INFO: Cron ran at: 15-07-2026 01:10:49 PM [] []
[2026-07-15 13:10:52] SlimMonoLogger.INFO: Cron ran at: 15-07-2026 01:10:52 PM [] []
[2026-07-15 13:11:31] SlimMonoLogger.INFO: Cron ran at: 15-07-2026 01:11:31 PM [] []
[2026-07-15 13:11:43] SlimMonoLogger.INFO: Cron ran at: 15-07-2026 01:11:43 PM [] []
[2026-07-15 13:11:49] SlimMonoLogger.INFO: Cron ran at: 15-07-2026 01:11:49 PM [] []
[2026-07-15 13:11:50] SlimMonoLogger.INFO: Cron ran at: 15-07-2026 01:11:50 PM [] []
[2026-07-15 13:12:15] SlimMonoLogger.INFO: Cron ran at: 15-07-2026 01:12:15 PM [] []
[2026-07-15 13:12:48] SlimMonoLogger.INFO: Cron ran at: 15-07-2026 01:12:48 PM [] []
[2026-07-15 13:12:50] SlimMonoLogger.INFO: Cron ran at: 15-07-2026 01:12:50 PM [] []
[2026-07-15 13:12:52] SlimMonoLogger.INFO: Cron ran at: 15-07-2026 01:12:52 PM [] []
[2026-07-15 13:13:27] SlimMonoLogger.INFO: Cron ran at: 15-07-2026 01:13:27 PM [] []
[2026-07-15 13:13:35] SlimMonoLogger.INFO: Cron ran at: 15-07-2026 01:13:35 PM [] []
[2026-07-15 13:13:43] SlimMonoLogger.INFO: Cron ran at: 15-07-2026 01:13:43 PM [] []
[2026-07-15 13:13:45] SlimMonoLogger.INFO: Cron ran at: 15-07-2026 01:13:45 PM [] []
[2026-07-15 13:14:15] SlimMonoLogger.INFO: Cron ran at: 15-07-2026 01:14:15 PM [] []
[2026-07-15 13:14:26] SlimMonoLogger.INFO: Cron ran at: 15-07-2026 01:14:26 PM [] []
[2026-07-15 13:14:42] SlimMonoLogger.INFO: Cron ran at: 15-07-2026 01:14:42 PM [] []
[2026-07-15 13:14:50] SlimMonoLogger.INFO: Cron ran at: 15-07-2026 01:14:50 PM [] []
[2026-07-15 13:15:10] SlimMonoLogger.INFO: Cron ran at: 15-07-2026 01:15:10 PM [] []
[2026-07-15 13:15:17] SlimMonoLogger.INFO: Cron ran at: 15-07-2026 01:15:17 PM [] []
[2026-07-15 13:15:54] SlimMonoLogger.INFO: Cron ran at: 15-07-2026 01:15:54 PM [] []
[2026-07-15 13:16:09] SlimMonoLogger.INFO: Cron ran at: 15-07-2026 01:16:09 PM [] []
[2026-07-15 13:16:14] SlimMonoLogger.INFO: Cron ran at: 15-07-2026 01:16:14 PM [] []
[2026-07-15 13:16:48] SlimMonoLogger.INFO: Cron ran at: 15-07-2026 01:16:48 PM [] []
[2026-07-15 13:16:53] SlimMonoLogger.INFO: Cron ran at: 15-07-2026 01:16:53 PM [] []
[2026-07-15 13:17:08] SlimMonoLogger.INFO: Cron ran at: 15-07-2026 01:17:08 PM [] []
[2026-07-15 13:17:10] SlimMonoLogger.INFO: Cron ran at: 15-07-2026 01:17:10 PM [] []
[2026-07-15 13:17:45] SlimMonoLogger.INFO: Cron ran at: 15-07-2026 01:17:45 PM [] []
[2026-07-15 13:17:49] SlimMonoLogger.INFO: Cron ran at: 15-07-2026 01:17:49 PM [] []
[2026-07-15 13:18:07] SlimMonoLogger.INFO: Cron ran at: 15-07-2026 01:18:07 PM [] []
[2026-07-15 13:18:07] SlimMonoLogger.INFO: Cron ran at: 15-07-2026 01:18:07 PM [] []
[2026-07-15 13:18:27] SlimMonoLogger.INFO: Cron ran at: 15-07-2026 01:18:27 PM [] []
[2026-07-15 13:18:28] SlimMonoLogger.INFO: Cron ran at: 15-07-2026 01:18:28 PM [] []
[2026-07-15 13:18:30] SlimMonoLogger.INFO: Cron ran at: 15-07-2026 01:18:30 PM [] []
[2026-07-15 13:18:36] SlimMonoLogger.INFO: Cron ran at: 15-07-2026 01:18:36 PM [] []
[2026-07-15 13:19:22] SlimMonoLogger.ERROR: PDOException: SQLSTATE[HY000]: General error: 2006 Server has gone away in /home/latihtal/public_html/agregator1/src/framework/PDO/Statement/StatementContainer.php:518
Stack trace:
#0 /home/latihtal/public_html/agregator1/src/framework/PDO/Statement/StatementContainer.php(518): PDO->prepare()
#1 /home/latihtal/public_html/agregator1/src/framework/PDO/Statement/StatementContainer.php(428): Slim\PDO\Statement\StatementContainer->getStatement()
#2 /home/latihtal/public_html/agregator1/src/framework/PDO/Statement/SelectStatement.php(411): Slim\PDO\Statement\StatementContainer->execute()
#3 /home/latihtal/public_html/agregator1/src/models/Model.php(212): Slim\PDO\Statement\SelectStatement->execute()
#4 /home/latihtal/public_html/agregator1/src/controllers/Dashboard/DashboardFeedsController.php(546): spark\models\Model->countRows()
#5 /home/latihtal/public_html/agregator1/src/controllers/Site/SiteController.php(722): spark\controllers\Dashboard\DashboardFeedsController::importFeedPosts()
#6 [internal function]: spark\controllers\Site\SiteController->runTasks()
#7 /home/latihtal/public_html/agregator1/src/framework/Route.php(173): call_user_func_array()
#8 [internal function]: Slim\Route->Slim\{closure}()
#9 /home/latihtal/public_html/agregator1/src/framework/Route.php(468): call_user_func_array()
#10 /home/latihtal/public_html/agregator1/src/framework/Slim.php(1364): Slim\Route->dispatch()
#11 /home/latihtal/public_html/agregator1/src/framework/Middleware/Flash.php(85): Slim\Slim->call()
#12 /home/latihtal/public_html/agregator1/src/framework/Middleware/MethodOverride.php(92): Slim\Middleware\Flash->call()
#13 /home/latihtal/public_html/agregator1/src/middlewares/CsrfGuard/CsrfGuard.php(47): Slim\Middleware\MethodOverride->call()
#14 /home/latihtal/public_html/agregator1/src/framework/Middleware/PrettyExceptions.php(67): spark\middlewares\CsrfGuard\CsrfGuard->call()
#15 /home/latihtal/public_html/agregator1/src/framework/Slim.php(1308): Slim\Middleware\PrettyExceptions->call()
#16 /home/latihtal/public_html/agregator1/index.php(6): Slim\Slim->run()
#17 {main} [] []
[2026-07-15 13:19:22] SlimMonoLogger.ERROR: PDOException: SQLSTATE[HY000]: General error: 2006 Server has gone away in /home/latihtal/public_html/agregator1/src/framework/PDO/Statement/StatementContainer.php:518
Stack trace:
#0 /home/latihtal/public_html/agregator1/src/framework/PDO/Statement/StatementContainer.php(518): PDO->prepare()
#1 /home/latihtal/public_html/agregator1/src/framework/PDO/Statement/StatementContainer.php(428): Slim\PDO\Statement\StatementContainer->getStatement()
#2 /home/latihtal/public_html/agregator1/src/framework/PDO/Statement/SelectStatement.php(411): Slim\PDO\Statement\StatementContainer->execute()
#3 /home/latihtal/public_html/agregator1/src/models/Model.php(212): Slim\PDO\Statement\SelectStatement->execute()
#4 /home/latihtal/public_html/agregator1/src/controllers/Dashboard/DashboardFeedsController.php(546): spark\models\Model->countRows()
#5 /home/latihtal/public_html/agregator1/src/controllers/Site/SiteController.php(722): spark\controllers\Dashboard\DashboardFeedsController::importFeedPosts()
#6 [internal function]: spark\controllers\Site\SiteController->runTasks()
#7 /home/latihtal/public_html/agregator1/src/framework/Route.php(173): call_user_func_array()
#8 [internal function]: Slim\Route->Slim\{closure}()
#9 /home/latihtal/public_html/agregator1/src/framework/Route.php(468): call_user_func_array()
#10 /home/latihtal/public_html/agregator1/src/framework/Slim.php(1364): Slim\Route->dispatch()
#11 /home/latihtal/public_html/agregator1/src/framework/Middleware/Flash.php(85): Slim\Slim->call()
#12 /home/latihtal/public_html/agregator1/src/framework/Middleware/MethodOverride.php(92): Slim\Middleware\Flash->call()
#13 /home/latihtal/public_html/agregator1/src/middlewares/CsrfGuard/CsrfGuard.php(47): Slim\Middleware\MethodOverride->call()
#14 /home/latihtal/public_html/agregator1/src/framework/Middleware/PrettyExceptions.php(67): spark\middlewares\CsrfGuard\CsrfGuard->call()
#15 /home/latihtal/public_html/agregator1/src/framework/Slim.php(1308): Slim\Middleware\PrettyExceptions->call()
#16 /home/latihtal/public_html/agregator1/index.php(6): Slim\Slim->run()
#17 {main} [] []
[2026-07-15 13:19:25] SlimMonoLogger.ERROR: PDOException: SQLSTATE[HY000]: General error: 2006 Server has gone away in /home/latihtal/public_html/agregator1/src/framework/PDO/Statement/StatementContainer.php:518
Stack trace:
#0 /home/latihtal/public_html/agregator1/src/framework/PDO/Statement/StatementContainer.php(518): PDO->prepare()
#1 /home/latihtal/public_html/agregator1/src/framework/PDO/Statement/StatementContainer.php(428): Slim\PDO\Statement\StatementContainer->getStatement()
#2 /home/latihtal/public_html/agregator1/src/framework/PDO/Statement/SelectStatement.php(411): Slim\PDO\Statement\StatementContainer->execute()
#3 /home/latihtal/public_html/agregator1/src/models/Model.php(212): Slim\PDO\Statement\SelectStatement->execute()
#4 /home/latihtal/public_html/agregator1/src/controllers/Dashboard/DashboardFeedsController.php(546): spark\models\Model->countRows()
#5 /home/latihtal/public_html/agregator1/src/controllers/Site/SiteController.php(722): spark\controllers\Dashboard\DashboardFeedsController::importFeedPosts()
#6 [internal function]: spark\controllers\Site\SiteController->runTasks()
#7 /home/latihtal/public_html/agregator1/src/framework/Route.php(173): call_user_func_array()
#8 [internal function]: Slim\Route->Slim\{closure}()
#9 /home/latihtal/public_html/agregator1/src/framework/Route.php(468): call_user_func_array()
#10 /home/latihtal/public_html/agregator1/src/framework/Slim.php(1364): Slim\Route->dispatch()
#11 /home/latihtal/public_html/agregator1/src/framework/Middleware/Flash.php(85): Slim\Slim->call()
#12 /home/latihtal/public_html/agregator1/src/framework/Middleware/MethodOverride.php(92): Slim\Middleware\Flash->call()
#13 /home/latihtal/public_html/agregator1/src/middlewares/CsrfGuard/CsrfGuard.php(47): Slim\Middleware\MethodOverride->call()
#14 /home/latihtal/public_html/agregator1/src/framework/Middleware/PrettyExceptions.php(67): spark\middlewares\CsrfGuard\CsrfGuard->call()
#15 /home/latihtal/public_html/agregator1/src/framework/Slim.php(1308): Slim\Middleware\PrettyExceptions->call()
#16 /home/latihtal/public_html/agregator1/index.php(6): Slim\Slim->run()
#17 {main} [] []
[2026-07-15 13:19:26] SlimMonoLogger.ERROR: PDOException: SQLSTATE[HY000]: General error: 2006 Server has gone away in /home/latihtal/public_html/agregator1/src/framework/PDO/Statement/StatementContainer.php:518
Stack trace:
#0 /home/latihtal/public_html/agregator1/src/framework/PDO/Statement/StatementContainer.php(518): PDO->prepare()
#1 /home/latihtal/public_html/agregator1/src/framework/PDO/Statement/StatementContainer.php(428): Slim\PDO\Statement\StatementContainer->getStatement()
#2 /home/latihtal/public_html/agregator1/src/framework/PDO/Statement/SelectStatement.php(411): Slim\PDO\Statement\StatementContainer->execute()
#3 /home/latihtal/public_html/agregator1/src/models/Model.php(212): Slim\PDO\Statement\SelectStatement->execute()
#4 /home/latihtal/public_html/agregator1/src/controllers/Dashboard/DashboardFeedsController.php(546): spark\models\Model->countRows()
#5 /home/latihtal/public_html/agregator1/src/controllers/Site/SiteController.php(722): spark\controllers\Dashboard\DashboardFeedsController::importFeedPosts()
#6 [internal function]: spark\controllers\Site\SiteController->runTasks()
#7 /home/latihtal/public_html/agregator1/src/framework/Route.php(173): call_user_func_array()
#8 [internal function]: Slim\Route->Slim\{closure}()
#9 /home/latihtal/public_html/agregator1/src/framework/Route.php(468): call_user_func_array()
#10 /home/latihtal/public_html/agregator1/src/framework/Slim.php(1364): Slim\Route->dispatch()
#11 /home/latihtal/public_html/agregator1/src/framework/Middleware/Flash.php(85): Slim\Slim->call()
#12 /home/latihtal/public_html/agregator1/src/framework/Middleware/MethodOverride.php(92): Slim\Middleware\Flash->call()
#13 /home/latihtal/public_html/agregator1/src/middlewares/CsrfGuard/CsrfGuard.php(47): Slim\Middleware\MethodOverride->call()
#14 /home/latihtal/public_html/agregator1/src/framework/Middleware/PrettyExceptions.php(67): spark\middlewares\CsrfGuard\CsrfGuard->call()
#15 /home/latihtal/public_html/agregator1/src/framework/Slim.php(1308): Slim\Middleware\PrettyExceptions->call()
#16 /home/latihtal/public_html/agregator1/index.php(6): Slim\Slim->run()
#17 {main} [] []
[2026-07-15 13:21:29] SlimMonoLogger.INFO: Cron ran at: 15-07-2026 01:21:29 PM [] []
[2026-07-15 13:22:19] SlimMonoLogger.INFO: Cron ran at: 15-07-2026 01:22:19 PM [] []
[2026-07-15 13:23:12] SlimMonoLogger.INFO: Cron ran at: 15-07-2026 01:23:12 PM [] []
[2026-07-15 13:24:03] SlimMonoLogger.INFO: Cron ran at: 15-07-2026 01:24:03 PM [] []
[2026-07-15 13:37:29] SlimMonoLogger.INFO: Cron ran at: 15-07-2026 01:37:29 PM [] []
[2026-07-15 13:38:06] SlimMonoLogger.INFO: Cron ran at: 15-07-2026 01:38:06 PM [] []
[2026-07-15 13:38:51] SlimMonoLogger.INFO: Cron ran at: 15-07-2026 01:38:51 PM [] []
[2026-07-15 13:39:43] SlimMonoLogger.INFO: Cron ran at: 15-07-2026 01:39:43 PM [] []
[2026-07-15 13:40:41] SlimMonoLogger.INFO: Cron ran at: 15-07-2026 01:40:41 PM [] []
[2026-07-15 13:41:30] SlimMonoLogger.INFO: Cron ran at: 15-07-2026 01:41:30 PM [] []
[2026-07-15 13:41:43] SlimMonoLogger.INFO: Cron ran at: 15-07-2026 01:41:43 PM [] []
[2026-07-15 13:42:28] SlimMonoLogger.INFO: Cron ran at: 15-07-2026 01:42:28 PM [] []
[2026-07-15 13:42:32] SlimMonoLogger.INFO: Cron ran at: 15-07-2026 01:42:32 PM [] []
[2026-07-15 13:43:24] SlimMonoLogger.INFO: Cron ran at: 15-07-2026 01:43:24 PM [] []
[2026-07-15 13:43:24] SlimMonoLogger.INFO: Cron ran at: 15-07-2026 01:43:24 PM [] []
[2026-07-15 13:44:17] SlimMonoLogger.INFO: Cron ran at: 15-07-2026 01:44:17 PM [] []
[2026-07-15 13:44:19] SlimMonoLogger.INFO: Cron ran at: 15-07-2026 01:44:19 PM [] []
[2026-07-15 13:45:19] SlimMonoLogger.INFO: Cron ran at: 15-07-2026 01:45:19 PM [] []
[2026-07-15 13:45:23] SlimMonoLogger.INFO: Cron ran at: 15-07-2026 01:45:23 PM [] []
[2026-07-15 13:46:11] SlimMonoLogger.INFO: Cron ran at: 15-07-2026 01:46:11 PM [] []
[2026-07-15 13:46:21] SlimMonoLogger.INFO: Cron ran at: 15-07-2026 01:46:21 PM [] []
[2026-07-15 13:47:00] SlimMonoLogger.INFO: Cron ran at: 15-07-2026 01:47:00 PM [] []
[2026-07-15 13:47:01] SlimMonoLogger.INFO: Cron ran at: 15-07-2026 01:47:01 PM [] []
[2026-07-15 13:47:20] SlimMonoLogger.INFO: Cron ran at: 15-07-2026 01:47:20 PM [] []
[2026-07-15 13:47:51] SlimMonoLogger.INFO: Cron ran at: 15-07-2026 01:47:51 PM [] []
[2026-07-15 13:48:01] SlimMonoLogger.INFO: Cron ran at: 15-07-2026 01:48:01 PM [] []
[2026-07-15 13:48:20] SlimMonoLogger.INFO: Cron ran at: 15-07-2026 01:48:20 PM [] []
[2026-07-15 13:48:40] SlimMonoLogger.INFO: Cron ran at: 15-07-2026 01:48:40 PM [] []
[2026-07-15 13:48:59] SlimMonoLogger.INFO: Cron ran at: 15-07-2026 01:48:59 PM [] []
[2026-07-15 13:49:22] SlimMonoLogger.INFO: Cron ran at: 15-07-2026 01:49:22 PM [] []
[2026-07-15 13:49:33] SlimMonoLogger.INFO: Cron ran at: 15-07-2026 01:49:33 PM [] []
[2026-07-15 13:49:57] SlimMonoLogger.INFO: Cron ran at: 15-07-2026 01:49:57 PM [] []
[2026-07-15 13:50:25] SlimMonoLogger.INFO: Cron ran at: 15-07-2026 01:50:25 PM [] []
[2026-07-15 13:50:41] SlimMonoLogger.INFO: Cron ran at: 15-07-2026 01:50:41 PM [] []
[2026-07-15 13:51:04] SlimMonoLogger.INFO: Cron ran at: 15-07-2026 01:51:04 PM [] []
[2026-07-15 13:51:23] SlimMonoLogger.INFO: Cron ran at: 15-07-2026 01:51:23 PM [] []
[2026-07-15 13:51:26] SlimMonoLogger.INFO: Cron ran at: 15-07-2026 01:51:26 PM [] []
[2026-07-15 13:51:48] SlimMonoLogger.INFO: Cron ran at: 15-07-2026 01:51:48 PM [] []
[2026-07-15 13:52:02] SlimMonoLogger.INFO: Cron ran at: 15-07-2026 01:52:02 PM [] []
[2026-07-15 13:52:25] SlimMonoLogger.INFO: Cron ran at: 15-07-2026 01:52:25 PM [] []
[2026-07-15 13:52:25] SlimMonoLogger.INFO: Cron ran at: 15-07-2026 01:52:25 PM [] []
[2026-07-15 13:52:43] SlimMonoLogger.INFO: Cron ran at: 15-07-2026 01:52:43 PM [] []
[2026-07-15 13:53:07] SlimMonoLogger.INFO: Cron ran at: 15-07-2026 01:53:07 PM [] []
[2026-07-15 13:53:21] SlimMonoLogger.INFO: Cron ran at: 15-07-2026 01:53:21 PM [] []
[2026-07-15 13:53:24] SlimMonoLogger.INFO: Cron ran at: 15-07-2026 01:53:24 PM [] []
[2026-07-15 13:53:32] SlimMonoLogger.INFO: Cron ran at: 15-07-2026 01:53:32 PM [] []
[2026-07-15 13:54:00] SlimMonoLogger.INFO: Cron ran at: 15-07-2026 01:54:00 PM [] []
[2026-07-15 13:54:19] SlimMonoLogger.INFO: Cron ran at: 15-07-2026 01:54:19 PM [] []
[2026-07-15 13:54:23] SlimMonoLogger.INFO: Cron ran at: 15-07-2026 01:54:23 PM [] []
[2026-07-15 13:54:24] SlimMonoLogger.INFO: Cron ran at: 15-07-2026 01:54:24 PM [] []
[2026-07-15 13:55:06] SlimMonoLogger.INFO: Cron ran at: 15-07-2026 01:55:06 PM [] []
[2026-07-15 13:55:14] SlimMonoLogger.INFO: Cron ran at: 15-07-2026 01:55:14 PM [] []
[2026-07-15 13:55:15] SlimMonoLogger.INFO: Cron ran at: 15-07-2026 01:55:15 PM [] []
[2026-07-15 13:55:20] SlimMonoLogger.INFO: Cron ran at: 15-07-2026 01:55:20 PM [] []
[2026-07-15 13:56:06] SlimMonoLogger.INFO: Cron ran at: 15-07-2026 01:56:06 PM [] []
[2026-07-15 13:56:16] SlimMonoLogger.INFO: Cron ran at: 15-07-2026 01:56:16 PM [] []
[2026-07-15 13:56:17] SlimMonoLogger.INFO: Cron ran at: 15-07-2026 01:56:17 PM [] []
[2026-07-15 13:56:58] SlimMonoLogger.INFO: Cron ran at: 15-07-2026 01:56:58 PM [] []
[2026-07-15 13:57:02] SlimMonoLogger.INFO: Cron ran at: 15-07-2026 01:57:02 PM [] []
[2026-07-15 13:57:11] SlimMonoLogger.INFO: Cron ran at: 15-07-2026 01:57:11 PM [] []
[2026-07-15 13:57:13] SlimMonoLogger.INFO: Cron ran at: 15-07-2026 01:57:13 PM [] []
[2026-07-15 13:57:47] SlimMonoLogger.INFO: Cron ran at: 15-07-2026 01:57:47 PM [] []
[2026-07-15 13:58:05] SlimMonoLogger.INFO: Cron ran at: 15-07-2026 01:58:05 PM [] []
[2026-07-15 13:58:07] SlimMonoLogger.INFO: Cron ran at: 15-07-2026 01:58:07 PM [] []
[2026-07-15 13:58:15] SlimMonoLogger.INFO: Cron ran at: 15-07-2026 01:58:15 PM [] []
[2026-07-15 13:58:43] SlimMonoLogger.INFO: Cron ran at: 15-07-2026 01:58:43 PM [] []
[2026-07-15 13:59:04] SlimMonoLogger.INFO: Cron ran at: 15-07-2026 01:59:04 PM [] []
[2026-07-15 13:59:05] SlimMonoLogger.INFO: Cron ran at: 15-07-2026 01:59:05 PM [] []
[2026-07-15 13:59:18] SlimMonoLogger.INFO: Cron ran at: 15-07-2026 01:59:18 PM [] []
[2026-07-15 13:59:35] SlimMonoLogger.INFO: Cron ran at: 15-07-2026 01:59:35 PM [] []
[2026-07-15 14:00:03] SlimMonoLogger.INFO: Cron ran at: 15-07-2026 02:00:03 PM [] []
[2026-07-15 14:00:05] SlimMonoLogger.INFO: Cron ran at: 15-07-2026 02:00:05 PM [] []
[2026-07-15 14:00:17] SlimMonoLogger.INFO: Cron ran at: 15-07-2026 02:00:17 PM [] []
[2026-07-15 14:00:27] SlimMonoLogger.INFO: Cron ran at: 15-07-2026 02:00:27 PM [] []
[2026-07-15 14:01:12] SlimMonoLogger.INFO: Cron ran at: 15-07-2026 02:01:12 PM [] []
[2026-07-15 14:01:26] SlimMonoLogger.INFO: Cron ran at: 15-07-2026 02:01:26 PM [] []
[2026-07-15 14:01:29] SlimMonoLogger.INFO: Cron ran at: 15-07-2026 02:01:29 PM [] []
[2026-07-15 14:01:57] SlimMonoLogger.INFO: Cron ran at: 15-07-2026 02:01:57 PM [] []
[2026-07-15 14:02:06] SlimMonoLogger.INFO: Cron ran at: 15-07-2026 02:02:06 PM [] []
[2026-07-15 14:02:17] SlimMonoLogger.INFO: Cron ran at: 15-07-2026 02:02:17 PM [] []
[2026-07-15 14:02:19] SlimMonoLogger.INFO: Cron ran at: 15-07-2026 02:02:19 PM [] []
[2026-07-15 14:02:47] SlimMonoLogger.INFO: Cron ran at: 15-07-2026 02:02:47 PM [] []
[2026-07-15 14:03:08] SlimMonoLogger.INFO: Cron ran at: 15-07-2026 02:03:08 PM [] []
[2026-07-15 14:03:14] SlimMonoLogger.INFO: Cron ran at: 15-07-2026 02:03:14 PM [] []
[2026-07-15 14:03:18] SlimMonoLogger.INFO: Cron ran at: 15-07-2026 02:03:18 PM [] []
[2026-07-15 14:03:38] SlimMonoLogger.INFO: Cron ran at: 15-07-2026 02:03:38 PM [] []
[2026-07-15 14:04:04] SlimMonoLogger.INFO: Cron ran at: 15-07-2026 02:04:04 PM [] []
[2026-07-15 14:04:12] SlimMonoLogger.INFO: Cron ran at: 15-07-2026 02:04:12 PM [] []
[2026-07-15 14:04:20] SlimMonoLogger.INFO: Cron ran at: 15-07-2026 02:04:20 PM [] []
[2026-07-15 14:04:31] SlimMonoLogger.INFO: Cron ran at: 15-07-2026 02:04:31 PM [] []
[2026-07-15 14:05:09] SlimMonoLogger.INFO: Cron ran at: 15-07-2026 02:05:09 PM [] []
[2026-07-15 14:05:14] SlimMonoLogger.INFO: Cron ran at: 15-07-2026 02:05:14 PM [] []
[2026-07-15 14:05:21] SlimMonoLogger.INFO: Cron ran at: 15-07-2026 02:05:21 PM [] []
[2026-07-15 14:05:24] SlimMonoLogger.INFO: Cron ran at: 15-07-2026 02:05:24 PM [] []
[2026-07-15 14:06:06] SlimMonoLogger.INFO: Cron ran at: 15-07-2026 02:06:06 PM [] []
[2026-07-15 14:06:17] SlimMonoLogger.INFO: Cron ran at: 15-07-2026 02:06:17 PM [] []
[2026-07-15 14:06:21] SlimMonoLogger.INFO: Cron ran at: 15-07-2026 02:06:21 PM [] []
[2026-07-15 14:06:53] SlimMonoLogger.INFO: Cron ran at: 15-07-2026 02:06:53 PM [] []
[2026-07-15 14:07:09] SlimMonoLogger.INFO: Cron ran at: 15-07-2026 02:07:09 PM [] []
[2026-07-15 14:07:17] SlimMonoLogger.INFO: Cron ran at: 15-07-2026 02:07:17 PM [] []
[2026-07-15 14:07:18] SlimMonoLogger.INFO: Cron ran at: 15-07-2026 02:07:18 PM [] []
[2026-07-15 14:07:50] SlimMonoLogger.INFO: Cron ran at: 15-07-2026 02:07:50 PM [] []
[2026-07-15 14:08:14] SlimMonoLogger.INFO: Cron ran at: 15-07-2026 02:08:14 PM [] []
[2026-07-15 14:08:15] SlimMonoLogger.INFO: Cron ran at: 15-07-2026 02:08:15 PM [] []
[2026-07-15 14:08:17] SlimMonoLogger.INFO: Cron ran at: 15-07-2026 02:08:17 PM [] []
[2026-07-15 14:08:35] SlimMonoLogger.INFO: Cron ran at: 15-07-2026 02:08:35 PM [] []
[2026-07-15 14:09:17] SlimMonoLogger.INFO: Cron ran at: 15-07-2026 02:09:17 PM [] []
[2026-07-15 14:09:22] SlimMonoLogger.INFO: Cron ran at: 15-07-2026 02:09:22 PM [] []
[2026-07-15 14:09:22] SlimMonoLogger.INFO: Cron ran at: 15-07-2026 02:09:22 PM [] []
[2026-07-15 14:09:42] SlimMonoLogger.INFO: Cron ran at: 15-07-2026 02:09:42 PM [] []
[2026-07-15 14:10:18] SlimMonoLogger.INFO: Cron ran at: 15-07-2026 02:10:18 PM [] []
[2026-07-15 14:10:18] SlimMonoLogger.INFO: Cron ran at: 15-07-2026 02:10:18 PM [] []
[2026-07-15 14:10:19] SlimMonoLogger.INFO: Cron ran at: 15-07-2026 02:10:19 PM [] []
[2026-07-15 14:10:22] SlimMonoLogger.INFO: Cron ran at: 15-07-2026 02:10:22 PM [] []
[2026-07-15 14:11:18] SlimMonoLogger.INFO: Cron ran at: 15-07-2026 02:11:18 PM [] []
[2026-07-15 14:11:18] SlimMonoLogger.INFO: Cron ran at: 15-07-2026 02:11:18 PM [] []
[2026-07-15 14:11:18] SlimMonoLogger.INFO: Cron ran at: 15-07-2026 02:11:18 PM [] []
[2026-07-15 14:11:55] SlimMonoLogger.INFO: Cron ran at: 15-07-2026 02:11:55 PM [] []
[2026-07-15 14:12:13] SlimMonoLogger.INFO: Cron ran at: 15-07-2026 02:12:13 PM [] []
[2026-07-15 14:12:13] SlimMonoLogger.INFO: Cron ran at: 15-07-2026 02:12:13 PM [] []
[2026-07-15 14:12:16] SlimMonoLogger.INFO: Cron ran at: 15-07-2026 02:12:16 PM [] []
[2026-07-15 14:12:48] SlimMonoLogger.INFO: Cron ran at: 15-07-2026 02:12:48 PM [] []
[2026-07-15 14:13:15] SlimMonoLogger.INFO: Cron ran at: 15-07-2026 02:13:15 PM [] []
[2026-07-15 14:13:19] SlimMonoLogger.INFO: Cron ran at: 15-07-2026 02:13:19 PM [] []
[2026-07-15 14:13:19] SlimMonoLogger.INFO: Cron ran at: 15-07-2026 02:13:19 PM [] []
[2026-07-15 14:13:37] SlimMonoLogger.INFO: Cron ran at: 15-07-2026 02:13:37 PM [] []
[2026-07-15 14:14:14] SlimMonoLogger.INFO: Cron ran at: 15-07-2026 02:14:14 PM [] []
[2026-07-15 14:14:14] SlimMonoLogger.INFO: Cron ran at: 15-07-2026 02:14:14 PM [] []
[2026-07-15 14:14:20] SlimMonoLogger.INFO: Cron ran at: 15-07-2026 02:14:20 PM [] []
[2026-07-15 14:14:27] SlimMonoLogger.INFO: Cron ran at: 15-07-2026 02:14:27 PM [] []
[2026-07-15 14:15:11] SlimMonoLogger.INFO: Cron ran at: 15-07-2026 02:15:11 PM [] []
[2026-07-15 14:15:13] SlimMonoLogger.INFO: Cron ran at: 15-07-2026 02:15:13 PM [] []
[2026-07-15 14:15:13] SlimMonoLogger.INFO: Cron ran at: 15-07-2026 02:15:13 PM [] []
[2026-07-15 14:15:18] SlimMonoLogger.INFO: Cron ran at: 15-07-2026 02:15:18 PM [] []
[2026-07-15 14:16:12] SlimMonoLogger.INFO: Cron ran at: 15-07-2026 02:16:12 PM [] []
[2026-07-15 14:16:13] SlimMonoLogger.INFO: Cron ran at: 15-07-2026 02:16:13 PM [] []
[2026-07-15 14:16:13] SlimMonoLogger.INFO: Cron ran at: 15-07-2026 02:16:13 PM [] []
[2026-07-15 14:17:03] SlimMonoLogger.INFO: Cron ran at: 15-07-2026 02:17:03 PM [] []
[2026-07-15 14:17:17] SlimMonoLogger.INFO: Cron ran at: 15-07-2026 02:17:17 PM [] []
[2026-07-15 14:17:17] SlimMonoLogger.INFO: Cron ran at: 15-07-2026 02:17:17 PM [] []
[2026-07-15 14:17:19] SlimMonoLogger.INFO: Cron ran at: 15-07-2026 02:17:19 PM [] []
[2026-07-15 14:17:58] SlimMonoLogger.INFO: Cron ran at: 15-07-2026 02:17:58 PM [] []
[2026-07-15 14:18:18] SlimMonoLogger.INFO: Cron ran at: 15-07-2026 02:18:18 PM [] []
[2026-07-15 14:18:18] SlimMonoLogger.INFO: Cron ran at: 15-07-2026 02:18:18 PM [] []
[2026-07-15 14:18:20] SlimMonoLogger.INFO: Cron ran at: 15-07-2026 02:18:20 PM [] []
[2026-07-15 14:18:54] SlimMonoLogger.INFO: Cron ran at: 15-07-2026 02:18:54 PM [] []
[2026-07-15 14:19:13] SlimMonoLogger.INFO: Cron ran at: 15-07-2026 02:19:13 PM [] []
[2026-07-15 14:19:13] SlimMonoLogger.INFO: Cron ran at: 15-07-2026 02:19:13 PM [] []
[2026-07-15 14:19:17] SlimMonoLogger.INFO: Cron ran at: 15-07-2026 02:19:17 PM [] []
[2026-07-15 14:19:38] SlimMonoLogger.INFO: Cron ran at: 15-07-2026 02:19:38 PM [] []
[2026-07-15 14:20:12] SlimMonoLogger.INFO: Cron ran at: 15-07-2026 02:20:12 PM [] []
[2026-07-15 14:20:12] SlimMonoLogger.INFO: Cron ran at: 15-07-2026 02:20:12 PM [] []
[2026-07-15 14:20:13] SlimMonoLogger.INFO: Cron ran at: 15-07-2026 02:20:13 PM [] []
[2026-07-15 14:20:26] SlimMonoLogger.INFO: Cron ran at: 15-07-2026 02:20:26 PM [] []
[2026-07-15 14:21:08] SlimMonoLogger.INFO: Cron ran at: 15-07-2026 02:21:08 PM [] []
[2026-07-15 14:21:09] SlimMonoLogger.INFO: Cron ran at: 15-07-2026 02:21:09 PM [] []
[2026-07-15 14:21:28] SlimMonoLogger.INFO: Cron ran at: 15-07-2026 02:21:28 PM [] []
[2026-07-15 14:21:34] SlimMonoLogger.INFO: Cron ran at: 15-07-2026 02:21:34 PM [] []
[2026-07-15 14:22:08] SlimMonoLogger.INFO: Cron ran at: 15-07-2026 02:22:08 PM [] []
[2026-07-15 14:22:09] SlimMonoLogger.INFO: Cron ran at: 15-07-2026 02:22:09 PM [] []
[2026-07-15 14:22:20] SlimMonoLogger.INFO: Cron ran at: 15-07-2026 02:22:20 PM [] []
[2026-07-15 14:22:29] SlimMonoLogger.INFO: Cron ran at: 15-07-2026 02:22:29 PM [] []
[2026-07-15 14:23:19] SlimMonoLogger.INFO: Cron ran at: 15-07-2026 02:23:19 PM [] []
[2026-07-15 14:23:19] SlimMonoLogger.INFO: Cron ran at: 15-07-2026 02:23:19 PM [] []
[2026-07-15 14:23:20] SlimMonoLogger.INFO: Cron ran at: 15-07-2026 02:23:20 PM [] []
[2026-07-15 14:23:20] SlimMonoLogger.INFO: Cron ran at: 15-07-2026 02:23:20 PM [] []
[2026-07-15 14:24:09] SlimMonoLogger.INFO: Cron ran at: 15-07-2026 02:24:09 PM [] []
[2026-07-15 14:24:10] SlimMonoLogger.INFO: Cron ran at: 15-07-2026 02:24:10 PM [] []
[2026-07-15 14:24:10] SlimMonoLogger.INFO: Cron ran at: 15-07-2026 02:24:10 PM [] []
[2026-07-15 14:24:18] SlimMonoLogger.INFO: Cron ran at: 15-07-2026 02:24:18 PM [] []
[2026-07-15 14:25:06] SlimMonoLogger.INFO: Cron ran at: 15-07-2026 02:25:06 PM [] []
[2026-07-15 14:25:09] SlimMonoLogger.INFO: Cron ran at: 15-07-2026 02:25:09 PM [] []
[2026-07-15 14:25:10] SlimMonoLogger.INFO: Cron ran at: 15-07-2026 02:25:10 PM [] []
[2026-07-15 14:25:18] SlimMonoLogger.INFO: Cron ran at: 15-07-2026 02:25:18 PM [] []
[2026-07-15 14:25:56] SlimMonoLogger.INFO: Cron ran at: 15-07-2026 02:25:56 PM [] []
[2026-07-15 14:26:09] SlimMonoLogger.INFO: Cron ran at: 15-07-2026 02:26:09 PM [] []
[2026-07-15 14:26:18] SlimMonoLogger.INFO: Cron ran at: 15-07-2026 02:26:18 PM [] []
[2026-07-15 14:27:04] SlimMonoLogger.INFO: Cron ran at: 15-07-2026 02:27:04 PM [] []
[2026-07-15 14:27:06] SlimMonoLogger.INFO: Cron ran at: 15-07-2026 02:27:06 PM [] []
[2026-07-15 14:27:09] SlimMonoLogger.INFO: Cron ran at: 15-07-2026 02:27:09 PM [] []
[2026-07-15 14:27:18] SlimMonoLogger.INFO: Cron ran at: 15-07-2026 02:27:18 PM [] []
[2026-07-15 14:28:41] SlimMonoLogger.INFO: Cron ran at: 15-07-2026 02:28:41 PM [] []
[2026-07-15 14:28:42] SlimMonoLogger.INFO: Cron ran at: 15-07-2026 02:28:42 PM [] []
[2026-07-15 14:32:05] SlimMonoLogger.INFO: Cron ran at: 15-07-2026 02:32:05 PM [] []
[2026-07-15 14:32:47] SlimMonoLogger.INFO: Cron ran at: 15-07-2026 02:32:47 PM [] []
[2026-07-15 14:33:36] SlimMonoLogger.INFO: Cron ran at: 15-07-2026 02:33:36 PM [] []
[2026-07-15 14:34:31] SlimMonoLogger.INFO: Cron ran at: 15-07-2026 02:34:31 PM [] []
[2026-07-15 14:35:25] SlimMonoLogger.INFO: Cron ran at: 15-07-2026 02:35:25 PM [] []
[2026-07-15 14:36:21] SlimMonoLogger.INFO: Cron ran at: 15-07-2026 02:36:21 PM [] []
[2026-07-15 14:36:23] SlimMonoLogger.INFO: Cron ran at: 15-07-2026 02:36:23 PM [] []
[2026-07-15 14:37:11] SlimMonoLogger.INFO: Cron ran at: 15-07-2026 02:37:11 PM [] []
[2026-07-15 14:37:11] SlimMonoLogger.INFO: Cron ran at: 15-07-2026 02:37:11 PM [] []
[2026-07-15 14:38:05] SlimMonoLogger.INFO: Cron ran at: 15-07-2026 02:38:05 PM [] []
[2026-07-15 14:38:12] SlimMonoLogger.INFO: Cron ran at: 15-07-2026 02:38:12 PM [] []
[2026-07-15 14:39:05] SlimMonoLogger.INFO: Cron ran at: 15-07-2026 02:39:05 PM [] []
[2026-07-15 14:39:06] SlimMonoLogger.INFO: Cron ran at: 15-07-2026 02:39:06 PM [] []
[2026-07-15 14:39:50] SlimMonoLogger.INFO: Cron ran at: 15-07-2026 02:39:50 PM [] []
[2026-07-15 14:40:08] SlimMonoLogger.INFO: Cron ran at: 15-07-2026 02:40:08 PM [] []
[2026-07-15 14:40:46] SlimMonoLogger.INFO: Cron ran at: 15-07-2026 02:40:46 PM [] []
[2026-07-15 14:41:08] SlimMonoLogger.INFO: Cron ran at: 15-07-2026 02:41:08 PM [] []
[2026-07-15 14:41:36] SlimMonoLogger.INFO: Cron ran at: 15-07-2026 02:41:36 PM [] []
[2026-07-15 14:41:41] SlimMonoLogger.INFO: Cron ran at: 15-07-2026 02:41:41 PM [] []
[2026-07-15 14:42:06] SlimMonoLogger.INFO: Cron ran at: 15-07-2026 02:42:06 PM [] []
[2026-07-15 14:42:35] SlimMonoLogger.INFO: Cron ran at: 15-07-2026 02:42:35 PM [] []
[2026-07-15 14:42:36] SlimMonoLogger.INFO: Cron ran at: 15-07-2026 02:42:36 PM [] []
[2026-07-15 14:43:04] SlimMonoLogger.INFO: Cron ran at: 15-07-2026 02:43:04 PM [] []
[2026-07-15 14:43:34] SlimMonoLogger.INFO: Cron ran at: 15-07-2026 02:43:34 PM [] []
[2026-07-15 14:43:34] SlimMonoLogger.INFO: Cron ran at: 15-07-2026 02:43:34 PM [] []
[2026-07-15 14:44:17] SlimMonoLogger.INFO: Cron ran at: 15-07-2026 02:44:17 PM [] []
[2026-07-15 14:44:19] SlimMonoLogger.INFO: Cron ran at: 15-07-2026 02:44:19 PM [] []
[2026-07-15 14:44:44] SlimMonoLogger.INFO: Cron ran at: 15-07-2026 02:44:44 PM [] []
[2026-07-15 14:45:10] SlimMonoLogger.INFO: Cron ran at: 15-07-2026 02:45:10 PM [] []
[2026-07-15 14:45:13] SlimMonoLogger.INFO: Cron ran at: 15-07-2026 02:45:13 PM [] []
[2026-07-15 14:45:30] SlimMonoLogger.INFO: Cron ran at: 15-07-2026 02:45:30 PM [] []
[2026-07-15 14:46:10] SlimMonoLogger.INFO: Cron ran at: 15-07-2026 02:46:10 PM [] []
[2026-07-15 14:46:13] SlimMonoLogger.INFO: Cron ran at: 15-07-2026 02:46:13 PM [] []
[2026-07-15 14:46:28] SlimMonoLogger.INFO: Cron ran at: 15-07-2026 02:46:28 PM [] []
[2026-07-15 14:46:32] SlimMonoLogger.INFO: Cron ran at: 15-07-2026 02:46:32 PM [] []
[2026-07-15 14:47:06] SlimMonoLogger.INFO: Cron ran at: 15-07-2026 02:47:06 PM [] []
[2026-07-15 14:47:07] SlimMonoLogger.INFO: Cron ran at: 15-07-2026 02:47:07 PM [] []
[2026-07-15 14:47:13] SlimMonoLogger.INFO: Cron ran at: 15-07-2026 02:47:13 PM [] []
[2026-07-15 14:47:36] SlimMonoLogger.INFO: Cron ran at: 15-07-2026 02:47:36 PM [] []
[2026-07-15 14:48:09] SlimMonoLogger.INFO: Cron ran at: 15-07-2026 02:48:09 PM [] []
[2026-07-15 14:48:09] SlimMonoLogger.INFO: Cron ran at: 15-07-2026 02:48:09 PM [] []
[2026-07-15 14:48:09] SlimMonoLogger.INFO: Cron ran at: 15-07-2026 02:48:09 PM [] []
[2026-07-15 14:48:35] SlimMonoLogger.INFO: Cron ran at: 15-07-2026 02:48:35 PM [] []
[2026-07-15 14:49:05] SlimMonoLogger.INFO: Cron ran at: 15-07-2026 02:49:05 PM [] []
[2026-07-15 14:49:06] SlimMonoLogger.INFO: Cron ran at: 15-07-2026 02:49:06 PM [] []
[2026-07-15 14:49:09] SlimMonoLogger.INFO: Cron ran at: 15-07-2026 02:49:09 PM [] []
[2026-07-15 14:49:39] SlimMonoLogger.INFO: Cron ran at: 15-07-2026 02:49:39 PM [] []
[2026-07-15 14:49:58] SlimMonoLogger.INFO: Cron ran at: 15-07-2026 02:49:58 PM [] []
[2026-07-15 14:50:01] SlimMonoLogger.INFO: Cron ran at: 15-07-2026 02:50:01 PM [] []
[2026-07-15 14:50:08] SlimMonoLogger.INFO: Cron ran at: 15-07-2026 02:50:08 PM [] []
[2026-07-15 14:50:35] SlimMonoLogger.INFO: Cron ran at: 15-07-2026 02:50:35 PM [] []
[2026-07-15 14:50:54] SlimMonoLogger.INFO: Cron ran at: 15-07-2026 02:50:54 PM [] []
[2026-07-15 14:51:05] SlimMonoLogger.INFO: Cron ran at: 15-07-2026 02:51:05 PM [] []
[2026-07-15 14:51:42] SlimMonoLogger.INFO: Cron ran at: 15-07-2026 02:51:42 PM [] []
[2026-07-15 14:51:44] SlimMonoLogger.INFO: Cron ran at: 15-07-2026 02:51:44 PM [] []
[2026-07-15 14:51:52] SlimMonoLogger.INFO: Cron ran at: 15-07-2026 02:51:52 PM [] []
[2026-07-15 14:52:08] SlimMonoLogger.INFO: Cron ran at: 15-07-2026 02:52:08 PM [] []
[2026-07-15 14:52:30] SlimMonoLogger.INFO: Cron ran at: 15-07-2026 02:52:30 PM [] []
[2026-07-15 14:52:37] SlimMonoLogger.INFO: Cron ran at: 15-07-2026 02:52:37 PM [] []
[2026-07-15 14:52:42] SlimMonoLogger.INFO: Cron ran at: 15-07-2026 02:52:42 PM [] []
[2026-07-15 14:53:06] SlimMonoLogger.INFO: Cron ran at: 15-07-2026 02:53:06 PM [] []
[2026-07-15 14:53:24] SlimMonoLogger.INFO: Cron ran at: 15-07-2026 02:53:24 PM [] []
[2026-07-15 14:53:43] SlimMonoLogger.INFO: Cron ran at: 15-07-2026 02:53:43 PM [] []
[2026-07-15 14:53:48] SlimMonoLogger.INFO: Cron ran at: 15-07-2026 02:53:48 PM [] []
[2026-07-15 14:54:02] SlimMonoLogger.INFO: Cron ran at: 15-07-2026 02:54:02 PM [] []
[2026-07-15 14:54:12] SlimMonoLogger.INFO: Cron ran at: 15-07-2026 02:54:12 PM [] []
[2026-07-15 14:54:34] SlimMonoLogger.INFO: Cron ran at: 15-07-2026 02:54:34 PM [] []
[2026-07-15 14:54:39] SlimMonoLogger.INFO: Cron ran at: 15-07-2026 02:54:39 PM [] []
[2026-07-15 14:55:05] SlimMonoLogger.INFO: Cron ran at: 15-07-2026 02:55:05 PM [] []
[2026-07-15 14:55:06] SlimMonoLogger.INFO: Cron ran at: 15-07-2026 02:55:06 PM [] []
[2026-07-15 14:55:44] SlimMonoLogger.INFO: Cron ran at: 15-07-2026 02:55:44 PM [] []
[2026-07-15 14:56:02] SlimMonoLogger.INFO: Cron ran at: 15-07-2026 02:56:02 PM [] []
[2026-07-15 14:56:04] SlimMonoLogger.INFO: Cron ran at: 15-07-2026 02:56:04 PM [] []
[2026-07-15 14:56:45] SlimMonoLogger.INFO: Cron ran at: 15-07-2026 02:56:45 PM [] []
[2026-07-15 14:56:57] SlimMonoLogger.INFO: Cron ran at: 15-07-2026 02:56:57 PM [] []
[2026-07-15 14:57:03] SlimMonoLogger.INFO: Cron ran at: 15-07-2026 02:57:03 PM [] []
[2026-07-15 14:57:07] SlimMonoLogger.INFO: Cron ran at: 15-07-2026 02:57:07 PM [] []
[2026-07-15 14:57:46] SlimMonoLogger.INFO: Cron ran at: 15-07-2026 02:57:46 PM [] []
[2026-07-15 14:57:51] SlimMonoLogger.INFO: Cron ran at: 15-07-2026 02:57:51 PM [] []
[2026-07-15 14:57:56] SlimMonoLogger.INFO: Cron ran at: 15-07-2026 02:57:56 PM [] []
[2026-07-15 14:57:58] SlimMonoLogger.INFO: Cron ran at: 15-07-2026 02:57:58 PM [] []
[2026-07-15 14:58:47] SlimMonoLogger.INFO: Cron ran at: 15-07-2026 02:58:47 PM [] []
[2026-07-15 14:58:47] SlimMonoLogger.INFO: Cron ran at: 15-07-2026 02:58:47 PM [] []
[2026-07-15 14:58:48] SlimMonoLogger.INFO: Cron ran at: 15-07-2026 02:58:48 PM [] []
[2026-07-15 14:59:00] SlimMonoLogger.INFO: Cron ran at: 15-07-2026 02:59:00 PM [] []
[2026-07-15 14:59:39] SlimMonoLogger.INFO: Cron ran at: 15-07-2026 02:59:39 PM [] []
[2026-07-15 14:59:40] SlimMonoLogger.INFO: Cron ran at: 15-07-2026 02:59:40 PM [] []
[2026-07-15 14:59:48] SlimMonoLogger.INFO: Cron ran at: 15-07-2026 02:59:48 PM [] []
[2026-07-15 15:00:05] SlimMonoLogger.INFO: Cron ran at: 15-07-2026 03:00:05 PM [] []
[2026-07-15 15:00:36] SlimMonoLogger.INFO: Cron ran at: 15-07-2026 03:00:36 PM [] []
[2026-07-15 15:00:44] SlimMonoLogger.INFO: Cron ran at: 15-07-2026 03:00:44 PM [] []
[2026-07-15 15:00:53] SlimMonoLogger.INFO: Cron ran at: 15-07-2026 03:00:53 PM [] []
[2026-07-15 15:01:31] SlimMonoLogger.INFO: Cron ran at: 15-07-2026 03:01:31 PM [] []
[2026-07-15 15:01:45] SlimMonoLogger.INFO: Cron ran at: 15-07-2026 03:01:45 PM [] []
[2026-07-15 15:01:59] SlimMonoLogger.INFO: Cron ran at: 15-07-2026 03:01:59 PM [] []
[2026-07-15 15:02:00] SlimMonoLogger.INFO: Cron ran at: 15-07-2026 03:02:00 PM [] []
[2026-07-15 15:02:25] SlimMonoLogger.INFO: Cron ran at: 15-07-2026 03:02:25 PM [] []
[2026-07-15 15:02:37] SlimMonoLogger.INFO: Cron ran at: 15-07-2026 03:02:37 PM [] []
[2026-07-15 15:02:44] SlimMonoLogger.INFO: Cron ran at: 15-07-2026 03:02:44 PM [] []
[2026-07-15 15:02:47] SlimMonoLogger.INFO: Cron ran at: 15-07-2026 03:02:47 PM [] []
[2026-07-15 15:03:24] SlimMonoLogger.INFO: Cron ran at: 15-07-2026 03:03:24 PM [] []
[2026-07-15 15:03:43] SlimMonoLogger.INFO: Cron ran at: 15-07-2026 03:03:43 PM [] []
[2026-07-15 15:03:47] SlimMonoLogger.INFO: Cron ran at: 15-07-2026 03:03:47 PM [] []
[2026-07-15 15:03:51] SlimMonoLogger.INFO: Cron ran at: 15-07-2026 03:03:51 PM [] []
[2026-07-15 15:04:16] SlimMonoLogger.INFO: Cron ran at: 15-07-2026 03:04:16 PM [] []
[2026-07-15 15:04:35] SlimMonoLogger.INFO: Cron ran at: 15-07-2026 03:04:35 PM [] []
[2026-07-15 15:04:36] SlimMonoLogger.INFO: Cron ran at: 15-07-2026 03:04:36 PM [] []
[2026-07-15 15:04:44] SlimMonoLogger.INFO: Cron ran at: 15-07-2026 03:04:44 PM [] []
[2026-07-15 15:05:23] SlimMonoLogger.INFO: Cron ran at: 15-07-2026 03:05:23 PM [] []
[2026-07-15 15:05:36] SlimMonoLogger.INFO: Cron ran at: 15-07-2026 03:05:36 PM [] []
[2026-07-15 15:05:44] SlimMonoLogger.INFO: Cron ran at: 15-07-2026 03:05:44 PM [] []
[2026-07-15 15:06:26] SlimMonoLogger.INFO: Cron ran at: 15-07-2026 03:06:26 PM [] []
[2026-07-15 15:06:28] SlimMonoLogger.INFO: Cron ran at: 15-07-2026 03:06:28 PM [] []
[2026-07-15 15:06:56] SlimMonoLogger.INFO: Cron ran at: 15-07-2026 03:06:56 PM [] []
[2026-07-15 15:07:06] SlimMonoLogger.INFO: Cron ran at: 15-07-2026 03:07:06 PM [] []
[2026-07-15 15:07:17] SlimMonoLogger.INFO: Cron ran at: 15-07-2026 03:07:17 PM [] []
[2026-07-15 15:07:20] SlimMonoLogger.INFO: Cron ran at: 15-07-2026 03:07:20 PM [] []
[2026-07-15 15:07:44] SlimMonoLogger.INFO: Cron ran at: 15-07-2026 03:07:44 PM [] []
[2026-07-15 15:07:51] SlimMonoLogger.INFO: Cron ran at: 15-07-2026 03:07:51 PM [] []
[2026-07-15 15:08:13] SlimMonoLogger.INFO: Cron ran at: 15-07-2026 03:08:13 PM [] []
[2026-07-15 15:08:16] SlimMonoLogger.INFO: Cron ran at: 15-07-2026 03:08:16 PM [] []
[2026-07-15 15:08:51] SlimMonoLogger.INFO: Cron ran at: 15-07-2026 03:08:51 PM [] []
[2026-07-15 15:09:01] SlimMonoLogger.INFO: Cron ran at: 15-07-2026 03:09:01 PM [] []
[2026-07-15 15:09:18] SlimMonoLogger.INFO: Cron ran at: 15-07-2026 03:09:18 PM [] []
[2026-07-15 15:09:20] SlimMonoLogger.INFO: Cron ran at: 15-07-2026 03:09:20 PM [] []
[2026-07-15 15:09:35] SlimMonoLogger.INFO: Cron ran at: 15-07-2026 03:09:35 PM [] []
[2026-07-15 15:09:42] SlimMonoLogger.INFO: Cron ran at: 15-07-2026 03:09:42 PM [] []
[2026-07-15 15:10:23] SlimMonoLogger.INFO: Cron ran at: 15-07-2026 03:10:23 PM [] []
[2026-07-15 15:10:25] SlimMonoLogger.INFO: Cron ran at: 15-07-2026 03:10:25 PM [] []
[2026-07-15 15:10:32] SlimMonoLogger.INFO: Cron ran at: 15-07-2026 03:10:32 PM [] []
[2026-07-15 15:11:19] SlimMonoLogger.INFO: Cron ran at: 15-07-2026 03:11:19 PM [] []
[2026-07-15 15:11:19] SlimMonoLogger.INFO: Cron ran at: 15-07-2026 03:11:19 PM [] []
[2026-07-15 15:11:27] SlimMonoLogger.INFO: Cron ran at: 15-07-2026 03:11:27 PM [] []
[2026-07-15 15:11:30] SlimMonoLogger.INFO: Cron ran at: 15-07-2026 03:11:30 PM [] []
[2026-07-15 15:12:16] SlimMonoLogger.INFO: Cron ran at: 15-07-2026 03:12:16 PM [] []
[2026-07-15 15:12:17] SlimMonoLogger.INFO: Cron ran at: 15-07-2026 03:12:17 PM [] []
[2026-07-15 15:12:20] SlimMonoLogger.INFO: Cron ran at: 15-07-2026 03:12:20 PM [] []
[2026-07-15 15:12:23] SlimMonoLogger.INFO: Cron ran at: 15-07-2026 03:12:23 PM [] []
[2026-07-15 15:13:16] SlimMonoLogger.INFO: Cron ran at: 15-07-2026 03:13:16 PM [] []
[2026-07-15 15:13:18] SlimMonoLogger.INFO: Cron ran at: 15-07-2026 03:13:18 PM [] []
[2026-07-15 15:13:18] SlimMonoLogger.INFO: Cron ran at: 15-07-2026 03:13:18 PM [] []
[2026-07-15 15:13:18] SlimMonoLogger.INFO: Cron ran at: 15-07-2026 03:13:18 PM [] []
[2026-07-15 15:14:07] SlimMonoLogger.INFO: Cron ran at: 15-07-2026 03:14:07 PM [] []
[2026-07-15 15:14:12] SlimMonoLogger.INFO: Cron ran at: 15-07-2026 03:14:12 PM [] []
[2026-07-15 15:14:13] SlimMonoLogger.INFO: Cron ran at: 15-07-2026 03:14:13 PM [] []
[2026-07-15 15:14:13] SlimMonoLogger.INFO: Cron ran at: 15-07-2026 03:14:13 PM [] []
[2026-07-15 15:15:03] SlimMonoLogger.INFO: Cron ran at: 15-07-2026 03:15:03 PM [] []
[2026-07-15 15:15:13] SlimMonoLogger.INFO: Cron ran at: 15-07-2026 03:15:13 PM [] []
[2026-07-15 15:15:13] SlimMonoLogger.INFO: Cron ran at: 15-07-2026 03:15:13 PM [] []
[2026-07-15 15:15:17] SlimMonoLogger.INFO: Cron ran at: 15-07-2026 03:15:17 PM [] []
[2026-07-15 15:15:57] SlimMonoLogger.INFO: Cron ran at: 15-07-2026 03:15:57 PM [] []
[2026-07-15 15:16:11] SlimMonoLogger.INFO: Cron ran at: 15-07-2026 03:16:11 PM [] []
[2026-07-15 15:16:12] SlimMonoLogger.INFO: Cron ran at: 15-07-2026 03:16:12 PM [] []
[2026-07-15 15:16:33] SlimMonoLogger.INFO: Cron ran at: 15-07-2026 03:16:33 PM [] []
[2026-07-15 15:16:49] SlimMonoLogger.INFO: Cron ran at: 15-07-2026 03:16:49 PM [] []
[2026-07-15 15:17:11] SlimMonoLogger.INFO: Cron ran at: 15-07-2026 03:17:11 PM [] []
[2026-07-15 15:17:12] SlimMonoLogger.INFO: Cron ran at: 15-07-2026 03:17:12 PM [] []
[2026-07-15 15:17:22] SlimMonoLogger.INFO: Cron ran at: 15-07-2026 03:17:22 PM [] []
[2026-07-15 15:17:46] SlimMonoLogger.INFO: Cron ran at: 15-07-2026 03:17:46 PM [] []
[2026-07-15 15:18:10] SlimMonoLogger.INFO: Cron ran at: 15-07-2026 03:18:10 PM [] []
[2026-07-15 15:18:10] SlimMonoLogger.INFO: Cron ran at: 15-07-2026 03:18:10 PM [] []
[2026-07-15 15:18:11] SlimMonoLogger.INFO: Cron ran at: 15-07-2026 03:18:11 PM [] []
[2026-07-15 15:18:43] SlimMonoLogger.INFO: Cron ran at: 15-07-2026 03:18:43 PM [] []
[2026-07-15 15:19:08] SlimMonoLogger.INFO: Cron ran at: 15-07-2026 03:19:08 PM [] []
[2026-07-15 15:19:09] SlimMonoLogger.INFO: Cron ran at: 15-07-2026 03:19:09 PM [] []
[2026-07-15 15:19:10] SlimMonoLogger.INFO: Cron ran at: 15-07-2026 03:19:10 PM [] []
[2026-07-15 15:19:43] SlimMonoLogger.INFO: Cron ran at: 15-07-2026 03:19:43 PM [] []
[2026-07-15 15:20:02] SlimMonoLogger.INFO: Cron ran at: 15-07-2026 03:20:02 PM [] []
[2026-07-15 15:20:11] SlimMonoLogger.INFO: Cron ran at: 15-07-2026 03:20:11 PM [] []
[2026-07-15 15:20:13] SlimMonoLogger.INFO: Cron ran at: 15-07-2026 03:20:13 PM [] []
[2026-07-15 15:20:44] SlimMonoLogger.INFO: Cron ran at: 15-07-2026 03:20:44 PM [] []
[2026-07-15 15:20:58] SlimMonoLogger.INFO: Cron ran at: 15-07-2026 03:20:58 PM [] []
[2026-07-15 15:21:17] SlimMonoLogger.INFO: Cron ran at: 15-07-2026 03:21:17 PM [] []
[2026-07-15 15:21:39] SlimMonoLogger.INFO: Cron ran at: 15-07-2026 03:21:39 PM [] []
[2026-07-15 15:21:45] SlimMonoLogger.INFO: Cron ran at: 15-07-2026 03:21:45 PM [] []
[2026-07-15 15:21:53] SlimMonoLogger.INFO: Cron ran at: 15-07-2026 03:21:53 PM [] []
[2026-07-15 15:22:13] SlimMonoLogger.INFO: Cron ran at: 15-07-2026 03:22:13 PM [] []
[2026-07-15 15:22:26] SlimMonoLogger.INFO: Cron ran at: 15-07-2026 03:22:26 PM [] []
[2026-07-15 15:22:41] SlimMonoLogger.INFO: Cron ran at: 15-07-2026 03:22:41 PM [] []
[2026-07-15 15:22:51] SlimMonoLogger.INFO: Cron ran at: 15-07-2026 03:22:51 PM [] []
[2026-07-15 15:23:19] SlimMonoLogger.INFO: Cron ran at: 15-07-2026 03:23:19 PM [] []
[2026-07-15 15:23:19] SlimMonoLogger.INFO: Cron ran at: 15-07-2026 03:23:19 PM [] []
[2026-07-15 15:23:45] SlimMonoLogger.INFO: Cron ran at: 15-07-2026 03:23:45 PM [] []
[2026-07-15 15:23:49] SlimMonoLogger.INFO: Cron ran at: 15-07-2026 03:23:49 PM [] []
[2026-07-15 15:24:09] SlimMonoLogger.INFO: Cron ran at: 15-07-2026 03:24:09 PM [] []
[2026-07-15 15:24:11] SlimMonoLogger.INFO: Cron ran at: 15-07-2026 03:24:11 PM [] []
[2026-07-15 15:24:54] SlimMonoLogger.INFO: Cron ran at: 15-07-2026 03:24:54 PM [] []
[2026-07-15 15:24:54] SlimMonoLogger.INFO: Cron ran at: 15-07-2026 03:24:54 PM [] []
[2026-07-15 15:25:07] SlimMonoLogger.INFO: Cron ran at: 15-07-2026 03:25:07 PM [] []
[2026-07-15 15:25:14] SlimMonoLogger.INFO: Cron ran at: 15-07-2026 03:25:14 PM [] []
[2026-07-15 15:25:51] SlimMonoLogger.INFO: Cron ran at: 15-07-2026 03:25:51 PM [] []
[2026-07-15 15:25:54] SlimMonoLogger.INFO: Cron ran at: 15-07-2026 03:25:54 PM [] []
[2026-07-15 15:26:00] SlimMonoLogger.INFO: Cron ran at: 15-07-2026 03:26:00 PM [] []
[2026-07-15 15:26:43] SlimMonoLogger.INFO: Cron ran at: 15-07-2026 03:26:43 PM [] []
[2026-07-15 15:26:43] SlimMonoLogger.INFO: Cron ran at: 15-07-2026 03:26:43 PM [] []
[2026-07-15 15:26:50] SlimMonoLogger.INFO: Cron ran at: 15-07-2026 03:26:50 PM [] []
[2026-07-15 15:26:58] SlimMonoLogger.INFO: Cron ran at: 15-07-2026 03:26:58 PM [] []
[2026-07-15 15:27:31] SlimMonoLogger.INFO: Cron ran at: 15-07-2026 03:27:31 PM [] []
[2026-07-15 15:27:46] SlimMonoLogger.INFO: Cron ran at: 15-07-2026 03:27:46 PM [] []
[2026-07-15 15:27:49] SlimMonoLogger.INFO: Cron ran at: 15-07-2026 03:27:49 PM [] []
[2026-07-15 15:27:52] SlimMonoLogger.INFO: Cron ran at: 15-07-2026 03:27:52 PM [] []
[2026-07-15 15:28:21] SlimMonoLogger.INFO: Cron ran at: 15-07-2026 03:28:21 PM [] []
[2026-07-15 15:28:46] SlimMonoLogger.INFO: Cron ran at: 15-07-2026 03:28:46 PM [] []
[2026-07-15 15:28:50] SlimMonoLogger.INFO: Cron ran at: 15-07-2026 03:28:50 PM [] []
[2026-07-15 15:28:50] SlimMonoLogger.INFO: Cron ran at: 15-07-2026 03:28:50 PM [] []
[2026-07-15 15:29:12] SlimMonoLogger.INFO: Cron ran at: 15-07-2026 03:29:12 PM [] []
[2026-07-15 15:29:49] SlimMonoLogger.INFO: Cron ran at: 15-07-2026 03:29:49 PM [] []
[2026-07-15 15:29:49] SlimMonoLogger.INFO: Cron ran at: 15-07-2026 03:29:49 PM [] []
[2026-07-15 15:29:50] SlimMonoLogger.INFO: Cron ran at: 15-07-2026 03:29:50 PM [] []
[2026-07-15 15:30:10] SlimMonoLogger.INFO: Cron ran at: 15-07-2026 03:30:10 PM [] []
[2026-07-15 15:30:54] SlimMonoLogger.INFO: Cron ran at: 15-07-2026 03:30:54 PM [] []
[2026-07-15 15:30:54] SlimMonoLogger.INFO: Cron ran at: 15-07-2026 03:30:54 PM [] []
[2026-07-15 15:31:03] SlimMonoLogger.INFO: Cron ran at: 15-07-2026 03:31:03 PM [] []
[2026-07-15 15:31:44] SlimMonoLogger.INFO: Cron ran at: 15-07-2026 03:31:44 PM [] []
[2026-07-15 15:31:49] SlimMonoLogger.INFO: Cron ran at: 15-07-2026 03:31:49 PM [] []
[2026-07-15 15:31:51] SlimMonoLogger.INFO: Cron ran at: 15-07-2026 03:31:51 PM [] []
[2026-07-15 15:31:58] SlimMonoLogger.INFO: Cron ran at: 15-07-2026 03:31:58 PM [] []
[2026-07-15 15:32:35] SlimMonoLogger.INFO: Cron ran at: 15-07-2026 03:32:35 PM [] []
[2026-07-15 15:32:50] SlimMonoLogger.INFO: Cron ran at: 15-07-2026 03:32:50 PM [] []
[2026-07-15 15:32:51] SlimMonoLogger.INFO: Cron ran at: 15-07-2026 03:32:51 PM [] []
[2026-07-15 15:32:53] SlimMonoLogger.INFO: Cron ran at: 15-07-2026 03:32:53 PM [] []
[2026-07-15 15:33:24] SlimMonoLogger.INFO: Cron ran at: 15-07-2026 03:33:24 PM [] []
[2026-07-15 15:33:49] SlimMonoLogger.INFO: Cron ran at: 15-07-2026 03:33:49 PM [] []
[2026-07-15 15:33:50] SlimMonoLogger.INFO: Cron ran at: 15-07-2026 03:33:50 PM [] []
[2026-07-15 15:33:51] SlimMonoLogger.INFO: Cron ran at: 15-07-2026 03:33:51 PM [] []
[2026-07-15 15:34:15] SlimMonoLogger.INFO: Cron ran at: 15-07-2026 03:34:15 PM [] []
[2026-07-15 15:34:53] SlimMonoLogger.INFO: Cron ran at: 15-07-2026 03:34:53 PM [] []
[2026-07-15 15:34:54] SlimMonoLogger.INFO: Cron ran at: 15-07-2026 03:34:54 PM [] []
[2026-07-15 15:34:54] SlimMonoLogger.INFO: Cron ran at: 15-07-2026 03:34:54 PM [] []
[2026-07-15 15:35:11] SlimMonoLogger.INFO: Cron ran at: 15-07-2026 03:35:11 PM [] []
[2026-07-15 15:35:54] SlimMonoLogger.INFO: Cron ran at: 15-07-2026 03:35:54 PM [] []
[2026-07-15 15:35:58] SlimMonoLogger.INFO: Cron ran at: 15-07-2026 03:35:58 PM [] []
[2026-07-15 15:36:09] SlimMonoLogger.INFO: Cron ran at: 15-07-2026 03:36:09 PM [] []
[2026-07-15 15:36:33] SlimMonoLogger.INFO: Cron ran at: 15-07-2026 03:36:33 PM [] []
[2026-07-15 15:36:52] SlimMonoLogger.INFO: Cron ran at: 15-07-2026 03:36:52 PM [] []
[2026-07-15 15:36:52] SlimMonoLogger.INFO: Cron ran at: 15-07-2026 03:36:52 PM [] []
[2026-07-15 15:37:01] SlimMonoLogger.INFO: Cron ran at: 15-07-2026 03:37:01 PM [] []
[2026-07-15 15:37:17] SlimMonoLogger.INFO: Cron ran at: 15-07-2026 03:37:17 PM [] []
[2026-07-15 15:37:52] SlimMonoLogger.INFO: Cron ran at: 15-07-2026 03:37:52 PM [] []
[2026-07-15 15:37:52] SlimMonoLogger.INFO: Cron ran at: 15-07-2026 03:37:52 PM [] []
[2026-07-15 15:38:00] SlimMonoLogger.INFO: Cron ran at: 15-07-2026 03:38:00 PM [] []
[2026-07-15 15:38:12] SlimMonoLogger.INFO: Cron ran at: 15-07-2026 03:38:12 PM [] []
[2026-07-15 15:38:53] SlimMonoLogger.INFO: Cron ran at: 15-07-2026 03:38:53 PM [] []
[2026-07-15 15:38:54] SlimMonoLogger.INFO: Cron ran at: 15-07-2026 03:38:54 PM [] []
[2026-07-15 15:38:55] SlimMonoLogger.INFO: Cron ran at: 15-07-2026 03:38:55 PM [] []
[2026-07-15 15:39:05] SlimMonoLogger.INFO: Cron ran at: 15-07-2026 03:39:05 PM [] []
[2026-07-15 15:39:54] SlimMonoLogger.INFO: Cron ran at: 15-07-2026 03:39:54 PM [] []
[2026-07-15 15:39:54] SlimMonoLogger.INFO: Cron ran at: 15-07-2026 03:39:54 PM [] []
[2026-07-15 15:39:55] SlimMonoLogger.INFO: Cron ran at: 15-07-2026 03:39:55 PM [] []
[2026-07-15 15:39:57] SlimMonoLogger.INFO: Cron ran at: 15-07-2026 03:39:57 PM [] []
[2026-07-15 15:40:54] SlimMonoLogger.INFO: Cron ran at: 15-07-2026 03:40:54 PM [] []
[2026-07-15 15:40:54] SlimMonoLogger.INFO: Cron ran at: 15-07-2026 03:40:54 PM [] []
[2026-07-15 15:40:58] SlimMonoLogger.INFO: Cron ran at: 15-07-2026 03:40:58 PM [] []
[2026-07-15 15:41:41] SlimMonoLogger.INFO: Cron ran at: 15-07-2026 03:41:41 PM [] []
[2026-07-15 15:41:56] SlimMonoLogger.INFO: Cron ran at: 15-07-2026 03:41:56 PM [] []
[2026-07-15 15:41:56] SlimMonoLogger.INFO: Cron ran at: 15-07-2026 03:41:56 PM [] []
[2026-07-15 15:41:56] SlimMonoLogger.INFO: Cron ran at: 15-07-2026 03:41:56 PM [] []
[2026-07-15 15:42:29] SlimMonoLogger.INFO: Cron ran at: 15-07-2026 03:42:29 PM [] []
[2026-07-15 15:42:46] SlimMonoLogger.INFO: Cron ran at: 15-07-2026 03:42:46 PM [] []
[2026-07-15 15:42:50] SlimMonoLogger.INFO: Cron ran at: 15-07-2026 03:42:50 PM [] []
[2026-07-15 15:42:54] SlimMonoLogger.INFO: Cron ran at: 15-07-2026 03:42:54 PM [] []
[2026-07-15 15:43:18] SlimMonoLogger.INFO: Cron ran at: 15-07-2026 03:43:18 PM [] []
[2026-07-15 15:43:49] SlimMonoLogger.INFO: Cron ran at: 15-07-2026 03:43:49 PM [] []
[2026-07-15 15:43:51] SlimMonoLogger.INFO: Cron ran at: 15-07-2026 03:43:51 PM [] []
[2026-07-15 15:43:54] SlimMonoLogger.INFO: Cron ran at: 15-07-2026 03:43:54 PM [] []
[2026-07-15 15:44:13] SlimMonoLogger.INFO: Cron ran at: 15-07-2026 03:44:13 PM [] []
[2026-07-15 15:44:46] SlimMonoLogger.INFO: Cron ran at: 15-07-2026 03:44:46 PM [] []
[2026-07-15 15:44:55] SlimMonoLogger.INFO: Cron ran at: 15-07-2026 03:44:55 PM [] []
[2026-07-15 15:44:55] SlimMonoLogger.INFO: Cron ran at: 15-07-2026 03:44:55 PM [] []
[2026-07-15 15:45:08] SlimMonoLogger.INFO: Cron ran at: 15-07-2026 03:45:08 PM [] []
[2026-07-15 15:45:55] SlimMonoLogger.INFO: Cron ran at: 15-07-2026 03:45:55 PM [] []
[2026-07-15 15:45:57] SlimMonoLogger.INFO: Cron ran at: 15-07-2026 03:45:57 PM [] []
[2026-07-15 15:46:01] SlimMonoLogger.INFO: Cron ran at: 15-07-2026 03:46:01 PM [] []
[2026-07-15 15:46:48] SlimMonoLogger.INFO: Cron ran at: 15-07-2026 03:46:48 PM [] []
[2026-07-15 15:46:52] SlimMonoLogger.INFO: Cron ran at: 15-07-2026 03:46:52 PM [] []
[2026-07-15 15:46:57] SlimMonoLogger.INFO: Cron ran at: 15-07-2026 03:46:57 PM [] []
[2026-07-15 15:46:57] SlimMonoLogger.INFO: Cron ran at: 15-07-2026 03:46:57 PM [] []
[2026-07-15 15:47:43] SlimMonoLogger.INFO: Cron ran at: 15-07-2026 03:47:43 PM [] []
[2026-07-15 15:47:45] SlimMonoLogger.INFO: Cron ran at: 15-07-2026 03:47:45 PM [] []
[2026-07-15 15:47:55] SlimMonoLogger.INFO: Cron ran at: 15-07-2026 03:47:55 PM [] []
[2026-07-15 15:47:56] SlimMonoLogger.INFO: Cron ran at: 15-07-2026 03:47:56 PM [] []
[2026-07-15 15:48:40] SlimMonoLogger.INFO: Cron ran at: 15-07-2026 03:48:40 PM [] []
[2026-07-15 15:48:47] SlimMonoLogger.INFO: Cron ran at: 15-07-2026 03:48:47 PM [] []
[2026-07-15 15:48:55] SlimMonoLogger.INFO: Cron ran at: 15-07-2026 03:48:55 PM [] []
[2026-07-15 15:49:01] SlimMonoLogger.INFO: Cron ran at: 15-07-2026 03:49:01 PM [] []
[2026-07-15 15:49:31] SlimMonoLogger.INFO: Cron ran at: 15-07-2026 03:49:31 PM [] []
[2026-07-15 15:49:46] SlimMonoLogger.INFO: Cron ran at: 15-07-2026 03:49:46 PM [] []
[2026-07-15 15:49:49] SlimMonoLogger.INFO: Cron ran at: 15-07-2026 03:49:49 PM [] []
[2026-07-15 15:49:55] SlimMonoLogger.INFO: Cron ran at: 15-07-2026 03:49:55 PM [] []
[2026-07-15 15:50:30] SlimMonoLogger.INFO: Cron ran at: 15-07-2026 03:50:30 PM [] []
[2026-07-15 15:50:45] SlimMonoLogger.INFO: Cron ran at: 15-07-2026 03:50:45 PM [] []
[2026-07-15 15:50:48] SlimMonoLogger.INFO: Cron ran at: 15-07-2026 03:50:48 PM [] []
[2026-07-15 15:51:19] SlimMonoLogger.INFO: Cron ran at: 15-07-2026 03:51:19 PM [] []
[2026-07-15 15:51:31] SlimMonoLogger.INFO: Cron ran at: 15-07-2026 03:51:31 PM [] []
[2026-07-15 15:51:51] SlimMonoLogger.INFO: Cron ran at: 15-07-2026 03:51:51 PM [] []
[2026-07-15 15:51:57] SlimMonoLogger.INFO: Cron ran at: 15-07-2026 03:51:57 PM [] []
[2026-07-15 15:52:14] SlimMonoLogger.INFO: Cron ran at: 15-07-2026 03:52:14 PM [] []
[2026-07-15 15:52:23] SlimMonoLogger.INFO: Cron ran at: 15-07-2026 03:52:23 PM [] []
[2026-07-15 15:52:44] SlimMonoLogger.INFO: Cron ran at: 15-07-2026 03:52:44 PM [] []
[2026-07-15 15:52:48] SlimMonoLogger.INFO: Cron ran at: 15-07-2026 03:52:48 PM [] []
[2026-07-15 15:53:11] SlimMonoLogger.INFO: Cron ran at: 15-07-2026 03:53:11 PM [] []
[2026-07-15 15:53:19] SlimMonoLogger.INFO: Cron ran at: 15-07-2026 03:53:19 PM [] []
[2026-07-15 15:53:50] SlimMonoLogger.INFO: Cron ran at: 15-07-2026 03:53:50 PM [] []
[2026-07-15 15:53:54] SlimMonoLogger.INFO: Cron ran at: 15-07-2026 03:53:54 PM [] []
[2026-07-15 15:54:07] SlimMonoLogger.INFO: Cron ran at: 15-07-2026 03:54:07 PM [] []
[2026-07-15 15:54:07] SlimMonoLogger.INFO: Cron ran at: 15-07-2026 03:54:07 PM [] []
[2026-07-15 15:54:45] SlimMonoLogger.INFO: Cron ran at: 15-07-2026 03:54:45 PM [] []
[2026-07-15 15:54:52] SlimMonoLogger.INFO: Cron ran at: 15-07-2026 03:54:52 PM [] []
[2026-07-15 15:55:00] SlimMonoLogger.INFO: Cron ran at: 15-07-2026 03:55:00 PM [] []
[2026-07-15 15:55:06] SlimMonoLogger.INFO: Cron ran at: 15-07-2026 03:55:06 PM [] []
[2026-07-15 15:55:48] SlimMonoLogger.INFO: Cron ran at: 15-07-2026 03:55:48 PM [] []
[2026-07-15 15:55:53] SlimMonoLogger.INFO: Cron ran at: 15-07-2026 03:55:53 PM [] []
[2026-07-15 15:56:06] SlimMonoLogger.INFO: Cron ran at: 15-07-2026 03:56:06 PM [] []
[2026-07-15 15:56:54] SlimMonoLogger.INFO: Cron ran at: 15-07-2026 03:56:54 PM [] []
[2026-07-15 15:56:54] SlimMonoLogger.INFO: Cron ran at: 15-07-2026 03:56:54 PM [] []
[2026-07-15 15:56:55] SlimMonoLogger.INFO: Cron ran at: 15-07-2026 03:56:55 PM [] []
[2026-07-15 15:57:06] SlimMonoLogger.INFO: Cron ran at: 15-07-2026 03:57:06 PM [] []
[2026-07-15 15:57:44] SlimMonoLogger.INFO: Cron ran at: 15-07-2026 03:57:44 PM [] []
[2026-07-15 15:57:48] SlimMonoLogger.INFO: Cron ran at: 15-07-2026 03:57:48 PM [] []
[2026-07-15 15:57:49] SlimMonoLogger.INFO: Cron ran at: 15-07-2026 03:57:49 PM [] []
[2026-07-15 15:58:08] SlimMonoLogger.INFO: Cron ran at: 15-07-2026 03:58:08 PM [] []
[2026-07-15 15:58:39] SlimMonoLogger.INFO: Cron ran at: 15-07-2026 03:58:39 PM [] []
[2026-07-15 15:58:48] SlimMonoLogger.INFO: Cron ran at: 15-07-2026 03:58:48 PM [] []
[2026-07-15 15:58:52] SlimMonoLogger.INFO: Cron ran at: 15-07-2026 03:58:52 PM [] []
[2026-07-15 15:59:09] SlimMonoLogger.INFO: Cron ran at: 15-07-2026 03:59:09 PM [] []
[2026-07-15 15:59:24] SlimMonoLogger.INFO: Cron ran at: 15-07-2026 03:59:24 PM [] []
[2026-07-15 15:59:45] SlimMonoLogger.INFO: Cron ran at: 15-07-2026 03:59:45 PM [] []
[2026-07-15 15:59:52] SlimMonoLogger.INFO: Cron ran at: 15-07-2026 03:59:52 PM [] []
[2026-07-15 16:00:14] SlimMonoLogger.INFO: Cron ran at: 15-07-2026 04:00:14 PM [] []
[2026-07-15 16:00:27] SlimMonoLogger.INFO: Cron ran at: 15-07-2026 04:00:27 PM [] []
[2026-07-15 16:01:00] SlimMonoLogger.INFO: Cron ran at: 15-07-2026 04:01:00 PM [] []
[2026-07-15 16:01:22] SlimMonoLogger.INFO: Cron ran at: 15-07-2026 04:01:22 PM [] []
[2026-07-15 16:01:32] SlimMonoLogger.INFO: Cron ran at: 15-07-2026 04:01:32 PM [] []
[2026-07-15 16:01:54] SlimMonoLogger.INFO: Cron ran at: 15-07-2026 04:01:54 PM [] []
[2026-07-15 16:01:54] SlimMonoLogger.INFO: Cron ran at: 15-07-2026 04:01:54 PM [] []
[2026-07-15 16:02:12] SlimMonoLogger.INFO: Cron ran at: 15-07-2026 04:02:12 PM [] []
[2026-07-15 16:02:12] SlimMonoLogger.INFO: Cron ran at: 15-07-2026 04:02:12 PM [] []
[2026-07-15 16:02:43] SlimMonoLogger.INFO: Cron ran at: 15-07-2026 04:02:43 PM [] []
[2026-07-15 16:02:45] SlimMonoLogger.INFO: Cron ran at: 15-07-2026 04:02:45 PM [] []
[2026-07-15 16:03:07] SlimMonoLogger.INFO: Cron ran at: 15-07-2026 04:03:07 PM [] []
[2026-07-15 16:03:09] SlimMonoLogger.INFO: Cron ran at: 15-07-2026 04:03:09 PM [] []
[2026-07-15 16:03:35] SlimMonoLogger.INFO: Cron ran at: 15-07-2026 04:03:35 PM [] []
[2026-07-15 16:03:47] SlimMonoLogger.INFO: Cron ran at: 15-07-2026 04:03:47 PM [] []
[2026-07-15 16:04:13] SlimMonoLogger.INFO: Cron ran at: 15-07-2026 04:04:13 PM [] []
[2026-07-15 16:04:14] SlimMonoLogger.INFO: Cron ran at: 15-07-2026 04:04:14 PM [] []
[2026-07-15 16:04:28] SlimMonoLogger.INFO: Cron ran at: 15-07-2026 04:04:28 PM [] []
[2026-07-15 16:04:45] SlimMonoLogger.INFO: Cron ran at: 15-07-2026 04:04:45 PM [] []
[2026-07-15 16:05:11] SlimMonoLogger.INFO: Cron ran at: 15-07-2026 04:05:11 PM [] []
[2026-07-15 16:05:11] SlimMonoLogger.INFO: Cron ran at: 15-07-2026 04:05:11 PM [] []
[2026-07-15 16:05:20] SlimMonoLogger.INFO: Cron ran at: 15-07-2026 04:05:20 PM [] []
[2026-07-15 16:05:53] SlimMonoLogger.INFO: Cron ran at: 15-07-2026 04:05:53 PM [] []
[2026-07-15 16:06:19] SlimMonoLogger.INFO: Cron ran at: 15-07-2026 04:06:19 PM [] []
[2026-07-15 16:06:20] SlimMonoLogger.INFO: Cron ran at: 15-07-2026 04:06:20 PM [] []
[2026-07-15 16:06:51] SlimMonoLogger.INFO: Cron ran at: 15-07-2026 04:06:51 PM [] []
[2026-07-15 16:06:59] SlimMonoLogger.INFO: Cron ran at: 15-07-2026 04:06:59 PM [] []
[2026-07-15 16:07:11] SlimMonoLogger.INFO: Cron ran at: 15-07-2026 04:07:11 PM [] []
[2026-07-15 16:07:13] SlimMonoLogger.INFO: Cron ran at: 15-07-2026 04:07:13 PM [] []
[2026-07-15 16:07:49] SlimMonoLogger.INFO: Cron ran at: 15-07-2026 04:07:49 PM [] []
[2026-07-15 16:07:55] SlimMonoLogger.INFO: Cron ran at: 15-07-2026 04:07:55 PM [] []
[2026-07-15 16:08:12] SlimMonoLogger.INFO: Cron ran at: 15-07-2026 04:08:12 PM [] []
[2026-07-15 16:08:12] SlimMonoLogger.INFO: Cron ran at: 15-07-2026 04:08:12 PM [] []
[2026-07-15 16:08:47] SlimMonoLogger.INFO: Cron ran at: 15-07-2026 04:08:47 PM [] []
[2026-07-15 16:08:53] SlimMonoLogger.INFO: Cron ran at: 15-07-2026 04:08:53 PM [] []
[2026-07-15 16:09:14] SlimMonoLogger.INFO: Cron ran at: 15-07-2026 04:09:14 PM [] []
[2026-07-15 16:09:15] SlimMonoLogger.INFO: Cron ran at: 15-07-2026 04:09:15 PM [] []
[2026-07-15 16:09:16] SlimMonoLogger.INFO: Cron ran at: 15-07-2026 04:09:16 PM [] []
[2026-07-15 16:09:53] SlimMonoLogger.INFO: Cron ran at: 15-07-2026 04:09:53 PM [] []
[2026-07-15 16:10:00] SlimMonoLogger.INFO: Cron ran at: 15-07-2026 04:10:00 PM [] []
[2026-07-15 16:10:06] SlimMonoLogger.INFO: Cron ran at: 15-07-2026 04:10:06 PM [] []
[2026-07-15 16:10:08] SlimMonoLogger.INFO: Cron ran at: 15-07-2026 04:10:08 PM [] []
[2026-07-15 16:10:58] SlimMonoLogger.INFO: Cron ran at: 15-07-2026 04:10:58 PM [] []
[2026-07-15 16:11:07] SlimMonoLogger.INFO: Cron ran at: 15-07-2026 04:11:07 PM [] []
[2026-07-15 16:11:08] SlimMonoLogger.INFO: Cron ran at: 15-07-2026 04:11:08 PM [] []
[2026-07-15 16:11:57] SlimMonoLogger.INFO: Cron ran at: 15-07-2026 04:11:57 PM [] []
[2026-07-15 16:11:59] SlimMonoLogger.INFO: Cron ran at: 15-07-2026 04:11:59 PM [] []
[2026-07-15 16:12:05] SlimMonoLogger.INFO: Cron ran at: 15-07-2026 04:12:05 PM [] []
[2026-07-15 16:12:12] SlimMonoLogger.INFO: Cron ran at: 15-07-2026 04:12:12 PM [] []
[2026-07-15 16:12:52] SlimMonoLogger.INFO: Cron ran at: 15-07-2026 04:12:52 PM [] []
[2026-07-15 16:12:52] SlimMonoLogger.INFO: Cron ran at: 15-07-2026 04:12:52 PM [] []
[2026-07-15 16:13:05] SlimMonoLogger.INFO: Cron ran at: 15-07-2026 04:13:05 PM [] []
[2026-07-15 16:13:07] SlimMonoLogger.INFO: Cron ran at: 15-07-2026 04:13:07 PM [] []
[2026-07-15 16:13:47] SlimMonoLogger.INFO: Cron ran at: 15-07-2026 04:13:47 PM [] []
[2026-07-15 16:13:53] SlimMonoLogger.INFO: Cron ran at: 15-07-2026 04:13:53 PM [] []
[2026-07-15 16:14:06] SlimMonoLogger.INFO: Cron ran at: 15-07-2026 04:14:06 PM [] []
[2026-07-15 16:14:07] SlimMonoLogger.INFO: Cron ran at: 15-07-2026 04:14:07 PM [] []
[2026-07-15 16:14:35] SlimMonoLogger.INFO: Cron ran at: 15-07-2026 04:14:35 PM [] []
[2026-07-15 16:14:43] SlimMonoLogger.INFO: Cron ran at: 15-07-2026 04:14:43 PM [] []
[2026-07-15 16:15:07] SlimMonoLogger.INFO: Cron ran at: 15-07-2026 04:15:07 PM [] []
[2026-07-15 16:15:09] SlimMonoLogger.INFO: Cron ran at: 15-07-2026 04:15:09 PM [] []
[2026-07-15 16:15:27] SlimMonoLogger.INFO: Cron ran at: 15-07-2026 04:15:27 PM [] []
[2026-07-15 16:15:51] SlimMonoLogger.INFO: Cron ran at: 15-07-2026 04:15:51 PM [] []
[2026-07-15 16:16:11] SlimMonoLogger.INFO: Cron ran at: 15-07-2026 04:16:11 PM [] []
[2026-07-15 16:16:12] SlimMonoLogger.INFO: Cron ran at: 15-07-2026 04:16:12 PM [] []
[2026-07-15 16:16:15] SlimMonoLogger.INFO: Cron ran at: 15-07-2026 04:16:15 PM [] []
[2026-07-15 16:16:19] SlimMonoLogger.INFO: Cron ran at: 15-07-2026 04:16:19 PM [] []
[2026-07-15 16:17:08] SlimMonoLogger.INFO: Cron ran at: 15-07-2026 04:17:08 PM [] []
[2026-07-15 16:17:08] SlimMonoLogger.INFO: Cron ran at: 15-07-2026 04:17:08 PM [] []
[2026-07-15 16:17:09] SlimMonoLogger.INFO: Cron ran at: 15-07-2026 04:17:09 PM [] []
[2026-07-15 16:17:10] SlimMonoLogger.INFO: Cron ran at: 15-07-2026 04:17:10 PM [] []
[2026-07-15 16:18:07] SlimMonoLogger.INFO: Cron ran at: 15-07-2026 04:18:07 PM [] []
[2026-07-15 16:18:09] SlimMonoLogger.INFO: Cron ran at: 15-07-2026 04:18:09 PM [] []
[2026-07-15 16:18:09] SlimMonoLogger.INFO: Cron ran at: 15-07-2026 04:18:09 PM [] []
[2026-07-15 16:18:15] SlimMonoLogger.INFO: Cron ran at: 15-07-2026 04:18:15 PM [] []
[2026-07-15 16:18:57] SlimMonoLogger.INFO: Cron ran at: 15-07-2026 04:18:57 PM [] []
[2026-07-15 16:18:58] SlimMonoLogger.INFO: Cron ran at: 15-07-2026 04:18:58 PM [] []
[2026-07-15 16:19:01] SlimMonoLogger.INFO: Cron ran at: 15-07-2026 04:19:01 PM [] []
[2026-07-15 16:19:17] SlimMonoLogger.INFO: Cron ran at: 15-07-2026 04:19:17 PM [] []
[2026-07-15 16:19:51] SlimMonoLogger.INFO: Cron ran at: 15-07-2026 04:19:51 PM [] []
[2026-07-15 16:20:04] SlimMonoLogger.INFO: Cron ran at: 15-07-2026 04:20:04 PM [] []
[2026-07-15 16:20:05] SlimMonoLogger.INFO: Cron ran at: 15-07-2026 04:20:05 PM [] []
[2026-07-15 16:20:12] SlimMonoLogger.INFO: Cron ran at: 15-07-2026 04:20:12 PM [] []
[2026-07-15 16:20:49] SlimMonoLogger.INFO: Cron ran at: 15-07-2026 04:20:49 PM [] []
[2026-07-15 16:21:00] SlimMonoLogger.INFO: Cron ran at: 15-07-2026 04:21:00 PM [] []
[2026-07-15 16:21:25] SlimMonoLogger.INFO: Cron ran at: 15-07-2026 04:21:25 PM [] []
[2026-07-15 16:21:43] SlimMonoLogger.INFO: Cron ran at: 15-07-2026 04:21:43 PM [] []
[2026-07-15 16:21:45] SlimMonoLogger.INFO: Cron ran at: 15-07-2026 04:21:45 PM [] []
[2026-07-15 16:22:01] SlimMonoLogger.INFO: Cron ran at: 15-07-2026 04:22:01 PM [] []
[2026-07-15 16:22:20] SlimMonoLogger.INFO: Cron ran at: 15-07-2026 04:22:20 PM [] []
[2026-07-15 16:22:30] SlimMonoLogger.INFO: Cron ran at: 15-07-2026 04:22:30 PM [] []
[2026-07-15 16:22:43] SlimMonoLogger.INFO: Cron ran at: 15-07-2026 04:22:43 PM [] []
[2026-07-15 16:23:01] SlimMonoLogger.INFO: Cron ran at: 15-07-2026 04:23:01 PM [] []
[2026-07-15 16:23:21] SlimMonoLogger.INFO: Cron ran at: 15-07-2026 04:23:21 PM [] []
[2026-07-15 16:23:25] SlimMonoLogger.INFO: Cron ran at: 15-07-2026 04:23:25 PM [] []
[2026-07-15 16:23:38] SlimMonoLogger.INFO: Cron ran at: 15-07-2026 04:23:38 PM [] []
[2026-07-15 16:24:03] SlimMonoLogger.INFO: Cron ran at: 15-07-2026 04:24:03 PM [] []
[2026-07-15 16:24:15] SlimMonoLogger.INFO: Cron ran at: 15-07-2026 04:24:15 PM [] []
[2026-07-15 16:24:15] SlimMonoLogger.INFO: Cron ran at: 15-07-2026 04:24:15 PM [] []
[2026-07-15 16:24:35] SlimMonoLogger.INFO: Cron ran at: 15-07-2026 04:24:35 PM [] []
[2026-07-15 16:25:03] SlimMonoLogger.INFO: Cron ran at: 15-07-2026 04:25:03 PM [] []
[2026-07-15 16:25:11] SlimMonoLogger.INFO: Cron ran at: 15-07-2026 04:25:11 PM [] []
[2026-07-15 16:25:47] SlimMonoLogger.INFO: Cron ran at: 15-07-2026 04:25:47 PM [] []
[2026-07-15 16:26:09] SlimMonoLogger.INFO: Cron ran at: 15-07-2026 04:26:09 PM [] []
[2026-07-15 16:26:10] SlimMonoLogger.INFO: Cron ran at: 15-07-2026 04:26:10 PM [] []
[2026-07-15 16:26:25] SlimMonoLogger.INFO: Cron ran at: 15-07-2026 04:26:25 PM [] []
[2026-07-15 16:26:36] SlimMonoLogger.INFO: Cron ran at: 15-07-2026 04:26:36 PM [] []
[2026-07-15 16:27:04] SlimMonoLogger.INFO: Cron ran at: 15-07-2026 04:27:04 PM [] []
[2026-07-15 16:27:05] SlimMonoLogger.INFO: Cron ran at: 15-07-2026 04:27:05 PM [] []
[2026-07-15 16:27:08] SlimMonoLogger.INFO: Cron ran at: 15-07-2026 04:27:08 PM [] []
[2026-07-15 16:27:56] SlimMonoLogger.INFO: Cron ran at: 15-07-2026 04:27:56 PM [] []
[2026-07-15 16:28:13] SlimMonoLogger.INFO: Cron ran at: 15-07-2026 04:28:13 PM [] []
[2026-07-15 16:28:14] SlimMonoLogger.INFO: Cron ran at: 15-07-2026 04:28:14 PM [] []
[2026-07-15 16:28:16] SlimMonoLogger.INFO: Cron ran at: 15-07-2026 04:28:16 PM [] []
[2026-07-15 16:28:47] SlimMonoLogger.INFO: Cron ran at: 15-07-2026 04:28:47 PM [] []
[2026-07-15 16:28:59] SlimMonoLogger.INFO: Cron ran at: 15-07-2026 04:28:59 PM [] []
[2026-07-15 16:29:02] SlimMonoLogger.INFO: Cron ran at: 15-07-2026 04:29:02 PM [] []
[2026-07-15 16:29:02] SlimMonoLogger.INFO: Cron ran at: 15-07-2026 04:29:02 PM [] []
[2026-07-15 16:29:38] SlimMonoLogger.INFO: Cron ran at: 15-07-2026 04:29:38 PM [] []
[2026-07-15 16:29:54] SlimMonoLogger.INFO: Cron ran at: 15-07-2026 04:29:54 PM [] []
[2026-07-15 16:30:06] SlimMonoLogger.INFO: Cron ran at: 15-07-2026 04:30:06 PM [] []
[2026-07-15 16:30:07] SlimMonoLogger.INFO: Cron ran at: 15-07-2026 04:30:07 PM [] []
[2026-07-15 16:30:47] SlimMonoLogger.INFO: Cron ran at: 15-07-2026 04:30:47 PM [] []
[2026-07-15 16:30:48] SlimMonoLogger.INFO: Cron ran at: 15-07-2026 04:30:48 PM [] []
[2026-07-15 16:30:58] SlimMonoLogger.INFO: Cron ran at: 15-07-2026 04:30:58 PM [] []
[2026-07-15 16:31:37] SlimMonoLogger.INFO: Cron ran at: 15-07-2026 04:31:37 PM [] []
[2026-07-15 16:31:40] SlimMonoLogger.INFO: Cron ran at: 15-07-2026 04:31:40 PM [] []
[2026-07-15 16:31:41] SlimMonoLogger.INFO: Cron ran at: 15-07-2026 04:31:41 PM [] []
[2026-07-15 16:31:58] SlimMonoLogger.INFO: Cron ran at: 15-07-2026 04:31:58 PM [] []
[2026-07-15 16:32:39] SlimMonoLogger.INFO: Cron ran at: 15-07-2026 04:32:39 PM [] []
[2026-07-15 16:32:39] SlimMonoLogger.INFO: Cron ran at: 15-07-2026 04:32:39 PM [] []
[2026-07-15 16:32:40] SlimMonoLogger.INFO: Cron ran at: 15-07-2026 04:32:40 PM [] []
[2026-07-15 16:32:58] SlimMonoLogger.INFO: Cron ran at: 15-07-2026 04:32:58 PM [] []
[2026-07-15 16:33:28] SlimMonoLogger.INFO: Cron ran at: 15-07-2026 04:33:28 PM [] []
[2026-07-15 16:33:39] SlimMonoLogger.INFO: Cron ran at: 15-07-2026 04:33:39 PM [] []
[2026-07-15 16:33:40] SlimMonoLogger.INFO: Cron ran at: 15-07-2026 04:33:40 PM [] []
[2026-07-15 16:34:02] SlimMonoLogger.INFO: Cron ran at: 15-07-2026 04:34:02 PM [] []
[2026-07-15 16:34:18] SlimMonoLogger.INFO: Cron ran at: 15-07-2026 04:34:18 PM [] []
[2026-07-15 16:34:39] SlimMonoLogger.INFO: Cron ran at: 15-07-2026 04:34:39 PM [] []
[2026-07-15 16:34:39] SlimMonoLogger.INFO: Cron ran at: 15-07-2026 04:34:39 PM [] []
[2026-07-15 16:34:58] SlimMonoLogger.INFO: Cron ran at: 15-07-2026 04:34:58 PM [] []
[2026-07-15 16:36:05] SlimMonoLogger.INFO: Cron ran at: 15-07-2026 04:36:05 PM [] []
[2026-07-15 16:36:05] SlimMonoLogger.INFO: Cron ran at: 15-07-2026 04:36:05 PM [] []
[2026-07-15 16:36:05] SlimMonoLogger.INFO: Cron ran at: 15-07-2026 04:36:05 PM [] []
[2026-07-15 16:36:08] SlimMonoLogger.INFO: Cron ran at: 15-07-2026 04:36:08 PM [] []
[2026-07-15 16:36:37] SlimMonoLogger.INFO: Cron ran at: 15-07-2026 04:36:37 PM [] []
[2026-07-15 16:36:38] SlimMonoLogger.INFO: Cron ran at: 15-07-2026 04:36:38 PM [] []
[2026-07-15 16:37:06] SlimMonoLogger.INFO: Cron ran at: 15-07-2026 04:37:06 PM [] []
[2026-07-15 16:37:24] SlimMonoLogger.INFO: Cron ran at: 15-07-2026 04:37:24 PM [] []
[2026-07-15 16:37:45] SlimMonoLogger.INFO: Cron ran at: 15-07-2026 04:37:45 PM [] []
[2026-07-15 16:37:45] SlimMonoLogger.INFO: Cron ran at: 15-07-2026 04:37:45 PM [] []
[2026-07-15 16:38:03] SlimMonoLogger.INFO: Cron ran at: 15-07-2026 04:38:03 PM [] []
[2026-07-15 16:38:04] SlimMonoLogger.INFO: Cron ran at: 15-07-2026 04:38:04 PM [] []
[2026-07-15 16:38:25] SlimMonoLogger.INFO: Cron ran at: 15-07-2026 04:38:25 PM [] []
[2026-07-15 16:38:45] SlimMonoLogger.INFO: Cron ran at: 15-07-2026 04:38:45 PM [] []
[2026-07-15 16:39:04] SlimMonoLogger.INFO: Cron ran at: 15-07-2026 04:39:04 PM [] []
[2026-07-15 16:39:05] SlimMonoLogger.INFO: Cron ran at: 15-07-2026 04:39:05 PM [] []
[2026-07-15 16:39:22] SlimMonoLogger.INFO: Cron ran at: 15-07-2026 04:39:22 PM [] []
[2026-07-15 16:39:43] SlimMonoLogger.INFO: Cron ran at: 15-07-2026 04:39:43 PM [] []
[2026-07-15 16:40:10] SlimMonoLogger.INFO: Cron ran at: 15-07-2026 04:40:10 PM [] []
[2026-07-15 16:40:10] SlimMonoLogger.INFO: Cron ran at: 15-07-2026 04:40:10 PM [] []
[2026-07-15 16:40:16] SlimMonoLogger.INFO: Cron ran at: 15-07-2026 04:40:16 PM [] []
[2026-07-15 16:40:48] SlimMonoLogger.INFO: Cron ran at: 15-07-2026 04:40:48 PM [] []
[2026-07-15 16:41:11] SlimMonoLogger.INFO: Cron ran at: 15-07-2026 04:41:11 PM [] []
[2026-07-15 16:41:12] SlimMonoLogger.INFO: Cron ran at: 15-07-2026 04:41:12 PM [] []
[2026-07-15 16:41:49] SlimMonoLogger.INFO: Cron ran at: 15-07-2026 04:41:49 PM [] []
[2026-07-15 16:41:52] SlimMonoLogger.INFO: Cron ran at: 15-07-2026 04:41:52 PM [] []
[2026-07-15 16:42:19] SlimMonoLogger.INFO: Cron ran at: 15-07-2026 04:42:19 PM [] []
[2026-07-15 16:42:20] SlimMonoLogger.INFO: Cron ran at: 15-07-2026 04:42:20 PM [] []
[2026-07-15 16:42:36] SlimMonoLogger.INFO: Cron ran at: 15-07-2026 04:42:36 PM [] []
[2026-07-15 16:42:58] SlimMonoLogger.INFO: Cron ran at: 15-07-2026 04:42:58 PM [] []
[2026-07-15 16:43:07] SlimMonoLogger.INFO: Cron ran at: 15-07-2026 04:43:07 PM [] []
[2026-07-15 16:43:12] SlimMonoLogger.INFO: Cron ran at: 15-07-2026 04:43:12 PM [] []
[2026-07-15 16:43:28] SlimMonoLogger.INFO: Cron ran at: 15-07-2026 04:43:28 PM [] []
[2026-07-15 16:43:48] SlimMonoLogger.INFO: Cron ran at: 15-07-2026 04:43:48 PM [] []
[2026-07-15 16:44:03] SlimMonoLogger.INFO: Cron ran at: 15-07-2026 04:44:03 PM [] []
[2026-07-15 16:44:11] SlimMonoLogger.INFO: Cron ran at: 15-07-2026 04:44:11 PM [] []
[2026-07-15 16:44:21] SlimMonoLogger.INFO: Cron ran at: 15-07-2026 04:44:21 PM [] []
[2026-07-15 16:44:55] SlimMonoLogger.INFO: Cron ran at: 15-07-2026 04:44:55 PM [] []
[2026-07-15 16:45:08] SlimMonoLogger.INFO: Cron ran at: 15-07-2026 04:45:08 PM [] []
[2026-07-15 16:45:10] SlimMonoLogger.INFO: Cron ran at: 15-07-2026 04:45:10 PM [] []
[2026-07-15 16:45:16] SlimMonoLogger.INFO: Cron ran at: 15-07-2026 04:45:16 PM [] []
[2026-07-15 16:46:06] SlimMonoLogger.INFO: Cron ran at: 15-07-2026 04:46:06 PM [] []
[2026-07-15 16:46:12] SlimMonoLogger.INFO: Cron ran at: 15-07-2026 04:46:12 PM [] []
[2026-07-15 16:46:12] SlimMonoLogger.INFO: Cron ran at: 15-07-2026 04:46:12 PM [] []
[2026-07-15 16:47:04] SlimMonoLogger.INFO: Cron ran at: 15-07-2026 04:47:04 PM [] []
[2026-07-15 16:47:04] SlimMonoLogger.INFO: Cron ran at: 15-07-2026 04:47:04 PM [] []
[2026-07-15 16:47:05] SlimMonoLogger.INFO: Cron ran at: 15-07-2026 04:47:05 PM [] []
[2026-07-15 16:47:05] SlimMonoLogger.INFO: Cron ran at: 15-07-2026 04:47:05 PM [] []
[2026-07-15 16:47:53] SlimMonoLogger.INFO: Cron ran at: 15-07-2026 04:47:53 PM [] []
[2026-07-15 16:47:58] SlimMonoLogger.INFO: Cron ran at: 15-07-2026 04:47:58 PM [] []
[2026-07-15 16:48:02] SlimMonoLogger.INFO: Cron ran at: 15-07-2026 04:48:02 PM [] []
[2026-07-15 16:48:08] SlimMonoLogger.INFO: Cron ran at: 15-07-2026 04:48:08 PM [] []
[2026-07-15 16:48:57] SlimMonoLogger.INFO: Cron ran at: 15-07-2026 04:48:57 PM [] []
[2026-07-15 16:48:58] SlimMonoLogger.INFO: Cron ran at: 15-07-2026 04:48:58 PM [] []
[2026-07-15 16:48:58] SlimMonoLogger.INFO: Cron ran at: 15-07-2026 04:48:58 PM [] []
[2026-07-15 16:49:06] SlimMonoLogger.INFO: Cron ran at: 15-07-2026 04:49:06 PM [] []
[2026-07-15 16:49:40] SlimMonoLogger.INFO: Cron ran at: 15-07-2026 04:49:40 PM [] []
[2026-07-15 16:49:59] SlimMonoLogger.INFO: Cron ran at: 15-07-2026 04:49:59 PM [] []
[2026-07-15 16:49:59] SlimMonoLogger.INFO: Cron ran at: 15-07-2026 04:49:59 PM [] []
[2026-07-15 16:50:08] SlimMonoLogger.INFO: Cron ran at: 15-07-2026 04:50:08 PM [] []
[2026-07-15 16:50:31] SlimMonoLogger.INFO: Cron ran at: 15-07-2026 04:50:31 PM [] []
[2026-07-15 16:50:58] SlimMonoLogger.INFO: Cron ran at: 15-07-2026 04:50:58 PM [] []
[2026-07-15 16:51:00] SlimMonoLogger.INFO: Cron ran at: 15-07-2026 04:51:00 PM [] []
[2026-07-15 16:51:25] SlimMonoLogger.INFO: Cron ran at: 15-07-2026 04:51:25 PM [] []
[2026-07-15 16:51:53] SlimMonoLogger.INFO: Cron ran at: 15-07-2026 04:51:53 PM [] []
[2026-07-15 16:51:58] SlimMonoLogger.INFO: Cron ran at: 15-07-2026 04:51:58 PM [] []
[2026-07-15 16:51:59] SlimMonoLogger.INFO: Cron ran at: 15-07-2026 04:51:59 PM [] []
[2026-07-15 16:52:27] SlimMonoLogger.INFO: Cron ran at: 15-07-2026 04:52:27 PM [] []
[2026-07-15 16:52:46] SlimMonoLogger.INFO: Cron ran at: 15-07-2026 04:52:46 PM [] []
[2026-07-15 16:53:02] SlimMonoLogger.INFO: Cron ran at: 15-07-2026 04:53:02 PM [] []
[2026-07-15 16:53:03] SlimMonoLogger.INFO: Cron ran at: 15-07-2026 04:53:03 PM [] []
[2026-07-15 16:53:28] SlimMonoLogger.INFO: Cron ran at: 15-07-2026 04:53:28 PM [] []
[2026-07-15 16:53:39] SlimMonoLogger.INFO: Cron ran at: 15-07-2026 04:53:39 PM [] []
[2026-07-15 16:54:02] SlimMonoLogger.INFO: Cron ran at: 15-07-2026 04:54:02 PM [] []
[2026-07-15 16:54:03] SlimMonoLogger.INFO: Cron ran at: 15-07-2026 04:54:03 PM [] []
[2026-07-15 16:54:26] SlimMonoLogger.INFO: Cron ran at: 15-07-2026 04:54:26 PM [] []
[2026-07-15 16:54:27] SlimMonoLogger.INFO: Cron ran at: 15-07-2026 04:54:27 PM [] []
[2026-07-15 16:55:04] SlimMonoLogger.INFO: Cron ran at: 15-07-2026 04:55:04 PM [] []
[2026-07-15 16:55:04] SlimMonoLogger.INFO: Cron ran at: 15-07-2026 04:55:04 PM [] []
[2026-07-15 16:55:25] SlimMonoLogger.INFO: Cron ran at: 15-07-2026 04:55:25 PM [] []
[2026-07-15 16:55:26] SlimMonoLogger.INFO: Cron ran at: 15-07-2026 04:55:26 PM [] []
[2026-07-15 16:56:00] SlimMonoLogger.INFO: Cron ran at: 15-07-2026 04:56:00 PM [] []
[2026-07-15 16:56:19] SlimMonoLogger.INFO: Cron ran at: 15-07-2026 04:56:19 PM [] []
[2026-07-15 16:56:19] SlimMonoLogger.INFO: Cron ran at: 15-07-2026 04:56:19 PM [] []
[2026-07-15 16:56:35] SlimMonoLogger.INFO: Cron ran at: 15-07-2026 04:56:35 PM [] []
[2026-07-15 16:56:59] SlimMonoLogger.INFO: Cron ran at: 15-07-2026 04:56:59 PM [] []
[2026-07-15 16:57:22] SlimMonoLogger.INFO: Cron ran at: 15-07-2026 04:57:22 PM [] []
[2026-07-15 16:57:23] SlimMonoLogger.INFO: Cron ran at: 15-07-2026 04:57:23 PM [] []
[2026-07-15 16:57:26] SlimMonoLogger.INFO: Cron ran at: 15-07-2026 04:57:26 PM [] []
[2026-07-15 16:58:01] SlimMonoLogger.INFO: Cron ran at: 15-07-2026 04:58:01 PM [] []
[2026-07-15 16:58:13] SlimMonoLogger.INFO: Cron ran at: 15-07-2026 04:58:13 PM [] []
[2026-07-15 16:58:18] SlimMonoLogger.INFO: Cron ran at: 15-07-2026 04:58:18 PM [] []
[2026-07-15 16:58:23] SlimMonoLogger.INFO: Cron ran at: 15-07-2026 04:58:23 PM [] []
[2026-07-15 16:59:02] SlimMonoLogger.INFO: Cron ran at: 15-07-2026 04:59:02 PM [] []
[2026-07-15 16:59:04] SlimMonoLogger.INFO: Cron ran at: 15-07-2026 04:59:04 PM [] []
[2026-07-15 16:59:04] SlimMonoLogger.INFO: Cron ran at: 15-07-2026 04:59:04 PM [] []
[2026-07-15 16:59:18] SlimMonoLogger.INFO: Cron ran at: 15-07-2026 04:59:18 PM [] []
[2026-07-15 16:59:56] SlimMonoLogger.INFO: Cron ran at: 15-07-2026 04:59:56 PM [] []
[2026-07-15 16:59:57] SlimMonoLogger.INFO: Cron ran at: 15-07-2026 04:59:57 PM [] []
[2026-07-15 17:00:05] SlimMonoLogger.INFO: Cron ran at: 15-07-2026 05:00:05 PM [] []
[2026-07-15 17:00:17] SlimMonoLogger.INFO: Cron ran at: 15-07-2026 05:00:17 PM [] []
[2026-07-15 17:00:56] SlimMonoLogger.INFO: Cron ran at: 15-07-2026 05:00:56 PM [] []
[2026-07-15 17:01:06] SlimMonoLogger.INFO: Cron ran at: 15-07-2026 05:01:06 PM [] []
[2026-07-15 17:01:18] SlimMonoLogger.INFO: Cron ran at: 15-07-2026 05:01:18 PM [] []
[2026-07-15 17:01:26] SlimMonoLogger.INFO: Cron ran at: 15-07-2026 05:01:26 PM [] []
[2026-07-15 17:01:52] SlimMonoLogger.INFO: Cron ran at: 15-07-2026 05:01:52 PM [] []
[2026-07-15 17:02:06] SlimMonoLogger.INFO: Cron ran at: 15-07-2026 05:02:06 PM [] []
[2026-07-15 17:02:15] SlimMonoLogger.INFO: Cron ran at: 15-07-2026 05:02:15 PM [] []
[2026-07-15 17:02:15] SlimMonoLogger.INFO: Cron ran at: 15-07-2026 05:02:15 PM [] []
[2026-07-15 17:02:46] SlimMonoLogger.INFO: Cron ran at: 15-07-2026 05:02:46 PM [] []
[2026-07-15 17:03:03] SlimMonoLogger.INFO: Cron ran at: 15-07-2026 05:03:03 PM [] []
[2026-07-15 17:03:09] SlimMonoLogger.INFO: Cron ran at: 15-07-2026 05:03:09 PM [] []
[2026-07-15 17:03:20] SlimMonoLogger.INFO: Cron ran at: 15-07-2026 05:03:20 PM [] []
[2026-07-15 17:03:45] SlimMonoLogger.INFO: Cron ran at: 15-07-2026 05:03:45 PM [] []
[2026-07-15 17:04:07] SlimMonoLogger.INFO: Cron ran at: 15-07-2026 05:04:07 PM [] []
[2026-07-15 17:04:07] SlimMonoLogger.INFO: Cron ran at: 15-07-2026 05:04:07 PM [] []
[2026-07-15 17:04:16] SlimMonoLogger.INFO: Cron ran at: 15-07-2026 05:04:16 PM [] []
[2026-07-15 17:04:45] SlimMonoLogger.INFO: Cron ran at: 15-07-2026 05:04:45 PM [] []
[2026-07-15 17:04:55] SlimMonoLogger.INFO: Cron ran at: 15-07-2026 05:04:55 PM [] []
[2026-07-15 17:05:03] SlimMonoLogger.INFO: Cron ran at: 15-07-2026 05:05:03 PM [] []
[2026-07-15 17:05:16] SlimMonoLogger.INFO: Cron ran at: 15-07-2026 05:05:16 PM [] []
[2026-07-15 17:05:42] SlimMonoLogger.INFO: Cron ran at: 15-07-2026 05:05:42 PM [] []
[2026-07-15 17:05:51] SlimMonoLogger.INFO: Cron ran at: 15-07-2026 05:05:51 PM [] []
[2026-07-15 17:06:06] SlimMonoLogger.INFO: Cron ran at: 15-07-2026 05:06:06 PM [] []
[2026-07-15 17:06:45] SlimMonoLogger.INFO: Cron ran at: 15-07-2026 05:06:45 PM [] []
[2026-07-15 17:06:58] SlimMonoLogger.INFO: Cron ran at: 15-07-2026 05:06:58 PM [] []
[2026-07-15 17:07:04] SlimMonoLogger.INFO: Cron ran at: 15-07-2026 05:07:04 PM [] []
[2026-07-15 17:07:04] SlimMonoLogger.INFO: Cron ran at: 15-07-2026 05:07:04 PM [] []
[2026-07-15 17:07:42] SlimMonoLogger.INFO: Cron ran at: 15-07-2026 05:07:42 PM [] []
[2026-07-15 17:07:42] SlimMonoLogger.INFO: Cron ran at: 15-07-2026 05:07:42 PM [] []
[2026-07-15 17:07:53] SlimMonoLogger.INFO: Cron ran at: 15-07-2026 05:07:53 PM [] []
[2026-07-15 17:08:04] SlimMonoLogger.INFO: Cron ran at: 15-07-2026 05:08:04 PM [] []
[2026-07-15 17:08:45] SlimMonoLogger.INFO: Cron ran at: 15-07-2026 05:08:45 PM [] []
[2026-07-15 17:08:46] SlimMonoLogger.INFO: Cron ran at: 15-07-2026 05:08:46 PM [] []
[2026-07-15 17:08:52] SlimMonoLogger.INFO: Cron ran at: 15-07-2026 05:08:52 PM [] []
[2026-07-15 17:09:13] SlimMonoLogger.INFO: Cron ran at: 15-07-2026 05:09:13 PM [] []
[2026-07-15 17:09:41] SlimMonoLogger.INFO: Cron ran at: 15-07-2026 05:09:41 PM [] []
[2026-07-15 17:09:43] SlimMonoLogger.INFO: Cron ran at: 15-07-2026 05:09:43 PM [] []
[2026-07-15 17:09:43] SlimMonoLogger.INFO: Cron ran at: 15-07-2026 05:09:43 PM [] []
[2026-07-15 17:10:04] SlimMonoLogger.INFO: Cron ran at: 15-07-2026 05:10:04 PM [] []
[2026-07-15 17:10:31] SlimMonoLogger.INFO: Cron ran at: 15-07-2026 05:10:31 PM [] []
[2026-07-15 17:10:35] SlimMonoLogger.INFO: Cron ran at: 15-07-2026 05:10:35 PM [] []
[2026-07-15 17:10:38] SlimMonoLogger.INFO: Cron ran at: 15-07-2026 05:10:38 PM [] []
[2026-07-15 17:11:28] SlimMonoLogger.INFO: Cron ran at: 15-07-2026 05:11:28 PM [] []
[2026-07-15 17:11:38] SlimMonoLogger.INFO: Cron ran at: 15-07-2026 05:11:38 PM [] []
[2026-07-15 17:11:38] SlimMonoLogger.INFO: Cron ran at: 15-07-2026 05:11:38 PM [] []
[2026-07-15 17:11:38] SlimMonoLogger.INFO: Cron ran at: 15-07-2026 05:11:38 PM [] []
[2026-07-15 17:12:23] SlimMonoLogger.INFO: Cron ran at: 15-07-2026 05:12:23 PM [] []
[2026-07-15 17:12:31] SlimMonoLogger.INFO: Cron ran at: 15-07-2026 05:12:31 PM [] []
[2026-07-15 17:12:38] SlimMonoLogger.INFO: Cron ran at: 15-07-2026 05:12:38 PM [] []
[2026-07-15 17:12:38] SlimMonoLogger.INFO: Cron ran at: 15-07-2026 05:12:38 PM [] []
[2026-07-15 17:13:21] SlimMonoLogger.INFO: Cron ran at: 15-07-2026 05:13:21 PM [] []
[2026-07-15 17:13:22] SlimMonoLogger.INFO: Cron ran at: 15-07-2026 05:13:22 PM [] []
[2026-07-15 17:13:37] SlimMonoLogger.INFO: Cron ran at: 15-07-2026 05:13:37 PM [] []
[2026-07-15 17:13:38] SlimMonoLogger.INFO: Cron ran at: 15-07-2026 05:13:38 PM [] []
[2026-07-15 17:14:19] SlimMonoLogger.INFO: Cron ran at: 15-07-2026 05:14:19 PM [] []
[2026-07-15 17:14:19] SlimMonoLogger.INFO: Cron ran at: 15-07-2026 05:14:19 PM [] []
[2026-07-15 17:14:37] SlimMonoLogger.INFO: Cron ran at: 15-07-2026 05:14:37 PM [] []
[2026-07-15 17:14:38] SlimMonoLogger.INFO: Cron ran at: 15-07-2026 05:14:38 PM [] []
[2026-07-15 17:15:13] SlimMonoLogger.INFO: Cron ran at: 15-07-2026 05:15:13 PM [] []
[2026-07-15 17:15:15] SlimMonoLogger.INFO: Cron ran at: 15-07-2026 05:15:15 PM [] []
[2026-07-15 17:15:40] SlimMonoLogger.INFO: Cron ran at: 15-07-2026 05:15:40 PM [] []
[2026-07-15 17:16:09] SlimMonoLogger.INFO: Cron ran at: 15-07-2026 05:16:09 PM [] []
[2026-07-15 17:16:17] SlimMonoLogger.INFO: Cron ran at: 15-07-2026 05:16:17 PM [] []
[2026-07-15 17:16:42] SlimMonoLogger.INFO: Cron ran at: 15-07-2026 05:16:42 PM [] []
[2026-07-15 17:16:44] SlimMonoLogger.INFO: Cron ran at: 15-07-2026 05:16:44 PM [] []
[2026-07-15 17:17:03] SlimMonoLogger.INFO: Cron ran at: 15-07-2026 05:17:03 PM [] []
[2026-07-15 17:17:17] SlimMonoLogger.INFO: Cron ran at: 15-07-2026 05:17:17 PM [] []
[2026-07-15 17:17:38] SlimMonoLogger.INFO: Cron ran at: 15-07-2026 05:17:38 PM [] []
[2026-07-15 17:17:38] SlimMonoLogger.INFO: Cron ran at: 15-07-2026 05:17:38 PM [] []
[2026-07-15 17:17:45] SlimMonoLogger.INFO: Cron ran at: 15-07-2026 05:17:45 PM [] []
[2026-07-15 17:18:16] SlimMonoLogger.INFO: Cron ran at: 15-07-2026 05:18:16 PM [] []
[2026-07-15 17:18:39] SlimMonoLogger.INFO: Cron ran at: 15-07-2026 05:18:39 PM [] []
[2026-07-15 17:18:40] SlimMonoLogger.INFO: Cron ran at: 15-07-2026 05:18:40 PM [] []
[2026-07-15 17:18:41] SlimMonoLogger.INFO: Cron ran at: 15-07-2026 05:18:41 PM [] []
[2026-07-15 17:19:24] SlimMonoLogger.INFO: Cron ran at: 15-07-2026 05:19:24 PM [] []
[2026-07-15 17:19:34] SlimMonoLogger.INFO: Cron ran at: 15-07-2026 05:19:34 PM [] []
[2026-07-15 17:19:35] SlimMonoLogger.INFO: Cron ran at: 15-07-2026 05:19:35 PM [] []
[2026-07-15 17:19:37] SlimMonoLogger.INFO: Cron ran at: 15-07-2026 05:19:37 PM [] []
[2026-07-15 17:20:17] SlimMonoLogger.INFO: Cron ran at: 15-07-2026 05:20:17 PM [] []
[2026-07-15 17:20:27] SlimMonoLogger.INFO: Cron ran at: 15-07-2026 05:20:27 PM [] []
[2026-07-15 17:20:38] SlimMonoLogger.INFO: Cron ran at: 15-07-2026 05:20:38 PM [] []
[2026-07-15 17:21:20] SlimMonoLogger.INFO: Cron ran at: 15-07-2026 05:21:20 PM [] []
[2026-07-15 17:21:25] SlimMonoLogger.INFO: Cron ran at: 15-07-2026 05:21:25 PM [] []
[2026-07-15 17:21:40] SlimMonoLogger.INFO: Cron ran at: 15-07-2026 05:21:40 PM [] []
[2026-07-15 17:21:57] SlimMonoLogger.INFO: Cron ran at: 15-07-2026 05:21:57 PM [] []
[2026-07-15 17:22:20] SlimMonoLogger.INFO: Cron ran at: 15-07-2026 05:22:20 PM [] []
[2026-07-15 17:22:27] SlimMonoLogger.INFO: Cron ran at: 15-07-2026 05:22:27 PM [] []
[2026-07-15 17:22:39] SlimMonoLogger.INFO: Cron ran at: 15-07-2026 05:22:39 PM [] []
[2026-07-15 17:22:47] SlimMonoLogger.INFO: Cron ran at: 15-07-2026 05:22:47 PM [] []
[2026-07-15 17:23:17] SlimMonoLogger.INFO: Cron ran at: 15-07-2026 05:23:17 PM [] []
[2026-07-15 17:23:17] SlimMonoLogger.INFO: Cron ran at: 15-07-2026 05:23:17 PM [] []
[2026-07-15 17:23:36] SlimMonoLogger.INFO: Cron ran at: 15-07-2026 05:23:36 PM [] []
[2026-07-15 17:23:40] SlimMonoLogger.INFO: Cron ran at: 15-07-2026 05:23:40 PM [] []
[2026-07-15 17:24:18] SlimMonoLogger.INFO: Cron ran at: 15-07-2026 05:24:18 PM [] []
[2026-07-15 17:24:21] SlimMonoLogger.INFO: Cron ran at: 15-07-2026 05:24:21 PM [] []
[2026-07-15 17:24:38] SlimMonoLogger.INFO: Cron ran at: 15-07-2026 05:24:38 PM [] []
[2026-07-15 17:24:39] SlimMonoLogger.INFO: Cron ran at: 15-07-2026 05:24:39 PM [] []
[2026-07-15 17:25:21] SlimMonoLogger.INFO: Cron ran at: 15-07-2026 05:25:21 PM [] []
[2026-07-15 17:25:23] SlimMonoLogger.INFO: Cron ran at: 15-07-2026 05:25:23 PM [] []
[2026-07-15 17:25:30] SlimMonoLogger.INFO: Cron ran at: 15-07-2026 05:25:30 PM [] []
[2026-07-15 17:25:39] SlimMonoLogger.INFO: Cron ran at: 15-07-2026 05:25:39 PM [] []
[2026-07-15 17:26:17] SlimMonoLogger.INFO: Cron ran at: 15-07-2026 05:26:17 PM [] []
[2026-07-15 17:26:27] SlimMonoLogger.INFO: Cron ran at: 15-07-2026 05:26:27 PM [] []
[2026-07-15 17:26:43] SlimMonoLogger.INFO: Cron ran at: 15-07-2026 05:26:43 PM [] []
[2026-07-15 17:27:15] SlimMonoLogger.INFO: Cron ran at: 15-07-2026 05:27:15 PM [] []
[2026-07-15 17:27:18] SlimMonoLogger.INFO: Cron ran at: 15-07-2026 05:27:18 PM [] []
[2026-07-15 17:27:22] SlimMonoLogger.INFO: Cron ran at: 15-07-2026 05:27:22 PM [] []
[2026-07-15 17:27:39] SlimMonoLogger.INFO: Cron ran at: 15-07-2026 05:27:39 PM [] []
[2026-07-15 17:28:02] SlimMonoLogger.INFO: Cron ran at: 15-07-2026 05:28:02 PM [] []
[2026-07-15 17:28:14] SlimMonoLogger.INFO: Cron ran at: 15-07-2026 05:28:14 PM [] []
[2026-07-15 17:28:16] SlimMonoLogger.INFO: Cron ran at: 15-07-2026 05:28:16 PM [] []
[2026-07-15 17:28:37] SlimMonoLogger.INFO: Cron ran at: 15-07-2026 05:28:37 PM [] []
[2026-07-15 17:28:52] SlimMonoLogger.INFO: Cron ran at: 15-07-2026 05:28:52 PM [] []
[2026-07-15 17:29:19] SlimMonoLogger.INFO: Cron ran at: 15-07-2026 05:29:19 PM [] []
[2026-07-15 17:29:19] SlimMonoLogger.INFO: Cron ran at: 15-07-2026 05:29:19 PM [] []
[2026-07-15 17:29:44] SlimMonoLogger.INFO: Cron ran at: 15-07-2026 05:29:44 PM [] []
[2026-07-15 17:29:48] SlimMonoLogger.INFO: Cron ran at: 15-07-2026 05:29:48 PM [] []
[2026-07-15 17:30:14] SlimMonoLogger.INFO: Cron ran at: 15-07-2026 05:30:14 PM [] []
[2026-07-15 17:30:16] SlimMonoLogger.INFO: Cron ran at: 15-07-2026 05:30:16 PM [] []
[2026-07-15 17:30:46] SlimMonoLogger.INFO: Cron ran at: 15-07-2026 05:30:46 PM [] []
[2026-07-15 17:31:14] SlimMonoLogger.INFO: Cron ran at: 15-07-2026 05:31:14 PM [] []
[2026-07-15 17:31:15] SlimMonoLogger.INFO: Cron ran at: 15-07-2026 05:31:15 PM [] []
[2026-07-15 17:31:36] SlimMonoLogger.INFO: Cron ran at: 15-07-2026 05:31:36 PM [] []
[2026-07-15 17:31:37] SlimMonoLogger.INFO: Cron ran at: 15-07-2026 05:31:37 PM [] []
[2026-07-15 17:32:20] SlimMonoLogger.INFO: Cron ran at: 15-07-2026 05:32:20 PM [] []
[2026-07-15 17:32:20] SlimMonoLogger.INFO: Cron ran at: 15-07-2026 05:32:20 PM [] []
[2026-07-15 17:32:31] SlimMonoLogger.INFO: Cron ran at: 15-07-2026 05:32:31 PM [] []
[2026-07-15 17:32:32] SlimMonoLogger.INFO: Cron ran at: 15-07-2026 05:32:32 PM [] []
[2026-07-15 17:33:17] SlimMonoLogger.INFO: Cron ran at: 15-07-2026 05:33:17 PM [] []
[2026-07-15 17:33:18] SlimMonoLogger.INFO: Cron ran at: 15-07-2026 05:33:18 PM [] []
[2026-07-15 17:33:18] SlimMonoLogger.INFO: Cron ran at: 15-07-2026 05:33:18 PM [] []
[2026-07-15 17:33:27] SlimMonoLogger.INFO: Cron ran at: 15-07-2026 05:33:27 PM [] []
[2026-07-15 17:34:10] SlimMonoLogger.INFO: Cron ran at: 15-07-2026 05:34:10 PM [] []
[2026-07-15 17:34:11] SlimMonoLogger.INFO: Cron ran at: 15-07-2026 05:34:11 PM [] []
[2026-07-15 17:34:11] SlimMonoLogger.INFO: Cron ran at: 15-07-2026 05:34:11 PM [] []
[2026-07-15 17:34:23] SlimMonoLogger.INFO: Cron ran at: 15-07-2026 05:34:23 PM [] []
[2026-07-15 17:35:07] SlimMonoLogger.INFO: Cron ran at: 15-07-2026 05:35:07 PM [] []
[2026-07-15 17:35:14] SlimMonoLogger.INFO: Cron ran at: 15-07-2026 05:35:14 PM [] []
[2026-07-15 17:35:15] SlimMonoLogger.INFO: Cron ran at: 15-07-2026 05:35:15 PM [] []
[2026-07-15 17:35:23] SlimMonoLogger.INFO: Cron ran at: 15-07-2026 05:35:23 PM [] []
[2026-07-15 17:36:02] SlimMonoLogger.INFO: Cron ran at: 15-07-2026 05:36:02 PM [] []
[2026-07-15 17:36:16] SlimMonoLogger.INFO: Cron ran at: 15-07-2026 05:36:16 PM [] []
[2026-07-15 17:36:22] SlimMonoLogger.INFO: Cron ran at: 15-07-2026 05:36:22 PM [] []
[2026-07-15 17:36:49] SlimMonoLogger.INFO: Cron ran at: 15-07-2026 05:36:49 PM [] []
[2026-07-15 17:36:54] SlimMonoLogger.INFO: Cron ran at: 15-07-2026 05:36:54 PM [] []
[2026-07-15 17:37:24] SlimMonoLogger.INFO: Cron ran at: 15-07-2026 05:37:24 PM [] []
[2026-07-15 17:37:25] SlimMonoLogger.INFO: Cron ran at: 15-07-2026 05:37:25 PM [] []
[2026-07-15 17:37:39] SlimMonoLogger.INFO: Cron ran at: 15-07-2026 05:37:39 PM [] []
[2026-07-15 17:37:52] SlimMonoLogger.INFO: Cron ran at: 15-07-2026 05:37:52 PM [] []
[2026-07-15 17:38:11] SlimMonoLogger.INFO: Cron ran at: 15-07-2026 05:38:11 PM [] []
[2026-07-15 17:38:23] SlimMonoLogger.INFO: Cron ran at: 15-07-2026 05:38:23 PM [] []
[2026-07-15 17:38:35] SlimMonoLogger.INFO: Cron ran at: 15-07-2026 05:38:35 PM [] []
[2026-07-15 17:38:50] SlimMonoLogger.INFO: Cron ran at: 15-07-2026 05:38:50 PM [] []
[2026-07-15 17:39:13] SlimMonoLogger.INFO: Cron ran at: 15-07-2026 05:39:13 PM [] []
[2026-07-15 17:39:22] SlimMonoLogger.INFO: Cron ran at: 15-07-2026 05:39:22 PM [] []
[2026-07-15 17:39:28] SlimMonoLogger.INFO: Cron ran at: 15-07-2026 05:39:28 PM [] []
[2026-07-15 17:39:51] SlimMonoLogger.INFO: Cron ran at: 15-07-2026 05:39:51 PM [] []
[2026-07-15 17:40:15] SlimMonoLogger.INFO: Cron ran at: 15-07-2026 05:40:15 PM [] []
[2026-07-15 17:40:22] SlimMonoLogger.INFO: Cron ran at: 15-07-2026 05:40:22 PM [] []
[2026-07-15 17:40:22] SlimMonoLogger.INFO: Cron ran at: 15-07-2026 05:40:22 PM [] []
[2026-07-15 17:40:58] SlimMonoLogger.INFO: Cron ran at: 15-07-2026 05:40:58 PM [] []
[2026-07-15 17:41:22] SlimMonoLogger.INFO: Cron ran at: 15-07-2026 05:41:22 PM [] []
[2026-07-15 17:41:24] SlimMonoLogger.INFO: Cron ran at: 15-07-2026 05:41:24 PM [] []
[2026-07-15 17:41:51] SlimMonoLogger.INFO: Cron ran at: 15-07-2026 05:41:51 PM [] []
[2026-07-15 17:42:10] SlimMonoLogger.INFO: Cron ran at: 15-07-2026 05:42:10 PM [] []
[2026-07-15 17:42:10] SlimMonoLogger.INFO: Cron ran at: 15-07-2026 05:42:10 PM [] []
[2026-07-15 17:42:21] SlimMonoLogger.INFO: Cron ran at: 15-07-2026 05:42:21 PM [] []
[2026-07-15 17:42:55] SlimMonoLogger.INFO: Cron ran at: 15-07-2026 05:42:55 PM [] []
[2026-07-15 17:43:00] SlimMonoLogger.INFO: Cron ran at: 15-07-2026 05:43:00 PM [] []
[2026-07-15 17:43:12] SlimMonoLogger.INFO: Cron ran at: 15-07-2026 05:43:12 PM [] []
[2026-07-15 17:43:25] SlimMonoLogger.INFO: Cron ran at: 15-07-2026 05:43:25 PM [] []
[2026-07-15 17:43:55] SlimMonoLogger.INFO: Cron ran at: 15-07-2026 05:43:55 PM [] []
[2026-07-15 17:44:05] SlimMonoLogger.INFO: Cron ran at: 15-07-2026 05:44:05 PM [] []
[2026-07-15 17:44:07] SlimMonoLogger.INFO: Cron ran at: 15-07-2026 05:44:07 PM [] []
[2026-07-15 17:44:25] SlimMonoLogger.INFO: Cron ran at: 15-07-2026 05:44:25 PM [] []
[2026-07-15 17:44:47] SlimMonoLogger.INFO: Cron ran at: 15-07-2026 05:44:47 PM [] []
[2026-07-15 17:44:52] SlimMonoLogger.INFO: Cron ran at: 15-07-2026 05:44:52 PM [] []
[2026-07-15 17:45:14] SlimMonoLogger.INFO: Cron ran at: 15-07-2026 05:45:14 PM [] []
[2026-07-15 17:45:26] SlimMonoLogger.INFO: Cron ran at: 15-07-2026 05:45:26 PM [] []
[2026-07-15 17:45:43] SlimMonoLogger.INFO: Cron ran at: 15-07-2026 05:45:43 PM [] []
[2026-07-15 17:45:54] SlimMonoLogger.INFO: Cron ran at: 15-07-2026 05:45:54 PM [] []
[2026-07-15 17:46:11] SlimMonoLogger.INFO: Cron ran at: 15-07-2026 05:46:11 PM [] []
[2026-07-15 17:46:35] SlimMonoLogger.INFO: Cron ran at: 15-07-2026 05:46:35 PM [] []
[2026-07-15 17:46:49] SlimMonoLogger.INFO: Cron ran at: 15-07-2026 05:46:49 PM [] []
[2026-07-15 17:46:59] SlimMonoLogger.INFO: Cron ran at: 15-07-2026 05:46:59 PM [] []
[2026-07-15 17:47:03] SlimMonoLogger.INFO: Cron ran at: 15-07-2026 05:47:03 PM [] []
[2026-07-15 17:47:33] SlimMonoLogger.INFO: Cron ran at: 15-07-2026 05:47:33 PM [] []
[2026-07-15 17:47:42] SlimMonoLogger.INFO: Cron ran at: 15-07-2026 05:47:42 PM [] []
[2026-07-15 17:47:47] SlimMonoLogger.INFO: Cron ran at: 15-07-2026 05:47:47 PM [] []
[2026-07-15 17:48:06] SlimMonoLogger.INFO: Cron ran at: 15-07-2026 05:48:06 PM [] []
[2026-07-15 17:48:28] SlimMonoLogger.INFO: Cron ran at: 15-07-2026 05:48:28 PM [] []
[2026-07-15 17:48:29] SlimMonoLogger.INFO: Cron ran at: 15-07-2026 05:48:29 PM [] []
[2026-07-15 17:48:50] SlimMonoLogger.INFO: Cron ran at: 15-07-2026 05:48:50 PM [] []
[2026-07-15 17:49:07] SlimMonoLogger.INFO: Cron ran at: 15-07-2026 05:49:07 PM [] []
[2026-07-15 17:49:24] SlimMonoLogger.INFO: Cron ran at: 15-07-2026 05:49:24 PM [] []
[2026-07-15 17:49:24] SlimMonoLogger.INFO: Cron ran at: 15-07-2026 05:49:24 PM [] []
[2026-07-15 17:49:53] SlimMonoLogger.INFO: Cron ran at: 15-07-2026 05:49:53 PM [] []
[2026-07-15 17:50:08] SlimMonoLogger.INFO: Cron ran at: 15-07-2026 05:50:08 PM [] []
[2026-07-15 17:50:22] SlimMonoLogger.INFO: Cron ran at: 15-07-2026 05:50:22 PM [] []
[2026-07-15 17:50:26] SlimMonoLogger.INFO: Cron ran at: 15-07-2026 05:50:26 PM [] []
[2026-07-15 17:51:10] SlimMonoLogger.INFO: Cron ran at: 15-07-2026 05:51:10 PM [] []
[2026-07-15 17:51:17] SlimMonoLogger.INFO: Cron ran at: 15-07-2026 05:51:17 PM [] []
[2026-07-15 17:51:24] SlimMonoLogger.INFO: Cron ran at: 15-07-2026 05:51:24 PM [] []
[2026-07-15 17:51:25] SlimMonoLogger.INFO: Cron ran at: 15-07-2026 05:51:25 PM [] []
[2026-07-15 17:52:09] SlimMonoLogger.INFO: Cron ran at: 15-07-2026 05:52:09 PM [] []
[2026-07-15 17:52:12] SlimMonoLogger.INFO: Cron ran at: 15-07-2026 05:52:12 PM [] []
[2026-07-15 17:52:12] SlimMonoLogger.INFO: Cron ran at: 15-07-2026 05:52:12 PM [] []
[2026-07-15 17:52:23] SlimMonoLogger.INFO: Cron ran at: 15-07-2026 05:52:23 PM [] []
[2026-07-15 17:53:11] SlimMonoLogger.INFO: Cron ran at: 15-07-2026 05:53:11 PM [] []
[2026-07-15 17:53:11] SlimMonoLogger.INFO: Cron ran at: 15-07-2026 05:53:11 PM [] []
[2026-07-15 17:53:11] SlimMonoLogger.INFO: Cron ran at: 15-07-2026 05:53:11 PM [] []
[2026-07-15 17:53:25] SlimMonoLogger.INFO: Cron ran at: 15-07-2026 05:53:25 PM [] []
[2026-07-15 17:54:03] SlimMonoLogger.INFO: Cron ran at: 15-07-2026 05:54:03 PM [] []
[2026-07-15 17:54:05] SlimMonoLogger.INFO: Cron ran at: 15-07-2026 05:54:05 PM [] []
[2026-07-15 17:54:05] SlimMonoLogger.INFO: Cron ran at: 15-07-2026 05:54:05 PM [] []
[2026-07-15 17:54:25] SlimMonoLogger.INFO: Cron ran at: 15-07-2026 05:54:25 PM [] []
[2026-07-15 17:54:59] SlimMonoLogger.INFO: Cron ran at: 15-07-2026 05:54:59 PM [] []
[2026-07-15 17:55:06] SlimMonoLogger.INFO: Cron ran at: 15-07-2026 05:55:06 PM [] []
[2026-07-15 17:55:16] SlimMonoLogger.INFO: Cron ran at: 15-07-2026 05:55:16 PM [] []
[2026-07-15 17:55:25] SlimMonoLogger.INFO: Cron ran at: 15-07-2026 05:55:25 PM [] []
[2026-07-15 17:55:53] SlimMonoLogger.INFO: Cron ran at: 15-07-2026 05:55:53 PM [] []
[2026-07-15 17:56:07] SlimMonoLogger.INFO: Cron ran at: 15-07-2026 05:56:07 PM [] []
[2026-07-15 17:56:38] SlimMonoLogger.INFO: Cron ran at: 15-07-2026 05:56:38 PM [] []
[2026-07-15 17:56:43] SlimMonoLogger.INFO: Cron ran at: 15-07-2026 05:56:43 PM [] []
[2026-07-15 17:56:47] SlimMonoLogger.INFO: Cron ran at: 15-07-2026 05:56:47 PM [] []
[2026-07-15 17:57:05] SlimMonoLogger.INFO: Cron ran at: 15-07-2026 05:57:05 PM [] []
[2026-07-15 17:57:29] SlimMonoLogger.INFO: Cron ran at: 15-07-2026 05:57:29 PM [] []
[2026-07-15 17:57:31] SlimMonoLogger.INFO: Cron ran at: 15-07-2026 05:57:31 PM [] []
[2026-07-15 17:57:51] SlimMonoLogger.INFO: Cron ran at: 15-07-2026 05:57:51 PM [] []
[2026-07-15 17:58:07] SlimMonoLogger.INFO: Cron ran at: 15-07-2026 05:58:07 PM [] []
[2026-07-15 17:58:25] SlimMonoLogger.INFO: Cron ran at: 15-07-2026 05:58:25 PM [] []
[2026-07-15 17:58:26] SlimMonoLogger.INFO: Cron ran at: 15-07-2026 05:58:26 PM [] []
[2026-07-15 17:58:43] SlimMonoLogger.INFO: Cron ran at: 15-07-2026 05:58:43 PM [] []
[2026-07-15 17:59:06] SlimMonoLogger.INFO: Cron ran at: 15-07-2026 05:59:06 PM [] []
[2026-07-15 17:59:19] SlimMonoLogger.INFO: Cron ran at: 15-07-2026 05:59:19 PM [] []
[2026-07-15 17:59:26] SlimMonoLogger.INFO: Cron ran at: 15-07-2026 05:59:26 PM [] []
[2026-07-15 17:59:43] SlimMonoLogger.INFO: Cron ran at: 15-07-2026 05:59:43 PM [] []
[2026-07-15 18:00:08] SlimMonoLogger.INFO: Cron ran at: 15-07-2026 06:00:08 PM [] []
[2026-07-15 18:00:16] SlimMonoLogger.INFO: Cron ran at: 15-07-2026 06:00:16 PM [] []
[2026-07-15 18:00:27] SlimMonoLogger.INFO: Cron ran at: 15-07-2026 06:00:27 PM [] []
[2026-07-15 18:00:40] SlimMonoLogger.INFO: Cron ran at: 15-07-2026 06:00:40 PM [] []
[2026-07-15 18:01:13] SlimMonoLogger.INFO: Cron ran at: 15-07-2026 06:01:13 PM [] []
[2026-07-15 18:01:14] SlimMonoLogger.INFO: Cron ran at: 15-07-2026 06:01:14 PM [] []
[2026-07-15 18:01:53] SlimMonoLogger.INFO: Cron ran at: 15-07-2026 06:01:53 PM [] []
[2026-07-15 18:01:56] SlimMonoLogger.INFO: Cron ran at: 15-07-2026 06:01:56 PM [] []
[2026-07-15 18:02:10] SlimMonoLogger.INFO: Cron ran at: 15-07-2026 06:02:10 PM [] []
[2026-07-15 18:02:11] SlimMonoLogger.INFO: Cron ran at: 15-07-2026 06:02:11 PM [] []
[2026-07-15 18:02:44] SlimMonoLogger.INFO: Cron ran at: 15-07-2026 06:02:44 PM [] []
[2026-07-15 18:02:45] SlimMonoLogger.INFO: Cron ran at: 15-07-2026 06:02:45 PM [] []
[2026-07-15 18:03:03] SlimMonoLogger.INFO: Cron ran at: 15-07-2026 06:03:03 PM [] []
[2026-07-15 18:03:07] SlimMonoLogger.INFO: Cron ran at: 15-07-2026 06:03:07 PM [] []
[2026-07-15 18:03:36] SlimMonoLogger.INFO: Cron ran at: 15-07-2026 06:03:36 PM [] []
[2026-07-15 18:03:44] SlimMonoLogger.INFO: Cron ran at: 15-07-2026 06:03:44 PM [] []
[2026-07-15 18:04:00] SlimMonoLogger.INFO: Cron ran at: 15-07-2026 06:04:00 PM [] []
[2026-07-15 18:04:05] SlimMonoLogger.INFO: Cron ran at: 15-07-2026 06:04:05 PM [] []
[2026-07-15 18:04:30] SlimMonoLogger.INFO: Cron ran at: 15-07-2026 06:04:30 PM [] []
[2026-07-15 18:04:41] SlimMonoLogger.INFO: Cron ran at: 15-07-2026 06:04:41 PM [] []
[2026-07-15 18:04:56] SlimMonoLogger.INFO: Cron ran at: 15-07-2026 06:04:56 PM [] []
[2026-07-15 18:05:05] SlimMonoLogger.INFO: Cron ran at: 15-07-2026 06:05:05 PM [] []
[2026-07-15 18:05:21] SlimMonoLogger.INFO: Cron ran at: 15-07-2026 06:05:21 PM [] []
[2026-07-15 18:05:46] SlimMonoLogger.INFO: Cron ran at: 15-07-2026 06:05:46 PM [] []
[2026-07-15 18:05:56] SlimMonoLogger.INFO: Cron ran at: 15-07-2026 06:05:56 PM [] []
[2026-07-15 18:06:22] SlimMonoLogger.INFO: Cron ran at: 15-07-2026 06:06:22 PM [] []
[2026-07-15 18:06:45] SlimMonoLogger.INFO: Cron ran at: 15-07-2026 06:06:45 PM [] []
[2026-07-15 18:06:45] SlimMonoLogger.INFO: Cron ran at: 15-07-2026 06:06:45 PM [] []
[2026-07-15 18:07:02] SlimMonoLogger.INFO: Cron ran at: 15-07-2026 06:07:02 PM [] []
[2026-07-15 18:07:16] SlimMonoLogger.INFO: Cron ran at: 15-07-2026 06:07:16 PM [] []
[2026-07-15 18:07:36] SlimMonoLogger.INFO: Cron ran at: 15-07-2026 06:07:36 PM [] []
[2026-07-15 18:07:37] SlimMonoLogger.INFO: Cron ran at: 15-07-2026 06:07:37 PM [] []
[2026-07-15 18:07:58] SlimMonoLogger.INFO: Cron ran at: 15-07-2026 06:07:58 PM [] []
[2026-07-15 18:08:06] SlimMonoLogger.INFO: Cron ran at: 15-07-2026 06:08:06 PM [] []
[2026-07-15 18:08:29] SlimMonoLogger.INFO: Cron ran at: 15-07-2026 06:08:29 PM [] []
[2026-07-15 18:08:42] SlimMonoLogger.INFO: Cron ran at: 15-07-2026 06:08:42 PM [] []
[2026-07-15 18:08:57] SlimMonoLogger.INFO: Cron ran at: 15-07-2026 06:08:57 PM [] []
[2026-07-15 18:09:09] SlimMonoLogger.INFO: Cron ran at: 15-07-2026 06:09:09 PM [] []
[2026-07-15 18:09:21] SlimMonoLogger.INFO: Cron ran at: 15-07-2026 06:09:21 PM [] []
[2026-07-15 18:09:42] SlimMonoLogger.INFO: Cron ran at: 15-07-2026 06:09:42 PM [] []
[2026-07-15 18:09:57] SlimMonoLogger.INFO: Cron ran at: 15-07-2026 06:09:57 PM [] []
[2026-07-15 18:10:07] SlimMonoLogger.INFO: Cron ran at: 15-07-2026 06:10:07 PM [] []
[2026-07-15 18:10:14] SlimMonoLogger.INFO: Cron ran at: 15-07-2026 06:10:14 PM [] []
[2026-07-15 18:11:02] SlimMonoLogger.INFO: Cron ran at: 15-07-2026 06:11:02 PM [] []
[2026-07-15 18:11:11] SlimMonoLogger.INFO: Cron ran at: 15-07-2026 06:11:11 PM [] []
[2026-07-15 18:11:12] SlimMonoLogger.INFO: Cron ran at: 15-07-2026 06:11:12 PM [] []
[2026-07-15 18:11:52] SlimMonoLogger.INFO: Cron ran at: 15-07-2026 06:11:52 PM [] []
[2026-07-15 18:11:58] SlimMonoLogger.INFO: Cron ran at: 15-07-2026 06:11:58 PM [] []
[2026-07-15 18:12:07] SlimMonoLogger.INFO: Cron ran at: 15-07-2026 06:12:07 PM [] []
[2026-07-15 18:12:07] SlimMonoLogger.INFO: Cron ran at: 15-07-2026 06:12:07 PM [] []
[2026-07-15 18:12:40] SlimMonoLogger.INFO: Cron ran at: 15-07-2026 06:12:40 PM [] []
[2026-07-15 18:12:55] SlimMonoLogger.INFO: Cron ran at: 15-07-2026 06:12:55 PM [] []
[2026-07-15 18:13:04] SlimMonoLogger.INFO: Cron ran at: 15-07-2026 06:13:04 PM [] []
[2026-07-15 18:13:04] SlimMonoLogger.INFO: Cron ran at: 15-07-2026 06:13:04 PM [] []
[2026-07-15 18:13:28] SlimMonoLogger.INFO: Cron ran at: 15-07-2026 06:13:28 PM [] []
[2026-07-15 18:13:57] SlimMonoLogger.INFO: Cron ran at: 15-07-2026 06:13:57 PM [] []
[2026-07-15 18:14:01] SlimMonoLogger.INFO: Cron ran at: 15-07-2026 06:14:01 PM [] []
[2026-07-15 18:14:08] SlimMonoLogger.INFO: Cron ran at: 15-07-2026 06:14:08 PM [] []
[2026-07-15 18:14:23] SlimMonoLogger.INFO: Cron ran at: 15-07-2026 06:14:23 PM [] []
[2026-07-15 18:15:01] SlimMonoLogger.INFO: Cron ran at: 15-07-2026 06:15:01 PM [] []
[2026-07-15 18:15:02] SlimMonoLogger.INFO: Cron ran at: 15-07-2026 06:15:02 PM [] []
[2026-07-15 18:15:08] SlimMonoLogger.INFO: Cron ran at: 15-07-2026 06:15:08 PM [] []
[2026-07-15 18:15:16] SlimMonoLogger.INFO: Cron ran at: 15-07-2026 06:15:16 PM [] []
[2026-07-15 18:16:03] SlimMonoLogger.INFO: Cron ran at: 15-07-2026 06:16:03 PM [] []
[2026-07-15 18:16:05] SlimMonoLogger.INFO: Cron ran at: 15-07-2026 06:16:05 PM [] []
[2026-07-15 18:16:13] SlimMonoLogger.INFO: Cron ran at: 15-07-2026 06:16:13 PM [] []
[2026-07-15 18:16:50] SlimMonoLogger.INFO: Cron ran at: 15-07-2026 06:16:50 PM [] []
[2026-07-15 18:17:02] SlimMonoLogger.INFO: Cron ran at: 15-07-2026 06:17:02 PM [] []
[2026-07-15 18:17:05] SlimMonoLogger.INFO: Cron ran at: 15-07-2026 06:17:05 PM [] []
[2026-07-15 18:17:11] SlimMonoLogger.INFO: Cron ran at: 15-07-2026 06:17:11 PM [] []
[2026-07-15 18:17:43] SlimMonoLogger.INFO: Cron ran at: 15-07-2026 06:17:43 PM [] []
[2026-07-15 18:18:06] SlimMonoLogger.INFO: Cron ran at: 15-07-2026 06:18:06 PM [] []
[2026-07-15 18:18:13] SlimMonoLogger.INFO: Cron ran at: 15-07-2026 06:18:13 PM [] []
[2026-07-15 18:18:15] SlimMonoLogger.INFO: Cron ran at: 15-07-2026 06:18:15 PM [] []
[2026-07-15 18:18:32] SlimMonoLogger.INFO: Cron ran at: 15-07-2026 06:18:32 PM [] []
[2026-07-15 18:19:02] SlimMonoLogger.INFO: Cron ran at: 15-07-2026 06:19:02 PM [] []
[2026-07-15 18:19:02] SlimMonoLogger.INFO: Cron ran at: 15-07-2026 06:19:02 PM [] []
[2026-07-15 18:19:05] SlimMonoLogger.INFO: Cron ran at: 15-07-2026 06:19:05 PM [] []
[2026-07-15 18:19:22] SlimMonoLogger.INFO: Cron ran at: 15-07-2026 06:19:22 PM [] []
[2026-07-15 18:20:02] SlimMonoLogger.INFO: Cron ran at: 15-07-2026 06:20:02 PM [] []
[2026-07-15 18:20:02] SlimMonoLogger.INFO: Cron ran at: 15-07-2026 06:20:02 PM [] []
[2026-07-15 18:20:06] SlimMonoLogger.INFO: Cron ran at: 15-07-2026 06:20:06 PM [] []
[2026-07-15 18:20:18] SlimMonoLogger.INFO: Cron ran at: 15-07-2026 06:20:18 PM [] []
[2026-07-15 18:21:04] SlimMonoLogger.INFO: Cron ran at: 15-07-2026 06:21:04 PM [] []
[2026-07-15 18:21:05] SlimMonoLogger.INFO: Cron ran at: 15-07-2026 06:21:05 PM [] []
[2026-07-15 18:21:11] SlimMonoLogger.INFO: Cron ran at: 15-07-2026 06:21:11 PM [] []
[2026-07-15 18:22:01] SlimMonoLogger.INFO: Cron ran at: 15-07-2026 06:22:01 PM [] []
[2026-07-15 18:22:02] SlimMonoLogger.INFO: Cron ran at: 15-07-2026 06:22:02 PM [] []
[2026-07-15 18:22:02] SlimMonoLogger.INFO: Cron ran at: 15-07-2026 06:22:02 PM [] []
[2026-07-15 18:22:03] SlimMonoLogger.INFO: Cron ran at: 15-07-2026 06:22:03 PM [] []
[2026-07-15 18:22:56] SlimMonoLogger.INFO: Cron ran at: 15-07-2026 06:22:56 PM [] []
[2026-07-15 18:22:58] SlimMonoLogger.INFO: Cron ran at: 15-07-2026 06:22:58 PM [] []
[2026-07-15 18:23:00] SlimMonoLogger.INFO: Cron ran at: 15-07-2026 06:23:00 PM [] []
[2026-07-15 18:23:03] SlimMonoLogger.INFO: Cron ran at: 15-07-2026 06:23:03 PM [] []
[2026-07-15 18:23:49] SlimMonoLogger.INFO: Cron ran at: 15-07-2026 06:23:49 PM [] []
[2026-07-15 18:23:58] SlimMonoLogger.INFO: Cron ran at: 15-07-2026 06:23:58 PM [] []
[2026-07-15 18:23:59] SlimMonoLogger.INFO: Cron ran at: 15-07-2026 06:23:59 PM [] []
[2026-07-15 18:24:00] SlimMonoLogger.INFO: Cron ran at: 15-07-2026 06:24:00 PM [] []
[2026-07-15 18:24:43] SlimMonoLogger.INFO: Cron ran at: 15-07-2026 06:24:43 PM [] []
[2026-07-15 18:24:59] SlimMonoLogger.INFO: Cron ran at: 15-07-2026 06:24:59 PM [] []
[2026-07-15 18:25:00] SlimMonoLogger.INFO: Cron ran at: 15-07-2026 06:25:00 PM [] []
[2026-07-15 18:25:02] SlimMonoLogger.INFO: Cron ran at: 15-07-2026 06:25:02 PM [] []
[2026-07-15 18:25:39] SlimMonoLogger.INFO: Cron ran at: 15-07-2026 06:25:39 PM [] []
[2026-07-15 18:26:03] SlimMonoLogger.INFO: Cron ran at: 15-07-2026 06:26:03 PM [] []
[2026-07-15 18:26:10] SlimMonoLogger.INFO: Cron ran at: 15-07-2026 06:26:10 PM [] []
[2026-07-15 18:26:32] SlimMonoLogger.INFO: Cron ran at: 15-07-2026 06:26:32 PM [] []
[2026-07-15 18:26:59] SlimMonoLogger.INFO: Cron ran at: 15-07-2026 06:26:59 PM [] []
[2026-07-15 18:27:00] SlimMonoLogger.INFO: Cron ran at: 15-07-2026 06:27:00 PM [] []
[2026-07-15 18:27:06] SlimMonoLogger.INFO: Cron ran at: 15-07-2026 06:27:06 PM [] []
[2026-07-15 18:27:29] SlimMonoLogger.INFO: Cron ran at: 15-07-2026 06:27:29 PM [] []
[2026-07-15 18:27:58] SlimMonoLogger.INFO: Cron ran at: 15-07-2026 06:27:58 PM [] []
[2026-07-15 18:28:00] SlimMonoLogger.INFO: Cron ran at: 15-07-2026 06:28:00 PM [] []
[2026-07-15 18:28:01] SlimMonoLogger.INFO: Cron ran at: 15-07-2026 06:28:01 PM [] []
[2026-07-15 18:28:24] SlimMonoLogger.INFO: Cron ran at: 15-07-2026 06:28:24 PM [] []
[2026-07-15 18:28:51] SlimMonoLogger.INFO: Cron ran at: 15-07-2026 06:28:51 PM [] []
[2026-07-15 18:29:02] SlimMonoLogger.INFO: Cron ran at: 15-07-2026 06:29:02 PM [] []
[2026-07-15 18:29:02] SlimMonoLogger.INFO: Cron ran at: 15-07-2026 06:29:02 PM [] []
[2026-07-15 18:29:25] SlimMonoLogger.INFO: Cron ran at: 15-07-2026 06:29:25 PM [] []
[2026-07-15 18:29:43] SlimMonoLogger.INFO: Cron ran at: 15-07-2026 06:29:43 PM [] []
[2026-07-15 18:30:06] SlimMonoLogger.INFO: Cron ran at: 15-07-2026 06:30:06 PM [] []
[2026-07-15 18:30:07] SlimMonoLogger.INFO: Cron ran at: 15-07-2026 06:30:07 PM [] []
[2026-07-15 18:30:23] SlimMonoLogger.INFO: Cron ran at: 15-07-2026 06:30:23 PM [] []
[2026-07-15 18:30:38] SlimMonoLogger.INFO: Cron ran at: 15-07-2026 06:30:38 PM [] []
[2026-07-15 18:31:07] SlimMonoLogger.INFO: Cron ran at: 15-07-2026 06:31:07 PM [] []
[2026-07-15 18:31:28] SlimMonoLogger.INFO: Cron ran at: 15-07-2026 06:31:28 PM [] []
[2026-07-15 18:31:35] SlimMonoLogger.INFO: Cron ran at: 15-07-2026 06:31:35 PM [] []
[2026-07-15 18:31:41] SlimMonoLogger.INFO: Cron ran at: 15-07-2026 06:31:41 PM [] []
[2026-07-15 18:32:07] SlimMonoLogger.INFO: Cron ran at: 15-07-2026 06:32:07 PM [] []
[2026-07-15 18:32:22] SlimMonoLogger.INFO: Cron ran at: 15-07-2026 06:32:22 PM [] []
[2026-07-15 18:32:33] SlimMonoLogger.INFO: Cron ran at: 15-07-2026 06:32:33 PM [] []
[2026-07-15 18:32:33] SlimMonoLogger.INFO: Cron ran at: 15-07-2026 06:32:33 PM [] []
[2026-07-15 18:33:03] SlimMonoLogger.INFO: Cron ran at: 15-07-2026 06:33:03 PM [] []
[2026-07-15 18:33:20] SlimMonoLogger.INFO: Cron ran at: 15-07-2026 06:33:20 PM [] []
[2026-07-15 18:33:21] SlimMonoLogger.INFO: Cron ran at: 15-07-2026 06:33:21 PM [] []
[2026-07-15 18:33:24] SlimMonoLogger.INFO: Cron ran at: 15-07-2026 06:33:24 PM [] []
[2026-07-15 18:34:03] SlimMonoLogger.INFO: Cron ran at: 15-07-2026 06:34:03 PM [] []
[2026-07-15 18:34:14] SlimMonoLogger.INFO: Cron ran at: 15-07-2026 06:34:14 PM [] []
[2026-07-15 18:34:21] SlimMonoLogger.INFO: Cron ran at: 15-07-2026 06:34:21 PM [] []
[2026-07-15 18:34:22] SlimMonoLogger.INFO: Cron ran at: 15-07-2026 06:34:22 PM [] []
[2026-07-15 18:35:02] SlimMonoLogger.INFO: Cron ran at: 15-07-2026 06:35:02 PM [] []
[2026-07-15 18:35:06] SlimMonoLogger.INFO: Cron ran at: 15-07-2026 06:35:06 PM [] []
[2026-07-15 18:35:19] SlimMonoLogger.INFO: Cron ran at: 15-07-2026 06:35:19 PM [] []
[2026-07-15 18:35:19] SlimMonoLogger.INFO: Cron ran at: 15-07-2026 06:35:19 PM [] []
[2026-07-15 18:36:07] SlimMonoLogger.INFO: Cron ran at: 15-07-2026 06:36:07 PM [] []
[2026-07-15 18:36:20] SlimMonoLogger.INFO: Cron ran at: 15-07-2026 06:36:20 PM [] []
[2026-07-15 18:36:21] SlimMonoLogger.INFO: Cron ran at: 15-07-2026 06:36:21 PM [] []
[2026-07-15 18:36:23] SlimMonoLogger.INFO: Cron ran at: 15-07-2026 06:36:23 PM [] []
[2026-07-15 18:36:59] SlimMonoLogger.INFO: Cron ran at: 15-07-2026 06:36:59 PM [] []
[2026-07-15 18:37:17] SlimMonoLogger.INFO: Cron ran at: 15-07-2026 06:37:17 PM [] []
[2026-07-15 18:37:20] SlimMonoLogger.INFO: Cron ran at: 15-07-2026 06:37:20 PM [] []
[2026-07-15 18:37:20] SlimMonoLogger.INFO: Cron ran at: 15-07-2026 06:37:20 PM [] []
[2026-07-15 18:38:01] SlimMonoLogger.INFO: Cron ran at: 15-07-2026 06:38:01 PM [] []
[2026-07-15 18:38:09] SlimMonoLogger.INFO: Cron ran at: 15-07-2026 06:38:09 PM [] []
[2026-07-15 18:38:23] SlimMonoLogger.INFO: Cron ran at: 15-07-2026 06:38:23 PM [] []
[2026-07-15 18:38:24] SlimMonoLogger.INFO: Cron ran at: 15-07-2026 06:38:24 PM [] []
[2026-07-15 18:38:55] SlimMonoLogger.INFO: Cron ran at: 15-07-2026 06:38:55 PM [] []
[2026-07-15 18:39:02] SlimMonoLogger.INFO: Cron ran at: 15-07-2026 06:39:02 PM [] []
[2026-07-15 18:39:23] SlimMonoLogger.INFO: Cron ran at: 15-07-2026 06:39:23 PM [] []
[2026-07-15 18:39:23] SlimMonoLogger.INFO: Cron ran at: 15-07-2026 06:39:23 PM [] []
[2026-07-15 18:40:00] SlimMonoLogger.INFO: Cron ran at: 15-07-2026 06:40:00 PM [] []
[2026-07-15 18:40:00] SlimMonoLogger.INFO: Cron ran at: 15-07-2026 06:40:00 PM [] []
[2026-07-15 18:40:22] SlimMonoLogger.INFO: Cron ran at: 15-07-2026 06:40:22 PM [] []
[2026-07-15 18:40:23] SlimMonoLogger.INFO: Cron ran at: 15-07-2026 06:40:23 PM [] []
[2026-07-15 18:40:51] SlimMonoLogger.INFO: Cron ran at: 15-07-2026 06:40:51 PM [] []
[2026-07-15 18:40:51] SlimMonoLogger.INFO: Cron ran at: 15-07-2026 06:40:51 PM [] []
[2026-07-15 18:41:24] SlimMonoLogger.INFO: Cron ran at: 15-07-2026 06:41:24 PM [] []
[2026-07-15 18:41:42] SlimMonoLogger.INFO: Cron ran at: 15-07-2026 06:41:42 PM [] []
[2026-07-15 18:41:47] SlimMonoLogger.INFO: Cron ran at: 15-07-2026 06:41:47 PM [] []
[2026-07-15 18:41:57] SlimMonoLogger.INFO: Cron ran at: 15-07-2026 06:41:57 PM [] []
[2026-07-15 18:42:22] SlimMonoLogger.INFO: Cron ran at: 15-07-2026 06:42:22 PM [] []
[2026-07-15 18:42:24] SlimMonoLogger.INFO: Cron ran at: 15-07-2026 06:42:24 PM [] []
[2026-07-15 18:42:44] SlimMonoLogger.INFO: Cron ran at: 15-07-2026 06:42:44 PM [] []
[2026-07-15 18:42:57] SlimMonoLogger.INFO: Cron ran at: 15-07-2026 06:42:57 PM [] []
[2026-07-15 18:43:13] SlimMonoLogger.INFO: Cron ran at: 15-07-2026 06:43:13 PM [] []
[2026-07-15 18:43:25] SlimMonoLogger.INFO: Cron ran at: 15-07-2026 06:43:25 PM [] []
[2026-07-15 18:43:41] SlimMonoLogger.INFO: Cron ran at: 15-07-2026 06:43:41 PM [] []
[2026-07-15 18:43:53] SlimMonoLogger.INFO: Cron ran at: 15-07-2026 06:43:53 PM [] []
[2026-07-15 18:44:13] SlimMonoLogger.INFO: Cron ran at: 15-07-2026 06:44:13 PM [] []
[2026-07-15 18:44:26] SlimMonoLogger.INFO: Cron ran at: 15-07-2026 06:44:26 PM [] []
[2026-07-15 18:44:41] SlimMonoLogger.INFO: Cron ran at: 15-07-2026 06:44:41 PM [] []
[2026-07-15 18:44:57] SlimMonoLogger.INFO: Cron ran at: 15-07-2026 06:44:57 PM [] []
[2026-07-15 18:44:59] SlimMonoLogger.INFO: Cron ran at: 15-07-2026 06:44:59 PM [] []
[2026-07-15 18:45:24] SlimMonoLogger.INFO: Cron ran at: 15-07-2026 06:45:24 PM [] []
[2026-07-15 18:45:42] SlimMonoLogger.INFO: Cron ran at: 15-07-2026 06:45:42 PM [] []
[2026-07-15 18:45:56] SlimMonoLogger.INFO: Cron ran at: 15-07-2026 06:45:56 PM [] []
[2026-07-15 18:45:56] SlimMonoLogger.INFO: Cron ran at: 15-07-2026 06:45:56 PM [] []
[2026-07-15 18:46:51] SlimMonoLogger.INFO: Cron ran at: 15-07-2026 06:46:51 PM [] []
[2026-07-15 18:46:53] SlimMonoLogger.INFO: Cron ran at: 15-07-2026 06:46:53 PM [] []
[2026-07-15 18:46:57] SlimMonoLogger.INFO: Cron ran at: 15-07-2026 06:46:57 PM [] []
[2026-07-15 18:47:12] SlimMonoLogger.INFO: Cron ran at: 15-07-2026 06:47:12 PM [] []
[2026-07-15 18:47:45] SlimMonoLogger.INFO: Cron ran at: 15-07-2026 06:47:45 PM [] []
[2026-07-15 18:47:51] SlimMonoLogger.INFO: Cron ran at: 15-07-2026 06:47:51 PM [] []
[2026-07-15 18:47:56] SlimMonoLogger.INFO: Cron ran at: 15-07-2026 06:47:56 PM [] []
[2026-07-15 18:47:58] SlimMonoLogger.INFO: Cron ran at: 15-07-2026 06:47:58 PM [] []
[2026-07-15 18:48:48] SlimMonoLogger.INFO: Cron ran at: 15-07-2026 06:48:48 PM [] []
[2026-07-15 18:48:50] SlimMonoLogger.INFO: Cron ran at: 15-07-2026 06:48:50 PM [] []
[2026-07-15 18:48:50] SlimMonoLogger.INFO: Cron ran at: 15-07-2026 06:48:50 PM [] []
[2026-07-15 18:48:58] SlimMonoLogger.INFO: Cron ran at: 15-07-2026 06:48:58 PM [] []
[2026-07-15 18:49:47] SlimMonoLogger.INFO: Cron ran at: 15-07-2026 06:49:47 PM [] []
[2026-07-15 18:49:47] SlimMonoLogger.INFO: Cron ran at: 15-07-2026 06:49:47 PM [] []
[2026-07-15 18:49:47] SlimMonoLogger.INFO: Cron ran at: 15-07-2026 06:49:47 PM [] []
[2026-07-15 18:49:57] SlimMonoLogger.INFO: Cron ran at: 15-07-2026 06:49:57 PM [] []
[2026-07-15 18:50:39] SlimMonoLogger.INFO: Cron ran at: 15-07-2026 06:50:39 PM [] []
[2026-07-15 18:50:42] SlimMonoLogger.INFO: Cron ran at: 15-07-2026 06:50:42 PM [] []
[2026-07-15 18:50:49] SlimMonoLogger.INFO: Cron ran at: 15-07-2026 06:50:49 PM [] []
[2026-07-15 18:51:36] SlimMonoLogger.INFO: Cron ran at: 15-07-2026 06:51:36 PM [] []
[2026-07-15 18:51:43] SlimMonoLogger.INFO: Cron ran at: 15-07-2026 06:51:43 PM [] []
[2026-07-15 18:51:46] SlimMonoLogger.INFO: Cron ran at: 15-07-2026 06:51:46 PM [] []
[2026-07-15 18:52:07] SlimMonoLogger.INFO: Cron ran at: 15-07-2026 06:52:07 PM [] []
[2026-07-15 18:52:28] SlimMonoLogger.INFO: Cron ran at: 15-07-2026 06:52:28 PM [] []
[2026-07-15 18:52:42] SlimMonoLogger.INFO: Cron ran at: 15-07-2026 06:52:42 PM [] []
[2026-07-15 18:52:46] SlimMonoLogger.INFO: Cron ran at: 15-07-2026 06:52:46 PM [] []
[2026-07-15 18:52:59] SlimMonoLogger.INFO: Cron ran at: 15-07-2026 06:52:59 PM [] []
[2026-07-15 18:53:28] SlimMonoLogger.INFO: Cron ran at: 15-07-2026 06:53:28 PM [] []
[2026-07-15 18:53:42] SlimMonoLogger.INFO: Cron ran at: 15-07-2026 06:53:42 PM [] []
[2026-07-15 18:53:44] SlimMonoLogger.INFO: Cron ran at: 15-07-2026 06:53:44 PM [] []
[2026-07-15 18:53:49] SlimMonoLogger.INFO: Cron ran at: 15-07-2026 06:53:49 PM [] []
[2026-07-15 18:54:24] SlimMonoLogger.INFO: Cron ran at: 15-07-2026 06:54:24 PM [] []
[2026-07-15 18:54:40] SlimMonoLogger.INFO: Cron ran at: 15-07-2026 06:54:40 PM [] []
[2026-07-15 18:54:41] SlimMonoLogger.INFO: Cron ran at: 15-07-2026 06:54:41 PM [] []
[2026-07-15 18:54:42] SlimMonoLogger.INFO: Cron ran at: 15-07-2026 06:54:42 PM [] []
[2026-07-15 18:55:30] SlimMonoLogger.INFO: Cron ran at: 15-07-2026 06:55:30 PM [] []
[2026-07-15 18:55:38] SlimMonoLogger.INFO: Cron ran at: 15-07-2026 06:55:38 PM [] []
[2026-07-15 18:55:44] SlimMonoLogger.INFO: Cron ran at: 15-07-2026 06:55:44 PM [] []
[2026-07-15 18:56:24] SlimMonoLogger.INFO: Cron ran at: 15-07-2026 06:56:24 PM [] []
[2026-07-15 18:56:28] SlimMonoLogger.INFO: Cron ran at: 15-07-2026 06:56:28 PM [] []
[2026-07-15 18:56:29] SlimMonoLogger.INFO: Cron ran at: 15-07-2026 06:56:29 PM [] []
[2026-07-15 18:56:47] SlimMonoLogger.INFO: Cron ran at: 15-07-2026 06:56:47 PM [] []
[2026-07-15 18:57:23] SlimMonoLogger.INFO: Cron ran at: 15-07-2026 06:57:23 PM [] []
[2026-07-15 18:57:23] SlimMonoLogger.INFO: Cron ran at: 15-07-2026 06:57:23 PM [] []
[2026-07-15 18:57:27] SlimMonoLogger.INFO: Cron ran at: 15-07-2026 06:57:27 PM [] []
[2026-07-15 18:57:43] SlimMonoLogger.INFO: Cron ran at: 15-07-2026 06:57:43 PM [] []
[2026-07-15 18:58:13] SlimMonoLogger.INFO: Cron ran at: 15-07-2026 06:58:13 PM [] []
[2026-07-15 18:58:23] SlimMonoLogger.INFO: Cron ran at: 15-07-2026 06:58:23 PM [] []
[2026-07-15 18:58:25] SlimMonoLogger.INFO: Cron ran at: 15-07-2026 06:58:25 PM [] []
[2026-07-15 18:58:44] SlimMonoLogger.INFO: Cron ran at: 15-07-2026 06:58:44 PM [] []
[2026-07-15 18:59:07] SlimMonoLogger.INFO: Cron ran at: 15-07-2026 06:59:07 PM [] []
[2026-07-15 18:59:21] SlimMonoLogger.INFO: Cron ran at: 15-07-2026 06:59:21 PM [] []
[2026-07-15 18:59:21] SlimMonoLogger.INFO: Cron ran at: 15-07-2026 06:59:21 PM [] []
[2026-07-15 18:59:47] SlimMonoLogger.INFO: Cron ran at: 15-07-2026 06:59:47 PM [] []
[2026-07-15 19:00:02] SlimMonoLogger.INFO: Cron ran at: 15-07-2026 07:00:02 PM [] []
[2026-07-15 19:00:20] SlimMonoLogger.INFO: Cron ran at: 15-07-2026 07:00:20 PM [] []
[2026-07-15 19:00:26] SlimMonoLogger.INFO: Cron ran at: 15-07-2026 07:00:26 PM [] []
[2026-07-15 19:01:01] SlimMonoLogger.INFO: Cron ran at: 15-07-2026 07:01:01 PM [] []
[2026-07-15 19:01:24] SlimMonoLogger.INFO: Cron ran at: 15-07-2026 07:01:24 PM [] []
[2026-07-15 19:01:25] SlimMonoLogger.INFO: Cron ran at: 15-07-2026 07:01:25 PM [] []
[2026-07-15 19:01:45] SlimMonoLogger.INFO: Cron ran at: 15-07-2026 07:01:45 PM [] []
[2026-07-15 19:01:53] SlimMonoLogger.INFO: Cron ran at: 15-07-2026 07:01:53 PM [] []
[2026-07-15 19:02:19] SlimMonoLogger.INFO: Cron ran at: 15-07-2026 07:02:19 PM [] []
[2026-07-15 19:02:21] SlimMonoLogger.INFO: Cron ran at: 15-07-2026 07:02:21 PM [] []
[2026-07-15 19:02:36] SlimMonoLogger.INFO: Cron ran at: 15-07-2026 07:02:36 PM [] []
[2026-07-15 19:02:46] SlimMonoLogger.INFO: Cron ran at: 15-07-2026 07:02:46 PM [] []
[2026-07-15 19:03:20] SlimMonoLogger.INFO: Cron ran at: 15-07-2026 07:03:20 PM [] []
[2026-07-15 19:03:21] SlimMonoLogger.INFO: Cron ran at: 15-07-2026 07:03:21 PM [] []
[2026-07-15 19:03:27] SlimMonoLogger.INFO: Cron ran at: 15-07-2026 07:03:27 PM [] []
[2026-07-15 19:03:50] SlimMonoLogger.INFO: Cron ran at: 15-07-2026 07:03:50 PM [] []
[2026-07-15 19:04:20] SlimMonoLogger.INFO: Cron ran at: 15-07-2026 07:04:20 PM [] []
[2026-07-15 19:04:21] SlimMonoLogger.INFO: Cron ran at: 15-07-2026 07:04:21 PM [] []
[2026-07-15 19:04:21] SlimMonoLogger.INFO: Cron ran at: 15-07-2026 07:04:21 PM [] []
[2026-07-15 19:04:46] SlimMonoLogger.INFO: Cron ran at: 15-07-2026 07:04:46 PM [] []
[2026-07-15 19:05:15] SlimMonoLogger.INFO: Cron ran at: 15-07-2026 07:05:15 PM [] []
[2026-07-15 19:05:20] SlimMonoLogger.INFO: Cron ran at: 15-07-2026 07:05:20 PM [] []
[2026-07-15 19:05:21] SlimMonoLogger.INFO: Cron ran at: 15-07-2026 07:05:21 PM [] []
[2026-07-15 19:05:49] SlimMonoLogger.INFO: Cron ran at: 15-07-2026 07:05:49 PM [] []
[2026-07-15 19:06:14] SlimMonoLogger.INFO: Cron ran at: 15-07-2026 07:06:14 PM [] []
[2026-07-15 19:06:25] SlimMonoLogger.INFO: Cron ran at: 15-07-2026 07:06:25 PM [] []
[2026-07-15 19:06:39] SlimMonoLogger.INFO: Cron ran at: 15-07-2026 07:06:39 PM [] []
[2026-07-15 19:06:51] SlimMonoLogger.INFO: Cron ran at: 15-07-2026 07:06:51 PM [] []
[2026-07-15 19:07:09] SlimMonoLogger.INFO: Cron ran at: 15-07-2026 07:07:09 PM [] []
[2026-07-15 19:07:31] SlimMonoLogger.INFO: Cron ran at: 15-07-2026 07:07:31 PM [] []
[2026-07-15 19:07:32] SlimMonoLogger.INFO: Cron ran at: 15-07-2026 07:07:32 PM [] []
[2026-07-15 19:07:48] SlimMonoLogger.INFO: Cron ran at: 15-07-2026 07:07:48 PM [] []
[2026-07-15 19:08:11] SlimMonoLogger.INFO: Cron ran at: 15-07-2026 07:08:11 PM [] []
[2026-07-15 19:08:23] SlimMonoLogger.INFO: Cron ran at: 15-07-2026 07:08:23 PM [] []
[2026-07-15 19:08:24] SlimMonoLogger.INFO: Cron ran at: 15-07-2026 07:08:24 PM [] []
[2026-07-15 19:08:46] SlimMonoLogger.INFO: Cron ran at: 15-07-2026 07:08:46 PM [] []
[2026-07-15 19:09:07] SlimMonoLogger.INFO: Cron ran at: 15-07-2026 07:09:07 PM [] []
[2026-07-15 19:09:16] SlimMonoLogger.INFO: Cron ran at: 15-07-2026 07:09:16 PM [] []
[2026-07-15 19:09:22] SlimMonoLogger.INFO: Cron ran at: 15-07-2026 07:09:22 PM [] []
[2026-07-15 19:09:54] SlimMonoLogger.INFO: Cron ran at: 15-07-2026 07:09:54 PM [] []
[2026-07-15 19:10:08] SlimMonoLogger.INFO: Cron ran at: 15-07-2026 07:10:08 PM [] []
[2026-07-15 19:10:09] SlimMonoLogger.INFO: Cron ran at: 15-07-2026 07:10:09 PM [] []
[2026-07-15 19:10:23] SlimMonoLogger.INFO: Cron ran at: 15-07-2026 07:10:23 PM [] []
[2026-07-15 19:10:47] SlimMonoLogger.INFO: Cron ran at: 15-07-2026 07:10:47 PM [] []
[2026-07-15 19:11:05] SlimMonoLogger.INFO: Cron ran at: 15-07-2026 07:11:05 PM [] []
[2026-07-15 19:11:06] SlimMonoLogger.INFO: Cron ran at: 15-07-2026 07:11:06 PM [] []
[2026-07-15 19:11:47] SlimMonoLogger.INFO: Cron ran at: 15-07-2026 07:11:47 PM [] []
[2026-07-15 19:11:47] SlimMonoLogger.INFO: Cron ran at: 15-07-2026 07:11:47 PM [] []
[2026-07-15 19:12:02] SlimMonoLogger.INFO: Cron ran at: 15-07-2026 07:12:02 PM [] []
[2026-07-15 19:12:03] SlimMonoLogger.INFO: Cron ran at: 15-07-2026 07:12:03 PM [] []
[2026-07-15 19:12:33] SlimMonoLogger.INFO: Cron ran at: 15-07-2026 07:12:33 PM [] []
[2026-07-15 19:12:54] SlimMonoLogger.INFO: Cron ran at: 15-07-2026 07:12:54 PM [] []
[2026-07-15 19:12:59] SlimMonoLogger.INFO: Cron ran at: 15-07-2026 07:12:59 PM [] []
[2026-07-15 19:13:02] SlimMonoLogger.INFO: Cron ran at: 15-07-2026 07:13:02 PM [] []
[2026-07-15 19:13:24] SlimMonoLogger.INFO: Cron ran at: 15-07-2026 07:13:24 PM [] []
[2026-07-15 19:13:51] SlimMonoLogger.INFO: Cron ran at: 15-07-2026 07:13:51 PM [] []
[2026-07-15 19:14:01] SlimMonoLogger.INFO: Cron ran at: 15-07-2026 07:14:01 PM [] []
[2026-07-15 19:14:19] SlimMonoLogger.INFO: Cron ran at: 15-07-2026 07:14:19 PM [] []
[2026-07-15 19:14:30] SlimMonoLogger.INFO: Cron ran at: 15-07-2026 07:14:30 PM [] []
[2026-07-15 19:14:54] SlimMonoLogger.INFO: Cron ran at: 15-07-2026 07:14:54 PM [] []
[2026-07-15 19:15:01] SlimMonoLogger.INFO: Cron ran at: 15-07-2026 07:15:01 PM [] []
[2026-07-15 19:15:12] SlimMonoLogger.INFO: Cron ran at: 15-07-2026 07:15:12 PM [] []
[2026-07-15 19:15:19] SlimMonoLogger.INFO: Cron ran at: 15-07-2026 07:15:19 PM [] []
[2026-07-15 19:16:06] SlimMonoLogger.INFO: Cron ran at: 15-07-2026 07:16:06 PM [] []
[2026-07-15 19:16:13] SlimMonoLogger.INFO: Cron ran at: 15-07-2026 07:16:13 PM [] []
[2026-07-15 19:16:20] SlimMonoLogger.INFO: Cron ran at: 15-07-2026 07:16:20 PM [] []
[2026-07-15 19:17:01] SlimMonoLogger.INFO: Cron ran at: 15-07-2026 07:17:01 PM [] []
[2026-07-15 19:17:06] SlimMonoLogger.INFO: Cron ran at: 15-07-2026 07:17:06 PM [] []
[2026-07-15 19:17:07] SlimMonoLogger.INFO: Cron ran at: 15-07-2026 07:17:07 PM [] []
[2026-07-15 19:17:16] SlimMonoLogger.INFO: Cron ran at: 15-07-2026 07:17:16 PM [] []
[2026-07-15 19:18:04] SlimMonoLogger.INFO: Cron ran at: 15-07-2026 07:18:04 PM [] []
[2026-07-15 19:18:05] SlimMonoLogger.INFO: Cron ran at: 15-07-2026 07:18:05 PM [] []
[2026-07-15 19:18:05] SlimMonoLogger.INFO: Cron ran at: 15-07-2026 07:18:05 PM [] []
[2026-07-15 19:18:05] SlimMonoLogger.INFO: Cron ran at: 15-07-2026 07:18:05 PM [] []
[2026-07-15 19:19:01] SlimMonoLogger.INFO: Cron ran at: 15-07-2026 07:19:01 PM [] []
[2026-07-15 19:19:01] SlimMonoLogger.INFO: Cron ran at: 15-07-2026 07:19:01 PM [] []
[2026-07-15 19:19:02] SlimMonoLogger.INFO: Cron ran at: 15-07-2026 07:19:02 PM [] []
[2026-07-15 19:19:09] SlimMonoLogger.INFO: Cron ran at: 15-07-2026 07:19:09 PM [] []
[2026-07-15 19:19:53] SlimMonoLogger.INFO: Cron ran at: 15-07-2026 07:19:53 PM [] []
[2026-07-15 19:19:55] SlimMonoLogger.INFO: Cron ran at: 15-07-2026 07:19:55 PM [] []
[2026-07-15 19:19:57] SlimMonoLogger.INFO: Cron ran at: 15-07-2026 07:19:57 PM [] []
[2026-07-15 19:20:06] SlimMonoLogger.INFO: Cron ran at: 15-07-2026 07:20:06 PM [] []
[2026-07-15 19:20:47] SlimMonoLogger.INFO: Cron ran at: 15-07-2026 07:20:47 PM [] []
[2026-07-15 19:21:01] SlimMonoLogger.INFO: Cron ran at: 15-07-2026 07:21:01 PM [] []
[2026-07-15 19:21:02] SlimMonoLogger.INFO: Cron ran at: 15-07-2026 07:21:02 PM [] []
[2026-07-15 19:21:45] SlimMonoLogger.INFO: Cron ran at: 15-07-2026 07:21:45 PM [] []
[2026-07-15 19:22:01] SlimMonoLogger.INFO: Cron ran at: 15-07-2026 07:22:01 PM [] []
[2026-07-15 19:22:03] SlimMonoLogger.INFO: Cron ran at: 15-07-2026 07:22:03 PM [] []
[2026-07-15 19:22:15] SlimMonoLogger.INFO: Cron ran at: 15-07-2026 07:22:15 PM [] []
[2026-07-15 19:22:39] SlimMonoLogger.INFO: Cron ran at: 15-07-2026 07:22:39 PM [] []
[2026-07-15 19:22:59] SlimMonoLogger.INFO: Cron ran at: 15-07-2026 07:22:59 PM [] []
[2026-07-15 19:23:00] SlimMonoLogger.INFO: Cron ran at: 15-07-2026 07:23:00 PM [] []
[2026-07-15 19:23:02] SlimMonoLogger.INFO: Cron ran at: 15-07-2026 07:23:02 PM [] []
[2026-07-15 19:23:30] SlimMonoLogger.INFO: Cron ran at: 15-07-2026 07:23:30 PM [] []
[2026-07-15 19:23:56] SlimMonoLogger.INFO: Cron ran at: 15-07-2026 07:23:56 PM [] []
[2026-07-15 19:23:58] SlimMonoLogger.INFO: Cron ran at: 15-07-2026 07:23:58 PM [] []
[2026-07-15 19:23:59] SlimMonoLogger.INFO: Cron ran at: 15-07-2026 07:23:59 PM [] []
[2026-07-15 19:24:31] SlimMonoLogger.INFO: Cron ran at: 15-07-2026 07:24:31 PM [] []
[2026-07-15 19:24:52] SlimMonoLogger.INFO: Cron ran at: 15-07-2026 07:24:52 PM [] []
[2026-07-15 19:24:59] SlimMonoLogger.INFO: Cron ran at: 15-07-2026 07:24:59 PM [] []
[2026-07-15 19:25:00] SlimMonoLogger.INFO: Cron ran at: 15-07-2026 07:25:00 PM [] []
[2026-07-15 19:25:32] SlimMonoLogger.INFO: Cron ran at: 15-07-2026 07:25:32 PM [] []
[2026-07-15 19:25:44] SlimMonoLogger.INFO: Cron ran at: 15-07-2026 07:25:44 PM [] []
[2026-07-15 19:26:06] SlimMonoLogger.INFO: Cron ran at: 15-07-2026 07:26:06 PM [] []
[2026-07-15 19:26:31] SlimMonoLogger.INFO: Cron ran at: 15-07-2026 07:26:31 PM [] []
[2026-07-15 19:26:44] SlimMonoLogger.INFO: Cron ran at: 15-07-2026 07:26:44 PM [] []
[2026-07-15 19:26:54] SlimMonoLogger.INFO: Cron ran at: 15-07-2026 07:26:54 PM [] []
[2026-07-15 19:27:01] SlimMonoLogger.INFO: Cron ran at: 15-07-2026 07:27:01 PM [] []
[2026-07-15 19:27:36] SlimMonoLogger.INFO: Cron ran at: 15-07-2026 07:27:36 PM [] []
[2026-07-15 19:27:41] SlimMonoLogger.INFO: Cron ran at: 15-07-2026 07:27:41 PM [] []
[2026-07-15 19:27:42] SlimMonoLogger.INFO: Cron ran at: 15-07-2026 07:27:42 PM [] []
[2026-07-15 19:28:00] SlimMonoLogger.INFO: Cron ran at: 15-07-2026 07:28:00 PM [] []
[2026-07-15 19:28:32] SlimMonoLogger.INFO: Cron ran at: 15-07-2026 07:28:32 PM [] []
[2026-07-15 19:28:33] SlimMonoLogger.INFO: Cron ran at: 15-07-2026 07:28:33 PM [] []
[2026-07-15 19:28:34] SlimMonoLogger.INFO: Cron ran at: 15-07-2026 07:28:34 PM [] []
[2026-07-15 19:29:03] SlimMonoLogger.INFO: Cron ran at: 15-07-2026 07:29:03 PM [] []
[2026-07-15 19:29:22] SlimMonoLogger.INFO: Cron ran at: 15-07-2026 07:29:22 PM [] []
[2026-07-15 19:29:24] SlimMonoLogger.INFO: Cron ran at: 15-07-2026 07:29:24 PM [] []
[2026-07-15 19:29:27] SlimMonoLogger.INFO: Cron ran at: 15-07-2026 07:29:27 PM [] []
[2026-07-15 19:30:09] SlimMonoLogger.INFO: Cron ran at: 15-07-2026 07:30:09 PM [] []
[2026-07-15 19:30:16] SlimMonoLogger.INFO: Cron ran at: 15-07-2026 07:30:16 PM [] []
[2026-07-15 19:30:33] SlimMonoLogger.INFO: Cron ran at: 15-07-2026 07:30:33 PM [] []
[2026-07-15 19:30:33] SlimMonoLogger.INFO: Cron ran at: 15-07-2026 07:30:33 PM [] []
[2026-07-15 19:31:13] SlimMonoLogger.INFO: Cron ran at: 15-07-2026 07:31:13 PM [] []
[2026-07-15 19:31:29] SlimMonoLogger.INFO: Cron ran at: 15-07-2026 07:31:29 PM [] []
[2026-07-15 19:31:29] SlimMonoLogger.INFO: Cron ran at: 15-07-2026 07:31:29 PM [] []
[2026-07-15 19:32:12] SlimMonoLogger.INFO: Cron ran at: 15-07-2026 07:32:12 PM [] []
[2026-07-15 19:32:14] SlimMonoLogger.INFO: Cron ran at: 15-07-2026 07:32:14 PM [] []
[2026-07-15 19:32:27] SlimMonoLogger.INFO: Cron ran at: 15-07-2026 07:32:27 PM [] []
[2026-07-15 19:32:30] SlimMonoLogger.INFO: Cron ran at: 15-07-2026 07:32:30 PM [] []
[2026-07-15 19:33:09] SlimMonoLogger.INFO: Cron ran at: 15-07-2026 07:33:09 PM [] []
[2026-07-15 19:33:12] SlimMonoLogger.INFO: Cron ran at: 15-07-2026 07:33:12 PM [] []
[2026-07-15 19:33:29] SlimMonoLogger.INFO: Cron ran at: 15-07-2026 07:33:29 PM [] []
[2026-07-15 19:33:29] SlimMonoLogger.INFO: Cron ran at: 15-07-2026 07:33:29 PM [] []
[2026-07-15 19:33:58] SlimMonoLogger.INFO: Cron ran at: 15-07-2026 07:33:58 PM [] []
[2026-07-15 19:34:01] SlimMonoLogger.INFO: Cron ran at: 15-07-2026 07:34:01 PM [] []
[2026-07-15 19:34:31] SlimMonoLogger.INFO: Cron ran at: 15-07-2026 07:34:31 PM [] []
[2026-07-15 19:34:32] SlimMonoLogger.INFO: Cron ran at: 15-07-2026 07:34:32 PM [] []
[2026-07-15 19:34:56] SlimMonoLogger.INFO: Cron ran at: 15-07-2026 07:34:56 PM [] []
[2026-07-15 19:35:02] SlimMonoLogger.INFO: Cron ran at: 15-07-2026 07:35:02 PM [] []
[2026-07-15 19:35:31] SlimMonoLogger.INFO: Cron ran at: 15-07-2026 07:35:31 PM [] []
[2026-07-15 19:35:32] SlimMonoLogger.INFO: Cron ran at: 15-07-2026 07:35:32 PM [] []
[2026-07-15 19:35:43] SlimMonoLogger.INFO: Cron ran at: 15-07-2026 07:35:43 PM [] []
[2026-07-15 19:36:04] SlimMonoLogger.INFO: Cron ran at: 15-07-2026 07:36:04 PM [] []
[2026-07-15 19:36:37] SlimMonoLogger.INFO: Cron ran at: 15-07-2026 07:36:37 PM [] []
[2026-07-15 19:36:39] SlimMonoLogger.INFO: Cron ran at: 15-07-2026 07:36:39 PM [] []
[2026-07-15 19:36:46] SlimMonoLogger.INFO: Cron ran at: 15-07-2026 07:36:46 PM [] []
[2026-07-15 19:37:05] SlimMonoLogger.INFO: Cron ran at: 15-07-2026 07:37:05 PM [] []
[2026-07-15 19:37:33] SlimMonoLogger.INFO: Cron ran at: 15-07-2026 07:37:33 PM [] []
[2026-07-15 19:37:34] SlimMonoLogger.INFO: Cron ran at: 15-07-2026 07:37:34 PM [] []
[2026-07-15 19:37:36] SlimMonoLogger.INFO: Cron ran at: 15-07-2026 07:37:36 PM [] []
[2026-07-15 19:38:03] SlimMonoLogger.INFO: Cron ran at: 15-07-2026 07:38:03 PM [] []
[2026-07-15 19:38:19] SlimMonoLogger.INFO: Cron ran at: 15-07-2026 07:38:19 PM [] []
[2026-07-15 19:38:30] SlimMonoLogger.INFO: Cron ran at: 15-07-2026 07:38:30 PM [] []
[2026-07-15 19:38:31] SlimMonoLogger.INFO: Cron ran at: 15-07-2026 07:38:31 PM [] []
[2026-07-15 19:39:06] SlimMonoLogger.INFO: Cron ran at: 15-07-2026 07:39:06 PM [] []
[2026-07-15 19:39:11] SlimMonoLogger.INFO: Cron ran at: 15-07-2026 07:39:11 PM [] []
[2026-07-15 19:39:30] SlimMonoLogger.INFO: Cron ran at: 15-07-2026 07:39:30 PM [] []
[2026-07-15 19:39:31] SlimMonoLogger.INFO: Cron ran at: 15-07-2026 07:39:31 PM [] []
[2026-07-15 19:40:04] SlimMonoLogger.INFO: Cron ran at: 15-07-2026 07:40:04 PM [] []
[2026-07-15 19:40:05] SlimMonoLogger.INFO: Cron ran at: 15-07-2026 07:40:05 PM [] []
[2026-07-15 19:40:28] SlimMonoLogger.INFO: Cron ran at: 15-07-2026 07:40:28 PM [] []
[2026-07-15 19:40:31] SlimMonoLogger.INFO: Cron ran at: 15-07-2026 07:40:31 PM [] []
[2026-07-15 19:41:06] SlimMonoLogger.INFO: Cron ran at: 15-07-2026 07:41:06 PM [] []
[2026-07-15 19:41:07] SlimMonoLogger.INFO: Cron ran at: 15-07-2026 07:41:07 PM [] []
[2026-07-15 19:41:38] SlimMonoLogger.INFO: Cron ran at: 15-07-2026 07:41:38 PM [] []
[2026-07-15 19:41:58] SlimMonoLogger.INFO: Cron ran at: 15-07-2026 07:41:58 PM [] []
[2026-07-15 19:41:59] SlimMonoLogger.INFO: Cron ran at: 15-07-2026 07:41:59 PM [] []
[2026-07-15 19:42:07] SlimMonoLogger.INFO: Cron ran at: 15-07-2026 07:42:07 PM [] []
[2026-07-15 19:42:35] SlimMonoLogger.INFO: Cron ran at: 15-07-2026 07:42:35 PM [] []
[2026-07-15 19:42:46] SlimMonoLogger.INFO: Cron ran at: 15-07-2026 07:42:46 PM [] []
[2026-07-15 19:42:57] SlimMonoLogger.INFO: Cron ran at: 15-07-2026 07:42:57 PM [] []
[2026-07-15 19:43:09] SlimMonoLogger.INFO: Cron ran at: 15-07-2026 07:43:09 PM [] []
[2026-07-15 19:43:36] SlimMonoLogger.INFO: Cron ran at: 15-07-2026 07:43:36 PM [] []
[2026-07-15 19:43:39] SlimMonoLogger.INFO: Cron ran at: 15-07-2026 07:43:39 PM [] []
[2026-07-15 19:43:55] SlimMonoLogger.INFO: Cron ran at: 15-07-2026 07:43:55 PM [] []
[2026-07-15 19:44:07] SlimMonoLogger.INFO: Cron ran at: 15-07-2026 07:44:07 PM [] []
[2026-07-15 19:44:27] SlimMonoLogger.INFO: Cron ran at: 15-07-2026 07:44:27 PM [] []
[2026-07-15 19:44:28] SlimMonoLogger.INFO: Cron ran at: 15-07-2026 07:44:28 PM [] []
[2026-07-15 19:44:50] SlimMonoLogger.INFO: Cron ran at: 15-07-2026 07:44:50 PM [] []
[2026-07-15 19:45:05] SlimMonoLogger.INFO: Cron ran at: 15-07-2026 07:45:05 PM [] []
[2026-07-15 19:45:29] SlimMonoLogger.INFO: Cron ran at: 15-07-2026 07:45:29 PM [] []
[2026-07-15 19:45:31] SlimMonoLogger.INFO: Cron ran at: 15-07-2026 07:45:31 PM [] []
[2026-07-15 19:45:54] SlimMonoLogger.INFO: Cron ran at: 15-07-2026 07:45:54 PM [] []
[2026-07-15 19:46:19] SlimMonoLogger.INFO: Cron ran at: 15-07-2026 07:46:19 PM [] []
[2026-07-15 19:46:39] SlimMonoLogger.INFO: Cron ran at: 15-07-2026 07:46:39 PM [] []
[2026-07-15 19:46:42] SlimMonoLogger.INFO: Cron ran at: 15-07-2026 07:46:42 PM [] []
[2026-07-15 19:46:53] SlimMonoLogger.INFO: Cron ran at: 15-07-2026 07:46:53 PM [] []
[2026-07-15 19:47:20] SlimMonoLogger.INFO: Cron ran at: 15-07-2026 07:47:20 PM [] []
[2026-07-15 19:47:29] SlimMonoLogger.INFO: Cron ran at: 15-07-2026 07:47:29 PM [] []
[2026-07-15 19:47:30] SlimMonoLogger.INFO: Cron ran at: 15-07-2026 07:47:30 PM [] []
[2026-07-15 19:47:54] SlimMonoLogger.INFO: Cron ran at: 15-07-2026 07:47:54 PM [] []
[2026-07-15 19:48:14] SlimMonoLogger.INFO: Cron ran at: 15-07-2026 07:48:14 PM [] []
[2026-07-15 19:48:26] SlimMonoLogger.INFO: Cron ran at: 15-07-2026 07:48:26 PM [] []
[2026-07-15 19:48:33] SlimMonoLogger.INFO: Cron ran at: 15-07-2026 07:48:33 PM [] []
[2026-07-15 19:48:53] SlimMonoLogger.INFO: Cron ran at: 15-07-2026 07:48:53 PM [] []
[2026-07-15 19:49:12] SlimMonoLogger.INFO: Cron ran at: 15-07-2026 07:49:12 PM [] []
[2026-07-15 19:49:15] SlimMonoLogger.INFO: Cron ran at: 15-07-2026 07:49:15 PM [] []
[2026-07-15 19:49:31] SlimMonoLogger.INFO: Cron ran at: 15-07-2026 07:49:31 PM [] []
[2026-07-15 19:49:56] SlimMonoLogger.INFO: Cron ran at: 15-07-2026 07:49:56 PM [] []
[2026-07-15 19:50:11] SlimMonoLogger.INFO: Cron ran at: 15-07-2026 07:50:11 PM [] []
[2026-07-15 19:50:12] SlimMonoLogger.INFO: Cron ran at: 15-07-2026 07:50:12 PM [] []
[2026-07-15 19:50:37] SlimMonoLogger.INFO: Cron ran at: 15-07-2026 07:50:37 PM [] []
[2026-07-15 19:50:53] SlimMonoLogger.INFO: Cron ran at: 15-07-2026 07:50:53 PM [] []
[2026-07-15 19:51:06] SlimMonoLogger.INFO: Cron ran at: 15-07-2026 07:51:06 PM [] []
[2026-07-15 19:51:09] SlimMonoLogger.INFO: Cron ran at: 15-07-2026 07:51:09 PM [] []
[2026-07-15 19:51:52] SlimMonoLogger.INFO: Cron ran at: 15-07-2026 07:51:52 PM [] []
[2026-07-15 19:52:03] SlimMonoLogger.INFO: Cron ran at: 15-07-2026 07:52:03 PM [] []
[2026-07-15 19:52:08] SlimMonoLogger.INFO: Cron ran at: 15-07-2026 07:52:08 PM [] []
[2026-07-15 19:52:23] SlimMonoLogger.INFO: Cron ran at: 15-07-2026 07:52:23 PM [] []
[2026-07-15 19:53:05] SlimMonoLogger.INFO: Cron ran at: 15-07-2026 07:53:05 PM [] []
[2026-07-15 19:53:08] SlimMonoLogger.INFO: Cron ran at: 15-07-2026 07:53:08 PM [] []
[2026-07-15 19:53:17] SlimMonoLogger.INFO: Cron ran at: 15-07-2026 07:53:17 PM [] []
[2026-07-15 19:53:17] SlimMonoLogger.INFO: Cron ran at: 15-07-2026 07:53:17 PM [] []
[2026-07-15 19:53:42] SlimMonoLogger.INFO: Cron ran at: 15-07-2026 07:53:42 PM [] []
[2026-07-15 19:53:45] SlimMonoLogger.INFO: Cron ran at: 15-07-2026 07:53:45 PM [] []
[2026-07-15 19:53:48] SlimMonoLogger.INFO: Cron ran at: 15-07-2026 07:53:48 PM [] []
[2026-07-15 19:54:01] SlimMonoLogger.INFO: Cron ran at: 15-07-2026 07:54:01 PM [] []
[2026-07-15 19:54:36] SlimMonoLogger.INFO: Cron ran at: 15-07-2026 07:54:36 PM [] []
[2026-07-15 19:54:44] SlimMonoLogger.INFO: Cron ran at: 15-07-2026 07:54:44 PM [] []
[2026-07-15 19:54:46] SlimMonoLogger.INFO: Cron ran at: 15-07-2026 07:54:46 PM [] []
[2026-07-15 19:54:59] SlimMonoLogger.INFO: Cron ran at: 15-07-2026 07:54:59 PM [] []
[2026-07-15 19:55:26] SlimMonoLogger.INFO: Cron ran at: 15-07-2026 07:55:26 PM [] []
[2026-07-15 19:55:49] SlimMonoLogger.INFO: Cron ran at: 15-07-2026 07:55:49 PM [] []
[2026-07-15 19:56:12] SlimMonoLogger.INFO: Cron ran at: 15-07-2026 07:56:12 PM [] []
[2026-07-15 19:56:22] SlimMonoLogger.INFO: Cron ran at: 15-07-2026 07:56:22 PM [] []
[2026-07-15 19:56:53] SlimMonoLogger.INFO: Cron ran at: 15-07-2026 07:56:53 PM [] []
[2026-07-15 19:56:57] SlimMonoLogger.INFO: Cron ran at: 15-07-2026 07:56:57 PM [] []
[2026-07-15 19:56:59] SlimMonoLogger.INFO: Cron ran at: 15-07-2026 07:56:59 PM [] []
[2026-07-15 19:57:21] SlimMonoLogger.INFO: Cron ran at: 15-07-2026 07:57:21 PM [] []
[2026-07-15 19:57:54] SlimMonoLogger.INFO: Cron ran at: 15-07-2026 07:57:54 PM [] []
[2026-07-15 19:57:57] SlimMonoLogger.INFO: Cron ran at: 15-07-2026 07:57:57 PM [] []
[2026-07-15 19:58:00] SlimMonoLogger.INFO: Cron ran at: 15-07-2026 07:58:00 PM [] []
[2026-07-15 19:58:17] SlimMonoLogger.INFO: Cron ran at: 15-07-2026 07:58:17 PM [] []
[2026-07-15 19:58:48] SlimMonoLogger.INFO: Cron ran at: 15-07-2026 07:58:48 PM [] []
[2026-07-15 19:58:49] SlimMonoLogger.INFO: Cron ran at: 15-07-2026 07:58:49 PM [] []
[2026-07-15 19:59:00] SlimMonoLogger.INFO: Cron ran at: 15-07-2026 07:59:00 PM [] []
[2026-07-15 19:59:18] SlimMonoLogger.INFO: Cron ran at: 15-07-2026 07:59:18 PM [] []
[2026-07-15 19:59:39] SlimMonoLogger.INFO: Cron ran at: 15-07-2026 07:59:39 PM [] []
[2026-07-15 19:59:46] SlimMonoLogger.INFO: Cron ran at: 15-07-2026 07:59:46 PM [] []
[2026-07-15 19:59:58] SlimMonoLogger.INFO: Cron ran at: 15-07-2026 07:59:58 PM [] []
[2026-07-15 20:00:07] SlimMonoLogger.INFO: Cron ran at: 15-07-2026 08:00:07 PM [] []
[2026-07-15 20:00:37] SlimMonoLogger.INFO: Cron ran at: 15-07-2026 08:00:37 PM [] []
[2026-07-15 20:00:51] SlimMonoLogger.INFO: Cron ran at: 15-07-2026 08:00:51 PM [] []
[2026-07-15 20:01:14] SlimMonoLogger.INFO: Cron ran at: 15-07-2026 08:01:14 PM [] []
[2026-07-15 20:01:27] SlimMonoLogger.INFO: Cron ran at: 15-07-2026 08:01:27 PM [] []
[2026-07-15 20:01:49] SlimMonoLogger.INFO: Cron ran at: 15-07-2026 08:01:49 PM [] []
[2026-07-15 20:02:07] SlimMonoLogger.INFO: Cron ran at: 15-07-2026 08:02:07 PM [] []
[2026-07-15 20:02:09] SlimMonoLogger.INFO: Cron ran at: 15-07-2026 08:02:09 PM [] []
[2026-07-15 20:02:25] SlimMonoLogger.INFO: Cron ran at: 15-07-2026 08:02:25 PM [] []
[2026-07-15 20:03:03] SlimMonoLogger.INFO: Cron ran at: 15-07-2026 08:03:03 PM [] []
[2026-07-15 20:03:10] SlimMonoLogger.INFO: Cron ran at: 15-07-2026 08:03:10 PM [] []
[2026-07-15 20:03:13] SlimMonoLogger.INFO: Cron ran at: 15-07-2026 08:03:13 PM [] []
[2026-07-15 20:03:24] SlimMonoLogger.INFO: Cron ran at: 15-07-2026 08:03:24 PM [] []
[2026-07-15 20:03:46] SlimMonoLogger.INFO: Cron ran at: 15-07-2026 08:03:46 PM [] []
[2026-07-15 20:03:47] SlimMonoLogger.INFO: Cron ran at: 15-07-2026 08:03:47 PM [] []
[2026-07-15 20:04:17] SlimMonoLogger.INFO: Cron ran at: 15-07-2026 08:04:17 PM [] []
[2026-07-15 20:04:18] SlimMonoLogger.INFO: Cron ran at: 15-07-2026 08:04:18 PM [] []
[2026-07-15 20:04:40] SlimMonoLogger.INFO: Cron ran at: 15-07-2026 08:04:40 PM [] []
[2026-07-15 20:04:43] SlimMonoLogger.INFO: Cron ran at: 15-07-2026 08:04:43 PM [] []
[2026-07-15 20:05:13] SlimMonoLogger.INFO: Cron ran at: 15-07-2026 08:05:13 PM [] []
[2026-07-15 20:05:25] SlimMonoLogger.INFO: Cron ran at: 15-07-2026 08:05:25 PM [] []
[2026-07-15 20:05:32] SlimMonoLogger.INFO: Cron ran at: 15-07-2026 08:05:32 PM [] []
[2026-07-15 20:06:12] SlimMonoLogger.INFO: Cron ran at: 15-07-2026 08:06:12 PM [] []
[2026-07-15 20:06:17] SlimMonoLogger.INFO: Cron ran at: 15-07-2026 08:06:17 PM [] []
[2026-07-15 20:06:32] SlimMonoLogger.INFO: Cron ran at: 15-07-2026 08:06:32 PM [] []
[2026-07-15 20:07:07] SlimMonoLogger.INFO: Cron ran at: 15-07-2026 08:07:07 PM [] []
[2026-07-15 20:07:10] SlimMonoLogger.INFO: Cron ran at: 15-07-2026 08:07:10 PM [] []
[2026-07-15 20:07:16] SlimMonoLogger.INFO: Cron ran at: 15-07-2026 08:07:16 PM [] []
[2026-07-15 20:07:26] SlimMonoLogger.INFO: Cron ran at: 15-07-2026 08:07:26 PM [] []
[2026-07-15 20:08:01] SlimMonoLogger.INFO: Cron ran at: 15-07-2026 08:08:01 PM [] []
[2026-07-15 20:08:13] SlimMonoLogger.INFO: Cron ran at: 15-07-2026 08:08:13 PM [] []
[2026-07-15 20:08:20] SlimMonoLogger.INFO: Cron ran at: 15-07-2026 08:08:20 PM [] []
[2026-07-15 20:08:39] SlimMonoLogger.INFO: Cron ran at: 15-07-2026 08:08:39 PM [] []
[2026-07-15 20:08:51] SlimMonoLogger.INFO: Cron ran at: 15-07-2026 08:08:51 PM [] []
[2026-07-15 20:09:09] SlimMonoLogger.INFO: Cron ran at: 15-07-2026 08:09:09 PM [] []
[2026-07-15 20:09:17] SlimMonoLogger.INFO: Cron ran at: 15-07-2026 08:09:17 PM [] []
[2026-07-15 20:09:17] SlimMonoLogger.INFO: Cron ran at: 15-07-2026 08:09:17 PM [] []
[2026-07-15 20:09:40] SlimMonoLogger.INFO: Cron ran at: 15-07-2026 08:09:40 PM [] []
[2026-07-15 20:10:09] SlimMonoLogger.INFO: Cron ran at: 15-07-2026 08:10:09 PM [] []
[2026-07-15 20:10:17] SlimMonoLogger.INFO: Cron ran at: 15-07-2026 08:10:17 PM [] []
[2026-07-15 20:10:19] SlimMonoLogger.INFO: Cron ran at: 15-07-2026 08:10:19 PM [] []
[2026-07-15 20:10:33] SlimMonoLogger.INFO: Cron ran at: 15-07-2026 08:10:33 PM [] []
[2026-07-15 20:11:22] SlimMonoLogger.INFO: Cron ran at: 15-07-2026 08:11:22 PM [] []
[2026-07-15 20:11:23] SlimMonoLogger.INFO: Cron ran at: 15-07-2026 08:11:23 PM [] []
[2026-07-15 20:11:33] SlimMonoLogger.INFO: Cron ran at: 15-07-2026 08:11:33 PM [] []
[2026-07-15 20:11:50] SlimMonoLogger.INFO: Cron ran at: 15-07-2026 08:11:50 PM [] []
[2026-07-15 20:12:18] SlimMonoLogger.INFO: Cron ran at: 15-07-2026 08:12:18 PM [] []
[2026-07-15 20:12:23] SlimMonoLogger.INFO: Cron ran at: 15-07-2026 08:12:23 PM [] []
[2026-07-15 20:12:24] SlimMonoLogger.INFO: Cron ran at: 15-07-2026 08:12:24 PM [] []
[2026-07-15 20:12:35] SlimMonoLogger.INFO: Cron ran at: 15-07-2026 08:12:35 PM [] []
[2026-07-15 20:13:21] SlimMonoLogger.INFO: Cron ran at: 15-07-2026 08:13:21 PM [] []
[2026-07-15 20:13:23] SlimMonoLogger.INFO: Cron ran at: 15-07-2026 08:13:23 PM [] []
[2026-07-15 20:13:23] SlimMonoLogger.INFO: Cron ran at: 15-07-2026 08:13:23 PM [] []
[2026-07-15 20:13:24] SlimMonoLogger.INFO: Cron ran at: 15-07-2026 08:13:24 PM [] []
[2026-07-15 20:14:17] SlimMonoLogger.INFO: Cron ran at: 15-07-2026 08:14:17 PM [] []
[2026-07-15 20:14:17] SlimMonoLogger.INFO: Cron ran at: 15-07-2026 08:14:17 PM [] []
[2026-07-15 20:14:20] SlimMonoLogger.INFO: Cron ran at: 15-07-2026 08:14:20 PM [] []
[2026-07-15 20:14:26] SlimMonoLogger.INFO: Cron ran at: 15-07-2026 08:14:26 PM [] []
[2026-07-15 20:15:22] SlimMonoLogger.INFO: Cron ran at: 15-07-2026 08:15:22 PM [] []
[2026-07-15 20:15:23] SlimMonoLogger.INFO: Cron ran at: 15-07-2026 08:15:23 PM [] []
[2026-07-15 20:15:25] SlimMonoLogger.INFO: Cron ran at: 15-07-2026 08:15:25 PM [] []
[2026-07-15 20:15:25] SlimMonoLogger.INFO: Cron ran at: 15-07-2026 08:15:25 PM [] []
[2026-07-15 20:16:15] SlimMonoLogger.INFO: Cron ran at: 15-07-2026 08:16:15 PM [] []
[2026-07-15 20:16:25] SlimMonoLogger.INFO: Cron ran at: 15-07-2026 08:16:25 PM [] []
[2026-07-15 20:16:29] SlimMonoLogger.INFO: Cron ran at: 15-07-2026 08:16:29 PM [] []
[2026-07-15 20:17:07] SlimMonoLogger.INFO: Cron ran at: 15-07-2026 08:17:07 PM [] []
[2026-07-15 20:17:08] SlimMonoLogger.INFO: Cron ran at: 15-07-2026 08:17:08 PM [] []
[2026-07-15 20:17:25] SlimMonoLogger.INFO: Cron ran at: 15-07-2026 08:17:25 PM [] []
[2026-07-15 20:17:27] SlimMonoLogger.INFO: Cron ran at: 15-07-2026 08:17:27 PM [] []
[2026-07-15 20:17:54] SlimMonoLogger.INFO: Cron ran at: 15-07-2026 08:17:54 PM [] []
[2026-07-15 20:18:18] SlimMonoLogger.INFO: Cron ran at: 15-07-2026 08:18:18 PM [] []
[2026-07-15 20:18:25] SlimMonoLogger.INFO: Cron ran at: 15-07-2026 08:18:25 PM [] []
[2026-07-15 20:18:28] SlimMonoLogger.INFO: Cron ran at: 15-07-2026 08:18:28 PM [] []
[2026-07-15 20:18:49] SlimMonoLogger.INFO: Cron ran at: 15-07-2026 08:18:49 PM [] []
[2026-07-15 20:19:09] SlimMonoLogger.INFO: Cron ran at: 15-07-2026 08:19:09 PM [] []
[2026-07-15 20:19:24] SlimMonoLogger.INFO: Cron ran at: 15-07-2026 08:19:24 PM [] []
[2026-07-15 20:19:24] SlimMonoLogger.INFO: Cron ran at: 15-07-2026 08:19:24 PM [] []
[2026-07-15 20:19:43] SlimMonoLogger.INFO: Cron ran at: 15-07-2026 08:19:43 PM [] []
[2026-07-15 20:20:02] SlimMonoLogger.INFO: Cron ran at: 15-07-2026 08:20:02 PM [] []
[2026-07-15 20:20:25] SlimMonoLogger.INFO: Cron ran at: 15-07-2026 08:20:25 PM [] []
[2026-07-15 20:20:36] SlimMonoLogger.INFO: Cron ran at: 15-07-2026 08:20:36 PM [] []
[2026-07-15 20:20:46] SlimMonoLogger.INFO: Cron ran at: 15-07-2026 08:20:46 PM [] []
[2026-07-15 20:21:00] SlimMonoLogger.INFO: Cron ran at: 15-07-2026 08:21:00 PM [] []
[2026-07-15 20:21:32] SlimMonoLogger.INFO: Cron ran at: 15-07-2026 08:21:32 PM [] []
[2026-07-15 20:21:37] SlimMonoLogger.INFO: Cron ran at: 15-07-2026 08:21:37 PM [] []
[2026-07-15 20:21:41] SlimMonoLogger.INFO: Cron ran at: 15-07-2026 08:21:41 PM [] []
[2026-07-15 20:21:58] SlimMonoLogger.INFO: Cron ran at: 15-07-2026 08:21:58 PM [] []
[2026-07-15 20:22:24] SlimMonoLogger.INFO: Cron ran at: 15-07-2026 08:22:24 PM [] []
[2026-07-15 20:22:28] SlimMonoLogger.INFO: Cron ran at: 15-07-2026 08:22:28 PM [] []
[2026-07-15 20:22:52] SlimMonoLogger.INFO: Cron ran at: 15-07-2026 08:22:52 PM [] []
[2026-07-15 20:23:08] SlimMonoLogger.INFO: Cron ran at: 15-07-2026 08:23:08 PM [] []
[2026-07-15 20:23:10] SlimMonoLogger.INFO: Cron ran at: 15-07-2026 08:23:10 PM [] []
[2026-07-15 20:23:22] SlimMonoLogger.INFO: Cron ran at: 15-07-2026 08:23:22 PM [] []
[2026-07-15 20:23:26] SlimMonoLogger.INFO: Cron ran at: 15-07-2026 08:23:26 PM [] []
[2026-07-15 20:24:00] SlimMonoLogger.INFO: Cron ran at: 15-07-2026 08:24:00 PM [] []
[2026-07-15 20:24:01] SlimMonoLogger.INFO: Cron ran at: 15-07-2026 08:24:01 PM [] []
[2026-07-15 20:24:25] SlimMonoLogger.INFO: Cron ran at: 15-07-2026 08:24:25 PM [] []
[2026-07-15 20:24:45] SlimMonoLogger.INFO: Cron ran at: 15-07-2026 08:24:45 PM [] []
[2026-07-15 20:24:58] SlimMonoLogger.INFO: Cron ran at: 15-07-2026 08:24:58 PM [] []
[2026-07-15 20:25:00] SlimMonoLogger.INFO: Cron ran at: 15-07-2026 08:25:00 PM [] []
[2026-07-15 20:25:15] SlimMonoLogger.INFO: Cron ran at: 15-07-2026 08:25:15 PM [] []
[2026-07-15 20:25:36] SlimMonoLogger.INFO: Cron ran at: 15-07-2026 08:25:36 PM [] []
[2026-07-15 20:25:49] SlimMonoLogger.INFO: Cron ran at: 15-07-2026 08:25:49 PM [] []
[2026-07-15 20:26:00] SlimMonoLogger.INFO: Cron ran at: 15-07-2026 08:26:00 PM [] []
[2026-07-15 20:26:30] SlimMonoLogger.INFO: Cron ran at: 15-07-2026 08:26:30 PM [] []
[2026-07-15 20:26:59] SlimMonoLogger.INFO: Cron ran at: 15-07-2026 08:26:59 PM [] []
[2026-07-15 20:27:04] SlimMonoLogger.INFO: Cron ran at: 15-07-2026 08:27:04 PM [] []
[2026-07-15 20:27:09] SlimMonoLogger.INFO: Cron ran at: 15-07-2026 08:27:09 PM [] []
[2026-07-15 20:27:22] SlimMonoLogger.INFO: Cron ran at: 15-07-2026 08:27:22 PM [] []
[2026-07-15 20:27:42] SlimMonoLogger.INFO: Cron ran at: 15-07-2026 08:27:42 PM [] []
[2026-07-15 20:27:56] SlimMonoLogger.INFO: Cron ran at: 15-07-2026 08:27:56 PM [] []
[2026-07-15 20:28:04] SlimMonoLogger.INFO: Cron ran at: 15-07-2026 08:28:04 PM [] []
[2026-07-15 20:28:30] SlimMonoLogger.INFO: Cron ran at: 15-07-2026 08:28:30 PM [] []
[2026-07-15 20:28:53] SlimMonoLogger.INFO: Cron ran at: 15-07-2026 08:28:53 PM [] []
[2026-07-15 20:28:59] SlimMonoLogger.INFO: Cron ran at: 15-07-2026 08:28:59 PM [] []
[2026-07-15 20:29:07] SlimMonoLogger.INFO: Cron ran at: 15-07-2026 08:29:07 PM [] []
[2026-07-15 20:29:26] SlimMonoLogger.INFO: Cron ran at: 15-07-2026 08:29:26 PM [] []
[2026-07-15 20:29:46] SlimMonoLogger.INFO: Cron ran at: 15-07-2026 08:29:46 PM [] []
[2026-07-15 20:30:04] SlimMonoLogger.INFO: Cron ran at: 15-07-2026 08:30:04 PM [] []
[2026-07-15 20:30:05] SlimMonoLogger.INFO: Cron ran at: 15-07-2026 08:30:05 PM [] []
[2026-07-15 20:30:25] SlimMonoLogger.INFO: Cron ran at: 15-07-2026 08:30:25 PM [] []
[2026-07-15 20:30:42] SlimMonoLogger.INFO: Cron ran at: 15-07-2026 08:30:42 PM [] []
[2026-07-15 20:30:54] SlimMonoLogger.INFO: Cron ran at: 15-07-2026 08:30:54 PM [] []
[2026-07-15 20:31:23] SlimMonoLogger.INFO: Cron ran at: 15-07-2026 08:31:23 PM [] []
[2026-07-15 20:31:36] SlimMonoLogger.INFO: Cron ran at: 15-07-2026 08:31:36 PM [] []
[2026-07-15 20:31:42] SlimMonoLogger.INFO: Cron ran at: 15-07-2026 08:31:42 PM [] []
[2026-07-15 20:31:50] SlimMonoLogger.INFO: Cron ran at: 15-07-2026 08:31:50 PM [] []
[2026-07-15 20:32:27] SlimMonoLogger.INFO: Cron ran at: 15-07-2026 08:32:27 PM [] []
[2026-07-15 20:32:43] SlimMonoLogger.INFO: Cron ran at: 15-07-2026 08:32:43 PM [] []
[2026-07-15 20:32:54] SlimMonoLogger.INFO: Cron ran at: 15-07-2026 08:32:54 PM [] []
[2026-07-15 20:32:56] SlimMonoLogger.INFO: Cron ran at: 15-07-2026 08:32:56 PM [] []
[2026-07-15 20:33:20] SlimMonoLogger.INFO: Cron ran at: 15-07-2026 08:33:20 PM [] []
[2026-07-15 20:33:21] SlimMonoLogger.INFO: Cron ran at: 15-07-2026 08:33:21 PM [] []
[2026-07-15 20:33:42] SlimMonoLogger.INFO: Cron ran at: 15-07-2026 08:33:42 PM [] []
[2026-07-15 20:34:06] SlimMonoLogger.INFO: Cron ran at: 15-07-2026 08:34:06 PM [] []
[2026-07-15 20:34:21] SlimMonoLogger.INFO: Cron ran at: 15-07-2026 08:34:21 PM [] []
[2026-07-15 20:34:32] SlimMonoLogger.INFO: Cron ran at: 15-07-2026 08:34:32 PM [] []
[2026-07-15 20:34:35] SlimMonoLogger.INFO: Cron ran at: 15-07-2026 08:34:35 PM [] []
[2026-07-15 20:35:05] SlimMonoLogger.INFO: Cron ran at: 15-07-2026 08:35:05 PM [] []
[2026-07-15 20:35:27] SlimMonoLogger.INFO: Cron ran at: 15-07-2026 08:35:27 PM [] []
[2026-07-15 20:35:27] SlimMonoLogger.INFO: Cron ran at: 15-07-2026 08:35:27 PM [] []
[2026-07-15 20:36:22] SlimMonoLogger.INFO: Cron ran at: 15-07-2026 08:36:22 PM [] []
[2026-07-15 20:36:25] SlimMonoLogger.INFO: Cron ran at: 15-07-2026 08:36:25 PM [] []
[2026-07-15 20:36:29] SlimMonoLogger.INFO: Cron ran at: 15-07-2026 08:36:29 PM [] []
[2026-07-15 20:36:32] SlimMonoLogger.INFO: Cron ran at: 15-07-2026 08:36:32 PM [] []
[2026-07-15 20:37:13] SlimMonoLogger.INFO: Cron ran at: 15-07-2026 08:37:13 PM [] []
[2026-07-15 20:37:47] SlimMonoLogger.INFO: Cron ran at: 15-07-2026 08:37:47 PM [] []
[2026-07-15 20:37:47] SlimMonoLogger.INFO: Cron ran at: 15-07-2026 08:37:47 PM [] []
[2026-07-15 20:37:51] SlimMonoLogger.INFO: Cron ran at: 15-07-2026 08:37:51 PM [] []
[2026-07-15 20:37:54] SlimMonoLogger.INFO: Cron ran at: 15-07-2026 08:37:54 PM [] []
[2026-07-15 20:37:59] SlimMonoLogger.INFO: Cron ran at: 15-07-2026 08:37:59 PM [] []
[2026-07-15 20:38:24] SlimMonoLogger.INFO: Cron ran at: 15-07-2026 08:38:24 PM [] []
[2026-07-15 20:38:35] SlimMonoLogger.INFO: Cron ran at: 15-07-2026 08:38:35 PM [] []
[2026-07-15 20:39:01] SlimMonoLogger.INFO: Cron ran at: 15-07-2026 08:39:01 PM [] []
[2026-07-15 20:39:05] SlimMonoLogger.INFO: Cron ran at: 15-07-2026 08:39:05 PM [] []
[2026-07-15 20:39:07] SlimMonoLogger.INFO: Cron ran at: 15-07-2026 08:39:07 PM [] []
[2026-07-15 20:39:29] SlimMonoLogger.INFO: Cron ran at: 15-07-2026 08:39:29 PM [] []
[2026-07-15 20:39:37] SlimMonoLogger.INFO: Cron ran at: 15-07-2026 08:39:37 PM [] []
[2026-07-15 20:40:05] SlimMonoLogger.INFO: Cron ran at: 15-07-2026 08:40:05 PM [] []
[2026-07-15 20:40:12] SlimMonoLogger.INFO: Cron ran at: 15-07-2026 08:40:12 PM [] []
[2026-07-15 20:40:42] SlimMonoLogger.INFO: Cron ran at: 15-07-2026 08:40:42 PM [] []
[2026-07-15 20:40:43] SlimMonoLogger.INFO: Cron ran at: 15-07-2026 08:40:43 PM [] []
[2026-07-15 20:41:17] SlimMonoLogger.INFO: Cron ran at: 15-07-2026 08:41:17 PM [] []
[2026-07-15 20:41:36] SlimMonoLogger.INFO: Cron ran at: 15-07-2026 08:41:36 PM [] []
[2026-07-15 20:41:54] SlimMonoLogger.INFO: Cron ran at: 15-07-2026 08:41:54 PM [] []
[2026-07-15 20:42:04] SlimMonoLogger.INFO: Cron ran at: 15-07-2026 08:42:04 PM [] []
[2026-07-15 20:42:18] SlimMonoLogger.INFO: Cron ran at: 15-07-2026 08:42:18 PM [] []
[2026-07-15 20:42:29] SlimMonoLogger.INFO: Cron ran at: 15-07-2026 08:42:29 PM [] []
[2026-07-15 20:42:53] SlimMonoLogger.INFO: Cron ran at: 15-07-2026 08:42:53 PM [] []
[2026-07-15 20:43:20] SlimMonoLogger.INFO: Cron ran at: 15-07-2026 08:43:20 PM [] []
[2026-07-15 20:43:20] SlimMonoLogger.INFO: Cron ran at: 15-07-2026 08:43:20 PM [] []
[2026-07-15 20:43:29] SlimMonoLogger.INFO: Cron ran at: 15-07-2026 08:43:29 PM [] []
[2026-07-15 20:43:33] SlimMonoLogger.INFO: Cron ran at: 15-07-2026 08:43:33 PM [] []
[2026-07-15 20:43:44] SlimMonoLogger.INFO: Cron ran at: 15-07-2026 08:43:44 PM [] []
[2026-07-15 20:43:46] SlimMonoLogger.INFO: Cron ran at: 15-07-2026 08:43:46 PM [] []
[2026-07-15 20:44:16] SlimMonoLogger.INFO: Cron ran at: 15-07-2026 08:44:16 PM [] []
[2026-07-15 20:44:20] SlimMonoLogger.INFO: Cron ran at: 15-07-2026 08:44:20 PM [] []
[2026-07-15 20:44:23] SlimMonoLogger.INFO: Cron ran at: 15-07-2026 08:44:23 PM [] []
[2026-07-15 20:44:38] SlimMonoLogger.INFO: Cron ran at: 15-07-2026 08:44:38 PM [] []
[2026-07-15 20:45:09] SlimMonoLogger.INFO: Cron ran at: 15-07-2026 08:45:09 PM [] []
[2026-07-15 20:45:13] SlimMonoLogger.INFO: Cron ran at: 15-07-2026 08:45:13 PM [] []
[2026-07-15 20:45:22] SlimMonoLogger.INFO: Cron ran at: 15-07-2026 08:45:22 PM [] []
[2026-07-15 20:45:41] SlimMonoLogger.INFO: Cron ran at: 15-07-2026 08:45:41 PM [] []
[2026-07-15 20:46:09] SlimMonoLogger.INFO: Cron ran at: 15-07-2026 08:46:09 PM [] []
[2026-07-15 20:46:11] SlimMonoLogger.INFO: Cron ran at: 15-07-2026 08:46:11 PM [] []
[2026-07-15 20:46:41] SlimMonoLogger.INFO: Cron ran at: 15-07-2026 08:46:41 PM [] []
[2026-07-15 20:46:42] SlimMonoLogger.INFO: Cron ran at: 15-07-2026 08:46:42 PM [] []
[2026-07-15 20:47:02] SlimMonoLogger.INFO: Cron ran at: 15-07-2026 08:47:02 PM [] []
[2026-07-15 20:47:04] SlimMonoLogger.INFO: Cron ran at: 15-07-2026 08:47:04 PM [] []
[2026-07-15 20:47:31] SlimMonoLogger.INFO: Cron ran at: 15-07-2026 08:47:31 PM [] []
[2026-07-15 20:47:42] SlimMonoLogger.INFO: Cron ran at: 15-07-2026 08:47:42 PM [] []
[2026-07-15 20:47:58] SlimMonoLogger.INFO: Cron ran at: 15-07-2026 08:47:58 PM [] []
[2026-07-15 20:48:07] SlimMonoLogger.INFO: Cron ran at: 15-07-2026 08:48:07 PM [] []
[2026-07-15 20:48:30] SlimMonoLogger.INFO: Cron ran at: 15-07-2026 08:48:30 PM [] []
[2026-07-15 20:48:47] SlimMonoLogger.INFO: Cron ran at: 15-07-2026 08:48:47 PM [] []
[2026-07-15 20:48:50] SlimMonoLogger.INFO: Cron ran at: 15-07-2026 08:48:50 PM [] []
[2026-07-15 20:49:17] SlimMonoLogger.INFO: Cron ran at: 15-07-2026 08:49:17 PM [] []
[2026-07-15 20:49:21] SlimMonoLogger.INFO: Cron ran at: 15-07-2026 08:49:21 PM [] []
[2026-07-15 20:49:45] SlimMonoLogger.INFO: Cron ran at: 15-07-2026 08:49:45 PM [] []
[2026-07-15 20:49:50] SlimMonoLogger.INFO: Cron ran at: 15-07-2026 08:49:50 PM [] []
[2026-07-15 20:50:06] SlimMonoLogger.INFO: Cron ran at: 15-07-2026 08:50:06 PM [] []
[2026-07-15 20:50:37] SlimMonoLogger.INFO: Cron ran at: 15-07-2026 08:50:37 PM [] []
[2026-07-15 20:51:01] SlimMonoLogger.INFO: Cron ran at: 15-07-2026 08:51:01 PM [] []
[2026-07-15 20:51:03] SlimMonoLogger.INFO: Cron ran at: 15-07-2026 08:51:03 PM [] []
[2026-07-15 20:51:08] SlimMonoLogger.INFO: Cron ran at: 15-07-2026 08:51:08 PM [] []
[2026-07-15 20:51:43] SlimMonoLogger.INFO: Cron ran at: 15-07-2026 08:51:43 PM [] []
[2026-07-15 20:52:00] SlimMonoLogger.INFO: Cron ran at: 15-07-2026 08:52:00 PM [] []
[2026-07-15 20:52:09] SlimMonoLogger.INFO: Cron ran at: 15-07-2026 08:52:09 PM [] []
[2026-07-15 20:52:29] SlimMonoLogger.INFO: Cron ran at: 15-07-2026 08:52:29 PM [] []
[2026-07-15 20:52:35] SlimMonoLogger.INFO: Cron ran at: 15-07-2026 08:52:35 PM [] []
[2026-07-15 20:52:52] SlimMonoLogger.INFO: Cron ran at: 15-07-2026 08:52:52 PM [] []
[2026-07-15 20:52:55] SlimMonoLogger.INFO: Cron ran at: 15-07-2026 08:52:55 PM [] []
[2026-07-15 20:53:22] SlimMonoLogger.INFO: Cron ran at: 15-07-2026 08:53:22 PM [] []
[2026-07-15 20:53:59] SlimMonoLogger.INFO: Cron ran at: 15-07-2026 08:53:59 PM [] []
[2026-07-15 20:54:09] SlimMonoLogger.INFO: Cron ran at: 15-07-2026 08:54:09 PM [] []
[2026-07-15 20:54:26] SlimMonoLogger.INFO: Cron ran at: 15-07-2026 08:54:26 PM [] []
[2026-07-15 20:54:29] SlimMonoLogger.INFO: Cron ran at: 15-07-2026 08:54:29 PM [] []
[2026-07-15 20:54:53] SlimMonoLogger.INFO: Cron ran at: 15-07-2026 08:54:53 PM [] []
[2026-07-15 20:54:55] SlimMonoLogger.INFO: Cron ran at: 15-07-2026 08:54:55 PM [] []
[2026-07-15 20:55:04] SlimMonoLogger.INFO: Cron ran at: 15-07-2026 08:55:04 PM [] []
[2026-07-15 20:55:24] SlimMonoLogger.INFO: Cron ran at: 15-07-2026 08:55:24 PM [] []
[2026-07-15 20:55:27] SlimMonoLogger.INFO: Cron ran at: 15-07-2026 08:55:27 PM [] []
[2026-07-15 20:55:48] SlimMonoLogger.INFO: Cron ran at: 15-07-2026 08:55:48 PM [] []
[2026-07-15 20:55:53] SlimMonoLogger.INFO: Cron ran at: 15-07-2026 08:55:53 PM [] []
[2026-07-15 20:56:32] SlimMonoLogger.INFO: Cron ran at: 15-07-2026 08:56:32 PM [] []
[2026-07-15 20:56:58] SlimMonoLogger.INFO: Cron ran at: 15-07-2026 08:56:58 PM [] []
[2026-07-15 20:57:11] SlimMonoLogger.INFO: Cron ran at: 15-07-2026 08:57:11 PM [] []
[2026-07-15 20:57:20] SlimMonoLogger.INFO: Cron ran at: 15-07-2026 08:57:20 PM [] []
[2026-07-15 20:57:26] SlimMonoLogger.INFO: Cron ran at: 15-07-2026 08:57:26 PM [] []
[2026-07-15 20:57:50] SlimMonoLogger.INFO: Cron ran at: 15-07-2026 08:57:50 PM [] []
[2026-07-15 20:58:03] SlimMonoLogger.INFO: Cron ran at: 15-07-2026 08:58:03 PM [] []
[2026-07-15 20:58:20] SlimMonoLogger.INFO: Cron ran at: 15-07-2026 08:58:20 PM [] []
[2026-07-15 20:58:52] SlimMonoLogger.INFO: Cron ran at: 15-07-2026 08:58:52 PM [] []
[2026-07-15 20:58:54] SlimMonoLogger.INFO: Cron ran at: 15-07-2026 08:58:54 PM [] []
[2026-07-15 20:58:54] SlimMonoLogger.INFO: Cron ran at: 15-07-2026 08:58:54 PM [] []
[2026-07-15 20:58:59] SlimMonoLogger.INFO: Cron ran at: 15-07-2026 08:58:59 PM [] []
[2026-07-15 20:59:11] SlimMonoLogger.INFO: Cron ran at: 15-07-2026 08:59:11 PM [] []
[2026-07-15 20:59:45] SlimMonoLogger.INFO: Cron ran at: 15-07-2026 08:59:45 PM [] []
[2026-07-15 20:59:57] SlimMonoLogger.INFO: Cron ran at: 15-07-2026 08:59:57 PM [] []
[2026-07-15 21:00:03] SlimMonoLogger.INFO: Cron ran at: 15-07-2026 09:00:03 PM [] []
[2026-07-15 21:00:17] SlimMonoLogger.INFO: Cron ran at: 15-07-2026 09:00:17 PM [] []
[2026-07-15 21:00:50] SlimMonoLogger.INFO: Cron ran at: 15-07-2026 09:00:50 PM [] []
[2026-07-15 21:00:54] SlimMonoLogger.INFO: Cron ran at: 15-07-2026 09:00:54 PM [] []
[2026-07-15 21:01:03] SlimMonoLogger.INFO: Cron ran at: 15-07-2026 09:01:03 PM [] []
[2026-07-15 21:01:48] SlimMonoLogger.INFO: Cron ran at: 15-07-2026 09:01:48 PM [] []
[2026-07-15 21:01:53] SlimMonoLogger.INFO: Cron ran at: 15-07-2026 09:01:53 PM [] []
[2026-07-15 21:01:55] SlimMonoLogger.INFO: Cron ran at: 15-07-2026 09:01:55 PM [] []
[2026-07-15 21:02:34] SlimMonoLogger.INFO: Cron ran at: 15-07-2026 09:02:34 PM [] []
[2026-07-15 21:02:50] SlimMonoLogger.INFO: Cron ran at: 15-07-2026 09:02:50 PM [] []
[2026-07-15 21:02:52] SlimMonoLogger.INFO: Cron ran at: 15-07-2026 09:02:52 PM [] []
[2026-07-15 21:03:00] SlimMonoLogger.INFO: Cron ran at: 15-07-2026 09:03:00 PM [] []
[2026-07-15 21:03:04] SlimMonoLogger.INFO: Cron ran at: 15-07-2026 09:03:04 PM [] []
[2026-07-15 21:03:31] SlimMonoLogger.INFO: Cron ran at: 15-07-2026 09:03:31 PM [] []
[2026-07-15 21:03:44] SlimMonoLogger.INFO: Cron ran at: 15-07-2026 09:03:44 PM [] []
[2026-07-15 21:03:45] SlimMonoLogger.INFO: Cron ran at: 15-07-2026 09:03:45 PM [] []
[2026-07-15 21:04:37] SlimMonoLogger.INFO: Cron ran at: 15-07-2026 09:04:37 PM [] []
[2026-07-15 21:05:09] SlimMonoLogger.INFO: Cron ran at: 15-07-2026 09:05:09 PM [] []
[2026-07-15 21:05:20] SlimMonoLogger.INFO: Cron ran at: 15-07-2026 09:05:20 PM [] []
[2026-07-15 21:05:27] SlimMonoLogger.INFO: Cron ran at: 15-07-2026 09:05:27 PM [] []
[2026-07-15 21:05:42] SlimMonoLogger.INFO: Cron ran at: 15-07-2026 09:05:42 PM [] []
[2026-07-15 21:05:59] SlimMonoLogger.INFO: Cron ran at: 15-07-2026 09:05:59 PM [] []
[2026-07-15 21:06:06] SlimMonoLogger.INFO: Cron ran at: 15-07-2026 09:06:06 PM [] []
[2026-07-15 21:06:11] SlimMonoLogger.INFO: Cron ran at: 15-07-2026 09:06:11 PM [] []
[2026-07-15 21:06:18] SlimMonoLogger.INFO: Cron ran at: 15-07-2026 09:06:18 PM [] []
[2026-07-15 21:06:25] SlimMonoLogger.INFO: Cron ran at: 15-07-2026 09:06:25 PM [] []
[2026-07-15 21:06:59] SlimMonoLogger.INFO: Cron ran at: 15-07-2026 09:06:59 PM [] []
[2026-07-15 21:07:27] SlimMonoLogger.INFO: Cron ran at: 15-07-2026 09:07:27 PM [] []
[2026-07-15 21:07:27] SlimMonoLogger.INFO: Cron ran at: 15-07-2026 09:07:27 PM [] []
[2026-07-15 21:07:44] SlimMonoLogger.INFO: Cron ran at: 15-07-2026 09:07:44 PM [] []
[2026-07-15 21:08:12] SlimMonoLogger.INFO: Cron ran at: 15-07-2026 09:08:12 PM [] []
[2026-07-15 21:08:25] SlimMonoLogger.INFO: Cron ran at: 15-07-2026 09:08:25 PM [] []
[2026-07-15 21:08:28] SlimMonoLogger.INFO: Cron ran at: 15-07-2026 09:08:28 PM [] []
[2026-07-15 21:08:31] SlimMonoLogger.INFO: Cron ran at: 15-07-2026 09:08:31 PM [] []
[2026-07-15 21:08:32] SlimMonoLogger.INFO: Cron ran at: 15-07-2026 09:08:32 PM [] []
[2026-07-15 21:08:59] SlimMonoLogger.INFO: Cron ran at: 15-07-2026 09:08:59 PM [] []
[2026-07-15 21:09:18] SlimMonoLogger.INFO: Cron ran at: 15-07-2026 09:09:18 PM [] []
[2026-07-15 21:09:29] SlimMonoLogger.INFO: Cron ran at: 15-07-2026 09:09:29 PM [] []
[2026-07-15 21:09:38] SlimMonoLogger.INFO: Cron ran at: 15-07-2026 09:09:38 PM [] []
[2026-07-15 21:10:15] SlimMonoLogger.INFO: Cron ran at: 15-07-2026 09:10:15 PM [] []
[2026-07-15 21:10:32] SlimMonoLogger.INFO: Cron ran at: 15-07-2026 09:10:32 PM [] []
[2026-07-15 21:10:54] SlimMonoLogger.INFO: Cron ran at: 15-07-2026 09:10:54 PM [] []
[2026-07-15 21:11:07] SlimMonoLogger.INFO: Cron ran at: 15-07-2026 09:11:07 PM [] []
[2026-07-15 21:11:09] SlimMonoLogger.INFO: Cron ran at: 15-07-2026 09:11:09 PM [] []
[2026-07-15 21:11:15] SlimMonoLogger.INFO: Cron ran at: 15-07-2026 09:11:15 PM [] []
[2026-07-15 21:11:27] SlimMonoLogger.INFO: Cron ran at: 15-07-2026 09:11:27 PM [] []
[2026-07-15 21:12:12] SlimMonoLogger.INFO: Cron ran at: 15-07-2026 09:12:12 PM [] []
[2026-07-15 21:12:14] SlimMonoLogger.INFO: Cron ran at: 15-07-2026 09:12:14 PM [] []
[2026-07-15 21:12:41] SlimMonoLogger.INFO: Cron ran at: 15-07-2026 09:12:41 PM [] []
[2026-07-15 21:12:59] SlimMonoLogger.INFO: Cron ran at: 15-07-2026 09:12:59 PM [] []
[2026-07-15 21:13:09] SlimMonoLogger.INFO: Cron ran at: 15-07-2026 09:13:09 PM [] []
[2026-07-15 21:13:10] SlimMonoLogger.INFO: Cron ran at: 15-07-2026 09:13:10 PM [] []
[2026-07-15 21:13:22] SlimMonoLogger.INFO: Cron ran at: 15-07-2026 09:13:22 PM [] []
[2026-07-15 21:13:23] SlimMonoLogger.INFO: Cron ran at: 15-07-2026 09:13:23 PM [] []
[2026-07-15 21:13:31] SlimMonoLogger.INFO: Cron ran at: 15-07-2026 09:13:31 PM [] []
[2026-07-15 21:13:40] SlimMonoLogger.INFO: Cron ran at: 15-07-2026 09:13:40 PM [] []
[2026-07-15 21:14:13] SlimMonoLogger.INFO: Cron ran at: 15-07-2026 09:14:13 PM [] []
[2026-07-15 21:14:24] SlimMonoLogger.INFO: Cron ran at: 15-07-2026 09:14:24 PM [] []
[2026-07-15 21:14:34] SlimMonoLogger.INFO: Cron ran at: 15-07-2026 09:14:34 PM [] []
[2026-07-15 21:14:47] SlimMonoLogger.INFO: Cron ran at: 15-07-2026 09:14:47 PM [] []
[2026-07-15 21:15:08] SlimMonoLogger.INFO: Cron ran at: 15-07-2026 09:15:08 PM [] []
[2026-07-15 21:15:31] SlimMonoLogger.INFO: Cron ran at: 15-07-2026 09:15:31 PM [] []
[2026-07-15 21:15:54] SlimMonoLogger.INFO: Cron ran at: 15-07-2026 09:15:54 PM [] []
[2026-07-15 21:16:05] SlimMonoLogger.INFO: Cron ran at: 15-07-2026 09:16:05 PM [] []
[2026-07-15 21:16:14] SlimMonoLogger.INFO: Cron ran at: 15-07-2026 09:16:14 PM [] []
[2026-07-15 21:16:33] SlimMonoLogger.INFO: Cron ran at: 15-07-2026 09:16:33 PM [] []
[2026-07-15 21:16:46] SlimMonoLogger.INFO: Cron ran at: 15-07-2026 09:16:46 PM [] []
[2026-07-15 21:17:21] SlimMonoLogger.INFO: Cron ran at: 15-07-2026 09:17:21 PM [] []
[2026-07-15 21:17:30] SlimMonoLogger.INFO: Cron ran at: 15-07-2026 09:17:30 PM [] []
[2026-07-15 21:17:30] SlimMonoLogger.INFO: Cron ran at: 15-07-2026 09:17:30 PM [] []
[2026-07-15 21:17:43] SlimMonoLogger.INFO: Cron ran at: 15-07-2026 09:17:43 PM [] []
[2026-07-15 21:17:46] SlimMonoLogger.INFO: Cron ran at: 15-07-2026 09:17:46 PM [] []
[2026-07-15 21:18:26] SlimMonoLogger.INFO: Cron ran at: 15-07-2026 09:18:26 PM [] []
[2026-07-15 21:18:26] SlimMonoLogger.INFO: Cron ran at: 15-07-2026 09:18:26 PM [] []
[2026-07-15 21:18:36] SlimMonoLogger.INFO: Cron ran at: 15-07-2026 09:18:36 PM [] []
[2026-07-15 21:18:41] SlimMonoLogger.INFO: Cron ran at: 15-07-2026 09:18:41 PM [] []
[2026-07-15 21:19:17] SlimMonoLogger.INFO: Cron ran at: 15-07-2026 09:19:17 PM [] []
[2026-07-15 21:19:21] SlimMonoLogger.INFO: Cron ran at: 15-07-2026 09:19:21 PM [] []
[2026-07-15 21:19:28] SlimMonoLogger.INFO: Cron ran at: 15-07-2026 09:19:28 PM [] []
[2026-07-15 21:19:33] SlimMonoLogger.INFO: Cron ran at: 15-07-2026 09:19:33 PM [] []
[2026-07-15 21:20:10] SlimMonoLogger.INFO: Cron ran at: 15-07-2026 09:20:10 PM [] []
[2026-07-15 21:20:25] SlimMonoLogger.INFO: Cron ran at: 15-07-2026 09:20:25 PM [] []
[2026-07-15 21:20:27] SlimMonoLogger.ERROR: Requests_Exception: cURL error 56: Recv failure: Connection reset by peer in /home/latihtal/public_html/agregator1/src/vendor/rmccue/requests/library/Requests/Transport/cURL.php:422
Stack trace:
#0 /home/latihtal/public_html/agregator1/src/vendor/rmccue/requests/library/Requests/Transport/cURL.php(177): Requests_Transport_cURL->process_response()
#1 /home/latihtal/public_html/agregator1/src/vendor/rmccue/requests/library/Requests.php(379): Requests_Transport_cURL->request()
#2 /home/latihtal/public_html/agregator1/src/vendor/rmccue/requests/library/Requests/Session.php(205): Requests::request()
#3 /home/latihtal/public_html/agregator1/src/vendor/rmccue/requests/library/Requests/Session.php(132): Requests_Session->request()
#4 /home/latihtal/public_html/agregator1/src/drivers/Http/RssImporter.php(144): Requests_Session->get()
#5 /home/latihtal/public_html/agregator1/src/controllers/Dashboard/DashboardFeedsController.php(534): spark\drivers\Http\RssImporter->fetchPosts()
#6 /home/latihtal/public_html/agregator1/src/controllers/Site/SiteController.php(722): spark\controllers\Dashboard\DashboardFeedsController::importFeedPosts()
#7 [internal function]: spark\controllers\Site\SiteController->runTasks()
#8 /home/latihtal/public_html/agregator1/src/framework/Route.php(173): call_user_func_array()
#9 [internal function]: Slim\Route->Slim\{closure}()
#10 /home/latihtal/public_html/agregator1/src/framework/Route.php(468): call_user_func_array()
#11 /home/latihtal/public_html/agregator1/src/framework/Slim.php(1364): Slim\Route->dispatch()
#12 /home/latihtal/public_html/agregator1/src/framework/Middleware/Flash.php(85): Slim\Slim->call()
#13 /home/latihtal/public_html/agregator1/src/framework/Middleware/MethodOverride.php(92): Slim\Middleware\Flash->call()
#14 /home/latihtal/public_html/agregator1/src/middlewares/CsrfGuard/CsrfGuard.php(47): Slim\Middleware\MethodOverride->call()
#15 /home/latihtal/public_html/agregator1/src/framework/Middleware/PrettyExceptions.php(67): spark\middlewares\CsrfGuard\CsrfGuard->call()
#16 /home/latihtal/public_html/agregator1/src/framework/Slim.php(1308): Slim\Middleware\PrettyExceptions->call()
#17 /home/latihtal/public_html/agregator1/index.php(6): Slim\Slim->run()
#18 {main} [] []
[2026-07-15 21:20:53] SlimMonoLogger.INFO: Cron ran at: 15-07-2026 09:20:53 PM [] []
[2026-07-15 21:21:20] SlimMonoLogger.INFO: Cron ran at: 15-07-2026 09:21:20 PM [] []
[2026-07-15 21:21:48] SlimMonoLogger.INFO: Cron ran at: 15-07-2026 09:21:48 PM [] []
[2026-07-15 21:22:13] SlimMonoLogger.INFO: Cron ran at: 15-07-2026 09:22:13 PM [] []
[2026-07-15 21:22:17] SlimMonoLogger.INFO: Cron ran at: 15-07-2026 09:22:17 PM [] []
[2026-07-15 21:22:22] SlimMonoLogger.INFO: Cron ran at: 15-07-2026 09:22:22 PM [] []
[2026-07-15 21:22:40] SlimMonoLogger.INFO: Cron ran at: 15-07-2026 09:22:40 PM [] []
[2026-07-15 21:22:42] SlimMonoLogger.INFO: Cron ran at: 15-07-2026 09:22:42 PM [] []
[2026-07-15 21:22:46] SlimMonoLogger.INFO: Cron ran at: 15-07-2026 09:22:46 PM [] []
[2026-07-15 21:23:02] SlimMonoLogger.INFO: Cron ran at: 15-07-2026 09:23:02 PM [] []
[2026-07-15 21:23:38] SlimMonoLogger.INFO: Cron ran at: 15-07-2026 09:23:38 PM [] []
[2026-07-15 21:23:46] SlimMonoLogger.INFO: Cron ran at: 15-07-2026 09:23:46 PM [] []
[2026-07-15 21:23:51] SlimMonoLogger.INFO: Cron ran at: 15-07-2026 09:23:51 PM [] []
[2026-07-15 21:23:58] SlimMonoLogger.INFO: Cron ran at: 15-07-2026 09:23:58 PM [] []
[2026-07-15 21:24:13] SlimMonoLogger.INFO: Cron ran at: 15-07-2026 09:24:13 PM [] []
[2026-07-15 21:24:26] SlimMonoLogger.INFO: Cron ran at: 15-07-2026 09:24:26 PM [] []
[2026-07-15 21:24:39] SlimMonoLogger.INFO: Cron ran at: 15-07-2026 09:24:39 PM [] []
[2026-07-15 21:24:59] SlimMonoLogger.INFO: Cron ran at: 15-07-2026 09:24:59 PM [] []
[2026-07-15 21:25:06] SlimMonoLogger.INFO: Cron ran at: 15-07-2026 09:25:06 PM [] []
[2026-07-15 21:25:25] SlimMonoLogger.INFO: Cron ran at: 15-07-2026 09:25:25 PM [] []
[2026-07-15 21:26:05] SlimMonoLogger.INFO: Cron ran at: 15-07-2026 09:26:05 PM [] []
[2026-07-15 21:26:10] SlimMonoLogger.INFO: Cron ran at: 15-07-2026 09:26:10 PM [] []
[2026-07-15 21:26:42] SlimMonoLogger.INFO: Cron ran at: 15-07-2026 09:26:42 PM [] []
[2026-07-15 21:26:47] SlimMonoLogger.INFO: Cron ran at: 15-07-2026 09:26:47 PM [] []
[2026-07-15 21:27:02] SlimMonoLogger.INFO: Cron ran at: 15-07-2026 09:27:02 PM [] []
[2026-07-15 21:27:11] SlimMonoLogger.INFO: Cron ran at: 15-07-2026 09:27:11 PM [] []
[2026-07-15 21:27:34] SlimMonoLogger.INFO: Cron ran at: 15-07-2026 09:27:34 PM [] []
[2026-07-15 21:28:00] SlimMonoLogger.INFO: Cron ran at: 15-07-2026 09:28:00 PM [] []
[2026-07-15 21:28:08] SlimMonoLogger.INFO: Cron ran at: 15-07-2026 09:28:08 PM [] []
[2026-07-15 21:28:11] SlimMonoLogger.INFO: Cron ran at: 15-07-2026 09:28:11 PM [] []
[2026-07-15 21:28:22] SlimMonoLogger.INFO: Cron ran at: 15-07-2026 09:28:22 PM [] []
[2026-07-15 21:29:00] SlimMonoLogger.INFO: Cron ran at: 15-07-2026 09:29:00 PM [] []
[2026-07-15 21:29:05] SlimMonoLogger.INFO: Cron ran at: 15-07-2026 09:29:05 PM [] []
[2026-07-15 21:29:05] SlimMonoLogger.INFO: Cron ran at: 15-07-2026 09:29:05 PM [] []
[2026-07-15 21:29:18] SlimMonoLogger.INFO: Cron ran at: 15-07-2026 09:29:18 PM [] []
[2026-07-15 21:29:51] SlimMonoLogger.INFO: Cron ran at: 15-07-2026 09:29:51 PM [] []
[2026-07-15 21:30:02] SlimMonoLogger.INFO: Cron ran at: 15-07-2026 09:30:02 PM [] []
[2026-07-15 21:30:12] SlimMonoLogger.INFO: Cron ran at: 15-07-2026 09:30:12 PM [] []
[2026-07-15 21:30:12] SlimMonoLogger.INFO: Cron ran at: 15-07-2026 09:30:12 PM [] []
[2026-07-15 21:30:51] SlimMonoLogger.INFO: Cron ran at: 15-07-2026 09:30:51 PM [] []
[2026-07-15 21:31:03] SlimMonoLogger.INFO: Cron ran at: 15-07-2026 09:31:03 PM [] []
[2026-07-15 21:31:03] SlimMonoLogger.INFO: Cron ran at: 15-07-2026 09:31:03 PM [] []
[2026-07-15 21:31:04] SlimMonoLogger.INFO: Cron ran at: 15-07-2026 09:31:04 PM [] []
[2026-07-15 21:31:55] SlimMonoLogger.INFO: Cron ran at: 15-07-2026 09:31:55 PM [] []
[2026-07-15 21:32:04] SlimMonoLogger.INFO: Cron ran at: 15-07-2026 09:32:04 PM [] []
[2026-07-15 21:32:09] SlimMonoLogger.INFO: Cron ran at: 15-07-2026 09:32:09 PM [] []
[2026-07-15 21:32:31] SlimMonoLogger.INFO: Cron ran at: 15-07-2026 09:32:31 PM [] []
[2026-07-15 21:33:04] SlimMonoLogger.INFO: Cron ran at: 15-07-2026 09:33:04 PM [] []
[2026-07-15 21:33:06] SlimMonoLogger.INFO: Cron ran at: 15-07-2026 09:33:06 PM [] []
[2026-07-15 21:33:22] SlimMonoLogger.INFO: Cron ran at: 15-07-2026 09:33:22 PM [] []
[2026-07-15 21:33:30] SlimMonoLogger.INFO: Cron ran at: 15-07-2026 09:33:30 PM [] []
[2026-07-15 21:33:42] SlimMonoLogger.INFO: Cron ran at: 15-07-2026 09:33:42 PM [] []
[2026-07-15 21:34:04] SlimMonoLogger.INFO: Cron ran at: 15-07-2026 09:34:04 PM [] []
[2026-07-15 21:34:08] SlimMonoLogger.INFO: Cron ran at: 15-07-2026 09:34:08 PM [] []
[2026-07-15 21:34:33] SlimMonoLogger.INFO: Cron ran at: 15-07-2026 09:34:33 PM [] []
[2026-07-15 21:34:55] SlimMonoLogger.INFO: Cron ran at: 15-07-2026 09:34:55 PM [] []
[2026-07-15 21:35:05] SlimMonoLogger.INFO: Cron ran at: 15-07-2026 09:35:05 PM [] []
[2026-07-15 21:35:06] SlimMonoLogger.INFO: Cron ran at: 15-07-2026 09:35:06 PM [] []
[2026-07-15 21:35:31] SlimMonoLogger.INFO: Cron ran at: 15-07-2026 09:35:31 PM [] []
[2026-07-15 21:35:41] SlimMonoLogger.INFO: Cron ran at: 15-07-2026 09:35:41 PM [] []
[2026-07-15 21:35:52] SlimMonoLogger.INFO: Cron ran at: 15-07-2026 09:35:52 PM [] []
[2026-07-15 21:36:04] SlimMonoLogger.INFO: Cron ran at: 15-07-2026 09:36:04 PM [] []
[2026-07-15 21:36:18] SlimMonoLogger.INFO: Cron ran at: 15-07-2026 09:36:18 PM [] []
[2026-07-15 21:36:34] SlimMonoLogger.INFO: Cron ran at: 15-07-2026 09:36:34 PM [] []
[2026-07-15 21:37:12] SlimMonoLogger.INFO: Cron ran at: 15-07-2026 09:37:12 PM [] []
[2026-07-15 21:37:23] SlimMonoLogger.INFO: Cron ran at: 15-07-2026 09:37:23 PM [] []
[2026-07-15 21:37:44] SlimMonoLogger.INFO: Cron ran at: 15-07-2026 09:37:44 PM [] []
[2026-07-15 21:37:52] SlimMonoLogger.INFO: Cron ran at: 15-07-2026 09:37:52 PM [] []
[2026-07-15 21:38:01] SlimMonoLogger.INFO: Cron ran at: 15-07-2026 09:38:01 PM [] []
[2026-07-15 21:38:04] SlimMonoLogger.INFO: Cron ran at: 15-07-2026 09:38:04 PM [] []
[2026-07-15 21:38:24] SlimMonoLogger.INFO: Cron ran at: 15-07-2026 09:38:24 PM [] []
[2026-07-15 21:38:30] SlimMonoLogger.INFO: Cron ran at: 15-07-2026 09:38:30 PM [] []
[2026-07-15 21:38:47] SlimMonoLogger.INFO: Cron ran at: 15-07-2026 09:38:47 PM [] []
[2026-07-15 21:38:56] SlimMonoLogger.INFO: Cron ran at: 15-07-2026 09:38:56 PM [] []
[2026-07-15 21:39:03] SlimMonoLogger.INFO: Cron ran at: 15-07-2026 09:39:03 PM [] []
[2026-07-15 21:39:35] SlimMonoLogger.INFO: Cron ran at: 15-07-2026 09:39:35 PM [] []
[2026-07-15 21:39:40] SlimMonoLogger.INFO: Cron ran at: 15-07-2026 09:39:40 PM [] []
[2026-07-15 21:40:04] SlimMonoLogger.INFO: Cron ran at: 15-07-2026 09:40:04 PM [] []
[2026-07-15 21:40:07] SlimMonoLogger.INFO: Cron ran at: 15-07-2026 09:40:07 PM [] []
[2026-07-15 21:40:33] SlimMonoLogger.INFO: Cron ran at: 15-07-2026 09:40:33 PM [] []
[2026-07-15 21:40:34] SlimMonoLogger.INFO: Cron ran at: 15-07-2026 09:40:34 PM [] []
[2026-07-15 21:40:56] SlimMonoLogger.INFO: Cron ran at: 15-07-2026 09:40:56 PM [] []
[2026-07-15 21:41:27] SlimMonoLogger.INFO: Cron ran at: 15-07-2026 09:41:27 PM [] []
[2026-07-15 21:41:55] SlimMonoLogger.INFO: Cron ran at: 15-07-2026 09:41:55 PM [] []
[2026-07-15 21:42:09] SlimMonoLogger.INFO: Cron ran at: 15-07-2026 09:42:09 PM [] []
[2026-07-15 21:42:20] SlimMonoLogger.INFO: Cron ran at: 15-07-2026 09:42:20 PM [] []
[2026-07-15 21:42:22] SlimMonoLogger.INFO: Cron ran at: 15-07-2026 09:42:22 PM [] []
[2026-07-15 21:42:55] SlimMonoLogger.INFO: Cron ran at: 15-07-2026 09:42:55 PM [] []
[2026-07-15 21:43:00] SlimMonoLogger.INFO: Cron ran at: 15-07-2026 09:43:00 PM [] []
[2026-07-15 21:43:06] SlimMonoLogger.INFO: Cron ran at: 15-07-2026 09:43:06 PM [] []
[2026-07-15 21:43:20] SlimMonoLogger.INFO: Cron ran at: 15-07-2026 09:43:20 PM [] []
[2026-07-15 21:43:29] SlimMonoLogger.INFO: Cron ran at: 15-07-2026 09:43:29 PM [] []
[2026-07-15 21:43:52] SlimMonoLogger.INFO: Cron ran at: 15-07-2026 09:43:52 PM [] []
[2026-07-15 21:43:56] SlimMonoLogger.INFO: Cron ran at: 15-07-2026 09:43:56 PM [] []
[2026-07-15 21:44:18] SlimMonoLogger.INFO: Cron ran at: 15-07-2026 09:44:18 PM [] []
[2026-07-15 21:44:47] SlimMonoLogger.INFO: Cron ran at: 15-07-2026 09:44:47 PM [] []
[2026-07-15 21:44:50] SlimMonoLogger.INFO: Cron ran at: 15-07-2026 09:44:50 PM [] []
[2026-07-15 21:45:10] SlimMonoLogger.INFO: Cron ran at: 15-07-2026 09:45:10 PM [] []
[2026-07-15 21:45:40] SlimMonoLogger.INFO: Cron ran at: 15-07-2026 09:45:40 PM [] []
[2026-07-15 21:45:57] SlimMonoLogger.INFO: Cron ran at: 15-07-2026 09:45:57 PM [] []
[2026-07-15 21:46:15] SlimMonoLogger.INFO: Cron ran at: 15-07-2026 09:46:15 PM [] []
[2026-07-15 21:46:29] SlimMonoLogger.INFO: Cron ran at: 15-07-2026 09:46:29 PM [] []
[2026-07-15 21:46:35] SlimMonoLogger.INFO: Cron ran at: 15-07-2026 09:46:35 PM [] []
[2026-07-15 21:46:45] SlimMonoLogger.INFO: Cron ran at: 15-07-2026 09:46:45 PM [] []
[2026-07-15 21:46:59] SlimMonoLogger.INFO: Cron ran at: 15-07-2026 09:46:59 PM [] []
[2026-07-15 21:47:02] SlimMonoLogger.INFO: Cron ran at: 15-07-2026 09:47:02 PM [] []
[2026-07-15 21:47:28] SlimMonoLogger.INFO: Cron ran at: 15-07-2026 09:47:28 PM [] []
[2026-07-15 21:48:02] SlimMonoLogger.INFO: Cron ran at: 15-07-2026 09:48:02 PM [] []
[2026-07-15 21:48:18] SlimMonoLogger.INFO: Cron ran at: 15-07-2026 09:48:18 PM [] []
[2026-07-15 21:48:24] SlimMonoLogger.INFO: Cron ran at: 15-07-2026 09:48:24 PM [] []
[2026-07-15 21:48:27] SlimMonoLogger.INFO: Cron ran at: 15-07-2026 09:48:27 PM [] []
[2026-07-15 21:48:46] SlimMonoLogger.INFO: Cron ran at: 15-07-2026 09:48:46 PM [] []
[2026-07-15 21:49:01] SlimMonoLogger.INFO: Cron ran at: 15-07-2026 09:49:01 PM [] []
[2026-07-15 21:49:36] SlimMonoLogger.INFO: Cron ran at: 15-07-2026 09:49:36 PM [] []
[2026-07-15 21:49:38] SlimMonoLogger.INFO: Cron ran at: 15-07-2026 09:49:38 PM [] []
[2026-07-15 21:49:46] SlimMonoLogger.INFO: Cron ran at: 15-07-2026 09:49:46 PM [] []
[2026-07-15 21:49:52] SlimMonoLogger.INFO: Cron ran at: 15-07-2026 09:49:52 PM [] []
[2026-07-15 21:50:20] SlimMonoLogger.INFO: Cron ran at: 15-07-2026 09:50:20 PM [] []
[2026-07-15 21:50:34] SlimMonoLogger.INFO: Cron ran at: 15-07-2026 09:50:34 PM [] []
[2026-07-15 21:51:12] SlimMonoLogger.INFO: Cron ran at: 15-07-2026 09:51:12 PM [] []
[2026-07-15 21:51:16] SlimMonoLogger.INFO: Cron ran at: 15-07-2026 09:51:16 PM [] []
[2026-07-15 21:51:20] SlimMonoLogger.INFO: Cron ran at: 15-07-2026 09:51:20 PM [] []
[2026-07-15 21:51:33] SlimMonoLogger.INFO: Cron ran at: 15-07-2026 09:51:33 PM [] []
[2026-07-15 21:52:12] SlimMonoLogger.INFO: Cron ran at: 15-07-2026 09:52:12 PM [] []
[2026-07-15 21:52:21] SlimMonoLogger.INFO: Cron ran at: 15-07-2026 09:52:21 PM [] []
[2026-07-15 21:52:36] SlimMonoLogger.INFO: Cron ran at: 15-07-2026 09:52:36 PM [] []
[2026-07-15 21:52:46] SlimMonoLogger.INFO: Cron ran at: 15-07-2026 09:52:46 PM [] []
[2026-07-15 21:53:08] SlimMonoLogger.INFO: Cron ran at: 15-07-2026 09:53:08 PM [] []
[2026-07-15 21:53:11] SlimMonoLogger.INFO: Cron ran at: 15-07-2026 09:53:11 PM [] []
[2026-07-15 21:53:20] SlimMonoLogger.INFO: Cron ran at: 15-07-2026 09:53:20 PM [] []
[2026-07-15 21:53:20] SlimMonoLogger.INFO: Cron ran at: 15-07-2026 09:53:20 PM [] []
[2026-07-15 21:53:47] SlimMonoLogger.INFO: Cron ran at: 15-07-2026 09:53:47 PM [] []
[2026-07-15 21:54:09] SlimMonoLogger.INFO: Cron ran at: 15-07-2026 09:54:09 PM [] []
[2026-07-15 21:54:15] SlimMonoLogger.INFO: Cron ran at: 15-07-2026 09:54:15 PM [] []
[2026-07-15 21:54:30] SlimMonoLogger.INFO: Cron ran at: 15-07-2026 09:54:30 PM [] []
[2026-07-15 21:54:41] SlimMonoLogger.INFO: Cron ran at: 15-07-2026 09:54:41 PM [] []
[2026-07-15 21:55:03] SlimMonoLogger.INFO: Cron ran at: 15-07-2026 09:55:03 PM [] []
[2026-07-15 21:55:20] SlimMonoLogger.INFO: Cron ran at: 15-07-2026 09:55:20 PM [] []
[2026-07-15 21:55:25] SlimMonoLogger.INFO: Cron ran at: 15-07-2026 09:55:25 PM [] []
[2026-07-15 21:55:25] SlimMonoLogger.INFO: Cron ran at: 15-07-2026 09:55:25 PM [] []
[2026-07-15 21:55:36] SlimMonoLogger.INFO: Cron ran at: 15-07-2026 09:55:36 PM [] []
[2026-07-15 21:56:26] SlimMonoLogger.INFO: Cron ran at: 15-07-2026 09:56:26 PM [] []
[2026-07-15 21:56:28] SlimMonoLogger.INFO: Cron ran at: 15-07-2026 09:56:28 PM [] []
[2026-07-15 21:57:03] SlimMonoLogger.INFO: Cron ran at: 15-07-2026 09:57:03 PM [] []
[2026-07-15 21:57:17] SlimMonoLogger.INFO: Cron ran at: 15-07-2026 09:57:17 PM [] []
[2026-07-15 21:57:18] SlimMonoLogger.INFO: Cron ran at: 15-07-2026 09:57:18 PM [] []
[2026-07-15 21:57:21] SlimMonoLogger.INFO: Cron ran at: 15-07-2026 09:57:21 PM [] []
[2026-07-15 21:57:25] SlimMonoLogger.INFO: Cron ran at: 15-07-2026 09:57:25 PM [] []
[2026-07-15 21:57:41] SlimMonoLogger.INFO: Cron ran at: 15-07-2026 09:57:41 PM [] []
[2026-07-15 21:58:15] SlimMonoLogger.INFO: Cron ran at: 15-07-2026 09:58:15 PM [] []
[2026-07-15 21:58:21] SlimMonoLogger.INFO: Cron ran at: 15-07-2026 09:58:21 PM [] []
[2026-07-15 21:58:39] SlimMonoLogger.INFO: Cron ran at: 15-07-2026 09:58:39 PM [] []
[2026-07-15 21:58:56] SlimMonoLogger.INFO: Cron ran at: 15-07-2026 09:58:56 PM [] []
[2026-07-15 21:59:02] SlimMonoLogger.INFO: Cron ran at: 15-07-2026 09:59:02 PM [] []
[2026-07-15 21:59:19] SlimMonoLogger.INFO: Cron ran at: 15-07-2026 09:59:19 PM [] []
[2026-07-15 21:59:35] SlimMonoLogger.INFO: Cron ran at: 15-07-2026 09:59:35 PM [] []
[2026-07-15 21:59:36] SlimMonoLogger.INFO: Cron ran at: 15-07-2026 09:59:36 PM [] []
[2026-07-15 22:00:05] SlimMonoLogger.INFO: Cron ran at: 15-07-2026 10:00:05 PM [] []
[2026-07-15 22:00:13] SlimMonoLogger.INFO: Cron ran at: 15-07-2026 10:00:13 PM [] []
[2026-07-15 22:00:22] SlimMonoLogger.INFO: Cron ran at: 15-07-2026 10:00:22 PM [] []
[2026-07-15 22:00:28] SlimMonoLogger.INFO: Cron ran at: 15-07-2026 10:00:28 PM [] []
[2026-07-15 22:01:09] SlimMonoLogger.INFO: Cron ran at: 15-07-2026 10:01:09 PM [] []
[2026-07-15 22:01:23] SlimMonoLogger.INFO: Cron ran at: 15-07-2026 10:01:23 PM [] []
[2026-07-15 22:01:23] SlimMonoLogger.INFO: Cron ran at: 15-07-2026 10:01:23 PM [] []
[2026-07-15 22:01:37] SlimMonoLogger.ERROR: Requests_Exception: cURL error 56: Recv failure: Connection reset by peer in /home/latihtal/public_html/agregator1/src/vendor/rmccue/requests/library/Requests/Transport/cURL.php:422
Stack trace:
#0 /home/latihtal/public_html/agregator1/src/vendor/rmccue/requests/library/Requests/Transport/cURL.php(177): Requests_Transport_cURL->process_response()
#1 /home/latihtal/public_html/agregator1/src/vendor/rmccue/requests/library/Requests.php(379): Requests_Transport_cURL->request()
#2 /home/latihtal/public_html/agregator1/src/vendor/rmccue/requests/library/Requests/Session.php(205): Requests::request()
#3 /home/latihtal/public_html/agregator1/src/vendor/rmccue/requests/library/Requests/Session.php(132): Requests_Session->request()
#4 /home/latihtal/public_html/agregator1/src/drivers/Http/RssImporter.php(144): Requests_Session->get()
#5 /home/latihtal/public_html/agregator1/src/controllers/Dashboard/DashboardFeedsController.php(534): spark\drivers\Http\RssImporter->fetchPosts()
#6 /home/latihtal/public_html/agregator1/src/controllers/Site/SiteController.php(722): spark\controllers\Dashboard\DashboardFeedsController::importFeedPosts()
#7 [internal function]: spark\controllers\Site\SiteController->runTasks()
#8 /home/latihtal/public_html/agregator1/src/framework/Route.php(173): call_user_func_array()
#9 [internal function]: Slim\Route->Slim\{closure}()
#10 /home/latihtal/public_html/agregator1/src/framework/Route.php(468): call_user_func_array()
#11 /home/latihtal/public_html/agregator1/src/framework/Slim.php(1364): Slim\Route->dispatch()
#12 /home/latihtal/public_html/agregator1/src/framework/Middleware/Flash.php(85): Slim\Slim->call()
#13 /home/latihtal/public_html/agregator1/src/framework/Middleware/MethodOverride.php(92): Slim\Middleware\Flash->call()
#14 /home/latihtal/public_html/agregator1/src/middlewares/CsrfGuard/CsrfGuard.php(47): Slim\Middleware\MethodOverride->call()
#15 /home/latihtal/public_html/agregator1/src/framework/Middleware/PrettyExceptions.php(67): spark\middlewares\CsrfGuard\CsrfGuard->call()
#16 /home/latihtal/public_html/agregator1/src/framework/Slim.php(1308): Slim\Middleware\PrettyExceptions->call()
#17 /home/latihtal/public_html/agregator1/index.php(6): Slim\Slim->run()
#18 {main} [] []
[2026-07-15 22:02:20] SlimMonoLogger.INFO: Cron ran at: 15-07-2026 10:02:20 PM [] []
[2026-07-15 22:02:21] SlimMonoLogger.INFO: Cron ran at: 15-07-2026 10:02:21 PM [] []
[2026-07-15 22:02:22] SlimMonoLogger.INFO: Cron ran at: 15-07-2026 10:02:22 PM [] []
[2026-07-15 22:02:38] SlimMonoLogger.INFO: Cron ran at: 15-07-2026 10:02:38 PM [] []
[2026-07-15 22:02:45] SlimMonoLogger.INFO: Cron ran at: 15-07-2026 10:02:45 PM [] []
[2026-07-15 22:03:03] SlimMonoLogger.INFO: Cron ran at: 15-07-2026 10:03:03 PM [] []
[2026-07-15 22:03:17] SlimMonoLogger.INFO: Cron ran at: 15-07-2026 10:03:17 PM [] []
[2026-07-15 22:03:30] SlimMonoLogger.INFO: Cron ran at: 15-07-2026 10:03:30 PM [] []
[2026-07-15 22:03:41] SlimMonoLogger.INFO: Cron ran at: 15-07-2026 10:03:41 PM [] []
[2026-07-15 22:03:52] SlimMonoLogger.INFO: Cron ran at: 15-07-2026 10:03:52 PM [] []
[2026-07-15 22:04:24] SlimMonoLogger.INFO: Cron ran at: 15-07-2026 10:04:24 PM [] []
[2026-07-15 22:04:31] SlimMonoLogger.INFO: Cron ran at: 15-07-2026 10:04:31 PM [] []
[2026-07-15 22:04:46] SlimMonoLogger.INFO: Cron ran at: 15-07-2026 10:04:46 PM [] []
[2026-07-15 22:04:51] SlimMonoLogger.INFO: Cron ran at: 15-07-2026 10:04:51 PM [] []
[2026-07-15 22:05:22] SlimMonoLogger.INFO: Cron ran at: 15-07-2026 10:05:22 PM [] []
[2026-07-15 22:05:25] SlimMonoLogger.INFO: Cron ran at: 15-07-2026 10:05:25 PM [] []
[2026-07-15 22:05:46] SlimMonoLogger.INFO: Cron ran at: 15-07-2026 10:05:46 PM [] []
[2026-07-15 22:06:13] SlimMonoLogger.INFO: Cron ran at: 15-07-2026 10:06:13 PM [] []
[2026-07-15 22:06:23] SlimMonoLogger.INFO: Cron ran at: 15-07-2026 10:06:23 PM [] []
[2026-07-15 22:06:24] SlimMonoLogger.INFO: Cron ran at: 15-07-2026 10:06:24 PM [] []
[2026-07-15 22:06:32] SlimMonoLogger.INFO: Cron ran at: 15-07-2026 10:06:32 PM [] []
[2026-07-15 22:06:40] SlimMonoLogger.INFO: Cron ran at: 15-07-2026 10:06:40 PM [] []
[2026-07-15 22:07:13] SlimMonoLogger.INFO: Cron ran at: 15-07-2026 10:07:13 PM [] []
[2026-07-15 22:07:28] SlimMonoLogger.INFO: Cron ran at: 15-07-2026 10:07:28 PM [] []
[2026-07-15 22:07:29] SlimMonoLogger.INFO: Cron ran at: 15-07-2026 10:07:29 PM [] []
[2026-07-15 22:07:42] SlimMonoLogger.INFO: Cron ran at: 15-07-2026 10:07:42 PM [] []
[2026-07-15 22:08:27] SlimMonoLogger.INFO: Cron ran at: 15-07-2026 10:08:27 PM [] []
[2026-07-15 22:08:35] SlimMonoLogger.INFO: Cron ran at: 15-07-2026 10:08:35 PM [] []
[2026-07-15 22:09:08] SlimMonoLogger.INFO: Cron ran at: 15-07-2026 10:09:08 PM [] []
[2026-07-15 22:09:10] SlimMonoLogger.INFO: Cron ran at: 15-07-2026 10:09:10 PM [] []
[2026-07-15 22:09:17] SlimMonoLogger.INFO: Cron ran at: 15-07-2026 10:09:17 PM [] []
[2026-07-15 22:09:25] SlimMonoLogger.INFO: Cron ran at: 15-07-2026 10:09:25 PM [] []
[2026-07-15 22:09:25] SlimMonoLogger.INFO: Cron ran at: 15-07-2026 10:09:25 PM [] []
[2026-07-15 22:09:54] SlimMonoLogger.INFO: Cron ran at: 15-07-2026 10:09:54 PM [] []
[2026-07-15 22:10:05] SlimMonoLogger.INFO: Cron ran at: 15-07-2026 10:10:05 PM [] []
[2026-07-15 22:10:27] SlimMonoLogger.INFO: Cron ran at: 15-07-2026 10:10:27 PM [] []
[2026-07-15 22:10:32] SlimMonoLogger.INFO: Cron ran at: 15-07-2026 10:10:32 PM [] []
[2026-07-15 22:10:48] SlimMonoLogger.INFO: Cron ran at: 15-07-2026 10:10:48 PM [] []
[2026-07-15 22:11:16] SlimMonoLogger.INFO: Cron ran at: 15-07-2026 10:11:16 PM [] []
[2026-07-15 22:11:41] SlimMonoLogger.INFO: Cron ran at: 15-07-2026 10:11:41 PM [] []
[2026-07-15 22:12:12] SlimMonoLogger.INFO: Cron ran at: 15-07-2026 10:12:12 PM [] []
[2026-07-15 22:12:26] SlimMonoLogger.INFO: Cron ran at: 15-07-2026 10:12:26 PM [] []
[2026-07-15 22:12:39] SlimMonoLogger.INFO: Cron ran at: 15-07-2026 10:12:39 PM [] []
[2026-07-15 22:12:42] SlimMonoLogger.INFO: Cron ran at: 15-07-2026 10:12:42 PM [] []
[2026-07-15 22:12:50] SlimMonoLogger.INFO: Cron ran at: 15-07-2026 10:12:50 PM [] []
[2026-07-15 22:13:00] SlimMonoLogger.INFO: Cron ran at: 15-07-2026 10:13:00 PM [] []
[2026-07-15 22:13:21] SlimMonoLogger.INFO: Cron ran at: 15-07-2026 10:13:21 PM [] []
[2026-07-15 22:13:49] SlimMonoLogger.INFO: Cron ran at: 15-07-2026 10:13:49 PM [] []
[2026-07-15 22:13:51] SlimMonoLogger.INFO: Cron ran at: 15-07-2026 10:13:51 PM [] []
[2026-07-15 22:13:52] SlimMonoLogger.INFO: Cron ran at: 15-07-2026 10:13:52 PM [] []
[2026-07-15 22:13:53] SlimMonoLogger.INFO: Cron ran at: 15-07-2026 10:13:53 PM [] []
[2026-07-15 22:14:27] SlimMonoLogger.INFO: Cron ran at: 15-07-2026 10:14:27 PM [] []
[2026-07-15 22:14:39] SlimMonoLogger.INFO: Cron ran at: 15-07-2026 10:14:39 PM [] []
[2026-07-15 22:14:40] SlimMonoLogger.INFO: Cron ran at: 15-07-2026 10:14:40 PM [] []
[2026-07-15 22:14:42] SlimMonoLogger.INFO: Cron ran at: 15-07-2026 10:14:42 PM [] []
[2026-07-15 22:15:36] SlimMonoLogger.INFO: Cron ran at: 15-07-2026 10:15:36 PM [] []
[2026-07-15 22:15:40] SlimMonoLogger.INFO: Cron ran at: 15-07-2026 10:15:40 PM [] []
[2026-07-15 22:15:59] SlimMonoLogger.INFO: Cron ran at: 15-07-2026 10:15:59 PM [] []
[2026-07-15 22:16:47] SlimMonoLogger.INFO: Cron ran at: 15-07-2026 10:16:47 PM [] []
[2026-07-15 22:17:00] SlimMonoLogger.INFO: Cron ran at: 15-07-2026 10:17:00 PM [] []
[2026-07-15 22:17:00] SlimMonoLogger.INFO: Cron ran at: 15-07-2026 10:17:00 PM [] []
[2026-07-15 22:17:31] SlimMonoLogger.INFO: Cron ran at: 15-07-2026 10:17:31 PM [] []
[2026-07-15 22:17:35] SlimMonoLogger.INFO: Cron ran at: 15-07-2026 10:17:35 PM [] []
[2026-07-15 22:17:43] SlimMonoLogger.INFO: Cron ran at: 15-07-2026 10:17:43 PM [] []
[2026-07-15 22:17:54] SlimMonoLogger.INFO: Cron ran at: 15-07-2026 10:17:54 PM [] []
[2026-07-15 22:18:24] SlimMonoLogger.INFO: Cron ran at: 15-07-2026 10:18:24 PM [] []
[2026-07-15 22:18:26] SlimMonoLogger.INFO: Cron ran at: 15-07-2026 10:18:26 PM [] []
[2026-07-15 22:18:36] SlimMonoLogger.INFO: Cron ran at: 15-07-2026 10:18:36 PM [] []
[2026-07-15 22:18:55] SlimMonoLogger.INFO: Cron ran at: 15-07-2026 10:18:55 PM [] []
[2026-07-15 22:19:10] SlimMonoLogger.INFO: Cron ran at: 15-07-2026 10:19:10 PM [] []
[2026-07-15 22:19:31] SlimMonoLogger.INFO: Cron ran at: 15-07-2026 10:19:31 PM [] []
[2026-07-15 22:19:32] SlimMonoLogger.INFO: Cron ran at: 15-07-2026 10:19:32 PM [] []
[2026-07-15 22:19:33] SlimMonoLogger.INFO: Cron ran at: 15-07-2026 10:19:33 PM [] []
[2026-07-15 22:19:40] SlimMonoLogger.INFO: Cron ran at: 15-07-2026 10:19:40 PM [] []
[2026-07-15 22:20:20] SlimMonoLogger.INFO: Cron ran at: 15-07-2026 10:20:20 PM [] []
[2026-07-15 22:20:22] SlimMonoLogger.INFO: Cron ran at: 15-07-2026 10:20:22 PM [] []
[2026-07-15 22:20:24] SlimMonoLogger.INFO: Cron ran at: 15-07-2026 10:20:24 PM [] []
[2026-07-15 22:21:11] SlimMonoLogger.INFO: Cron ran at: 15-07-2026 10:21:11 PM [] []
[2026-07-15 22:21:16] SlimMonoLogger.INFO: Cron ran at: 15-07-2026 10:21:16 PM [] []
[2026-07-15 22:21:21] SlimMonoLogger.INFO: Cron ran at: 15-07-2026 10:21:21 PM [] []
[2026-07-15 22:21:33] SlimMonoLogger.INFO: Cron ran at: 15-07-2026 10:21:33 PM [] []
[2026-07-15 22:22:23] SlimMonoLogger.INFO: Cron ran at: 15-07-2026 10:22:23 PM [] []
[2026-07-15 22:22:25] SlimMonoLogger.INFO: Cron ran at: 15-07-2026 10:22:25 PM [] []
[2026-07-15 22:22:45] SlimMonoLogger.INFO: Cron ran at: 15-07-2026 10:22:45 PM [] []
[2026-07-15 22:22:58] SlimMonoLogger.INFO: Cron ran at: 15-07-2026 10:22:58 PM [] []
[2026-07-15 22:23:21] SlimMonoLogger.INFO: Cron ran at: 15-07-2026 10:23:21 PM [] []
[2026-07-15 22:23:21] SlimMonoLogger.INFO: Cron ran at: 15-07-2026 10:23:21 PM [] []
[2026-07-15 22:23:34] SlimMonoLogger.INFO: Cron ran at: 15-07-2026 10:23:34 PM [] []
[2026-07-15 22:23:36] SlimMonoLogger.INFO: Cron ran at: 15-07-2026 10:23:36 PM [] []
[2026-07-15 22:23:46] SlimMonoLogger.INFO: Cron ran at: 15-07-2026 10:23:46 PM [] []
[2026-07-15 22:24:15] SlimMonoLogger.INFO: Cron ran at: 15-07-2026 10:24:15 PM [] []
[2026-07-15 22:24:15] SlimMonoLogger.INFO: Cron ran at: 15-07-2026 10:24:15 PM [] []
[2026-07-15 22:24:20] SlimMonoLogger.INFO: Cron ran at: 15-07-2026 10:24:20 PM [] []
[2026-07-15 22:24:39] SlimMonoLogger.INFO: Cron ran at: 15-07-2026 10:24:39 PM [] []
[2026-07-15 22:25:23] SlimMonoLogger.INFO: Cron ran at: 15-07-2026 10:25:23 PM [] []
[2026-07-15 22:26:07] SlimMonoLogger.INFO: Cron ran at: 15-07-2026 10:26:07 PM [] []
[2026-07-15 22:26:17] SlimMonoLogger.INFO: Cron ran at: 15-07-2026 10:26:17 PM [] []
[2026-07-15 22:26:27] SlimMonoLogger.INFO: Cron ran at: 15-07-2026 10:26:27 PM [] []
[2026-07-15 22:26:31] SlimMonoLogger.INFO: Cron ran at: 15-07-2026 10:26:31 PM [] []
[2026-07-15 22:26:43] SlimMonoLogger.INFO: Cron ran at: 15-07-2026 10:26:43 PM [] []
[2026-07-15 22:26:57] SlimMonoLogger.INFO: Cron ran at: 15-07-2026 10:26:57 PM [] []
[2026-07-15 22:27:05] SlimMonoLogger.INFO: Cron ran at: 15-07-2026 10:27:05 PM [] []
[2026-07-15 22:27:16] SlimMonoLogger.INFO: Cron ran at: 15-07-2026 10:27:16 PM [] []
[2026-07-15 22:27:20] SlimMonoLogger.INFO: Cron ran at: 15-07-2026 10:27:20 PM [] []
[2026-07-15 22:27:51] SlimMonoLogger.INFO: Cron ran at: 15-07-2026 10:27:51 PM [] []
[2026-07-15 22:27:52] SlimMonoLogger.INFO: Cron ran at: 15-07-2026 10:27:52 PM [] []
[2026-07-15 22:28:08] SlimMonoLogger.INFO: Cron ran at: 15-07-2026 10:28:08 PM [] []
[2026-07-15 22:28:25] SlimMonoLogger.INFO: Cron ran at: 15-07-2026 10:28:25 PM [] []
[2026-07-15 22:28:39] SlimMonoLogger.INFO: Cron ran at: 15-07-2026 10:28:39 PM [] []
[2026-07-15 22:28:57] SlimMonoLogger.INFO: Cron ran at: 15-07-2026 10:28:57 PM [] []
[2026-07-15 22:29:06] SlimMonoLogger.INFO: Cron ran at: 15-07-2026 10:29:06 PM [] []
[2026-07-15 22:29:25] SlimMonoLogger.INFO: Cron ran at: 15-07-2026 10:29:25 PM [] []
[2026-07-15 22:29:29] SlimMonoLogger.INFO: Cron ran at: 15-07-2026 10:29:29 PM [] []
[2026-07-15 22:29:56] SlimMonoLogger.INFO: Cron ran at: 15-07-2026 10:29:56 PM [] []
[2026-07-15 22:30:18] SlimMonoLogger.INFO: Cron ran at: 15-07-2026 10:30:18 PM [] []
[2026-07-15 22:30:22] SlimMonoLogger.INFO: Cron ran at: 15-07-2026 10:30:22 PM [] []
[2026-07-15 22:30:23] SlimMonoLogger.INFO: Cron ran at: 15-07-2026 10:30:23 PM [] []
[2026-07-15 22:31:08] SlimMonoLogger.INFO: Cron ran at: 15-07-2026 10:31:08 PM [] []
[2026-07-15 22:31:10] SlimMonoLogger.INFO: Cron ran at: 15-07-2026 10:31:10 PM [] []
[2026-07-15 22:31:24] SlimMonoLogger.INFO: Cron ran at: 15-07-2026 10:31:24 PM [] []
[2026-07-15 22:31:38] SlimMonoLogger.INFO: Cron ran at: 15-07-2026 10:31:38 PM [] []
[2026-07-15 22:32:17] SlimMonoLogger.INFO: Cron ran at: 15-07-2026 10:32:17 PM [] []
[2026-07-15 22:32:18] SlimMonoLogger.INFO: Cron ran at: 15-07-2026 10:32:18 PM [] []
[2026-07-15 22:32:23] SlimMonoLogger.INFO: Cron ran at: 15-07-2026 10:32:23 PM [] []
[2026-07-15 22:32:43] SlimMonoLogger.INFO: Cron ran at: 15-07-2026 10:32:43 PM [] []
[2026-07-15 22:33:02] SlimMonoLogger.INFO: Cron ran at: 15-07-2026 10:33:02 PM [] []
[2026-07-15 22:33:19] SlimMonoLogger.INFO: Cron ran at: 15-07-2026 10:33:19 PM [] []
[2026-07-15 22:33:21] SlimMonoLogger.INFO: Cron ran at: 15-07-2026 10:33:21 PM [] []
[2026-07-15 22:34:07] SlimMonoLogger.INFO: Cron ran at: 15-07-2026 10:34:07 PM [] []
[2026-07-15 22:34:09] SlimMonoLogger.INFO: Cron ran at: 15-07-2026 10:34:09 PM [] []
[2026-07-15 22:34:37] SlimMonoLogger.INFO: Cron ran at: 15-07-2026 10:34:37 PM [] []
[2026-07-15 22:34:52] SlimMonoLogger.INFO: Cron ran at: 15-07-2026 10:34:52 PM [] []
[2026-07-15 22:35:01] SlimMonoLogger.INFO: Cron ran at: 15-07-2026 10:35:01 PM [] []
[2026-07-15 22:35:08] SlimMonoLogger.INFO: Cron ran at: 15-07-2026 10:35:08 PM [] []
[2026-07-15 22:35:11] SlimMonoLogger.INFO: Cron ran at: 15-07-2026 10:35:11 PM [] []
[2026-07-15 22:35:12] SlimMonoLogger.INFO: Cron ran at: 15-07-2026 10:35:12 PM [] []
[2026-07-15 22:35:20] SlimMonoLogger.INFO: Cron ran at: 15-07-2026 10:35:20 PM [] []
[2026-07-15 22:36:25] SlimMonoLogger.INFO: Cron ran at: 15-07-2026 10:36:25 PM [] []
[2026-07-15 22:36:56] SlimMonoLogger.INFO: Cron ran at: 15-07-2026 10:36:56 PM [] []
[2026-07-15 22:37:00] SlimMonoLogger.INFO: Cron ran at: 15-07-2026 10:37:00 PM [] []
[2026-07-15 22:37:02] SlimMonoLogger.INFO: Cron ran at: 15-07-2026 10:37:02 PM [] []
[2026-07-15 22:37:04] SlimMonoLogger.INFO: Cron ran at: 15-07-2026 10:37:04 PM [] []
[2026-07-15 22:37:05] SlimMonoLogger.INFO: Cron ran at: 15-07-2026 10:37:05 PM [] []
[2026-07-15 22:37:21] SlimMonoLogger.INFO: Cron ran at: 15-07-2026 10:37:21 PM [] []
[2026-07-15 22:37:42] SlimMonoLogger.INFO: Cron ran at: 15-07-2026 10:37:42 PM [] []
[2026-07-15 22:37:52] SlimMonoLogger.INFO: Cron ran at: 15-07-2026 10:37:52 PM [] []
[2026-07-15 22:38:06] SlimMonoLogger.INFO: Cron ran at: 15-07-2026 10:38:06 PM [] []
[2026-07-15 22:38:13] SlimMonoLogger.INFO: Cron ran at: 15-07-2026 10:38:13 PM [] []
[2026-07-15 22:38:39] SlimMonoLogger.INFO: Cron ran at: 15-07-2026 10:38:39 PM [] []
[2026-07-15 22:38:48] SlimMonoLogger.INFO: Cron ran at: 15-07-2026 10:38:48 PM [] []
[2026-07-15 22:38:51] SlimMonoLogger.INFO: Cron ran at: 15-07-2026 10:38:51 PM [] []
[2026-07-15 22:39:27] SlimMonoLogger.INFO: Cron ran at: 15-07-2026 10:39:27 PM [] []
[2026-07-15 22:39:29] SlimMonoLogger.INFO: Cron ran at: 15-07-2026 10:39:29 PM [] []
[2026-07-15 22:39:49] SlimMonoLogger.INFO: Cron ran at: 15-07-2026 10:39:49 PM [] []
[2026-07-15 22:39:58] SlimMonoLogger.INFO: Cron ran at: 15-07-2026 10:39:58 PM [] []
[2026-07-15 22:40:14] SlimMonoLogger.INFO: Cron ran at: 15-07-2026 10:40:14 PM [] []
[2026-07-15 22:41:05] SlimMonoLogger.INFO: Cron ran at: 15-07-2026 10:41:05 PM [] []
[2026-07-15 22:41:11] SlimMonoLogger.INFO: Cron ran at: 15-07-2026 10:41:11 PM [] []
[2026-07-15 22:41:11] SlimMonoLogger.INFO: Cron ran at: 15-07-2026 10:41:11 PM [] []
[2026-07-15 22:41:27] SlimMonoLogger.INFO: Cron ran at: 15-07-2026 10:41:27 PM [] []
[2026-07-15 22:42:05] SlimMonoLogger.INFO: Cron ran at: 15-07-2026 10:42:05 PM [] []
[2026-07-15 22:42:06] SlimMonoLogger.INFO: Cron ran at: 15-07-2026 10:42:06 PM [] []
[2026-07-15 22:42:10] SlimMonoLogger.INFO: Cron ran at: 15-07-2026 10:42:10 PM [] []
[2026-07-15 22:42:24] SlimMonoLogger.INFO: Cron ran at: 15-07-2026 10:42:24 PM [] []
[2026-07-15 22:42:57] SlimMonoLogger.INFO: Cron ran at: 15-07-2026 10:42:57 PM [] []
[2026-07-15 22:42:58] SlimMonoLogger.INFO: Cron ran at: 15-07-2026 10:42:58 PM [] []
[2026-07-15 22:43:14] SlimMonoLogger.INFO: Cron ran at: 15-07-2026 10:43:14 PM [] []
[2026-07-15 22:43:30] SlimMonoLogger.INFO: Cron ran at: 15-07-2026 10:43:30 PM [] []
[2026-07-15 22:43:55] SlimMonoLogger.INFO: Cron ran at: 15-07-2026 10:43:55 PM [] []
[2026-07-15 22:44:02] SlimMonoLogger.INFO: Cron ran at: 15-07-2026 10:44:02 PM [] []
[2026-07-15 22:44:14] SlimMonoLogger.INFO: Cron ran at: 15-07-2026 10:44:14 PM [] []
[2026-07-15 22:44:21] SlimMonoLogger.INFO: Cron ran at: 15-07-2026 10:44:21 PM [] []
[2026-07-15 22:44:57] SlimMonoLogger.INFO: Cron ran at: 15-07-2026 10:44:57 PM [] []
[2026-07-15 22:45:00] SlimMonoLogger.INFO: Cron ran at: 15-07-2026 10:45:00 PM [] []
[2026-07-15 22:45:17] SlimMonoLogger.INFO: Cron ran at: 15-07-2026 10:45:17 PM [] []
[2026-07-15 22:45:20] SlimMonoLogger.INFO: Cron ran at: 15-07-2026 10:45:20 PM [] []
[2026-07-15 22:45:42] SlimMonoLogger.INFO: Cron ran at: 15-07-2026 10:45:42 PM [] []
[2026-07-15 22:46:08] SlimMonoLogger.INFO: Cron ran at: 15-07-2026 10:46:08 PM [] []
[2026-07-15 22:46:14] SlimMonoLogger.INFO: Cron ran at: 15-07-2026 10:46:14 PM [] []
[2026-07-15 22:46:42] SlimMonoLogger.INFO: Cron ran at: 15-07-2026 10:46:42 PM [] []
[2026-07-15 22:47:12] SlimMonoLogger.INFO: Cron ran at: 15-07-2026 10:47:12 PM [] []
[2026-07-15 22:47:16] SlimMonoLogger.INFO: Cron ran at: 15-07-2026 10:47:16 PM [] []
[2026-07-15 22:47:24] SlimMonoLogger.INFO: Cron ran at: 15-07-2026 10:47:24 PM [] []
[2026-07-15 22:47:33] SlimMonoLogger.INFO: Cron ran at: 15-07-2026 10:47:33 PM [] []
[2026-07-15 22:48:11] SlimMonoLogger.INFO: Cron ran at: 15-07-2026 10:48:11 PM [] []
[2026-07-15 22:48:12] SlimMonoLogger.INFO: Cron ran at: 15-07-2026 10:48:12 PM [] []
[2026-07-15 22:48:29] SlimMonoLogger.INFO: Cron ran at: 15-07-2026 10:48:29 PM [] []
[2026-07-15 22:48:30] SlimMonoLogger.INFO: Cron ran at: 15-07-2026 10:48:30 PM [] []
[2026-07-15 22:48:58] SlimMonoLogger.INFO: Cron ran at: 15-07-2026 10:48:58 PM [] []
[2026-07-15 22:49:10] SlimMonoLogger.INFO: Cron ran at: 15-07-2026 10:49:10 PM [] []
[2026-07-15 22:49:23] SlimMonoLogger.INFO: Cron ran at: 15-07-2026 10:49:23 PM [] []
[2026-07-15 22:49:42] SlimMonoLogger.INFO: Cron ran at: 15-07-2026 10:49:42 PM [] []
[2026-07-15 22:50:04] SlimMonoLogger.INFO: Cron ran at: 15-07-2026 10:50:04 PM [] []
[2026-07-15 22:50:07] SlimMonoLogger.INFO: Cron ran at: 15-07-2026 10:50:07 PM [] []
[2026-07-15 22:50:17] SlimMonoLogger.INFO: Cron ran at: 15-07-2026 10:50:17 PM [] []
[2026-07-15 22:50:35] SlimMonoLogger.INFO: Cron ran at: 15-07-2026 10:50:35 PM [] []
[2026-07-15 22:50:56] SlimMonoLogger.INFO: Cron ran at: 15-07-2026 10:50:56 PM [] []
[2026-07-15 22:51:31] SlimMonoLogger.INFO: Cron ran at: 15-07-2026 10:51:31 PM [] []
[2026-07-15 22:51:36] SlimMonoLogger.INFO: Cron ran at: 15-07-2026 10:51:36 PM [] []
[2026-07-15 22:51:44] SlimMonoLogger.INFO: Cron ran at: 15-07-2026 10:51:44 PM [] []
[2026-07-15 22:51:55] SlimMonoLogger.INFO: Cron ran at: 15-07-2026 10:51:55 PM [] []
[2026-07-15 22:52:18] SlimMonoLogger.INFO: Cron ran at: 15-07-2026 10:52:18 PM [] []
[2026-07-15 22:52:29] SlimMonoLogger.INFO: Cron ran at: 15-07-2026 10:52:29 PM [] []
[2026-07-15 22:52:36] SlimMonoLogger.INFO: Cron ran at: 15-07-2026 10:52:36 PM [] []
[2026-07-15 22:53:13] SlimMonoLogger.INFO: Cron ran at: 15-07-2026 10:53:13 PM [] []
[2026-07-15 22:53:21] SlimMonoLogger.INFO: Cron ran at: 15-07-2026 10:53:21 PM [] []
[2026-07-15 22:53:24] SlimMonoLogger.INFO: Cron ran at: 15-07-2026 10:53:24 PM [] []
[2026-07-15 22:53:29] SlimMonoLogger.INFO: Cron ran at: 15-07-2026 10:53:29 PM [] []
[2026-07-15 22:53:39] SlimMonoLogger.INFO: Cron ran at: 15-07-2026 10:53:39 PM [] []
[2026-07-15 22:54:19] SlimMonoLogger.INFO: Cron ran at: 15-07-2026 10:54:19 PM [] []
[2026-07-15 22:54:27] SlimMonoLogger.INFO: Cron ran at: 15-07-2026 10:54:27 PM [] []
[2026-07-15 22:54:30] SlimMonoLogger.INFO: Cron ran at: 15-07-2026 10:54:30 PM [] []
[2026-07-15 22:54:39] SlimMonoLogger.INFO: Cron ran at: 15-07-2026 10:54:39 PM [] []
[2026-07-15 22:55:06] SlimMonoLogger.INFO: Cron ran at: 15-07-2026 10:55:06 PM [] []
[2026-07-15 22:55:12] SlimMonoLogger.INFO: Cron ran at: 15-07-2026 10:55:12 PM [] []
[2026-07-15 22:55:26] SlimMonoLogger.INFO: Cron ran at: 15-07-2026 10:55:26 PM [] []
[2026-07-15 22:55:40] SlimMonoLogger.INFO: Cron ran at: 15-07-2026 10:55:40 PM [] []
[2026-07-15 22:56:13] SlimMonoLogger.INFO: Cron ran at: 15-07-2026 10:56:13 PM [] []
[2026-07-15 22:56:34] SlimMonoLogger.INFO: Cron ran at: 15-07-2026 10:56:34 PM [] []
[2026-07-15 22:56:43] SlimMonoLogger.INFO: Cron ran at: 15-07-2026 10:56:43 PM [] []
[2026-07-15 22:57:05] SlimMonoLogger.INFO: Cron ran at: 15-07-2026 10:57:05 PM [] []
[2026-07-15 22:57:18] SlimMonoLogger.INFO: Cron ran at: 15-07-2026 10:57:18 PM [] []
[2026-07-15 22:57:36] SlimMonoLogger.INFO: Cron ran at: 15-07-2026 10:57:36 PM [] []
[2026-07-15 22:57:38] SlimMonoLogger.INFO: Cron ran at: 15-07-2026 10:57:38 PM [] []
[2026-07-15 22:57:38] SlimMonoLogger.INFO: Cron ran at: 15-07-2026 10:57:38 PM [] []
[2026-07-15 22:57:54] SlimMonoLogger.INFO: Cron ran at: 15-07-2026 10:57:54 PM [] []
[2026-07-15 22:58:27] SlimMonoLogger.INFO: Cron ran at: 15-07-2026 10:58:27 PM [] []
[2026-07-15 22:58:38] SlimMonoLogger.INFO: Cron ran at: 15-07-2026 10:58:38 PM [] []
[2026-07-15 22:58:52] SlimMonoLogger.INFO: Cron ran at: 15-07-2026 10:58:52 PM [] []
[2026-07-15 22:59:09] SlimMonoLogger.INFO: Cron ran at: 15-07-2026 10:59:09 PM [] []
[2026-07-15 22:59:32] SlimMonoLogger.INFO: Cron ran at: 15-07-2026 10:59:32 PM [] []
[2026-07-15 22:59:34] SlimMonoLogger.INFO: Cron ran at: 15-07-2026 10:59:34 PM [] []
[2026-07-15 22:59:39] SlimMonoLogger.INFO: Cron ran at: 15-07-2026 10:59:39 PM [] []
[2026-07-15 23:00:05] SlimMonoLogger.INFO: Cron ran at: 15-07-2026 11:00:05 PM [] []
[2026-07-15 23:00:37] SlimMonoLogger.INFO: Cron ran at: 15-07-2026 11:00:37 PM [] []
[2026-07-15 23:00:44] SlimMonoLogger.INFO: Cron ran at: 15-07-2026 11:00:44 PM [] []
[2026-07-15 23:00:50] SlimMonoLogger.INFO: Cron ran at: 15-07-2026 11:00:50 PM [] []
[2026-07-15 23:01:02] SlimMonoLogger.INFO: Cron ran at: 15-07-2026 11:01:02 PM [] []
[2026-07-15 23:01:19] SlimMonoLogger.INFO: Cron ran at: 15-07-2026 11:01:19 PM [] []
[2026-07-15 23:01:41] SlimMonoLogger.INFO: Cron ran at: 15-07-2026 11:01:41 PM [] []
[2026-07-15 23:02:06] SlimMonoLogger.INFO: Cron ran at: 15-07-2026 11:02:06 PM [] []
[2026-07-15 23:02:13] SlimMonoLogger.INFO: Cron ran at: 15-07-2026 11:02:13 PM [] []
[2026-07-15 23:02:16] SlimMonoLogger.INFO: Cron ran at: 15-07-2026 11:02:16 PM [] []
[2026-07-15 23:02:30] SlimMonoLogger.INFO: Cron ran at: 15-07-2026 11:02:30 PM [] []
[2026-07-15 23:03:01] SlimMonoLogger.INFO: Cron ran at: 15-07-2026 11:03:01 PM [] []
[2026-07-15 23:03:02] SlimMonoLogger.INFO: Cron ran at: 15-07-2026 11:03:02 PM [] []
[2026-07-15 23:03:08] SlimMonoLogger.INFO: Cron ran at: 15-07-2026 11:03:08 PM [] []
[2026-07-15 23:03:34] SlimMonoLogger.INFO: Cron ran at: 15-07-2026 11:03:34 PM [] []
[2026-07-15 23:03:53] SlimMonoLogger.INFO: Cron ran at: 15-07-2026 11:03:53 PM [] []
[2026-07-15 23:04:02] SlimMonoLogger.INFO: Cron ran at: 15-07-2026 11:04:02 PM [] []
[2026-07-15 23:04:08] SlimMonoLogger.INFO: Cron ran at: 15-07-2026 11:04:08 PM [] []
[2026-07-15 23:04:41] SlimMonoLogger.INFO: Cron ran at: 15-07-2026 11:04:41 PM [] []
[2026-07-15 23:04:48] SlimMonoLogger.INFO: Cron ran at: 15-07-2026 11:04:48 PM [] []
[2026-07-15 23:04:55] SlimMonoLogger.INFO: Cron ran at: 15-07-2026 11:04:55 PM [] []
[2026-07-15 23:05:11] SlimMonoLogger.INFO: Cron ran at: 15-07-2026 11:05:11 PM [] []
[2026-07-15 23:05:35] SlimMonoLogger.INFO: Cron ran at: 15-07-2026 11:05:35 PM [] []
[2026-07-15 23:05:47] SlimMonoLogger.INFO: Cron ran at: 15-07-2026 11:05:47 PM [] []
[2026-07-15 23:05:48] SlimMonoLogger.INFO: Cron ran at: 15-07-2026 11:05:48 PM [] []
[2026-07-15 23:05:58] SlimMonoLogger.INFO: Cron ran at: 15-07-2026 11:05:58 PM [] []
[2026-07-15 23:06:37] SlimMonoLogger.INFO: Cron ran at: 15-07-2026 11:06:37 PM [] []
[2026-07-15 23:07:12] SlimMonoLogger.INFO: Cron ran at: 15-07-2026 11:07:12 PM [] []
[2026-07-15 23:07:17] SlimMonoLogger.INFO: Cron ran at: 15-07-2026 11:07:17 PM [] []
[2026-07-15 23:07:19] SlimMonoLogger.INFO: Cron ran at: 15-07-2026 11:07:19 PM [] []
[2026-07-15 23:07:20] SlimMonoLogger.INFO: Cron ran at: 15-07-2026 11:07:20 PM [] []
[2026-07-15 23:07:51] SlimMonoLogger.INFO: Cron ran at: 15-07-2026 11:07:51 PM [] []
[2026-07-15 23:08:03] SlimMonoLogger.INFO: Cron ran at: 15-07-2026 11:08:03 PM [] []
[2026-07-15 23:08:04] SlimMonoLogger.INFO: Cron ran at: 15-07-2026 11:08:04 PM [] []
[2026-07-15 23:08:37] SlimMonoLogger.INFO: Cron ran at: 15-07-2026 11:08:37 PM [] []
[2026-07-15 23:08:59] SlimMonoLogger.INFO: Cron ran at: 15-07-2026 11:08:59 PM [] []
[2026-07-15 23:09:12] SlimMonoLogger.INFO: Cron ran at: 15-07-2026 11:09:12 PM [] []
[2026-07-15 23:09:15] SlimMonoLogger.INFO: Cron ran at: 15-07-2026 11:09:15 PM [] []
[2026-07-15 23:09:27] SlimMonoLogger.INFO: Cron ran at: 15-07-2026 11:09:27 PM [] []
[2026-07-15 23:09:46] SlimMonoLogger.INFO: Cron ran at: 15-07-2026 11:09:46 PM [] []
[2026-07-15 23:09:56] SlimMonoLogger.INFO: Cron ran at: 15-07-2026 11:09:56 PM [] []
[2026-07-15 23:10:07] SlimMonoLogger.INFO: Cron ran at: 15-07-2026 11:10:07 PM [] []
[2026-07-15 23:10:28] SlimMonoLogger.INFO: Cron ran at: 15-07-2026 11:10:28 PM [] []
[2026-07-15 23:10:41] SlimMonoLogger.INFO: Cron ran at: 15-07-2026 11:10:41 PM [] []
[2026-07-15 23:10:58] SlimMonoLogger.INFO: Cron ran at: 15-07-2026 11:10:58 PM [] []
[2026-07-15 23:10:59] SlimMonoLogger.INFO: Cron ran at: 15-07-2026 11:10:59 PM [] []
[2026-07-15 23:11:27] SlimMonoLogger.INFO: Cron ran at: 15-07-2026 11:11:27 PM [] []
[2026-07-15 23:11:47] SlimMonoLogger.INFO: Cron ran at: 15-07-2026 11:11:47 PM [] []
[2026-07-15 23:11:54] SlimMonoLogger.INFO: Cron ran at: 15-07-2026 11:11:54 PM [] []
[2026-07-15 23:12:01] SlimMonoLogger.INFO: Cron ran at: 15-07-2026 11:12:01 PM [] []
[2026-07-15 23:12:25] SlimMonoLogger.INFO: Cron ran at: 15-07-2026 11:12:25 PM [] []
[2026-07-15 23:12:45] SlimMonoLogger.INFO: Cron ran at: 15-07-2026 11:12:45 PM [] []
[2026-07-15 23:12:48] SlimMonoLogger.INFO: Cron ran at: 15-07-2026 11:12:48 PM [] []
[2026-07-15 23:13:02] SlimMonoLogger.INFO: Cron ran at: 15-07-2026 11:13:02 PM [] []
[2026-07-15 23:13:35] SlimMonoLogger.INFO: Cron ran at: 15-07-2026 11:13:35 PM [] []
[2026-07-15 23:13:36] SlimMonoLogger.INFO: Cron ran at: 15-07-2026 11:13:36 PM [] []
[2026-07-15 23:13:39] SlimMonoLogger.INFO: Cron ran at: 15-07-2026 11:13:39 PM [] []
[2026-07-15 23:13:56] SlimMonoLogger.INFO: Cron ran at: 15-07-2026 11:13:56 PM [] []
[2026-07-15 23:14:22] SlimMonoLogger.INFO: Cron ran at: 15-07-2026 11:14:22 PM [] []
[2026-07-15 23:14:32] SlimMonoLogger.INFO: Cron ran at: 15-07-2026 11:14:32 PM [] []
[2026-07-15 23:14:35] SlimMonoLogger.INFO: Cron ran at: 15-07-2026 11:14:35 PM [] []
[2026-07-15 23:14:53] SlimMonoLogger.INFO: Cron ran at: 15-07-2026 11:14:53 PM [] []
[2026-07-15 23:15:19] SlimMonoLogger.INFO: Cron ran at: 15-07-2026 11:15:19 PM [] []
[2026-07-15 23:15:22] SlimMonoLogger.INFO: Cron ran at: 15-07-2026 11:15:22 PM [] []
[2026-07-15 23:15:42] SlimMonoLogger.INFO: Cron ran at: 15-07-2026 11:15:42 PM [] []
[2026-07-15 23:16:31] SlimMonoLogger.INFO: Cron ran at: 15-07-2026 11:16:31 PM [] []
[2026-07-15 23:16:40] SlimMonoLogger.INFO: Cron ran at: 15-07-2026 11:16:40 PM [] []
[2026-07-15 23:17:03] SlimMonoLogger.INFO: Cron ran at: 15-07-2026 11:17:03 PM [] []
[2026-07-15 23:17:06] SlimMonoLogger.INFO: Cron ran at: 15-07-2026 11:17:06 PM [] []
[2026-07-15 23:17:19] SlimMonoLogger.INFO: Cron ran at: 15-07-2026 11:17:19 PM [] []
[2026-07-15 23:17:27] SlimMonoLogger.INFO: Cron ran at: 15-07-2026 11:17:27 PM [] []
[2026-07-15 23:17:38] SlimMonoLogger.INFO: Cron ran at: 15-07-2026 11:17:38 PM [] []
[2026-07-15 23:17:47] SlimMonoLogger.INFO: Cron ran at: 15-07-2026 11:17:47 PM [] []
[2026-07-15 23:18:11] SlimMonoLogger.INFO: Cron ran at: 15-07-2026 11:18:11 PM [] []
[2026-07-15 23:18:23] SlimMonoLogger.INFO: Cron ran at: 15-07-2026 11:18:23 PM [] []
[2026-07-15 23:18:45] SlimMonoLogger.INFO: Cron ran at: 15-07-2026 11:18:45 PM [] []
[2026-07-15 23:18:46] SlimMonoLogger.INFO: Cron ran at: 15-07-2026 11:18:46 PM [] []
[2026-07-15 23:19:20] SlimMonoLogger.INFO: Cron ran at: 15-07-2026 11:19:20 PM [] []
[2026-07-15 23:19:35] SlimMonoLogger.INFO: Cron ran at: 15-07-2026 11:19:35 PM [] []
[2026-07-15 23:19:37] SlimMonoLogger.INFO: Cron ran at: 15-07-2026 11:19:37 PM [] []
[2026-07-15 23:20:06] SlimMonoLogger.INFO: Cron ran at: 15-07-2026 11:20:06 PM [] []
[2026-07-15 23:20:08] SlimMonoLogger.INFO: Cron ran at: 15-07-2026 11:20:08 PM [] []
[2026-07-15 23:20:25] SlimMonoLogger.INFO: Cron ran at: 15-07-2026 11:20:25 PM [] []
[2026-07-15 23:20:39] SlimMonoLogger.INFO: Cron ran at: 15-07-2026 11:20:39 PM [] []
[2026-07-15 23:20:47] SlimMonoLogger.INFO: Cron ran at: 15-07-2026 11:20:47 PM [] []
[2026-07-15 23:21:24] SlimMonoLogger.INFO: Cron ran at: 15-07-2026 11:21:24 PM [] []
[2026-07-15 23:21:25] SlimMonoLogger.INFO: Cron ran at: 15-07-2026 11:21:25 PM [] []
[2026-07-15 23:21:40] SlimMonoLogger.INFO: Cron ran at: 15-07-2026 11:21:40 PM [] []
[2026-07-15 23:21:41] SlimMonoLogger.INFO: Cron ran at: 15-07-2026 11:21:41 PM [] []
[2026-07-15 23:22:09] SlimMonoLogger.INFO: Cron ran at: 15-07-2026 11:22:09 PM [] []
[2026-07-15 23:22:23] SlimMonoLogger.INFO: Cron ran at: 15-07-2026 11:22:23 PM [] []
[2026-07-15 23:22:23] SlimMonoLogger.INFO: Cron ran at: 15-07-2026 11:22:23 PM [] []
[2026-07-15 23:22:38] SlimMonoLogger.INFO: Cron ran at: 15-07-2026 11:22:38 PM [] []
[2026-07-15 23:23:01] SlimMonoLogger.INFO: Cron ran at: 15-07-2026 11:23:01 PM [] []
[2026-07-15 23:23:22] SlimMonoLogger.INFO: Cron ran at: 15-07-2026 11:23:22 PM [] []
[2026-07-15 23:23:22] SlimMonoLogger.INFO: Cron ran at: 15-07-2026 11:23:22 PM [] []
[2026-07-15 23:23:38] SlimMonoLogger.INFO: Cron ran at: 15-07-2026 11:23:38 PM [] []
[2026-07-15 23:24:05] SlimMonoLogger.INFO: Cron ran at: 15-07-2026 11:24:05 PM [] []
[2026-07-15 23:24:13] SlimMonoLogger.INFO: Cron ran at: 15-07-2026 11:24:13 PM [] []
[2026-07-15 23:24:25] SlimMonoLogger.INFO: Cron ran at: 15-07-2026 11:24:25 PM [] []
[2026-07-15 23:24:56] SlimMonoLogger.INFO: Cron ran at: 15-07-2026 11:24:56 PM [] []
[2026-07-15 23:25:09] SlimMonoLogger.INFO: Cron ran at: 15-07-2026 11:25:09 PM [] []
[2026-07-15 23:25:09] SlimMonoLogger.INFO: Cron ran at: 15-07-2026 11:25:09 PM [] []
[2026-07-15 23:25:13] SlimMonoLogger.INFO: Cron ran at: 15-07-2026 11:25:13 PM [] []
[2026-07-15 23:25:54] SlimMonoLogger.INFO: Cron ran at: 15-07-2026 11:25:54 PM [] []
[2026-07-15 23:26:10] SlimMonoLogger.INFO: Cron ran at: 15-07-2026 11:26:10 PM [] []
[2026-07-15 23:26:16] SlimMonoLogger.INFO: Cron ran at: 15-07-2026 11:26:16 PM [] []
[2026-07-15 23:26:42] SlimMonoLogger.INFO: Cron ran at: 15-07-2026 11:26:42 PM [] []
[2026-07-15 23:26:49] SlimMonoLogger.INFO: Cron ran at: 15-07-2026 11:26:49 PM [] []
[2026-07-15 23:27:21] SlimMonoLogger.INFO: Cron ran at: 15-07-2026 11:27:21 PM [] []
[2026-07-15 23:27:23] SlimMonoLogger.INFO: Cron ran at: 15-07-2026 11:27:23 PM [] []
[2026-07-15 23:27:42] SlimMonoLogger.INFO: Cron ran at: 15-07-2026 11:27:42 PM [] []
[2026-07-15 23:27:50] SlimMonoLogger.INFO: Cron ran at: 15-07-2026 11:27:50 PM [] []
[2026-07-15 23:28:20] SlimMonoLogger.INFO: Cron ran at: 15-07-2026 11:28:20 PM [] []
[2026-07-15 23:28:21] SlimMonoLogger.INFO: Cron ran at: 15-07-2026 11:28:21 PM [] []
[2026-07-15 23:28:25] SlimMonoLogger.INFO: Cron ran at: 15-07-2026 11:28:25 PM [] []
[2026-07-15 23:28:48] SlimMonoLogger.INFO: Cron ran at: 15-07-2026 11:28:48 PM [] []
[2026-07-15 23:29:06] SlimMonoLogger.INFO: Cron ran at: 15-07-2026 11:29:06 PM [] []
[2026-07-15 23:29:14] SlimMonoLogger.INFO: Cron ran at: 15-07-2026 11:29:14 PM [] []
[2026-07-15 23:29:15] SlimMonoLogger.INFO: Cron ran at: 15-07-2026 11:29:15 PM [] []
[2026-07-15 23:29:53] SlimMonoLogger.INFO: Cron ran at: 15-07-2026 11:29:53 PM [] []
[2026-07-15 23:30:06] SlimMonoLogger.INFO: Cron ran at: 15-07-2026 11:30:06 PM [] []
[2026-07-15 23:30:06] SlimMonoLogger.INFO: Cron ran at: 15-07-2026 11:30:06 PM [] []
[2026-07-15 23:30:24] SlimMonoLogger.INFO: Cron ran at: 15-07-2026 11:30:24 PM [] []
[2026-07-15 23:30:54] SlimMonoLogger.INFO: Cron ran at: 15-07-2026 11:30:54 PM [] []
[2026-07-15 23:31:06] SlimMonoLogger.INFO: Cron ran at: 15-07-2026 11:31:06 PM [] []
[2026-07-15 23:31:15] SlimMonoLogger.INFO: Cron ran at: 15-07-2026 11:31:15 PM [] []
[2026-07-15 23:31:46] SlimMonoLogger.INFO: Cron ran at: 15-07-2026 11:31:46 PM [] []
[2026-07-15 23:31:48] SlimMonoLogger.INFO: Cron ran at: 15-07-2026 11:31:48 PM [] []
[2026-07-15 23:32:15] SlimMonoLogger.INFO: Cron ran at: 15-07-2026 11:32:15 PM [] []
[2026-07-15 23:32:23] SlimMonoLogger.INFO: Cron ran at: 15-07-2026 11:32:23 PM [] []
[2026-07-15 23:32:43] SlimMonoLogger.INFO: Cron ran at: 15-07-2026 11:32:43 PM [] []
[2026-07-15 23:32:44] SlimMonoLogger.INFO: Cron ran at: 15-07-2026 11:32:44 PM [] []
[2026-07-15 23:33:00] SlimMonoLogger.INFO: Cron ran at: 15-07-2026 11:33:00 PM [] []
[2026-07-15 23:33:12] SlimMonoLogger.INFO: Cron ran at: 15-07-2026 11:33:12 PM [] []
[2026-07-15 23:33:48] SlimMonoLogger.INFO: Cron ran at: 15-07-2026 11:33:48 PM [] []
[2026-07-15 23:33:53] SlimMonoLogger.INFO: Cron ran at: 15-07-2026 11:33:53 PM [] []
[2026-07-15 23:33:57] SlimMonoLogger.INFO: Cron ran at: 15-07-2026 11:33:57 PM [] []
[2026-07-15 23:34:16] SlimMonoLogger.INFO: Cron ran at: 15-07-2026 11:34:16 PM [] []
[2026-07-15 23:34:35] SlimMonoLogger.INFO: Cron ran at: 15-07-2026 11:34:35 PM [] []
[2026-07-15 23:34:42] SlimMonoLogger.INFO: Cron ran at: 15-07-2026 11:34:42 PM [] []
[2026-07-15 23:34:52] SlimMonoLogger.INFO: Cron ran at: 15-07-2026 11:34:52 PM [] []
[2026-07-15 23:35:24] SlimMonoLogger.INFO: Cron ran at: 15-07-2026 11:35:24 PM [] []
[2026-07-15 23:35:28] SlimMonoLogger.INFO: Cron ran at: 15-07-2026 11:35:28 PM [] []
[2026-07-15 23:35:42] SlimMonoLogger.INFO: Cron ran at: 15-07-2026 11:35:42 PM [] []
[2026-07-15 23:35:45] SlimMonoLogger.INFO: Cron ran at: 15-07-2026 11:35:45 PM [] []
[2026-07-15 23:36:30] SlimMonoLogger.INFO: Cron ran at: 15-07-2026 11:36:30 PM [] []
[2026-07-15 23:36:42] SlimMonoLogger.INFO: Cron ran at: 15-07-2026 11:36:42 PM [] []
[2026-07-15 23:36:42] SlimMonoLogger.INFO: Cron ran at: 15-07-2026 11:36:42 PM [] []
[2026-07-15 23:36:44] SlimMonoLogger.INFO: Cron ran at: 15-07-2026 11:36:44 PM [] []
[2026-07-15 23:37:29] SlimMonoLogger.INFO: Cron ran at: 15-07-2026 11:37:29 PM [] []
[2026-07-15 23:37:31] SlimMonoLogger.INFO: Cron ran at: 15-07-2026 11:37:31 PM [] []
[2026-07-15 23:37:41] SlimMonoLogger.INFO: Cron ran at: 15-07-2026 11:37:41 PM [] []
[2026-07-15 23:37:45] SlimMonoLogger.INFO: Cron ran at: 15-07-2026 11:37:45 PM [] []
[2026-07-15 23:38:22] SlimMonoLogger.INFO: Cron ran at: 15-07-2026 11:38:22 PM [] []
[2026-07-15 23:38:23] SlimMonoLogger.INFO: Cron ran at: 15-07-2026 11:38:23 PM [] []
[2026-07-15 23:38:45] SlimMonoLogger.INFO: Cron ran at: 15-07-2026 11:38:45 PM [] []
[2026-07-15 23:38:47] SlimMonoLogger.INFO: Cron ran at: 15-07-2026 11:38:47 PM [] []
[2026-07-15 23:39:14] SlimMonoLogger.INFO: Cron ran at: 15-07-2026 11:39:14 PM [] []
[2026-07-15 23:39:17] SlimMonoLogger.INFO: Cron ran at: 15-07-2026 11:39:17 PM [] []
[2026-07-15 23:39:46] SlimMonoLogger.INFO: Cron ran at: 15-07-2026 11:39:46 PM [] []
[2026-07-15 23:39:49] SlimMonoLogger.INFO: Cron ran at: 15-07-2026 11:39:49 PM [] []
[2026-07-15 23:40:08] SlimMonoLogger.INFO: Cron ran at: 15-07-2026 11:40:08 PM [] []
[2026-07-15 23:40:10] SlimMonoLogger.INFO: Cron ran at: 15-07-2026 11:40:10 PM [] []
[2026-07-15 23:40:47] SlimMonoLogger.INFO: Cron ran at: 15-07-2026 11:40:47 PM [] []
[2026-07-15 23:41:13] SlimMonoLogger.INFO: Cron ran at: 15-07-2026 11:41:13 PM [] []
[2026-07-15 23:41:13] SlimMonoLogger.INFO: Cron ran at: 15-07-2026 11:41:13 PM [] []
[2026-07-15 23:41:50] SlimMonoLogger.INFO: Cron ran at: 15-07-2026 11:41:50 PM [] []
[2026-07-15 23:42:02] SlimMonoLogger.INFO: Cron ran at: 15-07-2026 11:42:02 PM [] []
[2026-07-15 23:42:05] SlimMonoLogger.INFO: Cron ran at: 15-07-2026 11:42:05 PM [] []
[2026-07-15 23:42:24] SlimMonoLogger.INFO: Cron ran at: 15-07-2026 11:42:24 PM [] []
[2026-07-15 23:42:37] SlimMonoLogger.INFO: Cron ran at: 15-07-2026 11:42:37 PM [] []
[2026-07-15 23:42:45] SlimMonoLogger.INFO: Cron ran at: 15-07-2026 11:42:45 PM [] []
[2026-07-15 23:42:59] SlimMonoLogger.INFO: Cron ran at: 15-07-2026 11:42:59 PM [] []
[2026-07-15 23:43:12] SlimMonoLogger.INFO: Cron ran at: 15-07-2026 11:43:12 PM [] []
[2026-07-15 23:43:22] SlimMonoLogger.INFO: Cron ran at: 15-07-2026 11:43:22 PM [] []
[2026-07-15 23:43:49] SlimMonoLogger.INFO: Cron ran at: 15-07-2026 11:43:49 PM [] []
[2026-07-15 23:43:59] SlimMonoLogger.INFO: Cron ran at: 15-07-2026 11:43:59 PM [] []
[2026-07-15 23:44:21] SlimMonoLogger.INFO: Cron ran at: 15-07-2026 11:44:21 PM [] []
[2026-07-15 23:44:21] SlimMonoLogger.INFO: Cron ran at: 15-07-2026 11:44:21 PM [] []
[2026-07-15 23:44:53] SlimMonoLogger.INFO: Cron ran at: 15-07-2026 11:44:53 PM [] []
[2026-07-15 23:44:57] SlimMonoLogger.INFO: Cron ran at: 15-07-2026 11:44:57 PM [] []
[2026-07-15 23:45:10] SlimMonoLogger.INFO: Cron ran at: 15-07-2026 11:45:10 PM [] []
[2026-07-15 23:45:18] SlimMonoLogger.INFO: Cron ran at: 15-07-2026 11:45:18 PM [] []
[2026-07-15 23:45:58] SlimMonoLogger.INFO: Cron ran at: 15-07-2026 11:45:58 PM [] []
[2026-07-15 23:46:12] SlimMonoLogger.INFO: Cron ran at: 15-07-2026 11:46:12 PM [] []
[2026-07-15 23:46:25] SlimMonoLogger.INFO: Cron ran at: 15-07-2026 11:46:25 PM [] []
[2026-07-15 23:46:59] SlimMonoLogger.INFO: Cron ran at: 15-07-2026 11:46:59 PM [] []
[2026-07-15 23:47:01] SlimMonoLogger.INFO: Cron ran at: 15-07-2026 11:47:01 PM [] []
[2026-07-15 23:47:03] SlimMonoLogger.INFO: Cron ran at: 15-07-2026 11:47:03 PM [] []
[2026-07-15 23:47:18] SlimMonoLogger.INFO: Cron ran at: 15-07-2026 11:47:18 PM [] []
[2026-07-15 23:47:42] SlimMonoLogger.INFO: Cron ran at: 15-07-2026 11:47:42 PM [] []
[2026-07-15 23:47:54] SlimMonoLogger.INFO: Cron ran at: 15-07-2026 11:47:54 PM [] []
[2026-07-15 23:48:07] SlimMonoLogger.INFO: Cron ran at: 15-07-2026 11:48:07 PM [] []
[2026-07-15 23:48:13] SlimMonoLogger.INFO: Cron ran at: 15-07-2026 11:48:13 PM [] []
[2026-07-15 23:48:34] SlimMonoLogger.INFO: Cron ran at: 15-07-2026 11:48:34 PM [] []
[2026-07-15 23:48:52] SlimMonoLogger.INFO: Cron ran at: 15-07-2026 11:48:52 PM [] []
[2026-07-15 23:48:54] SlimMonoLogger.INFO: Cron ran at: 15-07-2026 11:48:54 PM [] []
[2026-07-15 23:49:16] SlimMonoLogger.INFO: Cron ran at: 15-07-2026 11:49:16 PM [] []
[2026-07-15 23:49:35] SlimMonoLogger.INFO: Cron ran at: 15-07-2026 11:49:35 PM [] []
[2026-07-15 23:49:54] SlimMonoLogger.INFO: Cron ran at: 15-07-2026 11:49:54 PM [] []
[2026-07-15 23:49:57] SlimMonoLogger.INFO: Cron ran at: 15-07-2026 11:49:57 PM [] []
[2026-07-15 23:50:12] SlimMonoLogger.INFO: Cron ran at: 15-07-2026 11:50:12 PM [] []
[2026-07-15 23:50:22] SlimMonoLogger.INFO: Cron ran at: 15-07-2026 11:50:22 PM [] []
[2026-07-15 23:51:03] SlimMonoLogger.INFO: Cron ran at: 15-07-2026 11:51:03 PM [] []
[2026-07-15 23:51:04] SlimMonoLogger.INFO: Cron ran at: 15-07-2026 11:51:04 PM [] []
[2026-07-15 23:51:17] SlimMonoLogger.INFO: Cron ran at: 15-07-2026 11:51:17 PM [] []
[2026-07-15 23:51:59] SlimMonoLogger.INFO: Cron ran at: 15-07-2026 11:51:59 PM [] []
[2026-07-15 23:52:00] SlimMonoLogger.INFO: Cron ran at: 15-07-2026 11:52:00 PM [] []
[2026-07-15 23:52:02] SlimMonoLogger.INFO: Cron ran at: 15-07-2026 11:52:02 PM [] []
[2026-07-15 23:52:19] SlimMonoLogger.INFO: Cron ran at: 15-07-2026 11:52:19 PM [] []
[2026-07-15 23:52:54] SlimMonoLogger.INFO: Cron ran at: 15-07-2026 11:52:54 PM [] []
[2026-07-15 23:52:57] SlimMonoLogger.INFO: Cron ran at: 15-07-2026 11:52:57 PM [] []
[2026-07-15 23:52:58] SlimMonoLogger.INFO: Cron ran at: 15-07-2026 11:52:58 PM [] []
[2026-07-15 23:53:13] SlimMonoLogger.INFO: Cron ran at: 15-07-2026 11:53:13 PM [] []
[2026-07-15 23:53:41] SlimMonoLogger.INFO: Cron ran at: 15-07-2026 11:53:41 PM [] []
[2026-07-15 23:53:54] SlimMonoLogger.INFO: Cron ran at: 15-07-2026 11:53:54 PM [] []
[2026-07-15 23:53:54] SlimMonoLogger.INFO: Cron ran at: 15-07-2026 11:53:54 PM [] []
[2026-07-15 23:54:11] SlimMonoLogger.INFO: Cron ran at: 15-07-2026 11:54:11 PM [] []
[2026-07-15 23:54:37] SlimMonoLogger.INFO: Cron ran at: 15-07-2026 11:54:37 PM [] []
[2026-07-15 23:54:56] SlimMonoLogger.INFO: Cron ran at: 15-07-2026 11:54:56 PM [] []
[2026-07-15 23:54:57] SlimMonoLogger.INFO: Cron ran at: 15-07-2026 11:54:57 PM [] []
[2026-07-15 23:55:06] SlimMonoLogger.INFO: Cron ran at: 15-07-2026 11:55:06 PM [] []
[2026-07-15 23:55:26] SlimMonoLogger.INFO: Cron ran at: 15-07-2026 11:55:26 PM [] []
[2026-07-15 23:55:57] SlimMonoLogger.INFO: Cron ran at: 15-07-2026 11:55:57 PM [] []
[2026-07-15 23:56:10] SlimMonoLogger.INFO: Cron ran at: 15-07-2026 11:56:10 PM [] []
[2026-07-15 23:56:26] SlimMonoLogger.INFO: Cron ran at: 15-07-2026 11:56:26 PM [] []
[2026-07-15 23:56:44] SlimMonoLogger.INFO: Cron ran at: 15-07-2026 11:56:44 PM [] []
[2026-07-15 23:57:00] SlimMonoLogger.INFO: Cron ran at: 15-07-2026 11:57:00 PM [] []
[2026-07-15 23:57:10] SlimMonoLogger.INFO: Cron ran at: 15-07-2026 11:57:10 PM [] []
[2026-07-15 23:57:21] SlimMonoLogger.INFO: Cron ran at: 15-07-2026 11:57:21 PM [] []
[2026-07-15 23:57:36] SlimMonoLogger.INFO: Cron ran at: 15-07-2026 11:57:36 PM [] []
[2026-07-15 23:57:58] SlimMonoLogger.INFO: Cron ran at: 15-07-2026 11:57:58 PM [] []
[2026-07-15 23:58:09] SlimMonoLogger.INFO: Cron ran at: 15-07-2026 11:58:09 PM [] []
[2026-07-15 23:58:13] SlimMonoLogger.INFO: Cron ran at: 15-07-2026 11:58:13 PM [] []
[2026-07-15 23:58:22] SlimMonoLogger.INFO: Cron ran at: 15-07-2026 11:58:22 PM [] []
[2026-07-15 23:58:57] SlimMonoLogger.INFO: Cron ran at: 15-07-2026 11:58:57 PM [] []
[2026-07-15 23:59:10] SlimMonoLogger.INFO: Cron ran at: 15-07-2026 11:59:10 PM [] []
[2026-07-15 23:59:11] SlimMonoLogger.INFO: Cron ran at: 15-07-2026 11:59:11 PM [] []
[2026-07-15 23:59:20] SlimMonoLogger.INFO: Cron ran at: 15-07-2026 11:59:20 PM [] []
[2026-07-16 00:00:09] SlimMonoLogger.INFO: Cron ran at: 16-07-2026 12:00:09 AM [] []
[2026-07-16 00:00:10] SlimMonoLogger.INFO: Cron ran at: 16-07-2026 12:00:10 AM [] []
[2026-07-16 00:00:12] SlimMonoLogger.INFO: Cron ran at: 16-07-2026 12:00:12 AM [] []
[2026-07-16 00:00:20] SlimMonoLogger.INFO: Cron ran at: 16-07-2026 12:00:20 AM [] []
[2026-07-16 00:01:11] SlimMonoLogger.INFO: Cron ran at: 16-07-2026 12:01:11 AM [] []
[2026-07-16 00:01:15] SlimMonoLogger.INFO: Cron ran at: 16-07-2026 12:01:15 AM [] []
[2026-07-16 00:01:17] SlimMonoLogger.INFO: Cron ran at: 16-07-2026 12:01:17 AM [] []
[2026-07-16 00:01:54] SlimMonoLogger.INFO: Cron ran at: 16-07-2026 12:01:54 AM [] []
[2026-07-16 00:02:12] SlimMonoLogger.INFO: Cron ran at: 16-07-2026 12:02:12 AM [] []
[2026-07-16 00:02:17] SlimMonoLogger.INFO: Cron ran at: 16-07-2026 12:02:17 AM [] []
[2026-07-16 00:02:20] SlimMonoLogger.INFO: Cron ran at: 16-07-2026 12:02:20 AM [] []
[2026-07-16 00:02:43] SlimMonoLogger.INFO: Cron ran at: 16-07-2026 12:02:43 AM [] []
[2026-07-16 00:03:02] SlimMonoLogger.INFO: Cron ran at: 16-07-2026 12:03:02 AM [] []
[2026-07-16 00:03:10] SlimMonoLogger.INFO: Cron ran at: 16-07-2026 12:03:10 AM [] []
[2026-07-16 00:03:14] SlimMonoLogger.INFO: Cron ran at: 16-07-2026 12:03:14 AM [] []
[2026-07-16 00:03:35] SlimMonoLogger.INFO: Cron ran at: 16-07-2026 12:03:35 AM [] []
[2026-07-16 00:04:03] SlimMonoLogger.INFO: Cron ran at: 16-07-2026 12:04:03 AM [] []
[2026-07-16 00:04:07] SlimMonoLogger.INFO: Cron ran at: 16-07-2026 12:04:07 AM [] []
[2026-07-16 00:04:15] SlimMonoLogger.INFO: Cron ran at: 16-07-2026 12:04:15 AM [] []
[2026-07-16 00:04:27] SlimMonoLogger.INFO: Cron ran at: 16-07-2026 12:04:27 AM [] []
[2026-07-16 00:05:01] SlimMonoLogger.INFO: Cron ran at: 16-07-2026 12:05:01 AM [] []
[2026-07-16 00:05:08] SlimMonoLogger.INFO: Cron ran at: 16-07-2026 12:05:08 AM [] []
[2026-07-16 00:05:09] SlimMonoLogger.INFO: Cron ran at: 16-07-2026 12:05:09 AM [] []
[2026-07-16 00:06:04] SlimMonoLogger.INFO: Cron ran at: 16-07-2026 12:06:04 AM [] []
[2026-07-16 00:06:08] SlimMonoLogger.INFO: Cron ran at: 16-07-2026 12:06:08 AM [] []
[2026-07-16 00:06:14] SlimMonoLogger.INFO: Cron ran at: 16-07-2026 12:06:14 AM [] []
[2026-07-16 00:06:15] SlimMonoLogger.INFO: Cron ran at: 16-07-2026 12:06:15 AM [] []
[2026-07-16 00:06:58] SlimMonoLogger.INFO: Cron ran at: 16-07-2026 12:06:58 AM [] []
[2026-07-16 00:06:58] SlimMonoLogger.INFO: Cron ran at: 16-07-2026 12:06:58 AM [] []
[2026-07-16 00:07:16] SlimMonoLogger.INFO: Cron ran at: 16-07-2026 12:07:16 AM [] []
[2026-07-16 00:07:16] SlimMonoLogger.INFO: Cron ran at: 16-07-2026 12:07:16 AM [] []
[2026-07-16 00:07:46] SlimMonoLogger.INFO: Cron ran at: 16-07-2026 12:07:46 AM [] []
[2026-07-16 00:07:58] SlimMonoLogger.INFO: Cron ran at: 16-07-2026 12:07:58 AM [] []
[2026-07-16 00:08:11] SlimMonoLogger.INFO: Cron ran at: 16-07-2026 12:08:11 AM [] []
[2026-07-16 00:08:12] SlimMonoLogger.INFO: Cron ran at: 16-07-2026 12:08:12 AM [] []
[2026-07-16 00:08:38] SlimMonoLogger.INFO: Cron ran at: 16-07-2026 12:08:38 AM [] []
[2026-07-16 00:08:58] SlimMonoLogger.INFO: Cron ran at: 16-07-2026 12:08:58 AM [] []
[2026-07-16 00:09:10] SlimMonoLogger.INFO: Cron ran at: 16-07-2026 12:09:10 AM [] []
[2026-07-16 00:09:12] SlimMonoLogger.INFO: Cron ran at: 16-07-2026 12:09:12 AM [] []
[2026-07-16 00:09:30] SlimMonoLogger.INFO: Cron ran at: 16-07-2026 12:09:30 AM [] []
[2026-07-16 00:10:00] SlimMonoLogger.INFO: Cron ran at: 16-07-2026 12:10:00 AM [] []
[2026-07-16 00:10:05] SlimMonoLogger.INFO: Cron ran at: 16-07-2026 12:10:05 AM [] []
[2026-07-16 00:10:11] SlimMonoLogger.INFO: Cron ran at: 16-07-2026 12:10:11 AM [] []
[2026-07-16 00:10:27] SlimMonoLogger.INFO: Cron ran at: 16-07-2026 12:10:27 AM [] []
[2026-07-16 00:10:59] SlimMonoLogger.INFO: Cron ran at: 16-07-2026 12:10:59 AM [] []
[2026-07-16 00:11:08] SlimMonoLogger.INFO: Cron ran at: 16-07-2026 12:11:08 AM [] []
[2026-07-16 00:11:18] SlimMonoLogger.INFO: Cron ran at: 16-07-2026 12:11:18 AM [] []
[2026-07-16 00:11:26] SlimMonoLogger.INFO: Cron ran at: 16-07-2026 12:11:26 AM [] []
[2026-07-16 00:12:02] SlimMonoLogger.INFO: Cron ran at: 16-07-2026 12:12:02 AM [] []
[2026-07-16 00:12:11] SlimMonoLogger.INFO: Cron ran at: 16-07-2026 12:12:11 AM [] []
[2026-07-16 00:12:14] SlimMonoLogger.INFO: Cron ran at: 16-07-2026 12:12:14 AM [] []
[2026-07-16 00:12:19] SlimMonoLogger.INFO: Cron ran at: 16-07-2026 12:12:19 AM [] []
[2026-07-16 00:13:02] SlimMonoLogger.INFO: Cron ran at: 16-07-2026 12:13:02 AM [] []
[2026-07-16 00:13:06] SlimMonoLogger.INFO: Cron ran at: 16-07-2026 12:13:06 AM [] []
[2026-07-16 00:13:07] SlimMonoLogger.INFO: Cron ran at: 16-07-2026 12:13:07 AM [] []
[2026-07-16 00:13:21] SlimMonoLogger.INFO: Cron ran at: 16-07-2026 12:13:21 AM [] []
[2026-07-16 00:13:58] SlimMonoLogger.INFO: Cron ran at: 16-07-2026 12:13:58 AM [] []
[2026-07-16 00:13:59] SlimMonoLogger.INFO: Cron ran at: 16-07-2026 12:13:59 AM [] []
[2026-07-16 00:14:08] SlimMonoLogger.INFO: Cron ran at: 16-07-2026 12:14:08 AM [] []
[2026-07-16 00:14:09] SlimMonoLogger.INFO: Cron ran at: 16-07-2026 12:14:09 AM [] []
[2026-07-16 00:14:57] SlimMonoLogger.INFO: Cron ran at: 16-07-2026 12:14:57 AM [] []
[2026-07-16 00:14:59] SlimMonoLogger.INFO: Cron ran at: 16-07-2026 12:14:59 AM [] []
[2026-07-16 00:15:07] SlimMonoLogger.INFO: Cron ran at: 16-07-2026 12:15:07 AM [] []
[2026-07-16 00:15:11] SlimMonoLogger.INFO: Cron ran at: 16-07-2026 12:15:11 AM [] []
[2026-07-16 00:15:59] SlimMonoLogger.INFO: Cron ran at: 16-07-2026 12:15:59 AM [] []
[2026-07-16 00:16:19] SlimMonoLogger.INFO: Cron ran at: 16-07-2026 12:16:19 AM [] []
[2026-07-16 00:16:35] SlimMonoLogger.INFO: Cron ran at: 16-07-2026 12:16:35 AM [] []
[2026-07-16 00:16:48] SlimMonoLogger.INFO: Cron ran at: 16-07-2026 12:16:48 AM [] []
[2026-07-16 00:17:08] SlimMonoLogger.INFO: Cron ran at: 16-07-2026 12:17:08 AM [] []
[2026-07-16 00:17:14] SlimMonoLogger.INFO: Cron ran at: 16-07-2026 12:17:14 AM [] []
[2026-07-16 00:17:24] SlimMonoLogger.INFO: Cron ran at: 16-07-2026 12:17:24 AM [] []
[2026-07-16 00:17:34] SlimMonoLogger.INFO: Cron ran at: 16-07-2026 12:17:34 AM [] []
[2026-07-16 00:17:43] SlimMonoLogger.INFO: Cron ran at: 16-07-2026 12:17:43 AM [] []
[2026-07-16 00:18:11] SlimMonoLogger.INFO: Cron ran at: 16-07-2026 12:18:11 AM [] []
[2026-07-16 00:18:12] SlimMonoLogger.INFO: Cron ran at: 16-07-2026 12:18:12 AM [] []
[2026-07-16 00:18:26] SlimMonoLogger.INFO: Cron ran at: 16-07-2026 12:18:26 AM [] []
[2026-07-16 00:18:37] SlimMonoLogger.INFO: Cron ran at: 16-07-2026 12:18:37 AM [] []
[2026-07-16 00:19:08] SlimMonoLogger.INFO: Cron ran at: 16-07-2026 12:19:08 AM [] []
[2026-07-16 00:19:09] SlimMonoLogger.INFO: Cron ran at: 16-07-2026 12:19:09 AM [] []
[2026-07-16 00:19:19] SlimMonoLogger.INFO: Cron ran at: 16-07-2026 12:19:19 AM [] []
[2026-07-16 00:19:41] SlimMonoLogger.INFO: Cron ran at: 16-07-2026 12:19:41 AM [] []
[2026-07-16 00:20:11] SlimMonoLogger.INFO: Cron ran at: 16-07-2026 12:20:11 AM [] []
[2026-07-16 00:20:11] SlimMonoLogger.INFO: Cron ran at: 16-07-2026 12:20:11 AM [] []
[2026-07-16 00:20:12] SlimMonoLogger.INFO: Cron ran at: 16-07-2026 12:20:12 AM [] []
[2026-07-16 00:20:43] SlimMonoLogger.INFO: Cron ran at: 16-07-2026 12:20:43 AM [] []
[2026-07-16 00:21:09] SlimMonoLogger.INFO: Cron ran at: 16-07-2026 12:21:09 AM [] []
[2026-07-16 00:21:11] SlimMonoLogger.INFO: Cron ran at: 16-07-2026 12:21:11 AM [] []
[2026-07-16 00:21:49] SlimMonoLogger.INFO: Cron ran at: 16-07-2026 12:21:49 AM [] []
[2026-07-16 00:21:59] SlimMonoLogger.INFO: Cron ran at: 16-07-2026 12:21:59 AM [] []
[2026-07-16 00:22:01] SlimMonoLogger.INFO: Cron ran at: 16-07-2026 12:22:01 AM [] []
[2026-07-16 00:22:09] SlimMonoLogger.INFO: Cron ran at: 16-07-2026 12:22:09 AM [] []
[2026-07-16 00:22:40] SlimMonoLogger.INFO: Cron ran at: 16-07-2026 12:22:40 AM [] []
[2026-07-16 00:22:49] SlimMonoLogger.INFO: Cron ran at: 16-07-2026 12:22:49 AM [] []
[2026-07-16 00:23:03] SlimMonoLogger.INFO: Cron ran at: 16-07-2026 12:23:03 AM [] []
[2026-07-16 00:23:12] SlimMonoLogger.INFO: Cron ran at: 16-07-2026 12:23:12 AM [] []
[2026-07-16 00:23:38] SlimMonoLogger.INFO: Cron ran at: 16-07-2026 12:23:38 AM [] []
[2026-07-16 00:23:44] SlimMonoLogger.INFO: Cron ran at: 16-07-2026 12:23:44 AM [] []
[2026-07-16 00:24:00] SlimMonoLogger.INFO: Cron ran at: 16-07-2026 12:24:00 AM [] []
[2026-07-16 00:24:11] SlimMonoLogger.INFO: Cron ran at: 16-07-2026 12:24:11 AM [] []
[2026-07-16 00:24:29] SlimMonoLogger.INFO: Cron ran at: 16-07-2026 12:24:29 AM [] []
[2026-07-16 00:24:43] SlimMonoLogger.INFO: Cron ran at: 16-07-2026 12:24:43 AM [] []
[2026-07-16 00:25:00] SlimMonoLogger.INFO: Cron ran at: 16-07-2026 12:25:00 AM [] []
[2026-07-16 00:25:18] SlimMonoLogger.INFO: Cron ran at: 16-07-2026 12:25:18 AM [] []
[2026-07-16 00:25:26] SlimMonoLogger.INFO: Cron ran at: 16-07-2026 12:25:26 AM [] []
[2026-07-16 00:25:38] SlimMonoLogger.INFO: Cron ran at: 16-07-2026 12:25:38 AM [] []
[2026-07-16 00:25:59] SlimMonoLogger.INFO: Cron ran at: 16-07-2026 12:25:59 AM [] []
[2026-07-16 00:26:27] SlimMonoLogger.INFO: Cron ran at: 16-07-2026 12:26:27 AM [] []
[2026-07-16 00:26:39] SlimMonoLogger.INFO: Cron ran at: 16-07-2026 12:26:39 AM [] []
[2026-07-16 00:26:57] SlimMonoLogger.INFO: Cron ran at: 16-07-2026 12:26:57 AM [] []
[2026-07-16 00:26:57] SlimMonoLogger.INFO: Cron ran at: 16-07-2026 12:26:57 AM [] []
[2026-07-16 00:27:24] SlimMonoLogger.INFO: Cron ran at: 16-07-2026 12:27:24 AM [] []
[2026-07-16 00:27:39] SlimMonoLogger.INFO: Cron ran at: 16-07-2026 12:27:39 AM [] []
[2026-07-16 00:27:46] SlimMonoLogger.INFO: Cron ran at: 16-07-2026 12:27:46 AM [] []
[2026-07-16 00:28:01] SlimMonoLogger.INFO: Cron ran at: 16-07-2026 12:28:01 AM [] []
[2026-07-16 00:28:20] SlimMonoLogger.INFO: Cron ran at: 16-07-2026 12:28:20 AM [] []
[2026-07-16 00:28:37] SlimMonoLogger.INFO: Cron ran at: 16-07-2026 12:28:37 AM [] []
[2026-07-16 00:28:38] SlimMonoLogger.INFO: Cron ran at: 16-07-2026 12:28:38 AM [] []
[2026-07-16 00:29:01] SlimMonoLogger.INFO: Cron ran at: 16-07-2026 12:29:01 AM [] []
[2026-07-16 00:29:17] SlimMonoLogger.INFO: Cron ran at: 16-07-2026 12:29:17 AM [] []
[2026-07-16 00:29:30] SlimMonoLogger.INFO: Cron ran at: 16-07-2026 12:29:30 AM [] []
[2026-07-16 00:29:40] SlimMonoLogger.INFO: Cron ran at: 16-07-2026 12:29:40 AM [] []
[2026-07-16 00:30:00] SlimMonoLogger.INFO: Cron ran at: 16-07-2026 12:30:00 AM [] []
[2026-07-16 00:30:10] SlimMonoLogger.INFO: Cron ran at: 16-07-2026 12:30:10 AM [] []
[2026-07-16 00:30:27] SlimMonoLogger.INFO: Cron ran at: 16-07-2026 12:30:27 AM [] []
[2026-07-16 00:31:02] SlimMonoLogger.INFO: Cron ran at: 16-07-2026 12:31:02 AM [] []
[2026-07-16 00:31:17] SlimMonoLogger.INFO: Cron ran at: 16-07-2026 12:31:17 AM [] []
[2026-07-16 00:31:23] SlimMonoLogger.INFO: Cron ran at: 16-07-2026 12:31:23 AM [] []
[2026-07-16 00:31:44] SlimMonoLogger.INFO: Cron ran at: 16-07-2026 12:31:44 AM [] []
[2026-07-16 00:31:57] SlimMonoLogger.INFO: Cron ran at: 16-07-2026 12:31:57 AM [] []
[2026-07-16 00:32:12] SlimMonoLogger.INFO: Cron ran at: 16-07-2026 12:32:12 AM [] []
[2026-07-16 00:32:17] SlimMonoLogger.INFO: Cron ran at: 16-07-2026 12:32:17 AM [] []
[2026-07-16 00:32:34] SlimMonoLogger.INFO: Cron ran at: 16-07-2026 12:32:34 AM [] []
[2026-07-16 00:32:59] SlimMonoLogger.INFO: Cron ran at: 16-07-2026 12:32:59 AM [] []
[2026-07-16 00:33:13] SlimMonoLogger.INFO: Cron ran at: 16-07-2026 12:33:13 AM [] []
[2026-07-16 00:33:14] SlimMonoLogger.INFO: Cron ran at: 16-07-2026 12:33:14 AM [] []
[2026-07-16 00:33:25] SlimMonoLogger.INFO: Cron ran at: 16-07-2026 12:33:25 AM [] []
[2026-07-16 00:33:58] SlimMonoLogger.INFO: Cron ran at: 16-07-2026 12:33:58 AM [] []
[2026-07-16 00:34:13] SlimMonoLogger.INFO: Cron ran at: 16-07-2026 12:34:13 AM [] []
[2026-07-16 00:34:13] SlimMonoLogger.INFO: Cron ran at: 16-07-2026 12:34:13 AM [] []
[2026-07-16 00:34:18] SlimMonoLogger.INFO: Cron ran at: 16-07-2026 12:34:18 AM [] []
[2026-07-16 00:35:00] SlimMonoLogger.INFO: Cron ran at: 16-07-2026 12:35:00 AM [] []
[2026-07-16 00:35:09] SlimMonoLogger.INFO: Cron ran at: 16-07-2026 12:35:09 AM [] []
[2026-07-16 00:35:09] SlimMonoLogger.INFO: Cron ran at: 16-07-2026 12:35:09 AM [] []
[2026-07-16 00:35:11] SlimMonoLogger.INFO: Cron ran at: 16-07-2026 12:35:11 AM [] []
[2026-07-16 00:36:10] SlimMonoLogger.INFO: Cron ran at: 16-07-2026 12:36:10 AM [] []
[2026-07-16 00:36:10] SlimMonoLogger.INFO: Cron ran at: 16-07-2026 12:36:10 AM [] []
[2026-07-16 00:36:11] SlimMonoLogger.INFO: Cron ran at: 16-07-2026 12:36:11 AM [] []
[2026-07-16 00:37:07] SlimMonoLogger.INFO: Cron ran at: 16-07-2026 12:37:07 AM [] []
[2026-07-16 00:37:07] SlimMonoLogger.INFO: Cron ran at: 16-07-2026 12:37:07 AM [] []
[2026-07-16 00:37:10] SlimMonoLogger.INFO: Cron ran at: 16-07-2026 12:37:10 AM [] []
[2026-07-16 00:37:10] SlimMonoLogger.INFO: Cron ran at: 16-07-2026 12:37:10 AM [] []
[2026-07-16 00:38:00] SlimMonoLogger.INFO: Cron ran at: 16-07-2026 12:38:00 AM [] []
[2026-07-16 00:38:05] SlimMonoLogger.INFO: Cron ran at: 16-07-2026 12:38:05 AM [] []
[2026-07-16 00:38:19] SlimMonoLogger.INFO: Cron ran at: 16-07-2026 12:38:19 AM [] []
[2026-07-16 00:38:19] SlimMonoLogger.INFO: Cron ran at: 16-07-2026 12:38:19 AM [] []
[2026-07-16 00:39:02] SlimMonoLogger.INFO: Cron ran at: 16-07-2026 12:39:02 AM [] []
[2026-07-16 00:39:11] SlimMonoLogger.INFO: Cron ran at: 16-07-2026 12:39:11 AM [] []
[2026-07-16 00:39:28] SlimMonoLogger.INFO: Cron ran at: 16-07-2026 12:39:28 AM [] []
[2026-07-16 00:39:31] SlimMonoLogger.INFO: Cron ran at: 16-07-2026 12:39:31 AM [] []
[2026-07-16 00:39:56] SlimMonoLogger.INFO: Cron ran at: 16-07-2026 12:39:56 AM [] []
[2026-07-16 00:40:00] SlimMonoLogger.INFO: Cron ran at: 16-07-2026 12:40:00 AM [] []
[2026-07-16 00:40:10] SlimMonoLogger.INFO: Cron ran at: 16-07-2026 12:40:10 AM [] []
[2026-07-16 00:40:10] SlimMonoLogger.INFO: Cron ran at: 16-07-2026 12:40:10 AM [] []
[2026-07-16 00:40:36] SlimMonoLogger.INFO: Cron ran at: 16-07-2026 12:40:36 AM [] []
[2026-07-16 00:41:06] SlimMonoLogger.INFO: Cron ran at: 16-07-2026 12:41:06 AM [] []
[2026-07-16 00:41:10] SlimMonoLogger.INFO: Cron ran at: 16-07-2026 12:41:10 AM [] []
[2026-07-16 00:41:20] SlimMonoLogger.INFO: Cron ran at: 16-07-2026 12:41:20 AM [] []
[2026-07-16 00:41:31] SlimMonoLogger.INFO: Cron ran at: 16-07-2026 12:41:31 AM [] []
[2026-07-16 00:41:59] SlimMonoLogger.INFO: Cron ran at: 16-07-2026 12:41:59 AM [] []
[2026-07-16 00:42:23] SlimMonoLogger.INFO: Cron ran at: 16-07-2026 12:42:23 AM [] []
[2026-07-16 00:42:23] SlimMonoLogger.INFO: Cron ran at: 16-07-2026 12:42:23 AM [] []
[2026-07-16 00:42:36] SlimMonoLogger.INFO: Cron ran at: 16-07-2026 12:42:36 AM [] []
[2026-07-16 00:43:00] SlimMonoLogger.INFO: Cron ran at: 16-07-2026 12:43:00 AM [] []
[2026-07-16 00:43:04] SlimMonoLogger.INFO: Cron ran at: 16-07-2026 12:43:04 AM [] []
[2026-07-16 00:43:13] SlimMonoLogger.INFO: Cron ran at: 16-07-2026 12:43:13 AM [] []
[2026-07-16 00:43:25] SlimMonoLogger.INFO: Cron ran at: 16-07-2026 12:43:25 AM [] []
[2026-07-16 00:44:01] SlimMonoLogger.INFO: Cron ran at: 16-07-2026 12:44:01 AM [] []
[2026-07-16 00:44:01] SlimMonoLogger.INFO: Cron ran at: 16-07-2026 12:44:01 AM [] []
[2026-07-16 00:44:09] SlimMonoLogger.INFO: Cron ran at: 16-07-2026 12:44:09 AM [] []
[2026-07-16 00:44:26] SlimMonoLogger.INFO: Cron ran at: 16-07-2026 12:44:26 AM [] []
[2026-07-16 00:44:54] SlimMonoLogger.INFO: Cron ran at: 16-07-2026 12:44:54 AM [] []
[2026-07-16 00:45:01] SlimMonoLogger.INFO: Cron ran at: 16-07-2026 12:45:01 AM [] []
[2026-07-16 00:45:15] SlimMonoLogger.INFO: Cron ran at: 16-07-2026 12:45:15 AM [] []
[2026-07-16 00:45:23] SlimMonoLogger.INFO: Cron ran at: 16-07-2026 12:45:23 AM [] []
[2026-07-16 00:45:53] SlimMonoLogger.INFO: Cron ran at: 16-07-2026 12:45:53 AM [] []
[2026-07-16 00:46:03] SlimMonoLogger.INFO: Cron ran at: 16-07-2026 12:46:03 AM [] []
[2026-07-16 00:46:26] SlimMonoLogger.INFO: Cron ran at: 16-07-2026 12:46:26 AM [] []
[2026-07-16 00:46:38] SlimMonoLogger.INFO: Cron ran at: 16-07-2026 12:46:38 AM [] []
[2026-07-16 00:46:43] SlimMonoLogger.INFO: Cron ran at: 16-07-2026 12:46:43 AM [] []
[2026-07-16 00:46:59] SlimMonoLogger.INFO: Cron ran at: 16-07-2026 12:46:59 AM [] []
[2026-07-16 00:47:26] SlimMonoLogger.INFO: Cron ran at: 16-07-2026 12:47:26 AM [] []
[2026-07-16 00:47:27] SlimMonoLogger.INFO: Cron ran at: 16-07-2026 12:47:27 AM [] []
[2026-07-16 00:47:40] SlimMonoLogger.INFO: Cron ran at: 16-07-2026 12:47:40 AM [] []
[2026-07-16 00:48:01] SlimMonoLogger.INFO: Cron ran at: 16-07-2026 12:48:01 AM [] []
[2026-07-16 00:48:17] SlimMonoLogger.INFO: Cron ran at: 16-07-2026 12:48:17 AM [] []
[2026-07-16 00:48:24] SlimMonoLogger.INFO: Cron ran at: 16-07-2026 12:48:24 AM [] []
[2026-07-16 00:48:40] SlimMonoLogger.INFO: Cron ran at: 16-07-2026 12:48:40 AM [] []
[2026-07-16 00:49:01] SlimMonoLogger.INFO: Cron ran at: 16-07-2026 12:49:01 AM [] []
[2026-07-16 00:49:10] SlimMonoLogger.INFO: Cron ran at: 16-07-2026 12:49:10 AM [] []
[2026-07-16 00:49:21] SlimMonoLogger.INFO: Cron ran at: 16-07-2026 12:49:21 AM [] []
[2026-07-16 00:49:38] SlimMonoLogger.INFO: Cron ran at: 16-07-2026 12:49:38 AM [] []
[2026-07-16 00:49:58] SlimMonoLogger.INFO: Cron ran at: 16-07-2026 12:49:58 AM [] []
[2026-07-16 00:50:00] SlimMonoLogger.INFO: Cron ran at: 16-07-2026 12:50:00 AM [] []
[2026-07-16 00:50:23] SlimMonoLogger.INFO: Cron ran at: 16-07-2026 12:50:23 AM [] []
[2026-07-16 00:50:40] SlimMonoLogger.INFO: Cron ran at: 16-07-2026 12:50:40 AM [] []
[2026-07-16 00:50:58] SlimMonoLogger.INFO: Cron ran at: 16-07-2026 12:50:58 AM [] []
[2026-07-16 00:51:24] SlimMonoLogger.INFO: Cron ran at: 16-07-2026 12:51:24 AM [] []
[2026-07-16 00:51:29] SlimMonoLogger.INFO: Cron ran at: 16-07-2026 12:51:29 AM [] []
[2026-07-16 00:51:37] SlimMonoLogger.INFO: Cron ran at: 16-07-2026 12:51:37 AM [] []
[2026-07-16 00:52:01] SlimMonoLogger.INFO: Cron ran at: 16-07-2026 12:52:01 AM [] []
[2026-07-16 00:52:19] SlimMonoLogger.INFO: Cron ran at: 16-07-2026 12:52:19 AM [] []
[2026-07-16 00:52:21] SlimMonoLogger.INFO: Cron ran at: 16-07-2026 12:52:21 AM [] []
[2026-07-16 00:52:37] SlimMonoLogger.INFO: Cron ran at: 16-07-2026 12:52:37 AM [] []
[2026-07-16 00:52:51] SlimMonoLogger.INFO: Cron ran at: 16-07-2026 12:52:51 AM [] []
[2026-07-16 00:53:06] SlimMonoLogger.INFO: Cron ran at: 16-07-2026 12:53:06 AM [] []
[2026-07-16 00:53:24] SlimMonoLogger.INFO: Cron ran at: 16-07-2026 12:53:24 AM [] []
[2026-07-16 00:53:37] SlimMonoLogger.INFO: Cron ran at: 16-07-2026 12:53:37 AM [] []
[2026-07-16 00:53:49] SlimMonoLogger.INFO: Cron ran at: 16-07-2026 12:53:49 AM [] []
[2026-07-16 00:54:06] SlimMonoLogger.INFO: Cron ran at: 16-07-2026 12:54:06 AM [] []
[2026-07-16 00:54:22] SlimMonoLogger.INFO: Cron ran at: 16-07-2026 12:54:22 AM [] []
[2026-07-16 00:54:37] SlimMonoLogger.INFO: Cron ran at: 16-07-2026 12:54:37 AM [] []
[2026-07-16 00:54:49] SlimMonoLogger.INFO: Cron ran at: 16-07-2026 12:54:49 AM [] []
[2026-07-16 00:54:53] SlimMonoLogger.INFO: Cron ran at: 16-07-2026 12:54:53 AM [] []
[2026-07-16 00:55:23] SlimMonoLogger.INFO: Cron ran at: 16-07-2026 12:55:23 AM [] []
[2026-07-16 00:55:40] SlimMonoLogger.INFO: Cron ran at: 16-07-2026 12:55:40 AM [] []
[2026-07-16 00:55:49] SlimMonoLogger.INFO: Cron ran at: 16-07-2026 12:55:49 AM [] []
[2026-07-16 00:55:52] SlimMonoLogger.INFO: Cron ran at: 16-07-2026 12:55:52 AM [] []
[2026-07-16 00:56:41] SlimMonoLogger.INFO: Cron ran at: 16-07-2026 12:56:41 AM [] []
[2026-07-16 00:56:47] SlimMonoLogger.INFO: Cron ran at: 16-07-2026 12:56:47 AM [] []
[2026-07-16 00:56:48] SlimMonoLogger.INFO: Cron ran at: 16-07-2026 12:56:48 AM [] []
[2026-07-16 00:56:49] SlimMonoLogger.INFO: Cron ran at: 16-07-2026 12:56:49 AM [] []
[2026-07-16 00:57:39] SlimMonoLogger.INFO: Cron ran at: 16-07-2026 12:57:39 AM [] []
[2026-07-16 00:57:40] SlimMonoLogger.INFO: Cron ran at: 16-07-2026 12:57:40 AM [] []
[2026-07-16 00:57:46] SlimMonoLogger.INFO: Cron ran at: 16-07-2026 12:57:46 AM [] []
[2026-07-16 00:57:46] SlimMonoLogger.INFO: Cron ran at: 16-07-2026 12:57:46 AM [] []
[2026-07-16 00:58:32] SlimMonoLogger.INFO: Cron ran at: 16-07-2026 12:58:32 AM [] []
[2026-07-16 00:58:41] SlimMonoLogger.INFO: Cron ran at: 16-07-2026 12:58:41 AM [] []
[2026-07-16 00:58:41] SlimMonoLogger.INFO: Cron ran at: 16-07-2026 12:58:41 AM [] []
[2026-07-16 00:58:49] SlimMonoLogger.INFO: Cron ran at: 16-07-2026 12:58:49 AM [] []
[2026-07-16 00:59:22] SlimMonoLogger.INFO: Cron ran at: 16-07-2026 12:59:22 AM [] []
[2026-07-16 00:59:40] SlimMonoLogger.INFO: Cron ran at: 16-07-2026 12:59:40 AM [] []
[2026-07-16 00:59:41] SlimMonoLogger.INFO: Cron ran at: 16-07-2026 12:59:41 AM [] []
[2026-07-16 00:59:50] SlimMonoLogger.INFO: Cron ran at: 16-07-2026 12:59:50 AM [] []
[2026-07-16 01:00:19] SlimMonoLogger.INFO: Cron ran at: 16-07-2026 01:00:19 AM [] []
[2026-07-16 01:00:46] SlimMonoLogger.INFO: Cron ran at: 16-07-2026 01:00:46 AM [] []
[2026-07-16 01:00:51] SlimMonoLogger.INFO: Cron ran at: 16-07-2026 01:00:51 AM [] []
[2026-07-16 01:01:15] SlimMonoLogger.INFO: Cron ran at: 16-07-2026 01:01:15 AM [] []
[2026-07-16 01:01:31] SlimMonoLogger.INFO: Cron ran at: 16-07-2026 01:01:31 AM [] []
[2026-07-16 01:01:43] SlimMonoLogger.INFO: Cron ran at: 16-07-2026 01:01:43 AM [] []
[2026-07-16 01:01:49] SlimMonoLogger.INFO: Cron ran at: 16-07-2026 01:01:49 AM [] []
[2026-07-16 01:02:09] SlimMonoLogger.INFO: Cron ran at: 16-07-2026 01:02:09 AM [] []
[2026-07-16 01:02:34] SlimMonoLogger.INFO: Cron ran at: 16-07-2026 01:02:34 AM [] []
[2026-07-16 01:02:42] SlimMonoLogger.INFO: Cron ran at: 16-07-2026 01:02:42 AM [] []
[2026-07-16 01:02:53] SlimMonoLogger.INFO: Cron ran at: 16-07-2026 01:02:53 AM [] []
[2026-07-16 01:03:03] SlimMonoLogger.INFO: Cron ran at: 16-07-2026 01:03:03 AM [] []
[2026-07-16 01:03:15] SlimMonoLogger.INFO: Cron ran at: 16-07-2026 01:03:15 AM [] []
[2026-07-16 01:03:45] SlimMonoLogger.INFO: Cron ran at: 16-07-2026 01:03:45 AM [] []
[2026-07-16 01:03:48] SlimMonoLogger.INFO: Cron ran at: 16-07-2026 01:03:48 AM [] []
[2026-07-16 01:04:03] SlimMonoLogger.INFO: Cron ran at: 16-07-2026 01:04:03 AM [] []
[2026-07-16 01:04:03] SlimMonoLogger.INFO: Cron ran at: 16-07-2026 01:04:03 AM [] []
[2026-07-16 01:04:45] SlimMonoLogger.INFO: Cron ran at: 16-07-2026 01:04:45 AM [] []
[2026-07-16 01:04:50] SlimMonoLogger.INFO: Cron ran at: 16-07-2026 01:04:50 AM [] []
[2026-07-16 01:04:59] SlimMonoLogger.INFO: Cron ran at: 16-07-2026 01:04:59 AM [] []
[2026-07-16 01:05:02] SlimMonoLogger.INFO: Cron ran at: 16-07-2026 01:05:02 AM [] []
[2026-07-16 01:05:44] SlimMonoLogger.INFO: Cron ran at: 16-07-2026 01:05:44 AM [] []
[2026-07-16 01:05:57] SlimMonoLogger.INFO: Cron ran at: 16-07-2026 01:05:57 AM [] []
[2026-07-16 01:06:02] SlimMonoLogger.INFO: Cron ran at: 16-07-2026 01:06:02 AM [] []
[2026-07-16 01:06:46] SlimMonoLogger.INFO: Cron ran at: 16-07-2026 01:06:46 AM [] []
[2026-07-16 01:06:51] SlimMonoLogger.INFO: Cron ran at: 16-07-2026 01:06:51 AM [] []
[2026-07-16 01:06:59] SlimMonoLogger.INFO: Cron ran at: 16-07-2026 01:06:59 AM [] []
[2026-07-16 01:07:03] SlimMonoLogger.INFO: Cron ran at: 16-07-2026 01:07:03 AM [] []
[2026-07-16 01:07:46] SlimMonoLogger.INFO: Cron ran at: 16-07-2026 01:07:46 AM [] []
[2026-07-16 01:07:46] SlimMonoLogger.INFO: Cron ran at: 16-07-2026 01:07:46 AM [] []
[2026-07-16 01:07:47] SlimMonoLogger.INFO: Cron ran at: 16-07-2026 01:07:47 AM [] []
[2026-07-16 01:08:01] SlimMonoLogger.INFO: Cron ran at: 16-07-2026 01:08:01 AM [] []
[2026-07-16 01:08:41] SlimMonoLogger.INFO: Cron ran at: 16-07-2026 01:08:41 AM [] []
[2026-07-16 01:08:43] SlimMonoLogger.INFO: Cron ran at: 16-07-2026 01:08:43 AM [] []
[2026-07-16 01:08:43] SlimMonoLogger.INFO: Cron ran at: 16-07-2026 01:08:43 AM [] []
[2026-07-16 01:09:02] SlimMonoLogger.INFO: Cron ran at: 16-07-2026 01:09:02 AM [] []
[2026-07-16 01:09:32] SlimMonoLogger.INFO: Cron ran at: 16-07-2026 01:09:32 AM [] []
[2026-07-16 01:09:45] SlimMonoLogger.INFO: Cron ran at: 16-07-2026 01:09:45 AM [] []
[2026-07-16 01:09:45] SlimMonoLogger.INFO: Cron ran at: 16-07-2026 01:09:45 AM [] []
[2026-07-16 01:10:05] SlimMonoLogger.INFO: Cron ran at: 16-07-2026 01:10:05 AM [] []
[2026-07-16 01:10:27] SlimMonoLogger.INFO: Cron ran at: 16-07-2026 01:10:27 AM [] []
[2026-07-16 01:10:49] SlimMonoLogger.INFO: Cron ran at: 16-07-2026 01:10:49 AM [] []
[2026-07-16 01:11:08] SlimMonoLogger.INFO: Cron ran at: 16-07-2026 01:11:08 AM [] []
[2026-07-16 01:11:20] SlimMonoLogger.INFO: Cron ran at: 16-07-2026 01:11:20 AM [] []
[2026-07-16 01:11:30] SlimMonoLogger.INFO: Cron ran at: 16-07-2026 01:11:30 AM [] []
[2026-07-16 01:11:46] SlimMonoLogger.INFO: Cron ran at: 16-07-2026 01:11:46 AM [] []
[2026-07-16 01:12:05] SlimMonoLogger.INFO: Cron ran at: 16-07-2026 01:12:05 AM [] []
[2026-07-16 01:12:18] SlimMonoLogger.INFO: Cron ran at: 16-07-2026 01:12:18 AM [] []
[2026-07-16 01:12:19] SlimMonoLogger.INFO: Cron ran at: 16-07-2026 01:12:19 AM [] []
[2026-07-16 01:12:47] SlimMonoLogger.INFO: Cron ran at: 16-07-2026 01:12:47 AM [] []
[2026-07-16 01:13:04] SlimMonoLogger.INFO: Cron ran at: 16-07-2026 01:13:04 AM [] []
[2026-07-16 01:13:10] SlimMonoLogger.INFO: Cron ran at: 16-07-2026 01:13:10 AM [] []
[2026-07-16 01:13:10] SlimMonoLogger.INFO: Cron ran at: 16-07-2026 01:13:10 AM [] []
[2026-07-16 01:13:47] SlimMonoLogger.INFO: Cron ran at: 16-07-2026 01:13:47 AM [] []
[2026-07-16 01:14:01] SlimMonoLogger.INFO: Cron ran at: 16-07-2026 01:14:01 AM [] []
[2026-07-16 01:14:02] SlimMonoLogger.INFO: Cron ran at: 16-07-2026 01:14:02 AM [] []
[2026-07-16 01:14:11] SlimMonoLogger.INFO: Cron ran at: 16-07-2026 01:14:11 AM [] []
[2026-07-16 01:14:45] SlimMonoLogger.INFO: Cron ran at: 16-07-2026 01:14:45 AM [] []
[2026-07-16 01:14:58] SlimMonoLogger.INFO: Cron ran at: 16-07-2026 01:14:58 AM [] []
[2026-07-16 01:14:59] SlimMonoLogger.INFO: Cron ran at: 16-07-2026 01:14:59 AM [] []
[2026-07-16 01:15:10] SlimMonoLogger.INFO: Cron ran at: 16-07-2026 01:15:10 AM [] []
[2026-07-16 01:15:44] SlimMonoLogger.INFO: Cron ran at: 16-07-2026 01:15:44 AM [] []
[2026-07-16 01:15:51] SlimMonoLogger.INFO: Cron ran at: 16-07-2026 01:15:51 AM [] []
[2026-07-16 01:16:14] SlimMonoLogger.INFO: Cron ran at: 16-07-2026 01:16:14 AM [] []
[2026-07-16 01:16:47] SlimMonoLogger.INFO: Cron ran at: 16-07-2026 01:16:47 AM [] []
[2026-07-16 01:16:49] SlimMonoLogger.INFO: Cron ran at: 16-07-2026 01:16:49 AM [] []
[2026-07-16 01:16:54] SlimMonoLogger.INFO: Cron ran at: 16-07-2026 01:16:54 AM [] []
[2026-07-16 01:17:11] SlimMonoLogger.INFO: Cron ran at: 16-07-2026 01:17:11 AM [] []
[2026-07-16 01:17:47] SlimMonoLogger.INFO: Cron ran at: 16-07-2026 01:17:47 AM [] []
[2026-07-16 01:17:48] SlimMonoLogger.INFO: Cron ran at: 16-07-2026 01:17:48 AM [] []
[2026-07-16 01:17:48] SlimMonoLogger.INFO: Cron ran at: 16-07-2026 01:17:48 AM [] []
[2026-07-16 01:18:13] SlimMonoLogger.INFO: Cron ran at: 16-07-2026 01:18:13 AM [] []
[2026-07-16 01:18:38] SlimMonoLogger.INFO: Cron ran at: 16-07-2026 01:18:38 AM [] []
[2026-07-16 01:18:43] SlimMonoLogger.INFO: Cron ran at: 16-07-2026 01:18:43 AM [] []
[2026-07-16 01:18:45] SlimMonoLogger.INFO: Cron ran at: 16-07-2026 01:18:45 AM [] []
[2026-07-16 01:19:17] SlimMonoLogger.INFO: Cron ran at: 16-07-2026 01:19:17 AM [] []
[2026-07-16 01:19:32] SlimMonoLogger.INFO: Cron ran at: 16-07-2026 01:19:32 AM [] []
[2026-07-16 01:19:43] SlimMonoLogger.INFO: Cron ran at: 16-07-2026 01:19:43 AM [] []
[2026-07-16 01:19:43] SlimMonoLogger.INFO: Cron ran at: 16-07-2026 01:19:43 AM [] []
[2026-07-16 01:20:13] SlimMonoLogger.INFO: Cron ran at: 16-07-2026 01:20:13 AM [] []
[2026-07-16 01:20:27] SlimMonoLogger.INFO: Cron ran at: 16-07-2026 01:20:27 AM [] []
[2026-07-16 01:20:45] SlimMonoLogger.INFO: Cron ran at: 16-07-2026 01:20:45 AM [] []
[2026-07-16 01:21:13] SlimMonoLogger.INFO: Cron ran at: 16-07-2026 01:21:13 AM [] []
[2026-07-16 01:21:24] SlimMonoLogger.INFO: Cron ran at: 16-07-2026 01:21:24 AM [] []
[2026-07-16 01:21:32] SlimMonoLogger.INFO: Cron ran at: 16-07-2026 01:21:32 AM [] []
[2026-07-16 01:21:46] SlimMonoLogger.INFO: Cron ran at: 16-07-2026 01:21:46 AM [] []
[2026-07-16 01:22:15] SlimMonoLogger.INFO: Cron ran at: 16-07-2026 01:22:15 AM [] []
[2026-07-16 01:22:15] SlimMonoLogger.INFO: Cron ran at: 16-07-2026 01:22:15 AM [] []
[2026-07-16 01:22:18] SlimMonoLogger.INFO: Cron ran at: 16-07-2026 01:22:18 AM [] []
[2026-07-16 01:22:49] SlimMonoLogger.INFO: Cron ran at: 16-07-2026 01:22:49 AM [] []
[2026-07-16 01:23:12] SlimMonoLogger.INFO: Cron ran at: 16-07-2026 01:23:12 AM [] []
[2026-07-16 01:23:12] SlimMonoLogger.INFO: Cron ran at: 16-07-2026 01:23:12 AM [] []
[2026-07-16 01:23:12] SlimMonoLogger.INFO: Cron ran at: 16-07-2026 01:23:12 AM [] []
[2026-07-16 01:23:52] SlimMonoLogger.INFO: Cron ran at: 16-07-2026 01:23:52 AM [] []
[2026-07-16 01:24:09] SlimMonoLogger.INFO: Cron ran at: 16-07-2026 01:24:09 AM [] []
[2026-07-16 01:24:09] SlimMonoLogger.INFO: Cron ran at: 16-07-2026 01:24:09 AM [] []
[2026-07-16 01:24:10] SlimMonoLogger.INFO: Cron ran at: 16-07-2026 01:24:10 AM [] []
[2026-07-16 01:24:47] SlimMonoLogger.INFO: Cron ran at: 16-07-2026 01:24:47 AM [] []
[2026-07-16 01:25:01] SlimMonoLogger.INFO: Cron ran at: 16-07-2026 01:25:01 AM [] []
[2026-07-16 01:25:09] SlimMonoLogger.INFO: Cron ran at: 16-07-2026 01:25:09 AM [] []
[2026-07-16 01:25:10] SlimMonoLogger.INFO: Cron ran at: 16-07-2026 01:25:10 AM [] []
[2026-07-16 01:25:47] SlimMonoLogger.INFO: Cron ran at: 16-07-2026 01:25:47 AM [] []
[2026-07-16 01:25:56] SlimMonoLogger.INFO: Cron ran at: 16-07-2026 01:25:56 AM [] []
[2026-07-16 01:26:11] SlimMonoLogger.INFO: Cron ran at: 16-07-2026 01:26:11 AM [] []
[2026-07-16 01:26:23] SlimMonoLogger.INFO: Cron ran at: 16-07-2026 01:26:23 AM [] []
[2026-07-16 01:26:47] SlimMonoLogger.INFO: Cron ran at: 16-07-2026 01:26:47 AM [] []
[2026-07-16 01:26:50] SlimMonoLogger.INFO: Cron ran at: 16-07-2026 01:26:50 AM [] []
[2026-07-16 01:27:12] SlimMonoLogger.INFO: Cron ran at: 16-07-2026 01:27:12 AM [] []
[2026-07-16 01:27:24] SlimMonoLogger.INFO: Cron ran at: 16-07-2026 01:27:24 AM [] []
[2026-07-16 01:27:46] SlimMonoLogger.INFO: Cron ran at: 16-07-2026 01:27:46 AM [] []
[2026-07-16 01:27:46] SlimMonoLogger.INFO: Cron ran at: 16-07-2026 01:27:46 AM [] []
[2026-07-16 01:28:08] SlimMonoLogger.INFO: Cron ran at: 16-07-2026 01:28:08 AM [] []
[2026-07-16 01:28:08] SlimMonoLogger.INFO: Cron ran at: 16-07-2026 01:28:08 AM [] []
[2026-07-16 01:28:47] SlimMonoLogger.INFO: Cron ran at: 16-07-2026 01:28:47 AM [] []
[2026-07-16 01:28:47] SlimMonoLogger.INFO: Cron ran at: 16-07-2026 01:28:47 AM [] []
[2026-07-16 01:28:59] SlimMonoLogger.INFO: Cron ran at: 16-07-2026 01:28:59 AM [] []
[2026-07-16 01:29:12] SlimMonoLogger.INFO: Cron ran at: 16-07-2026 01:29:12 AM [] []
[2026-07-16 01:29:45] SlimMonoLogger.INFO: Cron ran at: 16-07-2026 01:29:45 AM [] []
[2026-07-16 01:29:46] SlimMonoLogger.INFO: Cron ran at: 16-07-2026 01:29:46 AM [] []
[2026-07-16 01:29:54] SlimMonoLogger.INFO: Cron ran at: 16-07-2026 01:29:54 AM [] []
[2026-07-16 01:30:05] SlimMonoLogger.INFO: Cron ran at: 16-07-2026 01:30:05 AM [] []
[2026-07-16 01:30:48] SlimMonoLogger.INFO: Cron ran at: 16-07-2026 01:30:48 AM [] []
[2026-07-16 01:30:48] SlimMonoLogger.INFO: Cron ran at: 16-07-2026 01:30:48 AM [] []
[2026-07-16 01:31:10] SlimMonoLogger.INFO: Cron ran at: 16-07-2026 01:31:10 AM [] []
[2026-07-16 01:31:44] SlimMonoLogger.INFO: Cron ran at: 16-07-2026 01:31:44 AM [] []
[2026-07-16 01:31:45] SlimMonoLogger.INFO: Cron ran at: 16-07-2026 01:31:45 AM [] []
[2026-07-16 01:31:45] SlimMonoLogger.INFO: Cron ran at: 16-07-2026 01:31:45 AM [] []
[2026-07-16 01:32:11] SlimMonoLogger.INFO: Cron ran at: 16-07-2026 01:32:11 AM [] []
[2026-07-16 01:32:32] SlimMonoLogger.INFO: Cron ran at: 16-07-2026 01:32:32 AM [] []
[2026-07-16 01:32:41] SlimMonoLogger.INFO: Cron ran at: 16-07-2026 01:32:41 AM [] []
[2026-07-16 01:32:44] SlimMonoLogger.INFO: Cron ran at: 16-07-2026 01:32:44 AM [] []
[2026-07-16 01:33:10] SlimMonoLogger.INFO: Cron ran at: 16-07-2026 01:33:10 AM [] []
[2026-07-16 01:33:25] SlimMonoLogger.INFO: Cron ran at: 16-07-2026 01:33:25 AM [] []
[2026-07-16 01:33:35] SlimMonoLogger.INFO: Cron ran at: 16-07-2026 01:33:35 AM [] []
[2026-07-16 01:33:44] SlimMonoLogger.INFO: Cron ran at: 16-07-2026 01:33:44 AM [] []
[2026-07-16 01:34:09] SlimMonoLogger.INFO: Cron ran at: 16-07-2026 01:34:09 AM [] []
[2026-07-16 01:34:16] SlimMonoLogger.INFO: Cron ran at: 16-07-2026 01:34:16 AM [] []
[2026-07-16 01:34:38] SlimMonoLogger.INFO: Cron ran at: 16-07-2026 01:34:38 AM [] []
[2026-07-16 01:34:46] SlimMonoLogger.INFO: Cron ran at: 16-07-2026 01:34:46 AM [] []
[2026-07-16 01:35:11] SlimMonoLogger.INFO: Cron ran at: 16-07-2026 01:35:11 AM [] []
[2026-07-16 01:35:11] SlimMonoLogger.INFO: Cron ran at: 16-07-2026 01:35:11 AM [] []
[2026-07-16 01:35:39] SlimMonoLogger.INFO: Cron ran at: 16-07-2026 01:35:39 AM [] []
[2026-07-16 01:35:47] SlimMonoLogger.INFO: Cron ran at: 16-07-2026 01:35:47 AM [] []
[2026-07-16 01:36:06] SlimMonoLogger.INFO: Cron ran at: 16-07-2026 01:36:06 AM [] []
[2026-07-16 01:36:40] SlimMonoLogger.INFO: Cron ran at: 16-07-2026 01:36:40 AM [] []
[2026-07-16 01:36:41] SlimMonoLogger.INFO: Cron ran at: 16-07-2026 01:36:41 AM [] []
[2026-07-16 01:36:43] SlimMonoLogger.INFO: Cron ran at: 16-07-2026 01:36:43 AM [] []
[2026-07-16 01:37:01] SlimMonoLogger.INFO: Cron ran at: 16-07-2026 01:37:01 AM [] []
[2026-07-16 01:37:30] SlimMonoLogger.INFO: Cron ran at: 16-07-2026 01:37:30 AM [] []
[2026-07-16 01:37:41] SlimMonoLogger.INFO: Cron ran at: 16-07-2026 01:37:41 AM [] []
[2026-07-16 01:37:46] SlimMonoLogger.INFO: Cron ran at: 16-07-2026 01:37:46 AM [] []
[2026-07-16 01:37:58] SlimMonoLogger.INFO: Cron ran at: 16-07-2026 01:37:58 AM [] []
[2026-07-16 01:38:22] SlimMonoLogger.INFO: Cron ran at: 16-07-2026 01:38:22 AM [] []
[2026-07-16 01:38:39] SlimMonoLogger.INFO: Cron ran at: 16-07-2026 01:38:39 AM [] []
[2026-07-16 01:38:44] SlimMonoLogger.INFO: Cron ran at: 16-07-2026 01:38:44 AM [] []
[2026-07-16 01:38:58] SlimMonoLogger.INFO: Cron ran at: 16-07-2026 01:38:58 AM [] []
[2026-07-16 01:39:14] SlimMonoLogger.INFO: Cron ran at: 16-07-2026 01:39:14 AM [] []
[2026-07-16 01:39:43] SlimMonoLogger.INFO: Cron ran at: 16-07-2026 01:39:43 AM [] []
[2026-07-16 01:39:44] SlimMonoLogger.INFO: Cron ran at: 16-07-2026 01:39:44 AM [] []
[2026-07-16 01:40:07] SlimMonoLogger.INFO: Cron ran at: 16-07-2026 01:40:07 AM [] []
[2026-07-16 01:40:07] SlimMonoLogger.INFO: Cron ran at: 16-07-2026 01:40:07 AM [] []
[2026-07-16 01:40:44] SlimMonoLogger.INFO: Cron ran at: 16-07-2026 01:40:44 AM [] []
[2026-07-16 01:40:55] SlimMonoLogger.INFO: Cron ran at: 16-07-2026 01:40:55 AM [] []
[2026-07-16 01:41:05] SlimMonoLogger.INFO: Cron ran at: 16-07-2026 01:41:05 AM [] []
[2026-07-16 01:41:41] SlimMonoLogger.INFO: Cron ran at: 16-07-2026 01:41:41 AM [] []
[2026-07-16 01:41:59] SlimMonoLogger.INFO: Cron ran at: 16-07-2026 01:41:59 AM [] []
[2026-07-16 01:42:00] SlimMonoLogger.INFO: Cron ran at: 16-07-2026 01:42:00 AM [] []
[2026-07-16 01:42:00] SlimMonoLogger.INFO: Cron ran at: 16-07-2026 01:42:00 AM [] []
[2026-07-16 01:42:39] SlimMonoLogger.INFO: Cron ran at: 16-07-2026 01:42:39 AM [] []
[2026-07-16 01:42:49] SlimMonoLogger.INFO: Cron ran at: 16-07-2026 01:42:49 AM [] []
[2026-07-16 01:42:52] SlimMonoLogger.INFO: Cron ran at: 16-07-2026 01:42:52 AM [] []
[2026-07-16 01:42:54] SlimMonoLogger.INFO: Cron ran at: 16-07-2026 01:42:54 AM [] []
[2026-07-16 01:43:42] SlimMonoLogger.INFO: Cron ran at: 16-07-2026 01:43:42 AM [] []
[2026-07-16 01:43:42] SlimMonoLogger.INFO: Cron ran at: 16-07-2026 01:43:42 AM [] []
[2026-07-16 01:43:54] SlimMonoLogger.INFO: Cron ran at: 16-07-2026 01:43:54 AM [] []
[2026-07-16 01:43:55] SlimMonoLogger.INFO: Cron ran at: 16-07-2026 01:43:55 AM [] []
[2026-07-16 01:44:35] SlimMonoLogger.INFO: Cron ran at: 16-07-2026 01:44:35 AM [] []
[2026-07-16 01:44:35] SlimMonoLogger.INFO: Cron ran at: 16-07-2026 01:44:35 AM [] []
[2026-07-16 01:44:53] SlimMonoLogger.INFO: Cron ran at: 16-07-2026 01:44:53 AM [] []
[2026-07-16 01:44:53] SlimMonoLogger.INFO: Cron ran at: 16-07-2026 01:44:53 AM [] []
[2026-07-16 01:45:31] SlimMonoLogger.INFO: Cron ran at: 16-07-2026 01:45:31 AM [] []
[2026-07-16 01:45:54] SlimMonoLogger.INFO: Cron ran at: 16-07-2026 01:45:54 AM [] []
[2026-07-16 01:45:57] SlimMonoLogger.INFO: Cron ran at: 16-07-2026 01:45:57 AM [] []
[2026-07-16 01:46:25] SlimMonoLogger.INFO: Cron ran at: 16-07-2026 01:46:25 AM [] []
[2026-07-16 01:46:37] SlimMonoLogger.INFO: Cron ran at: 16-07-2026 01:46:37 AM [] []
[2026-07-16 01:46:53] SlimMonoLogger.INFO: Cron ran at: 16-07-2026 01:46:53 AM [] []
[2026-07-16 01:46:54] SlimMonoLogger.INFO: Cron ran at: 16-07-2026 01:46:54 AM [] []
[2026-07-16 01:47:16] SlimMonoLogger.INFO: Cron ran at: 16-07-2026 01:47:16 AM [] []
[2026-07-16 01:47:27] SlimMonoLogger.INFO: Cron ran at: 16-07-2026 01:47:27 AM [] []
[2026-07-16 01:47:55] SlimMonoLogger.INFO: Cron ran at: 16-07-2026 01:47:55 AM [] []
[2026-07-16 01:47:56] SlimMonoLogger.INFO: Cron ran at: 16-07-2026 01:47:56 AM [] []
[2026-07-16 01:48:14] SlimMonoLogger.INFO: Cron ran at: 16-07-2026 01:48:14 AM [] []
[2026-07-16 01:48:14] SlimMonoLogger.INFO: Cron ran at: 16-07-2026 01:48:14 AM [] []
[2026-07-16 01:48:53] SlimMonoLogger.INFO: Cron ran at: 16-07-2026 01:48:53 AM [] []
[2026-07-16 01:48:53] SlimMonoLogger.INFO: Cron ran at: 16-07-2026 01:48:53 AM [] []
[2026-07-16 01:49:09] SlimMonoLogger.INFO: Cron ran at: 16-07-2026 01:49:09 AM [] []
[2026-07-16 01:49:11] SlimMonoLogger.INFO: Cron ran at: 16-07-2026 01:49:11 AM [] []
[2026-07-16 01:49:52] SlimMonoLogger.INFO: Cron ran at: 16-07-2026 01:49:52 AM [] []
[2026-07-16 01:49:55] SlimMonoLogger.INFO: Cron ran at: 16-07-2026 01:49:55 AM [] []
[2026-07-16 01:50:07] SlimMonoLogger.INFO: Cron ran at: 16-07-2026 01:50:07 AM [] []
[2026-07-16 01:50:13] SlimMonoLogger.INFO: Cron ran at: 16-07-2026 01:50:13 AM [] []
[2026-07-16 01:50:55] SlimMonoLogger.INFO: Cron ran at: 16-07-2026 01:50:55 AM [] []
[2026-07-16 01:51:02] SlimMonoLogger.INFO: Cron ran at: 16-07-2026 01:51:02 AM [] []
[2026-07-16 01:51:16] SlimMonoLogger.INFO: Cron ran at: 16-07-2026 01:51:16 AM [] []
[2026-07-16 01:51:55] SlimMonoLogger.INFO: Cron ran at: 16-07-2026 01:51:55 AM [] []
[2026-07-16 01:51:55] SlimMonoLogger.INFO: Cron ran at: 16-07-2026 01:51:55 AM [] []
[2026-07-16 01:51:57] SlimMonoLogger.INFO: Cron ran at: 16-07-2026 01:51:57 AM [] []
[2026-07-16 01:52:12] SlimMonoLogger.INFO: Cron ran at: 16-07-2026 01:52:12 AM [] []
[2026-07-16 01:52:52] SlimMonoLogger.INFO: Cron ran at: 16-07-2026 01:52:52 AM [] []
[2026-07-16 01:52:53] SlimMonoLogger.INFO: Cron ran at: 16-07-2026 01:52:53 AM [] []
[2026-07-16 01:52:53] SlimMonoLogger.INFO: Cron ran at: 16-07-2026 01:52:53 AM [] []
[2026-07-16 01:53:13] SlimMonoLogger.INFO: Cron ran at: 16-07-2026 01:53:13 AM [] []
[2026-07-16 01:53:42] SlimMonoLogger.INFO: Cron ran at: 16-07-2026 01:53:42 AM [] []
[2026-07-16 01:53:49] SlimMonoLogger.INFO: Cron ran at: 16-07-2026 01:53:49 AM [] []
[2026-07-16 01:53:50] SlimMonoLogger.INFO: Cron ran at: 16-07-2026 01:53:50 AM [] []
[2026-07-16 01:54:16] SlimMonoLogger.INFO: Cron ran at: 16-07-2026 01:54:16 AM [] []
[2026-07-16 01:54:35] SlimMonoLogger.INFO: Cron ran at: 16-07-2026 01:54:35 AM [] []
[2026-07-16 01:54:48] SlimMonoLogger.INFO: Cron ran at: 16-07-2026 01:54:48 AM [] []
[2026-07-16 01:54:54] SlimMonoLogger.INFO: Cron ran at: 16-07-2026 01:54:54 AM [] []
[2026-07-16 01:55:13] SlimMonoLogger.INFO: Cron ran at: 16-07-2026 01:55:13 AM [] []
[2026-07-16 01:55:29] SlimMonoLogger.INFO: Cron ran at: 16-07-2026 01:55:29 AM [] []
[2026-07-16 01:55:51] SlimMonoLogger.INFO: Cron ran at: 16-07-2026 01:55:51 AM [] []
[2026-07-16 01:56:15] SlimMonoLogger.INFO: Cron ran at: 16-07-2026 01:56:15 AM [] []
[2026-07-16 01:56:24] SlimMonoLogger.INFO: Cron ran at: 16-07-2026 01:56:24 AM [] []
[2026-07-16 01:56:26] SlimMonoLogger.INFO: Cron ran at: 16-07-2026 01:56:26 AM [] []
[2026-07-16 01:56:50] SlimMonoLogger.INFO: Cron ran at: 16-07-2026 01:56:50 AM [] []
[2026-07-16 01:57:13] SlimMonoLogger.INFO: Cron ran at: 16-07-2026 01:57:13 AM [] []
[2026-07-16 01:57:14] SlimMonoLogger.INFO: Cron ran at: 16-07-2026 01:57:14 AM [] []
[2026-07-16 01:57:18] SlimMonoLogger.INFO: Cron ran at: 16-07-2026 01:57:18 AM [] []
[2026-07-16 01:57:50] SlimMonoLogger.INFO: Cron ran at: 16-07-2026 01:57:50 AM [] []
[2026-07-16 01:58:09] SlimMonoLogger.INFO: Cron ran at: 16-07-2026 01:58:09 AM [] []
[2026-07-16 01:58:13] SlimMonoLogger.INFO: Cron ran at: 16-07-2026 01:58:13 AM [] []
[2026-07-16 01:58:13] SlimMonoLogger.INFO: Cron ran at: 16-07-2026 01:58:13 AM [] []
[2026-07-16 01:58:53] SlimMonoLogger.INFO: Cron ran at: 16-07-2026 01:58:53 AM [] []
[2026-07-16 01:59:07] SlimMonoLogger.INFO: Cron ran at: 16-07-2026 01:59:07 AM [] []
[2026-07-16 01:59:14] SlimMonoLogger.INFO: Cron ran at: 16-07-2026 01:59:14 AM [] []
[2026-07-16 01:59:15] SlimMonoLogger.INFO: Cron ran at: 16-07-2026 01:59:15 AM [] []
[2026-07-16 01:59:55] SlimMonoLogger.INFO: Cron ran at: 16-07-2026 01:59:55 AM [] []
[2026-07-16 01:59:55] SlimMonoLogger.INFO: Cron ran at: 16-07-2026 01:59:55 AM [] []
[2026-07-16 02:00:16] SlimMonoLogger.INFO: Cron ran at: 16-07-2026 02:00:16 AM [] []
[2026-07-16 02:00:16] SlimMonoLogger.INFO: Cron ran at: 16-07-2026 02:00:16 AM [] []
[2026-07-16 02:00:53] SlimMonoLogger.INFO: Cron ran at: 16-07-2026 02:00:53 AM [] []
[2026-07-16 02:00:53] SlimMonoLogger.INFO: Cron ran at: 16-07-2026 02:00:53 AM [] []
[2026-07-16 02:01:22] SlimMonoLogger.INFO: Cron ran at: 16-07-2026 02:01:22 AM [] []
