[2026-07-16 02:01:50] SlimMonoLogger.INFO: Cron ran at: 16-07-2026 02:01:50 AM [] []
[2026-07-16 02:01:50] SlimMonoLogger.INFO: Cron ran at: 16-07-2026 02:01:50 AM [] []
[2026-07-16 02:01:53] SlimMonoLogger.INFO: Cron ran at: 16-07-2026 02:01:53 AM [] []
[2026-07-16 02:02:19] SlimMonoLogger.INFO: Cron ran at: 16-07-2026 02:02:19 AM [] []
[2026-07-16 02:02:45] SlimMonoLogger.INFO: Cron ran at: 16-07-2026 02:02:45 AM [] []
[2026-07-16 02:02:50] SlimMonoLogger.INFO: Cron ran at: 16-07-2026 02:02:50 AM [] []
[2026-07-16 02:02:52] SlimMonoLogger.INFO: Cron ran at: 16-07-2026 02:02:52 AM [] []
[2026-07-16 02:03:18] SlimMonoLogger.INFO: Cron ran at: 16-07-2026 02:03:18 AM [] []
[2026-07-16 02:03:36] SlimMonoLogger.INFO: Cron ran at: 16-07-2026 02:03:36 AM [] []
[2026-07-16 02:03:46] SlimMonoLogger.INFO: Cron ran at: 16-07-2026 02:03:46 AM [] []
[2026-07-16 02:03:48] SlimMonoLogger.INFO: Cron ran at: 16-07-2026 02:03:48 AM [] []
[2026-07-16 02:04:17] SlimMonoLogger.INFO: Cron ran at: 16-07-2026 02:04:17 AM [] []
[2026-07-16 02:04:27] SlimMonoLogger.INFO: Cron ran at: 16-07-2026 02:04:27 AM [] []
[2026-07-16 02:04:42] SlimMonoLogger.INFO: Cron ran at: 16-07-2026 02:04:42 AM [] []
[2026-07-16 02:04:54] SlimMonoLogger.INFO: Cron ran at: 16-07-2026 02:04:54 AM [] []
[2026-07-16 02:05:20] SlimMonoLogger.INFO: Cron ran at: 16-07-2026 02:05:20 AM [] []
[2026-07-16 02:05:22] SlimMonoLogger.INFO: Cron ran at: 16-07-2026 02:05:22 AM [] []
[2026-07-16 02:05:45] SlimMonoLogger.INFO: Cron ran at: 16-07-2026 02:05:45 AM [] []
[2026-07-16 02:06:20] SlimMonoLogger.INFO: Cron ran at: 16-07-2026 02:06:20 AM [] []
[2026-07-16 02:06:21] SlimMonoLogger.INFO: Cron ran at: 16-07-2026 02:06:21 AM [] []
[2026-07-16 02:06:44] SlimMonoLogger.INFO: Cron ran at: 16-07-2026 02:06:44 AM [] []
[2026-07-16 02:06:51] SlimMonoLogger.INFO: Cron ran at: 16-07-2026 02:06:51 AM [] []
[2026-07-16 02:07:12] SlimMonoLogger.INFO: Cron ran at: 16-07-2026 02:07:12 AM [] []
[2026-07-16 02:07:25] SlimMonoLogger.INFO: Cron ran at: 16-07-2026 02:07:25 AM [] []
[2026-07-16 02:07:46] SlimMonoLogger.INFO: Cron ran at: 16-07-2026 02:07:46 AM [] []
[2026-07-16 02:07:46] SlimMonoLogger.INFO: Cron ran at: 16-07-2026 02:07:46 AM [] []
[2026-07-16 02:08:08] SlimMonoLogger.INFO: Cron ran at: 16-07-2026 02:08:08 AM [] []
[2026-07-16 02:08:16] SlimMonoLogger.INFO: Cron ran at: 16-07-2026 02:08:16 AM [] []
[2026-07-16 02:08:34] SlimMonoLogger.INFO: Cron ran at: 16-07-2026 02:08:34 AM [] []
[2026-07-16 02:08:42] SlimMonoLogger.INFO: Cron ran at: 16-07-2026 02:08:42 AM [] []
[2026-07-16 02:09:06] SlimMonoLogger.INFO: Cron ran at: 16-07-2026 02:09:06 AM [] []
[2026-07-16 02:09:17] SlimMonoLogger.INFO: Cron ran at: 16-07-2026 02:09:17 AM [] []
[2026-07-16 02:09:30] SlimMonoLogger.INFO: Cron ran at: 16-07-2026 02:09:30 AM [] []
[2026-07-16 02:09:41] SlimMonoLogger.INFO: Cron ran at: 16-07-2026 02:09:41 AM [] []
[2026-07-16 02:10:07] SlimMonoLogger.INFO: Cron ran at: 16-07-2026 02:10:07 AM [] []
[2026-07-16 02:10:19] SlimMonoLogger.INFO: Cron ran at: 16-07-2026 02:10:19 AM [] []
[2026-07-16 02:10:22] SlimMonoLogger.INFO: Cron ran at: 16-07-2026 02:10:22 AM [] []
[2026-07-16 02:10:41] SlimMonoLogger.INFO: Cron ran at: 16-07-2026 02:10:41 AM [] []
[2026-07-16 02:11:09] SlimMonoLogger.INFO: Cron ran at: 16-07-2026 02:11:09 AM [] []
[2026-07-16 02:11:22] SlimMonoLogger.INFO: Cron ran at: 16-07-2026 02:11:22 AM [] []
[2026-07-16 02:11:45] SlimMonoLogger.INFO: Cron ran at: 16-07-2026 02:11:45 AM [] []
[2026-07-16 02:12:07] SlimMonoLogger.INFO: Cron ran at: 16-07-2026 02:12:07 AM [] []
[2026-07-16 02:12:07] SlimMonoLogger.INFO: Cron ran at: 16-07-2026 02:12:07 AM [] []
[2026-07-16 02:12:19] SlimMonoLogger.INFO: Cron ran at: 16-07-2026 02:12:19 AM [] []
[2026-07-16 02:12:50] SlimMonoLogger.INFO: Cron ran at: 16-07-2026 02:12:50 AM [] []
[2026-07-16 02:13:00] SlimMonoLogger.INFO: Cron ran at: 16-07-2026 02:13:00 AM [] []
[2026-07-16 02:13:03] SlimMonoLogger.INFO: Cron ran at: 16-07-2026 02:13:03 AM [] []
[2026-07-16 02:13:08] SlimMonoLogger.INFO: Cron ran at: 16-07-2026 02:13:08 AM [] []
[2026-07-16 02:13:43] SlimMonoLogger.INFO: Cron ran at: 16-07-2026 02:13:43 AM [] []
[2026-07-16 02:13:48] SlimMonoLogger.INFO: Cron ran at: 16-07-2026 02:13:48 AM [] []
[2026-07-16 02:14:08] SlimMonoLogger.INFO: Cron ran at: 16-07-2026 02:14:08 AM [] []
[2026-07-16 02:14:11] SlimMonoLogger.INFO: Cron ran at: 16-07-2026 02:14:11 AM [] []
[2026-07-16 02:14:42] SlimMonoLogger.INFO: Cron ran at: 16-07-2026 02:14:42 AM [] []
[2026-07-16 02:14:50] SlimMonoLogger.INFO: Cron ran at: 16-07-2026 02:14:50 AM [] []
[2026-07-16 02:15:05] SlimMonoLogger.INFO: Cron ran at: 16-07-2026 02:15:05 AM [] []
[2026-07-16 02:15:07] SlimMonoLogger.INFO: Cron ran at: 16-07-2026 02:15:07 AM [] []
[2026-07-16 02:15:41] SlimMonoLogger.INFO: Cron ran at: 16-07-2026 02:15:41 AM [] []
[2026-07-16 02:16:10] SlimMonoLogger.INFO: Cron ran at: 16-07-2026 02:16:10 AM [] []
[2026-07-16 02:16:10] SlimMonoLogger.INFO: Cron ran at: 16-07-2026 02:16:10 AM [] []
[2026-07-16 02:16:35] SlimMonoLogger.INFO: Cron ran at: 16-07-2026 02:16:35 AM [] []
[2026-07-16 02:16:36] SlimMonoLogger.INFO: Cron ran at: 16-07-2026 02:16:36 AM [] []
[2026-07-16 02:17:03] SlimMonoLogger.INFO: Cron ran at: 16-07-2026 02:17:03 AM [] []
[2026-07-16 02:17:04] SlimMonoLogger.INFO: Cron ran at: 16-07-2026 02:17:04 AM [] []
[2026-07-16 02:17:29] SlimMonoLogger.INFO: Cron ran at: 16-07-2026 02:17:29 AM [] []
[2026-07-16 02:17:31] SlimMonoLogger.INFO: Cron ran at: 16-07-2026 02:17:31 AM [] []
[2026-07-16 02:18:06] SlimMonoLogger.INFO: Cron ran at: 16-07-2026 02:18:06 AM [] []
[2026-07-16 02:18:07] SlimMonoLogger.INFO: Cron ran at: 16-07-2026 02:18:07 AM [] []
[2026-07-16 02:18:23] SlimMonoLogger.INFO: Cron ran at: 16-07-2026 02:18:23 AM [] []
[2026-07-16 02:18:24] SlimMonoLogger.INFO: Cron ran at: 16-07-2026 02:18:24 AM [] []
[2026-07-16 02:19:09] SlimMonoLogger.INFO: Cron ran at: 16-07-2026 02:19:09 AM [] []
[2026-07-16 02:19:10] SlimMonoLogger.INFO: Cron ran at: 16-07-2026 02:19:10 AM [] []
[2026-07-16 02:19:16] SlimMonoLogger.INFO: Cron ran at: 16-07-2026 02:19:16 AM [] []
[2026-07-16 02:19:22] SlimMonoLogger.INFO: Cron ran at: 16-07-2026 02:19:22 AM [] []
[2026-07-16 02:20:04] SlimMonoLogger.INFO: Cron ran at: 16-07-2026 02:20:04 AM [] []
[2026-07-16 02:20:09] SlimMonoLogger.INFO: Cron ran at: 16-07-2026 02:20:09 AM [] []
[2026-07-16 02:20:14] SlimMonoLogger.INFO: Cron ran at: 16-07-2026 02:20:14 AM [] []
[2026-07-16 02:20:23] SlimMonoLogger.INFO: Cron ran at: 16-07-2026 02:20:23 AM [] []
[2026-07-16 02:21:05] SlimMonoLogger.INFO: Cron ran at: 16-07-2026 02:21:05 AM [] []
[2026-07-16 02:21:08] SlimMonoLogger.INFO: Cron ran at: 16-07-2026 02:21:08 AM [] []
[2026-07-16 02:21:25] SlimMonoLogger.INFO: Cron ran at: 16-07-2026 02:21:25 AM [] []
[2026-07-16 02:21:31] SlimMonoLogger.INFO: Cron ran at: 16-07-2026 02:21:31 AM [] []
[2026-07-16 02:22:04] SlimMonoLogger.INFO: Cron ran at: 16-07-2026 02:22:04 AM [] []
[2026-07-16 02:22:09] SlimMonoLogger.INFO: Cron ran at: 16-07-2026 02:22:09 AM [] []
[2026-07-16 02:22:21] SlimMonoLogger.INFO: Cron ran at: 16-07-2026 02:22:21 AM [] []
[2026-07-16 02:22:22] SlimMonoLogger.INFO: Cron ran at: 16-07-2026 02:22:22 AM [] []
[2026-07-16 02:22:58] SlimMonoLogger.INFO: Cron ran at: 16-07-2026 02:22:58 AM [] []
[2026-07-16 02:23:06] SlimMonoLogger.INFO: Cron ran at: 16-07-2026 02:23:06 AM [] []
[2026-07-16 02:23:13] SlimMonoLogger.INFO: Cron ran at: 16-07-2026 02:23:13 AM [] []
[2026-07-16 02:23:22] SlimMonoLogger.INFO: Cron ran at: 16-07-2026 02:23:22 AM [] []
[2026-07-16 02:24:00] SlimMonoLogger.INFO: Cron ran at: 16-07-2026 02:24:00 AM [] []
[2026-07-16 02:24:04] SlimMonoLogger.INFO: Cron ran at: 16-07-2026 02:24:04 AM [] []
[2026-07-16 02:24:04] SlimMonoLogger.INFO: Cron ran at: 16-07-2026 02:24:04 AM [] []
[2026-07-16 02:24:23] SlimMonoLogger.INFO: Cron ran at: 16-07-2026 02:24:23 AM [] []
[2026-07-16 02:24:57] SlimMonoLogger.INFO: Cron ran at: 16-07-2026 02:24:57 AM [] []
[2026-07-16 02:25:00] SlimMonoLogger.INFO: Cron ran at: 16-07-2026 02:25:00 AM [] []
[2026-07-16 02:25:07] SlimMonoLogger.INFO: Cron ran at: 16-07-2026 02:25:07 AM [] []
[2026-07-16 02:25:21] SlimMonoLogger.INFO: Cron ran at: 16-07-2026 02:25:21 AM [] []
[2026-07-16 02:25:55] SlimMonoLogger.INFO: Cron ran at: 16-07-2026 02:25:55 AM [] []
[2026-07-16 02:25:55] SlimMonoLogger.INFO: Cron ran at: 16-07-2026 02:25:55 AM [] []
[2026-07-16 02:26:25] SlimMonoLogger.INFO: Cron ran at: 16-07-2026 02:26:25 AM [] []
[2026-07-16 02:26:26] SlimMonoLogger.INFO: Cron ran at: 16-07-2026 02:26:26 AM [] []
[2026-07-16 02:26:48] SlimMonoLogger.INFO: Cron ran at: 16-07-2026 02:26:48 AM [] []
[2026-07-16 02:26:51] SlimMonoLogger.INFO: Cron ran at: 16-07-2026 02:26:51 AM [] []
[2026-07-16 02:27:20] SlimMonoLogger.INFO: Cron ran at: 16-07-2026 02:27:20 AM [] []
[2026-07-16 02:27:21] SlimMonoLogger.INFO: Cron ran at: 16-07-2026 02:27:21 AM [] []
[2026-07-16 02:27:52] SlimMonoLogger.INFO: Cron ran at: 16-07-2026 02:27:52 AM [] []
[2026-07-16 02:27:54] SlimMonoLogger.INFO: Cron ran at: 16-07-2026 02:27:54 AM [] []
[2026-07-16 02:28:10] SlimMonoLogger.INFO: Cron ran at: 16-07-2026 02:28:10 AM [] []
[2026-07-16 02:28:22] SlimMonoLogger.INFO: Cron ran at: 16-07-2026 02:28:22 AM [] []
[2026-07-16 02:28:49] SlimMonoLogger.INFO: Cron ran at: 16-07-2026 02:28:49 AM [] []
[2026-07-16 02:28:54] SlimMonoLogger.INFO: Cron ran at: 16-07-2026 02:28:54 AM [] []
[2026-07-16 02:29:00] SlimMonoLogger.INFO: Cron ran at: 16-07-2026 02:29:00 AM [] []
[2026-07-16 02:29:23] SlimMonoLogger.INFO: Cron ran at: 16-07-2026 02:29:23 AM [] []
[2026-07-16 02:29:50] SlimMonoLogger.INFO: Cron ran at: 16-07-2026 02:29:50 AM [] []
[2026-07-16 02:29:50] SlimMonoLogger.INFO: Cron ran at: 16-07-2026 02:29:50 AM [] []
[2026-07-16 02:29:52] SlimMonoLogger.INFO: Cron ran at: 16-07-2026 02:29:52 AM [] []
[2026-07-16 02:30:26] SlimMonoLogger.INFO: Cron ran at: 16-07-2026 02:30:26 AM [] []
[2026-07-16 02:30:47] SlimMonoLogger.INFO: Cron ran at: 16-07-2026 02:30:47 AM [] []
[2026-07-16 02:30:49] SlimMonoLogger.INFO: Cron ran at: 16-07-2026 02:30:49 AM [] []
[2026-07-16 02:30:53] SlimMonoLogger.INFO: Cron ran at: 16-07-2026 02:30:53 AM [] []
[2026-07-16 02:31:47] SlimMonoLogger.INFO: Cron ran at: 16-07-2026 02:31:47 AM [] []
[2026-07-16 02:31:48] SlimMonoLogger.INFO: Cron ran at: 16-07-2026 02:31:48 AM [] []
[2026-07-16 02:31:50] SlimMonoLogger.INFO: Cron ran at: 16-07-2026 02:31:50 AM [] []
[2026-07-16 02:32:02] SlimMonoLogger.INFO: Cron ran at: 16-07-2026 02:32:02 AM [] []
[2026-07-16 02:32:44] SlimMonoLogger.INFO: Cron ran at: 16-07-2026 02:32:44 AM [] []
[2026-07-16 02:32:47] SlimMonoLogger.INFO: Cron ran at: 16-07-2026 02:32:47 AM [] []
[2026-07-16 02:32:49] SlimMonoLogger.INFO: Cron ran at: 16-07-2026 02:32:49 AM [] []
[2026-07-16 02:32:51] SlimMonoLogger.INFO: Cron ran at: 16-07-2026 02:32:51 AM [] []
[2026-07-16 02:33:44] SlimMonoLogger.INFO: Cron ran at: 16-07-2026 02:33:44 AM [] []
[2026-07-16 02:33:45] SlimMonoLogger.INFO: Cron ran at: 16-07-2026 02:33:45 AM [] []
[2026-07-16 02:33:45] SlimMonoLogger.INFO: Cron ran at: 16-07-2026 02:33:45 AM [] []
[2026-07-16 02:33:48] SlimMonoLogger.INFO: Cron ran at: 16-07-2026 02:33:48 AM [] []
[2026-07-16 02:34:38] SlimMonoLogger.INFO: Cron ran at: 16-07-2026 02:34:38 AM [] []
[2026-07-16 02:34:40] SlimMonoLogger.INFO: Cron ran at: 16-07-2026 02:34:40 AM [] []
[2026-07-16 02:34:40] SlimMonoLogger.INFO: Cron ran at: 16-07-2026 02:34:40 AM [] []
[2026-07-16 02:34:53] SlimMonoLogger.INFO: Cron ran at: 16-07-2026 02:34:53 AM [] []
[2026-07-16 02:35:32] SlimMonoLogger.INFO: Cron ran at: 16-07-2026 02:35:32 AM [] []
[2026-07-16 02:35:42] SlimMonoLogger.INFO: Cron ran at: 16-07-2026 02:35:42 AM [] []
[2026-07-16 02:35:45] SlimMonoLogger.INFO: Cron ran at: 16-07-2026 02:35:45 AM [] []
[2026-07-16 02:36:27] SlimMonoLogger.INFO: Cron ran at: 16-07-2026 02:36:27 AM [] []
[2026-07-16 02:36:45] SlimMonoLogger.INFO: Cron ran at: 16-07-2026 02:36:45 AM [] []
[2026-07-16 02:36:46] SlimMonoLogger.INFO: Cron ran at: 16-07-2026 02:36:46 AM [] []
[2026-07-16 02:37:08] SlimMonoLogger.INFO: Cron ran at: 16-07-2026 02:37:08 AM [] []
[2026-07-16 02:37:21] SlimMonoLogger.INFO: Cron ran at: 16-07-2026 02:37:21 AM [] []
[2026-07-16 02:37:40] SlimMonoLogger.INFO: Cron ran at: 16-07-2026 02:37:40 AM [] []
[2026-07-16 02:37:41] SlimMonoLogger.INFO: Cron ran at: 16-07-2026 02:37:41 AM [] []
[2026-07-16 02:37:55] SlimMonoLogger.INFO: Cron ran at: 16-07-2026 02:37:55 AM [] []
[2026-07-16 02:38:22] SlimMonoLogger.INFO: Cron ran at: 16-07-2026 02:38:22 AM [] []
[2026-07-16 02:38:42] SlimMonoLogger.INFO: Cron ran at: 16-07-2026 02:38:42 AM [] []
[2026-07-16 02:38:45] SlimMonoLogger.INFO: Cron ran at: 16-07-2026 02:38:45 AM [] []
[2026-07-16 02:38:45] SlimMonoLogger.INFO: Cron ran at: 16-07-2026 02:38:45 AM [] []
[2026-07-16 02:39:23] SlimMonoLogger.INFO: Cron ran at: 16-07-2026 02:39:23 AM [] []
[2026-07-16 02:39:41] SlimMonoLogger.INFO: Cron ran at: 16-07-2026 02:39:41 AM [] []
[2026-07-16 02:39:45] SlimMonoLogger.INFO: Cron ran at: 16-07-2026 02:39:45 AM [] []
[2026-07-16 02:39:48] SlimMonoLogger.INFO: Cron ran at: 16-07-2026 02:39:48 AM [] []
[2026-07-16 02:40:16] SlimMonoLogger.INFO: Cron ran at: 16-07-2026 02:40:16 AM [] []
[2026-07-16 02:40:38] SlimMonoLogger.INFO: Cron ran at: 16-07-2026 02:40:38 AM [] []
[2026-07-16 02:40:41] SlimMonoLogger.INFO: Cron ran at: 16-07-2026 02:40:41 AM [] []
[2026-07-16 02:41:19] SlimMonoLogger.INFO: Cron ran at: 16-07-2026 02:41:19 AM [] []
[2026-07-16 02:41:26] SlimMonoLogger.INFO: Cron ran at: 16-07-2026 02:41:26 AM [] []
[2026-07-16 02:41:26] SlimMonoLogger.INFO: Cron ran at: 16-07-2026 02:41:26 AM [] []
[2026-07-16 02:41:40] SlimMonoLogger.INFO: Cron ran at: 16-07-2026 02:41:40 AM [] []
[2026-07-16 02:42:15] SlimMonoLogger.INFO: Cron ran at: 16-07-2026 02:42:15 AM [] []
[2026-07-16 02:42:16] SlimMonoLogger.INFO: Cron ran at: 16-07-2026 02:42:16 AM [] []
[2026-07-16 02:42:26] SlimMonoLogger.INFO: Cron ran at: 16-07-2026 02:42:26 AM [] []
[2026-07-16 02:42:42] SlimMonoLogger.INFO: Cron ran at: 16-07-2026 02:42:42 AM [] []
[2026-07-16 02:43:16] SlimMonoLogger.INFO: Cron ran at: 16-07-2026 02:43:16 AM [] []
[2026-07-16 02:43:18] SlimMonoLogger.INFO: Cron ran at: 16-07-2026 02:43:18 AM [] []
[2026-07-16 02:43:27] SlimMonoLogger.INFO: Cron ran at: 16-07-2026 02:43:27 AM [] []
[2026-07-16 02:43:43] SlimMonoLogger.INFO: Cron ran at: 16-07-2026 02:43:43 AM [] []
[2026-07-16 02:44:03] SlimMonoLogger.INFO: Cron ran at: 16-07-2026 02:44:03 AM [] []
[2026-07-16 02:44:11] SlimMonoLogger.INFO: Cron ran at: 16-07-2026 02:44:11 AM [] []
[2026-07-16 02:44:22] SlimMonoLogger.INFO: Cron ran at: 16-07-2026 02:44:22 AM [] []
[2026-07-16 02:44:46] SlimMonoLogger.INFO: Cron ran at: 16-07-2026 02:44:46 AM [] []
[2026-07-16 02:44:59] SlimMonoLogger.INFO: Cron ran at: 16-07-2026 02:44:59 AM [] []
[2026-07-16 02:45:19] SlimMonoLogger.INFO: Cron ran at: 16-07-2026 02:45:19 AM [] []
[2026-07-16 02:45:20] SlimMonoLogger.INFO: Cron ran at: 16-07-2026 02:45:20 AM [] []
[2026-07-16 02:45:55] SlimMonoLogger.INFO: Cron ran at: 16-07-2026 02:45:55 AM [] []
[2026-07-16 02:46:15] SlimMonoLogger.INFO: Cron ran at: 16-07-2026 02:46:15 AM [] []
[2026-07-16 02:46:23] SlimMonoLogger.INFO: Cron ran at: 16-07-2026 02:46:23 AM [] []
[2026-07-16 02:46:46] SlimMonoLogger.INFO: Cron ran at: 16-07-2026 02:46:46 AM [] []
[2026-07-16 02:46:47] SlimMonoLogger.INFO: Cron ran at: 16-07-2026 02:46:47 AM [] []
[2026-07-16 02:47:18] SlimMonoLogger.INFO: Cron ran at: 16-07-2026 02:47:18 AM [] []
[2026-07-16 02:47:21] SlimMonoLogger.INFO: Cron ran at: 16-07-2026 02:47:21 AM [] []
[2026-07-16 02:47:39] SlimMonoLogger.INFO: Cron ran at: 16-07-2026 02:47:39 AM [] []
[2026-07-16 02:47:45] SlimMonoLogger.INFO: Cron ran at: 16-07-2026 02:47:45 AM [] []
[2026-07-16 02:48:18] SlimMonoLogger.INFO: Cron ran at: 16-07-2026 02:48:18 AM [] []
[2026-07-16 02:48:22] SlimMonoLogger.INFO: Cron ran at: 16-07-2026 02:48:22 AM [] []
[2026-07-16 02:48:30] SlimMonoLogger.INFO: Cron ran at: 16-07-2026 02:48:30 AM [] []
[2026-07-16 02:48:42] SlimMonoLogger.INFO: Cron ran at: 16-07-2026 02:48:42 AM [] []
[2026-07-16 02:49:19] SlimMonoLogger.INFO: Cron ran at: 16-07-2026 02:49:19 AM [] []
[2026-07-16 02:49:19] SlimMonoLogger.INFO: Cron ran at: 16-07-2026 02:49:19 AM [] []
[2026-07-16 02:49:19] SlimMonoLogger.INFO: Cron ran at: 16-07-2026 02:49:19 AM [] []
[2026-07-16 02:49:44] SlimMonoLogger.INFO: Cron ran at: 16-07-2026 02:49:44 AM [] []
[2026-07-16 02:50:18] SlimMonoLogger.INFO: Cron ran at: 16-07-2026 02:50:18 AM [] []
[2026-07-16 02:50:18] SlimMonoLogger.INFO: Cron ran at: 16-07-2026 02:50:18 AM [] []
[2026-07-16 02:50:18] SlimMonoLogger.INFO: Cron ran at: 16-07-2026 02:50:18 AM [] []
[2026-07-16 02:50:43] SlimMonoLogger.INFO: Cron ran at: 16-07-2026 02:50:43 AM [] []
[2026-07-16 02:51:11] SlimMonoLogger.INFO: Cron ran at: 16-07-2026 02:51:11 AM [] []
[2026-07-16 02:51:24] SlimMonoLogger.INFO: Cron ran at: 16-07-2026 02:51:24 AM [] []
[2026-07-16 02:51:42] SlimMonoLogger.INFO: Cron ran at: 16-07-2026 02:51:42 AM [] []
[2026-07-16 02:51:44] SlimMonoLogger.INFO: Cron ran at: 16-07-2026 02:51:44 AM [] []
[2026-07-16 02:52:08] SlimMonoLogger.INFO: Cron ran at: 16-07-2026 02:52:08 AM [] []
[2026-07-16 02:52:22] SlimMonoLogger.INFO: Cron ran at: 16-07-2026 02:52:22 AM [] []
[2026-07-16 02:52:36] SlimMonoLogger.INFO: Cron ran at: 16-07-2026 02:52:36 AM [] []
[2026-07-16 02:52:39] SlimMonoLogger.INFO: Cron ran at: 16-07-2026 02:52:39 AM [] []
[2026-07-16 02:53:07] SlimMonoLogger.INFO: Cron ran at: 16-07-2026 02:53:07 AM [] []
[2026-07-16 02:53:23] SlimMonoLogger.INFO: Cron ran at: 16-07-2026 02:53:23 AM [] []
[2026-07-16 02:53:30] SlimMonoLogger.INFO: Cron ran at: 16-07-2026 02:53:30 AM [] []
[2026-07-16 02:53:44] SlimMonoLogger.INFO: Cron ran at: 16-07-2026 02:53:44 AM [] []
[2026-07-16 02:54:02] SlimMonoLogger.INFO: Cron ran at: 16-07-2026 02:54:02 AM [] []
[2026-07-16 02:54:20] SlimMonoLogger.INFO: Cron ran at: 16-07-2026 02:54:20 AM [] []
[2026-07-16 02:54:21] SlimMonoLogger.INFO: Cron ran at: 16-07-2026 02:54:21 AM [] []
[2026-07-16 02:54:41] SlimMonoLogger.INFO: Cron ran at: 16-07-2026 02:54:41 AM [] []
[2026-07-16 02:54:59] SlimMonoLogger.INFO: Cron ran at: 16-07-2026 02:54:59 AM [] []
[2026-07-16 02:55:18] SlimMonoLogger.INFO: Cron ran at: 16-07-2026 02:55:18 AM [] []
[2026-07-16 02:55:18] SlimMonoLogger.INFO: Cron ran at: 16-07-2026 02:55:18 AM [] []
[2026-07-16 02:55:44] SlimMonoLogger.INFO: Cron ran at: 16-07-2026 02:55:44 AM [] []
[2026-07-16 02:55:58] SlimMonoLogger.INFO: Cron ran at: 16-07-2026 02:55:58 AM [] []
[2026-07-16 02:56:13] SlimMonoLogger.INFO: Cron ran at: 16-07-2026 02:56:13 AM [] []
[2026-07-16 02:56:44] SlimMonoLogger.INFO: Cron ran at: 16-07-2026 02:56:44 AM [] []
[2026-07-16 02:57:04] SlimMonoLogger.INFO: Cron ran at: 16-07-2026 02:57:04 AM [] []
[2026-07-16 02:57:04] SlimMonoLogger.INFO: Cron ran at: 16-07-2026 02:57:04 AM [] []
[2026-07-16 02:57:06] SlimMonoLogger.INFO: Cron ran at: 16-07-2026 02:57:06 AM [] []
[2026-07-16 02:57:44] SlimMonoLogger.INFO: Cron ran at: 16-07-2026 02:57:44 AM [] []
[2026-07-16 02:57:56] SlimMonoLogger.INFO: Cron ran at: 16-07-2026 02:57:56 AM [] []
[2026-07-16 02:58:03] SlimMonoLogger.INFO: Cron ran at: 16-07-2026 02:58:03 AM [] []
[2026-07-16 02:58:04] SlimMonoLogger.INFO: Cron ran at: 16-07-2026 02:58:04 AM [] []
[2026-07-16 02:58:46] SlimMonoLogger.INFO: Cron ran at: 16-07-2026 02:58:46 AM [] []
[2026-07-16 02:58:46] SlimMonoLogger.INFO: Cron ran at: 16-07-2026 02:58:46 AM [] []
[2026-07-16 02:59:02] SlimMonoLogger.INFO: Cron ran at: 16-07-2026 02:59:02 AM [] []
[2026-07-16 02:59:03] SlimMonoLogger.INFO: Cron ran at: 16-07-2026 02:59:03 AM [] []
[2026-07-16 02:59:45] SlimMonoLogger.INFO: Cron ran at: 16-07-2026 02:59:45 AM [] []
[2026-07-16 02:59:46] SlimMonoLogger.INFO: Cron ran at: 16-07-2026 02:59:46 AM [] []
[2026-07-16 03:00:03] SlimMonoLogger.INFO: Cron ran at: 16-07-2026 03:00:03 AM [] []
[2026-07-16 03:00:08] SlimMonoLogger.INFO: Cron ran at: 16-07-2026 03:00:08 AM [] []
[2026-07-16 03:00:37] SlimMonoLogger.INFO: Cron ran at: 16-07-2026 03:00:37 AM [] []
[2026-07-16 03:01:15] SlimMonoLogger.INFO: Cron ran at: 16-07-2026 03:01:15 AM [] []
[2026-07-16 03:01:22] SlimMonoLogger.INFO: Cron ran at: 16-07-2026 03:01:22 AM [] []
[2026-07-16 03:01:34] SlimMonoLogger.INFO: Cron ran at: 16-07-2026 03:01:34 AM [] []
[2026-07-16 03:01:37] SlimMonoLogger.INFO: Cron ran at: 16-07-2026 03:01:37 AM [] []
[2026-07-16 03:02:05] SlimMonoLogger.INFO: Cron ran at: 16-07-2026 03:02:05 AM [] []
[2026-07-16 03:02:05] SlimMonoLogger.INFO: Cron ran at: 16-07-2026 03:02:05 AM [] []
[2026-07-16 03:02:26] SlimMonoLogger.INFO: Cron ran at: 16-07-2026 03:02:26 AM [] []
[2026-07-16 03:02:32] SlimMonoLogger.INFO: Cron ran at: 16-07-2026 03:02:32 AM [] []
[2026-07-16 03:03:03] SlimMonoLogger.INFO: Cron ran at: 16-07-2026 03:03:03 AM [] []
[2026-07-16 03:03:06] SlimMonoLogger.INFO: Cron ran at: 16-07-2026 03:03:06 AM [] []
[2026-07-16 03:03:19] SlimMonoLogger.INFO: Cron ran at: 16-07-2026 03:03:19 AM [] []
[2026-07-16 03:03:24] SlimMonoLogger.INFO: Cron ran at: 16-07-2026 03:03:24 AM [] []
[2026-07-16 03:04:02] SlimMonoLogger.INFO: Cron ran at: 16-07-2026 03:04:02 AM [] []
[2026-07-16 03:04:06] SlimMonoLogger.INFO: Cron ran at: 16-07-2026 03:04:06 AM [] []
[2026-07-16 03:04:15] SlimMonoLogger.INFO: Cron ran at: 16-07-2026 03:04:15 AM [] []
[2026-07-16 03:04:25] SlimMonoLogger.INFO: Cron ran at: 16-07-2026 03:04:25 AM [] []
[2026-07-16 03:05:05] SlimMonoLogger.INFO: Cron ran at: 16-07-2026 03:05:05 AM [] []
[2026-07-16 03:05:06] SlimMonoLogger.INFO: Cron ran at: 16-07-2026 03:05:06 AM [] []
[2026-07-16 03:05:08] SlimMonoLogger.INFO: Cron ran at: 16-07-2026 03:05:08 AM [] []
[2026-07-16 03:05:26] SlimMonoLogger.INFO: Cron ran at: 16-07-2026 03:05:26 AM [] []
[2026-07-16 03:06:11] SlimMonoLogger.INFO: Cron ran at: 16-07-2026 03:06:11 AM [] []
[2026-07-16 03:06:26] SlimMonoLogger.INFO: Cron ran at: 16-07-2026 03:06:26 AM [] []
[2026-07-16 03:07:05] SlimMonoLogger.INFO: Cron ran at: 16-07-2026 03:07:05 AM [] []
[2026-07-16 03:07:07] SlimMonoLogger.INFO: Cron ran at: 16-07-2026 03:07:07 AM [] []
[2026-07-16 03:07:07] SlimMonoLogger.INFO: Cron ran at: 16-07-2026 03:07:07 AM [] []
[2026-07-16 03:07:21] SlimMonoLogger.INFO: Cron ran at: 16-07-2026 03:07:21 AM [] []
[2026-07-16 03:07:55] SlimMonoLogger.INFO: Cron ran at: 16-07-2026 03:07:55 AM [] []
[2026-07-16 03:07:58] SlimMonoLogger.INFO: Cron ran at: 16-07-2026 03:07:58 AM [] []
[2026-07-16 03:08:22] SlimMonoLogger.INFO: Cron ran at: 16-07-2026 03:08:22 AM [] []
[2026-07-16 03:08:26] SlimMonoLogger.INFO: Cron ran at: 16-07-2026 03:08:26 AM [] []
[2026-07-16 03:08:50] SlimMonoLogger.INFO: Cron ran at: 16-07-2026 03:08:50 AM [] []
[2026-07-16 03:08:50] SlimMonoLogger.INFO: Cron ran at: 16-07-2026 03:08:50 AM [] []
[2026-07-16 03:09:01] SlimMonoLogger.INFO: Cron ran at: 16-07-2026 03:09:01 AM [] []
[2026-07-16 03:09:19] SlimMonoLogger.INFO: Cron ran at: 16-07-2026 03:09:19 AM [] []
[2026-07-16 03:09:46] SlimMonoLogger.INFO: Cron ran at: 16-07-2026 03:09:46 AM [] []
[2026-07-16 03:09:51] SlimMonoLogger.INFO: Cron ran at: 16-07-2026 03:09:51 AM [] []
[2026-07-16 03:10:03] SlimMonoLogger.INFO: Cron ran at: 16-07-2026 03:10:03 AM [] []
[2026-07-16 03:10:24] SlimMonoLogger.INFO: Cron ran at: 16-07-2026 03:10:24 AM [] []
[2026-07-16 03:10:41] SlimMonoLogger.INFO: Cron ran at: 16-07-2026 03:10:41 AM [] []
[2026-07-16 03:10:50] SlimMonoLogger.INFO: Cron ran at: 16-07-2026 03:10:50 AM [] []
[2026-07-16 03:11:28] SlimMonoLogger.INFO: Cron ran at: 16-07-2026 03:11:28 AM [] []
[2026-07-16 03:11:34] SlimMonoLogger.INFO: Cron ran at: 16-07-2026 03:11:34 AM [] []
[2026-07-16 03:11:38] SlimMonoLogger.INFO: Cron ran at: 16-07-2026 03:11:38 AM [] []
[2026-07-16 03:11:50] SlimMonoLogger.INFO: Cron ran at: 16-07-2026 03:11:50 AM [] []
[2026-07-16 03:12:22] SlimMonoLogger.INFO: Cron ran at: 16-07-2026 03:12:22 AM [] []
[2026-07-16 03:12:29] SlimMonoLogger.INFO: Cron ran at: 16-07-2026 03:12:29 AM [] []
[2026-07-16 03:12:34] SlimMonoLogger.INFO: Cron ran at: 16-07-2026 03:12:34 AM [] []
[2026-07-16 03:12:53] SlimMonoLogger.INFO: Cron ran at: 16-07-2026 03:12:53 AM [] []
[2026-07-16 03:13:22] SlimMonoLogger.INFO: Cron ran at: 16-07-2026 03:13:22 AM [] []
[2026-07-16 03:13:22] SlimMonoLogger.INFO: Cron ran at: 16-07-2026 03:13:22 AM [] []
[2026-07-16 03:13:27] SlimMonoLogger.INFO: Cron ran at: 16-07-2026 03:13:27 AM [] []
[2026-07-16 03:13:43] SlimMonoLogger.ERROR: Requests_Exception: cURL error 28: Operation timed out after 500000 milliseconds with 48961 bytes received in /home/latihtal/public_html/agregator1/src/vendor/rmccue/requests/library/Requests/Transport/cURL.php:422
Stack trace:
#0 /home/latihtal/public_html/agregator1/src/vendor/rmccue/requests/library/Requests/Transport/cURL.php(177): Requests_Transport_cURL->process_response()
#1 /home/latihtal/public_html/agregator1/src/vendor/rmccue/requests/library/Requests.php(379): Requests_Transport_cURL->request()
#2 /home/latihtal/public_html/agregator1/src/vendor/rmccue/requests/library/Requests/Session.php(205): Requests::request()
#3 /home/latihtal/public_html/agregator1/src/vendor/rmccue/requests/library/Requests/Session.php(132): Requests_Session->request()
#4 /home/latihtal/public_html/agregator1/src/drivers/Http/RssImporter.php(144): Requests_Session->get()
#5 /home/latihtal/public_html/agregator1/src/controllers/Dashboard/DashboardFeedsController.php(534): spark\drivers\Http\RssImporter->fetchPosts()
#6 /home/latihtal/public_html/agregator1/src/controllers/Site/SiteController.php(722): spark\controllers\Dashboard\DashboardFeedsController::importFeedPosts()
#7 [internal function]: spark\controllers\Site\SiteController->runTasks()
#8 /home/latihtal/public_html/agregator1/src/framework/Route.php(173): call_user_func_array()
#9 [internal function]: Slim\Route->Slim\{closure}()
#10 /home/latihtal/public_html/agregator1/src/framework/Route.php(468): call_user_func_array()
#11 /home/latihtal/public_html/agregator1/src/framework/Slim.php(1364): Slim\Route->dispatch()
#12 /home/latihtal/public_html/agregator1/src/framework/Middleware/Flash.php(85): Slim\Slim->call()
#13 /home/latihtal/public_html/agregator1/src/framework/Middleware/MethodOverride.php(92): Slim\Middleware\Flash->call()
#14 /home/latihtal/public_html/agregator1/src/middlewares/CsrfGuard/CsrfGuard.php(47): Slim\Middleware\MethodOverride->call()
#15 /home/latihtal/public_html/agregator1/src/framework/Middleware/PrettyExceptions.php(67): spark\middlewares\CsrfGuard\CsrfGuard->call()
#16 /home/latihtal/public_html/agregator1/src/framework/Slim.php(1308): Slim\Middleware\PrettyExceptions->call()
#17 /home/latihtal/public_html/agregator1/index.php(6): Slim\Slim->run()
#18 {main} [] []
[2026-07-16 03:13:53] SlimMonoLogger.INFO: Cron ran at: 16-07-2026 03:13:53 AM [] []
[2026-07-16 03:14:21] SlimMonoLogger.INFO: Cron ran at: 16-07-2026 03:14:21 AM [] []
[2026-07-16 03:14:25] SlimMonoLogger.INFO: Cron ran at: 16-07-2026 03:14:25 AM [] []
[2026-07-16 03:14:25] SlimMonoLogger.INFO: Cron ran at: 16-07-2026 03:14:25 AM [] []
[2026-07-16 03:14:27] SlimMonoLogger.INFO: Cron ran at: 16-07-2026 03:14:27 AM [] []
[2026-07-16 03:14:55] SlimMonoLogger.INFO: Cron ran at: 16-07-2026 03:14:55 AM [] []
[2026-07-16 03:15:09] SlimMonoLogger.INFO: Cron ran at: 16-07-2026 03:15:09 AM [] []
[2026-07-16 03:15:22] SlimMonoLogger.INFO: Cron ran at: 16-07-2026 03:15:22 AM [] []
[2026-07-16 03:15:35] SlimMonoLogger.INFO: Cron ran at: 16-07-2026 03:15:35 AM [] []
[2026-07-16 03:15:58] SlimMonoLogger.INFO: Cron ran at: 16-07-2026 03:15:58 AM [] []
[2026-07-16 03:16:05] SlimMonoLogger.INFO: Cron ran at: 16-07-2026 03:16:05 AM [] []
[2026-07-16 03:16:25] SlimMonoLogger.INFO: Cron ran at: 16-07-2026 03:16:25 AM [] []
[2026-07-16 03:16:54] SlimMonoLogger.INFO: Cron ran at: 16-07-2026 03:16:54 AM [] []
[2026-07-16 03:17:00] SlimMonoLogger.INFO: Cron ran at: 16-07-2026 03:17:00 AM [] []
[2026-07-16 03:17:01] SlimMonoLogger.INFO: Cron ran at: 16-07-2026 03:17:01 AM [] []
[2026-07-16 03:17:24] SlimMonoLogger.INFO: Cron ran at: 16-07-2026 03:17:24 AM [] []
[2026-07-16 03:17:42] SlimMonoLogger.INFO: Cron ran at: 16-07-2026 03:17:42 AM [] []
[2026-07-16 03:17:51] SlimMonoLogger.INFO: Cron ran at: 16-07-2026 03:17:51 AM [] []
[2026-07-16 03:17:55] SlimMonoLogger.INFO: Cron ran at: 16-07-2026 03:17:55 AM [] []
[2026-07-16 03:18:25] SlimMonoLogger.INFO: Cron ran at: 16-07-2026 03:18:25 AM [] []
[2026-07-16 03:18:33] SlimMonoLogger.INFO: Cron ran at: 16-07-2026 03:18:33 AM [] []
[2026-07-16 03:18:51] SlimMonoLogger.INFO: Cron ran at: 16-07-2026 03:18:51 AM [] []
[2026-07-16 03:18:51] SlimMonoLogger.INFO: Cron ran at: 16-07-2026 03:18:51 AM [] []
[2026-07-16 03:19:23] SlimMonoLogger.INFO: Cron ran at: 16-07-2026 03:19:23 AM [] []
[2026-07-16 03:19:26] SlimMonoLogger.INFO: Cron ran at: 16-07-2026 03:19:26 AM [] []
[2026-07-16 03:19:51] SlimMonoLogger.INFO: Cron ran at: 16-07-2026 03:19:51 AM [] []
[2026-07-16 03:19:51] SlimMonoLogger.INFO: Cron ran at: 16-07-2026 03:19:51 AM [] []
[2026-07-16 03:20:22] SlimMonoLogger.INFO: Cron ran at: 16-07-2026 03:20:22 AM [] []
[2026-07-16 03:20:23] SlimMonoLogger.INFO: Cron ran at: 16-07-2026 03:20:23 AM [] []
[2026-07-16 03:20:56] SlimMonoLogger.INFO: Cron ran at: 16-07-2026 03:20:56 AM [] []
[2026-07-16 03:21:16] SlimMonoLogger.INFO: Cron ran at: 16-07-2026 03:21:16 AM [] []
[2026-07-16 03:21:28] SlimMonoLogger.INFO: Cron ran at: 16-07-2026 03:21:28 AM [] []
[2026-07-16 03:21:33] SlimMonoLogger.INFO: Cron ran at: 16-07-2026 03:21:33 AM [] []
[2026-07-16 03:21:55] SlimMonoLogger.INFO: Cron ran at: 16-07-2026 03:21:55 AM [] []
[2026-07-16 03:22:14] SlimMonoLogger.INFO: Cron ran at: 16-07-2026 03:22:14 AM [] []
[2026-07-16 03:22:23] SlimMonoLogger.INFO: Cron ran at: 16-07-2026 03:22:23 AM [] []
[2026-07-16 03:22:23] SlimMonoLogger.INFO: Cron ran at: 16-07-2026 03:22:23 AM [] []
[2026-07-16 03:22:53] SlimMonoLogger.INFO: Cron ran at: 16-07-2026 03:22:53 AM [] []
[2026-07-16 03:23:08] SlimMonoLogger.INFO: Cron ran at: 16-07-2026 03:23:08 AM [] []
[2026-07-16 03:23:16] SlimMonoLogger.INFO: Cron ran at: 16-07-2026 03:23:16 AM [] []
[2026-07-16 03:23:24] SlimMonoLogger.INFO: Cron ran at: 16-07-2026 03:23:24 AM [] []
[2026-07-16 03:23:56] SlimMonoLogger.INFO: Cron ran at: 16-07-2026 03:23:56 AM [] []
[2026-07-16 03:24:06] SlimMonoLogger.INFO: Cron ran at: 16-07-2026 03:24:06 AM [] []
[2026-07-16 03:24:07] SlimMonoLogger.INFO: Cron ran at: 16-07-2026 03:24:07 AM [] []
[2026-07-16 03:24:25] SlimMonoLogger.INFO: Cron ran at: 16-07-2026 03:24:25 AM [] []
[2026-07-16 03:24:55] SlimMonoLogger.INFO: Cron ran at: 16-07-2026 03:24:55 AM [] []
[2026-07-16 03:25:01] SlimMonoLogger.INFO: Cron ran at: 16-07-2026 03:25:01 AM [] []
[2026-07-16 03:25:04] SlimMonoLogger.INFO: Cron ran at: 16-07-2026 03:25:04 AM [] []
[2026-07-16 03:25:24] SlimMonoLogger.INFO: Cron ran at: 16-07-2026 03:25:24 AM [] []
[2026-07-16 03:25:54] SlimMonoLogger.INFO: Cron ran at: 16-07-2026 03:25:54 AM [] []
[2026-07-16 03:25:54] SlimMonoLogger.INFO: Cron ran at: 16-07-2026 03:25:54 AM [] []
[2026-07-16 03:26:05] SlimMonoLogger.INFO: Cron ran at: 16-07-2026 03:26:05 AM [] []
[2026-07-16 03:26:54] SlimMonoLogger.INFO: Cron ran at: 16-07-2026 03:26:54 AM [] []
[2026-07-16 03:26:56] SlimMonoLogger.INFO: Cron ran at: 16-07-2026 03:26:56 AM [] []
[2026-07-16 03:26:56] SlimMonoLogger.INFO: Cron ran at: 16-07-2026 03:26:56 AM [] []
[2026-07-16 03:27:04] SlimMonoLogger.INFO: Cron ran at: 16-07-2026 03:27:04 AM [] []
[2026-07-16 03:27:49] SlimMonoLogger.INFO: Cron ran at: 16-07-2026 03:27:49 AM [] []
[2026-07-16 03:27:49] SlimMonoLogger.INFO: Cron ran at: 16-07-2026 03:27:49 AM [] []
[2026-07-16 03:27:50] SlimMonoLogger.INFO: Cron ran at: 16-07-2026 03:27:50 AM [] []
[2026-07-16 03:28:10] SlimMonoLogger.INFO: Cron ran at: 16-07-2026 03:28:10 AM [] []
[2026-07-16 03:28:40] SlimMonoLogger.INFO: Cron ran at: 16-07-2026 03:28:40 AM [] []
[2026-07-16 03:28:45] SlimMonoLogger.INFO: Cron ran at: 16-07-2026 03:28:45 AM [] []
[2026-07-16 03:28:53] SlimMonoLogger.INFO: Cron ran at: 16-07-2026 03:28:53 AM [] []
[2026-07-16 03:29:02] SlimMonoLogger.INFO: Cron ran at: 16-07-2026 03:29:02 AM [] []
[2026-07-16 03:29:36] SlimMonoLogger.INFO: Cron ran at: 16-07-2026 03:29:36 AM [] []
[2026-07-16 03:29:46] SlimMonoLogger.INFO: Cron ran at: 16-07-2026 03:29:46 AM [] []
[2026-07-16 03:29:54] SlimMonoLogger.INFO: Cron ran at: 16-07-2026 03:29:54 AM [] []
[2026-07-16 03:30:11] SlimMonoLogger.INFO: Cron ran at: 16-07-2026 03:30:11 AM [] []
[2026-07-16 03:30:28] SlimMonoLogger.INFO: Cron ran at: 16-07-2026 03:30:28 AM [] []
[2026-07-16 03:30:52] SlimMonoLogger.INFO: Cron ran at: 16-07-2026 03:30:52 AM [] []
[2026-07-16 03:31:04] SlimMonoLogger.INFO: Cron ran at: 16-07-2026 03:31:04 AM [] []
[2026-07-16 03:31:23] SlimMonoLogger.INFO: Cron ran at: 16-07-2026 03:31:23 AM [] []
[2026-07-16 03:31:45] SlimMonoLogger.INFO: Cron ran at: 16-07-2026 03:31:45 AM [] []
[2026-07-16 03:31:45] SlimMonoLogger.INFO: Cron ran at: 16-07-2026 03:31:45 AM [] []
[2026-07-16 03:32:07] SlimMonoLogger.INFO: Cron ran at: 16-07-2026 03:32:07 AM [] []
[2026-07-16 03:32:22] SlimMonoLogger.INFO: Cron ran at: 16-07-2026 03:32:22 AM [] []
[2026-07-16 03:32:36] SlimMonoLogger.INFO: Cron ran at: 16-07-2026 03:32:36 AM [] []
[2026-07-16 03:32:46] SlimMonoLogger.INFO: Cron ran at: 16-07-2026 03:32:46 AM [] []
[2026-07-16 03:33:05] SlimMonoLogger.INFO: Cron ran at: 16-07-2026 03:33:05 AM [] []
[2026-07-16 03:33:17] SlimMonoLogger.INFO: Cron ran at: 16-07-2026 03:33:17 AM [] []
[2026-07-16 03:33:27] SlimMonoLogger.INFO: Cron ran at: 16-07-2026 03:33:27 AM [] []
[2026-07-16 03:33:48] SlimMonoLogger.INFO: Cron ran at: 16-07-2026 03:33:48 AM [] []
[2026-07-16 03:34:05] SlimMonoLogger.INFO: Cron ran at: 16-07-2026 03:34:05 AM [] []
[2026-07-16 03:34:14] SlimMonoLogger.INFO: Cron ran at: 16-07-2026 03:34:14 AM [] []
[2026-07-16 03:34:22] SlimMonoLogger.INFO: Cron ran at: 16-07-2026 03:34:22 AM [] []
[2026-07-16 03:34:46] SlimMonoLogger.INFO: Cron ran at: 16-07-2026 03:34:46 AM [] []
[2026-07-16 03:35:03] SlimMonoLogger.INFO: Cron ran at: 16-07-2026 03:35:03 AM [] []
[2026-07-16 03:35:13] SlimMonoLogger.INFO: Cron ran at: 16-07-2026 03:35:13 AM [] []
[2026-07-16 03:35:14] SlimMonoLogger.INFO: Cron ran at: 16-07-2026 03:35:14 AM [] []
[2026-07-16 03:35:49] SlimMonoLogger.INFO: Cron ran at: 16-07-2026 03:35:49 AM [] []
[2026-07-16 03:36:11] SlimMonoLogger.INFO: Cron ran at: 16-07-2026 03:36:11 AM [] []
[2026-07-16 03:36:12] SlimMonoLogger.INFO: Cron ran at: 16-07-2026 03:36:12 AM [] []
[2026-07-16 03:36:21] SlimMonoLogger.INFO: Cron ran at: 16-07-2026 03:36:21 AM [] []
[2026-07-16 03:36:48] SlimMonoLogger.INFO: Cron ran at: 16-07-2026 03:36:48 AM [] []
[2026-07-16 03:37:11] SlimMonoLogger.INFO: Cron ran at: 16-07-2026 03:37:11 AM [] []
[2026-07-16 03:37:12] SlimMonoLogger.INFO: Cron ran at: 16-07-2026 03:37:12 AM [] []
[2026-07-16 03:37:13] SlimMonoLogger.INFO: Cron ran at: 16-07-2026 03:37:13 AM [] []
[2026-07-16 03:37:51] SlimMonoLogger.INFO: Cron ran at: 16-07-2026 03:37:51 AM [] []
[2026-07-16 03:38:05] SlimMonoLogger.INFO: Cron ran at: 16-07-2026 03:38:05 AM [] []
[2026-07-16 03:38:05] SlimMonoLogger.INFO: Cron ran at: 16-07-2026 03:38:05 AM [] []
[2026-07-16 03:38:13] SlimMonoLogger.INFO: Cron ran at: 16-07-2026 03:38:13 AM [] []
[2026-07-16 03:38:57] SlimMonoLogger.INFO: Cron ran at: 16-07-2026 03:38:57 AM [] []
[2026-07-16 03:38:58] SlimMonoLogger.INFO: Cron ran at: 16-07-2026 03:38:58 AM [] []
[2026-07-16 03:39:01] SlimMonoLogger.INFO: Cron ran at: 16-07-2026 03:39:01 AM [] []
[2026-07-16 03:39:25] SlimMonoLogger.INFO: Cron ran at: 16-07-2026 03:39:25 AM [] []
[2026-07-16 03:39:49] SlimMonoLogger.INFO: Cron ran at: 16-07-2026 03:39:49 AM [] []
[2026-07-16 03:39:52] SlimMonoLogger.INFO: Cron ran at: 16-07-2026 03:39:52 AM [] []
[2026-07-16 03:40:01] SlimMonoLogger.INFO: Cron ran at: 16-07-2026 03:40:01 AM [] []
[2026-07-16 03:40:15] SlimMonoLogger.INFO: Cron ran at: 16-07-2026 03:40:15 AM [] []
[2026-07-16 03:40:46] SlimMonoLogger.INFO: Cron ran at: 16-07-2026 03:40:46 AM [] []
[2026-07-16 03:41:06] SlimMonoLogger.INFO: Cron ran at: 16-07-2026 03:41:06 AM [] []
[2026-07-16 03:41:16] SlimMonoLogger.INFO: Cron ran at: 16-07-2026 03:41:16 AM [] []
[2026-07-16 03:41:46] SlimMonoLogger.INFO: Cron ran at: 16-07-2026 03:41:46 AM [] []
[2026-07-16 03:41:48] SlimMonoLogger.INFO: Cron ran at: 16-07-2026 03:41:48 AM [] []
[2026-07-16 03:42:01] SlimMonoLogger.INFO: Cron ran at: 16-07-2026 03:42:01 AM [] []
[2026-07-16 03:42:20] SlimMonoLogger.INFO: Cron ran at: 16-07-2026 03:42:20 AM [] []
[2026-07-16 03:42:41] SlimMonoLogger.INFO: Cron ran at: 16-07-2026 03:42:41 AM [] []
[2026-07-16 03:42:44] SlimMonoLogger.INFO: Cron ran at: 16-07-2026 03:42:44 AM [] []
[2026-07-16 03:43:01] SlimMonoLogger.INFO: Cron ran at: 16-07-2026 03:43:01 AM [] []
[2026-07-16 03:43:15] SlimMonoLogger.INFO: Cron ran at: 16-07-2026 03:43:15 AM [] []
[2026-07-16 03:43:35] SlimMonoLogger.INFO: Cron ran at: 16-07-2026 03:43:35 AM [] []
[2026-07-16 03:43:40] SlimMonoLogger.INFO: Cron ran at: 16-07-2026 03:43:40 AM [] []
[2026-07-16 03:44:02] SlimMonoLogger.INFO: Cron ran at: 16-07-2026 03:44:02 AM [] []
[2026-07-16 03:44:14] SlimMonoLogger.INFO: Cron ran at: 16-07-2026 03:44:14 AM [] []
[2026-07-16 03:44:25] SlimMonoLogger.INFO: Cron ran at: 16-07-2026 03:44:25 AM [] []
[2026-07-16 03:44:43] SlimMonoLogger.INFO: Cron ran at: 16-07-2026 03:44:43 AM [] []
[2026-07-16 03:45:02] SlimMonoLogger.INFO: Cron ran at: 16-07-2026 03:45:02 AM [] []
[2026-07-16 03:45:17] SlimMonoLogger.INFO: Cron ran at: 16-07-2026 03:45:17 AM [] []
[2026-07-16 03:45:21] SlimMonoLogger.INFO: Cron ran at: 16-07-2026 03:45:21 AM [] []
[2026-07-16 03:45:39] SlimMonoLogger.INFO: Cron ran at: 16-07-2026 03:45:39 AM [] []
[2026-07-16 03:46:02] SlimMonoLogger.INFO: Cron ran at: 16-07-2026 03:46:02 AM [] []
[2026-07-16 03:46:18] SlimMonoLogger.INFO: Cron ran at: 16-07-2026 03:46:18 AM [] []
[2026-07-16 03:46:32] SlimMonoLogger.INFO: Cron ran at: 16-07-2026 03:46:32 AM [] []
[2026-07-16 03:46:41] SlimMonoLogger.INFO: Cron ran at: 16-07-2026 03:46:41 AM [] []
[2026-07-16 03:47:04] SlimMonoLogger.INFO: Cron ran at: 16-07-2026 03:47:04 AM [] []
[2026-07-16 03:47:08] SlimMonoLogger.INFO: Cron ran at: 16-07-2026 03:47:08 AM [] []
[2026-07-16 03:47:23] SlimMonoLogger.INFO: Cron ran at: 16-07-2026 03:47:23 AM [] []
[2026-07-16 03:47:45] SlimMonoLogger.INFO: Cron ran at: 16-07-2026 03:47:45 AM [] []
[2026-07-16 03:48:04] SlimMonoLogger.INFO: Cron ran at: 16-07-2026 03:48:04 AM [] []
[2026-07-16 03:48:05] SlimMonoLogger.INFO: Cron ran at: 16-07-2026 03:48:05 AM [] []
[2026-07-16 03:48:12] SlimMonoLogger.INFO: Cron ran at: 16-07-2026 03:48:12 AM [] []
[2026-07-16 03:48:41] SlimMonoLogger.INFO: Cron ran at: 16-07-2026 03:48:41 AM [] []
[2026-07-16 03:49:01] SlimMonoLogger.INFO: Cron ran at: 16-07-2026 03:49:01 AM [] []
[2026-07-16 03:49:04] SlimMonoLogger.INFO: Cron ran at: 16-07-2026 03:49:04 AM [] []
[2026-07-16 03:49:13] SlimMonoLogger.INFO: Cron ran at: 16-07-2026 03:49:13 AM [] []
[2026-07-16 03:49:39] SlimMonoLogger.INFO: Cron ran at: 16-07-2026 03:49:39 AM [] []
[2026-07-16 03:50:03] SlimMonoLogger.INFO: Cron ran at: 16-07-2026 03:50:03 AM [] []
[2026-07-16 03:50:03] SlimMonoLogger.INFO: Cron ran at: 16-07-2026 03:50:03 AM [] []
[2026-07-16 03:50:09] SlimMonoLogger.INFO: Cron ran at: 16-07-2026 03:50:09 AM [] []
[2026-07-16 03:50:39] SlimMonoLogger.INFO: Cron ran at: 16-07-2026 03:50:39 AM [] []
[2026-07-16 03:50:57] SlimMonoLogger.INFO: Cron ran at: 16-07-2026 03:50:57 AM [] []
[2026-07-16 03:51:04] SlimMonoLogger.INFO: Cron ran at: 16-07-2026 03:51:04 AM [] []
[2026-07-16 03:51:41] SlimMonoLogger.INFO: Cron ran at: 16-07-2026 03:51:41 AM [] []
[2026-07-16 03:51:51] SlimMonoLogger.INFO: Cron ran at: 16-07-2026 03:51:51 AM [] []
[2026-07-16 03:51:51] SlimMonoLogger.INFO: Cron ran at: 16-07-2026 03:51:51 AM [] []
[2026-07-16 03:52:05] SlimMonoLogger.INFO: Cron ran at: 16-07-2026 03:52:05 AM [] []
[2026-07-16 03:52:41] SlimMonoLogger.INFO: Cron ran at: 16-07-2026 03:52:41 AM [] []
[2026-07-16 03:52:43] SlimMonoLogger.INFO: Cron ran at: 16-07-2026 03:52:43 AM [] []
[2026-07-16 03:52:48] SlimMonoLogger.INFO: Cron ran at: 16-07-2026 03:52:48 AM [] []
[2026-07-16 03:53:06] SlimMonoLogger.INFO: Cron ran at: 16-07-2026 03:53:06 AM [] []
[2026-07-16 03:53:38] SlimMonoLogger.INFO: Cron ran at: 16-07-2026 03:53:38 AM [] []
[2026-07-16 03:53:38] SlimMonoLogger.INFO: Cron ran at: 16-07-2026 03:53:38 AM [] []
[2026-07-16 03:53:46] SlimMonoLogger.INFO: Cron ran at: 16-07-2026 03:53:46 AM [] []
[2026-07-16 03:54:11] SlimMonoLogger.INFO: Cron ran at: 16-07-2026 03:54:11 AM [] []
[2026-07-16 03:54:30] SlimMonoLogger.INFO: Cron ran at: 16-07-2026 03:54:30 AM [] []
[2026-07-16 03:54:40] SlimMonoLogger.INFO: Cron ran at: 16-07-2026 03:54:40 AM [] []
[2026-07-16 03:54:49] SlimMonoLogger.INFO: Cron ran at: 16-07-2026 03:54:49 AM [] []
[2026-07-16 03:55:07] SlimMonoLogger.INFO: Cron ran at: 16-07-2026 03:55:07 AM [] []
[2026-07-16 03:55:23] SlimMonoLogger.INFO: Cron ran at: 16-07-2026 03:55:23 AM [] []
[2026-07-16 03:55:48] SlimMonoLogger.INFO: Cron ran at: 16-07-2026 03:55:48 AM [] []
[2026-07-16 03:56:05] SlimMonoLogger.INFO: Cron ran at: 16-07-2026 03:56:05 AM [] []
[2026-07-16 03:56:19] SlimMonoLogger.INFO: Cron ran at: 16-07-2026 03:56:19 AM [] []
[2026-07-16 03:56:29] SlimMonoLogger.INFO: Cron ran at: 16-07-2026 03:56:29 AM [] []
[2026-07-16 03:56:48] SlimMonoLogger.INFO: Cron ran at: 16-07-2026 03:56:48 AM [] []
[2026-07-16 03:57:11] SlimMonoLogger.INFO: Cron ran at: 16-07-2026 03:57:11 AM [] []
[2026-07-16 03:57:12] SlimMonoLogger.INFO: Cron ran at: 16-07-2026 03:57:12 AM [] []
[2026-07-16 03:57:13] SlimMonoLogger.INFO: Cron ran at: 16-07-2026 03:57:13 AM [] []
[2026-07-16 03:57:47] SlimMonoLogger.INFO: Cron ran at: 16-07-2026 03:57:47 AM [] []
[2026-07-16 03:58:05] SlimMonoLogger.INFO: Cron ran at: 16-07-2026 03:58:05 AM [] []
[2026-07-16 03:58:08] SlimMonoLogger.INFO: Cron ran at: 16-07-2026 03:58:08 AM [] []
[2026-07-16 03:58:32] SlimMonoLogger.INFO: Cron ran at: 16-07-2026 03:58:32 AM [] []
[2026-07-16 03:58:46] SlimMonoLogger.INFO: Cron ran at: 16-07-2026 03:58:46 AM [] []
[2026-07-16 03:59:02] SlimMonoLogger.INFO: Cron ran at: 16-07-2026 03:59:02 AM [] []
[2026-07-16 03:59:02] SlimMonoLogger.INFO: Cron ran at: 16-07-2026 03:59:02 AM [] []
[2026-07-16 03:59:05] SlimMonoLogger.INFO: Cron ran at: 16-07-2026 03:59:05 AM [] []
[2026-07-16 03:59:49] SlimMonoLogger.INFO: Cron ran at: 16-07-2026 03:59:49 AM [] []
[2026-07-16 03:59:58] SlimMonoLogger.INFO: Cron ran at: 16-07-2026 03:59:58 AM [] []
[2026-07-16 04:00:06] SlimMonoLogger.INFO: Cron ran at: 16-07-2026 04:00:06 AM [] []
[2026-07-16 04:00:06] SlimMonoLogger.INFO: Cron ran at: 16-07-2026 04:00:06 AM [] []
[2026-07-16 04:00:51] SlimMonoLogger.INFO: Cron ran at: 16-07-2026 04:00:51 AM [] []
[2026-07-16 04:00:53] SlimMonoLogger.INFO: Cron ran at: 16-07-2026 04:00:53 AM [] []
[2026-07-16 04:01:05] SlimMonoLogger.INFO: Cron ran at: 16-07-2026 04:01:05 AM [] []
[2026-07-16 04:01:36] SlimMonoLogger.INFO: Cron ran at: 16-07-2026 04:01:36 AM [] []
[2026-07-16 04:01:47] SlimMonoLogger.INFO: Cron ran at: 16-07-2026 04:01:47 AM [] []
[2026-07-16 04:01:48] SlimMonoLogger.INFO: Cron ran at: 16-07-2026 04:01:48 AM [] []
[2026-07-16 04:02:06] SlimMonoLogger.INFO: Cron ran at: 16-07-2026 04:02:06 AM [] []
[2026-07-16 04:02:15] SlimMonoLogger.INFO: Cron ran at: 16-07-2026 04:02:15 AM [] []
[2026-07-16 04:02:44] SlimMonoLogger.INFO: Cron ran at: 16-07-2026 04:02:44 AM [] []
[2026-07-16 04:02:48] SlimMonoLogger.INFO: Cron ran at: 16-07-2026 04:02:48 AM [] []
[2026-07-16 04:03:06] SlimMonoLogger.INFO: Cron ran at: 16-07-2026 04:03:06 AM [] []
[2026-07-16 04:03:07] SlimMonoLogger.INFO: Cron ran at: 16-07-2026 04:03:07 AM [] []
[2026-07-16 04:03:45] SlimMonoLogger.INFO: Cron ran at: 16-07-2026 04:03:45 AM [] []
[2026-07-16 04:03:50] SlimMonoLogger.INFO: Cron ran at: 16-07-2026 04:03:50 AM [] []
[2026-07-16 04:04:08] SlimMonoLogger.INFO: Cron ran at: 16-07-2026 04:04:08 AM [] []
[2026-07-16 04:04:10] SlimMonoLogger.INFO: Cron ran at: 16-07-2026 04:04:10 AM [] []
[2026-07-16 04:04:42] SlimMonoLogger.INFO: Cron ran at: 16-07-2026 04:04:42 AM [] []
[2026-07-16 04:04:48] SlimMonoLogger.INFO: Cron ran at: 16-07-2026 04:04:48 AM [] []
[2026-07-16 04:05:03] SlimMonoLogger.INFO: Cron ran at: 16-07-2026 04:05:03 AM [] []
[2026-07-16 04:05:09] SlimMonoLogger.INFO: Cron ran at: 16-07-2026 04:05:09 AM [] []
[2026-07-16 04:05:41] SlimMonoLogger.INFO: Cron ran at: 16-07-2026 04:05:41 AM [] []
[2026-07-16 04:05:51] SlimMonoLogger.INFO: Cron ran at: 16-07-2026 04:05:51 AM [] []
[2026-07-16 04:06:07] SlimMonoLogger.INFO: Cron ran at: 16-07-2026 04:06:07 AM [] []
[2026-07-16 04:06:46] SlimMonoLogger.INFO: Cron ran at: 16-07-2026 04:06:46 AM [] []
[2026-07-16 04:06:46] SlimMonoLogger.INFO: Cron ran at: 16-07-2026 04:06:46 AM [] []
[2026-07-16 04:06:49] SlimMonoLogger.INFO: Cron ran at: 16-07-2026 04:06:49 AM [] []
[2026-07-16 04:07:10] SlimMonoLogger.INFO: Cron ran at: 16-07-2026 04:07:10 AM [] []
[2026-07-16 04:07:40] SlimMonoLogger.INFO: Cron ran at: 16-07-2026 04:07:40 AM [] []
[2026-07-16 04:07:40] SlimMonoLogger.INFO: Cron ran at: 16-07-2026 04:07:40 AM [] []
[2026-07-16 04:07:44] SlimMonoLogger.INFO: Cron ran at: 16-07-2026 04:07:44 AM [] []
[2026-07-16 04:08:10] SlimMonoLogger.INFO: Cron ran at: 16-07-2026 04:08:10 AM [] []
[2026-07-16 04:08:31] SlimMonoLogger.INFO: Cron ran at: 16-07-2026 04:08:31 AM [] []
[2026-07-16 04:08:40] SlimMonoLogger.INFO: Cron ran at: 16-07-2026 04:08:40 AM [] []
[2026-07-16 04:08:41] SlimMonoLogger.INFO: Cron ran at: 16-07-2026 04:08:41 AM [] []
[2026-07-16 04:09:13] SlimMonoLogger.INFO: Cron ran at: 16-07-2026 04:09:13 AM [] []
[2026-07-16 04:09:26] SlimMonoLogger.INFO: Cron ran at: 16-07-2026 04:09:26 AM [] []
[2026-07-16 04:09:44] SlimMonoLogger.INFO: Cron ran at: 16-07-2026 04:09:44 AM [] []
[2026-07-16 04:09:44] SlimMonoLogger.INFO: Cron ran at: 16-07-2026 04:09:44 AM [] []
[2026-07-16 04:10:09] SlimMonoLogger.INFO: Cron ran at: 16-07-2026 04:10:09 AM [] []
[2026-07-16 04:10:21] SlimMonoLogger.INFO: Cron ran at: 16-07-2026 04:10:21 AM [] []
[2026-07-16 04:10:44] SlimMonoLogger.INFO: Cron ran at: 16-07-2026 04:10:44 AM [] []
[2026-07-16 04:10:47] SlimMonoLogger.INFO: Cron ran at: 16-07-2026 04:10:47 AM [] []
[2026-07-16 04:11:12] SlimMonoLogger.INFO: Cron ran at: 16-07-2026 04:11:12 AM [] []
[2026-07-16 04:11:49] SlimMonoLogger.INFO: Cron ran at: 16-07-2026 04:11:49 AM [] []
[2026-07-16 04:12:04] SlimMonoLogger.INFO: Cron ran at: 16-07-2026 04:12:04 AM [] []
[2026-07-16 04:12:07] SlimMonoLogger.INFO: Cron ran at: 16-07-2026 04:12:07 AM [] []
[2026-07-16 04:12:43] SlimMonoLogger.INFO: Cron ran at: 16-07-2026 04:12:43 AM [] []
[2026-07-16 04:12:44] SlimMonoLogger.INFO: Cron ran at: 16-07-2026 04:12:44 AM [] []
[2026-07-16 04:12:54] SlimMonoLogger.INFO: Cron ran at: 16-07-2026 04:12:54 AM [] []
[2026-07-16 04:13:06] SlimMonoLogger.INFO: Cron ran at: 16-07-2026 04:13:06 AM [] []
[2026-07-16 04:13:42] SlimMonoLogger.INFO: Cron ran at: 16-07-2026 04:13:42 AM [] []
[2026-07-16 04:13:42] SlimMonoLogger.INFO: Cron ran at: 16-07-2026 04:13:42 AM [] []
[2026-07-16 04:13:44] SlimMonoLogger.INFO: Cron ran at: 16-07-2026 04:13:44 AM [] []
[2026-07-16 04:14:12] SlimMonoLogger.INFO: Cron ran at: 16-07-2026 04:14:12 AM [] []
[2026-07-16 04:14:42] SlimMonoLogger.INFO: Cron ran at: 16-07-2026 04:14:42 AM [] []
[2026-07-16 04:14:46] SlimMonoLogger.INFO: Cron ran at: 16-07-2026 04:14:46 AM [] []
[2026-07-16 04:14:54] SlimMonoLogger.INFO: Cron ran at: 16-07-2026 04:14:54 AM [] []
[2026-07-16 04:15:06] SlimMonoLogger.INFO: Cron ran at: 16-07-2026 04:15:06 AM [] []
[2026-07-16 04:15:36] SlimMonoLogger.INFO: Cron ran at: 16-07-2026 04:15:36 AM [] []
[2026-07-16 04:15:45] SlimMonoLogger.INFO: Cron ran at: 16-07-2026 04:15:45 AM [] []
[2026-07-16 04:16:04] SlimMonoLogger.INFO: Cron ran at: 16-07-2026 04:16:04 AM [] []
[2026-07-16 04:16:28] SlimMonoLogger.INFO: Cron ran at: 16-07-2026 04:16:28 AM [] []
[2026-07-16 04:16:43] SlimMonoLogger.INFO: Cron ran at: 16-07-2026 04:16:43 AM [] []
[2026-07-16 04:16:57] SlimMonoLogger.INFO: Cron ran at: 16-07-2026 04:16:57 AM [] []
[2026-07-16 04:17:01] SlimMonoLogger.INFO: Cron ran at: 16-07-2026 04:17:01 AM [] []
[2026-07-16 04:17:01] SlimMonoLogger.INFO: Cron ran at: 16-07-2026 04:17:01 AM [] []
[2026-07-16 04:17:23] SlimMonoLogger.INFO: Cron ran at: 16-07-2026 04:17:23 AM [] []
[2026-07-16 04:17:52] SlimMonoLogger.INFO: Cron ran at: 16-07-2026 04:17:52 AM [] []
[2026-07-16 04:17:57] SlimMonoLogger.INFO: Cron ran at: 16-07-2026 04:17:57 AM [] []
[2026-07-16 04:18:02] SlimMonoLogger.INFO: Cron ran at: 16-07-2026 04:18:02 AM [] []
[2026-07-16 04:18:19] SlimMonoLogger.INFO: Cron ran at: 16-07-2026 04:18:19 AM [] []
[2026-07-16 04:18:43] SlimMonoLogger.INFO: Cron ran at: 16-07-2026 04:18:43 AM [] []
[2026-07-16 04:18:55] SlimMonoLogger.INFO: Cron ran at: 16-07-2026 04:18:55 AM [] []
[2026-07-16 04:19:01] SlimMonoLogger.INFO: Cron ran at: 16-07-2026 04:19:01 AM [] []
[2026-07-16 04:19:16] SlimMonoLogger.INFO: Cron ran at: 16-07-2026 04:19:16 AM [] []
[2026-07-16 04:19:28] SlimMonoLogger.ERROR: Requests_Exception: cURL error 28: Operation timed out after 500001 milliseconds with 15823 bytes received in /home/latihtal/public_html/agregator1/src/vendor/rmccue/requests/library/Requests/Transport/cURL.php:422
Stack trace:
#0 /home/latihtal/public_html/agregator1/src/vendor/rmccue/requests/library/Requests/Transport/cURL.php(177): Requests_Transport_cURL->process_response()
#1 /home/latihtal/public_html/agregator1/src/vendor/rmccue/requests/library/Requests.php(379): Requests_Transport_cURL->request()
#2 /home/latihtal/public_html/agregator1/src/vendor/rmccue/requests/library/Requests/Session.php(205): Requests::request()
#3 /home/latihtal/public_html/agregator1/src/vendor/rmccue/requests/library/Requests/Session.php(132): Requests_Session->request()
#4 /home/latihtal/public_html/agregator1/src/drivers/Http/RssImporter.php(144): Requests_Session->get()
#5 /home/latihtal/public_html/agregator1/src/controllers/Dashboard/DashboardFeedsController.php(534): spark\drivers\Http\RssImporter->fetchPosts()
#6 /home/latihtal/public_html/agregator1/src/controllers/Site/SiteController.php(722): spark\controllers\Dashboard\DashboardFeedsController::importFeedPosts()
#7 [internal function]: spark\controllers\Site\SiteController->runTasks()
#8 /home/latihtal/public_html/agregator1/src/framework/Route.php(173): call_user_func_array()
#9 [internal function]: Slim\Route->Slim\{closure}()
#10 /home/latihtal/public_html/agregator1/src/framework/Route.php(468): call_user_func_array()
#11 /home/latihtal/public_html/agregator1/src/framework/Slim.php(1364): Slim\Route->dispatch()
#12 /home/latihtal/public_html/agregator1/src/framework/Middleware/Flash.php(85): Slim\Slim->call()
#13 /home/latihtal/public_html/agregator1/src/framework/Middleware/MethodOverride.php(92): Slim\Middleware\Flash->call()
#14 /home/latihtal/public_html/agregator1/src/middlewares/CsrfGuard/CsrfGuard.php(47): Slim\Middleware\MethodOverride->call()
#15 /home/latihtal/public_html/agregator1/src/framework/Middleware/PrettyExceptions.php(67): spark\middlewares\CsrfGuard\CsrfGuard->call()
#16 /home/latihtal/public_html/agregator1/src/framework/Slim.php(1308): Slim\Middleware\PrettyExceptions->call()
#17 /home/latihtal/public_html/agregator1/index.php(6): Slim\Slim->run()
#18 {main} [] []
[2026-07-16 04:19:36] SlimMonoLogger.INFO: Cron ran at: 16-07-2026 04:19:36 AM [] []
[2026-07-16 04:20:03] SlimMonoLogger.INFO: Cron ran at: 16-07-2026 04:20:03 AM [] []
[2026-07-16 04:20:05] SlimMonoLogger.INFO: Cron ran at: 16-07-2026 04:20:05 AM [] []
[2026-07-16 04:20:19] SlimMonoLogger.INFO: Cron ran at: 16-07-2026 04:20:19 AM [] []
[2026-07-16 04:20:33] SlimMonoLogger.INFO: Cron ran at: 16-07-2026 04:20:33 AM [] []
[2026-07-16 04:21:05] SlimMonoLogger.INFO: Cron ran at: 16-07-2026 04:21:05 AM [] []
[2026-07-16 04:21:21] SlimMonoLogger.INFO: Cron ran at: 16-07-2026 04:21:21 AM [] []
[2026-07-16 04:21:23] SlimMonoLogger.INFO: Cron ran at: 16-07-2026 04:21:23 AM [] []
[2026-07-16 04:21:49] SlimMonoLogger.INFO: Cron ran at: 16-07-2026 04:21:49 AM [] []
[2026-07-16 04:22:03] SlimMonoLogger.INFO: Cron ran at: 16-07-2026 04:22:03 AM [] []
[2026-07-16 04:22:17] SlimMonoLogger.INFO: Cron ran at: 16-07-2026 04:22:17 AM [] []
[2026-07-16 04:22:17] SlimMonoLogger.INFO: Cron ran at: 16-07-2026 04:22:17 AM [] []
[2026-07-16 04:22:42] SlimMonoLogger.INFO: Cron ran at: 16-07-2026 04:22:42 AM [] []
[2026-07-16 04:23:01] SlimMonoLogger.INFO: Cron ran at: 16-07-2026 04:23:01 AM [] []
[2026-07-16 04:23:17] SlimMonoLogger.INFO: Cron ran at: 16-07-2026 04:23:17 AM [] []
[2026-07-16 04:23:17] SlimMonoLogger.INFO: Cron ran at: 16-07-2026 04:23:17 AM [] []
[2026-07-16 04:23:33] SlimMonoLogger.INFO: Cron ran at: 16-07-2026 04:23:33 AM [] []
[2026-07-16 04:24:01] SlimMonoLogger.INFO: Cron ran at: 16-07-2026 04:24:01 AM [] []
[2026-07-16 04:24:16] SlimMonoLogger.INFO: Cron ran at: 16-07-2026 04:24:16 AM [] []
[2026-07-16 04:24:18] SlimMonoLogger.INFO: Cron ran at: 16-07-2026 04:24:18 AM [] []
[2026-07-16 04:24:30] SlimMonoLogger.INFO: Cron ran at: 16-07-2026 04:24:30 AM [] []
[2026-07-16 04:25:12] SlimMonoLogger.INFO: Cron ran at: 16-07-2026 04:25:12 AM [] []
[2026-07-16 04:25:20] SlimMonoLogger.INFO: Cron ran at: 16-07-2026 04:25:20 AM [] []
[2026-07-16 04:25:25] SlimMonoLogger.INFO: Cron ran at: 16-07-2026 04:25:25 AM [] []
[2026-07-16 04:25:25] SlimMonoLogger.INFO: Cron ran at: 16-07-2026 04:25:25 AM [] []
[2026-07-16 04:26:17] SlimMonoLogger.INFO: Cron ran at: 16-07-2026 04:26:17 AM [] []
[2026-07-16 04:26:17] SlimMonoLogger.INFO: Cron ran at: 16-07-2026 04:26:17 AM [] []
[2026-07-16 04:26:18] SlimMonoLogger.INFO: Cron ran at: 16-07-2026 04:26:18 AM [] []
[2026-07-16 04:26:35] SlimMonoLogger.INFO: Cron ran at: 16-07-2026 04:26:35 AM [] []
[2026-07-16 04:27:14] SlimMonoLogger.INFO: Cron ran at: 16-07-2026 04:27:14 AM [] []
[2026-07-16 04:27:15] SlimMonoLogger.INFO: Cron ran at: 16-07-2026 04:27:15 AM [] []
[2026-07-16 04:27:16] SlimMonoLogger.INFO: Cron ran at: 16-07-2026 04:27:16 AM [] []
[2026-07-16 04:27:24] SlimMonoLogger.INFO: Cron ran at: 16-07-2026 04:27:24 AM [] []
[2026-07-16 04:28:12] SlimMonoLogger.INFO: Cron ran at: 16-07-2026 04:28:12 AM [] []
[2026-07-16 04:28:14] SlimMonoLogger.INFO: Cron ran at: 16-07-2026 04:28:14 AM [] []
[2026-07-16 04:28:15] SlimMonoLogger.INFO: Cron ran at: 16-07-2026 04:28:15 AM [] []
[2026-07-16 04:28:15] SlimMonoLogger.INFO: Cron ran at: 16-07-2026 04:28:15 AM [] []
[2026-07-16 04:29:08] SlimMonoLogger.INFO: Cron ran at: 16-07-2026 04:29:08 AM [] []
[2026-07-16 04:29:09] SlimMonoLogger.INFO: Cron ran at: 16-07-2026 04:29:09 AM [] []
[2026-07-16 04:29:16] SlimMonoLogger.INFO: Cron ran at: 16-07-2026 04:29:16 AM [] []
[2026-07-16 04:29:17] SlimMonoLogger.INFO: Cron ran at: 16-07-2026 04:29:17 AM [] []
[2026-07-16 04:30:04] SlimMonoLogger.INFO: Cron ran at: 16-07-2026 04:30:04 AM [] []
[2026-07-16 04:30:05] SlimMonoLogger.INFO: Cron ran at: 16-07-2026 04:30:05 AM [] []
[2026-07-16 04:30:16] SlimMonoLogger.INFO: Cron ran at: 16-07-2026 04:30:16 AM [] []
[2026-07-16 04:30:18] SlimMonoLogger.INFO: Cron ran at: 16-07-2026 04:30:18 AM [] []
[2026-07-16 04:31:05] SlimMonoLogger.INFO: Cron ran at: 16-07-2026 04:31:05 AM [] []
[2026-07-16 04:31:08] SlimMonoLogger.INFO: Cron ran at: 16-07-2026 04:31:08 AM [] []
[2026-07-16 04:31:19] SlimMonoLogger.INFO: Cron ran at: 16-07-2026 04:31:19 AM [] []
[2026-07-16 04:32:07] SlimMonoLogger.INFO: Cron ran at: 16-07-2026 04:32:07 AM [] []
[2026-07-16 04:32:15] SlimMonoLogger.INFO: Cron ran at: 16-07-2026 04:32:15 AM [] []
[2026-07-16 04:32:18] SlimMonoLogger.INFO: Cron ran at: 16-07-2026 04:32:18 AM [] []
[2026-07-16 04:32:18] SlimMonoLogger.INFO: Cron ran at: 16-07-2026 04:32:18 AM [] []
[2026-07-16 04:33:02] SlimMonoLogger.INFO: Cron ran at: 16-07-2026 04:33:02 AM [] []
[2026-07-16 04:33:03] SlimMonoLogger.INFO: Cron ran at: 16-07-2026 04:33:03 AM [] []
[2026-07-16 04:33:15] SlimMonoLogger.INFO: Cron ran at: 16-07-2026 04:33:15 AM [] []
[2026-07-16 04:33:19] SlimMonoLogger.INFO: Cron ran at: 16-07-2026 04:33:19 AM [] []
[2026-07-16 04:33:52] SlimMonoLogger.INFO: Cron ran at: 16-07-2026 04:33:52 AM [] []
[2026-07-16 04:33:58] SlimMonoLogger.INFO: Cron ran at: 16-07-2026 04:33:58 AM [] []
[2026-07-16 04:34:08] SlimMonoLogger.INFO: Cron ran at: 16-07-2026 04:34:08 AM [] []
[2026-07-16 04:34:20] SlimMonoLogger.INFO: Cron ran at: 16-07-2026 04:34:20 AM [] []
[2026-07-16 04:34:49] SlimMonoLogger.INFO: Cron ran at: 16-07-2026 04:34:49 AM [] []
[2026-07-16 04:34:52] SlimMonoLogger.INFO: Cron ran at: 16-07-2026 04:34:52 AM [] []
[2026-07-16 04:35:10] SlimMonoLogger.INFO: Cron ran at: 16-07-2026 04:35:10 AM [] []
[2026-07-16 04:35:22] SlimMonoLogger.INFO: Cron ran at: 16-07-2026 04:35:22 AM [] []
[2026-07-16 04:35:44] SlimMonoLogger.INFO: Cron ran at: 16-07-2026 04:35:44 AM [] []
[2026-07-16 04:35:55] SlimMonoLogger.INFO: Cron ran at: 16-07-2026 04:35:55 AM [] []
[2026-07-16 04:36:12] SlimMonoLogger.INFO: Cron ran at: 16-07-2026 04:36:12 AM [] []
[2026-07-16 04:36:33] SlimMonoLogger.INFO: Cron ran at: 16-07-2026 04:36:33 AM [] []
[2026-07-16 04:36:37] SlimMonoLogger.INFO: Cron ran at: 16-07-2026 04:36:37 AM [] []
[2026-07-16 04:36:50] SlimMonoLogger.INFO: Cron ran at: 16-07-2026 04:36:50 AM [] []
[2026-07-16 04:37:14] SlimMonoLogger.INFO: Cron ran at: 16-07-2026 04:37:14 AM [] []
[2026-07-16 04:37:22] SlimMonoLogger.INFO: Cron ran at: 16-07-2026 04:37:22 AM [] []
[2026-07-16 04:37:32] SlimMonoLogger.INFO: Cron ran at: 16-07-2026 04:37:32 AM [] []
[2026-07-16 04:37:52] SlimMonoLogger.INFO: Cron ran at: 16-07-2026 04:37:52 AM [] []
[2026-07-16 04:38:06] SlimMonoLogger.INFO: Cron ran at: 16-07-2026 04:38:06 AM [] []
[2026-07-16 04:38:13] SlimMonoLogger.INFO: Cron ran at: 16-07-2026 04:38:13 AM [] []
[2026-07-16 04:38:33] SlimMonoLogger.INFO: Cron ran at: 16-07-2026 04:38:33 AM [] []
[2026-07-16 04:38:51] SlimMonoLogger.INFO: Cron ran at: 16-07-2026 04:38:51 AM [] []
[2026-07-16 04:39:04] SlimMonoLogger.INFO: Cron ran at: 16-07-2026 04:39:04 AM [] []
[2026-07-16 04:39:09] SlimMonoLogger.INFO: Cron ran at: 16-07-2026 04:39:09 AM [] []
[2026-07-16 04:39:35] SlimMonoLogger.INFO: Cron ran at: 16-07-2026 04:39:35 AM [] []
[2026-07-16 04:39:53] SlimMonoLogger.INFO: Cron ran at: 16-07-2026 04:39:53 AM [] []
[2026-07-16 04:40:03] SlimMonoLogger.INFO: Cron ran at: 16-07-2026 04:40:03 AM [] []
[2026-07-16 04:40:09] SlimMonoLogger.INFO: Cron ran at: 16-07-2026 04:40:09 AM [] []
[2026-07-16 04:40:29] SlimMonoLogger.INFO: Cron ran at: 16-07-2026 04:40:29 AM [] []
[2026-07-16 04:40:53] SlimMonoLogger.INFO: Cron ran at: 16-07-2026 04:40:53 AM [] []
[2026-07-16 04:40:53] SlimMonoLogger.INFO: Cron ran at: 16-07-2026 04:40:53 AM [] []
[2026-07-16 04:41:30] SlimMonoLogger.INFO: Cron ran at: 16-07-2026 04:41:30 AM [] []
[2026-07-16 04:41:45] SlimMonoLogger.INFO: Cron ran at: 16-07-2026 04:41:45 AM [] []
[2026-07-16 04:41:46] SlimMonoLogger.INFO: Cron ran at: 16-07-2026 04:41:46 AM [] []
[2026-07-16 04:41:47] SlimMonoLogger.INFO: Cron ran at: 16-07-2026 04:41:47 AM [] []
[2026-07-16 04:42:28] SlimMonoLogger.INFO: Cron ran at: 16-07-2026 04:42:28 AM [] []
[2026-07-16 04:42:36] SlimMonoLogger.INFO: Cron ran at: 16-07-2026 04:42:36 AM [] []
[2026-07-16 04:42:43] SlimMonoLogger.INFO: Cron ran at: 16-07-2026 04:42:43 AM [] []
[2026-07-16 04:42:46] SlimMonoLogger.INFO: Cron ran at: 16-07-2026 04:42:46 AM [] []
[2026-07-16 04:43:28] SlimMonoLogger.INFO: Cron ran at: 16-07-2026 04:43:28 AM [] []
[2026-07-16 04:43:29] SlimMonoLogger.INFO: Cron ran at: 16-07-2026 04:43:29 AM [] []
[2026-07-16 04:43:46] SlimMonoLogger.INFO: Cron ran at: 16-07-2026 04:43:46 AM [] []
[2026-07-16 04:43:48] SlimMonoLogger.INFO: Cron ran at: 16-07-2026 04:43:48 AM [] []
[2026-07-16 04:44:23] SlimMonoLogger.INFO: Cron ran at: 16-07-2026 04:44:23 AM [] []
[2026-07-16 04:44:25] SlimMonoLogger.INFO: Cron ran at: 16-07-2026 04:44:25 AM [] []
[2026-07-16 04:44:44] SlimMonoLogger.INFO: Cron ran at: 16-07-2026 04:44:44 AM [] []
[2026-07-16 04:44:51] SlimMonoLogger.INFO: Cron ran at: 16-07-2026 04:44:51 AM [] []
[2026-07-16 04:45:18] SlimMonoLogger.INFO: Cron ran at: 16-07-2026 04:45:18 AM [] []
[2026-07-16 04:45:26] SlimMonoLogger.INFO: Cron ran at: 16-07-2026 04:45:26 AM [] []
[2026-07-16 04:45:45] SlimMonoLogger.INFO: Cron ran at: 16-07-2026 04:45:45 AM [] []
[2026-07-16 04:46:09] SlimMonoLogger.INFO: Cron ran at: 16-07-2026 04:46:09 AM [] []
[2026-07-16 04:46:26] SlimMonoLogger.INFO: Cron ran at: 16-07-2026 04:46:26 AM [] []
[2026-07-16 04:46:43] SlimMonoLogger.INFO: Cron ran at: 16-07-2026 04:46:43 AM [] []
[2026-07-16 04:46:56] SlimMonoLogger.INFO: Cron ran at: 16-07-2026 04:46:56 AM [] []
[2026-07-16 04:47:09] SlimMonoLogger.INFO: Cron ran at: 16-07-2026 04:47:09 AM [] []
[2026-07-16 04:47:32] SlimMonoLogger.INFO: Cron ran at: 16-07-2026 04:47:32 AM [] []
[2026-07-16 04:47:41] SlimMonoLogger.INFO: Cron ran at: 16-07-2026 04:47:41 AM [] []
[2026-07-16 04:47:42] SlimMonoLogger.INFO: Cron ran at: 16-07-2026 04:47:42 AM [] []
[2026-07-16 04:48:04] SlimMonoLogger.INFO: Cron ran at: 16-07-2026 04:48:04 AM [] []
[2026-07-16 04:48:28] SlimMonoLogger.INFO: Cron ran at: 16-07-2026 04:48:28 AM [] []
[2026-07-16 04:48:36] SlimMonoLogger.INFO: Cron ran at: 16-07-2026 04:48:36 AM [] []
[2026-07-16 04:48:39] SlimMonoLogger.INFO: Cron ran at: 16-07-2026 04:48:39 AM [] []
[2026-07-16 04:49:10] SlimMonoLogger.INFO: Cron ran at: 16-07-2026 04:49:10 AM [] []
[2026-07-16 04:49:28] SlimMonoLogger.INFO: Cron ran at: 16-07-2026 04:49:28 AM [] []
[2026-07-16 04:49:28] SlimMonoLogger.INFO: Cron ran at: 16-07-2026 04:49:28 AM [] []
[2026-07-16 04:49:47] SlimMonoLogger.INFO: Cron ran at: 16-07-2026 04:49:47 AM [] []
[2026-07-16 04:50:01] SlimMonoLogger.INFO: Cron ran at: 16-07-2026 04:50:01 AM [] []
[2026-07-16 04:50:26] SlimMonoLogger.INFO: Cron ran at: 16-07-2026 04:50:26 AM [] []
[2026-07-16 04:50:27] SlimMonoLogger.INFO: Cron ran at: 16-07-2026 04:50:27 AM [] []
[2026-07-16 04:50:44] SlimMonoLogger.INFO: Cron ran at: 16-07-2026 04:50:44 AM [] []
[2026-07-16 04:51:04] SlimMonoLogger.INFO: Cron ran at: 16-07-2026 04:51:04 AM [] []
[2026-07-16 04:51:21] SlimMonoLogger.INFO: Cron ran at: 16-07-2026 04:51:21 AM [] []
[2026-07-16 04:51:44] SlimMonoLogger.INFO: Cron ran at: 16-07-2026 04:51:44 AM [] []
[2026-07-16 04:51:44] SlimMonoLogger.INFO: Cron ran at: 16-07-2026 04:51:44 AM [] []
[2026-07-16 04:52:00] SlimMonoLogger.INFO: Cron ran at: 16-07-2026 04:52:00 AM [] []
[2026-07-16 04:52:17] SlimMonoLogger.INFO: Cron ran at: 16-07-2026 04:52:17 AM [] []
[2026-07-16 04:52:41] SlimMonoLogger.INFO: Cron ran at: 16-07-2026 04:52:41 AM [] []
[2026-07-16 04:52:45] SlimMonoLogger.INFO: Cron ran at: 16-07-2026 04:52:45 AM [] []
[2026-07-16 04:53:03] SlimMonoLogger.INFO: Cron ran at: 16-07-2026 04:53:03 AM [] []
[2026-07-16 04:53:15] SlimMonoLogger.INFO: Cron ran at: 16-07-2026 04:53:15 AM [] []
[2026-07-16 04:53:30] SlimMonoLogger.INFO: Cron ran at: 16-07-2026 04:53:30 AM [] []
[2026-07-16 04:54:02] SlimMonoLogger.INFO: Cron ran at: 16-07-2026 04:54:02 AM [] []
[2026-07-16 04:54:06] SlimMonoLogger.INFO: Cron ran at: 16-07-2026 04:54:06 AM [] []
[2026-07-16 04:54:12] SlimMonoLogger.INFO: Cron ran at: 16-07-2026 04:54:12 AM [] []
[2026-07-16 04:54:26] SlimMonoLogger.INFO: Cron ran at: 16-07-2026 04:54:26 AM [] []
[2026-07-16 04:55:03] SlimMonoLogger.INFO: Cron ran at: 16-07-2026 04:55:03 AM [] []
[2026-07-16 04:55:17] SlimMonoLogger.INFO: Cron ran at: 16-07-2026 04:55:17 AM [] []
[2026-07-16 04:55:40] SlimMonoLogger.INFO: Cron ran at: 16-07-2026 04:55:40 AM [] []
[2026-07-16 04:55:42] SlimMonoLogger.INFO: Cron ran at: 16-07-2026 04:55:42 AM [] []
[2026-07-16 04:56:07] SlimMonoLogger.INFO: Cron ran at: 16-07-2026 04:56:07 AM [] []
[2026-07-16 04:56:11] SlimMonoLogger.INFO: Cron ran at: 16-07-2026 04:56:11 AM [] []
[2026-07-16 04:56:11] SlimMonoLogger.INFO: Cron ran at: 16-07-2026 04:56:11 AM [] []
[2026-07-16 04:56:45] SlimMonoLogger.INFO: Cron ran at: 16-07-2026 04:56:45 AM [] []
[2026-07-16 04:57:07] SlimMonoLogger.INFO: Cron ran at: 16-07-2026 04:57:07 AM [] []
[2026-07-16 04:57:07] SlimMonoLogger.INFO: Cron ran at: 16-07-2026 04:57:07 AM [] []
[2026-07-16 04:57:12] SlimMonoLogger.INFO: Cron ran at: 16-07-2026 04:57:12 AM [] []
[2026-07-16 04:57:36] SlimMonoLogger.INFO: Cron ran at: 16-07-2026 04:57:36 AM [] []
[2026-07-16 04:58:01] SlimMonoLogger.INFO: Cron ran at: 16-07-2026 04:58:01 AM [] []
[2026-07-16 04:58:03] SlimMonoLogger.INFO: Cron ran at: 16-07-2026 04:58:03 AM [] []
[2026-07-16 04:58:14] SlimMonoLogger.INFO: Cron ran at: 16-07-2026 04:58:14 AM [] []
[2026-07-16 04:58:26] SlimMonoLogger.INFO: Cron ran at: 16-07-2026 04:58:26 AM [] []
[2026-07-16 04:59:03] SlimMonoLogger.INFO: Cron ran at: 16-07-2026 04:59:03 AM [] []
[2026-07-16 04:59:04] SlimMonoLogger.INFO: Cron ran at: 16-07-2026 04:59:04 AM [] []
[2026-07-16 04:59:11] SlimMonoLogger.INFO: Cron ran at: 16-07-2026 04:59:11 AM [] []
[2026-07-16 04:59:18] SlimMonoLogger.INFO: Cron ran at: 16-07-2026 04:59:18 AM [] []
[2026-07-16 05:00:02] SlimMonoLogger.INFO: Cron ran at: 16-07-2026 05:00:02 AM [] []
[2026-07-16 05:00:03] SlimMonoLogger.INFO: Cron ran at: 16-07-2026 05:00:03 AM [] []
[2026-07-16 05:00:10] SlimMonoLogger.INFO: Cron ran at: 16-07-2026 05:00:10 AM [] []
[2026-07-16 05:00:12] SlimMonoLogger.INFO: Cron ran at: 16-07-2026 05:00:12 AM [] []
[2026-07-16 05:01:09] SlimMonoLogger.INFO: Cron ran at: 16-07-2026 05:01:09 AM [] []
[2026-07-16 05:01:10] SlimMonoLogger.INFO: Cron ran at: 16-07-2026 05:01:10 AM [] []
[2026-07-16 05:01:11] SlimMonoLogger.INFO: Cron ran at: 16-07-2026 05:01:11 AM [] []
[2026-07-16 05:01:50] SlimMonoLogger.INFO: Cron ran at: 16-07-2026 05:01:50 AM [] []
[2026-07-16 05:02:03] SlimMonoLogger.INFO: Cron ran at: 16-07-2026 05:02:03 AM [] []
[2026-07-16 05:02:05] SlimMonoLogger.INFO: Cron ran at: 16-07-2026 05:02:05 AM [] []
[2026-07-16 05:02:12] SlimMonoLogger.INFO: Cron ran at: 16-07-2026 05:02:12 AM [] []
[2026-07-16 05:02:40] SlimMonoLogger.INFO: Cron ran at: 16-07-2026 05:02:40 AM [] []
[2026-07-16 05:03:02] SlimMonoLogger.INFO: Cron ran at: 16-07-2026 05:03:02 AM [] []
[2026-07-16 05:03:05] SlimMonoLogger.INFO: Cron ran at: 16-07-2026 05:03:05 AM [] []
[2026-07-16 05:03:20] SlimMonoLogger.INFO: Cron ran at: 16-07-2026 05:03:20 AM [] []
[2026-07-16 05:03:33] SlimMonoLogger.INFO: Cron ran at: 16-07-2026 05:03:33 AM [] []
[2026-07-16 05:03:59] SlimMonoLogger.INFO: Cron ran at: 16-07-2026 05:03:59 AM [] []
[2026-07-16 05:04:10] SlimMonoLogger.INFO: Cron ran at: 16-07-2026 05:04:10 AM [] []
[2026-07-16 05:04:11] SlimMonoLogger.INFO: Cron ran at: 16-07-2026 05:04:11 AM [] []
[2026-07-16 05:04:23] SlimMonoLogger.INFO: Cron ran at: 16-07-2026 05:04:23 AM [] []
[2026-07-16 05:05:04] SlimMonoLogger.INFO: Cron ran at: 16-07-2026 05:05:04 AM [] []
[2026-07-16 05:05:12] SlimMonoLogger.INFO: Cron ran at: 16-07-2026 05:05:12 AM [] []
[2026-07-16 05:05:16] SlimMonoLogger.INFO: Cron ran at: 16-07-2026 05:05:16 AM [] []
[2026-07-16 05:05:51] SlimMonoLogger.INFO: Cron ran at: 16-07-2026 05:05:51 AM [] []
[2026-07-16 05:06:00] SlimMonoLogger.INFO: Cron ran at: 16-07-2026 05:06:00 AM [] []
[2026-07-16 05:06:01] SlimMonoLogger.INFO: Cron ran at: 16-07-2026 05:06:01 AM [] []
[2026-07-16 05:06:08] SlimMonoLogger.INFO: Cron ran at: 16-07-2026 05:06:08 AM [] []
[2026-07-16 05:06:25] SlimMonoLogger.INFO: Cron ran at: 16-07-2026 05:06:25 AM [] []
[2026-07-16 05:06:58] SlimMonoLogger.INFO: Cron ran at: 16-07-2026 05:06:58 AM [] []
[2026-07-16 05:06:59] SlimMonoLogger.INFO: Cron ran at: 16-07-2026 05:06:59 AM [] []
[2026-07-16 05:07:07] SlimMonoLogger.INFO: Cron ran at: 16-07-2026 05:07:07 AM [] []
[2026-07-16 05:07:15] SlimMonoLogger.INFO: Cron ran at: 16-07-2026 05:07:15 AM [] []
[2026-07-16 05:08:00] SlimMonoLogger.INFO: Cron ran at: 16-07-2026 05:08:00 AM [] []
[2026-07-16 05:08:04] SlimMonoLogger.INFO: Cron ran at: 16-07-2026 05:08:04 AM [] []
[2026-07-16 05:08:04] SlimMonoLogger.INFO: Cron ran at: 16-07-2026 05:08:04 AM [] []
[2026-07-16 05:08:05] SlimMonoLogger.INFO: Cron ran at: 16-07-2026 05:08:05 AM [] []
[2026-07-16 05:08:58] SlimMonoLogger.INFO: Cron ran at: 16-07-2026 05:08:58 AM [] []
[2026-07-16 05:08:58] SlimMonoLogger.INFO: Cron ran at: 16-07-2026 05:08:58 AM [] []
[2026-07-16 05:08:58] SlimMonoLogger.INFO: Cron ran at: 16-07-2026 05:08:58 AM [] []
[2026-07-16 05:08:59] SlimMonoLogger.INFO: Cron ran at: 16-07-2026 05:08:59 AM [] []
[2026-07-16 05:09:56] SlimMonoLogger.INFO: Cron ran at: 16-07-2026 05:09:56 AM [] []
[2026-07-16 05:09:56] SlimMonoLogger.INFO: Cron ran at: 16-07-2026 05:09:56 AM [] []
[2026-07-16 05:09:58] SlimMonoLogger.INFO: Cron ran at: 16-07-2026 05:09:58 AM [] []
[2026-07-16 05:10:00] SlimMonoLogger.INFO: Cron ran at: 16-07-2026 05:10:00 AM [] []
[2026-07-16 05:10:54] SlimMonoLogger.INFO: Cron ran at: 16-07-2026 05:10:54 AM [] []
[2026-07-16 05:10:56] SlimMonoLogger.INFO: Cron ran at: 16-07-2026 05:10:56 AM [] []
[2026-07-16 05:11:01] SlimMonoLogger.INFO: Cron ran at: 16-07-2026 05:11:01 AM [] []
[2026-07-16 05:11:48] SlimMonoLogger.INFO: Cron ran at: 16-07-2026 05:11:48 AM [] []
[2026-07-16 05:11:57] SlimMonoLogger.INFO: Cron ran at: 16-07-2026 05:11:57 AM [] []
[2026-07-16 05:12:02] SlimMonoLogger.INFO: Cron ran at: 16-07-2026 05:12:02 AM [] []
[2026-07-16 05:12:08] SlimMonoLogger.INFO: Cron ran at: 16-07-2026 05:12:08 AM [] []
[2026-07-16 05:12:44] SlimMonoLogger.INFO: Cron ran at: 16-07-2026 05:12:44 AM [] []
[2026-07-16 05:12:58] SlimMonoLogger.INFO: Cron ran at: 16-07-2026 05:12:58 AM [] []
[2026-07-16 05:12:59] SlimMonoLogger.INFO: Cron ran at: 16-07-2026 05:12:59 AM [] []
[2026-07-16 05:13:03] SlimMonoLogger.INFO: Cron ran at: 16-07-2026 05:13:03 AM [] []
[2026-07-16 05:13:41] SlimMonoLogger.INFO: Cron ran at: 16-07-2026 05:13:41 AM [] []
[2026-07-16 05:13:48] SlimMonoLogger.INFO: Cron ran at: 16-07-2026 05:13:48 AM [] []
[2026-07-16 05:13:56] SlimMonoLogger.INFO: Cron ran at: 16-07-2026 05:13:56 AM [] []
[2026-07-16 05:13:57] SlimMonoLogger.INFO: Cron ran at: 16-07-2026 05:13:57 AM [] []
[2026-07-16 05:14:43] SlimMonoLogger.INFO: Cron ran at: 16-07-2026 05:14:43 AM [] []
[2026-07-16 05:14:45] SlimMonoLogger.INFO: Cron ran at: 16-07-2026 05:14:45 AM [] []
[2026-07-16 05:15:00] SlimMonoLogger.INFO: Cron ran at: 16-07-2026 05:15:00 AM [] []
[2026-07-16 05:15:02] SlimMonoLogger.INFO: Cron ran at: 16-07-2026 05:15:02 AM [] []
[2026-07-16 05:15:39] SlimMonoLogger.INFO: Cron ran at: 16-07-2026 05:15:39 AM [] []
[2026-07-16 05:15:39] SlimMonoLogger.INFO: Cron ran at: 16-07-2026 05:15:39 AM [] []
[2026-07-16 05:16:02] SlimMonoLogger.INFO: Cron ran at: 16-07-2026 05:16:02 AM [] []
[2026-07-16 05:16:37] SlimMonoLogger.INFO: Cron ran at: 16-07-2026 05:16:37 AM [] []
[2026-07-16 05:16:39] SlimMonoLogger.INFO: Cron ran at: 16-07-2026 05:16:39 AM [] []
[2026-07-16 05:17:01] SlimMonoLogger.INFO: Cron ran at: 16-07-2026 05:17:01 AM [] []
[2026-07-16 05:17:10] SlimMonoLogger.INFO: Cron ran at: 16-07-2026 05:17:10 AM [] []
[2026-07-16 05:17:32] SlimMonoLogger.INFO: Cron ran at: 16-07-2026 05:17:32 AM [] []
[2026-07-16 05:17:38] SlimMonoLogger.INFO: Cron ran at: 16-07-2026 05:17:38 AM [] []
[2026-07-16 05:18:01] SlimMonoLogger.INFO: Cron ran at: 16-07-2026 05:18:01 AM [] []
[2026-07-16 05:18:02] SlimMonoLogger.INFO: Cron ran at: 16-07-2026 05:18:02 AM [] []
[2026-07-16 05:18:24] SlimMonoLogger.INFO: Cron ran at: 16-07-2026 05:18:24 AM [] []
[2026-07-16 05:18:53] SlimMonoLogger.INFO: Cron ran at: 16-07-2026 05:18:53 AM [] []
[2026-07-16 05:18:53] SlimMonoLogger.INFO: Cron ran at: 16-07-2026 05:18:53 AM [] []
[2026-07-16 05:19:01] SlimMonoLogger.INFO: Cron ran at: 16-07-2026 05:19:01 AM [] []
[2026-07-16 05:19:26] SlimMonoLogger.INFO: Cron ran at: 16-07-2026 05:19:26 AM [] []
[2026-07-16 05:19:41] SlimMonoLogger.INFO: Cron ran at: 16-07-2026 05:19:41 AM [] []
[2026-07-16 05:19:45] SlimMonoLogger.INFO: Cron ran at: 16-07-2026 05:19:45 AM [] []
[2026-07-16 05:20:01] SlimMonoLogger.INFO: Cron ran at: 16-07-2026 05:20:01 AM [] []
[2026-07-16 05:20:29] SlimMonoLogger.INFO: Cron ran at: 16-07-2026 05:20:29 AM [] []
[2026-07-16 05:20:36] SlimMonoLogger.INFO: Cron ran at: 16-07-2026 05:20:36 AM [] []
[2026-07-16 05:20:37] SlimMonoLogger.INFO: Cron ran at: 16-07-2026 05:20:37 AM [] []
[2026-07-16 05:21:21] SlimMonoLogger.INFO: Cron ran at: 16-07-2026 05:21:21 AM [] []
[2026-07-16 05:21:32] SlimMonoLogger.INFO: Cron ran at: 16-07-2026 05:21:32 AM [] []
[2026-07-16 05:21:34] SlimMonoLogger.INFO: Cron ran at: 16-07-2026 05:21:34 AM [] []
[2026-07-16 05:21:37] SlimMonoLogger.INFO: Cron ran at: 16-07-2026 05:21:37 AM [] []
[2026-07-16 05:22:21] SlimMonoLogger.INFO: Cron ran at: 16-07-2026 05:22:21 AM [] []
[2026-07-16 05:22:22] SlimMonoLogger.INFO: Cron ran at: 16-07-2026 05:22:22 AM [] []
[2026-07-16 05:22:29] SlimMonoLogger.INFO: Cron ran at: 16-07-2026 05:22:29 AM [] []
[2026-07-16 05:22:41] SlimMonoLogger.INFO: Cron ran at: 16-07-2026 05:22:41 AM [] []
[2026-07-16 05:23:17] SlimMonoLogger.INFO: Cron ran at: 16-07-2026 05:23:17 AM [] []
[2026-07-16 05:23:21] SlimMonoLogger.INFO: Cron ran at: 16-07-2026 05:23:21 AM [] []
[2026-07-16 05:23:23] SlimMonoLogger.INFO: Cron ran at: 16-07-2026 05:23:23 AM [] []
[2026-07-16 05:23:37] SlimMonoLogger.INFO: Cron ran at: 16-07-2026 05:23:37 AM [] []
[2026-07-16 05:24:09] SlimMonoLogger.INFO: Cron ran at: 16-07-2026 05:24:09 AM [] []
[2026-07-16 05:24:20] SlimMonoLogger.INFO: Cron ran at: 16-07-2026 05:24:20 AM [] []
[2026-07-16 05:24:26] SlimMonoLogger.INFO: Cron ran at: 16-07-2026 05:24:26 AM [] []
[2026-07-16 05:24:40] SlimMonoLogger.INFO: Cron ran at: 16-07-2026 05:24:40 AM [] []
[2026-07-16 05:25:00] SlimMonoLogger.INFO: Cron ran at: 16-07-2026 05:25:00 AM [] []
[2026-07-16 05:25:20] SlimMonoLogger.INFO: Cron ran at: 16-07-2026 05:25:20 AM [] []
[2026-07-16 05:25:22] SlimMonoLogger.INFO: Cron ran at: 16-07-2026 05:25:22 AM [] []
[2026-07-16 05:25:58] SlimMonoLogger.INFO: Cron ran at: 16-07-2026 05:25:58 AM [] []
[2026-07-16 05:26:22] SlimMonoLogger.INFO: Cron ran at: 16-07-2026 05:26:22 AM [] []
[2026-07-16 05:26:22] SlimMonoLogger.INFO: Cron ran at: 16-07-2026 05:26:22 AM [] []
[2026-07-16 05:26:23] SlimMonoLogger.INFO: Cron ran at: 16-07-2026 05:26:23 AM [] []
[2026-07-16 05:26:53] SlimMonoLogger.INFO: Cron ran at: 16-07-2026 05:26:53 AM [] []
[2026-07-16 05:27:12] SlimMonoLogger.INFO: Cron ran at: 16-07-2026 05:27:12 AM [] []
[2026-07-16 05:27:19] SlimMonoLogger.INFO: Cron ran at: 16-07-2026 05:27:19 AM [] []
[2026-07-16 05:27:22] SlimMonoLogger.INFO: Cron ran at: 16-07-2026 05:27:22 AM [] []
[2026-07-16 05:27:46] SlimMonoLogger.INFO: Cron ran at: 16-07-2026 05:27:46 AM [] []
[2026-07-16 05:28:04] SlimMonoLogger.INFO: Cron ran at: 16-07-2026 05:28:04 AM [] []
[2026-07-16 05:28:17] SlimMonoLogger.INFO: Cron ran at: 16-07-2026 05:28:17 AM [] []
[2026-07-16 05:28:22] SlimMonoLogger.INFO: Cron ran at: 16-07-2026 05:28:22 AM [] []
[2026-07-16 05:28:44] SlimMonoLogger.INFO: Cron ran at: 16-07-2026 05:28:44 AM [] []
[2026-07-16 05:29:05] SlimMonoLogger.INFO: Cron ran at: 16-07-2026 05:29:05 AM [] []
[2026-07-16 05:29:20] SlimMonoLogger.INFO: Cron ran at: 16-07-2026 05:29:20 AM [] []
[2026-07-16 05:29:21] SlimMonoLogger.INFO: Cron ran at: 16-07-2026 05:29:21 AM [] []
[2026-07-16 05:29:44] SlimMonoLogger.INFO: Cron ran at: 16-07-2026 05:29:44 AM [] []
[2026-07-16 05:29:47] SlimMonoLogger.INFO: Cron ran at: 16-07-2026 05:29:47 AM [] []
[2026-07-16 05:30:21] SlimMonoLogger.INFO: Cron ran at: 16-07-2026 05:30:21 AM [] []
[2026-07-16 05:30:22] SlimMonoLogger.INFO: Cron ran at: 16-07-2026 05:30:22 AM [] []
[2026-07-16 05:30:45] SlimMonoLogger.INFO: Cron ran at: 16-07-2026 05:30:45 AM [] []
[2026-07-16 05:30:47] SlimMonoLogger.INFO: Cron ran at: 16-07-2026 05:30:47 AM [] []
[2026-07-16 05:31:29] SlimMonoLogger.INFO: Cron ran at: 16-07-2026 05:31:29 AM [] []
[2026-07-16 05:31:40] SlimMonoLogger.INFO: Cron ran at: 16-07-2026 05:31:40 AM [] []
[2026-07-16 05:31:42] SlimMonoLogger.INFO: Cron ran at: 16-07-2026 05:31:42 AM [] []
[2026-07-16 05:31:45] SlimMonoLogger.INFO: Cron ran at: 16-07-2026 05:31:45 AM [] []
[2026-07-16 05:32:27] SlimMonoLogger.INFO: Cron ran at: 16-07-2026 05:32:27 AM [] []
[2026-07-16 05:32:38] SlimMonoLogger.INFO: Cron ran at: 16-07-2026 05:32:38 AM [] []
[2026-07-16 05:32:39] SlimMonoLogger.INFO: Cron ran at: 16-07-2026 05:32:39 AM [] []
[2026-07-16 05:32:43] SlimMonoLogger.INFO: Cron ran at: 16-07-2026 05:32:43 AM [] []
[2026-07-16 05:33:26] SlimMonoLogger.INFO: Cron ran at: 16-07-2026 05:33:26 AM [] []
[2026-07-16 05:33:29] SlimMonoLogger.INFO: Cron ran at: 16-07-2026 05:33:29 AM [] []
[2026-07-16 05:33:39] SlimMonoLogger.INFO: Cron ran at: 16-07-2026 05:33:39 AM [] []
[2026-07-16 05:33:44] SlimMonoLogger.INFO: Cron ran at: 16-07-2026 05:33:44 AM [] []
[2026-07-16 05:34:22] SlimMonoLogger.INFO: Cron ran at: 16-07-2026 05:34:22 AM [] []
[2026-07-16 05:34:23] SlimMonoLogger.INFO: Cron ran at: 16-07-2026 05:34:23 AM [] []
[2026-07-16 05:34:35] SlimMonoLogger.INFO: Cron ran at: 16-07-2026 05:34:35 AM [] []
[2026-07-16 05:34:44] SlimMonoLogger.INFO: Cron ran at: 16-07-2026 05:34:44 AM [] []
[2026-07-16 05:35:13] SlimMonoLogger.INFO: Cron ran at: 16-07-2026 05:35:13 AM [] []
[2026-07-16 05:35:23] SlimMonoLogger.INFO: Cron ran at: 16-07-2026 05:35:23 AM [] []
[2026-07-16 05:35:34] SlimMonoLogger.INFO: Cron ran at: 16-07-2026 05:35:34 AM [] []
[2026-07-16 05:35:44] SlimMonoLogger.INFO: Cron ran at: 16-07-2026 05:35:44 AM [] []
[2026-07-16 05:36:12] SlimMonoLogger.INFO: Cron ran at: 16-07-2026 05:36:12 AM [] []
[2026-07-16 05:36:37] SlimMonoLogger.INFO: Cron ran at: 16-07-2026 05:36:37 AM [] []
[2026-07-16 05:36:37] SlimMonoLogger.INFO: Cron ran at: 16-07-2026 05:36:37 AM [] []
[2026-07-16 05:36:42] SlimMonoLogger.INFO: Cron ran at: 16-07-2026 05:36:42 AM [] []
[2026-07-16 05:37:05] SlimMonoLogger.INFO: Cron ran at: 16-07-2026 05:37:05 AM [] []
[2026-07-16 05:37:29] SlimMonoLogger.INFO: Cron ran at: 16-07-2026 05:37:29 AM [] []
[2026-07-16 05:37:42] SlimMonoLogger.INFO: Cron ran at: 16-07-2026 05:37:42 AM [] []
[2026-07-16 05:37:43] SlimMonoLogger.INFO: Cron ran at: 16-07-2026 05:37:43 AM [] []
[2026-07-16 05:38:06] SlimMonoLogger.INFO: Cron ran at: 16-07-2026 05:38:06 AM [] []
[2026-07-16 05:38:18] SlimMonoLogger.INFO: Cron ran at: 16-07-2026 05:38:18 AM [] []
[2026-07-16 05:38:41] SlimMonoLogger.INFO: Cron ran at: 16-07-2026 05:38:41 AM [] []
[2026-07-16 05:38:42] SlimMonoLogger.INFO: Cron ran at: 16-07-2026 05:38:42 AM [] []
[2026-07-16 05:39:02] SlimMonoLogger.INFO: Cron ran at: 16-07-2026 05:39:02 AM [] []
[2026-07-16 05:39:12] SlimMonoLogger.INFO: Cron ran at: 16-07-2026 05:39:12 AM [] []
[2026-07-16 05:39:37] SlimMonoLogger.INFO: Cron ran at: 16-07-2026 05:39:37 AM [] []
[2026-07-16 05:39:43] SlimMonoLogger.INFO: Cron ran at: 16-07-2026 05:39:43 AM [] []
[2026-07-16 05:39:59] SlimMonoLogger.INFO: Cron ran at: 16-07-2026 05:39:59 AM [] []
[2026-07-16 05:40:04] SlimMonoLogger.INFO: Cron ran at: 16-07-2026 05:40:04 AM [] []
[2026-07-16 05:40:40] SlimMonoLogger.INFO: Cron ran at: 16-07-2026 05:40:40 AM [] []
[2026-07-16 05:41:01] SlimMonoLogger.INFO: Cron ran at: 16-07-2026 05:41:01 AM [] []
[2026-07-16 05:41:02] SlimMonoLogger.INFO: Cron ran at: 16-07-2026 05:41:02 AM [] []
[2026-07-16 05:41:29] SlimMonoLogger.INFO: Cron ran at: 16-07-2026 05:41:29 AM [] []
[2026-07-16 05:41:35] SlimMonoLogger.INFO: Cron ran at: 16-07-2026 05:41:35 AM [] []
[2026-07-16 05:42:00] SlimMonoLogger.INFO: Cron ran at: 16-07-2026 05:42:00 AM [] []
[2026-07-16 05:42:00] SlimMonoLogger.INFO: Cron ran at: 16-07-2026 05:42:00 AM [] []
[2026-07-16 05:42:20] SlimMonoLogger.INFO: Cron ran at: 16-07-2026 05:42:20 AM [] []
[2026-07-16 05:42:37] SlimMonoLogger.INFO: Cron ran at: 16-07-2026 05:42:37 AM [] []
[2026-07-16 05:42:56] SlimMonoLogger.INFO: Cron ran at: 16-07-2026 05:42:56 AM [] []
[2026-07-16 05:42:59] SlimMonoLogger.INFO: Cron ran at: 16-07-2026 05:42:59 AM [] []
[2026-07-16 05:43:11] SlimMonoLogger.INFO: Cron ran at: 16-07-2026 05:43:11 AM [] []
[2026-07-16 05:43:41] SlimMonoLogger.INFO: Cron ran at: 16-07-2026 05:43:41 AM [] []
[2026-07-16 05:43:52] SlimMonoLogger.INFO: Cron ran at: 16-07-2026 05:43:52 AM [] []
[2026-07-16 05:44:02] SlimMonoLogger.INFO: Cron ran at: 16-07-2026 05:44:02 AM [] []
[2026-07-16 05:44:03] SlimMonoLogger.INFO: Cron ran at: 16-07-2026 05:44:03 AM [] []
[2026-07-16 05:44:38] SlimMonoLogger.INFO: Cron ran at: 16-07-2026 05:44:38 AM [] []
[2026-07-16 05:44:51] SlimMonoLogger.INFO: Cron ran at: 16-07-2026 05:44:51 AM [] []
[2026-07-16 05:44:58] SlimMonoLogger.INFO: Cron ran at: 16-07-2026 05:44:58 AM [] []
[2026-07-16 05:45:01] SlimMonoLogger.INFO: Cron ran at: 16-07-2026 05:45:01 AM [] []
[2026-07-16 05:45:54] SlimMonoLogger.INFO: Cron ran at: 16-07-2026 05:45:54 AM [] []
[2026-07-16 05:45:57] SlimMonoLogger.INFO: Cron ran at: 16-07-2026 05:45:57 AM [] []
[2026-07-16 05:46:01] SlimMonoLogger.INFO: Cron ran at: 16-07-2026 05:46:01 AM [] []
[2026-07-16 05:46:54] SlimMonoLogger.INFO: Cron ran at: 16-07-2026 05:46:54 AM [] []
[2026-07-16 05:46:55] SlimMonoLogger.INFO: Cron ran at: 16-07-2026 05:46:55 AM [] []
[2026-07-16 05:46:57] SlimMonoLogger.INFO: Cron ran at: 16-07-2026 05:46:57 AM [] []
[2026-07-16 05:47:06] SlimMonoLogger.INFO: Cron ran at: 16-07-2026 05:47:06 AM [] []
[2026-07-16 05:47:49] SlimMonoLogger.INFO: Cron ran at: 16-07-2026 05:47:49 AM [] []
[2026-07-16 05:47:50] SlimMonoLogger.INFO: Cron ran at: 16-07-2026 05:47:50 AM [] []
[2026-07-16 05:47:56] SlimMonoLogger.INFO: Cron ran at: 16-07-2026 05:47:56 AM [] []
[2026-07-16 05:47:58] SlimMonoLogger.INFO: Cron ran at: 16-07-2026 05:47:58 AM [] []
[2026-07-16 05:48:46] SlimMonoLogger.INFO: Cron ran at: 16-07-2026 05:48:46 AM [] []
[2026-07-16 05:48:46] SlimMonoLogger.INFO: Cron ran at: 16-07-2026 05:48:46 AM [] []
[2026-07-16 05:48:48] SlimMonoLogger.INFO: Cron ran at: 16-07-2026 05:48:48 AM [] []
[2026-07-16 05:48:59] SlimMonoLogger.INFO: Cron ran at: 16-07-2026 05:48:59 AM [] []
[2026-07-16 05:49:39] SlimMonoLogger.INFO: Cron ran at: 16-07-2026 05:49:39 AM [] []
[2026-07-16 05:49:40] SlimMonoLogger.INFO: Cron ran at: 16-07-2026 05:49:40 AM [] []
[2026-07-16 05:49:48] SlimMonoLogger.INFO: Cron ran at: 16-07-2026 05:49:48 AM [] []
[2026-07-16 05:49:54] SlimMonoLogger.INFO: Cron ran at: 16-07-2026 05:49:54 AM [] []
[2026-07-16 05:50:36] SlimMonoLogger.INFO: Cron ran at: 16-07-2026 05:50:36 AM [] []
[2026-07-16 05:50:45] SlimMonoLogger.INFO: Cron ran at: 16-07-2026 05:50:45 AM [] []
[2026-07-16 05:50:46] SlimMonoLogger.INFO: Cron ran at: 16-07-2026 05:50:46 AM [] []
[2026-07-16 05:51:33] SlimMonoLogger.INFO: Cron ran at: 16-07-2026 05:51:33 AM [] []
[2026-07-16 05:51:41] SlimMonoLogger.INFO: Cron ran at: 16-07-2026 05:51:41 AM [] []
[2026-07-16 05:51:42] SlimMonoLogger.INFO: Cron ran at: 16-07-2026 05:51:42 AM [] []
[2026-07-16 05:51:48] SlimMonoLogger.INFO: Cron ran at: 16-07-2026 05:51:48 AM [] []
[2026-07-16 05:52:28] SlimMonoLogger.INFO: Cron ran at: 16-07-2026 05:52:28 AM [] []
[2026-07-16 05:52:35] SlimMonoLogger.INFO: Cron ran at: 16-07-2026 05:52:35 AM [] []
[2026-07-16 05:52:40] SlimMonoLogger.INFO: Cron ran at: 16-07-2026 05:52:40 AM [] []
[2026-07-16 05:52:49] SlimMonoLogger.INFO: Cron ran at: 16-07-2026 05:52:49 AM [] []
[2026-07-16 05:53:24] SlimMonoLogger.INFO: Cron ran at: 16-07-2026 05:53:24 AM [] []
[2026-07-16 05:53:26] SlimMonoLogger.INFO: Cron ran at: 16-07-2026 05:53:26 AM [] []
[2026-07-16 05:53:42] SlimMonoLogger.INFO: Cron ran at: 16-07-2026 05:53:42 AM [] []
[2026-07-16 05:53:54] SlimMonoLogger.INFO: Cron ran at: 16-07-2026 05:53:54 AM [] []
[2026-07-16 05:54:17] SlimMonoLogger.INFO: Cron ran at: 16-07-2026 05:54:17 AM [] []
[2026-07-16 05:54:25] SlimMonoLogger.INFO: Cron ran at: 16-07-2026 05:54:25 AM [] []
[2026-07-16 05:54:43] SlimMonoLogger.INFO: Cron ran at: 16-07-2026 05:54:43 AM [] []
[2026-07-16 05:54:47] SlimMonoLogger.INFO: Cron ran at: 16-07-2026 05:54:47 AM [] []
[2026-07-16 05:55:15] SlimMonoLogger.INFO: Cron ran at: 16-07-2026 05:55:15 AM [] []
[2026-07-16 05:55:15] SlimMonoLogger.INFO: Cron ran at: 16-07-2026 05:55:15 AM [] []
[2026-07-16 05:55:44] SlimMonoLogger.INFO: Cron ran at: 16-07-2026 05:55:44 AM [] []
[2026-07-16 05:56:14] SlimMonoLogger.INFO: Cron ran at: 16-07-2026 05:56:14 AM [] []
[2026-07-16 05:56:18] SlimMonoLogger.INFO: Cron ran at: 16-07-2026 05:56:18 AM [] []
[2026-07-16 05:56:29] SlimMonoLogger.INFO: Cron ran at: 16-07-2026 05:56:29 AM [] []
[2026-07-16 05:56:41] SlimMonoLogger.INFO: Cron ran at: 16-07-2026 05:56:41 AM [] []
[2026-07-16 05:57:05] SlimMonoLogger.INFO: Cron ran at: 16-07-2026 05:57:05 AM [] []
[2026-07-16 05:57:18] SlimMonoLogger.INFO: Cron ran at: 16-07-2026 05:57:18 AM [] []
[2026-07-16 05:57:18] SlimMonoLogger.INFO: Cron ran at: 16-07-2026 05:57:18 AM [] []
[2026-07-16 05:57:45] SlimMonoLogger.INFO: Cron ran at: 16-07-2026 05:57:45 AM [] []
[2026-07-16 05:58:03] SlimMonoLogger.INFO: Cron ran at: 16-07-2026 05:58:03 AM [] []
[2026-07-16 05:58:11] SlimMonoLogger.INFO: Cron ran at: 16-07-2026 05:58:11 AM [] []
[2026-07-16 05:58:21] SlimMonoLogger.INFO: Cron ran at: 16-07-2026 05:58:21 AM [] []
[2026-07-16 05:58:39] SlimMonoLogger.INFO: Cron ran at: 16-07-2026 05:58:39 AM [] []
[2026-07-16 05:59:00] SlimMonoLogger.INFO: Cron ran at: 16-07-2026 05:59:00 AM [] []
[2026-07-16 05:59:00] SlimMonoLogger.INFO: Cron ran at: 16-07-2026 05:59:00 AM [] []
[2026-07-16 05:59:16] SlimMonoLogger.INFO: Cron ran at: 16-07-2026 05:59:16 AM [] []
[2026-07-16 05:59:41] SlimMonoLogger.INFO: Cron ran at: 16-07-2026 05:59:41 AM [] []
[2026-07-16 05:59:57] SlimMonoLogger.INFO: Cron ran at: 16-07-2026 05:59:57 AM [] []
[2026-07-16 05:59:58] SlimMonoLogger.INFO: Cron ran at: 16-07-2026 05:59:58 AM [] []
[2026-07-16 06:00:17] SlimMonoLogger.INFO: Cron ran at: 16-07-2026 06:00:17 AM [] []
[2026-07-16 06:00:55] SlimMonoLogger.INFO: Cron ran at: 16-07-2026 06:00:55 AM [] []
[2026-07-16 06:01:03] SlimMonoLogger.INFO: Cron ran at: 16-07-2026 06:01:03 AM [] []
[2026-07-16 06:01:18] SlimMonoLogger.INFO: Cron ran at: 16-07-2026 06:01:18 AM [] []
[2026-07-16 06:01:49] SlimMonoLogger.INFO: Cron ran at: 16-07-2026 06:01:49 AM [] []
[2026-07-16 06:01:50] SlimMonoLogger.INFO: Cron ran at: 16-07-2026 06:01:50 AM [] []
[2026-07-16 06:02:01] SlimMonoLogger.INFO: Cron ran at: 16-07-2026 06:02:01 AM [] []
[2026-07-16 06:02:21] SlimMonoLogger.INFO: Cron ran at: 16-07-2026 06:02:21 AM [] []
[2026-07-16 06:02:43] SlimMonoLogger.INFO: Cron ran at: 16-07-2026 06:02:43 AM [] []
[2026-07-16 06:02:45] SlimMonoLogger.INFO: Cron ran at: 16-07-2026 06:02:45 AM [] []
[2026-07-16 06:03:02] SlimMonoLogger.INFO: Cron ran at: 16-07-2026 06:03:02 AM [] []
[2026-07-16 06:03:19] SlimMonoLogger.INFO: Cron ran at: 16-07-2026 06:03:19 AM [] []
[2026-07-16 06:03:35] SlimMonoLogger.INFO: Cron ran at: 16-07-2026 06:03:35 AM [] []
[2026-07-16 06:03:49] SlimMonoLogger.INFO: Cron ran at: 16-07-2026 06:03:49 AM [] []
[2026-07-16 06:04:06] SlimMonoLogger.INFO: Cron ran at: 16-07-2026 06:04:06 AM [] []
[2026-07-16 06:04:26] SlimMonoLogger.INFO: Cron ran at: 16-07-2026 06:04:26 AM [] []
[2026-07-16 06:04:29] SlimMonoLogger.INFO: Cron ran at: 16-07-2026 06:04:29 AM [] []
[2026-07-16 06:04:48] SlimMonoLogger.INFO: Cron ran at: 16-07-2026 06:04:48 AM [] []
[2026-07-16 06:05:14] SlimMonoLogger.INFO: Cron ran at: 16-07-2026 06:05:14 AM [] []
[2026-07-16 06:05:21] SlimMonoLogger.INFO: Cron ran at: 16-07-2026 06:05:21 AM [] []
[2026-07-16 06:05:22] SlimMonoLogger.INFO: Cron ran at: 16-07-2026 06:05:22 AM [] []
[2026-07-16 06:05:47] SlimMonoLogger.INFO: Cron ran at: 16-07-2026 06:05:47 AM [] []
[2026-07-16 06:06:08] SlimMonoLogger.INFO: Cron ran at: 16-07-2026 06:06:08 AM [] []
[2026-07-16 06:06:19] SlimMonoLogger.INFO: Cron ran at: 16-07-2026 06:06:19 AM [] []
[2026-07-16 06:06:35] SlimMonoLogger.INFO: Cron ran at: 16-07-2026 06:06:35 AM [] []
[2026-07-16 06:06:47] SlimMonoLogger.INFO: Cron ran at: 16-07-2026 06:06:47 AM [] []
[2026-07-16 06:07:02] SlimMonoLogger.INFO: Cron ran at: 16-07-2026 06:07:02 AM [] []
[2026-07-16 06:07:22] SlimMonoLogger.INFO: Cron ran at: 16-07-2026 06:07:22 AM [] []
[2026-07-16 06:07:26] SlimMonoLogger.INFO: Cron ran at: 16-07-2026 06:07:26 AM [] []
[2026-07-16 06:07:47] SlimMonoLogger.INFO: Cron ran at: 16-07-2026 06:07:47 AM [] []
[2026-07-16 06:08:06] SlimMonoLogger.INFO: Cron ran at: 16-07-2026 06:08:06 AM [] []
[2026-07-16 06:08:09] SlimMonoLogger.INFO: Cron ran at: 16-07-2026 06:08:09 AM [] []
[2026-07-16 06:08:11] SlimMonoLogger.INFO: Cron ran at: 16-07-2026 06:08:11 AM [] []
[2026-07-16 06:08:50] SlimMonoLogger.INFO: Cron ran at: 16-07-2026 06:08:50 AM [] []
[2026-07-16 06:09:10] SlimMonoLogger.INFO: Cron ran at: 16-07-2026 06:09:10 AM [] []
[2026-07-16 06:09:14] SlimMonoLogger.INFO: Cron ran at: 16-07-2026 06:09:14 AM [] []
[2026-07-16 06:09:14] SlimMonoLogger.INFO: Cron ran at: 16-07-2026 06:09:14 AM [] []
[2026-07-16 06:09:50] SlimMonoLogger.INFO: Cron ran at: 16-07-2026 06:09:50 AM [] []
[2026-07-16 06:10:04] SlimMonoLogger.INFO: Cron ran at: 16-07-2026 06:10:04 AM [] []
[2026-07-16 06:10:06] SlimMonoLogger.INFO: Cron ran at: 16-07-2026 06:10:06 AM [] []
[2026-07-16 06:10:10] SlimMonoLogger.INFO: Cron ran at: 16-07-2026 06:10:10 AM [] []
[2026-07-16 06:10:52] SlimMonoLogger.INFO: Cron ran at: 16-07-2026 06:10:52 AM [] []
[2026-07-16 06:11:03] SlimMonoLogger.INFO: Cron ran at: 16-07-2026 06:11:03 AM [] []
[2026-07-16 06:11:13] SlimMonoLogger.INFO: Cron ran at: 16-07-2026 06:11:13 AM [] []
[2026-07-16 06:11:39] SlimMonoLogger.INFO: Cron ran at: 16-07-2026 06:11:39 AM [] []
[2026-07-16 06:11:48] SlimMonoLogger.INFO: Cron ran at: 16-07-2026 06:11:48 AM [] []
[2026-07-16 06:11:56] SlimMonoLogger.INFO: Cron ran at: 16-07-2026 06:11:56 AM [] []
[2026-07-16 06:12:11] SlimMonoLogger.INFO: Cron ran at: 16-07-2026 06:12:11 AM [] []
[2026-07-16 06:12:29] SlimMonoLogger.INFO: Cron ran at: 16-07-2026 06:12:29 AM [] []
[2026-07-16 06:12:51] SlimMonoLogger.INFO: Cron ran at: 16-07-2026 06:12:51 AM [] []
[2026-07-16 06:12:52] SlimMonoLogger.INFO: Cron ran at: 16-07-2026 06:12:52 AM [] []
[2026-07-16 06:13:14] SlimMonoLogger.INFO: Cron ran at: 16-07-2026 06:13:14 AM [] []
[2026-07-16 06:13:26] SlimMonoLogger.INFO: Cron ran at: 16-07-2026 06:13:26 AM [] []
[2026-07-16 06:13:48] SlimMonoLogger.INFO: Cron ran at: 16-07-2026 06:13:48 AM [] []
[2026-07-16 06:13:48] SlimMonoLogger.INFO: Cron ran at: 16-07-2026 06:13:48 AM [] []
[2026-07-16 06:14:18] SlimMonoLogger.INFO: Cron ran at: 16-07-2026 06:14:18 AM [] []
[2026-07-16 06:14:20] SlimMonoLogger.INFO: Cron ran at: 16-07-2026 06:14:20 AM [] []
[2026-07-16 06:14:52] SlimMonoLogger.INFO: Cron ran at: 16-07-2026 06:14:52 AM [] []
[2026-07-16 06:14:55] SlimMonoLogger.INFO: Cron ran at: 16-07-2026 06:14:55 AM [] []
[2026-07-16 06:15:11] SlimMonoLogger.INFO: Cron ran at: 16-07-2026 06:15:11 AM [] []
[2026-07-16 06:15:13] SlimMonoLogger.INFO: Cron ran at: 16-07-2026 06:15:13 AM [] []
[2026-07-16 06:15:53] SlimMonoLogger.INFO: Cron ran at: 16-07-2026 06:15:53 AM [] []
[2026-07-16 06:16:07] SlimMonoLogger.INFO: Cron ran at: 16-07-2026 06:16:07 AM [] []
[2026-07-16 06:16:10] SlimMonoLogger.INFO: Cron ran at: 16-07-2026 06:16:10 AM [] []
[2026-07-16 06:16:52] SlimMonoLogger.INFO: Cron ran at: 16-07-2026 06:16:52 AM [] []
[2026-07-16 06:16:54] SlimMonoLogger.INFO: Cron ran at: 16-07-2026 06:16:54 AM [] []
[2026-07-16 06:17:02] SlimMonoLogger.INFO: Cron ran at: 16-07-2026 06:17:02 AM [] []
[2026-07-16 06:17:12] SlimMonoLogger.INFO: Cron ran at: 16-07-2026 06:17:12 AM [] []
[2026-07-16 06:17:52] SlimMonoLogger.INFO: Cron ran at: 16-07-2026 06:17:52 AM [] []
[2026-07-16 06:17:53] SlimMonoLogger.INFO: Cron ran at: 16-07-2026 06:17:53 AM [] []
[2026-07-16 06:18:04] SlimMonoLogger.INFO: Cron ran at: 16-07-2026 06:18:04 AM [] []
[2026-07-16 06:18:17] SlimMonoLogger.INFO: Cron ran at: 16-07-2026 06:18:17 AM [] []
[2026-07-16 06:18:36] SlimMonoLogger.INFO: Cron ran at: 16-07-2026 06:18:36 AM [] []
[2026-07-16 06:18:53] SlimMonoLogger.INFO: Cron ran at: 16-07-2026 06:18:53 AM [] []
[2026-07-16 06:18:55] SlimMonoLogger.INFO: Cron ran at: 16-07-2026 06:18:55 AM [] []
[2026-07-16 06:19:12] SlimMonoLogger.INFO: Cron ran at: 16-07-2026 06:19:12 AM [] []
[2026-07-16 06:19:34] SlimMonoLogger.INFO: Cron ran at: 16-07-2026 06:19:34 AM [] []
[2026-07-16 06:19:51] SlimMonoLogger.INFO: Cron ran at: 16-07-2026 06:19:51 AM [] []
[2026-07-16 06:19:51] SlimMonoLogger.INFO: Cron ran at: 16-07-2026 06:19:51 AM [] []
[2026-07-16 06:20:13] SlimMonoLogger.INFO: Cron ran at: 16-07-2026 06:20:13 AM [] []
[2026-07-16 06:20:24] SlimMonoLogger.INFO: Cron ran at: 16-07-2026 06:20:24 AM [] []
[2026-07-16 06:20:49] SlimMonoLogger.INFO: Cron ran at: 16-07-2026 06:20:49 AM [] []
[2026-07-16 06:20:52] SlimMonoLogger.INFO: Cron ran at: 16-07-2026 06:20:52 AM [] []
[2026-07-16 06:21:22] SlimMonoLogger.INFO: Cron ran at: 16-07-2026 06:21:22 AM [] []
[2026-07-16 06:21:55] SlimMonoLogger.INFO: Cron ran at: 16-07-2026 06:21:55 AM [] []
[2026-07-16 06:21:55] SlimMonoLogger.INFO: Cron ran at: 16-07-2026 06:21:55 AM [] []
[2026-07-16 06:22:04] SlimMonoLogger.INFO: Cron ran at: 16-07-2026 06:22:04 AM [] []
[2026-07-16 06:22:17] SlimMonoLogger.INFO: Cron ran at: 16-07-2026 06:22:17 AM [] []
[2026-07-16 06:22:54] SlimMonoLogger.INFO: Cron ran at: 16-07-2026 06:22:54 AM [] []
[2026-07-16 06:22:55] SlimMonoLogger.INFO: Cron ran at: 16-07-2026 06:22:55 AM [] []
[2026-07-16 06:22:55] SlimMonoLogger.INFO: Cron ran at: 16-07-2026 06:22:55 AM [] []
[2026-07-16 06:23:17] SlimMonoLogger.INFO: Cron ran at: 16-07-2026 06:23:17 AM [] []
[2026-07-16 06:23:46] SlimMonoLogger.INFO: Cron ran at: 16-07-2026 06:23:46 AM [] []
[2026-07-16 06:23:48] SlimMonoLogger.INFO: Cron ran at: 16-07-2026 06:23:48 AM [] []
[2026-07-16 06:23:53] SlimMonoLogger.INFO: Cron ran at: 16-07-2026 06:23:53 AM [] []
[2026-07-16 06:24:09] SlimMonoLogger.INFO: Cron ran at: 16-07-2026 06:24:09 AM [] []
[2026-07-16 06:24:39] SlimMonoLogger.INFO: Cron ran at: 16-07-2026 06:24:39 AM [] []
[2026-07-16 06:24:51] SlimMonoLogger.INFO: Cron ran at: 16-07-2026 06:24:51 AM [] []
[2026-07-16 06:25:06] SlimMonoLogger.INFO: Cron ran at: 16-07-2026 06:25:06 AM [] []
[2026-07-16 06:25:06] SlimMonoLogger.INFO: Cron ran at: 16-07-2026 06:25:06 AM [] []
[2026-07-16 06:25:33] SlimMonoLogger.INFO: Cron ran at: 16-07-2026 06:25:33 AM [] []
[2026-07-16 06:25:55] SlimMonoLogger.INFO: Cron ran at: 16-07-2026 06:25:55 AM [] []
[2026-07-16 06:26:07] SlimMonoLogger.INFO: Cron ran at: 16-07-2026 06:26:07 AM [] []
[2026-07-16 06:26:30] SlimMonoLogger.INFO: Cron ran at: 16-07-2026 06:26:30 AM [] []
[2026-07-16 06:26:33] SlimMonoLogger.INFO: Cron ran at: 16-07-2026 06:26:33 AM [] []
[2026-07-16 06:26:55] SlimMonoLogger.INFO: Cron ran at: 16-07-2026 06:26:55 AM [] []
[2026-07-16 06:27:09] SlimMonoLogger.INFO: Cron ran at: 16-07-2026 06:27:09 AM [] []
[2026-07-16 06:27:24] SlimMonoLogger.INFO: Cron ran at: 16-07-2026 06:27:24 AM [] []
[2026-07-16 06:27:24] SlimMonoLogger.INFO: Cron ran at: 16-07-2026 06:27:24 AM [] []
[2026-07-16 06:27:56] SlimMonoLogger.INFO: Cron ran at: 16-07-2026 06:27:56 AM [] []
[2026-07-16 06:28:10] SlimMonoLogger.INFO: Cron ran at: 16-07-2026 06:28:10 AM [] []
[2026-07-16 06:28:19] SlimMonoLogger.INFO: Cron ran at: 16-07-2026 06:28:19 AM [] []
[2026-07-16 06:28:19] SlimMonoLogger.INFO: Cron ran at: 16-07-2026 06:28:19 AM [] []
[2026-07-16 06:28:55] SlimMonoLogger.INFO: Cron ran at: 16-07-2026 06:28:55 AM [] []
[2026-07-16 06:29:07] SlimMonoLogger.INFO: Cron ran at: 16-07-2026 06:29:07 AM [] []
[2026-07-16 06:29:10] SlimMonoLogger.INFO: Cron ran at: 16-07-2026 06:29:10 AM [] []
[2026-07-16 06:29:15] SlimMonoLogger.INFO: Cron ran at: 16-07-2026 06:29:15 AM [] []
[2026-07-16 06:29:55] SlimMonoLogger.INFO: Cron ran at: 16-07-2026 06:29:55 AM [] []
[2026-07-16 06:30:04] SlimMonoLogger.INFO: Cron ran at: 16-07-2026 06:30:04 AM [] []
[2026-07-16 06:30:06] SlimMonoLogger.INFO: Cron ran at: 16-07-2026 06:30:06 AM [] []
[2026-07-16 06:30:19] SlimMonoLogger.INFO: Cron ran at: 16-07-2026 06:30:19 AM [] []
[2026-07-16 06:31:05] SlimMonoLogger.INFO: Cron ran at: 16-07-2026 06:31:05 AM [] []
[2026-07-16 06:31:11] SlimMonoLogger.INFO: Cron ran at: 16-07-2026 06:31:11 AM [] []
[2026-07-16 06:31:18] SlimMonoLogger.INFO: Cron ran at: 16-07-2026 06:31:18 AM [] []
[2026-07-16 06:31:41] SlimMonoLogger.INFO: Cron ran at: 16-07-2026 06:31:41 AM [] []
[2026-07-16 06:31:52] SlimMonoLogger.INFO: Cron ran at: 16-07-2026 06:31:52 AM [] []
[2026-07-16 06:32:05] SlimMonoLogger.INFO: Cron ran at: 16-07-2026 06:32:05 AM [] []
[2026-07-16 06:32:20] SlimMonoLogger.INFO: Cron ran at: 16-07-2026 06:32:20 AM [] []
[2026-07-16 06:32:31] SlimMonoLogger.INFO: Cron ran at: 16-07-2026 06:32:31 AM [] []
[2026-07-16 06:32:51] SlimMonoLogger.INFO: Cron ran at: 16-07-2026 06:32:51 AM [] []
[2026-07-16 06:33:12] SlimMonoLogger.INFO: Cron ran at: 16-07-2026 06:33:12 AM [] []
[2026-07-16 06:33:17] SlimMonoLogger.INFO: Cron ran at: 16-07-2026 06:33:17 AM [] []
[2026-07-16 06:33:23] SlimMonoLogger.INFO: Cron ran at: 16-07-2026 06:33:23 AM [] []
[2026-07-16 06:33:49] SlimMonoLogger.INFO: Cron ran at: 16-07-2026 06:33:49 AM [] []
[2026-07-16 06:34:09] SlimMonoLogger.INFO: Cron ran at: 16-07-2026 06:34:09 AM [] []
[2026-07-16 06:34:17] SlimMonoLogger.INFO: Cron ran at: 16-07-2026 06:34:17 AM [] []
[2026-07-16 06:34:29] SlimMonoLogger.INFO: Cron ran at: 16-07-2026 06:34:29 AM [] []
[2026-07-16 06:34:47] SlimMonoLogger.INFO: Cron ran at: 16-07-2026 06:34:47 AM [] []
[2026-07-16 06:35:09] SlimMonoLogger.INFO: Cron ran at: 16-07-2026 06:35:09 AM [] []
[2026-07-16 06:35:09] SlimMonoLogger.INFO: Cron ran at: 16-07-2026 06:35:09 AM [] []
[2026-07-16 06:35:16] SlimMonoLogger.INFO: Cron ran at: 16-07-2026 06:35:16 AM [] []
[2026-07-16 06:35:49] SlimMonoLogger.INFO: Cron ran at: 16-07-2026 06:35:49 AM [] []
[2026-07-16 06:36:10] SlimMonoLogger.INFO: Cron ran at: 16-07-2026 06:36:10 AM [] []
[2026-07-16 06:36:26] SlimMonoLogger.INFO: Cron ran at: 16-07-2026 06:36:26 AM [] []
[2026-07-16 06:36:50] SlimMonoLogger.INFO: Cron ran at: 16-07-2026 06:36:50 AM [] []
[2026-07-16 06:36:55] SlimMonoLogger.INFO: Cron ran at: 16-07-2026 06:36:55 AM [] []
[2026-07-16 06:37:03] SlimMonoLogger.INFO: Cron ran at: 16-07-2026 06:37:03 AM [] []
[2026-07-16 06:37:17] SlimMonoLogger.INFO: Cron ran at: 16-07-2026 06:37:17 AM [] []
[2026-07-16 06:37:45] SlimMonoLogger.INFO: Cron ran at: 16-07-2026 06:37:45 AM [] []
[2026-07-16 06:37:45] SlimMonoLogger.INFO: Cron ran at: 16-07-2026 06:37:45 AM [] []
[2026-07-16 06:38:00] SlimMonoLogger.INFO: Cron ran at: 16-07-2026 06:38:00 AM [] []
[2026-07-16 06:38:19] SlimMonoLogger.INFO: Cron ran at: 16-07-2026 06:38:19 AM [] []
[2026-07-16 06:38:38] SlimMonoLogger.INFO: Cron ran at: 16-07-2026 06:38:38 AM [] []
[2026-07-16 06:38:52] SlimMonoLogger.INFO: Cron ran at: 16-07-2026 06:38:52 AM [] []
[2026-07-16 06:38:57] SlimMonoLogger.INFO: Cron ran at: 16-07-2026 06:38:57 AM [] []
[2026-07-16 06:39:18] SlimMonoLogger.INFO: Cron ran at: 16-07-2026 06:39:18 AM [] []
[2026-07-16 06:39:32] SlimMonoLogger.INFO: Cron ran at: 16-07-2026 06:39:32 AM [] []
[2026-07-16 06:39:52] SlimMonoLogger.INFO: Cron ran at: 16-07-2026 06:39:52 AM [] []
[2026-07-16 06:39:56] SlimMonoLogger.INFO: Cron ran at: 16-07-2026 06:39:56 AM [] []
[2026-07-16 06:40:20] SlimMonoLogger.INFO: Cron ran at: 16-07-2026 06:40:20 AM [] []
[2026-07-16 06:40:27] SlimMonoLogger.INFO: Cron ran at: 16-07-2026 06:40:27 AM [] []
[2026-07-16 06:40:49] SlimMonoLogger.INFO: Cron ran at: 16-07-2026 06:40:49 AM [] []
[2026-07-16 06:41:02] SlimMonoLogger.INFO: Cron ran at: 16-07-2026 06:41:02 AM [] []
[2026-07-16 06:41:21] SlimMonoLogger.INFO: Cron ran at: 16-07-2026 06:41:21 AM [] []
[2026-07-16 06:41:43] SlimMonoLogger.INFO: Cron ran at: 16-07-2026 06:41:43 AM [] []
[2026-07-16 06:41:48] SlimMonoLogger.INFO: Cron ran at: 16-07-2026 06:41:48 AM [] []
[2026-07-16 06:42:05] SlimMonoLogger.INFO: Cron ran at: 16-07-2026 06:42:05 AM [] []
[2026-07-16 06:42:18] SlimMonoLogger.INFO: Cron ran at: 16-07-2026 06:42:18 AM [] []
[2026-07-16 06:42:29] SlimMonoLogger.INFO: Cron ran at: 16-07-2026 06:42:29 AM [] []
[2026-07-16 06:42:48] SlimMonoLogger.INFO: Cron ran at: 16-07-2026 06:42:48 AM [] []
[2026-07-16 06:43:08] SlimMonoLogger.INFO: Cron ran at: 16-07-2026 06:43:08 AM [] []
[2026-07-16 06:43:16] SlimMonoLogger.INFO: Cron ran at: 16-07-2026 06:43:16 AM [] []
[2026-07-16 06:43:25] SlimMonoLogger.INFO: Cron ran at: 16-07-2026 06:43:25 AM [] []
[2026-07-16 06:43:51] SlimMonoLogger.INFO: Cron ran at: 16-07-2026 06:43:51 AM [] []
[2026-07-16 06:43:58] SlimMonoLogger.INFO: Cron ran at: 16-07-2026 06:43:58 AM [] []
[2026-07-16 06:44:13] SlimMonoLogger.INFO: Cron ran at: 16-07-2026 06:44:13 AM [] []
[2026-07-16 06:44:15] SlimMonoLogger.INFO: Cron ran at: 16-07-2026 06:44:15 AM [] []
[2026-07-16 06:44:55] SlimMonoLogger.INFO: Cron ran at: 16-07-2026 06:44:55 AM [] []
[2026-07-16 06:44:56] SlimMonoLogger.INFO: Cron ran at: 16-07-2026 06:44:56 AM [] []
[2026-07-16 06:45:11] SlimMonoLogger.INFO: Cron ran at: 16-07-2026 06:45:11 AM [] []
[2026-07-16 06:45:12] SlimMonoLogger.INFO: Cron ran at: 16-07-2026 06:45:12 AM [] []
[2026-07-16 06:45:57] SlimMonoLogger.INFO: Cron ran at: 16-07-2026 06:45:57 AM [] []
[2026-07-16 06:46:06] SlimMonoLogger.INFO: Cron ran at: 16-07-2026 06:46:06 AM [] []
[2026-07-16 06:46:11] SlimMonoLogger.INFO: Cron ran at: 16-07-2026 06:46:11 AM [] []
[2026-07-16 06:46:56] SlimMonoLogger.INFO: Cron ran at: 16-07-2026 06:46:56 AM [] []
[2026-07-16 06:46:57] SlimMonoLogger.INFO: Cron ran at: 16-07-2026 06:46:57 AM [] []
[2026-07-16 06:46:59] SlimMonoLogger.INFO: Cron ran at: 16-07-2026 06:46:59 AM [] []
[2026-07-16 06:47:08] SlimMonoLogger.INFO: Cron ran at: 16-07-2026 06:47:08 AM [] []
[2026-07-16 06:47:53] SlimMonoLogger.INFO: Cron ran at: 16-07-2026 06:47:53 AM [] []
[2026-07-16 06:47:54] SlimMonoLogger.INFO: Cron ran at: 16-07-2026 06:47:54 AM [] []
[2026-07-16 06:47:54] SlimMonoLogger.INFO: Cron ran at: 16-07-2026 06:47:54 AM [] []
[2026-07-16 06:48:12] SlimMonoLogger.INFO: Cron ran at: 16-07-2026 06:48:12 AM [] []
[2026-07-16 06:48:43] SlimMonoLogger.INFO: Cron ran at: 16-07-2026 06:48:43 AM [] []
[2026-07-16 06:48:54] SlimMonoLogger.INFO: Cron ran at: 16-07-2026 06:48:54 AM [] []
[2026-07-16 06:48:55] SlimMonoLogger.INFO: Cron ran at: 16-07-2026 06:48:55 AM [] []
[2026-07-16 06:49:08] SlimMonoLogger.INFO: Cron ran at: 16-07-2026 06:49:08 AM [] []
[2026-07-16 06:49:35] SlimMonoLogger.INFO: Cron ran at: 16-07-2026 06:49:35 AM [] []
[2026-07-16 06:49:54] SlimMonoLogger.INFO: Cron ran at: 16-07-2026 06:49:54 AM [] []
[2026-07-16 06:49:55] SlimMonoLogger.INFO: Cron ran at: 16-07-2026 06:49:55 AM [] []
[2026-07-16 06:50:10] SlimMonoLogger.INFO: Cron ran at: 16-07-2026 06:50:10 AM [] []
[2026-07-16 06:50:28] SlimMonoLogger.INFO: Cron ran at: 16-07-2026 06:50:28 AM [] []
[2026-07-16 06:50:53] SlimMonoLogger.INFO: Cron ran at: 16-07-2026 06:50:53 AM [] []
[2026-07-16 06:51:09] SlimMonoLogger.INFO: Cron ran at: 16-07-2026 06:51:09 AM [] []
[2026-07-16 06:51:21] SlimMonoLogger.INFO: Cron ran at: 16-07-2026 06:51:21 AM [] []
[2026-07-16 06:51:48] SlimMonoLogger.INFO: Cron ran at: 16-07-2026 06:51:48 AM [] []
[2026-07-16 06:51:48] SlimMonoLogger.INFO: Cron ran at: 16-07-2026 06:51:48 AM [] []
[2026-07-16 06:52:08] SlimMonoLogger.INFO: Cron ran at: 16-07-2026 06:52:08 AM [] []
[2026-07-16 06:52:16] SlimMonoLogger.INFO: Cron ran at: 16-07-2026 06:52:16 AM [] []
[2026-07-16 06:52:42] SlimMonoLogger.INFO: Cron ran at: 16-07-2026 06:52:42 AM [] []
[2026-07-16 06:52:53] SlimMonoLogger.INFO: Cron ran at: 16-07-2026 06:52:53 AM [] []
[2026-07-16 06:53:09] SlimMonoLogger.INFO: Cron ran at: 16-07-2026 06:53:09 AM [] []
[2026-07-16 06:53:12] SlimMonoLogger.INFO: Cron ran at: 16-07-2026 06:53:12 AM [] []
[2026-07-16 06:53:32] SlimMonoLogger.INFO: Cron ran at: 16-07-2026 06:53:32 AM [] []
[2026-07-16 06:53:54] SlimMonoLogger.INFO: Cron ran at: 16-07-2026 06:53:54 AM [] []
[2026-07-16 06:54:07] SlimMonoLogger.INFO: Cron ran at: 16-07-2026 06:54:07 AM [] []
[2026-07-16 06:54:08] SlimMonoLogger.INFO: Cron ran at: 16-07-2026 06:54:08 AM [] []
[2026-07-16 06:54:24] SlimMonoLogger.INFO: Cron ran at: 16-07-2026 06:54:24 AM [] []
[2026-07-16 06:54:51] SlimMonoLogger.INFO: Cron ran at: 16-07-2026 06:54:51 AM [] []
[2026-07-16 06:55:12] SlimMonoLogger.INFO: Cron ran at: 16-07-2026 06:55:12 AM [] []
[2026-07-16 06:55:13] SlimMonoLogger.INFO: Cron ran at: 16-07-2026 06:55:13 AM [] []
[2026-07-16 06:55:21] SlimMonoLogger.INFO: Cron ran at: 16-07-2026 06:55:21 AM [] []
[2026-07-16 06:55:52] SlimMonoLogger.INFO: Cron ran at: 16-07-2026 06:55:52 AM [] []
[2026-07-16 06:56:14] SlimMonoLogger.INFO: Cron ran at: 16-07-2026 06:56:14 AM [] []
[2026-07-16 06:56:14] SlimMonoLogger.INFO: Cron ran at: 16-07-2026 06:56:14 AM [] []
[2026-07-16 06:56:36] SlimMonoLogger.INFO: Cron ran at: 16-07-2026 06:56:36 AM [] []
[2026-07-16 06:56:54] SlimMonoLogger.INFO: Cron ran at: 16-07-2026 06:56:54 AM [] []
[2026-07-16 06:57:10] SlimMonoLogger.INFO: Cron ran at: 16-07-2026 06:57:10 AM [] []
[2026-07-16 06:57:11] SlimMonoLogger.INFO: Cron ran at: 16-07-2026 06:57:11 AM [] []
[2026-07-16 06:57:23] SlimMonoLogger.INFO: Cron ran at: 16-07-2026 06:57:23 AM [] []
[2026-07-16 06:57:57] SlimMonoLogger.INFO: Cron ran at: 16-07-2026 06:57:57 AM [] []
[2026-07-16 06:58:09] SlimMonoLogger.INFO: Cron ran at: 16-07-2026 06:58:09 AM [] []
[2026-07-16 06:58:13] SlimMonoLogger.INFO: Cron ran at: 16-07-2026 06:58:13 AM [] []
[2026-07-16 06:58:16] SlimMonoLogger.INFO: Cron ran at: 16-07-2026 06:58:16 AM [] []
[2026-07-16 06:58:53] SlimMonoLogger.INFO: Cron ran at: 16-07-2026 06:58:53 AM [] []
[2026-07-16 06:59:05] SlimMonoLogger.INFO: Cron ran at: 16-07-2026 06:59:05 AM [] []
[2026-07-16 06:59:07] SlimMonoLogger.INFO: Cron ran at: 16-07-2026 06:59:07 AM [] []
[2026-07-16 06:59:12] SlimMonoLogger.INFO: Cron ran at: 16-07-2026 06:59:12 AM [] []
[2026-07-16 06:59:57] SlimMonoLogger.INFO: Cron ran at: 16-07-2026 06:59:57 AM [] []
[2026-07-16 07:00:06] SlimMonoLogger.INFO: Cron ran at: 16-07-2026 07:00:06 AM [] []
[2026-07-16 07:00:20] SlimMonoLogger.INFO: Cron ran at: 16-07-2026 07:00:20 AM [] []
[2026-07-16 07:00:22] SlimMonoLogger.INFO: Cron ran at: 16-07-2026 07:00:22 AM [] []
[2026-07-16 07:01:01] SlimMonoLogger.INFO: Cron ran at: 16-07-2026 07:01:01 AM [] []
[2026-07-16 07:01:08] SlimMonoLogger.INFO: Cron ran at: 16-07-2026 07:01:08 AM [] []
[2026-07-16 07:01:17] SlimMonoLogger.INFO: Cron ran at: 16-07-2026 07:01:17 AM [] []
[2026-07-16 07:01:51] SlimMonoLogger.INFO: Cron ran at: 16-07-2026 07:01:51 AM [] []
[2026-07-16 07:02:00] SlimMonoLogger.INFO: Cron ran at: 16-07-2026 07:02:00 AM [] []
[2026-07-16 07:02:07] SlimMonoLogger.INFO: Cron ran at: 16-07-2026 07:02:07 AM [] []
[2026-07-16 07:02:11] SlimMonoLogger.INFO: Cron ran at: 16-07-2026 07:02:11 AM [] []
[2026-07-16 07:02:38] SlimMonoLogger.INFO: Cron ran at: 16-07-2026 07:02:38 AM [] []
[2026-07-16 07:02:53] SlimMonoLogger.INFO: Cron ran at: 16-07-2026 07:02:53 AM [] []
[2026-07-16 07:03:07] SlimMonoLogger.INFO: Cron ran at: 16-07-2026 07:03:07 AM [] []
[2026-07-16 07:03:25] SlimMonoLogger.INFO: Cron ran at: 16-07-2026 07:03:25 AM [] []
[2026-07-16 07:03:29] SlimMonoLogger.INFO: Cron ran at: 16-07-2026 07:03:29 AM [] []
[2026-07-16 07:03:51] SlimMonoLogger.INFO: Cron ran at: 16-07-2026 07:03:51 AM [] []
[2026-07-16 07:04:08] SlimMonoLogger.INFO: Cron ran at: 16-07-2026 07:04:08 AM [] []
[2026-07-16 07:04:11] SlimMonoLogger.INFO: Cron ran at: 16-07-2026 07:04:11 AM [] []
[2026-07-16 07:04:22] SlimMonoLogger.INFO: Cron ran at: 16-07-2026 07:04:22 AM [] []
[2026-07-16 07:04:48] SlimMonoLogger.INFO: Cron ran at: 16-07-2026 07:04:48 AM [] []
[2026-07-16 07:05:03] SlimMonoLogger.INFO: Cron ran at: 16-07-2026 07:05:03 AM [] []
[2026-07-16 07:05:13] SlimMonoLogger.INFO: Cron ran at: 16-07-2026 07:05:13 AM [] []
[2026-07-16 07:05:13] SlimMonoLogger.INFO: Cron ran at: 16-07-2026 07:05:13 AM [] []
[2026-07-16 07:05:50] SlimMonoLogger.INFO: Cron ran at: 16-07-2026 07:05:50 AM [] []
[2026-07-16 07:06:07] SlimMonoLogger.INFO: Cron ran at: 16-07-2026 07:06:07 AM [] []
[2026-07-16 07:06:14] SlimMonoLogger.INFO: Cron ran at: 16-07-2026 07:06:14 AM [] []
[2026-07-16 07:06:30] SlimMonoLogger.INFO: Cron ran at: 16-07-2026 07:06:30 AM [] []
[2026-07-16 07:06:45] SlimMonoLogger.INFO: Cron ran at: 16-07-2026 07:06:45 AM [] []
[2026-07-16 07:07:05] SlimMonoLogger.INFO: Cron ran at: 16-07-2026 07:07:05 AM [] []
[2026-07-16 07:07:05] SlimMonoLogger.INFO: Cron ran at: 16-07-2026 07:07:05 AM [] []
[2026-07-16 07:07:23] SlimMonoLogger.INFO: Cron ran at: 16-07-2026 07:07:23 AM [] []
[2026-07-16 07:07:53] SlimMonoLogger.INFO: Cron ran at: 16-07-2026 07:07:53 AM [] []
[2026-07-16 07:08:11] SlimMonoLogger.INFO: Cron ran at: 16-07-2026 07:08:11 AM [] []
[2026-07-16 07:08:11] SlimMonoLogger.INFO: Cron ran at: 16-07-2026 07:08:11 AM [] []
[2026-07-16 07:08:16] SlimMonoLogger.INFO: Cron ran at: 16-07-2026 07:08:16 AM [] []
[2026-07-16 07:08:50] SlimMonoLogger.INFO: Cron ran at: 16-07-2026 07:08:50 AM [] []
[2026-07-16 07:09:03] SlimMonoLogger.INFO: Cron ran at: 16-07-2026 07:09:03 AM [] []
[2026-07-16 07:09:03] SlimMonoLogger.INFO: Cron ran at: 16-07-2026 07:09:03 AM [] []
[2026-07-16 07:09:04] SlimMonoLogger.INFO: Cron ran at: 16-07-2026 07:09:04 AM [] []
[2026-07-16 07:09:46] SlimMonoLogger.INFO: Cron ran at: 16-07-2026 07:09:46 AM [] []
[2026-07-16 07:09:57] SlimMonoLogger.INFO: Cron ran at: 16-07-2026 07:09:57 AM [] []
[2026-07-16 07:09:57] SlimMonoLogger.INFO: Cron ran at: 16-07-2026 07:09:57 AM [] []
[2026-07-16 07:10:06] SlimMonoLogger.INFO: Cron ran at: 16-07-2026 07:10:06 AM [] []
[2026-07-16 07:10:53] SlimMonoLogger.INFO: Cron ran at: 16-07-2026 07:10:53 AM [] []
[2026-07-16 07:10:53] SlimMonoLogger.INFO: Cron ran at: 16-07-2026 07:10:53 AM [] []
[2026-07-16 07:11:03] SlimMonoLogger.INFO: Cron ran at: 16-07-2026 07:11:03 AM [] []
[2026-07-16 07:11:19] SlimMonoLogger.INFO: Cron ran at: 16-07-2026 07:11:19 AM [] []
[2026-07-16 07:11:50] SlimMonoLogger.INFO: Cron ran at: 16-07-2026 07:11:50 AM [] []
[2026-07-16 07:11:50] SlimMonoLogger.INFO: Cron ran at: 16-07-2026 07:11:50 AM [] []
[2026-07-16 07:11:59] SlimMonoLogger.INFO: Cron ran at: 16-07-2026 07:11:59 AM [] []
[2026-07-16 07:12:08] SlimMonoLogger.INFO: Cron ran at: 16-07-2026 07:12:08 AM [] []
[2026-07-16 07:12:47] SlimMonoLogger.INFO: Cron ran at: 16-07-2026 07:12:47 AM [] []
[2026-07-16 07:12:48] SlimMonoLogger.INFO: Cron ran at: 16-07-2026 07:12:48 AM [] []
[2026-07-16 07:13:01] SlimMonoLogger.INFO: Cron ran at: 16-07-2026 07:13:01 AM [] []
[2026-07-16 07:13:01] SlimMonoLogger.INFO: Cron ran at: 16-07-2026 07:13:01 AM [] []
[2026-07-16 07:13:47] SlimMonoLogger.INFO: Cron ran at: 16-07-2026 07:13:47 AM [] []
[2026-07-16 07:13:49] SlimMonoLogger.INFO: Cron ran at: 16-07-2026 07:13:49 AM [] []
[2026-07-16 07:13:53] SlimMonoLogger.INFO: Cron ran at: 16-07-2026 07:13:53 AM [] []
[2026-07-16 07:14:01] SlimMonoLogger.INFO: Cron ran at: 16-07-2026 07:14:01 AM [] []
[2026-07-16 07:14:44] SlimMonoLogger.INFO: Cron ran at: 16-07-2026 07:14:44 AM [] []
[2026-07-16 07:14:45] SlimMonoLogger.INFO: Cron ran at: 16-07-2026 07:14:45 AM [] []
[2026-07-16 07:14:46] SlimMonoLogger.INFO: Cron ran at: 16-07-2026 07:14:46 AM [] []
[2026-07-16 07:15:03] SlimMonoLogger.INFO: Cron ran at: 16-07-2026 07:15:03 AM [] []
[2026-07-16 07:15:43] SlimMonoLogger.INFO: Cron ran at: 16-07-2026 07:15:43 AM [] []
[2026-07-16 07:15:43] SlimMonoLogger.INFO: Cron ran at: 16-07-2026 07:15:43 AM [] []
[2026-07-16 07:16:03] SlimMonoLogger.INFO: Cron ran at: 16-07-2026 07:16:03 AM [] []
[2026-07-16 07:16:29] SlimMonoLogger.INFO: Cron ran at: 16-07-2026 07:16:29 AM [] []
[2026-07-16 07:16:43] SlimMonoLogger.INFO: Cron ran at: 16-07-2026 07:16:43 AM [] []
[2026-07-16 07:16:47] SlimMonoLogger.INFO: Cron ran at: 16-07-2026 07:16:47 AM [] []
[2026-07-16 07:17:04] SlimMonoLogger.INFO: Cron ran at: 16-07-2026 07:17:04 AM [] []
[2026-07-16 07:17:21] SlimMonoLogger.INFO: Cron ran at: 16-07-2026 07:17:21 AM [] []
[2026-07-16 07:17:40] SlimMonoLogger.INFO: Cron ran at: 16-07-2026 07:17:40 AM [] []
[2026-07-16 07:17:46] SlimMonoLogger.INFO: Cron ran at: 16-07-2026 07:17:46 AM [] []
[2026-07-16 07:18:11] SlimMonoLogger.INFO: Cron ran at: 16-07-2026 07:18:11 AM [] []
[2026-07-16 07:18:14] SlimMonoLogger.INFO: Cron ran at: 16-07-2026 07:18:14 AM [] []
[2026-07-16 07:18:33] SlimMonoLogger.INFO: Cron ran at: 16-07-2026 07:18:33 AM [] []
[2026-07-16 07:18:49] SlimMonoLogger.INFO: Cron ran at: 16-07-2026 07:18:49 AM [] []
[2026-07-16 07:19:03] SlimMonoLogger.INFO: Cron ran at: 16-07-2026 07:19:03 AM [] []
[2026-07-16 07:19:03] SlimMonoLogger.INFO: Cron ran at: 16-07-2026 07:19:03 AM [] []
[2026-07-16 07:19:37] SlimMonoLogger.INFO: Cron ran at: 16-07-2026 07:19:37 AM [] []
[2026-07-16 07:19:45] SlimMonoLogger.INFO: Cron ran at: 16-07-2026 07:19:45 AM [] []
[2026-07-16 07:20:00] SlimMonoLogger.INFO: Cron ran at: 16-07-2026 07:20:00 AM [] []
[2026-07-16 07:20:00] SlimMonoLogger.INFO: Cron ran at: 16-07-2026 07:20:00 AM [] []
[2026-07-16 07:20:35] SlimMonoLogger.INFO: Cron ran at: 16-07-2026 07:20:35 AM [] []
[2026-07-16 07:20:49] SlimMonoLogger.INFO: Cron ran at: 16-07-2026 07:20:49 AM [] []
[2026-07-16 07:20:56] SlimMonoLogger.INFO: Cron ran at: 16-07-2026 07:20:56 AM [] []
[2026-07-16 07:21:35] SlimMonoLogger.INFO: Cron ran at: 16-07-2026 07:21:35 AM [] []
[2026-07-16 07:21:49] SlimMonoLogger.INFO: Cron ran at: 16-07-2026 07:21:49 AM [] []
[2026-07-16 07:21:50] SlimMonoLogger.INFO: Cron ran at: 16-07-2026 07:21:50 AM [] []
[2026-07-16 07:22:14] SlimMonoLogger.INFO: Cron ran at: 16-07-2026 07:22:14 AM [] []
[2026-07-16 07:22:36] SlimMonoLogger.INFO: Cron ran at: 16-07-2026 07:22:36 AM [] []
[2026-07-16 07:22:45] SlimMonoLogger.INFO: Cron ran at: 16-07-2026 07:22:45 AM [] []
[2026-07-16 07:22:49] SlimMonoLogger.INFO: Cron ran at: 16-07-2026 07:22:49 AM [] []
[2026-07-16 07:22:59] SlimMonoLogger.INFO: Cron ran at: 16-07-2026 07:22:59 AM [] []
[2026-07-16 07:23:35] SlimMonoLogger.INFO: Cron ran at: 16-07-2026 07:23:35 AM [] []
[2026-07-16 07:23:46] SlimMonoLogger.INFO: Cron ran at: 16-07-2026 07:23:46 AM [] []
[2026-07-16 07:23:48] SlimMonoLogger.INFO: Cron ran at: 16-07-2026 07:23:48 AM [] []
[2026-07-16 07:23:54] SlimMonoLogger.INFO: Cron ran at: 16-07-2026 07:23:54 AM [] []
[2026-07-16 07:24:39] SlimMonoLogger.INFO: Cron ran at: 16-07-2026 07:24:39 AM [] []
[2026-07-16 07:24:42] SlimMonoLogger.INFO: Cron ran at: 16-07-2026 07:24:42 AM [] []
[2026-07-16 07:24:43] SlimMonoLogger.INFO: Cron ran at: 16-07-2026 07:24:43 AM [] []
[2026-07-16 07:24:48] SlimMonoLogger.INFO: Cron ran at: 16-07-2026 07:24:48 AM [] []
[2026-07-16 07:25:38] SlimMonoLogger.INFO: Cron ran at: 16-07-2026 07:25:38 AM [] []
[2026-07-16 07:25:39] SlimMonoLogger.INFO: Cron ran at: 16-07-2026 07:25:39 AM [] []
[2026-07-16 07:25:40] SlimMonoLogger.INFO: Cron ran at: 16-07-2026 07:25:40 AM [] []
[2026-07-16 07:26:19] SlimMonoLogger.INFO: Cron ran at: 16-07-2026 07:26:19 AM [] []
[2026-07-16 07:26:38] SlimMonoLogger.INFO: Cron ran at: 16-07-2026 07:26:38 AM [] []
[2026-07-16 07:26:39] SlimMonoLogger.INFO: Cron ran at: 16-07-2026 07:26:39 AM [] []
[2026-07-16 07:26:43] SlimMonoLogger.INFO: Cron ran at: 16-07-2026 07:26:43 AM [] []
[2026-07-16 07:27:10] SlimMonoLogger.INFO: Cron ran at: 16-07-2026 07:27:10 AM [] []
[2026-07-16 07:27:29] SlimMonoLogger.INFO: Cron ran at: 16-07-2026 07:27:29 AM [] []
[2026-07-16 07:27:33] SlimMonoLogger.INFO: Cron ran at: 16-07-2026 07:27:33 AM [] []
[2026-07-16 07:27:51] SlimMonoLogger.INFO: Cron ran at: 16-07-2026 07:27:51 AM [] []
[2026-07-16 07:28:00] SlimMonoLogger.INFO: Cron ran at: 16-07-2026 07:28:00 AM [] []
[2026-07-16 07:28:29] SlimMonoLogger.INFO: Cron ran at: 16-07-2026 07:28:29 AM [] []
[2026-07-16 07:28:34] SlimMonoLogger.INFO: Cron ran at: 16-07-2026 07:28:34 AM [] []
[2026-07-16 07:28:41] SlimMonoLogger.INFO: Cron ran at: 16-07-2026 07:28:41 AM [] []
[2026-07-16 07:28:55] SlimMonoLogger.INFO: Cron ran at: 16-07-2026 07:28:55 AM [] []
[2026-07-16 07:29:28] SlimMonoLogger.INFO: Cron ran at: 16-07-2026 07:29:28 AM [] []
[2026-07-16 07:29:35] SlimMonoLogger.INFO: Cron ran at: 16-07-2026 07:29:35 AM [] []
[2026-07-16 07:29:42] SlimMonoLogger.INFO: Cron ran at: 16-07-2026 07:29:42 AM [] []
[2026-07-16 07:29:46] SlimMonoLogger.INFO: Cron ran at: 16-07-2026 07:29:46 AM [] []
[2026-07-16 07:30:29] SlimMonoLogger.INFO: Cron ran at: 16-07-2026 07:30:29 AM [] []
[2026-07-16 07:30:43] SlimMonoLogger.INFO: Cron ran at: 16-07-2026 07:30:43 AM [] []
[2026-07-16 07:30:45] SlimMonoLogger.INFO: Cron ran at: 16-07-2026 07:30:45 AM [] []
[2026-07-16 07:31:21] SlimMonoLogger.INFO: Cron ran at: 16-07-2026 07:31:21 AM [] []
[2026-07-16 07:31:21] SlimMonoLogger.INFO: Cron ran at: 16-07-2026 07:31:21 AM [] []
[2026-07-16 07:31:40] SlimMonoLogger.INFO: Cron ran at: 16-07-2026 07:31:40 AM [] []
[2026-07-16 07:31:43] SlimMonoLogger.INFO: Cron ran at: 16-07-2026 07:31:43 AM [] []
[2026-07-16 07:32:06] SlimMonoLogger.INFO: Cron ran at: 16-07-2026 07:32:06 AM [] []
[2026-07-16 07:32:22] SlimMonoLogger.INFO: Cron ran at: 16-07-2026 07:32:22 AM [] []
[2026-07-16 07:32:37] SlimMonoLogger.INFO: Cron ran at: 16-07-2026 07:32:37 AM [] []
[2026-07-16 07:32:40] SlimMonoLogger.INFO: Cron ran at: 16-07-2026 07:32:40 AM [] []
[2026-07-16 07:33:00] SlimMonoLogger.INFO: Cron ran at: 16-07-2026 07:33:00 AM [] []
[2026-07-16 07:33:27] SlimMonoLogger.INFO: Cron ran at: 16-07-2026 07:33:27 AM [] []
[2026-07-16 07:33:33] SlimMonoLogger.INFO: Cron ran at: 16-07-2026 07:33:33 AM [] []
[2026-07-16 07:33:47] SlimMonoLogger.INFO: Cron ran at: 16-07-2026 07:33:47 AM [] []
[2026-07-16 07:33:58] SlimMonoLogger.INFO: Cron ran at: 16-07-2026 07:33:58 AM [] []
[2026-07-16 07:34:29] SlimMonoLogger.INFO: Cron ran at: 16-07-2026 07:34:29 AM [] []
[2026-07-16 07:34:32] SlimMonoLogger.INFO: Cron ran at: 16-07-2026 07:34:32 AM [] []
[2026-07-16 07:34:45] SlimMonoLogger.INFO: Cron ran at: 16-07-2026 07:34:45 AM [] []
[2026-07-16 07:34:52] SlimMonoLogger.INFO: Cron ran at: 16-07-2026 07:34:52 AM [] []
[2026-07-16 07:35:25] SlimMonoLogger.INFO: Cron ran at: 16-07-2026 07:35:25 AM [] []
[2026-07-16 07:35:32] SlimMonoLogger.INFO: Cron ran at: 16-07-2026 07:35:32 AM [] []
[2026-07-16 07:35:47] SlimMonoLogger.INFO: Cron ran at: 16-07-2026 07:35:47 AM [] []
[2026-07-16 07:36:27] SlimMonoLogger.INFO: Cron ran at: 16-07-2026 07:36:27 AM [] []
[2026-07-16 07:36:36] SlimMonoLogger.INFO: Cron ran at: 16-07-2026 07:36:36 AM [] []
[2026-07-16 07:36:36] SlimMonoLogger.INFO: Cron ran at: 16-07-2026 07:36:36 AM [] []
[2026-07-16 07:36:51] SlimMonoLogger.INFO: Cron ran at: 16-07-2026 07:36:51 AM [] []
[2026-07-16 07:37:25] SlimMonoLogger.INFO: Cron ran at: 16-07-2026 07:37:25 AM [] []
[2026-07-16 07:37:25] SlimMonoLogger.INFO: Cron ran at: 16-07-2026 07:37:25 AM [] []
[2026-07-16 07:37:32] SlimMonoLogger.INFO: Cron ran at: 16-07-2026 07:37:32 AM [] []
[2026-07-16 07:37:33] SlimMonoLogger.INFO: Cron ran at: 16-07-2026 07:37:33 AM [] []
[2026-07-16 07:38:17] SlimMonoLogger.INFO: Cron ran at: 16-07-2026 07:38:17 AM [] []
[2026-07-16 07:38:24] SlimMonoLogger.INFO: Cron ran at: 16-07-2026 07:38:24 AM [] []
[2026-07-16 07:38:28] SlimMonoLogger.INFO: Cron ran at: 16-07-2026 07:38:28 AM [] []
[2026-07-16 07:38:35] SlimMonoLogger.INFO: Cron ran at: 16-07-2026 07:38:35 AM [] []
[2026-07-16 07:39:11] SlimMonoLogger.INFO: Cron ran at: 16-07-2026 07:39:11 AM [] []
[2026-07-16 07:39:25] SlimMonoLogger.INFO: Cron ran at: 16-07-2026 07:39:25 AM [] []
[2026-07-16 07:39:32] SlimMonoLogger.INFO: Cron ran at: 16-07-2026 07:39:32 AM [] []
[2026-07-16 07:39:32] SlimMonoLogger.INFO: Cron ran at: 16-07-2026 07:39:32 AM [] []
[2026-07-16 07:40:12] SlimMonoLogger.INFO: Cron ran at: 16-07-2026 07:40:12 AM [] []
[2026-07-16 07:40:25] SlimMonoLogger.INFO: Cron ran at: 16-07-2026 07:40:25 AM [] []
[2026-07-16 07:40:33] SlimMonoLogger.INFO: Cron ran at: 16-07-2026 07:40:33 AM [] []
[2026-07-16 07:40:34] SlimMonoLogger.INFO: Cron ran at: 16-07-2026 07:40:34 AM [] []
[2026-07-16 07:41:05] SlimMonoLogger.INFO: Cron ran at: 16-07-2026 07:41:05 AM [] []
[2026-07-16 07:41:26] SlimMonoLogger.INFO: Cron ran at: 16-07-2026 07:41:26 AM [] []
[2026-07-16 07:41:33] SlimMonoLogger.INFO: Cron ran at: 16-07-2026 07:41:33 AM [] []
[2026-07-16 07:41:35] SlimMonoLogger.INFO: Cron ran at: 16-07-2026 07:41:35 AM [] []
[2026-07-16 07:41:55] SlimMonoLogger.INFO: Cron ran at: 16-07-2026 07:41:55 AM [] []
[2026-07-16 07:42:18] SlimMonoLogger.INFO: Cron ran at: 16-07-2026 07:42:18 AM [] []
[2026-07-16 07:42:30] SlimMonoLogger.INFO: Cron ran at: 16-07-2026 07:42:30 AM [] []
[2026-07-16 07:42:32] SlimMonoLogger.INFO: Cron ran at: 16-07-2026 07:42:32 AM [] []
[2026-07-16 07:42:51] SlimMonoLogger.INFO: Cron ran at: 16-07-2026 07:42:51 AM [] []
[2026-07-16 07:43:08] SlimMonoLogger.INFO: Cron ran at: 16-07-2026 07:43:08 AM [] []
[2026-07-16 07:43:34] SlimMonoLogger.INFO: Cron ran at: 16-07-2026 07:43:34 AM [] []
[2026-07-16 07:43:34] SlimMonoLogger.INFO: Cron ran at: 16-07-2026 07:43:34 AM [] []
[2026-07-16 07:43:50] SlimMonoLogger.INFO: Cron ran at: 16-07-2026 07:43:50 AM [] []
[2026-07-16 07:44:01] SlimMonoLogger.INFO: Cron ran at: 16-07-2026 07:44:01 AM [] []
[2026-07-16 07:44:33] SlimMonoLogger.INFO: Cron ran at: 16-07-2026 07:44:33 AM [] []
[2026-07-16 07:44:34] SlimMonoLogger.INFO: Cron ran at: 16-07-2026 07:44:34 AM [] []
[2026-07-16 07:44:51] SlimMonoLogger.INFO: Cron ran at: 16-07-2026 07:44:51 AM [] []
[2026-07-16 07:44:53] SlimMonoLogger.INFO: Cron ran at: 16-07-2026 07:44:53 AM [] []
[2026-07-16 07:45:37] SlimMonoLogger.INFO: Cron ran at: 16-07-2026 07:45:37 AM [] []
[2026-07-16 07:45:50] SlimMonoLogger.INFO: Cron ran at: 16-07-2026 07:45:50 AM [] []
[2026-07-16 07:45:50] SlimMonoLogger.INFO: Cron ran at: 16-07-2026 07:45:50 AM [] []
[2026-07-16 07:46:38] SlimMonoLogger.INFO: Cron ran at: 16-07-2026 07:46:38 AM [] []
[2026-07-16 07:46:49] SlimMonoLogger.INFO: Cron ran at: 16-07-2026 07:46:49 AM [] []
[2026-07-16 07:46:49] SlimMonoLogger.INFO: Cron ran at: 16-07-2026 07:46:49 AM [] []
[2026-07-16 07:47:07] SlimMonoLogger.INFO: Cron ran at: 16-07-2026 07:47:07 AM [] []
[2026-07-16 07:47:36] SlimMonoLogger.INFO: Cron ran at: 16-07-2026 07:47:36 AM [] []
[2026-07-16 07:47:41] SlimMonoLogger.INFO: Cron ran at: 16-07-2026 07:47:41 AM [] []
[2026-07-16 07:47:43] SlimMonoLogger.INFO: Cron ran at: 16-07-2026 07:47:43 AM [] []
[2026-07-16 07:47:46] SlimMonoLogger.INFO: Cron ran at: 16-07-2026 07:47:46 AM [] []
[2026-07-16 07:48:40] SlimMonoLogger.INFO: Cron ran at: 16-07-2026 07:48:40 AM [] []
[2026-07-16 07:48:40] SlimMonoLogger.INFO: Cron ran at: 16-07-2026 07:48:40 AM [] []
[2026-07-16 07:48:40] SlimMonoLogger.INFO: Cron ran at: 16-07-2026 07:48:40 AM [] []
[2026-07-16 07:48:49] SlimMonoLogger.INFO: Cron ran at: 16-07-2026 07:48:49 AM [] []
[2026-07-16 07:49:34] SlimMonoLogger.INFO: Cron ran at: 16-07-2026 07:49:34 AM [] []
[2026-07-16 07:49:34] SlimMonoLogger.INFO: Cron ran at: 16-07-2026 07:49:34 AM [] []
[2026-07-16 07:49:37] SlimMonoLogger.INFO: Cron ran at: 16-07-2026 07:49:37 AM [] []
[2026-07-16 07:49:48] SlimMonoLogger.INFO: Cron ran at: 16-07-2026 07:49:48 AM [] []
[2026-07-16 07:50:37] SlimMonoLogger.INFO: Cron ran at: 16-07-2026 07:50:37 AM [] []
[2026-07-16 07:50:44] SlimMonoLogger.INFO: Cron ran at: 16-07-2026 07:50:44 AM [] []
[2026-07-16 07:50:46] SlimMonoLogger.INFO: Cron ran at: 16-07-2026 07:50:46 AM [] []
[2026-07-16 07:51:28] SlimMonoLogger.INFO: Cron ran at: 16-07-2026 07:51:28 AM [] []
[2026-07-16 07:51:42] SlimMonoLogger.INFO: Cron ran at: 16-07-2026 07:51:42 AM [] []
[2026-07-16 07:51:50] SlimMonoLogger.INFO: Cron ran at: 16-07-2026 07:51:50 AM [] []
[2026-07-16 07:52:04] SlimMonoLogger.INFO: Cron ran at: 16-07-2026 07:52:04 AM [] []
[2026-07-16 07:52:20] SlimMonoLogger.INFO: Cron ran at: 16-07-2026 07:52:20 AM [] []
[2026-07-16 07:52:41] SlimMonoLogger.INFO: Cron ran at: 16-07-2026 07:52:41 AM [] []
[2026-07-16 07:52:51] SlimMonoLogger.INFO: Cron ran at: 16-07-2026 07:52:51 AM [] []
[2026-07-16 07:52:52] SlimMonoLogger.INFO: Cron ran at: 16-07-2026 07:52:52 AM [] []
[2026-07-16 07:53:13] SlimMonoLogger.INFO: Cron ran at: 16-07-2026 07:53:13 AM [] []
[2026-07-16 07:53:41] SlimMonoLogger.INFO: Cron ran at: 16-07-2026 07:53:41 AM [] []
[2026-07-16 07:53:42] SlimMonoLogger.INFO: Cron ran at: 16-07-2026 07:53:42 AM [] []
[2026-07-16 07:53:52] SlimMonoLogger.INFO: Cron ran at: 16-07-2026 07:53:52 AM [] []
[2026-07-16 07:54:13] SlimMonoLogger.INFO: Cron ran at: 16-07-2026 07:54:13 AM [] []
[2026-07-16 07:54:38] SlimMonoLogger.INFO: Cron ran at: 16-07-2026 07:54:38 AM [] []
[2026-07-16 07:54:38] SlimMonoLogger.INFO: Cron ran at: 16-07-2026 07:54:38 AM [] []
[2026-07-16 07:54:51] SlimMonoLogger.INFO: Cron ran at: 16-07-2026 07:54:51 AM [] []
[2026-07-16 07:55:12] SlimMonoLogger.INFO: Cron ran at: 16-07-2026 07:55:12 AM [] []
[2026-07-16 07:55:31] SlimMonoLogger.INFO: Cron ran at: 16-07-2026 07:55:31 AM [] []
[2026-07-16 07:55:43] SlimMonoLogger.INFO: Cron ran at: 16-07-2026 07:55:43 AM [] []
[2026-07-16 07:56:15] SlimMonoLogger.INFO: Cron ran at: 16-07-2026 07:56:15 AM [] []
[2026-07-16 07:56:24] SlimMonoLogger.INFO: Cron ran at: 16-07-2026 07:56:24 AM [] []
[2026-07-16 07:56:28] SlimMonoLogger.INFO: Cron ran at: 16-07-2026 07:56:28 AM [] []
[2026-07-16 07:56:42] SlimMonoLogger.INFO: Cron ran at: 16-07-2026 07:56:42 AM [] []
[2026-07-16 07:57:14] SlimMonoLogger.INFO: Cron ran at: 16-07-2026 07:57:14 AM [] []
[2026-07-16 07:57:16] SlimMonoLogger.INFO: Cron ran at: 16-07-2026 07:57:16 AM [] []
[2026-07-16 07:57:23] SlimMonoLogger.INFO: Cron ran at: 16-07-2026 07:57:23 AM [] []
[2026-07-16 07:57:40] SlimMonoLogger.INFO: Cron ran at: 16-07-2026 07:57:40 AM [] []
[2026-07-16 07:58:10] SlimMonoLogger.INFO: Cron ran at: 16-07-2026 07:58:10 AM [] []
[2026-07-16 07:58:12] SlimMonoLogger.INFO: Cron ran at: 16-07-2026 07:58:12 AM [] []
[2026-07-16 07:58:20] SlimMonoLogger.INFO: Cron ran at: 16-07-2026 07:58:20 AM [] []
[2026-07-16 07:58:45] SlimMonoLogger.INFO: Cron ran at: 16-07-2026 07:58:45 AM [] []
[2026-07-16 07:59:02] SlimMonoLogger.INFO: Cron ran at: 16-07-2026 07:59:02 AM [] []
[2026-07-16 07:59:15] SlimMonoLogger.INFO: Cron ran at: 16-07-2026 07:59:15 AM [] []
[2026-07-16 07:59:16] SlimMonoLogger.INFO: Cron ran at: 16-07-2026 07:59:16 AM [] []
[2026-07-16 07:59:40] SlimMonoLogger.INFO: Cron ran at: 16-07-2026 07:59:40 AM [] []
[2026-07-16 07:59:54] SlimMonoLogger.INFO: Cron ran at: 16-07-2026 07:59:54 AM [] []
[2026-07-16 08:00:16] SlimMonoLogger.INFO: Cron ran at: 16-07-2026 08:00:16 AM [] []
[2026-07-16 08:00:18] SlimMonoLogger.INFO: Cron ran at: 16-07-2026 08:00:18 AM [] []
[2026-07-16 08:00:48] SlimMonoLogger.INFO: Cron ran at: 16-07-2026 08:00:48 AM [] []
[2026-07-16 08:01:12] SlimMonoLogger.INFO: Cron ran at: 16-07-2026 08:01:12 AM [] []
[2026-07-16 08:01:13] SlimMonoLogger.INFO: Cron ran at: 16-07-2026 08:01:12 AM [] []
[2026-07-16 08:01:44] SlimMonoLogger.INFO: Cron ran at: 16-07-2026 08:01:44 AM [] []
[2026-07-16 08:01:58] SlimMonoLogger.INFO: Cron ran at: 16-07-2026 08:01:58 AM [] []
[2026-07-16 08:02:15] SlimMonoLogger.INFO: Cron ran at: 16-07-2026 08:02:15 AM [] []
[2026-07-16 08:02:19] SlimMonoLogger.INFO: Cron ran at: 16-07-2026 08:02:19 AM [] []
[2026-07-16 08:02:44] SlimMonoLogger.INFO: Cron ran at: 16-07-2026 08:02:44 AM [] []
[2026-07-16 08:02:44] SlimMonoLogger.INFO: Cron ran at: 16-07-2026 08:02:44 AM [] []
[2026-07-16 08:03:18] SlimMonoLogger.INFO: Cron ran at: 16-07-2026 08:03:18 AM [] []
[2026-07-16 08:03:21] SlimMonoLogger.INFO: Cron ran at: 16-07-2026 08:03:21 AM [] []
[2026-07-16 08:03:39] SlimMonoLogger.INFO: Cron ran at: 16-07-2026 08:03:39 AM [] []
[2026-07-16 08:03:40] SlimMonoLogger.INFO: Cron ran at: 16-07-2026 08:03:40 AM [] []
[2026-07-16 08:04:13] SlimMonoLogger.INFO: Cron ran at: 16-07-2026 08:04:13 AM [] []
[2026-07-16 08:04:13] SlimMonoLogger.INFO: Cron ran at: 16-07-2026 08:04:13 AM [] []
[2026-07-16 08:04:37] SlimMonoLogger.INFO: Cron ran at: 16-07-2026 08:04:37 AM [] []
[2026-07-16 08:04:40] SlimMonoLogger.INFO: Cron ran at: 16-07-2026 08:04:40 AM [] []
[2026-07-16 08:05:13] SlimMonoLogger.INFO: Cron ran at: 16-07-2026 08:05:13 AM [] []
[2026-07-16 08:05:16] SlimMonoLogger.INFO: Cron ran at: 16-07-2026 08:05:16 AM [] []
[2026-07-16 08:05:27] SlimMonoLogger.INFO: Cron ran at: 16-07-2026 08:05:27 AM [] []
[2026-07-16 08:05:46] SlimMonoLogger.INFO: Cron ran at: 16-07-2026 08:05:46 AM [] []
[2026-07-16 08:06:18] SlimMonoLogger.INFO: Cron ran at: 16-07-2026 08:06:18 AM [] []
[2026-07-16 08:06:19] SlimMonoLogger.INFO: Cron ran at: 16-07-2026 08:06:19 AM [] []
[2026-07-16 08:06:41] SlimMonoLogger.INFO: Cron ran at: 16-07-2026 08:06:41 AM [] []
[2026-07-16 08:06:49] SlimMonoLogger.INFO: Cron ran at: 16-07-2026 08:06:49 AM [] []
[2026-07-16 08:07:17] SlimMonoLogger.INFO: Cron ran at: 16-07-2026 08:07:17 AM [] []
[2026-07-16 08:07:19] SlimMonoLogger.INFO: Cron ran at: 16-07-2026 08:07:19 AM [] []
[2026-07-16 08:07:39] SlimMonoLogger.INFO: Cron ran at: 16-07-2026 08:07:39 AM [] []
[2026-07-16 08:07:40] SlimMonoLogger.INFO: Cron ran at: 16-07-2026 08:07:40 AM [] []
[2026-07-16 08:08:17] SlimMonoLogger.INFO: Cron ran at: 16-07-2026 08:08:17 AM [] []
[2026-07-16 08:08:19] SlimMonoLogger.INFO: Cron ran at: 16-07-2026 08:08:19 AM [] []
[2026-07-16 08:08:36] SlimMonoLogger.INFO: Cron ran at: 16-07-2026 08:08:36 AM [] []
[2026-07-16 08:08:39] SlimMonoLogger.INFO: Cron ran at: 16-07-2026 08:08:39 AM [] []
[2026-07-16 08:09:14] SlimMonoLogger.INFO: Cron ran at: 16-07-2026 08:09:14 AM [] []
[2026-07-16 08:09:15] SlimMonoLogger.INFO: Cron ran at: 16-07-2026 08:09:15 AM [] []
[2026-07-16 08:09:26] SlimMonoLogger.INFO: Cron ran at: 16-07-2026 08:09:26 AM [] []
[2026-07-16 08:09:46] SlimMonoLogger.INFO: Cron ran at: 16-07-2026 08:09:46 AM [] []
[2026-07-16 08:10:23] SlimMonoLogger.INFO: Cron ran at: 16-07-2026 08:10:23 AM [] []
[2026-07-16 08:10:25] SlimMonoLogger.INFO: Cron ran at: 16-07-2026 08:10:25 AM [] []
[2026-07-16 08:10:57] SlimMonoLogger.INFO: Cron ran at: 16-07-2026 08:10:57 AM [] []
[2026-07-16 08:10:59] SlimMonoLogger.INFO: Cron ran at: 16-07-2026 08:10:59 AM [] []
[2026-07-16 08:11:12] SlimMonoLogger.INFO: Cron ran at: 16-07-2026 08:11:12 AM [] []
[2026-07-16 08:11:16] SlimMonoLogger.INFO: Cron ran at: 16-07-2026 08:11:16 AM [] []
[2026-07-16 08:11:40] SlimMonoLogger.INFO: Cron ran at: 16-07-2026 08:11:40 AM [] []
[2026-07-16 08:11:57] SlimMonoLogger.INFO: Cron ran at: 16-07-2026 08:11:57 AM [] []
[2026-07-16 08:12:10] SlimMonoLogger.INFO: Cron ran at: 16-07-2026 08:12:10 AM [] []
[2026-07-16 08:12:11] SlimMonoLogger.INFO: Cron ran at: 16-07-2026 08:12:11 AM [] []
[2026-07-16 08:12:43] SlimMonoLogger.INFO: Cron ran at: 16-07-2026 08:12:43 AM [] []
[2026-07-16 08:12:45] SlimMonoLogger.INFO: Cron ran at: 16-07-2026 08:12:45 AM [] []
[2026-07-16 08:13:09] SlimMonoLogger.INFO: Cron ran at: 16-07-2026 08:13:09 AM [] []
[2026-07-16 08:13:09] SlimMonoLogger.INFO: Cron ran at: 16-07-2026 08:13:09 AM [] []
[2026-07-16 08:13:38] SlimMonoLogger.INFO: Cron ran at: 16-07-2026 08:13:38 AM [] []
[2026-07-16 08:13:42] SlimMonoLogger.INFO: Cron ran at: 16-07-2026 08:13:42 AM [] []
[2026-07-16 08:14:09] SlimMonoLogger.INFO: Cron ran at: 16-07-2026 08:14:09 AM [] []
[2026-07-16 08:14:10] SlimMonoLogger.INFO: Cron ran at: 16-07-2026 08:14:10 AM [] []
[2026-07-16 08:14:32] SlimMonoLogger.INFO: Cron ran at: 16-07-2026 08:14:32 AM [] []
[2026-07-16 08:14:39] SlimMonoLogger.INFO: Cron ran at: 16-07-2026 08:14:39 AM [] []
[2026-07-16 08:15:02] SlimMonoLogger.INFO: Cron ran at: 16-07-2026 08:15:02 AM [] []
[2026-07-16 08:15:14] SlimMonoLogger.INFO: Cron ran at: 16-07-2026 08:15:14 AM [] []
[2026-07-16 08:15:25] SlimMonoLogger.INFO: Cron ran at: 16-07-2026 08:15:25 AM [] []
[2026-07-16 08:16:06] SlimMonoLogger.INFO: Cron ran at: 16-07-2026 08:16:06 AM [] []
[2026-07-16 08:16:12] SlimMonoLogger.INFO: Cron ran at: 16-07-2026 08:16:12 AM [] []
[2026-07-16 08:16:21] SlimMonoLogger.INFO: Cron ran at: 16-07-2026 08:16:21 AM [] []
[2026-07-16 08:16:49] SlimMonoLogger.INFO: Cron ran at: 16-07-2026 08:16:49 AM [] []
[2026-07-16 08:17:06] SlimMonoLogger.INFO: Cron ran at: 16-07-2026 08:17:06 AM [] []
[2026-07-16 08:17:10] SlimMonoLogger.INFO: Cron ran at: 16-07-2026 08:17:10 AM [] []
[2026-07-16 08:17:16] SlimMonoLogger.INFO: Cron ran at: 16-07-2026 08:17:16 AM [] []
[2026-07-16 08:17:39] SlimMonoLogger.INFO: Cron ran at: 16-07-2026 08:17:39 AM [] []
[2026-07-16 08:18:08] SlimMonoLogger.INFO: Cron ran at: 16-07-2026 08:18:08 AM [] []
[2026-07-16 08:18:13] SlimMonoLogger.INFO: Cron ran at: 16-07-2026 08:18:13 AM [] []
[2026-07-16 08:18:15] SlimMonoLogger.INFO: Cron ran at: 16-07-2026 08:18:15 AM [] []
[2026-07-16 08:18:31] SlimMonoLogger.INFO: Cron ran at: 16-07-2026 08:18:31 AM [] []
[2026-07-16 08:19:11] SlimMonoLogger.INFO: Cron ran at: 16-07-2026 08:19:11 AM [] []
[2026-07-16 08:19:11] SlimMonoLogger.INFO: Cron ran at: 16-07-2026 08:19:11 AM [] []
[2026-07-16 08:19:11] SlimMonoLogger.INFO: Cron ran at: 16-07-2026 08:19:11 AM [] []
[2026-07-16 08:19:25] SlimMonoLogger.INFO: Cron ran at: 16-07-2026 08:19:25 AM [] []
[2026-07-16 08:20:12] SlimMonoLogger.INFO: Cron ran at: 16-07-2026 08:20:12 AM [] []
[2026-07-16 08:20:12] SlimMonoLogger.INFO: Cron ran at: 16-07-2026 08:20:12 AM [] []
[2026-07-16 08:20:13] SlimMonoLogger.INFO: Cron ran at: 16-07-2026 08:20:13 AM [] []
[2026-07-16 08:20:23] SlimMonoLogger.INFO: Cron ran at: 16-07-2026 08:20:23 AM [] []
[2026-07-16 08:21:05] SlimMonoLogger.INFO: Cron ran at: 16-07-2026 08:21:05 AM [] []
[2026-07-16 08:21:05] SlimMonoLogger.INFO: Cron ran at: 16-07-2026 08:21:05 AM [] []
[2026-07-16 08:21:14] SlimMonoLogger.INFO: Cron ran at: 16-07-2026 08:21:14 AM [] []
[2026-07-16 08:21:16] SlimMonoLogger.INFO: Cron ran at: 16-07-2026 08:21:16 AM [] []
[2026-07-16 08:22:06] SlimMonoLogger.INFO: Cron ran at: 16-07-2026 08:22:06 AM [] []
[2026-07-16 08:22:09] SlimMonoLogger.INFO: Cron ran at: 16-07-2026 08:22:09 AM [] []
[2026-07-16 08:22:09] SlimMonoLogger.INFO: Cron ran at: 16-07-2026 08:22:09 AM [] []
[2026-07-16 08:22:09] SlimMonoLogger.INFO: Cron ran at: 16-07-2026 08:22:09 AM [] []
[2026-07-16 08:23:02] SlimMonoLogger.INFO: Cron ran at: 16-07-2026 08:23:02 AM [] []
[2026-07-16 08:23:03] SlimMonoLogger.INFO: Cron ran at: 16-07-2026 08:23:03 AM [] []
[2026-07-16 08:23:03] SlimMonoLogger.INFO: Cron ran at: 16-07-2026 08:23:03 AM [] []
[2026-07-16 08:23:06] SlimMonoLogger.INFO: Cron ran at: 16-07-2026 08:23:06 AM [] []
[2026-07-16 08:23:57] SlimMonoLogger.INFO: Cron ran at: 16-07-2026 08:23:57 AM [] []
[2026-07-16 08:24:02] SlimMonoLogger.INFO: Cron ran at: 16-07-2026 08:24:02 AM [] []
[2026-07-16 08:24:03] SlimMonoLogger.INFO: Cron ran at: 16-07-2026 08:24:03 AM [] []
[2026-07-16 08:24:05] SlimMonoLogger.INFO: Cron ran at: 16-07-2026 08:24:05 AM [] []
[2026-07-16 08:24:53] SlimMonoLogger.INFO: Cron ran at: 16-07-2026 08:24:53 AM [] []
[2026-07-16 08:25:02] SlimMonoLogger.INFO: Cron ran at: 16-07-2026 08:25:02 AM [] []
[2026-07-16 08:25:04] SlimMonoLogger.INFO: Cron ran at: 16-07-2026 08:25:04 AM [] []
[2026-07-16 08:25:07] SlimMonoLogger.INFO: Cron ran at: 16-07-2026 08:25:07 AM [] []
[2026-07-16 08:25:45] SlimMonoLogger.INFO: Cron ran at: 16-07-2026 08:25:45 AM [] []
[2026-07-16 08:26:03] SlimMonoLogger.INFO: Cron ran at: 16-07-2026 08:26:03 AM [] []
[2026-07-16 08:26:10] SlimMonoLogger.INFO: Cron ran at: 16-07-2026 08:26:10 AM [] []
[2026-07-16 08:26:16] SlimMonoLogger.INFO: Cron ran at: 16-07-2026 08:26:16 AM [] []
[2026-07-16 08:26:40] SlimMonoLogger.INFO: Cron ran at: 16-07-2026 08:26:40 AM [] []
[2026-07-16 08:27:04] SlimMonoLogger.INFO: Cron ran at: 16-07-2026 08:27:04 AM [] []
[2026-07-16 08:27:10] SlimMonoLogger.INFO: Cron ran at: 16-07-2026 08:27:10 AM [] []
[2026-07-16 08:27:10] SlimMonoLogger.INFO: Cron ran at: 16-07-2026 08:27:10 AM [] []
[2026-07-16 08:27:39] SlimMonoLogger.INFO: Cron ran at: 16-07-2026 08:27:39 AM [] []
[2026-07-16 08:28:03] SlimMonoLogger.INFO: Cron ran at: 16-07-2026 08:28:03 AM [] []
[2026-07-16 08:28:03] SlimMonoLogger.INFO: Cron ran at: 16-07-2026 08:28:03 AM [] []
[2026-07-16 08:28:10] SlimMonoLogger.INFO: Cron ran at: 16-07-2026 08:28:10 AM [] []
[2026-07-16 08:28:39] SlimMonoLogger.INFO: Cron ran at: 16-07-2026 08:28:39 AM [] []
[2026-07-16 08:28:52] SlimMonoLogger.INFO: Cron ran at: 16-07-2026 08:28:52 AM [] []
[2026-07-16 08:29:00] SlimMonoLogger.INFO: Cron ran at: 16-07-2026 08:29:00 AM [] []
[2026-07-16 08:29:08] SlimMonoLogger.INFO: Cron ran at: 16-07-2026 08:29:08 AM [] []
[2026-07-16 08:29:35] SlimMonoLogger.INFO: Cron ran at: 16-07-2026 08:29:35 AM [] []
[2026-07-16 08:29:50] SlimMonoLogger.INFO: Cron ran at: 16-07-2026 08:29:50 AM [] []
[2026-07-16 08:30:09] SlimMonoLogger.INFO: Cron ran at: 16-07-2026 08:30:09 AM [] []
[2026-07-16 08:30:13] SlimMonoLogger.INFO: Cron ran at: 16-07-2026 08:30:13 AM [] []
[2026-07-16 08:30:33] SlimMonoLogger.INFO: Cron ran at: 16-07-2026 08:30:33 AM [] []
[2026-07-16 08:30:47] SlimMonoLogger.INFO: Cron ran at: 16-07-2026 08:30:47 AM [] []
[2026-07-16 08:31:09] SlimMonoLogger.INFO: Cron ran at: 16-07-2026 08:31:09 AM [] []
[2026-07-16 08:31:30] SlimMonoLogger.INFO: Cron ran at: 16-07-2026 08:31:30 AM [] []
[2026-07-16 08:31:37] SlimMonoLogger.INFO: Cron ran at: 16-07-2026 08:31:37 AM [] []
[2026-07-16 08:31:38] SlimMonoLogger.INFO: Cron ran at: 16-07-2026 08:31:38 AM [] []
[2026-07-16 08:32:02] SlimMonoLogger.INFO: Cron ran at: 16-07-2026 08:32:02 AM [] []
[2026-07-16 08:32:21] SlimMonoLogger.INFO: Cron ran at: 16-07-2026 08:32:21 AM [] []
[2026-07-16 08:32:36] SlimMonoLogger.INFO: Cron ran at: 16-07-2026 08:32:36 AM [] []
[2026-07-16 08:32:37] SlimMonoLogger.INFO: Cron ran at: 16-07-2026 08:32:37 AM [] []
[2026-07-16 08:33:05] SlimMonoLogger.INFO: Cron ran at: 16-07-2026 08:33:05 AM [] []
[2026-07-16 08:33:15] SlimMonoLogger.INFO: Cron ran at: 16-07-2026 08:33:15 AM [] []
[2026-07-16 08:33:37] SlimMonoLogger.INFO: Cron ran at: 16-07-2026 08:33:37 AM [] []
[2026-07-16 08:33:39] SlimMonoLogger.INFO: Cron ran at: 16-07-2026 08:33:39 AM [] []
[2026-07-16 08:34:02] SlimMonoLogger.INFO: Cron ran at: 16-07-2026 08:34:02 AM [] []
[2026-07-16 08:34:04] SlimMonoLogger.INFO: Cron ran at: 16-07-2026 08:34:04 AM [] []
[2026-07-16 08:34:36] SlimMonoLogger.INFO: Cron ran at: 16-07-2026 08:34:36 AM [] []
[2026-07-16 08:34:38] SlimMonoLogger.INFO: Cron ran at: 16-07-2026 08:34:38 AM [] []
[2026-07-16 08:34:57] SlimMonoLogger.INFO: Cron ran at: 16-07-2026 08:34:57 AM [] []
[2026-07-16 08:35:00] SlimMonoLogger.INFO: Cron ran at: 16-07-2026 08:35:00 AM [] []
[2026-07-16 08:36:18] SlimMonoLogger.INFO: Cron ran at: 16-07-2026 08:36:18 AM [] []
[2026-07-16 08:36:31] SlimMonoLogger.INFO: Cron ran at: 16-07-2026 08:36:31 AM [] []
[2026-07-16 08:37:16] SlimMonoLogger.INFO: Cron ran at: 16-07-2026 08:37:16 AM [] []
[2026-07-16 08:38:14] SlimMonoLogger.INFO: Cron ran at: 16-07-2026 08:38:14 AM [] []
[2026-07-16 08:39:07] SlimMonoLogger.INFO: Cron ran at: 16-07-2026 08:39:07 AM [] []
[2026-07-16 08:39:58] SlimMonoLogger.INFO: Cron ran at: 16-07-2026 08:39:58 AM [] []
[2026-07-16 08:40:50] SlimMonoLogger.INFO: Cron ran at: 16-07-2026 08:40:50 AM [] []
[2026-07-16 08:41:39] SlimMonoLogger.INFO: Cron ran at: 16-07-2026 08:41:39 AM [] []
[2026-07-16 08:41:48] SlimMonoLogger.INFO: Cron ran at: 16-07-2026 08:41:48 AM [] []
[2026-07-16 08:42:26] SlimMonoLogger.INFO: Cron ran at: 16-07-2026 08:42:26 AM [] []
[2026-07-16 08:42:41] SlimMonoLogger.INFO: Cron ran at: 16-07-2026 08:42:41 AM [] []
[2026-07-16 08:43:25] SlimMonoLogger.INFO: Cron ran at: 16-07-2026 08:43:25 AM [] []
[2026-07-16 08:43:48] SlimMonoLogger.INFO: Cron ran at: 16-07-2026 08:43:48 AM [] []
[2026-07-16 08:43:55] SlimMonoLogger.INFO: Cron ran at: 16-07-2026 08:43:55 AM [] []
[2026-07-16 08:44:38] SlimMonoLogger.INFO: Cron ran at: 16-07-2026 08:44:38 AM [] []
[2026-07-16 08:44:40] SlimMonoLogger.INFO: Cron ran at: 16-07-2026 08:44:40 AM [] []
[2026-07-16 08:45:36] SlimMonoLogger.INFO: Cron ran at: 16-07-2026 08:45:36 AM [] []
[2026-07-16 08:45:43] SlimMonoLogger.INFO: Cron ran at: 16-07-2026 08:45:43 AM [] []
[2026-07-16 08:46:16] SlimMonoLogger.INFO: Cron ran at: 16-07-2026 08:46:16 AM [] []
[2026-07-16 08:46:33] SlimMonoLogger.INFO: Cron ran at: 16-07-2026 08:46:33 AM [] []
[2026-07-16 08:46:37] SlimMonoLogger.INFO: Cron ran at: 16-07-2026 08:46:37 AM [] []
[2026-07-16 08:47:06] SlimMonoLogger.INFO: Cron ran at: 16-07-2026 08:47:06 AM [] []
[2026-07-16 08:47:28] SlimMonoLogger.INFO: Cron ran at: 16-07-2026 08:47:28 AM [] []
[2026-07-16 08:47:42] SlimMonoLogger.INFO: Cron ran at: 16-07-2026 08:47:42 AM [] []
[2026-07-16 08:48:02] SlimMonoLogger.INFO: Cron ran at: 16-07-2026 08:48:02 AM [] []
[2026-07-16 08:48:26] SlimMonoLogger.INFO: Cron ran at: 16-07-2026 08:48:26 AM [] []
[2026-07-16 08:48:40] SlimMonoLogger.INFO: Cron ran at: 16-07-2026 08:48:40 AM [] []
[2026-07-16 08:48:52] SlimMonoLogger.INFO: Cron ran at: 16-07-2026 08:48:52 AM [] []
[2026-07-16 08:49:28] SlimMonoLogger.INFO: Cron ran at: 16-07-2026 08:49:28 AM [] []
[2026-07-16 08:49:40] SlimMonoLogger.INFO: Cron ran at: 16-07-2026 08:49:40 AM [] []
[2026-07-16 08:49:47] SlimMonoLogger.INFO: Cron ran at: 16-07-2026 08:49:47 AM [] []
[2026-07-16 08:50:28] SlimMonoLogger.INFO: Cron ran at: 16-07-2026 08:50:28 AM [] []
[2026-07-16 08:50:40] SlimMonoLogger.INFO: Cron ran at: 16-07-2026 08:50:40 AM [] []
[2026-07-16 08:50:42] SlimMonoLogger.INFO: Cron ran at: 16-07-2026 08:50:42 AM [] []
[2026-07-16 08:51:17] SlimMonoLogger.INFO: Cron ran at: 16-07-2026 08:51:17 AM [] []
[2026-07-16 08:51:27] SlimMonoLogger.INFO: Cron ran at: 16-07-2026 08:51:27 AM [] []
[2026-07-16 08:51:39] SlimMonoLogger.INFO: Cron ran at: 16-07-2026 08:51:39 AM [] []
[2026-07-16 08:51:39] SlimMonoLogger.INFO: Cron ran at: 16-07-2026 08:51:39 AM [] []
[2026-07-16 08:52:09] SlimMonoLogger.INFO: Cron ran at: 16-07-2026 08:52:09 AM [] []
[2026-07-16 08:52:24] SlimMonoLogger.INFO: Cron ran at: 16-07-2026 08:52:24 AM [] []
[2026-07-16 08:52:34] SlimMonoLogger.INFO: Cron ran at: 16-07-2026 08:52:34 AM [] []
[2026-07-16 08:52:35] SlimMonoLogger.INFO: Cron ran at: 16-07-2026 08:52:35 AM [] []
[2026-07-16 08:52:59] SlimMonoLogger.INFO: Cron ran at: 16-07-2026 08:52:59 AM [] []
[2026-07-16 08:53:25] SlimMonoLogger.INFO: Cron ran at: 16-07-2026 08:53:25 AM [] []
[2026-07-16 08:53:28] SlimMonoLogger.INFO: Cron ran at: 16-07-2026 08:53:28 AM [] []
[2026-07-16 08:53:36] SlimMonoLogger.INFO: Cron ran at: 16-07-2026 08:53:36 AM [] []
[2026-07-16 08:53:48] SlimMonoLogger.INFO: Cron ran at: 16-07-2026 08:53:48 AM [] []
[2026-07-16 08:54:26] SlimMonoLogger.INFO: Cron ran at: 16-07-2026 08:54:26 AM [] []
[2026-07-16 08:54:28] SlimMonoLogger.INFO: Cron ran at: 16-07-2026 08:54:28 AM [] []
[2026-07-16 08:54:37] SlimMonoLogger.INFO: Cron ran at: 16-07-2026 08:54:37 AM [] []
[2026-07-16 08:54:38] SlimMonoLogger.INFO: Cron ran at: 16-07-2026 08:54:38 AM [] []
[2026-07-16 08:54:40] SlimMonoLogger.INFO: Cron ran at: 16-07-2026 08:54:40 AM [] []
[2026-07-16 08:55:31] SlimMonoLogger.INFO: Cron ran at: 16-07-2026 08:55:31 AM [] []
[2026-07-16 08:55:37] SlimMonoLogger.INFO: Cron ran at: 16-07-2026 08:55:37 AM [] []
[2026-07-16 08:55:45] SlimMonoLogger.INFO: Cron ran at: 16-07-2026 08:55:45 AM [] []
[2026-07-16 09:01:46] SlimMonoLogger.INFO: Cron ran at: 16-07-2026 09:01:46 AM [] []
[2026-07-16 09:02:22] SlimMonoLogger.INFO: Cron ran at: 16-07-2026 09:02:22 AM [] []
[2026-07-16 09:03:11] SlimMonoLogger.INFO: Cron ran at: 16-07-2026 09:03:11 AM [] []
[2026-07-16 09:04:05] SlimMonoLogger.INFO: Cron ran at: 16-07-2026 09:04:05 AM [] []
[2026-07-16 09:04:58] SlimMonoLogger.INFO: Cron ran at: 16-07-2026 09:04:58 AM [] []
[2026-07-16 09:05:56] SlimMonoLogger.INFO: Cron ran at: 16-07-2026 09:05:56 AM [] []
[2026-07-16 09:06:52] SlimMonoLogger.INFO: Cron ran at: 16-07-2026 09:06:52 AM [] []
[2026-07-16 09:06:53] SlimMonoLogger.INFO: Cron ran at: 16-07-2026 09:06:53 AM [] []
[2026-07-16 09:07:41] SlimMonoLogger.INFO: Cron ran at: 16-07-2026 09:07:41 AM [] []
[2026-07-16 09:07:45] SlimMonoLogger.INFO: Cron ran at: 16-07-2026 09:07:45 AM [] []
[2026-07-16 09:08:29] SlimMonoLogger.INFO: Cron ran at: 16-07-2026 09:08:29 AM [] []
[2026-07-16 09:08:44] SlimMonoLogger.INFO: Cron ran at: 16-07-2026 09:08:44 AM [] []
[2026-07-16 09:09:31] SlimMonoLogger.INFO: Cron ran at: 16-07-2026 09:09:31 AM [] []
[2026-07-16 09:09:42] SlimMonoLogger.INFO: Cron ran at: 16-07-2026 09:09:42 AM [] []
[2026-07-16 09:10:26] SlimMonoLogger.INFO: Cron ran at: 16-07-2026 09:10:26 AM [] []
[2026-07-16 09:10:48] SlimMonoLogger.INFO: Cron ran at: 16-07-2026 09:10:48 AM [] []
[2026-07-16 09:11:24] SlimMonoLogger.INFO: Cron ran at: 16-07-2026 09:11:24 AM [] []
[2026-07-16 09:11:46] SlimMonoLogger.INFO: Cron ran at: 16-07-2026 09:11:46 AM [] []
[2026-07-16 09:12:02] SlimMonoLogger.INFO: Cron ran at: 16-07-2026 09:12:02 AM [] []
[2026-07-16 09:12:07] SlimMonoLogger.INFO: Cron ran at: 16-07-2026 09:12:07 AM [] []
[2026-07-16 09:12:49] SlimMonoLogger.INFO: Cron ran at: 16-07-2026 09:12:49 AM [] []
[2026-07-16 09:12:57] SlimMonoLogger.INFO: Cron ran at: 16-07-2026 09:12:57 AM [] []
[2026-07-16 09:13:05] SlimMonoLogger.INFO: Cron ran at: 16-07-2026 09:13:05 AM [] []
[2026-07-16 09:13:47] SlimMonoLogger.INFO: Cron ran at: 16-07-2026 09:13:47 AM [] []
[2026-07-16 09:13:48] SlimMonoLogger.INFO: Cron ran at: 16-07-2026 09:13:48 AM [] []
[2026-07-16 09:14:04] SlimMonoLogger.INFO: Cron ran at: 16-07-2026 09:14:04 AM [] []
[2026-07-16 09:14:41] SlimMonoLogger.INFO: Cron ran at: 16-07-2026 09:14:41 AM [] []
[2026-07-16 09:14:42] SlimMonoLogger.INFO: Cron ran at: 16-07-2026 09:14:42 AM [] []
[2026-07-16 09:15:07] SlimMonoLogger.INFO: Cron ran at: 16-07-2026 09:15:07 AM [] []
[2026-07-16 09:15:33] SlimMonoLogger.INFO: Cron ran at: 16-07-2026 09:15:33 AM [] []
[2026-07-16 09:15:43] SlimMonoLogger.INFO: Cron ran at: 16-07-2026 09:15:43 AM [] []
[2026-07-16 09:16:01] SlimMonoLogger.INFO: Cron ran at: 16-07-2026 09:16:01 AM [] []
[2026-07-16 09:16:21] SlimMonoLogger.INFO: Cron ran at: 16-07-2026 09:16:21 AM [] []
[2026-07-16 09:16:47] SlimMonoLogger.INFO: Cron ran at: 16-07-2026 09:16:47 AM [] []
[2026-07-16 09:16:50] SlimMonoLogger.INFO: Cron ran at: 16-07-2026 09:16:50 AM [] []
[2026-07-16 09:17:12] SlimMonoLogger.INFO: Cron ran at: 16-07-2026 09:17:12 AM [] []
[2026-07-16 09:17:22] SlimMonoLogger.INFO: Cron ran at: 16-07-2026 09:17:22 AM [] []
[2026-07-16 09:17:36] SlimMonoLogger.INFO: Cron ran at: 16-07-2026 09:17:36 AM [] []
[2026-07-16 09:17:39] SlimMonoLogger.INFO: Cron ran at: 16-07-2026 09:17:39 AM [] []
[2026-07-16 09:18:05] SlimMonoLogger.INFO: Cron ran at: 16-07-2026 09:18:05 AM [] []
[2026-07-16 09:18:22] SlimMonoLogger.INFO: Cron ran at: 16-07-2026 09:18:22 AM [] []
[2026-07-16 09:18:28] SlimMonoLogger.INFO: Cron ran at: 16-07-2026 09:18:28 AM [] []
[2026-07-16 09:18:39] SlimMonoLogger.INFO: Cron ran at: 16-07-2026 09:18:39 AM [] []
[2026-07-16 09:19:09] SlimMonoLogger.INFO: Cron ran at: 16-07-2026 09:19:09 AM [] []
[2026-07-16 09:19:11] SlimMonoLogger.INFO: Cron ran at: 16-07-2026 09:19:11 AM [] []
[2026-07-16 09:19:19] SlimMonoLogger.INFO: Cron ran at: 16-07-2026 09:19:19 AM [] []
[2026-07-16 09:19:39] SlimMonoLogger.INFO: Cron ran at: 16-07-2026 09:19:39 AM [] []
[2026-07-16 09:19:59] SlimMonoLogger.INFO: Cron ran at: 16-07-2026 09:19:59 AM [] []
[2026-07-16 09:20:09] SlimMonoLogger.INFO: Cron ran at: 16-07-2026 09:20:09 AM [] []
[2026-07-16 09:20:10] SlimMonoLogger.INFO: Cron ran at: 16-07-2026 09:20:10 AM [] []
[2026-07-16 09:21:01] SlimMonoLogger.INFO: Cron ran at: 16-07-2026 09:21:01 AM [] []
[2026-07-16 09:21:07] SlimMonoLogger.INFO: Cron ran at: 16-07-2026 09:21:07 AM [] []
[2026-07-16 09:21:09] SlimMonoLogger.INFO: Cron ran at: 16-07-2026 09:21:09 AM [] []
[2026-07-16 09:21:52] SlimMonoLogger.INFO: Cron ran at: 16-07-2026 09:21:52 AM [] []
[2026-07-16 09:22:06] SlimMonoLogger.INFO: Cron ran at: 16-07-2026 09:22:06 AM [] []
[2026-07-16 09:22:08] SlimMonoLogger.INFO: Cron ran at: 16-07-2026 09:22:08 AM [] []
[2026-07-16 09:22:18] SlimMonoLogger.INFO: Cron ran at: 16-07-2026 09:22:18 AM [] []
[2026-07-16 09:22:47] SlimMonoLogger.INFO: Cron ran at: 16-07-2026 09:22:47 AM [] []
[2026-07-16 09:23:05] SlimMonoLogger.INFO: Cron ran at: 16-07-2026 09:23:05 AM [] []
[2026-07-16 09:23:05] SlimMonoLogger.INFO: Cron ran at: 16-07-2026 09:23:05 AM [] []
[2026-07-16 09:23:15] SlimMonoLogger.INFO: Cron ran at: 16-07-2026 09:23:15 AM [] []
[2026-07-16 09:23:37] SlimMonoLogger.INFO: Cron ran at: 16-07-2026 09:23:37 AM [] []
[2026-07-16 09:24:01] SlimMonoLogger.INFO: Cron ran at: 16-07-2026 09:24:01 AM [] []
[2026-07-16 09:24:04] SlimMonoLogger.INFO: Cron ran at: 16-07-2026 09:24:04 AM [] []
[2026-07-16 09:24:16] SlimMonoLogger.INFO: Cron ran at: 16-07-2026 09:24:16 AM [] []
[2026-07-16 09:24:29] SlimMonoLogger.INFO: Cron ran at: 16-07-2026 09:24:29 AM [] []
[2026-07-16 09:25:04] SlimMonoLogger.INFO: Cron ran at: 16-07-2026 09:25:04 AM [] []
[2026-07-16 09:25:04] SlimMonoLogger.INFO: Cron ran at: 16-07-2026 09:25:04 AM [] []
[2026-07-16 09:25:18] SlimMonoLogger.INFO: Cron ran at: 16-07-2026 09:25:18 AM [] []
[2026-07-16 09:25:21] SlimMonoLogger.INFO: Cron ran at: 16-07-2026 09:25:21 AM [] []
[2026-07-16 09:26:05] SlimMonoLogger.INFO: Cron ran at: 16-07-2026 09:26:05 AM [] []
[2026-07-16 09:26:16] SlimMonoLogger.INFO: Cron ran at: 16-07-2026 09:26:16 AM [] []
[2026-07-16 09:26:17] SlimMonoLogger.INFO: Cron ran at: 16-07-2026 09:26:17 AM [] []
[2026-07-16 09:26:23] SlimMonoLogger.INFO: Cron ran at: 16-07-2026 09:26:23 AM [] []
[2026-07-16 09:27:06] SlimMonoLogger.INFO: Cron ran at: 16-07-2026 09:27:06 AM [] []
[2026-07-16 09:27:13] SlimMonoLogger.INFO: Cron ran at: 16-07-2026 09:27:13 AM [] []
[2026-07-16 09:27:15] SlimMonoLogger.INFO: Cron ran at: 16-07-2026 09:27:15 AM [] []
[2026-07-16 09:27:15] SlimMonoLogger.INFO: Cron ran at: 16-07-2026 09:27:15 AM [] []
[2026-07-16 09:28:06] SlimMonoLogger.INFO: Cron ran at: 16-07-2026 09:28:06 AM [] []
[2026-07-16 09:28:10] SlimMonoLogger.INFO: Cron ran at: 16-07-2026 09:28:10 AM [] []
[2026-07-16 09:28:13] SlimMonoLogger.INFO: Cron ran at: 16-07-2026 09:28:13 AM [] []
[2026-07-16 09:28:13] SlimMonoLogger.INFO: Cron ran at: 16-07-2026 09:28:13 AM [] []
[2026-07-16 09:29:01] SlimMonoLogger.INFO: Cron ran at: 16-07-2026 09:29:01 AM [] []
[2026-07-16 09:29:03] SlimMonoLogger.INFO: Cron ran at: 16-07-2026 09:29:03 AM [] []
[2026-07-16 09:29:17] SlimMonoLogger.INFO: Cron ran at: 16-07-2026 09:29:17 AM [] []
[2026-07-16 09:29:17] SlimMonoLogger.INFO: Cron ran at: 16-07-2026 09:29:17 AM [] []
[2026-07-16 09:29:52] SlimMonoLogger.INFO: Cron ran at: 16-07-2026 09:29:52 AM [] []
[2026-07-16 09:30:02] SlimMonoLogger.INFO: Cron ran at: 16-07-2026 09:30:02 AM [] []
[2026-07-16 09:30:08] SlimMonoLogger.INFO: Cron ran at: 16-07-2026 09:30:08 AM [] []
[2026-07-16 09:30:14] SlimMonoLogger.INFO: Cron ran at: 16-07-2026 09:30:14 AM [] []
[2026-07-16 09:30:55] SlimMonoLogger.INFO: Cron ran at: 16-07-2026 09:30:55 AM [] []
[2026-07-16 09:31:03] SlimMonoLogger.INFO: Cron ran at: 16-07-2026 09:31:03 AM [] []
[2026-07-16 09:31:09] SlimMonoLogger.INFO: Cron ran at: 16-07-2026 09:31:09 AM [] []
[2026-07-16 09:31:50] SlimMonoLogger.INFO: Cron ran at: 16-07-2026 09:31:50 AM [] []
[2026-07-16 09:31:54] SlimMonoLogger.INFO: Cron ran at: 16-07-2026 09:31:54 AM [] []
[2026-07-16 09:32:04] SlimMonoLogger.INFO: Cron ran at: 16-07-2026 09:32:04 AM [] []
[2026-07-16 09:32:16] SlimMonoLogger.INFO: Cron ran at: 16-07-2026 09:32:16 AM [] []
[2026-07-16 09:32:42] SlimMonoLogger.INFO: Cron ran at: 16-07-2026 09:32:42 AM [] []
[2026-07-16 09:32:44] SlimMonoLogger.INFO: Cron ran at: 16-07-2026 09:32:44 AM [] []
[2026-07-16 09:33:05] SlimMonoLogger.INFO: Cron ran at: 16-07-2026 09:33:05 AM [] []
[2026-07-16 09:33:06] SlimMonoLogger.INFO: Cron ran at: 16-07-2026 09:33:06 AM [] []
[2026-07-16 09:33:42] SlimMonoLogger.INFO: Cron ran at: 16-07-2026 09:33:42 AM [] []
[2026-07-16 09:33:42] SlimMonoLogger.INFO: Cron ran at: 16-07-2026 09:33:42 AM [] []
[2026-07-16 09:34:07] SlimMonoLogger.INFO: Cron ran at: 16-07-2026 09:34:07 AM [] []
[2026-07-16 09:34:08] SlimMonoLogger.INFO: Cron ran at: 16-07-2026 09:34:08 AM [] []
[2026-07-16 09:34:27] SlimMonoLogger.INFO: Cron ran at: 16-07-2026 09:34:27 AM [] []
[2026-07-16 09:34:37] SlimMonoLogger.INFO: Cron ran at: 16-07-2026 09:34:37 AM [] []
[2026-07-16 09:35:07] SlimMonoLogger.INFO: Cron ran at: 16-07-2026 09:35:07 AM [] []
[2026-07-16 09:35:11] SlimMonoLogger.INFO: Cron ran at: 16-07-2026 09:35:11 AM [] []
[2026-07-16 09:35:24] SlimMonoLogger.INFO: Cron ran at: 16-07-2026 09:35:24 AM [] []
[2026-07-16 09:35:37] SlimMonoLogger.INFO: Cron ran at: 16-07-2026 09:35:37 AM [] []
[2026-07-16 09:36:11] SlimMonoLogger.INFO: Cron ran at: 16-07-2026 09:36:11 AM [] []
[2026-07-16 09:36:18] SlimMonoLogger.INFO: Cron ran at: 16-07-2026 09:36:18 AM [] []
[2026-07-16 09:36:47] SlimMonoLogger.INFO: Cron ran at: 16-07-2026 09:36:47 AM [] []
[2026-07-16 09:37:01] SlimMonoLogger.INFO: Cron ran at: 16-07-2026 09:37:01 AM [] []
[2026-07-16 09:37:08] SlimMonoLogger.INFO: Cron ran at: 16-07-2026 09:37:08 AM [] []
[2026-07-16 09:37:10] SlimMonoLogger.INFO: Cron ran at: 16-07-2026 09:37:10 AM [] []
[2026-07-16 09:38:59] SlimMonoLogger.INFO: Cron ran at: 16-07-2026 09:38:59 AM [] []
[2026-07-16 09:38:59] SlimMonoLogger.INFO: Cron ran at: 16-07-2026 09:38:59 AM [] []
[2026-07-16 09:41:42] SlimMonoLogger.INFO: Cron ran at: 16-07-2026 09:41:42 AM [] []
[2026-07-16 09:42:33] SlimMonoLogger.INFO: Cron ran at: 16-07-2026 09:42:33 AM [] []
[2026-07-16 09:43:17] SlimMonoLogger.INFO: Cron ran at: 16-07-2026 09:43:17 AM [] []
[2026-07-16 09:44:12] SlimMonoLogger.INFO: Cron ran at: 16-07-2026 09:44:12 AM [] []
[2026-07-16 09:45:01] SlimMonoLogger.INFO: Cron ran at: 16-07-2026 09:45:01 AM [] []
[2026-07-16 09:45:59] SlimMonoLogger.INFO: Cron ran at: 16-07-2026 09:45:59 AM [] []
[2026-07-16 09:46:50] SlimMonoLogger.INFO: Cron ran at: 16-07-2026 09:46:50 AM [] []
[2026-07-16 09:46:51] SlimMonoLogger.INFO: Cron ran at: 16-07-2026 09:46:51 AM [] []
[2026-07-16 09:47:46] SlimMonoLogger.INFO: Cron ran at: 16-07-2026 09:47:46 AM [] []
[2026-07-16 09:47:50] SlimMonoLogger.INFO: Cron ran at: 16-07-2026 09:47:50 AM [] []
[2026-07-16 09:48:36] SlimMonoLogger.INFO: Cron ran at: 16-07-2026 09:48:36 AM [] []
[2026-07-16 09:48:48] SlimMonoLogger.INFO: Cron ran at: 16-07-2026 09:48:48 AM [] []
[2026-07-16 09:49:27] SlimMonoLogger.INFO: Cron ran at: 16-07-2026 09:49:27 AM [] []
[2026-07-16 09:49:41] SlimMonoLogger.INFO: Cron ran at: 16-07-2026 09:49:41 AM [] []
[2026-07-16 09:50:22] SlimMonoLogger.INFO: Cron ran at: 16-07-2026 09:50:22 AM [] []
[2026-07-16 09:50:43] SlimMonoLogger.INFO: Cron ran at: 16-07-2026 09:50:43 AM [] []
[2026-07-16 09:51:21] SlimMonoLogger.INFO: Cron ran at: 16-07-2026 09:51:21 AM [] []
[2026-07-16 09:51:29] SlimMonoLogger.INFO: Cron ran at: 16-07-2026 09:51:29 AM [] []
[2026-07-16 09:51:43] SlimMonoLogger.INFO: Cron ran at: 16-07-2026 09:51:43 AM [] []
[2026-07-16 09:52:13] SlimMonoLogger.INFO: Cron ran at: 16-07-2026 09:52:13 AM [] []
[2026-07-16 09:52:20] SlimMonoLogger.INFO: Cron ran at: 16-07-2026 09:52:20 AM [] []
[2026-07-16 09:52:53] SlimMonoLogger.INFO: Cron ran at: 16-07-2026 09:52:53 AM [] []
[2026-07-16 09:53:07] SlimMonoLogger.INFO: Cron ran at: 16-07-2026 09:53:07 AM [] []
[2026-07-16 09:53:09] SlimMonoLogger.INFO: Cron ran at: 16-07-2026 09:53:09 AM [] []
[2026-07-16 09:53:44] SlimMonoLogger.INFO: Cron ran at: 16-07-2026 09:53:44 AM [] []
[2026-07-16 09:54:06] SlimMonoLogger.INFO: Cron ran at: 16-07-2026 09:54:06 AM [] []
[2026-07-16 09:54:09] SlimMonoLogger.INFO: Cron ran at: 16-07-2026 09:54:09 AM [] []
[2026-07-16 09:54:52] SlimMonoLogger.INFO: Cron ran at: 16-07-2026 09:54:52 AM [] []
[2026-07-16 09:55:04] SlimMonoLogger.INFO: Cron ran at: 16-07-2026 09:55:04 AM [] []
[2026-07-16 09:55:04] SlimMonoLogger.INFO: Cron ran at: 16-07-2026 09:55:04 AM [] []
[2026-07-16 09:55:48] SlimMonoLogger.INFO: Cron ran at: 16-07-2026 09:55:48 AM [] []
[2026-07-16 09:55:51] SlimMonoLogger.INFO: Cron ran at: 16-07-2026 09:55:51 AM [] []
[2026-07-16 09:56:04] SlimMonoLogger.INFO: Cron ran at: 16-07-2026 09:56:04 AM [] []
[2026-07-16 09:57:24] SlimMonoLogger.INFO: Cron ran at: 16-07-2026 09:57:24 AM [] []
[2026-07-16 10:02:08] SlimMonoLogger.INFO: Cron ran at: 16-07-2026 10:02:08 AM [] []
[2026-07-16 10:02:53] SlimMonoLogger.INFO: Cron ran at: 16-07-2026 10:02:53 AM [] []
[2026-07-16 10:03:37] SlimMonoLogger.INFO: Cron ran at: 16-07-2026 10:03:37 AM [] []
[2026-07-16 10:04:34] SlimMonoLogger.INFO: Cron ran at: 16-07-2026 10:04:34 AM [] []
[2026-07-16 10:05:24] SlimMonoLogger.INFO: Cron ran at: 16-07-2026 10:05:24 AM [] []
[2026-07-16 10:06:20] SlimMonoLogger.INFO: Cron ran at: 16-07-2026 10:06:20 AM [] []
[2026-07-16 10:06:32] SlimMonoLogger.INFO: Cron ran at: 16-07-2026 10:06:32 AM [] []
[2026-07-16 10:07:23] SlimMonoLogger.INFO: Cron ran at: 16-07-2026 10:07:23 AM [] []
[2026-07-16 10:07:24] SlimMonoLogger.INFO: Cron ran at: 16-07-2026 10:07:24 AM [] []
[2026-07-16 10:08:07] SlimMonoLogger.INFO: Cron ran at: 16-07-2026 10:08:07 AM [] []
[2026-07-16 10:08:07] SlimMonoLogger.INFO: Cron ran at: 16-07-2026 10:08:07 AM [] []
[2026-07-16 10:09:03] SlimMonoLogger.INFO: Cron ran at: 16-07-2026 10:09:03 AM [] []
[2026-07-16 10:09:03] SlimMonoLogger.INFO: Cron ran at: 16-07-2026 10:09:03 AM [] []
[2026-07-16 10:09:54] SlimMonoLogger.INFO: Cron ran at: 16-07-2026 10:09:54 AM [] []
[2026-07-16 10:10:02] SlimMonoLogger.INFO: Cron ran at: 16-07-2026 10:10:02 AM [] []
[2026-07-16 10:10:58] SlimMonoLogger.INFO: Cron ran at: 16-07-2026 10:10:58 AM [] []
[2026-07-16 10:11:04] SlimMonoLogger.INFO: Cron ran at: 16-07-2026 10:11:04 AM [] []
[2026-07-16 10:11:27] SlimMonoLogger.INFO: Cron ran at: 16-07-2026 10:11:27 AM [] []
[2026-07-16 10:11:47] SlimMonoLogger.INFO: Cron ran at: 16-07-2026 10:11:47 AM [] []
[2026-07-16 10:12:06] SlimMonoLogger.INFO: Cron ran at: 16-07-2026 10:12:06 AM [] []
[2026-07-16 10:12:13] SlimMonoLogger.INFO: Cron ran at: 16-07-2026 10:12:13 AM [] []
[2026-07-16 10:12:44] SlimMonoLogger.INFO: Cron ran at: 16-07-2026 10:12:44 AM [] []
[2026-07-16 10:13:03] SlimMonoLogger.INFO: Cron ran at: 16-07-2026 10:13:03 AM [] []
[2026-07-16 10:13:03] SlimMonoLogger.INFO: Cron ran at: 16-07-2026 10:13:03 AM [] []
[2026-07-16 10:13:42] SlimMonoLogger.INFO: Cron ran at: 16-07-2026 10:13:42 AM [] []
[2026-07-16 10:14:01] SlimMonoLogger.INFO: Cron ran at: 16-07-2026 10:14:01 AM [] []
[2026-07-16 10:14:01] SlimMonoLogger.INFO: Cron ran at: 16-07-2026 10:14:01 AM [] []
[2026-07-16 10:14:42] SlimMonoLogger.INFO: Cron ran at: 16-07-2026 10:14:42 AM [] []
[2026-07-16 10:14:52] SlimMonoLogger.INFO: Cron ran at: 16-07-2026 10:14:52 AM [] []
[2026-07-16 10:15:06] SlimMonoLogger.INFO: Cron ran at: 16-07-2026 10:15:06 AM [] []
[2026-07-16 10:15:45] SlimMonoLogger.INFO: Cron ran at: 16-07-2026 10:15:45 AM [] []
[2026-07-16 10:15:47] SlimMonoLogger.INFO: Cron ran at: 16-07-2026 10:15:47 AM [] []
[2026-07-16 10:16:06] SlimMonoLogger.INFO: Cron ran at: 16-07-2026 10:16:06 AM [] []
[2026-07-16 10:16:46] SlimMonoLogger.INFO: Cron ran at: 16-07-2026 10:16:46 AM [] []
[2026-07-16 10:16:48] SlimMonoLogger.INFO: Cron ran at: 16-07-2026 10:16:48 AM [] []
[2026-07-16 10:17:04] SlimMonoLogger.INFO: Cron ran at: 16-07-2026 10:17:04 AM [] []
[2026-07-16 10:17:05] SlimMonoLogger.INFO: Cron ran at: 16-07-2026 10:17:05 AM [] []
[2026-07-16 10:17:41] SlimMonoLogger.INFO: Cron ran at: 16-07-2026 10:17:41 AM [] []
[2026-07-16 10:17:44] SlimMonoLogger.INFO: Cron ran at: 16-07-2026 10:17:44 AM [] []
[2026-07-16 10:17:56] SlimMonoLogger.INFO: Cron ran at: 16-07-2026 10:17:56 AM [] []
[2026-07-16 10:18:06] SlimMonoLogger.INFO: Cron ran at: 16-07-2026 10:18:06 AM [] []
[2026-07-16 10:18:36] SlimMonoLogger.INFO: Cron ran at: 16-07-2026 10:18:36 AM [] []
[2026-07-16 10:18:48] SlimMonoLogger.INFO: Cron ran at: 16-07-2026 10:18:48 AM [] []
[2026-07-16 10:18:49] SlimMonoLogger.INFO: Cron ran at: 16-07-2026 10:18:49 AM [] []
[2026-07-16 10:19:08] SlimMonoLogger.INFO: Cron ran at: 16-07-2026 10:19:08 AM [] []
[2026-07-16 10:19:35] SlimMonoLogger.INFO: Cron ran at: 16-07-2026 10:19:35 AM [] []
[2026-07-16 10:19:35] SlimMonoLogger.INFO: Cron ran at: 16-07-2026 10:19:35 AM [] []
[2026-07-16 10:19:45] SlimMonoLogger.INFO: Cron ran at: 16-07-2026 10:19:45 AM [] []
[2026-07-16 10:20:07] SlimMonoLogger.INFO: Cron ran at: 16-07-2026 10:20:07 AM [] []
[2026-07-16 10:20:32] SlimMonoLogger.INFO: Cron ran at: 16-07-2026 10:20:32 AM [] []
[2026-07-16 10:20:35] SlimMonoLogger.INFO: Cron ran at: 16-07-2026 10:20:35 AM [] []
[2026-07-16 10:20:42] SlimMonoLogger.INFO: Cron ran at: 16-07-2026 10:20:42 AM [] []
[2026-07-16 10:21:25] SlimMonoLogger.INFO: Cron ran at: 16-07-2026 10:21:25 AM [] []
[2026-07-16 10:21:37] SlimMonoLogger.INFO: Cron ran at: 16-07-2026 10:21:37 AM [] []
[2026-07-16 10:21:39] SlimMonoLogger.INFO: Cron ran at: 16-07-2026 10:21:39 AM [] []
[2026-07-16 10:22:02] SlimMonoLogger.INFO: Cron ran at: 16-07-2026 10:22:02 AM [] []
[2026-07-16 10:22:23] SlimMonoLogger.INFO: Cron ran at: 16-07-2026 10:22:23 AM [] []
[2026-07-16 10:22:37] SlimMonoLogger.INFO: Cron ran at: 16-07-2026 10:22:37 AM [] []
[2026-07-16 10:22:47] SlimMonoLogger.INFO: Cron ran at: 16-07-2026 10:22:47 AM [] []
[2026-07-16 10:22:51] SlimMonoLogger.INFO: Cron ran at: 16-07-2026 10:22:51 AM [] []
[2026-07-16 10:23:18] SlimMonoLogger.INFO: Cron ran at: 16-07-2026 10:23:18 AM [] []
[2026-07-16 10:23:37] SlimMonoLogger.INFO: Cron ran at: 16-07-2026 10:23:37 AM [] []
[2026-07-16 10:23:40] SlimMonoLogger.INFO: Cron ran at: 16-07-2026 10:23:40 AM [] []
[2026-07-16 10:23:44] SlimMonoLogger.INFO: Cron ran at: 16-07-2026 10:23:44 AM [] []
[2026-07-16 10:24:22] SlimMonoLogger.INFO: Cron ran at: 16-07-2026 10:24:22 AM [] []
[2026-07-16 10:24:40] SlimMonoLogger.INFO: Cron ran at: 16-07-2026 10:24:40 AM [] []
[2026-07-16 10:24:41] SlimMonoLogger.INFO: Cron ran at: 16-07-2026 10:24:41 AM [] []
[2026-07-16 10:24:48] SlimMonoLogger.INFO: Cron ran at: 16-07-2026 10:24:48 AM [] []
[2026-07-16 10:25:17] SlimMonoLogger.INFO: Cron ran at: 16-07-2026 10:25:17 AM [] []
[2026-07-16 10:25:34] SlimMonoLogger.INFO: Cron ran at: 16-07-2026 10:25:34 AM [] []
[2026-07-16 10:25:35] SlimMonoLogger.INFO: Cron ran at: 16-07-2026 10:25:35 AM [] []
[2026-07-16 10:26:17] SlimMonoLogger.INFO: Cron ran at: 16-07-2026 10:26:17 AM [] []
[2026-07-16 10:26:29] SlimMonoLogger.INFO: Cron ran at: 16-07-2026 10:26:29 AM [] []
[2026-07-16 10:26:38] SlimMonoLogger.INFO: Cron ran at: 16-07-2026 10:26:38 AM [] []
[2026-07-16 10:26:51] SlimMonoLogger.INFO: Cron ran at: 16-07-2026 10:26:51 AM [] []
[2026-07-16 10:27:14] SlimMonoLogger.INFO: Cron ran at: 16-07-2026 10:27:14 AM [] []
[2026-07-16 10:27:24] SlimMonoLogger.INFO: Cron ran at: 16-07-2026 10:27:24 AM [] []
[2026-07-16 10:27:41] SlimMonoLogger.INFO: Cron ran at: 16-07-2026 10:27:41 AM [] []
[2026-07-16 10:27:42] SlimMonoLogger.INFO: Cron ran at: 16-07-2026 10:27:42 AM [] []
[2026-07-16 10:28:18] SlimMonoLogger.INFO: Cron ran at: 16-07-2026 10:28:18 AM [] []
[2026-07-16 10:28:28] SlimMonoLogger.INFO: Cron ran at: 16-07-2026 10:28:28 AM [] []
[2026-07-16 10:28:38] SlimMonoLogger.INFO: Cron ran at: 16-07-2026 10:28:38 AM [] []
[2026-07-16 10:28:38] SlimMonoLogger.INFO: Cron ran at: 16-07-2026 10:28:38 AM [] []
[2026-07-16 10:29:19] SlimMonoLogger.INFO: Cron ran at: 16-07-2026 10:29:19 AM [] []
[2026-07-16 10:29:19] SlimMonoLogger.INFO: Cron ran at: 16-07-2026 10:29:19 AM [] []
[2026-07-16 10:29:33] SlimMonoLogger.INFO: Cron ran at: 16-07-2026 10:29:33 AM [] []
[2026-07-16 10:29:34] SlimMonoLogger.INFO: Cron ran at: 16-07-2026 10:29:34 AM [] []
[2026-07-16 10:30:16] SlimMonoLogger.INFO: Cron ran at: 16-07-2026 10:30:16 AM [] []
[2026-07-16 10:30:20] SlimMonoLogger.INFO: Cron ran at: 16-07-2026 10:30:20 AM [] []
[2026-07-16 10:30:21] SlimMonoLogger.INFO: Cron ran at: 16-07-2026 10:30:21 AM [] []
[2026-07-16 10:31:17] SlimMonoLogger.INFO: Cron ran at: 16-07-2026 10:31:17 AM [] []
[2026-07-16 10:31:17] SlimMonoLogger.INFO: Cron ran at: 16-07-2026 10:31:17 AM [] []
[2026-07-16 10:31:18] SlimMonoLogger.INFO: Cron ran at: 16-07-2026 10:31:18 AM [] []
[2026-07-16 10:31:36] SlimMonoLogger.INFO: Cron ran at: 16-07-2026 10:31:36 AM [] []
[2026-07-16 10:32:17] SlimMonoLogger.INFO: Cron ran at: 16-07-2026 10:32:17 AM [] []
[2026-07-16 10:32:17] SlimMonoLogger.INFO: Cron ran at: 16-07-2026 10:32:17 AM [] []
[2026-07-16 10:32:17] SlimMonoLogger.INFO: Cron ran at: 16-07-2026 10:32:17 AM [] []
[2026-07-16 10:32:33] SlimMonoLogger.INFO: Cron ran at: 16-07-2026 10:32:33 AM [] []
[2026-07-16 10:33:17] SlimMonoLogger.INFO: Cron ran at: 16-07-2026 10:33:17 AM [] []
[2026-07-16 10:33:17] SlimMonoLogger.INFO: Cron ran at: 16-07-2026 10:33:17 AM [] []
[2026-07-16 10:33:17] SlimMonoLogger.INFO: Cron ran at: 16-07-2026 10:33:17 AM [] []
[2026-07-16 10:33:18] SlimMonoLogger.INFO: Cron ran at: 16-07-2026 10:33:18 AM [] []
[2026-07-16 10:34:12] SlimMonoLogger.INFO: Cron ran at: 16-07-2026 10:34:12 AM [] []
[2026-07-16 10:34:13] SlimMonoLogger.INFO: Cron ran at: 16-07-2026 10:34:13 AM [] []
[2026-07-16 10:34:16] SlimMonoLogger.INFO: Cron ran at: 16-07-2026 10:34:16 AM [] []
[2026-07-16 10:34:20] SlimMonoLogger.INFO: Cron ran at: 16-07-2026 10:34:20 AM [] []
[2026-07-16 10:35:12] SlimMonoLogger.INFO: Cron ran at: 16-07-2026 10:35:12 AM [] []
[2026-07-16 10:35:13] SlimMonoLogger.INFO: Cron ran at: 16-07-2026 10:35:13 AM [] []
[2026-07-16 10:35:19] SlimMonoLogger.INFO: Cron ran at: 16-07-2026 10:35:19 AM [] []
[2026-07-16 10:35:24] SlimMonoLogger.INFO: Cron ran at: 16-07-2026 10:35:24 AM [] []
[2026-07-16 10:36:12] SlimMonoLogger.INFO: Cron ran at: 16-07-2026 10:36:12 AM [] []
[2026-07-16 10:36:15] SlimMonoLogger.INFO: Cron ran at: 16-07-2026 10:36:15 AM [] []
[2026-07-16 10:36:26] SlimMonoLogger.INFO: Cron ran at: 16-07-2026 10:36:26 AM [] []
[2026-07-16 10:36:57] SlimMonoLogger.INFO: Cron ran at: 16-07-2026 10:36:57 AM [] []
[2026-07-16 10:36:57] SlimMonoLogger.INFO: Cron ran at: 16-07-2026 10:36:57 AM [] []
[2026-07-16 10:37:09] SlimMonoLogger.INFO: Cron ran at: 16-07-2026 10:37:09 AM [] []
[2026-07-16 10:37:17] SlimMonoLogger.INFO: Cron ran at: 16-07-2026 10:37:17 AM [] []
[2026-07-16 10:37:46] SlimMonoLogger.INFO: Cron ran at: 16-07-2026 10:37:46 AM [] []
[2026-07-16 10:37:53] SlimMonoLogger.INFO: Cron ran at: 16-07-2026 10:37:53 AM [] []
[2026-07-16 10:38:05] SlimMonoLogger.INFO: Cron ran at: 16-07-2026 10:38:05 AM [] []
[2026-07-16 10:38:16] SlimMonoLogger.INFO: Cron ran at: 16-07-2026 10:38:16 AM [] []
[2026-07-16 10:38:41] SlimMonoLogger.INFO: Cron ran at: 16-07-2026 10:38:41 AM [] []
[2026-07-16 10:38:47] SlimMonoLogger.INFO: Cron ran at: 16-07-2026 10:38:47 AM [] []
[2026-07-16 10:39:07] SlimMonoLogger.INFO: Cron ran at: 16-07-2026 10:39:07 AM [] []
[2026-07-16 10:39:15] SlimMonoLogger.INFO: Cron ran at: 16-07-2026 10:39:15 AM [] []
[2026-07-16 10:39:29] SlimMonoLogger.INFO: Cron ran at: 16-07-2026 10:39:29 AM [] []
[2026-07-16 10:39:48] SlimMonoLogger.INFO: Cron ran at: 16-07-2026 10:39:48 AM [] []
[2026-07-16 10:40:07] SlimMonoLogger.INFO: Cron ran at: 16-07-2026 10:40:07 AM [] []
[2026-07-16 10:40:16] SlimMonoLogger.INFO: Cron ran at: 16-07-2026 10:40:16 AM [] []
[2026-07-16 10:40:25] SlimMonoLogger.INFO: Cron ran at: 16-07-2026 10:40:25 AM [] []
[2026-07-16 10:40:53] SlimMonoLogger.INFO: Cron ran at: 16-07-2026 10:40:53 AM [] []
[2026-07-16 10:41:06] SlimMonoLogger.INFO: Cron ran at: 16-07-2026 10:41:06 AM [] []
[2026-07-16 10:41:19] SlimMonoLogger.INFO: Cron ran at: 16-07-2026 10:41:19 AM [] []
[2026-07-16 10:41:57] SlimMonoLogger.INFO: Cron ran at: 16-07-2026 10:41:57 AM [] []
[2026-07-16 10:41:59] SlimMonoLogger.INFO: Cron ran at: 16-07-2026 10:41:59 AM [] []
[2026-07-16 10:42:04] SlimMonoLogger.INFO: Cron ran at: 16-07-2026 10:42:04 AM [] []
[2026-07-16 10:42:12] SlimMonoLogger.INFO: Cron ran at: 16-07-2026 10:42:12 AM [] []
[2026-07-16 10:42:51] SlimMonoLogger.INFO: Cron ran at: 16-07-2026 10:42:51 AM [] []
[2026-07-16 10:42:52] SlimMonoLogger.INFO: Cron ran at: 16-07-2026 10:42:52 AM [] []
[2026-07-16 10:43:09] SlimMonoLogger.INFO: Cron ran at: 16-07-2026 10:43:09 AM [] []
[2026-07-16 10:43:19] SlimMonoLogger.INFO: Cron ran at: 16-07-2026 10:43:19 AM [] []
[2026-07-16 10:43:43] SlimMonoLogger.INFO: Cron ran at: 16-07-2026 10:43:43 AM [] []
[2026-07-16 10:43:53] SlimMonoLogger.INFO: Cron ran at: 16-07-2026 10:43:53 AM [] []
[2026-07-16 10:44:10] SlimMonoLogger.INFO: Cron ran at: 16-07-2026 10:44:10 AM [] []
[2026-07-16 10:44:10] SlimMonoLogger.INFO: Cron ran at: 16-07-2026 10:44:10 AM [] []
[2026-07-16 10:44:36] SlimMonoLogger.INFO: Cron ran at: 16-07-2026 10:44:36 AM [] []
[2026-07-16 10:44:50] SlimMonoLogger.INFO: Cron ran at: 16-07-2026 10:44:50 AM [] []
[2026-07-16 10:45:10] SlimMonoLogger.INFO: Cron ran at: 16-07-2026 10:45:10 AM [] []
[2026-07-16 10:45:10] SlimMonoLogger.INFO: Cron ran at: 16-07-2026 10:45:10 AM [] []
[2026-07-16 10:45:29] SlimMonoLogger.INFO: Cron ran at: 16-07-2026 10:45:29 AM [] []
[2026-07-16 10:45:55] SlimMonoLogger.INFO: Cron ran at: 16-07-2026 10:45:55 AM [] []
[2026-07-16 10:46:17] SlimMonoLogger.INFO: Cron ran at: 16-07-2026 10:46:17 AM [] []
[2026-07-16 10:46:23] SlimMonoLogger.INFO: Cron ran at: 16-07-2026 10:46:23 AM [] []
[2026-07-16 10:46:37] SlimMonoLogger.INFO: Cron ran at: 16-07-2026 10:46:37 AM [] []
[2026-07-16 10:46:53] SlimMonoLogger.INFO: Cron ran at: 16-07-2026 10:46:53 AM [] []
[2026-07-16 10:47:09] SlimMonoLogger.INFO: Cron ran at: 16-07-2026 10:47:09 AM [] []
[2026-07-16 10:47:21] SlimMonoLogger.INFO: Cron ran at: 16-07-2026 10:47:21 AM [] []
[2026-07-16 10:47:28] SlimMonoLogger.INFO: Cron ran at: 16-07-2026 10:47:28 AM [] []
[2026-07-16 10:47:53] SlimMonoLogger.INFO: Cron ran at: 16-07-2026 10:47:53 AM [] []
[2026-07-16 10:48:09] SlimMonoLogger.INFO: Cron ran at: 16-07-2026 10:48:09 AM [] []
[2026-07-16 10:48:16] SlimMonoLogger.INFO: Cron ran at: 16-07-2026 10:48:16 AM [] []
[2026-07-16 10:48:19] SlimMonoLogger.INFO: Cron ran at: 16-07-2026 10:48:19 AM [] []
[2026-07-16 10:48:56] SlimMonoLogger.INFO: Cron ran at: 16-07-2026 10:48:56 AM [] []
[2026-07-16 10:49:09] SlimMonoLogger.INFO: Cron ran at: 16-07-2026 10:49:09 AM [] []
[2026-07-16 10:49:10] SlimMonoLogger.INFO: Cron ran at: 16-07-2026 10:49:10 AM [] []
[2026-07-16 10:49:10] SlimMonoLogger.INFO: Cron ran at: 16-07-2026 10:49:10 AM [] []
[2026-07-16 10:49:54] SlimMonoLogger.INFO: Cron ran at: 16-07-2026 10:49:54 AM [] []
[2026-07-16 10:50:07] SlimMonoLogger.INFO: Cron ran at: 16-07-2026 10:50:07 AM [] []
[2026-07-16 10:50:08] SlimMonoLogger.INFO: Cron ran at: 16-07-2026 10:50:08 AM [] []
[2026-07-16 10:50:12] SlimMonoLogger.INFO: Cron ran at: 16-07-2026 10:50:12 AM [] []
[2026-07-16 10:51:06] SlimMonoLogger.INFO: Cron ran at: 16-07-2026 10:51:06 AM [] []
[2026-07-16 10:51:12] SlimMonoLogger.INFO: Cron ran at: 16-07-2026 10:51:12 AM [] []
[2026-07-16 10:51:12] SlimMonoLogger.INFO: Cron ran at: 16-07-2026 10:51:12 AM [] []
[2026-07-16 10:51:41] SlimMonoLogger.INFO: Cron ran at: 16-07-2026 10:51:41 AM [] []
[2026-07-16 10:52:05] SlimMonoLogger.INFO: Cron ran at: 16-07-2026 10:52:05 AM [] []
[2026-07-16 10:52:12] SlimMonoLogger.INFO: Cron ran at: 16-07-2026 10:52:12 AM [] []
[2026-07-16 10:52:17] SlimMonoLogger.INFO: Cron ran at: 16-07-2026 10:52:17 AM [] []
[2026-07-16 10:52:36] SlimMonoLogger.INFO: Cron ran at: 16-07-2026 10:52:36 AM [] []
[2026-07-16 10:53:03] SlimMonoLogger.INFO: Cron ran at: 16-07-2026 10:53:03 AM [] []
[2026-07-16 10:53:20] SlimMonoLogger.INFO: Cron ran at: 16-07-2026 10:53:20 AM [] []
[2026-07-16 10:53:20] SlimMonoLogger.INFO: Cron ran at: 16-07-2026 10:53:20 AM [] []
[2026-07-16 10:53:20] SlimMonoLogger.INFO: Cron ran at: 16-07-2026 10:53:20 AM [] []
[2026-07-16 10:53:59] SlimMonoLogger.INFO: Cron ran at: 16-07-2026 10:53:59 AM [] []
[2026-07-16 10:54:16] SlimMonoLogger.INFO: Cron ran at: 16-07-2026 10:54:16 AM [] []
[2026-07-16 10:54:17] SlimMonoLogger.INFO: Cron ran at: 16-07-2026 10:54:17 AM [] []
[2026-07-16 10:54:19] SlimMonoLogger.INFO: Cron ran at: 16-07-2026 10:54:19 AM [] []
[2026-07-16 10:54:58] SlimMonoLogger.INFO: Cron ran at: 16-07-2026 10:54:58 AM [] []
[2026-07-16 10:55:10] SlimMonoLogger.INFO: Cron ran at: 16-07-2026 10:55:10 AM [] []
[2026-07-16 10:55:15] SlimMonoLogger.INFO: Cron ran at: 16-07-2026 10:55:15 AM [] []
[2026-07-16 10:55:30] SlimMonoLogger.INFO: Cron ran at: 16-07-2026 10:55:30 AM [] []
[2026-07-16 10:56:04] SlimMonoLogger.INFO: Cron ran at: 16-07-2026 10:56:04 AM [] []
[2026-07-16 10:56:06] SlimMonoLogger.INFO: Cron ran at: 16-07-2026 10:56:06 AM [] []
[2026-07-16 10:56:15] SlimMonoLogger.INFO: Cron ran at: 16-07-2026 10:56:15 AM [] []
[2026-07-16 10:56:26] SlimMonoLogger.INFO: Cron ran at: 16-07-2026 10:56:26 AM [] []
[2026-07-16 10:56:56] SlimMonoLogger.INFO: Cron ran at: 16-07-2026 10:56:56 AM [] []
[2026-07-16 10:56:57] SlimMonoLogger.INFO: Cron ran at: 16-07-2026 10:56:57 AM [] []
[2026-07-16 10:57:18] SlimMonoLogger.INFO: Cron ran at: 16-07-2026 10:57:18 AM [] []
[2026-07-16 10:57:18] SlimMonoLogger.INFO: Cron ran at: 16-07-2026 10:57:18 AM [] []
[2026-07-16 10:57:57] SlimMonoLogger.INFO: Cron ran at: 16-07-2026 10:57:57 AM [] []
[2026-07-16 10:57:58] SlimMonoLogger.INFO: Cron ran at: 16-07-2026 10:57:58 AM [] []
[2026-07-16 10:58:15] SlimMonoLogger.INFO: Cron ran at: 16-07-2026 10:58:15 AM [] []
[2026-07-16 10:58:15] SlimMonoLogger.INFO: Cron ran at: 16-07-2026 10:58:15 AM [] []
[2026-07-16 10:58:55] SlimMonoLogger.INFO: Cron ran at: 16-07-2026 10:58:55 AM [] []
[2026-07-16 10:58:55] SlimMonoLogger.INFO: Cron ran at: 16-07-2026 10:58:55 AM [] []
[2026-07-16 10:59:04] SlimMonoLogger.INFO: Cron ran at: 16-07-2026 10:59:04 AM [] []
[2026-07-16 10:59:20] SlimMonoLogger.INFO: Cron ran at: 16-07-2026 10:59:20 AM [] []
[2026-07-16 10:59:52] SlimMonoLogger.INFO: Cron ran at: 16-07-2026 10:59:52 AM [] []
[2026-07-16 10:59:55] SlimMonoLogger.INFO: Cron ran at: 16-07-2026 10:59:55 AM [] []
[2026-07-16 10:59:56] SlimMonoLogger.INFO: Cron ran at: 16-07-2026 10:59:56 AM [] []
[2026-07-16 11:00:33] SlimMonoLogger.INFO: Cron ran at: 16-07-2026 11:00:33 AM [] []
[2026-07-16 11:00:55] SlimMonoLogger.INFO: Cron ran at: 16-07-2026 11:00:55 AM [] []
[2026-07-16 11:00:56] SlimMonoLogger.INFO: Cron ran at: 16-07-2026 11:00:56 AM [] []
[2026-07-16 11:00:58] SlimMonoLogger.INFO: Cron ran at: 16-07-2026 11:00:58 AM [] []
[2026-07-16 11:01:31] SlimMonoLogger.INFO: Cron ran at: 16-07-2026 11:01:31 AM [] []
[2026-07-16 11:02:01] SlimMonoLogger.INFO: Cron ran at: 16-07-2026 11:02:01 AM [] []
[2026-07-16 11:02:42] SlimMonoLogger.INFO: Cron ran at: 16-07-2026 11:02:42 AM [] []
[2026-07-16 11:02:42] SlimMonoLogger.INFO: Cron ran at: 16-07-2026 11:02:42 AM [] []
[2026-07-16 11:02:42] SlimMonoLogger.INFO: Cron ran at: 16-07-2026 11:02:42 AM [] []
[2026-07-16 11:02:51] SlimMonoLogger.INFO: Cron ran at: 16-07-2026 11:02:51 AM [] []
[2026-07-16 11:02:54] SlimMonoLogger.INFO: Cron ran at: 16-07-2026 11:02:54 AM [] []
[2026-07-16 11:03:02] SlimMonoLogger.INFO: Cron ran at: 16-07-2026 11:03:02 AM [] []
[2026-07-16 11:03:13] SlimMonoLogger.INFO: Cron ran at: 16-07-2026 11:03:13 AM [] []
[2026-07-16 11:03:45] SlimMonoLogger.INFO: Cron ran at: 16-07-2026 11:03:45 AM [] []
[2026-07-16 11:03:54] SlimMonoLogger.INFO: Cron ran at: 16-07-2026 11:03:54 AM [] []
[2026-07-16 11:03:57] SlimMonoLogger.INFO: Cron ran at: 16-07-2026 11:03:57 AM [] []
[2026-07-16 11:04:07] SlimMonoLogger.INFO: Cron ran at: 16-07-2026 11:04:07 AM [] []
[2026-07-16 11:04:47] SlimMonoLogger.INFO: Cron ran at: 16-07-2026 11:04:47 AM [] []
[2026-07-16 11:04:56] SlimMonoLogger.INFO: Cron ran at: 16-07-2026 11:04:56 AM [] []
[2026-07-16 11:04:58] SlimMonoLogger.INFO: Cron ran at: 16-07-2026 11:04:58 AM [] []
[2026-07-16 11:04:58] SlimMonoLogger.INFO: Cron ran at: 16-07-2026 11:04:58 AM [] []
[2026-07-16 11:05:40] SlimMonoLogger.INFO: Cron ran at: 16-07-2026 11:05:40 AM [] []
[2026-07-16 11:05:52] SlimMonoLogger.INFO: Cron ran at: 16-07-2026 11:05:52 AM [] []
[2026-07-16 11:05:54] SlimMonoLogger.INFO: Cron ran at: 16-07-2026 11:05:54 AM [] []
[2026-07-16 11:06:43] SlimMonoLogger.INFO: Cron ran at: 16-07-2026 11:06:43 AM [] []
[2026-07-16 11:06:49] SlimMonoLogger.INFO: Cron ran at: 16-07-2026 11:06:49 AM [] []
[2026-07-16 11:06:49] SlimMonoLogger.INFO: Cron ran at: 16-07-2026 11:06:49 AM [] []
[2026-07-16 11:07:07] SlimMonoLogger.INFO: Cron ran at: 16-07-2026 11:07:07 AM [] []
[2026-07-16 11:07:42] SlimMonoLogger.INFO: Cron ran at: 16-07-2026 11:07:42 AM [] []
[2026-07-16 11:07:48] SlimMonoLogger.INFO: Cron ran at: 16-07-2026 11:07:48 AM [] []
[2026-07-16 11:07:51] SlimMonoLogger.INFO: Cron ran at: 16-07-2026 11:07:51 AM [] []
[2026-07-16 11:07:52] SlimMonoLogger.INFO: Cron ran at: 16-07-2026 11:07:52 AM [] []
[2026-07-16 11:08:41] SlimMonoLogger.INFO: Cron ran at: 16-07-2026 11:08:41 AM [] []
[2026-07-16 11:08:43] SlimMonoLogger.INFO: Cron ran at: 16-07-2026 11:08:43 AM [] []
[2026-07-16 11:08:43] SlimMonoLogger.INFO: Cron ran at: 16-07-2026 11:08:43 AM [] []
[2026-07-16 11:08:50] SlimMonoLogger.INFO: Cron ran at: 16-07-2026 11:08:50 AM [] []
[2026-07-16 11:09:42] SlimMonoLogger.INFO: Cron ran at: 16-07-2026 11:09:42 AM [] []
[2026-07-16 11:09:43] SlimMonoLogger.INFO: Cron ran at: 16-07-2026 11:09:43 AM [] []
[2026-07-16 11:09:45] SlimMonoLogger.INFO: Cron ran at: 16-07-2026 11:09:45 AM [] []
[2026-07-16 11:09:52] SlimMonoLogger.INFO: Cron ran at: 16-07-2026 11:09:52 AM [] []
[2026-07-16 11:10:34] SlimMonoLogger.INFO: Cron ran at: 16-07-2026 11:10:34 AM [] []
[2026-07-16 11:10:40] SlimMonoLogger.INFO: Cron ran at: 16-07-2026 11:10:40 AM [] []
[2026-07-16 11:10:47] SlimMonoLogger.INFO: Cron ran at: 16-07-2026 11:10:47 AM [] []
[2026-07-16 11:11:28] SlimMonoLogger.INFO: Cron ran at: 16-07-2026 11:11:28 AM [] []
[2026-07-16 11:11:44] SlimMonoLogger.INFO: Cron ran at: 16-07-2026 11:11:44 AM [] []
[2026-07-16 11:11:49] SlimMonoLogger.INFO: Cron ran at: 16-07-2026 11:11:49 AM [] []
[2026-07-16 11:11:51] SlimMonoLogger.INFO: Cron ran at: 16-07-2026 11:11:51 AM [] []
[2026-07-16 11:12:23] SlimMonoLogger.INFO: Cron ran at: 16-07-2026 11:12:23 AM [] []
[2026-07-16 11:12:43] SlimMonoLogger.INFO: Cron ran at: 16-07-2026 11:12:43 AM [] []
[2026-07-16 11:12:43] SlimMonoLogger.INFO: Cron ran at: 16-07-2026 11:12:43 AM [] []
[2026-07-16 11:12:46] SlimMonoLogger.INFO: Cron ran at: 16-07-2026 11:12:46 AM [] []
[2026-07-16 11:13:26] SlimMonoLogger.INFO: Cron ran at: 16-07-2026 11:13:26 AM [] []
[2026-07-16 11:13:41] SlimMonoLogger.INFO: Cron ran at: 16-07-2026 11:13:41 AM [] []
[2026-07-16 11:13:42] SlimMonoLogger.INFO: Cron ran at: 16-07-2026 11:13:42 AM [] []
[2026-07-16 11:13:43] SlimMonoLogger.INFO: Cron ran at: 16-07-2026 11:13:43 AM [] []
[2026-07-16 11:14:21] SlimMonoLogger.INFO: Cron ran at: 16-07-2026 11:14:21 AM [] []
[2026-07-16 11:14:28] SlimMonoLogger.INFO: Cron ran at: 16-07-2026 11:14:28 AM [] []
[2026-07-16 11:14:41] SlimMonoLogger.INFO: Cron ran at: 16-07-2026 11:14:41 AM [] []
[2026-07-16 11:14:42] SlimMonoLogger.INFO: Cron ran at: 16-07-2026 11:14:42 AM [] []
[2026-07-16 11:15:22] SlimMonoLogger.INFO: Cron ran at: 16-07-2026 11:15:22 AM [] []
[2026-07-16 11:15:23] SlimMonoLogger.INFO: Cron ran at: 16-07-2026 11:15:23 AM [] []
[2026-07-16 11:15:46] SlimMonoLogger.INFO: Cron ran at: 16-07-2026 11:15:46 AM [] []
[2026-07-16 11:16:15] SlimMonoLogger.INFO: Cron ran at: 16-07-2026 11:16:15 AM [] []
[2026-07-16 11:16:16] SlimMonoLogger.INFO: Cron ran at: 16-07-2026 11:16:16 AM [] []
[2026-07-16 11:16:51] SlimMonoLogger.INFO: Cron ran at: 16-07-2026 11:16:51 AM [] []
[2026-07-16 11:16:59] SlimMonoLogger.INFO: Cron ran at: 16-07-2026 11:16:59 AM [] []
[2026-07-16 11:17:19] SlimMonoLogger.INFO: Cron ran at: 16-07-2026 11:17:19 AM [] []
[2026-07-16 11:17:20] SlimMonoLogger.INFO: Cron ran at: 16-07-2026 11:17:20 AM [] []
[2026-07-16 11:17:44] SlimMonoLogger.INFO: Cron ran at: 16-07-2026 11:17:44 AM [] []
[2026-07-16 11:17:45] SlimMonoLogger.INFO: Cron ran at: 16-07-2026 11:17:45 AM [] []
[2026-07-16 11:18:17] SlimMonoLogger.INFO: Cron ran at: 16-07-2026 11:18:17 AM [] []
[2026-07-16 11:18:18] SlimMonoLogger.INFO: Cron ran at: 16-07-2026 11:18:18 AM [] []
[2026-07-16 11:18:40] SlimMonoLogger.INFO: Cron ran at: 16-07-2026 11:18:40 AM [] []
[2026-07-16 11:18:51] SlimMonoLogger.INFO: Cron ran at: 16-07-2026 11:18:51 AM [] []
[2026-07-16 11:19:20] SlimMonoLogger.INFO: Cron ran at: 16-07-2026 11:19:20 AM [] []
[2026-07-16 11:19:28] SlimMonoLogger.INFO: Cron ran at: 16-07-2026 11:19:28 AM [] []
[2026-07-16 11:19:32] SlimMonoLogger.INFO: Cron ran at: 16-07-2026 11:19:32 AM [] []
[2026-07-16 11:19:50] SlimMonoLogger.INFO: Cron ran at: 16-07-2026 11:19:50 AM [] []
[2026-07-16 11:20:12] SlimMonoLogger.INFO: Cron ran at: 16-07-2026 11:20:12 AM [] []
[2026-07-16 11:20:21] SlimMonoLogger.INFO: Cron ran at: 16-07-2026 11:20:21 AM [] []
[2026-07-16 11:20:26] SlimMonoLogger.INFO: Cron ran at: 16-07-2026 11:20:26 AM [] []
[2026-07-16 11:21:11] SlimMonoLogger.INFO: Cron ran at: 16-07-2026 11:21:11 AM [] []
[2026-07-16 11:21:17] SlimMonoLogger.INFO: Cron ran at: 16-07-2026 11:21:17 AM [] []
[2026-07-16 11:21:17] SlimMonoLogger.INFO: Cron ran at: 16-07-2026 11:21:17 AM [] []
[2026-07-16 11:21:28] SlimMonoLogger.INFO: Cron ran at: 16-07-2026 11:21:28 AM [] []
[2026-07-16 11:22:16] SlimMonoLogger.INFO: Cron ran at: 16-07-2026 11:22:16 AM [] []
[2026-07-16 11:22:16] SlimMonoLogger.INFO: Cron ran at: 16-07-2026 11:22:16 AM [] []
[2026-07-16 11:22:16] SlimMonoLogger.INFO: Cron ran at: 16-07-2026 11:22:16 AM [] []
[2026-07-16 11:22:25] SlimMonoLogger.INFO: Cron ran at: 16-07-2026 11:22:25 AM [] []
[2026-07-16 11:23:13] SlimMonoLogger.INFO: Cron ran at: 16-07-2026 11:23:13 AM [] []
[2026-07-16 11:23:16] SlimMonoLogger.INFO: Cron ran at: 16-07-2026 11:23:16 AM [] []
[2026-07-16 11:23:16] SlimMonoLogger.INFO: Cron ran at: 16-07-2026 11:23:16 AM [] []
[2026-07-16 11:23:17] SlimMonoLogger.INFO: Cron ran at: 16-07-2026 11:23:17 AM [] []
[2026-07-16 11:24:12] SlimMonoLogger.INFO: Cron ran at: 16-07-2026 11:24:12 AM [] []
[2026-07-16 11:24:13] SlimMonoLogger.INFO: Cron ran at: 16-07-2026 11:24:13 AM [] []
[2026-07-16 11:24:13] SlimMonoLogger.INFO: Cron ran at: 16-07-2026 11:24:13 AM [] []
[2026-07-16 11:24:21] SlimMonoLogger.INFO: Cron ran at: 16-07-2026 11:24:21 AM [] []
[2026-07-16 11:25:08] SlimMonoLogger.INFO: Cron ran at: 16-07-2026 11:25:08 AM [] []
[2026-07-16 11:25:10] SlimMonoLogger.INFO: Cron ran at: 16-07-2026 11:25:10 AM [] []
[2026-07-16 11:25:21] SlimMonoLogger.INFO: Cron ran at: 16-07-2026 11:25:21 AM [] []
[2026-07-16 11:25:22] SlimMonoLogger.INFO: Cron ran at: 16-07-2026 11:25:22 AM [] []
[2026-07-16 11:26:03] SlimMonoLogger.INFO: Cron ran at: 16-07-2026 11:26:03 AM [] []
[2026-07-16 11:26:13] SlimMonoLogger.INFO: Cron ran at: 16-07-2026 11:26:13 AM [] []
[2026-07-16 11:26:13] SlimMonoLogger.INFO: Cron ran at: 16-07-2026 11:26:13 AM [] []
[2026-07-16 11:26:51] SlimMonoLogger.INFO: Cron ran at: 16-07-2026 11:26:51 AM [] []
[2026-07-16 11:26:54] SlimMonoLogger.INFO: Cron ran at: 16-07-2026 11:26:54 AM [] []
[2026-07-16 11:27:12] SlimMonoLogger.INFO: Cron ran at: 16-07-2026 11:27:12 AM [] []
[2026-07-16 11:27:13] SlimMonoLogger.INFO: Cron ran at: 16-07-2026 11:27:13 AM [] []
[2026-07-16 11:27:48] SlimMonoLogger.INFO: Cron ran at: 16-07-2026 11:27:48 AM [] []
[2026-07-16 11:27:50] SlimMonoLogger.INFO: Cron ran at: 16-07-2026 11:27:50 AM [] []
[2026-07-16 11:28:10] SlimMonoLogger.INFO: Cron ran at: 16-07-2026 11:28:10 AM [] []
[2026-07-16 11:28:12] SlimMonoLogger.INFO: Cron ran at: 16-07-2026 11:28:12 AM [] []
[2026-07-16 11:28:43] SlimMonoLogger.INFO: Cron ran at: 16-07-2026 11:28:43 AM [] []
[2026-07-16 11:28:51] SlimMonoLogger.INFO: Cron ran at: 16-07-2026 11:28:51 AM [] []
[2026-07-16 11:29:13] SlimMonoLogger.INFO: Cron ran at: 16-07-2026 11:29:13 AM [] []
[2026-07-16 11:29:14] SlimMonoLogger.INFO: Cron ran at: 16-07-2026 11:29:14 AM [] []
[2026-07-16 11:29:40] SlimMonoLogger.INFO: Cron ran at: 16-07-2026 11:29:40 AM [] []
[2026-07-16 11:29:48] SlimMonoLogger.INFO: Cron ran at: 16-07-2026 11:29:48 AM [] []
[2026-07-16 11:30:15] SlimMonoLogger.INFO: Cron ran at: 16-07-2026 11:30:15 AM [] []
[2026-07-16 11:30:15] SlimMonoLogger.INFO: Cron ran at: 16-07-2026 11:30:15 AM [] []
[2026-07-16 11:30:28] SlimMonoLogger.INFO: Cron ran at: 16-07-2026 11:30:28 AM [] []
[2026-07-16 11:30:53] SlimMonoLogger.INFO: Cron ran at: 16-07-2026 11:30:53 AM [] []
[2026-07-16 11:31:14] SlimMonoLogger.INFO: Cron ran at: 16-07-2026 11:31:14 AM [] []
[2026-07-16 11:31:28] SlimMonoLogger.INFO: Cron ran at: 16-07-2026 11:31:28 AM [] []
[2026-07-16 11:31:54] SlimMonoLogger.INFO: Cron ran at: 16-07-2026 11:31:54 AM [] []
[2026-07-16 11:32:15] SlimMonoLogger.INFO: Cron ran at: 16-07-2026 11:32:15 AM [] []
[2026-07-16 11:32:18] SlimMonoLogger.INFO: Cron ran at: 16-07-2026 11:32:18 AM [] []
[2026-07-16 11:32:22] SlimMonoLogger.INFO: Cron ran at: 16-07-2026 11:32:22 AM [] []
[2026-07-16 11:32:52] SlimMonoLogger.INFO: Cron ran at: 16-07-2026 11:32:52 AM [] []
[2026-07-16 11:33:03] SlimMonoLogger.INFO: Cron ran at: 16-07-2026 11:33:03 AM [] []
[2026-07-16 11:33:15] SlimMonoLogger.INFO: Cron ran at: 16-07-2026 11:33:15 AM [] []
[2026-07-16 11:33:15] SlimMonoLogger.INFO: Cron ran at: 16-07-2026 11:33:15 AM [] []
[2026-07-16 11:33:54] SlimMonoLogger.INFO: Cron ran at: 16-07-2026 11:33:54 AM [] []
[2026-07-16 11:33:55] SlimMonoLogger.INFO: Cron ran at: 16-07-2026 11:33:55 AM [] []
[2026-07-16 11:34:13] SlimMonoLogger.INFO: Cron ran at: 16-07-2026 11:34:13 AM [] []
[2026-07-16 11:34:15] SlimMonoLogger.INFO: Cron ran at: 16-07-2026 11:34:15 AM [] []
[2026-07-16 11:34:48] SlimMonoLogger.INFO: Cron ran at: 16-07-2026 11:34:48 AM [] []
[2026-07-16 11:34:55] SlimMonoLogger.INFO: Cron ran at: 16-07-2026 11:34:55 AM [] []
[2026-07-16 11:35:15] SlimMonoLogger.INFO: Cron ran at: 16-07-2026 11:35:15 AM [] []
[2026-07-16 11:35:17] SlimMonoLogger.INFO: Cron ran at: 16-07-2026 11:35:17 AM [] []
[2026-07-16 11:35:45] SlimMonoLogger.INFO: Cron ran at: 16-07-2026 11:35:45 AM [] []
[2026-07-16 11:35:54] SlimMonoLogger.INFO: Cron ran at: 16-07-2026 11:35:54 AM [] []
[2026-07-16 11:36:15] SlimMonoLogger.INFO: Cron ran at: 16-07-2026 11:36:15 AM [] []
[2026-07-16 11:36:41] SlimMonoLogger.INFO: Cron ran at: 16-07-2026 11:36:41 AM [] []
[2026-07-16 11:36:50] SlimMonoLogger.INFO: Cron ran at: 16-07-2026 11:36:50 AM [] []
[2026-07-16 11:36:52] SlimMonoLogger.INFO: Cron ran at: 16-07-2026 11:36:52 AM [] []
[2026-07-16 11:37:15] SlimMonoLogger.INFO: Cron ran at: 16-07-2026 11:37:15 AM [] []
[2026-07-16 11:37:36] SlimMonoLogger.INFO: Cron ran at: 16-07-2026 11:37:36 AM [] []
[2026-07-16 11:37:51] SlimMonoLogger.INFO: Cron ran at: 16-07-2026 11:37:51 AM [] []
[2026-07-16 11:37:56] SlimMonoLogger.INFO: Cron ran at: 16-07-2026 11:37:56 AM [] []
[2026-07-16 11:38:21] SlimMonoLogger.INFO: Cron ran at: 16-07-2026 11:38:21 AM [] []
[2026-07-16 11:38:31] SlimMonoLogger.INFO: Cron ran at: 16-07-2026 11:38:31 AM [] []
[2026-07-16 11:38:47] SlimMonoLogger.INFO: Cron ran at: 16-07-2026 11:38:47 AM [] []
[2026-07-16 11:38:56] SlimMonoLogger.INFO: Cron ran at: 16-07-2026 11:38:56 AM [] []
[2026-07-16 11:39:20] SlimMonoLogger.INFO: Cron ran at: 16-07-2026 11:39:20 AM [] []
[2026-07-16 11:39:31] SlimMonoLogger.INFO: Cron ran at: 16-07-2026 11:39:31 AM [] []
[2026-07-16 11:39:32] SlimMonoLogger.INFO: Cron ran at: 16-07-2026 11:39:32 AM [] []
[2026-07-16 11:39:58] SlimMonoLogger.INFO: Cron ran at: 16-07-2026 11:39:58 AM [] []
[2026-07-16 11:40:13] SlimMonoLogger.INFO: Cron ran at: 16-07-2026 11:40:13 AM [] []
[2026-07-16 11:40:23] SlimMonoLogger.INFO: Cron ran at: 16-07-2026 11:40:23 AM [] []
[2026-07-16 11:40:25] SlimMonoLogger.INFO: Cron ran at: 16-07-2026 11:40:25 AM [] []
[2026-07-16 11:41:17] SlimMonoLogger.INFO: Cron ran at: 16-07-2026 11:41:17 AM [] []
[2026-07-16 11:41:18] SlimMonoLogger.INFO: Cron ran at: 16-07-2026 11:41:18 AM [] []
[2026-07-16 11:41:29] SlimMonoLogger.INFO: Cron ran at: 16-07-2026 11:41:29 AM [] []
[2026-07-16 11:42:00] SlimMonoLogger.INFO: Cron ran at: 16-07-2026 11:42:00 AM [] []
[2026-07-16 11:42:08] SlimMonoLogger.INFO: Cron ran at: 16-07-2026 11:42:08 AM [] []
[2026-07-16 11:42:09] SlimMonoLogger.INFO: Cron ran at: 16-07-2026 11:42:09 AM [] []
[2026-07-16 11:42:28] SlimMonoLogger.INFO: Cron ran at: 16-07-2026 11:42:28 AM [] []
[2026-07-16 11:42:46] SlimMonoLogger.INFO: Cron ran at: 16-07-2026 11:42:46 AM [] []
[2026-07-16 11:43:15] SlimMonoLogger.INFO: Cron ran at: 16-07-2026 11:43:15 AM [] []
[2026-07-16 11:43:17] SlimMonoLogger.INFO: Cron ran at: 16-07-2026 11:43:17 AM [] []
[2026-07-16 11:43:18] SlimMonoLogger.INFO: Cron ran at: 16-07-2026 11:43:18 AM [] []
[2026-07-16 11:43:33] SlimMonoLogger.INFO: Cron ran at: 16-07-2026 11:43:33 AM [] []
[2026-07-16 11:44:09] SlimMonoLogger.INFO: Cron ran at: 16-07-2026 11:44:09 AM [] []
[2026-07-16 11:44:10] SlimMonoLogger.INFO: Cron ran at: 16-07-2026 11:44:10 AM [] []
[2026-07-16 11:44:22] SlimMonoLogger.INFO: Cron ran at: 16-07-2026 11:44:22 AM [] []
[2026-07-16 11:44:29] SlimMonoLogger.INFO: Cron ran at: 16-07-2026 11:44:29 AM [] []
[2026-07-16 11:45:07] SlimMonoLogger.INFO: Cron ran at: 16-07-2026 11:45:07 AM [] []
[2026-07-16 11:45:12] SlimMonoLogger.INFO: Cron ran at: 16-07-2026 11:45:12 AM [] []
[2026-07-16 11:45:21] SlimMonoLogger.INFO: Cron ran at: 16-07-2026 11:45:21 AM [] []
[2026-07-16 11:45:23] SlimMonoLogger.INFO: Cron ran at: 16-07-2026 11:45:23 AM [] []
[2026-07-16 11:46:08] SlimMonoLogger.INFO: Cron ran at: 16-07-2026 11:46:08 AM [] []
[2026-07-16 11:46:18] SlimMonoLogger.INFO: Cron ran at: 16-07-2026 11:46:18 AM [] []
[2026-07-16 11:46:18] SlimMonoLogger.INFO: Cron ran at: 16-07-2026 11:46:18 AM [] []
[2026-07-16 11:46:45] SlimMonoLogger.INFO: Cron ran at: 16-07-2026 11:46:45 AM [] []
[2026-07-16 11:47:07] SlimMonoLogger.INFO: Cron ran at: 16-07-2026 11:47:07 AM [] []
[2026-07-16 11:47:13] SlimMonoLogger.INFO: Cron ran at: 16-07-2026 11:47:13 AM [] []
[2026-07-16 11:47:37] SlimMonoLogger.INFO: Cron ran at: 16-07-2026 11:47:37 AM [] []
[2026-07-16 11:47:38] SlimMonoLogger.INFO: Cron ran at: 16-07-2026 11:47:38 AM [] []
[2026-07-16 11:48:12] SlimMonoLogger.INFO: Cron ran at: 16-07-2026 11:48:12 AM [] []
[2026-07-16 11:48:12] SlimMonoLogger.INFO: Cron ran at: 16-07-2026 11:48:12 AM [] []
[2026-07-16 11:48:24] SlimMonoLogger.INFO: Cron ran at: 16-07-2026 11:48:24 AM [] []
[2026-07-16 11:48:26] SlimMonoLogger.INFO: Cron ran at: 16-07-2026 11:48:26 AM [] []
[2026-07-16 11:49:11] SlimMonoLogger.INFO: Cron ran at: 16-07-2026 11:49:11 AM [] []
[2026-07-16 11:49:18] SlimMonoLogger.INFO: Cron ran at: 16-07-2026 11:49:18 AM [] []
[2026-07-16 11:49:19] SlimMonoLogger.INFO: Cron ran at: 16-07-2026 11:49:19 AM [] []
[2026-07-16 11:49:20] SlimMonoLogger.INFO: Cron ran at: 16-07-2026 11:49:20 AM [] []
[2026-07-16 11:50:09] SlimMonoLogger.INFO: Cron ran at: 16-07-2026 11:50:09 AM [] []
[2026-07-16 11:50:12] SlimMonoLogger.INFO: Cron ran at: 16-07-2026 11:50:12 AM [] []
[2026-07-16 11:50:19] SlimMonoLogger.INFO: Cron ran at: 16-07-2026 11:50:19 AM [] []
[2026-07-16 11:50:19] SlimMonoLogger.INFO: Cron ran at: 16-07-2026 11:50:19 AM [] []
[2026-07-16 11:51:12] SlimMonoLogger.INFO: Cron ran at: 16-07-2026 11:51:12 AM [] []
[2026-07-16 11:51:12] SlimMonoLogger.INFO: Cron ran at: 16-07-2026 11:51:12 AM [] []
[2026-07-16 11:51:12] SlimMonoLogger.INFO: Cron ran at: 16-07-2026 11:51:12 AM [] []
[2026-07-16 11:51:43] SlimMonoLogger.INFO: Cron ran at: 16-07-2026 11:51:43 AM [] []
[2026-07-16 11:52:02] SlimMonoLogger.INFO: Cron ran at: 16-07-2026 11:52:02 AM [] []
[2026-07-16 11:52:03] SlimMonoLogger.INFO: Cron ran at: 16-07-2026 11:52:03 AM [] []
[2026-07-16 11:52:03] SlimMonoLogger.INFO: Cron ran at: 16-07-2026 11:52:03 AM [] []
[2026-07-16 11:52:32] SlimMonoLogger.INFO: Cron ran at: 16-07-2026 11:52:32 AM [] []
[2026-07-16 11:53:09] SlimMonoLogger.INFO: Cron ran at: 16-07-2026 11:53:09 AM [] []
[2026-07-16 11:53:09] SlimMonoLogger.INFO: Cron ran at: 16-07-2026 11:53:09 AM [] []
[2026-07-16 11:53:09] SlimMonoLogger.INFO: Cron ran at: 16-07-2026 11:53:09 AM [] []
[2026-07-16 11:53:33] SlimMonoLogger.INFO: Cron ran at: 16-07-2026 11:53:33 AM [] []
[2026-07-16 11:54:00] SlimMonoLogger.INFO: Cron ran at: 16-07-2026 11:54:00 AM [] []
[2026-07-16 11:54:06] SlimMonoLogger.INFO: Cron ran at: 16-07-2026 11:54:06 AM [] []
[2026-07-16 11:54:06] SlimMonoLogger.INFO: Cron ran at: 16-07-2026 11:54:06 AM [] []
[2026-07-16 11:54:19] SlimMonoLogger.INFO: Cron ran at: 16-07-2026 11:54:19 AM [] []
[2026-07-16 11:55:03] SlimMonoLogger.INFO: Cron ran at: 16-07-2026 11:55:03 AM [] []
[2026-07-16 11:55:09] SlimMonoLogger.INFO: Cron ran at: 16-07-2026 11:55:09 AM [] []
[2026-07-16 11:55:13] SlimMonoLogger.INFO: Cron ran at: 16-07-2026 11:55:13 AM [] []
[2026-07-16 11:55:15] SlimMonoLogger.INFO: Cron ran at: 16-07-2026 11:55:15 AM [] []
[2026-07-16 11:56:05] SlimMonoLogger.INFO: Cron ran at: 16-07-2026 11:56:05 AM [] []
[2026-07-16 11:56:08] SlimMonoLogger.INFO: Cron ran at: 16-07-2026 11:56:08 AM [] []
[2026-07-16 11:56:10] SlimMonoLogger.INFO: Cron ran at: 16-07-2026 11:56:10 AM [] []
[2026-07-16 11:56:47] SlimMonoLogger.INFO: Cron ran at: 16-07-2026 11:56:47 AM [] []
[2026-07-16 11:57:00] SlimMonoLogger.INFO: Cron ran at: 16-07-2026 11:57:00 AM [] []
[2026-07-16 11:57:03] SlimMonoLogger.INFO: Cron ran at: 16-07-2026 11:57:03 AM [] []
[2026-07-16 11:57:05] SlimMonoLogger.INFO: Cron ran at: 16-07-2026 11:57:05 AM [] []
[2026-07-16 11:57:35] SlimMonoLogger.INFO: Cron ran at: 16-07-2026 11:57:35 AM [] []
[2026-07-16 11:57:54] SlimMonoLogger.INFO: Cron ran at: 16-07-2026 11:57:54 AM [] []
[2026-07-16 11:57:57] SlimMonoLogger.INFO: Cron ran at: 16-07-2026 11:57:57 AM [] []
[2026-07-16 11:58:11] SlimMonoLogger.INFO: Cron ran at: 16-07-2026 11:58:11 AM [] []
[2026-07-16 11:58:29] SlimMonoLogger.INFO: Cron ran at: 16-07-2026 11:58:29 AM [] []
[2026-07-16 11:58:56] SlimMonoLogger.INFO: Cron ran at: 16-07-2026 11:58:56 AM [] []
[2026-07-16 11:58:56] SlimMonoLogger.INFO: Cron ran at: 16-07-2026 11:58:56 AM [] []
[2026-07-16 11:59:03] SlimMonoLogger.INFO: Cron ran at: 16-07-2026 11:59:03 AM [] []
[2026-07-16 11:59:18] SlimMonoLogger.INFO: Cron ran at: 16-07-2026 11:59:18 AM [] []
[2026-07-16 11:59:55] SlimMonoLogger.INFO: Cron ran at: 16-07-2026 11:59:55 AM [] []
[2026-07-16 11:59:58] SlimMonoLogger.INFO: Cron ran at: 16-07-2026 11:59:58 AM [] []
[2026-07-16 12:00:07] SlimMonoLogger.INFO: Cron ran at: 16-07-2026 12:00:07 PM [] []
[2026-07-16 12:00:21] SlimMonoLogger.INFO: Cron ran at: 16-07-2026 12:00:21 PM [] []
[2026-07-16 12:01:01] SlimMonoLogger.INFO: Cron ran at: 16-07-2026 12:01:01 PM [] []
[2026-07-16 12:01:02] SlimMonoLogger.INFO: Cron ran at: 16-07-2026 12:01:02 PM [] []
[2026-07-16 12:01:09] SlimMonoLogger.INFO: Cron ran at: 16-07-2026 12:01:09 PM [] []
[2026-07-16 12:02:01] SlimMonoLogger.INFO: Cron ran at: 16-07-2026 12:02:01 PM [] []
[2026-07-16 12:02:03] SlimMonoLogger.INFO: Cron ran at: 16-07-2026 12:02:03 PM [] []
[2026-07-16 12:02:03] SlimMonoLogger.INFO: Cron ran at: 16-07-2026 12:02:03 PM [] []
[2026-07-16 12:02:13] SlimMonoLogger.INFO: Cron ran at: 16-07-2026 12:02:13 PM [] []
[2026-07-16 12:02:48] SlimMonoLogger.INFO: Cron ran at: 16-07-2026 12:02:48 PM [] []
[2026-07-16 12:03:01] SlimMonoLogger.INFO: Cron ran at: 16-07-2026 12:03:01 PM [] []
[2026-07-16 12:03:02] SlimMonoLogger.INFO: Cron ran at: 16-07-2026 12:03:02 PM [] []
[2026-07-16 12:03:02] SlimMonoLogger.INFO: Cron ran at: 16-07-2026 12:03:02 PM [] []
[2026-07-16 12:03:44] SlimMonoLogger.INFO: Cron ran at: 16-07-2026 12:03:44 PM [] []
[2026-07-16 12:03:59] SlimMonoLogger.INFO: Cron ran at: 16-07-2026 12:03:59 PM [] []
[2026-07-16 12:04:00] SlimMonoLogger.INFO: Cron ran at: 16-07-2026 12:04:00 PM [] []
[2026-07-16 12:04:03] SlimMonoLogger.INFO: Cron ran at: 16-07-2026 12:04:03 PM [] []
[2026-07-16 12:04:43] SlimMonoLogger.INFO: Cron ran at: 16-07-2026 12:04:43 PM [] []
[2026-07-16 12:05:02] SlimMonoLogger.INFO: Cron ran at: 16-07-2026 12:05:02 PM [] []
[2026-07-16 12:05:02] SlimMonoLogger.INFO: Cron ran at: 16-07-2026 12:05:02 PM [] []
[2026-07-16 12:05:05] SlimMonoLogger.INFO: Cron ran at: 16-07-2026 12:05:05 PM [] []
[2026-07-16 12:05:33] SlimMonoLogger.INFO: Cron ran at: 16-07-2026 12:05:33 PM [] []
[2026-07-16 12:06:03] SlimMonoLogger.INFO: Cron ran at: 16-07-2026 12:06:03 PM [] []
[2026-07-16 12:06:03] SlimMonoLogger.INFO: Cron ran at: 16-07-2026 12:06:03 PM [] []
[2026-07-16 12:06:26] SlimMonoLogger.INFO: Cron ran at: 16-07-2026 12:06:26 PM [] []
[2026-07-16 12:06:41] SlimMonoLogger.INFO: Cron ran at: 16-07-2026 12:06:41 PM [] []
[2026-07-16 12:07:03] SlimMonoLogger.INFO: Cron ran at: 16-07-2026 12:07:03 PM [] []
[2026-07-16 12:07:03] SlimMonoLogger.INFO: Cron ran at: 16-07-2026 12:07:03 PM [] []
[2026-07-16 12:07:24] SlimMonoLogger.INFO: Cron ran at: 16-07-2026 12:07:24 PM [] []
[2026-07-16 12:07:33] SlimMonoLogger.INFO: Cron ran at: 16-07-2026 12:07:33 PM [] []
[2026-07-16 12:08:04] SlimMonoLogger.INFO: Cron ran at: 16-07-2026 12:08:04 PM [] []
[2026-07-16 12:08:05] SlimMonoLogger.INFO: Cron ran at: 16-07-2026 12:08:05 PM [] []
[2026-07-16 12:08:22] SlimMonoLogger.INFO: Cron ran at: 16-07-2026 12:08:22 PM [] []
[2026-07-16 12:08:25] SlimMonoLogger.INFO: Cron ran at: 16-07-2026 12:08:25 PM [] []
[2026-07-16 12:09:12] SlimMonoLogger.INFO: Cron ran at: 16-07-2026 12:09:12 PM [] []
[2026-07-16 12:09:14] SlimMonoLogger.INFO: Cron ran at: 16-07-2026 12:09:14 PM [] []
[2026-07-16 12:09:19] SlimMonoLogger.INFO: Cron ran at: 16-07-2026 12:09:19 PM [] []
[2026-07-16 12:09:24] SlimMonoLogger.INFO: Cron ran at: 16-07-2026 12:09:24 PM [] []
[2026-07-16 12:10:06] SlimMonoLogger.INFO: Cron ran at: 16-07-2026 12:10:06 PM [] []
[2026-07-16 12:10:07] SlimMonoLogger.INFO: Cron ran at: 16-07-2026 12:10:07 PM [] []
[2026-07-16 12:10:10] SlimMonoLogger.INFO: Cron ran at: 16-07-2026 12:10:10 PM [] []
[2026-07-16 12:10:18] SlimMonoLogger.INFO: Cron ran at: 16-07-2026 12:10:18 PM [] []
[2026-07-16 12:11:06] SlimMonoLogger.INFO: Cron ran at: 16-07-2026 12:11:06 PM [] []
[2026-07-16 12:11:07] SlimMonoLogger.INFO: Cron ran at: 16-07-2026 12:11:07 PM [] []
[2026-07-16 12:11:23] SlimMonoLogger.INFO: Cron ran at: 16-07-2026 12:11:23 PM [] []
[2026-07-16 12:11:41] SlimMonoLogger.INFO: Cron ran at: 16-07-2026 12:11:41 PM [] []
[2026-07-16 12:12:03] SlimMonoLogger.INFO: Cron ran at: 16-07-2026 12:12:03 PM [] []
[2026-07-16 12:12:05] SlimMonoLogger.INFO: Cron ran at: 16-07-2026 12:12:05 PM [] []
[2026-07-16 12:12:18] SlimMonoLogger.INFO: Cron ran at: 16-07-2026 12:12:18 PM [] []
[2026-07-16 12:12:30] SlimMonoLogger.INFO: Cron ran at: 16-07-2026 12:12:30 PM [] []
[2026-07-16 12:13:03] SlimMonoLogger.INFO: Cron ran at: 16-07-2026 12:13:03 PM [] []
[2026-07-16 12:13:07] SlimMonoLogger.INFO: Cron ran at: 16-07-2026 12:13:07 PM [] []
[2026-07-16 12:13:17] SlimMonoLogger.INFO: Cron ran at: 16-07-2026 12:13:17 PM [] []
[2026-07-16 12:13:22] SlimMonoLogger.INFO: Cron ran at: 16-07-2026 12:13:22 PM [] []
[2026-07-16 12:14:02] SlimMonoLogger.INFO: Cron ran at: 16-07-2026 12:14:02 PM [] []
[2026-07-16 12:14:10] SlimMonoLogger.INFO: Cron ran at: 16-07-2026 12:14:10 PM [] []
[2026-07-16 12:14:13] SlimMonoLogger.INFO: Cron ran at: 16-07-2026 12:14:13 PM [] []
[2026-07-16 12:14:14] SlimMonoLogger.INFO: Cron ran at: 16-07-2026 12:14:14 PM [] []
[2026-07-16 12:15:07] SlimMonoLogger.INFO: Cron ran at: 16-07-2026 12:15:07 PM [] []
[2026-07-16 12:15:08] SlimMonoLogger.INFO: Cron ran at: 16-07-2026 12:15:08 PM [] []
[2026-07-16 12:15:11] SlimMonoLogger.INFO: Cron ran at: 16-07-2026 12:15:11 PM [] []
[2026-07-16 12:15:17] SlimMonoLogger.INFO: Cron ran at: 16-07-2026 12:15:17 PM [] []
[2026-07-16 12:16:02] SlimMonoLogger.INFO: Cron ran at: 16-07-2026 12:16:02 PM [] []
[2026-07-16 12:16:03] SlimMonoLogger.INFO: Cron ran at: 16-07-2026 12:16:03 PM [] []
[2026-07-16 12:16:23] SlimMonoLogger.INFO: Cron ran at: 16-07-2026 12:16:23 PM [] []
[2026-07-16 12:16:42] SlimMonoLogger.INFO: Cron ran at: 16-07-2026 12:16:42 PM [] []
[2026-07-16 12:16:56] SlimMonoLogger.INFO: Cron ran at: 16-07-2026 12:16:56 PM [] []
[2026-07-16 12:17:02] SlimMonoLogger.INFO: Cron ran at: 16-07-2026 12:17:02 PM [] []
[2026-07-16 12:17:17] SlimMonoLogger.INFO: Cron ran at: 16-07-2026 12:17:17 PM [] []
[2026-07-16 12:17:39] SlimMonoLogger.INFO: Cron ran at: 16-07-2026 12:17:39 PM [] []
[2026-07-16 12:18:07] SlimMonoLogger.INFO: Cron ran at: 16-07-2026 12:18:07 PM [] []
[2026-07-16 12:18:07] SlimMonoLogger.INFO: Cron ran at: 16-07-2026 12:18:07 PM [] []
[2026-07-16 12:18:25] SlimMonoLogger.INFO: Cron ran at: 16-07-2026 12:18:25 PM [] []
[2026-07-16 12:18:25] SlimMonoLogger.INFO: Cron ran at: 16-07-2026 12:18:25 PM [] []
[2026-07-16 12:19:05] SlimMonoLogger.INFO: Cron ran at: 16-07-2026 12:19:05 PM [] []
[2026-07-16 12:19:07] SlimMonoLogger.INFO: Cron ran at: 16-07-2026 12:19:07 PM [] []
[2026-07-16 12:19:16] SlimMonoLogger.INFO: Cron ran at: 16-07-2026 12:19:16 PM [] []
[2026-07-16 12:19:19] SlimMonoLogger.INFO: Cron ran at: 16-07-2026 12:19:19 PM [] []
[2026-07-16 12:19:54] SlimMonoLogger.INFO: Cron ran at: 16-07-2026 12:19:54 PM [] []
[2026-07-16 12:19:55] SlimMonoLogger.INFO: Cron ran at: 16-07-2026 12:19:55 PM [] []
[2026-07-16 12:20:09] SlimMonoLogger.INFO: Cron ran at: 16-07-2026 12:20:09 PM [] []
[2026-07-16 12:20:15] SlimMonoLogger.INFO: Cron ran at: 16-07-2026 12:20:15 PM [] []
[2026-07-16 12:20:55] SlimMonoLogger.INFO: Cron ran at: 16-07-2026 12:20:55 PM [] []
[2026-07-16 12:20:56] SlimMonoLogger.INFO: Cron ran at: 16-07-2026 12:20:56 PM [] []
[2026-07-16 12:21:01] SlimMonoLogger.INFO: Cron ran at: 16-07-2026 12:21:01 PM [] []
[2026-07-16 12:21:54] SlimMonoLogger.INFO: Cron ran at: 16-07-2026 12:21:54 PM [] []
[2026-07-16 12:21:55] SlimMonoLogger.INFO: Cron ran at: 16-07-2026 12:21:55 PM [] []
[2026-07-16 12:21:57] SlimMonoLogger.INFO: Cron ran at: 16-07-2026 12:21:57 PM [] []
[2026-07-16 12:21:58] SlimMonoLogger.INFO: Cron ran at: 16-07-2026 12:21:58 PM [] []
[2026-07-16 12:22:54] SlimMonoLogger.INFO: Cron ran at: 16-07-2026 12:22:54 PM [] []
[2026-07-16 12:22:55] SlimMonoLogger.INFO: Cron ran at: 16-07-2026 12:22:55 PM [] []
[2026-07-16 12:22:58] SlimMonoLogger.INFO: Cron ran at: 16-07-2026 12:22:58 PM [] []
[2026-07-16 12:22:59] SlimMonoLogger.INFO: Cron ran at: 16-07-2026 12:22:59 PM [] []
[2026-07-16 12:23:57] SlimMonoLogger.INFO: Cron ran at: 16-07-2026 12:23:57 PM [] []
[2026-07-16 12:24:02] SlimMonoLogger.INFO: Cron ran at: 16-07-2026 12:24:02 PM [] []
[2026-07-16 12:24:07] SlimMonoLogger.INFO: Cron ran at: 16-07-2026 12:24:07 PM [] []
[2026-07-16 12:24:40] SlimMonoLogger.INFO: Cron ran at: 16-07-2026 12:24:40 PM [] []
[2026-07-16 12:24:45] SlimMonoLogger.INFO: Cron ran at: 16-07-2026 12:24:45 PM [] []
[2026-07-16 12:24:52] SlimMonoLogger.INFO: Cron ran at: 16-07-2026 12:24:52 PM [] []
[2026-07-16 12:24:57] SlimMonoLogger.INFO: Cron ran at: 16-07-2026 12:24:57 PM [] []
[2026-07-16 12:24:57] SlimMonoLogger.INFO: Cron ran at: 16-07-2026 12:24:57 PM [] []
[2026-07-16 12:25:39] SlimMonoLogger.INFO: Cron ran at: 16-07-2026 12:25:39 PM [] []
[2026-07-16 12:25:59] SlimMonoLogger.INFO: Cron ran at: 16-07-2026 12:25:59 PM [] []
[2026-07-16 12:26:01] SlimMonoLogger.INFO: Cron ran at: 16-07-2026 12:26:01 PM [] []
[2026-07-16 12:26:26] SlimMonoLogger.INFO: Cron ran at: 16-07-2026 12:26:26 PM [] []
[2026-07-16 12:26:55] SlimMonoLogger.INFO: Cron ran at: 16-07-2026 12:26:55 PM [] []
[2026-07-16 12:26:55] SlimMonoLogger.INFO: Cron ran at: 16-07-2026 12:26:55 PM [] []
[2026-07-16 12:26:58] SlimMonoLogger.INFO: Cron ran at: 16-07-2026 12:26:58 PM [] []
[2026-07-16 12:27:24] SlimMonoLogger.INFO: Cron ran at: 16-07-2026 12:27:24 PM [] []
[2026-07-16 12:27:52] SlimMonoLogger.INFO: Cron ran at: 16-07-2026 12:27:52 PM [] []
[2026-07-16 12:27:53] SlimMonoLogger.INFO: Cron ran at: 16-07-2026 12:27:53 PM [] []
[2026-07-16 12:27:56] SlimMonoLogger.INFO: Cron ran at: 16-07-2026 12:27:56 PM [] []
[2026-07-16 12:28:26] SlimMonoLogger.INFO: Cron ran at: 16-07-2026 12:28:26 PM [] []
[2026-07-16 12:28:56] SlimMonoLogger.INFO: Cron ran at: 16-07-2026 12:28:56 PM [] []
[2026-07-16 12:29:03] SlimMonoLogger.INFO: Cron ran at: 16-07-2026 12:29:03 PM [] []
[2026-07-16 12:29:24] SlimMonoLogger.INFO: Cron ran at: 16-07-2026 12:29:24 PM [] []
[2026-07-16 12:29:35] SlimMonoLogger.INFO: Cron ran at: 16-07-2026 12:29:35 PM [] []
[2026-07-16 12:29:41] SlimMonoLogger.INFO: Cron ran at: 16-07-2026 12:29:41 PM [] []
[2026-07-16 12:29:59] SlimMonoLogger.INFO: Cron ran at: 16-07-2026 12:29:59 PM [] []
[2026-07-16 12:30:00] SlimMonoLogger.INFO: Cron ran at: 16-07-2026 12:30:00 PM [] []
[2026-07-16 12:30:25] SlimMonoLogger.INFO: Cron ran at: 16-07-2026 12:30:25 PM [] []
[2026-07-16 12:30:35] SlimMonoLogger.INFO: Cron ran at: 16-07-2026 12:30:35 PM [] []
[2026-07-16 12:31:21] SlimMonoLogger.INFO: Cron ran at: 16-07-2026 12:31:21 PM [] []
[2026-07-16 12:31:31] SlimMonoLogger.INFO: Cron ran at: 16-07-2026 12:31:31 PM [] []
[2026-07-16 12:31:36] SlimMonoLogger.INFO: Cron ran at: 16-07-2026 12:31:36 PM [] []
[2026-07-16 12:31:40] SlimMonoLogger.INFO: Cron ran at: 16-07-2026 12:31:40 PM [] []
[2026-07-16 12:32:07] SlimMonoLogger.INFO: Cron ran at: 16-07-2026 12:32:07 PM [] []
[2026-07-16 12:32:18] SlimMonoLogger.INFO: Cron ran at: 16-07-2026 12:32:18 PM [] []
[2026-07-16 12:32:24] SlimMonoLogger.INFO: Cron ran at: 16-07-2026 12:32:24 PM [] []
[2026-07-16 12:32:40] SlimMonoLogger.INFO: Cron ran at: 16-07-2026 12:32:40 PM [] []
[2026-07-16 12:32:50] SlimMonoLogger.INFO: Cron ran at: 16-07-2026 12:32:50 PM [] []
[2026-07-16 12:33:19] SlimMonoLogger.INFO: Cron ran at: 16-07-2026 12:33:19 PM [] []
[2026-07-16 12:33:23] SlimMonoLogger.INFO: Cron ran at: 16-07-2026 12:33:23 PM [] []
[2026-07-16 12:33:24] SlimMonoLogger.INFO: Cron ran at: 16-07-2026 12:33:24 PM [] []
[2026-07-16 12:33:56] SlimMonoLogger.INFO: Cron ran at: 16-07-2026 12:33:56 PM [] []
[2026-07-16 12:34:19] SlimMonoLogger.INFO: Cron ran at: 16-07-2026 12:34:19 PM [] []
[2026-07-16 12:34:19] SlimMonoLogger.INFO: Cron ran at: 16-07-2026 12:34:19 PM [] []
[2026-07-16 12:34:34] SlimMonoLogger.INFO: Cron ran at: 16-07-2026 12:34:34 PM [] []
[2026-07-16 12:35:00] SlimMonoLogger.INFO: Cron ran at: 16-07-2026 12:35:00 PM [] []
[2026-07-16 12:35:13] SlimMonoLogger.INFO: Cron ran at: 16-07-2026 12:35:13 PM [] []
[2026-07-16 12:35:23] SlimMonoLogger.INFO: Cron ran at: 16-07-2026 12:35:23 PM [] []
[2026-07-16 12:35:24] SlimMonoLogger.INFO: Cron ran at: 16-07-2026 12:35:24 PM [] []
[2026-07-16 12:36:00] SlimMonoLogger.INFO: Cron ran at: 16-07-2026 12:36:00 PM [] []
[2026-07-16 12:36:14] SlimMonoLogger.INFO: Cron ran at: 16-07-2026 12:36:14 PM [] []
[2026-07-16 12:36:15] SlimMonoLogger.INFO: Cron ran at: 16-07-2026 12:36:15 PM [] []
[2026-07-16 12:36:31] SlimMonoLogger.INFO: Cron ran at: 16-07-2026 12:36:31 PM [] []
[2026-07-16 12:36:58] SlimMonoLogger.INFO: Cron ran at: 16-07-2026 12:36:58 PM [] []
[2026-07-16 12:37:15] SlimMonoLogger.INFO: Cron ran at: 16-07-2026 12:37:15 PM [] []
[2026-07-16 12:37:16] SlimMonoLogger.INFO: Cron ran at: 16-07-2026 12:37:16 PM [] []
[2026-07-16 12:37:17] SlimMonoLogger.INFO: Cron ran at: 16-07-2026 12:37:17 PM [] []
[2026-07-16 12:37:54] SlimMonoLogger.INFO: Cron ran at: 16-07-2026 12:37:54 PM [] []
[2026-07-16 12:38:16] SlimMonoLogger.INFO: Cron ran at: 16-07-2026 12:38:16 PM [] []
[2026-07-16 12:38:19] SlimMonoLogger.INFO: Cron ran at: 16-07-2026 12:38:19 PM [] []
[2026-07-16 12:38:19] SlimMonoLogger.INFO: Cron ran at: 16-07-2026 12:38:19 PM [] []
[2026-07-16 12:38:49] SlimMonoLogger.INFO: Cron ran at: 16-07-2026 12:38:49 PM [] []
[2026-07-16 12:39:11] SlimMonoLogger.INFO: Cron ran at: 16-07-2026 12:39:11 PM [] []
[2026-07-16 12:39:14] SlimMonoLogger.INFO: Cron ran at: 16-07-2026 12:39:14 PM [] []
[2026-07-16 12:39:15] SlimMonoLogger.INFO: Cron ran at: 16-07-2026 12:39:15 PM [] []
[2026-07-16 12:39:49] SlimMonoLogger.INFO: Cron ran at: 16-07-2026 12:39:49 PM [] []
[2026-07-16 12:40:09] SlimMonoLogger.INFO: Cron ran at: 16-07-2026 12:40:09 PM [] []
[2026-07-16 12:40:15] SlimMonoLogger.INFO: Cron ran at: 16-07-2026 12:40:15 PM [] []
[2026-07-16 12:40:16] SlimMonoLogger.INFO: Cron ran at: 16-07-2026 12:40:16 PM [] []
[2026-07-16 12:41:01] SlimMonoLogger.INFO: Cron ran at: 16-07-2026 12:41:01 PM [] []
[2026-07-16 12:41:02] SlimMonoLogger.INFO: Cron ran at: 16-07-2026 12:41:02 PM [] []
[2026-07-16 12:41:24] SlimMonoLogger.INFO: Cron ran at: 16-07-2026 12:41:24 PM [] []
[2026-07-16 12:41:54] SlimMonoLogger.INFO: Cron ran at: 16-07-2026 12:41:54 PM [] []
[2026-07-16 12:41:58] SlimMonoLogger.INFO: Cron ran at: 16-07-2026 12:41:58 PM [] []
[2026-07-16 12:42:12] SlimMonoLogger.INFO: Cron ran at: 16-07-2026 12:42:12 PM [] []
[2026-07-16 12:42:18] SlimMonoLogger.INFO: Cron ran at: 16-07-2026 12:42:18 PM [] []
[2026-07-16 12:42:52] SlimMonoLogger.INFO: Cron ran at: 16-07-2026 12:42:52 PM [] []
[2026-07-16 12:42:53] SlimMonoLogger.INFO: Cron ran at: 16-07-2026 12:42:53 PM [] []
[2026-07-16 12:42:53] SlimMonoLogger.INFO: Cron ran at: 16-07-2026 12:42:53 PM [] []
[2026-07-16 12:43:15] SlimMonoLogger.INFO: Cron ran at: 16-07-2026 12:43:15 PM [] []
[2026-07-16 12:43:51] SlimMonoLogger.INFO: Cron ran at: 16-07-2026 12:43:51 PM [] []
[2026-07-16 12:43:51] SlimMonoLogger.INFO: Cron ran at: 16-07-2026 12:43:51 PM [] []
[2026-07-16 12:43:52] SlimMonoLogger.INFO: Cron ran at: 16-07-2026 12:43:52 PM [] []
[2026-07-16 12:44:16] SlimMonoLogger.INFO: Cron ran at: 16-07-2026 12:44:16 PM [] []
[2026-07-16 12:44:43] SlimMonoLogger.INFO: Cron ran at: 16-07-2026 12:44:43 PM [] []
[2026-07-16 12:44:49] SlimMonoLogger.INFO: Cron ran at: 16-07-2026 12:44:49 PM [] []
[2026-07-16 12:44:50] SlimMonoLogger.INFO: Cron ran at: 16-07-2026 12:44:50 PM [] []
[2026-07-16 12:45:13] SlimMonoLogger.INFO: Cron ran at: 16-07-2026 12:45:13 PM [] []
[2026-07-16 12:45:36] SlimMonoLogger.INFO: Cron ran at: 16-07-2026 12:45:36 PM [] []
[2026-07-16 12:45:47] SlimMonoLogger.INFO: Cron ran at: 16-07-2026 12:45:47 PM [] []
[2026-07-16 12:45:47] SlimMonoLogger.INFO: Cron ran at: 16-07-2026 12:45:47 PM [] []
[2026-07-16 12:46:31] SlimMonoLogger.INFO: Cron ran at: 16-07-2026 12:46:31 PM [] []
[2026-07-16 12:46:32] SlimMonoLogger.INFO: Cron ran at: 16-07-2026 12:46:32 PM [] []
[2026-07-16 12:46:46] SlimMonoLogger.INFO: Cron ran at: 16-07-2026 12:46:46 PM [] []
[2026-07-16 12:46:46] SlimMonoLogger.INFO: Cron ran at: 16-07-2026 12:46:46 PM [] []
[2026-07-16 12:47:25] SlimMonoLogger.INFO: Cron ran at: 16-07-2026 12:47:25 PM [] []
[2026-07-16 12:47:28] SlimMonoLogger.INFO: Cron ran at: 16-07-2026 12:47:28 PM [] []
[2026-07-16 12:47:46] SlimMonoLogger.INFO: Cron ran at: 16-07-2026 12:47:46 PM [] []
[2026-07-16 12:47:47] SlimMonoLogger.INFO: Cron ran at: 16-07-2026 12:47:47 PM [] []
[2026-07-16 12:48:14] SlimMonoLogger.INFO: Cron ran at: 16-07-2026 12:48:14 PM [] []
[2026-07-16 12:48:21] SlimMonoLogger.INFO: Cron ran at: 16-07-2026 12:48:21 PM [] []
[2026-07-16 12:48:46] SlimMonoLogger.INFO: Cron ran at: 16-07-2026 12:48:46 PM [] []
[2026-07-16 12:48:48] SlimMonoLogger.INFO: Cron ran at: 16-07-2026 12:48:48 PM [] []
[2026-07-16 12:49:09] SlimMonoLogger.INFO: Cron ran at: 16-07-2026 12:49:09 PM [] []
[2026-07-16 12:49:17] SlimMonoLogger.INFO: Cron ran at: 16-07-2026 12:49:17 PM [] []
[2026-07-16 12:49:44] SlimMonoLogger.INFO: Cron ran at: 16-07-2026 12:49:44 PM [] []
[2026-07-16 12:49:47] SlimMonoLogger.INFO: Cron ran at: 16-07-2026 12:49:47 PM [] []
[2026-07-16 12:50:02] SlimMonoLogger.INFO: Cron ran at: 16-07-2026 12:50:02 PM [] []
[2026-07-16 12:50:19] SlimMonoLogger.INFO: Cron ran at: 16-07-2026 12:50:19 PM [] []
[2026-07-16 12:50:50] SlimMonoLogger.INFO: Cron ran at: 16-07-2026 12:50:50 PM [] []
[2026-07-16 12:51:08] SlimMonoLogger.INFO: Cron ran at: 16-07-2026 12:51:08 PM [] []
[2026-07-16 12:51:17] SlimMonoLogger.INFO: Cron ran at: 16-07-2026 12:51:17 PM [] []
[2026-07-16 12:51:50] SlimMonoLogger.INFO: Cron ran at: 16-07-2026 12:51:50 PM [] []
[2026-07-16 12:51:51] SlimMonoLogger.INFO: Cron ran at: 16-07-2026 12:51:51 PM [] []
[2026-07-16 12:51:57] SlimMonoLogger.INFO: Cron ran at: 16-07-2026 12:51:57 PM [] []
[2026-07-16 12:52:23] SlimMonoLogger.INFO: Cron ran at: 16-07-2026 12:52:23 PM [] []
[2026-07-16 12:52:35] SlimMonoLogger.INFO: Cron ran at: 16-07-2026 12:52:35 PM [] []
[2026-07-16 12:52:44] SlimMonoLogger.INFO: Cron ran at: 16-07-2026 12:52:44 PM [] []
[2026-07-16 12:52:52] SlimMonoLogger.INFO: Cron ran at: 16-07-2026 12:52:52 PM [] []
[2026-07-16 12:53:22] SlimMonoLogger.INFO: Cron ran at: 16-07-2026 12:53:22 PM [] []
[2026-07-16 12:53:36] SlimMonoLogger.INFO: Cron ran at: 16-07-2026 12:53:36 PM [] []
[2026-07-16 12:53:55] SlimMonoLogger.INFO: Cron ran at: 16-07-2026 12:53:55 PM [] []
[2026-07-16 12:53:56] SlimMonoLogger.INFO: Cron ran at: 16-07-2026 12:53:56 PM [] []
[2026-07-16 12:54:23] SlimMonoLogger.INFO: Cron ran at: 16-07-2026 12:54:23 PM [] []
[2026-07-16 12:54:24] SlimMonoLogger.INFO: Cron ran at: 16-07-2026 12:54:24 PM [] []
[2026-07-16 12:54:44] SlimMonoLogger.INFO: Cron ran at: 16-07-2026 12:54:44 PM [] []
[2026-07-16 12:54:49] SlimMonoLogger.INFO: Cron ran at: 16-07-2026 12:54:49 PM [] []
[2026-07-16 12:55:23] SlimMonoLogger.INFO: Cron ran at: 16-07-2026 12:55:23 PM [] []
[2026-07-16 12:55:23] SlimMonoLogger.INFO: Cron ran at: 16-07-2026 12:55:23 PM [] []
[2026-07-16 12:55:52] SlimMonoLogger.INFO: Cron ran at: 16-07-2026 12:55:52 PM [] []
[2026-07-16 12:56:10] SlimMonoLogger.INFO: Cron ran at: 16-07-2026 12:56:10 PM [] []
[2026-07-16 12:56:20] SlimMonoLogger.INFO: Cron ran at: 16-07-2026 12:56:20 PM [] []
[2026-07-16 12:56:51] SlimMonoLogger.INFO: Cron ran at: 16-07-2026 12:56:51 PM [] []
[2026-07-16 12:57:06] SlimMonoLogger.INFO: Cron ran at: 16-07-2026 12:57:06 PM [] []
[2026-07-16 12:57:06] SlimMonoLogger.INFO: Cron ran at: 16-07-2026 12:57:06 PM [] []
[2026-07-16 12:57:21] SlimMonoLogger.INFO: Cron ran at: 16-07-2026 12:57:21 PM [] []
[2026-07-16 12:57:51] SlimMonoLogger.INFO: Cron ran at: 16-07-2026 12:57:51 PM [] []
[2026-07-16 12:58:05] SlimMonoLogger.INFO: Cron ran at: 16-07-2026 12:58:05 PM [] []
[2026-07-16 12:58:05] SlimMonoLogger.INFO: Cron ran at: 16-07-2026 12:58:05 PM [] []
[2026-07-16 12:58:21] SlimMonoLogger.INFO: Cron ran at: 16-07-2026 12:58:21 PM [] []
[2026-07-16 12:58:57] SlimMonoLogger.INFO: Cron ran at: 16-07-2026 12:58:57 PM [] []
[2026-07-16 12:59:04] SlimMonoLogger.INFO: Cron ran at: 16-07-2026 12:59:04 PM [] []
[2026-07-16 12:59:07] SlimMonoLogger.INFO: Cron ran at: 16-07-2026 12:59:07 PM [] []
[2026-07-16 12:59:20] SlimMonoLogger.INFO: Cron ran at: 16-07-2026 12:59:20 PM [] []
[2026-07-16 12:59:45] SlimMonoLogger.INFO: Cron ran at: 16-07-2026 12:59:45 PM [] []
[2026-07-16 12:59:46] SlimMonoLogger.INFO: Cron ran at: 16-07-2026 12:59:46 PM [] []
[2026-07-16 13:00:05] SlimMonoLogger.INFO: Cron ran at: 16-07-2026 01:00:05 PM [] []
[2026-07-16 13:00:32] SlimMonoLogger.INFO: Cron ran at: 16-07-2026 01:00:32 PM [] []
[2026-07-16 13:00:52] SlimMonoLogger.INFO: Cron ran at: 16-07-2026 01:00:52 PM [] []
[2026-07-16 13:00:53] SlimMonoLogger.INFO: Cron ran at: 16-07-2026 01:00:53 PM [] []
[2026-07-16 13:01:03] SlimMonoLogger.INFO: Cron ran at: 16-07-2026 01:01:03 PM [] []
[2026-07-16 13:01:36] SlimMonoLogger.INFO: Cron ran at: 16-07-2026 01:01:36 PM [] []
[2026-07-16 13:01:50] SlimMonoLogger.INFO: Cron ran at: 16-07-2026 01:01:50 PM [] []
[2026-07-16 13:02:06] SlimMonoLogger.INFO: Cron ran at: 16-07-2026 01:02:06 PM [] []
[2026-07-16 13:02:06] SlimMonoLogger.INFO: Cron ran at: 16-07-2026 01:02:06 PM [] []
[2026-07-16 13:02:34] SlimMonoLogger.INFO: Cron ran at: 16-07-2026 01:02:34 PM [] []
[2026-07-16 13:02:52] SlimMonoLogger.INFO: Cron ran at: 16-07-2026 01:02:52 PM [] []
[2026-07-16 13:02:58] SlimMonoLogger.INFO: Cron ran at: 16-07-2026 01:02:58 PM [] []
[2026-07-16 13:03:06] SlimMonoLogger.INFO: Cron ran at: 16-07-2026 01:03:06 PM [] []
[2026-07-16 13:03:29] SlimMonoLogger.INFO: Cron ran at: 16-07-2026 01:03:29 PM [] []
[2026-07-16 13:03:55] SlimMonoLogger.INFO: Cron ran at: 16-07-2026 01:03:55 PM [] []
[2026-07-16 13:03:58] SlimMonoLogger.INFO: Cron ran at: 16-07-2026 01:03:58 PM [] []
[2026-07-16 13:04:10] SlimMonoLogger.INFO: Cron ran at: 16-07-2026 01:04:10 PM [] []
[2026-07-16 13:04:33] SlimMonoLogger.INFO: Cron ran at: 16-07-2026 01:04:33 PM [] []
[2026-07-16 13:05:05] SlimMonoLogger.INFO: Cron ran at: 16-07-2026 01:05:05 PM [] []
[2026-07-16 13:05:18] SlimMonoLogger.INFO: Cron ran at: 16-07-2026 01:05:18 PM [] []
[2026-07-16 13:05:25] SlimMonoLogger.INFO: Cron ran at: 16-07-2026 01:05:25 PM [] []
[2026-07-16 13:05:38] SlimMonoLogger.INFO: Cron ran at: 16-07-2026 01:05:38 PM [] []
[2026-07-16 13:05:39] SlimMonoLogger.INFO: Cron ran at: 16-07-2026 01:05:39 PM [] []
[2026-07-16 13:06:04] SlimMonoLogger.INFO: Cron ran at: 16-07-2026 01:06:04 PM [] []
[2026-07-16 13:06:25] SlimMonoLogger.INFO: Cron ran at: 16-07-2026 01:06:25 PM [] []
[2026-07-16 13:06:27] SlimMonoLogger.INFO: Cron ran at: 16-07-2026 01:06:27 PM [] []
[2026-07-16 13:06:35] SlimMonoLogger.INFO: Cron ran at: 16-07-2026 01:06:35 PM [] []
[2026-07-16 13:07:17] SlimMonoLogger.INFO: Cron ran at: 16-07-2026 01:07:17 PM [] []
[2026-07-16 13:07:29] SlimMonoLogger.INFO: Cron ran at: 16-07-2026 01:07:29 PM [] []
[2026-07-16 13:07:30] SlimMonoLogger.INFO: Cron ran at: 16-07-2026 01:07:30 PM [] []
[2026-07-16 13:07:35] SlimMonoLogger.INFO: Cron ran at: 16-07-2026 01:07:35 PM [] []
[2026-07-16 13:08:03] SlimMonoLogger.INFO: Cron ran at: 16-07-2026 01:08:03 PM [] []
[2026-07-16 13:08:17] SlimMonoLogger.INFO: Cron ran at: 16-07-2026 01:08:17 PM [] []
[2026-07-16 13:08:22] SlimMonoLogger.INFO: Cron ran at: 16-07-2026 01:08:22 PM [] []
[2026-07-16 13:08:36] SlimMonoLogger.INFO: Cron ran at: 16-07-2026 01:08:36 PM [] []
[2026-07-16 13:09:02] SlimMonoLogger.INFO: Cron ran at: 16-07-2026 01:09:02 PM [] []
[2026-07-16 13:09:16] SlimMonoLogger.INFO: Cron ran at: 16-07-2026 01:09:16 PM [] []
[2026-07-16 13:09:19] SlimMonoLogger.INFO: Cron ran at: 16-07-2026 01:09:19 PM [] []
[2026-07-16 13:09:23] SlimMonoLogger.INFO: Cron ran at: 16-07-2026 01:09:23 PM [] []
[2026-07-16 13:10:06] SlimMonoLogger.INFO: Cron ran at: 16-07-2026 01:10:06 PM [] []
[2026-07-16 13:10:06] SlimMonoLogger.INFO: Cron ran at: 16-07-2026 01:10:06 PM [] []
[2026-07-16 13:10:21] SlimMonoLogger.INFO: Cron ran at: 16-07-2026 01:10:21 PM [] []
[2026-07-16 13:10:26] SlimMonoLogger.INFO: Cron ran at: 16-07-2026 01:10:26 PM [] []
[2026-07-16 13:11:04] SlimMonoLogger.INFO: Cron ran at: 16-07-2026 01:11:04 PM [] []
[2026-07-16 13:11:39] SlimMonoLogger.INFO: Cron ran at: 16-07-2026 01:11:39 PM [] []
[2026-07-16 13:11:39] SlimMonoLogger.INFO: Cron ran at: 16-07-2026 01:11:39 PM [] []
[2026-07-16 13:11:47] SlimMonoLogger.INFO: Cron ran at: 16-07-2026 01:11:47 PM [] []
[2026-07-16 13:12:06] SlimMonoLogger.INFO: Cron ran at: 16-07-2026 01:12:06 PM [] []
[2026-07-16 13:12:07] SlimMonoLogger.INFO: Cron ran at: 16-07-2026 01:12:07 PM [] []
[2026-07-16 13:12:27] SlimMonoLogger.INFO: Cron ran at: 16-07-2026 01:12:27 PM [] []
[2026-07-16 13:12:47] SlimMonoLogger.INFO: Cron ran at: 16-07-2026 01:12:47 PM [] []
[2026-07-16 13:12:57] SlimMonoLogger.INFO: Cron ran at: 16-07-2026 01:12:57 PM [] []
[2026-07-16 13:12:58] SlimMonoLogger.INFO: Cron ran at: 16-07-2026 01:12:58 PM [] []
[2026-07-16 13:13:23] SlimMonoLogger.INFO: Cron ran at: 16-07-2026 01:13:23 PM [] []
[2026-07-16 13:13:44] SlimMonoLogger.INFO: Cron ran at: 16-07-2026 01:13:44 PM [] []
[2026-07-16 13:13:44] SlimMonoLogger.INFO: Cron ran at: 16-07-2026 01:13:44 PM [] []
[2026-07-16 13:13:54] SlimMonoLogger.INFO: Cron ran at: 16-07-2026 01:13:54 PM [] []
[2026-07-16 13:14:22] SlimMonoLogger.INFO: Cron ran at: 16-07-2026 01:14:22 PM [] []
[2026-07-16 13:14:36] SlimMonoLogger.INFO: Cron ran at: 16-07-2026 01:14:36 PM [] []
[2026-07-16 13:14:43] SlimMonoLogger.INFO: Cron ran at: 16-07-2026 01:14:43 PM [] []
[2026-07-16 13:14:49] SlimMonoLogger.INFO: Cron ran at: 16-07-2026 01:14:49 PM [] []
[2026-07-16 13:15:23] SlimMonoLogger.INFO: Cron ran at: 16-07-2026 01:15:23 PM [] []
[2026-07-16 13:15:35] SlimMonoLogger.INFO: Cron ran at: 16-07-2026 01:15:35 PM [] []
[2026-07-16 13:15:54] SlimMonoLogger.INFO: Cron ran at: 16-07-2026 01:15:54 PM [] []
[2026-07-16 13:16:24] SlimMonoLogger.INFO: Cron ran at: 16-07-2026 01:16:24 PM [] []
[2026-07-16 13:16:27] SlimMonoLogger.INFO: Cron ran at: 16-07-2026 01:16:27 PM [] []
[2026-07-16 13:16:47] SlimMonoLogger.INFO: Cron ran at: 16-07-2026 01:16:47 PM [] []
[2026-07-16 13:16:49] SlimMonoLogger.INFO: Cron ran at: 16-07-2026 01:16:49 PM [] []
[2026-07-16 13:17:24] SlimMonoLogger.INFO: Cron ran at: 16-07-2026 01:17:24 PM [] []
[2026-07-16 13:17:24] SlimMonoLogger.INFO: Cron ran at: 16-07-2026 01:17:24 PM [] []
[2026-07-16 13:17:34] SlimMonoLogger.INFO: Cron ran at: 16-07-2026 01:17:34 PM [] []
[2026-07-16 13:17:53] SlimMonoLogger.INFO: Cron ran at: 16-07-2026 01:17:53 PM [] []
[2026-07-16 13:18:26] SlimMonoLogger.INFO: Cron ran at: 16-07-2026 01:18:26 PM [] []
[2026-07-16 13:18:27] SlimMonoLogger.INFO: Cron ran at: 16-07-2026 01:18:27 PM [] []
[2026-07-16 13:18:35] SlimMonoLogger.INFO: Cron ran at: 16-07-2026 01:18:35 PM [] []
[2026-07-16 13:18:54] SlimMonoLogger.INFO: Cron ran at: 16-07-2026 01:18:54 PM [] []
[2026-07-16 13:19:15] SlimMonoLogger.INFO: Cron ran at: 16-07-2026 01:19:15 PM [] []
[2026-07-16 13:19:20] SlimMonoLogger.INFO: Cron ran at: 16-07-2026 01:19:20 PM [] []
[2026-07-16 13:19:25] SlimMonoLogger.INFO: Cron ran at: 16-07-2026 01:19:25 PM [] []
[2026-07-16 13:19:54] SlimMonoLogger.INFO: Cron ran at: 16-07-2026 01:19:54 PM [] []
[2026-07-16 13:20:19] SlimMonoLogger.INFO: Cron ran at: 16-07-2026 01:20:19 PM [] []
[2026-07-16 13:20:20] SlimMonoLogger.INFO: Cron ran at: 16-07-2026 01:20:20 PM [] []
[2026-07-16 13:20:23] SlimMonoLogger.INFO: Cron ran at: 16-07-2026 01:20:23 PM [] []
[2026-07-16 13:21:06] SlimMonoLogger.INFO: Cron ran at: 16-07-2026 01:21:06 PM [] []
[2026-07-16 13:21:13] SlimMonoLogger.INFO: Cron ran at: 16-07-2026 01:21:13 PM [] []
[2026-07-16 13:21:19] SlimMonoLogger.INFO: Cron ran at: 16-07-2026 01:21:19 PM [] []
[2026-07-16 13:22:04] SlimMonoLogger.INFO: Cron ran at: 16-07-2026 01:22:04 PM [] []
[2026-07-16 13:22:07] SlimMonoLogger.INFO: Cron ran at: 16-07-2026 01:22:07 PM [] []
[2026-07-16 13:22:08] SlimMonoLogger.INFO: Cron ran at: 16-07-2026 01:22:08 PM [] []
[2026-07-16 13:22:23] SlimMonoLogger.INFO: Cron ran at: 16-07-2026 01:22:23 PM [] []
[2026-07-16 13:22:57] SlimMonoLogger.INFO: Cron ran at: 16-07-2026 01:22:57 PM [] []
[2026-07-16 13:23:05] SlimMonoLogger.INFO: Cron ran at: 16-07-2026 01:23:05 PM [] []
[2026-07-16 13:23:06] SlimMonoLogger.INFO: Cron ran at: 16-07-2026 01:23:06 PM [] []
[2026-07-16 13:23:30] SlimMonoLogger.INFO: Cron ran at: 16-07-2026 01:23:30 PM [] []
[2026-07-16 13:23:56] SlimMonoLogger.INFO: Cron ran at: 16-07-2026 01:23:56 PM [] []
[2026-07-16 13:23:58] SlimMonoLogger.INFO: Cron ran at: 16-07-2026 01:23:58 PM [] []
[2026-07-16 13:24:07] SlimMonoLogger.INFO: Cron ran at: 16-07-2026 01:24:07 PM [] []
[2026-07-16 13:24:22] SlimMonoLogger.INFO: Cron ran at: 16-07-2026 01:24:22 PM [] []
[2026-07-16 13:24:47] SlimMonoLogger.INFO: Cron ran at: 16-07-2026 01:24:47 PM [] []
[2026-07-16 13:24:56] SlimMonoLogger.INFO: Cron ran at: 16-07-2026 01:24:56 PM [] []
[2026-07-16 13:24:58] SlimMonoLogger.INFO: Cron ran at: 16-07-2026 01:24:58 PM [] []
[2026-07-16 13:25:28] SlimMonoLogger.INFO: Cron ran at: 16-07-2026 01:25:28 PM [] []
[2026-07-16 13:25:44] SlimMonoLogger.INFO: Cron ran at: 16-07-2026 01:25:44 PM [] []
[2026-07-16 13:26:07] SlimMonoLogger.INFO: Cron ran at: 16-07-2026 01:26:07 PM [] []
[2026-07-16 13:26:26] SlimMonoLogger.INFO: Cron ran at: 16-07-2026 01:26:26 PM [] []
[2026-07-16 13:26:36] SlimMonoLogger.INFO: Cron ran at: 16-07-2026 01:26:36 PM [] []
[2026-07-16 13:27:05] SlimMonoLogger.INFO: Cron ran at: 16-07-2026 01:27:05 PM [] []
[2026-07-16 13:27:05] SlimMonoLogger.INFO: Cron ran at: 16-07-2026 01:27:05 PM [] []
[2026-07-16 13:27:25] SlimMonoLogger.INFO: Cron ran at: 16-07-2026 01:27:25 PM [] []
[2026-07-16 13:27:34] SlimMonoLogger.INFO: Cron ran at: 16-07-2026 01:27:34 PM [] []
[2026-07-16 13:27:58] SlimMonoLogger.INFO: Cron ran at: 16-07-2026 01:27:58 PM [] []
[2026-07-16 13:28:05] SlimMonoLogger.INFO: Cron ran at: 16-07-2026 01:28:05 PM [] []
[2026-07-16 13:28:26] SlimMonoLogger.INFO: Cron ran at: 16-07-2026 01:28:26 PM [] []
[2026-07-16 13:28:31] SlimMonoLogger.INFO: Cron ran at: 16-07-2026 01:28:31 PM [] []
[2026-07-16 13:28:53] SlimMonoLogger.INFO: Cron ran at: 16-07-2026 01:28:53 PM [] []
[2026-07-16 13:29:06] SlimMonoLogger.INFO: Cron ran at: 16-07-2026 01:29:06 PM [] []
[2026-07-16 13:29:41] SlimMonoLogger.INFO: Cron ran at: 16-07-2026 01:29:41 PM [] []
[2026-07-16 13:29:41] SlimMonoLogger.INFO: Cron ran at: 16-07-2026 01:29:41 PM [] []
[2026-07-16 13:29:43] SlimMonoLogger.INFO: Cron ran at: 16-07-2026 01:29:43 PM [] []
[2026-07-16 13:29:54] SlimMonoLogger.INFO: Cron ran at: 16-07-2026 01:29:54 PM [] []
[2026-07-16 13:30:31] SlimMonoLogger.INFO: Cron ran at: 16-07-2026 01:30:31 PM [] []
[2026-07-16 13:30:34] SlimMonoLogger.INFO: Cron ran at: 16-07-2026 01:30:34 PM [] []
[2026-07-16 13:30:52] SlimMonoLogger.INFO: Cron ran at: 16-07-2026 01:30:52 PM [] []
[2026-07-16 13:30:53] SlimMonoLogger.INFO: Cron ran at: 16-07-2026 01:30:53 PM [] []
[2026-07-16 13:31:35] SlimMonoLogger.INFO: Cron ran at: 16-07-2026 01:31:35 PM [] []
[2026-07-16 13:31:35] SlimMonoLogger.INFO: Cron ran at: 16-07-2026 01:31:35 PM [] []
[2026-07-16 13:31:35] SlimMonoLogger.INFO: Cron ran at: 16-07-2026 01:31:35 PM [] []
[2026-07-16 13:32:04] SlimMonoLogger.INFO: Cron ran at: 16-07-2026 01:32:04 PM [] []
[2026-07-16 13:32:24] SlimMonoLogger.INFO: Cron ran at: 16-07-2026 01:32:24 PM [] []
[2026-07-16 13:32:24] SlimMonoLogger.INFO: Cron ran at: 16-07-2026 01:32:24 PM [] []
[2026-07-16 13:32:26] SlimMonoLogger.INFO: Cron ran at: 16-07-2026 01:32:26 PM [] []
[2026-07-16 13:32:35] SlimMonoLogger.INFO: Cron ran at: 16-07-2026 01:32:35 PM [] []
[2026-07-16 13:33:19] SlimMonoLogger.INFO: Cron ran at: 16-07-2026 01:33:19 PM [] []
[2026-07-16 13:33:20] SlimMonoLogger.INFO: Cron ran at: 16-07-2026 01:33:20 PM [] []
[2026-07-16 13:33:28] SlimMonoLogger.INFO: Cron ran at: 16-07-2026 01:33:28 PM [] []
[2026-07-16 13:33:43] SlimMonoLogger.INFO: Cron ran at: 16-07-2026 01:33:43 PM [] []
[2026-07-16 13:34:13] SlimMonoLogger.INFO: Cron ran at: 16-07-2026 01:34:13 PM [] []
[2026-07-16 13:34:30] SlimMonoLogger.INFO: Cron ran at: 16-07-2026 01:34:30 PM [] []
[2026-07-16 13:34:36] SlimMonoLogger.INFO: Cron ran at: 16-07-2026 01:34:36 PM [] []
[2026-07-16 13:34:37] SlimMonoLogger.INFO: Cron ran at: 16-07-2026 01:34:37 PM [] []
[2026-07-16 13:35:03] SlimMonoLogger.INFO: Cron ran at: 16-07-2026 01:35:03 PM [] []
[2026-07-16 13:35:26] SlimMonoLogger.INFO: Cron ran at: 16-07-2026 01:35:26 PM [] []
[2026-07-16 13:35:27] SlimMonoLogger.INFO: Cron ran at: 16-07-2026 01:35:27 PM [] []
[2026-07-16 13:36:00] SlimMonoLogger.INFO: Cron ran at: 16-07-2026 01:36:00 PM [] []
[2026-07-16 13:36:25] SlimMonoLogger.INFO: Cron ran at: 16-07-2026 01:36:25 PM [] []
[2026-07-16 13:36:30] SlimMonoLogger.INFO: Cron ran at: 16-07-2026 01:36:30 PM [] []
[2026-07-16 13:36:55] SlimMonoLogger.INFO: Cron ran at: 16-07-2026 01:36:55 PM [] []
[2026-07-16 13:37:22] SlimMonoLogger.INFO: Cron ran at: 16-07-2026 01:37:22 PM [] []
[2026-07-16 13:37:25] SlimMonoLogger.INFO: Cron ran at: 16-07-2026 01:37:25 PM [] []
[2026-07-16 13:37:30] SlimMonoLogger.INFO: Cron ran at: 16-07-2026 01:37:30 PM [] []
[2026-07-16 13:37:56] SlimMonoLogger.INFO: Cron ran at: 16-07-2026 01:37:56 PM [] []
[2026-07-16 13:38:10] SlimMonoLogger.INFO: Cron ran at: 16-07-2026 01:38:10 PM [] []
[2026-07-16 13:38:27] SlimMonoLogger.INFO: Cron ran at: 16-07-2026 01:38:27 PM [] []
[2026-07-16 13:38:27] SlimMonoLogger.INFO: Cron ran at: 16-07-2026 01:38:27 PM [] []
[2026-07-16 13:38:50] SlimMonoLogger.INFO: Cron ran at: 16-07-2026 01:38:50 PM [] []
[2026-07-16 13:38:55] SlimMonoLogger.INFO: Cron ran at: 16-07-2026 01:38:55 PM [] []
[2026-07-16 13:39:23] SlimMonoLogger.INFO: Cron ran at: 16-07-2026 01:39:23 PM [] []
[2026-07-16 13:39:31] SlimMonoLogger.INFO: Cron ran at: 16-07-2026 01:39:31 PM [] []
[2026-07-16 13:39:52] SlimMonoLogger.INFO: Cron ran at: 16-07-2026 01:39:52 PM [] []
[2026-07-16 13:40:03] SlimMonoLogger.INFO: Cron ran at: 16-07-2026 01:40:03 PM [] []
[2026-07-16 13:40:29] SlimMonoLogger.INFO: Cron ran at: 16-07-2026 01:40:29 PM [] []
[2026-07-16 13:40:33] SlimMonoLogger.INFO: Cron ran at: 16-07-2026 01:40:33 PM [] []
[2026-07-16 13:40:54] SlimMonoLogger.INFO: Cron ran at: 16-07-2026 01:40:54 PM [] []
[2026-07-16 13:40:55] SlimMonoLogger.INFO: Cron ran at: 16-07-2026 01:40:55 PM [] []
[2026-07-16 13:41:29] SlimMonoLogger.INFO: Cron ran at: 16-07-2026 01:41:29 PM [] []
[2026-07-16 13:41:37] SlimMonoLogger.INFO: Cron ran at: 16-07-2026 01:41:37 PM [] []
[2026-07-16 13:41:45] SlimMonoLogger.INFO: Cron ran at: 16-07-2026 01:41:45 PM [] []
[2026-07-16 13:41:49] SlimMonoLogger.INFO: Cron ran at: 16-07-2026 01:41:49 PM [] []
[2026-07-16 13:42:28] SlimMonoLogger.INFO: Cron ran at: 16-07-2026 01:42:28 PM [] []
[2026-07-16 13:42:35] SlimMonoLogger.INFO: Cron ran at: 16-07-2026 01:42:35 PM [] []
[2026-07-16 13:42:36] SlimMonoLogger.INFO: Cron ran at: 16-07-2026 01:42:36 PM [] []
[2026-07-16 13:42:58] SlimMonoLogger.INFO: Cron ran at: 16-07-2026 01:42:58 PM [] []
[2026-07-16 13:43:22] SlimMonoLogger.INFO: Cron ran at: 16-07-2026 01:43:22 PM [] []
[2026-07-16 13:43:24] SlimMonoLogger.INFO: Cron ran at: 16-07-2026 01:43:24 PM [] []
[2026-07-16 13:43:26] SlimMonoLogger.INFO: Cron ran at: 16-07-2026 01:43:26 PM [] []
[2026-07-16 13:43:45] SlimMonoLogger.INFO: Cron ran at: 16-07-2026 01:43:45 PM [] []
[2026-07-16 13:44:23] SlimMonoLogger.INFO: Cron ran at: 16-07-2026 01:44:23 PM [] []
[2026-07-16 13:44:23] SlimMonoLogger.INFO: Cron ran at: 16-07-2026 01:44:23 PM [] []
[2026-07-16 13:44:27] SlimMonoLogger.INFO: Cron ran at: 16-07-2026 01:44:27 PM [] []
[2026-07-16 13:44:55] SlimMonoLogger.INFO: Cron ran at: 16-07-2026 01:44:55 PM [] []
[2026-07-16 13:45:20] SlimMonoLogger.INFO: Cron ran at: 16-07-2026 01:45:20 PM [] []
[2026-07-16 13:45:27] SlimMonoLogger.INFO: Cron ran at: 16-07-2026 01:45:27 PM [] []
[2026-07-16 13:45:27] SlimMonoLogger.INFO: Cron ran at: 16-07-2026 01:45:27 PM [] []
[2026-07-16 13:45:47] SlimMonoLogger.INFO: Cron ran at: 16-07-2026 01:45:47 PM [] []
[2026-07-16 13:46:07] SlimMonoLogger.INFO: Cron ran at: 16-07-2026 01:46:07 PM [] []
[2026-07-16 13:46:28] SlimMonoLogger.INFO: Cron ran at: 16-07-2026 01:46:28 PM [] []
[2026-07-16 13:46:46] SlimMonoLogger.INFO: Cron ran at: 16-07-2026 01:46:46 PM [] []
[2026-07-16 13:46:47] SlimMonoLogger.INFO: Cron ran at: 16-07-2026 01:46:47 PM [] []
[2026-07-16 13:47:04] SlimMonoLogger.INFO: Cron ran at: 16-07-2026 01:47:04 PM [] []
[2026-07-16 13:47:28] SlimMonoLogger.INFO: Cron ran at: 16-07-2026 01:47:28 PM [] []
[2026-07-16 13:47:42] SlimMonoLogger.INFO: Cron ran at: 16-07-2026 01:47:42 PM [] []
[2026-07-16 13:47:44] SlimMonoLogger.INFO: Cron ran at: 16-07-2026 01:47:44 PM [] []
[2026-07-16 13:48:01] SlimMonoLogger.INFO: Cron ran at: 16-07-2026 01:48:01 PM [] []
[2026-07-16 13:48:03] SlimMonoLogger.INFO: Cron ran at: 16-07-2026 01:48:03 PM [] []
[2026-07-16 13:48:26] SlimMonoLogger.INFO: Cron ran at: 16-07-2026 01:48:26 PM [] []
[2026-07-16 13:48:41] SlimMonoLogger.INFO: Cron ran at: 16-07-2026 01:48:41 PM [] []
[2026-07-16 13:48:57] SlimMonoLogger.INFO: Cron ran at: 16-07-2026 01:48:57 PM [] []
[2026-07-16 13:49:02] SlimMonoLogger.INFO: Cron ran at: 16-07-2026 01:49:02 PM [] []
[2026-07-16 13:49:29] SlimMonoLogger.INFO: Cron ran at: 16-07-2026 01:49:29 PM [] []
[2026-07-16 13:49:39] SlimMonoLogger.INFO: Cron ran at: 16-07-2026 01:49:39 PM [] []
[2026-07-16 13:50:05] SlimMonoLogger.INFO: Cron ran at: 16-07-2026 01:50:05 PM [] []
[2026-07-16 13:50:20] SlimMonoLogger.INFO: Cron ran at: 16-07-2026 01:50:20 PM [] []
[2026-07-16 13:50:28] SlimMonoLogger.INFO: Cron ran at: 16-07-2026 01:50:28 PM [] []
[2026-07-16 13:51:00] SlimMonoLogger.INFO: Cron ran at: 16-07-2026 01:51:00 PM [] []
[2026-07-16 13:51:29] SlimMonoLogger.INFO: Cron ran at: 16-07-2026 01:51:29 PM [] []
[2026-07-16 13:51:30] SlimMonoLogger.INFO: Cron ran at: 16-07-2026 01:51:30 PM [] []
[2026-07-16 13:51:59] SlimMonoLogger.INFO: Cron ran at: 16-07-2026 01:51:59 PM [] []
[2026-07-16 13:52:13] SlimMonoLogger.INFO: Cron ran at: 16-07-2026 01:52:13 PM [] []
[2026-07-16 13:52:14] SlimMonoLogger.INFO: Cron ran at: 16-07-2026 01:52:14 PM [] []
[2026-07-16 13:52:32] SlimMonoLogger.INFO: Cron ran at: 16-07-2026 01:52:32 PM [] []
[2026-07-16 13:53:01] SlimMonoLogger.INFO: Cron ran at: 16-07-2026 01:53:01 PM [] []
[2026-07-16 13:53:06] SlimMonoLogger.INFO: Cron ran at: 16-07-2026 01:53:06 PM [] []
[2026-07-16 13:53:06] SlimMonoLogger.INFO: Cron ran at: 16-07-2026 01:53:06 PM [] []
[2026-07-16 13:53:26] SlimMonoLogger.INFO: Cron ran at: 16-07-2026 01:53:26 PM [] []
[2026-07-16 13:53:54] SlimMonoLogger.INFO: Cron ran at: 16-07-2026 01:53:54 PM [] []
[2026-07-16 13:53:54] SlimMonoLogger.INFO: Cron ran at: 16-07-2026 01:53:54 PM [] []
[2026-07-16 13:54:01] SlimMonoLogger.INFO: Cron ran at: 16-07-2026 01:54:01 PM [] []
[2026-07-16 13:54:25] SlimMonoLogger.INFO: Cron ran at: 16-07-2026 01:54:25 PM [] []
[2026-07-16 13:54:47] SlimMonoLogger.INFO: Cron ran at: 16-07-2026 01:54:47 PM [] []
[2026-07-16 13:55:05] SlimMonoLogger.INFO: Cron ran at: 16-07-2026 01:55:05 PM [] []
[2026-07-16 13:55:12] SlimMonoLogger.INFO: Cron ran at: 16-07-2026 01:55:12 PM [] []
[2026-07-16 13:55:29] SlimMonoLogger.INFO: Cron ran at: 16-07-2026 01:55:29 PM [] []
[2026-07-16 13:55:35] SlimMonoLogger.INFO: Cron ran at: 16-07-2026 01:55:35 PM [] []
[2026-07-16 13:55:42] SlimMonoLogger.INFO: Cron ran at: 16-07-2026 01:55:42 PM [] []
[2026-07-16 13:55:58] SlimMonoLogger.INFO: Cron ran at: 16-07-2026 01:55:58 PM [] []
[2026-07-16 13:56:36] SlimMonoLogger.INFO: Cron ran at: 16-07-2026 01:56:36 PM [] []
[2026-07-16 13:56:37] SlimMonoLogger.INFO: Cron ran at: 16-07-2026 01:56:37 PM [] []
[2026-07-16 13:56:44] SlimMonoLogger.INFO: Cron ran at: 16-07-2026 01:56:44 PM [] []
[2026-07-16 13:56:56] SlimMonoLogger.INFO: Cron ran at: 16-07-2026 01:56:56 PM [] []
[2026-07-16 13:57:30] SlimMonoLogger.INFO: Cron ran at: 16-07-2026 01:57:30 PM [] []
[2026-07-16 13:57:31] SlimMonoLogger.INFO: Cron ran at: 16-07-2026 01:57:31 PM [] []
[2026-07-16 13:57:33] SlimMonoLogger.INFO: Cron ran at: 16-07-2026 01:57:33 PM [] []
[2026-07-16 13:57:55] SlimMonoLogger.INFO: Cron ran at: 16-07-2026 01:57:55 PM [] []
[2026-07-16 13:58:23] SlimMonoLogger.INFO: Cron ran at: 16-07-2026 01:58:23 PM [] []
[2026-07-16 13:58:26] SlimMonoLogger.INFO: Cron ran at: 16-07-2026 01:58:26 PM [] []
[2026-07-16 13:58:27] SlimMonoLogger.INFO: Cron ran at: 16-07-2026 01:58:27 PM [] []
[2026-07-16 13:59:08] SlimMonoLogger.INFO: Cron ran at: 16-07-2026 01:59:08 PM [] []
[2026-07-16 13:59:20] SlimMonoLogger.INFO: Cron ran at: 16-07-2026 01:59:20 PM [] []
[2026-07-16 13:59:26] SlimMonoLogger.INFO: Cron ran at: 16-07-2026 01:59:26 PM [] []
[2026-07-16 13:59:26] SlimMonoLogger.INFO: Cron ran at: 16-07-2026 01:59:26 PM [] []
[2026-07-16 13:59:51] SlimMonoLogger.INFO: Cron ran at: 16-07-2026 01:59:51 PM [] []
[2026-07-16 14:00:12] SlimMonoLogger.INFO: Cron ran at: 16-07-2026 02:00:12 PM [] []
[2026-07-16 14:00:31] SlimMonoLogger.INFO: Cron ran at: 16-07-2026 02:00:31 PM [] []
[2026-07-16 14:00:31] SlimMonoLogger.INFO: Cron ran at: 16-07-2026 02:00:31 PM [] []
[2026-07-16 14:01:08] SlimMonoLogger.INFO: Cron ran at: 16-07-2026 02:01:08 PM [] []
[2026-07-16 14:01:26] SlimMonoLogger.INFO: Cron ran at: 16-07-2026 02:01:26 PM [] []
[2026-07-16 14:01:28] SlimMonoLogger.INFO: Cron ran at: 16-07-2026 02:01:28 PM [] []
[2026-07-16 14:02:02] SlimMonoLogger.INFO: Cron ran at: 16-07-2026 02:02:02 PM [] []
[2026-07-16 14:02:03] SlimMonoLogger.INFO: Cron ran at: 16-07-2026 02:02:03 PM [] []
[2026-07-16 14:02:26] SlimMonoLogger.INFO: Cron ran at: 16-07-2026 02:02:26 PM [] []
[2026-07-16 14:02:34] SlimMonoLogger.INFO: Cron ran at: 16-07-2026 02:02:34 PM [] []
[2026-07-16 14:02:51] SlimMonoLogger.INFO: Cron ran at: 16-07-2026 02:02:51 PM [] []
[2026-07-16 14:02:58] SlimMonoLogger.INFO: Cron ran at: 16-07-2026 02:02:58 PM [] []
[2026-07-16 14:03:26] SlimMonoLogger.INFO: Cron ran at: 16-07-2026 02:03:26 PM [] []
[2026-07-16 14:03:28] SlimMonoLogger.INFO: Cron ran at: 16-07-2026 02:03:28 PM [] []
[2026-07-16 14:03:49] SlimMonoLogger.INFO: Cron ran at: 16-07-2026 02:03:49 PM [] []
[2026-07-16 14:04:05] SlimMonoLogger.INFO: Cron ran at: 16-07-2026 02:04:05 PM [] []
[2026-07-16 14:04:30] SlimMonoLogger.INFO: Cron ran at: 16-07-2026 02:04:30 PM [] []
[2026-07-16 14:04:34] SlimMonoLogger.INFO: Cron ran at: 16-07-2026 02:04:34 PM [] []
[2026-07-16 14:04:34] SlimMonoLogger.INFO: Cron ran at: 16-07-2026 02:04:34 PM [] []
[2026-07-16 14:05:01] SlimMonoLogger.INFO: Cron ran at: 16-07-2026 02:05:01 PM [] []
[2026-07-16 14:05:29] SlimMonoLogger.INFO: Cron ran at: 16-07-2026 02:05:29 PM [] []
[2026-07-16 14:05:29] SlimMonoLogger.INFO: Cron ran at: 16-07-2026 02:05:29 PM [] []
[2026-07-16 14:06:04] SlimMonoLogger.INFO: Cron ran at: 16-07-2026 02:06:04 PM [] []
[2026-07-16 14:06:25] SlimMonoLogger.INFO: Cron ran at: 16-07-2026 02:06:25 PM [] []
[2026-07-16 14:06:26] SlimMonoLogger.INFO: Cron ran at: 16-07-2026 02:06:26 PM [] []
[2026-07-16 14:06:37] SlimMonoLogger.INFO: Cron ran at: 16-07-2026 02:06:37 PM [] []
[2026-07-16 14:06:57] SlimMonoLogger.INFO: Cron ran at: 16-07-2026 02:06:57 PM [] []
[2026-07-16 14:07:21] SlimMonoLogger.INFO: Cron ran at: 16-07-2026 02:07:21 PM [] []
[2026-07-16 14:07:22] SlimMonoLogger.INFO: Cron ran at: 16-07-2026 02:07:22 PM [] []
[2026-07-16 14:07:23] SlimMonoLogger.INFO: Cron ran at: 16-07-2026 02:07:23 PM [] []
[2026-07-16 14:08:02] SlimMonoLogger.INFO: Cron ran at: 16-07-2026 02:08:02 PM [] []
[2026-07-16 14:08:16] SlimMonoLogger.INFO: Cron ran at: 16-07-2026 02:08:16 PM [] []
[2026-07-16 14:08:18] SlimMonoLogger.INFO: Cron ran at: 16-07-2026 02:08:18 PM [] []
[2026-07-16 14:08:31] SlimMonoLogger.INFO: Cron ran at: 16-07-2026 02:08:31 PM [] []
[2026-07-16 14:09:06] SlimMonoLogger.INFO: Cron ran at: 16-07-2026 02:09:06 PM [] []
[2026-07-16 14:09:18] SlimMonoLogger.INFO: Cron ran at: 16-07-2026 02:09:18 PM [] []
[2026-07-16 14:09:31] SlimMonoLogger.INFO: Cron ran at: 16-07-2026 02:09:31 PM [] []
[2026-07-16 14:09:35] SlimMonoLogger.INFO: Cron ran at: 16-07-2026 02:09:35 PM [] []
[2026-07-16 14:10:00] SlimMonoLogger.INFO: Cron ran at: 16-07-2026 02:10:00 PM [] []
[2026-07-16 14:10:14] SlimMonoLogger.INFO: Cron ran at: 16-07-2026 02:10:14 PM [] []
[2026-07-16 14:10:14] SlimMonoLogger.INFO: Cron ran at: 16-07-2026 02:10:14 PM [] []
[2026-07-16 14:10:30] SlimMonoLogger.INFO: Cron ran at: 16-07-2026 02:10:30 PM [] []
[2026-07-16 14:10:58] SlimMonoLogger.INFO: Cron ran at: 16-07-2026 02:10:58 PM [] []
[2026-07-16 14:11:03] SlimMonoLogger.INFO: Cron ran at: 16-07-2026 02:11:03 PM [] []
[2026-07-16 14:11:20] SlimMonoLogger.INFO: Cron ran at: 16-07-2026 02:11:20 PM [] []
[2026-07-16 14:11:30] SlimMonoLogger.INFO: Cron ran at: 16-07-2026 02:11:30 PM [] []
[2026-07-16 14:11:59] SlimMonoLogger.INFO: Cron ran at: 16-07-2026 02:11:59 PM [] []
[2026-07-16 14:11:59] SlimMonoLogger.INFO: Cron ran at: 16-07-2026 02:11:59 PM [] []
[2026-07-16 14:12:18] SlimMonoLogger.INFO: Cron ran at: 16-07-2026 02:12:18 PM [] []
[2026-07-16 14:12:19] SlimMonoLogger.INFO: Cron ran at: 16-07-2026 02:12:19 PM [] []
[2026-07-16 14:12:57] SlimMonoLogger.INFO: Cron ran at: 16-07-2026 02:12:57 PM [] []
[2026-07-16 14:12:58] SlimMonoLogger.INFO: Cron ran at: 16-07-2026 02:12:58 PM [] []
[2026-07-16 14:13:12] SlimMonoLogger.INFO: Cron ran at: 16-07-2026 02:13:12 PM [] []
[2026-07-16 14:13:14] SlimMonoLogger.INFO: Cron ran at: 16-07-2026 02:13:14 PM [] []
[2026-07-16 14:13:51] SlimMonoLogger.INFO: Cron ran at: 16-07-2026 02:13:51 PM [] []
[2026-07-16 14:13:55] SlimMonoLogger.INFO: Cron ran at: 16-07-2026 02:13:55 PM [] []
[2026-07-16 14:14:03] SlimMonoLogger.INFO: Cron ran at: 16-07-2026 02:14:03 PM [] []
[2026-07-16 14:14:09] SlimMonoLogger.INFO: Cron ran at: 16-07-2026 02:14:09 PM [] []
[2026-07-16 14:14:55] SlimMonoLogger.INFO: Cron ran at: 16-07-2026 02:14:55 PM [] []
[2026-07-16 14:14:58] SlimMonoLogger.INFO: Cron ran at: 16-07-2026 02:14:58 PM [] []
[2026-07-16 14:14:58] SlimMonoLogger.INFO: Cron ran at: 16-07-2026 02:14:58 PM [] []
[2026-07-16 14:15:17] SlimMonoLogger.INFO: Cron ran at: 16-07-2026 02:15:17 PM [] []
[2026-07-16 14:15:55] SlimMonoLogger.INFO: Cron ran at: 16-07-2026 02:15:55 PM [] []
[2026-07-16 14:15:56] SlimMonoLogger.INFO: Cron ran at: 16-07-2026 02:15:56 PM [] []
[2026-07-16 14:16:18] SlimMonoLogger.INFO: Cron ran at: 16-07-2026 02:16:18 PM [] []
[2026-07-16 14:16:53] SlimMonoLogger.INFO: Cron ran at: 16-07-2026 02:16:53 PM [] []
[2026-07-16 14:17:03] SlimMonoLogger.INFO: Cron ran at: 16-07-2026 02:17:03 PM [] []
[2026-07-16 14:17:07] SlimMonoLogger.INFO: Cron ran at: 16-07-2026 02:17:07 PM [] []
[2026-07-16 14:17:20] SlimMonoLogger.INFO: Cron ran at: 16-07-2026 02:17:20 PM [] []
[2026-07-16 14:17:49] SlimMonoLogger.INFO: Cron ran at: 16-07-2026 02:17:49 PM [] []
[2026-07-16 14:17:51] SlimMonoLogger.INFO: Cron ran at: 16-07-2026 02:17:51 PM [] []
[2026-07-16 14:17:53] SlimMonoLogger.INFO: Cron ran at: 16-07-2026 02:17:53 PM [] []
[2026-07-16 14:18:18] SlimMonoLogger.INFO: Cron ran at: 16-07-2026 02:18:18 PM [] []
[2026-07-16 14:18:46] SlimMonoLogger.INFO: Cron ran at: 16-07-2026 02:18:46 PM [] []
[2026-07-16 14:18:47] SlimMonoLogger.INFO: Cron ran at: 16-07-2026 02:18:47 PM [] []
[2026-07-16 14:18:50] SlimMonoLogger.INFO: Cron ran at: 16-07-2026 02:18:50 PM [] []
[2026-07-16 14:19:23] SlimMonoLogger.INFO: Cron ran at: 16-07-2026 02:19:23 PM [] []
[2026-07-16 14:19:40] SlimMonoLogger.INFO: Cron ran at: 16-07-2026 02:19:40 PM [] []
[2026-07-16 14:19:44] SlimMonoLogger.INFO: Cron ran at: 16-07-2026 02:19:44 PM [] []
[2026-07-16 14:19:54] SlimMonoLogger.INFO: Cron ran at: 16-07-2026 02:19:54 PM [] []
[2026-07-16 14:20:20] SlimMonoLogger.INFO: Cron ran at: 16-07-2026 02:20:20 PM [] []
[2026-07-16 14:20:32] SlimMonoLogger.INFO: Cron ran at: 16-07-2026 02:20:32 PM [] []
[2026-07-16 14:20:50] SlimMonoLogger.INFO: Cron ran at: 16-07-2026 02:20:50 PM [] []
[2026-07-16 14:20:52] SlimMonoLogger.INFO: Cron ran at: 16-07-2026 02:20:52 PM [] []
[2026-07-16 14:21:32] SlimMonoLogger.INFO: Cron ran at: 16-07-2026 02:21:32 PM [] []
[2026-07-16 14:21:46] SlimMonoLogger.INFO: Cron ran at: 16-07-2026 02:21:46 PM [] []
[2026-07-16 14:21:52] SlimMonoLogger.INFO: Cron ran at: 16-07-2026 02:21:52 PM [] []
[2026-07-16 14:21:53] SlimMonoLogger.INFO: Cron ran at: 16-07-2026 02:21:53 PM [] []
[2026-07-16 14:22:26] SlimMonoLogger.INFO: Cron ran at: 16-07-2026 02:22:26 PM [] []
[2026-07-16 14:22:45] SlimMonoLogger.INFO: Cron ran at: 16-07-2026 02:22:45 PM [] []
[2026-07-16 14:22:49] SlimMonoLogger.INFO: Cron ran at: 16-07-2026 02:22:49 PM [] []
[2026-07-16 14:22:50] SlimMonoLogger.INFO: Cron ran at: 16-07-2026 02:22:50 PM [] []
[2026-07-16 14:23:26] SlimMonoLogger.INFO: Cron ran at: 16-07-2026 02:23:26 PM [] []
[2026-07-16 14:23:41] SlimMonoLogger.INFO: Cron ran at: 16-07-2026 02:23:41 PM [] []
[2026-07-16 14:23:47] SlimMonoLogger.INFO: Cron ran at: 16-07-2026 02:23:47 PM [] []
[2026-07-16 14:23:53] SlimMonoLogger.INFO: Cron ran at: 16-07-2026 02:23:53 PM [] []
[2026-07-16 14:24:18] SlimMonoLogger.INFO: Cron ran at: 16-07-2026 02:24:18 PM [] []
[2026-07-16 14:24:33] SlimMonoLogger.INFO: Cron ran at: 16-07-2026 02:24:33 PM [] []
[2026-07-16 14:24:46] SlimMonoLogger.INFO: Cron ran at: 16-07-2026 02:24:46 PM [] []
[2026-07-16 14:24:53] SlimMonoLogger.INFO: Cron ran at: 16-07-2026 02:24:53 PM [] []
[2026-07-16 14:25:22] SlimMonoLogger.INFO: Cron ran at: 16-07-2026 02:25:22 PM [] []
[2026-07-16 14:25:25] SlimMonoLogger.INFO: Cron ran at: 16-07-2026 02:25:25 PM [] []
[2026-07-16 14:25:47] SlimMonoLogger.INFO: Cron ran at: 16-07-2026 02:25:47 PM [] []
[2026-07-16 14:26:20] SlimMonoLogger.INFO: Cron ran at: 16-07-2026 02:26:20 PM [] []
[2026-07-16 14:26:27] SlimMonoLogger.INFO: Cron ran at: 16-07-2026 02:26:27 PM [] []
[2026-07-16 14:27:42] SlimMonoLogger.INFO: Cron ran at: 16-07-2026 02:27:42 PM [] []
[2026-07-16 14:27:42] SlimMonoLogger.INFO: Cron ran at: 16-07-2026 02:27:42 PM [] []
[2026-07-16 14:27:53] SlimMonoLogger.INFO: Cron ran at: 16-07-2026 02:27:53 PM [] []
[2026-07-16 14:27:55] SlimMonoLogger.INFO: Cron ran at: 16-07-2026 02:27:55 PM [] []
[2026-07-16 14:27:57] SlimMonoLogger.INFO: Cron ran at: 16-07-2026 02:27:57 PM [] []
[2026-07-16 14:27:59] SlimMonoLogger.INFO: Cron ran at: 16-07-2026 02:27:59 PM [] []
[2026-07-16 14:28:18] SlimMonoLogger.INFO: Cron ran at: 16-07-2026 02:28:18 PM [] []
[2026-07-16 14:28:21] SlimMonoLogger.INFO: Cron ran at: 16-07-2026 02:28:21 PM [] []
[2026-07-16 14:28:42] SlimMonoLogger.INFO: Cron ran at: 16-07-2026 02:28:42 PM [] []
[2026-07-16 14:28:45] SlimMonoLogger.INFO: Cron ran at: 16-07-2026 02:28:45 PM [] []
[2026-07-16 14:29:14] SlimMonoLogger.INFO: Cron ran at: 16-07-2026 02:29:14 PM [] []
[2026-07-16 14:29:18] SlimMonoLogger.INFO: Cron ran at: 16-07-2026 02:29:18 PM [] []
[2026-07-16 14:29:35] SlimMonoLogger.INFO: Cron ran at: 16-07-2026 02:29:35 PM [] []
[2026-07-16 14:29:51] SlimMonoLogger.INFO: Cron ran at: 16-07-2026 02:29:51 PM [] []
[2026-07-16 14:30:25] SlimMonoLogger.INFO: Cron ran at: 16-07-2026 02:30:25 PM [] []
[2026-07-16 14:30:26] SlimMonoLogger.INFO: Cron ran at: 16-07-2026 02:30:26 PM [] []
[2026-07-16 14:30:32] SlimMonoLogger.INFO: Cron ran at: 16-07-2026 02:30:32 PM [] []
[2026-07-16 14:31:11] SlimMonoLogger.INFO: Cron ran at: 16-07-2026 02:31:11 PM [] []
[2026-07-16 14:31:18] SlimMonoLogger.INFO: Cron ran at: 16-07-2026 02:31:18 PM [] []
[2026-07-16 14:31:29] SlimMonoLogger.INFO: Cron ran at: 16-07-2026 02:31:29 PM [] []
[2026-07-16 14:32:09] SlimMonoLogger.INFO: Cron ran at: 16-07-2026 02:32:09 PM [] []
[2026-07-16 14:32:11] SlimMonoLogger.INFO: Cron ran at: 16-07-2026 02:32:11 PM [] []
[2026-07-16 14:32:21] SlimMonoLogger.INFO: Cron ran at: 16-07-2026 02:32:21 PM [] []
[2026-07-16 14:32:27] SlimMonoLogger.INFO: Cron ran at: 16-07-2026 02:32:27 PM [] []
[2026-07-16 14:32:55] SlimMonoLogger.INFO: Cron ran at: 16-07-2026 02:32:55 PM [] []
[2026-07-16 14:33:12] SlimMonoLogger.INFO: Cron ran at: 16-07-2026 02:33:12 PM [] []
[2026-07-16 14:33:13] SlimMonoLogger.INFO: Cron ran at: 16-07-2026 02:33:13 PM [] []
[2026-07-16 14:33:15] SlimMonoLogger.INFO: Cron ran at: 16-07-2026 02:33:15 PM [] []
[2026-07-16 14:33:47] SlimMonoLogger.INFO: Cron ran at: 16-07-2026 02:33:47 PM [] []
[2026-07-16 14:34:10] SlimMonoLogger.INFO: Cron ran at: 16-07-2026 02:34:10 PM [] []
[2026-07-16 14:34:17] SlimMonoLogger.INFO: Cron ran at: 16-07-2026 02:34:17 PM [] []
[2026-07-16 14:34:21] SlimMonoLogger.INFO: Cron ran at: 16-07-2026 02:34:21 PM [] []
[2026-07-16 14:34:45] SlimMonoLogger.INFO: Cron ran at: 16-07-2026 02:34:45 PM [] []
[2026-07-16 14:35:22] SlimMonoLogger.INFO: Cron ran at: 16-07-2026 02:35:22 PM [] []
[2026-07-16 14:35:26] SlimMonoLogger.INFO: Cron ran at: 16-07-2026 02:35:26 PM [] []
[2026-07-16 14:35:30] SlimMonoLogger.INFO: Cron ran at: 16-07-2026 02:35:30 PM [] []
[2026-07-16 14:35:47] SlimMonoLogger.INFO: Cron ran at: 16-07-2026 02:35:47 PM [] []
[2026-07-16 14:36:13] SlimMonoLogger.INFO: Cron ran at: 16-07-2026 02:36:13 PM [] []
[2026-07-16 14:36:27] SlimMonoLogger.INFO: Cron ran at: 16-07-2026 02:36:27 PM [] []
[2026-07-16 14:36:38] SlimMonoLogger.INFO: Cron ran at: 16-07-2026 02:36:38 PM [] []
[2026-07-16 14:37:13] SlimMonoLogger.INFO: Cron ran at: 16-07-2026 02:37:13 PM [] []
[2026-07-16 14:37:15] SlimMonoLogger.INFO: Cron ran at: 16-07-2026 02:37:15 PM [] []
[2026-07-16 14:37:18] SlimMonoLogger.INFO: Cron ran at: 16-07-2026 02:37:18 PM [] []
[2026-07-16 14:37:25] SlimMonoLogger.INFO: Cron ran at: 16-07-2026 02:37:25 PM [] []
[2026-07-16 14:38:03] SlimMonoLogger.INFO: Cron ran at: 16-07-2026 02:38:03 PM [] []
[2026-07-16 14:38:15] SlimMonoLogger.INFO: Cron ran at: 16-07-2026 02:38:15 PM [] []
[2026-07-16 14:38:17] SlimMonoLogger.INFO: Cron ran at: 16-07-2026 02:38:17 PM [] []
[2026-07-16 14:38:31] SlimMonoLogger.INFO: Cron ran at: 16-07-2026 02:38:31 PM [] []
[2026-07-16 14:38:50] SlimMonoLogger.INFO: Cron ran at: 16-07-2026 02:38:50 PM [] []
[2026-07-16 14:39:10] SlimMonoLogger.INFO: Cron ran at: 16-07-2026 02:39:10 PM [] []
[2026-07-16 14:39:12] SlimMonoLogger.INFO: Cron ran at: 16-07-2026 02:39:12 PM [] []
[2026-07-16 14:39:21] SlimMonoLogger.INFO: Cron ran at: 16-07-2026 02:39:21 PM [] []
[2026-07-16 14:39:45] SlimMonoLogger.INFO: Cron ran at: 16-07-2026 02:39:45 PM [] []
[2026-07-16 14:40:14] SlimMonoLogger.INFO: Cron ran at: 16-07-2026 02:40:14 PM [] []
[2026-07-16 14:40:15] SlimMonoLogger.INFO: Cron ran at: 16-07-2026 02:40:15 PM [] []
[2026-07-16 14:40:25] SlimMonoLogger.INFO: Cron ran at: 16-07-2026 02:40:25 PM [] []
[2026-07-16 14:40:40] SlimMonoLogger.INFO: Cron ran at: 16-07-2026 02:40:40 PM [] []
[2026-07-16 14:41:14] SlimMonoLogger.INFO: Cron ran at: 16-07-2026 02:41:14 PM [] []
[2026-07-16 14:41:30] SlimMonoLogger.INFO: Cron ran at: 16-07-2026 02:41:30 PM [] []
[2026-07-16 14:41:35] SlimMonoLogger.INFO: Cron ran at: 16-07-2026 02:41:35 PM [] []
[2026-07-16 14:41:51] SlimMonoLogger.INFO: Cron ran at: 16-07-2026 02:41:51 PM [] []
[2026-07-16 14:42:16] SlimMonoLogger.INFO: Cron ran at: 16-07-2026 02:42:16 PM [] []
[2026-07-16 14:42:31] SlimMonoLogger.INFO: Cron ran at: 16-07-2026 02:42:31 PM [] []
[2026-07-16 14:42:39] SlimMonoLogger.INFO: Cron ran at: 16-07-2026 02:42:39 PM [] []
[2026-07-16 14:42:42] SlimMonoLogger.INFO: Cron ran at: 16-07-2026 02:42:42 PM [] []
[2026-07-16 14:43:28] SlimMonoLogger.INFO: Cron ran at: 16-07-2026 02:43:28 PM [] []
[2026-07-16 14:43:31] SlimMonoLogger.INFO: Cron ran at: 16-07-2026 02:43:31 PM [] []
[2026-07-16 14:43:39] SlimMonoLogger.INFO: Cron ran at: 16-07-2026 02:43:39 PM [] []
[2026-07-16 14:44:13] SlimMonoLogger.INFO: Cron ran at: 16-07-2026 02:44:13 PM [] []
[2026-07-16 14:44:16] SlimMonoLogger.INFO: Cron ran at: 16-07-2026 02:44:16 PM [] []
[2026-07-16 14:44:21] SlimMonoLogger.INFO: Cron ran at: 16-07-2026 02:44:21 PM [] []
[2026-07-16 14:44:23] SlimMonoLogger.INFO: Cron ran at: 16-07-2026 02:44:23 PM [] []
[2026-07-16 14:44:29] SlimMonoLogger.INFO: Cron ran at: 16-07-2026 02:44:29 PM [] []
[2026-07-16 14:45:17] SlimMonoLogger.INFO: Cron ran at: 16-07-2026 02:45:17 PM [] []
[2026-07-16 14:45:20] SlimMonoLogger.INFO: Cron ran at: 16-07-2026 02:45:20 PM [] []
[2026-07-16 14:45:20] SlimMonoLogger.INFO: Cron ran at: 16-07-2026 02:45:20 PM [] []
[2026-07-16 14:45:25] SlimMonoLogger.INFO: Cron ran at: 16-07-2026 02:45:25 PM [] []
[2026-07-16 14:46:15] SlimMonoLogger.INFO: Cron ran at: 16-07-2026 02:46:15 PM [] []
[2026-07-16 14:46:20] SlimMonoLogger.INFO: Cron ran at: 16-07-2026 02:46:20 PM [] []
[2026-07-16 14:46:22] SlimMonoLogger.INFO: Cron ran at: 16-07-2026 02:46:22 PM [] []
[2026-07-16 14:47:17] SlimMonoLogger.INFO: Cron ran at: 16-07-2026 02:47:17 PM [] []
[2026-07-16 14:47:19] SlimMonoLogger.INFO: Cron ran at: 16-07-2026 02:47:19 PM [] []
[2026-07-16 14:47:22] SlimMonoLogger.INFO: Cron ran at: 16-07-2026 02:47:22 PM [] []
[2026-07-16 14:47:22] SlimMonoLogger.INFO: Cron ran at: 16-07-2026 02:47:22 PM [] []
[2026-07-16 14:48:14] SlimMonoLogger.INFO: Cron ran at: 16-07-2026 02:48:14 PM [] []
[2026-07-16 14:48:14] SlimMonoLogger.INFO: Cron ran at: 16-07-2026 02:48:14 PM [] []
[2026-07-16 14:48:21] SlimMonoLogger.INFO: Cron ran at: 16-07-2026 02:48:21 PM [] []
[2026-07-16 14:48:33] SlimMonoLogger.INFO: Cron ran at: 16-07-2026 02:48:33 PM [] []
[2026-07-16 14:48:54] SlimMonoLogger.INFO: Cron ran at: 16-07-2026 02:48:54 PM [] []
[2026-07-16 14:49:03] SlimMonoLogger.INFO: Cron ran at: 16-07-2026 02:49:03 PM [] []
[2026-07-16 14:49:23] SlimMonoLogger.INFO: Cron ran at: 16-07-2026 02:49:23 PM [] []
[2026-07-16 14:49:30] SlimMonoLogger.INFO: Cron ran at: 16-07-2026 02:49:30 PM [] []
[2026-07-16 14:49:48] SlimMonoLogger.INFO: Cron ran at: 16-07-2026 02:49:48 PM [] []
[2026-07-16 14:50:04] SlimMonoLogger.INFO: Cron ran at: 16-07-2026 02:50:04 PM [] []
[2026-07-16 14:50:24] SlimMonoLogger.INFO: Cron ran at: 16-07-2026 02:50:24 PM [] []
[2026-07-16 14:50:25] SlimMonoLogger.INFO: Cron ran at: 16-07-2026 02:50:25 PM [] []
[2026-07-16 14:50:39] SlimMonoLogger.INFO: Cron ran at: 16-07-2026 02:50:39 PM [] []
[2026-07-16 14:51:10] SlimMonoLogger.INFO: Cron ran at: 16-07-2026 02:51:10 PM [] []
[2026-07-16 14:51:23] SlimMonoLogger.INFO: Cron ran at: 16-07-2026 02:51:23 PM [] []
[2026-07-16 14:51:39] SlimMonoLogger.INFO: Cron ran at: 16-07-2026 02:51:39 PM [] []
[2026-07-16 14:51:54] SlimMonoLogger.INFO: Cron ran at: 16-07-2026 02:51:54 PM [] []
[2026-07-16 14:52:07] SlimMonoLogger.INFO: Cron ran at: 16-07-2026 02:52:07 PM [] []
[2026-07-16 14:52:36] SlimMonoLogger.INFO: Cron ran at: 16-07-2026 02:52:36 PM [] []
[2026-07-16 14:52:38] SlimMonoLogger.INFO: Cron ran at: 16-07-2026 02:52:38 PM [] []
[2026-07-16 14:52:48] SlimMonoLogger.INFO: Cron ran at: 16-07-2026 02:52:48 PM [] []
[2026-07-16 14:53:03] SlimMonoLogger.INFO: Cron ran at: 16-07-2026 02:53:03 PM [] []
[2026-07-16 14:53:25] SlimMonoLogger.INFO: Cron ran at: 16-07-2026 02:53:25 PM [] []
[2026-07-16 14:53:29] SlimMonoLogger.INFO: Cron ran at: 16-07-2026 02:53:29 PM [] []
[2026-07-16 14:53:38] SlimMonoLogger.INFO: Cron ran at: 16-07-2026 02:53:38 PM [] []
[2026-07-16 14:54:06] SlimMonoLogger.INFO: Cron ran at: 16-07-2026 02:54:06 PM [] []
[2026-07-16 14:54:33] SlimMonoLogger.INFO: Cron ran at: 16-07-2026 02:54:33 PM [] []
[2026-07-16 14:54:36] SlimMonoLogger.INFO: Cron ran at: 16-07-2026 02:54:36 PM [] []
[2026-07-16 14:54:36] SlimMonoLogger.INFO: Cron ran at: 16-07-2026 02:54:36 PM [] []
[2026-07-16 14:54:54] SlimMonoLogger.INFO: Cron ran at: 16-07-2026 02:54:54 PM [] []
[2026-07-16 14:55:12] SlimMonoLogger.INFO: Cron ran at: 16-07-2026 02:55:12 PM [] []
[2026-07-16 14:55:18] SlimMonoLogger.INFO: Cron ran at: 16-07-2026 02:55:18 PM [] []
[2026-07-16 14:55:18] SlimMonoLogger.INFO: Cron ran at: 16-07-2026 02:55:18 PM [] []
[2026-07-16 14:55:54] SlimMonoLogger.INFO: Cron ran at: 16-07-2026 02:55:54 PM [] []
[2026-07-16 14:56:12] SlimMonoLogger.INFO: Cron ran at: 16-07-2026 02:56:12 PM [] []
[2026-07-16 14:56:13] SlimMonoLogger.INFO: Cron ran at: 16-07-2026 02:56:13 PM [] []
[2026-07-16 14:56:57] SlimMonoLogger.INFO: Cron ran at: 16-07-2026 02:56:57 PM [] []
[2026-07-16 14:57:00] SlimMonoLogger.INFO: Cron ran at: 16-07-2026 02:57:00 PM [] []
[2026-07-16 14:57:07] SlimMonoLogger.INFO: Cron ran at: 16-07-2026 02:57:07 PM [] []
[2026-07-16 14:57:23] SlimMonoLogger.INFO: Cron ran at: 16-07-2026 02:57:23 PM [] []
[2026-07-16 14:57:49] SlimMonoLogger.INFO: Cron ran at: 16-07-2026 02:57:49 PM [] []
[2026-07-16 14:57:53] SlimMonoLogger.INFO: Cron ran at: 16-07-2026 02:57:53 PM [] []
[2026-07-16 14:58:07] SlimMonoLogger.INFO: Cron ran at: 16-07-2026 02:58:07 PM [] []
[2026-07-16 14:58:27] SlimMonoLogger.INFO: Cron ran at: 16-07-2026 02:58:27 PM [] []
[2026-07-16 14:58:46] SlimMonoLogger.INFO: Cron ran at: 16-07-2026 02:58:46 PM [] []
[2026-07-16 14:58:53] SlimMonoLogger.INFO: Cron ran at: 16-07-2026 02:58:53 PM [] []
[2026-07-16 14:59:08] SlimMonoLogger.INFO: Cron ran at: 16-07-2026 02:59:08 PM [] []
[2026-07-16 14:59:15] SlimMonoLogger.INFO: Cron ran at: 16-07-2026 02:59:15 PM [] []
[2026-07-16 14:59:30] SlimMonoLogger.INFO: Cron ran at: 16-07-2026 02:59:30 PM [] []
[2026-07-16 14:59:57] SlimMonoLogger.INFO: Cron ran at: 16-07-2026 02:59:57 PM [] []
[2026-07-16 15:00:03] SlimMonoLogger.INFO: Cron ran at: 16-07-2026 03:00:03 PM [] []
[2026-07-16 15:00:23] SlimMonoLogger.INFO: Cron ran at: 16-07-2026 03:00:23 PM [] []
[2026-07-16 15:00:30] SlimMonoLogger.INFO: Cron ran at: 16-07-2026 03:00:30 PM [] []
[2026-07-16 15:01:04] SlimMonoLogger.INFO: Cron ran at: 16-07-2026 03:01:04 PM [] []
[2026-07-16 15:01:16] SlimMonoLogger.INFO: Cron ran at: 16-07-2026 03:01:16 PM [] []
[2026-07-16 15:01:18] SlimMonoLogger.INFO: Cron ran at: 16-07-2026 03:01:18 PM [] []
[2026-07-16 15:02:05] SlimMonoLogger.INFO: Cron ran at: 16-07-2026 03:02:05 PM [] []
[2026-07-16 15:02:05] SlimMonoLogger.INFO: Cron ran at: 16-07-2026 03:02:05 PM [] []
[2026-07-16 15:02:14] SlimMonoLogger.INFO: Cron ran at: 16-07-2026 03:02:14 PM [] []
[2026-07-16 15:02:14] SlimMonoLogger.INFO: Cron ran at: 16-07-2026 03:02:14 PM [] []
[2026-07-16 15:02:52] SlimMonoLogger.INFO: Cron ran at: 16-07-2026 03:02:52 PM [] []
[2026-07-16 15:03:03] SlimMonoLogger.INFO: Cron ran at: 16-07-2026 03:03:03 PM [] []
[2026-07-16 15:03:16] SlimMonoLogger.INFO: Cron ran at: 16-07-2026 03:03:16 PM [] []
[2026-07-16 15:03:45] SlimMonoLogger.INFO: Cron ran at: 16-07-2026 03:03:45 PM [] []
[2026-07-16 15:03:45] SlimMonoLogger.INFO: Cron ran at: 16-07-2026 03:03:45 PM [] []
[2026-07-16 15:04:00] SlimMonoLogger.INFO: Cron ran at: 16-07-2026 03:04:00 PM [] []
[2026-07-16 15:04:09] SlimMonoLogger.INFO: Cron ran at: 16-07-2026 03:04:09 PM [] []
[2026-07-16 15:04:17] SlimMonoLogger.INFO: Cron ran at: 16-07-2026 03:04:17 PM [] []
[2026-07-16 15:04:38] SlimMonoLogger.INFO: Cron ran at: 16-07-2026 03:04:38 PM [] []
[2026-07-16 15:05:00] SlimMonoLogger.INFO: Cron ran at: 16-07-2026 03:05:00 PM [] []
[2026-07-16 15:05:10] SlimMonoLogger.INFO: Cron ran at: 16-07-2026 03:05:10 PM [] []
[2026-07-16 15:05:11] SlimMonoLogger.INFO: Cron ran at: 16-07-2026 03:05:11 PM [] []
[2026-07-16 15:05:26] SlimMonoLogger.INFO: Cron ran at: 16-07-2026 03:05:26 PM [] []
[2026-07-16 15:05:59] SlimMonoLogger.INFO: Cron ran at: 16-07-2026 03:05:59 PM [] []
[2026-07-16 15:06:04] SlimMonoLogger.INFO: Cron ran at: 16-07-2026 03:06:04 PM [] []
[2026-07-16 15:06:24] SlimMonoLogger.INFO: Cron ran at: 16-07-2026 03:06:24 PM [] []
[2026-07-16 15:07:02] SlimMonoLogger.INFO: Cron ran at: 16-07-2026 03:07:02 PM [] []
[2026-07-16 15:07:03] SlimMonoLogger.INFO: Cron ran at: 16-07-2026 03:07:03 PM [] []
[2026-07-16 15:07:22] SlimMonoLogger.INFO: Cron ran at: 16-07-2026 03:07:22 PM [] []
[2026-07-16 15:07:23] SlimMonoLogger.INFO: Cron ran at: 16-07-2026 03:07:23 PM [] []
[2026-07-16 15:08:01] SlimMonoLogger.INFO: Cron ran at: 16-07-2026 03:08:01 PM [] []
[2026-07-16 15:08:08] SlimMonoLogger.INFO: Cron ran at: 16-07-2026 03:08:08 PM [] []
[2026-07-16 15:08:09] SlimMonoLogger.INFO: Cron ran at: 16-07-2026 03:08:09 PM [] []
[2026-07-16 15:08:17] SlimMonoLogger.INFO: Cron ran at: 16-07-2026 03:08:17 PM [] []
[2026-07-16 15:08:41] SlimMonoLogger.INFO: Cron ran at: 16-07-2026 03:08:41 PM [] []
[2026-07-16 15:09:02] SlimMonoLogger.INFO: Cron ran at: 16-07-2026 03:09:02 PM [] []
[2026-07-16 15:09:09] SlimMonoLogger.INFO: Cron ran at: 16-07-2026 03:09:09 PM [] []
[2026-07-16 15:09:17] SlimMonoLogger.INFO: Cron ran at: 16-07-2026 03:09:17 PM [] []
[2026-07-16 15:09:35] SlimMonoLogger.INFO: Cron ran at: 16-07-2026 03:09:35 PM [] []
[2026-07-16 15:10:04] SlimMonoLogger.INFO: Cron ran at: 16-07-2026 03:10:04 PM [] []
[2026-07-16 15:10:13] SlimMonoLogger.INFO: Cron ran at: 16-07-2026 03:10:13 PM [] []
[2026-07-16 15:10:14] SlimMonoLogger.INFO: Cron ran at: 16-07-2026 03:10:14 PM [] []
[2026-07-16 15:10:28] SlimMonoLogger.INFO: Cron ran at: 16-07-2026 03:10:28 PM [] []
[2026-07-16 15:11:14] SlimMonoLogger.INFO: Cron ran at: 16-07-2026 03:11:14 PM [] []
[2026-07-16 15:11:16] SlimMonoLogger.INFO: Cron ran at: 16-07-2026 03:11:16 PM [] []
[2026-07-16 15:11:26] SlimMonoLogger.INFO: Cron ran at: 16-07-2026 03:11:26 PM [] []
[2026-07-16 15:11:28] SlimMonoLogger.INFO: Cron ran at: 16-07-2026 03:11:28 PM [] []
[2026-07-16 15:12:09] SlimMonoLogger.INFO: Cron ran at: 16-07-2026 03:12:09 PM [] []
[2026-07-16 15:12:13] SlimMonoLogger.INFO: Cron ran at: 16-07-2026 03:12:13 PM [] []
[2026-07-16 15:12:16] SlimMonoLogger.INFO: Cron ran at: 16-07-2026 03:12:16 PM [] []
[2026-07-16 15:12:18] SlimMonoLogger.INFO: Cron ran at: 16-07-2026 03:12:18 PM [] []
[2026-07-16 15:13:10] SlimMonoLogger.INFO: Cron ran at: 16-07-2026 03:13:10 PM [] []
[2026-07-16 15:13:11] SlimMonoLogger.INFO: Cron ran at: 16-07-2026 03:13:11 PM [] []
[2026-07-16 15:13:14] SlimMonoLogger.INFO: Cron ran at: 16-07-2026 03:13:14 PM [] []
[2026-07-16 15:13:21] SlimMonoLogger.INFO: Cron ran at: 16-07-2026 03:13:21 PM [] []
[2026-07-16 15:14:09] SlimMonoLogger.INFO: Cron ran at: 16-07-2026 03:14:09 PM [] []
[2026-07-16 15:14:13] SlimMonoLogger.INFO: Cron ran at: 16-07-2026 03:14:13 PM [] []
[2026-07-16 15:14:14] SlimMonoLogger.INFO: Cron ran at: 16-07-2026 03:14:14 PM [] []
[2026-07-16 15:14:15] SlimMonoLogger.INFO: Cron ran at: 16-07-2026 03:14:15 PM [] []
[2026-07-16 15:14:59] SlimMonoLogger.INFO: Cron ran at: 16-07-2026 03:14:59 PM [] []
[2026-07-16 15:15:13] SlimMonoLogger.INFO: Cron ran at: 16-07-2026 03:15:13 PM [] []
[2026-07-16 15:15:13] SlimMonoLogger.INFO: Cron ran at: 16-07-2026 03:15:13 PM [] []
[2026-07-16 15:15:13] SlimMonoLogger.INFO: Cron ran at: 16-07-2026 03:15:13 PM [] []
[2026-07-16 15:15:52] SlimMonoLogger.INFO: Cron ran at: 16-07-2026 03:15:52 PM [] []
[2026-07-16 15:16:13] SlimMonoLogger.INFO: Cron ran at: 16-07-2026 03:16:13 PM [] []
[2026-07-16 15:16:15] SlimMonoLogger.INFO: Cron ran at: 16-07-2026 03:16:15 PM [] []
[2026-07-16 15:16:47] SlimMonoLogger.INFO: Cron ran at: 16-07-2026 03:16:47 PM [] []
[2026-07-16 15:16:57] SlimMonoLogger.INFO: Cron ran at: 16-07-2026 03:16:57 PM [] []
[2026-07-16 15:17:14] SlimMonoLogger.INFO: Cron ran at: 16-07-2026 03:17:14 PM [] []
[2026-07-16 15:17:16] SlimMonoLogger.INFO: Cron ran at: 16-07-2026 03:17:16 PM [] []
[2026-07-16 15:17:45] SlimMonoLogger.INFO: Cron ran at: 16-07-2026 03:17:45 PM [] []
[2026-07-16 15:17:47] SlimMonoLogger.INFO: Cron ran at: 16-07-2026 03:17:47 PM [] []
[2026-07-16 15:18:12] SlimMonoLogger.INFO: Cron ran at: 16-07-2026 03:18:12 PM [] []
[2026-07-16 15:18:14] SlimMonoLogger.INFO: Cron ran at: 16-07-2026 03:18:14 PM [] []
[2026-07-16 15:18:39] SlimMonoLogger.INFO: Cron ran at: 16-07-2026 03:18:39 PM [] []
[2026-07-16 15:18:40] SlimMonoLogger.INFO: Cron ran at: 16-07-2026 03:18:40 PM [] []
[2026-07-16 15:19:15] SlimMonoLogger.INFO: Cron ran at: 16-07-2026 03:19:15 PM [] []
[2026-07-16 15:19:16] SlimMonoLogger.INFO: Cron ran at: 16-07-2026 03:19:16 PM [] []
[2026-07-16 15:19:33] SlimMonoLogger.INFO: Cron ran at: 16-07-2026 03:19:33 PM [] []
[2026-07-16 15:19:40] SlimMonoLogger.INFO: Cron ran at: 16-07-2026 03:19:40 PM [] []
[2026-07-16 15:20:13] SlimMonoLogger.INFO: Cron ran at: 16-07-2026 03:20:13 PM [] []
[2026-07-16 15:20:15] SlimMonoLogger.INFO: Cron ran at: 16-07-2026 03:20:15 PM [] []
[2026-07-16 15:20:36] SlimMonoLogger.INFO: Cron ran at: 16-07-2026 03:20:36 PM [] []
[2026-07-16 15:20:42] SlimMonoLogger.INFO: Cron ran at: 16-07-2026 03:20:42 PM [] []
[2026-07-16 15:21:14] SlimMonoLogger.INFO: Cron ran at: 16-07-2026 03:21:14 PM [] []
[2026-07-16 15:21:23] SlimMonoLogger.INFO: Cron ran at: 16-07-2026 03:21:23 PM [] []
[2026-07-16 15:21:43] SlimMonoLogger.INFO: Cron ran at: 16-07-2026 03:21:43 PM [] []
[2026-07-16 15:21:43] SlimMonoLogger.INFO: Cron ran at: 16-07-2026 03:21:43 PM [] []
[2026-07-16 15:22:19] SlimMonoLogger.INFO: Cron ran at: 16-07-2026 03:22:19 PM [] []
[2026-07-16 15:22:20] SlimMonoLogger.INFO: Cron ran at: 16-07-2026 03:22:20 PM [] []
[2026-07-16 15:22:34] SlimMonoLogger.INFO: Cron ran at: 16-07-2026 03:22:34 PM [] []
[2026-07-16 15:22:43] SlimMonoLogger.INFO: Cron ran at: 16-07-2026 03:22:43 PM [] []
[2026-07-16 15:23:13] SlimMonoLogger.INFO: Cron ran at: 16-07-2026 03:23:13 PM [] []
[2026-07-16 15:23:14] SlimMonoLogger.INFO: Cron ran at: 16-07-2026 03:23:14 PM [] []
[2026-07-16 15:23:27] SlimMonoLogger.INFO: Cron ran at: 16-07-2026 03:23:27 PM [] []
[2026-07-16 15:23:47] SlimMonoLogger.INFO: Cron ran at: 16-07-2026 03:23:47 PM [] []
[2026-07-16 15:24:14] SlimMonoLogger.INFO: Cron ran at: 16-07-2026 03:24:14 PM [] []
[2026-07-16 15:24:15] SlimMonoLogger.INFO: Cron ran at: 16-07-2026 03:24:15 PM [] []
[2026-07-16 15:24:17] SlimMonoLogger.INFO: Cron ran at: 16-07-2026 03:24:17 PM [] []
[2026-07-16 15:24:41] SlimMonoLogger.INFO: Cron ran at: 16-07-2026 03:24:41 PM [] []
[2026-07-16 15:25:14] SlimMonoLogger.INFO: Cron ran at: 16-07-2026 03:25:14 PM [] []
[2026-07-16 15:25:14] SlimMonoLogger.INFO: Cron ran at: 16-07-2026 03:25:14 PM [] []
[2026-07-16 15:25:14] SlimMonoLogger.INFO: Cron ran at: 16-07-2026 03:25:14 PM [] []
[2026-07-16 15:25:42] SlimMonoLogger.INFO: Cron ran at: 16-07-2026 03:25:42 PM [] []
[2026-07-16 15:26:09] SlimMonoLogger.INFO: Cron ran at: 16-07-2026 03:26:09 PM [] []
[2026-07-16 15:26:12] SlimMonoLogger.INFO: Cron ran at: 16-07-2026 03:26:12 PM [] []
[2026-07-16 15:26:27] SlimMonoLogger.INFO: Cron ran at: 16-07-2026 03:26:27 PM [] []
[2026-07-16 15:26:43] SlimMonoLogger.INFO: Cron ran at: 16-07-2026 03:26:43 PM [] []
[2026-07-16 15:27:03] SlimMonoLogger.INFO: Cron ran at: 16-07-2026 03:27:03 PM [] []
[2026-07-16 15:27:15] SlimMonoLogger.INFO: Cron ran at: 16-07-2026 03:27:15 PM [] []
[2026-07-16 15:27:17] SlimMonoLogger.INFO: Cron ran at: 16-07-2026 03:27:17 PM [] []
[2026-07-16 15:27:40] SlimMonoLogger.INFO: Cron ran at: 16-07-2026 03:27:40 PM [] []
[2026-07-16 15:28:05] SlimMonoLogger.INFO: Cron ran at: 16-07-2026 03:28:05 PM [] []
[2026-07-16 15:28:12] SlimMonoLogger.INFO: Cron ran at: 16-07-2026 03:28:12 PM [] []
[2026-07-16 15:28:12] SlimMonoLogger.INFO: Cron ran at: 16-07-2026 03:28:12 PM [] []
[2026-07-16 15:28:52] SlimMonoLogger.INFO: Cron ran at: 16-07-2026 03:28:52 PM [] []
[2026-07-16 15:29:03] SlimMonoLogger.INFO: Cron ran at: 16-07-2026 03:29:03 PM [] []
[2026-07-16 15:29:03] SlimMonoLogger.INFO: Cron ran at: 16-07-2026 03:29:03 PM [] []
[2026-07-16 15:29:13] SlimMonoLogger.INFO: Cron ran at: 16-07-2026 03:29:13 PM [] []
[2026-07-16 15:29:46] SlimMonoLogger.INFO: Cron ran at: 16-07-2026 03:29:46 PM [] []
[2026-07-16 15:30:00] SlimMonoLogger.INFO: Cron ran at: 16-07-2026 03:30:00 PM [] []
[2026-07-16 15:30:00] SlimMonoLogger.INFO: Cron ran at: 16-07-2026 03:30:00 PM [] []
[2026-07-16 15:30:14] SlimMonoLogger.INFO: Cron ran at: 16-07-2026 03:30:14 PM [] []
[2026-07-16 15:30:56] SlimMonoLogger.INFO: Cron ran at: 16-07-2026 03:30:56 PM [] []
[2026-07-16 15:31:13] SlimMonoLogger.INFO: Cron ran at: 16-07-2026 03:31:13 PM [] []
[2026-07-16 15:31:14] SlimMonoLogger.INFO: Cron ran at: 16-07-2026 03:31:14 PM [] []
[2026-07-16 15:31:47] SlimMonoLogger.INFO: Cron ran at: 16-07-2026 03:31:47 PM [] []
[2026-07-16 15:31:48] SlimMonoLogger.INFO: Cron ran at: 16-07-2026 03:31:48 PM [] []
[2026-07-16 15:31:58] SlimMonoLogger.INFO: Cron ran at: 16-07-2026 03:31:58 PM [] []
[2026-07-16 15:32:22] SlimMonoLogger.INFO: Cron ran at: 16-07-2026 03:32:22 PM [] []
[2026-07-16 15:32:41] SlimMonoLogger.INFO: Cron ran at: 16-07-2026 03:32:41 PM [] []
[2026-07-16 15:32:45] SlimMonoLogger.INFO: Cron ran at: 16-07-2026 03:32:45 PM [] []
[2026-07-16 15:33:02] SlimMonoLogger.INFO: Cron ran at: 16-07-2026 03:33:02 PM [] []
[2026-07-16 15:33:29] SlimMonoLogger.INFO: Cron ran at: 16-07-2026 03:33:29 PM [] []
[2026-07-16 15:33:37] SlimMonoLogger.INFO: Cron ran at: 16-07-2026 03:33:37 PM [] []
[2026-07-16 15:33:44] SlimMonoLogger.INFO: Cron ran at: 16-07-2026 03:33:44 PM [] []
[2026-07-16 15:34:20] SlimMonoLogger.INFO: Cron ran at: 16-07-2026 03:34:20 PM [] []
[2026-07-16 15:34:27] SlimMonoLogger.INFO: Cron ran at: 16-07-2026 03:34:27 PM [] []
[2026-07-16 15:34:44] SlimMonoLogger.INFO: Cron ran at: 16-07-2026 03:34:44 PM [] []
[2026-07-16 15:35:05] SlimMonoLogger.INFO: Cron ran at: 16-07-2026 03:35:05 PM [] []
[2026-07-16 15:35:15] SlimMonoLogger.INFO: Cron ran at: 16-07-2026 03:35:15 PM [] []
[2026-07-16 15:35:22] SlimMonoLogger.INFO: Cron ran at: 16-07-2026 03:35:22 PM [] []
[2026-07-16 15:35:47] SlimMonoLogger.INFO: Cron ran at: 16-07-2026 03:35:47 PM [] []
[2026-07-16 15:36:02] SlimMonoLogger.INFO: Cron ran at: 16-07-2026 03:36:02 PM [] []
[2026-07-16 15:36:18] SlimMonoLogger.INFO: Cron ran at: 16-07-2026 03:36:18 PM [] []
[2026-07-16 15:36:39] SlimMonoLogger.INFO: Cron ran at: 16-07-2026 03:36:39 PM [] []
[2026-07-16 15:36:40] SlimMonoLogger.INFO: Cron ran at: 16-07-2026 03:36:40 PM [] []
[2026-07-16 15:37:04] SlimMonoLogger.INFO: Cron ran at: 16-07-2026 03:37:04 PM [] []
[2026-07-16 15:37:16] SlimMonoLogger.INFO: Cron ran at: 16-07-2026 03:37:16 PM [] []
[2026-07-16 15:37:35] SlimMonoLogger.INFO: Cron ran at: 16-07-2026 03:37:35 PM [] []
[2026-07-16 15:37:43] SlimMonoLogger.INFO: Cron ran at: 16-07-2026 03:37:43 PM [] []
[2026-07-16 15:37:59] SlimMonoLogger.INFO: Cron ran at: 16-07-2026 03:37:59 PM [] []
[2026-07-16 15:38:12] SlimMonoLogger.INFO: Cron ran at: 16-07-2026 03:38:12 PM [] []
[2026-07-16 15:38:19] SlimMonoLogger.INFO: Cron ran at: 16-07-2026 03:38:19 PM [] []
[2026-07-16 15:38:47] SlimMonoLogger.INFO: Cron ran at: 16-07-2026 03:38:47 PM [] []
[2026-07-16 15:38:49] SlimMonoLogger.ERROR: Requests_Exception: cURL error 28: Operation timed out after 500002 milliseconds with 0 bytes received in /home/latihtal/public_html/agregator1/src/vendor/rmccue/requests/library/Requests/Transport/cURL.php:422
Stack trace:
#0 /home/latihtal/public_html/agregator1/src/vendor/rmccue/requests/library/Requests/Transport/cURL.php(177): Requests_Transport_cURL->process_response()
#1 /home/latihtal/public_html/agregator1/src/vendor/rmccue/requests/library/Requests.php(379): Requests_Transport_cURL->request()
#2 /home/latihtal/public_html/agregator1/src/vendor/rmccue/requests/library/Requests/Session.php(205): Requests::request()
#3 /home/latihtal/public_html/agregator1/src/vendor/rmccue/requests/library/Requests/Session.php(132): Requests_Session->request()
#4 /home/latihtal/public_html/agregator1/src/drivers/Http/RssImporter.php(144): Requests_Session->get()
#5 /home/latihtal/public_html/agregator1/src/controllers/Dashboard/DashboardFeedsController.php(534): spark\drivers\Http\RssImporter->fetchPosts()
#6 /home/latihtal/public_html/agregator1/src/controllers/Site/SiteController.php(722): spark\controllers\Dashboard\DashboardFeedsController::importFeedPosts()
#7 [internal function]: spark\controllers\Site\SiteController->runTasks()
#8 /home/latihtal/public_html/agregator1/src/framework/Route.php(173): call_user_func_array()
#9 [internal function]: Slim\Route->Slim\{closure}()
#10 /home/latihtal/public_html/agregator1/src/framework/Route.php(468): call_user_func_array()
#11 /home/latihtal/public_html/agregator1/src/framework/Slim.php(1364): Slim\Route->dispatch()
#12 /home/latihtal/public_html/agregator1/src/framework/Middleware/Flash.php(85): Slim\Slim->call()
#13 /home/latihtal/public_html/agregator1/src/framework/Middleware/MethodOverride.php(92): Slim\Middleware\Flash->call()
#14 /home/latihtal/public_html/agregator1/src/middlewares/CsrfGuard/CsrfGuard.php(47): Slim\Middleware\MethodOverride->call()
#15 /home/latihtal/public_html/agregator1/src/framework/Middleware/PrettyExceptions.php(67): spark\middlewares\CsrfGuard\CsrfGuard->call()
#16 /home/latihtal/public_html/agregator1/src/framework/Slim.php(1308): Slim\Middleware\PrettyExceptions->call()
#17 /home/latihtal/public_html/agregator1/index.php(6): Slim\Slim->run()
#18 {main} [] []
[2026-07-16 15:39:05] SlimMonoLogger.INFO: Cron ran at: 16-07-2026 03:39:05 PM [] []
[2026-07-16 15:39:12] SlimMonoLogger.INFO: Cron ran at: 16-07-2026 03:39:12 PM [] []
[2026-07-16 15:39:14] SlimMonoLogger.INFO: Cron ran at: 16-07-2026 03:39:14 PM [] []
[2026-07-16 15:39:18] SlimMonoLogger.INFO: Cron ran at: 16-07-2026 03:39:18 PM [] []
[2026-07-16 15:39:41] SlimMonoLogger.INFO: Cron ran at: 16-07-2026 03:39:41 PM [] []
[2026-07-16 15:40:03] SlimMonoLogger.INFO: Cron ran at: 16-07-2026 03:40:03 PM [] []
[2026-07-16 15:40:07] SlimMonoLogger.INFO: Cron ran at: 16-07-2026 03:40:07 PM [] []
[2026-07-16 15:40:14] SlimMonoLogger.INFO: Cron ran at: 16-07-2026 03:40:14 PM [] []
[2026-07-16 15:40:51] SlimMonoLogger.INFO: Cron ran at: 16-07-2026 03:40:51 PM [] []
[2026-07-16 15:41:02] SlimMonoLogger.INFO: Cron ran at: 16-07-2026 03:41:02 PM [] []
[2026-07-16 15:41:16] SlimMonoLogger.INFO: Cron ran at: 16-07-2026 03:41:16 PM [] []
[2026-07-16 15:41:17] SlimMonoLogger.INFO: Cron ran at: 16-07-2026 03:41:17 PM [] []
[2026-07-16 15:41:42] SlimMonoLogger.INFO: Cron ran at: 16-07-2026 03:41:42 PM [] []
[2026-07-16 15:41:49] SlimMonoLogger.ERROR: Requests_Exception: cURL error 28: Operation timed out after 500000 milliseconds with 0 bytes received in /home/latihtal/public_html/agregator1/src/vendor/rmccue/requests/library/Requests/Transport/cURL.php:422
Stack trace:
#0 /home/latihtal/public_html/agregator1/src/vendor/rmccue/requests/library/Requests/Transport/cURL.php(177): Requests_Transport_cURL->process_response()
#1 /home/latihtal/public_html/agregator1/src/vendor/rmccue/requests/library/Requests.php(379): Requests_Transport_cURL->request()
#2 /home/latihtal/public_html/agregator1/src/vendor/rmccue/requests/library/Requests/Session.php(205): Requests::request()
#3 /home/latihtal/public_html/agregator1/src/vendor/rmccue/requests/library/Requests/Session.php(132): Requests_Session->request()
#4 /home/latihtal/public_html/agregator1/src/drivers/Http/RssImporter.php(144): Requests_Session->get()
#5 /home/latihtal/public_html/agregator1/src/controllers/Dashboard/DashboardFeedsController.php(534): spark\drivers\Http\RssImporter->fetchPosts()
#6 /home/latihtal/public_html/agregator1/src/controllers/Site/SiteController.php(722): spark\controllers\Dashboard\DashboardFeedsController::importFeedPosts()
#7 [internal function]: spark\controllers\Site\SiteController->runTasks()
#8 /home/latihtal/public_html/agregator1/src/framework/Route.php(173): call_user_func_array()
#9 [internal function]: Slim\Route->Slim\{closure}()
#10 /home/latihtal/public_html/agregator1/src/framework/Route.php(468): call_user_func_array()
#11 /home/latihtal/public_html/agregator1/src/framework/Slim.php(1364): Slim\Route->dispatch()
#12 /home/latihtal/public_html/agregator1/src/framework/Middleware/Flash.php(85): Slim\Slim->call()
#13 /home/latihtal/public_html/agregator1/src/framework/Middleware/MethodOverride.php(92): Slim\Middleware\Flash->call()
#14 /home/latihtal/public_html/agregator1/src/middlewares/CsrfGuard/CsrfGuard.php(47): Slim\Middleware\MethodOverride->call()
#15 /home/latihtal/public_html/agregator1/src/framework/Middleware/PrettyExceptions.php(67): spark\middlewares\CsrfGuard\CsrfGuard->call()
#16 /home/latihtal/public_html/agregator1/src/framework/Slim.php(1308): Slim\Middleware\PrettyExceptions->call()
#17 /home/latihtal/public_html/agregator1/index.php(6): Slim\Slim->run()
#18 {main} [] []
[2026-07-16 15:41:58] SlimMonoLogger.INFO: Cron ran at: 16-07-2026 03:41:58 PM [] []
[2026-07-16 15:42:02] SlimMonoLogger.INFO: Cron ran at: 16-07-2026 03:42:02 PM [] []
[2026-07-16 15:42:10] SlimMonoLogger.INFO: Cron ran at: 16-07-2026 03:42:10 PM [] []
[2026-07-16 15:42:23] SlimMonoLogger.INFO: Cron ran at: 16-07-2026 03:42:23 PM [] []
[2026-07-16 15:42:48] SlimMonoLogger.INFO: Cron ran at: 16-07-2026 03:42:48 PM [] []
[2026-07-16 15:42:59] SlimMonoLogger.INFO: Cron ran at: 16-07-2026 03:42:59 PM [] []
[2026-07-16 15:42:59] SlimMonoLogger.INFO: Cron ran at: 16-07-2026 03:42:59 PM [] []
[2026-07-16 15:43:14] SlimMonoLogger.INFO: Cron ran at: 16-07-2026 03:43:14 PM [] []
[2026-07-16 15:43:47] SlimMonoLogger.INFO: Cron ran at: 16-07-2026 03:43:47 PM [] []
[2026-07-16 15:43:48] SlimMonoLogger.INFO: Cron ran at: 16-07-2026 03:43:48 PM [] []
[2026-07-16 15:43:55] SlimMonoLogger.INFO: Cron ran at: 16-07-2026 03:43:55 PM [] []
[2026-07-16 15:44:16] SlimMonoLogger.INFO: Cron ran at: 16-07-2026 03:44:16 PM [] []
[2026-07-16 15:44:45] SlimMonoLogger.INFO: Cron ran at: 16-07-2026 03:44:45 PM [] []
[2026-07-16 15:44:45] SlimMonoLogger.INFO: Cron ran at: 16-07-2026 03:44:45 PM [] []
[2026-07-16 15:44:56] SlimMonoLogger.INFO: Cron ran at: 16-07-2026 03:44:56 PM [] []
[2026-07-16 15:45:16] SlimMonoLogger.INFO: Cron ran at: 16-07-2026 03:45:16 PM [] []
[2026-07-16 15:45:32] SlimMonoLogger.INFO: Cron ran at: 16-07-2026 03:45:32 PM [] []
[2026-07-16 15:45:57] SlimMonoLogger.INFO: Cron ran at: 16-07-2026 03:45:57 PM [] []
[2026-07-16 15:46:15] SlimMonoLogger.INFO: Cron ran at: 16-07-2026 03:46:15 PM [] []
[2026-07-16 15:46:33] SlimMonoLogger.INFO: Cron ran at: 16-07-2026 03:46:33 PM [] []
[2026-07-16 15:46:33] SlimMonoLogger.INFO: Cron ran at: 16-07-2026 03:46:33 PM [] []
[2026-07-16 15:46:59] SlimMonoLogger.INFO: Cron ran at: 16-07-2026 03:46:59 PM [] []
[2026-07-16 15:47:09] SlimMonoLogger.INFO: Cron ran at: 16-07-2026 03:47:09 PM [] []
[2026-07-16 15:47:25] SlimMonoLogger.INFO: Cron ran at: 16-07-2026 03:47:25 PM [] []
[2026-07-16 15:47:26] SlimMonoLogger.INFO: Cron ran at: 16-07-2026 03:47:26 PM [] []
[2026-07-16 15:47:53] SlimMonoLogger.INFO: Cron ran at: 16-07-2026 03:47:53 PM [] []
[2026-07-16 15:48:12] SlimMonoLogger.INFO: Cron ran at: 16-07-2026 03:48:12 PM [] []
[2026-07-16 15:48:14] SlimMonoLogger.INFO: Cron ran at: 16-07-2026 03:48:14 PM [] []
[2026-07-16 15:48:30] SlimMonoLogger.INFO: Cron ran at: 16-07-2026 03:48:30 PM [] []
[2026-07-16 15:49:04] SlimMonoLogger.INFO: Cron ran at: 16-07-2026 03:49:04 PM [] []
[2026-07-16 15:49:09] SlimMonoLogger.INFO: Cron ran at: 16-07-2026 03:49:09 PM [] []
[2026-07-16 15:49:12] SlimMonoLogger.INFO: Cron ran at: 16-07-2026 03:49:12 PM [] []
[2026-07-16 15:49:27] SlimMonoLogger.INFO: Cron ran at: 16-07-2026 03:49:27 PM [] []
[2026-07-16 15:50:00] SlimMonoLogger.INFO: Cron ran at: 16-07-2026 03:50:00 PM [] []
[2026-07-16 15:50:04] SlimMonoLogger.INFO: Cron ran at: 16-07-2026 03:50:04 PM [] []
[2026-07-16 15:50:30] SlimMonoLogger.INFO: Cron ran at: 16-07-2026 03:50:30 PM [] []
[2026-07-16 15:50:56] SlimMonoLogger.INFO: Cron ran at: 16-07-2026 03:50:56 PM [] []
[2026-07-16 15:51:04] SlimMonoLogger.INFO: Cron ran at: 16-07-2026 03:51:04 PM [] []
[2026-07-16 15:51:28] SlimMonoLogger.INFO: Cron ran at: 16-07-2026 03:51:28 PM [] []
[2026-07-16 15:51:31] SlimMonoLogger.INFO: Cron ran at: 16-07-2026 03:51:31 PM [] []
[2026-07-16 15:51:54] SlimMonoLogger.INFO: Cron ran at: 16-07-2026 03:51:54 PM [] []
[2026-07-16 15:51:55] SlimMonoLogger.INFO: Cron ran at: 16-07-2026 03:51:55 PM [] []
[2026-07-16 15:52:29] SlimMonoLogger.INFO: Cron ran at: 16-07-2026 03:52:29 PM [] []
[2026-07-16 15:52:30] SlimMonoLogger.INFO: Cron ran at: 16-07-2026 03:52:30 PM [] []
[2026-07-16 15:52:52] SlimMonoLogger.INFO: Cron ran at: 16-07-2026 03:52:52 PM [] []
[2026-07-16 15:52:53] SlimMonoLogger.INFO: Cron ran at: 16-07-2026 03:52:53 PM [] []
[2026-07-16 15:53:18] SlimMonoLogger.INFO: Cron ran at: 16-07-2026 03:53:18 PM [] []
[2026-07-16 15:53:33] SlimMonoLogger.INFO: Cron ran at: 16-07-2026 03:53:33 PM [] []
[2026-07-16 15:53:49] SlimMonoLogger.INFO: Cron ran at: 16-07-2026 03:53:49 PM [] []
[2026-07-16 15:53:52] SlimMonoLogger.INFO: Cron ran at: 16-07-2026 03:53:52 PM [] []
[2026-07-16 15:54:12] SlimMonoLogger.INFO: Cron ran at: 16-07-2026 03:54:12 PM [] []
[2026-07-16 15:54:30] SlimMonoLogger.INFO: Cron ran at: 16-07-2026 03:54:30 PM [] []
[2026-07-16 15:54:48] SlimMonoLogger.INFO: Cron ran at: 16-07-2026 03:54:48 PM [] []
[2026-07-16 15:54:55] SlimMonoLogger.INFO: Cron ran at: 16-07-2026 03:54:55 PM [] []
[2026-07-16 15:55:04] SlimMonoLogger.INFO: Cron ran at: 16-07-2026 03:55:04 PM [] []
[2026-07-16 15:55:26] SlimMonoLogger.INFO: Cron ran at: 16-07-2026 03:55:26 PM [] []
[2026-07-16 15:55:50] SlimMonoLogger.INFO: Cron ran at: 16-07-2026 03:55:50 PM [] []
[2026-07-16 15:56:01] SlimMonoLogger.INFO: Cron ran at: 16-07-2026 03:56:01 PM [] []
[2026-07-16 15:56:29] SlimMonoLogger.INFO: Cron ran at: 16-07-2026 03:56:29 PM [] []
[2026-07-16 15:56:31] SlimMonoLogger.INFO: Cron ran at: 16-07-2026 03:56:31 PM [] []
[2026-07-16 15:57:09] SlimMonoLogger.INFO: Cron ran at: 16-07-2026 03:57:09 PM [] []
[2026-07-16 15:57:11] SlimMonoLogger.INFO: Cron ran at: 16-07-2026 03:57:11 PM [] []
[2026-07-16 15:57:21] SlimMonoLogger.INFO: Cron ran at: 16-07-2026 03:57:21 PM [] []
[2026-07-16 15:57:30] SlimMonoLogger.INFO: Cron ran at: 16-07-2026 03:57:30 PM [] []
[2026-07-16 15:57:53] SlimMonoLogger.INFO: Cron ran at: 16-07-2026 03:57:53 PM [] []
[2026-07-16 15:57:54] SlimMonoLogger.INFO: Cron ran at: 16-07-2026 03:57:54 PM [] []
[2026-07-16 15:58:11] SlimMonoLogger.INFO: Cron ran at: 16-07-2026 03:58:11 PM [] []
[2026-07-16 15:58:25] SlimMonoLogger.INFO: Cron ran at: 16-07-2026 03:58:25 PM [] []
[2026-07-16 15:58:47] SlimMonoLogger.INFO: Cron ran at: 16-07-2026 03:58:47 PM [] []
[2026-07-16 15:58:47] SlimMonoLogger.INFO: Cron ran at: 16-07-2026 03:58:47 PM [] []
[2026-07-16 15:59:02] SlimMonoLogger.INFO: Cron ran at: 16-07-2026 03:59:02 PM [] []
[2026-07-16 15:59:27] SlimMonoLogger.INFO: Cron ran at: 16-07-2026 03:59:27 PM [] []
[2026-07-16 15:59:54] SlimMonoLogger.INFO: Cron ran at: 16-07-2026 03:59:54 PM [] []
[2026-07-16 15:59:54] SlimMonoLogger.INFO: Cron ran at: 16-07-2026 03:59:54 PM [] []
[2026-07-16 15:59:57] SlimMonoLogger.INFO: Cron ran at: 16-07-2026 03:59:57 PM [] []
[2026-07-16 16:00:49] SlimMonoLogger.INFO: Cron ran at: 16-07-2026 04:00:49 PM [] []
[2026-07-16 16:00:50] SlimMonoLogger.INFO: Cron ran at: 16-07-2026 04:00:50 PM [] []
[2026-07-16 16:00:54] SlimMonoLogger.INFO: Cron ran at: 16-07-2026 04:00:54 PM [] []
[2026-07-16 16:01:47] SlimMonoLogger.INFO: Cron ran at: 16-07-2026 04:01:47 PM [] []
[2026-07-16 16:01:48] SlimMonoLogger.INFO: Cron ran at: 16-07-2026 04:01:48 PM [] []
[2026-07-16 16:01:49] SlimMonoLogger.INFO: Cron ran at: 16-07-2026 04:01:49 PM [] []
[2026-07-16 16:01:58] SlimMonoLogger.INFO: Cron ran at: 16-07-2026 04:01:58 PM [] []
[2026-07-16 16:02:45] SlimMonoLogger.INFO: Cron ran at: 16-07-2026 04:02:45 PM [] []
[2026-07-16 16:02:45] SlimMonoLogger.INFO: Cron ran at: 16-07-2026 04:02:45 PM [] []
[2026-07-16 16:02:46] SlimMonoLogger.INFO: Cron ran at: 16-07-2026 04:02:46 PM [] []
[2026-07-16 16:02:49] SlimMonoLogger.INFO: Cron ran at: 16-07-2026 04:02:49 PM [] []
[2026-07-16 16:03:41] SlimMonoLogger.INFO: Cron ran at: 16-07-2026 04:03:41 PM [] []
[2026-07-16 16:03:43] SlimMonoLogger.INFO: Cron ran at: 16-07-2026 04:03:43 PM [] []
[2026-07-16 16:03:45] SlimMonoLogger.INFO: Cron ran at: 16-07-2026 04:03:45 PM [] []
[2026-07-16 16:03:48] SlimMonoLogger.INFO: Cron ran at: 16-07-2026 04:03:48 PM [] []
[2026-07-16 16:04:33] SlimMonoLogger.INFO: Cron ran at: 16-07-2026 04:04:33 PM [] []
[2026-07-16 16:04:43] SlimMonoLogger.INFO: Cron ran at: 16-07-2026 04:04:43 PM [] []
[2026-07-16 16:04:48] SlimMonoLogger.INFO: Cron ran at: 16-07-2026 04:04:48 PM [] []
[2026-07-16 16:04:50] SlimMonoLogger.INFO: Cron ran at: 16-07-2026 04:04:50 PM [] []
[2026-07-16 16:05:30] SlimMonoLogger.INFO: Cron ran at: 16-07-2026 04:05:30 PM [] []
[2026-07-16 16:05:43] SlimMonoLogger.INFO: Cron ran at: 16-07-2026 04:05:43 PM [] []
[2026-07-16 16:06:01] SlimMonoLogger.INFO: Cron ran at: 16-07-2026 04:06:01 PM [] []
[2026-07-16 16:06:21] SlimMonoLogger.INFO: Cron ran at: 16-07-2026 04:06:21 PM [] []
[2026-07-16 16:06:21] SlimMonoLogger.INFO: Cron ran at: 16-07-2026 04:06:21 PM [] []
[2026-07-16 16:06:43] SlimMonoLogger.INFO: Cron ran at: 16-07-2026 04:06:43 PM [] []
[2026-07-16 16:06:48] SlimMonoLogger.INFO: Cron ran at: 16-07-2026 04:06:48 PM [] []
[2026-07-16 16:07:09] SlimMonoLogger.INFO: Cron ran at: 16-07-2026 04:07:09 PM [] []
[2026-07-16 16:07:17] SlimMonoLogger.INFO: Cron ran at: 16-07-2026 04:07:17 PM [] []
[2026-07-16 16:07:44] SlimMonoLogger.INFO: Cron ran at: 16-07-2026 04:07:44 PM [] []
[2026-07-16 16:07:47] SlimMonoLogger.INFO: Cron ran at: 16-07-2026 04:07:47 PM [] []
[2026-07-16 16:08:04] SlimMonoLogger.INFO: Cron ran at: 16-07-2026 04:08:04 PM [] []
[2026-07-16 16:08:15] SlimMonoLogger.INFO: Cron ran at: 16-07-2026 04:08:15 PM [] []
[2026-07-16 16:08:44] SlimMonoLogger.INFO: Cron ran at: 16-07-2026 04:08:44 PM [] []
[2026-07-16 16:08:52] SlimMonoLogger.INFO: Cron ran at: 16-07-2026 04:08:52 PM [] []
[2026-07-16 16:08:54] SlimMonoLogger.INFO: Cron ran at: 16-07-2026 04:08:54 PM [] []
[2026-07-16 16:09:20] SlimMonoLogger.INFO: Cron ran at: 16-07-2026 04:09:20 PM [] []
[2026-07-16 16:09:48] SlimMonoLogger.INFO: Cron ran at: 16-07-2026 04:09:48 PM [] []
[2026-07-16 16:09:49] SlimMonoLogger.INFO: Cron ran at: 16-07-2026 04:09:49 PM [] []
[2026-07-16 16:09:50] SlimMonoLogger.INFO: Cron ran at: 16-07-2026 04:09:50 PM [] []
[2026-07-16 16:10:11] SlimMonoLogger.INFO: Cron ran at: 16-07-2026 04:10:11 PM [] []
[2026-07-16 16:10:45] SlimMonoLogger.INFO: Cron ran at: 16-07-2026 04:10:45 PM [] []
[2026-07-16 16:10:50] SlimMonoLogger.INFO: Cron ran at: 16-07-2026 04:10:50 PM [] []
[2026-07-16 16:11:12] SlimMonoLogger.INFO: Cron ran at: 16-07-2026 04:11:12 PM [] []
[2026-07-16 16:11:22] SlimMonoLogger.INFO: Cron ran at: 16-07-2026 04:11:22 PM [] []
[2026-07-16 16:11:39] SlimMonoLogger.INFO: Cron ran at: 16-07-2026 04:11:39 PM [] []
[2026-07-16 16:11:41] SlimMonoLogger.INFO: Cron ran at: 16-07-2026 04:11:41 PM [] []
[2026-07-16 16:12:14] SlimMonoLogger.INFO: Cron ran at: 16-07-2026 04:12:14 PM [] []
[2026-07-16 16:12:15] SlimMonoLogger.INFO: Cron ran at: 16-07-2026 04:12:15 PM [] []
[2026-07-16 16:12:38] SlimMonoLogger.INFO: Cron ran at: 16-07-2026 04:12:38 PM [] []
[2026-07-16 16:12:41] SlimMonoLogger.INFO: Cron ran at: 16-07-2026 04:12:41 PM [] []
[2026-07-16 16:13:05] SlimMonoLogger.INFO: Cron ran at: 16-07-2026 04:13:05 PM [] []
[2026-07-16 16:13:11] SlimMonoLogger.INFO: Cron ran at: 16-07-2026 04:13:11 PM [] []
[2026-07-16 16:13:37] SlimMonoLogger.INFO: Cron ran at: 16-07-2026 04:13:37 PM [] []
[2026-07-16 16:13:43] SlimMonoLogger.INFO: Cron ran at: 16-07-2026 04:13:43 PM [] []
[2026-07-16 16:13:59] SlimMonoLogger.INFO: Cron ran at: 16-07-2026 04:13:59 PM [] []
[2026-07-16 16:14:13] SlimMonoLogger.INFO: Cron ran at: 16-07-2026 04:14:13 PM [] []
[2026-07-16 16:14:34] SlimMonoLogger.INFO: Cron ran at: 16-07-2026 04:14:34 PM [] []
[2026-07-16 16:14:44] SlimMonoLogger.INFO: Cron ran at: 16-07-2026 04:14:44 PM [] []
[2026-07-16 16:14:56] SlimMonoLogger.INFO: Cron ran at: 16-07-2026 04:14:56 PM [] []
[2026-07-16 16:15:13] SlimMonoLogger.INFO: Cron ran at: 16-07-2026 04:15:13 PM [] []
[2026-07-16 16:15:35] SlimMonoLogger.INFO: Cron ran at: 16-07-2026 04:15:35 PM [] []
[2026-07-16 16:15:48] SlimMonoLogger.INFO: Cron ran at: 16-07-2026 04:15:48 PM [] []
[2026-07-16 16:16:16] SlimMonoLogger.INFO: Cron ran at: 16-07-2026 04:16:16 PM [] []
[2026-07-16 16:16:39] SlimMonoLogger.INFO: Cron ran at: 16-07-2026 04:16:39 PM [] []
[2026-07-16 16:16:44] SlimMonoLogger.INFO: Cron ran at: 16-07-2026 04:16:44 PM [] []
[2026-07-16 16:16:47] SlimMonoLogger.INFO: Cron ran at: 16-07-2026 04:16:47 PM [] []
[2026-07-16 16:17:15] SlimMonoLogger.INFO: Cron ran at: 16-07-2026 04:17:15 PM [] []
[2026-07-16 16:17:32] SlimMonoLogger.INFO: Cron ran at: 16-07-2026 04:17:32 PM [] []
[2026-07-16 16:17:36] SlimMonoLogger.INFO: Cron ran at: 16-07-2026 04:17:36 PM [] []
[2026-07-16 16:17:37] SlimMonoLogger.INFO: Cron ran at: 16-07-2026 04:17:37 PM [] []
[2026-07-16 16:18:17] SlimMonoLogger.INFO: Cron ran at: 16-07-2026 04:18:17 PM [] []
[2026-07-16 16:18:25] SlimMonoLogger.INFO: Cron ran at: 16-07-2026 04:18:25 PM [] []
[2026-07-16 16:18:34] SlimMonoLogger.INFO: Cron ran at: 16-07-2026 04:18:34 PM [] []
[2026-07-16 16:18:38] SlimMonoLogger.INFO: Cron ran at: 16-07-2026 04:18:38 PM [] []
[2026-07-16 16:19:12] SlimMonoLogger.INFO: Cron ran at: 16-07-2026 04:19:12 PM [] []
[2026-07-16 16:19:13] SlimMonoLogger.INFO: Cron ran at: 16-07-2026 04:19:13 PM [] []
[2026-07-16 16:19:36] SlimMonoLogger.INFO: Cron ran at: 16-07-2026 04:19:36 PM [] []
[2026-07-16 16:19:36] SlimMonoLogger.INFO: Cron ran at: 16-07-2026 04:19:36 PM [] []
[2026-07-16 16:20:08] SlimMonoLogger.INFO: Cron ran at: 16-07-2026 04:20:08 PM [] []
[2026-07-16 16:20:10] SlimMonoLogger.INFO: Cron ran at: 16-07-2026 04:20:10 PM [] []
[2026-07-16 16:20:38] SlimMonoLogger.INFO: Cron ran at: 16-07-2026 04:20:38 PM [] []
[2026-07-16 16:20:38] SlimMonoLogger.INFO: Cron ran at: 16-07-2026 04:20:38 PM [] []
[2026-07-16 16:21:09] SlimMonoLogger.INFO: Cron ran at: 16-07-2026 04:21:09 PM [] []
[2026-07-16 16:21:37] SlimMonoLogger.INFO: Cron ran at: 16-07-2026 04:21:37 PM [] []
[2026-07-16 16:21:37] SlimMonoLogger.INFO: Cron ran at: 16-07-2026 04:21:37 PM [] []
[2026-07-16 16:21:50] SlimMonoLogger.INFO: Cron ran at: 16-07-2026 04:21:50 PM [] []
[2026-07-16 16:22:02] SlimMonoLogger.INFO: Cron ran at: 16-07-2026 04:22:02 PM [] []
[2026-07-16 16:22:36] SlimMonoLogger.INFO: Cron ran at: 16-07-2026 04:22:36 PM [] []
[2026-07-16 16:22:37] SlimMonoLogger.INFO: Cron ran at: 16-07-2026 04:22:37 PM [] []
[2026-07-16 16:22:43] SlimMonoLogger.INFO: Cron ran at: 16-07-2026 04:22:43 PM [] []
[2026-07-16 16:22:59] SlimMonoLogger.INFO: Cron ran at: 16-07-2026 04:22:59 PM [] []
[2026-07-16 16:23:41] SlimMonoLogger.INFO: Cron ran at: 16-07-2026 04:23:41 PM [] []
[2026-07-16 16:23:41] SlimMonoLogger.INFO: Cron ran at: 16-07-2026 04:23:41 PM [] []
[2026-07-16 16:23:42] SlimMonoLogger.INFO: Cron ran at: 16-07-2026 04:23:42 PM [] []
[2026-07-16 16:23:58] SlimMonoLogger.INFO: Cron ran at: 16-07-2026 04:23:58 PM [] []
[2026-07-16 16:24:26] SlimMonoLogger.INFO: Cron ran at: 16-07-2026 04:24:26 PM [] []
[2026-07-16 16:24:34] SlimMonoLogger.INFO: Cron ran at: 16-07-2026 04:24:34 PM [] []
[2026-07-16 16:24:46] SlimMonoLogger.INFO: Cron ran at: 16-07-2026 04:24:46 PM [] []
[2026-07-16 16:25:01] SlimMonoLogger.INFO: Cron ran at: 16-07-2026 04:25:01 PM [] []
[2026-07-16 16:25:27] SlimMonoLogger.INFO: Cron ran at: 16-07-2026 04:25:27 PM [] []
[2026-07-16 16:25:45] SlimMonoLogger.INFO: Cron ran at: 16-07-2026 04:25:45 PM [] []
[2026-07-16 16:26:03] SlimMonoLogger.INFO: Cron ran at: 16-07-2026 04:26:03 PM [] []
[2026-07-16 16:26:13] SlimMonoLogger.INFO: Cron ran at: 16-07-2026 04:26:13 PM [] []
[2026-07-16 16:26:18] SlimMonoLogger.INFO: Cron ran at: 16-07-2026 04:26:18 PM [] []
[2026-07-16 16:26:38] SlimMonoLogger.INFO: Cron ran at: 16-07-2026 04:26:38 PM [] []
[2026-07-16 16:27:03] SlimMonoLogger.INFO: Cron ran at: 16-07-2026 04:27:03 PM [] []
[2026-07-16 16:27:10] SlimMonoLogger.INFO: Cron ran at: 16-07-2026 04:27:10 PM [] []
[2026-07-16 16:27:10] SlimMonoLogger.INFO: Cron ran at: 16-07-2026 04:27:10 PM [] []
[2026-07-16 16:27:44] SlimMonoLogger.INFO: Cron ran at: 16-07-2026 04:27:44 PM [] []
[2026-07-16 16:27:56] SlimMonoLogger.INFO: Cron ran at: 16-07-2026 04:27:56 PM [] []
[2026-07-16 16:27:57] SlimMonoLogger.INFO: Cron ran at: 16-07-2026 04:27:57 PM [] []
[2026-07-16 16:28:05] SlimMonoLogger.INFO: Cron ran at: 16-07-2026 04:28:05 PM [] []
[2026-07-16 16:28:43] SlimMonoLogger.INFO: Cron ran at: 16-07-2026 04:28:43 PM [] []
[2026-07-16 16:28:53] SlimMonoLogger.INFO: Cron ran at: 16-07-2026 04:28:53 PM [] []
[2026-07-16 16:28:57] SlimMonoLogger.INFO: Cron ran at: 16-07-2026 04:28:57 PM [] []
[2026-07-16 16:29:07] SlimMonoLogger.INFO: Cron ran at: 16-07-2026 04:29:07 PM [] []
[2026-07-16 16:29:42] SlimMonoLogger.INFO: Cron ran at: 16-07-2026 04:29:42 PM [] []
[2026-07-16 16:29:47] SlimMonoLogger.INFO: Cron ran at: 16-07-2026 04:29:47 PM [] []
[2026-07-16 16:29:57] SlimMonoLogger.INFO: Cron ran at: 16-07-2026 04:29:57 PM [] []
[2026-07-16 16:30:21] SlimMonoLogger.INFO: Cron ran at: 16-07-2026 04:30:21 PM [] []
[2026-07-16 16:30:45] SlimMonoLogger.INFO: Cron ran at: 16-07-2026 04:30:45 PM [] []
[2026-07-16 16:31:00] SlimMonoLogger.INFO: Cron ran at: 16-07-2026 04:31:00 PM [] []
[2026-07-16 16:31:07] SlimMonoLogger.INFO: Cron ran at: 16-07-2026 04:31:07 PM [] []
[2026-07-16 16:31:52] SlimMonoLogger.INFO: Cron ran at: 16-07-2026 04:31:52 PM [] []
[2026-07-16 16:31:56] SlimMonoLogger.INFO: Cron ran at: 16-07-2026 04:31:56 PM [] []
[2026-07-16 16:32:04] SlimMonoLogger.INFO: Cron ran at: 16-07-2026 04:32:04 PM [] []
[2026-07-16 16:32:07] SlimMonoLogger.INFO: Cron ran at: 16-07-2026 04:32:07 PM [] []
[2026-07-16 16:32:37] SlimMonoLogger.INFO: Cron ran at: 16-07-2026 04:32:37 PM [] []
[2026-07-16 16:32:40] SlimMonoLogger.INFO: Cron ran at: 16-07-2026 04:32:40 PM [] []
[2026-07-16 16:33:00] SlimMonoLogger.INFO: Cron ran at: 16-07-2026 04:33:00 PM [] []
[2026-07-16 16:33:05] SlimMonoLogger.INFO: Cron ran at: 16-07-2026 04:33:05 PM [] []
[2026-07-16 16:33:32] SlimMonoLogger.INFO: Cron ran at: 16-07-2026 04:33:32 PM [] []
[2026-07-16 16:33:32] SlimMonoLogger.INFO: Cron ran at: 16-07-2026 04:33:32 PM [] []
[2026-07-16 16:33:58] SlimMonoLogger.INFO: Cron ran at: 16-07-2026 04:33:58 PM [] []
[2026-07-16 16:34:06] SlimMonoLogger.INFO: Cron ran at: 16-07-2026 04:34:06 PM [] []
[2026-07-16 16:34:30] SlimMonoLogger.INFO: Cron ran at: 16-07-2026 04:34:30 PM [] []
[2026-07-16 16:34:38] SlimMonoLogger.INFO: Cron ran at: 16-07-2026 04:34:38 PM [] []
[2026-07-16 16:35:05] SlimMonoLogger.INFO: Cron ran at: 16-07-2026 04:35:05 PM [] []
[2026-07-16 16:35:06] SlimMonoLogger.INFO: Cron ran at: 16-07-2026 04:35:06 PM [] []
[2026-07-16 16:35:27] SlimMonoLogger.INFO: Cron ran at: 16-07-2026 04:35:27 PM [] []
[2026-07-16 16:35:40] SlimMonoLogger.INFO: Cron ran at: 16-07-2026 04:35:40 PM [] []
[2026-07-16 16:36:10] SlimMonoLogger.INFO: Cron ran at: 16-07-2026 04:36:10 PM [] []
[2026-07-16 16:36:22] SlimMonoLogger.INFO: Cron ran at: 16-07-2026 04:36:22 PM [] []
[2026-07-16 16:36:37] SlimMonoLogger.INFO: Cron ran at: 16-07-2026 04:36:37 PM [] []
[2026-07-16 16:37:00] SlimMonoLogger.INFO: Cron ran at: 16-07-2026 04:37:00 PM [] []
[2026-07-16 16:37:08] SlimMonoLogger.INFO: Cron ran at: 16-07-2026 04:37:08 PM [] []
[2026-07-16 16:37:11] SlimMonoLogger.INFO: Cron ran at: 16-07-2026 04:37:11 PM [] []
[2026-07-16 16:37:40] SlimMonoLogger.INFO: Cron ran at: 16-07-2026 04:37:40 PM [] []
[2026-07-16 16:37:49] SlimMonoLogger.INFO: Cron ran at: 16-07-2026 04:37:49 PM [] []
[2026-07-16 16:38:08] SlimMonoLogger.INFO: Cron ran at: 16-07-2026 04:38:08 PM [] []
[2026-07-16 16:38:08] SlimMonoLogger.INFO: Cron ran at: 16-07-2026 04:38:08 PM [] []
[2026-07-16 16:38:39] SlimMonoLogger.INFO: Cron ran at: 16-07-2026 04:38:39 PM [] []
[2026-07-16 16:38:39] SlimMonoLogger.INFO: Cron ran at: 16-07-2026 04:38:39 PM [] []
[2026-07-16 16:39:06] SlimMonoLogger.INFO: Cron ran at: 16-07-2026 04:39:06 PM [] []
[2026-07-16 16:39:07] SlimMonoLogger.INFO: Cron ran at: 16-07-2026 04:39:07 PM [] []
[2026-07-16 16:39:37] SlimMonoLogger.INFO: Cron ran at: 16-07-2026 04:39:37 PM [] []
[2026-07-16 16:39:38] SlimMonoLogger.INFO: Cron ran at: 16-07-2026 04:39:38 PM [] []
[2026-07-16 16:40:10] SlimMonoLogger.INFO: Cron ran at: 16-07-2026 04:40:10 PM [] []
[2026-07-16 16:40:11] SlimMonoLogger.INFO: Cron ran at: 16-07-2026 04:40:11 PM [] []
[2026-07-16 16:40:29] SlimMonoLogger.INFO: Cron ran at: 16-07-2026 04:40:29 PM [] []
[2026-07-16 16:40:39] SlimMonoLogger.INFO: Cron ran at: 16-07-2026 04:40:39 PM [] []
[2026-07-16 16:41:08] SlimMonoLogger.INFO: Cron ran at: 16-07-2026 04:41:08 PM [] []
[2026-07-16 16:41:26] SlimMonoLogger.INFO: Cron ran at: 16-07-2026 04:41:26 PM [] []
[2026-07-16 16:41:40] SlimMonoLogger.INFO: Cron ran at: 16-07-2026 04:41:40 PM [] []
[2026-07-16 16:41:54] SlimMonoLogger.INFO: Cron ran at: 16-07-2026 04:41:54 PM [] []
[2026-07-16 16:42:16] SlimMonoLogger.INFO: Cron ran at: 16-07-2026 04:42:16 PM [] []
[2026-07-16 16:42:24] SlimMonoLogger.INFO: Cron ran at: 16-07-2026 04:42:24 PM [] []
[2026-07-16 16:42:43] SlimMonoLogger.INFO: Cron ran at: 16-07-2026 04:42:43 PM [] []
[2026-07-16 16:42:45] SlimMonoLogger.INFO: Cron ran at: 16-07-2026 04:42:45 PM [] []
[2026-07-16 16:43:17] SlimMonoLogger.INFO: Cron ran at: 16-07-2026 04:43:17 PM [] []
[2026-07-16 16:43:20] SlimMonoLogger.INFO: Cron ran at: 16-07-2026 04:43:20 PM [] []
[2026-07-16 16:43:34] SlimMonoLogger.INFO: Cron ran at: 16-07-2026 04:43:34 PM [] []
[2026-07-16 16:43:36] SlimMonoLogger.INFO: Cron ran at: 16-07-2026 04:43:36 PM [] []
[2026-07-16 16:44:15] SlimMonoLogger.INFO: Cron ran at: 16-07-2026 04:44:15 PM [] []
[2026-07-16 16:44:16] SlimMonoLogger.INFO: Cron ran at: 16-07-2026 04:44:16 PM [] []
[2026-07-16 16:44:31] SlimMonoLogger.INFO: Cron ran at: 16-07-2026 04:44:31 PM [] []
[2026-07-16 16:44:38] SlimMonoLogger.INFO: Cron ran at: 16-07-2026 04:44:38 PM [] []
[2026-07-16 16:45:22] SlimMonoLogger.INFO: Cron ran at: 16-07-2026 04:45:22 PM [] []
[2026-07-16 16:45:29] SlimMonoLogger.INFO: Cron ran at: 16-07-2026 04:45:29 PM [] []
[2026-07-16 16:45:39] SlimMonoLogger.INFO: Cron ran at: 16-07-2026 04:45:39 PM [] []
[2026-07-16 16:46:18] SlimMonoLogger.INFO: Cron ran at: 16-07-2026 04:46:18 PM [] []
[2026-07-16 16:46:24] SlimMonoLogger.INFO: Cron ran at: 16-07-2026 04:46:24 PM [] []
[2026-07-16 16:46:24] SlimMonoLogger.INFO: Cron ran at: 16-07-2026 04:46:24 PM [] []
[2026-07-16 16:47:10] SlimMonoLogger.INFO: Cron ran at: 16-07-2026 04:47:10 PM [] []
[2026-07-16 16:47:18] SlimMonoLogger.INFO: Cron ran at: 16-07-2026 04:47:18 PM [] []
[2026-07-16 16:47:19] SlimMonoLogger.INFO: Cron ran at: 16-07-2026 04:47:19 PM [] []
[2026-07-16 16:47:22] SlimMonoLogger.INFO: Cron ran at: 16-07-2026 04:47:22 PM [] []
[2026-07-16 16:48:08] SlimMonoLogger.INFO: Cron ran at: 16-07-2026 04:48:08 PM [] []
[2026-07-16 16:48:22] SlimMonoLogger.INFO: Cron ran at: 16-07-2026 04:48:22 PM [] []
[2026-07-16 16:48:22] SlimMonoLogger.INFO: Cron ran at: 16-07-2026 04:48:22 PM [] []
[2026-07-16 16:48:25] SlimMonoLogger.INFO: Cron ran at: 16-07-2026 04:48:25 PM [] []
[2026-07-16 16:48:48] SlimMonoLogger.INFO: Cron ran at: 16-07-2026 04:48:48 PM [] []
[2026-07-16 16:49:10] SlimMonoLogger.INFO: Cron ran at: 16-07-2026 04:49:10 PM [] []
[2026-07-16 16:49:11] SlimMonoLogger.INFO: Cron ran at: 16-07-2026 04:49:11 PM [] []
[2026-07-16 16:49:13] SlimMonoLogger.INFO: Cron ran at: 16-07-2026 04:49:13 PM [] []
[2026-07-16 16:49:33] SlimMonoLogger.INFO: Cron ran at: 16-07-2026 04:49:33 PM [] []
[2026-07-16 16:50:11] SlimMonoLogger.INFO: Cron ran at: 16-07-2026 04:50:11 PM [] []
[2026-07-16 16:50:14] SlimMonoLogger.INFO: Cron ran at: 16-07-2026 04:50:14 PM [] []
[2026-07-16 16:50:17] SlimMonoLogger.INFO: Cron ran at: 16-07-2026 04:50:17 PM [] []
[2026-07-16 16:50:28] SlimMonoLogger.INFO: Cron ran at: 16-07-2026 04:50:28 PM [] []
[2026-07-16 16:51:12] SlimMonoLogger.INFO: Cron ran at: 16-07-2026 04:51:12 PM [] []
[2026-07-16 16:51:15] SlimMonoLogger.INFO: Cron ran at: 16-07-2026 04:51:15 PM [] []
[2026-07-16 16:51:22] SlimMonoLogger.INFO: Cron ran at: 16-07-2026 04:51:22 PM [] []
[2026-07-16 16:52:04] SlimMonoLogger.INFO: Cron ran at: 16-07-2026 04:52:04 PM [] []
[2026-07-16 16:52:04] SlimMonoLogger.INFO: Cron ran at: 16-07-2026 04:52:04 PM [] []
[2026-07-16 16:52:18] SlimMonoLogger.INFO: Cron ran at: 16-07-2026 04:52:18 PM [] []
[2026-07-16 16:52:19] SlimMonoLogger.INFO: Cron ran at: 16-07-2026 04:52:19 PM [] []
[2026-07-16 16:52:55] SlimMonoLogger.INFO: Cron ran at: 16-07-2026 04:52:55 PM [] []
[2026-07-16 16:53:04] SlimMonoLogger.INFO: Cron ran at: 16-07-2026 04:53:04 PM [] []
[2026-07-16 16:53:13] SlimMonoLogger.INFO: Cron ran at: 16-07-2026 04:53:13 PM [] []
[2026-07-16 16:53:14] SlimMonoLogger.INFO: Cron ran at: 16-07-2026 04:53:14 PM [] []
[2026-07-16 16:54:07] SlimMonoLogger.INFO: Cron ran at: 16-07-2026 04:54:07 PM [] []
[2026-07-16 16:54:07] SlimMonoLogger.INFO: Cron ran at: 16-07-2026 04:54:07 PM [] []
[2026-07-16 16:54:14] SlimMonoLogger.INFO: Cron ran at: 16-07-2026 04:54:14 PM [] []
[2026-07-16 16:54:15] SlimMonoLogger.INFO: Cron ran at: 16-07-2026 04:54:15 PM [] []
[2026-07-16 16:54:37] SlimMonoLogger.INFO: Cron ran at: 16-07-2026 04:54:37 PM [] []
[2026-07-16 16:55:09] SlimMonoLogger.INFO: Cron ran at: 16-07-2026 04:55:09 PM [] []
[2026-07-16 16:55:11] SlimMonoLogger.INFO: Cron ran at: 16-07-2026 04:55:11 PM [] []
[2026-07-16 16:55:15] SlimMonoLogger.INFO: Cron ran at: 16-07-2026 04:55:15 PM [] []
[2026-07-16 16:55:30] SlimMonoLogger.INFO: Cron ran at: 16-07-2026 04:55:30 PM [] []
[2026-07-16 16:56:07] SlimMonoLogger.INFO: Cron ran at: 16-07-2026 04:56:07 PM [] []
[2026-07-16 16:56:10] SlimMonoLogger.INFO: Cron ran at: 16-07-2026 04:56:10 PM [] []
[2026-07-16 16:56:21] SlimMonoLogger.INFO: Cron ran at: 16-07-2026 04:56:21 PM [] []
[2026-07-16 16:56:44] SlimMonoLogger.INFO: Cron ran at: 16-07-2026 04:56:44 PM [] []
[2026-07-16 16:57:07] SlimMonoLogger.INFO: Cron ran at: 16-07-2026 04:57:07 PM [] []
[2026-07-16 16:57:08] SlimMonoLogger.INFO: Cron ran at: 16-07-2026 04:57:08 PM [] []
[2026-07-16 16:57:19] SlimMonoLogger.INFO: Cron ran at: 16-07-2026 04:57:19 PM [] []
[2026-07-16 16:57:34] SlimMonoLogger.INFO: Cron ran at: 16-07-2026 04:57:34 PM [] []
[2026-07-16 16:57:37] SlimMonoLogger.INFO: Cron ran at: 16-07-2026 04:57:37 PM [] []
[2026-07-16 16:58:05] SlimMonoLogger.INFO: Cron ran at: 16-07-2026 04:58:05 PM [] []
[2026-07-16 16:58:14] SlimMonoLogger.INFO: Cron ran at: 16-07-2026 04:58:14 PM [] []
[2026-07-16 16:58:23] SlimMonoLogger.INFO: Cron ran at: 16-07-2026 04:58:23 PM [] []
[2026-07-16 16:58:36] SlimMonoLogger.INFO: Cron ran at: 16-07-2026 04:58:36 PM [] []
[2026-07-16 16:59:05] SlimMonoLogger.INFO: Cron ran at: 16-07-2026 04:59:05 PM [] []
[2026-07-16 16:59:11] SlimMonoLogger.INFO: Cron ran at: 16-07-2026 04:59:11 PM [] []
[2026-07-16 16:59:13] SlimMonoLogger.INFO: Cron ran at: 16-07-2026 04:59:13 PM [] []
[2026-07-16 16:59:36] SlimMonoLogger.INFO: Cron ran at: 16-07-2026 04:59:36 PM [] []
[2026-07-16 17:00:10] SlimMonoLogger.INFO: Cron ran at: 16-07-2026 05:00:10 PM [] []
[2026-07-16 17:00:11] SlimMonoLogger.INFO: Cron ran at: 16-07-2026 05:00:11 PM [] []
[2026-07-16 17:00:13] SlimMonoLogger.INFO: Cron ran at: 16-07-2026 05:00:13 PM [] []
[2026-07-16 17:01:17] SlimMonoLogger.INFO: Cron ran at: 16-07-2026 05:01:17 PM [] []
[2026-07-16 17:01:17] SlimMonoLogger.INFO: Cron ran at: 16-07-2026 05:01:17 PM [] []
[2026-07-16 17:01:18] SlimMonoLogger.INFO: Cron ran at: 16-07-2026 05:01:18 PM [] []
[2026-07-16 17:01:56] SlimMonoLogger.INFO: Cron ran at: 16-07-2026 05:01:56 PM [] []
[2026-07-16 17:02:00] SlimMonoLogger.INFO: Cron ran at: 16-07-2026 05:02:00 PM [] []
[2026-07-16 17:02:11] SlimMonoLogger.INFO: Cron ran at: 16-07-2026 05:02:11 PM [] []
[2026-07-16 17:02:11] SlimMonoLogger.INFO: Cron ran at: 16-07-2026 05:02:11 PM [] []
[2026-07-16 17:02:43] SlimMonoLogger.INFO: Cron ran at: 16-07-2026 05:02:43 PM [] []
[2026-07-16 17:03:04] SlimMonoLogger.INFO: Cron ran at: 16-07-2026 05:03:04 PM [] []
[2026-07-16 17:03:09] SlimMonoLogger.INFO: Cron ran at: 16-07-2026 05:03:09 PM [] []
[2026-07-16 17:03:15] SlimMonoLogger.INFO: Cron ran at: 16-07-2026 05:03:15 PM [] []
[2026-07-16 17:03:34] SlimMonoLogger.INFO: Cron ran at: 16-07-2026 05:03:34 PM [] []
[2026-07-16 17:04:00] SlimMonoLogger.INFO: Cron ran at: 16-07-2026 05:04:00 PM [] []
[2026-07-16 17:04:11] SlimMonoLogger.INFO: Cron ran at: 16-07-2026 05:04:11 PM [] []
[2026-07-16 17:04:18] SlimMonoLogger.INFO: Cron ran at: 16-07-2026 05:04:18 PM [] []
[2026-07-16 17:04:25] SlimMonoLogger.INFO: Cron ran at: 16-07-2026 05:04:25 PM [] []
[2026-07-16 17:04:55] SlimMonoLogger.INFO: Cron ran at: 16-07-2026 05:04:55 PM [] []
[2026-07-16 17:05:07] SlimMonoLogger.INFO: Cron ran at: 16-07-2026 05:05:07 PM [] []
[2026-07-16 17:05:11] SlimMonoLogger.INFO: Cron ran at: 16-07-2026 05:05:11 PM [] []
[2026-07-16 17:05:22] SlimMonoLogger.INFO: Cron ran at: 16-07-2026 05:05:22 PM [] []
[2026-07-16 17:05:57] SlimMonoLogger.INFO: Cron ran at: 16-07-2026 05:05:57 PM [] []
[2026-07-16 17:06:16] SlimMonoLogger.INFO: Cron ran at: 16-07-2026 05:06:16 PM [] []
[2026-07-16 17:06:17] SlimMonoLogger.INFO: Cron ran at: 16-07-2026 05:06:17 PM [] []
[2026-07-16 17:06:57] SlimMonoLogger.INFO: Cron ran at: 16-07-2026 05:06:57 PM [] []
[2026-07-16 17:06:58] SlimMonoLogger.INFO: Cron ran at: 16-07-2026 05:06:58 PM [] []
[2026-07-16 17:07:14] SlimMonoLogger.INFO: Cron ran at: 16-07-2026 05:07:14 PM [] []
[2026-07-16 17:07:16] SlimMonoLogger.INFO: Cron ran at: 16-07-2026 05:07:16 PM [] []
[2026-07-16 17:07:43] SlimMonoLogger.INFO: Cron ran at: 16-07-2026 05:07:43 PM [] []
[2026-07-16 17:07:58] SlimMonoLogger.INFO: Cron ran at: 16-07-2026 05:07:58 PM [] []
[2026-07-16 17:08:11] SlimMonoLogger.INFO: Cron ran at: 16-07-2026 05:08:11 PM [] []
[2026-07-16 17:08:12] SlimMonoLogger.INFO: Cron ran at: 16-07-2026 05:08:12 PM [] []
[2026-07-16 17:08:35] SlimMonoLogger.INFO: Cron ran at: 16-07-2026 05:08:35 PM [] []
[2026-07-16 17:08:53] SlimMonoLogger.INFO: Cron ran at: 16-07-2026 05:08:53 PM [] []
[2026-07-16 17:09:07] SlimMonoLogger.INFO: Cron ran at: 16-07-2026 05:09:07 PM [] []
[2026-07-16 17:09:14] SlimMonoLogger.INFO: Cron ran at: 16-07-2026 05:09:14 PM [] []
[2026-07-16 17:09:27] SlimMonoLogger.INFO: Cron ran at: 16-07-2026 05:09:27 PM [] []
[2026-07-16 17:09:56] SlimMonoLogger.INFO: Cron ran at: 16-07-2026 05:09:56 PM [] []
[2026-07-16 17:10:04] SlimMonoLogger.INFO: Cron ran at: 16-07-2026 05:10:04 PM [] []
[2026-07-16 17:10:11] SlimMonoLogger.INFO: Cron ran at: 16-07-2026 05:10:11 PM [] []
[2026-07-16 17:10:24] SlimMonoLogger.INFO: Cron ran at: 16-07-2026 05:10:24 PM [] []
[2026-07-16 17:10:55] SlimMonoLogger.INFO: Cron ran at: 16-07-2026 05:10:55 PM [] []
[2026-07-16 17:11:07] SlimMonoLogger.INFO: Cron ran at: 16-07-2026 05:11:07 PM [] []
[2026-07-16 17:11:21] SlimMonoLogger.INFO: Cron ran at: 16-07-2026 05:11:21 PM [] []
[2026-07-16 17:11:29] SlimMonoLogger.INFO: Cron ran at: 16-07-2026 05:11:29 PM [] []
[2026-07-16 17:11:56] SlimMonoLogger.INFO: Cron ran at: 16-07-2026 05:11:56 PM [] []
[2026-07-16 17:12:06] SlimMonoLogger.INFO: Cron ran at: 16-07-2026 05:12:06 PM [] []
[2026-07-16 17:12:17] SlimMonoLogger.INFO: Cron ran at: 16-07-2026 05:12:17 PM [] []
[2026-07-16 17:12:26] SlimMonoLogger.INFO: Cron ran at: 16-07-2026 05:12:26 PM [] []
[2026-07-16 17:12:54] SlimMonoLogger.INFO: Cron ran at: 16-07-2026 05:12:54 PM [] []
[2026-07-16 17:13:07] SlimMonoLogger.INFO: Cron ran at: 16-07-2026 05:13:07 PM [] []
[2026-07-16 17:13:10] SlimMonoLogger.INFO: Cron ran at: 16-07-2026 05:13:10 PM [] []
[2026-07-16 17:13:12] SlimMonoLogger.INFO: Cron ran at: 16-07-2026 05:13:12 PM [] []
[2026-07-16 17:13:57] SlimMonoLogger.INFO: Cron ran at: 16-07-2026 05:13:57 PM [] []
[2026-07-16 17:14:04] SlimMonoLogger.INFO: Cron ran at: 16-07-2026 05:14:04 PM [] []
[2026-07-16 17:14:06] SlimMonoLogger.INFO: Cron ran at: 16-07-2026 05:14:06 PM [] []
[2026-07-16 17:14:07] SlimMonoLogger.INFO: Cron ran at: 16-07-2026 05:14:07 PM [] []
[2026-07-16 17:14:56] SlimMonoLogger.INFO: Cron ran at: 16-07-2026 05:14:56 PM [] []
[2026-07-16 17:14:57] SlimMonoLogger.INFO: Cron ran at: 16-07-2026 05:14:57 PM [] []
[2026-07-16 17:15:05] SlimMonoLogger.INFO: Cron ran at: 16-07-2026 05:15:05 PM [] []
[2026-07-16 17:15:05] SlimMonoLogger.INFO: Cron ran at: 16-07-2026 05:15:05 PM [] []
[2026-07-16 17:16:01] SlimMonoLogger.INFO: Cron ran at: 16-07-2026 05:16:01 PM [] []
[2026-07-16 17:16:08] SlimMonoLogger.INFO: Cron ran at: 16-07-2026 05:16:08 PM [] []
[2026-07-16 17:16:09] SlimMonoLogger.INFO: Cron ran at: 16-07-2026 05:16:09 PM [] []
[2026-07-16 17:16:47] SlimMonoLogger.INFO: Cron ran at: 16-07-2026 05:16:47 PM [] []
[2026-07-16 17:16:55] SlimMonoLogger.INFO: Cron ran at: 16-07-2026 05:16:55 PM [] []
[2026-07-16 17:17:04] SlimMonoLogger.INFO: Cron ran at: 16-07-2026 05:17:04 PM [] []
[2026-07-16 17:17:10] SlimMonoLogger.INFO: Cron ran at: 16-07-2026 05:17:10 PM [] []
[2026-07-16 17:17:33] SlimMonoLogger.INFO: Cron ran at: 16-07-2026 05:17:33 PM [] []
[2026-07-16 17:17:51] SlimMonoLogger.INFO: Cron ran at: 16-07-2026 05:17:51 PM [] []
[2026-07-16 17:18:11] SlimMonoLogger.INFO: Cron ran at: 16-07-2026 05:18:11 PM [] []
[2026-07-16 17:18:11] SlimMonoLogger.INFO: Cron ran at: 16-07-2026 05:18:11 PM [] []
[2026-07-16 17:18:20] SlimMonoLogger.INFO: Cron ran at: 16-07-2026 05:18:20 PM [] []
[2026-07-16 17:18:48] SlimMonoLogger.INFO: Cron ran at: 16-07-2026 05:18:48 PM [] []
[2026-07-16 17:19:08] SlimMonoLogger.INFO: Cron ran at: 16-07-2026 05:19:08 PM [] []
[2026-07-16 17:19:10] SlimMonoLogger.INFO: Cron ran at: 16-07-2026 05:19:10 PM [] []
[2026-07-16 17:19:14] SlimMonoLogger.INFO: Cron ran at: 16-07-2026 05:19:14 PM [] []
[2026-07-16 17:19:52] SlimMonoLogger.INFO: Cron ran at: 16-07-2026 05:19:52 PM [] []
[2026-07-16 17:20:06] SlimMonoLogger.INFO: Cron ran at: 16-07-2026 05:20:06 PM [] []
[2026-07-16 17:20:06] SlimMonoLogger.INFO: Cron ran at: 16-07-2026 05:20:06 PM [] []
[2026-07-16 17:20:06] SlimMonoLogger.INFO: Cron ran at: 16-07-2026 05:20:06 PM [] []
[2026-07-16 17:20:50] SlimMonoLogger.INFO: Cron ran at: 16-07-2026 05:20:50 PM [] []
[2026-07-16 17:21:04] SlimMonoLogger.INFO: Cron ran at: 16-07-2026 05:21:04 PM [] []
[2026-07-16 17:21:08] SlimMonoLogger.INFO: Cron ran at: 16-07-2026 05:21:08 PM [] []
[2026-07-16 17:21:47] SlimMonoLogger.INFO: Cron ran at: 16-07-2026 05:21:47 PM [] []
[2026-07-16 17:22:00] SlimMonoLogger.INFO: Cron ran at: 16-07-2026 05:22:00 PM [] []
[2026-07-16 17:22:04] SlimMonoLogger.INFO: Cron ran at: 16-07-2026 05:22:04 PM [] []
[2026-07-16 17:22:06] SlimMonoLogger.INFO: Cron ran at: 16-07-2026 05:22:06 PM [] []
[2026-07-16 17:22:56] SlimMonoLogger.INFO: Cron ran at: 16-07-2026 05:22:56 PM [] []
[2026-07-16 17:23:00] SlimMonoLogger.INFO: Cron ran at: 16-07-2026 05:23:00 PM [] []
[2026-07-16 17:23:04] SlimMonoLogger.INFO: Cron ran at: 16-07-2026 05:23:04 PM [] []
[2026-07-16 17:23:10] SlimMonoLogger.INFO: Cron ran at: 16-07-2026 05:23:10 PM [] []
[2026-07-16 17:23:48] SlimMonoLogger.INFO: Cron ran at: 16-07-2026 05:23:48 PM [] []
[2026-07-16 17:23:50] SlimMonoLogger.INFO: Cron ran at: 16-07-2026 05:23:50 PM [] []
[2026-07-16 17:23:53] SlimMonoLogger.INFO: Cron ran at: 16-07-2026 05:23:53 PM [] []
[2026-07-16 17:24:09] SlimMonoLogger.INFO: Cron ran at: 16-07-2026 05:24:09 PM [] []
[2026-07-16 17:24:37] SlimMonoLogger.INFO: Cron ran at: 16-07-2026 05:24:37 PM [] []
[2026-07-16 17:24:40] SlimMonoLogger.INFO: Cron ran at: 16-07-2026 05:24:40 PM [] []
[2026-07-16 17:24:59] SlimMonoLogger.INFO: Cron ran at: 16-07-2026 05:24:59 PM [] []
[2026-07-16 17:25:08] SlimMonoLogger.INFO: Cron ran at: 16-07-2026 05:25:08 PM [] []
[2026-07-16 17:25:35] SlimMonoLogger.INFO: Cron ran at: 16-07-2026 05:25:35 PM [] []
[2026-07-16 17:25:43] SlimMonoLogger.INFO: Cron ran at: 16-07-2026 05:25:43 PM [] []
[2026-07-16 17:25:54] SlimMonoLogger.INFO: Cron ran at: 16-07-2026 05:25:54 PM [] []
[2026-07-16 17:26:29] SlimMonoLogger.INFO: Cron ran at: 16-07-2026 05:26:29 PM [] []
[2026-07-16 17:26:42] SlimMonoLogger.INFO: Cron ran at: 16-07-2026 05:26:42 PM [] []
[2026-07-16 17:26:43] SlimMonoLogger.INFO: Cron ran at: 16-07-2026 05:26:43 PM [] []
[2026-07-16 17:26:53] SlimMonoLogger.INFO: Cron ran at: 16-07-2026 05:26:53 PM [] []
[2026-07-16 17:27:30] SlimMonoLogger.INFO: Cron ran at: 16-07-2026 05:27:30 PM [] []
[2026-07-16 17:27:33] SlimMonoLogger.INFO: Cron ran at: 16-07-2026 05:27:33 PM [] []
[2026-07-16 17:27:49] SlimMonoLogger.INFO: Cron ran at: 16-07-2026 05:27:49 PM [] []
[2026-07-16 17:27:53] SlimMonoLogger.INFO: Cron ran at: 16-07-2026 05:27:53 PM [] []
[2026-07-16 17:28:21] SlimMonoLogger.INFO: Cron ran at: 16-07-2026 05:28:21 PM [] []
[2026-07-16 17:28:26] SlimMonoLogger.INFO: Cron ran at: 16-07-2026 05:28:26 PM [] []
[2026-07-16 17:28:44] SlimMonoLogger.INFO: Cron ran at: 16-07-2026 05:28:44 PM [] []
[2026-07-16 17:28:56] SlimMonoLogger.INFO: Cron ran at: 16-07-2026 05:28:56 PM [] []
[2026-07-16 17:29:18] SlimMonoLogger.INFO: Cron ran at: 16-07-2026 05:29:18 PM [] []
[2026-07-16 17:29:22] SlimMonoLogger.INFO: Cron ran at: 16-07-2026 05:29:22 PM [] []
[2026-07-16 17:29:46] SlimMonoLogger.INFO: Cron ran at: 16-07-2026 05:29:46 PM [] []
[2026-07-16 17:29:54] SlimMonoLogger.INFO: Cron ran at: 16-07-2026 05:29:54 PM [] []
[2026-07-16 17:30:11] SlimMonoLogger.INFO: Cron ran at: 16-07-2026 05:30:11 PM [] []
[2026-07-16 17:30:21] SlimMonoLogger.INFO: Cron ran at: 16-07-2026 05:30:21 PM [] []
[2026-07-16 17:31:02] SlimMonoLogger.INFO: Cron ran at: 16-07-2026 05:31:02 PM [] []
[2026-07-16 17:31:09] SlimMonoLogger.INFO: Cron ran at: 16-07-2026 05:31:09 PM [] []
[2026-07-16 17:31:21] SlimMonoLogger.INFO: Cron ran at: 16-07-2026 05:31:21 PM [] []
[2026-07-16 17:31:22] SlimMonoLogger.INFO: Cron ran at: 16-07-2026 05:31:22 PM [] []
[2026-07-16 17:31:57] SlimMonoLogger.INFO: Cron ran at: 16-07-2026 05:31:57 PM [] []
[2026-07-16 17:32:05] SlimMonoLogger.INFO: Cron ran at: 16-07-2026 05:32:05 PM [] []
[2026-07-16 17:32:08] SlimMonoLogger.INFO: Cron ran at: 16-07-2026 05:32:08 PM [] []
[2026-07-16 17:32:28] SlimMonoLogger.INFO: Cron ran at: 16-07-2026 05:32:28 PM [] []
[2026-07-16 17:33:01] SlimMonoLogger.INFO: Cron ran at: 16-07-2026 05:33:01 PM [] []
[2026-07-16 17:33:10] SlimMonoLogger.INFO: Cron ran at: 16-07-2026 05:33:10 PM [] []
[2026-07-16 17:33:10] SlimMonoLogger.INFO: Cron ran at: 16-07-2026 05:33:10 PM [] []
[2026-07-16 17:33:28] SlimMonoLogger.INFO: Cron ran at: 16-07-2026 05:33:28 PM [] []
[2026-07-16 17:33:54] SlimMonoLogger.INFO: Cron ran at: 16-07-2026 05:33:54 PM [] []
[2026-07-16 17:33:57] SlimMonoLogger.INFO: Cron ran at: 16-07-2026 05:33:57 PM [] []
[2026-07-16 17:34:00] SlimMonoLogger.INFO: Cron ran at: 16-07-2026 05:34:00 PM [] []
[2026-07-16 17:34:24] SlimMonoLogger.INFO: Cron ran at: 16-07-2026 05:34:24 PM [] []
[2026-07-16 17:34:52] SlimMonoLogger.INFO: Cron ran at: 16-07-2026 05:34:52 PM [] []
[2026-07-16 17:34:54] SlimMonoLogger.INFO: Cron ran at: 16-07-2026 05:34:54 PM [] []
[2026-07-16 17:35:06] SlimMonoLogger.INFO: Cron ran at: 16-07-2026 05:35:06 PM [] []
[2026-07-16 17:35:28] SlimMonoLogger.INFO: Cron ran at: 16-07-2026 05:35:28 PM [] []
[2026-07-16 17:35:44] SlimMonoLogger.INFO: Cron ran at: 16-07-2026 05:35:44 PM [] []
[2026-07-16 17:35:58] SlimMonoLogger.INFO: Cron ran at: 16-07-2026 05:35:58 PM [] []
[2026-07-16 17:36:21] SlimMonoLogger.INFO: Cron ran at: 16-07-2026 05:36:21 PM [] []
[2026-07-16 17:36:22] SlimMonoLogger.INFO: Cron ran at: 16-07-2026 05:36:22 PM [] []
[2026-07-16 17:36:38] SlimMonoLogger.INFO: Cron ran at: 16-07-2026 05:36:38 PM [] []
[2026-07-16 17:36:56] SlimMonoLogger.INFO: Cron ran at: 16-07-2026 05:36:56 PM [] []
[2026-07-16 17:37:11] SlimMonoLogger.INFO: Cron ran at: 16-07-2026 05:37:11 PM [] []
[2026-07-16 17:37:20] SlimMonoLogger.INFO: Cron ran at: 16-07-2026 05:37:20 PM [] []
[2026-07-16 17:37:36] SlimMonoLogger.INFO: Cron ran at: 16-07-2026 05:37:36 PM [] []
[2026-07-16 17:37:59] SlimMonoLogger.INFO: Cron ran at: 16-07-2026 05:37:59 PM [] []
[2026-07-16 17:38:02] SlimMonoLogger.INFO: Cron ran at: 16-07-2026 05:38:02 PM [] []
[2026-07-16 17:38:20] SlimMonoLogger.INFO: Cron ran at: 16-07-2026 05:38:20 PM [] []
[2026-07-16 17:38:34] SlimMonoLogger.INFO: Cron ran at: 16-07-2026 05:38:34 PM [] []
[2026-07-16 17:38:55] SlimMonoLogger.INFO: Cron ran at: 16-07-2026 05:38:55 PM [] []
[2026-07-16 17:38:59] SlimMonoLogger.INFO: Cron ran at: 16-07-2026 05:38:59 PM [] []
[2026-07-16 17:39:22] SlimMonoLogger.INFO: Cron ran at: 16-07-2026 05:39:22 PM [] []
[2026-07-16 17:39:34] SlimMonoLogger.INFO: Cron ran at: 16-07-2026 05:39:34 PM [] []
[2026-07-16 17:39:46] SlimMonoLogger.INFO: Cron ran at: 16-07-2026 05:39:46 PM [] []
[2026-07-16 17:39:56] SlimMonoLogger.INFO: Cron ran at: 16-07-2026 05:39:56 PM [] []
[2026-07-16 17:40:22] SlimMonoLogger.INFO: Cron ran at: 16-07-2026 05:40:22 PM [] []
[2026-07-16 17:40:33] SlimMonoLogger.INFO: Cron ran at: 16-07-2026 05:40:33 PM [] []
[2026-07-16 17:41:00] SlimMonoLogger.INFO: Cron ran at: 16-07-2026 05:41:00 PM [] []
[2026-07-16 17:41:01] SlimMonoLogger.INFO: Cron ran at: 16-07-2026 05:41:01 PM [] []
[2026-07-16 17:41:35] SlimMonoLogger.INFO: Cron ran at: 16-07-2026 05:41:35 PM [] []
[2026-07-16 17:41:38] SlimMonoLogger.INFO: Cron ran at: 16-07-2026 05:41:38 PM [] []
[2026-07-16 17:41:40] SlimMonoLogger.INFO: Cron ran at: 16-07-2026 05:41:40 PM [] []
[2026-07-16 17:41:57] SlimMonoLogger.INFO: Cron ran at: 16-07-2026 05:41:57 PM [] []
[2026-07-16 17:42:28] SlimMonoLogger.INFO: Cron ran at: 16-07-2026 05:42:28 PM [] []
[2026-07-16 17:42:30] SlimMonoLogger.INFO: Cron ran at: 16-07-2026 05:42:30 PM [] []
[2026-07-16 17:42:37] SlimMonoLogger.INFO: Cron ran at: 16-07-2026 05:42:37 PM [] []
[2026-07-16 17:42:59] SlimMonoLogger.INFO: Cron ran at: 16-07-2026 05:42:59 PM [] []
[2026-07-16 17:43:21] SlimMonoLogger.INFO: Cron ran at: 16-07-2026 05:43:21 PM [] []
[2026-07-16 17:43:29] SlimMonoLogger.INFO: Cron ran at: 16-07-2026 05:43:29 PM [] []
[2026-07-16 17:43:30] SlimMonoLogger.INFO: Cron ran at: 16-07-2026 05:43:30 PM [] []
[2026-07-16 17:43:55] SlimMonoLogger.INFO: Cron ran at: 16-07-2026 05:43:55 PM [] []
[2026-07-16 17:44:14] SlimMonoLogger.INFO: Cron ran at: 16-07-2026 05:44:14 PM [] []
[2026-07-16 17:44:29] SlimMonoLogger.INFO: Cron ran at: 16-07-2026 05:44:29 PM [] []
[2026-07-16 17:44:29] SlimMonoLogger.INFO: Cron ran at: 16-07-2026 05:44:29 PM [] []
[2026-07-16 17:44:58] SlimMonoLogger.INFO: Cron ran at: 16-07-2026 05:44:58 PM [] []
[2026-07-16 17:45:08] SlimMonoLogger.INFO: Cron ran at: 16-07-2026 05:45:08 PM [] []
[2026-07-16 17:45:30] SlimMonoLogger.INFO: Cron ran at: 16-07-2026 05:45:30 PM [] []
[2026-07-16 17:45:33] SlimMonoLogger.INFO: Cron ran at: 16-07-2026 05:45:33 PM [] []
[2026-07-16 17:46:03] SlimMonoLogger.INFO: Cron ran at: 16-07-2026 05:46:03 PM [] []
[2026-07-16 17:46:16] SlimMonoLogger.INFO: Cron ran at: 16-07-2026 05:46:16 PM [] []
[2026-07-16 17:46:34] SlimMonoLogger.INFO: Cron ran at: 16-07-2026 05:46:34 PM [] []
[2026-07-16 17:46:34] SlimMonoLogger.INFO: Cron ran at: 16-07-2026 05:46:34 PM [] []
[2026-07-16 17:46:49] SlimMonoLogger.INFO: Cron ran at: 16-07-2026 05:46:49 PM [] []
[2026-07-16 17:46:59] SlimMonoLogger.INFO: Cron ran at: 16-07-2026 05:46:59 PM [] []
[2026-07-16 17:47:32] SlimMonoLogger.INFO: Cron ran at: 16-07-2026 05:47:32 PM [] []
[2026-07-16 17:47:35] SlimMonoLogger.INFO: Cron ran at: 16-07-2026 05:47:35 PM [] []
[2026-07-16 17:47:42] SlimMonoLogger.INFO: Cron ran at: 16-07-2026 05:47:42 PM [] []
[2026-07-16 17:48:01] SlimMonoLogger.INFO: Cron ran at: 16-07-2026 05:48:01 PM [] []
[2026-07-16 17:48:32] SlimMonoLogger.INFO: Cron ran at: 16-07-2026 05:48:32 PM [] []
[2026-07-16 17:48:33] SlimMonoLogger.INFO: Cron ran at: 16-07-2026 05:48:33 PM [] []
[2026-07-16 17:48:38] SlimMonoLogger.INFO: Cron ran at: 16-07-2026 05:48:38 PM [] []
[2026-07-16 17:48:53] SlimMonoLogger.INFO: Cron ran at: 16-07-2026 05:48:53 PM [] []
[2026-07-16 17:49:27] SlimMonoLogger.INFO: Cron ran at: 16-07-2026 05:49:27 PM [] []
[2026-07-16 17:49:32] SlimMonoLogger.INFO: Cron ran at: 16-07-2026 05:49:32 PM [] []
[2026-07-16 17:49:37] SlimMonoLogger.INFO: Cron ran at: 16-07-2026 05:49:37 PM [] []
[2026-07-16 17:49:49] SlimMonoLogger.INFO: Cron ran at: 16-07-2026 05:49:49 PM [] []
[2026-07-16 17:50:23] SlimMonoLogger.INFO: Cron ran at: 16-07-2026 05:50:23 PM [] []
[2026-07-16 17:50:34] SlimMonoLogger.INFO: Cron ran at: 16-07-2026 05:50:34 PM [] []
[2026-07-16 17:50:59] SlimMonoLogger.INFO: Cron ran at: 16-07-2026 05:50:59 PM [] []
[2026-07-16 17:51:23] SlimMonoLogger.INFO: Cron ran at: 16-07-2026 05:51:23 PM [] []
[2026-07-16 17:51:36] SlimMonoLogger.INFO: Cron ran at: 16-07-2026 05:51:36 PM [] []
[2026-07-16 17:51:43] SlimMonoLogger.INFO: Cron ran at: 16-07-2026 05:51:43 PM [] []
[2026-07-16 17:52:02] SlimMonoLogger.INFO: Cron ran at: 16-07-2026 05:52:02 PM [] []
[2026-07-16 17:52:20] SlimMonoLogger.INFO: Cron ran at: 16-07-2026 05:52:20 PM [] []
[2026-07-16 17:52:38] SlimMonoLogger.INFO: Cron ran at: 16-07-2026 05:52:38 PM [] []
[2026-07-16 17:52:39] SlimMonoLogger.INFO: Cron ran at: 16-07-2026 05:52:39 PM [] []
[2026-07-16 17:53:00] SlimMonoLogger.INFO: Cron ran at: 16-07-2026 05:53:00 PM [] []
[2026-07-16 17:53:19] SlimMonoLogger.INFO: Cron ran at: 16-07-2026 05:53:19 PM [] []
[2026-07-16 17:53:34] SlimMonoLogger.INFO: Cron ran at: 16-07-2026 05:53:34 PM [] []
[2026-07-16 17:53:34] SlimMonoLogger.INFO: Cron ran at: 16-07-2026 05:53:34 PM [] []
[2026-07-16 17:54:05] SlimMonoLogger.INFO: Cron ran at: 16-07-2026 05:54:05 PM [] []
[2026-07-16 17:54:16] SlimMonoLogger.INFO: Cron ran at: 16-07-2026 05:54:16 PM [] []
[2026-07-16 17:54:24] SlimMonoLogger.INFO: Cron ran at: 16-07-2026 05:54:24 PM [] []
[2026-07-16 17:54:39] SlimMonoLogger.INFO: Cron ran at: 16-07-2026 05:54:39 PM [] []
[2026-07-16 17:54:57] SlimMonoLogger.INFO: Cron ran at: 16-07-2026 05:54:57 PM [] []
[2026-07-16 17:55:16] SlimMonoLogger.INFO: Cron ran at: 16-07-2026 05:55:16 PM [] []
[2026-07-16 17:55:18] SlimMonoLogger.INFO: Cron ran at: 16-07-2026 05:55:18 PM [] []
[2026-07-16 17:56:06] SlimMonoLogger.INFO: Cron ran at: 16-07-2026 05:56:06 PM [] []
[2026-07-16 17:56:13] SlimMonoLogger.INFO: Cron ran at: 16-07-2026 05:56:13 PM [] []
[2026-07-16 17:56:16] SlimMonoLogger.INFO: Cron ran at: 16-07-2026 05:56:16 PM [] []
[2026-07-16 17:56:53] SlimMonoLogger.INFO: Cron ran at: 16-07-2026 05:56:53 PM [] []
[2026-07-16 17:56:59] SlimMonoLogger.INFO: Cron ran at: 16-07-2026 05:56:59 PM [] []
[2026-07-16 17:57:12] SlimMonoLogger.INFO: Cron ran at: 16-07-2026 05:57:12 PM [] []
[2026-07-16 17:57:14] SlimMonoLogger.INFO: Cron ran at: 16-07-2026 05:57:14 PM [] []
[2026-07-16 17:57:52] SlimMonoLogger.INFO: Cron ran at: 16-07-2026 05:57:52 PM [] []
[2026-07-16 17:58:02] SlimMonoLogger.INFO: Cron ran at: 16-07-2026 05:58:02 PM [] []
[2026-07-16 17:58:07] SlimMonoLogger.INFO: Cron ran at: 16-07-2026 05:58:07 PM [] []
[2026-07-16 17:58:16] SlimMonoLogger.INFO: Cron ran at: 16-07-2026 05:58:16 PM [] []
[2026-07-16 17:58:37] SlimMonoLogger.INFO: Cron ran at: 16-07-2026 05:58:37 PM [] []
[2026-07-16 17:59:06] SlimMonoLogger.INFO: Cron ran at: 16-07-2026 05:59:06 PM [] []
[2026-07-16 17:59:07] SlimMonoLogger.INFO: Cron ran at: 16-07-2026 05:59:07 PM [] []
[2026-07-16 17:59:22] SlimMonoLogger.INFO: Cron ran at: 16-07-2026 05:59:22 PM [] []
[2026-07-16 17:59:33] SlimMonoLogger.INFO: Cron ran at: 16-07-2026 05:59:33 PM [] []
[2026-07-16 17:59:59] SlimMonoLogger.INFO: Cron ran at: 16-07-2026 05:59:59 PM [] []
[2026-07-16 18:00:06] SlimMonoLogger.INFO: Cron ran at: 16-07-2026 06:00:06 PM [] []
[2026-07-16 18:00:23] SlimMonoLogger.INFO: Cron ran at: 16-07-2026 06:00:23 PM [] []
[2026-07-16 18:00:28] SlimMonoLogger.INFO: Cron ran at: 16-07-2026 06:00:28 PM [] []
[2026-07-16 18:01:16] SlimMonoLogger.INFO: Cron ran at: 16-07-2026 06:01:16 PM [] []
[2026-07-16 18:01:20] SlimMonoLogger.INFO: Cron ran at: 16-07-2026 06:01:20 PM [] []
[2026-07-16 18:01:23] SlimMonoLogger.INFO: Cron ran at: 16-07-2026 06:01:23 PM [] []
[2026-07-16 18:01:56] SlimMonoLogger.INFO: Cron ran at: 16-07-2026 06:01:56 PM [] []
[2026-07-16 18:02:11] SlimMonoLogger.INFO: Cron ran at: 16-07-2026 06:02:11 PM [] []
[2026-07-16 18:02:15] SlimMonoLogger.INFO: Cron ran at: 16-07-2026 06:02:15 PM [] []
[2026-07-16 18:02:23] SlimMonoLogger.INFO: Cron ran at: 16-07-2026 06:02:23 PM [] []
[2026-07-16 18:02:42] SlimMonoLogger.INFO: Cron ran at: 16-07-2026 06:02:42 PM [] []
[2026-07-16 18:03:11] SlimMonoLogger.INFO: Cron ran at: 16-07-2026 06:03:11 PM [] []
[2026-07-16 18:03:11] SlimMonoLogger.INFO: Cron ran at: 16-07-2026 06:03:11 PM [] []
[2026-07-16 18:03:21] SlimMonoLogger.INFO: Cron ran at: 16-07-2026 06:03:21 PM [] []
[2026-07-16 18:03:34] SlimMonoLogger.INFO: Cron ran at: 16-07-2026 06:03:34 PM [] []
[2026-07-16 18:04:04] SlimMonoLogger.INFO: Cron ran at: 16-07-2026 06:04:04 PM [] []
[2026-07-16 18:04:10] SlimMonoLogger.INFO: Cron ran at: 16-07-2026 06:04:10 PM [] []
[2026-07-16 18:04:15] SlimMonoLogger.INFO: Cron ran at: 16-07-2026 06:04:15 PM [] []
[2026-07-16 18:04:23] SlimMonoLogger.INFO: Cron ran at: 16-07-2026 06:04:23 PM [] []
[2026-07-16 18:05:08] SlimMonoLogger.INFO: Cron ran at: 16-07-2026 06:05:08 PM [] []
[2026-07-16 18:05:15] SlimMonoLogger.INFO: Cron ran at: 16-07-2026 06:05:15 PM [] []
[2026-07-16 18:05:28] SlimMonoLogger.INFO: Cron ran at: 16-07-2026 06:05:28 PM [] []
[2026-07-16 18:06:11] SlimMonoLogger.INFO: Cron ran at: 16-07-2026 06:06:11 PM [] []
[2026-07-16 18:06:16] SlimMonoLogger.INFO: Cron ran at: 16-07-2026 06:06:16 PM [] []
[2026-07-16 18:06:26] SlimMonoLogger.INFO: Cron ran at: 16-07-2026 06:06:26 PM [] []
[2026-07-16 18:06:30] SlimMonoLogger.INFO: Cron ran at: 16-07-2026 06:06:30 PM [] []
[2026-07-16 18:07:18] SlimMonoLogger.INFO: Cron ran at: 16-07-2026 06:07:18 PM [] []
[2026-07-16 18:07:21] SlimMonoLogger.INFO: Cron ran at: 16-07-2026 06:07:21 PM [] []
[2026-07-16 18:07:21] SlimMonoLogger.INFO: Cron ran at: 16-07-2026 06:07:21 PM [] []
[2026-07-16 18:07:31] SlimMonoLogger.INFO: Cron ran at: 16-07-2026 06:07:31 PM [] []
[2026-07-16 18:08:12] SlimMonoLogger.INFO: Cron ran at: 16-07-2026 06:08:12 PM [] []
[2026-07-16 18:08:13] SlimMonoLogger.INFO: Cron ran at: 16-07-2026 06:08:13 PM [] []
[2026-07-16 18:08:14] SlimMonoLogger.INFO: Cron ran at: 16-07-2026 06:08:14 PM [] []
[2026-07-16 18:08:14] SlimMonoLogger.INFO: Cron ran at: 16-07-2026 06:08:14 PM [] []
[2026-07-16 18:09:08] SlimMonoLogger.INFO: Cron ran at: 16-07-2026 06:09:08 PM [] []
[2026-07-16 18:09:09] SlimMonoLogger.INFO: Cron ran at: 16-07-2026 06:09:09 PM [] []
[2026-07-16 18:09:10] SlimMonoLogger.INFO: Cron ran at: 16-07-2026 06:09:10 PM [] []
[2026-07-16 18:09:11] SlimMonoLogger.INFO: Cron ran at: 16-07-2026 06:09:11 PM [] []
[2026-07-16 18:10:07] SlimMonoLogger.INFO: Cron ran at: 16-07-2026 06:10:07 PM [] []
[2026-07-16 18:10:08] SlimMonoLogger.INFO: Cron ran at: 16-07-2026 06:10:08 PM [] []
[2026-07-16 18:10:09] SlimMonoLogger.INFO: Cron ran at: 16-07-2026 06:10:09 PM [] []
[2026-07-16 18:10:09] SlimMonoLogger.INFO: Cron ran at: 16-07-2026 06:10:09 PM [] []
[2026-07-16 18:10:14] SlimMonoLogger.INFO: Cron ran at: 16-07-2026 06:10:14 PM [] []
[2026-07-16 18:11:02] SlimMonoLogger.INFO: Cron ran at: 16-07-2026 06:11:02 PM [] []
[2026-07-16 18:11:10] SlimMonoLogger.INFO: Cron ran at: 16-07-2026 06:11:10 PM [] []
[2026-07-16 18:11:11] SlimMonoLogger.INFO: Cron ran at: 16-07-2026 06:11:11 PM [] []
[2026-07-16 18:11:58] SlimMonoLogger.INFO: Cron ran at: 16-07-2026 06:11:58 PM [] []
[2026-07-16 18:11:58] SlimMonoLogger.INFO: Cron ran at: 16-07-2026 06:11:58 PM [] []
[2026-07-16 18:12:07] SlimMonoLogger.INFO: Cron ran at: 16-07-2026 06:12:07 PM [] []
[2026-07-16 18:12:11] SlimMonoLogger.INFO: Cron ran at: 16-07-2026 06:12:11 PM [] []
[2026-07-16 18:12:52] SlimMonoLogger.INFO: Cron ran at: 16-07-2026 06:12:52 PM [] []
[2026-07-16 18:12:59] SlimMonoLogger.INFO: Cron ran at: 16-07-2026 06:12:59 PM [] []
[2026-07-16 18:13:06] SlimMonoLogger.INFO: Cron ran at: 16-07-2026 06:13:06 PM [] []
[2026-07-16 18:13:08] SlimMonoLogger.INFO: Cron ran at: 16-07-2026 06:13:08 PM [] []
[2026-07-16 18:13:39] SlimMonoLogger.INFO: Cron ran at: 16-07-2026 06:13:39 PM [] []
[2026-07-16 18:13:56] SlimMonoLogger.INFO: Cron ran at: 16-07-2026 06:13:56 PM [] []
[2026-07-16 18:14:12] SlimMonoLogger.INFO: Cron ran at: 16-07-2026 06:14:12 PM [] []
[2026-07-16 18:14:16] SlimMonoLogger.INFO: Cron ran at: 16-07-2026 06:14:16 PM [] []
[2026-07-16 18:14:32] SlimMonoLogger.INFO: Cron ran at: 16-07-2026 06:14:32 PM [] []
[2026-07-16 18:14:54] SlimMonoLogger.INFO: Cron ran at: 16-07-2026 06:14:54 PM [] []
[2026-07-16 18:15:05] SlimMonoLogger.INFO: Cron ran at: 16-07-2026 06:15:05 PM [] []
[2026-07-16 18:15:06] SlimMonoLogger.INFO: Cron ran at: 16-07-2026 06:15:06 PM [] []
[2026-07-16 18:15:22] SlimMonoLogger.INFO: Cron ran at: 16-07-2026 06:15:22 PM [] []
[2026-07-16 18:15:54] SlimMonoLogger.INFO: Cron ran at: 16-07-2026 06:15:54 PM [] []
[2026-07-16 18:16:08] SlimMonoLogger.INFO: Cron ran at: 16-07-2026 06:16:08 PM [] []
[2026-07-16 18:16:28] SlimMonoLogger.INFO: Cron ran at: 16-07-2026 06:16:28 PM [] []
[2026-07-16 18:16:31] SlimMonoLogger.INFO: Cron ran at: 16-07-2026 06:16:31 PM [] []
[2026-07-16 18:17:02] SlimMonoLogger.INFO: Cron ran at: 16-07-2026 06:17:02 PM [] []
[2026-07-16 18:17:05] SlimMonoLogger.INFO: Cron ran at: 16-07-2026 06:17:05 PM [] []
[2026-07-16 18:17:16] SlimMonoLogger.INFO: Cron ran at: 16-07-2026 06:17:16 PM [] []
[2026-07-16 18:17:21] SlimMonoLogger.INFO: Cron ran at: 16-07-2026 06:17:21 PM [] []
[2026-07-16 18:17:59] SlimMonoLogger.INFO: Cron ran at: 16-07-2026 06:17:59 PM [] []
[2026-07-16 18:18:13] SlimMonoLogger.INFO: Cron ran at: 16-07-2026 06:18:13 PM [] []
[2026-07-16 18:18:14] SlimMonoLogger.INFO: Cron ran at: 16-07-2026 06:18:14 PM [] []
[2026-07-16 18:18:16] SlimMonoLogger.INFO: Cron ran at: 16-07-2026 06:18:16 PM [] []
[2026-07-16 18:18:57] SlimMonoLogger.INFO: Cron ran at: 16-07-2026 06:18:57 PM [] []
[2026-07-16 18:19:08] SlimMonoLogger.INFO: Cron ran at: 16-07-2026 06:19:08 PM [] []
[2026-07-16 18:19:11] SlimMonoLogger.INFO: Cron ran at: 16-07-2026 06:19:11 PM [] []
[2026-07-16 18:19:14] SlimMonoLogger.INFO: Cron ran at: 16-07-2026 06:19:14 PM [] []
[2026-07-16 18:20:02] SlimMonoLogger.INFO: Cron ran at: 16-07-2026 06:20:02 PM [] []
[2026-07-16 18:20:02] SlimMonoLogger.INFO: Cron ran at: 16-07-2026 06:20:02 PM [] []
[2026-07-16 18:20:05] SlimMonoLogger.INFO: Cron ran at: 16-07-2026 06:20:05 PM [] []
[2026-07-16 18:20:11] SlimMonoLogger.INFO: Cron ran at: 16-07-2026 06:20:11 PM [] []
[2026-07-16 18:21:00] SlimMonoLogger.INFO: Cron ran at: 16-07-2026 06:21:00 PM [] []
[2026-07-16 18:21:02] SlimMonoLogger.INFO: Cron ran at: 16-07-2026 06:21:02 PM [] []
[2026-07-16 18:21:19] SlimMonoLogger.INFO: Cron ran at: 16-07-2026 06:21:19 PM [] []
[2026-07-16 18:22:05] SlimMonoLogger.INFO: Cron ran at: 16-07-2026 06:22:05 PM [] []
[2026-07-16 18:22:06] SlimMonoLogger.INFO: Cron ran at: 16-07-2026 06:22:06 PM [] []
[2026-07-16 18:22:06] SlimMonoLogger.INFO: Cron ran at: 16-07-2026 06:22:06 PM [] []
[2026-07-16 18:22:18] SlimMonoLogger.INFO: Cron ran at: 16-07-2026 06:22:18 PM [] []
[2026-07-16 18:22:56] SlimMonoLogger.INFO: Cron ran at: 16-07-2026 06:22:56 PM [] []
[2026-07-16 18:22:56] SlimMonoLogger.INFO: Cron ran at: 16-07-2026 06:22:56 PM [] []
[2026-07-16 18:22:56] SlimMonoLogger.INFO: Cron ran at: 16-07-2026 06:22:56 PM [] []
[2026-07-16 18:23:17] SlimMonoLogger.INFO: Cron ran at: 16-07-2026 06:23:17 PM [] []
[2026-07-16 18:23:48] SlimMonoLogger.INFO: Cron ran at: 16-07-2026 06:23:48 PM [] []
[2026-07-16 18:23:50] SlimMonoLogger.INFO: Cron ran at: 16-07-2026 06:23:50 PM [] []
[2026-07-16 18:24:00] SlimMonoLogger.INFO: Cron ran at: 16-07-2026 06:24:00 PM [] []
[2026-07-16 18:24:10] SlimMonoLogger.INFO: Cron ran at: 16-07-2026 06:24:10 PM [] []
[2026-07-16 18:24:48] SlimMonoLogger.INFO: Cron ran at: 16-07-2026 06:24:48 PM [] []
[2026-07-16 18:24:53] SlimMonoLogger.INFO: Cron ran at: 16-07-2026 06:24:53 PM [] []
[2026-07-16 18:25:25] SlimMonoLogger.INFO: Cron ran at: 16-07-2026 06:25:25 PM [] []
[2026-07-16 18:25:39] SlimMonoLogger.INFO: Cron ran at: 16-07-2026 06:25:39 PM [] []
[2026-07-16 18:25:53] SlimMonoLogger.INFO: Cron ran at: 16-07-2026 06:25:53 PM [] []
[2026-07-16 18:26:17] SlimMonoLogger.INFO: Cron ran at: 16-07-2026 06:26:17 PM [] []
[2026-07-16 18:26:35] SlimMonoLogger.INFO: Cron ran at: 16-07-2026 06:26:35 PM [] []
[2026-07-16 18:26:51] SlimMonoLogger.INFO: Cron ran at: 16-07-2026 06:26:51 PM [] []
[2026-07-16 18:26:53] SlimMonoLogger.INFO: Cron ran at: 16-07-2026 06:26:53 PM [] []
[2026-07-16 18:27:13] SlimMonoLogger.INFO: Cron ran at: 16-07-2026 06:27:13 PM [] []
[2026-07-16 18:27:30] SlimMonoLogger.INFO: Cron ran at: 16-07-2026 06:27:30 PM [] []
[2026-07-16 18:27:37] SlimMonoLogger.INFO: Cron ran at: 16-07-2026 06:27:37 PM [] []
[2026-07-16 18:27:59] SlimMonoLogger.INFO: Cron ran at: 16-07-2026 06:27:59 PM [] []
[2026-07-16 18:28:23] SlimMonoLogger.INFO: Cron ran at: 16-07-2026 06:28:23 PM [] []
[2026-07-16 18:28:29] SlimMonoLogger.INFO: Cron ran at: 16-07-2026 06:28:29 PM [] []
[2026-07-16 18:28:30] SlimMonoLogger.INFO: Cron ran at: 16-07-2026 06:28:30 PM [] []
[2026-07-16 18:28:51] SlimMonoLogger.INFO: Cron ran at: 16-07-2026 06:28:51 PM [] []
[2026-07-16 18:29:19] SlimMonoLogger.INFO: Cron ran at: 16-07-2026 06:29:19 PM [] []
[2026-07-16 18:29:20] SlimMonoLogger.INFO: Cron ran at: 16-07-2026 06:29:20 PM [] []
[2026-07-16 18:29:23] SlimMonoLogger.INFO: Cron ran at: 16-07-2026 06:29:23 PM [] []
[2026-07-16 18:30:07] SlimMonoLogger.INFO: Cron ran at: 16-07-2026 06:30:07 PM [] []
[2026-07-16 18:30:27] SlimMonoLogger.INFO: Cron ran at: 16-07-2026 06:30:27 PM [] []
[2026-07-16 18:30:28] SlimMonoLogger.INFO: Cron ran at: 16-07-2026 06:30:28 PM [] []
[2026-07-16 18:30:41] SlimMonoLogger.INFO: Cron ran at: 16-07-2026 06:30:41 PM [] []
[2026-07-16 18:30:56] SlimMonoLogger.INFO: Cron ran at: 16-07-2026 06:30:56 PM [] []
[2026-07-16 18:31:15] SlimMonoLogger.INFO: Cron ran at: 16-07-2026 06:31:15 PM [] []
[2026-07-16 18:31:24] SlimMonoLogger.INFO: Cron ran at: 16-07-2026 06:31:24 PM [] []
[2026-07-16 18:31:53] SlimMonoLogger.INFO: Cron ran at: 16-07-2026 06:31:53 PM [] []
[2026-07-16 18:32:08] SlimMonoLogger.INFO: Cron ran at: 16-07-2026 06:32:08 PM [] []
[2026-07-16 18:32:14] SlimMonoLogger.INFO: Cron ran at: 16-07-2026 06:32:14 PM [] []
[2026-07-16 18:32:20] SlimMonoLogger.INFO: Cron ran at: 16-07-2026 06:32:20 PM [] []
[2026-07-16 18:32:57] SlimMonoLogger.INFO: Cron ran at: 16-07-2026 06:32:57 PM [] []
[2026-07-16 18:33:06] SlimMonoLogger.INFO: Cron ran at: 16-07-2026 06:33:06 PM [] []
[2026-07-16 18:33:12] SlimMonoLogger.INFO: Cron ran at: 16-07-2026 06:33:12 PM [] []
[2026-07-16 18:33:25] SlimMonoLogger.INFO: Cron ran at: 16-07-2026 06:33:25 PM [] []
[2026-07-16 18:33:59] SlimMonoLogger.INFO: Cron ran at: 16-07-2026 06:33:59 PM [] []
[2026-07-16 18:34:00] SlimMonoLogger.INFO: Cron ran at: 16-07-2026 06:34:00 PM [] []
[2026-07-16 18:34:03] SlimMonoLogger.INFO: Cron ran at: 16-07-2026 06:34:03 PM [] []
[2026-07-16 18:34:30] SlimMonoLogger.INFO: Cron ran at: 16-07-2026 06:34:30 PM [] []
[2026-07-16 18:34:51] SlimMonoLogger.INFO: Cron ran at: 16-07-2026 06:34:51 PM [] []
[2026-07-16 18:34:56] SlimMonoLogger.INFO: Cron ran at: 16-07-2026 06:34:56 PM [] []
[2026-07-16 18:35:01] SlimMonoLogger.INFO: Cron ran at: 16-07-2026 06:35:01 PM [] []
[2026-07-16 18:35:27] SlimMonoLogger.INFO: Cron ran at: 16-07-2026 06:35:27 PM [] []
[2026-07-16 18:35:46] SlimMonoLogger.INFO: Cron ran at: 16-07-2026 06:35:46 PM [] []
[2026-07-16 18:36:08] SlimMonoLogger.INFO: Cron ran at: 16-07-2026 06:36:08 PM [] []
[2026-07-16 18:36:23] SlimMonoLogger.INFO: Cron ran at: 16-07-2026 06:36:23 PM [] []
[2026-07-16 18:36:39] SlimMonoLogger.INFO: Cron ran at: 16-07-2026 06:36:39 PM [] []
[2026-07-16 18:36:44] SlimMonoLogger.INFO: Cron ran at: 16-07-2026 06:36:44 PM [] []
[2026-07-16 18:37:02] SlimMonoLogger.INFO: Cron ran at: 16-07-2026 06:37:02 PM [] []
[2026-07-16 18:37:34] SlimMonoLogger.INFO: Cron ran at: 16-07-2026 06:37:34 PM [] []
[2026-07-16 18:37:39] SlimMonoLogger.INFO: Cron ran at: 16-07-2026 06:37:39 PM [] []
[2026-07-16 18:37:39] SlimMonoLogger.INFO: Cron ran at: 16-07-2026 06:37:39 PM [] []
[2026-07-16 18:38:09] SlimMonoLogger.INFO: Cron ran at: 16-07-2026 06:38:09 PM [] []
[2026-07-16 18:38:29] SlimMonoLogger.INFO: Cron ran at: 16-07-2026 06:38:29 PM [] []
[2026-07-16 18:38:33] SlimMonoLogger.INFO: Cron ran at: 16-07-2026 06:38:33 PM [] []
[2026-07-16 18:38:40] SlimMonoLogger.INFO: Cron ran at: 16-07-2026 06:38:40 PM [] []
[2026-07-16 18:39:17] SlimMonoLogger.INFO: Cron ran at: 16-07-2026 06:39:17 PM [] []
[2026-07-16 18:39:26] SlimMonoLogger.INFO: Cron ran at: 16-07-2026 06:39:26 PM [] []
[2026-07-16 18:39:33] SlimMonoLogger.INFO: Cron ran at: 16-07-2026 06:39:33 PM [] []
[2026-07-16 18:39:34] SlimMonoLogger.INFO: Cron ran at: 16-07-2026 06:39:34 PM [] []
[2026-07-16 18:40:08] SlimMonoLogger.INFO: Cron ran at: 16-07-2026 06:40:08 PM [] []
[2026-07-16 18:40:16] SlimMonoLogger.INFO: Cron ran at: 16-07-2026 06:40:16 PM [] []
[2026-07-16 18:40:25] SlimMonoLogger.INFO: Cron ran at: 16-07-2026 06:40:25 PM [] []
[2026-07-16 18:40:36] SlimMonoLogger.INFO: Cron ran at: 16-07-2026 06:40:36 PM [] []
[2026-07-16 18:41:10] SlimMonoLogger.INFO: Cron ran at: 16-07-2026 06:41:10 PM [] []
[2026-07-16 18:41:17] SlimMonoLogger.INFO: Cron ran at: 16-07-2026 06:41:17 PM [] []
[2026-07-16 18:41:43] SlimMonoLogger.INFO: Cron ran at: 16-07-2026 06:41:43 PM [] []
[2026-07-16 18:41:51] SlimMonoLogger.INFO: Cron ran at: 16-07-2026 06:41:51 PM [] []
[2026-07-16 18:42:04] SlimMonoLogger.INFO: Cron ran at: 16-07-2026 06:42:04 PM [] []
[2026-07-16 18:42:04] SlimMonoLogger.INFO: Cron ran at: 16-07-2026 06:42:04 PM [] []
[2026-07-16 18:42:11] SlimMonoLogger.INFO: Cron ran at: 16-07-2026 06:42:11 PM [] []
[2026-07-16 18:42:48] SlimMonoLogger.INFO: Cron ran at: 16-07-2026 06:42:48 PM [] []
[2026-07-16 18:43:03] SlimMonoLogger.INFO: Cron ran at: 16-07-2026 06:43:03 PM [] []
[2026-07-16 18:43:05] SlimMonoLogger.INFO: Cron ran at: 16-07-2026 06:43:05 PM [] []
[2026-07-16 18:43:11] SlimMonoLogger.INFO: Cron ran at: 16-07-2026 06:43:11 PM [] []
[2026-07-16 18:43:43] SlimMonoLogger.INFO: Cron ran at: 16-07-2026 06:43:43 PM [] []
[2026-07-16 18:44:03] SlimMonoLogger.INFO: Cron ran at: 16-07-2026 06:44:03 PM [] []
[2026-07-16 18:44:04] SlimMonoLogger.INFO: Cron ran at: 16-07-2026 06:44:04 PM [] []
[2026-07-16 18:44:06] SlimMonoLogger.INFO: Cron ran at: 16-07-2026 06:44:06 PM [] []
[2026-07-16 18:44:28] SlimMonoLogger.INFO: Cron ran at: 16-07-2026 06:44:28 PM [] []
[2026-07-16 18:45:06] SlimMonoLogger.INFO: Cron ran at: 16-07-2026 06:45:06 PM [] []
[2026-07-16 18:45:06] SlimMonoLogger.INFO: Cron ran at: 16-07-2026 06:45:06 PM [] []
[2026-07-16 18:45:09] SlimMonoLogger.INFO: Cron ran at: 16-07-2026 06:45:09 PM [] []
[2026-07-16 18:45:21] SlimMonoLogger.INFO: Cron ran at: 16-07-2026 06:45:21 PM [] []
[2026-07-16 18:46:05] SlimMonoLogger.INFO: Cron ran at: 16-07-2026 06:46:05 PM [] []
[2026-07-16 18:46:09] SlimMonoLogger.INFO: Cron ran at: 16-07-2026 06:46:09 PM [] []
[2026-07-16 18:46:19] SlimMonoLogger.INFO: Cron ran at: 16-07-2026 06:46:19 PM [] []
[2026-07-16 18:47:05] SlimMonoLogger.INFO: Cron ran at: 16-07-2026 06:47:05 PM [] []
[2026-07-16 18:47:09] SlimMonoLogger.INFO: Cron ran at: 16-07-2026 06:47:09 PM [] []
[2026-07-16 18:47:13] SlimMonoLogger.INFO: Cron ran at: 16-07-2026 06:47:13 PM [] []
[2026-07-16 18:47:17] SlimMonoLogger.INFO: Cron ran at: 16-07-2026 06:47:17 PM [] []
[2026-07-16 18:48:04] SlimMonoLogger.INFO: Cron ran at: 16-07-2026 06:48:04 PM [] []
[2026-07-16 18:48:07] SlimMonoLogger.INFO: Cron ran at: 16-07-2026 06:48:07 PM [] []
[2026-07-16 18:48:08] SlimMonoLogger.INFO: Cron ran at: 16-07-2026 06:48:08 PM [] []
[2026-07-16 18:48:17] SlimMonoLogger.INFO: Cron ran at: 16-07-2026 06:48:17 PM [] []
[2026-07-16 18:48:56] SlimMonoLogger.INFO: Cron ran at: 16-07-2026 06:48:56 PM [] []
[2026-07-16 18:49:08] SlimMonoLogger.INFO: Cron ran at: 16-07-2026 06:49:08 PM [] []
[2026-07-16 18:49:08] SlimMonoLogger.INFO: Cron ran at: 16-07-2026 06:49:08 PM [] []
[2026-07-16 18:49:13] SlimMonoLogger.INFO: Cron ran at: 16-07-2026 06:49:13 PM [] []
[2026-07-16 18:49:47] SlimMonoLogger.INFO: Cron ran at: 16-07-2026 06:49:47 PM [] []
[2026-07-16 18:50:00] SlimMonoLogger.INFO: Cron ran at: 16-07-2026 06:50:00 PM [] []
[2026-07-16 18:50:05] SlimMonoLogger.INFO: Cron ran at: 16-07-2026 06:50:05 PM [] []
[2026-07-16 18:50:13] SlimMonoLogger.INFO: Cron ran at: 16-07-2026 06:50:13 PM [] []
[2026-07-16 18:50:45] SlimMonoLogger.INFO: Cron ran at: 16-07-2026 06:50:45 PM [] []
[2026-07-16 18:51:04] SlimMonoLogger.INFO: Cron ran at: 16-07-2026 06:51:04 PM [] []
[2026-07-16 18:51:12] SlimMonoLogger.INFO: Cron ran at: 16-07-2026 06:51:12 PM [] []
[2026-07-16 18:51:33] SlimMonoLogger.INFO: Cron ran at: 16-07-2026 06:51:33 PM [] []
[2026-07-16 18:51:42] SlimMonoLogger.INFO: Cron ran at: 16-07-2026 06:51:42 PM [] []
[2026-07-16 18:52:08] SlimMonoLogger.INFO: Cron ran at: 16-07-2026 06:52:08 PM [] []
[2026-07-16 18:52:08] SlimMonoLogger.INFO: Cron ran at: 16-07-2026 06:52:08 PM [] []
[2026-07-16 18:52:24] SlimMonoLogger.INFO: Cron ran at: 16-07-2026 06:52:24 PM [] []
[2026-07-16 18:52:33] SlimMonoLogger.INFO: Cron ran at: 16-07-2026 06:52:33 PM [] []
[2026-07-16 18:53:12] SlimMonoLogger.INFO: Cron ran at: 16-07-2026 06:53:12 PM [] []
[2026-07-16 18:53:12] SlimMonoLogger.INFO: Cron ran at: 16-07-2026 06:53:12 PM [] []
[2026-07-16 18:53:29] SlimMonoLogger.INFO: Cron ran at: 16-07-2026 06:53:29 PM [] []
[2026-07-16 18:53:33] SlimMonoLogger.INFO: Cron ran at: 16-07-2026 06:53:33 PM [] []
[2026-07-16 18:54:07] SlimMonoLogger.INFO: Cron ran at: 16-07-2026 06:54:07 PM [] []
[2026-07-16 18:54:09] SlimMonoLogger.INFO: Cron ran at: 16-07-2026 06:54:09 PM [] []
[2026-07-16 18:54:21] SlimMonoLogger.INFO: Cron ran at: 16-07-2026 06:54:21 PM [] []
[2026-07-16 18:54:23] SlimMonoLogger.INFO: Cron ran at: 16-07-2026 06:54:23 PM [] []
[2026-07-16 18:55:04] SlimMonoLogger.INFO: Cron ran at: 16-07-2026 06:55:04 PM [] []
[2026-07-16 18:55:07] SlimMonoLogger.INFO: Cron ran at: 16-07-2026 06:55:07 PM [] []
[2026-07-16 18:55:15] SlimMonoLogger.INFO: Cron ran at: 16-07-2026 06:55:15 PM [] []
[2026-07-16 18:55:29] SlimMonoLogger.INFO: Cron ran at: 16-07-2026 06:55:29 PM [] []
[2026-07-16 18:56:12] SlimMonoLogger.INFO: Cron ran at: 16-07-2026 06:56:12 PM [] []
[2026-07-16 18:56:14] SlimMonoLogger.INFO: Cron ran at: 16-07-2026 06:56:14 PM [] []
[2026-07-16 18:56:25] SlimMonoLogger.INFO: Cron ran at: 16-07-2026 06:56:25 PM [] []
[2026-07-16 18:56:54] SlimMonoLogger.INFO: Cron ran at: 16-07-2026 06:56:54 PM [] []
[2026-07-16 18:57:04] SlimMonoLogger.INFO: Cron ran at: 16-07-2026 06:57:04 PM [] []
[2026-07-16 18:57:05] SlimMonoLogger.INFO: Cron ran at: 16-07-2026 06:57:05 PM [] []
[2026-07-16 18:57:38] SlimMonoLogger.INFO: Cron ran at: 16-07-2026 06:57:38 PM [] []
[2026-07-16 18:57:43] SlimMonoLogger.INFO: Cron ran at: 16-07-2026 06:57:43 PM [] []
[2026-07-16 18:58:04] SlimMonoLogger.INFO: Cron ran at: 16-07-2026 06:58:04 PM [] []
[2026-07-16 18:58:07] SlimMonoLogger.INFO: Cron ran at: 16-07-2026 06:58:07 PM [] []
[2026-07-16 18:58:30] SlimMonoLogger.INFO: Cron ran at: 16-07-2026 06:58:30 PM [] []
[2026-07-16 18:58:31] SlimMonoLogger.INFO: Cron ran at: 16-07-2026 06:58:31 PM [] []
[2026-07-16 18:59:05] SlimMonoLogger.INFO: Cron ran at: 16-07-2026 06:59:05 PM [] []
[2026-07-16 18:59:23] SlimMonoLogger.INFO: Cron ran at: 16-07-2026 06:59:23 PM [] []
[2026-07-16 18:59:24] SlimMonoLogger.INFO: Cron ran at: 16-07-2026 06:59:24 PM [] []
[2026-07-16 18:59:26] SlimMonoLogger.INFO: Cron ran at: 16-07-2026 06:59:26 PM [] []
[2026-07-16 19:00:00] SlimMonoLogger.INFO: Cron ran at: 16-07-2026 07:00:00 PM [] []
[2026-07-16 19:00:15] SlimMonoLogger.INFO: Cron ran at: 16-07-2026 07:00:15 PM [] []
[2026-07-16 19:00:21] SlimMonoLogger.INFO: Cron ran at: 16-07-2026 07:00:21 PM [] []
[2026-07-16 19:00:22] SlimMonoLogger.INFO: Cron ran at: 16-07-2026 07:00:22 PM [] []
[2026-07-16 19:01:01] SlimMonoLogger.INFO: Cron ran at: 16-07-2026 07:01:01 PM [] []
[2026-07-16 19:01:20] SlimMonoLogger.INFO: Cron ran at: 16-07-2026 07:01:20 PM [] []
[2026-07-16 19:01:26] SlimMonoLogger.INFO: Cron ran at: 16-07-2026 07:01:26 PM [] []
[2026-07-16 19:01:54] SlimMonoLogger.INFO: Cron ran at: 16-07-2026 07:01:54 PM [] []
[2026-07-16 19:02:02] SlimMonoLogger.INFO: Cron ran at: 16-07-2026 07:02:02 PM [] []
[2026-07-16 19:02:10] SlimMonoLogger.INFO: Cron ran at: 16-07-2026 07:02:10 PM [] []
[2026-07-16 19:02:21] SlimMonoLogger.INFO: Cron ran at: 16-07-2026 07:02:21 PM [] []
[2026-07-16 19:02:52] SlimMonoLogger.INFO: Cron ran at: 16-07-2026 07:02:52 PM [] []
[2026-07-16 19:03:07] SlimMonoLogger.INFO: Cron ran at: 16-07-2026 07:03:07 PM [] []
[2026-07-16 19:03:08] SlimMonoLogger.INFO: Cron ran at: 16-07-2026 07:03:08 PM [] []
[2026-07-16 19:03:32] SlimMonoLogger.INFO: Cron ran at: 16-07-2026 07:03:32 PM [] []
[2026-07-16 19:03:46] SlimMonoLogger.INFO: Cron ran at: 16-07-2026 07:03:46 PM [] []
[2026-07-16 19:04:05] SlimMonoLogger.INFO: Cron ran at: 16-07-2026 07:04:05 PM [] []
[2026-07-16 19:04:07] SlimMonoLogger.INFO: Cron ran at: 16-07-2026 07:04:07 PM [] []
[2026-07-16 19:04:28] SlimMonoLogger.INFO: Cron ran at: 16-07-2026 07:04:28 PM [] []
[2026-07-16 19:04:35] SlimMonoLogger.INFO: Cron ran at: 16-07-2026 07:04:35 PM [] []
[2026-07-16 19:05:01] SlimMonoLogger.INFO: Cron ran at: 16-07-2026 07:05:01 PM [] []
[2026-07-16 19:05:10] SlimMonoLogger.INFO: Cron ran at: 16-07-2026 07:05:10 PM [] []
[2026-07-16 19:05:30] SlimMonoLogger.INFO: Cron ran at: 16-07-2026 07:05:30 PM [] []
[2026-07-16 19:05:32] SlimMonoLogger.INFO: Cron ran at: 16-07-2026 07:05:32 PM [] []
[2026-07-16 19:06:01] SlimMonoLogger.INFO: Cron ran at: 16-07-2026 07:06:01 PM [] []
[2026-07-16 19:06:07] SlimMonoLogger.INFO: Cron ran at: 16-07-2026 07:06:07 PM [] []
[2026-07-16 19:06:22] SlimMonoLogger.INFO: Cron ran at: 16-07-2026 07:06:22 PM [] []
[2026-07-16 19:06:45] SlimMonoLogger.INFO: Cron ran at: 16-07-2026 07:06:45 PM [] []
[2026-07-16 19:07:08] SlimMonoLogger.INFO: Cron ran at: 16-07-2026 07:07:08 PM [] []
[2026-07-16 19:07:09] SlimMonoLogger.INFO: Cron ran at: 16-07-2026 07:07:09 PM [] []
[2026-07-16 19:07:25] SlimMonoLogger.INFO: Cron ran at: 16-07-2026 07:07:25 PM [] []
[2026-07-16 19:07:41] SlimMonoLogger.INFO: Cron ran at: 16-07-2026 07:07:41 PM [] []
[2026-07-16 19:08:15] SlimMonoLogger.INFO: Cron ran at: 16-07-2026 07:08:15 PM [] []
[2026-07-16 19:08:18] SlimMonoLogger.INFO: Cron ran at: 16-07-2026 07:08:18 PM [] []
[2026-07-16 19:08:34] SlimMonoLogger.INFO: Cron ran at: 16-07-2026 07:08:34 PM [] []
[2026-07-16 19:08:35] SlimMonoLogger.INFO: Cron ran at: 16-07-2026 07:08:35 PM [] []
[2026-07-16 19:09:08] SlimMonoLogger.INFO: Cron ran at: 16-07-2026 07:09:08 PM [] []
[2026-07-16 19:09:09] SlimMonoLogger.INFO: Cron ran at: 16-07-2026 07:09:09 PM [] []
[2026-07-16 19:09:20] SlimMonoLogger.INFO: Cron ran at: 16-07-2026 07:09:20 PM [] []
[2026-07-16 19:09:22] SlimMonoLogger.INFO: Cron ran at: 16-07-2026 07:09:22 PM [] []
[2026-07-16 19:10:12] SlimMonoLogger.INFO: Cron ran at: 16-07-2026 07:10:12 PM [] []
[2026-07-16 19:10:18] SlimMonoLogger.INFO: Cron ran at: 16-07-2026 07:10:18 PM [] []
[2026-07-16 19:10:21] SlimMonoLogger.INFO: Cron ran at: 16-07-2026 07:10:21 PM [] []
[2026-07-16 19:10:22] SlimMonoLogger.INFO: Cron ran at: 16-07-2026 07:10:22 PM [] []
[2026-07-16 19:11:12] SlimMonoLogger.INFO: Cron ran at: 16-07-2026 07:11:12 PM [] []
[2026-07-16 19:11:15] SlimMonoLogger.INFO: Cron ran at: 16-07-2026 07:11:15 PM [] []
[2026-07-16 19:11:26] SlimMonoLogger.INFO: Cron ran at: 16-07-2026 07:11:26 PM [] []
[2026-07-16 19:12:14] SlimMonoLogger.INFO: Cron ran at: 16-07-2026 07:12:14 PM [] []
[2026-07-16 19:12:14] SlimMonoLogger.INFO: Cron ran at: 16-07-2026 07:12:14 PM [] []
[2026-07-16 19:12:20] SlimMonoLogger.INFO: Cron ran at: 16-07-2026 07:12:20 PM [] []
[2026-07-16 19:12:22] SlimMonoLogger.INFO: Cron ran at: 16-07-2026 07:12:22 PM [] []
[2026-07-16 19:13:17] SlimMonoLogger.INFO: Cron ran at: 16-07-2026 07:13:17 PM [] []
[2026-07-16 19:13:19] SlimMonoLogger.INFO: Cron ran at: 16-07-2026 07:13:19 PM [] []
[2026-07-16 19:13:27] SlimMonoLogger.INFO: Cron ran at: 16-07-2026 07:13:27 PM [] []
[2026-07-16 19:13:34] SlimMonoLogger.INFO: Cron ran at: 16-07-2026 07:13:34 PM [] []
[2026-07-16 19:14:01] SlimMonoLogger.INFO: Cron ran at: 16-07-2026 07:14:01 PM [] []
[2026-07-16 19:14:03] SlimMonoLogger.INFO: Cron ran at: 16-07-2026 07:14:03 PM [] []
[2026-07-16 19:14:09] SlimMonoLogger.INFO: Cron ran at: 16-07-2026 07:14:09 PM [] []
[2026-07-16 19:14:23] SlimMonoLogger.INFO: Cron ran at: 16-07-2026 07:14:23 PM [] []
[2026-07-16 19:14:57] SlimMonoLogger.INFO: Cron ran at: 16-07-2026 07:14:57 PM [] []
[2026-07-16 19:15:04] SlimMonoLogger.INFO: Cron ran at: 16-07-2026 07:15:04 PM [] []
[2026-07-16 19:15:20] SlimMonoLogger.INFO: Cron ran at: 16-07-2026 07:15:20 PM [] []
[2026-07-16 19:15:23] SlimMonoLogger.INFO: Cron ran at: 16-07-2026 07:15:23 PM [] []
[2026-07-16 19:15:59] SlimMonoLogger.INFO: Cron ran at: 16-07-2026 07:15:59 PM [] []
[2026-07-16 19:16:09] SlimMonoLogger.INFO: Cron ran at: 16-07-2026 07:16:09 PM [] []
[2026-07-16 19:16:31] SlimMonoLogger.INFO: Cron ran at: 16-07-2026 07:16:31 PM [] []
[2026-07-16 19:16:52] SlimMonoLogger.INFO: Cron ran at: 16-07-2026 07:16:52 PM [] []
[2026-07-16 19:16:57] SlimMonoLogger.INFO: Cron ran at: 16-07-2026 07:16:57 PM [] []
[2026-07-16 19:17:06] SlimMonoLogger.INFO: Cron ran at: 16-07-2026 07:17:06 PM [] []
[2026-07-16 19:17:24] SlimMonoLogger.INFO: Cron ran at: 16-07-2026 07:17:24 PM [] []
[2026-07-16 19:17:32] SlimMonoLogger.INFO: Cron ran at: 16-07-2026 07:17:32 PM [] []
[2026-07-16 19:17:56] SlimMonoLogger.INFO: Cron ran at: 16-07-2026 07:17:56 PM [] []
[2026-07-16 19:17:59] SlimMonoLogger.INFO: Cron ran at: 16-07-2026 07:17:59 PM [] []
[2026-07-16 19:18:15] SlimMonoLogger.INFO: Cron ran at: 16-07-2026 07:18:15 PM [] []
[2026-07-16 19:18:32] SlimMonoLogger.INFO: Cron ran at: 16-07-2026 07:18:32 PM [] []
[2026-07-16 19:18:48] SlimMonoLogger.INFO: Cron ran at: 16-07-2026 07:18:48 PM [] []
[2026-07-16 19:18:52] SlimMonoLogger.INFO: Cron ran at: 16-07-2026 07:18:52 PM [] []
[2026-07-16 19:19:10] SlimMonoLogger.INFO: Cron ran at: 16-07-2026 07:19:10 PM [] []
[2026-07-16 19:19:29] SlimMonoLogger.INFO: Cron ran at: 16-07-2026 07:19:29 PM [] []
[2026-07-16 19:19:43] SlimMonoLogger.INFO: Cron ran at: 16-07-2026 07:19:43 PM [] []
[2026-07-16 19:19:51] SlimMonoLogger.INFO: Cron ran at: 16-07-2026 07:19:51 PM [] []
[2026-07-16 19:20:17] SlimMonoLogger.INFO: Cron ran at: 16-07-2026 07:20:17 PM [] []
[2026-07-16 19:20:40] SlimMonoLogger.INFO: Cron ran at: 16-07-2026 07:20:40 PM [] []
[2026-07-16 19:20:42] SlimMonoLogger.INFO: Cron ran at: 16-07-2026 07:20:42 PM [] []
[2026-07-16 19:20:56] SlimMonoLogger.INFO: Cron ran at: 16-07-2026 07:20:56 PM [] []
[2026-07-16 19:21:28] SlimMonoLogger.INFO: Cron ran at: 16-07-2026 07:21:28 PM [] []
[2026-07-16 19:21:30] SlimMonoLogger.INFO: Cron ran at: 16-07-2026 07:21:30 PM [] []
[2026-07-16 19:21:47] SlimMonoLogger.INFO: Cron ran at: 16-07-2026 07:21:47 PM [] []
[2026-07-16 19:21:52] SlimMonoLogger.INFO: Cron ran at: 16-07-2026 07:21:52 PM [] []
[2026-07-16 19:22:23] SlimMonoLogger.INFO: Cron ran at: 16-07-2026 07:22:23 PM [] []
[2026-07-16 19:22:26] SlimMonoLogger.INFO: Cron ran at: 16-07-2026 07:22:26 PM [] []
[2026-07-16 19:22:38] SlimMonoLogger.INFO: Cron ran at: 16-07-2026 07:22:38 PM [] []
[2026-07-16 19:22:51] SlimMonoLogger.INFO: Cron ran at: 16-07-2026 07:22:51 PM [] []
[2026-07-16 19:23:20] SlimMonoLogger.INFO: Cron ran at: 16-07-2026 07:23:20 PM [] []
[2026-07-16 19:23:22] SlimMonoLogger.INFO: Cron ran at: 16-07-2026 07:23:22 PM [] []
[2026-07-16 19:23:29] SlimMonoLogger.INFO: Cron ran at: 16-07-2026 07:23:29 PM [] []
[2026-07-16 19:23:52] SlimMonoLogger.INFO: Cron ran at: 16-07-2026 07:23:52 PM [] []
[2026-07-16 19:24:22] SlimMonoLogger.INFO: Cron ran at: 16-07-2026 07:24:22 PM [] []
[2026-07-16 19:24:26] SlimMonoLogger.INFO: Cron ran at: 16-07-2026 07:24:26 PM [] []
[2026-07-16 19:24:27] SlimMonoLogger.INFO: Cron ran at: 16-07-2026 07:24:27 PM [] []
[2026-07-16 19:24:52] SlimMonoLogger.INFO: Cron ran at: 16-07-2026 07:24:52 PM [] []
[2026-07-16 19:25:20] SlimMonoLogger.INFO: Cron ran at: 16-07-2026 07:25:20 PM [] []
[2026-07-16 19:25:20] SlimMonoLogger.INFO: Cron ran at: 16-07-2026 07:25:20 PM [] []
[2026-07-16 19:25:22] SlimMonoLogger.INFO: Cron ran at: 16-07-2026 07:25:22 PM [] []
[2026-07-16 19:26:17] SlimMonoLogger.INFO: Cron ran at: 16-07-2026 07:26:17 PM [] []
[2026-07-16 19:26:20] SlimMonoLogger.INFO: Cron ran at: 16-07-2026 07:26:20 PM [] []
[2026-07-16 19:26:29] SlimMonoLogger.INFO: Cron ran at: 16-07-2026 07:26:29 PM [] []
[2026-07-16 19:26:30] SlimMonoLogger.INFO: Cron ran at: 16-07-2026 07:26:30 PM [] []
[2026-07-16 19:27:11] SlimMonoLogger.INFO: Cron ran at: 16-07-2026 07:27:11 PM [] []
[2026-07-16 19:27:15] SlimMonoLogger.INFO: Cron ran at: 16-07-2026 07:27:15 PM [] []
[2026-07-16 19:27:18] SlimMonoLogger.INFO: Cron ran at: 16-07-2026 07:27:18 PM [] []
[2026-07-16 19:27:24] SlimMonoLogger.INFO: Cron ran at: 16-07-2026 07:27:24 PM [] []
[2026-07-16 19:28:08] SlimMonoLogger.INFO: Cron ran at: 16-07-2026 07:28:08 PM [] []
[2026-07-16 19:28:12] SlimMonoLogger.INFO: Cron ran at: 16-07-2026 07:28:12 PM [] []
[2026-07-16 19:28:23] SlimMonoLogger.INFO: Cron ran at: 16-07-2026 07:28:23 PM [] []
[2026-07-16 19:28:27] SlimMonoLogger.INFO: Cron ran at: 16-07-2026 07:28:27 PM [] []
[2026-07-16 19:29:04] SlimMonoLogger.INFO: Cron ran at: 16-07-2026 07:29:04 PM [] []
[2026-07-16 19:29:07] SlimMonoLogger.INFO: Cron ran at: 16-07-2026 07:29:07 PM [] []
[2026-07-16 19:29:17] SlimMonoLogger.INFO: Cron ran at: 16-07-2026 07:29:17 PM [] []
[2026-07-16 19:29:26] SlimMonoLogger.INFO: Cron ran at: 16-07-2026 07:29:26 PM [] []
[2026-07-16 19:30:00] SlimMonoLogger.INFO: Cron ran at: 16-07-2026 07:30:00 PM [] []
[2026-07-16 19:30:02] SlimMonoLogger.INFO: Cron ran at: 16-07-2026 07:30:02 PM [] []
[2026-07-16 19:30:20] SlimMonoLogger.INFO: Cron ran at: 16-07-2026 07:30:20 PM [] []
[2026-07-16 19:30:26] SlimMonoLogger.INFO: Cron ran at: 16-07-2026 07:30:26 PM [] []
[2026-07-16 19:30:53] SlimMonoLogger.INFO: Cron ran at: 16-07-2026 07:30:53 PM [] []
[2026-07-16 19:31:07] SlimMonoLogger.INFO: Cron ran at: 16-07-2026 07:31:07 PM [] []
[2026-07-16 19:31:24] SlimMonoLogger.INFO: Cron ran at: 16-07-2026 07:31:24 PM [] []
[2026-07-16 19:31:48] SlimMonoLogger.INFO: Cron ran at: 16-07-2026 07:31:48 PM [] []
[2026-07-16 19:31:48] SlimMonoLogger.INFO: Cron ran at: 16-07-2026 07:31:48 PM [] []
[2026-07-16 19:32:07] SlimMonoLogger.INFO: Cron ran at: 16-07-2026 07:32:07 PM [] []
[2026-07-16 19:32:18] SlimMonoLogger.INFO: Cron ran at: 16-07-2026 07:32:18 PM [] []
[2026-07-16 19:32:36] SlimMonoLogger.INFO: Cron ran at: 16-07-2026 07:32:36 PM [] []
[2026-07-16 19:32:48] SlimMonoLogger.INFO: Cron ran at: 16-07-2026 07:32:48 PM [] []
[2026-07-16 19:33:08] SlimMonoLogger.INFO: Cron ran at: 16-07-2026 07:33:08 PM [] []
[2026-07-16 19:33:23] SlimMonoLogger.INFO: Cron ran at: 16-07-2026 07:33:23 PM [] []
[2026-07-16 19:33:33] SlimMonoLogger.INFO: Cron ran at: 16-07-2026 07:33:33 PM [] []
[2026-07-16 19:33:43] SlimMonoLogger.INFO: Cron ran at: 16-07-2026 07:33:43 PM [] []
[2026-07-16 19:34:05] SlimMonoLogger.INFO: Cron ran at: 16-07-2026 07:34:05 PM [] []
[2026-07-16 19:34:18] SlimMonoLogger.INFO: Cron ran at: 16-07-2026 07:34:18 PM [] []
[2026-07-16 19:34:29] SlimMonoLogger.INFO: Cron ran at: 16-07-2026 07:34:29 PM [] []
[2026-07-16 19:34:41] SlimMonoLogger.INFO: Cron ran at: 16-07-2026 07:34:41 PM [] []
[2026-07-16 19:35:02] SlimMonoLogger.INFO: Cron ran at: 16-07-2026 07:35:02 PM [] []
[2026-07-16 19:35:19] SlimMonoLogger.INFO: Cron ran at: 16-07-2026 07:35:19 PM [] []
[2026-07-16 19:35:20] SlimMonoLogger.INFO: Cron ran at: 16-07-2026 07:35:20 PM [] []
[2026-07-16 19:35:47] SlimMonoLogger.INFO: Cron ran at: 16-07-2026 07:35:47 PM [] []
[2026-07-16 19:36:07] SlimMonoLogger.INFO: Cron ran at: 16-07-2026 07:36:07 PM [] []
[2026-07-16 19:36:12] SlimMonoLogger.INFO: Cron ran at: 16-07-2026 07:36:12 PM [] []
[2026-07-16 19:36:41] SlimMonoLogger.INFO: Cron ran at: 16-07-2026 07:36:41 PM [] []
[2026-07-16 19:36:42] SlimMonoLogger.INFO: Cron ran at: 16-07-2026 07:36:42 PM [] []
[2026-07-16 19:37:11] SlimMonoLogger.INFO: Cron ran at: 16-07-2026 07:37:11 PM [] []
[2026-07-16 19:37:15] SlimMonoLogger.INFO: Cron ran at: 16-07-2026 07:37:15 PM [] []
[2026-07-16 19:37:38] SlimMonoLogger.INFO: Cron ran at: 16-07-2026 07:37:38 PM [] []
[2026-07-16 19:37:41] SlimMonoLogger.INFO: Cron ran at: 16-07-2026 07:37:41 PM [] []
[2026-07-16 19:38:07] SlimMonoLogger.INFO: Cron ran at: 16-07-2026 07:38:07 PM [] []
[2026-07-16 19:38:07] SlimMonoLogger.INFO: Cron ran at: 16-07-2026 07:38:07 PM [] []
[2026-07-16 19:38:29] SlimMonoLogger.INFO: Cron ran at: 16-07-2026 07:38:29 PM [] []
[2026-07-16 19:38:53] SlimMonoLogger.INFO: Cron ran at: 16-07-2026 07:38:53 PM [] []
[2026-07-16 19:39:07] SlimMonoLogger.INFO: Cron ran at: 16-07-2026 07:39:07 PM [] []
[2026-07-16 19:39:09] SlimMonoLogger.INFO: Cron ran at: 16-07-2026 07:39:09 PM [] []
[2026-07-16 19:39:22] SlimMonoLogger.INFO: Cron ran at: 16-07-2026 07:39:22 PM [] []
[2026-07-16 19:39:40] SlimMonoLogger.INFO: Cron ran at: 16-07-2026 07:39:40 PM [] []
[2026-07-16 19:40:09] SlimMonoLogger.INFO: Cron ran at: 16-07-2026 07:40:09 PM [] []
[2026-07-16 19:40:09] SlimMonoLogger.INFO: Cron ran at: 16-07-2026 07:40:09 PM [] []
[2026-07-16 19:40:14] SlimMonoLogger.INFO: Cron ran at: 16-07-2026 07:40:14 PM [] []
[2026-07-16 19:40:48] SlimMonoLogger.INFO: Cron ran at: 16-07-2026 07:40:48 PM [] []
[2026-07-16 19:41:09] SlimMonoLogger.INFO: Cron ran at: 16-07-2026 07:41:09 PM [] []
[2026-07-16 19:41:10] SlimMonoLogger.INFO: Cron ran at: 16-07-2026 07:41:10 PM [] []
[2026-07-16 19:41:28] SlimMonoLogger.INFO: Cron ran at: 16-07-2026 07:41:28 PM [] []
[2026-07-16 19:41:48] SlimMonoLogger.INFO: Cron ran at: 16-07-2026 07:41:48 PM [] []
[2026-07-16 19:42:05] SlimMonoLogger.INFO: Cron ran at: 16-07-2026 07:42:05 PM [] []
[2026-07-16 19:42:06] SlimMonoLogger.INFO: Cron ran at: 16-07-2026 07:42:06 PM [] []
[2026-07-16 19:42:21] SlimMonoLogger.INFO: Cron ran at: 16-07-2026 07:42:21 PM [] []
[2026-07-16 19:42:47] SlimMonoLogger.INFO: Cron ran at: 16-07-2026 07:42:47 PM [] []
[2026-07-16 19:43:04] SlimMonoLogger.INFO: Cron ran at: 16-07-2026 07:43:04 PM [] []
[2026-07-16 19:43:04] SlimMonoLogger.INFO: Cron ran at: 16-07-2026 07:43:04 PM [] []
[2026-07-16 19:43:08] SlimMonoLogger.INFO: Cron ran at: 16-07-2026 07:43:08 PM [] []
[2026-07-16 19:43:48] SlimMonoLogger.INFO: Cron ran at: 16-07-2026 07:43:48 PM [] []
[2026-07-16 19:43:59] SlimMonoLogger.INFO: Cron ran at: 16-07-2026 07:43:59 PM [] []
[2026-07-16 19:44:07] SlimMonoLogger.INFO: Cron ran at: 16-07-2026 07:44:07 PM [] []
[2026-07-16 19:44:08] SlimMonoLogger.INFO: Cron ran at: 16-07-2026 07:44:08 PM [] []
[2026-07-16 19:44:49] SlimMonoLogger.INFO: Cron ran at: 16-07-2026 07:44:49 PM [] []
[2026-07-16 19:44:58] SlimMonoLogger.INFO: Cron ran at: 16-07-2026 07:44:58 PM [] []
[2026-07-16 19:44:59] SlimMonoLogger.INFO: Cron ran at: 16-07-2026 07:44:59 PM [] []
[2026-07-16 19:45:03] SlimMonoLogger.INFO: Cron ran at: 16-07-2026 07:45:03 PM [] []
[2026-07-16 19:45:59] SlimMonoLogger.INFO: Cron ran at: 16-07-2026 07:45:59 PM [] []
[2026-07-16 19:46:05] SlimMonoLogger.INFO: Cron ran at: 16-07-2026 07:46:05 PM [] []
[2026-07-16 19:46:13] SlimMonoLogger.INFO: Cron ran at: 16-07-2026 07:46:13 PM [] []
[2026-07-16 19:46:50] SlimMonoLogger.INFO: Cron ran at: 16-07-2026 07:46:50 PM [] []
[2026-07-16 19:47:01] SlimMonoLogger.INFO: Cron ran at: 16-07-2026 07:47:01 PM [] []
[2026-07-16 19:47:02] SlimMonoLogger.INFO: Cron ran at: 16-07-2026 07:47:02 PM [] []
[2026-07-16 19:47:14] SlimMonoLogger.INFO: Cron ran at: 16-07-2026 07:47:14 PM [] []
[2026-07-16 19:47:35] SlimMonoLogger.INFO: Cron ran at: 16-07-2026 07:47:35 PM [] []
[2026-07-16 19:47:58] SlimMonoLogger.INFO: Cron ran at: 16-07-2026 07:47:58 PM [] []
[2026-07-16 19:48:00] SlimMonoLogger.INFO: Cron ran at: 16-07-2026 07:48:00 PM [] []
[2026-07-16 19:48:01] SlimMonoLogger.INFO: Cron ran at: 16-07-2026 07:48:01 PM [] []
[2026-07-16 19:48:44] SlimMonoLogger.INFO: Cron ran at: 16-07-2026 07:48:44 PM [] []
[2026-07-16 19:48:46] SlimMonoLogger.INFO: Cron ran at: 16-07-2026 07:48:46 PM [] []
[2026-07-16 19:48:56] SlimMonoLogger.INFO: Cron ran at: 16-07-2026 07:48:56 PM [] []
[2026-07-16 19:49:00] SlimMonoLogger.INFO: Cron ran at: 16-07-2026 07:49:00 PM [] []
[2026-07-16 19:49:43] SlimMonoLogger.INFO: Cron ran at: 16-07-2026 07:49:43 PM [] []
[2026-07-16 19:49:46] SlimMonoLogger.INFO: Cron ran at: 16-07-2026 07:49:46 PM [] []
[2026-07-16 19:49:46] SlimMonoLogger.INFO: Cron ran at: 16-07-2026 07:49:46 PM [] []
[2026-07-16 19:50:06] SlimMonoLogger.INFO: Cron ran at: 16-07-2026 07:50:06 PM [] []
[2026-07-16 19:50:41] SlimMonoLogger.INFO: Cron ran at: 16-07-2026 07:50:41 PM [] []
[2026-07-16 19:50:41] SlimMonoLogger.INFO: Cron ran at: 16-07-2026 07:50:41 PM [] []
[2026-07-16 19:50:42] SlimMonoLogger.INFO: Cron ran at: 16-07-2026 07:50:42 PM [] []
[2026-07-16 19:51:39] SlimMonoLogger.INFO: Cron ran at: 16-07-2026 07:51:39 PM [] []
[2026-07-16 19:51:52] SlimMonoLogger.INFO: Cron ran at: 16-07-2026 07:51:52 PM [] []
[2026-07-16 19:51:53] SlimMonoLogger.INFO: Cron ran at: 16-07-2026 07:51:53 PM [] []
[2026-07-16 19:52:13] SlimMonoLogger.INFO: Cron ran at: 16-07-2026 07:52:13 PM [] []
[2026-07-16 19:52:35] SlimMonoLogger.INFO: Cron ran at: 16-07-2026 07:52:35 PM [] []
[2026-07-16 19:52:43] SlimMonoLogger.INFO: Cron ran at: 16-07-2026 07:52:43 PM [] []
[2026-07-16 19:52:45] SlimMonoLogger.INFO: Cron ran at: 16-07-2026 07:52:45 PM [] []
[2026-07-16 19:52:59] SlimMonoLogger.INFO: Cron ran at: 16-07-2026 07:52:59 PM [] []
[2026-07-16 19:53:34] SlimMonoLogger.INFO: Cron ran at: 16-07-2026 07:53:34 PM [] []
[2026-07-16 19:53:48] SlimMonoLogger.INFO: Cron ran at: 16-07-2026 07:53:48 PM [] []
[2026-07-16 19:53:51] SlimMonoLogger.INFO: Cron ran at: 16-07-2026 07:53:51 PM [] []
[2026-07-16 19:53:53] SlimMonoLogger.INFO: Cron ran at: 16-07-2026 07:53:53 PM [] []
[2026-07-16 19:54:30] SlimMonoLogger.INFO: Cron ran at: 16-07-2026 07:54:30 PM [] []
[2026-07-16 19:54:43] SlimMonoLogger.INFO: Cron ran at: 16-07-2026 07:54:43 PM [] []
[2026-07-16 19:54:45] SlimMonoLogger.INFO: Cron ran at: 16-07-2026 07:54:45 PM [] []
[2026-07-16 19:54:46] SlimMonoLogger.INFO: Cron ran at: 16-07-2026 07:54:46 PM [] []
[2026-07-16 19:55:27] SlimMonoLogger.INFO: Cron ran at: 16-07-2026 07:55:27 PM [] []
[2026-07-16 19:55:40] SlimMonoLogger.INFO: Cron ran at: 16-07-2026 07:55:40 PM [] []
[2026-07-16 19:55:42] SlimMonoLogger.INFO: Cron ran at: 16-07-2026 07:55:42 PM [] []
[2026-07-16 19:56:30] SlimMonoLogger.INFO: Cron ran at: 16-07-2026 07:56:30 PM [] []
[2026-07-16 19:56:35] SlimMonoLogger.INFO: Cron ran at: 16-07-2026 07:56:35 PM [] []
[2026-07-16 19:56:46] SlimMonoLogger.INFO: Cron ran at: 16-07-2026 07:56:46 PM [] []
[2026-07-16 19:56:57] SlimMonoLogger.INFO: Cron ran at: 16-07-2026 07:56:57 PM [] []
[2026-07-16 19:57:31] SlimMonoLogger.INFO: Cron ran at: 16-07-2026 07:57:31 PM [] []
[2026-07-16 19:57:36] SlimMonoLogger.INFO: Cron ran at: 16-07-2026 07:57:36 PM [] []
[2026-07-16 19:57:42] SlimMonoLogger.INFO: Cron ran at: 16-07-2026 07:57:42 PM [] []
[2026-07-16 19:57:43] SlimMonoLogger.INFO: Cron ran at: 16-07-2026 07:57:43 PM [] []
[2026-07-16 19:58:28] SlimMonoLogger.INFO: Cron ran at: 16-07-2026 07:58:28 PM [] []
[2026-07-16 19:58:30] SlimMonoLogger.INFO: Cron ran at: 16-07-2026 07:58:30 PM [] []
[2026-07-16 19:58:32] SlimMonoLogger.INFO: Cron ran at: 16-07-2026 07:58:32 PM [] []
[2026-07-16 19:58:39] SlimMonoLogger.INFO: Cron ran at: 16-07-2026 07:58:39 PM [] []
[2026-07-16 19:58:42] SlimMonoLogger.INFO: Cron ran at: 16-07-2026 07:58:42 PM [] []
[2026-07-16 19:59:29] SlimMonoLogger.INFO: Cron ran at: 16-07-2026 07:59:29 PM [] []
[2026-07-16 19:59:30] SlimMonoLogger.INFO: Cron ran at: 16-07-2026 07:59:30 PM [] []
[2026-07-16 19:59:43] SlimMonoLogger.INFO: Cron ran at: 16-07-2026 07:59:43 PM [] []
[2026-07-16 19:59:43] SlimMonoLogger.INFO: Cron ran at: 16-07-2026 07:59:43 PM [] []
[2026-07-16 20:00:33] SlimMonoLogger.INFO: Cron ran at: 16-07-2026 08:00:33 PM [] []
[2026-07-16 20:00:47] SlimMonoLogger.INFO: Cron ran at: 16-07-2026 08:00:47 PM [] []
[2026-07-16 20:00:50] SlimMonoLogger.INFO: Cron ran at: 16-07-2026 08:00:50 PM [] []
[2026-07-16 20:01:25] SlimMonoLogger.INFO: Cron ran at: 16-07-2026 08:01:25 PM [] []
[2026-07-16 20:01:30] SlimMonoLogger.INFO: Cron ran at: 16-07-2026 08:01:30 PM [] []
[2026-07-16 20:01:43] SlimMonoLogger.INFO: Cron ran at: 16-07-2026 08:01:43 PM [] []
[2026-07-16 20:02:20] SlimMonoLogger.INFO: Cron ran at: 16-07-2026 08:02:20 PM [] []
[2026-07-16 20:02:20] SlimMonoLogger.INFO: Cron ran at: 16-07-2026 08:02:20 PM [] []
[2026-07-16 20:02:34] SlimMonoLogger.INFO: Cron ran at: 16-07-2026 08:02:34 PM [] []
[2026-07-16 20:03:02] SlimMonoLogger.INFO: Cron ran at: 16-07-2026 08:03:02 PM [] []
[2026-07-16 20:03:13] SlimMonoLogger.INFO: Cron ran at: 16-07-2026 08:03:13 PM [] []
[2026-07-16 20:03:19] SlimMonoLogger.INFO: Cron ran at: 16-07-2026 08:03:19 PM [] []
[2026-07-16 20:03:31] SlimMonoLogger.INFO: Cron ran at: 16-07-2026 08:03:31 PM [] []
[2026-07-16 20:03:46] SlimMonoLogger.INFO: Cron ran at: 16-07-2026 08:03:46 PM [] []
[2026-07-16 20:04:16] SlimMonoLogger.INFO: Cron ran at: 16-07-2026 08:04:16 PM [] []
[2026-07-16 20:04:17] SlimMonoLogger.INFO: Cron ran at: 16-07-2026 08:04:17 PM [] []
[2026-07-16 20:04:23] SlimMonoLogger.INFO: Cron ran at: 16-07-2026 08:04:23 PM [] []
[2026-07-16 20:04:47] SlimMonoLogger.INFO: Cron ran at: 16-07-2026 08:04:47 PM [] []
[2026-07-16 20:04:56] SlimMonoLogger.INFO: Cron ran at: 16-07-2026 08:04:56 PM [] []
[2026-07-16 20:05:13] SlimMonoLogger.INFO: Cron ran at: 16-07-2026 08:05:13 PM [] []
[2026-07-16 20:05:33] SlimMonoLogger.INFO: Cron ran at: 16-07-2026 08:05:33 PM [] []
[2026-07-16 20:05:47] SlimMonoLogger.INFO: Cron ran at: 16-07-2026 08:05:46 PM [] []
[2026-07-16 20:05:51] SlimMonoLogger.INFO: Cron ran at: 16-07-2026 08:05:51 PM [] []
[2026-07-16 20:06:14] SlimMonoLogger.INFO: Cron ran at: 16-07-2026 08:06:14 PM [] []
[2026-07-16 20:06:40] SlimMonoLogger.INFO: Cron ran at: 16-07-2026 08:06:40 PM [] []
[2026-07-16 20:06:41] SlimMonoLogger.INFO: Cron ran at: 16-07-2026 08:06:41 PM [] []
[2026-07-16 20:06:45] SlimMonoLogger.INFO: Cron ran at: 16-07-2026 08:06:45 PM [] []
[2026-07-16 20:07:16] SlimMonoLogger.INFO: Cron ran at: 16-07-2026 08:07:16 PM [] []
[2026-07-16 20:07:33] SlimMonoLogger.INFO: Cron ran at: 16-07-2026 08:07:33 PM [] []
[2026-07-16 20:07:38] SlimMonoLogger.INFO: Cron ran at: 16-07-2026 08:07:38 PM [] []
[2026-07-16 20:07:42] SlimMonoLogger.INFO: Cron ran at: 16-07-2026 08:07:42 PM [] []
[2026-07-16 20:08:09] SlimMonoLogger.INFO: Cron ran at: 16-07-2026 08:08:09 PM [] []
[2026-07-16 20:08:15] SlimMonoLogger.INFO: Cron ran at: 16-07-2026 08:08:15 PM [] []
[2026-07-16 20:08:31] SlimMonoLogger.INFO: Cron ran at: 16-07-2026 08:08:31 PM [] []
[2026-07-16 20:08:44] SlimMonoLogger.INFO: Cron ran at: 16-07-2026 08:08:44 PM [] []
[2026-07-16 20:09:13] SlimMonoLogger.INFO: Cron ran at: 16-07-2026 08:09:13 PM [] []
[2026-07-16 20:09:14] SlimMonoLogger.INFO: Cron ran at: 16-07-2026 08:09:14 PM [] []
[2026-07-16 20:09:31] SlimMonoLogger.INFO: Cron ran at: 16-07-2026 08:09:31 PM [] []
[2026-07-16 20:09:44] SlimMonoLogger.INFO: Cron ran at: 16-07-2026 08:09:44 PM [] []
[2026-07-16 20:10:02] SlimMonoLogger.INFO: Cron ran at: 16-07-2026 08:10:02 PM [] []
[2026-07-16 20:10:09] SlimMonoLogger.INFO: Cron ran at: 16-07-2026 08:10:09 PM [] []
[2026-07-16 20:10:29] SlimMonoLogger.INFO: Cron ran at: 16-07-2026 08:10:29 PM [] []
[2026-07-16 20:11:04] SlimMonoLogger.INFO: Cron ran at: 16-07-2026 08:11:04 PM [] []
[2026-07-16 20:11:13] SlimMonoLogger.INFO: Cron ran at: 16-07-2026 08:11:13 PM [] []
[2026-07-16 20:11:31] SlimMonoLogger.INFO: Cron ran at: 16-07-2026 08:11:31 PM [] []
[2026-07-16 20:11:58] SlimMonoLogger.INFO: Cron ran at: 16-07-2026 08:11:58 PM [] []
[2026-07-16 20:11:59] SlimMonoLogger.INFO: Cron ran at: 16-07-2026 08:11:59 PM [] []
[2026-07-16 20:12:12] SlimMonoLogger.INFO: Cron ran at: 16-07-2026 08:12:12 PM [] []
[2026-07-16 20:12:29] SlimMonoLogger.INFO: Cron ran at: 16-07-2026 08:12:29 PM [] []
[2026-07-16 20:12:49] SlimMonoLogger.INFO: Cron ran at: 16-07-2026 08:12:49 PM [] []
[2026-07-16 20:12:58] SlimMonoLogger.INFO: Cron ran at: 16-07-2026 08:12:58 PM [] []
[2026-07-16 20:13:11] SlimMonoLogger.INFO: Cron ran at: 16-07-2026 08:13:11 PM [] []
[2026-07-16 20:13:33] SlimMonoLogger.INFO: Cron ran at: 16-07-2026 08:13:33 PM [] []
[2026-07-16 20:13:40] SlimMonoLogger.INFO: Cron ran at: 16-07-2026 08:13:40 PM [] []
[2026-07-16 20:13:58] SlimMonoLogger.INFO: Cron ran at: 16-07-2026 08:13:58 PM [] []
[2026-07-16 20:14:09] SlimMonoLogger.INFO: Cron ran at: 16-07-2026 08:14:09 PM [] []
[2026-07-16 20:14:30] SlimMonoLogger.INFO: Cron ran at: 16-07-2026 08:14:30 PM [] []
[2026-07-16 20:14:33] SlimMonoLogger.INFO: Cron ran at: 16-07-2026 08:14:33 PM [] []
[2026-07-16 20:14:54] SlimMonoLogger.INFO: Cron ran at: 16-07-2026 08:14:54 PM [] []
[2026-07-16 20:15:19] SlimMonoLogger.INFO: Cron ran at: 16-07-2026 08:15:19 PM [] []
[2026-07-16 20:15:27] SlimMonoLogger.INFO: Cron ran at: 16-07-2026 08:15:27 PM [] []
[2026-07-16 20:15:28] SlimMonoLogger.INFO: Cron ran at: 16-07-2026 08:15:28 PM [] []
[2026-07-16 20:15:53] SlimMonoLogger.INFO: Cron ran at: 16-07-2026 08:15:53 PM [] []
[2026-07-16 20:16:28] SlimMonoLogger.INFO: Cron ran at: 16-07-2026 08:16:28 PM [] []
[2026-07-16 20:16:39] SlimMonoLogger.INFO: Cron ran at: 16-07-2026 08:16:39 PM [] []
[2026-07-16 20:16:51] SlimMonoLogger.INFO: Cron ran at: 16-07-2026 08:16:51 PM [] []
[2026-07-16 20:16:51] SlimMonoLogger.INFO: Cron ran at: 16-07-2026 08:16:51 PM [] []
[2026-07-16 20:17:15] SlimMonoLogger.INFO: Cron ran at: 16-07-2026 08:17:15 PM [] []
[2026-07-16 20:17:29] SlimMonoLogger.INFO: Cron ran at: 16-07-2026 08:17:29 PM [] []
[2026-07-16 20:17:40] SlimMonoLogger.INFO: Cron ran at: 16-07-2026 08:17:40 PM [] []
[2026-07-16 20:17:54] SlimMonoLogger.INFO: Cron ran at: 16-07-2026 08:17:54 PM [] []
[2026-07-16 20:18:17] SlimMonoLogger.INFO: Cron ran at: 16-07-2026 08:18:17 PM [] []
[2026-07-16 20:18:29] SlimMonoLogger.INFO: Cron ran at: 16-07-2026 08:18:29 PM [] []
[2026-07-16 20:18:30] SlimMonoLogger.INFO: Cron ran at: 16-07-2026 08:18:30 PM [] []
[2026-07-16 20:18:53] SlimMonoLogger.INFO: Cron ran at: 16-07-2026 08:18:53 PM [] []
[2026-07-16 20:19:12] SlimMonoLogger.INFO: Cron ran at: 16-07-2026 08:19:12 PM [] []
[2026-07-16 20:19:33] SlimMonoLogger.INFO: Cron ran at: 16-07-2026 08:19:33 PM [] []
[2026-07-16 20:19:46] SlimMonoLogger.INFO: Cron ran at: 16-07-2026 08:19:46 PM [] []
[2026-07-16 20:19:58] SlimMonoLogger.INFO: Cron ran at: 16-07-2026 08:19:58 PM [] []
[2026-07-16 20:20:22] SlimMonoLogger.INFO: Cron ran at: 16-07-2026 08:20:22 PM [] []
[2026-07-16 20:20:22] SlimMonoLogger.INFO: Cron ran at: 16-07-2026 08:20:22 PM [] []
[2026-07-16 20:20:30] SlimMonoLogger.INFO: Cron ran at: 16-07-2026 08:20:30 PM [] []
[2026-07-16 20:20:59] SlimMonoLogger.INFO: Cron ran at: 16-07-2026 08:20:59 PM [] []
[2026-07-16 20:21:07] SlimMonoLogger.INFO: Cron ran at: 16-07-2026 08:21:07 PM [] []
[2026-07-16 20:21:19] SlimMonoLogger.INFO: Cron ran at: 16-07-2026 08:21:19 PM [] []
[2026-07-16 20:21:55] SlimMonoLogger.INFO: Cron ran at: 16-07-2026 08:21:55 PM [] []
[2026-07-16 20:21:59] SlimMonoLogger.INFO: Cron ran at: 16-07-2026 08:21:59 PM [] []
[2026-07-16 20:22:19] SlimMonoLogger.INFO: Cron ran at: 16-07-2026 08:22:19 PM [] []
[2026-07-16 20:22:21] SlimMonoLogger.INFO: Cron ran at: 16-07-2026 08:22:21 PM [] []
[2026-07-16 20:22:43] SlimMonoLogger.INFO: Cron ran at: 16-07-2026 08:22:43 PM [] []
[2026-07-16 20:22:55] SlimMonoLogger.INFO: Cron ran at: 16-07-2026 08:22:55 PM [] []
[2026-07-16 20:23:07] SlimMonoLogger.INFO: Cron ran at: 16-07-2026 08:23:07 PM [] []
[2026-07-16 20:23:10] SlimMonoLogger.INFO: Cron ran at: 16-07-2026 08:23:10 PM [] []
[2026-07-16 20:23:26] SlimMonoLogger.INFO: Cron ran at: 16-07-2026 08:23:26 PM [] []
[2026-07-16 20:23:52] SlimMonoLogger.INFO: Cron ran at: 16-07-2026 08:23:52 PM [] []
[2026-07-16 20:24:06] SlimMonoLogger.INFO: Cron ran at: 16-07-2026 08:24:06 PM [] []
[2026-07-16 20:24:06] SlimMonoLogger.INFO: Cron ran at: 16-07-2026 08:24:06 PM [] []
[2026-07-16 20:24:17] SlimMonoLogger.INFO: Cron ran at: 16-07-2026 08:24:17 PM [] []
[2026-07-16 20:24:49] SlimMonoLogger.INFO: Cron ran at: 16-07-2026 08:24:49 PM [] []
[2026-07-16 20:25:08] SlimMonoLogger.INFO: Cron ran at: 16-07-2026 08:25:08 PM [] []
[2026-07-16 20:25:11] SlimMonoLogger.INFO: Cron ran at: 16-07-2026 08:25:11 PM [] []
[2026-07-16 20:25:15] SlimMonoLogger.INFO: Cron ran at: 16-07-2026 08:25:15 PM [] []
[2026-07-16 20:26:05] SlimMonoLogger.INFO: Cron ran at: 16-07-2026 08:26:05 PM [] []
[2026-07-16 20:26:14] SlimMonoLogger.INFO: Cron ran at: 16-07-2026 08:26:14 PM [] []
[2026-07-16 20:26:16] SlimMonoLogger.INFO: Cron ran at: 16-07-2026 08:26:16 PM [] []
[2026-07-16 20:26:36] SlimMonoLogger.INFO: Cron ran at: 16-07-2026 08:26:36 PM [] []
[2026-07-16 20:27:04] SlimMonoLogger.INFO: Cron ran at: 16-07-2026 08:27:04 PM [] []
[2026-07-16 20:27:06] SlimMonoLogger.INFO: Cron ran at: 16-07-2026 08:27:06 PM [] []
[2026-07-16 20:27:07] SlimMonoLogger.INFO: Cron ran at: 16-07-2026 08:27:07 PM [] []
[2026-07-16 20:27:29] SlimMonoLogger.INFO: Cron ran at: 16-07-2026 08:27:29 PM [] []
[2026-07-16 20:28:05] SlimMonoLogger.INFO: Cron ran at: 16-07-2026 08:28:05 PM [] []
[2026-07-16 20:28:05] SlimMonoLogger.INFO: Cron ran at: 16-07-2026 08:28:05 PM [] []
[2026-07-16 20:28:16] SlimMonoLogger.INFO: Cron ran at: 16-07-2026 08:28:16 PM [] []
[2026-07-16 20:28:18] SlimMonoLogger.INFO: Cron ran at: 16-07-2026 08:28:18 PM [] []
[2026-07-16 20:29:01] SlimMonoLogger.INFO: Cron ran at: 16-07-2026 08:29:01 PM [] []
[2026-07-16 20:29:07] SlimMonoLogger.INFO: Cron ran at: 16-07-2026 08:29:07 PM [] []
[2026-07-16 20:29:11] SlimMonoLogger.INFO: Cron ran at: 16-07-2026 08:29:11 PM [] []
[2026-07-16 20:29:13] SlimMonoLogger.INFO: Cron ran at: 16-07-2026 08:29:13 PM [] []
[2026-07-16 20:30:06] SlimMonoLogger.INFO: Cron ran at: 16-07-2026 08:30:06 PM [] []
[2026-07-16 20:30:06] SlimMonoLogger.INFO: Cron ran at: 16-07-2026 08:30:06 PM [] []
[2026-07-16 20:30:07] SlimMonoLogger.INFO: Cron ran at: 16-07-2026 08:30:07 PM [] []
[2026-07-16 20:30:08] SlimMonoLogger.INFO: Cron ran at: 16-07-2026 08:30:08 PM [] []
[2026-07-16 20:31:05] SlimMonoLogger.INFO: Cron ran at: 16-07-2026 08:31:05 PM [] []
[2026-07-16 20:31:06] SlimMonoLogger.INFO: Cron ran at: 16-07-2026 08:31:06 PM [] []
[2026-07-16 20:31:06] SlimMonoLogger.INFO: Cron ran at: 16-07-2026 08:31:06 PM [] []
[2026-07-16 20:31:58] SlimMonoLogger.INFO: Cron ran at: 16-07-2026 08:31:58 PM [] []
[2026-07-16 20:31:59] SlimMonoLogger.INFO: Cron ran at: 16-07-2026 08:31:59 PM [] []
[2026-07-16 20:32:04] SlimMonoLogger.INFO: Cron ran at: 16-07-2026 08:32:04 PM [] []
[2026-07-16 20:32:08] SlimMonoLogger.INFO: Cron ran at: 16-07-2026 08:32:08 PM [] []
[2026-07-16 20:32:56] SlimMonoLogger.INFO: Cron ran at: 16-07-2026 08:32:56 PM [] []
[2026-07-16 20:32:59] SlimMonoLogger.INFO: Cron ran at: 16-07-2026 08:32:59 PM [] []
[2026-07-16 20:33:00] SlimMonoLogger.INFO: Cron ran at: 16-07-2026 08:33:00 PM [] []
[2026-07-16 20:33:02] SlimMonoLogger.INFO: Cron ran at: 16-07-2026 08:33:02 PM [] []
[2026-07-16 20:33:56] SlimMonoLogger.INFO: Cron ran at: 16-07-2026 08:33:56 PM [] []
[2026-07-16 20:33:58] SlimMonoLogger.INFO: Cron ran at: 16-07-2026 08:33:58 PM [] []
[2026-07-16 20:34:03] SlimMonoLogger.INFO: Cron ran at: 16-07-2026 08:34:03 PM [] []
[2026-07-16 20:34:14] SlimMonoLogger.INFO: Cron ran at: 16-07-2026 08:34:14 PM [] []
[2026-07-16 20:34:46] SlimMonoLogger.INFO: Cron ran at: 16-07-2026 08:34:46 PM [] []
[2026-07-16 20:34:52] SlimMonoLogger.INFO: Cron ran at: 16-07-2026 08:34:52 PM [] []
[2026-07-16 20:35:06] SlimMonoLogger.INFO: Cron ran at: 16-07-2026 08:35:06 PM [] []
[2026-07-16 20:35:06] SlimMonoLogger.INFO: Cron ran at: 16-07-2026 08:35:06 PM [] []
[2026-07-16 20:35:44] SlimMonoLogger.INFO: Cron ran at: 16-07-2026 08:35:44 PM [] []
[2026-07-16 20:35:53] SlimMonoLogger.INFO: Cron ran at: 16-07-2026 08:35:53 PM [] []
[2026-07-16 20:36:08] SlimMonoLogger.INFO: Cron ran at: 16-07-2026 08:36:08 PM [] []
[2026-07-16 20:36:34] SlimMonoLogger.INFO: Cron ran at: 16-07-2026 08:36:34 PM [] []
[2026-07-16 20:36:42] SlimMonoLogger.INFO: Cron ran at: 16-07-2026 08:36:42 PM [] []
[2026-07-16 20:36:47] SlimMonoLogger.INFO: Cron ran at: 16-07-2026 08:36:47 PM [] []
[2026-07-16 20:36:58] SlimMonoLogger.INFO: Cron ran at: 16-07-2026 08:36:58 PM [] []
[2026-07-16 20:37:25] SlimMonoLogger.INFO: Cron ran at: 16-07-2026 08:37:25 PM [] []
[2026-07-16 20:37:32] SlimMonoLogger.INFO: Cron ran at: 16-07-2026 08:37:32 PM [] []
[2026-07-16 20:37:51] SlimMonoLogger.INFO: Cron ran at: 16-07-2026 08:37:51 PM [] []
[2026-07-16 20:38:10] SlimMonoLogger.INFO: Cron ran at: 16-07-2026 08:38:10 PM [] []
[2026-07-16 20:38:14] SlimMonoLogger.INFO: Cron ran at: 16-07-2026 08:38:14 PM [] []
[2026-07-16 20:38:31] SlimMonoLogger.INFO: Cron ran at: 16-07-2026 08:38:31 PM [] []
[2026-07-16 20:38:52] SlimMonoLogger.INFO: Cron ran at: 16-07-2026 08:38:52 PM [] []
[2026-07-16 20:39:05] SlimMonoLogger.INFO: Cron ran at: 16-07-2026 08:39:05 PM [] []
[2026-07-16 20:39:06] SlimMonoLogger.INFO: Cron ran at: 16-07-2026 08:39:06 PM [] []
[2026-07-16 20:39:26] SlimMonoLogger.INFO: Cron ran at: 16-07-2026 08:39:26 PM [] []
[2026-07-16 20:39:47] SlimMonoLogger.INFO: Cron ran at: 16-07-2026 08:39:47 PM [] []
[2026-07-16 20:39:55] SlimMonoLogger.INFO: Cron ran at: 16-07-2026 08:39:55 PM [] []
[2026-07-16 20:40:02] SlimMonoLogger.INFO: Cron ran at: 16-07-2026 08:40:02 PM [] []
[2026-07-16 20:40:29] SlimMonoLogger.INFO: Cron ran at: 16-07-2026 08:40:29 PM [] []
[2026-07-16 20:40:54] SlimMonoLogger.INFO: Cron ran at: 16-07-2026 08:40:54 PM [] []
[2026-07-16 20:40:59] SlimMonoLogger.INFO: Cron ran at: 16-07-2026 08:40:59 PM [] []
[2026-07-16 20:41:27] SlimMonoLogger.INFO: Cron ran at: 16-07-2026 08:41:27 PM [] []
[2026-07-16 20:41:47] SlimMonoLogger.INFO: Cron ran at: 16-07-2026 08:41:47 PM [] []
[2026-07-16 20:41:48] SlimMonoLogger.INFO: Cron ran at: 16-07-2026 08:41:48 PM [] []
[2026-07-16 20:41:53] SlimMonoLogger.INFO: Cron ran at: 16-07-2026 08:41:53 PM [] []
[2026-07-16 20:42:24] SlimMonoLogger.INFO: Cron ran at: 16-07-2026 08:42:24 PM [] []
[2026-07-16 20:42:35] SlimMonoLogger.INFO: Cron ran at: 16-07-2026 08:42:35 PM [] []
[2026-07-16 20:42:43] SlimMonoLogger.INFO: Cron ran at: 16-07-2026 08:42:43 PM [] []
[2026-07-16 20:42:54] SlimMonoLogger.INFO: Cron ran at: 16-07-2026 08:42:54 PM [] []
[2026-07-16 20:43:22] SlimMonoLogger.INFO: Cron ran at: 16-07-2026 08:43:22 PM [] []
[2026-07-16 20:43:30] SlimMonoLogger.INFO: Cron ran at: 16-07-2026 08:43:30 PM [] []
[2026-07-16 20:43:48] SlimMonoLogger.INFO: Cron ran at: 16-07-2026 08:43:48 PM [] []
[2026-07-16 20:43:53] SlimMonoLogger.INFO: Cron ran at: 16-07-2026 08:43:53 PM [] []
[2026-07-16 20:43:58] SlimMonoLogger.INFO: Cron ran at: 16-07-2026 08:43:58 PM [] []
[2026-07-16 20:44:26] SlimMonoLogger.INFO: Cron ran at: 16-07-2026 08:44:26 PM [] []
[2026-07-16 20:44:45] SlimMonoLogger.INFO: Cron ran at: 16-07-2026 08:44:45 PM [] []
[2026-07-16 20:44:45] SlimMonoLogger.INFO: Cron ran at: 16-07-2026 08:44:45 PM [] []
[2026-07-16 20:44:47] SlimMonoLogger.INFO: Cron ran at: 16-07-2026 08:44:47 PM [] []
[2026-07-16 20:45:29] SlimMonoLogger.INFO: Cron ran at: 16-07-2026 08:45:29 PM [] []
[2026-07-16 20:45:49] SlimMonoLogger.INFO: Cron ran at: 16-07-2026 08:45:49 PM [] []
[2026-07-16 20:45:50] SlimMonoLogger.INFO: Cron ran at: 16-07-2026 08:45:50 PM [] []
[2026-07-16 20:46:27] SlimMonoLogger.INFO: Cron ran at: 16-07-2026 08:46:27 PM [] []
[2026-07-16 20:46:43] SlimMonoLogger.INFO: Cron ran at: 16-07-2026 08:46:43 PM [] []
[2026-07-16 20:46:54] SlimMonoLogger.INFO: Cron ran at: 16-07-2026 08:46:54 PM [] []
[2026-07-16 20:47:02] SlimMonoLogger.INFO: Cron ran at: 16-07-2026 08:47:02 PM [] []
[2026-07-16 20:47:41] SlimMonoLogger.INFO: Cron ran at: 16-07-2026 08:47:41 PM [] []
[2026-07-16 20:47:46] SlimMonoLogger.INFO: Cron ran at: 16-07-2026 08:47:46 PM [] []
[2026-07-16 20:47:53] SlimMonoLogger.INFO: Cron ran at: 16-07-2026 08:47:53 PM [] []
[2026-07-16 20:48:00] SlimMonoLogger.INFO: Cron ran at: 16-07-2026 08:48:00 PM [] []
[2026-07-16 20:48:30] SlimMonoLogger.INFO: Cron ran at: 16-07-2026 08:48:30 PM [] []
[2026-07-16 20:48:43] SlimMonoLogger.INFO: Cron ran at: 16-07-2026 08:48:43 PM [] []
[2026-07-16 20:48:52] SlimMonoLogger.INFO: Cron ran at: 16-07-2026 08:48:52 PM [] []
[2026-07-16 20:48:52] SlimMonoLogger.INFO: Cron ran at: 16-07-2026 08:48:52 PM [] []
[2026-07-16 20:49:31] SlimMonoLogger.INFO: Cron ran at: 16-07-2026 08:49:31 PM [] []
[2026-07-16 20:49:38] SlimMonoLogger.INFO: Cron ran at: 16-07-2026 08:49:38 PM [] []
[2026-07-16 20:49:39] SlimMonoLogger.INFO: Cron ran at: 16-07-2026 08:49:39 PM [] []
[2026-07-16 20:49:40] SlimMonoLogger.INFO: Cron ran at: 16-07-2026 08:49:40 PM [] []
[2026-07-16 20:50:30] SlimMonoLogger.INFO: Cron ran at: 16-07-2026 08:50:30 PM [] []
[2026-07-16 20:50:33] SlimMonoLogger.INFO: Cron ran at: 16-07-2026 08:50:33 PM [] []
[2026-07-16 20:50:39] SlimMonoLogger.INFO: Cron ran at: 16-07-2026 08:50:39 PM [] []
[2026-07-16 20:50:50] SlimMonoLogger.INFO: Cron ran at: 16-07-2026 08:50:50 PM [] []
[2026-07-16 20:51:28] SlimMonoLogger.INFO: Cron ran at: 16-07-2026 08:51:28 PM [] []
[2026-07-16 20:51:41] SlimMonoLogger.INFO: Cron ran at: 16-07-2026 08:51:41 PM [] []
[2026-07-16 20:51:47] SlimMonoLogger.INFO: Cron ran at: 16-07-2026 08:51:47 PM [] []
[2026-07-16 20:52:10] SlimMonoLogger.INFO: Cron ran at: 16-07-2026 08:52:10 PM [] []
[2026-07-16 20:52:22] SlimMonoLogger.INFO: Cron ran at: 16-07-2026 08:52:22 PM [] []
[2026-07-16 20:52:30] SlimMonoLogger.INFO: Cron ran at: 16-07-2026 08:52:30 PM [] []
[2026-07-16 20:52:44] SlimMonoLogger.INFO: Cron ran at: 16-07-2026 08:52:44 PM [] []
[2026-07-16 20:52:59] SlimMonoLogger.INFO: Cron ran at: 16-07-2026 08:52:59 PM [] []
[2026-07-16 20:53:17] SlimMonoLogger.INFO: Cron ran at: 16-07-2026 08:53:17 PM [] []
[2026-07-16 20:53:39] SlimMonoLogger.INFO: Cron ran at: 16-07-2026 08:53:39 PM [] []
[2026-07-16 20:53:45] SlimMonoLogger.INFO: Cron ran at: 16-07-2026 08:53:45 PM [] []
[2026-07-16 20:53:48] SlimMonoLogger.INFO: Cron ran at: 16-07-2026 08:53:48 PM [] []
[2026-07-16 20:54:19] SlimMonoLogger.INFO: Cron ran at: 16-07-2026 08:54:19 PM [] []
[2026-07-16 20:54:40] SlimMonoLogger.INFO: Cron ran at: 16-07-2026 08:54:40 PM [] []
[2026-07-16 20:54:41] SlimMonoLogger.INFO: Cron ran at: 16-07-2026 08:54:41 PM [] []
[2026-07-16 20:54:42] SlimMonoLogger.INFO: Cron ran at: 16-07-2026 08:54:42 PM [] []
[2026-07-16 20:55:31] SlimMonoLogger.INFO: Cron ran at: 16-07-2026 08:55:31 PM [] []
[2026-07-16 20:55:39] SlimMonoLogger.INFO: Cron ran at: 16-07-2026 08:55:39 PM [] []
[2026-07-16 20:56:24] SlimMonoLogger.INFO: Cron ran at: 16-07-2026 08:56:24 PM [] []
[2026-07-16 20:56:26] SlimMonoLogger.INFO: Cron ran at: 16-07-2026 08:56:26 PM [] []
[2026-07-16 20:56:34] SlimMonoLogger.INFO: Cron ran at: 16-07-2026 08:56:34 PM [] []
[2026-07-16 20:56:35] SlimMonoLogger.INFO: Cron ran at: 16-07-2026 08:56:35 PM [] []
[2026-07-16 20:56:45] SlimMonoLogger.INFO: Cron ran at: 16-07-2026 08:56:45 PM [] []
[2026-07-16 20:57:21] SlimMonoLogger.INFO: Cron ran at: 16-07-2026 08:57:21 PM [] []
[2026-07-16 20:57:28] SlimMonoLogger.INFO: Cron ran at: 16-07-2026 08:57:28 PM [] []
[2026-07-16 20:57:31] SlimMonoLogger.INFO: Cron ran at: 16-07-2026 08:57:31 PM [] []
[2026-07-16 20:57:44] SlimMonoLogger.INFO: Cron ran at: 16-07-2026 08:57:44 PM [] []
[2026-07-16 20:58:16] SlimMonoLogger.INFO: Cron ran at: 16-07-2026 08:58:16 PM [] []
[2026-07-16 20:58:19] SlimMonoLogger.INFO: Cron ran at: 16-07-2026 08:58:19 PM [] []
[2026-07-16 20:58:25] SlimMonoLogger.INFO: Cron ran at: 16-07-2026 08:58:25 PM [] []
[2026-07-16 20:58:34] SlimMonoLogger.INFO: Cron ran at: 16-07-2026 08:58:34 PM [] []
[2026-07-16 20:59:25] SlimMonoLogger.INFO: Cron ran at: 16-07-2026 08:59:25 PM [] []
[2026-07-16 20:59:26] SlimMonoLogger.INFO: Cron ran at: 16-07-2026 08:59:26 PM [] []
[2026-07-16 20:59:28] SlimMonoLogger.INFO: Cron ran at: 16-07-2026 08:59:28 PM [] []
[2026-07-16 20:59:37] SlimMonoLogger.INFO: Cron ran at: 16-07-2026 08:59:37 PM [] []
[2026-07-16 21:00:05] SlimMonoLogger.INFO: Cron ran at: 16-07-2026 09:00:05 PM [] []
[2026-07-16 21:00:20] SlimMonoLogger.INFO: Cron ran at: 16-07-2026 09:00:20 PM [] []
[2026-07-16 21:00:20] SlimMonoLogger.INFO: Cron ran at: 16-07-2026 09:00:20 PM [] []
[2026-07-16 21:01:02] SlimMonoLogger.INFO: Cron ran at: 16-07-2026 09:01:02 PM [] []
[2026-07-16 21:01:19] SlimMonoLogger.INFO: Cron ran at: 16-07-2026 09:01:19 PM [] []
[2026-07-16 21:01:24] SlimMonoLogger.INFO: Cron ran at: 16-07-2026 09:01:24 PM [] []
[2026-07-16 21:01:36] SlimMonoLogger.INFO: Cron ran at: 16-07-2026 09:01:36 PM [] []
[2026-07-16 21:01:58] SlimMonoLogger.INFO: Cron ran at: 16-07-2026 09:01:58 PM [] []
[2026-07-16 21:02:20] SlimMonoLogger.INFO: Cron ran at: 16-07-2026 09:02:20 PM [] []
[2026-07-16 21:02:21] SlimMonoLogger.INFO: Cron ran at: 16-07-2026 09:02:21 PM [] []
[2026-07-16 21:02:33] SlimMonoLogger.INFO: Cron ran at: 16-07-2026 09:02:33 PM [] []
[2026-07-16 21:03:04] SlimMonoLogger.INFO: Cron ran at: 16-07-2026 09:03:04 PM [] []
[2026-07-16 21:03:19] SlimMonoLogger.INFO: Cron ran at: 16-07-2026 09:03:19 PM [] []
[2026-07-16 21:03:22] SlimMonoLogger.INFO: Cron ran at: 16-07-2026 09:03:22 PM [] []
[2026-07-16 21:03:26] SlimMonoLogger.INFO: Cron ran at: 16-07-2026 09:03:26 PM [] []
[2026-07-16 21:03:59] SlimMonoLogger.INFO: Cron ran at: 16-07-2026 09:03:59 PM [] []
[2026-07-16 21:04:14] SlimMonoLogger.INFO: Cron ran at: 16-07-2026 09:04:14 PM [] []
[2026-07-16 21:04:19] SlimMonoLogger.INFO: Cron ran at: 16-07-2026 09:04:19 PM [] []
[2026-07-16 21:04:22] SlimMonoLogger.INFO: Cron ran at: 16-07-2026 09:04:22 PM [] []
[2026-07-16 21:04:33] SlimMonoLogger.INFO: Cron ran at: 16-07-2026 09:04:33 PM [] []
[2026-07-16 21:04:57] SlimMonoLogger.INFO: Cron ran at: 16-07-2026 09:04:57 PM [] []
[2026-07-16 21:05:06] SlimMonoLogger.INFO: Cron ran at: 16-07-2026 09:05:06 PM [] []
[2026-07-16 21:05:22] SlimMonoLogger.INFO: Cron ran at: 16-07-2026 09:05:22 PM [] []
[2026-07-16 21:05:52] SlimMonoLogger.INFO: Cron ran at: 16-07-2026 09:05:52 PM [] []
[2026-07-16 21:06:04] SlimMonoLogger.INFO: Cron ran at: 16-07-2026 09:06:04 PM [] []
[2026-07-16 21:06:30] SlimMonoLogger.INFO: Cron ran at: 16-07-2026 09:06:30 PM [] []
[2026-07-16 21:06:52] SlimMonoLogger.INFO: Cron ran at: 16-07-2026 09:06:52 PM [] []
[2026-07-16 21:06:59] SlimMonoLogger.INFO: Cron ran at: 16-07-2026 09:06:59 PM [] []
[2026-07-16 21:07:10] SlimMonoLogger.INFO: Cron ran at: 16-07-2026 09:07:10 PM [] []
[2026-07-16 21:07:26] SlimMonoLogger.INFO: Cron ran at: 16-07-2026 09:07:26 PM [] []
[2026-07-16 21:07:56] SlimMonoLogger.INFO: Cron ran at: 16-07-2026 09:07:56 PM [] []
[2026-07-16 21:08:04] SlimMonoLogger.INFO: Cron ran at: 16-07-2026 09:08:04 PM [] []
[2026-07-16 21:08:30] SlimMonoLogger.INFO: Cron ran at: 16-07-2026 09:08:30 PM [] []
[2026-07-16 21:08:39] SlimMonoLogger.INFO: Cron ran at: 16-07-2026 09:08:39 PM [] []
[2026-07-16 21:08:50] SlimMonoLogger.INFO: Cron ran at: 16-07-2026 09:08:50 PM [] []
[2026-07-16 21:08:58] SlimMonoLogger.INFO: Cron ran at: 16-07-2026 09:08:58 PM [] []
[2026-07-16 21:09:06] SlimMonoLogger.INFO: Cron ran at: 16-07-2026 09:09:06 PM [] []
[2026-07-16 21:09:46] SlimMonoLogger.INFO: Cron ran at: 16-07-2026 09:09:46 PM [] []
[2026-07-16 21:09:57] SlimMonoLogger.INFO: Cron ran at: 16-07-2026 09:09:57 PM [] []
[2026-07-16 21:10:03] SlimMonoLogger.INFO: Cron ran at: 16-07-2026 09:10:03 PM [] []
[2026-07-16 21:10:25] SlimMonoLogger.INFO: Cron ran at: 16-07-2026 09:10:25 PM [] []
[2026-07-16 21:10:40] SlimMonoLogger.INFO: Cron ran at: 16-07-2026 09:10:40 PM [] []
[2026-07-16 21:10:49] SlimMonoLogger.INFO: Cron ran at: 16-07-2026 09:10:49 PM [] []
[2026-07-16 21:10:53] SlimMonoLogger.INFO: Cron ran at: 16-07-2026 09:10:53 PM [] []
[2026-07-16 21:10:57] SlimMonoLogger.INFO: Cron ran at: 16-07-2026 09:10:57 PM [] []
[2026-07-16 21:11:33] SlimMonoLogger.INFO: Cron ran at: 16-07-2026 09:11:33 PM [] []
[2026-07-16 21:11:42] SlimMonoLogger.INFO: Cron ran at: 16-07-2026 09:11:42 PM [] []
[2026-07-16 21:11:55] SlimMonoLogger.INFO: Cron ran at: 16-07-2026 09:11:55 PM [] []
[2026-07-16 21:11:55] SlimMonoLogger.INFO: Cron ran at: 16-07-2026 09:11:55 PM [] []
[2026-07-16 21:12:27] SlimMonoLogger.INFO: Cron ran at: 16-07-2026 09:12:27 PM [] []
[2026-07-16 21:12:29] SlimMonoLogger.INFO: Cron ran at: 16-07-2026 09:12:29 PM [] []
[2026-07-16 21:12:57] SlimMonoLogger.INFO: Cron ran at: 16-07-2026 09:12:57 PM [] []
[2026-07-16 21:12:58] SlimMonoLogger.INFO: Cron ran at: 16-07-2026 09:12:58 PM [] []
[2026-07-16 21:13:26] SlimMonoLogger.INFO: Cron ran at: 16-07-2026 09:13:26 PM [] []
[2026-07-16 21:13:26] SlimMonoLogger.INFO: Cron ran at: 16-07-2026 09:13:26 PM [] []
[2026-07-16 21:13:56] SlimMonoLogger.INFO: Cron ran at: 16-07-2026 09:13:56 PM [] []
[2026-07-16 21:14:15] SlimMonoLogger.INFO: Cron ran at: 16-07-2026 09:14:15 PM [] []
[2026-07-16 21:14:26] SlimMonoLogger.INFO: Cron ran at: 16-07-2026 09:14:26 PM [] []
[2026-07-16 21:14:28] SlimMonoLogger.INFO: Cron ran at: 16-07-2026 09:14:28 PM [] []
[2026-07-16 21:14:54] SlimMonoLogger.INFO: Cron ran at: 16-07-2026 09:14:54 PM [] []
[2026-07-16 21:15:20] SlimMonoLogger.INFO: Cron ran at: 16-07-2026 09:15:20 PM [] []
[2026-07-16 21:15:20] SlimMonoLogger.INFO: Cron ran at: 16-07-2026 09:15:20 PM [] []
[2026-07-16 21:15:29] SlimMonoLogger.INFO: Cron ran at: 16-07-2026 09:15:29 PM [] []
[2026-07-16 21:15:57] SlimMonoLogger.INFO: Cron ran at: 16-07-2026 09:15:57 PM [] []
[2026-07-16 21:16:10] SlimMonoLogger.INFO: Cron ran at: 16-07-2026 09:16:10 PM [] []
[2026-07-16 21:16:30] SlimMonoLogger.INFO: Cron ran at: 16-07-2026 09:16:30 PM [] []
[2026-07-16 21:16:39] SlimMonoLogger.INFO: Cron ran at: 16-07-2026 09:16:39 PM [] []
[2026-07-16 21:16:53] SlimMonoLogger.INFO: Cron ran at: 16-07-2026 09:16:53 PM [] []
[2026-07-16 21:17:00] SlimMonoLogger.INFO: Cron ran at: 16-07-2026 09:17:00 PM [] []
[2026-07-16 21:17:29] SlimMonoLogger.INFO: Cron ran at: 16-07-2026 09:17:29 PM [] []
[2026-07-16 21:17:29] SlimMonoLogger.INFO: Cron ran at: 16-07-2026 09:17:29 PM [] []
[2026-07-16 21:17:51] SlimMonoLogger.INFO: Cron ran at: 16-07-2026 09:17:51 PM [] []
[2026-07-16 21:17:52] SlimMonoLogger.INFO: Cron ran at: 16-07-2026 09:17:52 PM [] []
[2026-07-16 21:18:21] SlimMonoLogger.INFO: Cron ran at: 16-07-2026 09:18:21 PM [] []
[2026-07-16 21:18:28] SlimMonoLogger.INFO: Cron ran at: 16-07-2026 09:18:28 PM [] []
[2026-07-16 21:18:52] SlimMonoLogger.INFO: Cron ran at: 16-07-2026 09:18:52 PM [] []
[2026-07-16 21:18:52] SlimMonoLogger.INFO: Cron ran at: 16-07-2026 09:18:52 PM [] []
[2026-07-16 21:19:15] SlimMonoLogger.INFO: Cron ran at: 16-07-2026 09:19:15 PM [] []
[2026-07-16 21:19:27] SlimMonoLogger.INFO: Cron ran at: 16-07-2026 09:19:27 PM [] []
[2026-07-16 21:19:49] SlimMonoLogger.INFO: Cron ran at: 16-07-2026 09:19:49 PM [] []
[2026-07-16 21:19:52] SlimMonoLogger.INFO: Cron ran at: 16-07-2026 09:19:52 PM [] []
[2026-07-16 21:20:28] SlimMonoLogger.INFO: Cron ran at: 16-07-2026 09:20:28 PM [] []
[2026-07-16 21:20:32] SlimMonoLogger.INFO: Cron ran at: 16-07-2026 09:20:32 PM [] []
[2026-07-16 21:20:58] SlimMonoLogger.INFO: Cron ran at: 16-07-2026 09:20:58 PM [] []
[2026-07-16 21:21:20] SlimMonoLogger.INFO: Cron ran at: 16-07-2026 09:21:20 PM [] []
[2026-07-16 21:21:32] SlimMonoLogger.INFO: Cron ran at: 16-07-2026 09:21:32 PM [] []
[2026-07-16 21:22:00] SlimMonoLogger.INFO: Cron ran at: 16-07-2026 09:22:00 PM [] []
[2026-07-16 21:22:02] SlimMonoLogger.INFO: Cron ran at: 16-07-2026 09:22:02 PM [] []
[2026-07-16 21:22:09] SlimMonoLogger.INFO: Cron ran at: 16-07-2026 09:22:09 PM [] []
[2026-07-16 21:22:28] SlimMonoLogger.INFO: Cron ran at: 16-07-2026 09:22:28 PM [] []
[2026-07-16 21:22:58] SlimMonoLogger.INFO: Cron ran at: 16-07-2026 09:22:58 PM [] []
[2026-07-16 21:22:59] SlimMonoLogger.INFO: Cron ran at: 16-07-2026 09:22:59 PM [] []
[2026-07-16 21:23:04] SlimMonoLogger.INFO: Cron ran at: 16-07-2026 09:23:04 PM [] []
[2026-07-16 21:23:33] SlimMonoLogger.INFO: Cron ran at: 16-07-2026 09:23:33 PM [] []
[2026-07-16 21:23:58] SlimMonoLogger.INFO: Cron ran at: 16-07-2026 09:23:58 PM [] []
[2026-07-16 21:23:59] SlimMonoLogger.INFO: Cron ran at: 16-07-2026 09:23:59 PM [] []
[2026-07-16 21:24:03] SlimMonoLogger.INFO: Cron ran at: 16-07-2026 09:24:03 PM [] []
[2026-07-16 21:24:29] SlimMonoLogger.INFO: Cron ran at: 16-07-2026 09:24:29 PM [] []
[2026-07-16 21:24:44] SlimMonoLogger.INFO: Cron ran at: 16-07-2026 09:24:44 PM [] []
[2026-07-16 21:24:53] SlimMonoLogger.INFO: Cron ran at: 16-07-2026 09:24:53 PM [] []
[2026-07-16 21:24:55] SlimMonoLogger.INFO: Cron ran at: 16-07-2026 09:24:55 PM [] []
[2026-07-16 21:25:29] SlimMonoLogger.INFO: Cron ran at: 16-07-2026 09:25:29 PM [] []
[2026-07-16 21:25:45] SlimMonoLogger.INFO: Cron ran at: 16-07-2026 09:25:45 PM [] []
[2026-07-16 21:25:59] SlimMonoLogger.INFO: Cron ran at: 16-07-2026 09:25:59 PM [] []
[2026-07-16 21:26:00] SlimMonoLogger.INFO: Cron ran at: 16-07-2026 09:26:00 PM [] []
[2026-07-16 21:26:30] SlimMonoLogger.INFO: Cron ran at: 16-07-2026 09:26:30 PM [] []
[2026-07-16 21:26:46] SlimMonoLogger.INFO: Cron ran at: 16-07-2026 09:26:46 PM [] []
[2026-07-16 21:27:01] SlimMonoLogger.INFO: Cron ran at: 16-07-2026 09:27:01 PM [] []
[2026-07-16 21:27:02] SlimMonoLogger.INFO: Cron ran at: 16-07-2026 09:27:02 PM [] []
[2026-07-16 21:27:28] SlimMonoLogger.INFO: Cron ran at: 16-07-2026 09:27:28 PM [] []
[2026-07-16 21:27:36] SlimMonoLogger.INFO: Cron ran at: 16-07-2026 09:27:36 PM [] []
[2026-07-16 21:28:14] SlimMonoLogger.INFO: Cron ran at: 16-07-2026 09:28:14 PM [] []
[2026-07-16 21:28:42] SlimMonoLogger.INFO: Cron ran at: 16-07-2026 09:28:42 PM [] []
[2026-07-16 21:28:52] SlimMonoLogger.INFO: Cron ran at: 16-07-2026 09:28:52 PM [] []
[2026-07-16 21:28:58] SlimMonoLogger.INFO: Cron ran at: 16-07-2026 09:28:58 PM [] []
[2026-07-16 21:28:59] SlimMonoLogger.INFO: Cron ran at: 16-07-2026 09:28:59 PM [] []
[2026-07-16 21:28:59] SlimMonoLogger.INFO: Cron ran at: 16-07-2026 09:28:59 PM [] []
[2026-07-16 21:29:15] SlimMonoLogger.INFO: Cron ran at: 16-07-2026 09:29:15 PM [] []
[2026-07-16 21:29:49] SlimMonoLogger.INFO: Cron ran at: 16-07-2026 09:29:49 PM [] []
[2026-07-16 21:29:57] SlimMonoLogger.INFO: Cron ran at: 16-07-2026 09:29:57 PM [] []
[2026-07-16 21:30:01] SlimMonoLogger.INFO: Cron ran at: 16-07-2026 09:30:01 PM [] []
[2026-07-16 21:30:30] SlimMonoLogger.INFO: Cron ran at: 16-07-2026 09:30:30 PM [] []
[2026-07-16 21:30:38] SlimMonoLogger.INFO: Cron ran at: 16-07-2026 09:30:38 PM [] []
[2026-07-16 21:30:59] SlimMonoLogger.INFO: Cron ran at: 16-07-2026 09:30:59 PM [] []
[2026-07-16 21:31:25] SlimMonoLogger.INFO: Cron ran at: 16-07-2026 09:31:25 PM [] []
[2026-07-16 21:31:37] SlimMonoLogger.INFO: Cron ran at: 16-07-2026 09:31:37 PM [] []
[2026-07-16 21:31:53] SlimMonoLogger.INFO: Cron ran at: 16-07-2026 09:31:53 PM [] []
[2026-07-16 21:31:59] SlimMonoLogger.INFO: Cron ran at: 16-07-2026 09:31:59 PM [] []
[2026-07-16 21:32:03] SlimMonoLogger.INFO: Cron ran at: 16-07-2026 09:32:03 PM [] []
[2026-07-16 21:32:26] SlimMonoLogger.INFO: Cron ran at: 16-07-2026 09:32:26 PM [] []
[2026-07-16 21:32:30] SlimMonoLogger.INFO: Cron ran at: 16-07-2026 09:32:30 PM [] []
[2026-07-16 21:32:55] SlimMonoLogger.INFO: Cron ran at: 16-07-2026 09:32:55 PM [] []
[2026-07-16 21:32:57] SlimMonoLogger.INFO: Cron ran at: 16-07-2026 09:32:57 PM [] []
[2026-07-16 21:33:13] SlimMonoLogger.INFO: Cron ran at: 16-07-2026 09:33:13 PM [] []
[2026-07-16 21:33:41] SlimMonoLogger.INFO: Cron ran at: 16-07-2026 09:33:41 PM [] []
[2026-07-16 21:33:46] SlimMonoLogger.INFO: Cron ran at: 16-07-2026 09:33:46 PM [] []
[2026-07-16 21:34:00] SlimMonoLogger.INFO: Cron ran at: 16-07-2026 09:34:00 PM [] []
[2026-07-16 21:34:16] SlimMonoLogger.INFO: Cron ran at: 16-07-2026 09:34:16 PM [] []
[2026-07-16 21:34:23] SlimMonoLogger.INFO: Cron ran at: 16-07-2026 09:34:23 PM [] []
[2026-07-16 21:34:55] SlimMonoLogger.INFO: Cron ran at: 16-07-2026 09:34:55 PM [] []
[2026-07-16 21:34:58] SlimMonoLogger.INFO: Cron ran at: 16-07-2026 09:34:58 PM [] []
[2026-07-16 21:34:59] SlimMonoLogger.INFO: Cron ran at: 16-07-2026 09:34:59 PM [] []
[2026-07-16 21:35:29] SlimMonoLogger.INFO: Cron ran at: 16-07-2026 09:35:29 PM [] []
[2026-07-16 21:35:51] SlimMonoLogger.INFO: Cron ran at: 16-07-2026 09:35:51 PM [] []
[2026-07-16 21:36:02] SlimMonoLogger.INFO: Cron ran at: 16-07-2026 09:36:02 PM [] []
[2026-07-16 21:36:28] SlimMonoLogger.INFO: Cron ran at: 16-07-2026 09:36:28 PM [] []
[2026-07-16 21:36:44] SlimMonoLogger.INFO: Cron ran at: 16-07-2026 09:36:44 PM [] []
[2026-07-16 21:36:55] SlimMonoLogger.INFO: Cron ran at: 16-07-2026 09:36:55 PM [] []
[2026-07-16 21:37:10] SlimMonoLogger.INFO: Cron ran at: 16-07-2026 09:37:10 PM [] []
[2026-07-16 21:37:31] SlimMonoLogger.INFO: Cron ran at: 16-07-2026 09:37:31 PM [] []
[2026-07-16 21:37:33] SlimMonoLogger.INFO: Cron ran at: 16-07-2026 09:37:33 PM [] []
[2026-07-16 21:38:00] SlimMonoLogger.INFO: Cron ran at: 16-07-2026 09:38:00 PM [] []
[2026-07-16 21:38:04] SlimMonoLogger.INFO: Cron ran at: 16-07-2026 09:38:04 PM [] []
[2026-07-16 21:38:30] SlimMonoLogger.INFO: Cron ran at: 16-07-2026 09:38:30 PM [] []
[2026-07-16 21:38:32] SlimMonoLogger.INFO: Cron ran at: 16-07-2026 09:38:32 PM [] []
[2026-07-16 21:38:41] SlimMonoLogger.INFO: Cron ran at: 16-07-2026 09:38:41 PM [] []
[2026-07-16 21:39:12] SlimMonoLogger.INFO: Cron ran at: 16-07-2026 09:39:12 PM [] []
[2026-07-16 21:39:27] SlimMonoLogger.INFO: Cron ran at: 16-07-2026 09:39:27 PM [] []
[2026-07-16 21:39:39] SlimMonoLogger.INFO: Cron ran at: 16-07-2026 09:39:39 PM [] []
[2026-07-16 21:39:53] SlimMonoLogger.INFO: Cron ran at: 16-07-2026 09:39:53 PM [] []
[2026-07-16 21:40:02] SlimMonoLogger.INFO: Cron ran at: 16-07-2026 09:40:02 PM [] []
[2026-07-16 21:40:24] SlimMonoLogger.INFO: Cron ran at: 16-07-2026 09:40:24 PM [] []
[2026-07-16 21:40:26] SlimMonoLogger.INFO: Cron ran at: 16-07-2026 09:40:26 PM [] []
[2026-07-16 21:41:09] SlimMonoLogger.INFO: Cron ran at: 16-07-2026 09:41:09 PM [] []
[2026-07-16 21:41:10] SlimMonoLogger.INFO: Cron ran at: 16-07-2026 09:41:10 PM [] []
[2026-07-16 21:41:24] SlimMonoLogger.INFO: Cron ran at: 16-07-2026 09:41:24 PM [] []
[2026-07-16 21:41:47] SlimMonoLogger.INFO: Cron ran at: 16-07-2026 09:41:47 PM [] []
[2026-07-16 21:41:52] SlimMonoLogger.INFO: Cron ran at: 16-07-2026 09:41:52 PM [] []
[2026-07-16 21:41:56] SlimMonoLogger.INFO: Cron ran at: 16-07-2026 09:41:56 PM [] []
[2026-07-16 21:42:18] SlimMonoLogger.INFO: Cron ran at: 16-07-2026 09:42:18 PM [] []
[2026-07-16 21:42:32] SlimMonoLogger.INFO: Cron ran at: 16-07-2026 09:42:32 PM [] []
[2026-07-16 21:42:49] SlimMonoLogger.INFO: Cron ran at: 16-07-2026 09:42:49 PM [] []
[2026-07-16 21:42:54] SlimMonoLogger.INFO: Cron ran at: 16-07-2026 09:42:54 PM [] []
[2026-07-16 21:43:04] SlimMonoLogger.INFO: Cron ran at: 16-07-2026 09:43:04 PM [] []
[2026-07-16 21:43:44] SlimMonoLogger.INFO: Cron ran at: 16-07-2026 09:43:44 PM [] []
[2026-07-16 21:43:49] SlimMonoLogger.INFO: Cron ran at: 16-07-2026 09:43:49 PM [] []
[2026-07-16 21:43:50] SlimMonoLogger.INFO: Cron ran at: 16-07-2026 09:43:50 PM [] []
[2026-07-16 21:43:59] SlimMonoLogger.INFO: Cron ran at: 16-07-2026 09:43:59 PM [] []
[2026-07-16 21:44:11] SlimMonoLogger.INFO: Cron ran at: 16-07-2026 09:44:11 PM [] []
[2026-07-16 21:44:47] SlimMonoLogger.INFO: Cron ran at: 16-07-2026 09:44:47 PM [] []
[2026-07-16 21:44:52] SlimMonoLogger.INFO: Cron ran at: 16-07-2026 09:44:52 PM [] []
[2026-07-16 21:45:03] SlimMonoLogger.INFO: Cron ran at: 16-07-2026 09:45:03 PM [] []
[2026-07-16 21:45:07] SlimMonoLogger.INFO: Cron ran at: 16-07-2026 09:45:07 PM [] []
[2026-07-16 21:45:54] SlimMonoLogger.INFO: Cron ran at: 16-07-2026 09:45:54 PM [] []
[2026-07-16 21:45:56] SlimMonoLogger.INFO: Cron ran at: 16-07-2026 09:45:56 PM [] []
[2026-07-16 21:45:56] SlimMonoLogger.INFO: Cron ran at: 16-07-2026 09:45:56 PM [] []
[2026-07-16 21:46:49] SlimMonoLogger.INFO: Cron ran at: 16-07-2026 09:46:49 PM [] []
[2026-07-16 21:46:55] SlimMonoLogger.INFO: Cron ran at: 16-07-2026 09:46:55 PM [] []
[2026-07-16 21:47:00] SlimMonoLogger.INFO: Cron ran at: 16-07-2026 09:47:00 PM [] []
[2026-07-16 21:47:02] SlimMonoLogger.INFO: Cron ran at: 16-07-2026 09:47:02 PM [] []
[2026-07-16 21:47:52] SlimMonoLogger.INFO: Cron ran at: 16-07-2026 09:47:52 PM [] []
[2026-07-16 21:47:54] SlimMonoLogger.INFO: Cron ran at: 16-07-2026 09:47:54 PM [] []
[2026-07-16 21:47:55] SlimMonoLogger.INFO: Cron ran at: 16-07-2026 09:47:55 PM [] []
[2026-07-16 21:47:58] SlimMonoLogger.INFO: Cron ran at: 16-07-2026 09:47:58 PM [] []
[2026-07-16 21:48:23] SlimMonoLogger.ERROR: Requests_Exception: Too many redirects in /home/latihtal/public_html/agregator1/src/vendor/rmccue/requests/library/Requests.php:711
Stack trace:
#0 /home/latihtal/public_html/agregator1/src/vendor/rmccue/requests/library/Requests.php(383): Requests::parse_response()
#1 /home/latihtal/public_html/agregator1/src/vendor/rmccue/requests/library/Requests.php(706): Requests::request()
#2 /home/latihtal/public_html/agregator1/src/vendor/rmccue/requests/library/Requests.php(383): Requests::parse_response()
#3 /home/latihtal/public_html/agregator1/src/vendor/rmccue/requests/library/Requests.php(706): Requests::request()
#4 /home/latihtal/public_html/agregator1/src/vendor/rmccue/requests/library/Requests.php(383): Requests::parse_response()
#5 /home/latihtal/public_html/agregator1/src/vendor/rmccue/requests/library/Requests.php(706): Requests::request()
#6 /home/latihtal/public_html/agregator1/src/vendor/rmccue/requests/library/Requests.php(383): Requests::parse_response()
#7 /home/latihtal/public_html/agregator1/src/vendor/rmccue/requests/library/Requests.php(706): Requests::request()
#8 /home/latihtal/public_html/agregator1/src/vendor/rmccue/requests/library/Requests.php(383): Requests::parse_response()
#9 /home/latihtal/public_html/agregator1/src/vendor/rmccue/requests/library/Requests.php(706): Requests::request()
#10 /home/latihtal/public_html/agregator1/src/vendor/rmccue/requests/library/Requests.php(383): Requests::parse_response()
#11 /home/latihtal/public_html/agregator1/src/vendor/rmccue/requests/library/Requests.php(706): Requests::request()
#12 /home/latihtal/public_html/agregator1/src/vendor/rmccue/requests/library/Requests.php(383): Requests::parse_response()
#13 /home/latihtal/public_html/agregator1/src/vendor/rmccue/requests/library/Requests.php(706): Requests::request()
#14 /home/latihtal/public_html/agregator1/src/vendor/rmccue/requests/library/Requests.php(383): Requests::parse_response()
#15 /home/latihtal/public_html/agregator1/src/vendor/rmccue/requests/library/Requests.php(706): Requests::request()
#16 /home/latihtal/public_html/agregator1/src/vendor/rmccue/requests/library/Requests.php(383): Requests::parse_response()
#17 /home/latihtal/public_html/agregator1/src/vendor/rmccue/requests/library/Requests.php(706): Requests::request()
#18 /home/latihtal/public_html/agregator1/src/vendor/rmccue/requests/library/Requests.php(383): Requests::parse_response()
#19 /home/latihtal/public_html/agregator1/src/vendor/rmccue/requests/library/Requests.php(706): Requests::request()
#20 /home/latihtal/public_html/agregator1/src/vendor/rmccue/requests/library/Requests.php(383): Requests::parse_response()
#21 /home/latihtal/public_html/agregator1/src/vendor/rmccue/requests/library/Requests/Session.php(205): Requests::request()
#22 /home/latihtal/public_html/agregator1/src/vendor/rmccue/requests/library/Requests/Session.php(132): Requests_Session->request()
#23 /home/latihtal/public_html/agregator1/src/drivers/Http/RssImporter.php(144): Requests_Session->get()
#24 /home/latihtal/public_html/agregator1/src/controllers/Dashboard/DashboardFeedsController.php(534): spark\drivers\Http\RssImporter->fetchPosts()
#25 /home/latihtal/public_html/agregator1/src/controllers/Site/SiteController.php(722): spark\controllers\Dashboard\DashboardFeedsController::importFeedPosts()
#26 [internal function]: spark\controllers\Site\SiteController->runTasks()
#27 /home/latihtal/public_html/agregator1/src/framework/Route.php(173): call_user_func_array()
#28 [internal function]: Slim\Route->Slim\{closure}()
#29 /home/latihtal/public_html/agregator1/src/framework/Route.php(468): call_user_func_array()
#30 /home/latihtal/public_html/agregator1/src/framework/Slim.php(1364): Slim\Route->dispatch()
#31 /home/latihtal/public_html/agregator1/src/framework/Middleware/Flash.php(85): Slim\Slim->call()
#32 /home/latihtal/public_html/agregator1/src/framework/Middleware/MethodOverride.php(92): Slim\Middleware\Flash->call()
#33 /home/latihtal/public_html/agregator1/src/middlewares/CsrfGuard/CsrfGuard.php(47): Slim\Middleware\MethodOverride->call()
#34 /home/latihtal/public_html/agregator1/src/framework/Middleware/PrettyExceptions.php(67): spark\middlewares\CsrfGuard\CsrfGuard->call()
#35 /home/latihtal/public_html/agregator1/src/framework/Slim.php(1308): Slim\Middleware\PrettyExceptions->call()
#36 /home/latihtal/public_html/agregator1/index.php(6): Slim\Slim->run()
#37 {main} [] []
[2026-07-16 21:48:35] SlimMonoLogger.ERROR: Requests_Exception: Too many redirects in /home/latihtal/public_html/agregator1/src/vendor/rmccue/requests/library/Requests.php:711
Stack trace:
#0 /home/latihtal/public_html/agregator1/src/vendor/rmccue/requests/library/Requests.php(383): Requests::parse_response()
#1 /home/latihtal/public_html/agregator1/src/vendor/rmccue/requests/library/Requests.php(706): Requests::request()
#2 /home/latihtal/public_html/agregator1/src/vendor/rmccue/requests/library/Requests.php(383): Requests::parse_response()
#3 /home/latihtal/public_html/agregator1/src/vendor/rmccue/requests/library/Requests.php(706): Requests::request()
#4 /home/latihtal/public_html/agregator1/src/vendor/rmccue/requests/library/Requests.php(383): Requests::parse_response()
#5 /home/latihtal/public_html/agregator1/src/vendor/rmccue/requests/library/Requests.php(706): Requests::request()
#6 /home/latihtal/public_html/agregator1/src/vendor/rmccue/requests/library/Requests.php(383): Requests::parse_response()
#7 /home/latihtal/public_html/agregator1/src/vendor/rmccue/requests/library/Requests.php(706): Requests::request()
#8 /home/latihtal/public_html/agregator1/src/vendor/rmccue/requests/library/Requests.php(383): Requests::parse_response()
#9 /home/latihtal/public_html/agregator1/src/vendor/rmccue/requests/library/Requests.php(706): Requests::request()
#10 /home/latihtal/public_html/agregator1/src/vendor/rmccue/requests/library/Requests.php(383): Requests::parse_response()
#11 /home/latihtal/public_html/agregator1/src/vendor/rmccue/requests/library/Requests.php(706): Requests::request()
#12 /home/latihtal/public_html/agregator1/src/vendor/rmccue/requests/library/Requests.php(383): Requests::parse_response()
#13 /home/latihtal/public_html/agregator1/src/vendor/rmccue/requests/library/Requests.php(706): Requests::request()
#14 /home/latihtal/public_html/agregator1/src/vendor/rmccue/requests/library/Requests.php(383): Requests::parse_response()
#15 /home/latihtal/public_html/agregator1/src/vendor/rmccue/requests/library/Requests.php(706): Requests::request()
#16 /home/latihtal/public_html/agregator1/src/vendor/rmccue/requests/library/Requests.php(383): Requests::parse_response()
#17 /home/latihtal/public_html/agregator1/src/vendor/rmccue/requests/library/Requests.php(706): Requests::request()
#18 /home/latihtal/public_html/agregator1/src/vendor/rmccue/requests/library/Requests.php(383): Requests::parse_response()
#19 /home/latihtal/public_html/agregator1/src/vendor/rmccue/requests/library/Requests.php(706): Requests::request()
#20 /home/latihtal/public_html/agregator1/src/vendor/rmccue/requests/library/Requests.php(383): Requests::parse_response()
#21 /home/latihtal/public_html/agregator1/src/vendor/rmccue/requests/library/Requests/Session.php(205): Requests::request()
#22 /home/latihtal/public_html/agregator1/src/vendor/rmccue/requests/library/Requests/Session.php(132): Requests_Session->request()
#23 /home/latihtal/public_html/agregator1/src/drivers/Http/RssImporter.php(144): Requests_Session->get()
#24 /home/latihtal/public_html/agregator1/src/controllers/Dashboard/DashboardFeedsController.php(534): spark\drivers\Http\RssImporter->fetchPosts()
#25 /home/latihtal/public_html/agregator1/src/controllers/Site/SiteController.php(722): spark\controllers\Dashboard\DashboardFeedsController::importFeedPosts()
#26 [internal function]: spark\controllers\Site\SiteController->runTasks()
#27 /home/latihtal/public_html/agregator1/src/framework/Route.php(173): call_user_func_array()
#28 [internal function]: Slim\Route->Slim\{closure}()
#29 /home/latihtal/public_html/agregator1/src/framework/Route.php(468): call_user_func_array()
#30 /home/latihtal/public_html/agregator1/src/framework/Slim.php(1364): Slim\Route->dispatch()
#31 /home/latihtal/public_html/agregator1/src/framework/Middleware/Flash.php(85): Slim\Slim->call()
#32 /home/latihtal/public_html/agregator1/src/framework/Middleware/MethodOverride.php(92): Slim\Middleware\Flash->call()
#33 /home/latihtal/public_html/agregator1/src/middlewares/CsrfGuard/CsrfGuard.php(47): Slim\Middleware\MethodOverride->call()
#34 /home/latihtal/public_html/agregator1/src/framework/Middleware/PrettyExceptions.php(67): spark\middlewares\CsrfGuard\CsrfGuard->call()
#35 /home/latihtal/public_html/agregator1/src/framework/Slim.php(1308): Slim\Middleware\PrettyExceptions->call()
#36 /home/latihtal/public_html/agregator1/index.php(6): Slim\Slim->run()
#37 {main} [] []
[2026-07-16 21:48:40] SlimMonoLogger.ERROR: Requests_Exception: Too many redirects in /home/latihtal/public_html/agregator1/src/vendor/rmccue/requests/library/Requests.php:711
Stack trace:
#0 /home/latihtal/public_html/agregator1/src/vendor/rmccue/requests/library/Requests.php(383): Requests::parse_response()
#1 /home/latihtal/public_html/agregator1/src/vendor/rmccue/requests/library/Requests.php(706): Requests::request()
#2 /home/latihtal/public_html/agregator1/src/vendor/rmccue/requests/library/Requests.php(383): Requests::parse_response()
#3 /home/latihtal/public_html/agregator1/src/vendor/rmccue/requests/library/Requests.php(706): Requests::request()
#4 /home/latihtal/public_html/agregator1/src/vendor/rmccue/requests/library/Requests.php(383): Requests::parse_response()
#5 /home/latihtal/public_html/agregator1/src/vendor/rmccue/requests/library/Requests.php(706): Requests::request()
#6 /home/latihtal/public_html/agregator1/src/vendor/rmccue/requests/library/Requests.php(383): Requests::parse_response()
#7 /home/latihtal/public_html/agregator1/src/vendor/rmccue/requests/library/Requests.php(706): Requests::request()
#8 /home/latihtal/public_html/agregator1/src/vendor/rmccue/requests/library/Requests.php(383): Requests::parse_response()
#9 /home/latihtal/public_html/agregator1/src/vendor/rmccue/requests/library/Requests.php(706): Requests::request()
#10 /home/latihtal/public_html/agregator1/src/vendor/rmccue/requests/library/Requests.php(383): Requests::parse_response()
#11 /home/latihtal/public_html/agregator1/src/vendor/rmccue/requests/library/Requests.php(706): Requests::request()
#12 /home/latihtal/public_html/agregator1/src/vendor/rmccue/requests/library/Requests.php(383): Requests::parse_response()
#13 /home/latihtal/public_html/agregator1/src/vendor/rmccue/requests/library/Requests.php(706): Requests::request()
#14 /home/latihtal/public_html/agregator1/src/vendor/rmccue/requests/library/Requests.php(383): Requests::parse_response()
#15 /home/latihtal/public_html/agregator1/src/vendor/rmccue/requests/library/Requests.php(706): Requests::request()
#16 /home/latihtal/public_html/agregator1/src/vendor/rmccue/requests/library/Requests.php(383): Requests::parse_response()
#17 /home/latihtal/public_html/agregator1/src/vendor/rmccue/requests/library/Requests.php(706): Requests::request()
#18 /home/latihtal/public_html/agregator1/src/vendor/rmccue/requests/library/Requests.php(383): Requests::parse_response()
#19 /home/latihtal/public_html/agregator1/src/vendor/rmccue/requests/library/Requests.php(706): Requests::request()
#20 /home/latihtal/public_html/agregator1/src/vendor/rmccue/requests/library/Requests.php(383): Requests::parse_response()
#21 /home/latihtal/public_html/agregator1/src/vendor/rmccue/requests/library/Requests/Session.php(205): Requests::request()
#22 /home/latihtal/public_html/agregator1/src/vendor/rmccue/requests/library/Requests/Session.php(132): Requests_Session->request()
#23 /home/latihtal/public_html/agregator1/src/drivers/Http/RssImporter.php(144): Requests_Session->get()
#24 /home/latihtal/public_html/agregator1/src/controllers/Dashboard/DashboardFeedsController.php(534): spark\drivers\Http\RssImporter->fetchPosts()
#25 /home/latihtal/public_html/agregator1/src/controllers/Site/SiteController.php(722): spark\controllers\Dashboard\DashboardFeedsController::importFeedPosts()
#26 [internal function]: spark\controllers\Site\SiteController->runTasks()
#27 /home/latihtal/public_html/agregator1/src/framework/Route.php(173): call_user_func_array()
#28 [internal function]: Slim\Route->Slim\{closure}()
#29 /home/latihtal/public_html/agregator1/src/framework/Route.php(468): call_user_func_array()
#30 /home/latihtal/public_html/agregator1/src/framework/Slim.php(1364): Slim\Route->dispatch()
#31 /home/latihtal/public_html/agregator1/src/framework/Middleware/Flash.php(85): Slim\Slim->call()
#32 /home/latihtal/public_html/agregator1/src/framework/Middleware/MethodOverride.php(92): Slim\Middleware\Flash->call()
#33 /home/latihtal/public_html/agregator1/src/middlewares/CsrfGuard/CsrfGuard.php(47): Slim\Middleware\MethodOverride->call()
#34 /home/latihtal/public_html/agregator1/src/framework/Middleware/PrettyExceptions.php(67): spark\middlewares\CsrfGuard\CsrfGuard->call()
#35 /home/latihtal/public_html/agregator1/src/framework/Slim.php(1308): Slim\Middleware\PrettyExceptions->call()
#36 /home/latihtal/public_html/agregator1/index.php(6): Slim\Slim->run()
#37 {main} [] []
[2026-07-16 21:48:45] SlimMonoLogger.INFO: Cron ran at: 16-07-2026 09:48:45 PM [] []
[2026-07-16 21:48:46] SlimMonoLogger.INFO: Cron ran at: 16-07-2026 09:48:46 PM [] []
[2026-07-16 21:48:50] SlimMonoLogger.ERROR: Requests_Exception: Too many redirects in /home/latihtal/public_html/agregator1/src/vendor/rmccue/requests/library/Requests.php:711
Stack trace:
#0 /home/latihtal/public_html/agregator1/src/vendor/rmccue/requests/library/Requests.php(383): Requests::parse_response()
#1 /home/latihtal/public_html/agregator1/src/vendor/rmccue/requests/library/Requests.php(706): Requests::request()
#2 /home/latihtal/public_html/agregator1/src/vendor/rmccue/requests/library/Requests.php(383): Requests::parse_response()
#3 /home/latihtal/public_html/agregator1/src/vendor/rmccue/requests/library/Requests.php(706): Requests::request()
#4 /home/latihtal/public_html/agregator1/src/vendor/rmccue/requests/library/Requests.php(383): Requests::parse_response()
#5 /home/latihtal/public_html/agregator1/src/vendor/rmccue/requests/library/Requests.php(706): Requests::request()
#6 /home/latihtal/public_html/agregator1/src/vendor/rmccue/requests/library/Requests.php(383): Requests::parse_response()
#7 /home/latihtal/public_html/agregator1/src/vendor/rmccue/requests/library/Requests.php(706): Requests::request()
#8 /home/latihtal/public_html/agregator1/src/vendor/rmccue/requests/library/Requests.php(383): Requests::parse_response()
#9 /home/latihtal/public_html/agregator1/src/vendor/rmccue/requests/library/Requests.php(706): Requests::request()
#10 /home/latihtal/public_html/agregator1/src/vendor/rmccue/requests/library/Requests.php(383): Requests::parse_response()
#11 /home/latihtal/public_html/agregator1/src/vendor/rmccue/requests/library/Requests.php(706): Requests::request()
#12 /home/latihtal/public_html/agregator1/src/vendor/rmccue/requests/library/Requests.php(383): Requests::parse_response()
#13 /home/latihtal/public_html/agregator1/src/vendor/rmccue/requests/library/Requests.php(706): Requests::request()
#14 /home/latihtal/public_html/agregator1/src/vendor/rmccue/requests/library/Requests.php(383): Requests::parse_response()
#15 /home/latihtal/public_html/agregator1/src/vendor/rmccue/requests/library/Requests.php(706): Requests::request()
#16 /home/latihtal/public_html/agregator1/src/vendor/rmccue/requests/library/Requests.php(383): Requests::parse_response()
#17 /home/latihtal/public_html/agregator1/src/vendor/rmccue/requests/library/Requests.php(706): Requests::request()
#18 /home/latihtal/public_html/agregator1/src/vendor/rmccue/requests/library/Requests.php(383): Requests::parse_response()
#19 /home/latihtal/public_html/agregator1/src/vendor/rmccue/requests/library/Requests.php(706): Requests::request()
#20 /home/latihtal/public_html/agregator1/src/vendor/rmccue/requests/library/Requests.php(383): Requests::parse_response()
#21 /home/latihtal/public_html/agregator1/src/vendor/rmccue/requests/library/Requests/Session.php(205): Requests::request()
#22 /home/latihtal/public_html/agregator1/src/vendor/rmccue/requests/library/Requests/Session.php(132): Requests_Session->request()
#23 /home/latihtal/public_html/agregator1/src/drivers/Http/RssImporter.php(144): Requests_Session->get()
#24 /home/latihtal/public_html/agregator1/src/controllers/Dashboard/DashboardFeedsController.php(534): spark\drivers\Http\RssImporter->fetchPosts()
#25 /home/latihtal/public_html/agregator1/src/controllers/Site/SiteController.php(722): spark\controllers\Dashboard\DashboardFeedsController::importFeedPosts()
#26 [internal function]: spark\controllers\Site\SiteController->runTasks()
#27 /home/latihtal/public_html/agregator1/src/framework/Route.php(173): call_user_func_array()
#28 [internal function]: Slim\Route->Slim\{closure}()
#29 /home/latihtal/public_html/agregator1/src/framework/Route.php(468): call_user_func_array()
#30 /home/latihtal/public_html/agregator1/src/framework/Slim.php(1364): Slim\Route->dispatch()
#31 /home/latihtal/public_html/agregator1/src/framework/Middleware/Flash.php(85): Slim\Slim->call()
#32 /home/latihtal/public_html/agregator1/src/framework/Middleware/MethodOverride.php(92): Slim\Middleware\Flash->call()
#33 /home/latihtal/public_html/agregator1/src/middlewares/CsrfGuard/CsrfGuard.php(47): Slim\Middleware\MethodOverride->call()
#34 /home/latihtal/public_html/agregator1/src/framework/Middleware/PrettyExceptions.php(67): spark\middlewares\CsrfGuard\CsrfGuard->call()
#35 /home/latihtal/public_html/agregator1/src/framework/Slim.php(1308): Slim\Middleware\PrettyExceptions->call()
#36 /home/latihtal/public_html/agregator1/index.php(6): Slim\Slim->run()
#37 {main} [] []
[2026-07-16 21:48:54] SlimMonoLogger.INFO: Cron ran at: 16-07-2026 09:48:54 PM [] []
[2026-07-16 21:48:59] SlimMonoLogger.INFO: Cron ran at: 16-07-2026 09:48:59 PM [] []
[2026-07-16 21:49:38] SlimMonoLogger.ERROR: Requests_Exception: Too many redirects in /home/latihtal/public_html/agregator1/src/vendor/rmccue/requests/library/Requests.php:711
Stack trace:
#0 /home/latihtal/public_html/agregator1/src/vendor/rmccue/requests/library/Requests.php(383): Requests::parse_response()
#1 /home/latihtal/public_html/agregator1/src/vendor/rmccue/requests/library/Requests.php(706): Requests::request()
#2 /home/latihtal/public_html/agregator1/src/vendor/rmccue/requests/library/Requests.php(383): Requests::parse_response()
#3 /home/latihtal/public_html/agregator1/src/vendor/rmccue/requests/library/Requests.php(706): Requests::request()
#4 /home/latihtal/public_html/agregator1/src/vendor/rmccue/requests/library/Requests.php(383): Requests::parse_response()
#5 /home/latihtal/public_html/agregator1/src/vendor/rmccue/requests/library/Requests.php(706): Requests::request()
#6 /home/latihtal/public_html/agregator1/src/vendor/rmccue/requests/library/Requests.php(383): Requests::parse_response()
#7 /home/latihtal/public_html/agregator1/src/vendor/rmccue/requests/library/Requests.php(706): Requests::request()
#8 /home/latihtal/public_html/agregator1/src/vendor/rmccue/requests/library/Requests.php(383): Requests::parse_response()
#9 /home/latihtal/public_html/agregator1/src/vendor/rmccue/requests/library/Requests.php(706): Requests::request()
#10 /home/latihtal/public_html/agregator1/src/vendor/rmccue/requests/library/Requests.php(383): Requests::parse_response()
#11 /home/latihtal/public_html/agregator1/src/vendor/rmccue/requests/library/Requests.php(706): Requests::request()
#12 /home/latihtal/public_html/agregator1/src/vendor/rmccue/requests/library/Requests.php(383): Requests::parse_response()
#13 /home/latihtal/public_html/agregator1/src/vendor/rmccue/requests/library/Requests.php(706): Requests::request()
#14 /home/latihtal/public_html/agregator1/src/vendor/rmccue/requests/library/Requests.php(383): Requests::parse_response()
#15 /home/latihtal/public_html/agregator1/src/vendor/rmccue/requests/library/Requests.php(706): Requests::request()
#16 /home/latihtal/public_html/agregator1/src/vendor/rmccue/requests/library/Requests.php(383): Requests::parse_response()
#17 /home/latihtal/public_html/agregator1/src/vendor/rmccue/requests/library/Requests.php(706): Requests::request()
#18 /home/latihtal/public_html/agregator1/src/vendor/rmccue/requests/library/Requests.php(383): Requests::parse_response()
#19 /home/latihtal/public_html/agregator1/src/vendor/rmccue/requests/library/Requests.php(706): Requests::request()
#20 /home/latihtal/public_html/agregator1/src/vendor/rmccue/requests/library/Requests.php(383): Requests::parse_response()
#21 /home/latihtal/public_html/agregator1/src/vendor/rmccue/requests/library/Requests/Session.php(205): Requests::request()
#22 /home/latihtal/public_html/agregator1/src/vendor/rmccue/requests/library/Requests/Session.php(132): Requests_Session->request()
#23 /home/latihtal/public_html/agregator1/src/drivers/Http/RssImporter.php(144): Requests_Session->get()
#24 /home/latihtal/public_html/agregator1/src/controllers/Dashboard/DashboardFeedsController.php(534): spark\drivers\Http\RssImporter->fetchPosts()
#25 /home/latihtal/public_html/agregator1/src/controllers/Site/SiteController.php(722): spark\controllers\Dashboard\DashboardFeedsController::importFeedPosts()
#26 [internal function]: spark\controllers\Site\SiteController->runTasks()
#27 /home/latihtal/public_html/agregator1/src/framework/Route.php(173): call_user_func_array()
#28 [internal function]: Slim\Route->Slim\{closure}()
#29 /home/latihtal/public_html/agregator1/src/framework/Route.php(468): call_user_func_array()
#30 /home/latihtal/public_html/agregator1/src/framework/Slim.php(1364): Slim\Route->dispatch()
#31 /home/latihtal/public_html/agregator1/src/framework/Middleware/Flash.php(85): Slim\Slim->call()
#32 /home/latihtal/public_html/agregator1/src/framework/Middleware/MethodOverride.php(92): Slim\Middleware\Flash->call()
#33 /home/latihtal/public_html/agregator1/src/middlewares/CsrfGuard/CsrfGuard.php(47): Slim\Middleware\MethodOverride->call()
#34 /home/latihtal/public_html/agregator1/src/framework/Middleware/PrettyExceptions.php(67): spark\middlewares\CsrfGuard\CsrfGuard->call()
#35 /home/latihtal/public_html/agregator1/src/framework/Slim.php(1308): Slim\Middleware\PrettyExceptions->call()
#36 /home/latihtal/public_html/agregator1/index.php(6): Slim\Slim->run()
#37 {main} [] []
[2026-07-16 21:49:44] SlimMonoLogger.INFO: Cron ran at: 16-07-2026 09:49:44 PM [] []
[2026-07-16 21:49:50] SlimMonoLogger.ERROR: Requests_Exception: Too many redirects in /home/latihtal/public_html/agregator1/src/vendor/rmccue/requests/library/Requests.php:711
Stack trace:
#0 /home/latihtal/public_html/agregator1/src/vendor/rmccue/requests/library/Requests.php(383): Requests::parse_response()
#1 /home/latihtal/public_html/agregator1/src/vendor/rmccue/requests/library/Requests.php(706): Requests::request()
#2 /home/latihtal/public_html/agregator1/src/vendor/rmccue/requests/library/Requests.php(383): Requests::parse_response()
#3 /home/latihtal/public_html/agregator1/src/vendor/rmccue/requests/library/Requests.php(706): Requests::request()
#4 /home/latihtal/public_html/agregator1/src/vendor/rmccue/requests/library/Requests.php(383): Requests::parse_response()
#5 /home/latihtal/public_html/agregator1/src/vendor/rmccue/requests/library/Requests.php(706): Requests::request()
#6 /home/latihtal/public_html/agregator1/src/vendor/rmccue/requests/library/Requests.php(383): Requests::parse_response()
#7 /home/latihtal/public_html/agregator1/src/vendor/rmccue/requests/library/Requests.php(706): Requests::request()
#8 /home/latihtal/public_html/agregator1/src/vendor/rmccue/requests/library/Requests.php(383): Requests::parse_response()
#9 /home/latihtal/public_html/agregator1/src/vendor/rmccue/requests/library/Requests.php(706): Requests::request()
#10 /home/latihtal/public_html/agregator1/src/vendor/rmccue/requests/library/Requests.php(383): Requests::parse_response()
#11 /home/latihtal/public_html/agregator1/src/vendor/rmccue/requests/library/Requests.php(706): Requests::request()
#12 /home/latihtal/public_html/agregator1/src/vendor/rmccue/requests/library/Requests.php(383): Requests::parse_response()
#13 /home/latihtal/public_html/agregator1/src/vendor/rmccue/requests/library/Requests.php(706): Requests::request()
#14 /home/latihtal/public_html/agregator1/src/vendor/rmccue/requests/library/Requests.php(383): Requests::parse_response()
#15 /home/latihtal/public_html/agregator1/src/vendor/rmccue/requests/library/Requests.php(706): Requests::request()
#16 /home/latihtal/public_html/agregator1/src/vendor/rmccue/requests/library/Requests.php(383): Requests::parse_response()
#17 /home/latihtal/public_html/agregator1/src/vendor/rmccue/requests/library/Requests.php(706): Requests::request()
#18 /home/latihtal/public_html/agregator1/src/vendor/rmccue/requests/library/Requests.php(383): Requests::parse_response()
#19 /home/latihtal/public_html/agregator1/src/vendor/rmccue/requests/library/Requests.php(706): Requests::request()
#20 /home/latihtal/public_html/agregator1/src/vendor/rmccue/requests/library/Requests.php(383): Requests::parse_response()
#21 /home/latihtal/public_html/agregator1/src/vendor/rmccue/requests/library/Requests/Session.php(205): Requests::request()
#22 /home/latihtal/public_html/agregator1/src/vendor/rmccue/requests/library/Requests/Session.php(132): Requests_Session->request()
#23 /home/latihtal/public_html/agregator1/src/drivers/Http/RssImporter.php(144): Requests_Session->get()
#24 /home/latihtal/public_html/agregator1/src/controllers/Dashboard/DashboardFeedsController.php(534): spark\drivers\Http\RssImporter->fetchPosts()
#25 /home/latihtal/public_html/agregator1/src/controllers/Site/SiteController.php(722): spark\controllers\Dashboard\DashboardFeedsController::importFeedPosts()
#26 [internal function]: spark\controllers\Site\SiteController->runTasks()
#27 /home/latihtal/public_html/agregator1/src/framework/Route.php(173): call_user_func_array()
#28 [internal function]: Slim\Route->Slim\{closure}()
#29 /home/latihtal/public_html/agregator1/src/framework/Route.php(468): call_user_func_array()
#30 /home/latihtal/public_html/agregator1/src/framework/Slim.php(1364): Slim\Route->dispatch()
#31 /home/latihtal/public_html/agregator1/src/framework/Middleware/Flash.php(85): Slim\Slim->call()
#32 /home/latihtal/public_html/agregator1/src/framework/Middleware/MethodOverride.php(92): Slim\Middleware\Flash->call()
#33 /home/latihtal/public_html/agregator1/src/middlewares/CsrfGuard/CsrfGuard.php(47): Slim\Middleware\MethodOverride->call()
#34 /home/latihtal/public_html/agregator1/src/framework/Middleware/PrettyExceptions.php(67): spark\middlewares\CsrfGuard\CsrfGuard->call()
#35 /home/latihtal/public_html/agregator1/src/framework/Slim.php(1308): Slim\Middleware\PrettyExceptions->call()
#36 /home/latihtal/public_html/agregator1/index.php(6): Slim\Slim->run()
#37 {main} [] []
[2026-07-16 21:50:02] SlimMonoLogger.INFO: Cron ran at: 16-07-2026 09:50:02 PM [] []
[2026-07-16 21:50:03] SlimMonoLogger.INFO: Cron ran at: 16-07-2026 09:50:03 PM [] []
[2026-07-16 21:50:15] SlimMonoLogger.ERROR: Requests_Exception: Too many redirects in /home/latihtal/public_html/agregator1/src/vendor/rmccue/requests/library/Requests.php:711
Stack trace:
#0 /home/latihtal/public_html/agregator1/src/vendor/rmccue/requests/library/Requests.php(383): Requests::parse_response()
#1 /home/latihtal/public_html/agregator1/src/vendor/rmccue/requests/library/Requests.php(706): Requests::request()
#2 /home/latihtal/public_html/agregator1/src/vendor/rmccue/requests/library/Requests.php(383): Requests::parse_response()
#3 /home/latihtal/public_html/agregator1/src/vendor/rmccue/requests/library/Requests.php(706): Requests::request()
#4 /home/latihtal/public_html/agregator1/src/vendor/rmccue/requests/library/Requests.php(383): Requests::parse_response()
#5 /home/latihtal/public_html/agregator1/src/vendor/rmccue/requests/library/Requests.php(706): Requests::request()
#6 /home/latihtal/public_html/agregator1/src/vendor/rmccue/requests/library/Requests.php(383): Requests::parse_response()
#7 /home/latihtal/public_html/agregator1/src/vendor/rmccue/requests/library/Requests.php(706): Requests::request()
#8 /home/latihtal/public_html/agregator1/src/vendor/rmccue/requests/library/Requests.php(383): Requests::parse_response()
#9 /home/latihtal/public_html/agregator1/src/vendor/rmccue/requests/library/Requests.php(706): Requests::request()
#10 /home/latihtal/public_html/agregator1/src/vendor/rmccue/requests/library/Requests.php(383): Requests::parse_response()
#11 /home/latihtal/public_html/agregator1/src/vendor/rmccue/requests/library/Requests.php(706): Requests::request()
#12 /home/latihtal/public_html/agregator1/src/vendor/rmccue/requests/library/Requests.php(383): Requests::parse_response()
#13 /home/latihtal/public_html/agregator1/src/vendor/rmccue/requests/library/Requests.php(706): Requests::request()
#14 /home/latihtal/public_html/agregator1/src/vendor/rmccue/requests/library/Requests.php(383): Requests::parse_response()
#15 /home/latihtal/public_html/agregator1/src/vendor/rmccue/requests/library/Requests.php(706): Requests::request()
#16 /home/latihtal/public_html/agregator1/src/vendor/rmccue/requests/library/Requests.php(383): Requests::parse_response()
#17 /home/latihtal/public_html/agregator1/src/vendor/rmccue/requests/library/Requests.php(706): Requests::request()
#18 /home/latihtal/public_html/agregator1/src/vendor/rmccue/requests/library/Requests.php(383): Requests::parse_response()
#19 /home/latihtal/public_html/agregator1/src/vendor/rmccue/requests/library/Requests.php(706): Requests::request()
#20 /home/latihtal/public_html/agregator1/src/vendor/rmccue/requests/library/Requests.php(383): Requests::parse_response()
#21 /home/latihtal/public_html/agregator1/src/vendor/rmccue/requests/library/Requests/Session.php(205): Requests::request()
#22 /home/latihtal/public_html/agregator1/src/vendor/rmccue/requests/library/Requests/Session.php(132): Requests_Session->request()
#23 /home/latihtal/public_html/agregator1/src/drivers/Http/RssImporter.php(144): Requests_Session->get()
#24 /home/latihtal/public_html/agregator1/src/controllers/Dashboard/DashboardFeedsController.php(534): spark\drivers\Http\RssImporter->fetchPosts()
#25 /home/latihtal/public_html/agregator1/src/controllers/Site/SiteController.php(722): spark\controllers\Dashboard\DashboardFeedsController::importFeedPosts()
#26 [internal function]: spark\controllers\Site\SiteController->runTasks()
#27 /home/latihtal/public_html/agregator1/src/framework/Route.php(173): call_user_func_array()
#28 [internal function]: Slim\Route->Slim\{closure}()
#29 /home/latihtal/public_html/agregator1/src/framework/Route.php(468): call_user_func_array()
#30 /home/latihtal/public_html/agregator1/src/framework/Slim.php(1364): Slim\Route->dispatch()
#31 /home/latihtal/public_html/agregator1/src/framework/Middleware/Flash.php(85): Slim\Slim->call()
#32 /home/latihtal/public_html/agregator1/src/framework/Middleware/MethodOverride.php(92): Slim\Middleware\Flash->call()
#33 /home/latihtal/public_html/agregator1/src/middlewares/CsrfGuard/CsrfGuard.php(47): Slim\Middleware\MethodOverride->call()
#34 /home/latihtal/public_html/agregator1/src/framework/Middleware/PrettyExceptions.php(67): spark\middlewares\CsrfGuard\CsrfGuard->call()
#35 /home/latihtal/public_html/agregator1/src/framework/Slim.php(1308): Slim\Middleware\PrettyExceptions->call()
#36 /home/latihtal/public_html/agregator1/index.php(6): Slim\Slim->run()
#37 {main} [] []
[2026-07-16 21:50:17] SlimMonoLogger.INFO: Cron ran at: 16-07-2026 09:50:17 PM [] []
[2026-07-16 21:50:37] SlimMonoLogger.INFO: Cron ran at: 16-07-2026 09:50:37 PM [] []
[2026-07-16 21:50:42] SlimMonoLogger.ERROR: Requests_Exception: Too many redirects in /home/latihtal/public_html/agregator1/src/vendor/rmccue/requests/library/Requests.php:711
Stack trace:
#0 /home/latihtal/public_html/agregator1/src/vendor/rmccue/requests/library/Requests.php(383): Requests::parse_response()
#1 /home/latihtal/public_html/agregator1/src/vendor/rmccue/requests/library/Requests.php(706): Requests::request()
#2 /home/latihtal/public_html/agregator1/src/vendor/rmccue/requests/library/Requests.php(383): Requests::parse_response()
#3 /home/latihtal/public_html/agregator1/src/vendor/rmccue/requests/library/Requests.php(706): Requests::request()
#4 /home/latihtal/public_html/agregator1/src/vendor/rmccue/requests/library/Requests.php(383): Requests::parse_response()
#5 /home/latihtal/public_html/agregator1/src/vendor/rmccue/requests/library/Requests.php(706): Requests::request()
#6 /home/latihtal/public_html/agregator1/src/vendor/rmccue/requests/library/Requests.php(383): Requests::parse_response()
#7 /home/latihtal/public_html/agregator1/src/vendor/rmccue/requests/library/Requests.php(706): Requests::request()
#8 /home/latihtal/public_html/agregator1/src/vendor/rmccue/requests/library/Requests.php(383): Requests::parse_response()
#9 /home/latihtal/public_html/agregator1/src/vendor/rmccue/requests/library/Requests.php(706): Requests::request()
#10 /home/latihtal/public_html/agregator1/src/vendor/rmccue/requests/library/Requests.php(383): Requests::parse_response()
#11 /home/latihtal/public_html/agregator1/src/vendor/rmccue/requests/library/Requests.php(706): Requests::request()
#12 /home/latihtal/public_html/agregator1/src/vendor/rmccue/requests/library/Requests.php(383): Requests::parse_response()
#13 /home/latihtal/public_html/agregator1/src/vendor/rmccue/requests/library/Requests.php(706): Requests::request()
#14 /home/latihtal/public_html/agregator1/src/vendor/rmccue/requests/library/Requests.php(383): Requests::parse_response()
#15 /home/latihtal/public_html/agregator1/src/vendor/rmccue/requests/library/Requests.php(706): Requests::request()
#16 /home/latihtal/public_html/agregator1/src/vendor/rmccue/requests/library/Requests.php(383): Requests::parse_response()
#17 /home/latihtal/public_html/agregator1/src/vendor/rmccue/requests/library/Requests.php(706): Requests::request()
#18 /home/latihtal/public_html/agregator1/src/vendor/rmccue/requests/library/Requests.php(383): Requests::parse_response()
#19 /home/latihtal/public_html/agregator1/src/vendor/rmccue/requests/library/Requests.php(706): Requests::request()
#20 /home/latihtal/public_html/agregator1/src/vendor/rmccue/requests/library/Requests.php(383): Requests::parse_response()
#21 /home/latihtal/public_html/agregator1/src/vendor/rmccue/requests/library/Requests/Session.php(205): Requests::request()
#22 /home/latihtal/public_html/agregator1/src/vendor/rmccue/requests/library/Requests/Session.php(132): Requests_Session->request()
#23 /home/latihtal/public_html/agregator1/src/drivers/Http/RssImporter.php(144): Requests_Session->get()
#24 /home/latihtal/public_html/agregator1/src/controllers/Dashboard/DashboardFeedsController.php(534): spark\drivers\Http\RssImporter->fetchPosts()
#25 /home/latihtal/public_html/agregator1/src/controllers/Site/SiteController.php(722): spark\controllers\Dashboard\DashboardFeedsController::importFeedPosts()
#26 [internal function]: spark\controllers\Site\SiteController->runTasks()
#27 /home/latihtal/public_html/agregator1/src/framework/Route.php(173): call_user_func_array()
#28 [internal function]: Slim\Route->Slim\{closure}()
#29 /home/latihtal/public_html/agregator1/src/framework/Route.php(468): call_user_func_array()
#30 /home/latihtal/public_html/agregator1/src/framework/Slim.php(1364): Slim\Route->dispatch()
#31 /home/latihtal/public_html/agregator1/src/framework/Middleware/Flash.php(85): Slim\Slim->call()
#32 /home/latihtal/public_html/agregator1/src/framework/Middleware/MethodOverride.php(92): Slim\Middleware\Flash->call()
#33 /home/latihtal/public_html/agregator1/src/middlewares/CsrfGuard/CsrfGuard.php(47): Slim\Middleware\MethodOverride->call()
#34 /home/latihtal/public_html/agregator1/src/framework/Middleware/PrettyExceptions.php(67): spark\middlewares\CsrfGuard\CsrfGuard->call()
#35 /home/latihtal/public_html/agregator1/src/framework/Slim.php(1308): Slim\Middleware\PrettyExceptions->call()
#36 /home/latihtal/public_html/agregator1/index.php(6): Slim\Slim->run()
#37 {main} [] []
[2026-07-16 21:50:50] SlimMonoLogger.ERROR: Requests_Exception: Too many redirects in /home/latihtal/public_html/agregator1/src/vendor/rmccue/requests/library/Requests.php:711
Stack trace:
#0 /home/latihtal/public_html/agregator1/src/vendor/rmccue/requests/library/Requests.php(383): Requests::parse_response()
#1 /home/latihtal/public_html/agregator1/src/vendor/rmccue/requests/library/Requests.php(706): Requests::request()
#2 /home/latihtal/public_html/agregator1/src/vendor/rmccue/requests/library/Requests.php(383): Requests::parse_response()
#3 /home/latihtal/public_html/agregator1/src/vendor/rmccue/requests/library/Requests.php(706): Requests::request()
#4 /home/latihtal/public_html/agregator1/src/vendor/rmccue/requests/library/Requests.php(383): Requests::parse_response()
#5 /home/latihtal/public_html/agregator1/src/vendor/rmccue/requests/library/Requests.php(706): Requests::request()
#6 /home/latihtal/public_html/agregator1/src/vendor/rmccue/requests/library/Requests.php(383): Requests::parse_response()
#7 /home/latihtal/public_html/agregator1/src/vendor/rmccue/requests/library/Requests.php(706): Requests::request()
#8 /home/latihtal/public_html/agregator1/src/vendor/rmccue/requests/library/Requests.php(383): Requests::parse_response()
#9 /home/latihtal/public_html/agregator1/src/vendor/rmccue/requests/library/Requests.php(706): Requests::request()
#10 /home/latihtal/public_html/agregator1/src/vendor/rmccue/requests/library/Requests.php(383): Requests::parse_response()
#11 /home/latihtal/public_html/agregator1/src/vendor/rmccue/requests/library/Requests.php(706): Requests::request()
#12 /home/latihtal/public_html/agregator1/src/vendor/rmccue/requests/library/Requests.php(383): Requests::parse_response()
#13 /home/latihtal/public_html/agregator1/src/vendor/rmccue/requests/library/Requests.php(706): Requests::request()
#14 /home/latihtal/public_html/agregator1/src/vendor/rmccue/requests/library/Requests.php(383): Requests::parse_response()
#15 /home/latihtal/public_html/agregator1/src/vendor/rmccue/requests/library/Requests.php(706): Requests::request()
#16 /home/latihtal/public_html/agregator1/src/vendor/rmccue/requests/library/Requests.php(383): Requests::parse_response()
#17 /home/latihtal/public_html/agregator1/src/vendor/rmccue/requests/library/Requests.php(706): Requests::request()
#18 /home/latihtal/public_html/agregator1/src/vendor/rmccue/requests/library/Requests.php(383): Requests::parse_response()
#19 /home/latihtal/public_html/agregator1/src/vendor/rmccue/requests/library/Requests.php(706): Requests::request()
#20 /home/latihtal/public_html/agregator1/src/vendor/rmccue/requests/library/Requests.php(383): Requests::parse_response()
#21 /home/latihtal/public_html/agregator1/src/vendor/rmccue/requests/library/Requests/Session.php(205): Requests::request()
#22 /home/latihtal/public_html/agregator1/src/vendor/rmccue/requests/library/Requests/Session.php(132): Requests_Session->request()
#23 /home/latihtal/public_html/agregator1/src/drivers/Http/RssImporter.php(144): Requests_Session->get()
#24 /home/latihtal/public_html/agregator1/src/controllers/Dashboard/DashboardFeedsController.php(534): spark\drivers\Http\RssImporter->fetchPosts()
#25 /home/latihtal/public_html/agregator1/src/controllers/Site/SiteController.php(722): spark\controllers\Dashboard\DashboardFeedsController::importFeedPosts()
#26 [internal function]: spark\controllers\Site\SiteController->runTasks()
#27 /home/latihtal/public_html/agregator1/src/framework/Route.php(173): call_user_func_array()
#28 [internal function]: Slim\Route->Slim\{closure}()
#29 /home/latihtal/public_html/agregator1/src/framework/Route.php(468): call_user_func_array()
#30 /home/latihtal/public_html/agregator1/src/framework/Slim.php(1364): Slim\Route->dispatch()
#31 /home/latihtal/public_html/agregator1/src/framework/Middleware/Flash.php(85): Slim\Slim->call()
#32 /home/latihtal/public_html/agregator1/src/framework/Middleware/MethodOverride.php(92): Slim\Middleware\Flash->call()
#33 /home/latihtal/public_html/agregator1/src/middlewares/CsrfGuard/CsrfGuard.php(47): Slim\Middleware\MethodOverride->call()
#34 /home/latihtal/public_html/agregator1/src/framework/Middleware/PrettyExceptions.php(67): spark\middlewares\CsrfGuard\CsrfGuard->call()
#35 /home/latihtal/public_html/agregator1/src/framework/Slim.php(1308): Slim\Middleware\PrettyExceptions->call()
#36 /home/latihtal/public_html/agregator1/index.php(6): Slim\Slim->run()
#37 {main} [] []
[2026-07-16 21:50:53] SlimMonoLogger.ERROR: Requests_Exception: Too many redirects in /home/latihtal/public_html/agregator1/src/vendor/rmccue/requests/library/Requests.php:711
Stack trace:
#0 /home/latihtal/public_html/agregator1/src/vendor/rmccue/requests/library/Requests.php(383): Requests::parse_response()
#1 /home/latihtal/public_html/agregator1/src/vendor/rmccue/requests/library/Requests.php(706): Requests::request()
#2 /home/latihtal/public_html/agregator1/src/vendor/rmccue/requests/library/Requests.php(383): Requests::parse_response()
#3 /home/latihtal/public_html/agregator1/src/vendor/rmccue/requests/library/Requests.php(706): Requests::request()
#4 /home/latihtal/public_html/agregator1/src/vendor/rmccue/requests/library/Requests.php(383): Requests::parse_response()
#5 /home/latihtal/public_html/agregator1/src/vendor/rmccue/requests/library/Requests.php(706): Requests::request()
#6 /home/latihtal/public_html/agregator1/src/vendor/rmccue/requests/library/Requests.php(383): Requests::parse_response()
#7 /home/latihtal/public_html/agregator1/src/vendor/rmccue/requests/library/Requests.php(706): Requests::request()
#8 /home/latihtal/public_html/agregator1/src/vendor/rmccue/requests/library/Requests.php(383): Requests::parse_response()
#9 /home/latihtal/public_html/agregator1/src/vendor/rmccue/requests/library/Requests.php(706): Requests::request()
#10 /home/latihtal/public_html/agregator1/src/vendor/rmccue/requests/library/Requests.php(383): Requests::parse_response()
#11 /home/latihtal/public_html/agregator1/src/vendor/rmccue/requests/library/Requests.php(706): Requests::request()
#12 /home/latihtal/public_html/agregator1/src/vendor/rmccue/requests/library/Requests.php(383): Requests::parse_response()
#13 /home/latihtal/public_html/agregator1/src/vendor/rmccue/requests/library/Requests.php(706): Requests::request()
#14 /home/latihtal/public_html/agregator1/src/vendor/rmccue/requests/library/Requests.php(383): Requests::parse_response()
#15 /home/latihtal/public_html/agregator1/src/vendor/rmccue/requests/library/Requests.php(706): Requests::request()
#16 /home/latihtal/public_html/agregator1/src/vendor/rmccue/requests/library/Requests.php(383): Requests::parse_response()
#17 /home/latihtal/public_html/agregator1/src/vendor/rmccue/requests/library/Requests.php(706): Requests::request()
#18 /home/latihtal/public_html/agregator1/src/vendor/rmccue/requests/library/Requests.php(383): Requests::parse_response()
#19 /home/latihtal/public_html/agregator1/src/vendor/rmccue/requests/library/Requests.php(706): Requests::request()
#20 /home/latihtal/public_html/agregator1/src/vendor/rmccue/requests/library/Requests.php(383): Requests::parse_response()
#21 /home/latihtal/public_html/agregator1/src/vendor/rmccue/requests/library/Requests/Session.php(205): Requests::request()
#22 /home/latihtal/public_html/agregator1/src/vendor/rmccue/requests/library/Requests/Session.php(132): Requests_Session->request()
#23 /home/latihtal/public_html/agregator1/src/drivers/Http/RssImporter.php(144): Requests_Session->get()
#24 /home/latihtal/public_html/agregator1/src/controllers/Dashboard/DashboardFeedsController.php(534): spark\drivers\Http\RssImporter->fetchPosts()
#25 /home/latihtal/public_html/agregator1/src/controllers/Site/SiteController.php(722): spark\controllers\Dashboard\DashboardFeedsController::importFeedPosts()
#26 [internal function]: spark\controllers\Site\SiteController->runTasks()
#27 /home/latihtal/public_html/agregator1/src/framework/Route.php(173): call_user_func_array()
#28 [internal function]: Slim\Route->Slim\{closure}()
#29 /home/latihtal/public_html/agregator1/src/framework/Route.php(468): call_user_func_array()
#30 /home/latihtal/public_html/agregator1/src/framework/Slim.php(1364): Slim\Route->dispatch()
#31 /home/latihtal/public_html/agregator1/src/framework/Middleware/Flash.php(85): Slim\Slim->call()
#32 /home/latihtal/public_html/agregator1/src/framework/Middleware/MethodOverride.php(92): Slim\Middleware\Flash->call()
#33 /home/latihtal/public_html/agregator1/src/middlewares/CsrfGuard/CsrfGuard.php(47): Slim\Middleware\MethodOverride->call()
#34 /home/latihtal/public_html/agregator1/src/framework/Middleware/PrettyExceptions.php(67): spark\middlewares\CsrfGuard\CsrfGuard->call()
#35 /home/latihtal/public_html/agregator1/src/framework/Slim.php(1308): Slim\Middleware\PrettyExceptions->call()
#36 /home/latihtal/public_html/agregator1/index.php(6): Slim\Slim->run()
#37 {main} [] []
[2026-07-16 21:50:55] SlimMonoLogger.INFO: Cron ran at: 16-07-2026 09:50:55 PM [] []
[2026-07-16 21:51:08] SlimMonoLogger.ERROR: Requests_Exception: Too many redirects in /home/latihtal/public_html/agregator1/src/vendor/rmccue/requests/library/Requests.php:711
Stack trace:
#0 /home/latihtal/public_html/agregator1/src/vendor/rmccue/requests/library/Requests.php(383): Requests::parse_response()
#1 /home/latihtal/public_html/agregator1/src/vendor/rmccue/requests/library/Requests.php(706): Requests::request()
#2 /home/latihtal/public_html/agregator1/src/vendor/rmccue/requests/library/Requests.php(383): Requests::parse_response()
#3 /home/latihtal/public_html/agregator1/src/vendor/rmccue/requests/library/Requests.php(706): Requests::request()
#4 /home/latihtal/public_html/agregator1/src/vendor/rmccue/requests/library/Requests.php(383): Requests::parse_response()
#5 /home/latihtal/public_html/agregator1/src/vendor/rmccue/requests/library/Requests.php(706): Requests::request()
#6 /home/latihtal/public_html/agregator1/src/vendor/rmccue/requests/library/Requests.php(383): Requests::parse_response()
#7 /home/latihtal/public_html/agregator1/src/vendor/rmccue/requests/library/Requests.php(706): Requests::request()
#8 /home/latihtal/public_html/agregator1/src/vendor/rmccue/requests/library/Requests.php(383): Requests::parse_response()
#9 /home/latihtal/public_html/agregator1/src/vendor/rmccue/requests/library/Requests.php(706): Requests::request()
#10 /home/latihtal/public_html/agregator1/src/vendor/rmccue/requests/library/Requests.php(383): Requests::parse_response()
#11 /home/latihtal/public_html/agregator1/src/vendor/rmccue/requests/library/Requests.php(706): Requests::request()
#12 /home/latihtal/public_html/agregator1/src/vendor/rmccue/requests/library/Requests.php(383): Requests::parse_response()
#13 /home/latihtal/public_html/agregator1/src/vendor/rmccue/requests/library/Requests.php(706): Requests::request()
#14 /home/latihtal/public_html/agregator1/src/vendor/rmccue/requests/library/Requests.php(383): Requests::parse_response()
#15 /home/latihtal/public_html/agregator1/src/vendor/rmccue/requests/library/Requests.php(706): Requests::request()
#16 /home/latihtal/public_html/agregator1/src/vendor/rmccue/requests/library/Requests.php(383): Requests::parse_response()
#17 /home/latihtal/public_html/agregator1/src/vendor/rmccue/requests/library/Requests.php(706): Requests::request()
#18 /home/latihtal/public_html/agregator1/src/vendor/rmccue/requests/library/Requests.php(383): Requests::parse_response()
#19 /home/latihtal/public_html/agregator1/src/vendor/rmccue/requests/library/Requests.php(706): Requests::request()
#20 /home/latihtal/public_html/agregator1/src/vendor/rmccue/requests/library/Requests.php(383): Requests::parse_response()
#21 /home/latihtal/public_html/agregator1/src/vendor/rmccue/requests/library/Requests/Session.php(205): Requests::request()
#22 /home/latihtal/public_html/agregator1/src/vendor/rmccue/requests/library/Requests/Session.php(132): Requests_Session->request()
#23 /home/latihtal/public_html/agregator1/src/drivers/Http/RssImporter.php(144): Requests_Session->get()
#24 /home/latihtal/public_html/agregator1/src/controllers/Dashboard/DashboardFeedsController.php(534): spark\drivers\Http\RssImporter->fetchPosts()
#25 /home/latihtal/public_html/agregator1/src/controllers/Site/SiteController.php(722): spark\controllers\Dashboard\DashboardFeedsController::importFeedPosts()
#26 [internal function]: spark\controllers\Site\SiteController->runTasks()
#27 /home/latihtal/public_html/agregator1/src/framework/Route.php(173): call_user_func_array()
#28 [internal function]: Slim\Route->Slim\{closure}()
#29 /home/latihtal/public_html/agregator1/src/framework/Route.php(468): call_user_func_array()
#30 /home/latihtal/public_html/agregator1/src/framework/Slim.php(1364): Slim\Route->dispatch()
#31 /home/latihtal/public_html/agregator1/src/framework/Middleware/Flash.php(85): Slim\Slim->call()
#32 /home/latihtal/public_html/agregator1/src/framework/Middleware/MethodOverride.php(92): Slim\Middleware\Flash->call()
#33 /home/latihtal/public_html/agregator1/src/middlewares/CsrfGuard/CsrfGuard.php(47): Slim\Middleware\MethodOverride->call()
#34 /home/latihtal/public_html/agregator1/src/framework/Middleware/PrettyExceptions.php(67): spark\middlewares\CsrfGuard\CsrfGuard->call()
#35 /home/latihtal/public_html/agregator1/src/framework/Slim.php(1308): Slim\Middleware\PrettyExceptions->call()
#36 /home/latihtal/public_html/agregator1/index.php(6): Slim\Slim->run()
#37 {main} [] []
[2026-07-16 21:51:09] SlimMonoLogger.INFO: Cron ran at: 16-07-2026 09:51:09 PM [] []
[2026-07-16 21:51:42] SlimMonoLogger.ERROR: Requests_Exception: Too many redirects in /home/latihtal/public_html/agregator1/src/vendor/rmccue/requests/library/Requests.php:711
Stack trace:
#0 /home/latihtal/public_html/agregator1/src/vendor/rmccue/requests/library/Requests.php(383): Requests::parse_response()
#1 /home/latihtal/public_html/agregator1/src/vendor/rmccue/requests/library/Requests.php(706): Requests::request()
#2 /home/latihtal/public_html/agregator1/src/vendor/rmccue/requests/library/Requests.php(383): Requests::parse_response()
#3 /home/latihtal/public_html/agregator1/src/vendor/rmccue/requests/library/Requests.php(706): Requests::request()
#4 /home/latihtal/public_html/agregator1/src/vendor/rmccue/requests/library/Requests.php(383): Requests::parse_response()
#5 /home/latihtal/public_html/agregator1/src/vendor/rmccue/requests/library/Requests.php(706): Requests::request()
#6 /home/latihtal/public_html/agregator1/src/vendor/rmccue/requests/library/Requests.php(383): Requests::parse_response()
#7 /home/latihtal/public_html/agregator1/src/vendor/rmccue/requests/library/Requests.php(706): Requests::request()
#8 /home/latihtal/public_html/agregator1/src/vendor/rmccue/requests/library/Requests.php(383): Requests::parse_response()
#9 /home/latihtal/public_html/agregator1/src/vendor/rmccue/requests/library/Requests.php(706): Requests::request()
#10 /home/latihtal/public_html/agregator1/src/vendor/rmccue/requests/library/Requests.php(383): Requests::parse_response()
#11 /home/latihtal/public_html/agregator1/src/vendor/rmccue/requests/library/Requests.php(706): Requests::request()
#12 /home/latihtal/public_html/agregator1/src/vendor/rmccue/requests/library/Requests.php(383): Requests::parse_response()
#13 /home/latihtal/public_html/agregator1/src/vendor/rmccue/requests/library/Requests.php(706): Requests::request()
#14 /home/latihtal/public_html/agregator1/src/vendor/rmccue/requests/library/Requests.php(383): Requests::parse_response()
#15 /home/latihtal/public_html/agregator1/src/vendor/rmccue/requests/library/Requests.php(706): Requests::request()
#16 /home/latihtal/public_html/agregator1/src/vendor/rmccue/requests/library/Requests.php(383): Requests::parse_response()
#17 /home/latihtal/public_html/agregator1/src/vendor/rmccue/requests/library/Requests.php(706): Requests::request()
#18 /home/latihtal/public_html/agregator1/src/vendor/rmccue/requests/library/Requests.php(383): Requests::parse_response()
#19 /home/latihtal/public_html/agregator1/src/vendor/rmccue/requests/library/Requests.php(706): Requests::request()
#20 /home/latihtal/public_html/agregator1/src/vendor/rmccue/requests/library/Requests.php(383): Requests::parse_response()
#21 /home/latihtal/public_html/agregator1/src/vendor/rmccue/requests/library/Requests/Session.php(205): Requests::request()
#22 /home/latihtal/public_html/agregator1/src/vendor/rmccue/requests/library/Requests/Session.php(132): Requests_Session->request()
#23 /home/latihtal/public_html/agregator1/src/drivers/Http/RssImporter.php(144): Requests_Session->get()
#24 /home/latihtal/public_html/agregator1/src/controllers/Dashboard/DashboardFeedsController.php(534): spark\drivers\Http\RssImporter->fetchPosts()
#25 /home/latihtal/public_html/agregator1/src/controllers/Site/SiteController.php(722): spark\controllers\Dashboard\DashboardFeedsController::importFeedPosts()
#26 [internal function]: spark\controllers\Site\SiteController->runTasks()
#27 /home/latihtal/public_html/agregator1/src/framework/Route.php(173): call_user_func_array()
#28 [internal function]: Slim\Route->Slim\{closure}()
#29 /home/latihtal/public_html/agregator1/src/framework/Route.php(468): call_user_func_array()
#30 /home/latihtal/public_html/agregator1/src/framework/Slim.php(1364): Slim\Route->dispatch()
#31 /home/latihtal/public_html/agregator1/src/framework/Middleware/Flash.php(85): Slim\Slim->call()
#32 /home/latihtal/public_html/agregator1/src/framework/Middleware/MethodOverride.php(92): Slim\Middleware\Flash->call()
#33 /home/latihtal/public_html/agregator1/src/middlewares/CsrfGuard/CsrfGuard.php(47): Slim\Middleware\MethodOverride->call()
#34 /home/latihtal/public_html/agregator1/src/framework/Middleware/PrettyExceptions.php(67): spark\middlewares\CsrfGuard\CsrfGuard->call()
#35 /home/latihtal/public_html/agregator1/src/framework/Slim.php(1308): Slim\Middleware\PrettyExceptions->call()
#36 /home/latihtal/public_html/agregator1/index.php(6): Slim\Slim->run()
#37 {main} [] []
[2026-07-16 21:51:42] SlimMonoLogger.INFO: Cron ran at: 16-07-2026 09:51:42 PM [] []
[2026-07-16 21:51:44] SlimMonoLogger.ERROR: Requests_Exception: Too many redirects in /home/latihtal/public_html/agregator1/src/vendor/rmccue/requests/library/Requests.php:711
Stack trace:
#0 /home/latihtal/public_html/agregator1/src/vendor/rmccue/requests/library/Requests.php(383): Requests::parse_response()
#1 /home/latihtal/public_html/agregator1/src/vendor/rmccue/requests/library/Requests.php(706): Requests::request()
#2 /home/latihtal/public_html/agregator1/src/vendor/rmccue/requests/library/Requests.php(383): Requests::parse_response()
#3 /home/latihtal/public_html/agregator1/src/vendor/rmccue/requests/library/Requests.php(706): Requests::request()
#4 /home/latihtal/public_html/agregator1/src/vendor/rmccue/requests/library/Requests.php(383): Requests::parse_response()
#5 /home/latihtal/public_html/agregator1/src/vendor/rmccue/requests/library/Requests.php(706): Requests::request()
#6 /home/latihtal/public_html/agregator1/src/vendor/rmccue/requests/library/Requests.php(383): Requests::parse_response()
#7 /home/latihtal/public_html/agregator1/src/vendor/rmccue/requests/library/Requests.php(706): Requests::request()
#8 /home/latihtal/public_html/agregator1/src/vendor/rmccue/requests/library/Requests.php(383): Requests::parse_response()
#9 /home/latihtal/public_html/agregator1/src/vendor/rmccue/requests/library/Requests.php(706): Requests::request()
#10 /home/latihtal/public_html/agregator1/src/vendor/rmccue/requests/library/Requests.php(383): Requests::parse_response()
#11 /home/latihtal/public_html/agregator1/src/vendor/rmccue/requests/library/Requests.php(706): Requests::request()
#12 /home/latihtal/public_html/agregator1/src/vendor/rmccue/requests/library/Requests.php(383): Requests::parse_response()
#13 /home/latihtal/public_html/agregator1/src/vendor/rmccue/requests/library/Requests.php(706): Requests::request()
#14 /home/latihtal/public_html/agregator1/src/vendor/rmccue/requests/library/Requests.php(383): Requests::parse_response()
#15 /home/latihtal/public_html/agregator1/src/vendor/rmccue/requests/library/Requests.php(706): Requests::request()
#16 /home/latihtal/public_html/agregator1/src/vendor/rmccue/requests/library/Requests.php(383): Requests::parse_response()
#17 /home/latihtal/public_html/agregator1/src/vendor/rmccue/requests/library/Requests.php(706): Requests::request()
#18 /home/latihtal/public_html/agregator1/src/vendor/rmccue/requests/library/Requests.php(383): Requests::parse_response()
#19 /home/latihtal/public_html/agregator1/src/vendor/rmccue/requests/library/Requests.php(706): Requests::request()
#20 /home/latihtal/public_html/agregator1/src/vendor/rmccue/requests/library/Requests.php(383): Requests::parse_response()
#21 /home/latihtal/public_html/agregator1/src/vendor/rmccue/requests/library/Requests/Session.php(205): Requests::request()
#22 /home/latihtal/public_html/agregator1/src/vendor/rmccue/requests/library/Requests/Session.php(132): Requests_Session->request()
#23 /home/latihtal/public_html/agregator1/src/drivers/Http/RssImporter.php(144): Requests_Session->get()
#24 /home/latihtal/public_html/agregator1/src/controllers/Dashboard/DashboardFeedsController.php(534): spark\drivers\Http\RssImporter->fetchPosts()
#25 /home/latihtal/public_html/agregator1/src/controllers/Site/SiteController.php(722): spark\controllers\Dashboard\DashboardFeedsController::importFeedPosts()
#26 [internal function]: spark\controllers\Site\SiteController->runTasks()
#27 /home/latihtal/public_html/agregator1/src/framework/Route.php(173): call_user_func_array()
#28 [internal function]: Slim\Route->Slim\{closure}()
#29 /home/latihtal/public_html/agregator1/src/framework/Route.php(468): call_user_func_array()
#30 /home/latihtal/public_html/agregator1/src/framework/Slim.php(1364): Slim\Route->dispatch()
#31 /home/latihtal/public_html/agregator1/src/framework/Middleware/Flash.php(85): Slim\Slim->call()
#32 /home/latihtal/public_html/agregator1/src/framework/Middleware/MethodOverride.php(92): Slim\Middleware\Flash->call()
#33 /home/latihtal/public_html/agregator1/src/middlewares/CsrfGuard/CsrfGuard.php(47): Slim\Middleware\MethodOverride->call()
#34 /home/latihtal/public_html/agregator1/src/framework/Middleware/PrettyExceptions.php(67): spark\middlewares\CsrfGuard\CsrfGuard->call()
#35 /home/latihtal/public_html/agregator1/src/framework/Slim.php(1308): Slim\Middleware\PrettyExceptions->call()
#36 /home/latihtal/public_html/agregator1/index.php(6): Slim\Slim->run()
#37 {main} [] []
[2026-07-16 21:51:56] SlimMonoLogger.INFO: Cron ran at: 16-07-2026 09:51:56 PM [] []
[2026-07-16 21:52:02] SlimMonoLogger.INFO: Cron ran at: 16-07-2026 09:52:02 PM [] []
[2026-07-16 21:52:08] SlimMonoLogger.INFO: Cron ran at: 16-07-2026 09:52:08 PM [] []
[2026-07-16 21:52:26] SlimMonoLogger.INFO: Cron ran at: 16-07-2026 09:52:26 PM [] []
[2026-07-16 21:52:56] SlimMonoLogger.INFO: Cron ran at: 16-07-2026 09:52:56 PM [] []
[2026-07-16 21:53:03] SlimMonoLogger.INFO: Cron ran at: 16-07-2026 09:53:03 PM [] []
[2026-07-16 21:53:10] SlimMonoLogger.INFO: Cron ran at: 16-07-2026 09:53:10 PM [] []
[2026-07-16 21:53:25] SlimMonoLogger.INFO: Cron ran at: 16-07-2026 09:53:25 PM [] []
[2026-07-16 21:53:44] SlimMonoLogger.INFO: Cron ran at: 16-07-2026 09:53:44 PM [] []
[2026-07-16 21:53:50] SlimMonoLogger.INFO: Cron ran at: 16-07-2026 09:53:50 PM [] []
[2026-07-16 21:53:59] SlimMonoLogger.INFO: Cron ran at: 16-07-2026 09:53:59 PM [] []
[2026-07-16 21:54:17] SlimMonoLogger.INFO: Cron ran at: 16-07-2026 09:54:17 PM [] []
[2026-07-16 21:54:40] SlimMonoLogger.INFO: Cron ran at: 16-07-2026 09:54:40 PM [] []
[2026-07-16 21:55:06] SlimMonoLogger.INFO: Cron ran at: 16-07-2026 09:55:06 PM [] []
[2026-07-16 21:55:09] SlimMonoLogger.INFO: Cron ran at: 16-07-2026 09:55:09 PM [] []
[2026-07-16 21:55:14] SlimMonoLogger.INFO: Cron ran at: 16-07-2026 09:55:14 PM [] []
[2026-07-16 21:55:42] SlimMonoLogger.INFO: Cron ran at: 16-07-2026 09:55:42 PM [] []
[2026-07-16 21:55:50] SlimMonoLogger.INFO: Cron ran at: 16-07-2026 09:55:50 PM [] []
[2026-07-16 21:56:10] SlimMonoLogger.INFO: Cron ran at: 16-07-2026 09:56:10 PM [] []
[2026-07-16 21:56:30] SlimMonoLogger.INFO: Cron ran at: 16-07-2026 09:56:30 PM [] []
[2026-07-16 21:56:50] SlimMonoLogger.INFO: Cron ran at: 16-07-2026 09:56:50 PM [] []
[2026-07-16 21:56:52] SlimMonoLogger.INFO: Cron ran at: 16-07-2026 09:56:52 PM [] []
[2026-07-16 21:57:10] SlimMonoLogger.INFO: Cron ran at: 16-07-2026 09:57:10 PM [] []
[2026-07-16 21:57:24] SlimMonoLogger.INFO: Cron ran at: 16-07-2026 09:57:24 PM [] []
[2026-07-16 21:57:41] SlimMonoLogger.INFO: Cron ran at: 16-07-2026 09:57:41 PM [] []
[2026-07-16 21:57:52] SlimMonoLogger.INFO: Cron ran at: 16-07-2026 09:57:52 PM [] []
[2026-07-16 21:58:17] SlimMonoLogger.INFO: Cron ran at: 16-07-2026 09:58:17 PM [] []
[2026-07-16 21:58:20] SlimMonoLogger.INFO: Cron ran at: 16-07-2026 09:58:20 PM [] []
[2026-07-16 21:58:28] SlimMonoLogger.INFO: Cron ran at: 16-07-2026 09:58:28 PM [] []
[2026-07-16 21:58:53] SlimMonoLogger.INFO: Cron ran at: 16-07-2026 09:58:53 PM [] []
[2026-07-16 21:59:15] SlimMonoLogger.INFO: Cron ran at: 16-07-2026 09:59:15 PM [] []
[2026-07-16 21:59:25] SlimMonoLogger.INFO: Cron ran at: 16-07-2026 09:59:25 PM [] []
[2026-07-16 21:59:31] SlimMonoLogger.INFO: Cron ran at: 16-07-2026 09:59:31 PM [] []
[2026-07-16 21:59:52] SlimMonoLogger.INFO: Cron ran at: 16-07-2026 09:59:52 PM [] []
[2026-07-16 22:00:12] SlimMonoLogger.INFO: Cron ran at: 16-07-2026 10:00:12 PM [] []
[2026-07-16 22:00:14] SlimMonoLogger.INFO: Cron ran at: 16-07-2026 10:00:14 PM [] []
[2026-07-16 22:00:47] SlimMonoLogger.INFO: Cron ran at: 16-07-2026 10:00:47 PM [] []
[2026-07-16 22:01:26] SlimMonoLogger.INFO: Cron ran at: 16-07-2026 10:01:26 PM [] []
[2026-07-16 22:01:29] SlimMonoLogger.INFO: Cron ran at: 16-07-2026 10:01:29 PM [] []
[2026-07-16 22:01:31] SlimMonoLogger.INFO: Cron ran at: 16-07-2026 10:01:31 PM [] []
[2026-07-16 22:01:58] SlimMonoLogger.INFO: Cron ran at: 16-07-2026 10:01:58 PM [] []
[2026-07-16 22:02:18] SlimMonoLogger.INFO: Cron ran at: 16-07-2026 10:02:18 PM [] []
[2026-07-16 22:02:18] SlimMonoLogger.INFO: Cron ran at: 16-07-2026 10:02:18 PM [] []
[2026-07-16 22:02:23] SlimMonoLogger.INFO: Cron ran at: 16-07-2026 10:02:23 PM [] []
[2026-07-16 22:03:08] SlimMonoLogger.INFO: Cron ran at: 16-07-2026 10:03:08 PM [] []
[2026-07-16 22:03:13] SlimMonoLogger.INFO: Cron ran at: 16-07-2026 10:03:13 PM [] []
[2026-07-16 22:03:32] SlimMonoLogger.INFO: Cron ran at: 16-07-2026 10:03:32 PM [] []
[2026-07-16 22:03:32] SlimMonoLogger.INFO: Cron ran at: 16-07-2026 10:03:32 PM [] []
[2026-07-16 22:03:47] SlimMonoLogger.INFO: Cron ran at: 16-07-2026 10:03:47 PM [] []
[2026-07-16 22:04:12] SlimMonoLogger.INFO: Cron ran at: 16-07-2026 10:04:12 PM [] []
[2026-07-16 22:04:14] SlimMonoLogger.INFO: Cron ran at: 16-07-2026 10:04:14 PM [] []
[2026-07-16 22:04:18] SlimMonoLogger.INFO: Cron ran at: 16-07-2026 10:04:18 PM [] []
[2026-07-16 22:04:44] SlimMonoLogger.INFO: Cron ran at: 16-07-2026 10:04:44 PM [] []
[2026-07-16 22:05:07] SlimMonoLogger.INFO: Cron ran at: 16-07-2026 10:05:07 PM [] []
[2026-07-16 22:05:21] SlimMonoLogger.INFO: Cron ran at: 16-07-2026 10:05:21 PM [] []
[2026-07-16 22:05:24] SlimMonoLogger.INFO: Cron ran at: 16-07-2026 10:05:24 PM [] []
[2026-07-16 22:05:28] SlimMonoLogger.INFO: Cron ran at: 16-07-2026 10:05:28 PM [] []
[2026-07-16 22:06:03] SlimMonoLogger.INFO: Cron ran at: 16-07-2026 10:06:03 PM [] []
[2026-07-16 22:06:18] SlimMonoLogger.INFO: Cron ran at: 16-07-2026 10:06:18 PM [] []
[2026-07-16 22:06:35] SlimMonoLogger.INFO: Cron ran at: 16-07-2026 10:06:35 PM [] []
[2026-07-16 22:07:10] SlimMonoLogger.INFO: Cron ran at: 16-07-2026 10:07:10 PM [] []
[2026-07-16 22:07:14] SlimMonoLogger.INFO: Cron ran at: 16-07-2026 10:07:14 PM [] []
[2026-07-16 22:07:16] SlimMonoLogger.INFO: Cron ran at: 16-07-2026 10:07:16 PM [] []
[2026-07-16 22:07:58] SlimMonoLogger.INFO: Cron ran at: 16-07-2026 10:07:58 PM [] []
[2026-07-16 22:08:07] SlimMonoLogger.INFO: Cron ran at: 16-07-2026 10:08:07 PM [] []
[2026-07-16 22:08:09] SlimMonoLogger.INFO: Cron ran at: 16-07-2026 10:08:09 PM [] []
[2026-07-16 22:08:14] SlimMonoLogger.INFO: Cron ran at: 16-07-2026 10:08:14 PM [] []
[2026-07-16 22:08:16] SlimMonoLogger.INFO: Cron ran at: 16-07-2026 10:08:16 PM [] []
[2026-07-16 22:09:00] SlimMonoLogger.INFO: Cron ran at: 16-07-2026 10:09:00 PM [] []
[2026-07-16 22:09:05] SlimMonoLogger.INFO: Cron ran at: 16-07-2026 10:09:05 PM [] []
[2026-07-16 22:09:22] SlimMonoLogger.INFO: Cron ran at: 16-07-2026 10:09:22 PM [] []
[2026-07-16 22:09:30] SlimMonoLogger.INFO: Cron ran at: 16-07-2026 10:09:30 PM [] []
[2026-07-16 22:09:48] SlimMonoLogger.INFO: Cron ran at: 16-07-2026 10:09:48 PM [] []
[2026-07-16 22:10:00] SlimMonoLogger.INFO: Cron ran at: 16-07-2026 10:10:00 PM [] []
[2026-07-16 22:10:32] SlimMonoLogger.INFO: Cron ran at: 16-07-2026 10:10:32 PM [] []
[2026-07-16 22:10:34] SlimMonoLogger.INFO: Cron ran at: 16-07-2026 10:10:34 PM [] []
[2026-07-16 22:10:45] SlimMonoLogger.INFO: Cron ran at: 16-07-2026 10:10:45 PM [] []
[2026-07-16 22:11:16] SlimMonoLogger.INFO: Cron ran at: 16-07-2026 10:11:16 PM [] []
[2026-07-16 22:11:16] SlimMonoLogger.INFO: Cron ran at: 16-07-2026 10:11:16 PM [] []
[2026-07-16 22:11:37] SlimMonoLogger.INFO: Cron ran at: 16-07-2026 10:11:37 PM [] []
[2026-07-16 22:11:42] SlimMonoLogger.INFO: Cron ran at: 16-07-2026 10:11:42 PM [] []
[2026-07-16 22:12:15] SlimMonoLogger.INFO: Cron ran at: 16-07-2026 10:12:15 PM [] []
[2026-07-16 22:12:24] SlimMonoLogger.INFO: Cron ran at: 16-07-2026 10:12:24 PM [] []
[2026-07-16 22:12:26] SlimMonoLogger.INFO: Cron ran at: 16-07-2026 10:12:26 PM [] []
[2026-07-16 22:12:34] SlimMonoLogger.INFO: Cron ran at: 16-07-2026 10:12:34 PM [] []
[2026-07-16 22:13:19] SlimMonoLogger.INFO: Cron ran at: 16-07-2026 10:13:19 PM [] []
[2026-07-16 22:13:22] SlimMonoLogger.INFO: Cron ran at: 16-07-2026 10:13:22 PM [] []
[2026-07-16 22:13:23] SlimMonoLogger.INFO: Cron ran at: 16-07-2026 10:13:23 PM [] []
[2026-07-16 22:13:28] SlimMonoLogger.INFO: Cron ran at: 16-07-2026 10:13:28 PM [] []
[2026-07-16 22:14:09] SlimMonoLogger.INFO: Cron ran at: 16-07-2026 10:14:09 PM [] []
[2026-07-16 22:14:11] SlimMonoLogger.INFO: Cron ran at: 16-07-2026 10:14:11 PM [] []
[2026-07-16 22:14:11] SlimMonoLogger.INFO: Cron ran at: 16-07-2026 10:14:11 PM [] []
[2026-07-16 22:14:21] SlimMonoLogger.INFO: Cron ran at: 16-07-2026 10:14:21 PM [] []
[2026-07-16 22:15:06] SlimMonoLogger.INFO: Cron ran at: 16-07-2026 10:15:06 PM [] []
[2026-07-16 22:15:12] SlimMonoLogger.INFO: Cron ran at: 16-07-2026 10:15:12 PM [] []
[2026-07-16 22:15:13] SlimMonoLogger.INFO: Cron ran at: 16-07-2026 10:15:13 PM [] []
[2026-07-16 22:15:30] SlimMonoLogger.INFO: Cron ran at: 16-07-2026 10:15:30 PM [] []
[2026-07-16 22:16:01] SlimMonoLogger.INFO: Cron ran at: 16-07-2026 10:16:01 PM [] []
[2026-07-16 22:16:16] SlimMonoLogger.INFO: Cron ran at: 16-07-2026 10:16:16 PM [] []
[2026-07-16 22:16:26] SlimMonoLogger.INFO: Cron ran at: 16-07-2026 10:16:26 PM [] []
[2026-07-16 22:16:59] SlimMonoLogger.INFO: Cron ran at: 16-07-2026 10:16:59 PM [] []
[2026-07-16 22:17:04] SlimMonoLogger.INFO: Cron ran at: 16-07-2026 10:17:04 PM [] []
[2026-07-16 22:17:10] SlimMonoLogger.INFO: Cron ran at: 16-07-2026 10:17:10 PM [] []
[2026-07-16 22:17:18] SlimMonoLogger.INFO: Cron ran at: 16-07-2026 10:17:18 PM [] []
[2026-07-16 22:17:50] SlimMonoLogger.INFO: Cron ran at: 16-07-2026 10:17:50 PM [] []
[2026-07-16 22:17:51] SlimMonoLogger.INFO: Cron ran at: 16-07-2026 10:17:51 PM [] []
[2026-07-16 22:18:17] SlimMonoLogger.INFO: Cron ran at: 16-07-2026 10:18:17 PM [] []
[2026-07-16 22:18:26] SlimMonoLogger.INFO: Cron ran at: 16-07-2026 10:18:26 PM [] []
[2026-07-16 22:18:47] SlimMonoLogger.INFO: Cron ran at: 16-07-2026 10:18:47 PM [] []
[2026-07-16 22:18:51] SlimMonoLogger.INFO: Cron ran at: 16-07-2026 10:18:51 PM [] []
[2026-07-16 22:19:11] SlimMonoLogger.INFO: Cron ran at: 16-07-2026 10:19:11 PM [] []
[2026-07-16 22:19:25] SlimMonoLogger.INFO: Cron ran at: 16-07-2026 10:19:25 PM [] []
[2026-07-16 22:19:45] SlimMonoLogger.INFO: Cron ran at: 16-07-2026 10:19:45 PM [] []
[2026-07-16 22:19:45] SlimMonoLogger.INFO: Cron ran at: 16-07-2026 10:19:45 PM [] []
[2026-07-16 22:20:20] SlimMonoLogger.INFO: Cron ran at: 16-07-2026 10:20:20 PM [] []
[2026-07-16 22:20:20] SlimMonoLogger.INFO: Cron ran at: 16-07-2026 10:20:20 PM [] []
[2026-07-16 22:20:43] SlimMonoLogger.INFO: Cron ran at: 16-07-2026 10:20:43 PM [] []
[2026-07-16 22:21:05] SlimMonoLogger.INFO: Cron ran at: 16-07-2026 10:21:05 PM [] []
[2026-07-16 22:21:21] SlimMonoLogger.INFO: Cron ran at: 16-07-2026 10:21:21 PM [] []
[2026-07-16 22:21:38] SlimMonoLogger.INFO: Cron ran at: 16-07-2026 10:21:38 PM [] []
[2026-07-16 22:21:56] SlimMonoLogger.INFO: Cron ran at: 16-07-2026 10:21:56 PM [] []
[2026-07-16 22:22:00] SlimMonoLogger.INFO: Cron ran at: 16-07-2026 10:22:00 PM [] []
[2026-07-16 22:22:21] SlimMonoLogger.INFO: Cron ran at: 16-07-2026 10:22:21 PM [] []
[2026-07-16 22:22:27] SlimMonoLogger.INFO: Cron ran at: 16-07-2026 10:22:27 PM [] []
[2026-07-16 22:22:44] SlimMonoLogger.INFO: Cron ran at: 16-07-2026 10:22:44 PM [] []
[2026-07-16 22:22:46] SlimMonoLogger.INFO: Cron ran at: 16-07-2026 10:22:46 PM [] []
[2026-07-16 22:23:25] SlimMonoLogger.INFO: Cron ran at: 16-07-2026 10:23:25 PM [] []
[2026-07-16 22:23:25] SlimMonoLogger.INFO: Cron ran at: 16-07-2026 10:23:25 PM [] []
[2026-07-16 22:23:40] SlimMonoLogger.INFO: Cron ran at: 16-07-2026 10:23:40 PM [] []
[2026-07-16 22:23:49] SlimMonoLogger.INFO: Cron ran at: 16-07-2026 10:23:49 PM [] []
[2026-07-16 22:24:17] SlimMonoLogger.INFO: Cron ran at: 16-07-2026 10:24:17 PM [] []
[2026-07-16 22:24:18] SlimMonoLogger.INFO: Cron ran at: 16-07-2026 10:24:18 PM [] []
[2026-07-16 22:24:33] SlimMonoLogger.INFO: Cron ran at: 16-07-2026 10:24:33 PM [] []
[2026-07-16 22:24:58] SlimMonoLogger.INFO: Cron ran at: 16-07-2026 10:24:58 PM [] []
[2026-07-16 22:25:18] SlimMonoLogger.INFO: Cron ran at: 16-07-2026 10:25:18 PM [] []
[2026-07-16 22:25:20] SlimMonoLogger.INFO: Cron ran at: 16-07-2026 10:25:20 PM [] []
[2026-07-16 22:25:37] SlimMonoLogger.INFO: Cron ran at: 16-07-2026 10:25:37 PM [] []
[2026-07-16 22:25:49] SlimMonoLogger.INFO: Cron ran at: 16-07-2026 10:25:49 PM [] []
[2026-07-16 22:26:21] SlimMonoLogger.INFO: Cron ran at: 16-07-2026 10:26:21 PM [] []
[2026-07-16 22:26:22] SlimMonoLogger.INFO: Cron ran at: 16-07-2026 10:26:22 PM [] []
[2026-07-16 22:26:27] SlimMonoLogger.INFO: Cron ran at: 16-07-2026 10:26:27 PM [] []
[2026-07-16 22:26:50] SlimMonoLogger.INFO: Cron ran at: 16-07-2026 10:26:50 PM [] []
[2026-07-16 22:27:12] SlimMonoLogger.INFO: Cron ran at: 16-07-2026 10:27:12 PM [] []
[2026-07-16 22:27:16] SlimMonoLogger.INFO: Cron ran at: 16-07-2026 10:27:16 PM [] []
[2026-07-16 22:27:17] SlimMonoLogger.INFO: Cron ran at: 16-07-2026 10:27:17 PM [] []
[2026-07-16 22:27:53] SlimMonoLogger.INFO: Cron ran at: 16-07-2026 10:27:53 PM [] []
[2026-07-16 22:28:13] SlimMonoLogger.INFO: Cron ran at: 16-07-2026 10:28:13 PM [] []
[2026-07-16 22:28:21] SlimMonoLogger.INFO: Cron ran at: 16-07-2026 10:28:21 PM [] []
[2026-07-16 22:28:21] SlimMonoLogger.INFO: Cron ran at: 16-07-2026 10:28:21 PM [] []
[2026-07-16 22:28:51] SlimMonoLogger.INFO: Cron ran at: 16-07-2026 10:28:51 PM [] []
[2026-07-16 22:29:00] SlimMonoLogger.INFO: Cron ran at: 16-07-2026 10:29:00 PM [] []
[2026-07-16 22:29:17] SlimMonoLogger.INFO: Cron ran at: 16-07-2026 10:29:17 PM [] []
[2026-07-16 22:29:18] SlimMonoLogger.INFO: Cron ran at: 16-07-2026 10:29:18 PM [] []
[2026-07-16 22:30:05] SlimMonoLogger.INFO: Cron ran at: 16-07-2026 10:30:05 PM [] []
[2026-07-16 22:30:12] SlimMonoLogger.INFO: Cron ran at: 16-07-2026 10:30:12 PM [] []
[2026-07-16 22:30:13] SlimMonoLogger.INFO: Cron ran at: 16-07-2026 10:30:13 PM [] []
[2026-07-16 22:30:26] SlimMonoLogger.INFO: Cron ran at: 16-07-2026 10:30:26 PM [] []
[2026-07-16 22:30:49] SlimMonoLogger.INFO: Cron ran at: 16-07-2026 10:30:49 PM [] []
[2026-07-16 22:31:11] SlimMonoLogger.INFO: Cron ran at: 16-07-2026 10:31:11 PM [] []
[2026-07-16 22:31:18] SlimMonoLogger.INFO: Cron ran at: 16-07-2026 10:31:18 PM [] []
[2026-07-16 22:31:53] SlimMonoLogger.INFO: Cron ran at: 16-07-2026 10:31:53 PM [] []
[2026-07-16 22:31:53] SlimMonoLogger.INFO: Cron ran at: 16-07-2026 10:31:53 PM [] []
[2026-07-16 22:32:17] SlimMonoLogger.INFO: Cron ran at: 16-07-2026 10:32:17 PM [] []
[2026-07-16 22:32:23] SlimMonoLogger.INFO: Cron ran at: 16-07-2026 10:32:23 PM [] []
[2026-07-16 22:32:46] SlimMonoLogger.INFO: Cron ran at: 16-07-2026 10:32:46 PM [] []
[2026-07-16 22:32:48] SlimMonoLogger.INFO: Cron ran at: 16-07-2026 10:32:48 PM [] []
[2026-07-16 22:33:14] SlimMonoLogger.INFO: Cron ran at: 16-07-2026 10:33:14 PM [] []
[2026-07-16 22:33:14] SlimMonoLogger.INFO: Cron ran at: 16-07-2026 10:33:14 PM [] []
[2026-07-16 22:33:46] SlimMonoLogger.INFO: Cron ran at: 16-07-2026 10:33:46 PM [] []
[2026-07-16 22:33:48] SlimMonoLogger.INFO: Cron ran at: 16-07-2026 10:33:48 PM [] []
[2026-07-16 22:34:18] SlimMonoLogger.INFO: Cron ran at: 16-07-2026 10:34:18 PM [] []
[2026-07-16 22:34:19] SlimMonoLogger.INFO: Cron ran at: 16-07-2026 10:34:19 PM [] []
[2026-07-16 22:34:37] SlimMonoLogger.INFO: Cron ran at: 16-07-2026 10:34:37 PM [] []
[2026-07-16 22:34:56] SlimMonoLogger.INFO: Cron ran at: 16-07-2026 10:34:56 PM [] []
[2026-07-16 22:35:17] SlimMonoLogger.INFO: Cron ran at: 16-07-2026 10:35:17 PM [] []
[2026-07-16 22:35:17] SlimMonoLogger.INFO: Cron ran at: 16-07-2026 10:35:17 PM [] []
[2026-07-16 22:35:33] SlimMonoLogger.INFO: Cron ran at: 16-07-2026 10:35:33 PM [] []
[2026-07-16 22:35:41] SlimMonoLogger.INFO: Cron ran at: 16-07-2026 10:35:41 PM [] []
[2026-07-16 22:36:26] SlimMonoLogger.INFO: Cron ran at: 16-07-2026 10:36:26 PM [] []
[2026-07-16 22:36:29] SlimMonoLogger.INFO: Cron ran at: 16-07-2026 10:36:29 PM [] []
[2026-07-16 22:36:40] SlimMonoLogger.INFO: Cron ran at: 16-07-2026 10:36:40 PM [] []
[2026-07-16 22:36:54] SlimMonoLogger.INFO: Cron ran at: 16-07-2026 10:36:54 PM [] []
[2026-07-16 22:37:15] SlimMonoLogger.INFO: Cron ran at: 16-07-2026 10:37:15 PM [] []
[2026-07-16 22:37:28] SlimMonoLogger.INFO: Cron ran at: 16-07-2026 10:37:28 PM [] []
[2026-07-16 22:37:39] SlimMonoLogger.INFO: Cron ran at: 16-07-2026 10:37:39 PM [] []
[2026-07-16 22:37:50] SlimMonoLogger.INFO: Cron ran at: 16-07-2026 10:37:50 PM [] []
[2026-07-16 22:38:09] SlimMonoLogger.INFO: Cron ran at: 16-07-2026 10:38:09 PM [] []
[2026-07-16 22:38:20] SlimMonoLogger.INFO: Cron ran at: 16-07-2026 10:38:20 PM [] []
[2026-07-16 22:38:32] SlimMonoLogger.INFO: Cron ran at: 16-07-2026 10:38:32 PM [] []
[2026-07-16 22:38:38] SlimMonoLogger.INFO: Cron ran at: 16-07-2026 10:38:38 PM [] []
[2026-07-16 22:39:11] SlimMonoLogger.INFO: Cron ran at: 16-07-2026 10:39:11 PM [] []
[2026-07-16 22:39:16] SlimMonoLogger.INFO: Cron ran at: 16-07-2026 10:39:16 PM [] []
[2026-07-16 22:39:24] SlimMonoLogger.INFO: Cron ran at: 16-07-2026 10:39:24 PM [] []
[2026-07-16 22:39:46] SlimMonoLogger.INFO: Cron ran at: 16-07-2026 10:39:46 PM [] []
[2026-07-16 22:40:29] SlimMonoLogger.INFO: Cron ran at: 16-07-2026 10:40:29 PM [] []
[2026-07-16 22:40:31] SlimMonoLogger.INFO: Cron ran at: 16-07-2026 10:40:31 PM [] []
[2026-07-16 22:40:35] SlimMonoLogger.INFO: Cron ran at: 16-07-2026 10:40:35 PM [] []
[2026-07-16 22:40:44] SlimMonoLogger.INFO: Cron ran at: 16-07-2026 10:40:44 PM [] []
[2026-07-16 22:41:24] SlimMonoLogger.INFO: Cron ran at: 16-07-2026 10:41:24 PM [] []
[2026-07-16 22:41:32] SlimMonoLogger.INFO: Cron ran at: 16-07-2026 10:41:32 PM [] []
[2026-07-16 22:41:50] SlimMonoLogger.INFO: Cron ran at: 16-07-2026 10:41:50 PM [] []
[2026-07-16 22:42:13] SlimMonoLogger.INFO: Cron ran at: 16-07-2026 10:42:13 PM [] []
[2026-07-16 22:42:17] SlimMonoLogger.INFO: Cron ran at: 16-07-2026 10:42:17 PM [] []
[2026-07-16 22:42:19] SlimMonoLogger.INFO: Cron ran at: 16-07-2026 10:42:19 PM [] []
[2026-07-16 22:42:49] SlimMonoLogger.INFO: Cron ran at: 16-07-2026 10:42:49 PM [] []
[2026-07-16 22:43:09] SlimMonoLogger.INFO: Cron ran at: 16-07-2026 10:43:09 PM [] []
[2026-07-16 22:43:11] SlimMonoLogger.INFO: Cron ran at: 16-07-2026 10:43:11 PM [] []
[2026-07-16 22:43:15] SlimMonoLogger.INFO: Cron ran at: 16-07-2026 10:43:15 PM [] []
[2026-07-16 22:43:38] SlimMonoLogger.INFO: Cron ran at: 16-07-2026 10:43:38 PM [] []
[2026-07-16 22:43:56] SlimMonoLogger.INFO: Cron ran at: 16-07-2026 10:43:56 PM [] []
[2026-07-16 22:44:03] SlimMonoLogger.INFO: Cron ran at: 16-07-2026 10:44:03 PM [] []
[2026-07-16 22:44:18] SlimMonoLogger.INFO: Cron ran at: 16-07-2026 10:44:18 PM [] []
[2026-07-16 22:44:43] SlimMonoLogger.INFO: Cron ran at: 16-07-2026 10:44:43 PM [] []
[2026-07-16 22:44:50] SlimMonoLogger.INFO: Cron ran at: 16-07-2026 10:44:50 PM [] []
[2026-07-16 22:45:11] SlimMonoLogger.INFO: Cron ran at: 16-07-2026 10:45:11 PM [] []
[2026-07-16 22:45:16] SlimMonoLogger.INFO: Cron ran at: 16-07-2026 10:45:16 PM [] []
[2026-07-16 22:45:47] SlimMonoLogger.INFO: Cron ran at: 16-07-2026 10:45:47 PM [] []
[2026-07-16 22:46:13] SlimMonoLogger.INFO: Cron ran at: 16-07-2026 10:46:13 PM [] []
[2026-07-16 22:46:19] SlimMonoLogger.INFO: Cron ran at: 16-07-2026 10:46:19 PM [] []
[2026-07-16 22:46:29] SlimMonoLogger.INFO: Cron ran at: 16-07-2026 10:46:29 PM [] []
[2026-07-16 22:46:40] SlimMonoLogger.INFO: Cron ran at: 16-07-2026 10:46:40 PM [] []
[2026-07-16 22:47:12] SlimMonoLogger.INFO: Cron ran at: 16-07-2026 10:47:12 PM [] []
[2026-07-16 22:47:13] SlimMonoLogger.INFO: Cron ran at: 16-07-2026 10:47:13 PM [] []
[2026-07-16 22:47:17] SlimMonoLogger.INFO: Cron ran at: 16-07-2026 10:47:17 PM [] []
[2026-07-16 22:47:37] SlimMonoLogger.INFO: Cron ran at: 16-07-2026 10:47:37 PM [] []
[2026-07-16 22:48:02] SlimMonoLogger.INFO: Cron ran at: 16-07-2026 10:48:02 PM [] []
[2026-07-16 22:48:11] SlimMonoLogger.INFO: Cron ran at: 16-07-2026 10:48:11 PM [] []
[2026-07-16 22:48:16] SlimMonoLogger.INFO: Cron ran at: 16-07-2026 10:48:16 PM [] []
[2026-07-16 22:48:30] SlimMonoLogger.INFO: Cron ran at: 16-07-2026 10:48:30 PM [] []
[2026-07-16 22:49:02] SlimMonoLogger.INFO: Cron ran at: 16-07-2026 10:49:02 PM [] []
[2026-07-16 22:49:02] SlimMonoLogger.INFO: Cron ran at: 16-07-2026 10:49:02 PM [] []
[2026-07-16 22:49:11] SlimMonoLogger.INFO: Cron ran at: 16-07-2026 10:49:11 PM [] []
[2026-07-16 22:49:30] SlimMonoLogger.INFO: Cron ran at: 16-07-2026 10:49:30 PM [] []
[2026-07-16 22:49:58] SlimMonoLogger.INFO: Cron ran at: 16-07-2026 10:49:58 PM [] []
[2026-07-16 22:49:59] SlimMonoLogger.INFO: Cron ran at: 16-07-2026 10:49:59 PM [] []
[2026-07-16 22:50:10] SlimMonoLogger.INFO: Cron ran at: 16-07-2026 10:50:10 PM [] []
[2026-07-16 22:50:35] SlimMonoLogger.INFO: Cron ran at: 16-07-2026 10:50:35 PM [] []
[2026-07-16 22:51:00] SlimMonoLogger.INFO: Cron ran at: 16-07-2026 10:51:00 PM [] []
[2026-07-16 22:51:16] SlimMonoLogger.INFO: Cron ran at: 16-07-2026 10:51:16 PM [] []
[2026-07-16 22:51:27] SlimMonoLogger.INFO: Cron ran at: 16-07-2026 10:51:27 PM [] []
[2026-07-16 22:51:31] SlimMonoLogger.INFO: Cron ran at: 16-07-2026 10:51:31 PM [] []
[2026-07-16 22:51:46] SlimMonoLogger.INFO: Cron ran at: 16-07-2026 10:51:46 PM [] []
[2026-07-16 22:52:07] SlimMonoLogger.INFO: Cron ran at: 16-07-2026 10:52:07 PM [] []
[2026-07-16 22:52:21] SlimMonoLogger.INFO: Cron ran at: 16-07-2026 10:52:21 PM [] []
[2026-07-16 22:52:23] SlimMonoLogger.INFO: Cron ran at: 16-07-2026 10:52:23 PM [] []
[2026-07-16 22:52:41] SlimMonoLogger.INFO: Cron ran at: 16-07-2026 10:52:41 PM [] []
[2026-07-16 22:53:06] SlimMonoLogger.INFO: Cron ran at: 16-07-2026 10:53:06 PM [] []
[2026-07-16 22:53:09] SlimMonoLogger.INFO: Cron ran at: 16-07-2026 10:53:09 PM [] []
[2026-07-16 22:53:28] SlimMonoLogger.INFO: Cron ran at: 16-07-2026 10:53:28 PM [] []
[2026-07-16 22:53:41] SlimMonoLogger.INFO: Cron ran at: 16-07-2026 10:53:41 PM [] []
[2026-07-16 22:54:00] SlimMonoLogger.INFO: Cron ran at: 16-07-2026 10:54:00 PM [] []
[2026-07-16 22:54:03] SlimMonoLogger.INFO: Cron ran at: 16-07-2026 10:54:03 PM [] []
[2026-07-16 22:54:28] SlimMonoLogger.INFO: Cron ran at: 16-07-2026 10:54:28 PM [] []
[2026-07-16 22:54:44] SlimMonoLogger.INFO: Cron ran at: 16-07-2026 10:54:44 PM [] []
[2026-07-16 22:54:54] SlimMonoLogger.INFO: Cron ran at: 16-07-2026 10:54:54 PM [] []
[2026-07-16 22:55:01] SlimMonoLogger.INFO: Cron ran at: 16-07-2026 10:55:01 PM [] []
[2026-07-16 22:55:32] SlimMonoLogger.INFO: Cron ran at: 16-07-2026 10:55:32 PM [] []
[2026-07-16 22:55:44] SlimMonoLogger.INFO: Cron ran at: 16-07-2026 10:55:44 PM [] []
[2026-07-16 22:55:53] SlimMonoLogger.INFO: Cron ran at: 16-07-2026 10:55:53 PM [] []
[2026-07-16 22:56:31] SlimMonoLogger.INFO: Cron ran at: 16-07-2026 10:56:31 PM [] []
[2026-07-16 22:56:45] SlimMonoLogger.INFO: Cron ran at: 16-07-2026 10:56:45 PM [] []
[2026-07-16 22:56:47] SlimMonoLogger.INFO: Cron ran at: 16-07-2026 10:56:47 PM [] []
[2026-07-16 22:56:49] SlimMonoLogger.INFO: Cron ran at: 16-07-2026 10:56:49 PM [] []
[2026-07-16 22:57:29] SlimMonoLogger.INFO: Cron ran at: 16-07-2026 10:57:29 PM [] []
[2026-07-16 22:57:41] SlimMonoLogger.INFO: Cron ran at: 16-07-2026 10:57:41 PM [] []
[2026-07-16 22:57:46] SlimMonoLogger.INFO: Cron ran at: 16-07-2026 10:57:46 PM [] []
[2026-07-16 22:57:48] SlimMonoLogger.INFO: Cron ran at: 16-07-2026 10:57:48 PM [] []
[2026-07-16 22:58:23] SlimMonoLogger.INFO: Cron ran at: 16-07-2026 10:58:23 PM [] []
[2026-07-16 22:58:25] SlimMonoLogger.INFO: Cron ran at: 16-07-2026 10:58:25 PM [] []
[2026-07-16 22:58:46] SlimMonoLogger.INFO: Cron ran at: 16-07-2026 10:58:46 PM [] []
[2026-07-16 22:58:47] SlimMonoLogger.INFO: Cron ran at: 16-07-2026 10:58:47 PM [] []
[2026-07-16 22:59:27] SlimMonoLogger.INFO: Cron ran at: 16-07-2026 10:59:27 PM [] []
[2026-07-16 22:59:34] SlimMonoLogger.INFO: Cron ran at: 16-07-2026 10:59:34 PM [] []
[2026-07-16 22:59:44] SlimMonoLogger.INFO: Cron ran at: 16-07-2026 10:59:44 PM [] []
[2026-07-16 22:59:46] SlimMonoLogger.INFO: Cron ran at: 16-07-2026 10:59:46 PM [] []
[2026-07-16 23:00:12] SlimMonoLogger.INFO: Cron ran at: 16-07-2026 11:00:12 PM [] []
[2026-07-16 23:00:33] SlimMonoLogger.INFO: Cron ran at: 16-07-2026 11:00:33 PM [] []
[2026-07-16 23:00:41] SlimMonoLogger.INFO: Cron ran at: 16-07-2026 11:00:41 PM [] []
[2026-07-16 23:00:47] SlimMonoLogger.INFO: Cron ran at: 16-07-2026 11:00:47 PM [] []
[2026-07-16 23:01:12] SlimMonoLogger.INFO: Cron ran at: 16-07-2026 11:01:12 PM [] []
[2026-07-16 23:01:37] SlimMonoLogger.INFO: Cron ran at: 16-07-2026 11:01:37 PM [] []
[2026-07-16 23:01:49] SlimMonoLogger.INFO: Cron ran at: 16-07-2026 11:01:49 PM [] []
[2026-07-16 23:01:51] SlimMonoLogger.INFO: Cron ran at: 16-07-2026 11:01:51 PM [] []
[2026-07-16 23:02:03] SlimMonoLogger.INFO: Cron ran at: 16-07-2026 11:02:03 PM [] []
[2026-07-16 23:02:19] SlimMonoLogger.INFO: Cron ran at: 16-07-2026 11:02:19 PM [] []
[2026-07-16 23:02:42] SlimMonoLogger.INFO: Cron ran at: 16-07-2026 11:02:42 PM [] []
[2026-07-16 23:02:42] SlimMonoLogger.INFO: Cron ran at: 16-07-2026 11:02:42 PM [] []
[2026-07-16 23:03:03] SlimMonoLogger.INFO: Cron ran at: 16-07-2026 11:03:03 PM [] []
[2026-07-16 23:03:04] SlimMonoLogger.INFO: Cron ran at: 16-07-2026 11:03:04 PM [] []
[2026-07-16 23:03:44] SlimMonoLogger.INFO: Cron ran at: 16-07-2026 11:03:44 PM [] []
[2026-07-16 23:03:44] SlimMonoLogger.INFO: Cron ran at: 16-07-2026 11:03:44 PM [] []
[2026-07-16 23:03:54] SlimMonoLogger.INFO: Cron ran at: 16-07-2026 11:03:54 PM [] []
[2026-07-16 23:04:01] SlimMonoLogger.INFO: Cron ran at: 16-07-2026 11:04:01 PM [] []
[2026-07-16 23:04:41] SlimMonoLogger.INFO: Cron ran at: 16-07-2026 11:04:41 PM [] []
[2026-07-16 23:04:44] SlimMonoLogger.INFO: Cron ran at: 16-07-2026 11:04:44 PM [] []
[2026-07-16 23:04:53] SlimMonoLogger.INFO: Cron ran at: 16-07-2026 11:04:53 PM [] []
[2026-07-16 23:04:54] SlimMonoLogger.INFO: Cron ran at: 16-07-2026 11:04:54 PM [] []
[2026-07-16 23:05:49] SlimMonoLogger.INFO: Cron ran at: 16-07-2026 11:05:49 PM [] []
[2026-07-16 23:05:58] SlimMonoLogger.INFO: Cron ran at: 16-07-2026 11:05:58 PM [] []
[2026-07-16 23:05:58] SlimMonoLogger.INFO: Cron ran at: 16-07-2026 11:05:58 PM [] []
[2026-07-16 23:06:42] SlimMonoLogger.INFO: Cron ran at: 16-07-2026 11:06:42 PM [] []
[2026-07-16 23:06:51] SlimMonoLogger.INFO: Cron ran at: 16-07-2026 11:06:51 PM [] []
[2026-07-16 23:06:54] SlimMonoLogger.INFO: Cron ran at: 16-07-2026 11:06:54 PM [] []
[2026-07-16 23:07:05] SlimMonoLogger.INFO: Cron ran at: 16-07-2026 11:07:05 PM [] []
[2026-07-16 23:07:42] SlimMonoLogger.INFO: Cron ran at: 16-07-2026 11:07:42 PM [] []
[2026-07-16 23:07:44] SlimMonoLogger.INFO: Cron ran at: 16-07-2026 11:07:44 PM [] []
[2026-07-16 23:07:54] SlimMonoLogger.INFO: Cron ran at: 16-07-2026 11:07:54 PM [] []
[2026-07-16 23:07:59] SlimMonoLogger.INFO: Cron ran at: 16-07-2026 11:07:59 PM [] []
[2026-07-16 23:08:38] SlimMonoLogger.INFO: Cron ran at: 16-07-2026 11:08:38 PM [] []
[2026-07-16 23:08:44] SlimMonoLogger.INFO: Cron ran at: 16-07-2026 11:08:44 PM [] []
[2026-07-16 23:08:50] SlimMonoLogger.INFO: Cron ran at: 16-07-2026 11:08:50 PM [] []
[2026-07-16 23:08:51] SlimMonoLogger.INFO: Cron ran at: 16-07-2026 11:08:51 PM [] []
[2026-07-16 23:09:40] SlimMonoLogger.INFO: Cron ran at: 16-07-2026 11:09:40 PM [] []
[2026-07-16 23:09:41] SlimMonoLogger.INFO: Cron ran at: 16-07-2026 11:09:41 PM [] []
[2026-07-16 23:09:43] SlimMonoLogger.INFO: Cron ran at: 16-07-2026 11:09:43 PM [] []
[2026-07-16 23:09:52] SlimMonoLogger.INFO: Cron ran at: 16-07-2026 11:09:52 PM [] []
[2026-07-16 23:10:39] SlimMonoLogger.INFO: Cron ran at: 16-07-2026 11:10:39 PM [] []
[2026-07-16 23:10:39] SlimMonoLogger.INFO: Cron ran at: 16-07-2026 11:10:39 PM [] []
[2026-07-16 23:10:55] SlimMonoLogger.INFO: Cron ran at: 16-07-2026 11:10:55 PM [] []
[2026-07-16 23:11:31] SlimMonoLogger.INFO: Cron ran at: 16-07-2026 11:11:31 PM [] []
[2026-07-16 23:11:48] SlimMonoLogger.INFO: Cron ran at: 16-07-2026 11:11:48 PM [] []
[2026-07-16 23:11:56] SlimMonoLogger.INFO: Cron ran at: 16-07-2026 11:11:56 PM [] []
[2026-07-16 23:12:06] SlimMonoLogger.INFO: Cron ran at: 16-07-2026 11:12:06 PM [] []
[2026-07-16 23:12:30] SlimMonoLogger.INFO: Cron ran at: 16-07-2026 11:12:30 PM [] []
[2026-07-16 23:12:42] SlimMonoLogger.INFO: Cron ran at: 16-07-2026 11:12:42 PM [] []
[2026-07-16 23:12:45] SlimMonoLogger.INFO: Cron ran at: 16-07-2026 11:12:45 PM [] []
[2026-07-16 23:12:54] SlimMonoLogger.INFO: Cron ran at: 16-07-2026 11:12:54 PM [] []
[2026-07-16 23:13:22] SlimMonoLogger.INFO: Cron ran at: 16-07-2026 11:13:22 PM [] []
[2026-07-16 23:13:36] SlimMonoLogger.INFO: Cron ran at: 16-07-2026 11:13:36 PM [] []
[2026-07-16 23:13:37] SlimMonoLogger.INFO: Cron ran at: 16-07-2026 11:13:37 PM [] []
[2026-07-16 23:13:51] SlimMonoLogger.INFO: Cron ran at: 16-07-2026 11:13:51 PM [] []
[2026-07-16 23:14:23] SlimMonoLogger.INFO: Cron ran at: 16-07-2026 11:14:23 PM [] []
[2026-07-16 23:14:36] SlimMonoLogger.INFO: Cron ran at: 16-07-2026 11:14:36 PM [] []
[2026-07-16 23:14:43] SlimMonoLogger.INFO: Cron ran at: 16-07-2026 11:14:43 PM [] []
[2026-07-16 23:14:54] SlimMonoLogger.INFO: Cron ran at: 16-07-2026 11:14:54 PM [] []
[2026-07-16 23:15:22] SlimMonoLogger.INFO: Cron ran at: 16-07-2026 11:15:22 PM [] []
[2026-07-16 23:15:26] SlimMonoLogger.INFO: Cron ran at: 16-07-2026 11:15:26 PM [] []
[2026-07-16 23:15:48] SlimMonoLogger.INFO: Cron ran at: 16-07-2026 11:15:48 PM [] []
[2026-07-16 23:16:27] SlimMonoLogger.INFO: Cron ran at: 16-07-2026 11:16:27 PM [] []
[2026-07-16 23:16:28] SlimMonoLogger.INFO: Cron ran at: 16-07-2026 11:16:28 PM [] []
[2026-07-16 23:16:41] SlimMonoLogger.INFO: Cron ran at: 16-07-2026 11:16:41 PM [] []
[2026-07-16 23:17:02] SlimMonoLogger.INFO: Cron ran at: 16-07-2026 11:17:02 PM [] []
[2026-07-16 23:17:14] SlimMonoLogger.INFO: Cron ran at: 16-07-2026 11:17:14 PM [] []
[2026-07-16 23:17:27] SlimMonoLogger.INFO: Cron ran at: 16-07-2026 11:17:27 PM [] []
[2026-07-16 23:17:39] SlimMonoLogger.INFO: Cron ran at: 16-07-2026 11:17:39 PM [] []
[2026-07-16 23:17:50] SlimMonoLogger.INFO: Cron ran at: 16-07-2026 11:17:50 PM [] []
[2026-07-16 23:18:19] SlimMonoLogger.INFO: Cron ran at: 16-07-2026 11:18:19 PM [] []
[2026-07-16 23:18:20] SlimMonoLogger.INFO: Cron ran at: 16-07-2026 11:18:20 PM [] []
[2026-07-16 23:18:37] SlimMonoLogger.INFO: Cron ran at: 16-07-2026 11:18:37 PM [] []
[2026-07-16 23:18:40] SlimMonoLogger.INFO: Cron ran at: 16-07-2026 11:18:40 PM [] []
[2026-07-16 23:19:11] SlimMonoLogger.INFO: Cron ran at: 16-07-2026 11:19:11 PM [] []
[2026-07-16 23:19:18] SlimMonoLogger.INFO: Cron ran at: 16-07-2026 11:19:18 PM [] []
[2026-07-16 23:19:33] SlimMonoLogger.INFO: Cron ran at: 16-07-2026 11:19:33 PM [] []
[2026-07-16 23:19:41] SlimMonoLogger.INFO: Cron ran at: 16-07-2026 11:19:41 PM [] []
[2026-07-16 23:20:12] SlimMonoLogger.INFO: Cron ran at: 16-07-2026 11:20:12 PM [] []
[2026-07-16 23:20:23] SlimMonoLogger.INFO: Cron ran at: 16-07-2026 11:20:23 PM [] []
[2026-07-16 23:20:32] SlimMonoLogger.INFO: Cron ran at: 16-07-2026 11:20:32 PM [] []
[2026-07-16 23:21:13] SlimMonoLogger.INFO: Cron ran at: 16-07-2026 11:21:13 PM [] []
[2026-07-16 23:21:24] SlimMonoLogger.INFO: Cron ran at: 16-07-2026 11:21:24 PM [] []
[2026-07-16 23:21:24] SlimMonoLogger.INFO: Cron ran at: 16-07-2026 11:21:24 PM [] []
[2026-07-16 23:22:00] SlimMonoLogger.INFO: Cron ran at: 16-07-2026 11:22:00 PM [] []
[2026-07-16 23:22:15] SlimMonoLogger.INFO: Cron ran at: 16-07-2026 11:22:15 PM [] []
[2026-07-16 23:22:20] SlimMonoLogger.INFO: Cron ran at: 16-07-2026 11:22:20 PM [] []
[2026-07-16 23:22:21] SlimMonoLogger.INFO: Cron ran at: 16-07-2026 11:22:21 PM [] []
[2026-07-16 23:22:51] SlimMonoLogger.INFO: Cron ran at: 16-07-2026 11:22:51 PM [] []
[2026-07-16 23:23:08] SlimMonoLogger.INFO: Cron ran at: 16-07-2026 11:23:08 PM [] []
[2026-07-16 23:23:20] SlimMonoLogger.INFO: Cron ran at: 16-07-2026 11:23:20 PM [] []
[2026-07-16 23:23:23] SlimMonoLogger.INFO: Cron ran at: 16-07-2026 11:23:23 PM [] []
[2026-07-16 23:23:40] SlimMonoLogger.INFO: Cron ran at: 16-07-2026 11:23:40 PM [] []
[2026-07-16 23:24:11] SlimMonoLogger.INFO: Cron ran at: 16-07-2026 11:24:11 PM [] []
[2026-07-16 23:24:13] SlimMonoLogger.INFO: Cron ran at: 16-07-2026 11:24:13 PM [] []
[2026-07-16 23:24:21] SlimMonoLogger.INFO: Cron ran at: 16-07-2026 11:24:21 PM [] []
[2026-07-16 23:24:39] SlimMonoLogger.INFO: Cron ran at: 16-07-2026 11:24:39 PM [] []
[2026-07-16 23:25:13] SlimMonoLogger.INFO: Cron ran at: 16-07-2026 11:25:13 PM [] []
[2026-07-16 23:25:15] SlimMonoLogger.INFO: Cron ran at: 16-07-2026 11:25:15 PM [] []
[2026-07-16 23:25:22] SlimMonoLogger.INFO: Cron ran at: 16-07-2026 11:25:22 PM [] []
[2026-07-16 23:25:28] SlimMonoLogger.INFO: Cron ran at: 16-07-2026 11:25:28 PM [] []
[2026-07-16 23:26:15] SlimMonoLogger.INFO: Cron ran at: 16-07-2026 11:26:15 PM [] []
[2026-07-16 23:26:17] SlimMonoLogger.INFO: Cron ran at: 16-07-2026 11:26:17 PM [] []
[2026-07-16 23:26:28] SlimMonoLogger.INFO: Cron ran at: 16-07-2026 11:26:28 PM [] []
[2026-07-16 23:26:55] SlimMonoLogger.INFO: Cron ran at: 16-07-2026 11:26:55 PM [] []
[2026-07-16 23:27:18] SlimMonoLogger.INFO: Cron ran at: 16-07-2026 11:27:18 PM [] []
[2026-07-16 23:27:18] SlimMonoLogger.INFO: Cron ran at: 16-07-2026 11:27:18 PM [] []
[2026-07-16 23:27:19] SlimMonoLogger.INFO: Cron ran at: 16-07-2026 11:27:19 PM [] []
[2026-07-16 23:27:45] SlimMonoLogger.INFO: Cron ran at: 16-07-2026 11:27:45 PM [] []
[2026-07-16 23:28:12] SlimMonoLogger.INFO: Cron ran at: 16-07-2026 11:28:12 PM [] []
[2026-07-16 23:28:12] SlimMonoLogger.INFO: Cron ran at: 16-07-2026 11:28:12 PM [] []
[2026-07-16 23:28:14] SlimMonoLogger.INFO: Cron ran at: 16-07-2026 11:28:14 PM [] []
[2026-07-16 23:28:34] SlimMonoLogger.INFO: Cron ran at: 16-07-2026 11:28:34 PM [] []
[2026-07-16 23:29:12] SlimMonoLogger.INFO: Cron ran at: 16-07-2026 11:29:12 PM [] []
[2026-07-16 23:29:13] SlimMonoLogger.INFO: Cron ran at: 16-07-2026 11:29:13 PM [] []
[2026-07-16 23:29:16] SlimMonoLogger.INFO: Cron ran at: 16-07-2026 11:29:16 PM [] []
[2026-07-16 23:29:28] SlimMonoLogger.INFO: Cron ran at: 16-07-2026 11:29:28 PM [] []
[2026-07-16 23:30:19] SlimMonoLogger.INFO: Cron ran at: 16-07-2026 11:30:19 PM [] []
[2026-07-16 23:30:20] SlimMonoLogger.INFO: Cron ran at: 16-07-2026 11:30:20 PM [] []
[2026-07-16 23:30:20] SlimMonoLogger.INFO: Cron ran at: 16-07-2026 11:30:20 PM [] []
[2026-07-16 23:30:21] SlimMonoLogger.INFO: Cron ran at: 16-07-2026 11:30:21 PM [] []
[2026-07-16 23:31:17] SlimMonoLogger.INFO: Cron ran at: 16-07-2026 11:31:17 PM [] []
[2026-07-16 23:31:17] SlimMonoLogger.INFO: Cron ran at: 16-07-2026 11:31:17 PM [] []
[2026-07-16 23:31:19] SlimMonoLogger.INFO: Cron ran at: 16-07-2026 11:31:19 PM [] []
[2026-07-16 23:32:11] SlimMonoLogger.INFO: Cron ran at: 16-07-2026 11:32:11 PM [] []
[2026-07-16 23:32:12] SlimMonoLogger.INFO: Cron ran at: 16-07-2026 11:32:12 PM [] []
[2026-07-16 23:32:14] SlimMonoLogger.INFO: Cron ran at: 16-07-2026 11:32:14 PM [] []
[2026-07-16 23:32:16] SlimMonoLogger.INFO: Cron ran at: 16-07-2026 11:32:16 PM [] []
[2026-07-16 23:33:01] SlimMonoLogger.INFO: Cron ran at: 16-07-2026 11:33:01 PM [] []
[2026-07-16 23:33:07] SlimMonoLogger.INFO: Cron ran at: 16-07-2026 11:33:07 PM [] []
[2026-07-16 23:33:12] SlimMonoLogger.INFO: Cron ran at: 16-07-2026 11:33:12 PM [] []
[2026-07-16 23:33:17] SlimMonoLogger.INFO: Cron ran at: 16-07-2026 11:33:17 PM [] []
[2026-07-16 23:33:54] SlimMonoLogger.INFO: Cron ran at: 16-07-2026 11:33:54 PM [] []
[2026-07-16 23:34:10] SlimMonoLogger.INFO: Cron ran at: 16-07-2026 11:34:10 PM [] []
[2026-07-16 23:34:14] SlimMonoLogger.INFO: Cron ran at: 16-07-2026 11:34:14 PM [] []
[2026-07-16 23:34:16] SlimMonoLogger.INFO: Cron ran at: 16-07-2026 11:34:16 PM [] []
[2026-07-16 23:34:58] SlimMonoLogger.INFO: Cron ran at: 16-07-2026 11:34:58 PM [] []
[2026-07-16 23:35:07] SlimMonoLogger.INFO: Cron ran at: 16-07-2026 11:35:07 PM [] []
[2026-07-16 23:35:13] SlimMonoLogger.INFO: Cron ran at: 16-07-2026 11:35:13 PM [] []
[2026-07-16 23:35:13] SlimMonoLogger.INFO: Cron ran at: 16-07-2026 11:35:13 PM [] []
[2026-07-16 23:35:40] SlimMonoLogger.INFO: Cron ran at: 16-07-2026 11:35:40 PM [] []
[2026-07-16 23:36:10] SlimMonoLogger.INFO: Cron ran at: 16-07-2026 11:36:10 PM [] []
[2026-07-16 23:36:13] SlimMonoLogger.INFO: Cron ran at: 16-07-2026 11:36:13 PM [] []
[2026-07-16 23:36:34] SlimMonoLogger.INFO: Cron ran at: 16-07-2026 11:36:34 PM [] []
[2026-07-16 23:37:05] SlimMonoLogger.INFO: Cron ran at: 16-07-2026 11:37:05 PM [] []
[2026-07-16 23:37:06] SlimMonoLogger.INFO: Cron ran at: 16-07-2026 11:37:06 PM [] []
[2026-07-16 23:37:15] SlimMonoLogger.INFO: Cron ran at: 16-07-2026 11:37:15 PM [] []
[2026-07-16 23:37:34] SlimMonoLogger.INFO: Cron ran at: 16-07-2026 11:37:34 PM [] []
[2026-07-16 23:37:57] SlimMonoLogger.INFO: Cron ran at: 16-07-2026 11:37:57 PM [] []
[2026-07-16 23:38:10] SlimMonoLogger.INFO: Cron ran at: 16-07-2026 11:38:10 PM [] []
[2026-07-16 23:38:15] SlimMonoLogger.INFO: Cron ran at: 16-07-2026 11:38:15 PM [] []
[2026-07-16 23:38:27] SlimMonoLogger.INFO: Cron ran at: 16-07-2026 11:38:27 PM [] []
[2026-07-16 23:38:51] SlimMonoLogger.INFO: Cron ran at: 16-07-2026 11:38:51 PM [] []
[2026-07-16 23:39:06] SlimMonoLogger.INFO: Cron ran at: 16-07-2026 11:39:06 PM [] []
[2026-07-16 23:39:12] SlimMonoLogger.INFO: Cron ran at: 16-07-2026 11:39:12 PM [] []
[2026-07-16 23:39:30] SlimMonoLogger.INFO: Cron ran at: 16-07-2026 11:39:30 PM [] []
[2026-07-16 23:39:33] SlimMonoLogger.INFO: Cron ran at: 16-07-2026 11:39:33 PM [] []
[2026-07-16 23:40:07] SlimMonoLogger.INFO: Cron ran at: 16-07-2026 11:40:07 PM [] []
[2026-07-16 23:40:12] SlimMonoLogger.INFO: Cron ran at: 16-07-2026 11:40:12 PM [] []
[2026-07-16 23:40:27] SlimMonoLogger.INFO: Cron ran at: 16-07-2026 11:40:27 PM [] []
[2026-07-16 23:40:28] SlimMonoLogger.INFO: Cron ran at: 16-07-2026 11:40:28 PM [] []
[2026-07-16 23:41:08] SlimMonoLogger.INFO: Cron ran at: 16-07-2026 11:41:08 PM [] []
[2026-07-16 23:41:24] SlimMonoLogger.INFO: Cron ran at: 16-07-2026 11:41:24 PM [] []
[2026-07-16 23:41:25] SlimMonoLogger.INFO: Cron ran at: 16-07-2026 11:41:25 PM [] []
[2026-07-16 23:41:46] SlimMonoLogger.INFO: Cron ran at: 16-07-2026 11:41:46 PM [] []
[2026-07-16 23:42:04] SlimMonoLogger.INFO: Cron ran at: 16-07-2026 11:42:04 PM [] []
[2026-07-16 23:42:21] SlimMonoLogger.INFO: Cron ran at: 16-07-2026 11:42:21 PM [] []
[2026-07-16 23:42:26] SlimMonoLogger.INFO: Cron ran at: 16-07-2026 11:42:26 PM [] []
[2026-07-16 23:42:41] SlimMonoLogger.INFO: Cron ran at: 16-07-2026 11:42:41 PM [] []
[2026-07-16 23:43:05] SlimMonoLogger.INFO: Cron ran at: 16-07-2026 11:43:05 PM [] []
[2026-07-16 23:43:15] SlimMonoLogger.INFO: Cron ran at: 16-07-2026 11:43:15 PM [] []
[2026-07-16 23:43:24] SlimMonoLogger.INFO: Cron ran at: 16-07-2026 11:43:24 PM [] []
[2026-07-16 23:43:24] SlimMonoLogger.INFO: Cron ran at: 16-07-2026 11:43:24 PM [] []
[2026-07-16 23:44:11] SlimMonoLogger.INFO: Cron ran at: 16-07-2026 11:44:11 PM [] []
[2026-07-16 23:44:15] SlimMonoLogger.INFO: Cron ran at: 16-07-2026 11:44:15 PM [] []
[2026-07-16 23:44:15] SlimMonoLogger.INFO: Cron ran at: 16-07-2026 11:44:15 PM [] []
[2026-07-16 23:44:24] SlimMonoLogger.INFO: Cron ran at: 16-07-2026 11:44:24 PM [] []
[2026-07-16 23:45:11] SlimMonoLogger.INFO: Cron ran at: 16-07-2026 11:45:11 PM [] []
[2026-07-16 23:45:15] SlimMonoLogger.INFO: Cron ran at: 16-07-2026 11:45:15 PM [] []
[2026-07-16 23:45:17] SlimMonoLogger.INFO: Cron ran at: 16-07-2026 11:45:17 PM [] []
[2026-07-16 23:45:26] SlimMonoLogger.INFO: Cron ran at: 16-07-2026 11:45:26 PM [] []
[2026-07-16 23:46:20] SlimMonoLogger.INFO: Cron ran at: 16-07-2026 11:46:20 PM [] []
[2026-07-16 23:46:27] SlimMonoLogger.INFO: Cron ran at: 16-07-2026 11:46:27 PM [] []
[2026-07-16 23:46:28] SlimMonoLogger.INFO: Cron ran at: 16-07-2026 11:46:28 PM [] []
[2026-07-16 23:46:40] SlimMonoLogger.INFO: Cron ran at: 16-07-2026 11:46:40 PM [] []
[2026-07-16 23:47:07] SlimMonoLogger.INFO: Cron ran at: 16-07-2026 11:47:07 PM [] []
[2026-07-16 23:47:16] SlimMonoLogger.INFO: Cron ran at: 16-07-2026 11:47:16 PM [] []
[2026-07-16 23:47:25] SlimMonoLogger.INFO: Cron ran at: 16-07-2026 11:47:25 PM [] []
[2026-07-16 23:47:27] SlimMonoLogger.INFO: Cron ran at: 16-07-2026 11:47:27 PM [] []
[2026-07-16 23:48:05] SlimMonoLogger.INFO: Cron ran at: 16-07-2026 11:48:05 PM [] []
[2026-07-16 23:48:17] SlimMonoLogger.INFO: Cron ran at: 16-07-2026 11:48:17 PM [] []
[2026-07-16 23:48:18] SlimMonoLogger.INFO: Cron ran at: 16-07-2026 11:48:18 PM [] []
[2026-07-16 23:48:27] SlimMonoLogger.INFO: Cron ran at: 16-07-2026 11:48:27 PM [] []
[2026-07-16 23:49:07] SlimMonoLogger.INFO: Cron ran at: 16-07-2026 11:49:07 PM [] []
[2026-07-16 23:49:14] SlimMonoLogger.INFO: Cron ran at: 16-07-2026 11:49:14 PM [] []
[2026-07-16 23:49:15] SlimMonoLogger.INFO: Cron ran at: 16-07-2026 11:49:15 PM [] []
[2026-07-16 23:49:29] SlimMonoLogger.INFO: Cron ran at: 16-07-2026 11:49:29 PM [] []
[2026-07-16 23:50:01] SlimMonoLogger.INFO: Cron ran at: 16-07-2026 11:50:01 PM [] []
[2026-07-16 23:50:03] SlimMonoLogger.INFO: Cron ran at: 16-07-2026 11:50:03 PM [] []
[2026-07-16 23:50:20] SlimMonoLogger.INFO: Cron ran at: 16-07-2026 11:50:20 PM [] []
[2026-07-16 23:50:29] SlimMonoLogger.INFO: Cron ran at: 16-07-2026 11:50:29 PM [] []
[2026-07-16 23:51:00] SlimMonoLogger.INFO: Cron ran at: 16-07-2026 11:51:00 PM [] []
[2026-07-16 23:51:01] SlimMonoLogger.INFO: Cron ran at: 16-07-2026 11:51:01 PM [] []
[2026-07-16 23:51:19] SlimMonoLogger.INFO: Cron ran at: 16-07-2026 11:51:19 PM [] []
[2026-07-16 23:51:53] SlimMonoLogger.INFO: Cron ran at: 16-07-2026 11:51:53 PM [] []
[2026-07-16 23:51:55] SlimMonoLogger.INFO: Cron ran at: 16-07-2026 11:51:55 PM [] []
[2026-07-16 23:51:57] SlimMonoLogger.INFO: Cron ran at: 16-07-2026 11:51:57 PM [] []
[2026-07-16 23:52:17] SlimMonoLogger.INFO: Cron ran at: 16-07-2026 11:52:17 PM [] []
[2026-07-16 23:52:46] SlimMonoLogger.INFO: Cron ran at: 16-07-2026 11:52:46 PM [] []
[2026-07-16 23:53:04] SlimMonoLogger.INFO: Cron ran at: 16-07-2026 11:53:04 PM [] []
[2026-07-16 23:53:06] SlimMonoLogger.INFO: Cron ran at: 16-07-2026 11:53:06 PM [] []
[2026-07-16 23:53:18] SlimMonoLogger.INFO: Cron ran at: 16-07-2026 11:53:18 PM [] []
[2026-07-16 23:53:36] SlimMonoLogger.INFO: Cron ran at: 16-07-2026 11:53:36 PM [] []
[2026-07-16 23:53:54] SlimMonoLogger.INFO: Cron ran at: 16-07-2026 11:53:54 PM [] []
[2026-07-16 23:54:04] SlimMonoLogger.INFO: Cron ran at: 16-07-2026 11:54:04 PM [] []
[2026-07-16 23:54:19] SlimMonoLogger.INFO: Cron ran at: 16-07-2026 11:54:19 PM [] []
[2026-07-16 23:54:25] SlimMonoLogger.INFO: Cron ran at: 16-07-2026 11:54:25 PM [] []
[2026-07-16 23:54:50] SlimMonoLogger.INFO: Cron ran at: 16-07-2026 11:54:50 PM [] []
[2026-07-16 23:55:02] SlimMonoLogger.INFO: Cron ran at: 16-07-2026 11:55:02 PM [] []
[2026-07-16 23:55:17] SlimMonoLogger.INFO: Cron ran at: 16-07-2026 11:55:17 PM [] []
[2026-07-16 23:55:23] SlimMonoLogger.INFO: Cron ran at: 16-07-2026 11:55:23 PM [] []
[2026-07-16 23:55:54] SlimMonoLogger.INFO: Cron ran at: 16-07-2026 11:55:54 PM [] []
[2026-07-16 23:56:00] SlimMonoLogger.INFO: Cron ran at: 16-07-2026 11:56:00 PM [] []
[2026-07-16 23:56:16] SlimMonoLogger.INFO: Cron ran at: 16-07-2026 11:56:16 PM [] []
[2026-07-16 23:56:54] SlimMonoLogger.INFO: Cron ran at: 16-07-2026 11:56:54 PM [] []
[2026-07-16 23:57:00] SlimMonoLogger.INFO: Cron ran at: 16-07-2026 11:57:00 PM [] []
[2026-07-16 23:57:05] SlimMonoLogger.INFO: Cron ran at: 16-07-2026 11:57:05 PM [] []
[2026-07-16 23:57:13] SlimMonoLogger.INFO: Cron ran at: 16-07-2026 11:57:13 PM [] []
[2026-07-16 23:57:47] SlimMonoLogger.INFO: Cron ran at: 16-07-2026 11:57:47 PM [] []
[2026-07-16 23:57:53] SlimMonoLogger.INFO: Cron ran at: 16-07-2026 11:57:53 PM [] []
[2026-07-16 23:58:04] SlimMonoLogger.INFO: Cron ran at: 16-07-2026 11:58:04 PM [] []
[2026-07-16 23:58:17] SlimMonoLogger.INFO: Cron ran at: 16-07-2026 11:58:17 PM [] []
[2026-07-16 23:58:44] SlimMonoLogger.INFO: Cron ran at: 16-07-2026 11:58:44 PM [] []
[2026-07-16 23:58:55] SlimMonoLogger.INFO: Cron ran at: 16-07-2026 11:58:55 PM [] []
[2026-07-16 23:59:01] SlimMonoLogger.INFO: Cron ran at: 16-07-2026 11:59:01 PM [] []
[2026-07-16 23:59:07] SlimMonoLogger.INFO: Cron ran at: 16-07-2026 11:59:07 PM [] []
[2026-07-16 23:59:37] SlimMonoLogger.INFO: Cron ran at: 16-07-2026 11:59:37 PM [] []
[2026-07-16 23:59:51] SlimMonoLogger.INFO: Cron ran at: 16-07-2026 11:59:51 PM [] []
[2026-07-17 00:00:00] SlimMonoLogger.INFO: Cron ran at: 17-07-2026 12:00:00 AM [] []
[2026-07-17 00:00:10] SlimMonoLogger.INFO: Cron ran at: 17-07-2026 12:00:10 AM [] []
[2026-07-17 00:00:39] SlimMonoLogger.INFO: Cron ran at: 17-07-2026 12:00:39 AM [] []
[2026-07-17 00:00:59] SlimMonoLogger.INFO: Cron ran at: 17-07-2026 12:00:59 AM [] []
[2026-07-17 00:01:05] SlimMonoLogger.INFO: Cron ran at: 17-07-2026 12:01:05 AM [] []
[2026-07-17 00:01:31] SlimMonoLogger.INFO: Cron ran at: 17-07-2026 12:01:31 AM [] []
[2026-07-17 00:01:43] SlimMonoLogger.INFO: Cron ran at: 17-07-2026 12:01:43 AM [] []
[2026-07-17 00:01:52] SlimMonoLogger.INFO: Cron ran at: 17-07-2026 12:01:52 AM [] []
[2026-07-17 00:02:09] SlimMonoLogger.INFO: Cron ran at: 17-07-2026 12:02:09 AM [] []
[2026-07-17 00:02:16] SlimMonoLogger.INFO: Cron ran at: 17-07-2026 12:02:16 AM [] []
[2026-07-17 00:02:40] SlimMonoLogger.INFO: Cron ran at: 17-07-2026 12:02:40 AM [] []
[2026-07-17 00:02:52] SlimMonoLogger.INFO: Cron ran at: 17-07-2026 12:02:52 AM [] []
[2026-07-17 00:03:06] SlimMonoLogger.INFO: Cron ran at: 17-07-2026 12:03:06 AM [] []
[2026-07-17 00:03:21] SlimMonoLogger.INFO: Cron ran at: 17-07-2026 12:03:21 AM [] []
[2026-07-17 00:03:30] SlimMonoLogger.INFO: Cron ran at: 17-07-2026 12:03:30 AM [] []
[2026-07-17 00:03:51] SlimMonoLogger.INFO: Cron ran at: 17-07-2026 12:03:51 AM [] []
[2026-07-17 00:04:11] SlimMonoLogger.INFO: Cron ran at: 17-07-2026 12:04:11 AM [] []
[2026-07-17 00:04:12] SlimMonoLogger.INFO: Cron ran at: 17-07-2026 12:04:12 AM [] []
[2026-07-17 00:04:27] SlimMonoLogger.INFO: Cron ran at: 17-07-2026 12:04:27 AM [] []
[2026-07-17 00:04:49] SlimMonoLogger.INFO: Cron ran at: 17-07-2026 12:04:49 AM [] []
[2026-07-17 00:05:03] SlimMonoLogger.INFO: Cron ran at: 17-07-2026 12:05:03 AM [] []
[2026-07-17 00:05:10] SlimMonoLogger.INFO: Cron ran at: 17-07-2026 12:05:10 AM [] []
[2026-07-17 00:05:16] SlimMonoLogger.INFO: Cron ran at: 17-07-2026 12:05:16 AM [] []
[2026-07-17 00:06:09] SlimMonoLogger.INFO: Cron ran at: 17-07-2026 12:06:09 AM [] []
[2026-07-17 00:06:13] SlimMonoLogger.INFO: Cron ran at: 17-07-2026 12:06:13 AM [] []
[2026-07-17 00:06:14] SlimMonoLogger.INFO: Cron ran at: 17-07-2026 12:06:14 AM [] []
[2026-07-17 00:07:07] SlimMonoLogger.INFO: Cron ran at: 17-07-2026 12:07:07 AM [] []
[2026-07-17 00:07:11] SlimMonoLogger.INFO: Cron ran at: 17-07-2026 12:07:11 AM [] []
[2026-07-17 00:07:11] SlimMonoLogger.INFO: Cron ran at: 17-07-2026 12:07:11 AM [] []
[2026-07-17 00:07:14] SlimMonoLogger.INFO: Cron ran at: 17-07-2026 12:07:14 AM [] []
[2026-07-17 00:08:02] SlimMonoLogger.INFO: Cron ran at: 17-07-2026 12:08:02 AM [] []
[2026-07-17 00:08:03] SlimMonoLogger.INFO: Cron ran at: 17-07-2026 12:08:03 AM [] []
[2026-07-17 00:08:03] SlimMonoLogger.INFO: Cron ran at: 17-07-2026 12:08:03 AM [] []
[2026-07-17 00:08:16] SlimMonoLogger.INFO: Cron ran at: 17-07-2026 12:08:16 AM [] []
[2026-07-17 00:08:50] SlimMonoLogger.INFO: Cron ran at: 17-07-2026 12:08:50 AM [] []
[2026-07-17 00:09:03] SlimMonoLogger.INFO: Cron ran at: 17-07-2026 12:09:03 AM [] []
[2026-07-17 00:09:11] SlimMonoLogger.INFO: Cron ran at: 17-07-2026 12:09:11 AM [] []
[2026-07-17 00:09:12] SlimMonoLogger.INFO: Cron ran at: 17-07-2026 12:09:12 AM [] []
[2026-07-17 00:09:45] SlimMonoLogger.INFO: Cron ran at: 17-07-2026 12:09:45 AM [] []
[2026-07-17 00:10:03] SlimMonoLogger.INFO: Cron ran at: 17-07-2026 12:10:03 AM [] []
[2026-07-17 00:10:10] SlimMonoLogger.INFO: Cron ran at: 17-07-2026 12:10:10 AM [] []
[2026-07-17 00:10:17] SlimMonoLogger.INFO: Cron ran at: 17-07-2026 12:10:17 AM [] []
[2026-07-17 00:10:37] SlimMonoLogger.INFO: Cron ran at: 17-07-2026 12:10:37 AM [] []
[2026-07-17 00:11:01] SlimMonoLogger.INFO: Cron ran at: 17-07-2026 12:11:01 AM [] []
[2026-07-17 00:11:23] SlimMonoLogger.INFO: Cron ran at: 17-07-2026 12:11:23 AM [] []
[2026-07-17 00:11:35] SlimMonoLogger.INFO: Cron ran at: 17-07-2026 12:11:35 AM [] []
[2026-07-17 00:11:57] SlimMonoLogger.INFO: Cron ran at: 17-07-2026 12:11:57 AM [] []
[2026-07-17 00:12:02] SlimMonoLogger.INFO: Cron ran at: 17-07-2026 12:12:02 AM [] []
[2026-07-17 00:12:12] SlimMonoLogger.INFO: Cron ran at: 17-07-2026 12:12:12 AM [] []
[2026-07-17 00:12:29] SlimMonoLogger.INFO: Cron ran at: 17-07-2026 12:12:29 AM [] []
[2026-07-17 00:12:46] SlimMonoLogger.INFO: Cron ran at: 17-07-2026 12:12:46 AM [] []
[2026-07-17 00:13:07] SlimMonoLogger.INFO: Cron ran at: 17-07-2026 12:13:07 AM [] []
[2026-07-17 00:13:10] SlimMonoLogger.INFO: Cron ran at: 17-07-2026 12:13:10 AM [] []
[2026-07-17 00:13:25] SlimMonoLogger.INFO: Cron ran at: 17-07-2026 12:13:25 AM [] []
[2026-07-17 00:13:45] SlimMonoLogger.INFO: Cron ran at: 17-07-2026 12:13:45 AM [] []
[2026-07-17 00:14:10] SlimMonoLogger.INFO: Cron ran at: 17-07-2026 12:14:10 AM [] []
[2026-07-17 00:14:16] SlimMonoLogger.INFO: Cron ran at: 17-07-2026 12:14:16 AM [] []
[2026-07-17 00:14:26] SlimMonoLogger.INFO: Cron ran at: 17-07-2026 12:14:26 AM [] []
[2026-07-17 00:14:26] SlimMonoLogger.INFO: Cron ran at: 17-07-2026 12:14:26 AM [] []
[2026-07-17 00:15:06] SlimMonoLogger.INFO: Cron ran at: 17-07-2026 12:15:06 AM [] []
[2026-07-17 00:15:14] SlimMonoLogger.INFO: Cron ran at: 17-07-2026 12:15:14 AM [] []
[2026-07-17 00:15:22] SlimMonoLogger.INFO: Cron ran at: 17-07-2026 12:15:22 AM [] []
[2026-07-17 00:15:25] SlimMonoLogger.INFO: Cron ran at: 17-07-2026 12:15:25 AM [] []
[2026-07-17 00:16:06] SlimMonoLogger.INFO: Cron ran at: 17-07-2026 12:16:06 AM [] []
[2026-07-17 00:16:20] SlimMonoLogger.INFO: Cron ran at: 17-07-2026 12:16:20 AM [] []
[2026-07-17 00:16:24] SlimMonoLogger.INFO: Cron ran at: 17-07-2026 12:16:24 AM [] []
[2026-07-17 00:16:43] SlimMonoLogger.INFO: Cron ran at: 17-07-2026 12:16:43 AM [] []
[2026-07-17 00:17:03] SlimMonoLogger.INFO: Cron ran at: 17-07-2026 12:17:03 AM [] []
[2026-07-17 00:17:15] SlimMonoLogger.INFO: Cron ran at: 17-07-2026 12:17:15 AM [] []
[2026-07-17 00:17:27] SlimMonoLogger.INFO: Cron ran at: 17-07-2026 12:17:27 AM [] []
[2026-07-17 00:17:28] SlimMonoLogger.INFO: Cron ran at: 17-07-2026 12:17:28 AM [] []
[2026-07-17 00:18:14] SlimMonoLogger.INFO: Cron ran at: 17-07-2026 12:18:14 AM [] []
[2026-07-17 00:18:16] SlimMonoLogger.INFO: Cron ran at: 17-07-2026 12:18:16 AM [] []
[2026-07-17 00:18:23] SlimMonoLogger.INFO: Cron ran at: 17-07-2026 12:18:23 AM [] []
[2026-07-17 00:18:24] SlimMonoLogger.INFO: Cron ran at: 17-07-2026 12:18:24 AM [] []
[2026-07-17 00:19:04] SlimMonoLogger.INFO: Cron ran at: 17-07-2026 12:19:04 AM [] []
[2026-07-17 00:19:08] SlimMonoLogger.INFO: Cron ran at: 17-07-2026 12:19:08 AM [] []
[2026-07-17 00:19:16] SlimMonoLogger.INFO: Cron ran at: 17-07-2026 12:19:16 AM [] []
[2026-07-17 00:19:24] SlimMonoLogger.INFO: Cron ran at: 17-07-2026 12:19:24 AM [] []
[2026-07-17 00:20:05] SlimMonoLogger.INFO: Cron ran at: 17-07-2026 12:20:05 AM [] []
[2026-07-17 00:20:08] SlimMonoLogger.INFO: Cron ran at: 17-07-2026 12:20:08 AM [] []
[2026-07-17 00:20:11] SlimMonoLogger.INFO: Cron ran at: 17-07-2026 12:20:11 AM [] []
[2026-07-17 00:20:24] SlimMonoLogger.INFO: Cron ran at: 17-07-2026 12:20:24 AM [] []
[2026-07-17 00:21:08] SlimMonoLogger.INFO: Cron ran at: 17-07-2026 12:21:08 AM [] []
[2026-07-17 00:21:08] SlimMonoLogger.INFO: Cron ran at: 17-07-2026 12:21:08 AM [] []
[2026-07-17 00:21:29] SlimMonoLogger.INFO: Cron ran at: 17-07-2026 12:21:29 AM [] []
[2026-07-17 00:21:52] SlimMonoLogger.INFO: Cron ran at: 17-07-2026 12:21:52 AM [] []
[2026-07-17 00:22:05] SlimMonoLogger.INFO: Cron ran at: 17-07-2026 12:22:05 AM [] []
[2026-07-17 00:22:12] SlimMonoLogger.INFO: Cron ran at: 17-07-2026 12:22:12 AM [] []
[2026-07-17 00:22:22] SlimMonoLogger.INFO: Cron ran at: 17-07-2026 12:22:22 AM [] []
[2026-07-17 00:22:46] SlimMonoLogger.INFO: Cron ran at: 17-07-2026 12:22:46 AM [] []
[2026-07-17 00:22:59] SlimMonoLogger.INFO: Cron ran at: 17-07-2026 12:22:59 AM [] []
[2026-07-17 00:23:15] SlimMonoLogger.INFO: Cron ran at: 17-07-2026 12:23:15 AM [] []
[2026-07-17 00:23:22] SlimMonoLogger.INFO: Cron ran at: 17-07-2026 12:23:22 AM [] []
[2026-07-17 00:23:38] SlimMonoLogger.INFO: Cron ran at: 17-07-2026 12:23:38 AM [] []
[2026-07-17 00:24:02] SlimMonoLogger.INFO: Cron ran at: 17-07-2026 12:24:02 AM [] []
[2026-07-17 00:24:10] SlimMonoLogger.INFO: Cron ran at: 17-07-2026 12:24:10 AM [] []
[2026-07-17 00:24:22] SlimMonoLogger.INFO: Cron ran at: 17-07-2026 12:24:22 AM [] []
[2026-07-17 00:24:28] SlimMonoLogger.INFO: Cron ran at: 17-07-2026 12:24:28 AM [] []
[2026-07-17 00:24:56] SlimMonoLogger.INFO: Cron ran at: 17-07-2026 12:24:56 AM [] []
[2026-07-17 00:25:10] SlimMonoLogger.INFO: Cron ran at: 17-07-2026 12:25:10 AM [] []
[2026-07-17 00:25:22] SlimMonoLogger.INFO: Cron ran at: 17-07-2026 12:25:22 AM [] []
[2026-07-17 00:25:28] SlimMonoLogger.INFO: Cron ran at: 17-07-2026 12:25:28 AM [] []
[2026-07-17 00:25:51] SlimMonoLogger.INFO: Cron ran at: 17-07-2026 12:25:51 AM [] []
[2026-07-17 00:26:11] SlimMonoLogger.INFO: Cron ran at: 17-07-2026 12:26:11 AM [] []
[2026-07-17 00:26:19] SlimMonoLogger.INFO: Cron ran at: 17-07-2026 12:26:19 AM [] []
[2026-07-17 00:26:47] SlimMonoLogger.INFO: Cron ran at: 17-07-2026 12:26:47 AM [] []
[2026-07-17 00:26:59] SlimMonoLogger.INFO: Cron ran at: 17-07-2026 12:26:59 AM [] []
[2026-07-17 00:27:10] SlimMonoLogger.INFO: Cron ran at: 17-07-2026 12:27:10 AM [] []
[2026-07-17 00:27:12] SlimMonoLogger.INFO: Cron ran at: 17-07-2026 12:27:12 AM [] []
[2026-07-17 00:27:38] SlimMonoLogger.INFO: Cron ran at: 17-07-2026 12:27:38 AM [] []
[2026-07-17 00:28:09] SlimMonoLogger.INFO: Cron ran at: 17-07-2026 12:28:09 AM [] []
[2026-07-17 00:28:12] SlimMonoLogger.INFO: Cron ran at: 17-07-2026 12:28:12 AM [] []
[2026-07-17 00:28:22] SlimMonoLogger.INFO: Cron ran at: 17-07-2026 12:28:22 AM [] []
[2026-07-17 00:28:29] SlimMonoLogger.INFO: Cron ran at: 17-07-2026 12:28:29 AM [] []
[2026-07-17 00:28:56] SlimMonoLogger.INFO: Cron ran at: 17-07-2026 12:28:56 AM [] []
[2026-07-17 00:29:10] SlimMonoLogger.INFO: Cron ran at: 17-07-2026 12:29:10 AM [] []
[2026-07-17 00:29:14] SlimMonoLogger.INFO: Cron ran at: 17-07-2026 12:29:14 AM [] []
[2026-07-17 00:29:25] SlimMonoLogger.INFO: Cron ran at: 17-07-2026 12:29:25 AM [] []
[2026-07-17 00:29:56] SlimMonoLogger.INFO: Cron ran at: 17-07-2026 12:29:56 AM [] []
[2026-07-17 00:30:09] SlimMonoLogger.INFO: Cron ran at: 17-07-2026 12:30:09 AM [] []
[2026-07-17 00:30:11] SlimMonoLogger.INFO: Cron ran at: 17-07-2026 12:30:11 AM [] []
[2026-07-17 00:30:24] SlimMonoLogger.INFO: Cron ran at: 17-07-2026 12:30:24 AM [] []
[2026-07-17 00:30:56] SlimMonoLogger.INFO: Cron ran at: 17-07-2026 12:30:56 AM [] []
[2026-07-17 00:31:10] SlimMonoLogger.INFO: Cron ran at: 17-07-2026 12:31:10 AM [] []
[2026-07-17 00:31:15] SlimMonoLogger.INFO: Cron ran at: 17-07-2026 12:31:15 AM [] []
[2026-07-17 00:31:32] SlimMonoLogger.INFO: Cron ran at: 17-07-2026 12:31:32 AM [] []
[2026-07-17 00:31:57] SlimMonoLogger.INFO: Cron ran at: 17-07-2026 12:31:57 AM [] []
[2026-07-17 00:32:05] SlimMonoLogger.INFO: Cron ran at: 17-07-2026 12:32:05 AM [] []
[2026-07-17 00:32:08] SlimMonoLogger.INFO: Cron ran at: 17-07-2026 12:32:08 AM [] []
[2026-07-17 00:32:16] SlimMonoLogger.INFO: Cron ran at: 17-07-2026 12:32:16 AM [] []
[2026-07-17 00:32:56] SlimMonoLogger.INFO: Cron ran at: 17-07-2026 12:32:56 AM [] []
[2026-07-17 00:33:06] SlimMonoLogger.INFO: Cron ran at: 17-07-2026 12:33:06 AM [] []
[2026-07-17 00:33:07] SlimMonoLogger.INFO: Cron ran at: 17-07-2026 12:33:07 AM [] []
[2026-07-17 00:33:20] SlimMonoLogger.INFO: Cron ran at: 17-07-2026 12:33:20 AM [] []
[2026-07-17 00:33:56] SlimMonoLogger.INFO: Cron ran at: 17-07-2026 12:33:56 AM [] []
[2026-07-17 00:34:04] SlimMonoLogger.INFO: Cron ran at: 17-07-2026 12:34:04 AM [] []
[2026-07-17 00:34:05] SlimMonoLogger.INFO: Cron ran at: 17-07-2026 12:34:05 AM [] []
[2026-07-17 00:34:07] SlimMonoLogger.INFO: Cron ran at: 17-07-2026 12:34:07 AM [] []
[2026-07-17 00:34:57] SlimMonoLogger.INFO: Cron ran at: 17-07-2026 12:34:57 AM [] []
[2026-07-17 00:34:59] SlimMonoLogger.INFO: Cron ran at: 17-07-2026 12:34:59 AM [] []
[2026-07-17 00:35:03] SlimMonoLogger.INFO: Cron ran at: 17-07-2026 12:35:03 AM [] []
[2026-07-17 00:35:10] SlimMonoLogger.INFO: Cron ran at: 17-07-2026 12:35:10 AM [] []
[2026-07-17 00:35:52] SlimMonoLogger.INFO: Cron ran at: 17-07-2026 12:35:52 AM [] []
[2026-07-17 00:36:00] SlimMonoLogger.INFO: Cron ran at: 17-07-2026 12:36:00 AM [] []
[2026-07-17 00:36:05] SlimMonoLogger.INFO: Cron ran at: 17-07-2026 12:36:05 AM [] []
[2026-07-17 00:36:47] SlimMonoLogger.INFO: Cron ran at: 17-07-2026 12:36:47 AM [] []
[2026-07-17 00:37:03] SlimMonoLogger.INFO: Cron ran at: 17-07-2026 12:37:03 AM [] []
[2026-07-17 00:37:06] SlimMonoLogger.INFO: Cron ran at: 17-07-2026 12:37:06 AM [] []
[2026-07-17 00:37:07] SlimMonoLogger.INFO: Cron ran at: 17-07-2026 12:37:07 AM [] []
[2026-07-17 00:37:45] SlimMonoLogger.INFO: Cron ran at: 17-07-2026 12:37:45 AM [] []
[2026-07-17 00:37:59] SlimMonoLogger.INFO: Cron ran at: 17-07-2026 12:37:59 AM [] []
[2026-07-17 00:38:00] SlimMonoLogger.INFO: Cron ran at: 17-07-2026 12:38:00 AM [] []
[2026-07-17 00:38:06] SlimMonoLogger.INFO: Cron ran at: 17-07-2026 12:38:06 AM [] []
[2026-07-17 00:38:46] SlimMonoLogger.INFO: Cron ran at: 17-07-2026 12:38:46 AM [] []
[2026-07-17 00:38:48] SlimMonoLogger.INFO: Cron ran at: 17-07-2026 12:38:48 AM [] []
[2026-07-17 00:39:01] SlimMonoLogger.INFO: Cron ran at: 17-07-2026 12:39:01 AM [] []
[2026-07-17 00:39:02] SlimMonoLogger.INFO: Cron ran at: 17-07-2026 12:39:02 AM [] []
[2026-07-17 00:39:41] SlimMonoLogger.INFO: Cron ran at: 17-07-2026 12:39:41 AM [] []
[2026-07-17 00:39:41] SlimMonoLogger.INFO: Cron ran at: 17-07-2026 12:39:41 AM [] []
[2026-07-17 00:40:01] SlimMonoLogger.INFO: Cron ran at: 17-07-2026 12:40:01 AM [] []
[2026-07-17 00:40:07] SlimMonoLogger.INFO: Cron ran at: 17-07-2026 12:40:07 AM [] []
[2026-07-17 00:40:35] SlimMonoLogger.INFO: Cron ran at: 17-07-2026 12:40:35 AM [] []
[2026-07-17 00:40:40] SlimMonoLogger.INFO: Cron ran at: 17-07-2026 12:40:40 AM [] []
[2026-07-17 00:41:03] SlimMonoLogger.INFO: Cron ran at: 17-07-2026 12:41:03 AM [] []
[2026-07-17 00:41:34] SlimMonoLogger.INFO: Cron ran at: 17-07-2026 12:41:34 AM [] []
[2026-07-17 00:41:45] SlimMonoLogger.INFO: Cron ran at: 17-07-2026 12:41:45 AM [] []
[2026-07-17 00:41:47] SlimMonoLogger.INFO: Cron ran at: 17-07-2026 12:41:47 AM [] []
[2026-07-17 00:42:04] SlimMonoLogger.INFO: Cron ran at: 17-07-2026 12:42:04 AM [] []
[2026-07-17 00:42:30] SlimMonoLogger.INFO: Cron ran at: 17-07-2026 12:42:30 AM [] []
[2026-07-17 00:42:37] SlimMonoLogger.INFO: Cron ran at: 17-07-2026 12:42:37 AM [] []
[2026-07-17 00:42:41] SlimMonoLogger.INFO: Cron ran at: 17-07-2026 12:42:41 AM [] []
[2026-07-17 00:43:01] SlimMonoLogger.INFO: Cron ran at: 17-07-2026 12:43:01 AM [] []
[2026-07-17 00:43:26] SlimMonoLogger.INFO: Cron ran at: 17-07-2026 12:43:26 AM [] []
[2026-07-17 00:43:33] SlimMonoLogger.INFO: Cron ran at: 17-07-2026 12:43:33 AM [] []
[2026-07-17 00:43:45] SlimMonoLogger.INFO: Cron ran at: 17-07-2026 12:43:45 AM [] []
[2026-07-17 00:44:06] SlimMonoLogger.INFO: Cron ran at: 17-07-2026 12:44:06 AM [] []
[2026-07-17 00:44:22] SlimMonoLogger.INFO: Cron ran at: 17-07-2026 12:44:22 AM [] []
[2026-07-17 00:44:23] SlimMonoLogger.INFO: Cron ran at: 17-07-2026 12:44:23 AM [] []
[2026-07-17 00:44:45] SlimMonoLogger.INFO: Cron ran at: 17-07-2026 12:44:45 AM [] []
[2026-07-17 00:45:05] SlimMonoLogger.INFO: Cron ran at: 17-07-2026 12:45:05 AM [] []
[2026-07-17 00:45:17] SlimMonoLogger.INFO: Cron ran at: 17-07-2026 12:45:17 AM [] []
[2026-07-17 00:45:24] SlimMonoLogger.INFO: Cron ran at: 17-07-2026 12:45:24 AM [] []
[2026-07-17 00:45:42] SlimMonoLogger.INFO: Cron ran at: 17-07-2026 12:45:42 AM [] []
[2026-07-17 00:46:18] SlimMonoLogger.INFO: Cron ran at: 17-07-2026 12:46:18 AM [] []
[2026-07-17 00:46:23] SlimMonoLogger.INFO: Cron ran at: 17-07-2026 12:46:23 AM [] []
[2026-07-17 00:46:40] SlimMonoLogger.INFO: Cron ran at: 17-07-2026 12:46:40 AM [] []
[2026-07-17 00:46:41] SlimMonoLogger.INFO: Cron ran at: 17-07-2026 12:46:41 AM [] []
[2026-07-17 00:47:11] SlimMonoLogger.INFO: Cron ran at: 17-07-2026 12:47:11 AM [] []
[2026-07-17 00:47:23] SlimMonoLogger.INFO: Cron ran at: 17-07-2026 12:47:23 AM [] []
[2026-07-17 00:47:23] SlimMonoLogger.INFO: Cron ran at: 17-07-2026 12:47:23 AM [] []
[2026-07-17 00:47:47] SlimMonoLogger.INFO: Cron ran at: 17-07-2026 12:47:47 AM [] []
[2026-07-17 00:48:08] SlimMonoLogger.INFO: Cron ran at: 17-07-2026 12:48:08 AM [] []
[2026-07-17 00:48:15] SlimMonoLogger.INFO: Cron ran at: 17-07-2026 12:48:15 AM [] []
[2026-07-17 00:48:20] SlimMonoLogger.INFO: Cron ran at: 17-07-2026 12:48:20 AM [] []
[2026-07-17 00:48:44] SlimMonoLogger.INFO: Cron ran at: 17-07-2026 12:48:44 AM [] []
[2026-07-17 00:49:06] SlimMonoLogger.INFO: Cron ran at: 17-07-2026 12:49:06 AM [] []
[2026-07-17 00:49:15] SlimMonoLogger.INFO: Cron ran at: 17-07-2026 12:49:15 AM [] []
[2026-07-17 00:49:21] SlimMonoLogger.INFO: Cron ran at: 17-07-2026 12:49:21 AM [] []
[2026-07-17 00:49:51] SlimMonoLogger.INFO: Cron ran at: 17-07-2026 12:49:51 AM [] []
[2026-07-17 00:50:05] SlimMonoLogger.INFO: Cron ran at: 17-07-2026 12:50:05 AM [] []
[2026-07-17 00:50:06] SlimMonoLogger.INFO: Cron ran at: 17-07-2026 12:50:06 AM [] []
[2026-07-17 00:50:20] SlimMonoLogger.INFO: Cron ran at: 17-07-2026 12:50:20 AM [] []
[2026-07-17 00:50:55] SlimMonoLogger.INFO: Cron ran at: 17-07-2026 12:50:55 AM [] []
[2026-07-17 00:51:03] SlimMonoLogger.INFO: Cron ran at: 17-07-2026 12:51:03 AM [] []
[2026-07-17 00:51:23] SlimMonoLogger.INFO: Cron ran at: 17-07-2026 12:51:23 AM [] []
[2026-07-17 00:51:52] SlimMonoLogger.INFO: Cron ran at: 17-07-2026 12:51:52 AM [] []
[2026-07-17 00:52:02] SlimMonoLogger.INFO: Cron ran at: 17-07-2026 12:52:02 AM [] []
[2026-07-17 00:52:09] SlimMonoLogger.INFO: Cron ran at: 17-07-2026 12:52:09 AM [] []
[2026-07-17 00:52:18] SlimMonoLogger.INFO: Cron ran at: 17-07-2026 12:52:18 AM [] []
[2026-07-17 00:52:49] SlimMonoLogger.INFO: Cron ran at: 17-07-2026 12:52:49 AM [] []
[2026-07-17 00:53:00] SlimMonoLogger.INFO: Cron ran at: 17-07-2026 12:53:00 AM [] []
[2026-07-17 00:53:01] SlimMonoLogger.INFO: Cron ran at: 17-07-2026 12:53:01 AM [] []
[2026-07-17 00:53:29] SlimMonoLogger.INFO: Cron ran at: 17-07-2026 12:53:29 AM [] []
[2026-07-17 00:53:53] SlimMonoLogger.INFO: Cron ran at: 17-07-2026 12:53:53 AM [] []
[2026-07-17 00:53:53] SlimMonoLogger.INFO: Cron ran at: 17-07-2026 12:53:53 AM [] []
[2026-07-17 00:54:02] SlimMonoLogger.INFO: Cron ran at: 17-07-2026 12:54:02 AM [] []
[2026-07-17 00:54:25] SlimMonoLogger.INFO: Cron ran at: 17-07-2026 12:54:25 AM [] []
[2026-07-17 00:54:46] SlimMonoLogger.INFO: Cron ran at: 17-07-2026 12:54:46 AM [] []
[2026-07-17 00:54:47] SlimMonoLogger.INFO: Cron ran at: 17-07-2026 12:54:47 AM [] []
[2026-07-17 00:55:05] SlimMonoLogger.INFO: Cron ran at: 17-07-2026 12:55:05 AM [] []
[2026-07-17 00:55:22] SlimMonoLogger.INFO: Cron ran at: 17-07-2026 12:55:22 AM [] []
[2026-07-17 00:55:44] SlimMonoLogger.INFO: Cron ran at: 17-07-2026 12:55:44 AM [] []
[2026-07-17 00:55:46] SlimMonoLogger.INFO: Cron ran at: 17-07-2026 12:55:46 AM [] []
[2026-07-17 00:56:09] SlimMonoLogger.INFO: Cron ran at: 17-07-2026 12:56:09 AM [] []
[2026-07-17 00:56:33] SlimMonoLogger.INFO: Cron ran at: 17-07-2026 12:56:33 AM [] []
[2026-07-17 00:56:48] SlimMonoLogger.INFO: Cron ran at: 17-07-2026 12:56:48 AM [] []
[2026-07-17 00:56:49] SlimMonoLogger.INFO: Cron ran at: 17-07-2026 12:56:49 AM [] []
[2026-07-17 00:57:34] SlimMonoLogger.INFO: Cron ran at: 17-07-2026 12:57:34 AM [] []
[2026-07-17 00:57:39] SlimMonoLogger.INFO: Cron ran at: 17-07-2026 12:57:39 AM [] []
[2026-07-17 00:57:50] SlimMonoLogger.INFO: Cron ran at: 17-07-2026 12:57:50 AM [] []
[2026-07-17 00:58:05] SlimMonoLogger.INFO: Cron ran at: 17-07-2026 12:58:05 AM [] []
[2026-07-17 00:58:29] SlimMonoLogger.INFO: Cron ran at: 17-07-2026 12:58:29 AM [] []
[2026-07-17 00:58:29] SlimMonoLogger.INFO: Cron ran at: 17-07-2026 12:58:29 AM [] []
[2026-07-17 00:58:47] SlimMonoLogger.INFO: Cron ran at: 17-07-2026 12:58:47 AM [] []
[2026-07-17 00:59:29] SlimMonoLogger.INFO: Cron ran at: 17-07-2026 12:59:29 AM [] []
[2026-07-17 00:59:29] SlimMonoLogger.INFO: Cron ran at: 17-07-2026 12:59:29 AM [] []
[2026-07-17 00:59:32] SlimMonoLogger.INFO: Cron ran at: 17-07-2026 12:59:32 AM [] []
[2026-07-17 00:59:52] SlimMonoLogger.INFO: Cron ran at: 17-07-2026 12:59:52 AM [] []
[2026-07-17 01:00:10] SlimMonoLogger.INFO: Cron ran at: 17-07-2026 01:00:10 AM [] []
[2026-07-17 01:00:17] SlimMonoLogger.INFO: Cron ran at: 17-07-2026 01:00:17 AM [] []
[2026-07-17 01:00:29] SlimMonoLogger.INFO: Cron ran at: 17-07-2026 01:00:29 AM [] []
[2026-07-17 01:01:00] SlimMonoLogger.INFO: Cron ran at: 17-07-2026 01:01:00 AM [] []
[2026-07-17 01:01:14] SlimMonoLogger.INFO: Cron ran at: 17-07-2026 01:01:14 AM [] []
[2026-07-17 01:01:25] SlimMonoLogger.INFO: Cron ran at: 17-07-2026 01:01:25 AM [] []
[2026-07-17 01:01:48] SlimMonoLogger.INFO: Cron ran at: 17-07-2026 01:01:48 AM [] []
[2026-07-17 01:02:09] SlimMonoLogger.INFO: Cron ran at: 17-07-2026 01:02:09 AM [] []
[2026-07-17 01:02:10] SlimMonoLogger.INFO: Cron ran at: 17-07-2026 01:02:10 AM [] []
[2026-07-17 01:02:25] SlimMonoLogger.INFO: Cron ran at: 17-07-2026 01:02:25 AM [] []
[2026-07-17 01:02:47] SlimMonoLogger.INFO: Cron ran at: 17-07-2026 01:02:47 AM [] []
[2026-07-17 01:03:03] SlimMonoLogger.INFO: Cron ran at: 17-07-2026 01:03:03 AM [] []
[2026-07-17 01:03:10] SlimMonoLogger.INFO: Cron ran at: 17-07-2026 01:03:10 AM [] []
[2026-07-17 01:03:25] SlimMonoLogger.INFO: Cron ran at: 17-07-2026 01:03:25 AM [] []
[2026-07-17 01:03:46] SlimMonoLogger.INFO: Cron ran at: 17-07-2026 01:03:46 AM [] []
[2026-07-17 01:03:48] SlimMonoLogger.INFO: Cron ran at: 17-07-2026 01:03:48 AM [] []
[2026-07-17 01:04:04] SlimMonoLogger.INFO: Cron ran at: 17-07-2026 01:04:04 AM [] []
[2026-07-17 01:04:39] SlimMonoLogger.INFO: Cron ran at: 17-07-2026 01:04:39 AM [] []
[2026-07-17 01:04:45] SlimMonoLogger.ERROR: Requests_Exception: cURL error 28: Operation timed out after 500000 milliseconds with 15824 bytes received in /home/latihtal/public_html/agregator1/src/vendor/rmccue/requests/library/Requests/Transport/cURL.php:422
Stack trace:
#0 /home/latihtal/public_html/agregator1/src/vendor/rmccue/requests/library/Requests/Transport/cURL.php(177): Requests_Transport_cURL->process_response()
#1 /home/latihtal/public_html/agregator1/src/vendor/rmccue/requests/library/Requests.php(379): Requests_Transport_cURL->request()
#2 /home/latihtal/public_html/agregator1/src/vendor/rmccue/requests/library/Requests/Session.php(205): Requests::request()
#3 /home/latihtal/public_html/agregator1/src/vendor/rmccue/requests/library/Requests/Session.php(132): Requests_Session->request()
#4 /home/latihtal/public_html/agregator1/src/drivers/Http/RssImporter.php(144): Requests_Session->get()
#5 /home/latihtal/public_html/agregator1/src/controllers/Dashboard/DashboardFeedsController.php(534): spark\drivers\Http\RssImporter->fetchPosts()
#6 /home/latihtal/public_html/agregator1/src/controllers/Site/SiteController.php(722): spark\controllers\Dashboard\DashboardFeedsController::importFeedPosts()
#7 [internal function]: spark\controllers\Site\SiteController->runTasks()
#8 /home/latihtal/public_html/agregator1/src/framework/Route.php(173): call_user_func_array()
#9 [internal function]: Slim\Route->Slim\{closure}()
#10 /home/latihtal/public_html/agregator1/src/framework/Route.php(468): call_user_func_array()
#11 /home/latihtal/public_html/agregator1/src/framework/Slim.php(1364): Slim\Route->dispatch()
#12 /home/latihtal/public_html/agregator1/src/framework/Middleware/Flash.php(85): Slim\Slim->call()
#13 /home/latihtal/public_html/agregator1/src/framework/Middleware/MethodOverride.php(92): Slim\Middleware\Flash->call()
#14 /home/latihtal/public_html/agregator1/src/middlewares/CsrfGuard/CsrfGuard.php(47): Slim\Middleware\MethodOverride->call()
#15 /home/latihtal/public_html/agregator1/src/framework/Middleware/PrettyExceptions.php(67): spark\middlewares\CsrfGuard\CsrfGuard->call()
#16 /home/latihtal/public_html/agregator1/src/framework/Slim.php(1308): Slim\Middleware\PrettyExceptions->call()
#17 /home/latihtal/public_html/agregator1/index.php(6): Slim\Slim->run()
#18 {main} [] []
[2026-07-17 01:04:47] SlimMonoLogger.INFO: Cron ran at: 17-07-2026 01:04:47 AM [] []
[2026-07-17 01:04:48] SlimMonoLogger.INFO: Cron ran at: 17-07-2026 01:04:48 AM [] []
[2026-07-17 01:05:04] SlimMonoLogger.INFO: Cron ran at: 17-07-2026 01:05:04 AM [] []
[2026-07-17 01:05:24] SlimMonoLogger.INFO: Cron ran at: 17-07-2026 01:05:24 AM [] []
[2026-07-17 01:05:27] SlimMonoLogger.INFO: Cron ran at: 17-07-2026 01:05:27 AM [] []
[2026-07-17 01:05:42] SlimMonoLogger.INFO: Cron ran at: 17-07-2026 01:05:42 AM [] []
[2026-07-17 01:06:03] SlimMonoLogger.INFO: Cron ran at: 17-07-2026 01:06:03 AM [] []
[2026-07-17 01:06:32] SlimMonoLogger.INFO: Cron ran at: 17-07-2026 01:06:32 AM [] []
[2026-07-17 01:06:33] SlimMonoLogger.INFO: Cron ran at: 17-07-2026 01:06:33 AM [] []
[2026-07-17 01:07:03] SlimMonoLogger.INFO: Cron ran at: 17-07-2026 01:07:03 AM [] []
[2026-07-17 01:07:07] SlimMonoLogger.INFO: Cron ran at: 17-07-2026 01:07:07 AM [] []
[2026-07-17 01:07:28] SlimMonoLogger.INFO: Cron ran at: 17-07-2026 01:07:28 AM [] []
[2026-07-17 01:07:36] SlimMonoLogger.INFO: Cron ran at: 17-07-2026 01:07:36 AM [] []
[2026-07-17 01:08:02] SlimMonoLogger.INFO: Cron ran at: 17-07-2026 01:08:02 AM [] []
[2026-07-17 01:08:03] SlimMonoLogger.INFO: Cron ran at: 17-07-2026 01:08:03 AM [] []
[2026-07-17 01:08:24] SlimMonoLogger.INFO: Cron ran at: 17-07-2026 01:08:24 AM [] []
[2026-07-17 01:08:27] SlimMonoLogger.INFO: Cron ran at: 17-07-2026 01:08:27 AM [] []
[2026-07-17 01:09:02] SlimMonoLogger.INFO: Cron ran at: 17-07-2026 01:09:02 AM [] []
[2026-07-17 01:09:02] SlimMonoLogger.INFO: Cron ran at: 17-07-2026 01:09:02 AM [] []
[2026-07-17 01:09:25] SlimMonoLogger.INFO: Cron ran at: 17-07-2026 01:09:25 AM [] []
[2026-07-17 01:09:25] SlimMonoLogger.INFO: Cron ran at: 17-07-2026 01:09:25 AM [] []
[2026-07-17 01:09:51] SlimMonoLogger.INFO: Cron ran at: 17-07-2026 01:09:51 AM [] []
[2026-07-17 01:10:04] SlimMonoLogger.INFO: Cron ran at: 17-07-2026 01:10:04 AM [] []
[2026-07-17 01:10:31] SlimMonoLogger.INFO: Cron ran at: 17-07-2026 01:10:31 AM [] []
[2026-07-17 01:10:31] SlimMonoLogger.INFO: Cron ran at: 17-07-2026 01:10:31 AM [] []
[2026-07-17 01:10:43] SlimMonoLogger.INFO: Cron ran at: 17-07-2026 01:10:43 AM [] []
[2026-07-17 01:11:03] SlimMonoLogger.INFO: Cron ran at: 17-07-2026 01:11:03 AM [] []
[2026-07-17 01:11:30] SlimMonoLogger.INFO: Cron ran at: 17-07-2026 01:11:30 AM [] []
[2026-07-17 01:11:36] SlimMonoLogger.INFO: Cron ran at: 17-07-2026 01:11:36 AM [] []
[2026-07-17 01:11:50] SlimMonoLogger.INFO: Cron ran at: 17-07-2026 01:11:50 AM [] []
[2026-07-17 01:12:03] SlimMonoLogger.INFO: Cron ran at: 17-07-2026 01:12:03 AM [] []
[2026-07-17 01:12:28] SlimMonoLogger.INFO: Cron ran at: 17-07-2026 01:12:28 AM [] []
[2026-07-17 01:12:31] SlimMonoLogger.INFO: Cron ran at: 17-07-2026 01:12:31 AM [] []
[2026-07-17 01:12:36] SlimMonoLogger.INFO: Cron ran at: 17-07-2026 01:12:36 AM [] []
[2026-07-17 01:13:05] SlimMonoLogger.INFO: Cron ran at: 17-07-2026 01:13:05 AM [] []
[2026-07-17 01:13:23] SlimMonoLogger.INFO: Cron ran at: 17-07-2026 01:13:23 AM [] []
[2026-07-17 01:13:25] SlimMonoLogger.INFO: Cron ran at: 17-07-2026 01:13:25 AM [] []
[2026-07-17 01:13:26] SlimMonoLogger.INFO: Cron ran at: 17-07-2026 01:13:26 AM [] []
[2026-07-17 01:14:09] SlimMonoLogger.INFO: Cron ran at: 17-07-2026 01:14:09 AM [] []
[2026-07-17 01:14:21] SlimMonoLogger.INFO: Cron ran at: 17-07-2026 01:14:21 AM [] []
[2026-07-17 01:14:23] SlimMonoLogger.INFO: Cron ran at: 17-07-2026 01:14:23 AM [] []
[2026-07-17 01:14:24] SlimMonoLogger.INFO: Cron ran at: 17-07-2026 01:14:24 AM [] []
[2026-07-17 01:15:05] SlimMonoLogger.INFO: Cron ran at: 17-07-2026 01:15:05 AM [] []
[2026-07-17 01:15:17] SlimMonoLogger.INFO: Cron ran at: 17-07-2026 01:15:17 AM [] []
[2026-07-17 01:15:19] SlimMonoLogger.INFO: Cron ran at: 17-07-2026 01:15:19 AM [] []
[2026-07-17 01:15:28] SlimMonoLogger.INFO: Cron ran at: 17-07-2026 01:15:28 AM [] []
[2026-07-17 01:16:16] SlimMonoLogger.INFO: Cron ran at: 17-07-2026 01:16:16 AM [] []
[2026-07-17 01:16:23] SlimMonoLogger.INFO: Cron ran at: 17-07-2026 01:16:23 AM [] []
[2026-07-17 01:16:25] SlimMonoLogger.INFO: Cron ran at: 17-07-2026 01:16:25 AM [] []
[2026-07-17 01:16:27] SlimMonoLogger.INFO: Cron ran at: 17-07-2026 01:16:27 AM [] []
[2026-07-17 01:17:08] SlimMonoLogger.INFO: Cron ran at: 17-07-2026 01:17:08 AM [] []
[2026-07-17 01:17:16] SlimMonoLogger.INFO: Cron ran at: 17-07-2026 01:17:16 AM [] []
[2026-07-17 01:17:24] SlimMonoLogger.INFO: Cron ran at: 17-07-2026 01:17:24 AM [] []
[2026-07-17 01:17:30] SlimMonoLogger.INFO: Cron ran at: 17-07-2026 01:17:30 AM [] []
[2026-07-17 01:18:06] SlimMonoLogger.INFO: Cron ran at: 17-07-2026 01:18:06 AM [] []
[2026-07-17 01:18:07] SlimMonoLogger.INFO: Cron ran at: 17-07-2026 01:18:07 AM [] []
[2026-07-17 01:18:23] SlimMonoLogger.INFO: Cron ran at: 17-07-2026 01:18:23 AM [] []
[2026-07-17 01:18:24] SlimMonoLogger.INFO: Cron ran at: 17-07-2026 01:18:24 AM [] []
[2026-07-17 01:19:00] SlimMonoLogger.INFO: Cron ran at: 17-07-2026 01:19:00 AM [] []
[2026-07-17 01:19:01] SlimMonoLogger.INFO: Cron ran at: 17-07-2026 01:19:01 AM [] []
[2026-07-17 01:19:22] SlimMonoLogger.INFO: Cron ran at: 17-07-2026 01:19:22 AM [] []
[2026-07-17 01:19:23] SlimMonoLogger.INFO: Cron ran at: 17-07-2026 01:19:23 AM [] []
[2026-07-17 01:19:57] SlimMonoLogger.INFO: Cron ran at: 17-07-2026 01:19:57 AM [] []
[2026-07-17 01:19:58] SlimMonoLogger.INFO: Cron ran at: 17-07-2026 01:19:58 AM [] []
[2026-07-17 01:20:23] SlimMonoLogger.INFO: Cron ran at: 17-07-2026 01:20:23 AM [] []
[2026-07-17 01:20:27] SlimMonoLogger.INFO: Cron ran at: 17-07-2026 01:20:27 AM [] []
[2026-07-17 01:20:53] SlimMonoLogger.INFO: Cron ran at: 17-07-2026 01:20:53 AM [] []
[2026-07-17 01:21:00] SlimMonoLogger.INFO: Cron ran at: 17-07-2026 01:21:00 AM [] []
[2026-07-17 01:21:27] SlimMonoLogger.INFO: Cron ran at: 17-07-2026 01:21:27 AM [] []
[2026-07-17 01:21:45] SlimMonoLogger.INFO: Cron ran at: 17-07-2026 01:21:45 AM [] []
[2026-07-17 01:22:02] SlimMonoLogger.INFO: Cron ran at: 17-07-2026 01:22:02 AM [] []
[2026-07-17 01:22:14] SlimMonoLogger.INFO: Cron ran at: 17-07-2026 01:22:14 AM [] []
[2026-07-17 01:22:25] SlimMonoLogger.INFO: Cron ran at: 17-07-2026 01:22:25 AM [] []
[2026-07-17 01:22:46] SlimMonoLogger.INFO: Cron ran at: 17-07-2026 01:22:46 AM [] []
[2026-07-17 01:22:57] SlimMonoLogger.INFO: Cron ran at: 17-07-2026 01:22:57 AM [] []
[2026-07-17 01:23:00] SlimMonoLogger.INFO: Cron ran at: 17-07-2026 01:23:00 AM [] []
[2026-07-17 01:23:24] SlimMonoLogger.INFO: Cron ran at: 17-07-2026 01:23:24 AM [] []
[2026-07-17 01:23:45] SlimMonoLogger.INFO: Cron ran at: 17-07-2026 01:23:45 AM [] []
[2026-07-17 01:23:57] SlimMonoLogger.INFO: Cron ran at: 17-07-2026 01:23:57 AM [] []
[2026-07-17 01:24:05] SlimMonoLogger.INFO: Cron ran at: 17-07-2026 01:24:05 AM [] []
[2026-07-17 01:24:24] SlimMonoLogger.INFO: Cron ran at: 17-07-2026 01:24:24 AM [] []
[2026-07-17 01:24:50] SlimMonoLogger.INFO: Cron ran at: 17-07-2026 01:24:50 AM [] []
[2026-07-17 01:24:51] SlimMonoLogger.INFO: Cron ran at: 17-07-2026 01:24:51 AM [] []
[2026-07-17 01:25:00] SlimMonoLogger.INFO: Cron ran at: 17-07-2026 01:25:00 AM [] []
[2026-07-17 01:25:23] SlimMonoLogger.INFO: Cron ran at: 17-07-2026 01:25:23 AM [] []
[2026-07-17 01:25:42] SlimMonoLogger.INFO: Cron ran at: 17-07-2026 01:25:42 AM [] []
[2026-07-17 01:25:44] SlimMonoLogger.INFO: Cron ran at: 17-07-2026 01:25:44 AM [] []
[2026-07-17 01:26:01] SlimMonoLogger.INFO: Cron ran at: 17-07-2026 01:26:01 AM [] []
[2026-07-17 01:26:42] SlimMonoLogger.INFO: Cron ran at: 17-07-2026 01:26:42 AM [] []
[2026-07-17 01:26:42] SlimMonoLogger.INFO: Cron ran at: 17-07-2026 01:26:42 AM [] []
[2026-07-17 01:27:06] SlimMonoLogger.INFO: Cron ran at: 17-07-2026 01:27:06 AM [] []
[2026-07-17 01:27:10] SlimMonoLogger.INFO: Cron ran at: 17-07-2026 01:27:10 AM [] []
[2026-07-17 01:27:34] SlimMonoLogger.INFO: Cron ran at: 17-07-2026 01:27:34 AM [] []
[2026-07-17 01:27:36] SlimMonoLogger.INFO: Cron ran at: 17-07-2026 01:27:36 AM [] []
[2026-07-17 01:27:58] SlimMonoLogger.INFO: Cron ran at: 17-07-2026 01:27:58 AM [] []
[2026-07-17 01:27:59] SlimMonoLogger.INFO: Cron ran at: 17-07-2026 01:27:59 AM [] []
[2026-07-17 01:28:32] SlimMonoLogger.INFO: Cron ran at: 17-07-2026 01:28:32 AM [] []
[2026-07-17 01:28:43] SlimMonoLogger.INFO: Cron ran at: 17-07-2026 01:28:43 AM [] []
[2026-07-17 01:28:52] SlimMonoLogger.INFO: Cron ran at: 17-07-2026 01:28:52 AM [] []
[2026-07-17 01:29:00] SlimMonoLogger.INFO: Cron ran at: 17-07-2026 01:29:00 AM [] []
[2026-07-17 01:29:32] SlimMonoLogger.INFO: Cron ran at: 17-07-2026 01:29:32 AM [] []
[2026-07-17 01:29:40] SlimMonoLogger.INFO: Cron ran at: 17-07-2026 01:29:40 AM [] []
[2026-07-17 01:29:41] SlimMonoLogger.INFO: Cron ran at: 17-07-2026 01:29:41 AM [] []
[2026-07-17 01:30:01] SlimMonoLogger.INFO: Cron ran at: 17-07-2026 01:30:01 AM [] []
[2026-07-17 01:30:28] SlimMonoLogger.INFO: Cron ran at: 17-07-2026 01:30:28 AM [] []
[2026-07-17 01:30:38] SlimMonoLogger.INFO: Cron ran at: 17-07-2026 01:30:38 AM [] []
[2026-07-17 01:30:38] SlimMonoLogger.INFO: Cron ran at: 17-07-2026 01:30:38 AM [] []
[2026-07-17 01:31:27] SlimMonoLogger.INFO: Cron ran at: 17-07-2026 01:31:27 AM [] []
[2026-07-17 01:31:33] SlimMonoLogger.INFO: Cron ran at: 17-07-2026 01:31:33 AM [] []
[2026-07-17 01:31:43] SlimMonoLogger.INFO: Cron ran at: 17-07-2026 01:31:43 AM [] []
[2026-07-17 01:32:22] SlimMonoLogger.INFO: Cron ran at: 17-07-2026 01:32:22 AM [] []
[2026-07-17 01:32:29] SlimMonoLogger.INFO: Cron ran at: 17-07-2026 01:32:29 AM [] []
[2026-07-17 01:32:29] SlimMonoLogger.INFO: Cron ran at: 17-07-2026 01:32:29 AM [] []
[2026-07-17 01:32:44] SlimMonoLogger.INFO: Cron ran at: 17-07-2026 01:32:44 AM [] []
[2026-07-17 01:33:11] SlimMonoLogger.INFO: Cron ran at: 17-07-2026 01:33:11 AM [] []
[2026-07-17 01:33:28] SlimMonoLogger.INFO: Cron ran at: 17-07-2026 01:33:28 AM [] []
[2026-07-17 01:33:33] SlimMonoLogger.INFO: Cron ran at: 17-07-2026 01:33:33 AM [] []
[2026-07-17 01:33:39] SlimMonoLogger.INFO: Cron ran at: 17-07-2026 01:33:39 AM [] []
[2026-07-17 01:34:03] SlimMonoLogger.INFO: Cron ran at: 17-07-2026 01:34:03 AM [] []
[2026-07-17 01:34:27] SlimMonoLogger.INFO: Cron ran at: 17-07-2026 01:34:27 AM [] []
[2026-07-17 01:34:27] SlimMonoLogger.INFO: Cron ran at: 17-07-2026 01:34:27 AM [] []
[2026-07-17 01:34:47] SlimMonoLogger.INFO: Cron ran at: 17-07-2026 01:34:47 AM [] []
[2026-07-17 01:35:01] SlimMonoLogger.INFO: Cron ran at: 17-07-2026 01:35:01 AM [] []
[2026-07-17 01:35:28] SlimMonoLogger.INFO: Cron ran at: 17-07-2026 01:35:28 AM [] []
[2026-07-17 01:35:30] SlimMonoLogger.INFO: Cron ran at: 17-07-2026 01:35:30 AM [] []
[2026-07-17 01:35:52] SlimMonoLogger.INFO: Cron ran at: 17-07-2026 01:35:52 AM [] []
[2026-07-17 01:36:25] SlimMonoLogger.INFO: Cron ran at: 17-07-2026 01:36:25 AM [] []
[2026-07-17 01:36:26] SlimMonoLogger.INFO: Cron ran at: 17-07-2026 01:36:26 AM [] []
[2026-07-17 01:36:43] SlimMonoLogger.INFO: Cron ran at: 17-07-2026 01:36:43 AM [] []
[2026-07-17 01:37:05] SlimMonoLogger.INFO: Cron ran at: 17-07-2026 01:37:05 AM [] []
[2026-07-17 01:37:26] SlimMonoLogger.INFO: Cron ran at: 17-07-2026 01:37:26 AM [] []
[2026-07-17 01:37:29] SlimMonoLogger.INFO: Cron ran at: 17-07-2026 01:37:29 AM [] []
[2026-07-17 01:37:35] SlimMonoLogger.INFO: Cron ran at: 17-07-2026 01:37:35 AM [] []
[2026-07-17 01:37:54] SlimMonoLogger.INFO: Cron ran at: 17-07-2026 01:37:54 AM [] []
[2026-07-17 01:38:27] SlimMonoLogger.INFO: Cron ran at: 17-07-2026 01:38:27 AM [] []
[2026-07-17 01:38:33] SlimMonoLogger.INFO: Cron ran at: 17-07-2026 01:38:33 AM [] []
[2026-07-17 01:38:40] SlimMonoLogger.INFO: Cron ran at: 17-07-2026 01:38:40 AM [] []
[2026-07-17 01:38:47] SlimMonoLogger.INFO: Cron ran at: 17-07-2026 01:38:47 AM [] []
[2026-07-17 01:39:29] SlimMonoLogger.INFO: Cron ran at: 17-07-2026 01:39:29 AM [] []
[2026-07-17 01:39:30] SlimMonoLogger.INFO: Cron ran at: 17-07-2026 01:39:30 AM [] []
[2026-07-17 01:39:35] SlimMonoLogger.INFO: Cron ran at: 17-07-2026 01:39:35 AM [] []
[2026-07-17 01:39:41] SlimMonoLogger.INFO: Cron ran at: 17-07-2026 01:39:41 AM [] []
[2026-07-17 01:40:26] SlimMonoLogger.INFO: Cron ran at: 17-07-2026 01:40:26 AM [] []
[2026-07-17 01:40:31] SlimMonoLogger.INFO: Cron ran at: 17-07-2026 01:40:31 AM [] []
[2026-07-17 01:40:32] SlimMonoLogger.INFO: Cron ran at: 17-07-2026 01:40:32 AM [] []
[2026-07-17 01:40:34] SlimMonoLogger.INFO: Cron ran at: 17-07-2026 01:40:34 AM [] []
[2026-07-17 01:41:28] SlimMonoLogger.INFO: Cron ran at: 17-07-2026 01:41:28 AM [] []
[2026-07-17 01:41:29] SlimMonoLogger.INFO: Cron ran at: 17-07-2026 01:41:29 AM [] []
[2026-07-17 01:41:32] SlimMonoLogger.INFO: Cron ran at: 17-07-2026 01:41:32 AM [] []
[2026-07-17 01:41:55] SlimMonoLogger.INFO: Cron ran at: 17-07-2026 01:41:55 AM [] []
[2026-07-17 01:42:27] SlimMonoLogger.INFO: Cron ran at: 17-07-2026 01:42:27 AM [] []
[2026-07-17 01:42:27] SlimMonoLogger.INFO: Cron ran at: 17-07-2026 01:42:27 AM [] []
[2026-07-17 01:42:40] SlimMonoLogger.INFO: Cron ran at: 17-07-2026 01:42:40 AM [] []
[2026-07-17 01:42:40] SlimMonoLogger.INFO: Cron ran at: 17-07-2026 01:42:40 AM [] []
[2026-07-17 01:43:25] SlimMonoLogger.INFO: Cron ran at: 17-07-2026 01:43:25 AM [] []
[2026-07-17 01:43:25] SlimMonoLogger.INFO: Cron ran at: 17-07-2026 01:43:25 AM [] []
[2026-07-17 01:43:34] SlimMonoLogger.INFO: Cron ran at: 17-07-2026 01:43:34 AM [] []
[2026-07-17 01:43:39] SlimMonoLogger.INFO: Cron ran at: 17-07-2026 01:43:39 AM [] []
[2026-07-17 01:44:23] SlimMonoLogger.INFO: Cron ran at: 17-07-2026 01:44:23 AM [] []
[2026-07-17 01:44:24] SlimMonoLogger.INFO: Cron ran at: 17-07-2026 01:44:24 AM [] []
[2026-07-17 01:44:24] SlimMonoLogger.INFO: Cron ran at: 17-07-2026 01:44:24 AM [] []
[2026-07-17 01:44:32] SlimMonoLogger.INFO: Cron ran at: 17-07-2026 01:44:32 AM [] []
[2026-07-17 01:45:22] SlimMonoLogger.INFO: Cron ran at: 17-07-2026 01:45:22 AM [] []
[2026-07-17 01:45:23] SlimMonoLogger.INFO: Cron ran at: 17-07-2026 01:45:23 AM [] []
[2026-07-17 01:45:26] SlimMonoLogger.INFO: Cron ran at: 17-07-2026 01:45:26 AM [] []
[2026-07-17 01:45:38] SlimMonoLogger.INFO: Cron ran at: 17-07-2026 01:45:38 AM [] []
[2026-07-17 01:46:22] SlimMonoLogger.INFO: Cron ran at: 17-07-2026 01:46:22 AM [] []
[2026-07-17 01:46:22] SlimMonoLogger.INFO: Cron ran at: 17-07-2026 01:46:22 AM [] []
[2026-07-17 01:46:41] SlimMonoLogger.INFO: Cron ran at: 17-07-2026 01:46:41 AM [] []
[2026-07-17 01:47:10] SlimMonoLogger.INFO: Cron ran at: 17-07-2026 01:47:10 AM [] []
[2026-07-17 01:47:11] SlimMonoLogger.INFO: Cron ran at: 17-07-2026 01:47:11 AM [] []
[2026-07-17 01:47:19] SlimMonoLogger.INFO: Cron ran at: 17-07-2026 01:47:19 AM [] []
[2026-07-17 01:47:32] SlimMonoLogger.INFO: Cron ran at: 17-07-2026 01:47:32 AM [] []
[2026-07-17 01:47:59] SlimMonoLogger.INFO: Cron ran at: 17-07-2026 01:47:59 AM [] []
[2026-07-17 01:48:11] SlimMonoLogger.INFO: Cron ran at: 17-07-2026 01:48:11 AM [] []
[2026-07-17 01:48:22] SlimMonoLogger.INFO: Cron ran at: 17-07-2026 01:48:22 AM [] []
[2026-07-17 01:48:34] SlimMonoLogger.INFO: Cron ran at: 17-07-2026 01:48:34 AM [] []
[2026-07-17 01:48:53] SlimMonoLogger.INFO: Cron ran at: 17-07-2026 01:48:53 AM [] []
[2026-07-17 01:49:06] SlimMonoLogger.INFO: Cron ran at: 17-07-2026 01:49:06 AM [] []
[2026-07-17 01:49:21] SlimMonoLogger.INFO: Cron ran at: 17-07-2026 01:49:21 AM [] []
[2026-07-17 01:49:33] SlimMonoLogger.INFO: Cron ran at: 17-07-2026 01:49:33 AM [] []
[2026-07-17 01:49:48] SlimMonoLogger.INFO: Cron ran at: 17-07-2026 01:49:48 AM [] []
[2026-07-17 01:50:11] SlimMonoLogger.INFO: Cron ran at: 17-07-2026 01:50:11 AM [] []
[2026-07-17 01:50:27] SlimMonoLogger.INFO: Cron ran at: 17-07-2026 01:50:27 AM [] []
[2026-07-17 01:50:36] SlimMonoLogger.INFO: Cron ran at: 17-07-2026 01:50:36 AM [] []
[2026-07-17 01:50:36] SlimMonoLogger.INFO: Cron ran at: 17-07-2026 01:50:36 AM [] []
[2026-07-17 01:51:06] SlimMonoLogger.INFO: Cron ran at: 17-07-2026 01:51:06 AM [] []
[2026-07-17 01:51:22] SlimMonoLogger.INFO: Cron ran at: 17-07-2026 01:51:22 AM [] []
[2026-07-17 01:51:41] SlimMonoLogger.INFO: Cron ran at: 17-07-2026 01:51:41 AM [] []
[2026-07-17 01:52:04] SlimMonoLogger.INFO: Cron ran at: 17-07-2026 01:52:04 AM [] []
[2026-07-17 01:52:07] SlimMonoLogger.INFO: Cron ran at: 17-07-2026 01:52:07 AM [] []
[2026-07-17 01:52:23] SlimMonoLogger.INFO: Cron ran at: 17-07-2026 01:52:23 AM [] []
[2026-07-17 01:52:32] SlimMonoLogger.INFO: Cron ran at: 17-07-2026 01:52:32 AM [] []
[2026-07-17 01:52:47] SlimMonoLogger.INFO: Cron ran at: 17-07-2026 01:52:47 AM [] []
[2026-07-17 01:53:07] SlimMonoLogger.INFO: Cron ran at: 17-07-2026 01:53:07 AM [] []
[2026-07-17 01:53:21] SlimMonoLogger.INFO: Cron ran at: 17-07-2026 01:53:21 AM [] []
[2026-07-17 01:53:29] SlimMonoLogger.INFO: Cron ran at: 17-07-2026 01:53:29 AM [] []
[2026-07-17 01:53:37] SlimMonoLogger.INFO: Cron ran at: 17-07-2026 01:53:37 AM [] []
[2026-07-17 01:54:10] SlimMonoLogger.INFO: Cron ran at: 17-07-2026 01:54:10 AM [] []
[2026-07-17 01:54:24] SlimMonoLogger.INFO: Cron ran at: 17-07-2026 01:54:24 AM [] []
[2026-07-17 01:54:26] SlimMonoLogger.INFO: Cron ran at: 17-07-2026 01:54:26 AM [] []
[2026-07-17 01:54:27] SlimMonoLogger.INFO: Cron ran at: 17-07-2026 01:54:27 AM [] []
[2026-07-17 01:55:08] SlimMonoLogger.INFO: Cron ran at: 17-07-2026 01:55:08 AM [] []
[2026-07-17 01:55:19] SlimMonoLogger.INFO: Cron ran at: 17-07-2026 01:55:19 AM [] []
[2026-07-17 01:55:25] SlimMonoLogger.INFO: Cron ran at: 17-07-2026 01:55:25 AM [] []
[2026-07-17 01:55:27] SlimMonoLogger.INFO: Cron ran at: 17-07-2026 01:55:27 AM [] []
[2026-07-17 01:56:09] SlimMonoLogger.INFO: Cron ran at: 17-07-2026 01:56:09 AM [] []
[2026-07-17 01:56:21] SlimMonoLogger.INFO: Cron ran at: 17-07-2026 01:56:21 AM [] []
[2026-07-17 01:56:23] SlimMonoLogger.INFO: Cron ran at: 17-07-2026 01:56:23 AM [] []
[2026-07-17 01:56:37] SlimMonoLogger.INFO: Cron ran at: 17-07-2026 01:56:37 AM [] []
[2026-07-17 01:57:09] SlimMonoLogger.INFO: Cron ran at: 17-07-2026 01:57:09 AM [] []
[2026-07-17 01:57:18] SlimMonoLogger.INFO: Cron ran at: 17-07-2026 01:57:18 AM [] []
[2026-07-17 01:57:36] SlimMonoLogger.INFO: Cron ran at: 17-07-2026 01:57:36 AM [] []
[2026-07-17 01:57:38] SlimMonoLogger.INFO: Cron ran at: 17-07-2026 01:57:38 AM [] []
[2026-07-17 01:58:13] SlimMonoLogger.INFO: Cron ran at: 17-07-2026 01:58:13 AM [] []
[2026-07-17 01:58:20] SlimMonoLogger.INFO: Cron ran at: 17-07-2026 01:58:20 AM [] []
[2026-07-17 01:58:22] SlimMonoLogger.INFO: Cron ran at: 17-07-2026 01:58:22 AM [] []
[2026-07-17 01:58:27] SlimMonoLogger.INFO: Cron ran at: 17-07-2026 01:58:27 AM [] []
[2026-07-17 01:59:09] SlimMonoLogger.INFO: Cron ran at: 17-07-2026 01:59:09 AM [] []
[2026-07-17 01:59:10] SlimMonoLogger.INFO: Cron ran at: 17-07-2026 01:59:10 AM [] []
[2026-07-17 01:59:13] SlimMonoLogger.INFO: Cron ran at: 17-07-2026 01:59:13 AM [] []
[2026-07-17 01:59:25] SlimMonoLogger.INFO: Cron ran at: 17-07-2026 01:59:25 AM [] []
[2026-07-17 02:00:06] SlimMonoLogger.INFO: Cron ran at: 17-07-2026 02:00:06 AM [] []
[2026-07-17 02:00:08] SlimMonoLogger.INFO: Cron ran at: 17-07-2026 02:00:08 AM [] []
[2026-07-17 02:00:08] SlimMonoLogger.INFO: Cron ran at: 17-07-2026 02:00:08 AM [] []
[2026-07-17 02:00:31] SlimMonoLogger.INFO: Cron ran at: 17-07-2026 02:00:31 AM [] []
[2026-07-17 02:01:05] SlimMonoLogger.INFO: Cron ran at: 17-07-2026 02:01:05 AM [] []
[2026-07-17 02:01:08] SlimMonoLogger.INFO: Cron ran at: 17-07-2026 02:01:08 AM [] []
