[2026-04-21 02:01:25] SlimMonoLogger.INFO: Cron ran at: 21-04-2026 02:01:25 AM [] []
[2026-04-21 02:01:28] SlimMonoLogger.INFO: Cron ran at: 21-04-2026 02:01:28 AM [] []
[2026-04-21 02:01:39] SlimMonoLogger.INFO: Cron ran at: 21-04-2026 02:01:39 AM [] []
[2026-04-21 02:01:47] SlimMonoLogger.INFO: Cron ran at: 21-04-2026 02:01:47 AM [] []
[2026-04-21 02:01:53] SlimMonoLogger.INFO: Cron ran at: 21-04-2026 02:01:53 AM [] []
[2026-04-21 02:02:00] SlimMonoLogger.INFO: Cron ran at: 21-04-2026 02:02:00 AM [] []
[2026-04-21 02:02:14] SlimMonoLogger.INFO: Cron ran at: 21-04-2026 02:02:14 AM [] []
[2026-04-21 02:02:24] SlimMonoLogger.INFO: Cron ran at: 21-04-2026 02:02:24 AM [] []
[2026-04-21 02:02:32] SlimMonoLogger.INFO: Cron ran at: 21-04-2026 02:02:32 AM [] []
[2026-04-21 02:02:52] SlimMonoLogger.INFO: Cron ran at: 21-04-2026 02:02:52 AM [] []
[2026-04-21 02:03:00] SlimMonoLogger.INFO: Cron ran at: 21-04-2026 02:03:00 AM [] []
[2026-04-21 02:03:12] SlimMonoLogger.INFO: Cron ran at: 21-04-2026 02:03:12 AM [] []
[2026-04-21 02:03:14] SlimMonoLogger.INFO: Cron ran at: 21-04-2026 02:03:14 AM [] []
[2026-04-21 02:03:22] SlimMonoLogger.INFO: Cron ran at: 21-04-2026 02:03:22 AM [] []
[2026-04-21 02:03:29] SlimMonoLogger.INFO: Cron ran at: 21-04-2026 02:03:29 AM [] []
[2026-04-21 02:03:47] SlimMonoLogger.INFO: Cron ran at: 21-04-2026 02:03:47 AM [] []
[2026-04-21 02:03:58] SlimMonoLogger.INFO: Cron ran at: 21-04-2026 02:03:58 AM [] []
[2026-04-21 02:04:12] SlimMonoLogger.INFO: Cron ran at: 21-04-2026 02:04:12 AM [] []
[2026-04-21 02:04:31] SlimMonoLogger.INFO: Cron ran at: 21-04-2026 02:04:31 AM [] []
[2026-04-21 02:04:35] SlimMonoLogger.INFO: Cron ran at: 21-04-2026 02:04:35 AM [] []
[2026-04-21 02:04:49] SlimMonoLogger.INFO: Cron ran at: 21-04-2026 02:04:49 AM [] []
[2026-04-21 02:05:07] SlimMonoLogger.INFO: Cron ran at: 21-04-2026 02:05:07 AM [] []
[2026-04-21 02:05:11] SlimMonoLogger.INFO: Cron ran at: 21-04-2026 02:05:11 AM [] []
[2026-04-21 02:05:36] SlimMonoLogger.INFO: Cron ran at: 21-04-2026 02:05:36 AM [] []
[2026-04-21 02:05:48] SlimMonoLogger.INFO: Cron ran at: 21-04-2026 02:05:48 AM [] []
[2026-04-21 02:06:03] SlimMonoLogger.INFO: Cron ran at: 21-04-2026 02:06:03 AM [] []
[2026-04-21 02:06:24] SlimMonoLogger.INFO: Cron ran at: 21-04-2026 02:06:24 AM [] []
[2026-04-21 02:06:24] SlimMonoLogger.INFO: Cron ran at: 21-04-2026 02:06:24 AM [] []
[2026-04-21 02:06:25] SlimMonoLogger.INFO: Cron ran at: 21-04-2026 02:06:25 AM [] []
[2026-04-21 02:06:32] SlimMonoLogger.INFO: Cron ran at: 21-04-2026 02:06:32 AM [] []
[2026-04-21 02:06:39] SlimMonoLogger.INFO: Cron ran at: 21-04-2026 02:06:39 AM [] []
[2026-04-21 02:06:57] SlimMonoLogger.INFO: Cron ran at: 21-04-2026 02:06:57 AM [] []
[2026-04-21 02:07:00] SlimMonoLogger.INFO: Cron ran at: 21-04-2026 02:07:00 AM [] []
[2026-04-21 02:07:01] SlimMonoLogger.INFO: Cron ran at: 21-04-2026 02:07:01 AM [] []
[2026-04-21 02:07:03] SlimMonoLogger.INFO: Cron ran at: 21-04-2026 02:07:03 AM [] []
[2026-04-21 02:07:34] SlimMonoLogger.INFO: Cron ran at: 21-04-2026 02:07:34 AM [] []
[2026-04-21 02:07:36] SlimMonoLogger.INFO: Cron ran at: 21-04-2026 02:07:36 AM [] []
[2026-04-21 02:07:52] SlimMonoLogger.INFO: Cron ran at: 21-04-2026 02:07:52 AM [] []
[2026-04-21 02:09:04] SlimMonoLogger.INFO: Cron ran at: 21-04-2026 02:09:04 AM [] []
[2026-04-21 02:10:07] SlimMonoLogger.INFO: Cron ran at: 21-04-2026 02:10:07 AM [] []
[2026-04-21 02:11:16] SlimMonoLogger.INFO: Cron ran at: 21-04-2026 02:11:16 AM [] []
[2026-04-21 02:11:16] SlimMonoLogger.INFO: Cron ran at: 21-04-2026 02:11:16 AM [] []
[2026-04-21 02:12:01] SlimMonoLogger.INFO: Cron ran at: 21-04-2026 02:12:01 AM [] []
[2026-04-21 02:12:15] SlimMonoLogger.INFO: Cron ran at: 21-04-2026 02:12:15 AM [] []
[2026-04-21 02:13:15] SlimMonoLogger.INFO: Cron ran at: 21-04-2026 02:13:15 AM [] []
[2026-04-21 02:14:19] SlimMonoLogger.INFO: Cron ran at: 21-04-2026 02:14:19 AM [] []
[2026-04-21 02:15:27] SlimMonoLogger.INFO: Cron ran at: 21-04-2026 02:15:27 AM [] []
[2026-04-21 02:16:14] SlimMonoLogger.INFO: Cron ran at: 21-04-2026 02:16:14 AM [] []
[2026-04-21 02:16:24] SlimMonoLogger.INFO: Cron ran at: 21-04-2026 02:16:24 AM [] []
[2026-04-21 02:17:07] SlimMonoLogger.INFO: Cron ran at: 21-04-2026 02:17:07 AM [] []
[2026-04-21 02:17:24] SlimMonoLogger.INFO: Cron ran at: 21-04-2026 02:17:24 AM [] []
[2026-04-21 02:18:10] SlimMonoLogger.INFO: Cron ran at: 21-04-2026 02:18:10 AM [] []
[2026-04-21 02:18:38] SlimMonoLogger.INFO: Cron ran at: 21-04-2026 02:18:38 AM [] []
[2026-04-21 02:19:13] SlimMonoLogger.INFO: Cron ran at: 21-04-2026 02:19:13 AM [] []
[2026-04-21 02:19:45] SlimMonoLogger.INFO: Cron ran at: 21-04-2026 02:19:45 AM [] []
[2026-04-21 02:20:16] SlimMonoLogger.INFO: Cron ran at: 21-04-2026 02:20:16 AM [] []
[2026-04-21 02:20:43] SlimMonoLogger.INFO: Cron ran at: 21-04-2026 02:20:43 AM [] []
[2026-04-21 02:21:13] SlimMonoLogger.INFO: Cron ran at: 21-04-2026 02:21:13 AM [] []
[2026-04-21 02:21:16] SlimMonoLogger.INFO: Cron ran at: 21-04-2026 02:21:16 AM [] []
[2026-04-21 02:21:48] SlimMonoLogger.INFO: Cron ran at: 21-04-2026 02:21:48 AM [] []
[2026-04-21 02:21:59] SlimMonoLogger.INFO: Cron ran at: 21-04-2026 02:21:59 AM [] []
[2026-04-21 02:22:07] SlimMonoLogger.INFO: Cron ran at: 21-04-2026 02:22:07 AM [] []
[2026-04-21 02:22:50] SlimMonoLogger.INFO: Cron ran at: 21-04-2026 02:22:50 AM [] []
[2026-04-21 02:24:02] SlimMonoLogger.INFO: Cron ran at: 21-04-2026 02:24:02 AM [] []
[2026-04-21 02:24:56] SlimMonoLogger.INFO: Cron ran at: 21-04-2026 02:24:56 AM [] []
[2026-04-21 02:26:10] SlimMonoLogger.INFO: Cron ran at: 21-04-2026 02:26:10 AM [] []
[2026-04-21 02:27:10] SlimMonoLogger.INFO: Cron ran at: 21-04-2026 02:27:10 AM [] []
[2026-04-21 02:28:05] SlimMonoLogger.INFO: Cron ran at: 21-04-2026 02:28:05 AM [] []
[2026-04-21 02:29:08] SlimMonoLogger.INFO: Cron ran at: 21-04-2026 02:29:08 AM [] []
[2026-04-21 02:30:06] SlimMonoLogger.INFO: Cron ran at: 21-04-2026 02:30:06 AM [] []
[2026-04-21 02:31:07] SlimMonoLogger.INFO: Cron ran at: 21-04-2026 02:31:07 AM [] []
[2026-04-21 02:31:09] SlimMonoLogger.INFO: Cron ran at: 21-04-2026 02:31:09 AM [] []
[2026-04-21 02:32:07] SlimMonoLogger.INFO: Cron ran at: 21-04-2026 02:32:07 AM [] []
[2026-04-21 02:32:11] SlimMonoLogger.INFO: Cron ran at: 21-04-2026 02:32:11 AM [] []
[2026-04-21 02:33:05] SlimMonoLogger.INFO: Cron ran at: 21-04-2026 02:33:05 AM [] []
[2026-04-21 02:33:06] SlimMonoLogger.INFO: Cron ran at: 21-04-2026 02:33:06 AM [] []
[2026-04-21 02:34:12] SlimMonoLogger.INFO: Cron ran at: 21-04-2026 02:34:12 AM [] []
[2026-04-21 02:35:07] SlimMonoLogger.INFO: Cron ran at: 21-04-2026 02:35:07 AM [] []
[2026-04-21 02:36:13] SlimMonoLogger.INFO: Cron ran at: 21-04-2026 02:36:13 AM [] []
[2026-04-21 02:37:07] SlimMonoLogger.INFO: Cron ran at: 21-04-2026 02:37:07 AM [] []
[2026-04-21 02:37:08] SlimMonoLogger.INFO: Cron ran at: 21-04-2026 02:37:08 AM [] []
[2026-04-21 02:37:52] SlimMonoLogger.ERROR: Requests_Exception: cURL error 28: Failed to connect to estrada.mk port 443 after 131478 ms: Could not connect to server in /home/latihtal/public_html/agregator1/src/vendor/rmccue/requests/library/Requests/Transport/cURL.php:422
Stack trace:
#0 /home/latihtal/public_html/agregator1/src/vendor/rmccue/requests/library/Requests/Transport/cURL.php(177): Requests_Transport_cURL->process_response()
#1 /home/latihtal/public_html/agregator1/src/vendor/rmccue/requests/library/Requests.php(379): Requests_Transport_cURL->request()
#2 /home/latihtal/public_html/agregator1/src/vendor/rmccue/requests/library/Requests/Session.php(205): Requests::request()
#3 /home/latihtal/public_html/agregator1/src/vendor/rmccue/requests/library/Requests/Session.php(132): Requests_Session->request()
#4 /home/latihtal/public_html/agregator1/src/drivers/Http/RssImporter.php(144): Requests_Session->get()
#5 /home/latihtal/public_html/agregator1/src/controllers/Dashboard/DashboardFeedsController.php(534): spark\drivers\Http\RssImporter->fetchPosts()
#6 /home/latihtal/public_html/agregator1/src/controllers/Site/SiteController.php(722): spark\controllers\Dashboard\DashboardFeedsController::importFeedPosts()
#7 [internal function]: spark\controllers\Site\SiteController->runTasks()
#8 /home/latihtal/public_html/agregator1/src/framework/Route.php(173): call_user_func_array()
#9 [internal function]: Slim\Route->Slim\{closure}()
#10 /home/latihtal/public_html/agregator1/src/framework/Route.php(468): call_user_func_array()
#11 /home/latihtal/public_html/agregator1/src/framework/Slim.php(1364): Slim\Route->dispatch()
#12 /home/latihtal/public_html/agregator1/src/framework/Middleware/Flash.php(85): Slim\Slim->call()
#13 /home/latihtal/public_html/agregator1/src/framework/Middleware/MethodOverride.php(92): Slim\Middleware\Flash->call()
#14 /home/latihtal/public_html/agregator1/src/middlewares/CsrfGuard/CsrfGuard.php(47): Slim\Middleware\MethodOverride->call()
#15 /home/latihtal/public_html/agregator1/src/framework/Middleware/PrettyExceptions.php(67): spark\middlewares\CsrfGuard\CsrfGuard->call()
#16 /home/latihtal/public_html/agregator1/src/framework/Slim.php(1308): Slim\Middleware\PrettyExceptions->call()
#17 /home/latihtal/public_html/agregator1/index.php(6): Slim\Slim->run()
#18 {main} [] []
[2026-04-21 02:38:05] SlimMonoLogger.INFO: Cron ran at: 21-04-2026 02:38:05 AM [] []
[2026-04-21 02:38:06] SlimMonoLogger.INFO: Cron ran at: 21-04-2026 02:38:06 AM [] []
[2026-04-21 02:38:17] SlimMonoLogger.INFO: Cron ran at: 21-04-2026 02:38:17 AM [] []
[2026-04-21 02:39:07] SlimMonoLogger.INFO: Cron ran at: 21-04-2026 02:39:07 AM [] []
[2026-04-21 02:40:11] SlimMonoLogger.INFO: Cron ran at: 21-04-2026 02:40:11 AM [] []
[2026-04-21 02:41:09] SlimMonoLogger.INFO: Cron ran at: 21-04-2026 02:41:09 AM [] []
[2026-04-21 02:41:09] SlimMonoLogger.INFO: Cron ran at: 21-04-2026 02:41:09 AM [] []
[2026-04-21 02:42:05] SlimMonoLogger.INFO: Cron ran at: 21-04-2026 02:42:05 AM [] []
[2026-04-21 02:42:08] SlimMonoLogger.INFO: Cron ran at: 21-04-2026 02:42:08 AM [] []
[2026-04-21 02:43:09] SlimMonoLogger.INFO: Cron ran at: 21-04-2026 02:43:09 AM [] []
[2026-04-21 02:43:10] SlimMonoLogger.INFO: Cron ran at: 21-04-2026 02:43:10 AM [] []
[2026-04-21 02:44:10] SlimMonoLogger.INFO: Cron ran at: 21-04-2026 02:44:10 AM [] []
[2026-04-21 02:44:10] SlimMonoLogger.INFO: Cron ran at: 21-04-2026 02:44:10 AM [] []
[2026-04-21 02:45:10] SlimMonoLogger.INFO: Cron ran at: 21-04-2026 02:45:10 AM [] []
[2026-04-21 02:45:15] SlimMonoLogger.INFO: Cron ran at: 21-04-2026 02:45:15 AM [] []
[2026-04-21 02:46:11] SlimMonoLogger.INFO: Cron ran at: 21-04-2026 02:46:11 AM [] []
[2026-04-21 02:46:11] SlimMonoLogger.INFO: Cron ran at: 21-04-2026 02:46:11 AM [] []
[2026-04-21 02:46:14] SlimMonoLogger.INFO: Cron ran at: 21-04-2026 02:46:14 AM [] []
[2026-04-21 02:47:01] SlimMonoLogger.INFO: Cron ran at: 21-04-2026 02:47:01 AM [] []
[2026-04-21 02:47:02] SlimMonoLogger.INFO: Cron ran at: 21-04-2026 02:47:02 AM [] []
[2026-04-21 02:47:06] SlimMonoLogger.INFO: Cron ran at: 21-04-2026 02:47:06 AM [] []
[2026-04-21 02:51:18] SlimMonoLogger.INFO: Cron ran at: 21-04-2026 02:51:18 AM [] []
[2026-04-21 02:52:06] SlimMonoLogger.INFO: Cron ran at: 21-04-2026 02:52:06 AM [] []
[2026-04-21 02:53:06] SlimMonoLogger.INFO: Cron ran at: 21-04-2026 02:53:06 AM [] []
[2026-04-21 02:54:04] SlimMonoLogger.INFO: Cron ran at: 21-04-2026 02:54:04 AM [] []
[2026-04-21 02:56:10] SlimMonoLogger.INFO: Cron ran at: 21-04-2026 02:56:10 AM [] []
[2026-04-21 02:57:04] SlimMonoLogger.INFO: Cron ran at: 21-04-2026 02:57:04 AM [] []
[2026-04-21 02:58:02] SlimMonoLogger.INFO: Cron ran at: 21-04-2026 02:58:02 AM [] []
[2026-04-21 03:01:23] SlimMonoLogger.INFO: Cron ran at: 21-04-2026 03:01:23 AM [] []
[2026-04-21 03:02:09] SlimMonoLogger.INFO: Cron ran at: 21-04-2026 03:02:09 AM [] []
[2026-04-21 03:03:03] SlimMonoLogger.INFO: Cron ran at: 21-04-2026 03:03:03 AM [] []
[2026-04-21 03:06:09] SlimMonoLogger.INFO: Cron ran at: 21-04-2026 03:06:09 AM [] []
[2026-04-21 03:07:01] SlimMonoLogger.INFO: Cron ran at: 21-04-2026 03:07:01 AM [] []
[2026-04-21 03:11:09] SlimMonoLogger.INFO: Cron ran at: 21-04-2026 03:11:09 AM [] []
[2026-04-21 03:12:12] SlimMonoLogger.INFO: Cron ran at: 21-04-2026 03:12:12 AM [] []
[2026-04-21 03:13:07] SlimMonoLogger.INFO: Cron ran at: 21-04-2026 03:13:07 AM [] []
[2026-04-21 03:14:10] SlimMonoLogger.INFO: Cron ran at: 21-04-2026 03:14:10 AM [] []
[2026-04-21 03:15:10] SlimMonoLogger.INFO: Cron ran at: 21-04-2026 03:15:10 AM [] []
[2026-04-21 03:16:07] SlimMonoLogger.INFO: Cron ran at: 21-04-2026 03:16:07 AM [] []
[2026-04-21 03:16:08] SlimMonoLogger.INFO: Cron ran at: 21-04-2026 03:16:08 AM [] []
[2026-04-21 03:17:01] SlimMonoLogger.INFO: Cron ran at: 21-04-2026 03:17:01 AM [] []
[2026-04-21 03:17:07] SlimMonoLogger.INFO: Cron ran at: 21-04-2026 03:17:07 AM [] []
[2026-04-21 03:21:12] SlimMonoLogger.INFO: Cron ran at: 21-04-2026 03:21:12 AM [] []
[2026-04-21 03:22:04] SlimMonoLogger.INFO: Cron ran at: 21-04-2026 03:22:04 AM [] []
[2026-04-21 03:23:03] SlimMonoLogger.INFO: Cron ran at: 21-04-2026 03:23:03 AM [] []
[2026-04-21 03:26:08] SlimMonoLogger.INFO: Cron ran at: 21-04-2026 03:26:08 AM [] []
[2026-04-21 03:27:02] SlimMonoLogger.INFO: Cron ran at: 21-04-2026 03:27:02 AM [] []
[2026-04-21 03:31:12] SlimMonoLogger.INFO: Cron ran at: 21-04-2026 03:31:12 AM [] []
[2026-04-21 03:32:07] SlimMonoLogger.INFO: Cron ran at: 21-04-2026 03:32:07 AM [] []
[2026-04-21 03:33:05] SlimMonoLogger.INFO: Cron ran at: 21-04-2026 03:33:05 AM [] []
[2026-04-21 03:36:15] SlimMonoLogger.INFO: Cron ran at: 21-04-2026 03:36:15 AM [] []
[2026-04-21 03:37:07] SlimMonoLogger.INFO: Cron ran at: 21-04-2026 03:37:07 AM [] []
[2026-04-21 03:38:05] SlimMonoLogger.INFO: Cron ran at: 21-04-2026 03:38:05 AM [] []
[2026-04-21 03:39:05] SlimMonoLogger.INFO: Cron ran at: 21-04-2026 03:39:05 AM [] []
[2026-04-21 03:41:12] SlimMonoLogger.INFO: Cron ran at: 21-04-2026 03:41:12 AM [] []
[2026-04-21 03:42:07] SlimMonoLogger.INFO: Cron ran at: 21-04-2026 03:42:07 AM [] []
[2026-04-21 03:43:07] SlimMonoLogger.INFO: Cron ran at: 21-04-2026 03:43:07 AM [] []
[2026-04-21 03:44:14] SlimMonoLogger.INFO: Cron ran at: 21-04-2026 03:44:14 AM [] []
[2026-04-21 03:45:06] SlimMonoLogger.INFO: Cron ran at: 21-04-2026 03:45:06 AM [] []
[2026-04-21 03:46:04] SlimMonoLogger.INFO: Cron ran at: 21-04-2026 03:46:04 AM [] []
[2026-04-21 03:47:03] SlimMonoLogger.INFO: Cron ran at: 21-04-2026 03:47:03 AM [] []
[2026-04-21 03:51:11] SlimMonoLogger.INFO: Cron ran at: 21-04-2026 03:51:11 AM [] []
[2026-04-21 03:52:13] SlimMonoLogger.INFO: Cron ran at: 21-04-2026 03:52:13 AM [] []
[2026-04-21 03:53:06] SlimMonoLogger.INFO: Cron ran at: 21-04-2026 03:53:06 AM [] []
[2026-04-21 03:54:08] SlimMonoLogger.INFO: Cron ran at: 21-04-2026 03:54:08 AM [] []
[2026-04-21 03:55:03] SlimMonoLogger.INFO: Cron ran at: 21-04-2026 03:55:03 AM [] []
[2026-04-21 03:56:08] SlimMonoLogger.INFO: Cron ran at: 21-04-2026 03:56:08 AM [] []
[2026-04-21 03:57:07] SlimMonoLogger.INFO: Cron ran at: 21-04-2026 03:57:07 AM [] []
[2026-04-21 03:58:07] SlimMonoLogger.INFO: Cron ran at: 21-04-2026 03:58:07 AM [] []
[2026-04-21 03:59:03] SlimMonoLogger.INFO: Cron ran at: 21-04-2026 03:59:03 AM [] []
[2026-04-21 04:01:17] SlimMonoLogger.INFO: Cron ran at: 21-04-2026 04:01:17 AM [] []
[2026-04-21 04:02:12] SlimMonoLogger.INFO: Cron ran at: 21-04-2026 04:02:12 AM [] []
[2026-04-21 04:03:08] SlimMonoLogger.INFO: Cron ran at: 21-04-2026 04:03:08 AM [] []
[2026-04-21 04:04:09] SlimMonoLogger.INFO: Cron ran at: 21-04-2026 04:04:09 AM [] []
[2026-04-21 04:05:10] SlimMonoLogger.INFO: Cron ran at: 21-04-2026 04:05:10 AM [] []
[2026-04-21 04:06:07] SlimMonoLogger.INFO: Cron ran at: 21-04-2026 04:06:07 AM [] []
[2026-04-21 04:06:08] SlimMonoLogger.INFO: Cron ran at: 21-04-2026 04:06:08 AM [] []
[2026-04-21 04:07:06] SlimMonoLogger.INFO: Cron ran at: 21-04-2026 04:07:06 AM [] []
[2026-04-21 04:07:11] SlimMonoLogger.INFO: Cron ran at: 21-04-2026 04:07:11 AM [] []
[2026-04-21 04:08:12] SlimMonoLogger.INFO: Cron ran at: 21-04-2026 04:08:12 AM [] []
[2026-04-21 04:08:18] SlimMonoLogger.INFO: Cron ran at: 21-04-2026 04:08:18 AM [] []
[2026-04-21 04:09:11] SlimMonoLogger.INFO: Cron ran at: 21-04-2026 04:09:11 AM [] []
[2026-04-21 04:09:12] SlimMonoLogger.INFO: Cron ran at: 21-04-2026 04:09:12 AM [] []
[2026-04-21 04:10:09] SlimMonoLogger.INFO: Cron ran at: 21-04-2026 04:10:09 AM [] []
[2026-04-21 04:10:16] SlimMonoLogger.INFO: Cron ran at: 21-04-2026 04:10:16 AM [] []
[2026-04-21 04:11:08] SlimMonoLogger.INFO: Cron ran at: 21-04-2026 04:11:08 AM [] []
[2026-04-21 04:11:09] SlimMonoLogger.INFO: Cron ran at: 21-04-2026 04:11:09 AM [] []
[2026-04-21 04:11:18] SlimMonoLogger.INFO: Cron ran at: 21-04-2026 04:11:18 AM [] []
[2026-04-21 04:12:08] SlimMonoLogger.INFO: Cron ran at: 21-04-2026 04:12:08 AM [] []
[2026-04-21 04:12:09] SlimMonoLogger.INFO: Cron ran at: 21-04-2026 04:12:09 AM [] []
[2026-04-21 04:12:16] SlimMonoLogger.INFO: Cron ran at: 21-04-2026 04:12:16 AM [] []
[2026-04-21 04:13:07] SlimMonoLogger.INFO: Cron ran at: 21-04-2026 04:13:07 AM [] []
[2026-04-21 04:13:25] SlimMonoLogger.INFO: Cron ran at: 21-04-2026 04:13:25 AM [] []
[2026-04-21 04:14:14] SlimMonoLogger.INFO: Cron ran at: 21-04-2026 04:14:14 AM [] []
[2026-04-21 04:14:21] SlimMonoLogger.INFO: Cron ran at: 21-04-2026 04:14:21 AM [] []
[2026-04-21 04:15:10] SlimMonoLogger.INFO: Cron ran at: 21-04-2026 04:15:10 AM [] []
[2026-04-21 04:15:22] SlimMonoLogger.INFO: Cron ran at: 21-04-2026 04:15:22 AM [] []
[2026-04-21 04:16:14] SlimMonoLogger.INFO: Cron ran at: 21-04-2026 04:16:14 AM [] []
[2026-04-21 04:16:26] SlimMonoLogger.INFO: Cron ran at: 21-04-2026 04:16:26 AM [] []
[2026-04-21 04:16:36] SlimMonoLogger.INFO: Cron ran at: 21-04-2026 04:16:36 AM [] []
[2026-04-21 04:17:13] SlimMonoLogger.INFO: Cron ran at: 21-04-2026 04:17:13 AM [] []
[2026-04-21 04:17:13] SlimMonoLogger.INFO: Cron ran at: 21-04-2026 04:17:13 AM [] []
[2026-04-21 04:17:35] SlimMonoLogger.INFO: Cron ran at: 21-04-2026 04:17:35 AM [] []
[2026-04-21 04:18:16] SlimMonoLogger.INFO: Cron ran at: 21-04-2026 04:18:16 AM [] []
[2026-04-21 04:18:16] SlimMonoLogger.INFO: Cron ran at: 21-04-2026 04:18:16 AM [] []
[2026-04-21 04:18:35] SlimMonoLogger.INFO: Cron ran at: 21-04-2026 04:18:35 AM [] []
[2026-04-21 04:19:09] SlimMonoLogger.INFO: Cron ran at: 21-04-2026 04:19:09 AM [] []
[2026-04-21 04:19:17] SlimMonoLogger.INFO: Cron ran at: 21-04-2026 04:19:17 AM [] []
[2026-04-21 04:19:45] SlimMonoLogger.INFO: Cron ran at: 21-04-2026 04:19:45 AM [] []
[2026-04-21 04:20:17] SlimMonoLogger.INFO: Cron ran at: 21-04-2026 04:20:17 AM [] []
[2026-04-21 04:20:21] SlimMonoLogger.INFO: Cron ran at: 21-04-2026 04:20:21 AM [] []
[2026-04-21 04:20:43] SlimMonoLogger.INFO: Cron ran at: 21-04-2026 04:20:43 AM [] []
[2026-04-21 04:21:18] SlimMonoLogger.INFO: Cron ran at: 21-04-2026 04:21:18 AM [] []
[2026-04-21 04:21:19] SlimMonoLogger.INFO: Cron ran at: 21-04-2026 04:21:19 AM [] []
[2026-04-21 04:21:20] SlimMonoLogger.INFO: Cron ran at: 21-04-2026 04:21:20 AM [] []
[2026-04-21 04:21:34] SlimMonoLogger.INFO: Cron ran at: 21-04-2026 04:21:34 AM [] []
[2026-04-21 04:22:13] SlimMonoLogger.INFO: Cron ran at: 21-04-2026 04:22:13 AM [] []
[2026-04-21 04:22:16] SlimMonoLogger.INFO: Cron ran at: 21-04-2026 04:22:16 AM [] []
[2026-04-21 04:22:24] SlimMonoLogger.INFO: Cron ran at: 21-04-2026 04:22:24 AM [] []
[2026-04-21 04:22:52] SlimMonoLogger.INFO: Cron ran at: 21-04-2026 04:22:52 AM [] []
[2026-04-21 04:23:04] SlimMonoLogger.INFO: Cron ran at: 21-04-2026 04:23:04 AM [] []
[2026-04-21 04:23:11] SlimMonoLogger.INFO: Cron ran at: 21-04-2026 04:23:11 AM [] []
[2026-04-21 04:23:28] SlimMonoLogger.INFO: Cron ran at: 21-04-2026 04:23:28 AM [] []
[2026-04-21 04:23:56] SlimMonoLogger.INFO: Cron ran at: 21-04-2026 04:23:56 AM [] []
[2026-04-21 04:24:18] SlimMonoLogger.INFO: Cron ran at: 21-04-2026 04:24:18 AM [] []
[2026-04-21 04:24:20] SlimMonoLogger.INFO: Cron ran at: 21-04-2026 04:24:20 AM [] []
[2026-04-21 04:24:56] SlimMonoLogger.INFO: Cron ran at: 21-04-2026 04:24:56 AM [] []
[2026-04-21 04:25:24] SlimMonoLogger.INFO: Cron ran at: 21-04-2026 04:25:24 AM [] []
[2026-04-21 04:26:03] SlimMonoLogger.INFO: Cron ran at: 21-04-2026 04:26:03 AM [] []
[2026-04-21 04:26:15] SlimMonoLogger.INFO: Cron ran at: 21-04-2026 04:26:15 AM [] []
[2026-04-21 04:26:23] SlimMonoLogger.INFO: Cron ran at: 21-04-2026 04:26:23 AM [] []
[2026-04-21 04:26:53] SlimMonoLogger.INFO: Cron ran at: 21-04-2026 04:26:53 AM [] []
[2026-04-21 04:27:06] SlimMonoLogger.INFO: Cron ran at: 21-04-2026 04:27:06 AM [] []
[2026-04-21 04:27:27] SlimMonoLogger.INFO: Cron ran at: 21-04-2026 04:27:27 AM [] []
[2026-04-21 04:28:01] SlimMonoLogger.INFO: Cron ran at: 21-04-2026 04:28:01 AM [] []
[2026-04-21 04:28:13] SlimMonoLogger.INFO: Cron ran at: 21-04-2026 04:28:13 AM [] []
[2026-04-21 04:28:26] SlimMonoLogger.INFO: Cron ran at: 21-04-2026 04:28:26 AM [] []
[2026-04-21 04:29:01] SlimMonoLogger.INFO: Cron ran at: 21-04-2026 04:29:01 AM [] []
[2026-04-21 04:29:01] SlimMonoLogger.INFO: Cron ran at: 21-04-2026 04:29:01 AM [] []
[2026-04-21 04:29:13] SlimMonoLogger.INFO: Cron ran at: 21-04-2026 04:29:13 AM [] []
[2026-04-21 04:31:06] SlimMonoLogger.INFO: Cron ran at: 21-04-2026 04:31:06 AM [] []
[2026-04-21 04:32:08] SlimMonoLogger.INFO: Cron ran at: 21-04-2026 04:32:08 AM [] []
[2026-04-21 04:33:06] SlimMonoLogger.INFO: Cron ran at: 21-04-2026 04:33:06 AM [] []
[2026-04-21 04:34:05] SlimMonoLogger.INFO: Cron ran at: 21-04-2026 04:34:05 AM [] []
[2026-04-21 04:36:09] SlimMonoLogger.INFO: Cron ran at: 21-04-2026 04:36:09 AM [] []
[2026-04-21 04:37:07] SlimMonoLogger.INFO: Cron ran at: 21-04-2026 04:37:07 AM [] []
[2026-04-21 04:38:07] SlimMonoLogger.INFO: Cron ran at: 21-04-2026 04:38:07 AM [] []
[2026-04-21 04:39:05] SlimMonoLogger.INFO: Cron ran at: 21-04-2026 04:39:05 AM [] []
[2026-04-21 04:41:11] SlimMonoLogger.INFO: Cron ran at: 21-04-2026 04:41:11 AM [] []
[2026-04-21 04:42:05] SlimMonoLogger.INFO: Cron ran at: 21-04-2026 04:42:05 AM [] []
[2026-04-21 04:43:07] SlimMonoLogger.INFO: Cron ran at: 21-04-2026 04:43:07 AM [] []
[2026-04-21 04:44:11] SlimMonoLogger.INFO: Cron ran at: 21-04-2026 04:44:11 AM [] []
[2026-04-21 04:45:05] SlimMonoLogger.INFO: Cron ran at: 21-04-2026 04:45:05 AM [] []
[2026-04-21 04:46:03] SlimMonoLogger.INFO: Cron ran at: 21-04-2026 04:46:03 AM [] []
[2026-04-21 04:47:03] SlimMonoLogger.INFO: Cron ran at: 21-04-2026 04:47:03 AM [] []
[2026-04-21 04:51:09] SlimMonoLogger.INFO: Cron ran at: 21-04-2026 04:51:09 AM [] []
[2026-04-21 04:52:03] SlimMonoLogger.INFO: Cron ran at: 21-04-2026 04:52:03 AM [] []
[2026-04-21 04:53:04] SlimMonoLogger.INFO: Cron ran at: 21-04-2026 04:53:04 AM [] []
[2026-04-21 04:54:07] SlimMonoLogger.INFO: Cron ran at: 21-04-2026 04:54:07 AM [] []
[2026-04-21 04:55:08] SlimMonoLogger.INFO: Cron ran at: 21-04-2026 04:55:08 AM [] []
[2026-04-21 04:56:06] SlimMonoLogger.INFO: Cron ran at: 21-04-2026 04:56:06 AM [] []
[2026-04-21 04:56:07] SlimMonoLogger.INFO: Cron ran at: 21-04-2026 04:56:07 AM [] []
[2026-04-21 04:57:07] SlimMonoLogger.INFO: Cron ran at: 21-04-2026 04:57:07 AM [] []
[2026-04-21 04:57:07] SlimMonoLogger.INFO: Cron ran at: 21-04-2026 04:57:07 AM [] []
[2026-04-21 04:58:03] SlimMonoLogger.INFO: Cron ran at: 21-04-2026 04:58:03 AM [] []
[2026-04-21 05:01:15] SlimMonoLogger.INFO: Cron ran at: 21-04-2026 05:01:15 AM [] []
[2026-04-21 05:02:14] SlimMonoLogger.INFO: Cron ran at: 21-04-2026 05:02:14 AM [] []
[2026-04-21 05:03:05] SlimMonoLogger.INFO: Cron ran at: 21-04-2026 05:03:05 AM [] []
[2026-04-21 05:04:06] SlimMonoLogger.INFO: Cron ran at: 21-04-2026 05:04:06 AM [] []
[2026-04-21 05:05:08] SlimMonoLogger.INFO: Cron ran at: 21-04-2026 05:05:08 AM [] []
[2026-04-21 05:06:06] SlimMonoLogger.INFO: Cron ran at: 21-04-2026 05:06:06 AM [] []
[2026-04-21 05:06:07] SlimMonoLogger.INFO: Cron ran at: 21-04-2026 05:06:07 AM [] []
[2026-04-21 05:07:04] SlimMonoLogger.INFO: Cron ran at: 21-04-2026 05:07:04 AM [] []
[2026-04-21 05:07:05] SlimMonoLogger.INFO: Cron ran at: 21-04-2026 05:07:05 AM [] []
[2026-04-21 05:08:05] SlimMonoLogger.INFO: Cron ran at: 21-04-2026 05:08:05 AM [] []
[2026-04-21 05:09:10] SlimMonoLogger.INFO: Cron ran at: 21-04-2026 05:09:10 AM [] []
[2026-04-21 05:10:04] SlimMonoLogger.INFO: Cron ran at: 21-04-2026 05:10:04 AM [] []
[2026-04-21 05:11:06] SlimMonoLogger.INFO: Cron ran at: 21-04-2026 05:11:06 AM [] []
[2026-04-21 05:12:04] SlimMonoLogger.INFO: Cron ran at: 21-04-2026 05:12:04 AM [] []
[2026-04-21 05:13:03] SlimMonoLogger.INFO: Cron ran at: 21-04-2026 05:13:03 AM [] []
[2026-04-21 05:16:06] SlimMonoLogger.INFO: Cron ran at: 21-04-2026 05:16:06 AM [] []
[2026-04-21 05:17:04] SlimMonoLogger.INFO: Cron ran at: 21-04-2026 05:17:04 AM [] []
[2026-04-21 05:21:12] SlimMonoLogger.INFO: Cron ran at: 21-04-2026 05:21:12 AM [] []
[2026-04-21 05:22:03] SlimMonoLogger.INFO: Cron ran at: 21-04-2026 05:22:03 AM [] []
[2026-04-21 05:26:08] SlimMonoLogger.INFO: Cron ran at: 21-04-2026 05:26:08 AM [] []
[2026-04-21 05:27:07] SlimMonoLogger.INFO: Cron ran at: 21-04-2026 05:27:07 AM [] []
[2026-04-21 05:28:05] SlimMonoLogger.INFO: Cron ran at: 21-04-2026 05:28:05 AM [] []
[2026-04-21 05:29:07] SlimMonoLogger.INFO: Cron ran at: 21-04-2026 05:29:07 AM [] []
[2026-04-21 05:30:14] SlimMonoLogger.INFO: Cron ran at: 21-04-2026 05:30:14 AM [] []
[2026-04-21 05:31:39] SlimMonoLogger.INFO: Cron ran at: 21-04-2026 05:31:39 AM [] []
[2026-04-21 05:31:40] SlimMonoLogger.INFO: Cron ran at: 21-04-2026 05:31:40 AM [] []
[2026-04-21 05:32:31] SlimMonoLogger.INFO: Cron ran at: 21-04-2026 05:32:31 AM [] []
[2026-04-21 05:32:33] SlimMonoLogger.INFO: Cron ran at: 21-04-2026 05:32:33 AM [] []
[2026-04-21 05:33:30] SlimMonoLogger.INFO: Cron ran at: 21-04-2026 05:33:30 AM [] []
[2026-04-21 05:33:32] SlimMonoLogger.INFO: Cron ran at: 21-04-2026 05:33:32 AM [] []
[2026-04-21 05:34:11] SlimMonoLogger.INFO: Cron ran at: 21-04-2026 05:34:11 AM [] []
[2026-04-21 05:34:19] SlimMonoLogger.INFO: Cron ran at: 21-04-2026 05:34:19 AM [] []
[2026-04-21 05:35:07] SlimMonoLogger.INFO: Cron ran at: 21-04-2026 05:35:07 AM [] []
[2026-04-21 05:35:07] SlimMonoLogger.INFO: Cron ran at: 21-04-2026 05:35:07 AM [] []
[2026-04-21 05:36:02] SlimMonoLogger.INFO: Cron ran at: 21-04-2026 05:36:02 AM [] []
[2026-04-21 05:41:12] SlimMonoLogger.INFO: Cron ran at: 21-04-2026 05:41:12 AM [] []
[2026-04-21 05:42:07] SlimMonoLogger.INFO: Cron ran at: 21-04-2026 05:42:07 AM [] []
[2026-04-21 05:43:03] SlimMonoLogger.INFO: Cron ran at: 21-04-2026 05:43:03 AM [] []
[2026-04-21 05:46:10] SlimMonoLogger.INFO: Cron ran at: 21-04-2026 05:46:10 AM [] []
[2026-04-21 05:47:04] SlimMonoLogger.INFO: Cron ran at: 21-04-2026 05:47:04 AM [] []
[2026-04-21 05:48:08] SlimMonoLogger.INFO: Cron ran at: 21-04-2026 05:48:08 AM [] []
[2026-04-21 05:49:05] SlimMonoLogger.INFO: Cron ran at: 21-04-2026 05:49:05 AM [] []
[2026-04-21 05:51:07] SlimMonoLogger.INFO: Cron ran at: 21-04-2026 05:51:07 AM [] []
[2026-04-21 05:52:03] SlimMonoLogger.INFO: Cron ran at: 21-04-2026 05:52:03 AM [] []
[2026-04-21 05:53:09] SlimMonoLogger.INFO: Cron ran at: 21-04-2026 05:53:09 AM [] []
[2026-04-21 05:54:04] SlimMonoLogger.INFO: Cron ran at: 21-04-2026 05:54:04 AM [] []
[2026-04-21 05:55:01] SlimMonoLogger.INFO: Cron ran at: 21-04-2026 05:55:01 AM [] []
[2026-04-21 05:56:02] SlimMonoLogger.INFO: Cron ran at: 21-04-2026 05:56:02 AM [] []
[2026-04-21 06:01:17] SlimMonoLogger.INFO: Cron ran at: 21-04-2026 06:01:17 AM [] []
[2026-04-21 06:02:11] SlimMonoLogger.INFO: Cron ran at: 21-04-2026 06:02:11 AM [] []
[2026-04-21 06:03:01] SlimMonoLogger.INFO: Cron ran at: 21-04-2026 06:03:01 AM [] []
[2026-04-21 06:06:10] SlimMonoLogger.INFO: Cron ran at: 21-04-2026 06:06:10 AM [] []
[2026-04-21 06:07:04] SlimMonoLogger.INFO: Cron ran at: 21-04-2026 06:07:04 AM [] []
[2026-04-21 06:11:06] SlimMonoLogger.INFO: Cron ran at: 21-04-2026 06:11:06 AM [] []
[2026-04-21 06:12:09] SlimMonoLogger.INFO: Cron ran at: 21-04-2026 06:12:09 AM [] []
[2026-04-21 06:13:06] SlimMonoLogger.INFO: Cron ran at: 21-04-2026 06:13:06 AM [] []
[2026-04-21 06:14:07] SlimMonoLogger.INFO: Cron ran at: 21-04-2026 06:14:07 AM [] []
[2026-04-21 06:15:22] SlimMonoLogger.INFO: Cron ran at: 21-04-2026 06:15:22 AM [] []
[2026-04-21 06:16:07] SlimMonoLogger.INFO: Cron ran at: 21-04-2026 06:16:07 AM [] []
[2026-04-21 06:16:08] SlimMonoLogger.INFO: Cron ran at: 21-04-2026 06:16:08 AM [] []
[2026-04-21 06:17:07] SlimMonoLogger.INFO: Cron ran at: 21-04-2026 06:17:07 AM [] []
[2026-04-21 06:17:08] SlimMonoLogger.INFO: Cron ran at: 21-04-2026 06:17:08 AM [] []
[2026-04-21 06:18:05] SlimMonoLogger.INFO: Cron ran at: 21-04-2026 06:18:05 AM [] []
[2026-04-21 06:21:14] SlimMonoLogger.INFO: Cron ran at: 21-04-2026 06:21:14 AM [] []
[2026-04-21 06:22:07] SlimMonoLogger.INFO: Cron ran at: 21-04-2026 06:22:07 AM [] []
[2026-04-21 06:23:08] SlimMonoLogger.INFO: Cron ran at: 21-04-2026 06:23:08 AM [] []
[2026-04-21 06:24:08] SlimMonoLogger.INFO: Cron ran at: 21-04-2026 06:24:08 AM [] []
[2026-04-21 06:25:09] SlimMonoLogger.INFO: Cron ran at: 21-04-2026 06:25:09 AM [] []
[2026-04-21 06:26:08] SlimMonoLogger.INFO: Cron ran at: 21-04-2026 06:26:08 AM [] []
[2026-04-21 06:26:10] SlimMonoLogger.INFO: Cron ran at: 21-04-2026 06:26:10 AM [] []
[2026-04-21 06:27:08] SlimMonoLogger.INFO: Cron ran at: 21-04-2026 06:27:08 AM [] []
[2026-04-21 06:27:09] SlimMonoLogger.INFO: Cron ran at: 21-04-2026 06:27:09 AM [] []
[2026-04-21 06:28:05] SlimMonoLogger.INFO: Cron ran at: 21-04-2026 06:28:05 AM [] []
[2026-04-21 06:28:06] SlimMonoLogger.INFO: Cron ran at: 21-04-2026 06:28:06 AM [] []
[2026-04-21 06:29:06] SlimMonoLogger.INFO: Cron ran at: 21-04-2026 06:29:06 AM [] []
[2026-04-21 06:30:10] SlimMonoLogger.INFO: Cron ran at: 21-04-2026 06:30:10 AM [] []
[2026-04-21 06:31:06] SlimMonoLogger.INFO: Cron ran at: 21-04-2026 06:31:06 AM [] []
[2026-04-21 06:31:07] SlimMonoLogger.INFO: Cron ran at: 21-04-2026 06:31:07 AM [] []
[2026-04-21 06:32:10] SlimMonoLogger.INFO: Cron ran at: 21-04-2026 06:32:10 AM [] []
[2026-04-21 06:32:10] SlimMonoLogger.INFO: Cron ran at: 21-04-2026 06:32:10 AM [] []
[2026-04-21 06:33:09] SlimMonoLogger.INFO: Cron ran at: 21-04-2026 06:33:09 AM [] []
[2026-04-21 06:33:09] SlimMonoLogger.INFO: Cron ran at: 21-04-2026 06:33:09 AM [] []
[2026-04-21 06:34:04] SlimMonoLogger.INFO: Cron ran at: 21-04-2026 06:34:04 AM [] []
[2026-04-21 06:34:04] SlimMonoLogger.INFO: Cron ran at: 21-04-2026 06:34:04 AM [] []
[2026-04-21 06:36:08] SlimMonoLogger.INFO: Cron ran at: 21-04-2026 06:36:08 AM [] []
[2026-04-21 06:37:03] SlimMonoLogger.INFO: Cron ran at: 21-04-2026 06:37:03 AM [] []
[2026-04-21 06:38:04] SlimMonoLogger.INFO: Cron ran at: 21-04-2026 06:38:04 AM [] []
[2026-04-21 06:39:06] SlimMonoLogger.INFO: Cron ran at: 21-04-2026 06:39:06 AM [] []
[2026-04-21 06:40:03] SlimMonoLogger.INFO: Cron ran at: 21-04-2026 06:40:03 AM [] []
[2026-04-21 06:41:09] SlimMonoLogger.INFO: Cron ran at: 21-04-2026 06:41:09 AM [] []
[2026-04-21 06:42:11] SlimMonoLogger.INFO: Cron ran at: 21-04-2026 06:42:11 AM [] []
[2026-04-21 06:43:09] SlimMonoLogger.INFO: Cron ran at: 21-04-2026 06:43:09 AM [] []
[2026-04-21 06:44:04] SlimMonoLogger.INFO: Cron ran at: 21-04-2026 06:44:04 AM [] []
[2026-04-21 06:46:09] SlimMonoLogger.INFO: Cron ran at: 21-04-2026 06:46:09 AM [] []
[2026-04-21 06:47:03] SlimMonoLogger.INFO: Cron ran at: 21-04-2026 06:47:03 AM [] []
[2026-04-21 06:51:10] SlimMonoLogger.INFO: Cron ran at: 21-04-2026 06:51:10 AM [] []
[2026-04-21 06:52:02] SlimMonoLogger.INFO: Cron ran at: 21-04-2026 06:52:02 AM [] []
[2026-04-21 06:56:15] SlimMonoLogger.INFO: Cron ran at: 21-04-2026 06:56:15 AM [] []
[2026-04-21 06:57:09] SlimMonoLogger.INFO: Cron ran at: 21-04-2026 06:57:09 AM [] []
[2026-04-21 06:58:06] SlimMonoLogger.INFO: Cron ran at: 21-04-2026 06:58:06 AM [] []
[2026-04-21 06:59:07] SlimMonoLogger.INFO: Cron ran at: 21-04-2026 06:59:07 AM [] []
[2026-04-21 07:00:07] SlimMonoLogger.INFO: Cron ran at: 21-04-2026 07:00:07 AM [] []
[2026-04-21 07:01:12] SlimMonoLogger.INFO: Cron ran at: 21-04-2026 07:01:12 AM [] []
[2026-04-21 07:02:08] SlimMonoLogger.INFO: Cron ran at: 21-04-2026 07:02:08 AM [] []
[2026-04-21 07:03:02] SlimMonoLogger.INFO: Cron ran at: 21-04-2026 07:03:02 AM [] []
[2026-04-21 07:06:14] SlimMonoLogger.INFO: Cron ran at: 21-04-2026 07:06:14 AM [] []
[2026-04-21 07:07:04] SlimMonoLogger.INFO: Cron ran at: 21-04-2026 07:07:04 AM [] []
[2026-04-21 07:08:08] SlimMonoLogger.INFO: Cron ran at: 21-04-2026 07:08:08 AM [] []
[2026-04-21 07:09:06] SlimMonoLogger.INFO: Cron ran at: 21-04-2026 07:09:06 AM [] []
[2026-04-21 07:10:08] SlimMonoLogger.INFO: Cron ran at: 21-04-2026 07:10:08 AM [] []
[2026-04-21 07:11:07] SlimMonoLogger.INFO: Cron ran at: 21-04-2026 07:11:07 AM [] []
[2026-04-21 07:11:07] SlimMonoLogger.INFO: Cron ran at: 21-04-2026 07:11:07 AM [] []
[2026-04-21 07:12:05] SlimMonoLogger.INFO: Cron ran at: 21-04-2026 07:12:05 AM [] []
[2026-04-21 07:12:07] SlimMonoLogger.INFO: Cron ran at: 21-04-2026 07:12:07 AM [] []
[2026-04-21 07:13:05] SlimMonoLogger.INFO: Cron ran at: 21-04-2026 07:13:05 AM [] []
[2026-04-21 07:13:06] SlimMonoLogger.INFO: Cron ran at: 21-04-2026 07:13:06 AM [] []
[2026-04-21 07:14:13] SlimMonoLogger.INFO: Cron ran at: 21-04-2026 07:14:13 AM [] []
[2026-04-21 07:15:09] SlimMonoLogger.INFO: Cron ran at: 21-04-2026 07:15:09 AM [] []
[2026-04-21 07:16:06] SlimMonoLogger.INFO: Cron ran at: 21-04-2026 07:16:06 AM [] []
[2026-04-21 07:16:07] SlimMonoLogger.INFO: Cron ran at: 21-04-2026 07:16:07 AM [] []
[2026-04-21 07:17:04] SlimMonoLogger.INFO: Cron ran at: 21-04-2026 07:17:04 AM [] []
[2026-04-21 07:21:11] SlimMonoLogger.INFO: Cron ran at: 21-04-2026 07:21:11 AM [] []
[2026-04-21 07:22:06] SlimMonoLogger.INFO: Cron ran at: 21-04-2026 07:22:06 AM [] []
[2026-04-21 07:23:02] SlimMonoLogger.INFO: Cron ran at: 21-04-2026 07:23:02 AM [] []
[2026-04-21 07:26:06] SlimMonoLogger.INFO: Cron ran at: 21-04-2026 07:26:06 AM [] []
[2026-04-21 07:27:07] SlimMonoLogger.INFO: Cron ran at: 21-04-2026 07:27:07 AM [] []
[2026-04-21 07:28:07] SlimMonoLogger.INFO: Cron ran at: 21-04-2026 07:28:07 AM [] []
[2026-04-21 07:29:08] SlimMonoLogger.INFO: Cron ran at: 21-04-2026 07:29:08 AM [] []
[2026-04-21 07:30:11] SlimMonoLogger.INFO: Cron ran at: 21-04-2026 07:30:11 AM [] []
[2026-04-21 07:31:08] SlimMonoLogger.INFO: Cron ran at: 21-04-2026 07:31:08 AM [] []
[2026-04-21 07:31:10] SlimMonoLogger.INFO: Cron ran at: 21-04-2026 07:31:10 AM [] []
[2026-04-21 07:32:06] SlimMonoLogger.INFO: Cron ran at: 21-04-2026 07:32:06 AM [] []
[2026-04-21 07:32:07] SlimMonoLogger.INFO: Cron ran at: 21-04-2026 07:32:07 AM [] []
[2026-04-21 07:33:12] SlimMonoLogger.INFO: Cron ran at: 21-04-2026 07:33:12 AM [] []
[2026-04-21 07:34:07] SlimMonoLogger.INFO: Cron ran at: 21-04-2026 07:34:07 AM [] []
[2026-04-21 07:35:06] SlimMonoLogger.INFO: Cron ran at: 21-04-2026 07:35:06 AM [] []
[2026-04-21 07:36:07] SlimMonoLogger.INFO: Cron ran at: 21-04-2026 07:36:07 AM [] []
[2026-04-21 07:36:07] SlimMonoLogger.INFO: Cron ran at: 21-04-2026 07:36:07 AM [] []
[2026-04-21 07:37:08] SlimMonoLogger.INFO: Cron ran at: 21-04-2026 07:37:08 AM [] []
[2026-04-21 07:37:11] SlimMonoLogger.INFO: Cron ran at: 21-04-2026 07:37:11 AM [] []
[2026-04-21 07:38:07] SlimMonoLogger.INFO: Cron ran at: 21-04-2026 07:38:07 AM [] []
[2026-04-21 07:38:08] SlimMonoLogger.INFO: Cron ran at: 21-04-2026 07:38:08 AM [] []
[2026-04-21 07:39:04] SlimMonoLogger.INFO: Cron ran at: 21-04-2026 07:39:04 AM [] []
[2026-04-21 07:39:04] SlimMonoLogger.INFO: Cron ran at: 21-04-2026 07:39:04 AM [] []
[2026-04-21 07:41:08] SlimMonoLogger.INFO: Cron ran at: 21-04-2026 07:41:08 AM [] []
[2026-04-21 07:42:07] SlimMonoLogger.INFO: Cron ran at: 21-04-2026 07:42:07 AM [] []
[2026-04-21 07:43:03] SlimMonoLogger.INFO: Cron ran at: 21-04-2026 07:43:03 AM [] []
[2026-04-21 07:46:15] SlimMonoLogger.INFO: Cron ran at: 21-04-2026 07:46:15 AM [] []
[2026-04-21 07:47:04] SlimMonoLogger.INFO: Cron ran at: 21-04-2026 07:47:04 AM [] []
[2026-04-21 07:51:11] SlimMonoLogger.INFO: Cron ran at: 21-04-2026 07:51:11 AM [] []
[2026-04-21 07:52:04] SlimMonoLogger.INFO: Cron ran at: 21-04-2026 07:52:04 AM [] []
[2026-04-21 07:56:09] SlimMonoLogger.INFO: Cron ran at: 21-04-2026 07:56:09 AM [] []
[2026-04-21 07:57:09] SlimMonoLogger.INFO: Cron ran at: 21-04-2026 07:57:09 AM [] []
[2026-04-21 07:58:04] SlimMonoLogger.INFO: Cron ran at: 21-04-2026 07:58:04 AM [] []
[2026-04-21 08:01:19] SlimMonoLogger.INFO: Cron ran at: 21-04-2026 08:01:19 AM [] []
[2026-04-21 08:02:12] SlimMonoLogger.INFO: Cron ran at: 21-04-2026 08:02:12 AM [] []
[2026-04-21 08:03:04] SlimMonoLogger.INFO: Cron ran at: 21-04-2026 08:03:04 AM [] []
[2026-04-21 08:06:08] SlimMonoLogger.INFO: Cron ran at: 21-04-2026 08:06:08 AM [] []
[2026-04-21 08:07:05] SlimMonoLogger.INFO: Cron ran at: 21-04-2026 08:07:05 AM [] []
[2026-04-21 08:08:07] SlimMonoLogger.INFO: Cron ran at: 21-04-2026 08:08:07 AM [] []
[2026-04-21 08:09:12] SlimMonoLogger.INFO: Cron ran at: 21-04-2026 08:09:12 AM [] []
[2026-04-21 08:10:05] SlimMonoLogger.INFO: Cron ran at: 21-04-2026 08:10:05 AM [] []
[2026-04-21 08:11:10] SlimMonoLogger.INFO: Cron ran at: 21-04-2026 08:11:10 AM [] []
[2026-04-21 08:12:05] SlimMonoLogger.INFO: Cron ran at: 21-04-2026 08:12:05 AM [] []
[2026-04-21 08:13:07] SlimMonoLogger.INFO: Cron ran at: 21-04-2026 08:13:07 AM [] []
[2026-04-21 08:14:14] SlimMonoLogger.INFO: Cron ran at: 21-04-2026 08:14:14 AM [] []
[2026-04-21 08:15:02] SlimMonoLogger.INFO: Cron ran at: 21-04-2026 08:15:02 AM [] []
[2026-04-21 08:16:05] SlimMonoLogger.INFO: Cron ran at: 21-04-2026 08:16:05 AM [] []
[2026-04-21 08:17:02] SlimMonoLogger.INFO: Cron ran at: 21-04-2026 08:17:02 AM [] []
[2026-04-21 08:21:21] SlimMonoLogger.INFO: Cron ran at: 21-04-2026 08:21:21 AM [] []
[2026-04-21 08:22:08] SlimMonoLogger.INFO: Cron ran at: 21-04-2026 08:22:08 AM [] []
[2026-04-21 08:23:06] SlimMonoLogger.INFO: Cron ran at: 21-04-2026 08:23:06 AM [] []
[2026-04-21 08:24:11] SlimMonoLogger.INFO: Cron ran at: 21-04-2026 08:24:11 AM [] []
[2026-04-21 08:25:05] SlimMonoLogger.INFO: Cron ran at: 21-04-2026 08:25:05 AM [] []
[2026-04-21 08:26:08] SlimMonoLogger.INFO: Cron ran at: 21-04-2026 08:26:08 AM [] []
[2026-04-21 08:26:09] SlimMonoLogger.INFO: Cron ran at: 21-04-2026 08:26:09 AM [] []
[2026-04-21 08:27:06] SlimMonoLogger.INFO: Cron ran at: 21-04-2026 08:27:06 AM [] []
[2026-04-21 08:27:06] SlimMonoLogger.INFO: Cron ran at: 21-04-2026 08:27:06 AM [] []
[2026-04-21 08:28:04] SlimMonoLogger.INFO: Cron ran at: 21-04-2026 08:28:04 AM [] []
[2026-04-21 08:28:04] SlimMonoLogger.INFO: Cron ran at: 21-04-2026 08:28:04 AM [] []
[2026-04-21 08:31:28] SlimMonoLogger.INFO: Cron ran at: 21-04-2026 08:31:28 AM [] []
[2026-04-21 08:32:07] SlimMonoLogger.INFO: Cron ran at: 21-04-2026 08:32:07 AM [] []
[2026-04-21 08:33:08] SlimMonoLogger.INFO: Cron ran at: 21-04-2026 08:33:08 AM [] []
[2026-04-21 08:34:13] SlimMonoLogger.INFO: Cron ran at: 21-04-2026 08:34:13 AM [] []
[2026-04-21 08:35:27] SlimMonoLogger.INFO: Cron ran at: 21-04-2026 08:35:27 AM [] []
[2026-04-21 08:41:27] SlimMonoLogger.INFO: Cron ran at: 21-04-2026 08:41:27 AM [] []
[2026-04-21 08:42:10] SlimMonoLogger.INFO: Cron ran at: 21-04-2026 08:42:10 AM [] []
[2026-04-21 08:43:13] SlimMonoLogger.INFO: Cron ran at: 21-04-2026 08:43:13 AM [] []
[2026-04-21 08:44:11] SlimMonoLogger.INFO: Cron ran at: 21-04-2026 08:44:11 AM [] []
[2026-04-21 08:45:12] SlimMonoLogger.INFO: Cron ran at: 21-04-2026 08:45:12 AM [] []
[2026-04-21 08:46:08] SlimMonoLogger.INFO: Cron ran at: 21-04-2026 08:46:08 AM [] []
[2026-04-21 08:46:09] SlimMonoLogger.INFO: Cron ran at: 21-04-2026 08:46:09 AM [] []
[2026-04-21 08:47:04] SlimMonoLogger.INFO: Cron ran at: 21-04-2026 08:47:04 AM [] []
[2026-04-21 08:51:26] SlimMonoLogger.INFO: Cron ran at: 21-04-2026 08:51:26 AM [] []
[2026-04-21 08:52:05] SlimMonoLogger.INFO: Cron ran at: 21-04-2026 08:52:05 AM [] []
[2026-04-21 08:53:12] SlimMonoLogger.INFO: Cron ran at: 21-04-2026 08:53:12 AM [] []
[2026-04-21 08:54:09] SlimMonoLogger.INFO: Cron ran at: 21-04-2026 08:54:09 AM [] []
[2026-04-21 08:55:06] SlimMonoLogger.INFO: Cron ran at: 21-04-2026 08:55:06 AM [] []
[2026-04-21 08:56:07] SlimMonoLogger.INFO: Cron ran at: 21-04-2026 08:56:07 AM [] []
[2026-04-21 09:01:41] SlimMonoLogger.INFO: Cron ran at: 21-04-2026 09:01:41 AM [] []
[2026-04-21 09:02:29] SlimMonoLogger.INFO: Cron ran at: 21-04-2026 09:02:29 AM [] []
[2026-04-21 09:03:26] SlimMonoLogger.INFO: Cron ran at: 21-04-2026 09:03:26 AM [] []
[2026-04-21 09:04:42] SlimMonoLogger.INFO: Cron ran at: 21-04-2026 09:04:42 AM [] []
[2026-04-21 09:05:20] SlimMonoLogger.INFO: Cron ran at: 21-04-2026 09:05:20 AM [] []
[2026-04-21 09:06:21] SlimMonoLogger.INFO: Cron ran at: 21-04-2026 09:06:21 AM [] []
[2026-04-21 09:06:23] SlimMonoLogger.INFO: Cron ran at: 21-04-2026 09:06:23 AM [] []
[2026-04-21 09:07:28] SlimMonoLogger.INFO: Cron ran at: 21-04-2026 09:07:28 AM [] []
[2026-04-21 09:07:29] SlimMonoLogger.INFO: Cron ran at: 21-04-2026 09:07:29 AM [] []
[2026-04-21 09:08:26] SlimMonoLogger.INFO: Cron ran at: 21-04-2026 09:08:26 AM [] []
[2026-04-21 09:08:26] SlimMonoLogger.INFO: Cron ran at: 21-04-2026 09:08:26 AM [] []
[2026-04-21 09:09:16] SlimMonoLogger.INFO: Cron ran at: 21-04-2026 09:09:16 AM [] []
[2026-04-21 09:09:16] SlimMonoLogger.INFO: Cron ran at: 21-04-2026 09:09:16 AM [] []
[2026-04-21 09:10:18] SlimMonoLogger.INFO: Cron ran at: 21-04-2026 09:10:18 AM [] []
[2026-04-21 09:10:21] SlimMonoLogger.INFO: Cron ran at: 21-04-2026 09:10:21 AM [] []
[2026-04-21 09:11:34] SlimMonoLogger.INFO: Cron ran at: 21-04-2026 09:11:34 AM [] []
[2026-04-21 09:11:52] SlimMonoLogger.INFO: Cron ran at: 21-04-2026 09:11:52 AM [] []
[2026-04-21 09:11:53] SlimMonoLogger.INFO: Cron ran at: 21-04-2026 09:11:53 AM [] []
[2026-04-21 09:12:13] SlimMonoLogger.INFO: Cron ran at: 21-04-2026 09:12:13 AM [] []
[2026-04-21 09:12:13] SlimMonoLogger.INFO: Cron ran at: 21-04-2026 09:12:13 AM [] []
[2026-04-21 09:12:20] SlimMonoLogger.INFO: Cron ran at: 21-04-2026 09:12:20 AM [] []
[2026-04-21 09:13:20] SlimMonoLogger.INFO: Cron ran at: 21-04-2026 09:13:20 AM [] []
[2026-04-21 09:13:21] SlimMonoLogger.INFO: Cron ran at: 21-04-2026 09:13:21 AM [] []
[2026-04-21 09:13:27] SlimMonoLogger.INFO: Cron ran at: 21-04-2026 09:13:27 AM [] []
[2026-04-21 09:14:15] SlimMonoLogger.INFO: Cron ran at: 21-04-2026 09:14:15 AM [] []
[2026-04-21 09:14:15] SlimMonoLogger.INFO: Cron ran at: 21-04-2026 09:14:15 AM [] []
[2026-04-21 09:14:27] SlimMonoLogger.INFO: Cron ran at: 21-04-2026 09:14:27 AM [] []
[2026-04-21 09:15:16] SlimMonoLogger.INFO: Cron ran at: 21-04-2026 09:15:16 AM [] []
[2026-04-21 09:15:21] SlimMonoLogger.INFO: Cron ran at: 21-04-2026 09:15:21 AM [] []
[2026-04-21 09:15:34] SlimMonoLogger.INFO: Cron ran at: 21-04-2026 09:15:34 AM [] []
[2026-04-21 09:16:22] SlimMonoLogger.INFO: Cron ran at: 21-04-2026 09:16:22 AM [] []
[2026-04-21 09:16:23] SlimMonoLogger.INFO: Cron ran at: 21-04-2026 09:16:23 AM [] []
[2026-04-21 09:16:24] SlimMonoLogger.INFO: Cron ran at: 21-04-2026 09:16:24 AM [] []
[2026-04-21 09:16:40] SlimMonoLogger.INFO: Cron ran at: 21-04-2026 09:16:40 AM [] []
[2026-04-21 09:17:20] SlimMonoLogger.INFO: Cron ran at: 21-04-2026 09:17:20 AM [] []
[2026-04-21 09:17:21] SlimMonoLogger.INFO: Cron ran at: 21-04-2026 09:17:21 AM [] []
[2026-04-21 09:17:21] SlimMonoLogger.INFO: Cron ran at: 21-04-2026 09:17:21 AM [] []
[2026-04-21 09:18:05] SlimMonoLogger.INFO: Cron ran at: 21-04-2026 09:18:05 AM [] []
[2026-04-21 09:18:23] SlimMonoLogger.INFO: Cron ran at: 21-04-2026 09:18:23 AM [] []
[2026-04-21 09:18:23] SlimMonoLogger.INFO: Cron ran at: 21-04-2026 09:18:23 AM [] []
[2026-04-21 09:18:30] SlimMonoLogger.INFO: Cron ran at: 21-04-2026 09:18:30 AM [] []
[2026-04-21 09:18:39] SlimMonoLogger.INFO: Cron ran at: 21-04-2026 09:18:39 AM [] []
[2026-04-21 09:19:23] SlimMonoLogger.INFO: Cron ran at: 21-04-2026 09:19:23 AM [] []
[2026-04-21 09:19:26] SlimMonoLogger.INFO: Cron ran at: 21-04-2026 09:19:26 AM [] []
[2026-04-21 09:19:28] SlimMonoLogger.INFO: Cron ran at: 21-04-2026 09:19:28 AM [] []
[2026-04-21 09:19:40] SlimMonoLogger.INFO: Cron ran at: 21-04-2026 09:19:40 AM [] []
[2026-04-21 09:20:23] SlimMonoLogger.INFO: Cron ran at: 21-04-2026 09:20:23 AM [] []
[2026-04-21 09:20:29] SlimMonoLogger.INFO: Cron ran at: 21-04-2026 09:20:29 AM [] []
[2026-04-21 09:20:30] SlimMonoLogger.INFO: Cron ran at: 21-04-2026 09:20:30 AM [] []
[2026-04-21 09:20:46] SlimMonoLogger.INFO: Cron ran at: 21-04-2026 09:20:46 AM [] []
[2026-04-21 09:21:26] SlimMonoLogger.INFO: Cron ran at: 21-04-2026 09:21:26 AM [] []
[2026-04-21 09:21:26] SlimMonoLogger.INFO: Cron ran at: 21-04-2026 09:21:26 AM [] []
[2026-04-21 09:21:27] SlimMonoLogger.INFO: Cron ran at: 21-04-2026 09:21:27 AM [] []
[2026-04-21 09:21:36] SlimMonoLogger.INFO: Cron ran at: 21-04-2026 09:21:36 AM [] []
[2026-04-21 09:21:49] SlimMonoLogger.INFO: Cron ran at: 21-04-2026 09:21:49 AM [] []
[2026-04-21 09:22:26] SlimMonoLogger.INFO: Cron ran at: 21-04-2026 09:22:26 AM [] []
[2026-04-21 09:22:26] SlimMonoLogger.INFO: Cron ran at: 21-04-2026 09:22:26 AM [] []
[2026-04-21 09:22:27] SlimMonoLogger.INFO: Cron ran at: 21-04-2026 09:22:27 AM [] []
[2026-04-21 09:22:39] SlimMonoLogger.INFO: Cron ran at: 21-04-2026 09:22:39 AM [] []
[2026-04-21 09:22:50] SlimMonoLogger.INFO: Cron ran at: 21-04-2026 09:22:50 AM [] []
[2026-04-21 09:23:17] SlimMonoLogger.INFO: Cron ran at: 21-04-2026 09:23:17 AM [] []
[2026-04-21 09:23:20] SlimMonoLogger.INFO: Cron ran at: 21-04-2026 09:23:20 AM [] []
[2026-04-21 09:23:32] SlimMonoLogger.INFO: Cron ran at: 21-04-2026 09:23:32 AM [] []
[2026-04-21 09:23:33] SlimMonoLogger.INFO: Cron ran at: 21-04-2026 09:23:33 AM [] []
[2026-04-21 09:23:52] SlimMonoLogger.INFO: Cron ran at: 21-04-2026 09:23:52 AM [] []
[2026-04-21 09:24:22] SlimMonoLogger.INFO: Cron ran at: 21-04-2026 09:24:22 AM [] []
[2026-04-21 09:24:22] SlimMonoLogger.INFO: Cron ran at: 21-04-2026 09:24:22 AM [] []
[2026-04-21 09:24:28] SlimMonoLogger.INFO: Cron ran at: 21-04-2026 09:24:28 AM [] []
[2026-04-21 09:24:44] SlimMonoLogger.INFO: Cron ran at: 21-04-2026 09:24:44 AM [] []
[2026-04-21 09:24:45] SlimMonoLogger.INFO: Cron ran at: 21-04-2026 09:24:45 AM [] []
[2026-04-21 09:25:22] SlimMonoLogger.INFO: Cron ran at: 21-04-2026 09:25:22 AM [] []
[2026-04-21 09:25:29] SlimMonoLogger.INFO: Cron ran at: 21-04-2026 09:25:29 AM [] []
[2026-04-21 09:25:31] SlimMonoLogger.INFO: Cron ran at: 21-04-2026 09:25:31 AM [] []
[2026-04-21 09:25:48] SlimMonoLogger.INFO: Cron ran at: 21-04-2026 09:25:48 AM [] []
[2026-04-21 09:26:00] SlimMonoLogger.INFO: Cron ran at: 21-04-2026 09:26:00 AM [] []
[2026-04-21 09:26:21] SlimMonoLogger.INFO: Cron ran at: 21-04-2026 09:26:21 AM [] []
[2026-04-21 09:26:24] SlimMonoLogger.INFO: Cron ran at: 21-04-2026 09:26:24 AM [] []
[2026-04-21 09:26:29] SlimMonoLogger.INFO: Cron ran at: 21-04-2026 09:26:29 AM [] []
[2026-04-21 09:26:40] SlimMonoLogger.INFO: Cron ran at: 21-04-2026 09:26:40 AM [] []
[2026-04-21 09:26:46] SlimMonoLogger.INFO: Cron ran at: 21-04-2026 09:26:46 AM [] []
[2026-04-21 09:27:01] SlimMonoLogger.INFO: Cron ran at: 21-04-2026 09:27:01 AM [] []
[2026-04-21 09:27:25] SlimMonoLogger.INFO: Cron ran at: 21-04-2026 09:27:25 AM [] []
[2026-04-21 09:27:25] SlimMonoLogger.INFO: Cron ran at: 21-04-2026 09:27:25 AM [] []
[2026-04-21 09:27:25] SlimMonoLogger.INFO: Cron ran at: 21-04-2026 09:27:25 AM [] []
[2026-04-21 09:27:37] SlimMonoLogger.INFO: Cron ran at: 21-04-2026 09:27:37 AM [] []
[2026-04-21 09:27:49] SlimMonoLogger.INFO: Cron ran at: 21-04-2026 09:27:49 AM [] []
[2026-04-21 09:28:04] SlimMonoLogger.INFO: Cron ran at: 21-04-2026 09:28:04 AM [] []
[2026-04-21 09:28:25] SlimMonoLogger.INFO: Cron ran at: 21-04-2026 09:28:25 AM [] []
[2026-04-21 09:28:25] SlimMonoLogger.INFO: Cron ran at: 21-04-2026 09:28:25 AM [] []
[2026-04-21 09:28:34] SlimMonoLogger.INFO: Cron ran at: 21-04-2026 09:28:34 AM [] []
[2026-04-21 09:28:40] SlimMonoLogger.INFO: Cron ran at: 21-04-2026 09:28:40 AM [] []
[2026-04-21 09:28:49] SlimMonoLogger.INFO: Cron ran at: 21-04-2026 09:28:49 AM [] []
[2026-04-21 09:29:15] SlimMonoLogger.INFO: Cron ran at: 21-04-2026 09:29:15 AM [] []
[2026-04-21 09:29:27] SlimMonoLogger.INFO: Cron ran at: 21-04-2026 09:29:27 AM [] []
[2026-04-21 09:29:29] SlimMonoLogger.INFO: Cron ran at: 21-04-2026 09:29:29 AM [] []
[2026-04-21 09:29:34] SlimMonoLogger.INFO: Cron ran at: 21-04-2026 09:29:34 AM [] []
[2026-04-21 09:29:48] SlimMonoLogger.INFO: Cron ran at: 21-04-2026 09:29:48 AM [] []
[2026-04-21 09:29:51] SlimMonoLogger.INFO: Cron ran at: 21-04-2026 09:29:51 AM [] []
[2026-04-21 09:30:10] SlimMonoLogger.INFO: Cron ran at: 21-04-2026 09:30:10 AM [] []
[2026-04-21 09:30:23] SlimMonoLogger.INFO: Cron ran at: 21-04-2026 09:30:23 AM [] []
[2026-04-21 09:30:27] SlimMonoLogger.INFO: Cron ran at: 21-04-2026 09:30:27 AM [] []
[2026-04-21 09:30:34] SlimMonoLogger.INFO: Cron ran at: 21-04-2026 09:30:34 AM [] []
[2026-04-21 09:30:50] SlimMonoLogger.INFO: Cron ran at: 21-04-2026 09:30:50 AM [] []
[2026-04-21 09:31:02] SlimMonoLogger.INFO: Cron ran at: 21-04-2026 09:31:02 AM [] []
[2026-04-21 09:31:12] SlimMonoLogger.INFO: Cron ran at: 21-04-2026 09:31:12 AM [] []
[2026-04-21 09:31:31] SlimMonoLogger.INFO: Cron ran at: 21-04-2026 09:31:31 AM [] []
[2026-04-21 09:31:33] SlimMonoLogger.INFO: Cron ran at: 21-04-2026 09:31:33 AM [] []
[2026-04-21 09:31:33] SlimMonoLogger.INFO: Cron ran at: 21-04-2026 09:31:33 AM [] []
[2026-04-21 09:31:35] SlimMonoLogger.INFO: Cron ran at: 21-04-2026 09:31:35 AM [] []
[2026-04-21 09:31:41] SlimMonoLogger.INFO: Cron ran at: 21-04-2026 09:31:41 AM [] []
[2026-04-21 09:31:49] SlimMonoLogger.INFO: Cron ran at: 21-04-2026 09:31:49 AM [] []
[2026-04-21 09:32:12] SlimMonoLogger.INFO: Cron ran at: 21-04-2026 09:32:12 AM [] []
[2026-04-21 09:32:12] SlimMonoLogger.INFO: Cron ran at: 21-04-2026 09:32:12 AM [] []
[2026-04-21 09:32:15] SlimMonoLogger.INFO: Cron ran at: 21-04-2026 09:32:15 AM [] []
[2026-04-21 09:32:17] SlimMonoLogger.INFO: Cron ran at: 21-04-2026 09:32:17 AM [] []
[2026-04-21 09:32:28] SlimMonoLogger.INFO: Cron ran at: 21-04-2026 09:32:28 AM [] []
[2026-04-21 09:32:49] SlimMonoLogger.INFO: Cron ran at: 21-04-2026 09:32:49 AM [] []
[2026-04-21 09:32:51] SlimMonoLogger.INFO: Cron ran at: 21-04-2026 09:32:51 AM [] []
[2026-04-21 09:33:15] SlimMonoLogger.INFO: Cron ran at: 21-04-2026 09:33:15 AM [] []
[2026-04-21 09:33:15] SlimMonoLogger.INFO: Cron ran at: 21-04-2026 09:33:15 AM [] []
[2026-04-21 09:33:17] SlimMonoLogger.INFO: Cron ran at: 21-04-2026 09:33:17 AM [] []
[2026-04-21 09:33:19] SlimMonoLogger.INFO: Cron ran at: 21-04-2026 09:33:19 AM [] []
[2026-04-21 09:33:32] SlimMonoLogger.INFO: Cron ran at: 21-04-2026 09:33:32 AM [] []
[2026-04-21 09:33:57] SlimMonoLogger.INFO: Cron ran at: 21-04-2026 09:33:57 AM [] []
[2026-04-21 09:34:01] SlimMonoLogger.INFO: Cron ran at: 21-04-2026 09:34:01 AM [] []
[2026-04-21 09:34:09] SlimMonoLogger.INFO: Cron ran at: 21-04-2026 09:34:09 AM [] []
[2026-04-21 09:34:13] SlimMonoLogger.INFO: Cron ran at: 21-04-2026 09:34:13 AM [] []
[2026-04-21 09:34:14] SlimMonoLogger.INFO: Cron ran at: 21-04-2026 09:34:14 AM [] []
[2026-04-21 09:34:29] SlimMonoLogger.INFO: Cron ran at: 21-04-2026 09:34:29 AM [] []
[2026-04-21 09:34:44] SlimMonoLogger.INFO: Cron ran at: 21-04-2026 09:34:44 AM [] []
[2026-04-21 09:34:52] SlimMonoLogger.INFO: Cron ran at: 21-04-2026 09:34:52 AM [] []
[2026-04-21 09:35:07] SlimMonoLogger.INFO: Cron ran at: 21-04-2026 09:35:07 AM [] []
[2026-04-21 09:35:35] SlimMonoLogger.INFO: Cron ran at: 21-04-2026 09:35:35 AM [] []
[2026-04-21 09:35:36] SlimMonoLogger.INFO: Cron ran at: 21-04-2026 09:35:36 AM [] []
[2026-04-21 09:35:36] SlimMonoLogger.INFO: Cron ran at: 21-04-2026 09:35:36 AM [] []
[2026-04-21 09:35:37] SlimMonoLogger.INFO: Cron ran at: 21-04-2026 09:35:37 AM [] []
[2026-04-21 09:35:45] SlimMonoLogger.INFO: Cron ran at: 21-04-2026 09:35:45 AM [] []
[2026-04-21 09:35:55] SlimMonoLogger.INFO: Cron ran at: 21-04-2026 09:35:55 AM [] []
[2026-04-21 09:36:04] SlimMonoLogger.INFO: Cron ran at: 21-04-2026 09:36:04 AM [] []
[2026-04-21 09:36:15] SlimMonoLogger.INFO: Cron ran at: 21-04-2026 09:36:15 AM [] []
[2026-04-21 09:36:16] SlimMonoLogger.INFO: Cron ran at: 21-04-2026 09:36:16 AM [] []
[2026-04-21 09:36:22] SlimMonoLogger.INFO: Cron ran at: 21-04-2026 09:36:22 AM [] []
[2026-04-21 09:36:23] SlimMonoLogger.INFO: Cron ran at: 21-04-2026 09:36:23 AM [] []
[2026-04-21 09:36:28] SlimMonoLogger.INFO: Cron ran at: 21-04-2026 09:36:28 AM [] []
[2026-04-21 09:36:37] SlimMonoLogger.INFO: Cron ran at: 21-04-2026 09:36:37 AM [] []
[2026-04-21 09:36:52] SlimMonoLogger.INFO: Cron ran at: 21-04-2026 09:36:52 AM [] []
[2026-04-21 09:37:09] SlimMonoLogger.INFO: Cron ran at: 21-04-2026 09:37:09 AM [] []
[2026-04-21 09:37:10] SlimMonoLogger.INFO: Cron ran at: 21-04-2026 09:37:10 AM [] []
[2026-04-21 09:37:16] SlimMonoLogger.INFO: Cron ran at: 21-04-2026 09:37:16 AM [] []
[2026-04-21 09:37:19] SlimMonoLogger.INFO: Cron ran at: 21-04-2026 09:37:19 AM [] []
[2026-04-21 09:37:21] SlimMonoLogger.INFO: Cron ran at: 21-04-2026 09:37:21 AM [] []
[2026-04-21 09:37:24] SlimMonoLogger.INFO: Cron ran at: 21-04-2026 09:37:24 AM [] []
[2026-04-21 09:37:37] SlimMonoLogger.INFO: Cron ran at: 21-04-2026 09:37:37 AM [] []
[2026-04-21 09:37:52] SlimMonoLogger.INFO: Cron ran at: 21-04-2026 09:37:52 AM [] []
[2026-04-21 09:39:12] SlimMonoLogger.INFO: Cron ran at: 21-04-2026 09:39:12 AM [] []
[2026-04-21 09:39:13] SlimMonoLogger.INFO: Cron ran at: 21-04-2026 09:39:13 AM [] []
[2026-04-21 09:41:18] SlimMonoLogger.INFO: Cron ran at: 21-04-2026 09:41:18 AM [] []
[2026-04-21 09:42:17] SlimMonoLogger.INFO: Cron ran at: 21-04-2026 09:42:17 AM [] []
[2026-04-21 09:43:18] SlimMonoLogger.INFO: Cron ran at: 21-04-2026 09:43:18 AM [] []
[2026-04-21 09:44:18] SlimMonoLogger.INFO: Cron ran at: 21-04-2026 09:44:18 AM [] []
[2026-04-21 09:45:16] SlimMonoLogger.INFO: Cron ran at: 21-04-2026 09:45:16 AM [] []
[2026-04-21 09:46:27] SlimMonoLogger.INFO: Cron ran at: 21-04-2026 09:46:27 AM [] []
[2026-04-21 09:46:28] SlimMonoLogger.INFO: Cron ran at: 21-04-2026 09:46:28 AM [] []
[2026-04-21 09:47:20] SlimMonoLogger.INFO: Cron ran at: 21-04-2026 09:47:20 AM [] []
[2026-04-21 09:47:21] SlimMonoLogger.INFO: Cron ran at: 21-04-2026 09:47:21 AM [] []
[2026-04-21 09:48:25] SlimMonoLogger.INFO: Cron ran at: 21-04-2026 09:48:25 AM [] []
[2026-04-21 09:48:25] SlimMonoLogger.INFO: Cron ran at: 21-04-2026 09:48:25 AM [] []
[2026-04-21 09:49:26] SlimMonoLogger.INFO: Cron ran at: 21-04-2026 09:49:26 AM [] []
[2026-04-21 09:49:26] SlimMonoLogger.INFO: Cron ran at: 21-04-2026 09:49:26 AM [] []
[2026-04-21 09:50:34] SlimMonoLogger.INFO: Cron ran at: 21-04-2026 09:50:34 AM [] []
[2026-04-21 09:50:34] SlimMonoLogger.INFO: Cron ran at: 21-04-2026 09:50:34 AM [] []
[2026-04-21 09:51:26] SlimMonoLogger.INFO: Cron ran at: 21-04-2026 09:51:26 AM [] []
[2026-04-21 09:51:27] SlimMonoLogger.INFO: Cron ran at: 21-04-2026 09:51:27 AM [] []
[2026-04-21 09:51:31] SlimMonoLogger.INFO: Cron ran at: 21-04-2026 09:51:31 AM [] []
[2026-04-21 09:52:15] SlimMonoLogger.INFO: Cron ran at: 21-04-2026 09:52:15 AM [] []
[2026-04-21 09:52:17] SlimMonoLogger.INFO: Cron ran at: 21-04-2026 09:52:17 AM [] []
[2026-04-21 09:52:20] SlimMonoLogger.INFO: Cron ran at: 21-04-2026 09:52:20 AM [] []
[2026-04-21 09:53:19] SlimMonoLogger.INFO: Cron ran at: 21-04-2026 09:53:19 AM [] []
[2026-04-21 09:53:19] SlimMonoLogger.INFO: Cron ran at: 21-04-2026 09:53:19 AM [] []
[2026-04-21 09:53:19] SlimMonoLogger.INFO: Cron ran at: 21-04-2026 09:53:19 AM [] []
[2026-04-21 09:54:15] SlimMonoLogger.INFO: Cron ran at: 21-04-2026 09:54:15 AM [] []
[2026-04-21 09:54:17] SlimMonoLogger.INFO: Cron ran at: 21-04-2026 09:54:17 AM [] []
[2026-04-21 09:54:19] SlimMonoLogger.INFO: Cron ran at: 21-04-2026 09:54:19 AM [] []
[2026-04-21 09:55:35] SlimMonoLogger.INFO: Cron ran at: 21-04-2026 09:55:35 AM [] []
[2026-04-21 09:55:36] SlimMonoLogger.INFO: Cron ran at: 21-04-2026 09:55:36 AM [] []
[2026-04-21 09:55:36] SlimMonoLogger.INFO: Cron ran at: 21-04-2026 09:55:36 AM [] []
[2026-04-21 09:56:23] SlimMonoLogger.INFO: Cron ran at: 21-04-2026 09:56:23 AM [] []
[2026-04-21 09:56:23] SlimMonoLogger.INFO: Cron ran at: 21-04-2026 09:56:23 AM [] []
[2026-04-21 09:56:29] SlimMonoLogger.INFO: Cron ran at: 21-04-2026 09:56:29 AM [] []
[2026-04-21 09:57:40] SlimMonoLogger.INFO: Cron ran at: 21-04-2026 09:57:40 AM [] []
[2026-04-21 09:57:42] SlimMonoLogger.INFO: Cron ran at: 21-04-2026 09:57:42 AM [] []
[2026-04-21 09:57:43] SlimMonoLogger.INFO: Cron ran at: 21-04-2026 09:57:43 AM [] []
[2026-04-21 09:57:44] SlimMonoLogger.INFO: Cron ran at: 21-04-2026 09:57:44 AM [] []
[2026-04-21 10:01:47] SlimMonoLogger.INFO: Cron ran at: 21-04-2026 10:01:47 AM [] []
[2026-04-21 10:02:30] SlimMonoLogger.INFO: Cron ran at: 21-04-2026 10:02:30 AM [] []
[2026-04-21 10:03:29] SlimMonoLogger.INFO: Cron ran at: 21-04-2026 10:03:29 AM [] []
[2026-04-21 10:04:19] SlimMonoLogger.INFO: Cron ran at: 21-04-2026 10:04:19 AM [] []
[2026-04-21 10:05:12] SlimMonoLogger.INFO: Cron ran at: 21-04-2026 10:05:12 AM [] []
[2026-04-21 10:06:27] SlimMonoLogger.INFO: Cron ran at: 21-04-2026 10:06:27 AM [] []
[2026-04-21 10:06:28] SlimMonoLogger.INFO: Cron ran at: 21-04-2026 10:06:28 AM [] []
[2026-04-21 10:07:12] SlimMonoLogger.INFO: Cron ran at: 21-04-2026 10:07:12 AM [] []
[2026-04-21 10:07:13] SlimMonoLogger.INFO: Cron ran at: 21-04-2026 10:07:13 AM [] []
[2026-04-21 10:08:25] SlimMonoLogger.INFO: Cron ran at: 21-04-2026 10:08:25 AM [] []
[2026-04-21 10:08:25] SlimMonoLogger.INFO: Cron ran at: 21-04-2026 10:08:25 AM [] []
[2026-04-21 10:09:17] SlimMonoLogger.INFO: Cron ran at: 21-04-2026 10:09:17 AM [] []
[2026-04-21 10:09:17] SlimMonoLogger.INFO: Cron ran at: 21-04-2026 10:09:17 AM [] []
[2026-04-21 10:10:43] SlimMonoLogger.INFO: Cron ran at: 21-04-2026 10:10:43 AM [] []
[2026-04-21 10:10:46] SlimMonoLogger.INFO: Cron ran at: 21-04-2026 10:10:46 AM [] []
[2026-04-21 10:11:58] SlimMonoLogger.INFO: Cron ran at: 21-04-2026 10:11:58 AM [] []
[2026-04-21 10:11:59] SlimMonoLogger.INFO: Cron ran at: 21-04-2026 10:11:59 AM [] []
[2026-04-21 10:12:00] SlimMonoLogger.INFO: Cron ran at: 21-04-2026 10:12:00 AM [] []
[2026-04-21 10:12:38] SlimMonoLogger.INFO: Cron ran at: 21-04-2026 10:12:38 AM [] []
[2026-04-21 10:12:59] SlimMonoLogger.INFO: Cron ran at: 21-04-2026 10:12:59 AM [] []
[2026-04-21 10:13:12] SlimMonoLogger.INFO: Cron ran at: 21-04-2026 10:13:12 AM [] []
[2026-04-21 10:13:46] SlimMonoLogger.INFO: Cron ran at: 21-04-2026 10:13:46 AM [] []
[2026-04-21 10:13:47] SlimMonoLogger.INFO: Cron ran at: 21-04-2026 10:13:47 AM [] []
[2026-04-21 10:13:55] SlimMonoLogger.INFO: Cron ran at: 21-04-2026 10:13:55 AM [] []
[2026-04-21 10:14:34] SlimMonoLogger.INFO: Cron ran at: 21-04-2026 10:14:34 AM [] []
[2026-04-21 10:14:36] SlimMonoLogger.INFO: Cron ran at: 21-04-2026 10:14:36 AM [] []
[2026-04-21 10:14:48] SlimMonoLogger.INFO: Cron ran at: 21-04-2026 10:14:48 AM [] []
[2026-04-21 10:15:25] SlimMonoLogger.INFO: Cron ran at: 21-04-2026 10:15:25 AM [] []
[2026-04-21 10:15:35] SlimMonoLogger.INFO: Cron ran at: 21-04-2026 10:15:35 AM [] []
[2026-04-21 10:15:35] SlimMonoLogger.INFO: Cron ran at: 21-04-2026 10:15:35 AM [] []
[2026-04-21 10:16:26] SlimMonoLogger.INFO: Cron ran at: 21-04-2026 10:16:26 AM [] []
[2026-04-21 10:16:26] SlimMonoLogger.INFO: Cron ran at: 21-04-2026 10:16:26 AM [] []
[2026-04-21 10:16:29] SlimMonoLogger.INFO: Cron ran at: 21-04-2026 10:16:29 AM [] []
[2026-04-21 10:16:36] SlimMonoLogger.INFO: Cron ran at: 21-04-2026 10:16:36 AM [] []
[2026-04-21 10:17:17] SlimMonoLogger.INFO: Cron ran at: 21-04-2026 10:17:17 AM [] []
[2026-04-21 10:17:18] SlimMonoLogger.INFO: Cron ran at: 21-04-2026 10:17:18 AM [] []
[2026-04-21 10:17:18] SlimMonoLogger.INFO: Cron ran at: 21-04-2026 10:17:18 AM [] []
[2026-04-21 10:17:33] SlimMonoLogger.INFO: Cron ran at: 21-04-2026 10:17:33 AM [] []
[2026-04-21 10:18:15] SlimMonoLogger.INFO: Cron ran at: 21-04-2026 10:18:15 AM [] []
[2026-04-21 10:18:17] SlimMonoLogger.INFO: Cron ran at: 21-04-2026 10:18:17 AM [] []
[2026-04-21 10:18:22] SlimMonoLogger.INFO: Cron ran at: 21-04-2026 10:18:22 AM [] []
[2026-04-21 10:18:27] SlimMonoLogger.INFO: Cron ran at: 21-04-2026 10:18:27 AM [] []
[2026-04-21 10:19:17] SlimMonoLogger.INFO: Cron ran at: 21-04-2026 10:19:17 AM [] []
[2026-04-21 10:19:17] SlimMonoLogger.INFO: Cron ran at: 21-04-2026 10:19:17 AM [] []
[2026-04-21 10:19:24] SlimMonoLogger.INFO: Cron ran at: 21-04-2026 10:19:24 AM [] []
[2026-04-21 10:19:36] SlimMonoLogger.INFO: Cron ran at: 21-04-2026 10:19:36 AM [] []
[2026-04-21 10:20:19] SlimMonoLogger.INFO: Cron ran at: 21-04-2026 10:20:19 AM [] []
[2026-04-21 10:20:21] SlimMonoLogger.INFO: Cron ran at: 21-04-2026 10:20:21 AM [] []
[2026-04-21 10:20:25] SlimMonoLogger.INFO: Cron ran at: 21-04-2026 10:20:25 AM [] []
[2026-04-21 10:20:43] SlimMonoLogger.INFO: Cron ran at: 21-04-2026 10:20:43 AM [] []
[2026-04-21 10:21:21] SlimMonoLogger.INFO: Cron ran at: 21-04-2026 10:21:21 AM [] []
[2026-04-21 10:21:22] SlimMonoLogger.INFO: Cron ran at: 21-04-2026 10:21:22 AM [] []
[2026-04-21 10:21:22] SlimMonoLogger.INFO: Cron ran at: 21-04-2026 10:21:22 AM [] []
[2026-04-21 10:21:30] SlimMonoLogger.INFO: Cron ran at: 21-04-2026 10:21:30 AM [] []
[2026-04-21 10:21:37] SlimMonoLogger.INFO: Cron ran at: 21-04-2026 10:21:37 AM [] []
[2026-04-21 10:22:16] SlimMonoLogger.INFO: Cron ran at: 21-04-2026 10:22:16 AM [] []
[2026-04-21 10:22:18] SlimMonoLogger.INFO: Cron ran at: 21-04-2026 10:22:18 AM [] []
[2026-04-21 10:22:23] SlimMonoLogger.INFO: Cron ran at: 21-04-2026 10:22:23 AM [] []
[2026-04-21 10:22:29] SlimMonoLogger.INFO: Cron ran at: 21-04-2026 10:22:29 AM [] []
[2026-04-21 10:23:06] SlimMonoLogger.INFO: Cron ran at: 21-04-2026 10:23:06 AM [] []
[2026-04-21 10:23:18] SlimMonoLogger.INFO: Cron ran at: 21-04-2026 10:23:18 AM [] []
[2026-04-21 10:23:25] SlimMonoLogger.INFO: Cron ran at: 21-04-2026 10:23:25 AM [] []
[2026-04-21 10:23:26] SlimMonoLogger.INFO: Cron ran at: 21-04-2026 10:23:26 AM [] []
[2026-04-21 10:23:34] SlimMonoLogger.INFO: Cron ran at: 21-04-2026 10:23:34 AM [] []
[2026-04-21 10:23:49] SlimMonoLogger.INFO: Cron ran at: 21-04-2026 10:23:49 AM [] []
[2026-04-21 10:24:23] SlimMonoLogger.INFO: Cron ran at: 21-04-2026 10:24:23 AM [] []
[2026-04-21 10:24:24] SlimMonoLogger.INFO: Cron ran at: 21-04-2026 10:24:24 AM [] []
[2026-04-21 10:24:31] SlimMonoLogger.INFO: Cron ran at: 21-04-2026 10:24:31 AM [] []
[2026-04-21 10:24:42] SlimMonoLogger.INFO: Cron ran at: 21-04-2026 10:24:42 AM [] []
[2026-04-21 10:24:47] SlimMonoLogger.INFO: Cron ran at: 21-04-2026 10:24:47 AM [] []
[2026-04-21 10:25:19] SlimMonoLogger.INFO: Cron ran at: 21-04-2026 10:25:19 AM [] []
[2026-04-21 10:25:26] SlimMonoLogger.INFO: Cron ran at: 21-04-2026 10:25:26 AM [] []
[2026-04-21 10:25:30] SlimMonoLogger.INFO: Cron ran at: 21-04-2026 10:25:30 AM [] []
[2026-04-21 10:25:41] SlimMonoLogger.INFO: Cron ran at: 21-04-2026 10:25:41 AM [] []
[2026-04-21 10:26:11] SlimMonoLogger.INFO: Cron ran at: 21-04-2026 10:26:11 AM [] []
[2026-04-21 10:26:23] SlimMonoLogger.INFO: Cron ran at: 21-04-2026 10:26:23 AM [] []
[2026-04-21 10:26:23] SlimMonoLogger.INFO: Cron ran at: 21-04-2026 10:26:23 AM [] []
[2026-04-21 10:26:31] SlimMonoLogger.INFO: Cron ran at: 21-04-2026 10:26:31 AM [] []
[2026-04-21 10:26:40] SlimMonoLogger.INFO: Cron ran at: 21-04-2026 10:26:40 AM [] []
[2026-04-21 10:26:40] SlimMonoLogger.INFO: Cron ran at: 21-04-2026 10:26:40 AM [] []
[2026-04-21 10:26:59] SlimMonoLogger.INFO: Cron ran at: 21-04-2026 10:26:59 AM [] []
[2026-04-21 10:27:17] SlimMonoLogger.INFO: Cron ran at: 21-04-2026 10:27:17 AM [] []
[2026-04-21 10:27:18] SlimMonoLogger.INFO: Cron ran at: 21-04-2026 10:27:18 AM [] []
[2026-04-21 10:27:25] SlimMonoLogger.INFO: Cron ran at: 21-04-2026 10:27:25 AM [] []
[2026-04-21 10:27:30] SlimMonoLogger.INFO: Cron ran at: 21-04-2026 10:27:30 AM [] []
[2026-04-21 10:27:53] SlimMonoLogger.INFO: Cron ran at: 21-04-2026 10:27:53 AM [] []
[2026-04-21 10:28:00] SlimMonoLogger.INFO: Cron ran at: 21-04-2026 10:28:00 AM [] []
[2026-04-21 10:28:18] SlimMonoLogger.INFO: Cron ran at: 21-04-2026 10:28:18 AM [] []
[2026-04-21 10:28:19] SlimMonoLogger.INFO: Cron ran at: 21-04-2026 10:28:19 AM [] []
[2026-04-21 10:28:30] SlimMonoLogger.INFO: Cron ran at: 21-04-2026 10:28:30 AM [] []
[2026-04-21 10:28:32] SlimMonoLogger.INFO: Cron ran at: 21-04-2026 10:28:32 AM [] []
[2026-04-21 10:28:48] SlimMonoLogger.INFO: Cron ran at: 21-04-2026 10:28:48 AM [] []
[2026-04-21 10:29:07] SlimMonoLogger.INFO: Cron ran at: 21-04-2026 10:29:07 AM [] []
[2026-04-21 10:29:19] SlimMonoLogger.INFO: Cron ran at: 21-04-2026 10:29:19 AM [] []
[2026-04-21 10:29:19] SlimMonoLogger.INFO: Cron ran at: 21-04-2026 10:29:19 AM [] []
[2026-04-21 10:29:33] SlimMonoLogger.INFO: Cron ran at: 21-04-2026 10:29:33 AM [] []
[2026-04-21 10:29:41] SlimMonoLogger.INFO: Cron ran at: 21-04-2026 10:29:41 AM [] []
[2026-04-21 10:29:47] SlimMonoLogger.INFO: Cron ran at: 21-04-2026 10:29:47 AM [] []
[2026-04-21 10:30:08] SlimMonoLogger.INFO: Cron ran at: 21-04-2026 10:30:08 AM [] []
[2026-04-21 10:30:18] SlimMonoLogger.INFO: Cron ran at: 21-04-2026 10:30:18 AM [] []
[2026-04-21 10:30:22] SlimMonoLogger.INFO: Cron ran at: 21-04-2026 10:30:22 AM [] []
[2026-04-21 10:30:32] SlimMonoLogger.INFO: Cron ran at: 21-04-2026 10:30:32 AM [] []
[2026-04-21 10:30:40] SlimMonoLogger.INFO: Cron ran at: 21-04-2026 10:30:40 AM [] []
[2026-04-21 10:31:01] SlimMonoLogger.INFO: Cron ran at: 21-04-2026 10:31:01 AM [] []
[2026-04-21 10:31:10] SlimMonoLogger.INFO: Cron ran at: 21-04-2026 10:31:10 AM [] []
[2026-04-21 10:31:20] SlimMonoLogger.INFO: Cron ran at: 21-04-2026 10:31:20 AM [] []
[2026-04-21 10:31:20] SlimMonoLogger.INFO: Cron ran at: 21-04-2026 10:31:20 AM [] []
[2026-04-21 10:31:23] SlimMonoLogger.INFO: Cron ran at: 21-04-2026 10:31:23 AM [] []
[2026-04-21 10:31:38] SlimMonoLogger.INFO: Cron ran at: 21-04-2026 10:31:38 AM [] []
[2026-04-21 10:31:39] SlimMonoLogger.INFO: Cron ran at: 21-04-2026 10:31:39 AM [] []
[2026-04-21 10:32:00] SlimMonoLogger.INFO: Cron ran at: 21-04-2026 10:32:00 AM [] []
[2026-04-21 10:32:14] SlimMonoLogger.INFO: Cron ran at: 21-04-2026 10:32:14 AM [] []
[2026-04-21 10:32:15] SlimMonoLogger.INFO: Cron ran at: 21-04-2026 10:32:15 AM [] []
[2026-04-21 10:32:16] SlimMonoLogger.INFO: Cron ran at: 21-04-2026 10:32:16 AM [] []
[2026-04-21 10:32:17] SlimMonoLogger.INFO: Cron ran at: 21-04-2026 10:32:17 AM [] []
[2026-04-21 10:32:33] SlimMonoLogger.INFO: Cron ran at: 21-04-2026 10:32:33 AM [] []
[2026-04-21 10:32:45] SlimMonoLogger.INFO: Cron ran at: 21-04-2026 10:32:45 AM [] []
[2026-04-21 10:32:58] SlimMonoLogger.INFO: Cron ran at: 21-04-2026 10:32:58 AM [] []
[2026-04-21 10:33:15] SlimMonoLogger.INFO: Cron ran at: 21-04-2026 10:33:15 AM [] []
[2026-04-21 10:33:16] SlimMonoLogger.INFO: Cron ran at: 21-04-2026 10:33:16 AM [] []
[2026-04-21 10:33:16] SlimMonoLogger.INFO: Cron ran at: 21-04-2026 10:33:16 AM [] []
[2026-04-21 10:33:23] SlimMonoLogger.INFO: Cron ran at: 21-04-2026 10:33:23 AM [] []
[2026-04-21 10:33:33] SlimMonoLogger.INFO: Cron ran at: 21-04-2026 10:33:33 AM [] []
[2026-04-21 10:33:43] SlimMonoLogger.INFO: Cron ran at: 21-04-2026 10:33:43 AM [] []
[2026-04-21 10:34:00] SlimMonoLogger.INFO: Cron ran at: 21-04-2026 10:34:00 AM [] []
[2026-04-21 10:34:12] SlimMonoLogger.INFO: Cron ran at: 21-04-2026 10:34:12 AM [] []
[2026-04-21 10:34:13] SlimMonoLogger.INFO: Cron ran at: 21-04-2026 10:34:13 AM [] []
[2026-04-21 10:34:14] SlimMonoLogger.INFO: Cron ran at: 21-04-2026 10:34:14 AM [] []
[2026-04-21 10:34:23] SlimMonoLogger.INFO: Cron ran at: 21-04-2026 10:34:23 AM [] []
[2026-04-21 10:34:40] SlimMonoLogger.INFO: Cron ran at: 21-04-2026 10:34:40 AM [] []
[2026-04-21 10:35:06] SlimMonoLogger.INFO: Cron ran at: 21-04-2026 10:35:06 AM [] []
[2026-04-21 10:35:17] SlimMonoLogger.INFO: Cron ran at: 21-04-2026 10:35:17 AM [] []
[2026-04-21 10:35:17] SlimMonoLogger.INFO: Cron ran at: 21-04-2026 10:35:17 AM [] []
[2026-04-21 10:35:23] SlimMonoLogger.INFO: Cron ran at: 21-04-2026 10:35:23 AM [] []
[2026-04-21 10:35:24] SlimMonoLogger.INFO: Cron ran at: 21-04-2026 10:35:24 AM [] []
[2026-04-21 10:35:39] SlimMonoLogger.INFO: Cron ran at: 21-04-2026 10:35:39 AM [] []
[2026-04-21 10:35:50] SlimMonoLogger.INFO: Cron ran at: 21-04-2026 10:35:50 AM [] []
[2026-04-21 10:36:02] SlimMonoLogger.INFO: Cron ran at: 21-04-2026 10:36:02 AM [] []
[2026-04-21 10:36:14] SlimMonoLogger.INFO: Cron ran at: 21-04-2026 10:36:14 AM [] []
[2026-04-21 10:36:15] SlimMonoLogger.INFO: Cron ran at: 21-04-2026 10:36:15 AM [] []
[2026-04-21 10:36:25] SlimMonoLogger.INFO: Cron ran at: 21-04-2026 10:36:25 AM [] []
[2026-04-21 10:36:25] SlimMonoLogger.INFO: Cron ran at: 21-04-2026 10:36:25 AM [] []
[2026-04-21 10:36:29] SlimMonoLogger.INFO: Cron ran at: 21-04-2026 10:36:29 AM [] []
[2026-04-21 10:36:41] SlimMonoLogger.INFO: Cron ran at: 21-04-2026 10:36:41 AM [] []
[2026-04-21 10:36:47] SlimMonoLogger.INFO: Cron ran at: 21-04-2026 10:36:47 AM [] []
[2026-04-21 10:37:14] SlimMonoLogger.INFO: Cron ran at: 21-04-2026 10:37:14 AM [] []
[2026-04-21 10:37:15] SlimMonoLogger.INFO: Cron ran at: 21-04-2026 10:37:15 AM [] []
[2026-04-21 10:37:21] SlimMonoLogger.INFO: Cron ran at: 21-04-2026 10:37:21 AM [] []
[2026-04-21 10:37:21] SlimMonoLogger.INFO: Cron ran at: 21-04-2026 10:37:21 AM [] []
[2026-04-21 10:37:24] SlimMonoLogger.INFO: Cron ran at: 21-04-2026 10:37:24 AM [] []
[2026-04-21 10:37:28] SlimMonoLogger.INFO: Cron ran at: 21-04-2026 10:37:28 AM [] []
[2026-04-21 10:37:51] SlimMonoLogger.INFO: Cron ran at: 21-04-2026 10:37:51 AM [] []
[2026-04-21 10:37:51] SlimMonoLogger.INFO: Cron ran at: 21-04-2026 10:37:51 AM [] []
[2026-04-21 10:38:15] SlimMonoLogger.INFO: Cron ran at: 21-04-2026 10:38:15 AM [] []
[2026-04-21 10:38:16] SlimMonoLogger.INFO: Cron ran at: 21-04-2026 10:38:16 AM [] []
[2026-04-21 10:38:16] SlimMonoLogger.INFO: Cron ran at: 21-04-2026 10:38:16 AM [] []
[2026-04-21 10:38:21] SlimMonoLogger.INFO: Cron ran at: 21-04-2026 10:38:21 AM [] []
[2026-04-21 10:38:27] SlimMonoLogger.INFO: Cron ran at: 21-04-2026 10:38:27 AM [] []
[2026-04-21 10:38:34] SlimMonoLogger.INFO: Cron ran at: 21-04-2026 10:38:34 AM [] []
[2026-04-21 10:39:02] SlimMonoLogger.INFO: Cron ran at: 21-04-2026 10:39:02 AM [] []
[2026-04-21 10:39:04] SlimMonoLogger.INFO: Cron ran at: 21-04-2026 10:39:04 AM [] []
[2026-04-21 10:39:14] SlimMonoLogger.INFO: Cron ran at: 21-04-2026 10:39:14 AM [] []
[2026-04-21 10:39:15] SlimMonoLogger.INFO: Cron ran at: 21-04-2026 10:39:15 AM [] []
[2026-04-21 10:39:16] SlimMonoLogger.INFO: Cron ran at: 21-04-2026 10:39:16 AM [] []
[2026-04-21 10:39:27] SlimMonoLogger.INFO: Cron ran at: 21-04-2026 10:39:27 AM [] []
[2026-04-21 10:39:36] SlimMonoLogger.INFO: Cron ran at: 21-04-2026 10:39:36 AM [] []
[2026-04-21 10:39:36] SlimMonoLogger.INFO: Cron ran at: 21-04-2026 10:39:36 AM [] []
[2026-04-21 10:39:47] SlimMonoLogger.INFO: Cron ran at: 21-04-2026 10:39:47 AM [] []
[2026-04-21 10:39:57] SlimMonoLogger.INFO: Cron ran at: 21-04-2026 10:39:57 AM [] []
[2026-04-21 10:40:17] SlimMonoLogger.INFO: Cron ran at: 21-04-2026 10:40:17 AM [] []
[2026-04-21 10:40:21] SlimMonoLogger.INFO: Cron ran at: 21-04-2026 10:40:21 AM [] []
[2026-04-21 10:40:24] SlimMonoLogger.INFO: Cron ran at: 21-04-2026 10:40:24 AM [] []
[2026-04-21 10:40:25] SlimMonoLogger.INFO: Cron ran at: 21-04-2026 10:40:25 AM [] []
[2026-04-21 10:40:34] SlimMonoLogger.INFO: Cron ran at: 21-04-2026 10:40:34 AM [] []
[2026-04-21 10:40:35] SlimMonoLogger.INFO: Cron ran at: 21-04-2026 10:40:35 AM [] []
[2026-04-21 10:40:57] SlimMonoLogger.INFO: Cron ran at: 21-04-2026 10:40:57 AM [] []
[2026-04-21 10:41:01] SlimMonoLogger.INFO: Cron ran at: 21-04-2026 10:41:01 AM [] []
[2026-04-21 10:41:16] SlimMonoLogger.INFO: Cron ran at: 21-04-2026 10:41:16 AM [] []
[2026-04-21 10:41:17] SlimMonoLogger.INFO: Cron ran at: 21-04-2026 10:41:17 AM [] []
[2026-04-21 10:41:21] SlimMonoLogger.INFO: Cron ran at: 21-04-2026 10:41:21 AM [] []
[2026-04-21 10:41:23] SlimMonoLogger.INFO: Cron ran at: 21-04-2026 10:41:23 AM [] []
[2026-04-21 10:41:28] SlimMonoLogger.INFO: Cron ran at: 21-04-2026 10:41:28 AM [] []
[2026-04-21 10:41:52] SlimMonoLogger.INFO: Cron ran at: 21-04-2026 10:41:52 AM [] []
[2026-04-21 10:41:54] SlimMonoLogger.INFO: Cron ran at: 21-04-2026 10:41:54 AM [] []
[2026-04-21 10:42:03] SlimMonoLogger.INFO: Cron ran at: 21-04-2026 10:42:03 AM [] []
[2026-04-21 10:42:12] SlimMonoLogger.INFO: Cron ran at: 21-04-2026 10:42:12 AM [] []
[2026-04-21 10:42:13] SlimMonoLogger.INFO: Cron ran at: 21-04-2026 10:42:13 AM [] []
[2026-04-21 10:42:23] SlimMonoLogger.INFO: Cron ran at: 21-04-2026 10:42:23 AM [] []
[2026-04-21 10:42:25] SlimMonoLogger.INFO: Cron ran at: 21-04-2026 10:42:25 AM [] []
[2026-04-21 10:42:27] SlimMonoLogger.ERROR: Requests_Exception: cURL error 28: Operation timed out after 500000 milliseconds with 15824 bytes received in /home/latihtal/public_html/agregator1/src/vendor/rmccue/requests/library/Requests/Transport/cURL.php:422
Stack trace:
#0 /home/latihtal/public_html/agregator1/src/vendor/rmccue/requests/library/Requests/Transport/cURL.php(177): Requests_Transport_cURL->process_response()
#1 /home/latihtal/public_html/agregator1/src/vendor/rmccue/requests/library/Requests.php(379): Requests_Transport_cURL->request()
#2 /home/latihtal/public_html/agregator1/src/vendor/rmccue/requests/library/Requests/Session.php(205): Requests::request()
#3 /home/latihtal/public_html/agregator1/src/vendor/rmccue/requests/library/Requests/Session.php(132): Requests_Session->request()
#4 /home/latihtal/public_html/agregator1/src/drivers/Http/RssImporter.php(144): Requests_Session->get()
#5 /home/latihtal/public_html/agregator1/src/controllers/Dashboard/DashboardFeedsController.php(534): spark\drivers\Http\RssImporter->fetchPosts()
#6 /home/latihtal/public_html/agregator1/src/controllers/Site/SiteController.php(722): spark\controllers\Dashboard\DashboardFeedsController::importFeedPosts()
#7 [internal function]: spark\controllers\Site\SiteController->runTasks()
#8 /home/latihtal/public_html/agregator1/src/framework/Route.php(173): call_user_func_array()
#9 [internal function]: Slim\Route->Slim\{closure}()
#10 /home/latihtal/public_html/agregator1/src/framework/Route.php(468): call_user_func_array()
#11 /home/latihtal/public_html/agregator1/src/framework/Slim.php(1364): Slim\Route->dispatch()
#12 /home/latihtal/public_html/agregator1/src/framework/Middleware/Flash.php(85): Slim\Slim->call()
#13 /home/latihtal/public_html/agregator1/src/framework/Middleware/MethodOverride.php(92): Slim\Middleware\Flash->call()
#14 /home/latihtal/public_html/agregator1/src/middlewares/CsrfGuard/CsrfGuard.php(47): Slim\Middleware\MethodOverride->call()
#15 /home/latihtal/public_html/agregator1/src/framework/Middleware/PrettyExceptions.php(67): spark\middlewares\CsrfGuard\CsrfGuard->call()
#16 /home/latihtal/public_html/agregator1/src/framework/Slim.php(1308): Slim\Middleware\PrettyExceptions->call()
#17 /home/latihtal/public_html/agregator1/index.php(6): Slim\Slim->run()
#18 {main} [] []
[2026-04-21 10:42:31] SlimMonoLogger.INFO: Cron ran at: 21-04-2026 10:42:31 AM [] []
[2026-04-21 10:42:33] SlimMonoLogger.INFO: Cron ran at: 21-04-2026 10:42:33 AM [] []
[2026-04-21 10:42:40] SlimMonoLogger.INFO: Cron ran at: 21-04-2026 10:42:40 AM [] []
[2026-04-21 10:42:45] SlimMonoLogger.INFO: Cron ran at: 21-04-2026 10:42:45 AM [] []
[2026-04-21 10:43:01] SlimMonoLogger.INFO: Cron ran at: 21-04-2026 10:43:01 AM [] []
[2026-04-21 10:43:11] SlimMonoLogger.INFO: Cron ran at: 21-04-2026 10:43:11 AM [] []
[2026-04-21 10:43:13] SlimMonoLogger.INFO: Cron ran at: 21-04-2026 10:43:13 AM [] []
[2026-04-21 10:43:15] SlimMonoLogger.INFO: Cron ran at: 21-04-2026 10:43:15 AM [] []
[2026-04-21 10:43:21] SlimMonoLogger.INFO: Cron ran at: 21-04-2026 10:43:21 AM [] []
[2026-04-21 10:43:33] SlimMonoLogger.INFO: Cron ran at: 21-04-2026 10:43:33 AM [] []
[2026-04-21 10:43:34] SlimMonoLogger.INFO: Cron ran at: 21-04-2026 10:43:34 AM [] []
[2026-04-21 10:43:37] SlimMonoLogger.INFO: Cron ran at: 21-04-2026 10:43:37 AM [] []
[2026-04-21 10:43:46] SlimMonoLogger.INFO: Cron ran at: 21-04-2026 10:43:46 AM [] []
[2026-04-21 10:43:46] SlimMonoLogger.INFO: Cron ran at: 21-04-2026 10:43:46 AM [] []
[2026-04-21 10:44:10] SlimMonoLogger.INFO: Cron ran at: 21-04-2026 10:44:10 AM [] []
[2026-04-21 10:44:14] SlimMonoLogger.INFO: Cron ran at: 21-04-2026 10:44:14 AM [] []
[2026-04-21 10:44:16] SlimMonoLogger.INFO: Cron ran at: 21-04-2026 10:44:16 AM [] []
[2026-04-21 10:44:24] SlimMonoLogger.INFO: Cron ran at: 21-04-2026 10:44:24 AM [] []
[2026-04-21 10:44:29] SlimMonoLogger.INFO: Cron ran at: 21-04-2026 10:44:29 AM [] []
[2026-04-21 10:44:41] SlimMonoLogger.INFO: Cron ran at: 21-04-2026 10:44:41 AM [] []
[2026-04-21 10:44:41] SlimMonoLogger.INFO: Cron ran at: 21-04-2026 10:44:41 AM [] []
[2026-04-21 10:44:46] SlimMonoLogger.INFO: Cron ran at: 21-04-2026 10:44:46 AM [] []
[2026-04-21 10:45:02] SlimMonoLogger.INFO: Cron ran at: 21-04-2026 10:45:02 AM [] []
[2026-04-21 10:45:12] SlimMonoLogger.INFO: Cron ran at: 21-04-2026 10:45:12 AM [] []
[2026-04-21 10:45:19] SlimMonoLogger.INFO: Cron ran at: 21-04-2026 10:45:19 AM [] []
[2026-04-21 10:45:29] SlimMonoLogger.INFO: Cron ran at: 21-04-2026 10:45:29 AM [] []
[2026-04-21 10:45:29] SlimMonoLogger.INFO: Cron ran at: 21-04-2026 10:45:29 AM [] []
[2026-04-21 10:45:29] SlimMonoLogger.INFO: Cron ran at: 21-04-2026 10:45:29 AM [] []
[2026-04-21 10:45:42] SlimMonoLogger.INFO: Cron ran at: 21-04-2026 10:45:42 AM [] []
[2026-04-21 10:45:43] SlimMonoLogger.INFO: Cron ran at: 21-04-2026 10:45:43 AM [] []
[2026-04-21 10:45:58] SlimMonoLogger.INFO: Cron ran at: 21-04-2026 10:45:58 AM [] []
[2026-04-21 10:46:03] SlimMonoLogger.INFO: Cron ran at: 21-04-2026 10:46:03 AM [] []
[2026-04-21 10:46:08] SlimMonoLogger.INFO: Cron ran at: 21-04-2026 10:46:08 AM [] []
[2026-04-21 10:46:18] SlimMonoLogger.INFO: Cron ran at: 21-04-2026 10:46:18 AM [] []
[2026-04-21 10:46:22] SlimMonoLogger.INFO: Cron ran at: 21-04-2026 10:46:22 AM [] []
[2026-04-21 10:46:26] SlimMonoLogger.INFO: Cron ran at: 21-04-2026 10:46:26 AM [] []
[2026-04-21 10:46:27] SlimMonoLogger.INFO: Cron ran at: 21-04-2026 10:46:27 AM [] []
[2026-04-21 10:46:31] SlimMonoLogger.INFO: Cron ran at: 21-04-2026 10:46:31 AM [] []
[2026-04-21 10:46:37] SlimMonoLogger.INFO: Cron ran at: 21-04-2026 10:46:37 AM [] []
[2026-04-21 10:46:48] SlimMonoLogger.INFO: Cron ran at: 21-04-2026 10:46:48 AM [] []
[2026-04-21 10:46:48] SlimMonoLogger.INFO: Cron ran at: 21-04-2026 10:46:48 AM [] []
[2026-04-21 10:47:07] SlimMonoLogger.INFO: Cron ran at: 21-04-2026 10:47:07 AM [] []
[2026-04-21 10:47:18] SlimMonoLogger.INFO: Cron ran at: 21-04-2026 10:47:18 AM [] []
[2026-04-21 10:47:18] SlimMonoLogger.INFO: Cron ran at: 21-04-2026 10:47:18 AM [] []
[2026-04-21 10:47:19] SlimMonoLogger.INFO: Cron ran at: 21-04-2026 10:47:19 AM [] []
[2026-04-21 10:47:22] SlimMonoLogger.INFO: Cron ran at: 21-04-2026 10:47:22 AM [] []
[2026-04-21 10:47:24] SlimMonoLogger.INFO: Cron ran at: 21-04-2026 10:47:24 AM [] []
[2026-04-21 10:47:34] SlimMonoLogger.INFO: Cron ran at: 21-04-2026 10:47:34 AM [] []
[2026-04-21 10:47:48] SlimMonoLogger.INFO: Cron ran at: 21-04-2026 10:47:48 AM [] []
[2026-04-21 10:47:48] SlimMonoLogger.INFO: Cron ran at: 21-04-2026 10:47:48 AM [] []
[2026-04-21 10:47:53] SlimMonoLogger.INFO: Cron ran at: 21-04-2026 10:47:53 AM [] []
[2026-04-21 10:48:11] SlimMonoLogger.INFO: Cron ran at: 21-04-2026 10:48:11 AM [] []
[2026-04-21 10:48:22] SlimMonoLogger.INFO: Cron ran at: 21-04-2026 10:48:22 AM [] []
[2026-04-21 10:48:22] SlimMonoLogger.INFO: Cron ran at: 21-04-2026 10:48:22 AM [] []
[2026-04-21 10:48:23] SlimMonoLogger.INFO: Cron ran at: 21-04-2026 10:48:23 AM [] []
[2026-04-21 10:48:34] SlimMonoLogger.INFO: Cron ran at: 21-04-2026 10:48:34 AM [] []
[2026-04-21 10:48:36] SlimMonoLogger.INFO: Cron ran at: 21-04-2026 10:48:36 AM [] []
[2026-04-21 10:48:39] SlimMonoLogger.INFO: Cron ran at: 21-04-2026 10:48:39 AM [] []
[2026-04-21 10:48:46] SlimMonoLogger.INFO: Cron ran at: 21-04-2026 10:48:46 AM [] []
[2026-04-21 10:48:48] SlimMonoLogger.INFO: Cron ran at: 21-04-2026 10:48:48 AM [] []
[2026-04-21 10:49:03] SlimMonoLogger.INFO: Cron ran at: 21-04-2026 10:49:03 AM [] []
[2026-04-21 10:49:13] SlimMonoLogger.INFO: Cron ran at: 21-04-2026 10:49:13 AM [] []
[2026-04-21 10:49:17] SlimMonoLogger.INFO: Cron ran at: 21-04-2026 10:49:17 AM [] []
[2026-04-21 10:49:17] SlimMonoLogger.INFO: Cron ran at: 21-04-2026 10:49:17 AM [] []
[2026-04-21 10:49:18] SlimMonoLogger.INFO: Cron ran at: 21-04-2026 10:49:18 AM [] []
[2026-04-21 10:49:35] SlimMonoLogger.INFO: Cron ran at: 21-04-2026 10:49:35 AM [] []
[2026-04-21 10:49:35] SlimMonoLogger.INFO: Cron ran at: 21-04-2026 10:49:35 AM [] []
[2026-04-21 10:49:38] SlimMonoLogger.INFO: Cron ran at: 21-04-2026 10:49:38 AM [] []
[2026-04-21 10:49:44] SlimMonoLogger.INFO: Cron ran at: 21-04-2026 10:49:44 AM [] []
[2026-04-21 10:50:03] SlimMonoLogger.INFO: Cron ran at: 21-04-2026 10:50:03 AM [] []
[2026-04-21 10:50:04] SlimMonoLogger.INFO: Cron ran at: 21-04-2026 10:50:04 AM [] []
[2026-04-21 10:50:16] SlimMonoLogger.INFO: Cron ran at: 21-04-2026 10:50:16 AM [] []
[2026-04-21 10:50:21] SlimMonoLogger.INFO: Cron ran at: 21-04-2026 10:50:21 AM [] []
[2026-04-21 10:50:24] SlimMonoLogger.INFO: Cron ran at: 21-04-2026 10:50:24 AM [] []
[2026-04-21 10:50:36] SlimMonoLogger.INFO: Cron ran at: 21-04-2026 10:50:36 AM [] []
[2026-04-21 10:50:37] SlimMonoLogger.INFO: Cron ran at: 21-04-2026 10:50:37 AM [] []
[2026-04-21 10:50:37] SlimMonoLogger.INFO: Cron ran at: 21-04-2026 10:50:37 AM [] []
[2026-04-21 10:50:42] SlimMonoLogger.INFO: Cron ran at: 21-04-2026 10:50:42 AM [] []
[2026-04-21 10:51:00] SlimMonoLogger.INFO: Cron ran at: 21-04-2026 10:51:00 AM [] []
[2026-04-21 10:51:01] SlimMonoLogger.INFO: Cron ran at: 21-04-2026 10:51:01 AM [] []
[2026-04-21 10:51:01] SlimMonoLogger.INFO: Cron ran at: 21-04-2026 10:51:01 AM [] []
[2026-04-21 10:51:26] SlimMonoLogger.INFO: Cron ran at: 21-04-2026 10:51:26 AM [] []
[2026-04-21 10:51:26] SlimMonoLogger.INFO: Cron ran at: 21-04-2026 10:51:26 AM [] []
[2026-04-21 10:51:28] SlimMonoLogger.INFO: Cron ran at: 21-04-2026 10:51:28 AM [] []
[2026-04-21 10:51:29] SlimMonoLogger.INFO: Cron ran at: 21-04-2026 10:51:29 AM [] []
[2026-04-21 10:51:31] SlimMonoLogger.INFO: Cron ran at: 21-04-2026 10:51:31 AM [] []
[2026-04-21 10:51:36] SlimMonoLogger.INFO: Cron ran at: 21-04-2026 10:51:36 AM [] []
[2026-04-21 10:51:37] SlimMonoLogger.INFO: Cron ran at: 21-04-2026 10:51:37 AM [] []
[2026-04-21 10:51:42] SlimMonoLogger.INFO: Cron ran at: 21-04-2026 10:51:42 AM [] []
[2026-04-21 10:51:51] SlimMonoLogger.INFO: Cron ran at: 21-04-2026 10:51:51 AM [] []
[2026-04-21 10:51:55] SlimMonoLogger.INFO: Cron ran at: 21-04-2026 10:51:55 AM [] []
[2026-04-21 10:52:09] SlimMonoLogger.INFO: Cron ran at: 21-04-2026 10:52:09 AM [] []
[2026-04-21 10:52:11] SlimMonoLogger.INFO: Cron ran at: 21-04-2026 10:52:11 AM [] []
[2026-04-21 10:52:15] SlimMonoLogger.INFO: Cron ran at: 21-04-2026 10:52:15 AM [] []
[2026-04-21 10:52:16] SlimMonoLogger.INFO: Cron ran at: 21-04-2026 10:52:16 AM [] []
[2026-04-21 10:52:16] SlimMonoLogger.INFO: Cron ran at: 21-04-2026 10:52:16 AM [] []
[2026-04-21 10:52:36] SlimMonoLogger.INFO: Cron ran at: 21-04-2026 10:52:36 AM [] []
[2026-04-21 10:52:36] SlimMonoLogger.INFO: Cron ran at: 21-04-2026 10:52:36 AM [] []
[2026-04-21 10:52:44] SlimMonoLogger.INFO: Cron ran at: 21-04-2026 10:52:44 AM [] []
[2026-04-21 10:52:44] SlimMonoLogger.INFO: Cron ran at: 21-04-2026 10:52:44 AM [] []
[2026-04-21 10:52:52] SlimMonoLogger.INFO: Cron ran at: 21-04-2026 10:52:52 AM [] []
[2026-04-21 10:53:09] SlimMonoLogger.INFO: Cron ran at: 21-04-2026 10:53:09 AM [] []
[2026-04-21 10:53:10] SlimMonoLogger.INFO: Cron ran at: 21-04-2026 10:53:10 AM [] []
[2026-04-21 10:53:17] SlimMonoLogger.INFO: Cron ran at: 21-04-2026 10:53:17 AM [] []
[2026-04-21 10:53:17] SlimMonoLogger.INFO: Cron ran at: 21-04-2026 10:53:17 AM [] []
[2026-04-21 10:53:19] SlimMonoLogger.INFO: Cron ran at: 21-04-2026 10:53:19 AM [] []
[2026-04-21 10:53:27] SlimMonoLogger.INFO: Cron ran at: 21-04-2026 10:53:27 AM [] []
[2026-04-21 10:53:39] SlimMonoLogger.INFO: Cron ran at: 21-04-2026 10:53:39 AM [] []
[2026-04-21 10:53:42] SlimMonoLogger.INFO: Cron ran at: 21-04-2026 10:53:42 AM [] []
[2026-04-21 10:53:42] SlimMonoLogger.INFO: Cron ran at: 21-04-2026 10:53:42 AM [] []
[2026-04-21 10:53:42] SlimMonoLogger.INFO: Cron ran at: 21-04-2026 10:53:42 AM [] []
[2026-04-21 10:54:02] SlimMonoLogger.INFO: Cron ran at: 21-04-2026 10:54:02 AM [] []
[2026-04-21 10:54:05] SlimMonoLogger.INFO: Cron ran at: 21-04-2026 10:54:05 AM [] []
[2026-04-21 10:54:07] SlimMonoLogger.INFO: Cron ran at: 21-04-2026 10:54:07 AM [] []
[2026-04-21 10:54:14] SlimMonoLogger.INFO: Cron ran at: 21-04-2026 10:54:14 AM [] []
[2026-04-21 10:54:17] SlimMonoLogger.INFO: Cron ran at: 21-04-2026 10:54:17 AM [] []
[2026-04-21 10:54:24] SlimMonoLogger.INFO: Cron ran at: 21-04-2026 10:54:24 AM [] []
[2026-04-21 10:54:33] SlimMonoLogger.INFO: Cron ran at: 21-04-2026 10:54:33 AM [] []
[2026-04-21 10:54:35] SlimMonoLogger.INFO: Cron ran at: 21-04-2026 10:54:35 AM [] []
[2026-04-21 10:54:43] SlimMonoLogger.INFO: Cron ran at: 21-04-2026 10:54:43 AM [] []
[2026-04-21 10:54:43] SlimMonoLogger.INFO: Cron ran at: 21-04-2026 10:54:43 AM [] []
[2026-04-21 10:54:51] SlimMonoLogger.INFO: Cron ran at: 21-04-2026 10:54:51 AM [] []
[2026-04-21 10:55:00] SlimMonoLogger.INFO: Cron ran at: 21-04-2026 10:55:00 AM [] []
[2026-04-21 10:55:07] SlimMonoLogger.INFO: Cron ran at: 21-04-2026 10:55:07 AM [] []
[2026-04-21 10:55:18] SlimMonoLogger.INFO: Cron ran at: 21-04-2026 10:55:18 AM [] []
[2026-04-21 10:55:19] SlimMonoLogger.INFO: Cron ran at: 21-04-2026 10:55:19 AM [] []
[2026-04-21 10:55:26] SlimMonoLogger.INFO: Cron ran at: 21-04-2026 10:55:26 AM [] []
[2026-04-21 10:55:26] SlimMonoLogger.INFO: Cron ran at: 21-04-2026 10:55:26 AM [] []
[2026-04-21 10:55:33] SlimMonoLogger.INFO: Cron ran at: 21-04-2026 10:55:33 AM [] []
[2026-04-21 10:55:38] SlimMonoLogger.INFO: Cron ran at: 21-04-2026 10:55:38 AM [] []
[2026-04-21 10:55:46] SlimMonoLogger.INFO: Cron ran at: 21-04-2026 10:55:46 AM [] []
[2026-04-21 10:55:55] SlimMonoLogger.INFO: Cron ran at: 21-04-2026 10:55:55 AM [] []
[2026-04-21 10:55:56] SlimMonoLogger.INFO: Cron ran at: 21-04-2026 10:55:56 AM [] []
[2026-04-21 10:56:00] SlimMonoLogger.INFO: Cron ran at: 21-04-2026 10:56:00 AM [] []
[2026-04-21 10:56:22] SlimMonoLogger.INFO: Cron ran at: 21-04-2026 10:56:22 AM [] []
[2026-04-21 10:56:24] SlimMonoLogger.INFO: Cron ran at: 21-04-2026 10:56:24 AM [] []
[2026-04-21 10:56:24] SlimMonoLogger.INFO: Cron ran at: 21-04-2026 10:56:24 AM [] []
[2026-04-21 10:56:24] SlimMonoLogger.INFO: Cron ran at: 21-04-2026 10:56:24 AM [] []
[2026-04-21 10:56:28] SlimMonoLogger.INFO: Cron ran at: 21-04-2026 10:56:28 AM [] []
[2026-04-21 10:56:30] SlimMonoLogger.INFO: Cron ran at: 21-04-2026 10:56:30 AM [] []
[2026-04-21 10:56:31] SlimMonoLogger.INFO: Cron ran at: 21-04-2026 10:56:31 AM [] []
[2026-04-21 10:56:53] SlimMonoLogger.INFO: Cron ran at: 21-04-2026 10:56:53 AM [] []
[2026-04-21 10:56:53] SlimMonoLogger.INFO: Cron ran at: 21-04-2026 10:56:53 AM [] []
[2026-04-21 10:56:53] SlimMonoLogger.INFO: Cron ran at: 21-04-2026 10:56:53 AM [] []
[2026-04-21 10:56:54] SlimMonoLogger.INFO: Cron ran at: 21-04-2026 10:56:54 AM [] []
[2026-04-21 10:57:09] SlimMonoLogger.INFO: Cron ran at: 21-04-2026 10:57:09 AM [] []
[2026-04-21 10:57:15] SlimMonoLogger.INFO: Cron ran at: 21-04-2026 10:57:15 AM [] []
[2026-04-21 10:57:15] SlimMonoLogger.INFO: Cron ran at: 21-04-2026 10:57:15 AM [] []
[2026-04-21 10:57:16] SlimMonoLogger.INFO: Cron ran at: 21-04-2026 10:57:16 AM [] []
[2026-04-21 10:57:17] SlimMonoLogger.INFO: Cron ran at: 21-04-2026 10:57:17 AM [] []
[2026-04-21 10:57:20] SlimMonoLogger.INFO: Cron ran at: 21-04-2026 10:57:20 AM [] []
[2026-04-21 10:57:28] SlimMonoLogger.INFO: Cron ran at: 21-04-2026 10:57:28 AM [] []
[2026-04-21 10:57:40] SlimMonoLogger.INFO: Cron ran at: 21-04-2026 10:57:40 AM [] []
[2026-04-21 10:57:48] SlimMonoLogger.INFO: Cron ran at: 21-04-2026 10:57:48 AM [] []
[2026-04-21 10:57:49] SlimMonoLogger.INFO: Cron ran at: 21-04-2026 10:57:49 AM [] []
[2026-04-21 10:57:54] SlimMonoLogger.INFO: Cron ran at: 21-04-2026 10:57:54 AM [] []
[2026-04-21 10:58:01] SlimMonoLogger.INFO: Cron ran at: 21-04-2026 10:58:01 AM [] []
[2026-04-21 10:58:04] SlimMonoLogger.INFO: Cron ran at: 21-04-2026 10:58:04 AM [] []
[2026-04-21 10:58:11] SlimMonoLogger.INFO: Cron ran at: 21-04-2026 10:58:11 AM [] []
[2026-04-21 10:58:14] SlimMonoLogger.INFO: Cron ran at: 21-04-2026 10:58:14 AM [] []
[2026-04-21 10:58:18] SlimMonoLogger.INFO: Cron ran at: 21-04-2026 10:58:18 AM [] []
[2026-04-21 10:58:19] SlimMonoLogger.INFO: Cron ran at: 21-04-2026 10:58:19 AM [] []
[2026-04-21 10:58:25] SlimMonoLogger.INFO: Cron ran at: 21-04-2026 10:58:25 AM [] []
[2026-04-21 10:58:25] SlimMonoLogger.INFO: Cron ran at: 21-04-2026 10:58:25 AM [] []
[2026-04-21 10:58:39] SlimMonoLogger.INFO: Cron ran at: 21-04-2026 10:58:39 AM [] []
[2026-04-21 10:58:45] SlimMonoLogger.INFO: Cron ran at: 21-04-2026 10:58:45 AM [] []
[2026-04-21 10:59:00] SlimMonoLogger.INFO: Cron ran at: 21-04-2026 10:59:00 AM [] []
[2026-04-21 10:59:00] SlimMonoLogger.INFO: Cron ran at: 21-04-2026 10:59:00 AM [] []
[2026-04-21 10:59:08] SlimMonoLogger.INFO: Cron ran at: 21-04-2026 10:59:08 AM [] []
[2026-04-21 10:59:17] SlimMonoLogger.INFO: Cron ran at: 21-04-2026 10:59:17 AM [] []
[2026-04-21 10:59:17] SlimMonoLogger.INFO: Cron ran at: 21-04-2026 10:59:17 AM [] []
[2026-04-21 10:59:27] SlimMonoLogger.INFO: Cron ran at: 21-04-2026 10:59:27 AM [] []
[2026-04-21 10:59:28] SlimMonoLogger.INFO: Cron ran at: 21-04-2026 10:59:28 AM [] []
[2026-04-21 10:59:28] SlimMonoLogger.INFO: Cron ran at: 21-04-2026 10:59:28 AM [] []
[2026-04-21 10:59:34] SlimMonoLogger.INFO: Cron ran at: 21-04-2026 10:59:34 AM [] []
[2026-04-21 10:59:37] SlimMonoLogger.INFO: Cron ran at: 21-04-2026 10:59:37 AM [] []
[2026-04-21 10:59:48] SlimMonoLogger.INFO: Cron ran at: 21-04-2026 10:59:48 AM [] []
[2026-04-21 11:00:01] SlimMonoLogger.INFO: Cron ran at: 21-04-2026 11:00:01 AM [] []
[2026-04-21 11:00:01] SlimMonoLogger.INFO: Cron ran at: 21-04-2026 11:00:01 AM [] []
[2026-04-21 11:00:02] SlimMonoLogger.INFO: Cron ran at: 21-04-2026 11:00:02 AM [] []
[2026-04-21 11:00:19] SlimMonoLogger.INFO: Cron ran at: 21-04-2026 11:00:19 AM [] []
[2026-04-21 11:00:20] SlimMonoLogger.INFO: Cron ran at: 21-04-2026 11:00:20 AM [] []
[2026-04-21 11:00:20] SlimMonoLogger.INFO: Cron ran at: 21-04-2026 11:00:20 AM [] []
[2026-04-21 11:00:24] SlimMonoLogger.INFO: Cron ran at: 21-04-2026 11:00:24 AM [] []
[2026-04-21 11:00:25] SlimMonoLogger.INFO: Cron ran at: 21-04-2026 11:00:25 AM [] []
[2026-04-21 11:00:27] SlimMonoLogger.INFO: Cron ran at: 21-04-2026 11:00:27 AM [] []
[2026-04-21 11:00:33] SlimMonoLogger.INFO: Cron ran at: 21-04-2026 11:00:33 AM [] []
[2026-04-21 11:00:51] SlimMonoLogger.INFO: Cron ran at: 21-04-2026 11:00:51 AM [] []
[2026-04-21 11:00:59] SlimMonoLogger.INFO: Cron ran at: 21-04-2026 11:00:59 AM [] []
[2026-04-21 11:00:59] SlimMonoLogger.INFO: Cron ran at: 21-04-2026 11:00:59 AM [] []
[2026-04-21 11:01:04] SlimMonoLogger.INFO: Cron ran at: 21-04-2026 11:01:04 AM [] []
[2026-04-21 11:01:17] SlimMonoLogger.INFO: Cron ran at: 21-04-2026 11:01:17 AM [] []
[2026-04-21 11:01:31] SlimMonoLogger.INFO: Cron ran at: 21-04-2026 11:01:31 AM [] []
[2026-04-21 11:01:32] SlimMonoLogger.INFO: Cron ran at: 21-04-2026 11:01:32 AM [] []
[2026-04-21 11:01:32] SlimMonoLogger.INFO: Cron ran at: 21-04-2026 11:01:32 AM [] []
[2026-04-21 11:01:33] SlimMonoLogger.INFO: Cron ran at: 21-04-2026 11:01:33 AM [] []
[2026-04-21 11:01:42] SlimMonoLogger.INFO: Cron ran at: 21-04-2026 11:01:42 AM [] []
[2026-04-21 11:01:44] SlimMonoLogger.INFO: Cron ran at: 21-04-2026 11:01:44 AM [] []
[2026-04-21 11:01:45] SlimMonoLogger.INFO: Cron ran at: 21-04-2026 11:01:45 AM [] []
[2026-04-21 11:01:59] SlimMonoLogger.INFO: Cron ran at: 21-04-2026 11:01:59 AM [] []
[2026-04-21 11:02:00] SlimMonoLogger.INFO: Cron ran at: 21-04-2026 11:02:00 AM [] []
[2026-04-21 11:02:06] SlimMonoLogger.INFO: Cron ran at: 21-04-2026 11:02:06 AM [] []
[2026-04-21 11:02:08] SlimMonoLogger.INFO: Cron ran at: 21-04-2026 11:02:08 AM [] []
[2026-04-21 11:02:14] SlimMonoLogger.INFO: Cron ran at: 21-04-2026 11:02:14 AM [] []
[2026-04-21 11:02:17] SlimMonoLogger.INFO: Cron ran at: 21-04-2026 11:02:17 AM [] []
[2026-04-21 11:02:18] SlimMonoLogger.INFO: Cron ran at: 21-04-2026 11:02:18 AM [] []
[2026-04-21 11:02:20] SlimMonoLogger.INFO: Cron ran at: 21-04-2026 11:02:20 AM [] []
[2026-04-21 11:02:20] SlimMonoLogger.INFO: Cron ran at: 21-04-2026 11:02:20 AM [] []
[2026-04-21 11:02:21] SlimMonoLogger.INFO: Cron ran at: 21-04-2026 11:02:21 AM [] []
[2026-04-21 11:02:33] SlimMonoLogger.INFO: Cron ran at: 21-04-2026 11:02:33 AM [] []
[2026-04-21 11:02:34] SlimMonoLogger.INFO: Cron ran at: 21-04-2026 11:02:34 AM [] []
[2026-04-21 11:02:34] SlimMonoLogger.INFO: Cron ran at: 21-04-2026 11:02:34 AM [] []
[2026-04-21 11:02:39] SlimMonoLogger.INFO: Cron ran at: 21-04-2026 11:02:39 AM [] []
[2026-04-21 11:02:48] SlimMonoLogger.INFO: Cron ran at: 21-04-2026 11:02:48 AM [] []
[2026-04-21 11:03:22] SlimMonoLogger.INFO: Cron ran at: 21-04-2026 11:03:22 AM [] []
[2026-04-21 11:03:22] SlimMonoLogger.INFO: Cron ran at: 21-04-2026 11:03:22 AM [] []
[2026-04-21 11:03:22] SlimMonoLogger.INFO: Cron ran at: 21-04-2026 11:03:22 AM [] []
[2026-04-21 11:03:22] SlimMonoLogger.INFO: Cron ran at: 21-04-2026 11:03:22 AM [] []
[2026-04-21 11:03:22] SlimMonoLogger.INFO: Cron ran at: 21-04-2026 11:03:22 AM [] []
[2026-04-21 11:03:26] SlimMonoLogger.INFO: Cron ran at: 21-04-2026 11:03:26 AM [] []
[2026-04-21 11:03:26] SlimMonoLogger.INFO: Cron ran at: 21-04-2026 11:03:26 AM [] []
[2026-04-21 11:03:34] SlimMonoLogger.INFO: Cron ran at: 21-04-2026 11:03:34 AM [] []
[2026-04-21 11:03:36] SlimMonoLogger.INFO: Cron ran at: 21-04-2026 11:03:36 AM [] []
[2026-04-21 11:03:37] SlimMonoLogger.INFO: Cron ran at: 21-04-2026 11:03:37 AM [] []
[2026-04-21 11:03:38] SlimMonoLogger.INFO: Cron ran at: 21-04-2026 11:03:38 AM [] []
[2026-04-21 11:03:53] SlimMonoLogger.INFO: Cron ran at: 21-04-2026 11:03:53 AM [] []
[2026-04-21 11:04:12] SlimMonoLogger.INFO: Cron ran at: 21-04-2026 11:04:12 AM [] []
[2026-04-21 11:04:12] SlimMonoLogger.INFO: Cron ran at: 21-04-2026 11:04:12 AM [] []
[2026-04-21 11:04:14] SlimMonoLogger.INFO: Cron ran at: 21-04-2026 11:04:14 AM [] []
[2026-04-21 11:04:17] SlimMonoLogger.INFO: Cron ran at: 21-04-2026 11:04:17 AM [] []
[2026-04-21 11:04:26] SlimMonoLogger.INFO: Cron ran at: 21-04-2026 11:04:26 AM [] []
[2026-04-21 11:04:27] SlimMonoLogger.INFO: Cron ran at: 21-04-2026 11:04:27 AM [] []
[2026-04-21 11:04:27] SlimMonoLogger.INFO: Cron ran at: 21-04-2026 11:04:27 AM [] []
[2026-04-21 11:04:30] SlimMonoLogger.INFO: Cron ran at: 21-04-2026 11:04:30 AM [] []
[2026-04-21 11:04:40] SlimMonoLogger.INFO: Cron ran at: 21-04-2026 11:04:40 AM [] []
[2026-04-21 11:04:40] SlimMonoLogger.INFO: Cron ran at: 21-04-2026 11:04:40 AM [] []
[2026-04-21 11:04:45] SlimMonoLogger.INFO: Cron ran at: 21-04-2026 11:04:45 AM [] []
[2026-04-21 11:04:48] SlimMonoLogger.INFO: Cron ran at: 21-04-2026 11:04:48 AM [] []
[2026-04-21 11:05:09] SlimMonoLogger.INFO: Cron ran at: 21-04-2026 11:05:09 AM [] []
[2026-04-21 11:05:14] SlimMonoLogger.INFO: Cron ran at: 21-04-2026 11:05:14 AM [] []
[2026-04-21 11:05:21] SlimMonoLogger.INFO: Cron ran at: 21-04-2026 11:05:21 AM [] []
[2026-04-21 11:05:22] SlimMonoLogger.INFO: Cron ran at: 21-04-2026 11:05:22 AM [] []
[2026-04-21 11:05:26] SlimMonoLogger.INFO: Cron ran at: 21-04-2026 11:05:26 AM [] []
[2026-04-21 11:05:26] SlimMonoLogger.INFO: Cron ran at: 21-04-2026 11:05:26 AM [] []
[2026-04-21 11:05:30] SlimMonoLogger.INFO: Cron ran at: 21-04-2026 11:05:30 AM [] []
[2026-04-21 11:05:32] SlimMonoLogger.INFO: Cron ran at: 21-04-2026 11:05:32 AM [] []
[2026-04-21 11:05:40] SlimMonoLogger.INFO: Cron ran at: 21-04-2026 11:05:40 AM [] []
[2026-04-21 11:05:49] SlimMonoLogger.INFO: Cron ran at: 21-04-2026 11:05:49 AM [] []
[2026-04-21 11:05:50] SlimMonoLogger.INFO: Cron ran at: 21-04-2026 11:05:50 AM [] []
[2026-04-21 11:05:54] SlimMonoLogger.INFO: Cron ran at: 21-04-2026 11:05:54 AM [] []
[2026-04-21 11:06:20] SlimMonoLogger.INFO: Cron ran at: 21-04-2026 11:06:20 AM [] []
[2026-04-21 11:06:20] SlimMonoLogger.INFO: Cron ran at: 21-04-2026 11:06:20 AM [] []
[2026-04-21 11:06:21] SlimMonoLogger.INFO: Cron ran at: 21-04-2026 11:06:21 AM [] []
[2026-04-21 11:06:21] SlimMonoLogger.INFO: Cron ran at: 21-04-2026 11:06:21 AM [] []
[2026-04-21 11:06:23] SlimMonoLogger.INFO: Cron ran at: 21-04-2026 11:06:23 AM [] []
[2026-04-21 11:06:24] SlimMonoLogger.INFO: Cron ran at: 21-04-2026 11:06:24 AM [] []
[2026-04-21 11:06:32] SlimMonoLogger.ERROR: Requests_Exception: cURL error 28: Operation timed out after 500000 milliseconds with 15824 bytes received in /home/latihtal/public_html/agregator1/src/vendor/rmccue/requests/library/Requests/Transport/cURL.php:422
Stack trace:
#0 /home/latihtal/public_html/agregator1/src/vendor/rmccue/requests/library/Requests/Transport/cURL.php(177): Requests_Transport_cURL->process_response()
#1 /home/latihtal/public_html/agregator1/src/vendor/rmccue/requests/library/Requests.php(379): Requests_Transport_cURL->request()
#2 /home/latihtal/public_html/agregator1/src/vendor/rmccue/requests/library/Requests/Session.php(205): Requests::request()
#3 /home/latihtal/public_html/agregator1/src/vendor/rmccue/requests/library/Requests/Session.php(132): Requests_Session->request()
#4 /home/latihtal/public_html/agregator1/src/drivers/Http/RssImporter.php(144): Requests_Session->get()
#5 /home/latihtal/public_html/agregator1/src/controllers/Dashboard/DashboardFeedsController.php(534): spark\drivers\Http\RssImporter->fetchPosts()
#6 /home/latihtal/public_html/agregator1/src/controllers/Site/SiteController.php(722): spark\controllers\Dashboard\DashboardFeedsController::importFeedPosts()
#7 [internal function]: spark\controllers\Site\SiteController->runTasks()
#8 /home/latihtal/public_html/agregator1/src/framework/Route.php(173): call_user_func_array()
#9 [internal function]: Slim\Route->Slim\{closure}()
#10 /home/latihtal/public_html/agregator1/src/framework/Route.php(468): call_user_func_array()
#11 /home/latihtal/public_html/agregator1/src/framework/Slim.php(1364): Slim\Route->dispatch()
#12 /home/latihtal/public_html/agregator1/src/framework/Middleware/Flash.php(85): Slim\Slim->call()
#13 /home/latihtal/public_html/agregator1/src/framework/Middleware/MethodOverride.php(92): Slim\Middleware\Flash->call()
#14 /home/latihtal/public_html/agregator1/src/middlewares/CsrfGuard/CsrfGuard.php(47): Slim\Middleware\MethodOverride->call()
#15 /home/latihtal/public_html/agregator1/src/framework/Middleware/PrettyExceptions.php(67): spark\middlewares\CsrfGuard\CsrfGuard->call()
#16 /home/latihtal/public_html/agregator1/src/framework/Slim.php(1308): Slim\Middleware\PrettyExceptions->call()
#17 /home/latihtal/public_html/agregator1/index.php(6): Slim\Slim->run()
#18 {main} [] []
[2026-04-21 11:06:33] SlimMonoLogger.INFO: Cron ran at: 21-04-2026 11:06:33 AM [] []
[2026-04-21 11:06:34] SlimMonoLogger.INFO: Cron ran at: 21-04-2026 11:06:34 AM [] []
[2026-04-21 11:06:41] SlimMonoLogger.INFO: Cron ran at: 21-04-2026 11:06:41 AM [] []
[2026-04-21 11:06:41] SlimMonoLogger.INFO: Cron ran at: 21-04-2026 11:06:41 AM [] []
[2026-04-21 11:06:49] SlimMonoLogger.INFO: Cron ran at: 21-04-2026 11:06:49 AM [] []
[2026-04-21 11:06:52] SlimMonoLogger.INFO: Cron ran at: 21-04-2026 11:06:52 AM [] []
[2026-04-21 11:06:53] SlimMonoLogger.INFO: Cron ran at: 21-04-2026 11:06:53 AM [] []
[2026-04-21 11:07:10] SlimMonoLogger.INFO: Cron ran at: 21-04-2026 11:07:10 AM [] []
[2026-04-21 11:07:15] SlimMonoLogger.INFO: Cron ran at: 21-04-2026 11:07:15 AM [] []
[2026-04-21 11:07:20] SlimMonoLogger.INFO: Cron ran at: 21-04-2026 11:07:20 AM [] []
[2026-04-21 11:07:20] SlimMonoLogger.INFO: Cron ran at: 21-04-2026 11:07:20 AM [] []
[2026-04-21 11:07:21] SlimMonoLogger.INFO: Cron ran at: 21-04-2026 11:07:21 AM [] []
[2026-04-21 11:07:27] SlimMonoLogger.INFO: Cron ran at: 21-04-2026 11:07:27 AM [] []
[2026-04-21 11:07:27] SlimMonoLogger.INFO: Cron ran at: 21-04-2026 11:07:27 AM [] []
[2026-04-21 11:07:33] SlimMonoLogger.INFO: Cron ran at: 21-04-2026 11:07:33 AM [] []
[2026-04-21 11:07:35] SlimMonoLogger.INFO: Cron ran at: 21-04-2026 11:07:35 AM [] []
[2026-04-21 11:07:43] SlimMonoLogger.INFO: Cron ran at: 21-04-2026 11:07:43 AM [] []
[2026-04-21 11:07:48] SlimMonoLogger.INFO: Cron ran at: 21-04-2026 11:07:48 AM [] []
[2026-04-21 11:07:48] SlimMonoLogger.INFO: Cron ran at: 21-04-2026 11:07:48 AM [] []
[2026-04-21 11:07:48] SlimMonoLogger.INFO: Cron ran at: 21-04-2026 11:07:48 AM [] []
[2026-04-21 11:08:01] SlimMonoLogger.INFO: Cron ran at: 21-04-2026 11:08:01 AM [] []
[2026-04-21 11:08:12] SlimMonoLogger.INFO: Cron ran at: 21-04-2026 11:08:12 AM [] []
[2026-04-21 11:08:14] SlimMonoLogger.INFO: Cron ran at: 21-04-2026 11:08:14 AM [] []
[2026-04-21 11:08:16] SlimMonoLogger.INFO: Cron ran at: 21-04-2026 11:08:16 AM [] []
[2026-04-21 11:08:29] SlimMonoLogger.INFO: Cron ran at: 21-04-2026 11:08:29 AM [] []
[2026-04-21 11:08:29] SlimMonoLogger.INFO: Cron ran at: 21-04-2026 11:08:29 AM [] []
[2026-04-21 11:08:30] SlimMonoLogger.INFO: Cron ran at: 21-04-2026 11:08:30 AM [] []
[2026-04-21 11:08:30] SlimMonoLogger.INFO: Cron ran at: 21-04-2026 11:08:30 AM [] []
[2026-04-21 11:08:31] SlimMonoLogger.INFO: Cron ran at: 21-04-2026 11:08:31 AM [] []
[2026-04-21 11:08:40] SlimMonoLogger.INFO: Cron ran at: 21-04-2026 11:08:40 AM [] []
[2026-04-21 11:08:43] SlimMonoLogger.INFO: Cron ran at: 21-04-2026 11:08:43 AM [] []
[2026-04-21 11:08:53] SlimMonoLogger.INFO: Cron ran at: 21-04-2026 11:08:53 AM [] []
[2026-04-21 11:08:53] SlimMonoLogger.INFO: Cron ran at: 21-04-2026 11:08:53 AM [] []
[2026-04-21 11:09:13] SlimMonoLogger.INFO: Cron ran at: 21-04-2026 11:09:13 AM [] []
[2026-04-21 11:09:22] SlimMonoLogger.INFO: Cron ran at: 21-04-2026 11:09:22 AM [] []
[2026-04-21 11:09:23] SlimMonoLogger.INFO: Cron ran at: 21-04-2026 11:09:23 AM [] []
[2026-04-21 11:09:30] SlimMonoLogger.INFO: Cron ran at: 21-04-2026 11:09:30 AM [] []
[2026-04-21 11:09:31] SlimMonoLogger.INFO: Cron ran at: 21-04-2026 11:09:31 AM [] []
[2026-04-21 11:09:31] SlimMonoLogger.INFO: Cron ran at: 21-04-2026 11:09:31 AM [] []
[2026-04-21 11:09:33] SlimMonoLogger.INFO: Cron ran at: 21-04-2026 11:09:33 AM [] []
[2026-04-21 11:09:37] SlimMonoLogger.INFO: Cron ran at: 21-04-2026 11:09:37 AM [] []
[2026-04-21 11:09:43] SlimMonoLogger.INFO: Cron ran at: 21-04-2026 11:09:43 AM [] []
[2026-04-21 11:09:50] SlimMonoLogger.INFO: Cron ran at: 21-04-2026 11:09:50 AM [] []
[2026-04-21 11:10:16] SlimMonoLogger.INFO: Cron ran at: 21-04-2026 11:10:16 AM [] []
[2026-04-21 11:10:16] SlimMonoLogger.INFO: Cron ran at: 21-04-2026 11:10:16 AM [] []
[2026-04-21 11:10:18] SlimMonoLogger.INFO: Cron ran at: 21-04-2026 11:10:18 AM [] []
[2026-04-21 11:10:26] SlimMonoLogger.INFO: Cron ran at: 21-04-2026 11:10:26 AM [] []
[2026-04-21 11:10:34] SlimMonoLogger.INFO: Cron ran at: 21-04-2026 11:10:34 AM [] []
[2026-04-21 11:10:34] SlimMonoLogger.INFO: Cron ran at: 21-04-2026 11:10:34 AM [] []
[2026-04-21 11:10:35] SlimMonoLogger.INFO: Cron ran at: 21-04-2026 11:10:35 AM [] []
[2026-04-21 11:10:38] SlimMonoLogger.INFO: Cron ran at: 21-04-2026 11:10:38 AM [] []
[2026-04-21 11:10:40] SlimMonoLogger.INFO: Cron ran at: 21-04-2026 11:10:40 AM [] []
[2026-04-21 11:10:42] SlimMonoLogger.INFO: Cron ran at: 21-04-2026 11:10:42 AM [] []
[2026-04-21 11:10:52] SlimMonoLogger.INFO: Cron ran at: 21-04-2026 11:10:52 AM [] []
[2026-04-21 11:10:58] SlimMonoLogger.INFO: Cron ran at: 21-04-2026 11:10:58 AM [] []
[2026-04-21 11:11:06] SlimMonoLogger.INFO: Cron ran at: 21-04-2026 11:11:06 AM [] []
[2026-04-21 11:11:11] SlimMonoLogger.INFO: Cron ran at: 21-04-2026 11:11:11 AM [] []
[2026-04-21 11:11:14] SlimMonoLogger.INFO: Cron ran at: 21-04-2026 11:11:14 AM [] []
[2026-04-21 11:11:17] SlimMonoLogger.INFO: Cron ran at: 21-04-2026 11:11:17 AM [] []
[2026-04-21 11:11:26] SlimMonoLogger.INFO: Cron ran at: 21-04-2026 11:11:26 AM [] []
[2026-04-21 11:11:30] SlimMonoLogger.INFO: Cron ran at: 21-04-2026 11:11:30 AM [] []
[2026-04-21 11:11:37] SlimMonoLogger.INFO: Cron ran at: 21-04-2026 11:11:37 AM [] []
[2026-04-21 11:11:37] SlimMonoLogger.INFO: Cron ran at: 21-04-2026 11:11:37 AM [] []
[2026-04-21 11:11:37] SlimMonoLogger.INFO: Cron ran at: 21-04-2026 11:11:37 AM [] []
[2026-04-21 11:11:41] SlimMonoLogger.INFO: Cron ran at: 21-04-2026 11:11:41 AM [] []
[2026-04-21 11:11:42] SlimMonoLogger.INFO: Cron ran at: 21-04-2026 11:11:42 AM [] []
[2026-04-21 11:11:52] SlimMonoLogger.INFO: Cron ran at: 21-04-2026 11:11:52 AM [] []
[2026-04-21 11:11:53] SlimMonoLogger.INFO: Cron ran at: 21-04-2026 11:11:53 AM [] []
[2026-04-21 11:12:11] SlimMonoLogger.INFO: Cron ran at: 21-04-2026 11:12:11 AM [] []
[2026-04-21 11:12:12] SlimMonoLogger.INFO: Cron ran at: 21-04-2026 11:12:12 AM [] []
[2026-04-21 11:12:13] SlimMonoLogger.INFO: Cron ran at: 21-04-2026 11:12:13 AM [] []
[2026-04-21 11:12:13] SlimMonoLogger.INFO: Cron ran at: 21-04-2026 11:12:13 AM [] []
[2026-04-21 11:12:32] SlimMonoLogger.INFO: Cron ran at: 21-04-2026 11:12:32 AM [] []
[2026-04-21 11:12:33] SlimMonoLogger.INFO: Cron ran at: 21-04-2026 11:12:33 AM [] []
[2026-04-21 11:12:35] SlimMonoLogger.INFO: Cron ran at: 21-04-2026 11:12:35 AM [] []
[2026-04-21 11:12:38] SlimMonoLogger.INFO: Cron ran at: 21-04-2026 11:12:38 AM [] []
[2026-04-21 11:12:39] SlimMonoLogger.INFO: Cron ran at: 21-04-2026 11:12:39 AM [] []
[2026-04-21 11:12:40] SlimMonoLogger.INFO: Cron ran at: 21-04-2026 11:12:40 AM [] []
[2026-04-21 11:12:43] SlimMonoLogger.INFO: Cron ran at: 21-04-2026 11:12:43 AM [] []
[2026-04-21 11:12:56] SlimMonoLogger.INFO: Cron ran at: 21-04-2026 11:12:56 AM [] []
[2026-04-21 11:13:01] SlimMonoLogger.INFO: Cron ran at: 21-04-2026 11:13:01 AM [] []
[2026-04-21 11:13:08] SlimMonoLogger.INFO: Cron ran at: 21-04-2026 11:13:08 AM [] []
[2026-04-21 11:13:08] SlimMonoLogger.INFO: Cron ran at: 21-04-2026 11:13:08 AM [] []
[2026-04-21 11:13:21] SlimMonoLogger.INFO: Cron ran at: 21-04-2026 11:13:21 AM [] []
[2026-04-21 11:13:30] SlimMonoLogger.INFO: Cron ran at: 21-04-2026 11:13:30 AM [] []
[2026-04-21 11:13:30] SlimMonoLogger.INFO: Cron ran at: 21-04-2026 11:13:30 AM [] []
[2026-04-21 11:13:35] SlimMonoLogger.INFO: Cron ran at: 21-04-2026 11:13:35 AM [] []
[2026-04-21 11:13:39] SlimMonoLogger.INFO: Cron ran at: 21-04-2026 11:13:39 AM [] []
[2026-04-21 11:13:39] SlimMonoLogger.INFO: Cron ran at: 21-04-2026 11:13:39 AM [] []
[2026-04-21 11:13:42] SlimMonoLogger.INFO: Cron ran at: 21-04-2026 11:13:42 AM [] []
[2026-04-21 11:13:45] SlimMonoLogger.INFO: Cron ran at: 21-04-2026 11:13:45 AM [] []
[2026-04-21 11:13:58] SlimMonoLogger.INFO: Cron ran at: 21-04-2026 11:13:58 AM [] []
[2026-04-21 11:14:01] SlimMonoLogger.INFO: Cron ran at: 21-04-2026 11:14:01 AM [] []
[2026-04-21 11:14:06] SlimMonoLogger.INFO: Cron ran at: 21-04-2026 11:14:06 AM [] []
[2026-04-21 11:14:12] SlimMonoLogger.INFO: Cron ran at: 21-04-2026 11:14:12 AM [] []
[2026-04-21 11:14:13] SlimMonoLogger.INFO: Cron ran at: 21-04-2026 11:14:13 AM [] []
[2026-04-21 11:14:18] SlimMonoLogger.INFO: Cron ran at: 21-04-2026 11:14:18 AM [] []
[2026-04-21 11:14:26] SlimMonoLogger.INFO: Cron ran at: 21-04-2026 11:14:26 AM [] []
[2026-04-21 11:14:41] SlimMonoLogger.INFO: Cron ran at: 21-04-2026 11:14:41 AM [] []
[2026-04-21 11:14:42] SlimMonoLogger.INFO: Cron ran at: 21-04-2026 11:14:42 AM [] []
[2026-04-21 11:14:43] SlimMonoLogger.INFO: Cron ran at: 21-04-2026 11:14:43 AM [] []
[2026-04-21 11:14:44] SlimMonoLogger.INFO: Cron ran at: 21-04-2026 11:14:44 AM [] []
[2026-04-21 11:14:54] SlimMonoLogger.INFO: Cron ran at: 21-04-2026 11:14:54 AM [] []
[2026-04-21 11:15:02] SlimMonoLogger.INFO: Cron ran at: 21-04-2026 11:15:02 AM [] []
[2026-04-21 11:15:02] SlimMonoLogger.INFO: Cron ran at: 21-04-2026 11:15:02 AM [] []
[2026-04-21 11:15:18] SlimMonoLogger.INFO: Cron ran at: 21-04-2026 11:15:18 AM [] []
[2026-04-21 11:15:20] SlimMonoLogger.INFO: Cron ran at: 21-04-2026 11:15:20 AM [] []
[2026-04-21 11:15:23] SlimMonoLogger.INFO: Cron ran at: 21-04-2026 11:15:23 AM [] []
[2026-04-21 11:15:29] SlimMonoLogger.INFO: Cron ran at: 21-04-2026 11:15:29 AM [] []
[2026-04-21 11:15:30] SlimMonoLogger.INFO: Cron ran at: 21-04-2026 11:15:30 AM [] []
[2026-04-21 11:15:44] SlimMonoLogger.INFO: Cron ran at: 21-04-2026 11:15:44 AM [] []
[2026-04-21 11:15:48] SlimMonoLogger.INFO: Cron ran at: 21-04-2026 11:15:48 AM [] []
[2026-04-21 11:15:48] SlimMonoLogger.INFO: Cron ran at: 21-04-2026 11:15:48 AM [] []
[2026-04-21 11:15:49] SlimMonoLogger.INFO: Cron ran at: 21-04-2026 11:15:49 AM [] []
[2026-04-21 11:16:02] SlimMonoLogger.INFO: Cron ran at: 21-04-2026 11:16:02 AM [] []
[2026-04-21 11:16:05] SlimMonoLogger.INFO: Cron ran at: 21-04-2026 11:16:05 AM [] []
[2026-04-21 11:16:34] SlimMonoLogger.INFO: Cron ran at: 21-04-2026 11:16:34 AM [] []
[2026-04-21 11:16:35] SlimMonoLogger.INFO: Cron ran at: 21-04-2026 11:16:35 AM [] []
[2026-04-21 11:16:35] SlimMonoLogger.INFO: Cron ran at: 21-04-2026 11:16:35 AM [] []
[2026-04-21 11:16:35] SlimMonoLogger.INFO: Cron ran at: 21-04-2026 11:16:35 AM [] []
[2026-04-21 11:16:35] SlimMonoLogger.INFO: Cron ran at: 21-04-2026 11:16:35 AM [] []
[2026-04-21 11:16:35] SlimMonoLogger.INFO: Cron ran at: 21-04-2026 11:16:35 AM [] []
[2026-04-21 11:16:36] SlimMonoLogger.INFO: Cron ran at: 21-04-2026 11:16:36 AM [] []
[2026-04-21 11:16:48] SlimMonoLogger.INFO: Cron ran at: 21-04-2026 11:16:48 AM [] []
[2026-04-21 11:16:52] SlimMonoLogger.INFO: Cron ran at: 21-04-2026 11:16:52 AM [] []
[2026-04-21 11:16:54] SlimMonoLogger.INFO: Cron ran at: 21-04-2026 11:16:54 AM [] []
[2026-04-21 11:16:57] SlimMonoLogger.INFO: Cron ran at: 21-04-2026 11:16:57 AM [] []
[2026-04-21 11:16:58] SlimMonoLogger.INFO: Cron ran at: 21-04-2026 11:16:58 AM [] []
[2026-04-21 11:17:17] SlimMonoLogger.INFO: Cron ran at: 21-04-2026 11:17:17 AM [] []
[2026-04-21 11:17:17] SlimMonoLogger.INFO: Cron ran at: 21-04-2026 11:17:17 AM [] []
[2026-04-21 11:17:17] SlimMonoLogger.INFO: Cron ran at: 21-04-2026 11:17:17 AM [] []
[2026-04-21 11:17:18] SlimMonoLogger.INFO: Cron ran at: 21-04-2026 11:17:18 AM [] []
[2026-04-21 11:17:18] SlimMonoLogger.INFO: Cron ran at: 21-04-2026 11:17:18 AM [] []
[2026-04-21 11:17:25] SlimMonoLogger.INFO: Cron ran at: 21-04-2026 11:17:25 AM [] []
[2026-04-21 11:17:33] SlimMonoLogger.INFO: Cron ran at: 21-04-2026 11:17:33 AM [] []
[2026-04-21 11:17:38] SlimMonoLogger.INFO: Cron ran at: 21-04-2026 11:17:38 AM [] []
[2026-04-21 11:17:52] SlimMonoLogger.INFO: Cron ran at: 21-04-2026 11:17:52 AM [] []
[2026-04-21 11:17:53] SlimMonoLogger.INFO: Cron ran at: 21-04-2026 11:17:53 AM [] []
[2026-04-21 11:17:57] SlimMonoLogger.INFO: Cron ran at: 21-04-2026 11:17:57 AM [] []
[2026-04-21 11:17:57] SlimMonoLogger.INFO: Cron ran at: 21-04-2026 11:17:57 AM [] []
[2026-04-21 11:18:04] SlimMonoLogger.INFO: Cron ran at: 21-04-2026 11:18:04 AM [] []
[2026-04-21 11:18:14] SlimMonoLogger.INFO: Cron ran at: 21-04-2026 11:18:14 AM [] []
[2026-04-21 11:18:15] SlimMonoLogger.INFO: Cron ran at: 21-04-2026 11:18:15 AM [] []
[2026-04-21 11:18:15] SlimMonoLogger.INFO: Cron ran at: 21-04-2026 11:18:15 AM [] []
[2026-04-21 11:18:19] SlimMonoLogger.INFO: Cron ran at: 21-04-2026 11:18:19 AM [] []
[2026-04-21 11:18:26] SlimMonoLogger.INFO: Cron ran at: 21-04-2026 11:18:26 AM [] []
[2026-04-21 11:18:29] SlimMonoLogger.INFO: Cron ran at: 21-04-2026 11:18:29 AM [] []
[2026-04-21 11:18:35] SlimMonoLogger.INFO: Cron ran at: 21-04-2026 11:18:35 AM [] []
[2026-04-21 11:18:36] SlimMonoLogger.INFO: Cron ran at: 21-04-2026 11:18:36 AM [] []
[2026-04-21 11:18:58] SlimMonoLogger.INFO: Cron ran at: 21-04-2026 11:18:58 AM [] []
[2026-04-21 11:19:02] SlimMonoLogger.INFO: Cron ran at: 21-04-2026 11:19:02 AM [] []
[2026-04-21 11:19:16] SlimMonoLogger.INFO: Cron ran at: 21-04-2026 11:19:16 AM [] []
[2026-04-21 11:19:16] SlimMonoLogger.INFO: Cron ran at: 21-04-2026 11:19:16 AM [] []
[2026-04-21 11:19:16] SlimMonoLogger.INFO: Cron ran at: 21-04-2026 11:19:16 AM [] []
[2026-04-21 11:19:19] SlimMonoLogger.INFO: Cron ran at: 21-04-2026 11:19:19 AM [] []
[2026-04-21 11:19:20] SlimMonoLogger.INFO: Cron ran at: 21-04-2026 11:19:20 AM [] []
[2026-04-21 11:19:23] SlimMonoLogger.INFO: Cron ran at: 21-04-2026 11:19:23 AM [] []
[2026-04-21 11:19:24] SlimMonoLogger.INFO: Cron ran at: 21-04-2026 11:19:24 AM [] []
[2026-04-21 11:19:33] SlimMonoLogger.INFO: Cron ran at: 21-04-2026 11:19:33 AM [] []
[2026-04-21 11:19:34] SlimMonoLogger.INFO: Cron ran at: 21-04-2026 11:19:34 AM [] []
[2026-04-21 11:19:44] SlimMonoLogger.INFO: Cron ran at: 21-04-2026 11:19:44 AM [] []
[2026-04-21 11:19:56] SlimMonoLogger.INFO: Cron ran at: 21-04-2026 11:19:56 AM [] []
[2026-04-21 11:19:58] SlimMonoLogger.INFO: Cron ran at: 21-04-2026 11:19:58 AM [] []
[2026-04-21 11:19:59] SlimMonoLogger.INFO: Cron ran at: 21-04-2026 11:19:59 AM [] []
[2026-04-21 11:20:06] SlimMonoLogger.INFO: Cron ran at: 21-04-2026 11:20:06 AM [] []
[2026-04-21 11:20:13] SlimMonoLogger.INFO: Cron ran at: 21-04-2026 11:20:13 AM [] []
[2026-04-21 11:20:23] SlimMonoLogger.INFO: Cron ran at: 21-04-2026 11:20:23 AM [] []
[2026-04-21 11:20:24] SlimMonoLogger.INFO: Cron ran at: 21-04-2026 11:20:24 AM [] []
[2026-04-21 11:20:24] SlimMonoLogger.INFO: Cron ran at: 21-04-2026 11:20:24 AM [] []
[2026-04-21 11:20:25] SlimMonoLogger.INFO: Cron ran at: 21-04-2026 11:20:25 AM [] []
[2026-04-21 11:20:36] SlimMonoLogger.INFO: Cron ran at: 21-04-2026 11:20:36 AM [] []
[2026-04-21 11:20:41] SlimMonoLogger.INFO: Cron ran at: 21-04-2026 11:20:41 AM [] []
[2026-04-21 11:20:51] SlimMonoLogger.INFO: Cron ran at: 21-04-2026 11:20:51 AM [] []
[2026-04-21 11:21:05] SlimMonoLogger.INFO: Cron ran at: 21-04-2026 11:21:05 AM [] []
[2026-04-21 11:21:06] SlimMonoLogger.INFO: Cron ran at: 21-04-2026 11:21:06 AM [] []
[2026-04-21 11:21:15] SlimMonoLogger.INFO: Cron ran at: 21-04-2026 11:21:15 AM [] []
[2026-04-21 11:21:15] SlimMonoLogger.INFO: Cron ran at: 21-04-2026 11:21:15 AM [] []
[2026-04-21 11:21:16] SlimMonoLogger.INFO: Cron ran at: 21-04-2026 11:21:16 AM [] []
[2026-04-21 11:21:17] SlimMonoLogger.INFO: Cron ran at: 21-04-2026 11:21:17 AM [] []
[2026-04-21 11:21:25] SlimMonoLogger.INFO: Cron ran at: 21-04-2026 11:21:25 AM [] []
[2026-04-21 11:21:25] SlimMonoLogger.INFO: Cron ran at: 21-04-2026 11:21:25 AM [] []
[2026-04-21 11:21:26] SlimMonoLogger.INFO: Cron ran at: 21-04-2026 11:21:26 AM [] []
[2026-04-21 11:21:30] SlimMonoLogger.INFO: Cron ran at: 21-04-2026 11:21:30 AM [] []
[2026-04-21 11:21:41] SlimMonoLogger.INFO: Cron ran at: 21-04-2026 11:21:41 AM [] []
[2026-04-21 11:21:51] SlimMonoLogger.INFO: Cron ran at: 21-04-2026 11:21:51 AM [] []
[2026-04-21 11:21:52] SlimMonoLogger.INFO: Cron ran at: 21-04-2026 11:21:52 AM [] []
[2026-04-21 11:22:05] SlimMonoLogger.INFO: Cron ran at: 21-04-2026 11:22:05 AM [] []
[2026-04-21 11:22:10] SlimMonoLogger.INFO: Cron ran at: 21-04-2026 11:22:10 AM [] []
[2026-04-21 11:22:11] SlimMonoLogger.INFO: Cron ran at: 21-04-2026 11:22:11 AM [] []
[2026-04-21 11:22:11] SlimMonoLogger.INFO: Cron ran at: 21-04-2026 11:22:11 AM [] []
[2026-04-21 11:22:16] SlimMonoLogger.INFO: Cron ran at: 21-04-2026 11:22:16 AM [] []
[2026-04-21 11:22:16] SlimMonoLogger.INFO: Cron ran at: 21-04-2026 11:22:16 AM [] []
[2026-04-21 11:22:19] SlimMonoLogger.INFO: Cron ran at: 21-04-2026 11:22:19 AM [] []
[2026-04-21 11:22:31] SlimMonoLogger.INFO: Cron ran at: 21-04-2026 11:22:31 AM [] []
[2026-04-21 11:22:31] SlimMonoLogger.INFO: Cron ran at: 21-04-2026 11:22:31 AM [] []
[2026-04-21 11:22:33] SlimMonoLogger.INFO: Cron ran at: 21-04-2026 11:22:33 AM [] []
[2026-04-21 11:22:44] SlimMonoLogger.INFO: Cron ran at: 21-04-2026 11:22:44 AM [] []
[2026-04-21 11:22:45] SlimMonoLogger.INFO: Cron ran at: 21-04-2026 11:22:45 AM [] []
[2026-04-21 11:22:52] SlimMonoLogger.INFO: Cron ran at: 21-04-2026 11:22:52 AM [] []
[2026-04-21 11:23:08] SlimMonoLogger.INFO: Cron ran at: 21-04-2026 11:23:08 AM [] []
[2026-04-21 11:23:15] SlimMonoLogger.INFO: Cron ran at: 21-04-2026 11:23:15 AM [] []
[2026-04-21 11:23:15] SlimMonoLogger.INFO: Cron ran at: 21-04-2026 11:23:15 AM [] []
[2026-04-21 11:23:15] SlimMonoLogger.INFO: Cron ran at: 21-04-2026 11:23:15 AM [] []
[2026-04-21 11:23:18] SlimMonoLogger.INFO: Cron ran at: 21-04-2026 11:23:18 AM [] []
[2026-04-21 11:23:22] SlimMonoLogger.INFO: Cron ran at: 21-04-2026 11:23:22 AM [] []
[2026-04-21 11:23:23] SlimMonoLogger.INFO: Cron ran at: 21-04-2026 11:23:23 AM [] []
[2026-04-21 11:23:30] SlimMonoLogger.INFO: Cron ran at: 21-04-2026 11:23:30 AM [] []
[2026-04-21 11:23:31] SlimMonoLogger.INFO: Cron ran at: 21-04-2026 11:23:31 AM [] []
[2026-04-21 11:23:37] SlimMonoLogger.INFO: Cron ran at: 21-04-2026 11:23:37 AM [] []
[2026-04-21 11:23:50] SlimMonoLogger.INFO: Cron ran at: 21-04-2026 11:23:50 AM [] []
[2026-04-21 11:23:51] SlimMonoLogger.INFO: Cron ran at: 21-04-2026 11:23:51 AM [] []
[2026-04-21 11:24:14] SlimMonoLogger.INFO: Cron ran at: 21-04-2026 11:24:14 AM [] []
[2026-04-21 11:24:16] SlimMonoLogger.INFO: Cron ran at: 21-04-2026 11:24:16 AM [] []
[2026-04-21 11:24:19] SlimMonoLogger.INFO: Cron ran at: 21-04-2026 11:24:19 AM [] []
[2026-04-21 11:24:20] SlimMonoLogger.INFO: Cron ran at: 21-04-2026 11:24:20 AM [] []
[2026-04-21 11:24:24] SlimMonoLogger.INFO: Cron ran at: 21-04-2026 11:24:24 AM [] []
[2026-04-21 11:24:25] SlimMonoLogger.INFO: Cron ran at: 21-04-2026 11:24:25 AM [] []
[2026-04-21 11:24:29] SlimMonoLogger.INFO: Cron ran at: 21-04-2026 11:24:29 AM [] []
[2026-04-21 11:24:35] SlimMonoLogger.INFO: Cron ran at: 21-04-2026 11:24:35 AM [] []
[2026-04-21 11:24:36] SlimMonoLogger.INFO: Cron ran at: 21-04-2026 11:24:36 AM [] []
[2026-04-21 11:24:39] SlimMonoLogger.INFO: Cron ran at: 21-04-2026 11:24:39 AM [] []
[2026-04-21 11:25:02] SlimMonoLogger.INFO: Cron ran at: 21-04-2026 11:25:02 AM [] []
[2026-04-21 11:25:02] SlimMonoLogger.INFO: Cron ran at: 21-04-2026 11:25:02 AM [] []
[2026-04-21 11:25:20] SlimMonoLogger.INFO: Cron ran at: 21-04-2026 11:25:20 AM [] []
[2026-04-21 11:25:20] SlimMonoLogger.INFO: Cron ran at: 21-04-2026 11:25:20 AM [] []
[2026-04-21 11:25:24] SlimMonoLogger.INFO: Cron ran at: 21-04-2026 11:25:24 AM [] []
[2026-04-21 11:25:29] SlimMonoLogger.INFO: Cron ran at: 21-04-2026 11:25:29 AM [] []
[2026-04-21 11:25:32] SlimMonoLogger.INFO: Cron ran at: 21-04-2026 11:25:32 AM [] []
[2026-04-21 11:25:33] SlimMonoLogger.INFO: Cron ran at: 21-04-2026 11:25:33 AM [] []
[2026-04-21 11:25:33] SlimMonoLogger.INFO: Cron ran at: 21-04-2026 11:25:33 AM [] []
[2026-04-21 11:25:36] SlimMonoLogger.INFO: Cron ran at: 21-04-2026 11:25:36 AM [] []
[2026-04-21 11:25:37] SlimMonoLogger.INFO: Cron ran at: 21-04-2026 11:25:37 AM [] []
[2026-04-21 11:25:59] SlimMonoLogger.INFO: Cron ran at: 21-04-2026 11:25:59 AM [] []
[2026-04-21 11:26:04] SlimMonoLogger.INFO: Cron ran at: 21-04-2026 11:26:04 AM [] []
[2026-04-21 11:26:05] SlimMonoLogger.INFO: Cron ran at: 21-04-2026 11:26:05 AM [] []
[2026-04-21 11:26:26] SlimMonoLogger.INFO: Cron ran at: 21-04-2026 11:26:26 AM [] []
[2026-04-21 11:26:26] SlimMonoLogger.INFO: Cron ran at: 21-04-2026 11:26:26 AM [] []
[2026-04-21 11:26:26] SlimMonoLogger.INFO: Cron ran at: 21-04-2026 11:26:26 AM [] []
[2026-04-21 11:26:33] SlimMonoLogger.INFO: Cron ran at: 21-04-2026 11:26:33 AM [] []
[2026-04-21 11:26:33] SlimMonoLogger.INFO: Cron ran at: 21-04-2026 11:26:33 AM [] []
[2026-04-21 11:26:35] SlimMonoLogger.INFO: Cron ran at: 21-04-2026 11:26:35 AM [] []
[2026-04-21 11:26:35] SlimMonoLogger.INFO: Cron ran at: 21-04-2026 11:26:35 AM [] []
[2026-04-21 11:26:37] SlimMonoLogger.INFO: Cron ran at: 21-04-2026 11:26:37 AM [] []
[2026-04-21 11:26:39] SlimMonoLogger.INFO: Cron ran at: 21-04-2026 11:26:39 AM [] []
[2026-04-21 11:26:48] SlimMonoLogger.INFO: Cron ran at: 21-04-2026 11:26:48 AM [] []
[2026-04-21 11:26:48] SlimMonoLogger.INFO: Cron ran at: 21-04-2026 11:26:48 AM [] []
[2026-04-21 11:26:59] SlimMonoLogger.INFO: Cron ran at: 21-04-2026 11:26:59 AM [] []
[2026-04-21 11:27:02] SlimMonoLogger.INFO: Cron ran at: 21-04-2026 11:27:02 AM [] []
[2026-04-21 11:27:15] SlimMonoLogger.INFO: Cron ran at: 21-04-2026 11:27:15 AM [] []
[2026-04-21 11:27:18] SlimMonoLogger.INFO: Cron ran at: 21-04-2026 11:27:18 AM [] []
[2026-04-21 11:27:19] SlimMonoLogger.INFO: Cron ran at: 21-04-2026 11:27:19 AM [] []
[2026-04-21 11:27:26] SlimMonoLogger.INFO: Cron ran at: 21-04-2026 11:27:26 AM [] []
[2026-04-21 11:27:28] SlimMonoLogger.INFO: Cron ran at: 21-04-2026 11:27:28 AM [] []
[2026-04-21 11:27:30] SlimMonoLogger.INFO: Cron ran at: 21-04-2026 11:27:30 AM [] []
[2026-04-21 11:27:34] SlimMonoLogger.INFO: Cron ran at: 21-04-2026 11:27:34 AM [] []
[2026-04-21 11:27:35] SlimMonoLogger.INFO: Cron ran at: 21-04-2026 11:27:35 AM [] []
[2026-04-21 11:27:47] SlimMonoLogger.INFO: Cron ran at: 21-04-2026 11:27:47 AM [] []
[2026-04-21 11:27:47] SlimMonoLogger.INFO: Cron ran at: 21-04-2026 11:27:47 AM [] []
[2026-04-21 11:27:49] SlimMonoLogger.INFO: Cron ran at: 21-04-2026 11:27:49 AM [] []
[2026-04-21 11:28:05] SlimMonoLogger.INFO: Cron ran at: 21-04-2026 11:28:05 AM [] []
[2026-04-21 11:28:06] SlimMonoLogger.INFO: Cron ran at: 21-04-2026 11:28:06 AM [] []
[2026-04-21 11:28:13] SlimMonoLogger.INFO: Cron ran at: 21-04-2026 11:28:13 AM [] []
[2026-04-21 11:28:14] SlimMonoLogger.INFO: Cron ran at: 21-04-2026 11:28:14 AM [] []
[2026-04-21 11:28:26] SlimMonoLogger.INFO: Cron ran at: 21-04-2026 11:28:26 AM [] []
[2026-04-21 11:28:26] SlimMonoLogger.INFO: Cron ran at: 21-04-2026 11:28:26 AM [] []
[2026-04-21 11:28:33] SlimMonoLogger.INFO: Cron ran at: 21-04-2026 11:28:33 AM [] []
[2026-04-21 11:28:37] SlimMonoLogger.INFO: Cron ran at: 21-04-2026 11:28:37 AM [] []
[2026-04-21 11:28:39] SlimMonoLogger.INFO: Cron ran at: 21-04-2026 11:28:39 AM [] []
[2026-04-21 11:28:43] SlimMonoLogger.INFO: Cron ran at: 21-04-2026 11:28:43 AM [] []
[2026-04-21 11:28:47] SlimMonoLogger.INFO: Cron ran at: 21-04-2026 11:28:47 AM [] []
[2026-04-21 11:28:49] SlimMonoLogger.INFO: Cron ran at: 21-04-2026 11:28:49 AM [] []
[2026-04-21 11:29:12] SlimMonoLogger.INFO: Cron ran at: 21-04-2026 11:29:12 AM [] []
[2026-04-21 11:29:13] SlimMonoLogger.INFO: Cron ran at: 21-04-2026 11:29:13 AM [] []
[2026-04-21 11:29:15] SlimMonoLogger.INFO: Cron ran at: 21-04-2026 11:29:15 AM [] []
[2026-04-21 11:29:16] SlimMonoLogger.INFO: Cron ran at: 21-04-2026 11:29:16 AM [] []
[2026-04-21 11:29:22] SlimMonoLogger.INFO: Cron ran at: 21-04-2026 11:29:22 AM [] []
[2026-04-21 11:29:23] SlimMonoLogger.INFO: Cron ran at: 21-04-2026 11:29:23 AM [] []
[2026-04-21 11:29:36] SlimMonoLogger.INFO: Cron ran at: 21-04-2026 11:29:36 AM [] []
[2026-04-21 11:29:36] SlimMonoLogger.INFO: Cron ran at: 21-04-2026 11:29:36 AM [] []
[2026-04-21 11:29:36] SlimMonoLogger.INFO: Cron ran at: 21-04-2026 11:29:36 AM [] []
[2026-04-21 11:29:45] SlimMonoLogger.INFO: Cron ran at: 21-04-2026 11:29:45 AM [] []
[2026-04-21 11:29:45] SlimMonoLogger.INFO: Cron ran at: 21-04-2026 11:29:45 AM [] []
[2026-04-21 11:30:00] SlimMonoLogger.INFO: Cron ran at: 21-04-2026 11:30:00 AM [] []
[2026-04-21 11:30:06] SlimMonoLogger.INFO: Cron ran at: 21-04-2026 11:30:06 AM [] []
[2026-04-21 11:30:14] SlimMonoLogger.INFO: Cron ran at: 21-04-2026 11:30:14 AM [] []
[2026-04-21 11:30:16] SlimMonoLogger.INFO: Cron ran at: 21-04-2026 11:30:16 AM [] []
[2026-04-21 11:30:20] SlimMonoLogger.INFO: Cron ran at: 21-04-2026 11:30:20 AM [] []
[2026-04-21 11:30:24] SlimMonoLogger.INFO: Cron ran at: 21-04-2026 11:30:24 AM [] []
[2026-04-21 11:30:37] SlimMonoLogger.INFO: Cron ran at: 21-04-2026 11:30:37 AM [] []
[2026-04-21 11:30:38] SlimMonoLogger.INFO: Cron ran at: 21-04-2026 11:30:38 AM [] []
[2026-04-21 11:30:38] SlimMonoLogger.INFO: Cron ran at: 21-04-2026 11:30:38 AM [] []
[2026-04-21 11:30:51] SlimMonoLogger.INFO: Cron ran at: 21-04-2026 11:30:51 AM [] []
[2026-04-21 11:30:51] SlimMonoLogger.INFO: Cron ran at: 21-04-2026 11:30:51 AM [] []
[2026-04-21 11:30:55] SlimMonoLogger.INFO: Cron ran at: 21-04-2026 11:30:55 AM [] []
[2026-04-21 11:31:08] SlimMonoLogger.INFO: Cron ran at: 21-04-2026 11:31:08 AM [] []
[2026-04-21 11:31:17] SlimMonoLogger.INFO: Cron ran at: 21-04-2026 11:31:17 AM [] []
[2026-04-21 11:31:17] SlimMonoLogger.INFO: Cron ran at: 21-04-2026 11:31:17 AM [] []
[2026-04-21 11:31:17] SlimMonoLogger.INFO: Cron ran at: 21-04-2026 11:31:17 AM [] []
[2026-04-21 11:31:18] SlimMonoLogger.INFO: Cron ran at: 21-04-2026 11:31:18 AM [] []
[2026-04-21 11:31:22] SlimMonoLogger.INFO: Cron ran at: 21-04-2026 11:31:22 AM [] []
[2026-04-21 11:31:33] SlimMonoLogger.INFO: Cron ran at: 21-04-2026 11:31:33 AM [] []
[2026-04-21 11:31:33] SlimMonoLogger.INFO: Cron ran at: 21-04-2026 11:31:33 AM [] []
[2026-04-21 11:31:33] SlimMonoLogger.INFO: Cron ran at: 21-04-2026 11:31:33 AM [] []
[2026-04-21 11:31:42] SlimMonoLogger.INFO: Cron ran at: 21-04-2026 11:31:42 AM [] []
[2026-04-21 11:31:43] SlimMonoLogger.INFO: Cron ran at: 21-04-2026 11:31:43 AM [] []
[2026-04-21 11:31:47] SlimMonoLogger.INFO: Cron ran at: 21-04-2026 11:31:47 AM [] []
[2026-04-21 11:31:47] SlimMonoLogger.INFO: Cron ran at: 21-04-2026 11:31:47 AM [] []
[2026-04-21 11:32:09] SlimMonoLogger.INFO: Cron ran at: 21-04-2026 11:32:09 AM [] []
[2026-04-21 11:32:15] SlimMonoLogger.INFO: Cron ran at: 21-04-2026 11:32:15 AM [] []
[2026-04-21 11:32:16] SlimMonoLogger.INFO: Cron ran at: 21-04-2026 11:32:16 AM [] []
[2026-04-21 11:32:16] SlimMonoLogger.INFO: Cron ran at: 21-04-2026 11:32:16 AM [] []
[2026-04-21 11:32:19] SlimMonoLogger.INFO: Cron ran at: 21-04-2026 11:32:19 AM [] []
[2026-04-21 11:32:22] SlimMonoLogger.INFO: Cron ran at: 21-04-2026 11:32:22 AM [] []
[2026-04-21 11:32:33] SlimMonoLogger.INFO: Cron ran at: 21-04-2026 11:32:33 AM [] []
[2026-04-21 11:32:34] SlimMonoLogger.INFO: Cron ran at: 21-04-2026 11:32:34 AM [] []
[2026-04-21 11:32:42] SlimMonoLogger.INFO: Cron ran at: 21-04-2026 11:32:42 AM [] []
[2026-04-21 11:32:44] SlimMonoLogger.INFO: Cron ran at: 21-04-2026 11:32:44 AM [] []
[2026-04-21 11:32:47] SlimMonoLogger.INFO: Cron ran at: 21-04-2026 11:32:47 AM [] []
[2026-04-21 11:32:52] SlimMonoLogger.INFO: Cron ran at: 21-04-2026 11:32:52 AM [] []
[2026-04-21 11:32:53] SlimMonoLogger.INFO: Cron ran at: 21-04-2026 11:32:53 AM [] []
[2026-04-21 11:33:16] SlimMonoLogger.INFO: Cron ran at: 21-04-2026 11:33:16 AM [] []
[2026-04-21 11:33:16] SlimMonoLogger.INFO: Cron ran at: 21-04-2026 11:33:16 AM [] []
[2026-04-21 11:33:17] SlimMonoLogger.INFO: Cron ran at: 21-04-2026 11:33:17 AM [] []
[2026-04-21 11:33:18] SlimMonoLogger.INFO: Cron ran at: 21-04-2026 11:33:18 AM [] []
[2026-04-21 11:33:21] SlimMonoLogger.INFO: Cron ran at: 21-04-2026 11:33:21 AM [] []
[2026-04-21 11:33:23] SlimMonoLogger.INFO: Cron ran at: 21-04-2026 11:33:23 AM [] []
[2026-04-21 11:33:32] SlimMonoLogger.INFO: Cron ran at: 21-04-2026 11:33:32 AM [] []
[2026-04-21 11:33:43] SlimMonoLogger.INFO: Cron ran at: 21-04-2026 11:33:43 AM [] []
[2026-04-21 11:33:43] SlimMonoLogger.INFO: Cron ran at: 21-04-2026 11:33:43 AM [] []
[2026-04-21 11:33:54] SlimMonoLogger.INFO: Cron ran at: 21-04-2026 11:33:54 AM [] []
[2026-04-21 11:33:56] SlimMonoLogger.INFO: Cron ran at: 21-04-2026 11:33:56 AM [] []
[2026-04-21 11:33:57] SlimMonoLogger.INFO: Cron ran at: 21-04-2026 11:33:57 AM [] []
[2026-04-21 11:34:13] SlimMonoLogger.INFO: Cron ran at: 21-04-2026 11:34:13 AM [] []
[2026-04-21 11:34:14] SlimMonoLogger.INFO: Cron ran at: 21-04-2026 11:34:14 AM [] []
[2026-04-21 11:34:16] SlimMonoLogger.INFO: Cron ran at: 21-04-2026 11:34:16 AM [] []
[2026-04-21 11:34:24] SlimMonoLogger.INFO: Cron ran at: 21-04-2026 11:34:24 AM [] []
[2026-04-21 11:34:25] SlimMonoLogger.INFO: Cron ran at: 21-04-2026 11:34:25 AM [] []
[2026-04-21 11:34:29] SlimMonoLogger.INFO: Cron ran at: 21-04-2026 11:34:29 AM [] []
[2026-04-21 11:34:38] SlimMonoLogger.INFO: Cron ran at: 21-04-2026 11:34:38 AM [] []
[2026-04-21 11:34:43] SlimMonoLogger.INFO: Cron ran at: 21-04-2026 11:34:43 AM [] []
[2026-04-21 11:34:44] SlimMonoLogger.INFO: Cron ran at: 21-04-2026 11:34:44 AM [] []
[2026-04-21 11:34:58] SlimMonoLogger.INFO: Cron ran at: 21-04-2026 11:34:58 AM [] []
[2026-04-21 11:35:02] SlimMonoLogger.INFO: Cron ran at: 21-04-2026 11:35:02 AM [] []
[2026-04-21 11:35:26] SlimMonoLogger.INFO: Cron ran at: 21-04-2026 11:35:26 AM [] []
[2026-04-21 11:35:26] SlimMonoLogger.INFO: Cron ran at: 21-04-2026 11:35:26 AM [] []
[2026-04-21 11:35:27] SlimMonoLogger.INFO: Cron ran at: 21-04-2026 11:35:27 AM [] []
[2026-04-21 11:35:29] SlimMonoLogger.INFO: Cron ran at: 21-04-2026 11:35:29 AM [] []
[2026-04-21 11:35:30] SlimMonoLogger.INFO: Cron ran at: 21-04-2026 11:35:30 AM [] []
[2026-04-21 11:35:35] SlimMonoLogger.INFO: Cron ran at: 21-04-2026 11:35:35 AM [] []
[2026-04-21 11:35:36] SlimMonoLogger.INFO: Cron ran at: 21-04-2026 11:35:36 AM [] []
[2026-04-21 11:35:45] SlimMonoLogger.INFO: Cron ran at: 21-04-2026 11:35:45 AM [] []
[2026-04-21 11:35:51] SlimMonoLogger.INFO: Cron ran at: 21-04-2026 11:35:51 AM [] []
[2026-04-21 11:35:59] SlimMonoLogger.INFO: Cron ran at: 21-04-2026 11:35:59 AM [] []
[2026-04-21 11:36:01] SlimMonoLogger.INFO: Cron ran at: 21-04-2026 11:36:01 AM [] []
[2026-04-21 11:36:03] SlimMonoLogger.INFO: Cron ran at: 21-04-2026 11:36:03 AM [] []
[2026-04-21 11:36:14] SlimMonoLogger.INFO: Cron ran at: 21-04-2026 11:36:14 AM [] []
[2026-04-21 11:36:15] SlimMonoLogger.INFO: Cron ran at: 21-04-2026 11:36:15 AM [] []
[2026-04-21 11:36:15] SlimMonoLogger.INFO: Cron ran at: 21-04-2026 11:36:15 AM [] []
[2026-04-21 11:36:17] SlimMonoLogger.INFO: Cron ran at: 21-04-2026 11:36:17 AM [] []
[2026-04-21 11:36:25] SlimMonoLogger.INFO: Cron ran at: 21-04-2026 11:36:25 AM [] []
[2026-04-21 11:36:25] SlimMonoLogger.INFO: Cron ran at: 21-04-2026 11:36:25 AM [] []
[2026-04-21 11:36:37] SlimMonoLogger.INFO: Cron ran at: 21-04-2026 11:36:37 AM [] []
[2026-04-21 11:36:37] SlimMonoLogger.INFO: Cron ran at: 21-04-2026 11:36:37 AM [] []
[2026-04-21 11:37:01] SlimMonoLogger.INFO: Cron ran at: 21-04-2026 11:37:01 AM [] []
[2026-04-21 11:37:03] SlimMonoLogger.INFO: Cron ran at: 21-04-2026 11:37:03 AM [] []
[2026-04-21 11:37:04] SlimMonoLogger.INFO: Cron ran at: 21-04-2026 11:37:04 AM [] []
[2026-04-21 11:37:05] SlimMonoLogger.INFO: Cron ran at: 21-04-2026 11:37:05 AM [] []
[2026-04-21 11:37:08] SlimMonoLogger.INFO: Cron ran at: 21-04-2026 11:37:08 AM [] []
[2026-04-21 11:37:10] SlimMonoLogger.INFO: Cron ran at: 21-04-2026 11:37:10 AM [] []
[2026-04-21 11:37:21] SlimMonoLogger.INFO: Cron ran at: 21-04-2026 11:37:21 AM [] []
[2026-04-21 11:37:21] SlimMonoLogger.INFO: Cron ran at: 21-04-2026 11:37:21 AM [] []
[2026-04-21 11:37:22] SlimMonoLogger.INFO: Cron ran at: 21-04-2026 11:37:22 AM [] []
[2026-04-21 11:37:30] SlimMonoLogger.INFO: Cron ran at: 21-04-2026 11:37:30 AM [] []
[2026-04-21 11:37:40] SlimMonoLogger.INFO: Cron ran at: 21-04-2026 11:37:40 AM [] []
[2026-04-21 11:37:43] SlimMonoLogger.INFO: Cron ran at: 21-04-2026 11:37:43 AM [] []
[2026-04-21 11:37:50] SlimMonoLogger.INFO: Cron ran at: 21-04-2026 11:37:50 AM [] []
[2026-04-21 11:38:12] SlimMonoLogger.INFO: Cron ran at: 21-04-2026 11:38:12 AM [] []
[2026-04-21 11:38:12] SlimMonoLogger.INFO: Cron ran at: 21-04-2026 11:38:12 AM [] []
[2026-04-21 11:38:31] SlimMonoLogger.INFO: Cron ran at: 21-04-2026 11:38:31 AM [] []
[2026-04-21 11:38:33] SlimMonoLogger.INFO: Cron ran at: 21-04-2026 11:38:33 AM [] []
[2026-04-21 11:38:35] SlimMonoLogger.INFO: Cron ran at: 21-04-2026 11:38:35 AM [] []
[2026-04-21 11:38:36] SlimMonoLogger.INFO: Cron ran at: 21-04-2026 11:38:36 AM [] []
[2026-04-21 11:38:45] SlimMonoLogger.INFO: Cron ran at: 21-04-2026 11:38:45 AM [] []
[2026-04-21 11:38:50] SlimMonoLogger.INFO: Cron ran at: 21-04-2026 11:38:50 AM [] []
[2026-04-21 11:38:52] SlimMonoLogger.INFO: Cron ran at: 21-04-2026 11:38:52 AM [] []
[2026-04-21 11:38:55] SlimMonoLogger.INFO: Cron ran at: 21-04-2026 11:38:55 AM [] []
[2026-04-21 11:39:16] SlimMonoLogger.INFO: Cron ran at: 21-04-2026 11:39:16 AM [] []
[2026-04-21 11:39:28] SlimMonoLogger.INFO: Cron ran at: 21-04-2026 11:39:28 AM [] []
[2026-04-21 11:39:35] SlimMonoLogger.INFO: Cron ran at: 21-04-2026 11:39:35 AM [] []
[2026-04-21 11:39:36] SlimMonoLogger.INFO: Cron ran at: 21-04-2026 11:39:36 AM [] []
[2026-04-21 11:39:50] SlimMonoLogger.INFO: Cron ran at: 21-04-2026 11:39:50 AM [] []
[2026-04-21 11:40:08] SlimMonoLogger.INFO: Cron ran at: 21-04-2026 11:40:08 AM [] []
[2026-04-21 11:40:13] SlimMonoLogger.INFO: Cron ran at: 21-04-2026 11:40:13 AM [] []
[2026-04-21 11:40:14] SlimMonoLogger.INFO: Cron ran at: 21-04-2026 11:40:14 AM [] []
[2026-04-21 11:40:20] SlimMonoLogger.INFO: Cron ran at: 21-04-2026 11:40:20 AM [] []
[2026-04-21 11:40:20] SlimMonoLogger.INFO: Cron ran at: 21-04-2026 11:40:20 AM [] []
[2026-04-21 11:40:32] SlimMonoLogger.INFO: Cron ran at: 21-04-2026 11:40:32 AM [] []
[2026-04-21 11:40:32] SlimMonoLogger.INFO: Cron ran at: 21-04-2026 11:40:32 AM [] []
[2026-04-21 11:40:35] SlimMonoLogger.INFO: Cron ran at: 21-04-2026 11:40:35 AM [] []
[2026-04-21 11:40:41] SlimMonoLogger.INFO: Cron ran at: 21-04-2026 11:40:41 AM [] []
[2026-04-21 11:40:45] SlimMonoLogger.INFO: Cron ran at: 21-04-2026 11:40:45 AM [] []
[2026-04-21 11:41:05] SlimMonoLogger.INFO: Cron ran at: 21-04-2026 11:41:05 AM [] []
[2026-04-21 11:41:11] SlimMonoLogger.INFO: Cron ran at: 21-04-2026 11:41:11 AM [] []
[2026-04-21 11:41:18] SlimMonoLogger.INFO: Cron ran at: 21-04-2026 11:41:18 AM [] []
[2026-04-21 11:41:20] SlimMonoLogger.INFO: Cron ran at: 21-04-2026 11:41:20 AM [] []
[2026-04-21 11:41:43] SlimMonoLogger.INFO: Cron ran at: 21-04-2026 11:41:43 AM [] []
[2026-04-21 11:41:49] SlimMonoLogger.INFO: Cron ran at: 21-04-2026 11:41:49 AM [] []
[2026-04-21 11:41:53] SlimMonoLogger.INFO: Cron ran at: 21-04-2026 11:41:53 AM [] []
[2026-04-21 11:41:56] SlimMonoLogger.INFO: Cron ran at: 21-04-2026 11:41:56 AM [] []
[2026-04-21 11:42:02] SlimMonoLogger.INFO: Cron ran at: 21-04-2026 11:42:02 AM [] []
[2026-04-21 11:42:08] SlimMonoLogger.INFO: Cron ran at: 21-04-2026 11:42:08 AM [] []
[2026-04-21 11:42:10] SlimMonoLogger.INFO: Cron ran at: 21-04-2026 11:42:10 AM [] []
[2026-04-21 11:42:19] SlimMonoLogger.INFO: Cron ran at: 21-04-2026 11:42:19 AM [] []
[2026-04-21 11:42:22] SlimMonoLogger.INFO: Cron ran at: 21-04-2026 11:42:22 AM [] []
[2026-04-21 11:42:23] SlimMonoLogger.INFO: Cron ran at: 21-04-2026 11:42:23 AM [] []
[2026-04-21 11:42:28] SlimMonoLogger.INFO: Cron ran at: 21-04-2026 11:42:28 AM [] []
[2026-04-21 11:42:33] SlimMonoLogger.INFO: Cron ran at: 21-04-2026 11:42:33 AM [] []
[2026-04-21 11:42:39] SlimMonoLogger.INFO: Cron ran at: 21-04-2026 11:42:39 AM [] []
[2026-04-21 11:42:40] SlimMonoLogger.INFO: Cron ran at: 21-04-2026 11:42:40 AM [] []
[2026-04-21 11:42:40] SlimMonoLogger.INFO: Cron ran at: 21-04-2026 11:42:40 AM [] []
[2026-04-21 11:42:43] SlimMonoLogger.ERROR: Requests_Exception: cURL error 28: Operation timed out after 500002 milliseconds with 15828 bytes received in /home/latihtal/public_html/agregator1/src/vendor/rmccue/requests/library/Requests/Transport/cURL.php:422
Stack trace:
#0 /home/latihtal/public_html/agregator1/src/vendor/rmccue/requests/library/Requests/Transport/cURL.php(177): Requests_Transport_cURL->process_response()
#1 /home/latihtal/public_html/agregator1/src/vendor/rmccue/requests/library/Requests.php(379): Requests_Transport_cURL->request()
#2 /home/latihtal/public_html/agregator1/src/vendor/rmccue/requests/library/Requests/Session.php(205): Requests::request()
#3 /home/latihtal/public_html/agregator1/src/vendor/rmccue/requests/library/Requests/Session.php(132): Requests_Session->request()
#4 /home/latihtal/public_html/agregator1/src/drivers/Http/RssImporter.php(144): Requests_Session->get()
#5 /home/latihtal/public_html/agregator1/src/controllers/Dashboard/DashboardFeedsController.php(534): spark\drivers\Http\RssImporter->fetchPosts()
#6 /home/latihtal/public_html/agregator1/src/controllers/Site/SiteController.php(722): spark\controllers\Dashboard\DashboardFeedsController::importFeedPosts()
#7 [internal function]: spark\controllers\Site\SiteController->runTasks()
#8 /home/latihtal/public_html/agregator1/src/framework/Route.php(173): call_user_func_array()
#9 [internal function]: Slim\Route->Slim\{closure}()
#10 /home/latihtal/public_html/agregator1/src/framework/Route.php(468): call_user_func_array()
#11 /home/latihtal/public_html/agregator1/src/framework/Slim.php(1364): Slim\Route->dispatch()
#12 /home/latihtal/public_html/agregator1/src/framework/Middleware/Flash.php(85): Slim\Slim->call()
#13 /home/latihtal/public_html/agregator1/src/framework/Middleware/MethodOverride.php(92): Slim\Middleware\Flash->call()
#14 /home/latihtal/public_html/agregator1/src/middlewares/CsrfGuard/CsrfGuard.php(47): Slim\Middleware\MethodOverride->call()
#15 /home/latihtal/public_html/agregator1/src/framework/Middleware/PrettyExceptions.php(67): spark\middlewares\CsrfGuard\CsrfGuard->call()
#16 /home/latihtal/public_html/agregator1/src/framework/Slim.php(1308): Slim\Middleware\PrettyExceptions->call()
#17 /home/latihtal/public_html/agregator1/index.php(6): Slim\Slim->run()
#18 {main} [] []
[2026-04-21 11:42:44] SlimMonoLogger.INFO: Cron ran at: 21-04-2026 11:42:44 AM [] []
[2026-04-21 11:42:50] SlimMonoLogger.INFO: Cron ran at: 21-04-2026 11:42:50 AM [] []
[2026-04-21 11:42:55] SlimMonoLogger.INFO: Cron ran at: 21-04-2026 11:42:55 AM [] []
[2026-04-21 11:42:56] SlimMonoLogger.INFO: Cron ran at: 21-04-2026 11:42:56 AM [] []
[2026-04-21 11:43:00] SlimMonoLogger.INFO: Cron ran at: 21-04-2026 11:43:00 AM [] []
[2026-04-21 11:43:01] SlimMonoLogger.INFO: Cron ran at: 21-04-2026 11:43:01 AM [] []
[2026-04-21 11:43:13] SlimMonoLogger.INFO: Cron ran at: 21-04-2026 11:43:13 AM [] []
[2026-04-21 11:43:22] SlimMonoLogger.INFO: Cron ran at: 21-04-2026 11:43:22 AM [] []
[2026-04-21 11:43:23] SlimMonoLogger.INFO: Cron ran at: 21-04-2026 11:43:23 AM [] []
[2026-04-21 11:43:27] SlimMonoLogger.INFO: Cron ran at: 21-04-2026 11:43:27 AM [] []
[2026-04-21 11:43:33] SlimMonoLogger.INFO: Cron ran at: 21-04-2026 11:43:33 AM [] []
[2026-04-21 11:43:40] SlimMonoLogger.INFO: Cron ran at: 21-04-2026 11:43:40 AM [] []
[2026-04-21 11:43:44] SlimMonoLogger.INFO: Cron ran at: 21-04-2026 11:43:44 AM [] []
[2026-04-21 11:43:45] SlimMonoLogger.INFO: Cron ran at: 21-04-2026 11:43:45 AM [] []
[2026-04-21 11:43:46] SlimMonoLogger.INFO: Cron ran at: 21-04-2026 11:43:46 AM [] []
[2026-04-21 11:43:50] SlimMonoLogger.INFO: Cron ran at: 21-04-2026 11:43:50 AM [] []
[2026-04-21 11:43:51] SlimMonoLogger.INFO: Cron ran at: 21-04-2026 11:43:51 AM [] []
[2026-04-21 11:43:52] SlimMonoLogger.INFO: Cron ran at: 21-04-2026 11:43:52 AM [] []
[2026-04-21 11:44:11] SlimMonoLogger.INFO: Cron ran at: 21-04-2026 11:44:11 AM [] []
[2026-04-21 11:44:14] SlimMonoLogger.INFO: Cron ran at: 21-04-2026 11:44:14 AM [] []
[2026-04-21 11:44:21] SlimMonoLogger.INFO: Cron ran at: 21-04-2026 11:44:21 AM [] []
[2026-04-21 11:44:31] SlimMonoLogger.INFO: Cron ran at: 21-04-2026 11:44:31 AM [] []
[2026-04-21 11:44:33] SlimMonoLogger.INFO: Cron ran at: 21-04-2026 11:44:33 AM [] []
[2026-04-21 11:44:42] SlimMonoLogger.INFO: Cron ran at: 21-04-2026 11:44:42 AM [] []
[2026-04-21 11:45:15] SlimMonoLogger.INFO: Cron ran at: 21-04-2026 11:45:15 AM [] []
[2026-04-21 11:45:15] SlimMonoLogger.INFO: Cron ran at: 21-04-2026 11:45:15 AM [] []
[2026-04-21 11:45:24] SlimMonoLogger.INFO: Cron ran at: 21-04-2026 11:45:24 AM [] []
[2026-04-21 11:45:24] SlimMonoLogger.INFO: Cron ran at: 21-04-2026 11:45:24 AM [] []
[2026-04-21 11:45:25] SlimMonoLogger.INFO: Cron ran at: 21-04-2026 11:45:25 AM [] []
[2026-04-21 11:45:36] SlimMonoLogger.INFO: Cron ran at: 21-04-2026 11:45:36 AM [] []
[2026-04-21 11:46:10] SlimMonoLogger.INFO: Cron ran at: 21-04-2026 11:46:10 AM [] []
[2026-04-21 11:46:15] SlimMonoLogger.INFO: Cron ran at: 21-04-2026 11:46:15 AM [] []
[2026-04-21 11:46:16] SlimMonoLogger.INFO: Cron ran at: 21-04-2026 11:46:16 AM [] []
[2026-04-21 11:46:25] SlimMonoLogger.INFO: Cron ran at: 21-04-2026 11:46:25 AM [] []
[2026-04-21 11:46:25] SlimMonoLogger.INFO: Cron ran at: 21-04-2026 11:46:25 AM [] []
[2026-04-21 11:46:28] SlimMonoLogger.INFO: Cron ran at: 21-04-2026 11:46:28 AM [] []
[2026-04-21 11:46:44] SlimMonoLogger.INFO: Cron ran at: 21-04-2026 11:46:44 AM [] []
[2026-04-21 11:47:12] SlimMonoLogger.INFO: Cron ran at: 21-04-2026 11:47:12 AM [] []
[2026-04-21 11:47:15] SlimMonoLogger.INFO: Cron ran at: 21-04-2026 11:47:15 AM [] []
[2026-04-21 11:47:15] SlimMonoLogger.INFO: Cron ran at: 21-04-2026 11:47:15 AM [] []
[2026-04-21 11:47:25] SlimMonoLogger.INFO: Cron ran at: 21-04-2026 11:47:25 AM [] []
[2026-04-21 11:47:27] SlimMonoLogger.INFO: Cron ran at: 21-04-2026 11:47:27 AM [] []
[2026-04-21 11:47:32] SlimMonoLogger.INFO: Cron ran at: 21-04-2026 11:47:32 AM [] []
[2026-04-21 11:47:49] SlimMonoLogger.INFO: Cron ran at: 21-04-2026 11:47:49 AM [] []
[2026-04-21 11:48:16] SlimMonoLogger.INFO: Cron ran at: 21-04-2026 11:48:16 AM [] []
[2026-04-21 11:48:16] SlimMonoLogger.INFO: Cron ran at: 21-04-2026 11:48:16 AM [] []
[2026-04-21 11:48:21] SlimMonoLogger.INFO: Cron ran at: 21-04-2026 11:48:21 AM [] []
[2026-04-21 11:48:23] SlimMonoLogger.INFO: Cron ran at: 21-04-2026 11:48:23 AM [] []
[2026-04-21 11:48:29] SlimMonoLogger.INFO: Cron ran at: 21-04-2026 11:48:29 AM [] []
[2026-04-21 11:48:34] SlimMonoLogger.INFO: Cron ran at: 21-04-2026 11:48:34 AM [] []
[2026-04-21 11:48:46] SlimMonoLogger.INFO: Cron ran at: 21-04-2026 11:48:46 AM [] []
[2026-04-21 11:49:23] SlimMonoLogger.INFO: Cron ran at: 21-04-2026 11:49:23 AM [] []
[2026-04-21 11:49:24] SlimMonoLogger.INFO: Cron ran at: 21-04-2026 11:49:24 AM [] []
[2026-04-21 11:49:25] SlimMonoLogger.INFO: Cron ran at: 21-04-2026 11:49:25 AM [] []
[2026-04-21 11:49:29] SlimMonoLogger.INFO: Cron ran at: 21-04-2026 11:49:29 AM [] []
[2026-04-21 11:49:37] SlimMonoLogger.INFO: Cron ran at: 21-04-2026 11:49:37 AM [] []
[2026-04-21 11:49:40] SlimMonoLogger.INFO: Cron ran at: 21-04-2026 11:49:40 AM [] []
[2026-04-21 11:49:58] SlimMonoLogger.INFO: Cron ran at: 21-04-2026 11:49:58 AM [] []
[2026-04-21 11:50:22] SlimMonoLogger.INFO: Cron ran at: 21-04-2026 11:50:22 AM [] []
[2026-04-21 11:50:22] SlimMonoLogger.INFO: Cron ran at: 21-04-2026 11:50:22 AM [] []
[2026-04-21 11:50:31] SlimMonoLogger.INFO: Cron ran at: 21-04-2026 11:50:31 AM [] []
[2026-04-21 11:50:31] SlimMonoLogger.INFO: Cron ran at: 21-04-2026 11:50:31 AM [] []
[2026-04-21 11:50:37] SlimMonoLogger.INFO: Cron ran at: 21-04-2026 11:50:37 AM [] []
[2026-04-21 11:50:47] SlimMonoLogger.INFO: Cron ran at: 21-04-2026 11:50:47 AM [] []
[2026-04-21 11:50:57] SlimMonoLogger.INFO: Cron ran at: 21-04-2026 11:50:57 AM [] []
[2026-04-21 11:51:25] SlimMonoLogger.INFO: Cron ran at: 21-04-2026 11:51:25 AM [] []
[2026-04-21 11:51:25] SlimMonoLogger.INFO: Cron ran at: 21-04-2026 11:51:25 AM [] []
[2026-04-21 11:51:40] SlimMonoLogger.INFO: Cron ran at: 21-04-2026 11:51:40 AM [] []
[2026-04-21 11:51:42] SlimMonoLogger.INFO: Cron ran at: 21-04-2026 11:51:42 AM [] []
[2026-04-21 11:51:43] SlimMonoLogger.INFO: Cron ran at: 21-04-2026 11:51:43 AM [] []
[2026-04-21 11:51:44] SlimMonoLogger.INFO: Cron ran at: 21-04-2026 11:51:44 AM [] []
[2026-04-21 11:51:53] SlimMonoLogger.INFO: Cron ran at: 21-04-2026 11:51:53 AM [] []
[2026-04-21 11:51:53] SlimMonoLogger.INFO: Cron ran at: 21-04-2026 11:51:53 AM [] []
[2026-04-21 11:52:17] SlimMonoLogger.INFO: Cron ran at: 21-04-2026 11:52:17 AM [] []
[2026-04-21 11:52:17] SlimMonoLogger.INFO: Cron ran at: 21-04-2026 11:52:17 AM [] []
[2026-04-21 11:52:29] SlimMonoLogger.INFO: Cron ran at: 21-04-2026 11:52:29 AM [] []
[2026-04-21 11:52:29] SlimMonoLogger.INFO: Cron ran at: 21-04-2026 11:52:29 AM [] []
[2026-04-21 11:52:33] SlimMonoLogger.INFO: Cron ran at: 21-04-2026 11:52:33 AM [] []
[2026-04-21 11:52:48] SlimMonoLogger.INFO: Cron ran at: 21-04-2026 11:52:48 AM [] []
[2026-04-21 11:52:49] SlimMonoLogger.INFO: Cron ran at: 21-04-2026 11:52:49 AM [] []
[2026-04-21 11:53:07] SlimMonoLogger.INFO: Cron ran at: 21-04-2026 11:53:07 AM [] []
[2026-04-21 11:53:13] SlimMonoLogger.INFO: Cron ran at: 21-04-2026 11:53:13 AM [] []
[2026-04-21 11:53:13] SlimMonoLogger.INFO: Cron ran at: 21-04-2026 11:53:13 AM [] []
[2026-04-21 11:53:31] SlimMonoLogger.INFO: Cron ran at: 21-04-2026 11:53:31 AM [] []
[2026-04-21 11:53:35] SlimMonoLogger.INFO: Cron ran at: 21-04-2026 11:53:35 AM [] []
[2026-04-21 11:53:36] SlimMonoLogger.INFO: Cron ran at: 21-04-2026 11:53:36 AM [] []
[2026-04-21 11:53:47] SlimMonoLogger.INFO: Cron ran at: 21-04-2026 11:53:47 AM [] []
[2026-04-21 11:53:47] SlimMonoLogger.INFO: Cron ran at: 21-04-2026 11:53:47 AM [] []
[2026-04-21 11:54:07] SlimMonoLogger.INFO: Cron ran at: 21-04-2026 11:54:07 AM [] []
[2026-04-21 11:54:17] SlimMonoLogger.INFO: Cron ran at: 21-04-2026 11:54:17 AM [] []
[2026-04-21 11:54:18] SlimMonoLogger.INFO: Cron ran at: 21-04-2026 11:54:18 AM [] []
[2026-04-21 11:54:39] SlimMonoLogger.INFO: Cron ran at: 21-04-2026 11:54:39 AM [] []
[2026-04-21 11:54:40] SlimMonoLogger.INFO: Cron ran at: 21-04-2026 11:54:40 AM [] []
[2026-04-21 11:54:43] SlimMonoLogger.INFO: Cron ran at: 21-04-2026 11:54:43 AM [] []
[2026-04-21 11:54:54] SlimMonoLogger.INFO: Cron ran at: 21-04-2026 11:54:54 AM [] []
[2026-04-21 11:55:00] SlimMonoLogger.INFO: Cron ran at: 21-04-2026 11:55:00 AM [] []
[2026-04-21 11:55:11] SlimMonoLogger.INFO: Cron ran at: 21-04-2026 11:55:11 AM [] []
[2026-04-21 11:55:15] SlimMonoLogger.INFO: Cron ran at: 21-04-2026 11:55:15 AM [] []
[2026-04-21 11:55:20] SlimMonoLogger.INFO: Cron ran at: 21-04-2026 11:55:20 AM [] []
[2026-04-21 11:55:40] SlimMonoLogger.INFO: Cron ran at: 21-04-2026 11:55:40 AM [] []
[2026-04-21 11:55:41] SlimMonoLogger.INFO: Cron ran at: 21-04-2026 11:55:41 AM [] []
[2026-04-21 11:55:45] SlimMonoLogger.INFO: Cron ran at: 21-04-2026 11:55:45 AM [] []
[2026-04-21 11:56:06] SlimMonoLogger.INFO: Cron ran at: 21-04-2026 11:56:06 AM [] []
[2026-04-21 11:56:07] SlimMonoLogger.INFO: Cron ran at: 21-04-2026 11:56:07 AM [] []
[2026-04-21 11:56:25] SlimMonoLogger.INFO: Cron ran at: 21-04-2026 11:56:25 AM [] []
[2026-04-21 11:56:25] SlimMonoLogger.INFO: Cron ran at: 21-04-2026 11:56:25 AM [] []
[2026-04-21 11:56:26] SlimMonoLogger.INFO: Cron ran at: 21-04-2026 11:56:26 AM [] []
[2026-04-21 11:56:29] SlimMonoLogger.INFO: Cron ran at: 21-04-2026 11:56:29 AM [] []
[2026-04-21 11:56:44] SlimMonoLogger.INFO: Cron ran at: 21-04-2026 11:56:44 AM [] []
[2026-04-21 11:56:51] SlimMonoLogger.INFO: Cron ran at: 21-04-2026 11:56:51 AM [] []
[2026-04-21 11:56:52] SlimMonoLogger.INFO: Cron ran at: 21-04-2026 11:56:52 AM [] []
[2026-04-21 11:57:06] SlimMonoLogger.INFO: Cron ran at: 21-04-2026 11:57:06 AM [] []
[2026-04-21 11:57:12] SlimMonoLogger.INFO: Cron ran at: 21-04-2026 11:57:12 AM [] []
[2026-04-21 11:57:16] SlimMonoLogger.INFO: Cron ran at: 21-04-2026 11:57:16 AM [] []
[2026-04-21 11:57:26] SlimMonoLogger.INFO: Cron ran at: 21-04-2026 11:57:26 AM [] []
[2026-04-21 11:57:27] SlimMonoLogger.INFO: Cron ran at: 21-04-2026 11:57:27 AM [] []
[2026-04-21 11:57:28] SlimMonoLogger.INFO: Cron ran at: 21-04-2026 11:57:28 AM [] []
[2026-04-21 11:57:54] SlimMonoLogger.INFO: Cron ran at: 21-04-2026 11:57:54 AM [] []
[2026-04-21 11:57:57] SlimMonoLogger.INFO: Cron ran at: 21-04-2026 11:57:57 AM [] []
[2026-04-21 11:57:58] SlimMonoLogger.INFO: Cron ran at: 21-04-2026 11:57:58 AM [] []
[2026-04-21 11:58:06] SlimMonoLogger.INFO: Cron ran at: 21-04-2026 11:58:06 AM [] []
[2026-04-21 11:58:10] SlimMonoLogger.INFO: Cron ran at: 21-04-2026 11:58:10 AM [] []
[2026-04-21 11:58:18] SlimMonoLogger.INFO: Cron ran at: 21-04-2026 11:58:18 AM [] []
[2026-04-21 11:58:19] SlimMonoLogger.INFO: Cron ran at: 21-04-2026 11:58:19 AM [] []
[2026-04-21 11:58:21] SlimMonoLogger.INFO: Cron ran at: 21-04-2026 11:58:21 AM [] []
[2026-04-21 11:58:38] SlimMonoLogger.INFO: Cron ran at: 21-04-2026 11:58:38 AM [] []
[2026-04-21 11:58:45] SlimMonoLogger.INFO: Cron ran at: 21-04-2026 11:58:45 AM [] []
[2026-04-21 11:58:46] SlimMonoLogger.INFO: Cron ran at: 21-04-2026 11:58:46 AM [] []
[2026-04-21 11:59:03] SlimMonoLogger.INFO: Cron ran at: 21-04-2026 11:59:03 AM [] []
[2026-04-21 11:59:08] SlimMonoLogger.INFO: Cron ran at: 21-04-2026 11:59:08 AM [] []
[2026-04-21 11:59:14] SlimMonoLogger.INFO: Cron ran at: 21-04-2026 11:59:14 AM [] []
[2026-04-21 11:59:35] SlimMonoLogger.INFO: Cron ran at: 21-04-2026 11:59:35 AM [] []
[2026-04-21 11:59:41] SlimMonoLogger.INFO: Cron ran at: 21-04-2026 11:59:41 AM [] []
[2026-04-21 11:59:41] SlimMonoLogger.INFO: Cron ran at: 21-04-2026 11:59:41 AM [] []
[2026-04-21 11:59:49] SlimMonoLogger.INFO: Cron ran at: 21-04-2026 11:59:49 AM [] []
[2026-04-21 12:00:03] SlimMonoLogger.INFO: Cron ran at: 21-04-2026 12:00:03 PM [] []
[2026-04-21 12:00:03] SlimMonoLogger.INFO: Cron ran at: 21-04-2026 12:00:03 PM [] []
[2026-04-21 12:00:12] SlimMonoLogger.INFO: Cron ran at: 21-04-2026 12:00:12 PM [] []
[2026-04-21 12:00:18] SlimMonoLogger.INFO: Cron ran at: 21-04-2026 12:00:18 PM [] []
[2026-04-21 12:00:33] SlimMonoLogger.INFO: Cron ran at: 21-04-2026 12:00:33 PM [] []
[2026-04-21 12:00:33] SlimMonoLogger.INFO: Cron ran at: 21-04-2026 12:00:33 PM [] []
[2026-04-21 12:00:41] SlimMonoLogger.INFO: Cron ran at: 21-04-2026 12:00:41 PM [] []
[2026-04-21 12:01:08] SlimMonoLogger.INFO: Cron ran at: 21-04-2026 12:01:08 PM [] []
[2026-04-21 12:01:10] SlimMonoLogger.INFO: Cron ran at: 21-04-2026 12:01:10 PM [] []
[2026-04-21 12:01:21] SlimMonoLogger.INFO: Cron ran at: 21-04-2026 12:01:21 PM [] []
[2026-04-21 12:01:44] SlimMonoLogger.INFO: Cron ran at: 21-04-2026 12:01:44 PM [] []
[2026-04-21 12:01:45] SlimMonoLogger.INFO: Cron ran at: 21-04-2026 12:01:45 PM [] []
[2026-04-21 12:01:45] SlimMonoLogger.INFO: Cron ran at: 21-04-2026 12:01:45 PM [] []
[2026-04-21 12:01:47] SlimMonoLogger.INFO: Cron ran at: 21-04-2026 12:01:47 PM [] []
[2026-04-21 12:01:47] SlimMonoLogger.INFO: Cron ran at: 21-04-2026 12:01:47 PM [] []
[2026-04-21 12:01:49] SlimMonoLogger.INFO: Cron ran at: 21-04-2026 12:01:49 PM [] []
[2026-04-21 12:02:12] SlimMonoLogger.INFO: Cron ran at: 21-04-2026 12:02:12 PM [] []
[2026-04-21 12:02:13] SlimMonoLogger.INFO: Cron ran at: 21-04-2026 12:02:13 PM [] []
[2026-04-21 12:02:18] SlimMonoLogger.INFO: Cron ran at: 21-04-2026 12:02:18 PM [] []
[2026-04-21 12:02:29] SlimMonoLogger.INFO: Cron ran at: 21-04-2026 12:02:29 PM [] []
[2026-04-21 12:02:30] SlimMonoLogger.INFO: Cron ran at: 21-04-2026 12:02:30 PM [] []
[2026-04-21 12:02:30] SlimMonoLogger.INFO: Cron ran at: 21-04-2026 12:02:30 PM [] []
[2026-04-21 12:02:33] SlimMonoLogger.INFO: Cron ran at: 21-04-2026 12:02:33 PM [] []
[2026-04-21 12:02:47] SlimMonoLogger.INFO: Cron ran at: 21-04-2026 12:02:47 PM [] []
[2026-04-21 12:02:48] SlimMonoLogger.INFO: Cron ran at: 21-04-2026 12:02:48 PM [] []
[2026-04-21 12:03:02] SlimMonoLogger.INFO: Cron ran at: 21-04-2026 12:03:02 PM [] []
[2026-04-21 12:03:15] SlimMonoLogger.INFO: Cron ran at: 21-04-2026 12:03:15 PM [] []
[2026-04-21 12:03:16] SlimMonoLogger.INFO: Cron ran at: 21-04-2026 12:03:16 PM [] []
[2026-04-21 12:03:24] SlimMonoLogger.INFO: Cron ran at: 21-04-2026 12:03:24 PM [] []
[2026-04-21 12:03:24] SlimMonoLogger.INFO: Cron ran at: 21-04-2026 12:03:24 PM [] []
[2026-04-21 12:03:26] SlimMonoLogger.INFO: Cron ran at: 21-04-2026 12:03:26 PM [] []
[2026-04-21 12:03:33] SlimMonoLogger.INFO: Cron ran at: 21-04-2026 12:03:33 PM [] []
[2026-04-21 12:03:38] SlimMonoLogger.INFO: Cron ran at: 21-04-2026 12:03:38 PM [] []
[2026-04-21 12:03:40] SlimMonoLogger.INFO: Cron ran at: 21-04-2026 12:03:40 PM [] []
[2026-04-21 12:04:16] SlimMonoLogger.INFO: Cron ran at: 21-04-2026 12:04:16 PM [] []
[2026-04-21 12:04:20] SlimMonoLogger.INFO: Cron ran at: 21-04-2026 12:04:20 PM [] []
[2026-04-21 12:04:25] SlimMonoLogger.INFO: Cron ran at: 21-04-2026 12:04:25 PM [] []
[2026-04-21 12:04:28] SlimMonoLogger.INFO: Cron ran at: 21-04-2026 12:04:28 PM [] []
[2026-04-21 12:04:35] SlimMonoLogger.INFO: Cron ran at: 21-04-2026 12:04:35 PM [] []
[2026-04-21 12:04:36] SlimMonoLogger.INFO: Cron ran at: 21-04-2026 12:04:36 PM [] []
[2026-04-21 12:04:46] SlimMonoLogger.INFO: Cron ran at: 21-04-2026 12:04:46 PM [] []
[2026-04-21 12:04:47] SlimMonoLogger.INFO: Cron ran at: 21-04-2026 12:04:47 PM [] []
[2026-04-21 12:05:10] SlimMonoLogger.INFO: Cron ran at: 21-04-2026 12:05:10 PM [] []
[2026-04-21 12:05:15] SlimMonoLogger.INFO: Cron ran at: 21-04-2026 12:05:15 PM [] []
[2026-04-21 12:05:23] SlimMonoLogger.INFO: Cron ran at: 21-04-2026 12:05:23 PM [] []
[2026-04-21 12:05:26] SlimMonoLogger.INFO: Cron ran at: 21-04-2026 12:05:26 PM [] []
[2026-04-21 12:05:33] SlimMonoLogger.INFO: Cron ran at: 21-04-2026 12:05:33 PM [] []
[2026-04-21 12:05:33] SlimMonoLogger.INFO: Cron ran at: 21-04-2026 12:05:33 PM [] []
[2026-04-21 12:05:46] SlimMonoLogger.INFO: Cron ran at: 21-04-2026 12:05:46 PM [] []
[2026-04-21 12:05:53] SlimMonoLogger.INFO: Cron ran at: 21-04-2026 12:05:53 PM [] []
[2026-04-21 12:06:20] SlimMonoLogger.INFO: Cron ran at: 21-04-2026 12:06:20 PM [] []
[2026-04-21 12:06:27] SlimMonoLogger.INFO: Cron ran at: 21-04-2026 12:06:27 PM [] []
[2026-04-21 12:06:27] SlimMonoLogger.INFO: Cron ran at: 21-04-2026 12:06:27 PM [] []
[2026-04-21 12:06:28] SlimMonoLogger.INFO: Cron ran at: 21-04-2026 12:06:28 PM [] []
[2026-04-21 12:06:30] SlimMonoLogger.INFO: Cron ran at: 21-04-2026 12:06:30 PM [] []
[2026-04-21 12:06:36] SlimMonoLogger.INFO: Cron ran at: 21-04-2026 12:06:36 PM [] []
[2026-04-21 12:06:41] SlimMonoLogger.INFO: Cron ran at: 21-04-2026 12:06:41 PM [] []
[2026-04-21 12:06:43] SlimMonoLogger.INFO: Cron ran at: 21-04-2026 12:06:43 PM [] []
[2026-04-21 12:06:53] SlimMonoLogger.INFO: Cron ran at: 21-04-2026 12:06:53 PM [] []
[2026-04-21 12:07:31] SlimMonoLogger.INFO: Cron ran at: 21-04-2026 12:07:31 PM [] []
[2026-04-21 12:07:39] SlimMonoLogger.INFO: Cron ran at: 21-04-2026 12:07:39 PM [] []
[2026-04-21 12:07:39] SlimMonoLogger.INFO: Cron ran at: 21-04-2026 12:07:39 PM [] []
[2026-04-21 12:07:40] SlimMonoLogger.INFO: Cron ran at: 21-04-2026 12:07:40 PM [] []
[2026-04-21 12:07:40] SlimMonoLogger.INFO: Cron ran at: 21-04-2026 12:07:40 PM [] []
[2026-04-21 12:07:43] SlimMonoLogger.INFO: Cron ran at: 21-04-2026 12:07:43 PM [] []
[2026-04-21 12:07:48] SlimMonoLogger.INFO: Cron ran at: 21-04-2026 12:07:48 PM [] []
[2026-04-21 12:07:51] SlimMonoLogger.INFO: Cron ran at: 21-04-2026 12:07:51 PM [] []
[2026-04-21 12:07:55] SlimMonoLogger.INFO: Cron ran at: 21-04-2026 12:07:55 PM [] []
[2026-04-21 12:08:23] SlimMonoLogger.INFO: Cron ran at: 21-04-2026 12:08:23 PM [] []
[2026-04-21 12:08:24] SlimMonoLogger.INFO: Cron ran at: 21-04-2026 12:08:24 PM [] []
[2026-04-21 12:08:26] SlimMonoLogger.INFO: Cron ran at: 21-04-2026 12:08:26 PM [] []
[2026-04-21 12:08:27] SlimMonoLogger.INFO: Cron ran at: 21-04-2026 12:08:27 PM [] []
[2026-04-21 12:08:31] SlimMonoLogger.INFO: Cron ran at: 21-04-2026 12:08:31 PM [] []
[2026-04-21 12:08:35] SlimMonoLogger.INFO: Cron ran at: 21-04-2026 12:08:35 PM [] []
[2026-04-21 12:08:45] SlimMonoLogger.INFO: Cron ran at: 21-04-2026 12:08:45 PM [] []
[2026-04-21 12:08:52] SlimMonoLogger.INFO: Cron ran at: 21-04-2026 12:08:52 PM [] []
[2026-04-21 12:09:21] SlimMonoLogger.INFO: Cron ran at: 21-04-2026 12:09:21 PM [] []
[2026-04-21 12:09:26] SlimMonoLogger.INFO: Cron ran at: 21-04-2026 12:09:26 PM [] []
[2026-04-21 12:09:30] SlimMonoLogger.INFO: Cron ran at: 21-04-2026 12:09:30 PM [] []
[2026-04-21 12:09:30] SlimMonoLogger.INFO: Cron ran at: 21-04-2026 12:09:30 PM [] []
[2026-04-21 12:09:37] SlimMonoLogger.INFO: Cron ran at: 21-04-2026 12:09:37 PM [] []
[2026-04-21 12:09:47] SlimMonoLogger.INFO: Cron ran at: 21-04-2026 12:09:47 PM [] []
[2026-04-21 12:09:49] SlimMonoLogger.INFO: Cron ran at: 21-04-2026 12:09:49 PM [] []
[2026-04-21 12:09:49] SlimMonoLogger.INFO: Cron ran at: 21-04-2026 12:09:49 PM [] []
[2026-04-21 12:10:17] SlimMonoLogger.INFO: Cron ran at: 21-04-2026 12:10:17 PM [] []
[2026-04-21 12:10:23] SlimMonoLogger.INFO: Cron ran at: 21-04-2026 12:10:23 PM [] []
[2026-04-21 12:10:27] SlimMonoLogger.INFO: Cron ran at: 21-04-2026 12:10:27 PM [] []
[2026-04-21 12:10:28] SlimMonoLogger.INFO: Cron ran at: 21-04-2026 12:10:28 PM [] []
[2026-04-21 12:10:32] SlimMonoLogger.INFO: Cron ran at: 21-04-2026 12:10:32 PM [] []
[2026-04-21 12:10:44] SlimMonoLogger.INFO: Cron ran at: 21-04-2026 12:10:44 PM [] []
[2026-04-21 12:11:01] SlimMonoLogger.INFO: Cron ran at: 21-04-2026 12:11:01 PM [] []
[2026-04-21 12:11:02] SlimMonoLogger.INFO: Cron ran at: 21-04-2026 12:11:02 PM [] []
[2026-04-21 12:11:25] SlimMonoLogger.INFO: Cron ran at: 21-04-2026 12:11:25 PM [] []
[2026-04-21 12:11:28] SlimMonoLogger.INFO: Cron ran at: 21-04-2026 12:11:28 PM [] []
[2026-04-21 12:11:37] SlimMonoLogger.INFO: Cron ran at: 21-04-2026 12:11:37 PM [] []
[2026-04-21 12:11:39] SlimMonoLogger.INFO: Cron ran at: 21-04-2026 12:11:39 PM [] []
[2026-04-21 12:11:39] SlimMonoLogger.INFO: Cron ran at: 21-04-2026 12:11:39 PM [] []
[2026-04-21 12:11:42] SlimMonoLogger.INFO: Cron ran at: 21-04-2026 12:11:42 PM [] []
[2026-04-21 12:11:42] SlimMonoLogger.INFO: Cron ran at: 21-04-2026 12:11:42 PM [] []
[2026-04-21 12:12:02] SlimMonoLogger.INFO: Cron ran at: 21-04-2026 12:12:02 PM [] []
[2026-04-21 12:12:03] SlimMonoLogger.INFO: Cron ran at: 21-04-2026 12:12:03 PM [] []
[2026-04-21 12:12:26] SlimMonoLogger.INFO: Cron ran at: 21-04-2026 12:12:26 PM [] []
[2026-04-21 12:12:27] SlimMonoLogger.INFO: Cron ran at: 21-04-2026 12:12:27 PM [] []
[2026-04-21 12:12:29] SlimMonoLogger.INFO: Cron ran at: 21-04-2026 12:12:29 PM [] []
[2026-04-21 12:12:30] SlimMonoLogger.INFO: Cron ran at: 21-04-2026 12:12:30 PM [] []
[2026-04-21 12:12:38] SlimMonoLogger.INFO: Cron ran at: 21-04-2026 12:12:38 PM [] []
[2026-04-21 12:12:50] SlimMonoLogger.INFO: Cron ran at: 21-04-2026 12:12:50 PM [] []
[2026-04-21 12:12:51] SlimMonoLogger.INFO: Cron ran at: 21-04-2026 12:12:51 PM [] []
[2026-04-21 12:12:52] SlimMonoLogger.INFO: Cron ran at: 21-04-2026 12:12:52 PM [] []
[2026-04-21 12:12:57] SlimMonoLogger.INFO: Cron ran at: 21-04-2026 12:12:57 PM [] []
[2026-04-21 12:13:23] SlimMonoLogger.INFO: Cron ran at: 21-04-2026 12:13:23 PM [] []
[2026-04-21 12:13:24] SlimMonoLogger.INFO: Cron ran at: 21-04-2026 12:13:24 PM [] []
[2026-04-21 12:13:33] SlimMonoLogger.INFO: Cron ran at: 21-04-2026 12:13:33 PM [] []
[2026-04-21 12:13:37] SlimMonoLogger.INFO: Cron ran at: 21-04-2026 12:13:37 PM [] []
[2026-04-21 12:13:41] SlimMonoLogger.INFO: Cron ran at: 21-04-2026 12:13:41 PM [] []
[2026-04-21 12:13:51] SlimMonoLogger.INFO: Cron ran at: 21-04-2026 12:13:51 PM [] []
[2026-04-21 12:13:52] SlimMonoLogger.INFO: Cron ran at: 21-04-2026 12:13:52 PM [] []
[2026-04-21 12:14:06] SlimMonoLogger.INFO: Cron ran at: 21-04-2026 12:14:06 PM [] []
[2026-04-21 12:14:31] SlimMonoLogger.INFO: Cron ran at: 21-04-2026 12:14:31 PM [] []
[2026-04-21 12:14:31] SlimMonoLogger.INFO: Cron ran at: 21-04-2026 12:14:31 PM [] []
[2026-04-21 12:14:40] SlimMonoLogger.INFO: Cron ran at: 21-04-2026 12:14:40 PM [] []
[2026-04-21 12:14:43] SlimMonoLogger.INFO: Cron ran at: 21-04-2026 12:14:43 PM [] []
[2026-04-21 12:14:44] SlimMonoLogger.INFO: Cron ran at: 21-04-2026 12:14:44 PM [] []
[2026-04-21 12:14:52] SlimMonoLogger.INFO: Cron ran at: 21-04-2026 12:14:52 PM [] []
[2026-04-21 12:14:52] SlimMonoLogger.INFO: Cron ran at: 21-04-2026 12:14:52 PM [] []
[2026-04-21 12:15:13] SlimMonoLogger.INFO: Cron ran at: 21-04-2026 12:15:13 PM [] []
[2026-04-21 12:15:21] SlimMonoLogger.INFO: Cron ran at: 21-04-2026 12:15:21 PM [] []
[2026-04-21 12:15:24] SlimMonoLogger.INFO: Cron ran at: 21-04-2026 12:15:24 PM [] []
[2026-04-21 12:15:41] SlimMonoLogger.INFO: Cron ran at: 21-04-2026 12:15:41 PM [] []
[2026-04-21 12:15:49] SlimMonoLogger.INFO: Cron ran at: 21-04-2026 12:15:49 PM [] []
[2026-04-21 12:15:49] SlimMonoLogger.INFO: Cron ran at: 21-04-2026 12:15:49 PM [] []
[2026-04-21 12:15:57] SlimMonoLogger.INFO: Cron ran at: 21-04-2026 12:15:57 PM [] []
[2026-04-21 12:16:00] SlimMonoLogger.INFO: Cron ran at: 21-04-2026 12:16:00 PM [] []
[2026-04-21 12:16:02] SlimMonoLogger.INFO: Cron ran at: 21-04-2026 12:16:02 PM [] []
[2026-04-21 12:16:18] SlimMonoLogger.INFO: Cron ran at: 21-04-2026 12:16:18 PM [] []
[2026-04-21 12:16:19] SlimMonoLogger.INFO: Cron ran at: 21-04-2026 12:16:19 PM [] []
[2026-04-21 12:16:24] SlimMonoLogger.INFO: Cron ran at: 21-04-2026 12:16:24 PM [] []
[2026-04-21 12:16:38] SlimMonoLogger.INFO: Cron ran at: 21-04-2026 12:16:38 PM [] []
[2026-04-21 12:16:39] SlimMonoLogger.INFO: Cron ran at: 21-04-2026 12:16:39 PM [] []
[2026-04-21 12:16:48] SlimMonoLogger.INFO: Cron ran at: 21-04-2026 12:16:48 PM [] []
[2026-04-21 12:16:58] SlimMonoLogger.INFO: Cron ran at: 21-04-2026 12:16:58 PM [] []
[2026-04-21 12:17:02] SlimMonoLogger.INFO: Cron ran at: 21-04-2026 12:17:02 PM [] []
[2026-04-21 12:17:15] SlimMonoLogger.INFO: Cron ran at: 21-04-2026 12:17:15 PM [] []
[2026-04-21 12:17:16] SlimMonoLogger.INFO: Cron ran at: 21-04-2026 12:17:16 PM [] []
[2026-04-21 12:17:19] SlimMonoLogger.INFO: Cron ran at: 21-04-2026 12:17:19 PM [] []
[2026-04-21 12:17:28] SlimMonoLogger.INFO: Cron ran at: 21-04-2026 12:17:28 PM [] []
[2026-04-21 12:17:38] SlimMonoLogger.INFO: Cron ran at: 21-04-2026 12:17:38 PM [] []
[2026-04-21 12:17:47] SlimMonoLogger.INFO: Cron ran at: 21-04-2026 12:17:47 PM [] []
[2026-04-21 12:17:48] SlimMonoLogger.INFO: Cron ran at: 21-04-2026 12:17:48 PM [] []
[2026-04-21 12:17:56] SlimMonoLogger.INFO: Cron ran at: 21-04-2026 12:17:56 PM [] []
[2026-04-21 12:18:01] SlimMonoLogger.INFO: Cron ran at: 21-04-2026 12:18:01 PM [] []
[2026-04-21 12:18:13] SlimMonoLogger.INFO: Cron ran at: 21-04-2026 12:18:13 PM [] []
[2026-04-21 12:18:14] SlimMonoLogger.INFO: Cron ran at: 21-04-2026 12:18:14 PM [] []
[2026-04-21 12:18:23] SlimMonoLogger.INFO: Cron ran at: 21-04-2026 12:18:23 PM [] []
[2026-04-21 12:18:26] SlimMonoLogger.INFO: Cron ran at: 21-04-2026 12:18:26 PM [] []
[2026-04-21 12:18:33] SlimMonoLogger.INFO: Cron ran at: 21-04-2026 12:18:33 PM [] []
[2026-04-21 12:18:44] SlimMonoLogger.INFO: Cron ran at: 21-04-2026 12:18:44 PM [] []
[2026-04-21 12:18:44] SlimMonoLogger.INFO: Cron ran at: 21-04-2026 12:18:44 PM [] []
[2026-04-21 12:19:10] SlimMonoLogger.INFO: Cron ran at: 21-04-2026 12:19:10 PM [] []
[2026-04-21 12:19:13] SlimMonoLogger.INFO: Cron ran at: 21-04-2026 12:19:13 PM [] []
[2026-04-21 12:19:14] SlimMonoLogger.INFO: Cron ran at: 21-04-2026 12:19:14 PM [] []
[2026-04-21 12:19:18] SlimMonoLogger.INFO: Cron ran at: 21-04-2026 12:19:18 PM [] []
[2026-04-21 12:19:30] SlimMonoLogger.INFO: Cron ran at: 21-04-2026 12:19:30 PM [] []
[2026-04-21 12:19:41] SlimMonoLogger.INFO: Cron ran at: 21-04-2026 12:19:41 PM [] []
[2026-04-21 12:19:43] SlimMonoLogger.INFO: Cron ran at: 21-04-2026 12:19:43 PM [] []
[2026-04-21 12:20:02] SlimMonoLogger.INFO: Cron ran at: 21-04-2026 12:20:02 PM [] []
[2026-04-21 12:20:13] SlimMonoLogger.INFO: Cron ran at: 21-04-2026 12:20:13 PM [] []
[2026-04-21 12:20:13] SlimMonoLogger.INFO: Cron ran at: 21-04-2026 12:20:13 PM [] []
[2026-04-21 12:20:21] SlimMonoLogger.INFO: Cron ran at: 21-04-2026 12:20:21 PM [] []
[2026-04-21 12:20:24] SlimMonoLogger.INFO: Cron ran at: 21-04-2026 12:20:24 PM [] []
[2026-04-21 12:20:28] SlimMonoLogger.INFO: Cron ran at: 21-04-2026 12:20:28 PM [] []
[2026-04-21 12:20:46] SlimMonoLogger.INFO: Cron ran at: 21-04-2026 12:20:46 PM [] []
[2026-04-21 12:20:59] SlimMonoLogger.INFO: Cron ran at: 21-04-2026 12:20:59 PM [] []
[2026-04-21 12:21:01] SlimMonoLogger.INFO: Cron ran at: 21-04-2026 12:21:01 PM [] []
[2026-04-21 12:21:13] SlimMonoLogger.INFO: Cron ran at: 21-04-2026 12:21:13 PM [] []
[2026-04-21 12:21:34] SlimMonoLogger.INFO: Cron ran at: 21-04-2026 12:21:34 PM [] []
[2026-04-21 12:21:35] SlimMonoLogger.INFO: Cron ran at: 21-04-2026 12:21:35 PM [] []
[2026-04-21 12:21:36] SlimMonoLogger.INFO: Cron ran at: 21-04-2026 12:21:36 PM [] []
[2026-04-21 12:21:36] SlimMonoLogger.INFO: Cron ran at: 21-04-2026 12:21:36 PM [] []
[2026-04-21 12:21:38] SlimMonoLogger.INFO: Cron ran at: 21-04-2026 12:21:38 PM [] []
[2026-04-21 12:21:42] SlimMonoLogger.INFO: Cron ran at: 21-04-2026 12:21:42 PM [] []
[2026-04-21 12:22:01] SlimMonoLogger.INFO: Cron ran at: 21-04-2026 12:22:01 PM [] []
[2026-04-21 12:22:02] SlimMonoLogger.INFO: Cron ran at: 21-04-2026 12:22:02 PM [] []
[2026-04-21 12:22:21] SlimMonoLogger.INFO: Cron ran at: 21-04-2026 12:22:21 PM [] []
[2026-04-21 12:22:22] SlimMonoLogger.INFO: Cron ran at: 21-04-2026 12:22:22 PM [] []
[2026-04-21 12:22:23] SlimMonoLogger.INFO: Cron ran at: 21-04-2026 12:22:23 PM [] []
[2026-04-21 12:22:33] SlimMonoLogger.INFO: Cron ran at: 21-04-2026 12:22:33 PM [] []
[2026-04-21 12:22:34] SlimMonoLogger.INFO: Cron ran at: 21-04-2026 12:22:34 PM [] []
[2026-04-21 12:22:36] SlimMonoLogger.INFO: Cron ran at: 21-04-2026 12:22:36 PM [] []
[2026-04-21 12:22:56] SlimMonoLogger.INFO: Cron ran at: 21-04-2026 12:22:56 PM [] []
[2026-04-21 12:22:56] SlimMonoLogger.INFO: Cron ran at: 21-04-2026 12:22:56 PM [] []
[2026-04-21 12:23:09] SlimMonoLogger.INFO: Cron ran at: 21-04-2026 12:23:09 PM [] []
[2026-04-21 12:23:21] SlimMonoLogger.INFO: Cron ran at: 21-04-2026 12:23:21 PM [] []
[2026-04-21 12:23:21] SlimMonoLogger.INFO: Cron ran at: 21-04-2026 12:23:21 PM [] []
[2026-04-21 12:23:21] SlimMonoLogger.INFO: Cron ran at: 21-04-2026 12:23:21 PM [] []
[2026-04-21 12:23:30] SlimMonoLogger.INFO: Cron ran at: 21-04-2026 12:23:30 PM [] []
[2026-04-21 12:23:33] SlimMonoLogger.INFO: Cron ran at: 21-04-2026 12:23:33 PM [] []
[2026-04-21 12:23:36] SlimMonoLogger.INFO: Cron ran at: 21-04-2026 12:23:36 PM [] []
[2026-04-21 12:23:48] SlimMonoLogger.INFO: Cron ran at: 21-04-2026 12:23:48 PM [] []
[2026-04-21 12:24:05] SlimMonoLogger.INFO: Cron ran at: 21-04-2026 12:24:05 PM [] []
[2026-04-21 12:24:26] SlimMonoLogger.INFO: Cron ran at: 21-04-2026 12:24:26 PM [] []
[2026-04-21 12:24:37] SlimMonoLogger.INFO: Cron ran at: 21-04-2026 12:24:37 PM [] []
[2026-04-21 12:24:42] SlimMonoLogger.INFO: Cron ran at: 21-04-2026 12:24:42 PM [] []
[2026-04-21 12:24:47] SlimMonoLogger.INFO: Cron ran at: 21-04-2026 12:24:47 PM [] []
[2026-04-21 12:24:59] SlimMonoLogger.INFO: Cron ran at: 21-04-2026 12:24:59 PM [] []
[2026-04-21 12:25:17] SlimMonoLogger.INFO: Cron ran at: 21-04-2026 12:25:17 PM [] []
[2026-04-21 12:25:20] SlimMonoLogger.INFO: Cron ran at: 21-04-2026 12:25:20 PM [] []
[2026-04-21 12:25:32] SlimMonoLogger.INFO: Cron ran at: 21-04-2026 12:25:32 PM [] []
[2026-04-21 12:25:33] SlimMonoLogger.INFO: Cron ran at: 21-04-2026 12:25:33 PM [] []
[2026-04-21 12:25:36] SlimMonoLogger.INFO: Cron ran at: 21-04-2026 12:25:36 PM [] []
[2026-04-21 12:25:40] SlimMonoLogger.INFO: Cron ran at: 21-04-2026 12:25:40 PM [] []
[2026-04-21 12:25:51] SlimMonoLogger.INFO: Cron ran at: 21-04-2026 12:25:51 PM [] []
[2026-04-21 12:25:52] SlimMonoLogger.INFO: Cron ran at: 21-04-2026 12:25:52 PM [] []
[2026-04-21 12:26:09] SlimMonoLogger.INFO: Cron ran at: 21-04-2026 12:26:09 PM [] []
[2026-04-21 12:26:17] SlimMonoLogger.INFO: Cron ran at: 21-04-2026 12:26:17 PM [] []
[2026-04-21 12:26:30] SlimMonoLogger.INFO: Cron ran at: 21-04-2026 12:26:30 PM [] []
[2026-04-21 12:26:41] SlimMonoLogger.INFO: Cron ran at: 21-04-2026 12:26:41 PM [] []
[2026-04-21 12:26:43] SlimMonoLogger.INFO: Cron ran at: 21-04-2026 12:26:43 PM [] []
[2026-04-21 12:26:43] SlimMonoLogger.INFO: Cron ran at: 21-04-2026 12:26:43 PM [] []
[2026-04-21 12:26:46] SlimMonoLogger.INFO: Cron ran at: 21-04-2026 12:26:46 PM [] []
[2026-04-21 12:26:46] SlimMonoLogger.INFO: Cron ran at: 21-04-2026 12:26:46 PM [] []
[2026-04-21 12:26:47] SlimMonoLogger.INFO: Cron ran at: 21-04-2026 12:26:47 PM [] []
[2026-04-21 12:26:54] SlimMonoLogger.INFO: Cron ran at: 21-04-2026 12:26:54 PM [] []
[2026-04-21 12:26:54] SlimMonoLogger.INFO: Cron ran at: 21-04-2026 12:26:54 PM [] []
[2026-04-21 12:27:05] SlimMonoLogger.INFO: Cron ran at: 21-04-2026 12:27:05 PM [] []
[2026-04-21 12:27:12] SlimMonoLogger.INFO: Cron ran at: 21-04-2026 12:27:12 PM [] []
[2026-04-21 12:27:16] SlimMonoLogger.INFO: Cron ran at: 21-04-2026 12:27:16 PM [] []
[2026-04-21 12:27:30] SlimMonoLogger.INFO: Cron ran at: 21-04-2026 12:27:30 PM [] []
[2026-04-21 12:27:32] SlimMonoLogger.INFO: Cron ran at: 21-04-2026 12:27:32 PM [] []
[2026-04-21 12:27:33] SlimMonoLogger.INFO: Cron ran at: 21-04-2026 12:27:33 PM [] []
[2026-04-21 12:27:33] SlimMonoLogger.INFO: Cron ran at: 21-04-2026 12:27:33 PM [] []
[2026-04-21 12:27:37] SlimMonoLogger.INFO: Cron ran at: 21-04-2026 12:27:37 PM [] []
[2026-04-21 12:27:41] SlimMonoLogger.INFO: Cron ran at: 21-04-2026 12:27:41 PM [] []
[2026-04-21 12:27:42] SlimMonoLogger.INFO: Cron ran at: 21-04-2026 12:27:42 PM [] []
[2026-04-21 12:27:54] SlimMonoLogger.INFO: Cron ran at: 21-04-2026 12:27:54 PM [] []
[2026-04-21 12:27:54] SlimMonoLogger.INFO: Cron ran at: 21-04-2026 12:27:54 PM [] []
[2026-04-21 12:28:02] SlimMonoLogger.INFO: Cron ran at: 21-04-2026 12:28:02 PM [] []
[2026-04-21 12:28:18] SlimMonoLogger.INFO: Cron ran at: 21-04-2026 12:28:18 PM [] []
[2026-04-21 12:28:19] SlimMonoLogger.INFO: Cron ran at: 21-04-2026 12:28:19 PM [] []
[2026-04-21 12:28:22] SlimMonoLogger.INFO: Cron ran at: 21-04-2026 12:28:22 PM [] []
[2026-04-21 12:28:22] SlimMonoLogger.INFO: Cron ran at: 21-04-2026 12:28:22 PM [] []
[2026-04-21 12:28:30] SlimMonoLogger.INFO: Cron ran at: 21-04-2026 12:28:30 PM [] []
[2026-04-21 12:28:37] SlimMonoLogger.INFO: Cron ran at: 21-04-2026 12:28:37 PM [] []
[2026-04-21 12:28:44] SlimMonoLogger.INFO: Cron ran at: 21-04-2026 12:28:44 PM [] []
[2026-04-21 12:28:49] SlimMonoLogger.INFO: Cron ran at: 21-04-2026 12:28:49 PM [] []
[2026-04-21 12:28:50] SlimMonoLogger.INFO: Cron ran at: 21-04-2026 12:28:50 PM [] []
[2026-04-21 12:29:13] SlimMonoLogger.INFO: Cron ran at: 21-04-2026 12:29:13 PM [] []
[2026-04-21 12:29:16] SlimMonoLogger.INFO: Cron ran at: 21-04-2026 12:29:16 PM [] []
[2026-04-21 12:29:19] SlimMonoLogger.INFO: Cron ran at: 21-04-2026 12:29:19 PM [] []
[2026-04-21 12:29:22] SlimMonoLogger.INFO: Cron ran at: 21-04-2026 12:29:22 PM [] []
[2026-04-21 12:29:33] SlimMonoLogger.INFO: Cron ran at: 21-04-2026 12:29:33 PM [] []
[2026-04-21 12:29:33] SlimMonoLogger.INFO: Cron ran at: 21-04-2026 12:29:33 PM [] []
[2026-04-21 12:29:41] SlimMonoLogger.INFO: Cron ran at: 21-04-2026 12:29:41 PM [] []
[2026-04-21 12:29:48] SlimMonoLogger.INFO: Cron ran at: 21-04-2026 12:29:48 PM [] []
[2026-04-21 12:29:48] SlimMonoLogger.INFO: Cron ran at: 21-04-2026 12:29:48 PM [] []
[2026-04-21 12:30:02] SlimMonoLogger.INFO: Cron ran at: 21-04-2026 12:30:02 PM [] []
[2026-04-21 12:30:11] SlimMonoLogger.INFO: Cron ran at: 21-04-2026 12:30:11 PM [] []
[2026-04-21 12:30:24] SlimMonoLogger.INFO: Cron ran at: 21-04-2026 12:30:24 PM [] []
[2026-04-21 12:30:28] SlimMonoLogger.INFO: Cron ran at: 21-04-2026 12:30:28 PM [] []
[2026-04-21 12:30:30] SlimMonoLogger.INFO: Cron ran at: 21-04-2026 12:30:30 PM [] []
[2026-04-21 12:30:31] SlimMonoLogger.INFO: Cron ran at: 21-04-2026 12:30:31 PM [] []
[2026-04-21 12:30:33] SlimMonoLogger.INFO: Cron ran at: 21-04-2026 12:30:33 PM [] []
[2026-04-21 12:30:53] SlimMonoLogger.INFO: Cron ran at: 21-04-2026 12:30:53 PM [] []
[2026-04-21 12:30:53] SlimMonoLogger.INFO: Cron ran at: 21-04-2026 12:30:53 PM [] []
[2026-04-21 12:31:04] SlimMonoLogger.INFO: Cron ran at: 21-04-2026 12:31:04 PM [] []
[2026-04-21 12:31:05] SlimMonoLogger.INFO: Cron ran at: 21-04-2026 12:31:05 PM [] []
[2026-04-21 12:31:12] SlimMonoLogger.INFO: Cron ran at: 21-04-2026 12:31:12 PM [] []
[2026-04-21 12:31:27] SlimMonoLogger.INFO: Cron ran at: 21-04-2026 12:31:27 PM [] []
[2026-04-21 12:31:33] SlimMonoLogger.INFO: Cron ran at: 21-04-2026 12:31:33 PM [] []
[2026-04-21 12:31:37] SlimMonoLogger.INFO: Cron ran at: 21-04-2026 12:31:37 PM [] []
[2026-04-21 12:31:41] SlimMonoLogger.INFO: Cron ran at: 21-04-2026 12:31:41 PM [] []
[2026-04-21 12:32:05] SlimMonoLogger.INFO: Cron ran at: 21-04-2026 12:32:05 PM [] []
[2026-04-21 12:32:05] SlimMonoLogger.INFO: Cron ran at: 21-04-2026 12:32:05 PM [] []
[2026-04-21 12:32:07] SlimMonoLogger.INFO: Cron ran at: 21-04-2026 12:32:07 PM [] []
[2026-04-21 12:32:09] SlimMonoLogger.INFO: Cron ran at: 21-04-2026 12:32:09 PM [] []
[2026-04-21 12:32:09] SlimMonoLogger.INFO: Cron ran at: 21-04-2026 12:32:09 PM [] []
[2026-04-21 12:32:26] SlimMonoLogger.INFO: Cron ran at: 21-04-2026 12:32:26 PM [] []
[2026-04-21 12:32:28] SlimMonoLogger.INFO: Cron ran at: 21-04-2026 12:32:28 PM [] []
[2026-04-21 12:32:32] SlimMonoLogger.INFO: Cron ran at: 21-04-2026 12:32:32 PM [] []
[2026-04-21 12:32:33] SlimMonoLogger.INFO: Cron ran at: 21-04-2026 12:32:33 PM [] []
[2026-04-21 12:32:34] SlimMonoLogger.INFO: Cron ran at: 21-04-2026 12:32:34 PM [] []
[2026-04-21 12:32:39] SlimMonoLogger.INFO: Cron ran at: 21-04-2026 12:32:39 PM [] []
[2026-04-21 12:32:50] SlimMonoLogger.INFO: Cron ran at: 21-04-2026 12:32:50 PM [] []
[2026-04-21 12:32:59] SlimMonoLogger.INFO: Cron ran at: 21-04-2026 12:32:59 PM [] []
[2026-04-21 12:33:01] SlimMonoLogger.INFO: Cron ran at: 21-04-2026 12:33:01 PM [] []
[2026-04-21 12:33:02] SlimMonoLogger.INFO: Cron ran at: 21-04-2026 12:33:02 PM [] []
[2026-04-21 12:33:14] SlimMonoLogger.INFO: Cron ran at: 21-04-2026 12:33:14 PM [] []
[2026-04-21 12:33:27] SlimMonoLogger.INFO: Cron ran at: 21-04-2026 12:33:27 PM [] []
[2026-04-21 12:33:28] SlimMonoLogger.INFO: Cron ran at: 21-04-2026 12:33:28 PM [] []
[2026-04-21 12:33:29] SlimMonoLogger.INFO: Cron ran at: 21-04-2026 12:33:29 PM [] []
[2026-04-21 12:33:34] SlimMonoLogger.INFO: Cron ran at: 21-04-2026 12:33:34 PM [] []
[2026-04-21 12:33:38] SlimMonoLogger.INFO: Cron ran at: 21-04-2026 12:33:38 PM [] []
[2026-04-21 12:33:38] SlimMonoLogger.INFO: Cron ran at: 21-04-2026 12:33:38 PM [] []
[2026-04-21 12:33:49] SlimMonoLogger.INFO: Cron ran at: 21-04-2026 12:33:49 PM [] []
[2026-04-21 12:33:54] SlimMonoLogger.INFO: Cron ran at: 21-04-2026 12:33:54 PM [] []
[2026-04-21 12:33:55] SlimMonoLogger.INFO: Cron ran at: 21-04-2026 12:33:55 PM [] []
[2026-04-21 12:34:15] SlimMonoLogger.INFO: Cron ran at: 21-04-2026 12:34:15 PM [] []
[2026-04-21 12:34:15] SlimMonoLogger.INFO: Cron ran at: 21-04-2026 12:34:15 PM [] []
[2026-04-21 12:34:19] SlimMonoLogger.INFO: Cron ran at: 21-04-2026 12:34:19 PM [] []
[2026-04-21 12:34:21] SlimMonoLogger.INFO: Cron ran at: 21-04-2026 12:34:21 PM [] []
[2026-04-21 12:34:22] SlimMonoLogger.INFO: Cron ran at: 21-04-2026 12:34:22 PM [] []
[2026-04-21 12:34:31] SlimMonoLogger.INFO: Cron ran at: 21-04-2026 12:34:31 PM [] []
[2026-04-21 12:34:40] SlimMonoLogger.INFO: Cron ran at: 21-04-2026 12:34:40 PM [] []
[2026-04-21 12:34:43] SlimMonoLogger.INFO: Cron ran at: 21-04-2026 12:34:43 PM [] []
[2026-04-21 12:34:43] SlimMonoLogger.INFO: Cron ran at: 21-04-2026 12:34:43 PM [] []
[2026-04-21 12:34:54] SlimMonoLogger.INFO: Cron ran at: 21-04-2026 12:34:54 PM [] []
[2026-04-21 12:35:11] SlimMonoLogger.INFO: Cron ran at: 21-04-2026 12:35:11 PM [] []
[2026-04-21 12:35:15] SlimMonoLogger.INFO: Cron ran at: 21-04-2026 12:35:15 PM [] []
[2026-04-21 12:35:15] SlimMonoLogger.INFO: Cron ran at: 21-04-2026 12:35:15 PM [] []
[2026-04-21 12:35:24] SlimMonoLogger.INFO: Cron ran at: 21-04-2026 12:35:24 PM [] []
[2026-04-21 12:35:33] SlimMonoLogger.INFO: Cron ran at: 21-04-2026 12:35:33 PM [] []
[2026-04-21 12:35:33] SlimMonoLogger.INFO: Cron ran at: 21-04-2026 12:35:33 PM [] []
[2026-04-21 12:35:38] SlimMonoLogger.INFO: Cron ran at: 21-04-2026 12:35:38 PM [] []
[2026-04-21 12:35:41] SlimMonoLogger.INFO: Cron ran at: 21-04-2026 12:35:41 PM [] []
[2026-04-21 12:35:42] SlimMonoLogger.INFO: Cron ran at: 21-04-2026 12:35:42 PM [] []
[2026-04-21 12:36:02] SlimMonoLogger.INFO: Cron ran at: 21-04-2026 12:36:02 PM [] []
[2026-04-21 12:36:05] SlimMonoLogger.INFO: Cron ran at: 21-04-2026 12:36:05 PM [] []
[2026-04-21 12:36:16] SlimMonoLogger.INFO: Cron ran at: 21-04-2026 12:36:16 PM [] []
[2026-04-21 12:36:18] SlimMonoLogger.INFO: Cron ran at: 21-04-2026 12:36:18 PM [] []
[2026-04-21 12:36:28] SlimMonoLogger.INFO: Cron ran at: 21-04-2026 12:36:28 PM [] []
[2026-04-21 12:36:29] SlimMonoLogger.INFO: Cron ran at: 21-04-2026 12:36:29 PM [] []
[2026-04-21 12:36:30] SlimMonoLogger.INFO: Cron ran at: 21-04-2026 12:36:30 PM [] []
[2026-04-21 12:36:31] SlimMonoLogger.INFO: Cron ran at: 21-04-2026 12:36:31 PM [] []
[2026-04-21 12:36:37] SlimMonoLogger.INFO: Cron ran at: 21-04-2026 12:36:37 PM [] []
[2026-04-21 12:36:43] SlimMonoLogger.INFO: Cron ran at: 21-04-2026 12:36:43 PM [] []
[2026-04-21 12:36:44] SlimMonoLogger.INFO: Cron ran at: 21-04-2026 12:36:44 PM [] []
[2026-04-21 12:36:52] SlimMonoLogger.INFO: Cron ran at: 21-04-2026 12:36:52 PM [] []
[2026-04-21 12:36:55] SlimMonoLogger.INFO: Cron ran at: 21-04-2026 12:36:55 PM [] []
[2026-04-21 12:37:00] SlimMonoLogger.INFO: Cron ran at: 21-04-2026 12:37:00 PM [] []
[2026-04-21 12:37:09] SlimMonoLogger.INFO: Cron ran at: 21-04-2026 12:37:09 PM [] []
[2026-04-21 12:37:25] SlimMonoLogger.INFO: Cron ran at: 21-04-2026 12:37:25 PM [] []
[2026-04-21 12:37:25] SlimMonoLogger.INFO: Cron ran at: 21-04-2026 12:37:25 PM [] []
[2026-04-21 12:37:25] SlimMonoLogger.INFO: Cron ran at: 21-04-2026 12:37:25 PM [] []
[2026-04-21 12:37:27] SlimMonoLogger.INFO: Cron ran at: 21-04-2026 12:37:27 PM [] []
[2026-04-21 12:37:28] SlimMonoLogger.INFO: Cron ran at: 21-04-2026 12:37:28 PM [] []
[2026-04-21 12:37:30] SlimMonoLogger.INFO: Cron ran at: 21-04-2026 12:37:30 PM [] []
[2026-04-21 12:37:36] SlimMonoLogger.INFO: Cron ran at: 21-04-2026 12:37:36 PM [] []
[2026-04-21 12:37:46] SlimMonoLogger.INFO: Cron ran at: 21-04-2026 12:37:46 PM [] []
[2026-04-21 12:37:47] SlimMonoLogger.INFO: Cron ran at: 21-04-2026 12:37:47 PM [] []
[2026-04-21 12:37:51] SlimMonoLogger.INFO: Cron ran at: 21-04-2026 12:37:51 PM [] []
[2026-04-21 12:38:00] SlimMonoLogger.INFO: Cron ran at: 21-04-2026 12:38:00 PM [] []
[2026-04-21 12:38:18] SlimMonoLogger.INFO: Cron ran at: 21-04-2026 12:38:18 PM [] []
[2026-04-21 12:38:21] SlimMonoLogger.INFO: Cron ran at: 21-04-2026 12:38:21 PM [] []
[2026-04-21 12:38:21] SlimMonoLogger.INFO: Cron ran at: 21-04-2026 12:38:21 PM [] []
[2026-04-21 12:38:22] SlimMonoLogger.INFO: Cron ran at: 21-04-2026 12:38:22 PM [] []
[2026-04-21 12:38:24] SlimMonoLogger.INFO: Cron ran at: 21-04-2026 12:38:24 PM [] []
[2026-04-21 12:38:27] SlimMonoLogger.INFO: Cron ran at: 21-04-2026 12:38:27 PM [] []
[2026-04-21 12:38:31] SlimMonoLogger.INFO: Cron ran at: 21-04-2026 12:38:31 PM [] []
[2026-04-21 12:38:34] SlimMonoLogger.INFO: Cron ran at: 21-04-2026 12:38:34 PM [] []
[2026-04-21 12:38:44] SlimMonoLogger.INFO: Cron ran at: 21-04-2026 12:38:44 PM [] []
[2026-04-21 12:38:47] SlimMonoLogger.INFO: Cron ran at: 21-04-2026 12:38:47 PM [] []
[2026-04-21 12:39:10] SlimMonoLogger.INFO: Cron ran at: 21-04-2026 12:39:10 PM [] []
[2026-04-21 12:39:16] SlimMonoLogger.INFO: Cron ran at: 21-04-2026 12:39:16 PM [] []
[2026-04-21 12:39:16] SlimMonoLogger.INFO: Cron ran at: 21-04-2026 12:39:16 PM [] []
[2026-04-21 12:39:20] SlimMonoLogger.INFO: Cron ran at: 21-04-2026 12:39:20 PM [] []
[2026-04-21 12:39:26] SlimMonoLogger.INFO: Cron ran at: 21-04-2026 12:39:26 PM [] []
[2026-04-21 12:39:28] SlimMonoLogger.INFO: Cron ran at: 21-04-2026 12:39:28 PM [] []
[2026-04-21 12:39:30] SlimMonoLogger.INFO: Cron ran at: 21-04-2026 12:39:30 PM [] []
[2026-04-21 12:39:35] SlimMonoLogger.INFO: Cron ran at: 21-04-2026 12:39:35 PM [] []
[2026-04-21 12:39:37] SlimMonoLogger.INFO: Cron ran at: 21-04-2026 12:39:37 PM [] []
[2026-04-21 12:39:42] SlimMonoLogger.ERROR: Requests_Exception: cURL error 28: Operation timed out after 500004 milliseconds with 0 bytes received in /home/latihtal/public_html/agregator1/src/vendor/rmccue/requests/library/Requests/Transport/cURL.php:422
Stack trace:
#0 /home/latihtal/public_html/agregator1/src/vendor/rmccue/requests/library/Requests/Transport/cURL.php(177): Requests_Transport_cURL->process_response()
#1 /home/latihtal/public_html/agregator1/src/vendor/rmccue/requests/library/Requests.php(379): Requests_Transport_cURL->request()
#2 /home/latihtal/public_html/agregator1/src/vendor/rmccue/requests/library/Requests/Session.php(205): Requests::request()
#3 /home/latihtal/public_html/agregator1/src/vendor/rmccue/requests/library/Requests/Session.php(132): Requests_Session->request()
#4 /home/latihtal/public_html/agregator1/src/drivers/Http/RssImporter.php(144): Requests_Session->get()
#5 /home/latihtal/public_html/agregator1/src/controllers/Dashboard/DashboardFeedsController.php(534): spark\drivers\Http\RssImporter->fetchPosts()
#6 /home/latihtal/public_html/agregator1/src/controllers/Site/SiteController.php(722): spark\controllers\Dashboard\DashboardFeedsController::importFeedPosts()
#7 [internal function]: spark\controllers\Site\SiteController->runTasks()
#8 /home/latihtal/public_html/agregator1/src/framework/Route.php(173): call_user_func_array()
#9 [internal function]: Slim\Route->Slim\{closure}()
#10 /home/latihtal/public_html/agregator1/src/framework/Route.php(468): call_user_func_array()
#11 /home/latihtal/public_html/agregator1/src/framework/Slim.php(1364): Slim\Route->dispatch()
#12 /home/latihtal/public_html/agregator1/src/framework/Middleware/Flash.php(85): Slim\Slim->call()
#13 /home/latihtal/public_html/agregator1/src/framework/Middleware/MethodOverride.php(92): Slim\Middleware\Flash->call()
#14 /home/latihtal/public_html/agregator1/src/middlewares/CsrfGuard/CsrfGuard.php(47): Slim\Middleware\MethodOverride->call()
#15 /home/latihtal/public_html/agregator1/src/framework/Middleware/PrettyExceptions.php(67): spark\middlewares\CsrfGuard\CsrfGuard->call()
#16 /home/latihtal/public_html/agregator1/src/framework/Slim.php(1308): Slim\Middleware\PrettyExceptions->call()
#17 /home/latihtal/public_html/agregator1/index.php(6): Slim\Slim->run()
#18 {main} [] []
[2026-04-21 12:39:44] SlimMonoLogger.INFO: Cron ran at: 21-04-2026 12:39:44 PM [] []
[2026-04-21 12:39:57] SlimMonoLogger.INFO: Cron ran at: 21-04-2026 12:39:57 PM [] []
[2026-04-21 12:40:09] SlimMonoLogger.INFO: Cron ran at: 21-04-2026 12:40:09 PM [] []
[2026-04-21 12:40:14] SlimMonoLogger.INFO: Cron ran at: 21-04-2026 12:40:14 PM [] []
[2026-04-21 12:40:20] SlimMonoLogger.INFO: Cron ran at: 21-04-2026 12:40:20 PM [] []
[2026-04-21 12:40:21] SlimMonoLogger.INFO: Cron ran at: 21-04-2026 12:40:21 PM [] []
[2026-04-21 12:40:28] SlimMonoLogger.INFO: Cron ran at: 21-04-2026 12:40:28 PM [] []
[2026-04-21 12:40:31] SlimMonoLogger.INFO: Cron ran at: 21-04-2026 12:40:31 PM [] []
[2026-04-21 12:40:31] SlimMonoLogger.INFO: Cron ran at: 21-04-2026 12:40:31 PM [] []
[2026-04-21 12:40:32] SlimMonoLogger.INFO: Cron ran at: 21-04-2026 12:40:32 PM [] []
[2026-04-21 12:40:37] SlimMonoLogger.INFO: Cron ran at: 21-04-2026 12:40:37 PM [] []
[2026-04-21 12:40:42] SlimMonoLogger.INFO: Cron ran at: 21-04-2026 12:40:42 PM [] []
[2026-04-21 12:40:54] SlimMonoLogger.INFO: Cron ran at: 21-04-2026 12:40:54 PM [] []
[2026-04-21 12:40:59] SlimMonoLogger.INFO: Cron ran at: 21-04-2026 12:40:59 PM [] []
[2026-04-21 12:41:03] SlimMonoLogger.INFO: Cron ran at: 21-04-2026 12:41:03 PM [] []
[2026-04-21 12:41:14] SlimMonoLogger.INFO: Cron ran at: 21-04-2026 12:41:14 PM [] []
[2026-04-21 12:41:14] SlimMonoLogger.INFO: Cron ran at: 21-04-2026 12:41:14 PM [] []
[2026-04-21 12:41:23] SlimMonoLogger.INFO: Cron ran at: 21-04-2026 12:41:23 PM [] []
[2026-04-21 12:41:29] SlimMonoLogger.INFO: Cron ran at: 21-04-2026 12:41:29 PM [] []
[2026-04-21 12:41:30] SlimMonoLogger.INFO: Cron ran at: 21-04-2026 12:41:30 PM [] []
[2026-04-21 12:41:33] SlimMonoLogger.INFO: Cron ran at: 21-04-2026 12:41:33 PM [] []
[2026-04-21 12:41:34] SlimMonoLogger.INFO: Cron ran at: 21-04-2026 12:41:34 PM [] []
[2026-04-21 12:41:37] SlimMonoLogger.INFO: Cron ran at: 21-04-2026 12:41:37 PM [] []
[2026-04-21 12:41:46] SlimMonoLogger.INFO: Cron ran at: 21-04-2026 12:41:46 PM [] []
[2026-04-21 12:41:53] SlimMonoLogger.INFO: Cron ran at: 21-04-2026 12:41:53 PM [] []
[2026-04-21 12:41:55] SlimMonoLogger.INFO: Cron ran at: 21-04-2026 12:41:55 PM [] []
[2026-04-21 12:42:16] SlimMonoLogger.INFO: Cron ran at: 21-04-2026 12:42:16 PM [] []
[2026-04-21 12:42:17] SlimMonoLogger.INFO: Cron ran at: 21-04-2026 12:42:17 PM [] []
[2026-04-21 12:42:25] SlimMonoLogger.INFO: Cron ran at: 21-04-2026 12:42:25 PM [] []
[2026-04-21 12:42:26] SlimMonoLogger.INFO: Cron ran at: 21-04-2026 12:42:26 PM [] []
[2026-04-21 12:42:36] SlimMonoLogger.INFO: Cron ran at: 21-04-2026 12:42:36 PM [] []
[2026-04-21 12:42:36] SlimMonoLogger.INFO: Cron ran at: 21-04-2026 12:42:36 PM [] []
[2026-04-21 12:42:44] SlimMonoLogger.INFO: Cron ran at: 21-04-2026 12:42:44 PM [] []
[2026-04-21 12:42:46] SlimMonoLogger.INFO: Cron ran at: 21-04-2026 12:42:46 PM [] []
[2026-04-21 12:42:48] SlimMonoLogger.INFO: Cron ran at: 21-04-2026 12:42:48 PM [] []
[2026-04-21 12:42:56] SlimMonoLogger.INFO: Cron ran at: 21-04-2026 12:42:56 PM [] []
[2026-04-21 12:43:11] SlimMonoLogger.INFO: Cron ran at: 21-04-2026 12:43:11 PM [] []
[2026-04-21 12:43:21] SlimMonoLogger.INFO: Cron ran at: 21-04-2026 12:43:21 PM [] []
[2026-04-21 12:43:21] SlimMonoLogger.INFO: Cron ran at: 21-04-2026 12:43:21 PM [] []
[2026-04-21 12:43:25] SlimMonoLogger.INFO: Cron ran at: 21-04-2026 12:43:25 PM [] []
[2026-04-21 12:43:28] SlimMonoLogger.INFO: Cron ran at: 21-04-2026 12:43:28 PM [] []
[2026-04-21 12:43:37] SlimMonoLogger.INFO: Cron ran at: 21-04-2026 12:43:37 PM [] []
[2026-04-21 12:43:37] SlimMonoLogger.INFO: Cron ran at: 21-04-2026 12:43:37 PM [] []
[2026-04-21 12:43:39] SlimMonoLogger.INFO: Cron ran at: 21-04-2026 12:43:39 PM [] []
[2026-04-21 12:43:43] SlimMonoLogger.INFO: Cron ran at: 21-04-2026 12:43:43 PM [] []
[2026-04-21 12:43:46] SlimMonoLogger.INFO: Cron ran at: 21-04-2026 12:43:46 PM [] []
[2026-04-21 12:43:46] SlimMonoLogger.INFO: Cron ran at: 21-04-2026 12:43:46 PM [] []
[2026-04-21 12:44:01] SlimMonoLogger.INFO: Cron ran at: 21-04-2026 12:44:01 PM [] []
[2026-04-21 12:44:05] SlimMonoLogger.INFO: Cron ran at: 21-04-2026 12:44:05 PM [] []
[2026-04-21 12:44:08] SlimMonoLogger.INFO: Cron ran at: 21-04-2026 12:44:08 PM [] []
[2026-04-21 12:44:09] SlimMonoLogger.INFO: Cron ran at: 21-04-2026 12:44:09 PM [] []
[2026-04-21 12:44:14] SlimMonoLogger.INFO: Cron ran at: 21-04-2026 12:44:14 PM [] []
[2026-04-21 12:44:20] SlimMonoLogger.INFO: Cron ran at: 21-04-2026 12:44:20 PM [] []
[2026-04-21 12:44:35] SlimMonoLogger.INFO: Cron ran at: 21-04-2026 12:44:35 PM [] []
[2026-04-21 12:44:36] SlimMonoLogger.INFO: Cron ran at: 21-04-2026 12:44:36 PM [] []
[2026-04-21 12:44:36] SlimMonoLogger.INFO: Cron ran at: 21-04-2026 12:44:36 PM [] []
[2026-04-21 12:44:41] SlimMonoLogger.INFO: Cron ran at: 21-04-2026 12:44:41 PM [] []
[2026-04-21 12:44:41] SlimMonoLogger.INFO: Cron ran at: 21-04-2026 12:44:41 PM [] []
[2026-04-21 12:44:51] SlimMonoLogger.INFO: Cron ran at: 21-04-2026 12:44:51 PM [] []
[2026-04-21 12:44:54] SlimMonoLogger.INFO: Cron ran at: 21-04-2026 12:44:54 PM [] []
[2026-04-21 12:45:06] SlimMonoLogger.INFO: Cron ran at: 21-04-2026 12:45:06 PM [] []
[2026-04-21 12:45:08] SlimMonoLogger.INFO: Cron ran at: 21-04-2026 12:45:08 PM [] []
[2026-04-21 12:45:16] SlimMonoLogger.INFO: Cron ran at: 21-04-2026 12:45:16 PM [] []
[2026-04-21 12:45:21] SlimMonoLogger.INFO: Cron ran at: 21-04-2026 12:45:21 PM [] []
[2026-04-21 12:45:24] SlimMonoLogger.INFO: Cron ran at: 21-04-2026 12:45:24 PM [] []
[2026-04-21 12:45:38] SlimMonoLogger.INFO: Cron ran at: 21-04-2026 12:45:38 PM [] []
[2026-04-21 12:45:38] SlimMonoLogger.INFO: Cron ran at: 21-04-2026 12:45:38 PM [] []
[2026-04-21 12:45:38] SlimMonoLogger.INFO: Cron ran at: 21-04-2026 12:45:38 PM [] []
[2026-04-21 12:45:48] SlimMonoLogger.INFO: Cron ran at: 21-04-2026 12:45:48 PM [] []
[2026-04-21 12:45:49] SlimMonoLogger.INFO: Cron ran at: 21-04-2026 12:45:49 PM [] []
[2026-04-21 12:45:52] SlimMonoLogger.INFO: Cron ran at: 21-04-2026 12:45:52 PM [] []
[2026-04-21 12:45:55] SlimMonoLogger.INFO: Cron ran at: 21-04-2026 12:45:55 PM [] []
[2026-04-21 12:46:10] SlimMonoLogger.INFO: Cron ran at: 21-04-2026 12:46:10 PM [] []
[2026-04-21 12:46:11] SlimMonoLogger.INFO: Cron ran at: 21-04-2026 12:46:11 PM [] []
[2026-04-21 12:46:16] SlimMonoLogger.INFO: Cron ran at: 21-04-2026 12:46:16 PM [] []
[2026-04-21 12:46:16] SlimMonoLogger.INFO: Cron ran at: 21-04-2026 12:46:16 PM [] []
[2026-04-21 12:46:18] SlimMonoLogger.INFO: Cron ran at: 21-04-2026 12:46:18 PM [] []
[2026-04-21 12:46:29] SlimMonoLogger.INFO: Cron ran at: 21-04-2026 12:46:29 PM [] []
[2026-04-21 12:46:35] SlimMonoLogger.INFO: Cron ran at: 21-04-2026 12:46:35 PM [] []
[2026-04-21 12:46:36] SlimMonoLogger.INFO: Cron ran at: 21-04-2026 12:46:36 PM [] []
[2026-04-21 12:46:44] SlimMonoLogger.INFO: Cron ran at: 21-04-2026 12:46:44 PM [] []
[2026-04-21 12:46:45] SlimMonoLogger.INFO: Cron ran at: 21-04-2026 12:46:45 PM [] []
[2026-04-21 12:46:54] SlimMonoLogger.INFO: Cron ran at: 21-04-2026 12:46:54 PM [] []
[2026-04-21 12:46:54] SlimMonoLogger.INFO: Cron ran at: 21-04-2026 12:46:54 PM [] []
[2026-04-21 12:47:05] SlimMonoLogger.INFO: Cron ran at: 21-04-2026 12:47:05 PM [] []
[2026-04-21 12:47:08] SlimMonoLogger.INFO: Cron ran at: 21-04-2026 12:47:08 PM [] []
[2026-04-21 12:47:10] SlimMonoLogger.INFO: Cron ran at: 21-04-2026 12:47:10 PM [] []
[2026-04-21 12:47:13] SlimMonoLogger.INFO: Cron ran at: 21-04-2026 12:47:13 PM [] []
[2026-04-21 12:47:16] SlimMonoLogger.INFO: Cron ran at: 21-04-2026 12:47:16 PM [] []
[2026-04-21 12:47:19] SlimMonoLogger.INFO: Cron ran at: 21-04-2026 12:47:19 PM [] []
[2026-04-21 12:47:31] SlimMonoLogger.INFO: Cron ran at: 21-04-2026 12:47:31 PM [] []
[2026-04-21 12:47:44] SlimMonoLogger.INFO: Cron ran at: 21-04-2026 12:47:44 PM [] []
[2026-04-21 12:47:45] SlimMonoLogger.INFO: Cron ran at: 21-04-2026 12:47:45 PM [] []
[2026-04-21 12:47:45] SlimMonoLogger.INFO: Cron ran at: 21-04-2026 12:47:45 PM [] []
[2026-04-21 12:47:49] SlimMonoLogger.INFO: Cron ran at: 21-04-2026 12:47:49 PM [] []
[2026-04-21 12:48:06] SlimMonoLogger.INFO: Cron ran at: 21-04-2026 12:48:06 PM [] []
[2026-04-21 12:48:06] SlimMonoLogger.INFO: Cron ran at: 21-04-2026 12:48:06 PM [] []
[2026-04-21 12:48:08] SlimMonoLogger.INFO: Cron ran at: 21-04-2026 12:48:08 PM [] []
[2026-04-21 12:48:10] SlimMonoLogger.INFO: Cron ran at: 21-04-2026 12:48:10 PM [] []
[2026-04-21 12:48:16] SlimMonoLogger.INFO: Cron ran at: 21-04-2026 12:48:16 PM [] []
[2026-04-21 12:48:22] SlimMonoLogger.INFO: Cron ran at: 21-04-2026 12:48:22 PM [] []
[2026-04-21 12:48:26] SlimMonoLogger.INFO: Cron ran at: 21-04-2026 12:48:26 PM [] []
[2026-04-21 12:48:26] SlimMonoLogger.INFO: Cron ran at: 21-04-2026 12:48:26 PM [] []
[2026-04-21 12:48:42] SlimMonoLogger.INFO: Cron ran at: 21-04-2026 12:48:42 PM [] []
[2026-04-21 12:48:45] SlimMonoLogger.INFO: Cron ran at: 21-04-2026 12:48:45 PM [] []
[2026-04-21 12:48:57] SlimMonoLogger.INFO: Cron ran at: 21-04-2026 12:48:57 PM [] []
[2026-04-21 12:49:00] SlimMonoLogger.INFO: Cron ran at: 21-04-2026 12:49:00 PM [] []
[2026-04-21 12:49:06] SlimMonoLogger.INFO: Cron ran at: 21-04-2026 12:49:06 PM [] []
[2026-04-21 12:49:22] SlimMonoLogger.INFO: Cron ran at: 21-04-2026 12:49:22 PM [] []
[2026-04-21 12:49:23] SlimMonoLogger.INFO: Cron ran at: 21-04-2026 12:49:23 PM [] []
[2026-04-21 12:49:39] SlimMonoLogger.INFO: Cron ran at: 21-04-2026 12:49:39 PM [] []
[2026-04-21 12:49:40] SlimMonoLogger.INFO: Cron ran at: 21-04-2026 12:49:40 PM [] []
[2026-04-21 12:49:40] SlimMonoLogger.INFO: Cron ran at: 21-04-2026 12:49:40 PM [] []
[2026-04-21 12:49:43] SlimMonoLogger.INFO: Cron ran at: 21-04-2026 12:49:43 PM [] []
[2026-04-21 12:49:56] SlimMonoLogger.INFO: Cron ran at: 21-04-2026 12:49:56 PM [] []
[2026-04-21 12:49:58] SlimMonoLogger.ERROR: Requests_Exception: cURL error 28: Operation timed out after 500001 milliseconds with 0 bytes received in /home/latihtal/public_html/agregator1/src/vendor/rmccue/requests/library/Requests/Transport/cURL.php:422
Stack trace:
#0 /home/latihtal/public_html/agregator1/src/vendor/rmccue/requests/library/Requests/Transport/cURL.php(177): Requests_Transport_cURL->process_response()
#1 /home/latihtal/public_html/agregator1/src/vendor/rmccue/requests/library/Requests.php(379): Requests_Transport_cURL->request()
#2 /home/latihtal/public_html/agregator1/src/vendor/rmccue/requests/library/Requests/Session.php(205): Requests::request()
#3 /home/latihtal/public_html/agregator1/src/vendor/rmccue/requests/library/Requests/Session.php(132): Requests_Session->request()
#4 /home/latihtal/public_html/agregator1/src/drivers/Http/RssImporter.php(144): Requests_Session->get()
#5 /home/latihtal/public_html/agregator1/src/controllers/Dashboard/DashboardFeedsController.php(534): spark\drivers\Http\RssImporter->fetchPosts()
#6 /home/latihtal/public_html/agregator1/src/controllers/Site/SiteController.php(722): spark\controllers\Dashboard\DashboardFeedsController::importFeedPosts()
#7 [internal function]: spark\controllers\Site\SiteController->runTasks()
#8 /home/latihtal/public_html/agregator1/src/framework/Route.php(173): call_user_func_array()
#9 [internal function]: Slim\Route->Slim\{closure}()
#10 /home/latihtal/public_html/agregator1/src/framework/Route.php(468): call_user_func_array()
#11 /home/latihtal/public_html/agregator1/src/framework/Slim.php(1364): Slim\Route->dispatch()
#12 /home/latihtal/public_html/agregator1/src/framework/Middleware/Flash.php(85): Slim\Slim->call()
#13 /home/latihtal/public_html/agregator1/src/framework/Middleware/MethodOverride.php(92): Slim\Middleware\Flash->call()
#14 /home/latihtal/public_html/agregator1/src/middlewares/CsrfGuard/CsrfGuard.php(47): Slim\Middleware\MethodOverride->call()
#15 /home/latihtal/public_html/agregator1/src/framework/Middleware/PrettyExceptions.php(67): spark\middlewares\CsrfGuard\CsrfGuard->call()
#16 /home/latihtal/public_html/agregator1/src/framework/Slim.php(1308): Slim\Middleware\PrettyExceptions->call()
#17 /home/latihtal/public_html/agregator1/index.php(6): Slim\Slim->run()
#18 {main} [] []
[2026-04-21 12:49:59] SlimMonoLogger.INFO: Cron ran at: 21-04-2026 12:49:59 PM [] []
[2026-04-21 12:50:00] SlimMonoLogger.INFO: Cron ran at: 21-04-2026 12:50:00 PM [] []
[2026-04-21 12:50:11] SlimMonoLogger.INFO: Cron ran at: 21-04-2026 12:50:11 PM [] []
[2026-04-21 12:50:12] SlimMonoLogger.INFO: Cron ran at: 21-04-2026 12:50:12 PM [] []
[2026-04-21 12:50:23] SlimMonoLogger.INFO: Cron ran at: 21-04-2026 12:50:23 PM [] []
[2026-04-21 12:50:23] SlimMonoLogger.INFO: Cron ran at: 21-04-2026 12:50:23 PM [] []
[2026-04-21 12:50:28] SlimMonoLogger.INFO: Cron ran at: 21-04-2026 12:50:28 PM [] []
[2026-04-21 12:50:38] SlimMonoLogger.INFO: Cron ran at: 21-04-2026 12:50:38 PM [] []
[2026-04-21 12:50:41] SlimMonoLogger.INFO: Cron ran at: 21-04-2026 12:50:41 PM [] []
[2026-04-21 12:51:00] SlimMonoLogger.INFO: Cron ran at: 21-04-2026 12:51:00 PM [] []
[2026-04-21 12:51:01] SlimMonoLogger.INFO: Cron ran at: 21-04-2026 12:51:01 PM [] []
[2026-04-21 12:51:07] SlimMonoLogger.INFO: Cron ran at: 21-04-2026 12:51:07 PM [] []
[2026-04-21 12:51:16] SlimMonoLogger.INFO: Cron ran at: 21-04-2026 12:51:16 PM [] []
[2026-04-21 12:51:17] SlimMonoLogger.INFO: Cron ran at: 21-04-2026 12:51:17 PM [] []
[2026-04-21 12:51:18] SlimMonoLogger.INFO: Cron ran at: 21-04-2026 12:51:18 PM [] []
[2026-04-21 12:51:19] SlimMonoLogger.INFO: Cron ran at: 21-04-2026 12:51:19 PM [] []
[2026-04-21 12:51:23] SlimMonoLogger.INFO: Cron ran at: 21-04-2026 12:51:23 PM [] []
[2026-04-21 12:51:28] SlimMonoLogger.INFO: Cron ran at: 21-04-2026 12:51:28 PM [] []
[2026-04-21 12:51:31] SlimMonoLogger.INFO: Cron ran at: 21-04-2026 12:51:31 PM [] []
[2026-04-21 12:51:38] SlimMonoLogger.INFO: Cron ran at: 21-04-2026 12:51:38 PM [] []
[2026-04-21 12:51:59] SlimMonoLogger.INFO: Cron ran at: 21-04-2026 12:51:59 PM [] []
[2026-04-21 12:51:59] SlimMonoLogger.INFO: Cron ran at: 21-04-2026 12:51:59 PM [] []
[2026-04-21 12:52:12] SlimMonoLogger.INFO: Cron ran at: 21-04-2026 12:52:12 PM [] []
[2026-04-21 12:52:13] SlimMonoLogger.INFO: Cron ran at: 21-04-2026 12:52:13 PM [] []
[2026-04-21 12:52:15] SlimMonoLogger.INFO: Cron ran at: 21-04-2026 12:52:15 PM [] []
[2026-04-21 12:52:15] SlimMonoLogger.INFO: Cron ran at: 21-04-2026 12:52:15 PM [] []
[2026-04-21 12:52:16] SlimMonoLogger.INFO: Cron ran at: 21-04-2026 12:52:16 PM [] []
[2026-04-21 12:52:20] SlimMonoLogger.INFO: Cron ran at: 21-04-2026 12:52:20 PM [] []
[2026-04-21 12:52:29] SlimMonoLogger.INFO: Cron ran at: 21-04-2026 12:52:29 PM [] []
[2026-04-21 12:52:44] SlimMonoLogger.INFO: Cron ran at: 21-04-2026 12:52:44 PM [] []
[2026-04-21 12:52:45] SlimMonoLogger.INFO: Cron ran at: 21-04-2026 12:52:45 PM [] []
[2026-04-21 12:52:56] SlimMonoLogger.INFO: Cron ran at: 21-04-2026 12:52:56 PM [] []
[2026-04-21 12:53:11] SlimMonoLogger.INFO: Cron ran at: 21-04-2026 12:53:11 PM [] []
[2026-04-21 12:53:11] SlimMonoLogger.INFO: Cron ran at: 21-04-2026 12:53:11 PM [] []
[2026-04-21 12:53:12] SlimMonoLogger.INFO: Cron ran at: 21-04-2026 12:53:12 PM [] []
[2026-04-21 12:53:12] SlimMonoLogger.INFO: Cron ran at: 21-04-2026 12:53:12 PM [] []
[2026-04-21 12:53:13] SlimMonoLogger.INFO: Cron ran at: 21-04-2026 12:53:13 PM [] []
[2026-04-21 12:53:21] SlimMonoLogger.INFO: Cron ran at: 21-04-2026 12:53:21 PM [] []
[2026-04-21 12:53:28] SlimMonoLogger.INFO: Cron ran at: 21-04-2026 12:53:28 PM [] []
[2026-04-21 12:53:30] SlimMonoLogger.INFO: Cron ran at: 21-04-2026 12:53:30 PM [] []
[2026-04-21 12:53:38] SlimMonoLogger.INFO: Cron ran at: 21-04-2026 12:53:38 PM [] []
[2026-04-21 12:53:39] SlimMonoLogger.INFO: Cron ran at: 21-04-2026 12:53:39 PM [] []
[2026-04-21 12:54:07] SlimMonoLogger.INFO: Cron ran at: 21-04-2026 12:54:07 PM [] []
[2026-04-21 12:54:13] SlimMonoLogger.INFO: Cron ran at: 21-04-2026 12:54:13 PM [] []
[2026-04-21 12:54:13] SlimMonoLogger.INFO: Cron ran at: 21-04-2026 12:54:13 PM [] []
[2026-04-21 12:54:14] SlimMonoLogger.INFO: Cron ran at: 21-04-2026 12:54:14 PM [] []
[2026-04-21 12:54:15] SlimMonoLogger.INFO: Cron ran at: 21-04-2026 12:54:15 PM [] []
[2026-04-21 12:54:20] SlimMonoLogger.INFO: Cron ran at: 21-04-2026 12:54:20 PM [] []
[2026-04-21 12:54:24] SlimMonoLogger.INFO: Cron ran at: 21-04-2026 12:54:24 PM [] []
[2026-04-21 12:54:54] SlimMonoLogger.INFO: Cron ran at: 21-04-2026 12:54:54 PM [] []
[2026-04-21 12:54:55] SlimMonoLogger.INFO: Cron ran at: 21-04-2026 12:54:55 PM [] []
[2026-04-21 12:54:55] SlimMonoLogger.INFO: Cron ran at: 21-04-2026 12:54:55 PM [] []
[2026-04-21 12:54:55] SlimMonoLogger.INFO: Cron ran at: 21-04-2026 12:54:55 PM [] []
[2026-04-21 12:55:10] SlimMonoLogger.INFO: Cron ran at: 21-04-2026 12:55:10 PM [] []
[2026-04-21 12:55:13] SlimMonoLogger.INFO: Cron ran at: 21-04-2026 12:55:13 PM [] []
[2026-04-21 12:55:15] SlimMonoLogger.INFO: Cron ran at: 21-04-2026 12:55:15 PM [] []
[2026-04-21 12:55:23] SlimMonoLogger.INFO: Cron ran at: 21-04-2026 12:55:23 PM [] []
[2026-04-21 12:55:25] SlimMonoLogger.INFO: Cron ran at: 21-04-2026 12:55:25 PM [] []
[2026-04-21 12:55:26] SlimMonoLogger.INFO: Cron ran at: 21-04-2026 12:55:26 PM [] []
[2026-04-21 12:55:26] SlimMonoLogger.INFO: Cron ran at: 21-04-2026 12:55:26 PM [] []
[2026-04-21 12:55:34] SlimMonoLogger.INFO: Cron ran at: 21-04-2026 12:55:34 PM [] []
[2026-04-21 12:55:35] SlimMonoLogger.INFO: Cron ran at: 21-04-2026 12:55:35 PM [] []
[2026-04-21 12:55:51] SlimMonoLogger.INFO: Cron ran at: 21-04-2026 12:55:51 PM [] []
[2026-04-21 12:55:54] SlimMonoLogger.INFO: Cron ran at: 21-04-2026 12:55:54 PM [] []
[2026-04-21 12:56:02] SlimMonoLogger.INFO: Cron ran at: 21-04-2026 12:56:02 PM [] []
[2026-04-21 12:56:15] SlimMonoLogger.INFO: Cron ran at: 21-04-2026 12:56:15 PM [] []
[2026-04-21 12:56:15] SlimMonoLogger.INFO: Cron ran at: 21-04-2026 12:56:15 PM [] []
[2026-04-21 12:56:18] SlimMonoLogger.INFO: Cron ran at: 21-04-2026 12:56:18 PM [] []
[2026-04-21 12:56:20] SlimMonoLogger.INFO: Cron ran at: 21-04-2026 12:56:20 PM [] []
[2026-04-21 12:56:22] SlimMonoLogger.INFO: Cron ran at: 21-04-2026 12:56:22 PM [] []
[2026-04-21 12:56:22] SlimMonoLogger.INFO: Cron ran at: 21-04-2026 12:56:22 PM [] []
[2026-04-21 12:56:23] SlimMonoLogger.INFO: Cron ran at: 21-04-2026 12:56:23 PM [] []
[2026-04-21 12:56:35] SlimMonoLogger.INFO: Cron ran at: 21-04-2026 12:56:35 PM [] []
[2026-04-21 12:56:40] SlimMonoLogger.INFO: Cron ran at: 21-04-2026 12:56:40 PM [] []
[2026-04-21 12:56:53] SlimMonoLogger.INFO: Cron ran at: 21-04-2026 12:56:53 PM [] []
[2026-04-21 12:56:53] SlimMonoLogger.INFO: Cron ran at: 21-04-2026 12:56:53 PM [] []
[2026-04-21 12:57:12] SlimMonoLogger.INFO: Cron ran at: 21-04-2026 12:57:12 PM [] []
[2026-04-21 12:57:13] SlimMonoLogger.INFO: Cron ran at: 21-04-2026 12:57:13 PM [] []
[2026-04-21 12:57:13] SlimMonoLogger.INFO: Cron ran at: 21-04-2026 12:57:13 PM [] []
[2026-04-21 12:57:23] SlimMonoLogger.INFO: Cron ran at: 21-04-2026 12:57:23 PM [] []
[2026-04-21 12:57:24] SlimMonoLogger.INFO: Cron ran at: 21-04-2026 12:57:24 PM [] []
[2026-04-21 12:57:26] SlimMonoLogger.INFO: Cron ran at: 21-04-2026 12:57:26 PM [] []
[2026-04-21 12:57:31] SlimMonoLogger.INFO: Cron ran at: 21-04-2026 12:57:31 PM [] []
[2026-04-21 12:57:36] SlimMonoLogger.INFO: Cron ran at: 21-04-2026 12:57:36 PM [] []
[2026-04-21 12:57:45] SlimMonoLogger.INFO: Cron ran at: 21-04-2026 12:57:45 PM [] []
[2026-04-21 12:57:46] SlimMonoLogger.INFO: Cron ran at: 21-04-2026 12:57:46 PM [] []
[2026-04-21 12:57:52] SlimMonoLogger.INFO: Cron ran at: 21-04-2026 12:57:52 PM [] []
[2026-04-21 12:57:54] SlimMonoLogger.INFO: Cron ran at: 21-04-2026 12:57:54 PM [] []
[2026-04-21 12:58:06] SlimMonoLogger.INFO: Cron ran at: 21-04-2026 12:58:06 PM [] []
[2026-04-21 12:58:15] SlimMonoLogger.INFO: Cron ran at: 21-04-2026 12:58:15 PM [] []
[2026-04-21 12:58:16] SlimMonoLogger.INFO: Cron ran at: 21-04-2026 12:58:16 PM [] []
[2026-04-21 12:58:18] SlimMonoLogger.INFO: Cron ran at: 21-04-2026 12:58:18 PM [] []
[2026-04-21 12:58:20] SlimMonoLogger.INFO: Cron ran at: 21-04-2026 12:58:20 PM [] []
[2026-04-21 12:58:21] SlimMonoLogger.INFO: Cron ran at: 21-04-2026 12:58:21 PM [] []
[2026-04-21 12:58:41] SlimMonoLogger.INFO: Cron ran at: 21-04-2026 12:58:41 PM [] []
[2026-04-21 12:58:41] SlimMonoLogger.INFO: Cron ran at: 21-04-2026 12:58:41 PM [] []
[2026-04-21 12:58:41] SlimMonoLogger.INFO: Cron ran at: 21-04-2026 12:58:41 PM [] []
[2026-04-21 12:58:42] SlimMonoLogger.INFO: Cron ran at: 21-04-2026 12:58:42 PM [] []
[2026-04-21 12:59:03] SlimMonoLogger.INFO: Cron ran at: 21-04-2026 12:59:03 PM [] []
[2026-04-21 12:59:11] SlimMonoLogger.INFO: Cron ran at: 21-04-2026 12:59:11 PM [] []
[2026-04-21 12:59:11] SlimMonoLogger.INFO: Cron ran at: 21-04-2026 12:59:11 PM [] []
[2026-04-21 12:59:14] SlimMonoLogger.INFO: Cron ran at: 21-04-2026 12:59:14 PM [] []
[2026-04-21 12:59:28] SlimMonoLogger.INFO: Cron ran at: 21-04-2026 12:59:28 PM [] []
[2026-04-21 12:59:28] SlimMonoLogger.INFO: Cron ran at: 21-04-2026 12:59:28 PM [] []
[2026-04-21 12:59:30] SlimMonoLogger.INFO: Cron ran at: 21-04-2026 12:59:30 PM [] []
[2026-04-21 12:59:34] SlimMonoLogger.INFO: Cron ran at: 21-04-2026 12:59:34 PM [] []
[2026-04-21 12:59:34] SlimMonoLogger.INFO: Cron ran at: 21-04-2026 12:59:34 PM [] []
[2026-04-21 12:59:44] SlimMonoLogger.INFO: Cron ran at: 21-04-2026 12:59:44 PM [] []
[2026-04-21 12:59:51] SlimMonoLogger.INFO: Cron ran at: 21-04-2026 12:59:51 PM [] []
[2026-04-21 13:00:04] SlimMonoLogger.INFO: Cron ran at: 21-04-2026 01:00:04 PM [] []
[2026-04-21 13:00:10] SlimMonoLogger.INFO: Cron ran at: 21-04-2026 01:00:10 PM [] []
[2026-04-21 13:00:19] SlimMonoLogger.INFO: Cron ran at: 21-04-2026 01:00:19 PM [] []
[2026-04-21 13:00:26] SlimMonoLogger.INFO: Cron ran at: 21-04-2026 01:00:26 PM [] []
[2026-04-21 13:00:27] SlimMonoLogger.INFO: Cron ran at: 21-04-2026 01:00:27 PM [] []
[2026-04-21 13:00:30] SlimMonoLogger.INFO: Cron ran at: 21-04-2026 01:00:30 PM [] []
[2026-04-21 13:00:35] SlimMonoLogger.INFO: Cron ran at: 21-04-2026 01:00:35 PM [] []
[2026-04-21 13:00:35] SlimMonoLogger.INFO: Cron ran at: 21-04-2026 01:00:35 PM [] []
[2026-04-21 13:00:47] SlimMonoLogger.INFO: Cron ran at: 21-04-2026 01:00:47 PM [] []
[2026-04-21 13:00:58] SlimMonoLogger.INFO: Cron ran at: 21-04-2026 01:00:58 PM [] []
[2026-04-21 13:00:59] SlimMonoLogger.INFO: Cron ran at: 21-04-2026 01:00:59 PM [] []
[2026-04-21 13:01:22] SlimMonoLogger.INFO: Cron ran at: 21-04-2026 01:01:22 PM [] []
[2026-04-21 13:01:38] SlimMonoLogger.INFO: Cron ran at: 21-04-2026 01:01:38 PM [] []
[2026-04-21 13:01:38] SlimMonoLogger.INFO: Cron ran at: 21-04-2026 01:01:38 PM [] []
[2026-04-21 13:01:41] SlimMonoLogger.INFO: Cron ran at: 21-04-2026 01:01:41 PM [] []
[2026-04-21 13:01:42] SlimMonoLogger.INFO: Cron ran at: 21-04-2026 01:01:42 PM [] []
[2026-04-21 13:01:43] SlimMonoLogger.INFO: Cron ran at: 21-04-2026 01:01:43 PM [] []
[2026-04-21 13:01:43] SlimMonoLogger.INFO: Cron ran at: 21-04-2026 01:01:43 PM [] []
[2026-04-21 13:01:45] SlimMonoLogger.INFO: Cron ran at: 21-04-2026 01:01:45 PM [] []
[2026-04-21 13:01:57] SlimMonoLogger.INFO: Cron ran at: 21-04-2026 01:01:57 PM [] []
[2026-04-21 13:01:58] SlimMonoLogger.INFO: Cron ran at: 21-04-2026 01:01:58 PM [] []
[2026-04-21 13:02:05] SlimMonoLogger.INFO: Cron ran at: 21-04-2026 01:02:05 PM [] []
[2026-04-21 13:02:05] SlimMonoLogger.INFO: Cron ran at: 21-04-2026 01:02:05 PM [] []
[2026-04-21 13:02:18] SlimMonoLogger.INFO: Cron ran at: 21-04-2026 01:02:18 PM [] []
[2026-04-21 13:02:20] SlimMonoLogger.INFO: Cron ran at: 21-04-2026 01:02:20 PM [] []
[2026-04-21 13:02:21] SlimMonoLogger.INFO: Cron ran at: 21-04-2026 01:02:21 PM [] []
[2026-04-21 13:02:28] SlimMonoLogger.INFO: Cron ran at: 21-04-2026 01:02:28 PM [] []
[2026-04-21 13:02:33] SlimMonoLogger.INFO: Cron ran at: 21-04-2026 01:02:33 PM [] []
[2026-04-21 13:02:37] SlimMonoLogger.INFO: Cron ran at: 21-04-2026 01:02:37 PM [] []
[2026-04-21 13:02:43] SlimMonoLogger.INFO: Cron ran at: 21-04-2026 01:02:43 PM [] []
[2026-04-21 13:02:43] SlimMonoLogger.INFO: Cron ran at: 21-04-2026 01:02:43 PM [] []
[2026-04-21 13:02:46] SlimMonoLogger.INFO: Cron ran at: 21-04-2026 01:02:46 PM [] []
[2026-04-21 13:02:47] SlimMonoLogger.INFO: Cron ran at: 21-04-2026 01:02:47 PM [] []
[2026-04-21 13:02:54] SlimMonoLogger.INFO: Cron ran at: 21-04-2026 01:02:54 PM [] []
[2026-04-21 13:03:05] SlimMonoLogger.INFO: Cron ran at: 21-04-2026 01:03:05 PM [] []
[2026-04-21 13:03:15] SlimMonoLogger.INFO: Cron ran at: 21-04-2026 01:03:15 PM [] []
[2026-04-21 13:03:16] SlimMonoLogger.INFO: Cron ran at: 21-04-2026 01:03:16 PM [] []
[2026-04-21 13:03:17] SlimMonoLogger.INFO: Cron ran at: 21-04-2026 01:03:17 PM [] []
[2026-04-21 13:03:22] SlimMonoLogger.INFO: Cron ran at: 21-04-2026 01:03:22 PM [] []
[2026-04-21 13:03:27] SlimMonoLogger.INFO: Cron ran at: 21-04-2026 01:03:27 PM [] []
[2026-04-21 13:03:33] SlimMonoLogger.INFO: Cron ran at: 21-04-2026 01:03:33 PM [] []
[2026-04-21 13:03:35] SlimMonoLogger.INFO: Cron ran at: 21-04-2026 01:03:35 PM [] []
[2026-04-21 13:03:48] SlimMonoLogger.INFO: Cron ran at: 21-04-2026 01:03:48 PM [] []
[2026-04-21 13:03:48] SlimMonoLogger.INFO: Cron ran at: 21-04-2026 01:03:48 PM [] []
[2026-04-21 13:03:58] SlimMonoLogger.INFO: Cron ran at: 21-04-2026 01:03:58 PM [] []
[2026-04-21 13:04:00] SlimMonoLogger.INFO: Cron ran at: 21-04-2026 01:04:00 PM [] []
[2026-04-21 13:04:10] SlimMonoLogger.INFO: Cron ran at: 21-04-2026 01:04:10 PM [] []
[2026-04-21 13:04:10] SlimMonoLogger.INFO: Cron ran at: 21-04-2026 01:04:10 PM [] []
[2026-04-21 13:04:11] SlimMonoLogger.INFO: Cron ran at: 21-04-2026 01:04:11 PM [] []
[2026-04-21 13:04:24] SlimMonoLogger.INFO: Cron ran at: 21-04-2026 01:04:24 PM [] []
[2026-04-21 13:04:43] SlimMonoLogger.INFO: Cron ran at: 21-04-2026 01:04:43 PM [] []
[2026-04-21 13:04:43] SlimMonoLogger.INFO: Cron ran at: 21-04-2026 01:04:43 PM [] []
[2026-04-21 13:04:43] SlimMonoLogger.INFO: Cron ran at: 21-04-2026 01:04:43 PM [] []
[2026-04-21 13:04:45] SlimMonoLogger.INFO: Cron ran at: 21-04-2026 01:04:45 PM [] []
[2026-04-21 13:04:53] SlimMonoLogger.INFO: Cron ran at: 21-04-2026 01:04:53 PM [] []
[2026-04-21 13:05:01] SlimMonoLogger.INFO: Cron ran at: 21-04-2026 01:05:01 PM [] []
[2026-04-21 13:05:02] SlimMonoLogger.INFO: Cron ran at: 21-04-2026 01:05:02 PM [] []
[2026-04-21 13:05:16] SlimMonoLogger.INFO: Cron ran at: 21-04-2026 01:05:16 PM [] []
[2026-04-21 13:05:16] SlimMonoLogger.INFO: Cron ran at: 21-04-2026 01:05:16 PM [] []
[2026-04-21 13:05:26] SlimMonoLogger.INFO: Cron ran at: 21-04-2026 01:05:26 PM [] []
[2026-04-21 13:05:26] SlimMonoLogger.INFO: Cron ran at: 21-04-2026 01:05:26 PM [] []
[2026-04-21 13:05:36] SlimMonoLogger.INFO: Cron ran at: 21-04-2026 01:05:36 PM [] []
[2026-04-21 13:05:37] SlimMonoLogger.INFO: Cron ran at: 21-04-2026 01:05:37 PM [] []
[2026-04-21 13:05:46] SlimMonoLogger.INFO: Cron ran at: 21-04-2026 01:05:46 PM [] []
[2026-04-21 13:05:50] SlimMonoLogger.INFO: Cron ran at: 21-04-2026 01:05:50 PM [] []
[2026-04-21 13:05:55] SlimMonoLogger.INFO: Cron ran at: 21-04-2026 01:05:55 PM [] []
[2026-04-21 13:06:07] SlimMonoLogger.INFO: Cron ran at: 21-04-2026 01:06:07 PM [] []
[2026-04-21 13:06:20] SlimMonoLogger.INFO: Cron ran at: 21-04-2026 01:06:20 PM [] []
[2026-04-21 13:06:20] SlimMonoLogger.INFO: Cron ran at: 21-04-2026 01:06:20 PM [] []
[2026-04-21 13:06:20] SlimMonoLogger.INFO: Cron ran at: 21-04-2026 01:06:20 PM [] []
[2026-04-21 13:06:21] SlimMonoLogger.INFO: Cron ran at: 21-04-2026 01:06:21 PM [] []
[2026-04-21 13:06:25] SlimMonoLogger.INFO: Cron ran at: 21-04-2026 01:06:25 PM [] []
[2026-04-21 13:06:32] SlimMonoLogger.INFO: Cron ran at: 21-04-2026 01:06:32 PM [] []
[2026-04-21 13:06:35] SlimMonoLogger.INFO: Cron ran at: 21-04-2026 01:06:35 PM [] []
[2026-04-21 13:06:48] SlimMonoLogger.INFO: Cron ran at: 21-04-2026 01:06:48 PM [] []
[2026-04-21 13:06:48] SlimMonoLogger.INFO: Cron ran at: 21-04-2026 01:06:48 PM [] []
[2026-04-21 13:06:54] SlimMonoLogger.INFO: Cron ran at: 21-04-2026 01:06:54 PM [] []
[2026-04-21 13:07:02] SlimMonoLogger.INFO: Cron ran at: 21-04-2026 01:07:02 PM [] []
[2026-04-21 13:07:13] SlimMonoLogger.INFO: Cron ran at: 21-04-2026 01:07:13 PM [] []
[2026-04-21 13:07:14] SlimMonoLogger.INFO: Cron ran at: 21-04-2026 01:07:14 PM [] []
[2026-04-21 13:07:15] SlimMonoLogger.INFO: Cron ran at: 21-04-2026 01:07:15 PM [] []
[2026-04-21 13:07:15] SlimMonoLogger.INFO: Cron ran at: 21-04-2026 01:07:15 PM [] []
[2026-04-21 13:07:17] SlimMonoLogger.INFO: Cron ran at: 21-04-2026 01:07:17 PM [] []
[2026-04-21 13:07:26] SlimMonoLogger.INFO: Cron ran at: 21-04-2026 01:07:26 PM [] []
[2026-04-21 13:07:31] SlimMonoLogger.INFO: Cron ran at: 21-04-2026 01:07:31 PM [] []
[2026-04-21 13:07:44] SlimMonoLogger.INFO: Cron ran at: 21-04-2026 01:07:44 PM [] []
[2026-04-21 13:07:44] SlimMonoLogger.INFO: Cron ran at: 21-04-2026 01:07:44 PM [] []
[2026-04-21 13:07:51] SlimMonoLogger.INFO: Cron ran at: 21-04-2026 01:07:51 PM [] []
[2026-04-21 13:07:51] SlimMonoLogger.INFO: Cron ran at: 21-04-2026 01:07:51 PM [] []
[2026-04-21 13:08:10] SlimMonoLogger.INFO: Cron ran at: 21-04-2026 01:08:10 PM [] []
[2026-04-21 13:08:13] SlimMonoLogger.INFO: Cron ran at: 21-04-2026 01:08:13 PM [] []
[2026-04-21 13:08:14] SlimMonoLogger.INFO: Cron ran at: 21-04-2026 01:08:14 PM [] []
[2026-04-21 13:08:14] SlimMonoLogger.INFO: Cron ran at: 21-04-2026 01:08:14 PM [] []
[2026-04-21 13:08:21] SlimMonoLogger.INFO: Cron ran at: 21-04-2026 01:08:21 PM [] []
[2026-04-21 13:08:23] SlimMonoLogger.INFO: Cron ran at: 21-04-2026 01:08:23 PM [] []
[2026-04-21 13:08:33] SlimMonoLogger.INFO: Cron ran at: 21-04-2026 01:08:33 PM [] []
[2026-04-21 13:08:33] SlimMonoLogger.INFO: Cron ran at: 21-04-2026 01:08:33 PM [] []
[2026-04-21 13:08:45] SlimMonoLogger.INFO: Cron ran at: 21-04-2026 01:08:45 PM [] []
[2026-04-21 13:08:47] SlimMonoLogger.INFO: Cron ran at: 21-04-2026 01:08:47 PM [] []
[2026-04-21 13:09:02] SlimMonoLogger.INFO: Cron ran at: 21-04-2026 01:09:02 PM [] []
[2026-04-21 13:09:10] SlimMonoLogger.INFO: Cron ran at: 21-04-2026 01:09:10 PM [] []
[2026-04-21 13:09:12] SlimMonoLogger.INFO: Cron ran at: 21-04-2026 01:09:12 PM [] []
[2026-04-21 13:09:13] SlimMonoLogger.INFO: Cron ran at: 21-04-2026 01:09:13 PM [] []
[2026-04-21 13:09:21] SlimMonoLogger.INFO: Cron ran at: 21-04-2026 01:09:21 PM [] []
[2026-04-21 13:09:30] SlimMonoLogger.INFO: Cron ran at: 21-04-2026 01:09:30 PM [] []
[2026-04-21 13:09:32] SlimMonoLogger.INFO: Cron ran at: 21-04-2026 01:09:32 PM [] []
[2026-04-21 13:09:36] SlimMonoLogger.INFO: Cron ran at: 21-04-2026 01:09:36 PM [] []
[2026-04-21 13:09:39] SlimMonoLogger.INFO: Cron ran at: 21-04-2026 01:09:39 PM [] []
[2026-04-21 13:09:45] SlimMonoLogger.INFO: Cron ran at: 21-04-2026 01:09:45 PM [] []
[2026-04-21 13:10:03] SlimMonoLogger.INFO: Cron ran at: 21-04-2026 01:10:03 PM [] []
[2026-04-21 13:10:03] SlimMonoLogger.INFO: Cron ran at: 21-04-2026 01:10:03 PM [] []
[2026-04-21 13:10:12] SlimMonoLogger.INFO: Cron ran at: 21-04-2026 01:10:12 PM [] []
[2026-04-21 13:10:17] SlimMonoLogger.INFO: Cron ran at: 21-04-2026 01:10:17 PM [] []
[2026-04-21 13:10:26] SlimMonoLogger.INFO: Cron ran at: 21-04-2026 01:10:26 PM [] []
[2026-04-21 13:10:26] SlimMonoLogger.INFO: Cron ran at: 21-04-2026 01:10:26 PM [] []
[2026-04-21 13:10:27] SlimMonoLogger.INFO: Cron ran at: 21-04-2026 01:10:27 PM [] []
[2026-04-21 13:10:27] SlimMonoLogger.INFO: Cron ran at: 21-04-2026 01:10:27 PM [] []
[2026-04-21 13:10:37] SlimMonoLogger.INFO: Cron ran at: 21-04-2026 01:10:37 PM [] []
[2026-04-21 13:10:38] SlimMonoLogger.INFO: Cron ran at: 21-04-2026 01:10:38 PM [] []
[2026-04-21 13:10:57] SlimMonoLogger.INFO: Cron ran at: 21-04-2026 01:10:57 PM [] []
[2026-04-21 13:11:00] SlimMonoLogger.INFO: Cron ran at: 21-04-2026 01:11:00 PM [] []
[2026-04-21 13:11:00] SlimMonoLogger.INFO: Cron ran at: 21-04-2026 01:11:00 PM [] []
[2026-04-21 13:11:17] SlimMonoLogger.INFO: Cron ran at: 21-04-2026 01:11:17 PM [] []
[2026-04-21 13:11:19] SlimMonoLogger.INFO: Cron ran at: 21-04-2026 01:11:19 PM [] []
[2026-04-21 13:11:20] SlimMonoLogger.INFO: Cron ran at: 21-04-2026 01:11:20 PM [] []
[2026-04-21 13:11:24] SlimMonoLogger.INFO: Cron ran at: 21-04-2026 01:11:24 PM [] []
[2026-04-21 13:11:26] SlimMonoLogger.INFO: Cron ran at: 21-04-2026 01:11:26 PM [] []
[2026-04-21 13:11:28] SlimMonoLogger.INFO: Cron ran at: 21-04-2026 01:11:28 PM [] []
[2026-04-21 13:11:30] SlimMonoLogger.INFO: Cron ran at: 21-04-2026 01:11:30 PM [] []
[2026-04-21 13:11:40] SlimMonoLogger.INFO: Cron ran at: 21-04-2026 01:11:40 PM [] []
[2026-04-21 13:11:48] SlimMonoLogger.INFO: Cron ran at: 21-04-2026 01:11:48 PM [] []
[2026-04-21 13:12:04] SlimMonoLogger.INFO: Cron ran at: 21-04-2026 01:12:04 PM [] []
[2026-04-21 13:12:04] SlimMonoLogger.INFO: Cron ran at: 21-04-2026 01:12:04 PM [] []
[2026-04-21 13:12:09] SlimMonoLogger.INFO: Cron ran at: 21-04-2026 01:12:09 PM [] []
[2026-04-21 13:12:10] SlimMonoLogger.INFO: Cron ran at: 21-04-2026 01:12:10 PM [] []
[2026-04-21 13:12:16] SlimMonoLogger.INFO: Cron ran at: 21-04-2026 01:12:16 PM [] []
[2026-04-21 13:12:16] SlimMonoLogger.INFO: Cron ran at: 21-04-2026 01:12:16 PM [] []
[2026-04-21 13:12:24] SlimMonoLogger.INFO: Cron ran at: 21-04-2026 01:12:24 PM [] []
[2026-04-21 13:12:28] SlimMonoLogger.INFO: Cron ran at: 21-04-2026 01:12:28 PM [] []
[2026-04-21 13:12:39] SlimMonoLogger.INFO: Cron ran at: 21-04-2026 01:12:39 PM [] []
[2026-04-21 13:12:40] SlimMonoLogger.INFO: Cron ran at: 21-04-2026 01:12:40 PM [] []
[2026-04-21 13:12:45] SlimMonoLogger.INFO: Cron ran at: 21-04-2026 01:12:45 PM [] []
[2026-04-21 13:12:46] SlimMonoLogger.INFO: Cron ran at: 21-04-2026 01:12:46 PM [] []
[2026-04-21 13:12:56] SlimMonoLogger.INFO: Cron ran at: 21-04-2026 01:12:56 PM [] []
[2026-04-21 13:13:08] SlimMonoLogger.INFO: Cron ran at: 21-04-2026 01:13:08 PM [] []
[2026-04-21 13:13:09] SlimMonoLogger.INFO: Cron ran at: 21-04-2026 01:13:09 PM [] []
[2026-04-21 13:13:10] SlimMonoLogger.INFO: Cron ran at: 21-04-2026 01:13:10 PM [] []
[2026-04-21 13:13:22] SlimMonoLogger.INFO: Cron ran at: 21-04-2026 01:13:22 PM [] []
[2026-04-21 13:13:23] SlimMonoLogger.INFO: Cron ran at: 21-04-2026 01:13:23 PM [] []
[2026-04-21 13:13:33] SlimMonoLogger.INFO: Cron ran at: 21-04-2026 01:13:33 PM [] []
[2026-04-21 13:13:33] SlimMonoLogger.INFO: Cron ran at: 21-04-2026 01:13:33 PM [] []
[2026-04-21 13:13:34] SlimMonoLogger.INFO: Cron ran at: 21-04-2026 01:13:34 PM [] []
[2026-04-21 13:13:34] SlimMonoLogger.INFO: Cron ran at: 21-04-2026 01:13:34 PM [] []
[2026-04-21 13:13:45] SlimMonoLogger.INFO: Cron ran at: 21-04-2026 01:13:45 PM [] []
[2026-04-21 13:13:46] SlimMonoLogger.INFO: Cron ran at: 21-04-2026 01:13:46 PM [] []
[2026-04-21 13:14:03] SlimMonoLogger.INFO: Cron ran at: 21-04-2026 01:14:03 PM [] []
[2026-04-21 13:14:12] SlimMonoLogger.INFO: Cron ran at: 21-04-2026 01:14:12 PM [] []
[2026-04-21 13:14:12] SlimMonoLogger.INFO: Cron ran at: 21-04-2026 01:14:12 PM [] []
[2026-04-21 13:14:12] SlimMonoLogger.INFO: Cron ran at: 21-04-2026 01:14:12 PM [] []
[2026-04-21 13:14:14] SlimMonoLogger.INFO: Cron ran at: 21-04-2026 01:14:14 PM [] []
[2026-04-21 13:14:28] SlimMonoLogger.INFO: Cron ran at: 21-04-2026 01:14:28 PM [] []
[2026-04-21 13:14:28] SlimMonoLogger.INFO: Cron ran at: 21-04-2026 01:14:28 PM [] []
[2026-04-21 13:14:33] SlimMonoLogger.INFO: Cron ran at: 21-04-2026 01:14:33 PM [] []
[2026-04-21 13:14:34] SlimMonoLogger.INFO: Cron ran at: 21-04-2026 01:14:34 PM [] []
[2026-04-21 13:14:35] SlimMonoLogger.INFO: Cron ran at: 21-04-2026 01:14:35 PM [] []
[2026-04-21 13:14:45] SlimMonoLogger.INFO: Cron ran at: 21-04-2026 01:14:45 PM [] []
[2026-04-21 13:15:01] SlimMonoLogger.INFO: Cron ran at: 21-04-2026 01:15:01 PM [] []
[2026-04-21 13:15:09] SlimMonoLogger.INFO: Cron ran at: 21-04-2026 01:15:09 PM [] []
[2026-04-21 13:15:10] SlimMonoLogger.INFO: Cron ran at: 21-04-2026 01:15:10 PM [] []
[2026-04-21 13:15:13] SlimMonoLogger.INFO: Cron ran at: 21-04-2026 01:15:13 PM [] []
[2026-04-21 13:15:21] SlimMonoLogger.INFO: Cron ran at: 21-04-2026 01:15:21 PM [] []
[2026-04-21 13:15:22] SlimMonoLogger.INFO: Cron ran at: 21-04-2026 01:15:22 PM [] []
[2026-04-21 13:15:28] SlimMonoLogger.INFO: Cron ran at: 21-04-2026 01:15:28 PM [] []
[2026-04-21 13:15:30] SlimMonoLogger.INFO: Cron ran at: 21-04-2026 01:15:30 PM [] []
[2026-04-21 13:15:34] SlimMonoLogger.INFO: Cron ran at: 21-04-2026 01:15:34 PM [] []
[2026-04-21 13:15:35] SlimMonoLogger.INFO: Cron ran at: 21-04-2026 01:15:35 PM [] []
[2026-04-21 13:15:45] SlimMonoLogger.INFO: Cron ran at: 21-04-2026 01:15:45 PM [] []
[2026-04-21 13:15:56] SlimMonoLogger.INFO: Cron ran at: 21-04-2026 01:15:56 PM [] []
[2026-04-21 13:15:56] SlimMonoLogger.INFO: Cron ran at: 21-04-2026 01:15:56 PM [] []
[2026-04-21 13:16:06] SlimMonoLogger.INFO: Cron ran at: 21-04-2026 01:16:06 PM [] []
[2026-04-21 13:16:13] SlimMonoLogger.INFO: Cron ran at: 21-04-2026 01:16:13 PM [] []
[2026-04-21 13:16:14] SlimMonoLogger.INFO: Cron ran at: 21-04-2026 01:16:14 PM [] []
[2026-04-21 13:16:18] SlimMonoLogger.INFO: Cron ran at: 21-04-2026 01:16:18 PM [] []
[2026-04-21 13:16:18] SlimMonoLogger.INFO: Cron ran at: 21-04-2026 01:16:18 PM [] []
[2026-04-21 13:16:20] SlimMonoLogger.INFO: Cron ran at: 21-04-2026 01:16:20 PM [] []
[2026-04-21 13:16:34] SlimMonoLogger.INFO: Cron ran at: 21-04-2026 01:16:34 PM [] []
[2026-04-21 13:16:34] SlimMonoLogger.INFO: Cron ran at: 21-04-2026 01:16:34 PM [] []
[2026-04-21 13:16:34] SlimMonoLogger.INFO: Cron ran at: 21-04-2026 01:16:34 PM [] []
[2026-04-21 13:16:47] SlimMonoLogger.INFO: Cron ran at: 21-04-2026 01:16:47 PM [] []
[2026-04-21 13:16:47] SlimMonoLogger.INFO: Cron ran at: 21-04-2026 01:16:47 PM [] []
[2026-04-21 13:16:54] SlimMonoLogger.INFO: Cron ran at: 21-04-2026 01:16:54 PM [] []
[2026-04-21 13:16:55] SlimMonoLogger.INFO: Cron ran at: 21-04-2026 01:16:55 PM [] []
[2026-04-21 13:17:18] SlimMonoLogger.INFO: Cron ran at: 21-04-2026 01:17:18 PM [] []
[2026-04-21 13:17:19] SlimMonoLogger.INFO: Cron ran at: 21-04-2026 01:17:19 PM [] []
[2026-04-21 13:17:20] SlimMonoLogger.INFO: Cron ran at: 21-04-2026 01:17:20 PM [] []
[2026-04-21 13:17:21] SlimMonoLogger.INFO: Cron ran at: 21-04-2026 01:17:21 PM [] []
[2026-04-21 13:17:21] SlimMonoLogger.INFO: Cron ran at: 21-04-2026 01:17:21 PM [] []
[2026-04-21 13:17:22] SlimMonoLogger.INFO: Cron ran at: 21-04-2026 01:17:22 PM [] []
[2026-04-21 13:17:34] SlimMonoLogger.INFO: Cron ran at: 21-04-2026 01:17:34 PM [] []
[2026-04-21 13:17:42] SlimMonoLogger.INFO: Cron ran at: 21-04-2026 01:17:42 PM [] []
[2026-04-21 13:17:42] SlimMonoLogger.INFO: Cron ran at: 21-04-2026 01:17:42 PM [] []
[2026-04-21 13:17:46] SlimMonoLogger.INFO: Cron ran at: 21-04-2026 01:17:46 PM [] []
[2026-04-21 13:17:47] SlimMonoLogger.INFO: Cron ran at: 21-04-2026 01:17:47 PM [] []
[2026-04-21 13:17:55] SlimMonoLogger.INFO: Cron ran at: 21-04-2026 01:17:55 PM [] []
[2026-04-21 13:18:12] SlimMonoLogger.INFO: Cron ran at: 21-04-2026 01:18:12 PM [] []
[2026-04-21 13:18:12] SlimMonoLogger.INFO: Cron ran at: 21-04-2026 01:18:12 PM [] []
[2026-04-21 13:18:13] SlimMonoLogger.INFO: Cron ran at: 21-04-2026 01:18:13 PM [] []
[2026-04-21 13:18:13] SlimMonoLogger.INFO: Cron ran at: 21-04-2026 01:18:13 PM [] []
[2026-04-21 13:18:21] SlimMonoLogger.INFO: Cron ran at: 21-04-2026 01:18:21 PM [] []
[2026-04-21 13:18:26] SlimMonoLogger.INFO: Cron ran at: 21-04-2026 01:18:26 PM [] []
[2026-04-21 13:18:29] SlimMonoLogger.INFO: Cron ran at: 21-04-2026 01:18:29 PM [] []
[2026-04-21 13:18:38] SlimMonoLogger.INFO: Cron ran at: 21-04-2026 01:18:38 PM [] []
[2026-04-21 13:18:42] SlimMonoLogger.INFO: Cron ran at: 21-04-2026 01:18:42 PM [] []
[2026-04-21 13:18:42] SlimMonoLogger.INFO: Cron ran at: 21-04-2026 01:18:42 PM [] []
[2026-04-21 13:18:46] SlimMonoLogger.INFO: Cron ran at: 21-04-2026 01:18:46 PM [] []
[2026-04-21 13:19:05] SlimMonoLogger.INFO: Cron ran at: 21-04-2026 01:19:05 PM [] []
[2026-04-21 13:19:10] SlimMonoLogger.INFO: Cron ran at: 21-04-2026 01:19:10 PM [] []
[2026-04-21 13:19:12] SlimMonoLogger.INFO: Cron ran at: 21-04-2026 01:19:12 PM [] []
[2026-04-21 13:19:13] SlimMonoLogger.INFO: Cron ran at: 21-04-2026 01:19:13 PM [] []
[2026-04-21 13:19:13] SlimMonoLogger.INFO: Cron ran at: 21-04-2026 01:19:13 PM [] []
[2026-04-21 13:19:27] SlimMonoLogger.INFO: Cron ran at: 21-04-2026 01:19:27 PM [] []
[2026-04-21 13:19:28] SlimMonoLogger.INFO: Cron ran at: 21-04-2026 01:19:28 PM [] []
[2026-04-21 13:19:31] SlimMonoLogger.INFO: Cron ran at: 21-04-2026 01:19:31 PM [] []
[2026-04-21 13:19:42] SlimMonoLogger.INFO: Cron ran at: 21-04-2026 01:19:42 PM [] []
[2026-04-21 13:19:43] SlimMonoLogger.INFO: Cron ran at: 21-04-2026 01:19:43 PM [] []
[2026-04-21 13:19:44] SlimMonoLogger.INFO: Cron ran at: 21-04-2026 01:19:44 PM [] []
[2026-04-21 13:20:13] SlimMonoLogger.INFO: Cron ran at: 21-04-2026 01:20:13 PM [] []
[2026-04-21 13:20:14] SlimMonoLogger.INFO: Cron ran at: 21-04-2026 01:20:14 PM [] []
[2026-04-21 13:20:15] SlimMonoLogger.INFO: Cron ran at: 21-04-2026 01:20:15 PM [] []
[2026-04-21 13:20:16] SlimMonoLogger.INFO: Cron ran at: 21-04-2026 01:20:16 PM [] []
[2026-04-21 13:20:18] SlimMonoLogger.INFO: Cron ran at: 21-04-2026 01:20:18 PM [] []
[2026-04-21 13:20:28] SlimMonoLogger.INFO: Cron ran at: 21-04-2026 01:20:28 PM [] []
[2026-04-21 13:20:29] SlimMonoLogger.INFO: Cron ran at: 21-04-2026 01:20:29 PM [] []
[2026-04-21 13:20:30] SlimMonoLogger.INFO: Cron ran at: 21-04-2026 01:20:30 PM [] []
[2026-04-21 13:20:31] SlimMonoLogger.INFO: Cron ran at: 21-04-2026 01:20:31 PM [] []
[2026-04-21 13:20:46] SlimMonoLogger.INFO: Cron ran at: 21-04-2026 01:20:46 PM [] []
[2026-04-21 13:20:57] SlimMonoLogger.INFO: Cron ran at: 21-04-2026 01:20:57 PM [] []
[2026-04-21 13:20:57] SlimMonoLogger.INFO: Cron ran at: 21-04-2026 01:20:57 PM [] []
[2026-04-21 13:21:01] SlimMonoLogger.INFO: Cron ran at: 21-04-2026 01:21:01 PM [] []
[2026-04-21 13:21:13] SlimMonoLogger.INFO: Cron ran at: 21-04-2026 01:21:13 PM [] []
[2026-04-21 13:21:14] SlimMonoLogger.INFO: Cron ran at: 21-04-2026 01:21:14 PM [] []
[2026-04-21 13:21:17] SlimMonoLogger.INFO: Cron ran at: 21-04-2026 01:21:17 PM [] []
[2026-04-21 13:21:20] SlimMonoLogger.INFO: Cron ran at: 21-04-2026 01:21:20 PM [] []
[2026-04-21 13:21:21] SlimMonoLogger.INFO: Cron ran at: 21-04-2026 01:21:21 PM [] []
[2026-04-21 13:21:23] SlimMonoLogger.INFO: Cron ran at: 21-04-2026 01:21:23 PM [] []
[2026-04-21 13:21:31] SlimMonoLogger.INFO: Cron ran at: 21-04-2026 01:21:31 PM [] []
[2026-04-21 13:21:32] SlimMonoLogger.INFO: Cron ran at: 21-04-2026 01:21:32 PM [] []
[2026-04-21 13:21:39] SlimMonoLogger.INFO: Cron ran at: 21-04-2026 01:21:39 PM [] []
[2026-04-21 13:21:40] SlimMonoLogger.INFO: Cron ran at: 21-04-2026 01:21:40 PM [] []
[2026-04-21 13:21:53] SlimMonoLogger.INFO: Cron ran at: 21-04-2026 01:21:53 PM [] []
[2026-04-21 13:21:53] SlimMonoLogger.INFO: Cron ran at: 21-04-2026 01:21:53 PM [] []
[2026-04-21 13:21:59] SlimMonoLogger.INFO: Cron ran at: 21-04-2026 01:21:59 PM [] []
[2026-04-21 13:22:22] SlimMonoLogger.INFO: Cron ran at: 21-04-2026 01:22:22 PM [] []
[2026-04-21 13:22:33] SlimMonoLogger.INFO: Cron ran at: 21-04-2026 01:22:33 PM [] []
[2026-04-21 13:22:36] SlimMonoLogger.INFO: Cron ran at: 21-04-2026 01:22:36 PM [] []
[2026-04-21 13:22:37] SlimMonoLogger.INFO: Cron ran at: 21-04-2026 01:22:37 PM [] []
[2026-04-21 13:22:38] SlimMonoLogger.INFO: Cron ran at: 21-04-2026 01:22:38 PM [] []
[2026-04-21 13:22:40] SlimMonoLogger.INFO: Cron ran at: 21-04-2026 01:22:40 PM [] []
[2026-04-21 13:22:43] SlimMonoLogger.INFO: Cron ran at: 21-04-2026 01:22:43 PM [] []
[2026-04-21 13:22:47] SlimMonoLogger.INFO: Cron ran at: 21-04-2026 01:22:47 PM [] []
[2026-04-21 13:22:47] SlimMonoLogger.INFO: Cron ran at: 21-04-2026 01:22:47 PM [] []
[2026-04-21 13:23:00] SlimMonoLogger.INFO: Cron ran at: 21-04-2026 01:23:00 PM [] []
[2026-04-21 13:23:02] SlimMonoLogger.INFO: Cron ran at: 21-04-2026 01:23:02 PM [] []
[2026-04-21 13:23:03] SlimMonoLogger.INFO: Cron ran at: 21-04-2026 01:23:03 PM [] []
[2026-04-21 13:23:17] SlimMonoLogger.INFO: Cron ran at: 21-04-2026 01:23:17 PM [] []
[2026-04-21 13:23:26] SlimMonoLogger.INFO: Cron ran at: 21-04-2026 01:23:26 PM [] []
[2026-04-21 13:23:27] SlimMonoLogger.INFO: Cron ran at: 21-04-2026 01:23:27 PM [] []
[2026-04-21 13:23:34] SlimMonoLogger.INFO: Cron ran at: 21-04-2026 01:23:34 PM [] []
[2026-04-21 13:23:35] SlimMonoLogger.INFO: Cron ran at: 21-04-2026 01:23:35 PM [] []
[2026-04-21 13:23:39] SlimMonoLogger.INFO: Cron ran at: 21-04-2026 01:23:39 PM [] []
[2026-04-21 13:23:42] SlimMonoLogger.INFO: Cron ran at: 21-04-2026 01:23:42 PM [] []
[2026-04-21 13:23:51] SlimMonoLogger.INFO: Cron ran at: 21-04-2026 01:23:51 PM [] []
[2026-04-21 13:23:53] SlimMonoLogger.INFO: Cron ran at: 21-04-2026 01:23:53 PM [] []
[2026-04-21 13:24:02] SlimMonoLogger.INFO: Cron ran at: 21-04-2026 01:24:02 PM [] []
[2026-04-21 13:24:04] SlimMonoLogger.ERROR: Requests_Exception: cURL error 56: Recv failure: Connection reset by peer in /home/latihtal/public_html/agregator1/src/vendor/rmccue/requests/library/Requests/Transport/cURL.php:422
Stack trace:
#0 /home/latihtal/public_html/agregator1/src/vendor/rmccue/requests/library/Requests/Transport/cURL.php(177): Requests_Transport_cURL->process_response()
#1 /home/latihtal/public_html/agregator1/src/vendor/rmccue/requests/library/Requests.php(379): Requests_Transport_cURL->request()
#2 /home/latihtal/public_html/agregator1/src/vendor/rmccue/requests/library/Requests/Session.php(205): Requests::request()
#3 /home/latihtal/public_html/agregator1/src/vendor/rmccue/requests/library/Requests/Session.php(132): Requests_Session->request()
#4 /home/latihtal/public_html/agregator1/src/drivers/Http/RssImporter.php(144): Requests_Session->get()
#5 /home/latihtal/public_html/agregator1/src/controllers/Dashboard/DashboardFeedsController.php(534): spark\drivers\Http\RssImporter->fetchPosts()
#6 /home/latihtal/public_html/agregator1/src/controllers/Site/SiteController.php(722): spark\controllers\Dashboard\DashboardFeedsController::importFeedPosts()
#7 [internal function]: spark\controllers\Site\SiteController->runTasks()
#8 /home/latihtal/public_html/agregator1/src/framework/Route.php(173): call_user_func_array()
#9 [internal function]: Slim\Route->Slim\{closure}()
#10 /home/latihtal/public_html/agregator1/src/framework/Route.php(468): call_user_func_array()
#11 /home/latihtal/public_html/agregator1/src/framework/Slim.php(1364): Slim\Route->dispatch()
#12 /home/latihtal/public_html/agregator1/src/framework/Middleware/Flash.php(85): Slim\Slim->call()
#13 /home/latihtal/public_html/agregator1/src/framework/Middleware/MethodOverride.php(92): Slim\Middleware\Flash->call()
#14 /home/latihtal/public_html/agregator1/src/middlewares/CsrfGuard/CsrfGuard.php(47): Slim\Middleware\MethodOverride->call()
#15 /home/latihtal/public_html/agregator1/src/framework/Middleware/PrettyExceptions.php(67): spark\middlewares\CsrfGuard\CsrfGuard->call()
#16 /home/latihtal/public_html/agregator1/src/framework/Slim.php(1308): Slim\Middleware\PrettyExceptions->call()
#17 /home/latihtal/public_html/agregator1/index.php(6): Slim\Slim->run()
#18 {main} [] []
[2026-04-21 13:24:14] SlimMonoLogger.INFO: Cron ran at: 21-04-2026 01:24:14 PM [] []
[2026-04-21 13:24:18] SlimMonoLogger.INFO: Cron ran at: 21-04-2026 01:24:18 PM [] []
[2026-04-21 13:24:22] SlimMonoLogger.INFO: Cron ran at: 21-04-2026 01:24:22 PM [] []
[2026-04-21 13:24:31] SlimMonoLogger.INFO: Cron ran at: 21-04-2026 01:24:31 PM [] []
[2026-04-21 13:24:32] SlimMonoLogger.INFO: Cron ran at: 21-04-2026 01:24:32 PM [] []
[2026-04-21 13:24:32] SlimMonoLogger.INFO: Cron ran at: 21-04-2026 01:24:32 PM [] []
[2026-04-21 13:24:39] SlimMonoLogger.INFO: Cron ran at: 21-04-2026 01:24:39 PM [] []
[2026-04-21 13:24:44] SlimMonoLogger.INFO: Cron ran at: 21-04-2026 01:24:44 PM [] []
[2026-04-21 13:24:45] SlimMonoLogger.INFO: Cron ran at: 21-04-2026 01:24:45 PM [] []
[2026-04-21 13:24:46] SlimMonoLogger.INFO: Cron ran at: 21-04-2026 01:24:46 PM [] []
[2026-04-21 13:24:53] SlimMonoLogger.INFO: Cron ran at: 21-04-2026 01:24:53 PM [] []
[2026-04-21 13:24:55] SlimMonoLogger.INFO: Cron ran at: 21-04-2026 01:24:55 PM [] []
[2026-04-21 13:24:56] SlimMonoLogger.INFO: Cron ran at: 21-04-2026 01:24:56 PM [] []
[2026-04-21 13:25:00] SlimMonoLogger.INFO: Cron ran at: 21-04-2026 01:25:00 PM [] []
[2026-04-21 13:25:04] SlimMonoLogger.INFO: Cron ran at: 21-04-2026 01:25:04 PM [] []
[2026-04-21 13:25:14] SlimMonoLogger.INFO: Cron ran at: 21-04-2026 01:25:14 PM [] []
[2026-04-21 13:25:22] SlimMonoLogger.INFO: Cron ran at: 21-04-2026 01:25:22 PM [] []
[2026-04-21 13:25:30] SlimMonoLogger.INFO: Cron ran at: 21-04-2026 01:25:30 PM [] []
[2026-04-21 13:25:30] SlimMonoLogger.INFO: Cron ran at: 21-04-2026 01:25:30 PM [] []
[2026-04-21 13:25:34] SlimMonoLogger.INFO: Cron ran at: 21-04-2026 01:25:34 PM [] []
[2026-04-21 13:25:35] SlimMonoLogger.INFO: Cron ran at: 21-04-2026 01:25:35 PM [] []
[2026-04-21 13:25:49] SlimMonoLogger.INFO: Cron ran at: 21-04-2026 01:25:49 PM [] []
[2026-04-21 13:25:53] SlimMonoLogger.INFO: Cron ran at: 21-04-2026 01:25:53 PM [] []
[2026-04-21 13:25:56] SlimMonoLogger.INFO: Cron ran at: 21-04-2026 01:25:56 PM [] []
[2026-04-21 13:25:57] SlimMonoLogger.INFO: Cron ran at: 21-04-2026 01:25:57 PM [] []
[2026-04-21 13:26:19] SlimMonoLogger.INFO: Cron ran at: 21-04-2026 01:26:19 PM [] []
[2026-04-21 13:26:19] SlimMonoLogger.INFO: Cron ran at: 21-04-2026 01:26:19 PM [] []
[2026-04-21 13:26:21] SlimMonoLogger.INFO: Cron ran at: 21-04-2026 01:26:21 PM [] []
[2026-04-21 13:26:23] SlimMonoLogger.INFO: Cron ran at: 21-04-2026 01:26:23 PM [] []
[2026-04-21 13:26:27] SlimMonoLogger.INFO: Cron ran at: 21-04-2026 01:26:27 PM [] []
[2026-04-21 13:26:30] SlimMonoLogger.INFO: Cron ran at: 21-04-2026 01:26:30 PM [] []
[2026-04-21 13:26:33] SlimMonoLogger.INFO: Cron ran at: 21-04-2026 01:26:33 PM [] []
[2026-04-21 13:26:34] SlimMonoLogger.INFO: Cron ran at: 21-04-2026 01:26:34 PM [] []
[2026-04-21 13:26:43] SlimMonoLogger.INFO: Cron ran at: 21-04-2026 01:26:43 PM [] []
[2026-04-21 13:26:44] SlimMonoLogger.INFO: Cron ran at: 21-04-2026 01:26:44 PM [] []
[2026-04-21 13:26:50] SlimMonoLogger.INFO: Cron ran at: 21-04-2026 01:26:50 PM [] []
[2026-04-21 13:26:56] SlimMonoLogger.INFO: Cron ran at: 21-04-2026 01:26:56 PM [] []
[2026-04-21 13:27:08] SlimMonoLogger.INFO: Cron ran at: 21-04-2026 01:27:08 PM [] []
[2026-04-21 13:27:09] SlimMonoLogger.INFO: Cron ran at: 21-04-2026 01:27:09 PM [] []
[2026-04-21 13:27:13] SlimMonoLogger.INFO: Cron ran at: 21-04-2026 01:27:13 PM [] []
[2026-04-21 13:27:17] SlimMonoLogger.INFO: Cron ran at: 21-04-2026 01:27:17 PM [] []
[2026-04-21 13:27:24] SlimMonoLogger.INFO: Cron ran at: 21-04-2026 01:27:24 PM [] []
[2026-04-21 13:27:25] SlimMonoLogger.INFO: Cron ran at: 21-04-2026 01:27:25 PM [] []
[2026-04-21 13:27:35] SlimMonoLogger.INFO: Cron ran at: 21-04-2026 01:27:35 PM [] []
[2026-04-21 13:27:36] SlimMonoLogger.INFO: Cron ran at: 21-04-2026 01:27:36 PM [] []
[2026-04-21 13:27:40] SlimMonoLogger.INFO: Cron ran at: 21-04-2026 01:27:40 PM [] []
[2026-04-21 13:27:41] SlimMonoLogger.INFO: Cron ran at: 21-04-2026 01:27:41 PM [] []
[2026-04-21 13:27:48] SlimMonoLogger.INFO: Cron ran at: 21-04-2026 01:27:48 PM [] []
[2026-04-21 13:28:07] SlimMonoLogger.INFO: Cron ran at: 21-04-2026 01:28:07 PM [] []
[2026-04-21 13:28:08] SlimMonoLogger.INFO: Cron ran at: 21-04-2026 01:28:08 PM [] []
[2026-04-21 13:28:39] SlimMonoLogger.ERROR: Requests_Exception: cURL error 56: Connection closed abruptly in /home/latihtal/public_html/agregator1/src/vendor/rmccue/requests/library/Requests/Transport/cURL.php:422
Stack trace:
#0 /home/latihtal/public_html/agregator1/src/vendor/rmccue/requests/library/Requests/Transport/cURL.php(177): Requests_Transport_cURL->process_response()
#1 /home/latihtal/public_html/agregator1/src/vendor/rmccue/requests/library/Requests.php(379): Requests_Transport_cURL->request()
#2 /home/latihtal/public_html/agregator1/src/vendor/rmccue/requests/library/Requests/Session.php(205): Requests::request()
#3 /home/latihtal/public_html/agregator1/src/vendor/rmccue/requests/library/Requests/Session.php(132): Requests_Session->request()
#4 /home/latihtal/public_html/agregator1/src/drivers/Http/RssImporter.php(144): Requests_Session->get()
#5 /home/latihtal/public_html/agregator1/src/controllers/Dashboard/DashboardFeedsController.php(534): spark\drivers\Http\RssImporter->fetchPosts()
#6 /home/latihtal/public_html/agregator1/src/controllers/Site/SiteController.php(722): spark\controllers\Dashboard\DashboardFeedsController::importFeedPosts()
#7 [internal function]: spark\controllers\Site\SiteController->runTasks()
#8 /home/latihtal/public_html/agregator1/src/framework/Route.php(173): call_user_func_array()
#9 [internal function]: Slim\Route->Slim\{closure}()
#10 /home/latihtal/public_html/agregator1/src/framework/Route.php(468): call_user_func_array()
#11 /home/latihtal/public_html/agregator1/src/framework/Slim.php(1364): Slim\Route->dispatch()
#12 /home/latihtal/public_html/agregator1/src/framework/Middleware/Flash.php(85): Slim\Slim->call()
#13 /home/latihtal/public_html/agregator1/src/framework/Middleware/MethodOverride.php(92): Slim\Middleware\Flash->call()
#14 /home/latihtal/public_html/agregator1/src/middlewares/CsrfGuard/CsrfGuard.php(47): Slim\Middleware\MethodOverride->call()
#15 /home/latihtal/public_html/agregator1/src/framework/Middleware/PrettyExceptions.php(67): spark\middlewares\CsrfGuard\CsrfGuard->call()
#16 /home/latihtal/public_html/agregator1/src/framework/Slim.php(1308): Slim\Middleware\PrettyExceptions->call()
#17 /home/latihtal/public_html/agregator1/index.php(6): Slim\Slim->run()
#18 {main} [] []
[2026-04-21 13:28:55] SlimMonoLogger.INFO: Cron ran at: 21-04-2026 01:28:55 PM [] []
[2026-04-21 13:29:00] SlimMonoLogger.INFO: Cron ran at: 21-04-2026 01:29:00 PM [] []
[2026-04-21 13:29:02] SlimMonoLogger.INFO: Cron ran at: 21-04-2026 01:29:02 PM [] []
[2026-04-21 13:29:05] SlimMonoLogger.INFO: Cron ran at: 21-04-2026 01:29:05 PM [] []
[2026-04-21 13:29:19] SlimMonoLogger.INFO: Cron ran at: 21-04-2026 01:29:19 PM [] []
[2026-04-21 13:29:33] SlimMonoLogger.INFO: Cron ran at: 21-04-2026 01:29:33 PM [] []
[2026-04-21 13:29:37] SlimMonoLogger.INFO: Cron ran at: 21-04-2026 01:29:37 PM [] []
[2026-04-21 13:29:45] SlimMonoLogger.INFO: Cron ran at: 21-04-2026 01:29:45 PM [] []
[2026-04-21 13:29:46] SlimMonoLogger.INFO: Cron ran at: 21-04-2026 01:29:46 PM [] []
[2026-04-21 13:29:47] SlimMonoLogger.INFO: Cron ran at: 21-04-2026 01:29:47 PM [] []
[2026-04-21 13:29:52] SlimMonoLogger.INFO: Cron ran at: 21-04-2026 01:29:52 PM [] []
[2026-04-21 13:29:52] SlimMonoLogger.INFO: Cron ran at: 21-04-2026 01:29:52 PM [] []
[2026-04-21 13:29:53] SlimMonoLogger.INFO: Cron ran at: 21-04-2026 01:29:53 PM [] []
[2026-04-21 13:29:54] SlimMonoLogger.INFO: Cron ran at: 21-04-2026 01:29:54 PM [] []
[2026-04-21 13:29:57] SlimMonoLogger.INFO: Cron ran at: 21-04-2026 01:29:57 PM [] []
[2026-04-21 13:30:03] SlimMonoLogger.INFO: Cron ran at: 21-04-2026 01:30:03 PM [] []
[2026-04-21 13:30:04] SlimMonoLogger.INFO: Cron ran at: 21-04-2026 01:30:04 PM [] []
[2026-04-21 13:30:13] SlimMonoLogger.INFO: Cron ran at: 21-04-2026 01:30:13 PM [] []
[2026-04-21 13:30:16] SlimMonoLogger.INFO: Cron ran at: 21-04-2026 01:30:16 PM [] []
[2026-04-21 13:30:17] SlimMonoLogger.INFO: Cron ran at: 21-04-2026 01:30:17 PM [] []
[2026-04-21 13:30:25] SlimMonoLogger.INFO: Cron ran at: 21-04-2026 01:30:25 PM [] []
[2026-04-21 13:30:28] SlimMonoLogger.INFO: Cron ran at: 21-04-2026 01:30:28 PM [] []
[2026-04-21 13:30:31] SlimMonoLogger.INFO: Cron ran at: 21-04-2026 01:30:31 PM [] []
[2026-04-21 13:30:38] SlimMonoLogger.INFO: Cron ran at: 21-04-2026 01:30:38 PM [] []
[2026-04-21 13:30:40] SlimMonoLogger.INFO: Cron ran at: 21-04-2026 01:30:40 PM [] []
[2026-04-21 13:30:47] SlimMonoLogger.INFO: Cron ran at: 21-04-2026 01:30:47 PM [] []
[2026-04-21 13:30:53] SlimMonoLogger.INFO: Cron ran at: 21-04-2026 01:30:53 PM [] []
[2026-04-21 13:30:55] SlimMonoLogger.INFO: Cron ran at: 21-04-2026 01:30:55 PM [] []
[2026-04-21 13:31:01] SlimMonoLogger.INFO: Cron ran at: 21-04-2026 01:31:01 PM [] []
[2026-04-21 13:31:13] SlimMonoLogger.INFO: Cron ran at: 21-04-2026 01:31:13 PM [] []
[2026-04-21 13:31:14] SlimMonoLogger.INFO: Cron ran at: 21-04-2026 01:31:14 PM [] []
[2026-04-21 13:31:20] SlimMonoLogger.INFO: Cron ran at: 21-04-2026 01:31:20 PM [] []
[2026-04-21 13:31:21] SlimMonoLogger.INFO: Cron ran at: 21-04-2026 01:31:21 PM [] []
[2026-04-21 13:31:23] SlimMonoLogger.INFO: Cron ran at: 21-04-2026 01:31:23 PM [] []
[2026-04-21 13:31:27] SlimMonoLogger.INFO: Cron ran at: 21-04-2026 01:31:27 PM [] []
[2026-04-21 13:31:31] SlimMonoLogger.INFO: Cron ran at: 21-04-2026 01:31:31 PM [] []
[2026-04-21 13:31:35] SlimMonoLogger.INFO: Cron ran at: 21-04-2026 01:31:35 PM [] []
[2026-04-21 13:31:40] SlimMonoLogger.INFO: Cron ran at: 21-04-2026 01:31:40 PM [] []
[2026-04-21 13:31:56] SlimMonoLogger.INFO: Cron ran at: 21-04-2026 01:31:56 PM [] []
[2026-04-21 13:31:56] SlimMonoLogger.INFO: Cron ran at: 21-04-2026 01:31:56 PM [] []
[2026-04-21 13:31:56] SlimMonoLogger.INFO: Cron ran at: 21-04-2026 01:31:56 PM [] []
[2026-04-21 13:32:03] SlimMonoLogger.INFO: Cron ran at: 21-04-2026 01:32:03 PM [] []
[2026-04-21 13:32:11] SlimMonoLogger.INFO: Cron ran at: 21-04-2026 01:32:11 PM [] []
[2026-04-21 13:32:12] SlimMonoLogger.INFO: Cron ran at: 21-04-2026 01:32:12 PM [] []
[2026-04-21 13:32:16] SlimMonoLogger.INFO: Cron ran at: 21-04-2026 01:32:16 PM [] []
[2026-04-21 13:32:24] SlimMonoLogger.INFO: Cron ran at: 21-04-2026 01:32:24 PM [] []
[2026-04-21 13:32:25] SlimMonoLogger.INFO: Cron ran at: 21-04-2026 01:32:25 PM [] []
[2026-04-21 13:32:28] SlimMonoLogger.INFO: Cron ran at: 21-04-2026 01:32:28 PM [] []
[2026-04-21 13:32:43] SlimMonoLogger.INFO: Cron ran at: 21-04-2026 01:32:43 PM [] []
[2026-04-21 13:32:44] SlimMonoLogger.INFO: Cron ran at: 21-04-2026 01:32:44 PM [] []
[2026-04-21 13:32:46] SlimMonoLogger.INFO: Cron ran at: 21-04-2026 01:32:46 PM [] []
[2026-04-21 13:32:55] SlimMonoLogger.INFO: Cron ran at: 21-04-2026 01:32:55 PM [] []
[2026-04-21 13:32:56] SlimMonoLogger.INFO: Cron ran at: 21-04-2026 01:32:56 PM [] []
[2026-04-21 13:32:58] SlimMonoLogger.INFO: Cron ran at: 21-04-2026 01:32:58 PM [] []
[2026-04-21 13:33:10] SlimMonoLogger.INFO: Cron ran at: 21-04-2026 01:33:10 PM [] []
[2026-04-21 13:33:10] SlimMonoLogger.INFO: Cron ran at: 21-04-2026 01:33:10 PM [] []
[2026-04-21 13:33:11] SlimMonoLogger.INFO: Cron ran at: 21-04-2026 01:33:11 PM [] []
[2026-04-21 13:33:13] SlimMonoLogger.INFO: Cron ran at: 21-04-2026 01:33:13 PM [] []
[2026-04-21 13:33:19] SlimMonoLogger.INFO: Cron ran at: 21-04-2026 01:33:19 PM [] []
[2026-04-21 13:33:31] SlimMonoLogger.INFO: Cron ran at: 21-04-2026 01:33:31 PM [] []
[2026-04-21 13:33:33] SlimMonoLogger.INFO: Cron ran at: 21-04-2026 01:33:33 PM [] []
[2026-04-21 13:33:41] SlimMonoLogger.INFO: Cron ran at: 21-04-2026 01:33:41 PM [] []
[2026-04-21 13:33:41] SlimMonoLogger.INFO: Cron ran at: 21-04-2026 01:33:41 PM [] []
[2026-04-21 13:33:46] SlimMonoLogger.INFO: Cron ran at: 21-04-2026 01:33:46 PM [] []
[2026-04-21 13:33:55] SlimMonoLogger.INFO: Cron ran at: 21-04-2026 01:33:55 PM [] []
[2026-04-21 13:34:09] SlimMonoLogger.INFO: Cron ran at: 21-04-2026 01:34:09 PM [] []
[2026-04-21 13:34:10] SlimMonoLogger.INFO: Cron ran at: 21-04-2026 01:34:10 PM [] []
[2026-04-21 13:34:15] SlimMonoLogger.INFO: Cron ran at: 21-04-2026 01:34:15 PM [] []
[2026-04-21 13:34:16] SlimMonoLogger.INFO: Cron ran at: 21-04-2026 01:34:16 PM [] []
[2026-04-21 13:34:21] SlimMonoLogger.INFO: Cron ran at: 21-04-2026 01:34:21 PM [] []
[2026-04-21 13:34:21] SlimMonoLogger.INFO: Cron ran at: 21-04-2026 01:34:21 PM [] []
[2026-04-21 13:34:30] SlimMonoLogger.INFO: Cron ran at: 21-04-2026 01:34:30 PM [] []
[2026-04-21 13:34:32] SlimMonoLogger.INFO: Cron ran at: 21-04-2026 01:34:32 PM [] []
[2026-04-21 13:34:43] SlimMonoLogger.INFO: Cron ran at: 21-04-2026 01:34:43 PM [] []
[2026-04-21 13:34:43] SlimMonoLogger.INFO: Cron ran at: 21-04-2026 01:34:43 PM [] []
[2026-04-21 13:34:51] SlimMonoLogger.INFO: Cron ran at: 21-04-2026 01:34:51 PM [] []
[2026-04-21 13:35:07] SlimMonoLogger.INFO: Cron ran at: 21-04-2026 01:35:07 PM [] []
[2026-04-21 13:35:08] SlimMonoLogger.INFO: Cron ran at: 21-04-2026 01:35:08 PM [] []
[2026-04-21 13:35:14] SlimMonoLogger.INFO: Cron ran at: 21-04-2026 01:35:14 PM [] []
[2026-04-21 13:35:15] SlimMonoLogger.INFO: Cron ran at: 21-04-2026 01:35:15 PM [] []
[2026-04-21 13:35:22] SlimMonoLogger.INFO: Cron ran at: 21-04-2026 01:35:22 PM [] []
[2026-04-21 13:35:23] SlimMonoLogger.INFO: Cron ran at: 21-04-2026 01:35:23 PM [] []
[2026-04-21 13:35:30] SlimMonoLogger.INFO: Cron ran at: 21-04-2026 01:35:30 PM [] []
[2026-04-21 13:35:32] SlimMonoLogger.INFO: Cron ran at: 21-04-2026 01:35:32 PM [] []
[2026-04-21 13:35:32] SlimMonoLogger.INFO: Cron ran at: 21-04-2026 01:35:32 PM [] []
[2026-04-21 13:35:50] SlimMonoLogger.INFO: Cron ran at: 21-04-2026 01:35:50 PM [] []
[2026-04-21 13:35:56] SlimMonoLogger.INFO: Cron ran at: 21-04-2026 01:35:56 PM [] []
[2026-04-21 13:36:03] SlimMonoLogger.INFO: Cron ran at: 21-04-2026 01:36:03 PM [] []
[2026-04-21 13:36:03] SlimMonoLogger.INFO: Cron ran at: 21-04-2026 01:36:03 PM [] []
[2026-04-21 13:36:08] SlimMonoLogger.INFO: Cron ran at: 21-04-2026 01:36:08 PM [] []
[2026-04-21 13:36:11] SlimMonoLogger.INFO: Cron ran at: 21-04-2026 01:36:11 PM [] []
[2026-04-21 13:36:14] SlimMonoLogger.INFO: Cron ran at: 21-04-2026 01:36:14 PM [] []
[2026-04-21 13:36:19] SlimMonoLogger.INFO: Cron ran at: 21-04-2026 01:36:19 PM [] []
[2026-04-21 13:36:21] SlimMonoLogger.INFO: Cron ran at: 21-04-2026 01:36:21 PM [] []
[2026-04-21 13:36:21] SlimMonoLogger.INFO: Cron ran at: 21-04-2026 01:36:21 PM [] []
[2026-04-21 13:36:21] SlimMonoLogger.ERROR: Requests_Exception: cURL error 28: Connection timed out after 500000 milliseconds in /home/latihtal/public_html/agregator1/src/vendor/rmccue/requests/library/Requests/Transport/cURL.php:422
Stack trace:
#0 /home/latihtal/public_html/agregator1/src/vendor/rmccue/requests/library/Requests/Transport/cURL.php(177): Requests_Transport_cURL->process_response()
#1 /home/latihtal/public_html/agregator1/src/vendor/rmccue/requests/library/Requests.php(379): Requests_Transport_cURL->request()
#2 /home/latihtal/public_html/agregator1/src/vendor/rmccue/requests/library/Requests/Session.php(205): Requests::request()
#3 /home/latihtal/public_html/agregator1/src/vendor/rmccue/requests/library/Requests/Session.php(132): Requests_Session->request()
#4 /home/latihtal/public_html/agregator1/src/drivers/Http/RssImporter.php(144): Requests_Session->get()
#5 /home/latihtal/public_html/agregator1/src/controllers/Dashboard/DashboardFeedsController.php(534): spark\drivers\Http\RssImporter->fetchPosts()
#6 /home/latihtal/public_html/agregator1/src/controllers/Site/SiteController.php(722): spark\controllers\Dashboard\DashboardFeedsController::importFeedPosts()
#7 [internal function]: spark\controllers\Site\SiteController->runTasks()
#8 /home/latihtal/public_html/agregator1/src/framework/Route.php(173): call_user_func_array()
#9 [internal function]: Slim\Route->Slim\{closure}()
#10 /home/latihtal/public_html/agregator1/src/framework/Route.php(468): call_user_func_array()
#11 /home/latihtal/public_html/agregator1/src/framework/Slim.php(1364): Slim\Route->dispatch()
#12 /home/latihtal/public_html/agregator1/src/framework/Middleware/Flash.php(85): Slim\Slim->call()
#13 /home/latihtal/public_html/agregator1/src/framework/Middleware/MethodOverride.php(92): Slim\Middleware\Flash->call()
#14 /home/latihtal/public_html/agregator1/src/middlewares/CsrfGuard/CsrfGuard.php(47): Slim\Middleware\MethodOverride->call()
#15 /home/latihtal/public_html/agregator1/src/framework/Middleware/PrettyExceptions.php(67): spark\middlewares\CsrfGuard\CsrfGuard->call()
#16 /home/latihtal/public_html/agregator1/src/framework/Slim.php(1308): Slim\Middleware\PrettyExceptions->call()
#17 /home/latihtal/public_html/agregator1/index.php(6): Slim\Slim->run()
#18 {main} [] []
[2026-04-21 13:36:31] SlimMonoLogger.ERROR: Requests_Exception: cURL error 28: Operation timed out after 500001 milliseconds with 0 bytes received in /home/latihtal/public_html/agregator1/src/vendor/rmccue/requests/library/Requests/Transport/cURL.php:422
Stack trace:
#0 /home/latihtal/public_html/agregator1/src/vendor/rmccue/requests/library/Requests/Transport/cURL.php(177): Requests_Transport_cURL->process_response()
#1 /home/latihtal/public_html/agregator1/src/vendor/rmccue/requests/library/Requests.php(379): Requests_Transport_cURL->request()
#2 /home/latihtal/public_html/agregator1/src/vendor/rmccue/requests/library/Requests/Session.php(205): Requests::request()
#3 /home/latihtal/public_html/agregator1/src/vendor/rmccue/requests/library/Requests/Session.php(132): Requests_Session->request()
#4 /home/latihtal/public_html/agregator1/src/drivers/Http/RssImporter.php(144): Requests_Session->get()
#5 /home/latihtal/public_html/agregator1/src/controllers/Dashboard/DashboardFeedsController.php(534): spark\drivers\Http\RssImporter->fetchPosts()
#6 /home/latihtal/public_html/agregator1/src/controllers/Site/SiteController.php(722): spark\controllers\Dashboard\DashboardFeedsController::importFeedPosts()
#7 [internal function]: spark\controllers\Site\SiteController->runTasks()
#8 /home/latihtal/public_html/agregator1/src/framework/Route.php(173): call_user_func_array()
#9 [internal function]: Slim\Route->Slim\{closure}()
#10 /home/latihtal/public_html/agregator1/src/framework/Route.php(468): call_user_func_array()
#11 /home/latihtal/public_html/agregator1/src/framework/Slim.php(1364): Slim\Route->dispatch()
#12 /home/latihtal/public_html/agregator1/src/framework/Middleware/Flash.php(85): Slim\Slim->call()
#13 /home/latihtal/public_html/agregator1/src/framework/Middleware/MethodOverride.php(92): Slim\Middleware\Flash->call()
#14 /home/latihtal/public_html/agregator1/src/middlewares/CsrfGuard/CsrfGuard.php(47): Slim\Middleware\MethodOverride->call()
#15 /home/latihtal/public_html/agregator1/src/framework/Middleware/PrettyExceptions.php(67): spark\middlewares\CsrfGuard\CsrfGuard->call()
#16 /home/latihtal/public_html/agregator1/src/framework/Slim.php(1308): Slim\Middleware\PrettyExceptions->call()
#17 /home/latihtal/public_html/agregator1/index.php(6): Slim\Slim->run()
#18 {main} [] []
[2026-04-21 13:36:34] SlimMonoLogger.INFO: Cron ran at: 21-04-2026 01:36:34 PM [] []
[2026-04-21 13:36:35] SlimMonoLogger.INFO: Cron ran at: 21-04-2026 01:36:35 PM [] []
[2026-04-21 13:36:40] SlimMonoLogger.ERROR: Requests_Exception: cURL error 28: Connection timed out after 500003 milliseconds in /home/latihtal/public_html/agregator1/src/vendor/rmccue/requests/library/Requests/Transport/cURL.php:422
Stack trace:
#0 /home/latihtal/public_html/agregator1/src/vendor/rmccue/requests/library/Requests/Transport/cURL.php(177): Requests_Transport_cURL->process_response()
#1 /home/latihtal/public_html/agregator1/src/vendor/rmccue/requests/library/Requests.php(379): Requests_Transport_cURL->request()
#2 /home/latihtal/public_html/agregator1/src/vendor/rmccue/requests/library/Requests/Session.php(205): Requests::request()
#3 /home/latihtal/public_html/agregator1/src/vendor/rmccue/requests/library/Requests/Session.php(132): Requests_Session->request()
#4 /home/latihtal/public_html/agregator1/src/drivers/Http/RssImporter.php(144): Requests_Session->get()
#5 /home/latihtal/public_html/agregator1/src/controllers/Dashboard/DashboardFeedsController.php(534): spark\drivers\Http\RssImporter->fetchPosts()
#6 /home/latihtal/public_html/agregator1/src/controllers/Site/SiteController.php(722): spark\controllers\Dashboard\DashboardFeedsController::importFeedPosts()
#7 [internal function]: spark\controllers\Site\SiteController->runTasks()
#8 /home/latihtal/public_html/agregator1/src/framework/Route.php(173): call_user_func_array()
#9 [internal function]: Slim\Route->Slim\{closure}()
#10 /home/latihtal/public_html/agregator1/src/framework/Route.php(468): call_user_func_array()
#11 /home/latihtal/public_html/agregator1/src/framework/Slim.php(1364): Slim\Route->dispatch()
#12 /home/latihtal/public_html/agregator1/src/framework/Middleware/Flash.php(85): Slim\Slim->call()
#13 /home/latihtal/public_html/agregator1/src/framework/Middleware/MethodOverride.php(92): Slim\Middleware\Flash->call()
#14 /home/latihtal/public_html/agregator1/src/middlewares/CsrfGuard/CsrfGuard.php(47): Slim\Middleware\MethodOverride->call()
#15 /home/latihtal/public_html/agregator1/src/framework/Middleware/PrettyExceptions.php(67): spark\middlewares\CsrfGuard\CsrfGuard->call()
#16 /home/latihtal/public_html/agregator1/src/framework/Slim.php(1308): Slim\Middleware\PrettyExceptions->call()
#17 /home/latihtal/public_html/agregator1/index.php(6): Slim\Slim->run()
#18 {main} [] []
[2026-04-21 13:36:42] SlimMonoLogger.ERROR: Requests_Exception: cURL error 28: Connection timed out after 500000 milliseconds in /home/latihtal/public_html/agregator1/src/vendor/rmccue/requests/library/Requests/Transport/cURL.php:422
Stack trace:
#0 /home/latihtal/public_html/agregator1/src/vendor/rmccue/requests/library/Requests/Transport/cURL.php(177): Requests_Transport_cURL->process_response()
#1 /home/latihtal/public_html/agregator1/src/vendor/rmccue/requests/library/Requests.php(379): Requests_Transport_cURL->request()
#2 /home/latihtal/public_html/agregator1/src/vendor/rmccue/requests/library/Requests/Session.php(205): Requests::request()
#3 /home/latihtal/public_html/agregator1/src/vendor/rmccue/requests/library/Requests/Session.php(132): Requests_Session->request()
#4 /home/latihtal/public_html/agregator1/src/drivers/Http/RssImporter.php(144): Requests_Session->get()
#5 /home/latihtal/public_html/agregator1/src/controllers/Dashboard/DashboardFeedsController.php(534): spark\drivers\Http\RssImporter->fetchPosts()
#6 /home/latihtal/public_html/agregator1/src/controllers/Site/SiteController.php(722): spark\controllers\Dashboard\DashboardFeedsController::importFeedPosts()
#7 [internal function]: spark\controllers\Site\SiteController->runTasks()
#8 /home/latihtal/public_html/agregator1/src/framework/Route.php(173): call_user_func_array()
#9 [internal function]: Slim\Route->Slim\{closure}()
#10 /home/latihtal/public_html/agregator1/src/framework/Route.php(468): call_user_func_array()
#11 /home/latihtal/public_html/agregator1/src/framework/Slim.php(1364): Slim\Route->dispatch()
#12 /home/latihtal/public_html/agregator1/src/framework/Middleware/Flash.php(85): Slim\Slim->call()
#13 /home/latihtal/public_html/agregator1/src/framework/Middleware/MethodOverride.php(92): Slim\Middleware\Flash->call()
#14 /home/latihtal/public_html/agregator1/src/middlewares/CsrfGuard/CsrfGuard.php(47): Slim\Middleware\MethodOverride->call()
#15 /home/latihtal/public_html/agregator1/src/framework/Middleware/PrettyExceptions.php(67): spark\middlewares\CsrfGuard\CsrfGuard->call()
#16 /home/latihtal/public_html/agregator1/src/framework/Slim.php(1308): Slim\Middleware\PrettyExceptions->call()
#17 /home/latihtal/public_html/agregator1/index.php(6): Slim\Slim->run()
#18 {main} [] []
[2026-04-21 13:36:45] SlimMonoLogger.INFO: Cron ran at: 21-04-2026 01:36:45 PM [] []
[2026-04-21 13:36:49] SlimMonoLogger.INFO: Cron ran at: 21-04-2026 01:36:49 PM [] []
[2026-04-21 13:36:50] SlimMonoLogger.INFO: Cron ran at: 21-04-2026 01:36:50 PM [] []
[2026-04-21 13:36:58] SlimMonoLogger.INFO: Cron ran at: 21-04-2026 01:36:58 PM [] []
[2026-04-21 13:36:58] SlimMonoLogger.ERROR: Requests_Exception: cURL error 28: Operation timed out after 500002 milliseconds with 10784 bytes received in /home/latihtal/public_html/agregator1/src/vendor/rmccue/requests/library/Requests/Transport/cURL.php:422
Stack trace:
#0 /home/latihtal/public_html/agregator1/src/vendor/rmccue/requests/library/Requests/Transport/cURL.php(177): Requests_Transport_cURL->process_response()
#1 /home/latihtal/public_html/agregator1/src/vendor/rmccue/requests/library/Requests.php(379): Requests_Transport_cURL->request()
#2 /home/latihtal/public_html/agregator1/src/vendor/rmccue/requests/library/Requests/Session.php(205): Requests::request()
#3 /home/latihtal/public_html/agregator1/src/vendor/rmccue/requests/library/Requests/Session.php(132): Requests_Session->request()
#4 /home/latihtal/public_html/agregator1/src/drivers/Http/RssImporter.php(144): Requests_Session->get()
#5 /home/latihtal/public_html/agregator1/src/controllers/Dashboard/DashboardFeedsController.php(534): spark\drivers\Http\RssImporter->fetchPosts()
#6 /home/latihtal/public_html/agregator1/src/controllers/Site/SiteController.php(722): spark\controllers\Dashboard\DashboardFeedsController::importFeedPosts()
#7 [internal function]: spark\controllers\Site\SiteController->runTasks()
#8 /home/latihtal/public_html/agregator1/src/framework/Route.php(173): call_user_func_array()
#9 [internal function]: Slim\Route->Slim\{closure}()
#10 /home/latihtal/public_html/agregator1/src/framework/Route.php(468): call_user_func_array()
#11 /home/latihtal/public_html/agregator1/src/framework/Slim.php(1364): Slim\Route->dispatch()
#12 /home/latihtal/public_html/agregator1/src/framework/Middleware/Flash.php(85): Slim\Slim->call()
#13 /home/latihtal/public_html/agregator1/src/framework/Middleware/MethodOverride.php(92): Slim\Middleware\Flash->call()
#14 /home/latihtal/public_html/agregator1/src/middlewares/CsrfGuard/CsrfGuard.php(47): Slim\Middleware\MethodOverride->call()
#15 /home/latihtal/public_html/agregator1/src/framework/Middleware/PrettyExceptions.php(67): spark\middlewares\CsrfGuard\CsrfGuard->call()
#16 /home/latihtal/public_html/agregator1/src/framework/Slim.php(1308): Slim\Middleware\PrettyExceptions->call()
#17 /home/latihtal/public_html/agregator1/index.php(6): Slim\Slim->run()
#18 {main} [] []
[2026-04-21 13:37:07] SlimMonoLogger.INFO: Cron ran at: 21-04-2026 01:37:07 PM [] []
[2026-04-21 13:37:07] SlimMonoLogger.INFO: Cron ran at: 21-04-2026 01:37:07 PM [] []
[2026-04-21 13:37:14] SlimMonoLogger.INFO: Cron ran at: 21-04-2026 01:37:14 PM [] []
[2026-04-21 13:37:14] SlimMonoLogger.INFO: Cron ran at: 21-04-2026 01:37:14 PM [] []
[2026-04-21 13:37:21] SlimMonoLogger.INFO: Cron ran at: 21-04-2026 01:37:21 PM [] []
[2026-04-21 13:37:22] SlimMonoLogger.INFO: Cron ran at: 21-04-2026 01:37:22 PM [] []
[2026-04-21 13:37:24] SlimMonoLogger.INFO: Cron ran at: 21-04-2026 01:37:24 PM [] []
[2026-04-21 13:37:25] SlimMonoLogger.INFO: Cron ran at: 21-04-2026 01:37:25 PM [] []
[2026-04-21 13:37:36] SlimMonoLogger.INFO: Cron ran at: 21-04-2026 01:37:36 PM [] []
[2026-04-21 13:37:38] SlimMonoLogger.INFO: Cron ran at: 21-04-2026 01:37:38 PM [] []
[2026-04-21 13:37:39] SlimMonoLogger.INFO: Cron ran at: 21-04-2026 01:37:39 PM [] []
[2026-04-21 13:37:44] SlimMonoLogger.INFO: Cron ran at: 21-04-2026 01:37:44 PM [] []
[2026-04-21 13:37:44] SlimMonoLogger.INFO: Cron ran at: 21-04-2026 01:37:44 PM [] []
[2026-04-21 13:37:49] SlimMonoLogger.INFO: Cron ran at: 21-04-2026 01:37:49 PM [] []
[2026-04-21 13:37:50] SlimMonoLogger.INFO: Cron ran at: 21-04-2026 01:37:50 PM [] []
[2026-04-21 13:37:52] SlimMonoLogger.INFO: Cron ran at: 21-04-2026 01:37:52 PM [] []
[2026-04-21 13:37:53] SlimMonoLogger.INFO: Cron ran at: 21-04-2026 01:37:53 PM [] []
[2026-04-21 13:38:00] SlimMonoLogger.INFO: Cron ran at: 21-04-2026 01:38:00 PM [] []
[2026-04-21 13:38:16] SlimMonoLogger.INFO: Cron ran at: 21-04-2026 01:38:16 PM [] []
[2026-04-21 13:38:16] SlimMonoLogger.INFO: Cron ran at: 21-04-2026 01:38:16 PM [] []
[2026-04-21 13:38:17] SlimMonoLogger.INFO: Cron ran at: 21-04-2026 01:38:17 PM [] []
[2026-04-21 13:38:24] SlimMonoLogger.INFO: Cron ran at: 21-04-2026 01:38:24 PM [] []
[2026-04-21 13:38:25] SlimMonoLogger.INFO: Cron ran at: 21-04-2026 01:38:25 PM [] []
[2026-04-21 13:38:26] SlimMonoLogger.INFO: Cron ran at: 21-04-2026 01:38:26 PM [] []
[2026-04-21 13:38:32] SlimMonoLogger.INFO: Cron ran at: 21-04-2026 01:38:32 PM [] []
[2026-04-21 13:38:35] SlimMonoLogger.INFO: Cron ran at: 21-04-2026 01:38:35 PM [] []
[2026-04-21 13:38:47] SlimMonoLogger.INFO: Cron ran at: 21-04-2026 01:38:47 PM [] []
[2026-04-21 13:38:47] SlimMonoLogger.INFO: Cron ran at: 21-04-2026 01:38:47 PM [] []
[2026-04-21 13:38:59] SlimMonoLogger.INFO: Cron ran at: 21-04-2026 01:38:59 PM [] []
[2026-04-21 13:39:03] SlimMonoLogger.INFO: Cron ran at: 21-04-2026 01:39:03 PM [] []
[2026-04-21 13:39:21] SlimMonoLogger.INFO: Cron ran at: 21-04-2026 01:39:21 PM [] []
[2026-04-21 13:39:21] SlimMonoLogger.INFO: Cron ran at: 21-04-2026 01:39:21 PM [] []
[2026-04-21 13:39:22] SlimMonoLogger.INFO: Cron ran at: 21-04-2026 01:39:22 PM [] []
[2026-04-21 13:39:24] SlimMonoLogger.INFO: Cron ran at: 21-04-2026 01:39:24 PM [] []
[2026-04-21 13:39:29] SlimMonoLogger.INFO: Cron ran at: 21-04-2026 01:39:29 PM [] []
[2026-04-21 13:39:36] SlimMonoLogger.INFO: Cron ran at: 21-04-2026 01:39:36 PM [] []
[2026-04-21 13:39:36] SlimMonoLogger.INFO: Cron ran at: 21-04-2026 01:39:36 PM [] []
[2026-04-21 13:39:42] SlimMonoLogger.INFO: Cron ran at: 21-04-2026 01:39:42 PM [] []
[2026-04-21 13:39:42] SlimMonoLogger.INFO: Cron ran at: 21-04-2026 01:39:42 PM [] []
[2026-04-21 13:39:56] SlimMonoLogger.INFO: Cron ran at: 21-04-2026 01:39:56 PM [] []
[2026-04-21 13:39:58] SlimMonoLogger.INFO: Cron ran at: 21-04-2026 01:39:58 PM [] []
[2026-04-21 13:40:02] SlimMonoLogger.INFO: Cron ran at: 21-04-2026 01:40:02 PM [] []
[2026-04-21 13:40:16] SlimMonoLogger.INFO: Cron ran at: 21-04-2026 01:40:16 PM [] []
[2026-04-21 13:40:17] SlimMonoLogger.INFO: Cron ran at: 21-04-2026 01:40:17 PM [] []
[2026-04-21 13:40:27] SlimMonoLogger.INFO: Cron ran at: 21-04-2026 01:40:27 PM [] []
[2026-04-21 13:40:27] SlimMonoLogger.INFO: Cron ran at: 21-04-2026 01:40:27 PM [] []
[2026-04-21 13:40:37] SlimMonoLogger.INFO: Cron ran at: 21-04-2026 01:40:37 PM [] []
[2026-04-21 13:40:37] SlimMonoLogger.INFO: Cron ran at: 21-04-2026 01:40:37 PM [] []
[2026-04-21 13:40:48] SlimMonoLogger.INFO: Cron ran at: 21-04-2026 01:40:48 PM [] []
[2026-04-21 13:40:49] SlimMonoLogger.INFO: Cron ran at: 21-04-2026 01:40:49 PM [] []
[2026-04-21 13:40:49] SlimMonoLogger.INFO: Cron ran at: 21-04-2026 01:40:49 PM [] []
[2026-04-21 13:41:08] SlimMonoLogger.INFO: Cron ran at: 21-04-2026 01:41:08 PM [] []
[2026-04-21 13:41:08] SlimMonoLogger.INFO: Cron ran at: 21-04-2026 01:41:08 PM [] []
[2026-04-21 13:41:08] SlimMonoLogger.INFO: Cron ran at: 21-04-2026 01:41:08 PM [] []
[2026-04-21 13:41:26] SlimMonoLogger.INFO: Cron ran at: 21-04-2026 01:41:26 PM [] []
[2026-04-21 13:41:27] SlimMonoLogger.INFO: Cron ran at: 21-04-2026 01:41:27 PM [] []
[2026-04-21 13:41:29] SlimMonoLogger.INFO: Cron ran at: 21-04-2026 01:41:29 PM [] []
[2026-04-21 13:41:32] SlimMonoLogger.INFO: Cron ran at: 21-04-2026 01:41:32 PM [] []
[2026-04-21 13:41:32] SlimMonoLogger.INFO: Cron ran at: 21-04-2026 01:41:32 PM [] []
[2026-04-21 13:41:39] SlimMonoLogger.INFO: Cron ran at: 21-04-2026 01:41:39 PM [] []
[2026-04-21 13:41:39] SlimMonoLogger.INFO: Cron ran at: 21-04-2026 01:41:39 PM [] []
[2026-04-21 13:41:52] SlimMonoLogger.INFO: Cron ran at: 21-04-2026 01:41:52 PM [] []
[2026-04-21 13:41:52] SlimMonoLogger.INFO: Cron ran at: 21-04-2026 01:41:52 PM [] []
[2026-04-21 11:42:05] SlimMonoLogger.CRITICAL: PDOException: SQLSTATE[08004] [1040] Too many connections in /home/latihtal/public_html/agregator1/src/framework/PDO/Database.php:34
Stack trace:
#0 /home/latihtal/public_html/agregator1/src/framework/PDO/Database.php(34): PDO->__construct()
#1 /home/latihtal/public_html/agregator1/src/dependencies.php(73): Slim\PDO\Database->__construct()
#2 /home/latihtal/public_html/agregator1/src/framework/Helper/Set.php(231): {closure}()
#3 /home/latihtal/public_html/agregator1/src/framework/Helper/Set.php(88): Slim\Helper\Set->Slim\Helper\{closure}()
#4 /home/latihtal/public_html/agregator1/src/framework/Slim.php(232): Slim\Helper\Set->get()
#5 /home/latihtal/public_html/agregator1/src/models/Model.php(176): Slim\Slim->__get()
#6 /home/latihtal/public_html/agregator1/src/models/OptionModel.php(180): spark\models\Model->select()
#7 /home/latihtal/public_html/agregator1/src/models/OptionModel.php(40): spark\models\OptionModel->autoloadOptions()
#8 /home/latihtal/public_html/agregator1/src/dependencies.php(99): spark\models\OptionModel->__construct()
#9 /home/latihtal/public_html/agregator1/src/framework/Helper/Set.php(231): {closure}()
#10 /home/latihtal/public_html/agregator1/src/framework/Helper/Set.php(88): Slim\Helper\Set->Slim\Helper\{closure}()
#11 /home/latihtal/public_html/agregator1/src/framework/Slim.php(232): Slim\Helper\Set->get()
#12 /home/latihtal/public_html/agregator1/src/drivers/Views/ThemeManager.php(34): Slim\Slim->__get()
#13 /home/latihtal/public_html/agregator1/src/dependencies.php(142): spark\drivers\Views\ThemeManager->initEngine()
#14 /home/latihtal/public_html/agregator1/src/bootstrap.php(68): require('/home/latihtal/...')
#15 /home/latihtal/public_html/agregator1/index.php(4): require('/home/latihtal/...')
#16 {main} [] []
[2026-04-21 13:42:25] SlimMonoLogger.INFO: Cron ran at: 21-04-2026 01:42:25 PM [] []
[2026-04-21 13:42:26] SlimMonoLogger.INFO: Cron ran at: 21-04-2026 01:42:26 PM [] []
[2026-04-21 13:42:26] SlimMonoLogger.INFO: Cron ran at: 21-04-2026 01:42:26 PM [] []
[2026-04-21 13:42:28] SlimMonoLogger.INFO: Cron ran at: 21-04-2026 01:42:28 PM [] []
[2026-04-21 13:42:32] SlimMonoLogger.INFO: Cron ran at: 21-04-2026 01:42:32 PM [] []
[2026-04-21 13:42:33] SlimMonoLogger.INFO: Cron ran at: 21-04-2026 01:42:33 PM [] []
[2026-04-21 13:42:35] SlimMonoLogger.INFO: Cron ran at: 21-04-2026 01:42:35 PM [] []
[2026-04-21 13:42:36] SlimMonoLogger.INFO: Cron ran at: 21-04-2026 01:42:36 PM [] []
[2026-04-21 13:42:40] SlimMonoLogger.INFO: Cron ran at: 21-04-2026 01:42:40 PM [] []
[2026-04-21 13:42:42] SlimMonoLogger.INFO: Cron ran at: 21-04-2026 01:42:42 PM [] []
[2026-04-21 13:42:52] SlimMonoLogger.INFO: Cron ran at: 21-04-2026 01:42:52 PM [] []
[2026-04-21 13:42:52] SlimMonoLogger.INFO: Cron ran at: 21-04-2026 01:42:52 PM [] []
[2026-04-21 13:42:53] SlimMonoLogger.INFO: Cron ran at: 21-04-2026 01:42:53 PM [] []
[2026-04-21 13:43:06] SlimMonoLogger.INFO: Cron ran at: 21-04-2026 01:43:06 PM [] []
[2026-04-21 13:43:08] SlimMonoLogger.INFO: Cron ran at: 21-04-2026 01:43:08 PM [] []
[2026-04-21 13:43:25] SlimMonoLogger.INFO: Cron ran at: 21-04-2026 01:43:25 PM [] []
[2026-04-21 13:43:25] SlimMonoLogger.INFO: Cron ran at: 21-04-2026 01:43:25 PM [] []
[2026-04-21 13:43:27] SlimMonoLogger.INFO: Cron ran at: 21-04-2026 01:43:27 PM [] []
[2026-04-21 13:43:27] SlimMonoLogger.INFO: Cron ran at: 21-04-2026 01:43:27 PM [] []
[2026-04-21 13:43:33] SlimMonoLogger.INFO: Cron ran at: 21-04-2026 01:43:33 PM [] []
[2026-04-21 13:43:34] SlimMonoLogger.INFO: Cron ran at: 21-04-2026 01:43:34 PM [] []
[2026-04-21 13:43:44] SlimMonoLogger.INFO: Cron ran at: 21-04-2026 01:43:44 PM [] []
[2026-04-21 13:43:44] SlimMonoLogger.INFO: Cron ran at: 21-04-2026 01:43:44 PM [] []
[2026-04-21 13:43:46] SlimMonoLogger.INFO: Cron ran at: 21-04-2026 01:43:46 PM [] []
[2026-04-21 13:43:55] SlimMonoLogger.INFO: Cron ran at: 21-04-2026 01:43:55 PM [] []
[2026-04-21 13:44:10] SlimMonoLogger.INFO: Cron ran at: 21-04-2026 01:44:10 PM [] []
[2026-04-21 13:44:10] SlimMonoLogger.INFO: Cron ran at: 21-04-2026 01:44:10 PM [] []
[2026-04-21 13:44:12] SlimMonoLogger.INFO: Cron ran at: 21-04-2026 01:44:12 PM [] []
[2026-04-21 13:44:13] SlimMonoLogger.INFO: Cron ran at: 21-04-2026 01:44:13 PM [] []
[2026-04-21 13:44:28] SlimMonoLogger.INFO: Cron ran at: 21-04-2026 01:44:28 PM [] []
[2026-04-21 13:44:33] SlimMonoLogger.INFO: Cron ran at: 21-04-2026 01:44:33 PM [] []
[2026-04-21 13:44:33] SlimMonoLogger.INFO: Cron ran at: 21-04-2026 01:44:33 PM [] []
[2026-04-21 13:44:40] SlimMonoLogger.INFO: Cron ran at: 21-04-2026 01:44:40 PM [] []
[2026-04-21 13:44:40] SlimMonoLogger.INFO: Cron ran at: 21-04-2026 01:44:40 PM [] []
[2026-04-21 13:44:46] SlimMonoLogger.INFO: Cron ran at: 21-04-2026 01:44:46 PM [] []
[2026-04-21 13:45:04] SlimMonoLogger.INFO: Cron ran at: 21-04-2026 01:45:04 PM [] []
[2026-04-21 13:45:04] SlimMonoLogger.INFO: Cron ran at: 21-04-2026 01:45:04 PM [] []
[2026-04-21 13:45:18] SlimMonoLogger.INFO: Cron ran at: 21-04-2026 01:45:18 PM [] []
[2026-04-21 13:45:19] SlimMonoLogger.INFO: Cron ran at: 21-04-2026 01:45:19 PM [] []
[2026-04-21 13:45:26] SlimMonoLogger.INFO: Cron ran at: 21-04-2026 01:45:26 PM [] []
[2026-04-21 13:45:26] SlimMonoLogger.INFO: Cron ran at: 21-04-2026 01:45:26 PM [] []
[2026-04-21 13:45:31] SlimMonoLogger.INFO: Cron ran at: 21-04-2026 01:45:31 PM [] []
[2026-04-21 13:45:31] SlimMonoLogger.INFO: Cron ran at: 21-04-2026 01:45:31 PM [] []
[2026-04-21 13:45:41] SlimMonoLogger.INFO: Cron ran at: 21-04-2026 01:45:41 PM [] []
[2026-04-21 13:45:59] SlimMonoLogger.INFO: Cron ran at: 21-04-2026 01:45:59 PM [] []
[2026-04-21 13:46:01] SlimMonoLogger.INFO: Cron ran at: 21-04-2026 01:46:01 PM [] []
[2026-04-21 13:46:08] SlimMonoLogger.INFO: Cron ran at: 21-04-2026 01:46:08 PM [] []
[2026-04-21 13:46:11] SlimMonoLogger.INFO: Cron ran at: 21-04-2026 01:46:11 PM [] []
[2026-04-21 13:46:17] SlimMonoLogger.INFO: Cron ran at: 21-04-2026 01:46:17 PM [] []
[2026-04-21 13:46:17] SlimMonoLogger.INFO: Cron ran at: 21-04-2026 01:46:17 PM [] []
[2026-04-21 13:46:22] SlimMonoLogger.INFO: Cron ran at: 21-04-2026 01:46:22 PM [] []
[2026-04-21 13:46:27] SlimMonoLogger.INFO: Cron ran at: 21-04-2026 01:46:27 PM [] []
[2026-04-21 13:46:36] SlimMonoLogger.INFO: Cron ran at: 21-04-2026 01:46:36 PM [] []
[2026-04-21 13:46:37] SlimMonoLogger.INFO: Cron ran at: 21-04-2026 01:46:37 PM [] []
[2026-04-21 13:46:38] SlimMonoLogger.INFO: Cron ran at: 21-04-2026 01:46:38 PM [] []
[2026-04-21 13:46:51] SlimMonoLogger.INFO: Cron ran at: 21-04-2026 01:46:51 PM [] []
[2026-04-21 13:46:52] SlimMonoLogger.INFO: Cron ran at: 21-04-2026 01:46:52 PM [] []
[2026-04-21 13:46:55] SlimMonoLogger.INFO: Cron ran at: 21-04-2026 01:46:55 PM [] []
[2026-04-21 13:47:13] SlimMonoLogger.INFO: Cron ran at: 21-04-2026 01:47:13 PM [] []
[2026-04-21 13:47:16] SlimMonoLogger.INFO: Cron ran at: 21-04-2026 01:47:16 PM [] []
[2026-04-21 13:47:17] SlimMonoLogger.INFO: Cron ran at: 21-04-2026 01:47:17 PM [] []
[2026-04-21 13:47:18] SlimMonoLogger.INFO: Cron ran at: 21-04-2026 01:47:18 PM [] []
[2026-04-21 13:47:23] SlimMonoLogger.INFO: Cron ran at: 21-04-2026 01:47:23 PM [] []
[2026-04-21 13:47:33] SlimMonoLogger.INFO: Cron ran at: 21-04-2026 01:47:33 PM [] []
[2026-04-21 13:47:36] SlimMonoLogger.INFO: Cron ran at: 21-04-2026 01:47:36 PM [] []
[2026-04-21 13:47:39] SlimMonoLogger.INFO: Cron ran at: 21-04-2026 01:47:39 PM [] []
[2026-04-21 13:47:45] SlimMonoLogger.INFO: Cron ran at: 21-04-2026 01:47:45 PM [] []
[2026-04-21 13:47:51] SlimMonoLogger.INFO: Cron ran at: 21-04-2026 01:47:51 PM [] []
[2026-04-21 13:47:53] SlimMonoLogger.INFO: Cron ran at: 21-04-2026 01:47:53 PM [] []
[2026-04-21 13:47:54] SlimMonoLogger.INFO: Cron ran at: 21-04-2026 01:47:54 PM [] []
[2026-04-21 13:48:13] SlimMonoLogger.INFO: Cron ran at: 21-04-2026 01:48:13 PM [] []
[2026-04-21 13:48:16] SlimMonoLogger.INFO: Cron ran at: 21-04-2026 01:48:16 PM [] []
[2026-04-21 13:48:17] SlimMonoLogger.INFO: Cron ran at: 21-04-2026 01:48:17 PM [] []
[2026-04-21 13:48:39] SlimMonoLogger.INFO: Cron ran at: 21-04-2026 01:48:39 PM [] []
[2026-04-21 13:48:39] SlimMonoLogger.INFO: Cron ran at: 21-04-2026 01:48:39 PM [] []
[2026-04-21 13:48:42] SlimMonoLogger.INFO: Cron ran at: 21-04-2026 01:48:42 PM [] []
[2026-04-21 13:48:42] SlimMonoLogger.INFO: Cron ran at: 21-04-2026 01:48:42 PM [] []
[2026-04-21 13:48:45] SlimMonoLogger.INFO: Cron ran at: 21-04-2026 01:48:45 PM [] []
[2026-04-21 13:48:49] SlimMonoLogger.INFO: Cron ran at: 21-04-2026 01:48:49 PM [] []
[2026-04-21 13:48:54] SlimMonoLogger.INFO: Cron ran at: 21-04-2026 01:48:54 PM [] []
[2026-04-21 13:49:11] SlimMonoLogger.INFO: Cron ran at: 21-04-2026 01:49:11 PM [] []
[2026-04-21 13:49:21] SlimMonoLogger.INFO: Cron ran at: 21-04-2026 01:49:21 PM [] []
[2026-04-21 13:49:23] SlimMonoLogger.INFO: Cron ran at: 21-04-2026 01:49:23 PM [] []
[2026-04-21 13:49:30] SlimMonoLogger.INFO: Cron ran at: 21-04-2026 01:49:30 PM [] []
[2026-04-21 13:49:31] SlimMonoLogger.INFO: Cron ran at: 21-04-2026 01:49:31 PM [] []
[2026-04-21 13:49:40] SlimMonoLogger.INFO: Cron ran at: 21-04-2026 01:49:40 PM [] []
[2026-04-21 13:49:43] SlimMonoLogger.INFO: Cron ran at: 21-04-2026 01:49:43 PM [] []
[2026-04-21 13:49:46] SlimMonoLogger.INFO: Cron ran at: 21-04-2026 01:49:46 PM [] []
[2026-04-21 13:49:47] SlimMonoLogger.INFO: Cron ran at: 21-04-2026 01:49:47 PM [] []
[2026-04-21 13:49:48] SlimMonoLogger.INFO: Cron ran at: 21-04-2026 01:49:48 PM [] []
[2026-04-21 13:50:02] SlimMonoLogger.INFO: Cron ran at: 21-04-2026 01:50:02 PM [] []
[2026-04-21 13:50:04] SlimMonoLogger.INFO: Cron ran at: 21-04-2026 01:50:04 PM [] []
[2026-04-21 13:50:15] SlimMonoLogger.INFO: Cron ran at: 21-04-2026 01:50:15 PM [] []
[2026-04-21 13:50:16] SlimMonoLogger.INFO: Cron ran at: 21-04-2026 01:50:16 PM [] []
[2026-04-21 13:50:28] SlimMonoLogger.INFO: Cron ran at: 21-04-2026 01:50:28 PM [] []
[2026-04-21 13:50:29] SlimMonoLogger.INFO: Cron ran at: 21-04-2026 01:50:29 PM [] []
[2026-04-21 13:50:31] SlimMonoLogger.INFO: Cron ran at: 21-04-2026 01:50:31 PM [] []
[2026-04-21 13:50:40] SlimMonoLogger.INFO: Cron ran at: 21-04-2026 01:50:40 PM [] []
[2026-04-21 13:50:47] SlimMonoLogger.INFO: Cron ran at: 21-04-2026 01:50:47 PM [] []
[2026-04-21 13:50:56] SlimMonoLogger.INFO: Cron ran at: 21-04-2026 01:50:56 PM [] []
[2026-04-21 13:50:58] SlimMonoLogger.INFO: Cron ran at: 21-04-2026 01:50:58 PM [] []
[2026-04-21 13:51:03] SlimMonoLogger.INFO: Cron ran at: 21-04-2026 01:51:03 PM [] []
[2026-04-21 13:51:06] SlimMonoLogger.INFO: Cron ran at: 21-04-2026 01:51:06 PM [] []
[2026-04-21 13:51:22] SlimMonoLogger.INFO: Cron ran at: 21-04-2026 01:51:22 PM [] []
[2026-04-21 13:51:23] SlimMonoLogger.INFO: Cron ran at: 21-04-2026 01:51:23 PM [] []
[2026-04-21 13:51:31] SlimMonoLogger.INFO: Cron ran at: 21-04-2026 01:51:31 PM [] []
[2026-04-21 13:51:31] SlimMonoLogger.INFO: Cron ran at: 21-04-2026 01:51:31 PM [] []
[2026-04-21 13:51:46] SlimMonoLogger.INFO: Cron ran at: 21-04-2026 01:51:46 PM [] []
[2026-04-21 13:51:46] SlimMonoLogger.INFO: Cron ran at: 21-04-2026 01:51:46 PM [] []
[2026-04-21 13:51:47] SlimMonoLogger.INFO: Cron ran at: 21-04-2026 01:51:47 PM [] []
[2026-04-21 13:51:49] SlimMonoLogger.INFO: Cron ran at: 21-04-2026 01:51:49 PM [] []
[2026-04-21 13:51:52] SlimMonoLogger.INFO: Cron ran at: 21-04-2026 01:51:52 PM [] []
[2026-04-21 13:52:03] SlimMonoLogger.INFO: Cron ran at: 21-04-2026 01:52:03 PM [] []
[2026-04-21 13:52:04] SlimMonoLogger.INFO: Cron ran at: 21-04-2026 01:52:04 PM [] []
[2026-04-21 13:52:15] SlimMonoLogger.INFO: Cron ran at: 21-04-2026 01:52:15 PM [] []
[2026-04-21 13:52:16] SlimMonoLogger.INFO: Cron ran at: 21-04-2026 01:52:16 PM [] []
[2026-04-21 13:52:17] SlimMonoLogger.INFO: Cron ran at: 21-04-2026 01:52:17 PM [] []
[2026-04-21 13:52:35] SlimMonoLogger.INFO: Cron ran at: 21-04-2026 01:52:35 PM [] []
[2026-04-21 13:52:39] SlimMonoLogger.INFO: Cron ran at: 21-04-2026 01:52:39 PM [] []
[2026-04-21 13:52:39] SlimMonoLogger.INFO: Cron ran at: 21-04-2026 01:52:39 PM [] []
[2026-04-21 13:52:42] SlimMonoLogger.INFO: Cron ran at: 21-04-2026 01:52:42 PM [] []
[2026-04-21 13:52:57] SlimMonoLogger.INFO: Cron ran at: 21-04-2026 01:52:57 PM [] []
[2026-04-21 13:52:57] SlimMonoLogger.INFO: Cron ran at: 21-04-2026 01:52:57 PM [] []
[2026-04-21 13:52:58] SlimMonoLogger.INFO: Cron ran at: 21-04-2026 01:52:58 PM [] []
[2026-04-21 13:53:01] SlimMonoLogger.INFO: Cron ran at: 21-04-2026 01:53:01 PM [] []
[2026-04-21 13:53:23] SlimMonoLogger.INFO: Cron ran at: 21-04-2026 01:53:23 PM [] []
[2026-04-21 13:53:23] SlimMonoLogger.INFO: Cron ran at: 21-04-2026 01:53:23 PM [] []
[2026-04-21 13:53:23] SlimMonoLogger.INFO: Cron ran at: 21-04-2026 01:53:23 PM [] []
[2026-04-21 13:53:23] SlimMonoLogger.INFO: Cron ran at: 21-04-2026 01:53:23 PM [] []
[2026-04-21 13:53:37] SlimMonoLogger.INFO: Cron ran at: 21-04-2026 01:53:37 PM [] []
[2026-04-21 13:53:40] SlimMonoLogger.INFO: Cron ran at: 21-04-2026 01:53:40 PM [] []
[2026-04-21 13:53:41] SlimMonoLogger.INFO: Cron ran at: 21-04-2026 01:53:41 PM [] []
[2026-04-21 13:53:41] SlimMonoLogger.INFO: Cron ran at: 21-04-2026 01:53:41 PM [] []
[2026-04-21 13:53:51] SlimMonoLogger.INFO: Cron ran at: 21-04-2026 01:53:51 PM [] []
[2026-04-21 13:53:51] SlimMonoLogger.INFO: Cron ran at: 21-04-2026 01:53:51 PM [] []
[2026-04-21 13:54:01] SlimMonoLogger.INFO: Cron ran at: 21-04-2026 01:54:01 PM [] []
[2026-04-21 13:54:11] SlimMonoLogger.INFO: Cron ran at: 21-04-2026 01:54:11 PM [] []
[2026-04-21 13:54:12] SlimMonoLogger.INFO: Cron ran at: 21-04-2026 01:54:12 PM [] []
[2026-04-21 13:54:12] SlimMonoLogger.INFO: Cron ran at: 21-04-2026 01:54:12 PM [] []
[2026-04-21 13:54:12] SlimMonoLogger.INFO: Cron ran at: 21-04-2026 01:54:12 PM [] []
[2026-04-21 13:54:38] SlimMonoLogger.INFO: Cron ran at: 21-04-2026 01:54:38 PM [] []
[2026-04-21 13:54:39] SlimMonoLogger.INFO: Cron ran at: 21-04-2026 01:54:39 PM [] []
[2026-04-21 13:54:42] SlimMonoLogger.INFO: Cron ran at: 21-04-2026 01:54:42 PM [] []
[2026-04-21 13:54:51] SlimMonoLogger.INFO: Cron ran at: 21-04-2026 01:54:51 PM [] []
[2026-04-21 13:54:52] SlimMonoLogger.INFO: Cron ran at: 21-04-2026 01:54:52 PM [] []
[2026-04-21 13:54:59] SlimMonoLogger.INFO: Cron ran at: 21-04-2026 01:54:59 PM [] []
[2026-04-21 13:55:00] SlimMonoLogger.INFO: Cron ran at: 21-04-2026 01:55:00 PM [] []
[2026-04-21 13:55:14] SlimMonoLogger.INFO: Cron ran at: 21-04-2026 01:55:14 PM [] []
[2026-04-21 13:55:14] SlimMonoLogger.INFO: Cron ran at: 21-04-2026 01:55:14 PM [] []
[2026-04-21 13:55:20] SlimMonoLogger.INFO: Cron ran at: 21-04-2026 01:55:20 PM [] []
[2026-04-21 13:55:25] SlimMonoLogger.INFO: Cron ran at: 21-04-2026 01:55:25 PM [] []
[2026-04-21 13:55:41] SlimMonoLogger.INFO: Cron ran at: 21-04-2026 01:55:41 PM [] []
[2026-04-21 13:55:45] SlimMonoLogger.INFO: Cron ran at: 21-04-2026 01:55:45 PM [] []
[2026-04-21 13:55:45] SlimMonoLogger.INFO: Cron ran at: 21-04-2026 01:55:45 PM [] []
[2026-04-21 13:56:10] SlimMonoLogger.INFO: Cron ran at: 21-04-2026 01:56:10 PM [] []
[2026-04-21 13:56:10] SlimMonoLogger.INFO: Cron ran at: 21-04-2026 01:56:10 PM [] []
[2026-04-21 13:56:10] SlimMonoLogger.INFO: Cron ran at: 21-04-2026 01:56:10 PM [] []
[2026-04-21 13:56:16] SlimMonoLogger.INFO: Cron ran at: 21-04-2026 01:56:16 PM [] []
[2026-04-21 13:56:22] SlimMonoLogger.INFO: Cron ran at: 21-04-2026 01:56:22 PM [] []
[2026-04-21 13:56:22] SlimMonoLogger.INFO: Cron ran at: 21-04-2026 01:56:22 PM [] []
[2026-04-21 13:56:26] SlimMonoLogger.INFO: Cron ran at: 21-04-2026 01:56:26 PM [] []
[2026-04-21 13:56:26] SlimMonoLogger.INFO: Cron ran at: 21-04-2026 01:56:26 PM [] []
[2026-04-21 13:56:29] SlimMonoLogger.INFO: Cron ran at: 21-04-2026 01:56:29 PM [] []
[2026-04-21 13:56:44] SlimMonoLogger.INFO: Cron ran at: 21-04-2026 01:56:44 PM [] []
[2026-04-21 13:56:44] SlimMonoLogger.INFO: Cron ran at: 21-04-2026 01:56:44 PM [] []
[2026-04-21 13:56:53] SlimMonoLogger.INFO: Cron ran at: 21-04-2026 01:56:53 PM [] []
[2026-04-21 13:56:55] SlimMonoLogger.INFO: Cron ran at: 21-04-2026 01:56:55 PM [] []
[2026-04-21 13:57:07] SlimMonoLogger.INFO: Cron ran at: 21-04-2026 01:57:07 PM [] []
[2026-04-21 13:57:07] SlimMonoLogger.INFO: Cron ran at: 21-04-2026 01:57:07 PM [] []
[2026-04-21 13:57:14] SlimMonoLogger.INFO: Cron ran at: 21-04-2026 01:57:14 PM [] []
[2026-04-21 13:57:15] SlimMonoLogger.INFO: Cron ran at: 21-04-2026 01:57:15 PM [] []
[2026-04-21 13:57:21] SlimMonoLogger.INFO: Cron ran at: 21-04-2026 01:57:21 PM [] []
[2026-04-21 13:57:24] SlimMonoLogger.INFO: Cron ran at: 21-04-2026 01:57:24 PM [] []
[2026-04-21 13:57:27] SlimMonoLogger.INFO: Cron ran at: 21-04-2026 01:57:27 PM [] []
[2026-04-21 13:57:27] SlimMonoLogger.INFO: Cron ran at: 21-04-2026 01:57:27 PM [] []
[2026-04-21 13:57:48] SlimMonoLogger.INFO: Cron ran at: 21-04-2026 01:57:48 PM [] []
[2026-04-21 13:57:54] SlimMonoLogger.INFO: Cron ran at: 21-04-2026 01:57:54 PM [] []
[2026-04-21 13:57:54] SlimMonoLogger.INFO: Cron ran at: 21-04-2026 01:57:54 PM [] []
[2026-04-21 13:58:06] SlimMonoLogger.INFO: Cron ran at: 21-04-2026 01:58:06 PM [] []
[2026-04-21 13:58:06] SlimMonoLogger.INFO: Cron ran at: 21-04-2026 01:58:06 PM [] []
[2026-04-21 13:58:14] SlimMonoLogger.INFO: Cron ran at: 21-04-2026 01:58:14 PM [] []
[2026-04-21 13:58:14] SlimMonoLogger.INFO: Cron ran at: 21-04-2026 01:58:14 PM [] []
[2026-04-21 13:58:15] SlimMonoLogger.INFO: Cron ran at: 21-04-2026 01:58:15 PM [] []
[2026-04-21 13:58:23] SlimMonoLogger.INFO: Cron ran at: 21-04-2026 01:58:23 PM [] []
[2026-04-21 13:58:25] SlimMonoLogger.INFO: Cron ran at: 21-04-2026 01:58:25 PM [] []
[2026-04-21 13:58:27] SlimMonoLogger.INFO: Cron ran at: 21-04-2026 01:58:27 PM [] []
[2026-04-21 13:58:37] SlimMonoLogger.INFO: Cron ran at: 21-04-2026 01:58:37 PM [] []
[2026-04-21 13:58:51] SlimMonoLogger.INFO: Cron ran at: 21-04-2026 01:58:51 PM [] []
[2026-04-21 13:58:54] SlimMonoLogger.INFO: Cron ran at: 21-04-2026 01:58:54 PM [] []
[2026-04-21 13:59:07] SlimMonoLogger.INFO: Cron ran at: 21-04-2026 01:59:07 PM [] []
[2026-04-21 13:59:10] SlimMonoLogger.INFO: Cron ran at: 21-04-2026 01:59:10 PM [] []
[2026-04-21 13:59:12] SlimMonoLogger.INFO: Cron ran at: 21-04-2026 01:59:12 PM [] []
[2026-04-21 13:59:12] SlimMonoLogger.INFO: Cron ran at: 21-04-2026 01:59:12 PM [] []
[2026-04-21 13:59:13] SlimMonoLogger.INFO: Cron ran at: 21-04-2026 01:59:13 PM [] []
[2026-04-21 13:59:18] SlimMonoLogger.INFO: Cron ran at: 21-04-2026 01:59:18 PM [] []
[2026-04-21 13:59:24] SlimMonoLogger.INFO: Cron ran at: 21-04-2026 01:59:24 PM [] []
[2026-04-21 13:59:34] SlimMonoLogger.INFO: Cron ran at: 21-04-2026 01:59:34 PM [] []
[2026-04-21 13:59:38] SlimMonoLogger.INFO: Cron ran at: 21-04-2026 01:59:38 PM [] []
[2026-04-21 13:59:47] SlimMonoLogger.INFO: Cron ran at: 21-04-2026 01:59:47 PM [] []
[2026-04-21 13:59:51] SlimMonoLogger.INFO: Cron ran at: 21-04-2026 01:59:51 PM [] []
[2026-04-21 14:00:12] SlimMonoLogger.INFO: Cron ran at: 21-04-2026 02:00:12 PM [] []
[2026-04-21 14:00:12] SlimMonoLogger.INFO: Cron ran at: 21-04-2026 02:00:12 PM [] []
[2026-04-21 14:00:13] SlimMonoLogger.INFO: Cron ran at: 21-04-2026 02:00:13 PM [] []
[2026-04-21 14:00:29] SlimMonoLogger.INFO: Cron ran at: 21-04-2026 02:00:29 PM [] []
[2026-04-21 14:00:30] SlimMonoLogger.INFO: Cron ran at: 21-04-2026 02:00:30 PM [] []
[2026-04-21 14:00:30] SlimMonoLogger.INFO: Cron ran at: 21-04-2026 02:00:30 PM [] []
[2026-04-21 14:00:31] SlimMonoLogger.INFO: Cron ran at: 21-04-2026 02:00:31 PM [] []
[2026-04-21 14:00:46] SlimMonoLogger.INFO: Cron ran at: 21-04-2026 02:00:46 PM [] []
[2026-04-21 14:00:46] SlimMonoLogger.INFO: Cron ran at: 21-04-2026 02:00:46 PM [] []
[2026-04-21 14:01:10] SlimMonoLogger.INFO: Cron ran at: 21-04-2026 02:01:10 PM [] []
[2026-04-21 14:01:10] SlimMonoLogger.INFO: Cron ran at: 21-04-2026 02:01:10 PM [] []
[2026-04-21 14:01:26] SlimMonoLogger.INFO: Cron ran at: 21-04-2026 02:01:26 PM [] []
[2026-04-21 14:01:27] SlimMonoLogger.INFO: Cron ran at: 21-04-2026 02:01:27 PM [] []
[2026-04-21 14:01:29] SlimMonoLogger.INFO: Cron ran at: 21-04-2026 02:01:29 PM [] []
[2026-04-21 14:01:30] SlimMonoLogger.INFO: Cron ran at: 21-04-2026 02:01:30 PM [] []
[2026-04-21 14:01:30] SlimMonoLogger.INFO: Cron ran at: 21-04-2026 02:01:30 PM [] []
[2026-04-21 14:01:31] SlimMonoLogger.INFO: Cron ran at: 21-04-2026 02:01:31 PM [] []
[2026-04-21 14:01:40] SlimMonoLogger.INFO: Cron ran at: 21-04-2026 02:01:40 PM [] []
[2026-04-21 14:01:45] SlimMonoLogger.INFO: Cron ran at: 21-04-2026 02:01:45 PM [] []
[2026-04-21 14:01:49] SlimMonoLogger.INFO: Cron ran at: 21-04-2026 02:01:49 PM [] []
[2026-04-21 14:01:56] SlimMonoLogger.INFO: Cron ran at: 21-04-2026 02:01:56 PM [] []
[2026-04-21 14:02:11] SlimMonoLogger.INFO: Cron ran at: 21-04-2026 02:02:11 PM [] []
[2026-04-21 14:02:13] SlimMonoLogger.INFO: Cron ran at: 21-04-2026 02:02:13 PM [] []
[2026-04-21 14:02:23] SlimMonoLogger.INFO: Cron ran at: 21-04-2026 02:02:23 PM [] []
[2026-04-21 14:02:26] SlimMonoLogger.INFO: Cron ran at: 21-04-2026 02:02:26 PM [] []
[2026-04-21 14:02:27] SlimMonoLogger.INFO: Cron ran at: 21-04-2026 02:02:27 PM [] []
[2026-04-21 14:02:28] SlimMonoLogger.INFO: Cron ran at: 21-04-2026 02:02:28 PM [] []
[2026-04-21 14:02:29] SlimMonoLogger.INFO: Cron ran at: 21-04-2026 02:02:29 PM [] []
[2026-04-21 14:02:30] SlimMonoLogger.INFO: Cron ran at: 21-04-2026 02:02:30 PM [] []
[2026-04-21 14:02:31] SlimMonoLogger.INFO: Cron ran at: 21-04-2026 02:02:31 PM [] []
[2026-04-21 14:02:37] SlimMonoLogger.INFO: Cron ran at: 21-04-2026 02:02:37 PM [] []
[2026-04-21 14:02:51] SlimMonoLogger.INFO: Cron ran at: 21-04-2026 02:02:51 PM [] []
[2026-04-21 14:02:52] SlimMonoLogger.INFO: Cron ran at: 21-04-2026 02:02:52 PM [] []
[2026-04-21 14:03:05] SlimMonoLogger.INFO: Cron ran at: 21-04-2026 02:03:05 PM [] []
[2026-04-21 14:03:21] SlimMonoLogger.INFO: Cron ran at: 21-04-2026 02:03:21 PM [] []
[2026-04-21 14:03:22] SlimMonoLogger.INFO: Cron ran at: 21-04-2026 02:03:22 PM [] []
[2026-04-21 14:03:22] SlimMonoLogger.INFO: Cron ran at: 21-04-2026 02:03:22 PM [] []
[2026-04-21 14:03:23] SlimMonoLogger.INFO: Cron ran at: 21-04-2026 02:03:23 PM [] []
[2026-04-21 14:03:26] SlimMonoLogger.INFO: Cron ran at: 21-04-2026 02:03:26 PM [] []
[2026-04-21 14:03:26] SlimMonoLogger.INFO: Cron ran at: 21-04-2026 02:03:26 PM [] []
[2026-04-21 14:03:29] SlimMonoLogger.INFO: Cron ran at: 21-04-2026 02:03:29 PM [] []
[2026-04-21 14:03:33] SlimMonoLogger.INFO: Cron ran at: 21-04-2026 02:03:33 PM [] []
[2026-04-21 14:03:33] SlimMonoLogger.INFO: Cron ran at: 21-04-2026 02:03:33 PM [] []
[2026-04-21 14:03:49] SlimMonoLogger.INFO: Cron ran at: 21-04-2026 02:03:49 PM [] []
[2026-04-21 14:03:50] SlimMonoLogger.INFO: Cron ran at: 21-04-2026 02:03:50 PM [] []
[2026-04-21 14:04:20] SlimMonoLogger.INFO: Cron ran at: 21-04-2026 02:04:20 PM [] []
[2026-04-21 14:04:20] SlimMonoLogger.INFO: Cron ran at: 21-04-2026 02:04:20 PM [] []
[2026-04-21 14:04:21] SlimMonoLogger.INFO: Cron ran at: 21-04-2026 02:04:21 PM [] []
[2026-04-21 14:04:25] SlimMonoLogger.INFO: Cron ran at: 21-04-2026 02:04:25 PM [] []
[2026-04-21 14:04:25] SlimMonoLogger.INFO: Cron ran at: 21-04-2026 02:04:25 PM [] []
[2026-04-21 14:04:29] SlimMonoLogger.INFO: Cron ran at: 21-04-2026 02:04:29 PM [] []
[2026-04-21 14:04:33] SlimMonoLogger.INFO: Cron ran at: 21-04-2026 02:04:33 PM [] []
[2026-04-21 14:04:34] SlimMonoLogger.INFO: Cron ran at: 21-04-2026 02:04:34 PM [] []
[2026-04-21 14:04:39] SlimMonoLogger.INFO: Cron ran at: 21-04-2026 02:04:39 PM [] []
[2026-04-21 14:04:47] SlimMonoLogger.INFO: Cron ran at: 21-04-2026 02:04:47 PM [] []
[2026-04-21 14:05:00] SlimMonoLogger.INFO: Cron ran at: 21-04-2026 02:05:00 PM [] []
[2026-04-21 14:05:16] SlimMonoLogger.INFO: Cron ran at: 21-04-2026 02:05:16 PM [] []
[2026-04-21 14:05:41] SlimMonoLogger.INFO: Cron ran at: 21-04-2026 02:05:41 PM [] []
[2026-04-21 14:05:54] SlimMonoLogger.INFO: Cron ran at: 21-04-2026 02:05:54 PM [] []
[2026-04-21 14:05:54] SlimMonoLogger.INFO: Cron ran at: 21-04-2026 02:05:54 PM [] []
[2026-04-21 14:05:55] SlimMonoLogger.INFO: Cron ran at: 21-04-2026 02:05:55 PM [] []
[2026-04-21 14:06:03] SlimMonoLogger.INFO: Cron ran at: 21-04-2026 02:06:03 PM [] []
[2026-04-21 14:06:04] SlimMonoLogger.INFO: Cron ran at: 21-04-2026 02:06:04 PM [] []
[2026-04-21 14:06:17] SlimMonoLogger.INFO: Cron ran at: 21-04-2026 02:06:17 PM [] []
[2026-04-21 14:06:18] SlimMonoLogger.INFO: Cron ran at: 21-04-2026 02:06:18 PM [] []
[2026-04-21 14:06:18] SlimMonoLogger.INFO: Cron ran at: 21-04-2026 02:06:18 PM [] []
[2026-04-21 14:06:18] SlimMonoLogger.INFO: Cron ran at: 21-04-2026 02:06:18 PM [] []
[2026-04-21 14:06:24] SlimMonoLogger.INFO: Cron ran at: 21-04-2026 02:06:24 PM [] []
[2026-04-21 14:06:25] SlimMonoLogger.INFO: Cron ran at: 21-04-2026 02:06:25 PM [] []
[2026-04-21 14:06:28] SlimMonoLogger.INFO: Cron ran at: 21-04-2026 02:06:28 PM [] []
[2026-04-21 14:06:29] SlimMonoLogger.INFO: Cron ran at: 21-04-2026 02:06:29 PM [] []
[2026-04-21 14:06:36] SlimMonoLogger.INFO: Cron ran at: 21-04-2026 02:06:36 PM [] []
[2026-04-21 14:06:52] SlimMonoLogger.INFO: Cron ran at: 21-04-2026 02:06:52 PM [] []
[2026-04-21 14:06:53] SlimMonoLogger.INFO: Cron ran at: 21-04-2026 02:06:53 PM [] []
[2026-04-21 14:06:54] SlimMonoLogger.INFO: Cron ran at: 21-04-2026 02:06:54 PM [] []
[2026-04-21 14:06:54] SlimMonoLogger.INFO: Cron ran at: 21-04-2026 02:06:54 PM [] []
[2026-04-21 14:06:54] SlimMonoLogger.INFO: Cron ran at: 21-04-2026 02:06:54 PM [] []
[2026-04-21 14:06:59] SlimMonoLogger.INFO: Cron ran at: 21-04-2026 02:06:59 PM [] []
[2026-04-21 14:07:02] SlimMonoLogger.INFO: Cron ran at: 21-04-2026 02:07:02 PM [] []
[2026-04-21 14:07:22] SlimMonoLogger.INFO: Cron ran at: 21-04-2026 02:07:22 PM [] []
[2026-04-21 14:07:25] SlimMonoLogger.INFO: Cron ran at: 21-04-2026 02:07:25 PM [] []
[2026-04-21 14:07:26] SlimMonoLogger.INFO: Cron ran at: 21-04-2026 02:07:26 PM [] []
[2026-04-21 14:07:32] SlimMonoLogger.INFO: Cron ran at: 21-04-2026 02:07:32 PM [] []
[2026-04-21 14:07:34] SlimMonoLogger.INFO: Cron ran at: 21-04-2026 02:07:34 PM [] []
[2026-04-21 14:07:35] SlimMonoLogger.INFO: Cron ran at: 21-04-2026 02:07:35 PM [] []
[2026-04-21 14:07:40] SlimMonoLogger.INFO: Cron ran at: 21-04-2026 02:07:40 PM [] []
[2026-04-21 14:07:44] SlimMonoLogger.INFO: Cron ran at: 21-04-2026 02:07:44 PM [] []
[2026-04-21 14:07:46] SlimMonoLogger.INFO: Cron ran at: 21-04-2026 02:07:46 PM [] []
[2026-04-21 14:07:49] SlimMonoLogger.INFO: Cron ran at: 21-04-2026 02:07:49 PM [] []
[2026-04-21 14:07:57] SlimMonoLogger.INFO: Cron ran at: 21-04-2026 02:07:57 PM [] []
[2026-04-21 14:08:19] SlimMonoLogger.INFO: Cron ran at: 21-04-2026 02:08:19 PM [] []
[2026-04-21 14:08:30] SlimMonoLogger.INFO: Cron ran at: 21-04-2026 02:08:30 PM [] []
[2026-04-21 14:08:33] SlimMonoLogger.INFO: Cron ran at: 21-04-2026 02:08:33 PM [] []
[2026-04-21 14:08:35] SlimMonoLogger.INFO: Cron ran at: 21-04-2026 02:08:35 PM [] []
[2026-04-21 14:08:35] SlimMonoLogger.INFO: Cron ran at: 21-04-2026 02:08:35 PM [] []
[2026-04-21 14:08:44] SlimMonoLogger.INFO: Cron ran at: 21-04-2026 02:08:44 PM [] []
[2026-04-21 14:08:45] SlimMonoLogger.INFO: Cron ran at: 21-04-2026 02:08:45 PM [] []
[2026-04-21 14:08:50] SlimMonoLogger.INFO: Cron ran at: 21-04-2026 02:08:50 PM [] []
[2026-04-21 14:08:51] SlimMonoLogger.INFO: Cron ran at: 21-04-2026 02:08:51 PM [] []
[2026-04-21 14:08:52] SlimMonoLogger.INFO: Cron ran at: 21-04-2026 02:08:52 PM [] []
[2026-04-21 14:08:58] SlimMonoLogger.INFO: Cron ran at: 21-04-2026 02:08:58 PM [] []
[2026-04-21 14:09:17] SlimMonoLogger.INFO: Cron ran at: 21-04-2026 02:09:17 PM [] []
[2026-04-21 14:09:22] SlimMonoLogger.INFO: Cron ran at: 21-04-2026 02:09:22 PM [] []
[2026-04-21 14:09:34] SlimMonoLogger.INFO: Cron ran at: 21-04-2026 02:09:34 PM [] []
[2026-04-21 14:09:35] SlimMonoLogger.INFO: Cron ran at: 21-04-2026 02:09:35 PM [] []
[2026-04-21 14:09:36] SlimMonoLogger.INFO: Cron ran at: 21-04-2026 02:09:36 PM [] []
[2026-04-21 14:09:44] SlimMonoLogger.INFO: Cron ran at: 21-04-2026 02:09:44 PM [] []
[2026-04-21 14:09:44] SlimMonoLogger.INFO: Cron ran at: 21-04-2026 02:09:44 PM [] []
[2026-04-21 14:09:53] SlimMonoLogger.INFO: Cron ran at: 21-04-2026 02:09:53 PM [] []
[2026-04-21 14:09:55] SlimMonoLogger.INFO: Cron ran at: 21-04-2026 02:09:55 PM [] []
[2026-04-21 14:09:56] SlimMonoLogger.INFO: Cron ran at: 21-04-2026 02:09:56 PM [] []
[2026-04-21 14:10:06] SlimMonoLogger.INFO: Cron ran at: 21-04-2026 02:10:06 PM [] []
[2026-04-21 14:10:16] SlimMonoLogger.INFO: Cron ran at: 21-04-2026 02:10:16 PM [] []
[2026-04-21 14:10:24] SlimMonoLogger.INFO: Cron ran at: 21-04-2026 02:10:24 PM [] []
[2026-04-21 14:10:33] SlimMonoLogger.INFO: Cron ran at: 21-04-2026 02:10:33 PM [] []
[2026-04-21 14:10:33] SlimMonoLogger.INFO: Cron ran at: 21-04-2026 02:10:33 PM [] []
[2026-04-21 14:10:39] SlimMonoLogger.INFO: Cron ran at: 21-04-2026 02:10:39 PM [] []
[2026-04-21 14:10:45] SlimMonoLogger.INFO: Cron ran at: 21-04-2026 02:10:45 PM [] []
[2026-04-21 14:10:51] SlimMonoLogger.INFO: Cron ran at: 21-04-2026 02:10:51 PM [] []
[2026-04-21 14:10:52] SlimMonoLogger.INFO: Cron ran at: 21-04-2026 02:10:52 PM [] []
[2026-04-21 14:11:02] SlimMonoLogger.INFO: Cron ran at: 21-04-2026 02:11:02 PM [] []
[2026-04-21 14:11:03] SlimMonoLogger.INFO: Cron ran at: 21-04-2026 02:11:03 PM [] []
[2026-04-21 14:11:03] SlimMonoLogger.INFO: Cron ran at: 21-04-2026 02:11:03 PM [] []
[2026-04-21 14:11:28] SlimMonoLogger.INFO: Cron ran at: 21-04-2026 02:11:28 PM [] []
[2026-04-21 14:11:30] SlimMonoLogger.INFO: Cron ran at: 21-04-2026 02:11:30 PM [] []
[2026-04-21 14:11:30] SlimMonoLogger.INFO: Cron ran at: 21-04-2026 02:11:30 PM [] []
[2026-04-21 14:11:32] SlimMonoLogger.INFO: Cron ran at: 21-04-2026 02:11:32 PM [] []
[2026-04-21 14:11:40] SlimMonoLogger.INFO: Cron ran at: 21-04-2026 02:11:40 PM [] []
[2026-04-21 14:11:41] SlimMonoLogger.INFO: Cron ran at: 21-04-2026 02:11:41 PM [] []
[2026-04-21 14:11:49] SlimMonoLogger.INFO: Cron ran at: 21-04-2026 02:11:49 PM [] []
[2026-04-21 14:11:50] SlimMonoLogger.INFO: Cron ran at: 21-04-2026 02:11:50 PM [] []
[2026-04-21 14:12:01] SlimMonoLogger.INFO: Cron ran at: 21-04-2026 02:12:01 PM [] []
[2026-04-21 14:12:01] SlimMonoLogger.INFO: Cron ran at: 21-04-2026 02:12:01 PM [] []
[2026-04-21 14:12:02] SlimMonoLogger.INFO: Cron ran at: 21-04-2026 02:12:02 PM [] []
[2026-04-21 14:12:02] SlimMonoLogger.INFO: Cron ran at: 21-04-2026 02:12:02 PM [] []
[2026-04-21 14:12:30] SlimMonoLogger.INFO: Cron ran at: 21-04-2026 02:12:30 PM [] []
[2026-04-21 14:12:30] SlimMonoLogger.INFO: Cron ran at: 21-04-2026 02:12:30 PM [] []
[2026-04-21 14:12:30] SlimMonoLogger.INFO: Cron ran at: 21-04-2026 02:12:30 PM [] []
[2026-04-21 14:12:31] SlimMonoLogger.INFO: Cron ran at: 21-04-2026 02:12:31 PM [] []
[2026-04-21 14:12:31] SlimMonoLogger.INFO: Cron ran at: 21-04-2026 02:12:31 PM [] []
[2026-04-21 14:12:34] SlimMonoLogger.INFO: Cron ran at: 21-04-2026 02:12:34 PM [] []
[2026-04-21 14:12:51] SlimMonoLogger.INFO: Cron ran at: 21-04-2026 02:12:51 PM [] []
[2026-04-21 14:12:51] SlimMonoLogger.INFO: Cron ran at: 21-04-2026 02:12:51 PM [] []
[2026-04-21 14:13:00] SlimMonoLogger.INFO: Cron ran at: 21-04-2026 02:13:00 PM [] []
[2026-04-21 14:13:00] SlimMonoLogger.INFO: Cron ran at: 21-04-2026 02:13:00 PM [] []
[2026-04-21 14:13:01] SlimMonoLogger.INFO: Cron ran at: 21-04-2026 02:13:01 PM [] []
[2026-04-21 14:13:06] SlimMonoLogger.INFO: Cron ran at: 21-04-2026 02:13:06 PM [] []
[2026-04-21 14:13:19] SlimMonoLogger.INFO: Cron ran at: 21-04-2026 02:13:19 PM [] []
[2026-04-21 14:13:20] SlimMonoLogger.INFO: Cron ran at: 21-04-2026 02:13:20 PM [] []
[2026-04-21 14:13:22] SlimMonoLogger.INFO: Cron ran at: 21-04-2026 02:13:22 PM [] []
[2026-04-21 14:13:44] SlimMonoLogger.INFO: Cron ran at: 21-04-2026 02:13:44 PM [] []
[2026-04-21 14:13:44] SlimMonoLogger.INFO: Cron ran at: 21-04-2026 02:13:44 PM [] []
[2026-04-21 14:13:45] SlimMonoLogger.INFO: Cron ran at: 21-04-2026 02:13:45 PM [] []
[2026-04-21 14:13:47] SlimMonoLogger.INFO: Cron ran at: 21-04-2026 02:13:47 PM [] []
[2026-04-21 14:13:57] SlimMonoLogger.INFO: Cron ran at: 21-04-2026 02:13:57 PM [] []
[2026-04-21 14:14:06] SlimMonoLogger.INFO: Cron ran at: 21-04-2026 02:14:06 PM [] []
[2026-04-21 14:14:07] SlimMonoLogger.INFO: Cron ran at: 21-04-2026 02:14:07 PM [] []
[2026-04-21 14:14:12] SlimMonoLogger.INFO: Cron ran at: 21-04-2026 02:14:12 PM [] []
[2026-04-21 14:14:22] SlimMonoLogger.INFO: Cron ran at: 21-04-2026 02:14:22 PM [] []
[2026-04-21 14:14:26] SlimMonoLogger.INFO: Cron ran at: 21-04-2026 02:14:26 PM [] []
[2026-04-21 14:14:32] SlimMonoLogger.INFO: Cron ran at: 21-04-2026 02:14:32 PM [] []
[2026-04-21 14:14:33] SlimMonoLogger.INFO: Cron ran at: 21-04-2026 02:14:33 PM [] []
[2026-04-21 14:14:40] SlimMonoLogger.INFO: Cron ran at: 21-04-2026 02:14:40 PM [] []
[2026-04-21 14:14:46] SlimMonoLogger.INFO: Cron ran at: 21-04-2026 02:14:46 PM [] []
[2026-04-21 14:14:46] SlimMonoLogger.INFO: Cron ran at: 21-04-2026 02:14:46 PM [] []
[2026-04-21 14:15:13] SlimMonoLogger.INFO: Cron ran at: 21-04-2026 02:15:13 PM [] []
[2026-04-21 14:15:14] SlimMonoLogger.INFO: Cron ran at: 21-04-2026 02:15:14 PM [] []
[2026-04-21 14:15:16] SlimMonoLogger.INFO: Cron ran at: 21-04-2026 02:15:16 PM [] []
[2026-04-21 14:15:16] SlimMonoLogger.INFO: Cron ran at: 21-04-2026 02:15:16 PM [] []
[2026-04-21 14:15:21] SlimMonoLogger.INFO: Cron ran at: 21-04-2026 02:15:21 PM [] []
[2026-04-21 14:15:30] SlimMonoLogger.INFO: Cron ran at: 21-04-2026 02:15:30 PM [] []
[2026-04-21 14:15:35] SlimMonoLogger.INFO: Cron ran at: 21-04-2026 02:15:35 PM [] []
[2026-04-21 14:15:36] SlimMonoLogger.INFO: Cron ran at: 21-04-2026 02:15:36 PM [] []
[2026-04-21 14:15:43] SlimMonoLogger.INFO: Cron ran at: 21-04-2026 02:15:43 PM [] []
[2026-04-21 14:15:53] SlimMonoLogger.INFO: Cron ran at: 21-04-2026 02:15:53 PM [] []
[2026-04-21 14:16:01] SlimMonoLogger.INFO: Cron ran at: 21-04-2026 02:16:01 PM [] []
[2026-04-21 14:16:17] SlimMonoLogger.INFO: Cron ran at: 21-04-2026 02:16:17 PM [] []
[2026-04-21 14:16:18] SlimMonoLogger.INFO: Cron ran at: 21-04-2026 02:16:18 PM [] []
[2026-04-21 14:16:29] SlimMonoLogger.INFO: Cron ran at: 21-04-2026 02:16:29 PM [] []
[2026-04-21 14:16:29] SlimMonoLogger.INFO: Cron ran at: 21-04-2026 02:16:29 PM [] []
[2026-04-21 14:16:30] SlimMonoLogger.INFO: Cron ran at: 21-04-2026 02:16:30 PM [] []
[2026-04-21 14:16:30] SlimMonoLogger.INFO: Cron ran at: 21-04-2026 02:16:30 PM [] []
[2026-04-21 14:16:31] SlimMonoLogger.INFO: Cron ran at: 21-04-2026 02:16:31 PM [] []
[2026-04-21 14:16:34] SlimMonoLogger.INFO: Cron ran at: 21-04-2026 02:16:34 PM [] []
[2026-04-21 14:16:37] SlimMonoLogger.INFO: Cron ran at: 21-04-2026 02:16:37 PM [] []
[2026-04-21 14:16:40] SlimMonoLogger.INFO: Cron ran at: 21-04-2026 02:16:40 PM [] []
[2026-04-21 14:17:01] SlimMonoLogger.INFO: Cron ran at: 21-04-2026 02:17:01 PM [] []
[2026-04-21 14:17:01] SlimMonoLogger.INFO: Cron ran at: 21-04-2026 02:17:01 PM [] []
[2026-04-21 14:17:08] SlimMonoLogger.INFO: Cron ran at: 21-04-2026 02:17:08 PM [] []
[2026-04-21 14:17:20] SlimMonoLogger.INFO: Cron ran at: 21-04-2026 02:17:20 PM [] []
[2026-04-21 14:17:25] SlimMonoLogger.INFO: Cron ran at: 21-04-2026 02:17:25 PM [] []
[2026-04-21 14:17:26] SlimMonoLogger.INFO: Cron ran at: 21-04-2026 02:17:26 PM [] []
[2026-04-21 14:17:26] SlimMonoLogger.INFO: Cron ran at: 21-04-2026 02:17:26 PM [] []
[2026-04-21 14:17:40] SlimMonoLogger.INFO: Cron ran at: 21-04-2026 02:17:40 PM [] []
[2026-04-21 14:17:41] SlimMonoLogger.INFO: Cron ran at: 21-04-2026 02:17:41 PM [] []
[2026-04-21 14:17:51] SlimMonoLogger.INFO: Cron ran at: 21-04-2026 02:17:51 PM [] []
[2026-04-21 14:17:56] SlimMonoLogger.INFO: Cron ran at: 21-04-2026 02:17:56 PM [] []
[2026-04-21 14:17:57] SlimMonoLogger.INFO: Cron ran at: 21-04-2026 02:17:57 PM [] []
[2026-04-21 14:18:29] SlimMonoLogger.INFO: Cron ran at: 21-04-2026 02:18:29 PM [] []
[2026-04-21 14:18:29] SlimMonoLogger.INFO: Cron ran at: 21-04-2026 02:18:29 PM [] []
[2026-04-21 14:18:29] SlimMonoLogger.INFO: Cron ran at: 21-04-2026 02:18:29 PM [] []
[2026-04-21 14:18:30] SlimMonoLogger.INFO: Cron ran at: 21-04-2026 02:18:30 PM [] []
[2026-04-21 14:18:30] SlimMonoLogger.INFO: Cron ran at: 21-04-2026 02:18:30 PM [] []
[2026-04-21 14:18:35] SlimMonoLogger.INFO: Cron ran at: 21-04-2026 02:18:35 PM [] []
[2026-04-21 14:18:46] SlimMonoLogger.INFO: Cron ran at: 21-04-2026 02:18:46 PM [] []
[2026-04-21 14:18:51] SlimMonoLogger.INFO: Cron ran at: 21-04-2026 02:18:51 PM [] []
[2026-04-21 14:18:54] SlimMonoLogger.INFO: Cron ran at: 21-04-2026 02:18:54 PM [] []
[2026-04-21 14:19:00] SlimMonoLogger.INFO: Cron ran at: 21-04-2026 02:19:00 PM [] []
[2026-04-21 14:19:13] SlimMonoLogger.INFO: Cron ran at: 21-04-2026 02:19:13 PM [] []
[2026-04-21 14:19:19] SlimMonoLogger.INFO: Cron ran at: 21-04-2026 02:19:19 PM [] []
[2026-04-21 14:19:21] SlimMonoLogger.INFO: Cron ran at: 21-04-2026 02:19:21 PM [] []
[2026-04-21 14:19:29] SlimMonoLogger.INFO: Cron ran at: 21-04-2026 02:19:29 PM [] []
[2026-04-21 14:19:30] SlimMonoLogger.INFO: Cron ran at: 21-04-2026 02:19:30 PM [] []
[2026-04-21 14:19:33] SlimMonoLogger.INFO: Cron ran at: 21-04-2026 02:19:33 PM [] []
[2026-04-21 14:19:36] SlimMonoLogger.INFO: Cron ran at: 21-04-2026 02:19:36 PM [] []
[2026-04-21 14:19:45] SlimMonoLogger.INFO: Cron ran at: 21-04-2026 02:19:45 PM [] []
[2026-04-21 14:19:45] SlimMonoLogger.INFO: Cron ran at: 21-04-2026 02:19:45 PM [] []
[2026-04-21 14:19:53] SlimMonoLogger.INFO: Cron ran at: 21-04-2026 02:19:53 PM [] []
[2026-04-21 14:20:06] SlimMonoLogger.INFO: Cron ran at: 21-04-2026 02:20:06 PM [] []
[2026-04-21 14:20:07] SlimMonoLogger.INFO: Cron ran at: 21-04-2026 02:20:07 PM [] []
[2026-04-21 14:20:20] SlimMonoLogger.INFO: Cron ran at: 21-04-2026 02:20:20 PM [] []
[2026-04-21 14:20:21] SlimMonoLogger.INFO: Cron ran at: 21-04-2026 02:20:21 PM [] []
[2026-04-21 14:20:34] SlimMonoLogger.INFO: Cron ran at: 21-04-2026 02:20:34 PM [] []
[2026-04-21 14:20:34] SlimMonoLogger.INFO: Cron ran at: 21-04-2026 02:20:34 PM [] []
[2026-04-21 14:20:36] SlimMonoLogger.INFO: Cron ran at: 21-04-2026 02:20:36 PM [] []
[2026-04-21 14:20:39] SlimMonoLogger.INFO: Cron ran at: 21-04-2026 02:20:39 PM [] []
[2026-04-21 14:20:49] SlimMonoLogger.INFO: Cron ran at: 21-04-2026 02:20:49 PM [] []
[2026-04-21 14:21:01] SlimMonoLogger.INFO: Cron ran at: 21-04-2026 02:21:01 PM [] []
[2026-04-21 14:21:02] SlimMonoLogger.INFO: Cron ran at: 21-04-2026 02:21:02 PM [] []
[2026-04-21 14:21:10] SlimMonoLogger.INFO: Cron ran at: 21-04-2026 02:21:10 PM [] []
[2026-04-21 14:21:10] SlimMonoLogger.INFO: Cron ran at: 21-04-2026 02:21:10 PM [] []
[2026-04-21 14:21:23] SlimMonoLogger.INFO: Cron ran at: 21-04-2026 02:21:23 PM [] []
[2026-04-21 14:21:23] SlimMonoLogger.INFO: Cron ran at: 21-04-2026 02:21:23 PM [] []
[2026-04-21 14:21:31] SlimMonoLogger.INFO: Cron ran at: 21-04-2026 02:21:31 PM [] []
[2026-04-21 14:21:31] SlimMonoLogger.INFO: Cron ran at: 21-04-2026 02:21:31 PM [] []
[2026-04-21 14:21:33] SlimMonoLogger.INFO: Cron ran at: 21-04-2026 02:21:33 PM [] []
[2026-04-21 14:21:41] SlimMonoLogger.INFO: Cron ran at: 21-04-2026 02:21:41 PM [] []
[2026-04-21 14:21:41] SlimMonoLogger.INFO: Cron ran at: 21-04-2026 02:21:41 PM [] []
[2026-04-21 14:21:47] SlimMonoLogger.INFO: Cron ran at: 21-04-2026 02:21:47 PM [] []
[2026-04-21 14:21:54] SlimMonoLogger.INFO: Cron ran at: 21-04-2026 02:21:54 PM [] []
[2026-04-21 14:21:57] SlimMonoLogger.INFO: Cron ran at: 21-04-2026 02:21:57 PM [] []
[2026-04-21 14:22:09] SlimMonoLogger.INFO: Cron ran at: 21-04-2026 02:22:09 PM [] []
[2026-04-21 14:22:20] SlimMonoLogger.INFO: Cron ran at: 21-04-2026 02:22:20 PM [] []
[2026-04-21 14:22:20] SlimMonoLogger.INFO: Cron ran at: 21-04-2026 02:22:20 PM [] []
[2026-04-21 14:22:24] SlimMonoLogger.INFO: Cron ran at: 21-04-2026 02:22:24 PM [] []
[2026-04-21 14:22:32] SlimMonoLogger.INFO: Cron ran at: 21-04-2026 02:22:32 PM [] []
[2026-04-21 14:22:32] SlimMonoLogger.INFO: Cron ran at: 21-04-2026 02:22:32 PM [] []
[2026-04-21 14:22:38] SlimMonoLogger.INFO: Cron ran at: 21-04-2026 02:22:38 PM [] []
[2026-04-21 14:22:39] SlimMonoLogger.INFO: Cron ran at: 21-04-2026 02:22:39 PM [] []
[2026-04-21 14:22:40] SlimMonoLogger.INFO: Cron ran at: 21-04-2026 02:22:40 PM [] []
[2026-04-21 14:22:55] SlimMonoLogger.INFO: Cron ran at: 21-04-2026 02:22:55 PM [] []
[2026-04-21 14:22:57] SlimMonoLogger.INFO: Cron ran at: 21-04-2026 02:22:57 PM [] []
[2026-04-21 14:23:00] SlimMonoLogger.INFO: Cron ran at: 21-04-2026 02:23:00 PM [] []
[2026-04-21 14:23:23] SlimMonoLogger.INFO: Cron ran at: 21-04-2026 02:23:23 PM [] []
[2026-04-21 14:23:23] SlimMonoLogger.INFO: Cron ran at: 21-04-2026 02:23:23 PM [] []
[2026-04-21 14:23:23] SlimMonoLogger.INFO: Cron ran at: 21-04-2026 02:23:23 PM [] []
[2026-04-21 14:23:23] SlimMonoLogger.INFO: Cron ran at: 21-04-2026 02:23:23 PM [] []
[2026-04-21 14:23:30] SlimMonoLogger.INFO: Cron ran at: 21-04-2026 02:23:30 PM [] []
[2026-04-21 14:23:31] SlimMonoLogger.INFO: Cron ran at: 21-04-2026 02:23:31 PM [] []
[2026-04-21 14:23:34] SlimMonoLogger.INFO: Cron ran at: 21-04-2026 02:23:34 PM [] []
[2026-04-21 14:23:43] SlimMonoLogger.INFO: Cron ran at: 21-04-2026 02:23:43 PM [] []
[2026-04-21 14:23:46] SlimMonoLogger.INFO: Cron ran at: 21-04-2026 02:23:46 PM [] []
[2026-04-21 14:23:58] SlimMonoLogger.INFO: Cron ran at: 21-04-2026 02:23:58 PM [] []
[2026-04-21 14:24:11] SlimMonoLogger.INFO: Cron ran at: 21-04-2026 02:24:11 PM [] []
[2026-04-21 14:24:28] SlimMonoLogger.INFO: Cron ran at: 21-04-2026 02:24:28 PM [] []
[2026-04-21 14:24:28] SlimMonoLogger.INFO: Cron ran at: 21-04-2026 02:24:28 PM [] []
[2026-04-21 14:24:30] SlimMonoLogger.INFO: Cron ran at: 21-04-2026 02:24:30 PM [] []
[2026-04-21 14:24:30] SlimMonoLogger.INFO: Cron ran at: 21-04-2026 02:24:30 PM [] []
[2026-04-21 14:24:33] SlimMonoLogger.INFO: Cron ran at: 21-04-2026 02:24:33 PM [] []
[2026-04-21 14:24:45] SlimMonoLogger.INFO: Cron ran at: 21-04-2026 02:24:45 PM [] []
[2026-04-21 14:24:45] SlimMonoLogger.INFO: Cron ran at: 21-04-2026 02:24:45 PM [] []
[2026-04-21 14:24:51] SlimMonoLogger.INFO: Cron ran at: 21-04-2026 02:24:51 PM [] []
[2026-04-21 14:24:51] SlimMonoLogger.INFO: Cron ran at: 21-04-2026 02:24:51 PM [] []
[2026-04-21 14:25:00] SlimMonoLogger.INFO: Cron ran at: 21-04-2026 02:25:00 PM [] []
[2026-04-21 14:25:07] SlimMonoLogger.ERROR: Requests_Exception: cURL error 28: Operation timed out after 500002 milliseconds with 15824 bytes received in /home/latihtal/public_html/agregator1/src/vendor/rmccue/requests/library/Requests/Transport/cURL.php:422
Stack trace:
#0 /home/latihtal/public_html/agregator1/src/vendor/rmccue/requests/library/Requests/Transport/cURL.php(177): Requests_Transport_cURL->process_response()
#1 /home/latihtal/public_html/agregator1/src/vendor/rmccue/requests/library/Requests.php(379): Requests_Transport_cURL->request()
#2 /home/latihtal/public_html/agregator1/src/vendor/rmccue/requests/library/Requests/Session.php(205): Requests::request()
#3 /home/latihtal/public_html/agregator1/src/vendor/rmccue/requests/library/Requests/Session.php(132): Requests_Session->request()
#4 /home/latihtal/public_html/agregator1/src/drivers/Http/RssImporter.php(144): Requests_Session->get()
#5 /home/latihtal/public_html/agregator1/src/controllers/Dashboard/DashboardFeedsController.php(534): spark\drivers\Http\RssImporter->fetchPosts()
#6 /home/latihtal/public_html/agregator1/src/controllers/Site/SiteController.php(722): spark\controllers\Dashboard\DashboardFeedsController::importFeedPosts()
#7 [internal function]: spark\controllers\Site\SiteController->runTasks()
#8 /home/latihtal/public_html/agregator1/src/framework/Route.php(173): call_user_func_array()
#9 [internal function]: Slim\Route->Slim\{closure}()
#10 /home/latihtal/public_html/agregator1/src/framework/Route.php(468): call_user_func_array()
#11 /home/latihtal/public_html/agregator1/src/framework/Slim.php(1364): Slim\Route->dispatch()
#12 /home/latihtal/public_html/agregator1/src/framework/Middleware/Flash.php(85): Slim\Slim->call()
#13 /home/latihtal/public_html/agregator1/src/framework/Middleware/MethodOverride.php(92): Slim\Middleware\Flash->call()
#14 /home/latihtal/public_html/agregator1/src/middlewares/CsrfGuard/CsrfGuard.php(47): Slim\Middleware\MethodOverride->call()
#15 /home/latihtal/public_html/agregator1/src/framework/Middleware/PrettyExceptions.php(67): spark\middlewares\CsrfGuard\CsrfGuard->call()
#16 /home/latihtal/public_html/agregator1/src/framework/Slim.php(1308): Slim\Middleware\PrettyExceptions->call()
#17 /home/latihtal/public_html/agregator1/index.php(6): Slim\Slim->run()
#18 {main} [] []
[2026-04-21 14:25:12] SlimMonoLogger.INFO: Cron ran at: 21-04-2026 02:25:12 PM [] []
[2026-04-21 14:25:21] SlimMonoLogger.INFO: Cron ran at: 21-04-2026 02:25:21 PM [] []
[2026-04-21 14:25:21] SlimMonoLogger.INFO: Cron ran at: 21-04-2026 02:25:21 PM [] []
[2026-04-21 14:25:24] SlimMonoLogger.INFO: Cron ran at: 21-04-2026 02:25:24 PM [] []
[2026-04-21 14:25:29] SlimMonoLogger.INFO: Cron ran at: 21-04-2026 02:25:29 PM [] []
[2026-04-21 14:25:34] SlimMonoLogger.INFO: Cron ran at: 21-04-2026 02:25:34 PM [] []
[2026-04-21 14:25:39] SlimMonoLogger.INFO: Cron ran at: 21-04-2026 02:25:39 PM [] []
[2026-04-21 14:25:47] SlimMonoLogger.INFO: Cron ran at: 21-04-2026 02:25:47 PM [] []
[2026-04-21 14:25:47] SlimMonoLogger.INFO: Cron ran at: 21-04-2026 02:25:47 PM [] []
[2026-04-21 14:25:49] SlimMonoLogger.INFO: Cron ran at: 21-04-2026 02:25:49 PM [] []
[2026-04-21 14:25:51] SlimMonoLogger.INFO: Cron ran at: 21-04-2026 02:25:51 PM [] []
[2026-04-21 14:26:02] SlimMonoLogger.INFO: Cron ran at: 21-04-2026 02:26:02 PM [] []
[2026-04-21 14:26:06] SlimMonoLogger.INFO: Cron ran at: 21-04-2026 02:26:06 PM [] []
[2026-04-21 14:26:27] SlimMonoLogger.INFO: Cron ran at: 21-04-2026 02:26:27 PM [] []
[2026-04-21 14:26:27] SlimMonoLogger.INFO: Cron ran at: 21-04-2026 02:26:27 PM [] []
[2026-04-21 14:26:29] SlimMonoLogger.INFO: Cron ran at: 21-04-2026 02:26:29 PM [] []
[2026-04-21 14:26:36] SlimMonoLogger.INFO: Cron ran at: 21-04-2026 02:26:36 PM [] []
[2026-04-21 14:26:36] SlimMonoLogger.INFO: Cron ran at: 21-04-2026 02:26:36 PM [] []
[2026-04-21 14:26:45] SlimMonoLogger.INFO: Cron ran at: 21-04-2026 02:26:45 PM [] []
[2026-04-21 14:26:46] SlimMonoLogger.INFO: Cron ran at: 21-04-2026 02:26:46 PM [] []
[2026-04-21 14:26:55] SlimMonoLogger.INFO: Cron ran at: 21-04-2026 02:26:55 PM [] []
[2026-04-21 14:26:56] SlimMonoLogger.INFO: Cron ran at: 21-04-2026 02:26:56 PM [] []
[2026-04-21 14:26:59] SlimMonoLogger.INFO: Cron ran at: 21-04-2026 02:26:59 PM [] []
[2026-04-21 14:27:08] SlimMonoLogger.INFO: Cron ran at: 21-04-2026 02:27:08 PM [] []
[2026-04-21 14:27:22] SlimMonoLogger.INFO: Cron ran at: 21-04-2026 02:27:22 PM [] []
[2026-04-21 14:27:23] SlimMonoLogger.INFO: Cron ran at: 21-04-2026 02:27:23 PM [] []
[2026-04-21 14:27:27] SlimMonoLogger.INFO: Cron ran at: 21-04-2026 02:27:27 PM [] []
[2026-04-21 14:27:28] SlimMonoLogger.INFO: Cron ran at: 21-04-2026 02:27:28 PM [] []
[2026-04-21 14:27:32] SlimMonoLogger.INFO: Cron ran at: 21-04-2026 02:27:32 PM [] []
[2026-04-21 14:27:33] SlimMonoLogger.INFO: Cron ran at: 21-04-2026 02:27:33 PM [] []
[2026-04-21 14:27:41] SlimMonoLogger.INFO: Cron ran at: 21-04-2026 02:27:41 PM [] []
[2026-04-21 14:27:48] SlimMonoLogger.INFO: Cron ran at: 21-04-2026 02:27:48 PM [] []
[2026-04-21 14:27:49] SlimMonoLogger.INFO: Cron ran at: 21-04-2026 02:27:49 PM [] []
[2026-04-21 14:27:53] SlimMonoLogger.INFO: Cron ran at: 21-04-2026 02:27:53 PM [] []
[2026-04-21 14:27:53] SlimMonoLogger.INFO: Cron ran at: 21-04-2026 02:27:53 PM [] []
[2026-04-21 14:27:53] SlimMonoLogger.INFO: Cron ran at: 21-04-2026 02:27:53 PM [] []
[2026-04-21 14:28:10] SlimMonoLogger.INFO: Cron ran at: 21-04-2026 02:28:10 PM [] []
[2026-04-21 14:28:11] SlimMonoLogger.INFO: Cron ran at: 21-04-2026 02:28:11 PM [] []
[2026-04-21 14:28:12] SlimMonoLogger.INFO: Cron ran at: 21-04-2026 02:28:12 PM [] []
[2026-04-21 14:28:19] SlimMonoLogger.INFO: Cron ran at: 21-04-2026 02:28:19 PM [] []
[2026-04-21 14:28:21] SlimMonoLogger.INFO: Cron ran at: 21-04-2026 02:28:21 PM [] []
[2026-04-21 14:28:29] SlimMonoLogger.INFO: Cron ran at: 21-04-2026 02:28:29 PM [] []
[2026-04-21 14:28:29] SlimMonoLogger.INFO: Cron ran at: 21-04-2026 02:28:29 PM [] []
[2026-04-21 14:28:41] SlimMonoLogger.INFO: Cron ran at: 21-04-2026 02:28:41 PM [] []
[2026-04-21 14:28:51] SlimMonoLogger.INFO: Cron ran at: 21-04-2026 02:28:51 PM [] []
[2026-04-21 14:28:51] SlimMonoLogger.INFO: Cron ran at: 21-04-2026 02:28:51 PM [] []
[2026-04-21 14:29:04] SlimMonoLogger.INFO: Cron ran at: 21-04-2026 02:29:04 PM [] []
[2026-04-21 14:29:13] SlimMonoLogger.INFO: Cron ran at: 21-04-2026 02:29:13 PM [] []
[2026-04-21 14:29:13] SlimMonoLogger.INFO: Cron ran at: 21-04-2026 02:29:13 PM [] []
[2026-04-21 14:29:22] SlimMonoLogger.INFO: Cron ran at: 21-04-2026 02:29:22 PM [] []
[2026-04-21 14:29:25] SlimMonoLogger.INFO: Cron ran at: 21-04-2026 02:29:25 PM [] []
[2026-04-21 14:29:29] SlimMonoLogger.INFO: Cron ran at: 21-04-2026 02:29:29 PM [] []
[2026-04-21 14:29:36] SlimMonoLogger.INFO: Cron ran at: 21-04-2026 02:29:36 PM [] []
[2026-04-21 14:29:47] SlimMonoLogger.INFO: Cron ran at: 21-04-2026 02:29:47 PM [] []
[2026-04-21 14:29:48] SlimMonoLogger.INFO: Cron ran at: 21-04-2026 02:29:48 PM [] []
[2026-04-21 14:29:52] SlimMonoLogger.INFO: Cron ran at: 21-04-2026 02:29:52 PM [] []
[2026-04-21 14:30:02] SlimMonoLogger.INFO: Cron ran at: 21-04-2026 02:30:02 PM [] []
[2026-04-21 14:30:03] SlimMonoLogger.INFO: Cron ran at: 21-04-2026 02:30:03 PM [] []
[2026-04-21 14:30:11] SlimMonoLogger.INFO: Cron ran at: 21-04-2026 02:30:11 PM [] []
[2026-04-21 14:30:21] SlimMonoLogger.INFO: Cron ran at: 21-04-2026 02:30:21 PM [] []
[2026-04-21 14:30:21] SlimMonoLogger.INFO: Cron ran at: 21-04-2026 02:30:21 PM [] []
[2026-04-21 14:30:22] SlimMonoLogger.INFO: Cron ran at: 21-04-2026 02:30:22 PM [] []
[2026-04-21 14:30:29] SlimMonoLogger.INFO: Cron ran at: 21-04-2026 02:30:29 PM [] []
[2026-04-21 14:30:30] SlimMonoLogger.INFO: Cron ran at: 21-04-2026 02:30:30 PM [] []
[2026-04-21 14:30:40] SlimMonoLogger.INFO: Cron ran at: 21-04-2026 02:30:40 PM [] []
[2026-04-21 14:30:54] SlimMonoLogger.INFO: Cron ran at: 21-04-2026 02:30:54 PM [] []
[2026-04-21 14:30:54] SlimMonoLogger.INFO: Cron ran at: 21-04-2026 02:30:54 PM [] []
[2026-04-21 14:30:54] SlimMonoLogger.INFO: Cron ran at: 21-04-2026 02:30:54 PM [] []
[2026-04-21 14:30:59] SlimMonoLogger.INFO: Cron ran at: 21-04-2026 02:30:59 PM [] []
[2026-04-21 14:31:12] SlimMonoLogger.INFO: Cron ran at: 21-04-2026 02:31:12 PM [] []
[2026-04-21 14:31:14] SlimMonoLogger.INFO: Cron ran at: 21-04-2026 02:31:14 PM [] []
[2026-04-21 14:31:16] SlimMonoLogger.INFO: Cron ran at: 21-04-2026 02:31:16 PM [] []
[2026-04-21 14:31:20] SlimMonoLogger.INFO: Cron ran at: 21-04-2026 02:31:20 PM [] []
[2026-04-21 14:31:29] SlimMonoLogger.INFO: Cron ran at: 21-04-2026 02:31:29 PM [] []
[2026-04-21 14:31:30] SlimMonoLogger.INFO: Cron ran at: 21-04-2026 02:31:30 PM [] []
[2026-04-21 14:31:39] SlimMonoLogger.INFO: Cron ran at: 21-04-2026 02:31:39 PM [] []
[2026-04-21 14:31:39] SlimMonoLogger.INFO: Cron ran at: 21-04-2026 02:31:39 PM [] []
[2026-04-21 14:31:56] SlimMonoLogger.INFO: Cron ran at: 21-04-2026 02:31:56 PM [] []
[2026-04-21 14:31:57] SlimMonoLogger.INFO: Cron ran at: 21-04-2026 02:31:57 PM [] []
[2026-04-21 14:31:57] SlimMonoLogger.INFO: Cron ran at: 21-04-2026 02:31:57 PM [] []
[2026-04-21 14:32:08] SlimMonoLogger.INFO: Cron ran at: 21-04-2026 02:32:08 PM [] []
[2026-04-21 14:32:11] SlimMonoLogger.INFO: Cron ran at: 21-04-2026 02:32:11 PM [] []
[2026-04-21 14:32:14] SlimMonoLogger.INFO: Cron ran at: 21-04-2026 02:32:14 PM [] []
[2026-04-21 14:32:24] SlimMonoLogger.INFO: Cron ran at: 21-04-2026 02:32:24 PM [] []
[2026-04-21 14:32:24] SlimMonoLogger.INFO: Cron ran at: 21-04-2026 02:32:24 PM [] []
[2026-04-21 14:32:24] SlimMonoLogger.INFO: Cron ran at: 21-04-2026 02:32:24 PM [] []
[2026-04-21 14:32:48] SlimMonoLogger.INFO: Cron ran at: 21-04-2026 02:32:48 PM [] []
[2026-04-21 14:32:49] SlimMonoLogger.INFO: Cron ran at: 21-04-2026 02:32:49 PM [] []
[2026-04-21 14:32:50] SlimMonoLogger.INFO: Cron ran at: 21-04-2026 02:32:50 PM [] []
[2026-04-21 14:32:52] SlimMonoLogger.INFO: Cron ran at: 21-04-2026 02:32:52 PM [] []
[2026-04-21 14:32:55] SlimMonoLogger.INFO: Cron ran at: 21-04-2026 02:32:55 PM [] []
[2026-04-21 14:33:10] SlimMonoLogger.INFO: Cron ran at: 21-04-2026 02:33:10 PM [] []
[2026-04-21 14:33:10] SlimMonoLogger.INFO: Cron ran at: 21-04-2026 02:33:10 PM [] []
[2026-04-21 14:33:13] SlimMonoLogger.INFO: Cron ran at: 21-04-2026 02:33:13 PM [] []
[2026-04-21 14:33:15] SlimMonoLogger.INFO: Cron ran at: 21-04-2026 02:33:15 PM [] []
[2026-04-21 14:33:27] SlimMonoLogger.INFO: Cron ran at: 21-04-2026 02:33:27 PM [] []
[2026-04-21 14:33:28] SlimMonoLogger.INFO: Cron ran at: 21-04-2026 02:33:28 PM [] []
[2026-04-21 14:33:31] SlimMonoLogger.INFO: Cron ran at: 21-04-2026 02:33:31 PM [] []
[2026-04-21 14:33:38] SlimMonoLogger.INFO: Cron ran at: 21-04-2026 02:33:38 PM [] []
[2026-04-21 14:33:38] SlimMonoLogger.INFO: Cron ran at: 21-04-2026 02:33:38 PM [] []
[2026-04-21 14:33:43] SlimMonoLogger.INFO: Cron ran at: 21-04-2026 02:33:43 PM [] []
[2026-04-21 14:34:07] SlimMonoLogger.INFO: Cron ran at: 21-04-2026 02:34:07 PM [] []
[2026-04-21 14:34:07] SlimMonoLogger.INFO: Cron ran at: 21-04-2026 02:34:07 PM [] []
[2026-04-21 14:34:09] SlimMonoLogger.INFO: Cron ran at: 21-04-2026 02:34:09 PM [] []
[2026-04-21 14:34:10] SlimMonoLogger.INFO: Cron ran at: 21-04-2026 02:34:10 PM [] []
[2026-04-21 14:34:11] SlimMonoLogger.INFO: Cron ran at: 21-04-2026 02:34:11 PM [] []
[2026-04-21 14:34:24] SlimMonoLogger.INFO: Cron ran at: 21-04-2026 02:34:24 PM [] []
[2026-04-21 14:34:31] SlimMonoLogger.INFO: Cron ran at: 21-04-2026 02:34:31 PM [] []
[2026-04-21 14:34:32] SlimMonoLogger.INFO: Cron ran at: 21-04-2026 02:34:32 PM [] []
[2026-04-21 14:34:43] SlimMonoLogger.INFO: Cron ran at: 21-04-2026 02:34:43 PM [] []
[2026-04-21 14:34:45] SlimMonoLogger.INFO: Cron ran at: 21-04-2026 02:34:45 PM [] []
[2026-04-21 14:34:50] SlimMonoLogger.INFO: Cron ran at: 21-04-2026 02:34:50 PM [] []
[2026-04-21 14:35:08] SlimMonoLogger.INFO: Cron ran at: 21-04-2026 02:35:08 PM [] []
[2026-04-21 14:35:09] SlimMonoLogger.INFO: Cron ran at: 21-04-2026 02:35:09 PM [] []
[2026-04-21 14:35:11] SlimMonoLogger.INFO: Cron ran at: 21-04-2026 02:35:11 PM [] []
[2026-04-21 14:35:15] SlimMonoLogger.INFO: Cron ran at: 21-04-2026 02:35:15 PM [] []
[2026-04-21 14:35:20] SlimMonoLogger.INFO: Cron ran at: 21-04-2026 02:35:20 PM [] []
[2026-04-21 14:35:23] SlimMonoLogger.INFO: Cron ran at: 21-04-2026 02:35:23 PM [] []
[2026-04-21 14:35:32] SlimMonoLogger.INFO: Cron ran at: 21-04-2026 02:35:32 PM [] []
[2026-04-21 14:35:33] SlimMonoLogger.INFO: Cron ran at: 21-04-2026 02:35:33 PM [] []
[2026-04-21 14:35:55] SlimMonoLogger.INFO: Cron ran at: 21-04-2026 02:35:55 PM [] []
[2026-04-21 14:35:55] SlimMonoLogger.INFO: Cron ran at: 21-04-2026 02:35:55 PM [] []
[2026-04-21 14:35:56] SlimMonoLogger.INFO: Cron ran at: 21-04-2026 02:35:56 PM [] []
[2026-04-21 14:36:13] SlimMonoLogger.INFO: Cron ran at: 21-04-2026 02:36:13 PM [] []
[2026-04-21 14:36:13] SlimMonoLogger.INFO: Cron ran at: 21-04-2026 02:36:13 PM [] []
[2026-04-21 14:36:14] SlimMonoLogger.INFO: Cron ran at: 21-04-2026 02:36:14 PM [] []
[2026-04-21 14:36:17] SlimMonoLogger.INFO: Cron ran at: 21-04-2026 02:36:17 PM [] []
[2026-04-21 14:36:17] SlimMonoLogger.INFO: Cron ran at: 21-04-2026 02:36:17 PM [] []
[2026-04-21 14:36:19] SlimMonoLogger.INFO: Cron ran at: 21-04-2026 02:36:19 PM [] []
[2026-04-21 14:36:44] SlimMonoLogger.INFO: Cron ran at: 21-04-2026 02:36:44 PM [] []
[2026-04-21 14:36:44] SlimMonoLogger.INFO: Cron ran at: 21-04-2026 02:36:44 PM [] []
[2026-04-21 14:36:48] SlimMonoLogger.INFO: Cron ran at: 21-04-2026 02:36:48 PM [] []
[2026-04-21 14:36:52] SlimMonoLogger.INFO: Cron ran at: 21-04-2026 02:36:52 PM [] []
[2026-04-21 14:36:55] SlimMonoLogger.INFO: Cron ran at: 21-04-2026 02:36:55 PM [] []
[2026-04-21 14:36:57] SlimMonoLogger.INFO: Cron ran at: 21-04-2026 02:36:57 PM [] []
[2026-04-21 14:37:10] SlimMonoLogger.INFO: Cron ran at: 21-04-2026 02:37:10 PM [] []
[2026-04-21 14:37:20] SlimMonoLogger.INFO: Cron ran at: 21-04-2026 02:37:20 PM [] []
[2026-04-21 14:37:22] SlimMonoLogger.INFO: Cron ran at: 21-04-2026 02:37:22 PM [] []
[2026-04-21 14:37:22] SlimMonoLogger.INFO: Cron ran at: 21-04-2026 02:37:22 PM [] []
[2026-04-21 14:37:23] SlimMonoLogger.INFO: Cron ran at: 21-04-2026 02:37:23 PM [] []
[2026-04-21 14:37:35] SlimMonoLogger.INFO: Cron ran at: 21-04-2026 02:37:35 PM [] []
[2026-04-21 14:37:40] SlimMonoLogger.INFO: Cron ran at: 21-04-2026 02:37:40 PM [] []
[2026-04-21 14:37:41] SlimMonoLogger.INFO: Cron ran at: 21-04-2026 02:37:41 PM [] []
[2026-04-21 14:37:55] SlimMonoLogger.INFO: Cron ran at: 21-04-2026 02:37:55 PM [] []
[2026-04-21 14:37:56] SlimMonoLogger.INFO: Cron ran at: 21-04-2026 02:37:56 PM [] []
[2026-04-21 14:38:04] SlimMonoLogger.INFO: Cron ran at: 21-04-2026 02:38:04 PM [] []
[2026-04-21 14:38:07] SlimMonoLogger.INFO: Cron ran at: 21-04-2026 02:38:07 PM [] []
[2026-04-21 14:38:16] SlimMonoLogger.INFO: Cron ran at: 21-04-2026 02:38:16 PM [] []
[2026-04-21 14:38:16] SlimMonoLogger.INFO: Cron ran at: 21-04-2026 02:38:16 PM [] []
[2026-04-21 14:38:17] SlimMonoLogger.INFO: Cron ran at: 21-04-2026 02:38:17 PM [] []
[2026-04-21 14:38:29] SlimMonoLogger.INFO: Cron ran at: 21-04-2026 02:38:29 PM [] []
[2026-04-21 14:38:37] SlimMonoLogger.INFO: Cron ran at: 21-04-2026 02:38:37 PM [] []
[2026-04-21 14:38:42] SlimMonoLogger.INFO: Cron ran at: 21-04-2026 02:38:42 PM [] []
[2026-04-21 14:38:44] SlimMonoLogger.INFO: Cron ran at: 21-04-2026 02:38:44 PM [] []
[2026-04-21 14:39:06] SlimMonoLogger.INFO: Cron ran at: 21-04-2026 02:39:06 PM [] []
[2026-04-21 14:39:06] SlimMonoLogger.INFO: Cron ran at: 21-04-2026 02:39:06 PM [] []
[2026-04-21 14:39:09] SlimMonoLogger.INFO: Cron ran at: 21-04-2026 02:39:09 PM [] []
[2026-04-21 14:39:16] SlimMonoLogger.INFO: Cron ran at: 21-04-2026 02:39:16 PM [] []
[2026-04-21 14:39:16] SlimMonoLogger.INFO: Cron ran at: 21-04-2026 02:39:16 PM [] []
[2026-04-21 14:39:24] SlimMonoLogger.INFO: Cron ran at: 21-04-2026 02:39:24 PM [] []
[2026-04-21 14:39:27] SlimMonoLogger.INFO: Cron ran at: 21-04-2026 02:39:27 PM [] []
[2026-04-21 14:39:41] SlimMonoLogger.INFO: Cron ran at: 21-04-2026 02:39:41 PM [] []
[2026-04-21 14:39:42] SlimMonoLogger.INFO: Cron ran at: 21-04-2026 02:39:42 PM [] []
[2026-04-21 14:39:54] SlimMonoLogger.INFO: Cron ran at: 21-04-2026 02:39:54 PM [] []
[2026-04-21 14:40:07] SlimMonoLogger.INFO: Cron ran at: 21-04-2026 02:40:07 PM [] []
[2026-04-21 14:40:08] SlimMonoLogger.INFO: Cron ran at: 21-04-2026 02:40:08 PM [] []
[2026-04-21 14:40:08] SlimMonoLogger.INFO: Cron ran at: 21-04-2026 02:40:08 PM [] []
[2026-04-21 14:40:26] SlimMonoLogger.INFO: Cron ran at: 21-04-2026 02:40:26 PM [] []
[2026-04-21 14:40:26] SlimMonoLogger.INFO: Cron ran at: 21-04-2026 02:40:26 PM [] []
[2026-04-21 14:40:31] SlimMonoLogger.INFO: Cron ran at: 21-04-2026 02:40:31 PM [] []
[2026-04-21 14:40:32] SlimMonoLogger.INFO: Cron ran at: 21-04-2026 02:40:32 PM [] []
[2026-04-21 14:40:44] SlimMonoLogger.INFO: Cron ran at: 21-04-2026 02:40:44 PM [] []
[2026-04-21 14:40:56] SlimMonoLogger.INFO: Cron ran at: 21-04-2026 02:40:56 PM [] []
[2026-04-21 14:41:03] SlimMonoLogger.INFO: Cron ran at: 21-04-2026 02:41:03 PM [] []
[2026-04-21 14:41:14] SlimMonoLogger.INFO: Cron ran at: 21-04-2026 02:41:14 PM [] []
[2026-04-21 14:41:14] SlimMonoLogger.INFO: Cron ran at: 21-04-2026 02:41:14 PM [] []
[2026-04-21 14:41:14] SlimMonoLogger.INFO: Cron ran at: 21-04-2026 02:41:14 PM [] []
[2026-04-21 14:41:17] SlimMonoLogger.INFO: Cron ran at: 21-04-2026 02:41:17 PM [] []
[2026-04-21 14:41:20] SlimMonoLogger.INFO: Cron ran at: 21-04-2026 02:41:20 PM [] []
[2026-04-21 14:41:31] SlimMonoLogger.INFO: Cron ran at: 21-04-2026 02:41:31 PM [] []
[2026-04-21 14:41:32] SlimMonoLogger.INFO: Cron ran at: 21-04-2026 02:41:32 PM [] []
[2026-04-21 14:41:33] SlimMonoLogger.INFO: Cron ran at: 21-04-2026 02:41:33 PM [] []
[2026-04-21 14:41:40] SlimMonoLogger.INFO: Cron ran at: 21-04-2026 02:41:40 PM [] []
[2026-04-21 14:41:52] SlimMonoLogger.INFO: Cron ran at: 21-04-2026 02:41:52 PM [] []
[2026-04-21 14:41:54] SlimMonoLogger.INFO: Cron ran at: 21-04-2026 02:41:54 PM [] []
[2026-04-21 14:42:12] SlimMonoLogger.INFO: Cron ran at: 21-04-2026 02:42:12 PM [] []
[2026-04-21 14:42:12] SlimMonoLogger.INFO: Cron ran at: 21-04-2026 02:42:12 PM [] []
[2026-04-21 14:42:13] SlimMonoLogger.INFO: Cron ran at: 21-04-2026 02:42:13 PM [] []
[2026-04-21 14:42:18] SlimMonoLogger.INFO: Cron ran at: 21-04-2026 02:42:18 PM [] []
[2026-04-21 14:42:19] SlimMonoLogger.INFO: Cron ran at: 21-04-2026 02:42:19 PM [] []
[2026-04-21 14:42:32] SlimMonoLogger.INFO: Cron ran at: 21-04-2026 02:42:32 PM [] []
[2026-04-21 14:42:43] SlimMonoLogger.INFO: Cron ran at: 21-04-2026 02:42:43 PM [] []
[2026-04-21 14:42:49] SlimMonoLogger.INFO: Cron ran at: 21-04-2026 02:42:49 PM [] []
[2026-04-21 14:42:50] SlimMonoLogger.INFO: Cron ran at: 21-04-2026 02:42:50 PM [] []
[2026-04-21 14:43:05] SlimMonoLogger.INFO: Cron ran at: 21-04-2026 02:43:05 PM [] []
[2026-04-21 14:43:09] SlimMonoLogger.INFO: Cron ran at: 21-04-2026 02:43:09 PM [] []
[2026-04-21 14:43:11] SlimMonoLogger.INFO: Cron ran at: 21-04-2026 02:43:11 PM [] []
[2026-04-21 14:43:12] SlimMonoLogger.INFO: Cron ran at: 21-04-2026 02:43:12 PM [] []
[2026-04-21 14:43:16] SlimMonoLogger.INFO: Cron ran at: 21-04-2026 02:43:16 PM [] []
[2026-04-21 14:43:27] SlimMonoLogger.INFO: Cron ran at: 21-04-2026 02:43:27 PM [] []
[2026-04-21 14:43:30] SlimMonoLogger.INFO: Cron ran at: 21-04-2026 02:43:30 PM [] []
[2026-04-21 14:43:38] SlimMonoLogger.INFO: Cron ran at: 21-04-2026 02:43:38 PM [] []
[2026-04-21 14:43:38] SlimMonoLogger.INFO: Cron ran at: 21-04-2026 02:43:38 PM [] []
[2026-04-21 14:43:48] SlimMonoLogger.INFO: Cron ran at: 21-04-2026 02:43:48 PM [] []
[2026-04-21 14:43:59] SlimMonoLogger.INFO: Cron ran at: 21-04-2026 02:43:59 PM [] []
[2026-04-21 14:44:01] SlimMonoLogger.INFO: Cron ran at: 21-04-2026 02:44:01 PM [] []
[2026-04-21 14:44:10] SlimMonoLogger.INFO: Cron ran at: 21-04-2026 02:44:10 PM [] []
[2026-04-21 14:44:10] SlimMonoLogger.INFO: Cron ran at: 21-04-2026 02:44:10 PM [] []
[2026-04-21 14:44:17] SlimMonoLogger.INFO: Cron ran at: 21-04-2026 02:44:17 PM [] []
[2026-04-21 14:44:21] SlimMonoLogger.INFO: Cron ran at: 21-04-2026 02:44:21 PM [] []
[2026-04-21 14:44:23] SlimMonoLogger.INFO: Cron ran at: 21-04-2026 02:44:23 PM [] []
[2026-04-21 14:44:41] SlimMonoLogger.INFO: Cron ran at: 21-04-2026 02:44:41 PM [] []
[2026-04-21 14:44:42] SlimMonoLogger.INFO: Cron ran at: 21-04-2026 02:44:42 PM [] []
[2026-04-21 14:44:42] SlimMonoLogger.INFO: Cron ran at: 21-04-2026 02:44:42 PM [] []
[2026-04-21 14:44:57] SlimMonoLogger.INFO: Cron ran at: 21-04-2026 02:44:57 PM [] []
[2026-04-21 14:44:59] SlimMonoLogger.INFO: Cron ran at: 21-04-2026 02:44:59 PM [] []
[2026-04-21 14:45:03] SlimMonoLogger.INFO: Cron ran at: 21-04-2026 02:45:03 PM [] []
[2026-04-21 14:45:12] SlimMonoLogger.INFO: Cron ran at: 21-04-2026 02:45:12 PM [] []
[2026-04-21 14:45:19] SlimMonoLogger.INFO: Cron ran at: 21-04-2026 02:45:19 PM [] []
[2026-04-21 14:45:32] SlimMonoLogger.INFO: Cron ran at: 21-04-2026 02:45:32 PM [] []
[2026-04-21 14:45:32] SlimMonoLogger.INFO: Cron ran at: 21-04-2026 02:45:32 PM [] []
[2026-04-21 14:45:32] SlimMonoLogger.INFO: Cron ran at: 21-04-2026 02:45:32 PM [] []
[2026-04-21 14:45:39] SlimMonoLogger.INFO: Cron ran at: 21-04-2026 02:45:39 PM [] []
[2026-04-21 14:45:40] SlimMonoLogger.INFO: Cron ran at: 21-04-2026 02:45:40 PM [] []
[2026-04-21 14:45:55] SlimMonoLogger.INFO: Cron ran at: 21-04-2026 02:45:55 PM [] []
[2026-04-21 14:45:58] SlimMonoLogger.INFO: Cron ran at: 21-04-2026 02:45:58 PM [] []
[2026-04-21 14:46:01] SlimMonoLogger.INFO: Cron ran at: 21-04-2026 02:46:01 PM [] []
[2026-04-21 14:46:17] SlimMonoLogger.INFO: Cron ran at: 21-04-2026 02:46:17 PM [] []
[2026-04-21 14:46:17] SlimMonoLogger.INFO: Cron ran at: 21-04-2026 02:46:17 PM [] []
[2026-04-21 14:46:18] SlimMonoLogger.INFO: Cron ran at: 21-04-2026 02:46:18 PM [] []
[2026-04-21 14:46:19] SlimMonoLogger.INFO: Cron ran at: 21-04-2026 02:46:19 PM [] []
[2026-04-21 14:46:32] SlimMonoLogger.INFO: Cron ran at: 21-04-2026 02:46:32 PM [] []
[2026-04-21 14:46:33] SlimMonoLogger.INFO: Cron ran at: 21-04-2026 02:46:33 PM [] []
[2026-04-21 14:46:34] SlimMonoLogger.INFO: Cron ran at: 21-04-2026 02:46:34 PM [] []
[2026-04-21 14:46:41] SlimMonoLogger.INFO: Cron ran at: 21-04-2026 02:46:41 PM [] []
[2026-04-21 14:46:53] SlimMonoLogger.INFO: Cron ran at: 21-04-2026 02:46:53 PM [] []
[2026-04-21 14:46:54] SlimMonoLogger.INFO: Cron ran at: 21-04-2026 02:46:54 PM [] []
[2026-04-21 14:46:58] SlimMonoLogger.INFO: Cron ran at: 21-04-2026 02:46:58 PM [] []
[2026-04-21 14:47:12] SlimMonoLogger.INFO: Cron ran at: 21-04-2026 02:47:12 PM [] []
[2026-04-21 14:47:13] SlimMonoLogger.INFO: Cron ran at: 21-04-2026 02:47:13 PM [] []
[2026-04-21 14:47:13] SlimMonoLogger.INFO: Cron ran at: 21-04-2026 02:47:13 PM [] []
[2026-04-21 14:47:14] SlimMonoLogger.INFO: Cron ran at: 21-04-2026 02:47:14 PM [] []
[2026-04-21 14:47:18] SlimMonoLogger.INFO: Cron ran at: 21-04-2026 02:47:18 PM [] []
[2026-04-21 14:47:29] SlimMonoLogger.INFO: Cron ran at: 21-04-2026 02:47:29 PM [] []
[2026-04-21 14:47:30] SlimMonoLogger.INFO: Cron ran at: 21-04-2026 02:47:30 PM [] []
[2026-04-21 14:47:38] SlimMonoLogger.INFO: Cron ran at: 21-04-2026 02:47:38 PM [] []
[2026-04-21 14:47:55] SlimMonoLogger.INFO: Cron ran at: 21-04-2026 02:47:55 PM [] []
[2026-04-21 14:47:55] SlimMonoLogger.INFO: Cron ran at: 21-04-2026 02:47:55 PM [] []
[2026-04-21 14:47:57] SlimMonoLogger.INFO: Cron ran at: 21-04-2026 02:47:57 PM [] []
[2026-04-21 14:48:00] SlimMonoLogger.INFO: Cron ran at: 21-04-2026 02:48:00 PM [] []
[2026-04-21 14:48:14] SlimMonoLogger.INFO: Cron ran at: 21-04-2026 02:48:14 PM [] []
[2026-04-21 14:48:14] SlimMonoLogger.INFO: Cron ran at: 21-04-2026 02:48:14 PM [] []
[2026-04-21 14:48:14] SlimMonoLogger.INFO: Cron ran at: 21-04-2026 02:48:14 PM [] []
[2026-04-21 14:48:16] SlimMonoLogger.INFO: Cron ran at: 21-04-2026 02:48:16 PM [] []
[2026-04-21 14:48:31] SlimMonoLogger.INFO: Cron ran at: 21-04-2026 02:48:31 PM [] []
[2026-04-21 14:48:35] SlimMonoLogger.INFO: Cron ran at: 21-04-2026 02:48:35 PM [] []
[2026-04-21 14:48:40] SlimMonoLogger.INFO: Cron ran at: 21-04-2026 02:48:40 PM [] []
[2026-04-21 14:48:43] SlimMonoLogger.INFO: Cron ran at: 21-04-2026 02:48:43 PM [] []
[2026-04-21 14:48:53] SlimMonoLogger.INFO: Cron ran at: 21-04-2026 02:48:53 PM [] []
[2026-04-21 14:48:54] SlimMonoLogger.INFO: Cron ran at: 21-04-2026 02:48:54 PM [] []
[2026-04-21 14:49:10] SlimMonoLogger.INFO: Cron ran at: 21-04-2026 02:49:10 PM [] []
[2026-04-21 14:49:13] SlimMonoLogger.INFO: Cron ran at: 21-04-2026 02:49:13 PM [] []
[2026-04-21 14:49:14] SlimMonoLogger.INFO: Cron ran at: 21-04-2026 02:49:14 PM [] []
[2026-04-21 14:49:15] SlimMonoLogger.INFO: Cron ran at: 21-04-2026 02:49:15 PM [] []
[2026-04-21 14:49:26] SlimMonoLogger.INFO: Cron ran at: 21-04-2026 02:49:26 PM [] []
[2026-04-21 14:49:28] SlimMonoLogger.INFO: Cron ran at: 21-04-2026 02:49:28 PM [] []
[2026-04-21 14:49:40] SlimMonoLogger.INFO: Cron ran at: 21-04-2026 02:49:40 PM [] []
[2026-04-21 14:49:41] SlimMonoLogger.INFO: Cron ran at: 21-04-2026 02:49:41 PM [] []
[2026-04-21 14:49:45] SlimMonoLogger.INFO: Cron ran at: 21-04-2026 02:49:45 PM [] []
[2026-04-21 14:49:53] SlimMonoLogger.INFO: Cron ran at: 21-04-2026 02:49:53 PM [] []
[2026-04-21 14:50:11] SlimMonoLogger.INFO: Cron ran at: 21-04-2026 02:50:11 PM [] []
[2026-04-21 14:50:12] SlimMonoLogger.INFO: Cron ran at: 21-04-2026 02:50:12 PM [] []
[2026-04-21 14:50:17] SlimMonoLogger.INFO: Cron ran at: 21-04-2026 02:50:17 PM [] []
[2026-04-21 14:50:17] SlimMonoLogger.ERROR: Requests_Exception: cURL error 28: Operation timed out after 500002 milliseconds with 15824 bytes received in /home/latihtal/public_html/agregator1/src/vendor/rmccue/requests/library/Requests/Transport/cURL.php:422
Stack trace:
#0 /home/latihtal/public_html/agregator1/src/vendor/rmccue/requests/library/Requests/Transport/cURL.php(177): Requests_Transport_cURL->process_response()
#1 /home/latihtal/public_html/agregator1/src/vendor/rmccue/requests/library/Requests.php(379): Requests_Transport_cURL->request()
#2 /home/latihtal/public_html/agregator1/src/vendor/rmccue/requests/library/Requests/Session.php(205): Requests::request()
#3 /home/latihtal/public_html/agregator1/src/vendor/rmccue/requests/library/Requests/Session.php(132): Requests_Session->request()
#4 /home/latihtal/public_html/agregator1/src/drivers/Http/RssImporter.php(144): Requests_Session->get()
#5 /home/latihtal/public_html/agregator1/src/controllers/Dashboard/DashboardFeedsController.php(534): spark\drivers\Http\RssImporter->fetchPosts()
#6 /home/latihtal/public_html/agregator1/src/controllers/Site/SiteController.php(722): spark\controllers\Dashboard\DashboardFeedsController::importFeedPosts()
#7 [internal function]: spark\controllers\Site\SiteController->runTasks()
#8 /home/latihtal/public_html/agregator1/src/framework/Route.php(173): call_user_func_array()
#9 [internal function]: Slim\Route->Slim\{closure}()
#10 /home/latihtal/public_html/agregator1/src/framework/Route.php(468): call_user_func_array()
#11 /home/latihtal/public_html/agregator1/src/framework/Slim.php(1364): Slim\Route->dispatch()
#12 /home/latihtal/public_html/agregator1/src/framework/Middleware/Flash.php(85): Slim\Slim->call()
#13 /home/latihtal/public_html/agregator1/src/framework/Middleware/MethodOverride.php(92): Slim\Middleware\Flash->call()
#14 /home/latihtal/public_html/agregator1/src/middlewares/CsrfGuard/CsrfGuard.php(47): Slim\Middleware\MethodOverride->call()
#15 /home/latihtal/public_html/agregator1/src/framework/Middleware/PrettyExceptions.php(67): spark\middlewares\CsrfGuard\CsrfGuard->call()
#16 /home/latihtal/public_html/agregator1/src/framework/Slim.php(1308): Slim\Middleware\PrettyExceptions->call()
#17 /home/latihtal/public_html/agregator1/index.php(6): Slim\Slim->run()
#18 {main} [] []
[2026-04-21 14:50:18] SlimMonoLogger.INFO: Cron ran at: 21-04-2026 02:50:18 PM [] []
[2026-04-21 14:50:21] SlimMonoLogger.INFO: Cron ran at: 21-04-2026 02:50:21 PM [] []
[2026-04-21 14:50:22] SlimMonoLogger.INFO: Cron ran at: 21-04-2026 02:50:22 PM [] []
[2026-04-21 14:50:27] SlimMonoLogger.INFO: Cron ran at: 21-04-2026 02:50:27 PM [] []
[2026-04-21 14:50:41] SlimMonoLogger.INFO: Cron ran at: 21-04-2026 02:50:41 PM [] []
[2026-04-21 14:50:45] SlimMonoLogger.INFO: Cron ran at: 21-04-2026 02:50:45 PM [] []
[2026-04-21 14:50:51] SlimMonoLogger.INFO: Cron ran at: 21-04-2026 02:50:51 PM [] []
[2026-04-21 14:51:02] SlimMonoLogger.INFO: Cron ran at: 21-04-2026 02:51:02 PM [] []
[2026-04-21 14:51:02] SlimMonoLogger.INFO: Cron ran at: 21-04-2026 02:51:02 PM [] []
[2026-04-21 14:51:05] SlimMonoLogger.INFO: Cron ran at: 21-04-2026 02:51:05 PM [] []
[2026-04-21 14:51:14] SlimMonoLogger.INFO: Cron ran at: 21-04-2026 02:51:14 PM [] []
[2026-04-21 14:51:14] SlimMonoLogger.INFO: Cron ran at: 21-04-2026 02:51:14 PM [] []
[2026-04-21 14:51:17] SlimMonoLogger.INFO: Cron ran at: 21-04-2026 02:51:17 PM [] []
[2026-04-21 14:51:18] SlimMonoLogger.INFO: Cron ran at: 21-04-2026 02:51:18 PM [] []
[2026-04-21 14:51:27] SlimMonoLogger.INFO: Cron ran at: 21-04-2026 02:51:27 PM [] []
[2026-04-21 14:51:33] SlimMonoLogger.INFO: Cron ran at: 21-04-2026 02:51:33 PM [] []
[2026-04-21 14:51:33] SlimMonoLogger.INFO: Cron ran at: 21-04-2026 02:51:33 PM [] []
[2026-04-21 14:51:43] SlimMonoLogger.INFO: Cron ran at: 21-04-2026 02:51:43 PM [] []
[2026-04-21 14:51:56] SlimMonoLogger.INFO: Cron ran at: 21-04-2026 02:51:56 PM [] []
[2026-04-21 14:51:57] SlimMonoLogger.INFO: Cron ran at: 21-04-2026 02:51:57 PM [] []
[2026-04-21 14:51:59] SlimMonoLogger.INFO: Cron ran at: 21-04-2026 02:51:59 PM [] []
[2026-04-21 14:52:01] SlimMonoLogger.INFO: Cron ran at: 21-04-2026 02:52:01 PM [] []
[2026-04-21 14:52:15] SlimMonoLogger.INFO: Cron ran at: 21-04-2026 02:52:15 PM [] []
[2026-04-21 14:52:24] SlimMonoLogger.INFO: Cron ran at: 21-04-2026 02:52:24 PM [] []
[2026-04-21 14:52:24] SlimMonoLogger.INFO: Cron ran at: 21-04-2026 02:52:24 PM [] []
[2026-04-21 14:52:26] SlimMonoLogger.INFO: Cron ran at: 21-04-2026 02:52:26 PM [] []
[2026-04-21 14:52:28] SlimMonoLogger.INFO: Cron ran at: 21-04-2026 02:52:28 PM [] []
[2026-04-21 14:52:29] SlimMonoLogger.INFO: Cron ran at: 21-04-2026 02:52:29 PM [] []
[2026-04-21 14:52:38] SlimMonoLogger.INFO: Cron ran at: 21-04-2026 02:52:38 PM [] []
[2026-04-21 14:52:48] SlimMonoLogger.INFO: Cron ran at: 21-04-2026 02:52:48 PM [] []
[2026-04-21 14:52:49] SlimMonoLogger.INFO: Cron ran at: 21-04-2026 02:52:49 PM [] []
[2026-04-21 14:52:55] SlimMonoLogger.INFO: Cron ran at: 21-04-2026 02:52:55 PM [] []
[2026-04-21 14:52:59] SlimMonoLogger.INFO: Cron ran at: 21-04-2026 02:52:59 PM [] []
[2026-04-21 14:53:12] SlimMonoLogger.INFO: Cron ran at: 21-04-2026 02:53:12 PM [] []
[2026-04-21 14:53:23] SlimMonoLogger.INFO: Cron ran at: 21-04-2026 02:53:23 PM [] []
[2026-04-21 14:53:25] SlimMonoLogger.INFO: Cron ran at: 21-04-2026 02:53:25 PM [] []
[2026-04-21 14:53:30] SlimMonoLogger.INFO: Cron ran at: 21-04-2026 02:53:30 PM [] []
[2026-04-21 14:53:32] SlimMonoLogger.INFO: Cron ran at: 21-04-2026 02:53:32 PM [] []
[2026-04-21 14:53:34] SlimMonoLogger.INFO: Cron ran at: 21-04-2026 02:53:34 PM [] []
[2026-04-21 14:53:36] SlimMonoLogger.INFO: Cron ran at: 21-04-2026 02:53:36 PM [] []
[2026-04-21 14:53:47] SlimMonoLogger.INFO: Cron ran at: 21-04-2026 02:53:47 PM [] []
[2026-04-21 14:53:53] SlimMonoLogger.INFO: Cron ran at: 21-04-2026 02:53:53 PM [] []
[2026-04-21 14:54:00] SlimMonoLogger.INFO: Cron ran at: 21-04-2026 02:54:00 PM [] []
[2026-04-21 14:54:12] SlimMonoLogger.INFO: Cron ran at: 21-04-2026 02:54:12 PM [] []
[2026-04-21 14:54:14] SlimMonoLogger.INFO: Cron ran at: 21-04-2026 02:54:14 PM [] []
[2026-04-21 14:54:16] SlimMonoLogger.INFO: Cron ran at: 21-04-2026 02:54:16 PM [] []
[2026-04-21 14:54:18] SlimMonoLogger.INFO: Cron ran at: 21-04-2026 02:54:18 PM [] []
[2026-04-21 14:54:28] SlimMonoLogger.INFO: Cron ran at: 21-04-2026 02:54:28 PM [] []
[2026-04-21 14:54:28] SlimMonoLogger.INFO: Cron ran at: 21-04-2026 02:54:28 PM [] []
[2026-04-21 14:54:37] SlimMonoLogger.INFO: Cron ran at: 21-04-2026 02:54:37 PM [] []
[2026-04-21 14:54:38] SlimMonoLogger.INFO: Cron ran at: 21-04-2026 02:54:38 PM [] []
[2026-04-21 14:54:43] SlimMonoLogger.INFO: Cron ran at: 21-04-2026 02:54:43 PM [] []
[2026-04-21 14:54:52] SlimMonoLogger.INFO: Cron ran at: 21-04-2026 02:54:52 PM [] []
[2026-04-21 14:55:13] SlimMonoLogger.INFO: Cron ran at: 21-04-2026 02:55:13 PM [] []
[2026-04-21 14:55:14] SlimMonoLogger.INFO: Cron ran at: 21-04-2026 02:55:14 PM [] []
[2026-04-21 14:55:18] SlimMonoLogger.INFO: Cron ran at: 21-04-2026 02:55:18 PM [] []
[2026-04-21 14:55:19] SlimMonoLogger.INFO: Cron ran at: 21-04-2026 02:55:19 PM [] []
[2026-04-21 14:55:20] SlimMonoLogger.INFO: Cron ran at: 21-04-2026 02:55:20 PM [] []
[2026-04-21 14:55:29] SlimMonoLogger.INFO: Cron ran at: 21-04-2026 02:55:29 PM [] []
[2026-04-21 14:55:39] SlimMonoLogger.INFO: Cron ran at: 21-04-2026 02:55:39 PM [] []
[2026-04-21 14:55:40] SlimMonoLogger.INFO: Cron ran at: 21-04-2026 02:55:40 PM [] []
[2026-04-21 14:55:42] SlimMonoLogger.INFO: Cron ran at: 21-04-2026 02:55:42 PM [] []
[2026-04-21 14:55:55] SlimMonoLogger.INFO: Cron ran at: 21-04-2026 02:55:55 PM [] []
[2026-04-21 14:56:02] SlimMonoLogger.INFO: Cron ran at: 21-04-2026 02:56:02 PM [] []
[2026-04-21 14:56:12] SlimMonoLogger.INFO: Cron ran at: 21-04-2026 02:56:12 PM [] []
[2026-04-21 14:56:17] SlimMonoLogger.INFO: Cron ran at: 21-04-2026 02:56:17 PM [] []
[2026-04-21 14:56:18] SlimMonoLogger.INFO: Cron ran at: 21-04-2026 02:56:18 PM [] []
[2026-04-21 14:56:18] SlimMonoLogger.INFO: Cron ran at: 21-04-2026 02:56:18 PM [] []
[2026-04-21 14:56:20] SlimMonoLogger.INFO: Cron ran at: 21-04-2026 02:56:20 PM [] []
[2026-04-21 14:56:28] SlimMonoLogger.INFO: Cron ran at: 21-04-2026 02:56:28 PM [] []
[2026-04-21 14:56:38] SlimMonoLogger.INFO: Cron ran at: 21-04-2026 02:56:38 PM [] []
[2026-04-21 14:56:42] SlimMonoLogger.INFO: Cron ran at: 21-04-2026 02:56:42 PM [] []
[2026-04-21 14:56:43] SlimMonoLogger.INFO: Cron ran at: 21-04-2026 02:56:43 PM [] []
[2026-04-21 14:56:52] SlimMonoLogger.INFO: Cron ran at: 21-04-2026 02:56:52 PM [] []
[2026-04-21 14:56:54] SlimMonoLogger.INFO: Cron ran at: 21-04-2026 02:56:54 PM [] []
[2026-04-21 14:57:02] SlimMonoLogger.INFO: Cron ran at: 21-04-2026 02:57:02 PM [] []
[2026-04-21 14:57:14] SlimMonoLogger.INFO: Cron ran at: 21-04-2026 02:57:14 PM [] []
[2026-04-21 14:57:14] SlimMonoLogger.INFO: Cron ran at: 21-04-2026 02:57:14 PM [] []
[2026-04-21 14:57:21] SlimMonoLogger.INFO: Cron ran at: 21-04-2026 02:57:21 PM [] []
[2026-04-21 14:57:21] SlimMonoLogger.INFO: Cron ran at: 21-04-2026 02:57:21 PM [] []
[2026-04-21 14:57:29] SlimMonoLogger.INFO: Cron ran at: 21-04-2026 02:57:29 PM [] []
[2026-04-21 14:57:38] SlimMonoLogger.INFO: Cron ran at: 21-04-2026 02:57:38 PM [] []
[2026-04-21 14:57:38] SlimMonoLogger.INFO: Cron ran at: 21-04-2026 02:57:38 PM [] []
[2026-04-21 14:57:40] SlimMonoLogger.INFO: Cron ran at: 21-04-2026 02:57:40 PM [] []
[2026-04-21 14:57:50] SlimMonoLogger.INFO: Cron ran at: 21-04-2026 02:57:50 PM [] []
[2026-04-21 14:57:51] SlimMonoLogger.INFO: Cron ran at: 21-04-2026 02:57:51 PM [] []
[2026-04-21 14:57:57] SlimMonoLogger.INFO: Cron ran at: 21-04-2026 02:57:57 PM [] []
[2026-04-21 14:58:02] SlimMonoLogger.INFO: Cron ran at: 21-04-2026 02:58:02 PM [] []
[2026-04-21 14:58:21] SlimMonoLogger.INFO: Cron ran at: 21-04-2026 02:58:21 PM [] []
[2026-04-21 14:58:22] SlimMonoLogger.INFO: Cron ran at: 21-04-2026 02:58:22 PM [] []
[2026-04-21 14:58:23] SlimMonoLogger.INFO: Cron ran at: 21-04-2026 02:58:23 PM [] []
[2026-04-21 14:58:30] SlimMonoLogger.INFO: Cron ran at: 21-04-2026 02:58:30 PM [] []
[2026-04-21 14:58:37] SlimMonoLogger.INFO: Cron ran at: 21-04-2026 02:58:37 PM [] []
[2026-04-21 14:58:38] SlimMonoLogger.INFO: Cron ran at: 21-04-2026 02:58:38 PM [] []
[2026-04-21 14:58:38] SlimMonoLogger.INFO: Cron ran at: 21-04-2026 02:58:38 PM [] []
[2026-04-21 14:58:50] SlimMonoLogger.INFO: Cron ran at: 21-04-2026 02:58:50 PM [] []
[2026-04-21 14:58:51] SlimMonoLogger.INFO: Cron ran at: 21-04-2026 02:58:51 PM [] []
[2026-04-21 14:58:52] SlimMonoLogger.INFO: Cron ran at: 21-04-2026 02:58:52 PM [] []
[2026-04-21 14:59:15] SlimMonoLogger.INFO: Cron ran at: 21-04-2026 02:59:15 PM [] []
[2026-04-21 14:59:16] SlimMonoLogger.INFO: Cron ran at: 21-04-2026 02:59:16 PM [] []
[2026-04-21 14:59:18] SlimMonoLogger.INFO: Cron ran at: 21-04-2026 02:59:18 PM [] []
[2026-04-21 14:59:23] SlimMonoLogger.INFO: Cron ran at: 21-04-2026 02:59:23 PM [] []
[2026-04-21 14:59:26] SlimMonoLogger.INFO: Cron ran at: 21-04-2026 02:59:26 PM [] []
[2026-04-21 14:59:36] SlimMonoLogger.INFO: Cron ran at: 21-04-2026 02:59:36 PM [] []
[2026-04-21 14:59:46] SlimMonoLogger.INFO: Cron ran at: 21-04-2026 02:59:46 PM [] []
[2026-04-21 14:59:47] SlimMonoLogger.INFO: Cron ran at: 21-04-2026 02:59:47 PM [] []
[2026-04-21 14:59:51] SlimMonoLogger.INFO: Cron ran at: 21-04-2026 02:59:51 PM [] []
[2026-04-21 14:59:53] SlimMonoLogger.INFO: Cron ran at: 21-04-2026 02:59:53 PM [] []
[2026-04-21 15:00:05] SlimMonoLogger.INFO: Cron ran at: 21-04-2026 03:00:05 PM [] []
[2026-04-21 15:00:11] SlimMonoLogger.INFO: Cron ran at: 21-04-2026 03:00:11 PM [] []
[2026-04-21 15:00:27] SlimMonoLogger.INFO: Cron ran at: 21-04-2026 03:00:27 PM [] []
[2026-04-21 15:00:28] SlimMonoLogger.INFO: Cron ran at: 21-04-2026 03:00:28 PM [] []
[2026-04-21 15:00:37] SlimMonoLogger.INFO: Cron ran at: 21-04-2026 03:00:37 PM [] []
[2026-04-21 15:00:45] SlimMonoLogger.INFO: Cron ran at: 21-04-2026 03:00:45 PM [] []
[2026-04-21 15:00:47] SlimMonoLogger.INFO: Cron ran at: 21-04-2026 03:00:47 PM [] []
[2026-04-21 15:00:50] SlimMonoLogger.INFO: Cron ran at: 21-04-2026 03:00:50 PM [] []
[2026-04-21 15:00:53] SlimMonoLogger.INFO: Cron ran at: 21-04-2026 03:00:53 PM [] []
[2026-04-21 15:00:57] SlimMonoLogger.INFO: Cron ran at: 21-04-2026 03:00:57 PM [] []
[2026-04-21 15:00:59] SlimMonoLogger.INFO: Cron ran at: 21-04-2026 03:00:59 PM [] []
[2026-04-21 15:00:59] SlimMonoLogger.INFO: Cron ran at: 21-04-2026 03:00:59 PM [] []
[2026-04-21 15:01:21] SlimMonoLogger.INFO: Cron ran at: 21-04-2026 03:01:21 PM [] []
[2026-04-21 15:01:43] SlimMonoLogger.INFO: Cron ran at: 21-04-2026 03:01:43 PM [] []
[2026-04-21 15:01:43] SlimMonoLogger.INFO: Cron ran at: 21-04-2026 03:01:43 PM [] []
[2026-04-21 15:01:49] SlimMonoLogger.INFO: Cron ran at: 21-04-2026 03:01:49 PM [] []
[2026-04-21 15:01:50] SlimMonoLogger.INFO: Cron ran at: 21-04-2026 03:01:50 PM [] []
[2026-04-21 15:01:51] SlimMonoLogger.INFO: Cron ran at: 21-04-2026 03:01:51 PM [] []
[2026-04-21 15:01:51] SlimMonoLogger.INFO: Cron ran at: 21-04-2026 03:01:51 PM [] []
[2026-04-21 15:01:51] SlimMonoLogger.INFO: Cron ran at: 21-04-2026 03:01:51 PM [] []
[2026-04-21 15:01:51] SlimMonoLogger.INFO: Cron ran at: 21-04-2026 03:01:51 PM [] []
[2026-04-21 15:02:03] SlimMonoLogger.INFO: Cron ran at: 21-04-2026 03:02:03 PM [] []
[2026-04-21 15:02:06] SlimMonoLogger.INFO: Cron ran at: 21-04-2026 03:02:06 PM [] []
[2026-04-21 15:02:07] SlimMonoLogger.INFO: Cron ran at: 21-04-2026 03:02:07 PM [] []
[2026-04-21 15:02:24] SlimMonoLogger.INFO: Cron ran at: 21-04-2026 03:02:24 PM [] []
[2026-04-21 15:02:24] SlimMonoLogger.INFO: Cron ran at: 21-04-2026 03:02:24 PM [] []
[2026-04-21 15:02:26] SlimMonoLogger.INFO: Cron ran at: 21-04-2026 03:02:26 PM [] []
[2026-04-21 15:02:26] SlimMonoLogger.INFO: Cron ran at: 21-04-2026 03:02:26 PM [] []
[2026-04-21 15:02:29] SlimMonoLogger.INFO: Cron ran at: 21-04-2026 03:02:29 PM [] []
[2026-04-21 15:02:38] SlimMonoLogger.INFO: Cron ran at: 21-04-2026 03:02:38 PM [] []
[2026-04-21 15:02:38] SlimMonoLogger.INFO: Cron ran at: 21-04-2026 03:02:38 PM [] []
[2026-04-21 15:02:47] SlimMonoLogger.INFO: Cron ran at: 21-04-2026 03:02:47 PM [] []
[2026-04-21 15:02:51] SlimMonoLogger.INFO: Cron ran at: 21-04-2026 03:02:51 PM [] []
[2026-04-21 15:02:51] SlimMonoLogger.INFO: Cron ran at: 21-04-2026 03:02:51 PM [] []
[2026-04-21 15:02:59] SlimMonoLogger.INFO: Cron ran at: 21-04-2026 03:02:59 PM [] []
[2026-04-21 15:03:06] SlimMonoLogger.INFO: Cron ran at: 21-04-2026 03:03:06 PM [] []
[2026-04-21 15:03:17] SlimMonoLogger.INFO: Cron ran at: 21-04-2026 03:03:17 PM [] []
[2026-04-21 15:03:17] SlimMonoLogger.INFO: Cron ran at: 21-04-2026 03:03:17 PM [] []
[2026-04-21 15:03:18] SlimMonoLogger.INFO: Cron ran at: 21-04-2026 03:03:18 PM [] []
[2026-04-21 15:03:26] SlimMonoLogger.INFO: Cron ran at: 21-04-2026 03:03:26 PM [] []
[2026-04-21 15:03:27] SlimMonoLogger.INFO: Cron ran at: 21-04-2026 03:03:27 PM [] []
[2026-04-21 15:03:27] SlimMonoLogger.INFO: Cron ran at: 21-04-2026 03:03:27 PM [] []
[2026-04-21 15:03:35] SlimMonoLogger.INFO: Cron ran at: 21-04-2026 03:03:35 PM [] []
[2026-04-21 15:03:46] SlimMonoLogger.INFO: Cron ran at: 21-04-2026 03:03:46 PM [] []
[2026-04-21 15:03:53] SlimMonoLogger.INFO: Cron ran at: 21-04-2026 03:03:53 PM [] []
[2026-04-21 15:03:56] SlimMonoLogger.INFO: Cron ran at: 21-04-2026 03:03:56 PM [] []
[2026-04-21 15:03:59] SlimMonoLogger.INFO: Cron ran at: 21-04-2026 03:03:59 PM [] []
[2026-04-21 15:04:07] SlimMonoLogger.INFO: Cron ran at: 21-04-2026 03:04:07 PM [] []
[2026-04-21 15:04:08] SlimMonoLogger.INFO: Cron ran at: 21-04-2026 03:04:08 PM [] []
[2026-04-21 15:04:09] SlimMonoLogger.INFO: Cron ran at: 21-04-2026 03:04:09 PM [] []
[2026-04-21 15:04:09] SlimMonoLogger.INFO: Cron ran at: 21-04-2026 03:04:09 PM [] []
[2026-04-21 15:04:29] SlimMonoLogger.INFO: Cron ran at: 21-04-2026 03:04:29 PM [] []
[2026-04-21 15:04:30] SlimMonoLogger.INFO: Cron ran at: 21-04-2026 03:04:30 PM [] []
[2026-04-21 15:04:30] SlimMonoLogger.INFO: Cron ran at: 21-04-2026 03:04:30 PM [] []
[2026-04-21 15:04:34] SlimMonoLogger.INFO: Cron ran at: 21-04-2026 03:04:34 PM [] []
[2026-04-21 15:04:39] SlimMonoLogger.INFO: Cron ran at: 21-04-2026 03:04:39 PM [] []
[2026-04-21 15:04:45] SlimMonoLogger.INFO: Cron ran at: 21-04-2026 03:04:45 PM [] []
[2026-04-21 15:04:51] SlimMonoLogger.INFO: Cron ran at: 21-04-2026 03:04:51 PM [] []
[2026-04-21 15:04:57] SlimMonoLogger.INFO: Cron ran at: 21-04-2026 03:04:57 PM [] []
[2026-04-21 15:04:57] SlimMonoLogger.INFO: Cron ran at: 21-04-2026 03:04:57 PM [] []
[2026-04-21 15:05:20] SlimMonoLogger.INFO: Cron ran at: 21-04-2026 03:05:20 PM [] []
[2026-04-21 15:05:21] SlimMonoLogger.INFO: Cron ran at: 21-04-2026 03:05:21 PM [] []
[2026-04-21 15:05:22] SlimMonoLogger.INFO: Cron ran at: 21-04-2026 03:05:22 PM [] []
[2026-04-21 15:05:47] SlimMonoLogger.INFO: Cron ran at: 21-04-2026 03:05:47 PM [] []
[2026-04-21 15:06:03] SlimMonoLogger.INFO: Cron ran at: 21-04-2026 03:06:03 PM [] []
[2026-04-21 15:06:04] SlimMonoLogger.INFO: Cron ran at: 21-04-2026 03:06:04 PM [] []
[2026-04-21 15:06:04] SlimMonoLogger.INFO: Cron ran at: 21-04-2026 03:06:04 PM [] []
[2026-04-21 15:06:06] SlimMonoLogger.INFO: Cron ran at: 21-04-2026 03:06:06 PM [] []
[2026-04-21 15:06:06] SlimMonoLogger.INFO: Cron ran at: 21-04-2026 03:06:06 PM [] []
[2026-04-21 15:06:12] SlimMonoLogger.INFO: Cron ran at: 21-04-2026 03:06:12 PM [] []
[2026-04-21 15:06:24] SlimMonoLogger.INFO: Cron ran at: 21-04-2026 03:06:24 PM [] []
[2026-04-21 15:06:25] SlimMonoLogger.INFO: Cron ran at: 21-04-2026 03:06:25 PM [] []
[2026-04-21 15:06:26] SlimMonoLogger.INFO: Cron ran at: 21-04-2026 03:06:26 PM [] []
[2026-04-21 15:06:43] SlimMonoLogger.INFO: Cron ran at: 21-04-2026 03:06:43 PM [] []
[2026-04-21 15:06:59] SlimMonoLogger.INFO: Cron ran at: 21-04-2026 03:06:59 PM [] []
[2026-04-21 15:07:05] SlimMonoLogger.INFO: Cron ran at: 21-04-2026 03:07:05 PM [] []
[2026-04-21 15:07:06] SlimMonoLogger.INFO: Cron ran at: 21-04-2026 03:07:06 PM [] []
[2026-04-21 15:07:13] SlimMonoLogger.INFO: Cron ran at: 21-04-2026 03:07:13 PM [] []
[2026-04-21 15:07:20] SlimMonoLogger.INFO: Cron ran at: 21-04-2026 03:07:20 PM [] []
[2026-04-21 15:07:21] SlimMonoLogger.INFO: Cron ran at: 21-04-2026 03:07:21 PM [] []
[2026-04-21 15:07:24] SlimMonoLogger.INFO: Cron ran at: 21-04-2026 03:07:24 PM [] []
[2026-04-21 15:07:37] SlimMonoLogger.INFO: Cron ran at: 21-04-2026 03:07:37 PM [] []
[2026-04-21 15:07:45] SlimMonoLogger.INFO: Cron ran at: 21-04-2026 03:07:45 PM [] []
[2026-04-21 15:07:51] SlimMonoLogger.INFO: Cron ran at: 21-04-2026 03:07:51 PM [] []
[2026-04-21 15:08:10] SlimMonoLogger.INFO: Cron ran at: 21-04-2026 03:08:10 PM [] []
[2026-04-21 15:08:13] SlimMonoLogger.INFO: Cron ran at: 21-04-2026 03:08:13 PM [] []
[2026-04-21 15:08:21] SlimMonoLogger.INFO: Cron ran at: 21-04-2026 03:08:21 PM [] []
[2026-04-21 15:08:21] SlimMonoLogger.INFO: Cron ran at: 21-04-2026 03:08:21 PM [] []
[2026-04-21 15:08:24] SlimMonoLogger.INFO: Cron ran at: 21-04-2026 03:08:24 PM [] []
[2026-04-21 15:08:25] SlimMonoLogger.INFO: Cron ran at: 21-04-2026 03:08:25 PM [] []
[2026-04-21 15:08:45] SlimMonoLogger.INFO: Cron ran at: 21-04-2026 03:08:45 PM [] []
[2026-04-21 15:08:56] SlimMonoLogger.INFO: Cron ran at: 21-04-2026 03:08:56 PM [] []
[2026-04-21 15:09:06] SlimMonoLogger.INFO: Cron ran at: 21-04-2026 03:09:06 PM [] []
[2026-04-21 15:09:08] SlimMonoLogger.INFO: Cron ran at: 21-04-2026 03:09:08 PM [] []
[2026-04-21 15:09:21] SlimMonoLogger.INFO: Cron ran at: 21-04-2026 03:09:21 PM [] []
[2026-04-21 15:09:24] SlimMonoLogger.INFO: Cron ran at: 21-04-2026 03:09:24 PM [] []
[2026-04-21 15:09:27] SlimMonoLogger.INFO: Cron ran at: 21-04-2026 03:09:27 PM [] []
[2026-04-21 15:09:29] SlimMonoLogger.INFO: Cron ran at: 21-04-2026 03:09:29 PM [] []
[2026-04-21 15:09:34] SlimMonoLogger.INFO: Cron ran at: 21-04-2026 03:09:34 PM [] []
[2026-04-21 15:09:36] SlimMonoLogger.INFO: Cron ran at: 21-04-2026 03:09:36 PM [] []
[2026-04-21 15:10:00] SlimMonoLogger.INFO: Cron ran at: 21-04-2026 03:10:00 PM [] []
[2026-04-21 15:10:01] SlimMonoLogger.INFO: Cron ran at: 21-04-2026 03:10:01 PM [] []
[2026-04-21 15:10:22] SlimMonoLogger.INFO: Cron ran at: 21-04-2026 03:10:22 PM [] []
[2026-04-21 15:10:22] SlimMonoLogger.INFO: Cron ran at: 21-04-2026 03:10:22 PM [] []
[2026-04-21 15:10:30] SlimMonoLogger.INFO: Cron ran at: 21-04-2026 03:10:30 PM [] []
[2026-04-21 15:10:30] SlimMonoLogger.INFO: Cron ran at: 21-04-2026 03:10:30 PM [] []
[2026-04-21 15:10:31] SlimMonoLogger.INFO: Cron ran at: 21-04-2026 03:10:31 PM [] []
[2026-04-21 15:10:48] SlimMonoLogger.INFO: Cron ran at: 21-04-2026 03:10:48 PM [] []
[2026-04-21 15:10:49] SlimMonoLogger.INFO: Cron ran at: 21-04-2026 03:10:49 PM [] []
[2026-04-21 15:11:07] SlimMonoLogger.INFO: Cron ran at: 21-04-2026 03:11:07 PM [] []
[2026-04-21 15:11:08] SlimMonoLogger.INFO: Cron ran at: 21-04-2026 03:11:08 PM [] []
[2026-04-21 15:11:12] SlimMonoLogger.INFO: Cron ran at: 21-04-2026 03:11:12 PM [] []
[2026-04-21 15:11:21] SlimMonoLogger.INFO: Cron ran at: 21-04-2026 03:11:21 PM [] []
[2026-04-21 15:11:24] SlimMonoLogger.INFO: Cron ran at: 21-04-2026 03:11:24 PM [] []
[2026-04-21 15:11:29] SlimMonoLogger.INFO: Cron ran at: 21-04-2026 03:11:29 PM [] []
[2026-04-21 15:11:30] SlimMonoLogger.INFO: Cron ran at: 21-04-2026 03:11:30 PM [] []
[2026-04-21 15:11:34] SlimMonoLogger.INFO: Cron ran at: 21-04-2026 03:11:34 PM [] []
[2026-04-21 15:11:34] SlimMonoLogger.INFO: Cron ran at: 21-04-2026 03:11:34 PM [] []
[2026-04-21 15:11:57] SlimMonoLogger.INFO: Cron ran at: 21-04-2026 03:11:57 PM [] []
[2026-04-21 15:11:59] SlimMonoLogger.INFO: Cron ran at: 21-04-2026 03:11:59 PM [] []
[2026-04-21 15:12:13] SlimMonoLogger.INFO: Cron ran at: 21-04-2026 03:12:13 PM [] []
[2026-04-21 15:12:14] SlimMonoLogger.INFO: Cron ran at: 21-04-2026 03:12:14 PM [] []
[2026-04-21 15:12:16] SlimMonoLogger.INFO: Cron ran at: 21-04-2026 03:12:16 PM [] []
[2026-04-21 15:12:32] SlimMonoLogger.INFO: Cron ran at: 21-04-2026 03:12:32 PM [] []
[2026-04-21 15:12:32] SlimMonoLogger.INFO: Cron ran at: 21-04-2026 03:12:32 PM [] []
[2026-04-21 15:12:37] SlimMonoLogger.INFO: Cron ran at: 21-04-2026 03:12:37 PM [] []
[2026-04-21 15:12:43] SlimMonoLogger.INFO: Cron ran at: 21-04-2026 03:12:43 PM [] []
[2026-04-21 15:12:54] SlimMonoLogger.INFO: Cron ran at: 21-04-2026 03:12:54 PM [] []
[2026-04-21 15:13:05] SlimMonoLogger.INFO: Cron ran at: 21-04-2026 03:13:05 PM [] []
[2026-04-21 15:13:11] SlimMonoLogger.INFO: Cron ran at: 21-04-2026 03:13:11 PM [] []
[2026-04-21 15:13:24] SlimMonoLogger.INFO: Cron ran at: 21-04-2026 03:13:24 PM [] []
[2026-04-21 15:13:26] SlimMonoLogger.INFO: Cron ran at: 21-04-2026 03:13:26 PM [] []
[2026-04-21 15:13:26] SlimMonoLogger.INFO: Cron ran at: 21-04-2026 03:13:26 PM [] []
[2026-04-21 15:13:28] SlimMonoLogger.INFO: Cron ran at: 21-04-2026 03:13:28 PM [] []
[2026-04-21 15:13:35] SlimMonoLogger.INFO: Cron ran at: 21-04-2026 03:13:35 PM [] []
[2026-04-21 15:13:46] SlimMonoLogger.INFO: Cron ran at: 21-04-2026 03:13:46 PM [] []
[2026-04-21 15:13:47] SlimMonoLogger.INFO: Cron ran at: 21-04-2026 03:13:47 PM [] []
[2026-04-21 15:13:57] SlimMonoLogger.INFO: Cron ran at: 21-04-2026 03:13:57 PM [] []
[2026-04-21 15:14:18] SlimMonoLogger.INFO: Cron ran at: 21-04-2026 03:14:18 PM [] []
[2026-04-21 15:14:18] SlimMonoLogger.INFO: Cron ran at: 21-04-2026 03:14:18 PM [] []
[2026-04-21 15:14:20] SlimMonoLogger.INFO: Cron ran at: 21-04-2026 03:14:20 PM [] []
[2026-04-21 15:14:28] SlimMonoLogger.INFO: Cron ran at: 21-04-2026 03:14:28 PM [] []
[2026-04-21 15:14:28] SlimMonoLogger.INFO: Cron ran at: 21-04-2026 03:14:28 PM [] []
[2026-04-21 15:14:33] SlimMonoLogger.INFO: Cron ran at: 21-04-2026 03:14:33 PM [] []
[2026-04-21 15:14:35] SlimMonoLogger.INFO: Cron ran at: 21-04-2026 03:14:35 PM [] []
[2026-04-21 15:14:35] SlimMonoLogger.INFO: Cron ran at: 21-04-2026 03:14:35 PM [] []
[2026-04-21 15:15:00] SlimMonoLogger.INFO: Cron ran at: 21-04-2026 03:15:00 PM [] []
[2026-04-21 15:15:07] SlimMonoLogger.INFO: Cron ran at: 21-04-2026 03:15:07 PM [] []
[2026-04-21 15:15:11] SlimMonoLogger.INFO: Cron ran at: 21-04-2026 03:15:11 PM [] []
[2026-04-21 15:15:12] SlimMonoLogger.INFO: Cron ran at: 21-04-2026 03:15:12 PM [] []
[2026-04-21 15:15:29] SlimMonoLogger.INFO: Cron ran at: 21-04-2026 03:15:29 PM [] []
[2026-04-21 15:15:30] SlimMonoLogger.INFO: Cron ran at: 21-04-2026 03:15:30 PM [] []
[2026-04-21 15:15:33] SlimMonoLogger.INFO: Cron ran at: 21-04-2026 03:15:33 PM [] []
[2026-04-21 15:15:40] SlimMonoLogger.INFO: Cron ran at: 21-04-2026 03:15:40 PM [] []
[2026-04-21 15:16:00] SlimMonoLogger.INFO: Cron ran at: 21-04-2026 03:16:00 PM [] []
[2026-04-21 15:16:07] SlimMonoLogger.INFO: Cron ran at: 21-04-2026 03:16:07 PM [] []
[2026-04-21 15:16:07] SlimMonoLogger.INFO: Cron ran at: 21-04-2026 03:16:07 PM [] []
[2026-04-21 15:16:34] SlimMonoLogger.INFO: Cron ran at: 21-04-2026 03:16:34 PM [] []
[2026-04-21 15:16:35] SlimMonoLogger.INFO: Cron ran at: 21-04-2026 03:16:35 PM [] []
[2026-04-21 15:16:35] SlimMonoLogger.INFO: Cron ran at: 21-04-2026 03:16:35 PM [] []
[2026-04-21 15:16:53] SlimMonoLogger.INFO: Cron ran at: 21-04-2026 03:16:53 PM [] []
[2026-04-21 15:17:26] SlimMonoLogger.INFO: Cron ran at: 21-04-2026 03:17:26 PM [] []
[2026-04-21 15:17:42] SlimMonoLogger.INFO: Cron ran at: 21-04-2026 03:17:42 PM [] []
[2026-04-21 15:18:15] SlimMonoLogger.INFO: Cron ran at: 21-04-2026 03:18:15 PM [] []
[2026-04-21 15:18:16] SlimMonoLogger.INFO: Cron ran at: 21-04-2026 03:18:16 PM [] []
[2026-04-21 15:18:27] SlimMonoLogger.INFO: Cron ran at: 21-04-2026 03:18:27 PM [] []
[2026-04-21 15:18:27] SlimMonoLogger.INFO: Cron ran at: 21-04-2026 03:18:27 PM [] []
[2026-04-21 15:18:30] SlimMonoLogger.INFO: Cron ran at: 21-04-2026 03:18:30 PM [] []
[2026-04-21 15:18:46] SlimMonoLogger.INFO: Cron ran at: 21-04-2026 03:18:46 PM [] []
[2026-04-21 15:19:12] SlimMonoLogger.INFO: Cron ran at: 21-04-2026 03:19:12 PM [] []
[2026-04-21 15:19:12] SlimMonoLogger.INFO: Cron ran at: 21-04-2026 03:19:12 PM [] []
[2026-04-21 15:19:23] SlimMonoLogger.INFO: Cron ran at: 21-04-2026 03:19:23 PM [] []
[2026-04-21 15:19:24] SlimMonoLogger.INFO: Cron ran at: 21-04-2026 03:19:24 PM [] []
[2026-04-21 15:19:37] SlimMonoLogger.INFO: Cron ran at: 21-04-2026 03:19:37 PM [] []
[2026-04-21 15:19:39] SlimMonoLogger.INFO: Cron ran at: 21-04-2026 03:19:39 PM [] []
[2026-04-21 15:20:05] SlimMonoLogger.INFO: Cron ran at: 21-04-2026 03:20:05 PM [] []
[2026-04-21 15:20:09] SlimMonoLogger.INFO: Cron ran at: 21-04-2026 03:20:09 PM [] []
[2026-04-21 15:20:24] SlimMonoLogger.INFO: Cron ran at: 21-04-2026 03:20:24 PM [] []
[2026-04-21 15:20:24] SlimMonoLogger.INFO: Cron ran at: 21-04-2026 03:20:24 PM [] []
[2026-04-21 15:20:28] SlimMonoLogger.ERROR: Requests_Exception: cURL error 28: Operation timed out after 500001 milliseconds with 0 bytes received in /home/latihtal/public_html/agregator1/src/vendor/rmccue/requests/library/Requests/Transport/cURL.php:422
Stack trace:
#0 /home/latihtal/public_html/agregator1/src/vendor/rmccue/requests/library/Requests/Transport/cURL.php(177): Requests_Transport_cURL->process_response()
#1 /home/latihtal/public_html/agregator1/src/vendor/rmccue/requests/library/Requests.php(379): Requests_Transport_cURL->request()
#2 /home/latihtal/public_html/agregator1/src/vendor/rmccue/requests/library/Requests/Session.php(205): Requests::request()
#3 /home/latihtal/public_html/agregator1/src/vendor/rmccue/requests/library/Requests/Session.php(132): Requests_Session->request()
#4 /home/latihtal/public_html/agregator1/src/drivers/Http/RssImporter.php(144): Requests_Session->get()
#5 /home/latihtal/public_html/agregator1/src/controllers/Dashboard/DashboardFeedsController.php(534): spark\drivers\Http\RssImporter->fetchPosts()
#6 /home/latihtal/public_html/agregator1/src/controllers/Site/SiteController.php(722): spark\controllers\Dashboard\DashboardFeedsController::importFeedPosts()
#7 [internal function]: spark\controllers\Site\SiteController->runTasks()
#8 /home/latihtal/public_html/agregator1/src/framework/Route.php(173): call_user_func_array()
#9 [internal function]: Slim\Route->Slim\{closure}()
#10 /home/latihtal/public_html/agregator1/src/framework/Route.php(468): call_user_func_array()
#11 /home/latihtal/public_html/agregator1/src/framework/Slim.php(1364): Slim\Route->dispatch()
#12 /home/latihtal/public_html/agregator1/src/framework/Middleware/Flash.php(85): Slim\Slim->call()
#13 /home/latihtal/public_html/agregator1/src/framework/Middleware/MethodOverride.php(92): Slim\Middleware\Flash->call()
#14 /home/latihtal/public_html/agregator1/src/middlewares/CsrfGuard/CsrfGuard.php(47): Slim\Middleware\MethodOverride->call()
#15 /home/latihtal/public_html/agregator1/src/framework/Middleware/PrettyExceptions.php(67): spark\middlewares\CsrfGuard\CsrfGuard->call()
#16 /home/latihtal/public_html/agregator1/src/framework/Slim.php(1308): Slim\Middleware\PrettyExceptions->call()
#17 /home/latihtal/public_html/agregator1/index.php(6): Slim\Slim->run()
#18 {main} [] []
[2026-04-21 15:20:39] SlimMonoLogger.INFO: Cron ran at: 21-04-2026 03:20:39 PM [] []
[2026-04-21 15:20:49] SlimMonoLogger.INFO: Cron ran at: 21-04-2026 03:20:49 PM [] []
[2026-04-21 15:21:04] SlimMonoLogger.INFO: Cron ran at: 21-04-2026 03:21:04 PM [] []
[2026-04-21 15:21:11] SlimMonoLogger.INFO: Cron ran at: 21-04-2026 03:21:11 PM [] []
[2026-04-21 15:21:17] SlimMonoLogger.INFO: Cron ran at: 21-04-2026 03:21:17 PM [] []
[2026-04-21 15:21:21] SlimMonoLogger.INFO: Cron ran at: 21-04-2026 03:21:21 PM [] []
[2026-04-21 15:21:25] SlimMonoLogger.INFO: Cron ran at: 21-04-2026 03:21:25 PM [] []
[2026-04-21 15:21:41] SlimMonoLogger.INFO: Cron ran at: 21-04-2026 03:21:41 PM [] []
[2026-04-21 15:21:42] SlimMonoLogger.INFO: Cron ran at: 21-04-2026 03:21:42 PM [] []
[2026-04-21 15:21:45] SlimMonoLogger.INFO: Cron ran at: 21-04-2026 03:21:45 PM [] []
[2026-04-21 15:22:10] SlimMonoLogger.INFO: Cron ran at: 21-04-2026 03:22:10 PM [] []
[2026-04-21 15:22:18] SlimMonoLogger.INFO: Cron ran at: 21-04-2026 03:22:18 PM [] []
[2026-04-21 15:22:19] SlimMonoLogger.INFO: Cron ran at: 21-04-2026 03:22:19 PM [] []
[2026-04-21 15:22:30] SlimMonoLogger.INFO: Cron ran at: 21-04-2026 03:22:30 PM [] []
[2026-04-21 15:22:35] SlimMonoLogger.INFO: Cron ran at: 21-04-2026 03:22:35 PM [] []
[2026-04-21 15:22:50] SlimMonoLogger.INFO: Cron ran at: 21-04-2026 03:22:50 PM [] []
[2026-04-21 15:22:50] SlimMonoLogger.INFO: Cron ran at: 21-04-2026 03:22:50 PM [] []
[2026-04-21 15:23:16] SlimMonoLogger.INFO: Cron ran at: 21-04-2026 03:23:16 PM [] []
[2026-04-21 15:23:26] SlimMonoLogger.INFO: Cron ran at: 21-04-2026 03:23:26 PM [] []
[2026-04-21 15:23:32] SlimMonoLogger.INFO: Cron ran at: 21-04-2026 03:23:32 PM [] []
[2026-04-21 15:23:34] SlimMonoLogger.INFO: Cron ran at: 21-04-2026 03:23:34 PM [] []
[2026-04-21 15:23:46] SlimMonoLogger.INFO: Cron ran at: 21-04-2026 03:23:46 PM [] []
[2026-04-21 15:23:55] SlimMonoLogger.INFO: Cron ran at: 21-04-2026 03:23:55 PM [] []
[2026-04-21 15:24:02] SlimMonoLogger.INFO: Cron ran at: 21-04-2026 03:24:02 PM [] []
[2026-04-21 15:24:25] SlimMonoLogger.INFO: Cron ran at: 21-04-2026 03:24:25 PM [] []
[2026-04-21 15:24:33] SlimMonoLogger.INFO: Cron ran at: 21-04-2026 03:24:33 PM [] []
[2026-04-21 15:24:36] SlimMonoLogger.INFO: Cron ran at: 21-04-2026 03:24:36 PM [] []
[2026-04-21 15:24:54] SlimMonoLogger.INFO: Cron ran at: 21-04-2026 03:24:54 PM [] []
[2026-04-21 15:25:02] SlimMonoLogger.INFO: Cron ran at: 21-04-2026 03:25:02 PM [] []
[2026-04-21 15:25:02] SlimMonoLogger.INFO: Cron ran at: 21-04-2026 03:25:02 PM [] []
[2026-04-21 15:25:04] SlimMonoLogger.INFO: Cron ran at: 21-04-2026 03:25:04 PM [] []
[2026-04-21 15:25:15] SlimMonoLogger.INFO: Cron ran at: 21-04-2026 03:25:15 PM [] []
[2026-04-21 15:25:36] SlimMonoLogger.INFO: Cron ran at: 21-04-2026 03:25:36 PM [] []
[2026-04-21 15:25:37] SlimMonoLogger.INFO: Cron ran at: 21-04-2026 03:25:37 PM [] []
[2026-04-21 15:25:39] SlimMonoLogger.INFO: Cron ran at: 21-04-2026 03:25:39 PM [] []
[2026-04-21 15:25:46] SlimMonoLogger.INFO: Cron ran at: 21-04-2026 03:25:46 PM [] []
[2026-04-21 15:26:04] SlimMonoLogger.INFO: Cron ran at: 21-04-2026 03:26:04 PM [] []
[2026-04-21 15:26:06] SlimMonoLogger.INFO: Cron ran at: 21-04-2026 03:26:06 PM [] []
[2026-04-21 15:26:16] SlimMonoLogger.INFO: Cron ran at: 21-04-2026 03:26:16 PM [] []
[2026-04-21 15:26:16] SlimMonoLogger.INFO: Cron ran at: 21-04-2026 03:26:16 PM [] []
[2026-04-21 15:26:33] SlimMonoLogger.INFO: Cron ran at: 21-04-2026 03:26:33 PM [] []
[2026-04-21 15:26:36] SlimMonoLogger.INFO: Cron ran at: 21-04-2026 03:26:36 PM [] []
[2026-04-21 15:26:43] SlimMonoLogger.INFO: Cron ran at: 21-04-2026 03:26:43 PM [] []
[2026-04-21 15:26:44] SlimMonoLogger.INFO: Cron ran at: 21-04-2026 03:26:44 PM [] []
[2026-04-21 15:27:05] SlimMonoLogger.INFO: Cron ran at: 21-04-2026 03:27:05 PM [] []
[2026-04-21 15:27:08] SlimMonoLogger.INFO: Cron ran at: 21-04-2026 03:27:08 PM [] []
[2026-04-21 15:27:10] SlimMonoLogger.INFO: Cron ran at: 21-04-2026 03:27:10 PM [] []
[2026-04-21 15:27:14] SlimMonoLogger.INFO: Cron ran at: 21-04-2026 03:27:14 PM [] []
[2026-04-21 15:27:44] SlimMonoLogger.INFO: Cron ran at: 21-04-2026 03:27:44 PM [] []
[2026-04-21 15:27:44] SlimMonoLogger.INFO: Cron ran at: 21-04-2026 03:27:44 PM [] []
[2026-04-21 15:27:54] SlimMonoLogger.INFO: Cron ran at: 21-04-2026 03:27:54 PM [] []
[2026-04-21 15:28:01] SlimMonoLogger.INFO: Cron ran at: 21-04-2026 03:28:01 PM [] []
[2026-04-21 15:28:05] SlimMonoLogger.INFO: Cron ran at: 21-04-2026 03:28:05 PM [] []
[2026-04-21 15:28:09] SlimMonoLogger.INFO: Cron ran at: 21-04-2026 03:28:09 PM [] []
[2026-04-21 15:28:11] SlimMonoLogger.INFO: Cron ran at: 21-04-2026 03:28:11 PM [] []
[2026-04-21 15:28:17] SlimMonoLogger.INFO: Cron ran at: 21-04-2026 03:28:17 PM [] []
[2026-04-21 15:28:46] SlimMonoLogger.INFO: Cron ran at: 21-04-2026 03:28:46 PM [] []
[2026-04-21 15:28:46] SlimMonoLogger.INFO: Cron ran at: 21-04-2026 03:28:46 PM [] []
[2026-04-21 15:28:50] SlimMonoLogger.INFO: Cron ran at: 21-04-2026 03:28:50 PM [] []
[2026-04-21 15:28:57] SlimMonoLogger.INFO: Cron ran at: 21-04-2026 03:28:57 PM [] []
[2026-04-21 15:29:09] SlimMonoLogger.INFO: Cron ran at: 21-04-2026 03:29:09 PM [] []
[2026-04-21 15:29:09] SlimMonoLogger.INFO: Cron ran at: 21-04-2026 03:29:09 PM [] []
[2026-04-21 15:29:14] SlimMonoLogger.INFO: Cron ran at: 21-04-2026 03:29:14 PM [] []
[2026-04-21 15:29:42] SlimMonoLogger.INFO: Cron ran at: 21-04-2026 03:29:42 PM [] []
[2026-04-21 15:29:43] SlimMonoLogger.INFO: Cron ran at: 21-04-2026 03:29:43 PM [] []
[2026-04-21 15:29:52] SlimMonoLogger.INFO: Cron ran at: 21-04-2026 03:29:52 PM [] []
[2026-04-21 15:29:54] SlimMonoLogger.INFO: Cron ran at: 21-04-2026 03:29:54 PM [] []
[2026-04-21 15:30:12] SlimMonoLogger.INFO: Cron ran at: 21-04-2026 03:30:12 PM [] []
[2026-04-21 15:30:14] SlimMonoLogger.INFO: Cron ran at: 21-04-2026 03:30:14 PM [] []
[2026-04-21 15:30:20] SlimMonoLogger.INFO: Cron ran at: 21-04-2026 03:30:20 PM [] []
[2026-04-21 15:31:05] SlimMonoLogger.INFO: Cron ran at: 21-04-2026 03:31:05 PM [] []
[2026-04-21 15:31:06] SlimMonoLogger.INFO: Cron ran at: 21-04-2026 03:31:06 PM [] []
[2026-04-21 15:31:12] SlimMonoLogger.INFO: Cron ran at: 21-04-2026 03:31:12 PM [] []
[2026-04-21 15:31:23] SlimMonoLogger.INFO: Cron ran at: 21-04-2026 03:31:23 PM [] []
[2026-04-21 15:31:25] SlimMonoLogger.INFO: Cron ran at: 21-04-2026 03:31:25 PM [] []
[2026-04-21 15:31:26] SlimMonoLogger.INFO: Cron ran at: 21-04-2026 03:31:26 PM [] []
[2026-04-21 15:31:29] SlimMonoLogger.INFO: Cron ran at: 21-04-2026 03:31:29 PM [] []
[2026-04-21 15:31:48] SlimMonoLogger.INFO: Cron ran at: 21-04-2026 03:31:48 PM [] []
[2026-04-21 15:31:56] SlimMonoLogger.INFO: Cron ran at: 21-04-2026 03:31:56 PM [] []
[2026-04-21 15:32:04] SlimMonoLogger.INFO: Cron ran at: 21-04-2026 03:32:04 PM [] []
[2026-04-21 15:32:10] SlimMonoLogger.INFO: Cron ran at: 21-04-2026 03:32:10 PM [] []
[2026-04-21 15:32:12] SlimMonoLogger.INFO: Cron ran at: 21-04-2026 03:32:12 PM [] []
[2026-04-21 15:32:12] SlimMonoLogger.INFO: Cron ran at: 21-04-2026 03:32:12 PM [] []
[2026-04-21 15:32:23] SlimMonoLogger.INFO: Cron ran at: 21-04-2026 03:32:23 PM [] []
[2026-04-21 15:32:58] SlimMonoLogger.INFO: Cron ran at: 21-04-2026 03:32:58 PM [] []
[2026-04-21 15:32:58] SlimMonoLogger.INFO: Cron ran at: 21-04-2026 03:32:58 PM [] []
[2026-04-21 15:33:08] SlimMonoLogger.INFO: Cron ran at: 21-04-2026 03:33:08 PM [] []
[2026-04-21 15:33:12] SlimMonoLogger.INFO: Cron ran at: 21-04-2026 03:33:12 PM [] []
[2026-04-21 15:33:13] SlimMonoLogger.INFO: Cron ran at: 21-04-2026 03:33:13 PM [] []
[2026-04-21 15:33:27] SlimMonoLogger.INFO: Cron ran at: 21-04-2026 03:33:27 PM [] []
[2026-04-21 15:33:28] SlimMonoLogger.INFO: Cron ran at: 21-04-2026 03:33:28 PM [] []
[2026-04-21 15:34:08] SlimMonoLogger.INFO: Cron ran at: 21-04-2026 03:34:08 PM [] []
[2026-04-21 15:34:16] SlimMonoLogger.INFO: Cron ran at: 21-04-2026 03:34:16 PM [] []
[2026-04-21 15:34:16] SlimMonoLogger.INFO: Cron ran at: 21-04-2026 03:34:16 PM [] []
[2026-04-21 15:34:30] SlimMonoLogger.INFO: Cron ran at: 21-04-2026 03:34:30 PM [] []
[2026-04-21 15:34:33] SlimMonoLogger.INFO: Cron ran at: 21-04-2026 03:34:33 PM [] []
[2026-04-21 15:35:12] SlimMonoLogger.INFO: Cron ran at: 21-04-2026 03:35:12 PM [] []
[2026-04-21 15:35:22] SlimMonoLogger.INFO: Cron ran at: 21-04-2026 03:35:22 PM [] []
[2026-04-21 15:35:23] SlimMonoLogger.INFO: Cron ran at: 21-04-2026 03:35:23 PM [] []
[2026-04-21 15:35:26] SlimMonoLogger.INFO: Cron ran at: 21-04-2026 03:35:26 PM [] []
[2026-04-21 15:35:33] SlimMonoLogger.INFO: Cron ran at: 21-04-2026 03:35:33 PM [] []
[2026-04-21 15:35:35] SlimMonoLogger.INFO: Cron ran at: 21-04-2026 03:35:35 PM [] []
[2026-04-21 15:35:53] SlimMonoLogger.ERROR: Requests_Exception: cURL error 28: Failed to connect to estrada.mk port 443 after 132200 ms: Could not connect to server in /home/latihtal/public_html/agregator1/src/vendor/rmccue/requests/library/Requests/Transport/cURL.php:422
Stack trace:
#0 /home/latihtal/public_html/agregator1/src/vendor/rmccue/requests/library/Requests/Transport/cURL.php(177): Requests_Transport_cURL->process_response()
#1 /home/latihtal/public_html/agregator1/src/vendor/rmccue/requests/library/Requests.php(379): Requests_Transport_cURL->request()
#2 /home/latihtal/public_html/agregator1/src/vendor/rmccue/requests/library/Requests/Session.php(205): Requests::request()
#3 /home/latihtal/public_html/agregator1/src/vendor/rmccue/requests/library/Requests/Session.php(132): Requests_Session->request()
#4 /home/latihtal/public_html/agregator1/src/drivers/Http/RssImporter.php(144): Requests_Session->get()
#5 /home/latihtal/public_html/agregator1/src/controllers/Dashboard/DashboardFeedsController.php(534): spark\drivers\Http\RssImporter->fetchPosts()
#6 /home/latihtal/public_html/agregator1/src/controllers/Site/SiteController.php(722): spark\controllers\Dashboard\DashboardFeedsController::importFeedPosts()
#7 [internal function]: spark\controllers\Site\SiteController->runTasks()
#8 /home/latihtal/public_html/agregator1/src/framework/Route.php(173): call_user_func_array()
#9 [internal function]: Slim\Route->Slim\{closure}()
#10 /home/latihtal/public_html/agregator1/src/framework/Route.php(468): call_user_func_array()
#11 /home/latihtal/public_html/agregator1/src/framework/Slim.php(1364): Slim\Route->dispatch()
#12 /home/latihtal/public_html/agregator1/src/framework/Middleware/Flash.php(85): Slim\Slim->call()
#13 /home/latihtal/public_html/agregator1/src/framework/Middleware/MethodOverride.php(92): Slim\Middleware\Flash->call()
#14 /home/latihtal/public_html/agregator1/src/middlewares/CsrfGuard/CsrfGuard.php(47): Slim\Middleware\MethodOverride->call()
#15 /home/latihtal/public_html/agregator1/src/framework/Middleware/PrettyExceptions.php(67): spark\middlewares\CsrfGuard\CsrfGuard->call()
#16 /home/latihtal/public_html/agregator1/src/framework/Slim.php(1308): Slim\Middleware\PrettyExceptions->call()
#17 /home/latihtal/public_html/agregator1/index.php(6): Slim\Slim->run()
#18 {main} [] []
[2026-04-21 15:36:16] SlimMonoLogger.INFO: Cron ran at: 21-04-2026 03:36:16 PM [] []
[2026-04-21 15:36:16] SlimMonoLogger.INFO: Cron ran at: 21-04-2026 03:36:16 PM [] []
[2026-04-21 15:36:19] SlimMonoLogger.INFO: Cron ran at: 21-04-2026 03:36:19 PM [] []
[2026-04-21 15:36:19] SlimMonoLogger.INFO: Cron ran at: 21-04-2026 03:36:19 PM [] []
[2026-04-21 15:36:22] SlimMonoLogger.INFO: Cron ran at: 21-04-2026 03:36:22 PM [] []
[2026-04-21 15:36:30] SlimMonoLogger.INFO: Cron ran at: 21-04-2026 03:36:30 PM [] []
[2026-04-21 15:36:32] SlimMonoLogger.INFO: Cron ran at: 21-04-2026 03:36:32 PM [] []
[2026-04-21 15:36:53] SlimMonoLogger.INFO: Cron ran at: 21-04-2026 03:36:53 PM [] []
[2026-04-21 15:37:25] SlimMonoLogger.INFO: Cron ran at: 21-04-2026 03:37:25 PM [] []
[2026-04-21 15:37:26] SlimMonoLogger.INFO: Cron ran at: 21-04-2026 03:37:26 PM [] []
[2026-04-21 15:37:28] SlimMonoLogger.INFO: Cron ran at: 21-04-2026 03:37:28 PM [] []
[2026-04-21 15:37:32] SlimMonoLogger.INFO: Cron ran at: 21-04-2026 03:37:32 PM [] []
[2026-04-21 15:37:32] SlimMonoLogger.INFO: Cron ran at: 21-04-2026 03:37:32 PM [] []
[2026-04-21 15:37:35] SlimMonoLogger.INFO: Cron ran at: 21-04-2026 03:37:35 PM [] []
[2026-04-21 15:37:44] SlimMonoLogger.INFO: Cron ran at: 21-04-2026 03:37:44 PM [] []
[2026-04-21 15:38:23] SlimMonoLogger.INFO: Cron ran at: 21-04-2026 03:38:23 PM [] []
[2026-04-21 15:38:23] SlimMonoLogger.INFO: Cron ran at: 21-04-2026 03:38:23 PM [] []
[2026-04-21 15:38:23] SlimMonoLogger.INFO: Cron ran at: 21-04-2026 03:38:23 PM [] []
[2026-04-21 15:38:32] SlimMonoLogger.INFO: Cron ran at: 21-04-2026 03:38:32 PM [] []
[2026-04-21 15:38:39] SlimMonoLogger.INFO: Cron ran at: 21-04-2026 03:38:39 PM [] []
[2026-04-21 15:38:45] SlimMonoLogger.INFO: Cron ran at: 21-04-2026 03:38:45 PM [] []
[2026-04-21 15:39:20] SlimMonoLogger.INFO: Cron ran at: 21-04-2026 03:39:20 PM [] []
[2026-04-21 15:39:21] SlimMonoLogger.INFO: Cron ran at: 21-04-2026 03:39:21 PM [] []
[2026-04-21 15:39:22] SlimMonoLogger.INFO: Cron ran at: 21-04-2026 03:39:22 PM [] []
[2026-04-21 15:39:25] SlimMonoLogger.INFO: Cron ran at: 21-04-2026 03:39:25 PM [] []
[2026-04-21 15:39:34] SlimMonoLogger.INFO: Cron ran at: 21-04-2026 03:39:34 PM [] []
[2026-04-21 15:39:38] SlimMonoLogger.INFO: Cron ran at: 21-04-2026 03:39:38 PM [] []
[2026-04-21 15:39:57] SlimMonoLogger.INFO: Cron ran at: 21-04-2026 03:39:57 PM [] []
[2026-04-21 15:40:25] SlimMonoLogger.INFO: Cron ran at: 21-04-2026 03:40:25 PM [] []
[2026-04-21 15:40:25] SlimMonoLogger.INFO: Cron ran at: 21-04-2026 03:40:25 PM [] []
[2026-04-21 15:40:25] SlimMonoLogger.INFO: Cron ran at: 21-04-2026 03:40:25 PM [] []
[2026-04-21 15:40:25] SlimMonoLogger.INFO: Cron ran at: 21-04-2026 03:40:25 PM [] []
[2026-04-21 15:40:44] SlimMonoLogger.INFO: Cron ran at: 21-04-2026 03:40:44 PM [] []
[2026-04-21 15:40:44] SlimMonoLogger.INFO: Cron ran at: 21-04-2026 03:40:44 PM [] []
[2026-04-21 15:40:58] SlimMonoLogger.INFO: Cron ran at: 21-04-2026 03:40:58 PM [] []
[2026-04-21 15:41:18] SlimMonoLogger.INFO: Cron ran at: 21-04-2026 03:41:18 PM [] []
[2026-04-21 15:41:19] SlimMonoLogger.INFO: Cron ran at: 21-04-2026 03:41:19 PM [] []
[2026-04-21 15:41:27] SlimMonoLogger.INFO: Cron ran at: 21-04-2026 03:41:27 PM [] []
[2026-04-21 15:41:27] SlimMonoLogger.INFO: Cron ran at: 21-04-2026 03:41:27 PM [] []
[2026-04-21 15:41:28] SlimMonoLogger.INFO: Cron ran at: 21-04-2026 03:41:28 PM [] []
[2026-04-21 15:41:38] SlimMonoLogger.INFO: Cron ran at: 21-04-2026 03:41:38 PM [] []
[2026-04-21 15:41:41] SlimMonoLogger.INFO: Cron ran at: 21-04-2026 03:41:41 PM [] []
[2026-04-21 15:41:59] SlimMonoLogger.INFO: Cron ran at: 21-04-2026 03:41:59 PM [] []
[2026-04-21 15:42:13] SlimMonoLogger.INFO: Cron ran at: 21-04-2026 03:42:13 PM [] []
[2026-04-21 15:42:20] SlimMonoLogger.INFO: Cron ran at: 21-04-2026 03:42:20 PM [] []
[2026-04-21 15:42:32] SlimMonoLogger.INFO: Cron ran at: 21-04-2026 03:42:32 PM [] []
[2026-04-21 15:42:32] SlimMonoLogger.INFO: Cron ran at: 21-04-2026 03:42:32 PM [] []
[2026-04-21 15:42:33] SlimMonoLogger.INFO: Cron ran at: 21-04-2026 03:42:33 PM [] []
[2026-04-21 15:42:51] SlimMonoLogger.INFO: Cron ran at: 21-04-2026 03:42:51 PM [] []
[2026-04-21 15:42:52] SlimMonoLogger.INFO: Cron ran at: 21-04-2026 03:42:52 PM [] []
[2026-04-21 15:43:11] SlimMonoLogger.INFO: Cron ran at: 21-04-2026 03:43:11 PM [] []
[2026-04-21 15:43:12] SlimMonoLogger.INFO: Cron ran at: 21-04-2026 03:43:12 PM [] []
[2026-04-21 15:43:17] SlimMonoLogger.INFO: Cron ran at: 21-04-2026 03:43:17 PM [] []
[2026-04-21 15:43:28] SlimMonoLogger.INFO: Cron ran at: 21-04-2026 03:43:28 PM [] []
[2026-04-21 15:43:28] SlimMonoLogger.INFO: Cron ran at: 21-04-2026 03:43:28 PM [] []
[2026-04-21 15:43:34] SlimMonoLogger.INFO: Cron ran at: 21-04-2026 03:43:34 PM [] []
[2026-04-21 15:43:50] SlimMonoLogger.INFO: Cron ran at: 21-04-2026 03:43:50 PM [] []
[2026-04-21 15:43:53] SlimMonoLogger.INFO: Cron ran at: 21-04-2026 03:43:53 PM [] []
[2026-04-21 15:44:10] SlimMonoLogger.INFO: Cron ran at: 21-04-2026 03:44:10 PM [] []
[2026-04-21 15:44:17] SlimMonoLogger.INFO: Cron ran at: 21-04-2026 03:44:17 PM [] []
[2026-04-21 15:44:20] SlimMonoLogger.INFO: Cron ran at: 21-04-2026 03:44:20 PM [] []
[2026-04-21 15:44:31] SlimMonoLogger.INFO: Cron ran at: 21-04-2026 03:44:31 PM [] []
[2026-04-21 15:44:32] SlimMonoLogger.INFO: Cron ran at: 21-04-2026 03:44:32 PM [] []
[2026-04-21 15:44:35] SlimMonoLogger.INFO: Cron ran at: 21-04-2026 03:44:35 PM [] []
[2026-04-21 15:44:47] SlimMonoLogger.INFO: Cron ran at: 21-04-2026 03:44:47 PM [] []
[2026-04-21 15:44:55] SlimMonoLogger.INFO: Cron ran at: 21-04-2026 03:44:55 PM [] []
[2026-04-21 15:45:09] SlimMonoLogger.INFO: Cron ran at: 21-04-2026 03:45:09 PM [] []
[2026-04-21 15:45:19] SlimMonoLogger.INFO: Cron ran at: 21-04-2026 03:45:19 PM [] []
[2026-04-21 15:45:29] SlimMonoLogger.INFO: Cron ran at: 21-04-2026 03:45:29 PM [] []
[2026-04-21 15:45:30] SlimMonoLogger.INFO: Cron ran at: 21-04-2026 03:45:30 PM [] []
[2026-04-21 15:45:31] SlimMonoLogger.INFO: Cron ran at: 21-04-2026 03:45:31 PM [] []
[2026-04-21 15:45:34] SlimMonoLogger.INFO: Cron ran at: 21-04-2026 03:45:34 PM [] []
[2026-04-21 15:45:48] SlimMonoLogger.INFO: Cron ran at: 21-04-2026 03:45:48 PM [] []
[2026-04-21 15:45:49] SlimMonoLogger.INFO: Cron ran at: 21-04-2026 03:45:49 PM [] []
[2026-04-21 15:46:08] SlimMonoLogger.ERROR: Requests_Exception: cURL error 28: Operation timed out after 500000 milliseconds with 15824 bytes received in /home/latihtal/public_html/agregator1/src/vendor/rmccue/requests/library/Requests/Transport/cURL.php:422
Stack trace:
#0 /home/latihtal/public_html/agregator1/src/vendor/rmccue/requests/library/Requests/Transport/cURL.php(177): Requests_Transport_cURL->process_response()
#1 /home/latihtal/public_html/agregator1/src/vendor/rmccue/requests/library/Requests.php(379): Requests_Transport_cURL->request()
#2 /home/latihtal/public_html/agregator1/src/vendor/rmccue/requests/library/Requests/Session.php(205): Requests::request()
#3 /home/latihtal/public_html/agregator1/src/vendor/rmccue/requests/library/Requests/Session.php(132): Requests_Session->request()
#4 /home/latihtal/public_html/agregator1/src/drivers/Http/RssImporter.php(144): Requests_Session->get()
#5 /home/latihtal/public_html/agregator1/src/controllers/Dashboard/DashboardFeedsController.php(534): spark\drivers\Http\RssImporter->fetchPosts()
#6 /home/latihtal/public_html/agregator1/src/controllers/Site/SiteController.php(722): spark\controllers\Dashboard\DashboardFeedsController::importFeedPosts()
#7 [internal function]: spark\controllers\Site\SiteController->runTasks()
#8 /home/latihtal/public_html/agregator1/src/framework/Route.php(173): call_user_func_array()
#9 [internal function]: Slim\Route->Slim\{closure}()
#10 /home/latihtal/public_html/agregator1/src/framework/Route.php(468): call_user_func_array()
#11 /home/latihtal/public_html/agregator1/src/framework/Slim.php(1364): Slim\Route->dispatch()
#12 /home/latihtal/public_html/agregator1/src/framework/Middleware/Flash.php(85): Slim\Slim->call()
#13 /home/latihtal/public_html/agregator1/src/framework/Middleware/MethodOverride.php(92): Slim\Middleware\Flash->call()
#14 /home/latihtal/public_html/agregator1/src/middlewares/CsrfGuard/CsrfGuard.php(47): Slim\Middleware\MethodOverride->call()
#15 /home/latihtal/public_html/agregator1/src/framework/Middleware/PrettyExceptions.php(67): spark\middlewares\CsrfGuard\CsrfGuard->call()
#16 /home/latihtal/public_html/agregator1/src/framework/Slim.php(1308): Slim\Middleware\PrettyExceptions->call()
#17 /home/latihtal/public_html/agregator1/index.php(6): Slim\Slim->run()
#18 {main} [] []
[2026-04-21 15:46:11] SlimMonoLogger.INFO: Cron ran at: 21-04-2026 03:46:11 PM [] []
[2026-04-21 15:46:11] SlimMonoLogger.INFO: Cron ran at: 21-04-2026 03:46:11 PM [] []
[2026-04-21 15:46:12] SlimMonoLogger.INFO: Cron ran at: 21-04-2026 03:46:12 PM [] []
[2026-04-21 15:46:19] SlimMonoLogger.INFO: Cron ran at: 21-04-2026 03:46:19 PM [] []
[2026-04-21 15:46:25] SlimMonoLogger.INFO: Cron ran at: 21-04-2026 03:46:25 PM [] []
[2026-04-21 15:46:27] SlimMonoLogger.INFO: Cron ran at: 21-04-2026 03:46:27 PM [] []
[2026-04-21 15:46:47] SlimMonoLogger.INFO: Cron ran at: 21-04-2026 03:46:47 PM [] []
[2026-04-21 15:46:52] SlimMonoLogger.INFO: Cron ran at: 21-04-2026 03:46:52 PM [] []
[2026-04-21 15:46:57] SlimMonoLogger.INFO: Cron ran at: 21-04-2026 03:46:57 PM [] []
[2026-04-21 15:46:57] SlimMonoLogger.INFO: Cron ran at: 21-04-2026 03:46:57 PM [] []
[2026-04-21 15:47:14] SlimMonoLogger.INFO: Cron ran at: 21-04-2026 03:47:14 PM [] []
[2026-04-21 15:47:17] SlimMonoLogger.INFO: Cron ran at: 21-04-2026 03:47:17 PM [] []
[2026-04-21 15:47:18] SlimMonoLogger.INFO: Cron ran at: 21-04-2026 03:47:18 PM [] []
[2026-04-21 15:47:21] SlimMonoLogger.INFO: Cron ran at: 21-04-2026 03:47:21 PM [] []
[2026-04-21 15:47:38] SlimMonoLogger.INFO: Cron ran at: 21-04-2026 03:47:38 PM [] []
[2026-04-21 15:47:46] SlimMonoLogger.INFO: Cron ran at: 21-04-2026 03:47:46 PM [] []
[2026-04-21 15:47:52] SlimMonoLogger.INFO: Cron ran at: 21-04-2026 03:47:52 PM [] []
[2026-04-21 15:48:05] SlimMonoLogger.INFO: Cron ran at: 21-04-2026 03:48:05 PM [] []
[2026-04-21 15:48:13] SlimMonoLogger.INFO: Cron ran at: 21-04-2026 03:48:13 PM [] []
[2026-04-21 15:48:14] SlimMonoLogger.INFO: Cron ran at: 21-04-2026 03:48:14 PM [] []
[2026-04-21 15:48:16] SlimMonoLogger.INFO: Cron ran at: 21-04-2026 03:48:16 PM [] []
[2026-04-21 15:48:29] SlimMonoLogger.INFO: Cron ran at: 21-04-2026 03:48:29 PM [] []
[2026-04-21 15:48:46] SlimMonoLogger.INFO: Cron ran at: 21-04-2026 03:48:46 PM [] []
[2026-04-21 15:48:47] SlimMonoLogger.INFO: Cron ran at: 21-04-2026 03:48:47 PM [] []
[2026-04-21 15:49:01] SlimMonoLogger.INFO: Cron ran at: 21-04-2026 03:49:01 PM [] []
[2026-04-21 15:49:01] SlimMonoLogger.INFO: Cron ran at: 21-04-2026 03:49:01 PM [] []
[2026-04-21 15:49:17] SlimMonoLogger.INFO: Cron ran at: 21-04-2026 03:49:17 PM [] []
[2026-04-21 15:49:17] SlimMonoLogger.INFO: Cron ran at: 21-04-2026 03:49:17 PM [] []
[2026-04-21 15:49:31] SlimMonoLogger.INFO: Cron ran at: 21-04-2026 03:49:31 PM [] []
[2026-04-21 15:49:31] SlimMonoLogger.INFO: Cron ran at: 21-04-2026 03:49:31 PM [] []
[2026-04-21 15:49:41] SlimMonoLogger.INFO: Cron ran at: 21-04-2026 03:49:41 PM [] []
[2026-04-21 15:50:00] SlimMonoLogger.INFO: Cron ran at: 21-04-2026 03:50:00 PM [] []
[2026-04-21 15:50:01] SlimMonoLogger.INFO: Cron ran at: 21-04-2026 03:50:01 PM [] []
[2026-04-21 15:50:10] SlimMonoLogger.INFO: Cron ran at: 21-04-2026 03:50:10 PM [] []
[2026-04-21 15:50:13] SlimMonoLogger.INFO: Cron ran at: 21-04-2026 03:50:13 PM [] []
[2026-04-21 15:50:21] SlimMonoLogger.INFO: Cron ran at: 21-04-2026 03:50:21 PM [] []
[2026-04-21 15:50:29] SlimMonoLogger.INFO: Cron ran at: 21-04-2026 03:50:29 PM [] []
[2026-04-21 15:50:30] SlimMonoLogger.INFO: Cron ran at: 21-04-2026 03:50:30 PM [] []
[2026-04-21 15:50:53] SlimMonoLogger.INFO: Cron ran at: 21-04-2026 03:50:53 PM [] []
[2026-04-21 15:51:00] SlimMonoLogger.INFO: Cron ran at: 21-04-2026 03:51:00 PM [] []
[2026-04-21 15:51:06] SlimMonoLogger.INFO: Cron ran at: 21-04-2026 03:51:06 PM [] []
[2026-04-21 15:51:16] SlimMonoLogger.INFO: Cron ran at: 21-04-2026 03:51:16 PM [] []
[2026-04-21 15:51:16] SlimMonoLogger.INFO: Cron ran at: 21-04-2026 03:51:16 PM [] []
[2026-04-21 15:51:16] SlimMonoLogger.INFO: Cron ran at: 21-04-2026 03:51:16 PM [] []
[2026-04-21 15:51:23] SlimMonoLogger.INFO: Cron ran at: 21-04-2026 03:51:23 PM [] []
[2026-04-21 15:51:31] SlimMonoLogger.INFO: Cron ran at: 21-04-2026 03:51:31 PM [] []
[2026-04-21 15:51:35] SlimMonoLogger.INFO: Cron ran at: 21-04-2026 03:51:35 PM [] []
[2026-04-21 15:51:57] SlimMonoLogger.INFO: Cron ran at: 21-04-2026 03:51:57 PM [] []
[2026-04-21 15:52:05] SlimMonoLogger.INFO: Cron ran at: 21-04-2026 03:52:05 PM [] []
[2026-04-21 15:52:18] SlimMonoLogger.INFO: Cron ran at: 21-04-2026 03:52:18 PM [] []
[2026-04-21 15:52:19] SlimMonoLogger.INFO: Cron ran at: 21-04-2026 03:52:19 PM [] []
[2026-04-21 15:52:20] SlimMonoLogger.INFO: Cron ran at: 21-04-2026 03:52:20 PM [] []
[2026-04-21 15:52:22] SlimMonoLogger.INFO: Cron ran at: 21-04-2026 03:52:22 PM [] []
[2026-04-21 15:52:27] SlimMonoLogger.INFO: Cron ran at: 21-04-2026 03:52:27 PM [] []
[2026-04-21 15:52:36] SlimMonoLogger.INFO: Cron ran at: 21-04-2026 03:52:36 PM [] []
[2026-04-21 15:52:40] SlimMonoLogger.INFO: Cron ran at: 21-04-2026 03:52:40 PM [] []
[2026-04-21 15:52:45] SlimMonoLogger.INFO: Cron ran at: 21-04-2026 03:52:45 PM [] []
[2026-04-21 15:53:07] SlimMonoLogger.INFO: Cron ran at: 21-04-2026 03:53:07 PM [] []
[2026-04-21 15:53:08] SlimMonoLogger.INFO: Cron ran at: 21-04-2026 03:53:08 PM [] []
[2026-04-21 15:53:10] SlimMonoLogger.INFO: Cron ran at: 21-04-2026 03:53:10 PM [] []
[2026-04-21 15:53:17] SlimMonoLogger.INFO: Cron ran at: 21-04-2026 03:53:17 PM [] []
[2026-04-21 15:53:18] SlimMonoLogger.INFO: Cron ran at: 21-04-2026 03:53:18 PM [] []
[2026-04-21 15:53:28] SlimMonoLogger.INFO: Cron ran at: 21-04-2026 03:53:28 PM [] []
[2026-04-21 15:53:31] SlimMonoLogger.INFO: Cron ran at: 21-04-2026 03:53:31 PM [] []
[2026-04-21 15:53:33] SlimMonoLogger.INFO: Cron ran at: 21-04-2026 03:53:33 PM [] []
[2026-04-21 15:54:01] SlimMonoLogger.INFO: Cron ran at: 21-04-2026 03:54:01 PM [] []
[2026-04-21 15:54:17] SlimMonoLogger.INFO: Cron ran at: 21-04-2026 03:54:17 PM [] []
[2026-04-21 15:54:17] SlimMonoLogger.INFO: Cron ran at: 21-04-2026 03:54:17 PM [] []
[2026-04-21 15:54:17] SlimMonoLogger.INFO: Cron ran at: 21-04-2026 03:54:17 PM [] []
[2026-04-21 15:54:17] SlimMonoLogger.INFO: Cron ran at: 21-04-2026 03:54:17 PM [] []
[2026-04-21 15:54:22] SlimMonoLogger.INFO: Cron ran at: 21-04-2026 03:54:22 PM [] []
[2026-04-21 15:54:29] SlimMonoLogger.INFO: Cron ran at: 21-04-2026 03:54:29 PM [] []
[2026-04-21 15:54:47] SlimMonoLogger.INFO: Cron ran at: 21-04-2026 03:54:47 PM [] []
[2026-04-21 15:54:47] SlimMonoLogger.INFO: Cron ran at: 21-04-2026 03:54:47 PM [] []
[2026-04-21 15:55:03] SlimMonoLogger.INFO: Cron ran at: 21-04-2026 03:55:03 PM [] []
[2026-04-21 15:55:15] SlimMonoLogger.INFO: Cron ran at: 21-04-2026 03:55:15 PM [] []
[2026-04-21 15:55:16] SlimMonoLogger.INFO: Cron ran at: 21-04-2026 03:55:16 PM [] []
[2026-04-21 15:55:26] SlimMonoLogger.INFO: Cron ran at: 21-04-2026 03:55:26 PM [] []
[2026-04-21 15:55:26] SlimMonoLogger.INFO: Cron ran at: 21-04-2026 03:55:26 PM [] []
[2026-04-21 15:55:28] SlimMonoLogger.INFO: Cron ran at: 21-04-2026 03:55:28 PM [] []
[2026-04-21 15:55:28] SlimMonoLogger.INFO: Cron ran at: 21-04-2026 03:55:28 PM [] []
[2026-04-21 15:55:48] SlimMonoLogger.INFO: Cron ran at: 21-04-2026 03:55:48 PM [] []
[2026-04-21 15:55:55] SlimMonoLogger.INFO: Cron ran at: 21-04-2026 03:55:55 PM [] []
[2026-04-21 15:56:01] SlimMonoLogger.INFO: Cron ran at: 21-04-2026 03:56:01 PM [] []
[2026-04-21 15:56:16] SlimMonoLogger.INFO: Cron ran at: 21-04-2026 03:56:16 PM [] []
[2026-04-21 15:56:16] SlimMonoLogger.INFO: Cron ran at: 21-04-2026 03:56:16 PM [] []
[2026-04-21 15:56:20] SlimMonoLogger.INFO: Cron ran at: 21-04-2026 03:56:20 PM [] []
[2026-04-21 15:56:25] SlimMonoLogger.INFO: Cron ran at: 21-04-2026 03:56:25 PM [] []
[2026-04-21 15:56:27] SlimMonoLogger.INFO: Cron ran at: 21-04-2026 03:56:27 PM [] []
[2026-04-21 15:56:36] SlimMonoLogger.INFO: Cron ran at: 21-04-2026 03:56:36 PM [] []
[2026-04-21 15:56:45] SlimMonoLogger.INFO: Cron ran at: 21-04-2026 03:56:45 PM [] []
[2026-04-21 15:56:47] SlimMonoLogger.INFO: Cron ran at: 21-04-2026 03:56:47 PM [] []
[2026-04-21 15:56:53] SlimMonoLogger.INFO: Cron ran at: 21-04-2026 03:56:53 PM [] []
[2026-04-21 15:57:12] SlimMonoLogger.INFO: Cron ran at: 21-04-2026 03:57:12 PM [] []
[2026-04-21 15:57:15] SlimMonoLogger.INFO: Cron ran at: 21-04-2026 03:57:15 PM [] []
[2026-04-21 15:57:18] SlimMonoLogger.INFO: Cron ran at: 21-04-2026 03:57:18 PM [] []
[2026-04-21 15:57:21] SlimMonoLogger.INFO: Cron ran at: 21-04-2026 03:57:21 PM [] []
[2026-04-21 15:57:24] SlimMonoLogger.INFO: Cron ran at: 21-04-2026 03:57:24 PM [] []
[2026-04-21 15:57:26] SlimMonoLogger.INFO: Cron ran at: 21-04-2026 03:57:26 PM [] []
[2026-04-21 15:57:36] SlimMonoLogger.INFO: Cron ran at: 21-04-2026 03:57:36 PM [] []
[2026-04-21 15:57:40] SlimMonoLogger.INFO: Cron ran at: 21-04-2026 03:57:40 PM [] []
[2026-04-21 15:57:48] SlimMonoLogger.INFO: Cron ran at: 21-04-2026 03:57:48 PM [] []
[2026-04-21 15:57:51] SlimMonoLogger.INFO: Cron ran at: 21-04-2026 03:57:51 PM [] []
[2026-04-21 15:58:12] SlimMonoLogger.INFO: Cron ran at: 21-04-2026 03:58:12 PM [] []
[2026-04-21 15:58:15] SlimMonoLogger.INFO: Cron ran at: 21-04-2026 03:58:15 PM [] []
[2026-04-21 15:58:17] SlimMonoLogger.INFO: Cron ran at: 21-04-2026 03:58:17 PM [] []
[2026-04-21 15:58:19] SlimMonoLogger.INFO: Cron ran at: 21-04-2026 03:58:19 PM [] []
[2026-04-21 15:58:25] SlimMonoLogger.INFO: Cron ran at: 21-04-2026 03:58:25 PM [] []
[2026-04-21 15:58:32] SlimMonoLogger.INFO: Cron ran at: 21-04-2026 03:58:32 PM [] []
[2026-04-21 15:58:36] SlimMonoLogger.INFO: Cron ran at: 21-04-2026 03:58:36 PM [] []
[2026-04-21 15:58:37] SlimMonoLogger.INFO: Cron ran at: 21-04-2026 03:58:37 PM [] []
[2026-04-21 15:58:48] SlimMonoLogger.INFO: Cron ran at: 21-04-2026 03:58:48 PM [] []
[2026-04-21 15:59:09] SlimMonoLogger.INFO: Cron ran at: 21-04-2026 03:59:09 PM [] []
[2026-04-21 15:59:19] SlimMonoLogger.INFO: Cron ran at: 21-04-2026 03:59:19 PM [] []
[2026-04-21 15:59:19] SlimMonoLogger.INFO: Cron ran at: 21-04-2026 03:59:19 PM [] []
[2026-04-21 15:59:27] SlimMonoLogger.INFO: Cron ran at: 21-04-2026 03:59:27 PM [] []
[2026-04-21 15:59:32] SlimMonoLogger.INFO: Cron ran at: 21-04-2026 03:59:32 PM [] []
[2026-04-21 15:59:38] SlimMonoLogger.INFO: Cron ran at: 21-04-2026 03:59:38 PM [] []
[2026-04-21 15:59:40] SlimMonoLogger.INFO: Cron ran at: 21-04-2026 03:59:40 PM [] []
[2026-04-21 15:59:47] SlimMonoLogger.INFO: Cron ran at: 21-04-2026 03:59:47 PM [] []
[2026-04-21 16:00:18] SlimMonoLogger.INFO: Cron ran at: 21-04-2026 04:00:18 PM [] []
[2026-04-21 16:00:18] SlimMonoLogger.INFO: Cron ran at: 21-04-2026 04:00:18 PM [] []
[2026-04-21 16:00:29] SlimMonoLogger.INFO: Cron ran at: 21-04-2026 04:00:29 PM [] []
[2026-04-21 16:00:30] SlimMonoLogger.INFO: Cron ran at: 21-04-2026 04:00:30 PM [] []
[2026-04-21 16:00:43] SlimMonoLogger.INFO: Cron ran at: 21-04-2026 04:00:43 PM [] []
[2026-04-21 16:00:44] SlimMonoLogger.INFO: Cron ran at: 21-04-2026 04:00:44 PM [] []
[2026-04-21 16:00:44] SlimMonoLogger.INFO: Cron ran at: 21-04-2026 04:00:44 PM [] []
[2026-04-21 16:01:02] SlimMonoLogger.INFO: Cron ran at: 21-04-2026 04:01:02 PM [] []
[2026-04-21 16:01:29] SlimMonoLogger.INFO: Cron ran at: 21-04-2026 04:01:29 PM [] []
[2026-04-21 16:01:29] SlimMonoLogger.INFO: Cron ran at: 21-04-2026 04:01:29 PM [] []
[2026-04-21 16:01:29] SlimMonoLogger.INFO: Cron ran at: 21-04-2026 04:01:29 PM [] []
[2026-04-21 16:01:29] SlimMonoLogger.INFO: Cron ran at: 21-04-2026 04:01:29 PM [] []
[2026-04-21 16:01:41] SlimMonoLogger.INFO: Cron ran at: 21-04-2026 04:01:41 PM [] []
[2026-04-21 16:01:41] SlimMonoLogger.INFO: Cron ran at: 21-04-2026 04:01:41 PM [] []
[2026-04-21 16:01:49] SlimMonoLogger.INFO: Cron ran at: 21-04-2026 04:01:49 PM [] []
[2026-04-21 16:01:54] SlimMonoLogger.INFO: Cron ran at: 21-04-2026 04:01:54 PM [] []
[2026-04-21 16:02:07] SlimMonoLogger.INFO: Cron ran at: 21-04-2026 04:02:07 PM [] []
[2026-04-21 16:02:24] SlimMonoLogger.INFO: Cron ran at: 21-04-2026 04:02:24 PM [] []
[2026-04-21 16:02:29] SlimMonoLogger.INFO: Cron ran at: 21-04-2026 04:02:29 PM [] []
[2026-04-21 16:02:29] SlimMonoLogger.INFO: Cron ran at: 21-04-2026 04:02:29 PM [] []
[2026-04-21 16:02:30] SlimMonoLogger.INFO: Cron ran at: 21-04-2026 04:02:30 PM [] []
[2026-04-21 16:02:32] SlimMonoLogger.INFO: Cron ran at: 21-04-2026 04:02:32 PM [] []
[2026-04-21 16:02:48] SlimMonoLogger.INFO: Cron ran at: 21-04-2026 04:02:48 PM [] []
[2026-04-21 16:02:48] SlimMonoLogger.INFO: Cron ran at: 21-04-2026 04:02:48 PM [] []
[2026-04-21 16:02:48] SlimMonoLogger.INFO: Cron ran at: 21-04-2026 04:02:48 PM [] []
[2026-04-21 16:03:03] SlimMonoLogger.INFO: Cron ran at: 21-04-2026 04:03:03 PM [] []
[2026-04-21 16:03:23] SlimMonoLogger.INFO: Cron ran at: 21-04-2026 04:03:23 PM [] []
[2026-04-21 16:03:25] SlimMonoLogger.INFO: Cron ran at: 21-04-2026 04:03:25 PM [] []
[2026-04-21 16:03:27] SlimMonoLogger.INFO: Cron ran at: 21-04-2026 04:03:27 PM [] []
[2026-04-21 16:03:28] SlimMonoLogger.INFO: Cron ran at: 21-04-2026 04:03:28 PM [] []
[2026-04-21 16:03:39] SlimMonoLogger.INFO: Cron ran at: 21-04-2026 04:03:39 PM [] []
[2026-04-21 16:03:39] SlimMonoLogger.INFO: Cron ran at: 21-04-2026 04:03:39 PM [] []
[2026-04-21 16:03:45] SlimMonoLogger.INFO: Cron ran at: 21-04-2026 04:03:45 PM [] []
[2026-04-21 16:03:46] SlimMonoLogger.INFO: Cron ran at: 21-04-2026 04:03:46 PM [] []
[2026-04-21 16:04:13] SlimMonoLogger.INFO: Cron ran at: 21-04-2026 04:04:13 PM [] []
[2026-04-21 16:04:27] SlimMonoLogger.INFO: Cron ran at: 21-04-2026 04:04:27 PM [] []
[2026-04-21 16:04:27] SlimMonoLogger.INFO: Cron ran at: 21-04-2026 04:04:27 PM [] []
[2026-04-21 16:04:35] SlimMonoLogger.INFO: Cron ran at: 21-04-2026 04:04:35 PM [] []
[2026-04-21 16:04:41] SlimMonoLogger.INFO: Cron ran at: 21-04-2026 04:04:41 PM [] []
[2026-04-21 16:04:41] SlimMonoLogger.INFO: Cron ran at: 21-04-2026 04:04:41 PM [] []
[2026-04-21 16:04:48] SlimMonoLogger.INFO: Cron ran at: 21-04-2026 04:04:48 PM [] []
[2026-04-21 16:04:51] SlimMonoLogger.INFO: Cron ran at: 21-04-2026 04:04:51 PM [] []
[2026-04-21 16:05:03] SlimMonoLogger.INFO: Cron ran at: 21-04-2026 04:05:03 PM [] []
[2026-04-21 16:05:12] SlimMonoLogger.INFO: Cron ran at: 21-04-2026 04:05:12 PM [] []
[2026-04-21 16:05:25] SlimMonoLogger.INFO: Cron ran at: 21-04-2026 04:05:25 PM [] []
[2026-04-21 16:05:30] SlimMonoLogger.INFO: Cron ran at: 21-04-2026 04:05:30 PM [] []
[2026-04-21 16:05:30] SlimMonoLogger.INFO: Cron ran at: 21-04-2026 04:05:30 PM [] []
[2026-04-21 16:05:38] SlimMonoLogger.INFO: Cron ran at: 21-04-2026 04:05:38 PM [] []
[2026-04-21 16:05:40] SlimMonoLogger.INFO: Cron ran at: 21-04-2026 04:05:40 PM [] []
[2026-04-21 16:05:54] SlimMonoLogger.INFO: Cron ran at: 21-04-2026 04:05:54 PM [] []
[2026-04-21 16:05:54] SlimMonoLogger.INFO: Cron ran at: 21-04-2026 04:05:54 PM [] []
[2026-04-21 16:05:55] SlimMonoLogger.INFO: Cron ran at: 21-04-2026 04:05:55 PM [] []
[2026-04-21 16:06:08] SlimMonoLogger.INFO: Cron ran at: 21-04-2026 04:06:08 PM [] []
[2026-04-21 16:06:10] SlimMonoLogger.INFO: Cron ran at: 21-04-2026 04:06:10 PM [] []
[2026-04-21 16:06:23] SlimMonoLogger.INFO: Cron ran at: 21-04-2026 04:06:23 PM [] []
[2026-04-21 16:06:27] SlimMonoLogger.INFO: Cron ran at: 21-04-2026 04:06:27 PM [] []
[2026-04-21 16:06:32] SlimMonoLogger.INFO: Cron ran at: 21-04-2026 04:06:32 PM [] []
[2026-04-21 16:06:35] SlimMonoLogger.INFO: Cron ran at: 21-04-2026 04:06:35 PM [] []
[2026-04-21 16:06:53] SlimMonoLogger.INFO: Cron ran at: 21-04-2026 04:06:53 PM [] []
[2026-04-21 16:06:54] SlimMonoLogger.INFO: Cron ran at: 21-04-2026 04:06:54 PM [] []
[2026-04-21 16:06:55] SlimMonoLogger.INFO: Cron ran at: 21-04-2026 04:06:55 PM [] []
[2026-04-21 16:06:57] SlimMonoLogger.INFO: Cron ran at: 21-04-2026 04:06:57 PM [] []
[2026-04-21 16:07:13] SlimMonoLogger.INFO: Cron ran at: 21-04-2026 04:07:13 PM [] []
[2026-04-21 16:07:20] SlimMonoLogger.INFO: Cron ran at: 21-04-2026 04:07:20 PM [] []
[2026-04-21 16:07:27] SlimMonoLogger.INFO: Cron ran at: 21-04-2026 04:07:27 PM [] []
[2026-04-21 16:07:28] SlimMonoLogger.INFO: Cron ran at: 21-04-2026 04:07:28 PM [] []
[2026-04-21 16:07:36] SlimMonoLogger.INFO: Cron ran at: 21-04-2026 04:07:36 PM [] []
[2026-04-21 16:07:50] SlimMonoLogger.INFO: Cron ran at: 21-04-2026 04:07:50 PM [] []
[2026-04-21 16:07:50] SlimMonoLogger.INFO: Cron ran at: 21-04-2026 04:07:50 PM [] []
[2026-04-21 16:07:51] SlimMonoLogger.INFO: Cron ran at: 21-04-2026 04:07:51 PM [] []
[2026-04-21 16:08:02] SlimMonoLogger.INFO: Cron ran at: 21-04-2026 04:08:02 PM [] []
[2026-04-21 16:08:03] SlimMonoLogger.INFO: Cron ran at: 21-04-2026 04:08:03 PM [] []
[2026-04-21 16:08:17] SlimMonoLogger.INFO: Cron ran at: 21-04-2026 04:08:17 PM [] []
[2026-04-21 16:08:21] SlimMonoLogger.INFO: Cron ran at: 21-04-2026 04:08:21 PM [] []
[2026-04-21 16:08:29] SlimMonoLogger.INFO: Cron ran at: 21-04-2026 04:08:29 PM [] []
[2026-04-21 16:08:36] SlimMonoLogger.INFO: Cron ran at: 21-04-2026 04:08:36 PM [] []
[2026-04-21 16:08:36] SlimMonoLogger.INFO: Cron ran at: 21-04-2026 04:08:36 PM [] []
[2026-04-21 16:08:45] SlimMonoLogger.INFO: Cron ran at: 21-04-2026 04:08:45 PM [] []
[2026-04-21 16:08:49] SlimMonoLogger.INFO: Cron ran at: 21-04-2026 04:08:49 PM [] []
[2026-04-21 16:09:07] SlimMonoLogger.INFO: Cron ran at: 21-04-2026 04:09:07 PM [] []
[2026-04-21 16:09:07] SlimMonoLogger.INFO: Cron ran at: 21-04-2026 04:09:07 PM [] []
[2026-04-21 16:09:07] SlimMonoLogger.INFO: Cron ran at: 21-04-2026 04:09:07 PM [] []
[2026-04-21 16:09:16] SlimMonoLogger.INFO: Cron ran at: 21-04-2026 04:09:16 PM [] []
[2026-04-21 16:09:19] SlimMonoLogger.INFO: Cron ran at: 21-04-2026 04:09:19 PM [] []
[2026-04-21 16:09:28] SlimMonoLogger.INFO: Cron ran at: 21-04-2026 04:09:28 PM [] []
[2026-04-21 16:09:40] SlimMonoLogger.INFO: Cron ran at: 21-04-2026 04:09:40 PM [] []
[2026-04-21 16:09:55] SlimMonoLogger.INFO: Cron ran at: 21-04-2026 04:09:55 PM [] []
[2026-04-21 16:09:57] SlimMonoLogger.INFO: Cron ran at: 21-04-2026 04:09:57 PM [] []
[2026-04-21 16:10:05] SlimMonoLogger.INFO: Cron ran at: 21-04-2026 04:10:05 PM [] []
[2026-04-21 16:10:11] SlimMonoLogger.INFO: Cron ran at: 21-04-2026 04:10:11 PM [] []
[2026-04-21 16:10:15] SlimMonoLogger.INFO: Cron ran at: 21-04-2026 04:10:15 PM [] []
[2026-04-21 16:10:16] SlimMonoLogger.INFO: Cron ran at: 21-04-2026 04:10:16 PM [] []
[2026-04-21 16:10:24] SlimMonoLogger.INFO: Cron ran at: 21-04-2026 04:10:24 PM [] []
[2026-04-21 16:10:35] SlimMonoLogger.INFO: Cron ran at: 21-04-2026 04:10:35 PM [] []
[2026-04-21 16:10:35] SlimMonoLogger.INFO: Cron ran at: 21-04-2026 04:10:35 PM [] []
[2026-04-21 16:10:46] SlimMonoLogger.INFO: Cron ran at: 21-04-2026 04:10:46 PM [] []
[2026-04-21 16:10:47] SlimMonoLogger.INFO: Cron ran at: 21-04-2026 04:10:47 PM [] []
[2026-04-21 16:10:58] SlimMonoLogger.INFO: Cron ran at: 21-04-2026 04:10:58 PM [] []
[2026-04-21 16:11:02] SlimMonoLogger.INFO: Cron ran at: 21-04-2026 04:11:02 PM [] []
[2026-04-21 16:11:02] SlimMonoLogger.INFO: Cron ran at: 21-04-2026 04:11:02 PM [] []
[2026-04-21 16:11:06] SlimMonoLogger.INFO: Cron ran at: 21-04-2026 04:11:06 PM [] []
[2026-04-21 16:11:15] SlimMonoLogger.INFO: Cron ran at: 21-04-2026 04:11:15 PM [] []
[2026-04-21 16:11:20] SlimMonoLogger.INFO: Cron ran at: 21-04-2026 04:11:20 PM [] []
[2026-04-21 16:11:21] SlimMonoLogger.INFO: Cron ran at: 21-04-2026 04:11:21 PM [] []
[2026-04-21 16:11:35] SlimMonoLogger.INFO: Cron ran at: 21-04-2026 04:11:35 PM [] []
[2026-04-21 16:11:35] SlimMonoLogger.INFO: Cron ran at: 21-04-2026 04:11:35 PM [] []
[2026-04-21 16:11:45] SlimMonoLogger.INFO: Cron ran at: 21-04-2026 04:11:45 PM [] []
[2026-04-21 16:11:46] SlimMonoLogger.INFO: Cron ran at: 21-04-2026 04:11:46 PM [] []
[2026-04-21 16:11:58] SlimMonoLogger.INFO: Cron ran at: 21-04-2026 04:11:58 PM [] []
[2026-04-21 16:12:10] SlimMonoLogger.INFO: Cron ran at: 21-04-2026 04:12:10 PM [] []
[2026-04-21 16:12:22] SlimMonoLogger.INFO: Cron ran at: 21-04-2026 04:12:22 PM [] []
[2026-04-21 16:12:23] SlimMonoLogger.INFO: Cron ran at: 21-04-2026 04:12:23 PM [] []
[2026-04-21 16:12:23] SlimMonoLogger.INFO: Cron ran at: 21-04-2026 04:12:23 PM [] []
[2026-04-21 16:12:25] SlimMonoLogger.INFO: Cron ran at: 21-04-2026 04:12:25 PM [] []
[2026-04-21 16:12:33] SlimMonoLogger.INFO: Cron ran at: 21-04-2026 04:12:33 PM [] []
[2026-04-21 16:12:33] SlimMonoLogger.INFO: Cron ran at: 21-04-2026 04:12:33 PM [] []
[2026-04-21 16:12:45] SlimMonoLogger.INFO: Cron ran at: 21-04-2026 04:12:45 PM [] []
[2026-04-21 16:12:57] SlimMonoLogger.INFO: Cron ran at: 21-04-2026 04:12:57 PM [] []
[2026-04-21 16:12:59] SlimMonoLogger.INFO: Cron ran at: 21-04-2026 04:12:59 PM [] []
[2026-04-21 16:13:18] SlimMonoLogger.INFO: Cron ran at: 21-04-2026 04:13:18 PM [] []
[2026-04-21 16:13:19] SlimMonoLogger.INFO: Cron ran at: 21-04-2026 04:13:19 PM [] []
[2026-04-21 16:13:21] SlimMonoLogger.INFO: Cron ran at: 21-04-2026 04:13:21 PM [] []
[2026-04-21 16:13:21] SlimMonoLogger.INFO: Cron ran at: 21-04-2026 04:13:21 PM [] []
[2026-04-21 16:13:22] SlimMonoLogger.INFO: Cron ran at: 21-04-2026 04:13:22 PM [] []
[2026-04-21 16:13:37] SlimMonoLogger.INFO: Cron ran at: 21-04-2026 04:13:37 PM [] []
[2026-04-21 16:13:44] SlimMonoLogger.INFO: Cron ran at: 21-04-2026 04:13:44 PM [] []
[2026-04-21 16:13:45] SlimMonoLogger.INFO: Cron ran at: 21-04-2026 04:13:45 PM [] []
[2026-04-21 16:13:55] SlimMonoLogger.INFO: Cron ran at: 21-04-2026 04:13:55 PM [] []
[2026-04-21 16:14:09] SlimMonoLogger.INFO: Cron ran at: 21-04-2026 04:14:09 PM [] []
[2026-04-21 16:14:18] SlimMonoLogger.INFO: Cron ran at: 21-04-2026 04:14:18 PM [] []
[2026-04-21 16:14:19] SlimMonoLogger.INFO: Cron ran at: 21-04-2026 04:14:19 PM [] []
[2026-04-21 16:14:20] SlimMonoLogger.INFO: Cron ran at: 21-04-2026 04:14:20 PM [] []
[2026-04-21 16:14:26] SlimMonoLogger.INFO: Cron ran at: 21-04-2026 04:14:26 PM [] []
[2026-04-21 16:14:32] SlimMonoLogger.INFO: Cron ran at: 21-04-2026 04:14:32 PM [] []
[2026-04-21 16:14:39] SlimMonoLogger.INFO: Cron ran at: 21-04-2026 04:14:39 PM [] []
[2026-04-21 16:14:46] SlimMonoLogger.INFO: Cron ran at: 21-04-2026 04:14:46 PM [] []
[2026-04-21 16:14:49] SlimMonoLogger.INFO: Cron ran at: 21-04-2026 04:14:49 PM [] []
[2026-04-21 16:14:52] SlimMonoLogger.INFO: Cron ran at: 21-04-2026 04:14:52 PM [] []
[2026-04-21 16:15:03] SlimMonoLogger.INFO: Cron ran at: 21-04-2026 04:15:03 PM [] []
[2026-04-21 16:15:16] SlimMonoLogger.INFO: Cron ran at: 21-04-2026 04:15:16 PM [] []
[2026-04-21 16:15:22] SlimMonoLogger.INFO: Cron ran at: 21-04-2026 04:15:22 PM [] []
[2026-04-21 16:15:25] SlimMonoLogger.INFO: Cron ran at: 21-04-2026 04:15:25 PM [] []
[2026-04-21 16:15:27] SlimMonoLogger.INFO: Cron ran at: 21-04-2026 04:15:27 PM [] []
[2026-04-21 16:15:29] SlimMonoLogger.INFO: Cron ran at: 21-04-2026 04:15:29 PM [] []
[2026-04-21 16:15:40] SlimMonoLogger.INFO: Cron ran at: 21-04-2026 04:15:40 PM [] []
[2026-04-21 16:15:41] SlimMonoLogger.INFO: Cron ran at: 21-04-2026 04:15:41 PM [] []
[2026-04-21 16:15:48] SlimMonoLogger.INFO: Cron ran at: 21-04-2026 04:15:48 PM [] []
[2026-04-21 16:16:04] SlimMonoLogger.INFO: Cron ran at: 21-04-2026 04:16:04 PM [] []
[2026-04-21 16:16:04] SlimMonoLogger.INFO: Cron ran at: 21-04-2026 04:16:04 PM [] []
[2026-04-21 16:16:20] SlimMonoLogger.INFO: Cron ran at: 21-04-2026 04:16:20 PM [] []
[2026-04-21 16:16:21] SlimMonoLogger.INFO: Cron ran at: 21-04-2026 04:16:21 PM [] []
[2026-04-21 16:16:22] SlimMonoLogger.INFO: Cron ran at: 21-04-2026 04:16:22 PM [] []
[2026-04-21 16:16:23] SlimMonoLogger.INFO: Cron ran at: 21-04-2026 04:16:23 PM [] []
[2026-04-21 16:16:28] SlimMonoLogger.INFO: Cron ran at: 21-04-2026 04:16:28 PM [] []
[2026-04-21 16:16:31] SlimMonoLogger.INFO: Cron ran at: 21-04-2026 04:16:31 PM [] []
[2026-04-21 16:16:45] SlimMonoLogger.INFO: Cron ran at: 21-04-2026 04:16:45 PM [] []
[2026-04-21 16:16:48] SlimMonoLogger.INFO: Cron ran at: 21-04-2026 04:16:48 PM [] []
[2026-04-21 16:16:54] SlimMonoLogger.INFO: Cron ran at: 21-04-2026 04:16:54 PM [] []
[2026-04-21 16:16:55] SlimMonoLogger.INFO: Cron ran at: 21-04-2026 04:16:55 PM [] []
[2026-04-21 16:17:17] SlimMonoLogger.INFO: Cron ran at: 21-04-2026 04:17:17 PM [] []
[2026-04-21 16:17:18] SlimMonoLogger.INFO: Cron ran at: 21-04-2026 04:17:18 PM [] []
[2026-04-21 16:17:22] SlimMonoLogger.INFO: Cron ran at: 21-04-2026 04:17:22 PM [] []
[2026-04-21 16:17:25] SlimMonoLogger.INFO: Cron ran at: 21-04-2026 04:17:25 PM [] []
[2026-04-21 16:17:26] SlimMonoLogger.INFO: Cron ran at: 21-04-2026 04:17:26 PM [] []
[2026-04-21 16:17:27] SlimMonoLogger.INFO: Cron ran at: 21-04-2026 04:17:27 PM [] []
[2026-04-21 16:17:41] SlimMonoLogger.INFO: Cron ran at: 21-04-2026 04:17:41 PM [] []
[2026-04-21 16:17:42] SlimMonoLogger.INFO: Cron ran at: 21-04-2026 04:17:42 PM [] []
[2026-04-21 16:17:55] SlimMonoLogger.INFO: Cron ran at: 21-04-2026 04:17:55 PM [] []
[2026-04-21 16:17:56] SlimMonoLogger.INFO: Cron ran at: 21-04-2026 04:17:56 PM [] []
[2026-04-21 16:17:58] SlimMonoLogger.INFO: Cron ran at: 21-04-2026 04:17:58 PM [] []
[2026-04-21 16:18:12] SlimMonoLogger.INFO: Cron ran at: 21-04-2026 04:18:12 PM [] []
[2026-04-21 16:18:14] SlimMonoLogger.INFO: Cron ran at: 21-04-2026 04:18:14 PM [] []
[2026-04-21 16:18:27] SlimMonoLogger.INFO: Cron ran at: 21-04-2026 04:18:27 PM [] []
[2026-04-21 16:18:27] SlimMonoLogger.INFO: Cron ran at: 21-04-2026 04:18:27 PM [] []
[2026-04-21 16:18:27] SlimMonoLogger.INFO: Cron ran at: 21-04-2026 04:18:27 PM [] []
[2026-04-21 16:18:37] SlimMonoLogger.INFO: Cron ran at: 21-04-2026 04:18:37 PM [] []
[2026-04-21 16:18:38] SlimMonoLogger.INFO: Cron ran at: 21-04-2026 04:18:38 PM [] []
[2026-04-21 16:18:42] SlimMonoLogger.INFO: Cron ran at: 21-04-2026 04:18:42 PM [] []
[2026-04-21 16:19:00] SlimMonoLogger.INFO: Cron ran at: 21-04-2026 04:19:00 PM [] []
[2026-04-21 16:19:00] SlimMonoLogger.INFO: Cron ran at: 21-04-2026 04:19:00 PM [] []
[2026-04-21 16:19:15] SlimMonoLogger.INFO: Cron ran at: 21-04-2026 04:19:15 PM [] []
[2026-04-21 16:19:21] SlimMonoLogger.INFO: Cron ran at: 21-04-2026 04:19:21 PM [] []
[2026-04-21 16:19:22] SlimMonoLogger.INFO: Cron ran at: 21-04-2026 04:19:22 PM [] []
[2026-04-21 16:19:31] SlimMonoLogger.INFO: Cron ran at: 21-04-2026 04:19:31 PM [] []
[2026-04-21 16:19:32] SlimMonoLogger.INFO: Cron ran at: 21-04-2026 04:19:32 PM [] []
[2026-04-21 16:19:40] SlimMonoLogger.INFO: Cron ran at: 21-04-2026 04:19:40 PM [] []
[2026-04-21 16:19:40] SlimMonoLogger.INFO: Cron ran at: 21-04-2026 04:19:40 PM [] []
[2026-04-21 16:19:45] SlimMonoLogger.INFO: Cron ran at: 21-04-2026 04:19:45 PM [] []
[2026-04-21 16:19:59] SlimMonoLogger.INFO: Cron ran at: 21-04-2026 04:19:59 PM [] []
[2026-04-21 16:19:59] SlimMonoLogger.INFO: Cron ran at: 21-04-2026 04:19:59 PM [] []
[2026-04-21 16:20:08] SlimMonoLogger.INFO: Cron ran at: 21-04-2026 04:20:08 PM [] []
[2026-04-21 16:20:15] SlimMonoLogger.INFO: Cron ran at: 21-04-2026 04:20:15 PM [] []
[2026-04-21 16:20:19] SlimMonoLogger.INFO: Cron ran at: 21-04-2026 04:20:19 PM [] []
[2026-04-21 16:20:26] SlimMonoLogger.INFO: Cron ran at: 21-04-2026 04:20:26 PM [] []
[2026-04-21 16:20:30] SlimMonoLogger.INFO: Cron ran at: 21-04-2026 04:20:30 PM [] []
[2026-04-21 16:20:32] SlimMonoLogger.INFO: Cron ran at: 21-04-2026 04:20:32 PM [] []
[2026-04-21 16:20:40] SlimMonoLogger.INFO: Cron ran at: 21-04-2026 04:20:40 PM [] []
[2026-04-21 16:20:41] SlimMonoLogger.INFO: Cron ran at: 21-04-2026 04:20:41 PM [] []
[2026-04-21 16:20:52] SlimMonoLogger.INFO: Cron ran at: 21-04-2026 04:20:52 PM [] []
[2026-04-21 16:20:53] SlimMonoLogger.INFO: Cron ran at: 21-04-2026 04:20:53 PM [] []
[2026-04-21 16:21:07] SlimMonoLogger.INFO: Cron ran at: 21-04-2026 04:21:07 PM [] []
[2026-04-21 16:21:08] SlimMonoLogger.INFO: Cron ran at: 21-04-2026 04:21:08 PM [] []
[2026-04-21 16:21:17] SlimMonoLogger.INFO: Cron ran at: 21-04-2026 04:21:17 PM [] []
[2026-04-21 16:21:17] SlimMonoLogger.INFO: Cron ran at: 21-04-2026 04:21:17 PM [] []
[2026-04-21 16:21:21] SlimMonoLogger.INFO: Cron ran at: 21-04-2026 04:21:21 PM [] []
[2026-04-21 16:21:31] SlimMonoLogger.INFO: Cron ran at: 21-04-2026 04:21:31 PM [] []
[2026-04-21 16:21:37] SlimMonoLogger.INFO: Cron ran at: 21-04-2026 04:21:37 PM [] []
[2026-04-21 16:21:38] SlimMonoLogger.INFO: Cron ran at: 21-04-2026 04:21:38 PM [] []
[2026-04-21 16:21:41] SlimMonoLogger.INFO: Cron ran at: 21-04-2026 04:21:41 PM [] []
[2026-04-21 16:21:55] SlimMonoLogger.INFO: Cron ran at: 21-04-2026 04:21:55 PM [] []
[2026-04-21 16:21:55] SlimMonoLogger.INFO: Cron ran at: 21-04-2026 04:21:55 PM [] []
[2026-04-21 16:21:56] SlimMonoLogger.INFO: Cron ran at: 21-04-2026 04:21:56 PM [] []
[2026-04-21 16:22:11] SlimMonoLogger.INFO: Cron ran at: 21-04-2026 04:22:11 PM [] []
[2026-04-21 16:22:12] SlimMonoLogger.INFO: Cron ran at: 21-04-2026 04:22:12 PM [] []
[2026-04-21 16:22:16] SlimMonoLogger.INFO: Cron ran at: 21-04-2026 04:22:16 PM [] []
[2026-04-21 16:22:26] SlimMonoLogger.INFO: Cron ran at: 21-04-2026 04:22:26 PM [] []
[2026-04-21 16:22:27] SlimMonoLogger.INFO: Cron ran at: 21-04-2026 04:22:27 PM [] []
[2026-04-21 16:22:31] SlimMonoLogger.INFO: Cron ran at: 21-04-2026 04:22:31 PM [] []
[2026-04-21 16:22:32] SlimMonoLogger.INFO: Cron ran at: 21-04-2026 04:22:32 PM [] []
[2026-04-21 16:22:35] SlimMonoLogger.INFO: Cron ran at: 21-04-2026 04:22:35 PM [] []
[2026-04-21 16:22:52] SlimMonoLogger.INFO: Cron ran at: 21-04-2026 04:22:52 PM [] []
[2026-04-21 16:22:56] SlimMonoLogger.INFO: Cron ran at: 21-04-2026 04:22:56 PM [] []
[2026-04-21 16:22:57] SlimMonoLogger.INFO: Cron ran at: 21-04-2026 04:22:57 PM [] []
[2026-04-21 16:23:04] SlimMonoLogger.INFO: Cron ran at: 21-04-2026 04:23:04 PM [] []
[2026-04-21 16:23:13] SlimMonoLogger.INFO: Cron ran at: 21-04-2026 04:23:13 PM [] []
[2026-04-21 16:23:20] SlimMonoLogger.INFO: Cron ran at: 21-04-2026 04:23:20 PM [] []
[2026-04-21 16:23:20] SlimMonoLogger.INFO: Cron ran at: 21-04-2026 04:23:20 PM [] []
[2026-04-21 16:23:26] SlimMonoLogger.INFO: Cron ran at: 21-04-2026 04:23:26 PM [] []
[2026-04-21 16:23:30] SlimMonoLogger.INFO: Cron ran at: 21-04-2026 04:23:30 PM [] []
[2026-04-21 16:23:36] SlimMonoLogger.INFO: Cron ran at: 21-04-2026 04:23:36 PM [] []
[2026-04-21 16:23:38] SlimMonoLogger.INFO: Cron ran at: 21-04-2026 04:23:38 PM [] []
[2026-04-21 16:23:41] SlimMonoLogger.INFO: Cron ran at: 21-04-2026 04:23:41 PM [] []
[2026-04-21 16:23:51] SlimMonoLogger.INFO: Cron ran at: 21-04-2026 04:23:51 PM [] []
[2026-04-21 16:23:54] SlimMonoLogger.INFO: Cron ran at: 21-04-2026 04:23:54 PM [] []
[2026-04-21 16:24:02] SlimMonoLogger.INFO: Cron ran at: 21-04-2026 04:24:02 PM [] []
[2026-04-21 16:24:21] SlimMonoLogger.INFO: Cron ran at: 21-04-2026 04:24:21 PM [] []
[2026-04-21 16:24:21] SlimMonoLogger.INFO: Cron ran at: 21-04-2026 04:24:21 PM [] []
[2026-04-21 16:24:23] SlimMonoLogger.INFO: Cron ran at: 21-04-2026 04:24:23 PM [] []
[2026-04-21 16:24:25] SlimMonoLogger.INFO: Cron ran at: 21-04-2026 04:24:25 PM [] []
[2026-04-21 16:24:26] SlimMonoLogger.INFO: Cron ran at: 21-04-2026 04:24:26 PM [] []
[2026-04-21 16:24:38] SlimMonoLogger.INFO: Cron ran at: 21-04-2026 04:24:38 PM [] []
[2026-04-21 16:24:47] SlimMonoLogger.INFO: Cron ran at: 21-04-2026 04:24:47 PM [] []
[2026-04-21 16:24:47] SlimMonoLogger.INFO: Cron ran at: 21-04-2026 04:24:47 PM [] []
[2026-04-21 16:24:53] SlimMonoLogger.INFO: Cron ran at: 21-04-2026 04:24:53 PM [] []
[2026-04-21 16:25:00] SlimMonoLogger.INFO: Cron ran at: 21-04-2026 04:25:00 PM [] []
[2026-04-21 16:25:01] SlimMonoLogger.INFO: Cron ran at: 21-04-2026 04:25:01 PM [] []
[2026-04-21 16:25:15] SlimMonoLogger.INFO: Cron ran at: 21-04-2026 04:25:15 PM [] []
[2026-04-21 16:25:19] SlimMonoLogger.INFO: Cron ran at: 21-04-2026 04:25:19 PM [] []
[2026-04-21 16:25:20] SlimMonoLogger.INFO: Cron ran at: 21-04-2026 04:25:20 PM [] []
[2026-04-21 16:25:26] SlimMonoLogger.INFO: Cron ran at: 21-04-2026 04:25:26 PM [] []
[2026-04-21 16:25:39] SlimMonoLogger.INFO: Cron ran at: 21-04-2026 04:25:39 PM [] []
[2026-04-21 16:25:39] SlimMonoLogger.INFO: Cron ran at: 21-04-2026 04:25:39 PM [] []
[2026-04-21 16:25:40] SlimMonoLogger.INFO: Cron ran at: 21-04-2026 04:25:40 PM [] []
[2026-04-21 16:25:41] SlimMonoLogger.INFO: Cron ran at: 21-04-2026 04:25:41 PM [] []
[2026-04-21 16:25:58] SlimMonoLogger.INFO: Cron ran at: 21-04-2026 04:25:58 PM [] []
[2026-04-21 16:26:04] SlimMonoLogger.INFO: Cron ran at: 21-04-2026 04:26:04 PM [] []
[2026-04-21 16:26:06] SlimMonoLogger.INFO: Cron ran at: 21-04-2026 04:26:06 PM [] []
[2026-04-21 16:26:17] SlimMonoLogger.INFO: Cron ran at: 21-04-2026 04:26:17 PM [] []
[2026-04-21 16:26:19] SlimMonoLogger.INFO: Cron ran at: 21-04-2026 04:26:19 PM [] []
[2026-04-21 16:26:20] SlimMonoLogger.INFO: Cron ran at: 21-04-2026 04:26:20 PM [] []
[2026-04-21 16:26:27] SlimMonoLogger.INFO: Cron ran at: 21-04-2026 04:26:27 PM [] []
[2026-04-21 16:26:27] SlimMonoLogger.INFO: Cron ran at: 21-04-2026 04:26:27 PM [] []
[2026-04-21 16:26:38] SlimMonoLogger.INFO: Cron ran at: 21-04-2026 04:26:38 PM [] []
[2026-04-21 16:26:39] SlimMonoLogger.INFO: Cron ran at: 21-04-2026 04:26:39 PM [] []
[2026-04-21 16:26:41] SlimMonoLogger.INFO: Cron ran at: 21-04-2026 04:26:41 PM [] []
[2026-04-21 16:26:45] SlimMonoLogger.INFO: Cron ran at: 21-04-2026 04:26:45 PM [] []
[2026-04-21 16:26:56] SlimMonoLogger.INFO: Cron ran at: 21-04-2026 04:26:56 PM [] []
[2026-04-21 16:27:03] SlimMonoLogger.INFO: Cron ran at: 21-04-2026 04:27:03 PM [] []
[2026-04-21 16:27:04] SlimMonoLogger.INFO: Cron ran at: 21-04-2026 04:27:04 PM [] []
[2026-04-21 16:27:14] SlimMonoLogger.INFO: Cron ran at: 21-04-2026 04:27:14 PM [] []
[2026-04-21 16:27:20] SlimMonoLogger.INFO: Cron ran at: 21-04-2026 04:27:20 PM [] []
[2026-04-21 16:27:25] SlimMonoLogger.INFO: Cron ran at: 21-04-2026 04:27:25 PM [] []
[2026-04-21 16:27:27] SlimMonoLogger.INFO: Cron ran at: 21-04-2026 04:27:27 PM [] []
[2026-04-21 16:27:28] SlimMonoLogger.INFO: Cron ran at: 21-04-2026 04:27:28 PM [] []
[2026-04-21 16:27:37] SlimMonoLogger.INFO: Cron ran at: 21-04-2026 04:27:37 PM [] []
[2026-04-21 16:27:38] SlimMonoLogger.INFO: Cron ran at: 21-04-2026 04:27:38 PM [] []
[2026-04-21 16:27:45] SlimMonoLogger.INFO: Cron ran at: 21-04-2026 04:27:45 PM [] []
[2026-04-21 16:27:45] SlimMonoLogger.INFO: Cron ran at: 21-04-2026 04:27:45 PM [] []
[2026-04-21 16:27:58] SlimMonoLogger.INFO: Cron ran at: 21-04-2026 04:27:58 PM [] []
[2026-04-21 16:28:13] SlimMonoLogger.INFO: Cron ran at: 21-04-2026 04:28:13 PM [] []
[2026-04-21 16:28:20] SlimMonoLogger.INFO: Cron ran at: 21-04-2026 04:28:20 PM [] []
[2026-04-21 16:28:20] SlimMonoLogger.INFO: Cron ran at: 21-04-2026 04:28:20 PM [] []
[2026-04-21 16:28:39] SlimMonoLogger.INFO: Cron ran at: 21-04-2026 04:28:39 PM [] []
[2026-04-21 16:28:42] SlimMonoLogger.INFO: Cron ran at: 21-04-2026 04:28:42 PM [] []
[2026-04-21 16:28:46] SlimMonoLogger.INFO: Cron ran at: 21-04-2026 04:28:46 PM [] []
[2026-04-21 16:28:46] SlimMonoLogger.INFO: Cron ran at: 21-04-2026 04:28:46 PM [] []
[2026-04-21 16:29:06] SlimMonoLogger.INFO: Cron ran at: 21-04-2026 04:29:06 PM [] []
[2026-04-21 16:29:07] SlimMonoLogger.INFO: Cron ran at: 21-04-2026 04:29:07 PM [] []
[2026-04-21 16:29:09] SlimMonoLogger.INFO: Cron ran at: 21-04-2026 04:29:09 PM [] []
[2026-04-21 16:29:11] SlimMonoLogger.INFO: Cron ran at: 21-04-2026 04:29:11 PM [] []
[2026-04-21 16:29:49] SlimMonoLogger.INFO: Cron ran at: 21-04-2026 04:29:49 PM [] []
[2026-04-21 16:29:49] SlimMonoLogger.INFO: Cron ran at: 21-04-2026 04:29:49 PM [] []
[2026-04-21 16:29:53] SlimMonoLogger.INFO: Cron ran at: 21-04-2026 04:29:53 PM [] []
[2026-04-21 16:29:55] SlimMonoLogger.INFO: Cron ran at: 21-04-2026 04:29:55 PM [] []
[2026-04-21 16:30:02] SlimMonoLogger.INFO: Cron ran at: 21-04-2026 04:30:02 PM [] []
[2026-04-21 16:30:02] SlimMonoLogger.INFO: Cron ran at: 21-04-2026 04:30:02 PM [] []
[2026-04-21 16:30:04] SlimMonoLogger.INFO: Cron ran at: 21-04-2026 04:30:04 PM [] []
[2026-04-21 16:30:14] SlimMonoLogger.INFO: Cron ran at: 21-04-2026 04:30:14 PM [] []
[2026-04-21 16:30:15] SlimMonoLogger.INFO: Cron ran at: 21-04-2026 04:30:15 PM [] []
[2026-04-21 16:30:19] SlimMonoLogger.INFO: Cron ran at: 21-04-2026 04:30:19 PM [] []
[2026-04-21 16:30:20] SlimMonoLogger.INFO: Cron ran at: 21-04-2026 04:30:20 PM [] []
[2026-04-21 16:30:49] SlimMonoLogger.INFO: Cron ran at: 21-04-2026 04:30:49 PM [] []
[2026-04-21 16:30:57] SlimMonoLogger.INFO: Cron ran at: 21-04-2026 04:30:57 PM [] []
[2026-04-21 16:30:58] SlimMonoLogger.INFO: Cron ran at: 21-04-2026 04:30:58 PM [] []
[2026-04-21 16:31:07] SlimMonoLogger.INFO: Cron ran at: 21-04-2026 04:31:07 PM [] []
[2026-04-21 16:31:10] SlimMonoLogger.INFO: Cron ran at: 21-04-2026 04:31:10 PM [] []
[2026-04-21 16:31:13] SlimMonoLogger.INFO: Cron ran at: 21-04-2026 04:31:13 PM [] []
[2026-04-21 16:31:13] SlimMonoLogger.INFO: Cron ran at: 21-04-2026 04:31:13 PM [] []
[2026-04-21 16:31:17] SlimMonoLogger.INFO: Cron ran at: 21-04-2026 04:31:17 PM [] []
[2026-04-21 16:31:20] SlimMonoLogger.INFO: Cron ran at: 21-04-2026 04:31:20 PM [] []
[2026-04-21 16:31:32] SlimMonoLogger.INFO: Cron ran at: 21-04-2026 04:31:32 PM [] []
[2026-04-21 16:31:43] SlimMonoLogger.INFO: Cron ran at: 21-04-2026 04:31:43 PM [] []
[2026-04-21 16:31:51] SlimMonoLogger.INFO: Cron ran at: 21-04-2026 04:31:51 PM [] []
[2026-04-21 16:31:53] SlimMonoLogger.INFO: Cron ran at: 21-04-2026 04:31:53 PM [] []
[2026-04-21 16:31:56] SlimMonoLogger.INFO: Cron ran at: 21-04-2026 04:31:56 PM [] []
[2026-04-21 16:31:56] SlimMonoLogger.INFO: Cron ran at: 21-04-2026 04:31:56 PM [] []
[2026-04-21 16:31:57] SlimMonoLogger.INFO: Cron ran at: 21-04-2026 04:31:57 PM [] []
[2026-04-21 16:31:58] SlimMonoLogger.INFO: Cron ran at: 21-04-2026 04:31:58 PM [] []
[2026-04-21 16:32:10] SlimMonoLogger.INFO: Cron ran at: 21-04-2026 04:32:10 PM [] []
[2026-04-21 16:32:12] SlimMonoLogger.INFO: Cron ran at: 21-04-2026 04:32:12 PM [] []
[2026-04-21 16:32:14] SlimMonoLogger.INFO: Cron ran at: 21-04-2026 04:32:14 PM [] []
[2026-04-21 16:32:17] SlimMonoLogger.INFO: Cron ran at: 21-04-2026 04:32:17 PM [] []
[2026-04-21 16:32:17] SlimMonoLogger.INFO: Cron ran at: 21-04-2026 04:32:17 PM [] []
[2026-04-21 16:32:17] SlimMonoLogger.INFO: Cron ran at: 21-04-2026 04:32:17 PM [] []
[2026-04-21 16:32:36] SlimMonoLogger.INFO: Cron ran at: 21-04-2026 04:32:36 PM [] []
[2026-04-21 16:32:36] SlimMonoLogger.INFO: Cron ran at: 21-04-2026 04:32:36 PM [] []
[2026-04-21 16:32:39] SlimMonoLogger.INFO: Cron ran at: 21-04-2026 04:32:39 PM [] []
[2026-04-21 16:32:39] SlimMonoLogger.INFO: Cron ran at: 21-04-2026 04:32:39 PM [] []
[2026-04-21 16:32:39] SlimMonoLogger.INFO: Cron ran at: 21-04-2026 04:32:39 PM [] []
[2026-04-21 16:32:47] SlimMonoLogger.INFO: Cron ran at: 21-04-2026 04:32:47 PM [] []
[2026-04-21 16:32:47] SlimMonoLogger.INFO: Cron ran at: 21-04-2026 04:32:47 PM [] []
[2026-04-21 16:33:02] SlimMonoLogger.INFO: Cron ran at: 21-04-2026 04:33:02 PM [] []
[2026-04-21 16:33:04] SlimMonoLogger.INFO: Cron ran at: 21-04-2026 04:33:04 PM [] []
[2026-04-21 16:33:04] SlimMonoLogger.INFO: Cron ran at: 21-04-2026 04:33:04 PM [] []
[2026-04-21 16:33:04] SlimMonoLogger.INFO: Cron ran at: 21-04-2026 04:33:04 PM [] []
[2026-04-21 16:33:14] SlimMonoLogger.INFO: Cron ran at: 21-04-2026 04:33:14 PM [] []
[2026-04-21 16:33:27] SlimMonoLogger.INFO: Cron ran at: 21-04-2026 04:33:27 PM [] []
[2026-04-21 16:33:28] SlimMonoLogger.INFO: Cron ran at: 21-04-2026 04:33:28 PM [] []
[2026-04-21 16:33:34] SlimMonoLogger.INFO: Cron ran at: 21-04-2026 04:33:34 PM [] []
[2026-04-21 16:33:36] SlimMonoLogger.INFO: Cron ran at: 21-04-2026 04:33:36 PM [] []
[2026-04-21 16:33:36] SlimMonoLogger.INFO: Cron ran at: 21-04-2026 04:33:36 PM [] []
[2026-04-21 16:33:39] SlimMonoLogger.INFO: Cron ran at: 21-04-2026 04:33:39 PM [] []
[2026-04-21 16:33:57] SlimMonoLogger.INFO: Cron ran at: 21-04-2026 04:33:57 PM [] []
[2026-04-21 16:33:57] SlimMonoLogger.INFO: Cron ran at: 21-04-2026 04:33:57 PM [] []
[2026-04-21 16:34:01] SlimMonoLogger.INFO: Cron ran at: 21-04-2026 04:34:01 PM [] []
[2026-04-21 16:34:01] SlimMonoLogger.INFO: Cron ran at: 21-04-2026 04:34:01 PM [] []
[2026-04-21 16:34:09] SlimMonoLogger.INFO: Cron ran at: 21-04-2026 04:34:09 PM [] []
[2026-04-21 16:34:09] SlimMonoLogger.INFO: Cron ran at: 21-04-2026 04:34:09 PM [] []
[2026-04-21 16:34:28] SlimMonoLogger.INFO: Cron ran at: 21-04-2026 04:34:28 PM [] []
[2026-04-21 16:34:28] SlimMonoLogger.INFO: Cron ran at: 21-04-2026 04:34:28 PM [] []
[2026-04-21 16:34:40] SlimMonoLogger.INFO: Cron ran at: 21-04-2026 04:34:40 PM [] []
[2026-04-21 16:34:40] SlimMonoLogger.INFO: Cron ran at: 21-04-2026 04:34:40 PM [] []
[2026-04-21 16:34:40] SlimMonoLogger.INFO: Cron ran at: 21-04-2026 04:34:40 PM [] []
[2026-04-21 16:34:44] SlimMonoLogger.INFO: Cron ran at: 21-04-2026 04:34:44 PM [] []
[2026-04-21 16:34:52] SlimMonoLogger.INFO: Cron ran at: 21-04-2026 04:34:52 PM [] []
[2026-04-21 16:34:52] SlimMonoLogger.INFO: Cron ran at: 21-04-2026 04:34:52 PM [] []
[2026-04-21 16:35:02] SlimMonoLogger.INFO: Cron ran at: 21-04-2026 04:35:02 PM [] []
[2026-04-21 16:35:10] SlimMonoLogger.INFO: Cron ran at: 21-04-2026 04:35:10 PM [] []
[2026-04-21 16:35:10] SlimMonoLogger.INFO: Cron ran at: 21-04-2026 04:35:10 PM [] []
[2026-04-21 16:35:21] SlimMonoLogger.INFO: Cron ran at: 21-04-2026 04:35:21 PM [] []
[2026-04-21 16:35:33] SlimMonoLogger.INFO: Cron ran at: 21-04-2026 04:35:33 PM [] []
[2026-04-21 16:35:34] SlimMonoLogger.INFO: Cron ran at: 21-04-2026 04:35:34 PM [] []
[2026-04-21 16:35:36] SlimMonoLogger.INFO: Cron ran at: 21-04-2026 04:35:36 PM [] []
[2026-04-21 16:35:49] SlimMonoLogger.INFO: Cron ran at: 21-04-2026 04:35:49 PM [] []
[2026-04-21 16:35:50] SlimMonoLogger.INFO: Cron ran at: 21-04-2026 04:35:50 PM [] []
[2026-04-21 16:35:50] SlimMonoLogger.INFO: Cron ran at: 21-04-2026 04:35:50 PM [] []
[2026-04-21 16:35:58] SlimMonoLogger.INFO: Cron ran at: 21-04-2026 04:35:58 PM [] []
[2026-04-21 16:36:09] SlimMonoLogger.INFO: Cron ran at: 21-04-2026 04:36:09 PM [] []
[2026-04-21 16:36:10] SlimMonoLogger.INFO: Cron ran at: 21-04-2026 04:36:10 PM [] []
[2026-04-21 16:36:12] SlimMonoLogger.INFO: Cron ran at: 21-04-2026 04:36:12 PM [] []
[2026-04-21 16:36:15] SlimMonoLogger.INFO: Cron ran at: 21-04-2026 04:36:15 PM [] []
[2026-04-21 16:36:21] SlimMonoLogger.INFO: Cron ran at: 21-04-2026 04:36:21 PM [] []
[2026-04-21 16:36:22] SlimMonoLogger.INFO: Cron ran at: 21-04-2026 04:36:22 PM [] []
[2026-04-21 16:36:29] SlimMonoLogger.INFO: Cron ran at: 21-04-2026 04:36:29 PM [] []
[2026-04-21 16:36:35] SlimMonoLogger.INFO: Cron ran at: 21-04-2026 04:36:35 PM [] []
[2026-04-21 16:36:42] SlimMonoLogger.INFO: Cron ran at: 21-04-2026 04:36:42 PM [] []
[2026-04-21 16:36:44] SlimMonoLogger.INFO: Cron ran at: 21-04-2026 04:36:44 PM [] []
[2026-04-21 16:36:46] SlimMonoLogger.INFO: Cron ran at: 21-04-2026 04:36:46 PM [] []
[2026-04-21 16:36:47] SlimMonoLogger.INFO: Cron ran at: 21-04-2026 04:36:47 PM [] []
[2026-04-21 16:37:04] SlimMonoLogger.INFO: Cron ran at: 21-04-2026 04:37:04 PM [] []
[2026-04-21 16:37:07] SlimMonoLogger.INFO: Cron ran at: 21-04-2026 04:37:07 PM [] []
[2026-04-21 16:37:11] SlimMonoLogger.INFO: Cron ran at: 21-04-2026 04:37:11 PM [] []
[2026-04-21 16:37:11] SlimMonoLogger.INFO: Cron ran at: 21-04-2026 04:37:11 PM [] []
[2026-04-21 16:37:20] SlimMonoLogger.INFO: Cron ran at: 21-04-2026 04:37:20 PM [] []
[2026-04-21 16:37:21] SlimMonoLogger.INFO: Cron ran at: 21-04-2026 04:37:21 PM [] []
[2026-04-21 16:37:21] SlimMonoLogger.INFO: Cron ran at: 21-04-2026 04:37:21 PM [] []
[2026-04-21 16:37:29] SlimMonoLogger.INFO: Cron ran at: 21-04-2026 04:37:29 PM [] []
[2026-04-21 16:37:30] SlimMonoLogger.INFO: Cron ran at: 21-04-2026 04:37:30 PM [] []
[2026-04-21 16:37:42] SlimMonoLogger.INFO: Cron ran at: 21-04-2026 04:37:42 PM [] []
[2026-04-21 16:37:51] SlimMonoLogger.INFO: Cron ran at: 21-04-2026 04:37:51 PM [] []
[2026-04-21 16:37:56] SlimMonoLogger.INFO: Cron ran at: 21-04-2026 04:37:56 PM [] []
[2026-04-21 16:37:56] SlimMonoLogger.INFO: Cron ran at: 21-04-2026 04:37:56 PM [] []
[2026-04-21 16:38:05] SlimMonoLogger.INFO: Cron ran at: 21-04-2026 04:38:05 PM [] []
[2026-04-21 16:38:05] SlimMonoLogger.INFO: Cron ran at: 21-04-2026 04:38:05 PM [] []
[2026-04-21 16:38:07] SlimMonoLogger.INFO: Cron ran at: 21-04-2026 04:38:07 PM [] []
[2026-04-21 16:38:18] SlimMonoLogger.INFO: Cron ran at: 21-04-2026 04:38:18 PM [] []
[2026-04-21 16:38:21] SlimMonoLogger.INFO: Cron ran at: 21-04-2026 04:38:21 PM [] []
[2026-04-21 16:38:21] SlimMonoLogger.INFO: Cron ran at: 21-04-2026 04:38:21 PM [] []
[2026-04-21 16:38:22] SlimMonoLogger.INFO: Cron ran at: 21-04-2026 04:38:22 PM [] []
[2026-04-21 16:38:32] SlimMonoLogger.INFO: Cron ran at: 21-04-2026 04:38:32 PM [] []
[2026-04-21 16:38:35] SlimMonoLogger.INFO: Cron ran at: 21-04-2026 04:38:35 PM [] []
[2026-04-21 16:38:40] SlimMonoLogger.INFO: Cron ran at: 21-04-2026 04:38:40 PM [] []
[2026-04-21 16:38:56] SlimMonoLogger.INFO: Cron ran at: 21-04-2026 04:38:56 PM [] []
[2026-04-21 16:38:57] SlimMonoLogger.INFO: Cron ran at: 21-04-2026 04:38:57 PM [] []
[2026-04-21 16:38:58] SlimMonoLogger.INFO: Cron ran at: 21-04-2026 04:38:58 PM [] []
[2026-04-21 16:39:04] SlimMonoLogger.INFO: Cron ran at: 21-04-2026 04:39:04 PM [] []
[2026-04-21 16:39:17] SlimMonoLogger.INFO: Cron ran at: 21-04-2026 04:39:17 PM [] []
[2026-04-21 16:39:20] SlimMonoLogger.INFO: Cron ran at: 21-04-2026 04:39:20 PM [] []
[2026-04-21 16:39:23] SlimMonoLogger.INFO: Cron ran at: 21-04-2026 04:39:23 PM [] []
[2026-04-21 16:39:24] SlimMonoLogger.INFO: Cron ran at: 21-04-2026 04:39:24 PM [] []
[2026-04-21 16:39:31] SlimMonoLogger.INFO: Cron ran at: 21-04-2026 04:39:31 PM [] []
[2026-04-21 16:39:37] SlimMonoLogger.INFO: Cron ran at: 21-04-2026 04:39:37 PM [] []
[2026-04-21 16:39:39] SlimMonoLogger.INFO: Cron ran at: 21-04-2026 04:39:39 PM [] []
[2026-04-21 16:39:50] SlimMonoLogger.INFO: Cron ran at: 21-04-2026 04:39:50 PM [] []
[2026-04-21 16:39:52] SlimMonoLogger.INFO: Cron ran at: 21-04-2026 04:39:52 PM [] []
[2026-04-21 16:39:54] SlimMonoLogger.INFO: Cron ran at: 21-04-2026 04:39:54 PM [] []
[2026-04-21 16:39:55] SlimMonoLogger.INFO: Cron ran at: 21-04-2026 04:39:55 PM [] []
[2026-04-21 16:40:19] SlimMonoLogger.INFO: Cron ran at: 21-04-2026 04:40:19 PM [] []
[2026-04-21 16:40:19] SlimMonoLogger.INFO: Cron ran at: 21-04-2026 04:40:19 PM [] []
[2026-04-21 16:40:27] SlimMonoLogger.INFO: Cron ran at: 21-04-2026 04:40:27 PM [] []
[2026-04-21 16:40:27] SlimMonoLogger.INFO: Cron ran at: 21-04-2026 04:40:27 PM [] []
[2026-04-21 16:40:36] SlimMonoLogger.INFO: Cron ran at: 21-04-2026 04:40:36 PM [] []
[2026-04-21 16:40:37] SlimMonoLogger.INFO: Cron ran at: 21-04-2026 04:40:37 PM [] []
[2026-04-21 16:40:38] SlimMonoLogger.INFO: Cron ran at: 21-04-2026 04:40:38 PM [] []
[2026-04-21 16:40:38] SlimMonoLogger.INFO: Cron ran at: 21-04-2026 04:40:38 PM [] []
[2026-04-21 16:40:52] SlimMonoLogger.INFO: Cron ran at: 21-04-2026 04:40:52 PM [] []
[2026-04-21 16:41:09] SlimMonoLogger.INFO: Cron ran at: 21-04-2026 04:41:09 PM [] []
[2026-04-21 16:41:10] SlimMonoLogger.INFO: Cron ran at: 21-04-2026 04:41:10 PM [] []
[2026-04-21 16:41:12] SlimMonoLogger.INFO: Cron ran at: 21-04-2026 04:41:12 PM [] []
[2026-04-21 16:41:24] SlimMonoLogger.INFO: Cron ran at: 21-04-2026 04:41:24 PM [] []
[2026-04-21 16:41:25] SlimMonoLogger.INFO: Cron ran at: 21-04-2026 04:41:25 PM [] []
[2026-04-21 16:41:26] SlimMonoLogger.INFO: Cron ran at: 21-04-2026 04:41:26 PM [] []
[2026-04-21 16:41:30] SlimMonoLogger.INFO: Cron ran at: 21-04-2026 04:41:30 PM [] []
[2026-04-21 16:41:33] SlimMonoLogger.INFO: Cron ran at: 21-04-2026 04:41:33 PM [] []
[2026-04-21 16:41:40] SlimMonoLogger.INFO: Cron ran at: 21-04-2026 04:41:40 PM [] []
[2026-04-21 16:41:40] SlimMonoLogger.INFO: Cron ran at: 21-04-2026 04:41:40 PM [] []
[2026-04-21 16:41:47] SlimMonoLogger.INFO: Cron ran at: 21-04-2026 04:41:47 PM [] []
[2026-04-21 16:41:49] SlimMonoLogger.INFO: Cron ran at: 21-04-2026 04:41:49 PM [] []
[2026-04-21 16:41:50] SlimMonoLogger.INFO: Cron ran at: 21-04-2026 04:41:50 PM [] []
[2026-04-21 16:41:54] SlimMonoLogger.INFO: Cron ran at: 21-04-2026 04:41:54 PM [] []
[2026-04-21 16:41:56] SlimMonoLogger.INFO: Cron ran at: 21-04-2026 04:41:56 PM [] []
[2026-04-21 16:42:09] SlimMonoLogger.INFO: Cron ran at: 21-04-2026 04:42:09 PM [] []
[2026-04-21 16:42:11] SlimMonoLogger.INFO: Cron ran at: 21-04-2026 04:42:11 PM [] []
[2026-04-21 16:42:14] SlimMonoLogger.INFO: Cron ran at: 21-04-2026 04:42:14 PM [] []
[2026-04-21 16:42:22] SlimMonoLogger.INFO: Cron ran at: 21-04-2026 04:42:22 PM [] []
[2026-04-21 16:42:22] SlimMonoLogger.INFO: Cron ran at: 21-04-2026 04:42:22 PM [] []
[2026-04-21 16:42:27] SlimMonoLogger.INFO: Cron ran at: 21-04-2026 04:42:27 PM [] []
[2026-04-21 16:42:28] SlimMonoLogger.INFO: Cron ran at: 21-04-2026 04:42:28 PM [] []
[2026-04-21 16:42:30] SlimMonoLogger.INFO: Cron ran at: 21-04-2026 04:42:30 PM [] []
[2026-04-21 16:42:35] SlimMonoLogger.INFO: Cron ran at: 21-04-2026 04:42:35 PM [] []
[2026-04-21 16:42:36] SlimMonoLogger.INFO: Cron ran at: 21-04-2026 04:42:36 PM [] []
[2026-04-21 16:42:50] SlimMonoLogger.INFO: Cron ran at: 21-04-2026 04:42:50 PM [] []
[2026-04-21 16:42:54] SlimMonoLogger.INFO: Cron ran at: 21-04-2026 04:42:54 PM [] []
[2026-04-21 16:42:58] SlimMonoLogger.INFO: Cron ran at: 21-04-2026 04:42:58 PM [] []
[2026-04-21 16:42:59] SlimMonoLogger.INFO: Cron ran at: 21-04-2026 04:42:59 PM [] []
[2026-04-21 16:43:14] SlimMonoLogger.INFO: Cron ran at: 21-04-2026 04:43:14 PM [] []
[2026-04-21 16:43:22] SlimMonoLogger.INFO: Cron ran at: 21-04-2026 04:43:22 PM [] []
[2026-04-21 16:43:22] SlimMonoLogger.INFO: Cron ran at: 21-04-2026 04:43:22 PM [] []
[2026-04-21 16:43:24] SlimMonoLogger.INFO: Cron ran at: 21-04-2026 04:43:24 PM [] []
[2026-04-21 16:43:31] SlimMonoLogger.INFO: Cron ran at: 21-04-2026 04:43:31 PM [] []
[2026-04-21 16:43:32] SlimMonoLogger.INFO: Cron ran at: 21-04-2026 04:43:32 PM [] []
[2026-04-21 16:43:32] SlimMonoLogger.INFO: Cron ran at: 21-04-2026 04:43:32 PM [] []
[2026-04-21 16:43:36] SlimMonoLogger.INFO: Cron ran at: 21-04-2026 04:43:36 PM [] []
[2026-04-21 16:43:38] SlimMonoLogger.INFO: Cron ran at: 21-04-2026 04:43:38 PM [] []
[2026-04-21 16:43:52] SlimMonoLogger.INFO: Cron ran at: 21-04-2026 04:43:52 PM [] []
[2026-04-21 16:44:07] SlimMonoLogger.INFO: Cron ran at: 21-04-2026 04:44:07 PM [] []
[2026-04-21 16:44:07] SlimMonoLogger.INFO: Cron ran at: 21-04-2026 04:44:07 PM [] []
[2026-04-21 16:44:14] SlimMonoLogger.INFO: Cron ran at: 21-04-2026 04:44:14 PM [] []
[2026-04-21 16:44:21] SlimMonoLogger.INFO: Cron ran at: 21-04-2026 04:44:21 PM [] []
[2026-04-21 16:44:22] SlimMonoLogger.INFO: Cron ran at: 21-04-2026 04:44:22 PM [] []
[2026-04-21 16:44:25] SlimMonoLogger.INFO: Cron ran at: 21-04-2026 04:44:25 PM [] []
[2026-04-21 16:44:32] SlimMonoLogger.INFO: Cron ran at: 21-04-2026 04:44:32 PM [] []
[2026-04-21 16:44:35] SlimMonoLogger.INFO: Cron ran at: 21-04-2026 04:44:35 PM [] []
[2026-04-21 16:44:37] SlimMonoLogger.INFO: Cron ran at: 21-04-2026 04:44:37 PM [] []
[2026-04-21 16:44:41] SlimMonoLogger.INFO: Cron ran at: 21-04-2026 04:44:41 PM [] []
[2026-04-21 16:44:43] SlimMonoLogger.INFO: Cron ran at: 21-04-2026 04:44:43 PM [] []
[2026-04-21 16:44:57] SlimMonoLogger.INFO: Cron ran at: 21-04-2026 04:44:57 PM [] []
[2026-04-21 16:45:08] SlimMonoLogger.INFO: Cron ran at: 21-04-2026 04:45:08 PM [] []
[2026-04-21 16:45:10] SlimMonoLogger.INFO: Cron ran at: 21-04-2026 04:45:10 PM [] []
[2026-04-21 16:45:17] SlimMonoLogger.INFO: Cron ran at: 21-04-2026 04:45:17 PM [] []
[2026-04-21 16:45:32] SlimMonoLogger.INFO: Cron ran at: 21-04-2026 04:45:32 PM [] []
[2026-04-21 16:45:33] SlimMonoLogger.INFO: Cron ran at: 21-04-2026 04:45:33 PM [] []
[2026-04-21 16:45:37] SlimMonoLogger.INFO: Cron ran at: 21-04-2026 04:45:37 PM [] []
[2026-04-21 16:45:37] SlimMonoLogger.INFO: Cron ran at: 21-04-2026 04:45:37 PM [] []
[2026-04-21 16:45:37] SlimMonoLogger.INFO: Cron ran at: 21-04-2026 04:45:37 PM [] []
[2026-04-21 16:45:44] SlimMonoLogger.INFO: Cron ran at: 21-04-2026 04:45:44 PM [] []
[2026-04-21 16:45:45] SlimMonoLogger.INFO: Cron ran at: 21-04-2026 04:45:45 PM [] []
[2026-04-21 16:45:50] SlimMonoLogger.INFO: Cron ran at: 21-04-2026 04:45:50 PM [] []
[2026-04-21 16:46:03] SlimMonoLogger.INFO: Cron ran at: 21-04-2026 04:46:03 PM [] []
[2026-04-21 16:46:03] SlimMonoLogger.INFO: Cron ran at: 21-04-2026 04:46:03 PM [] []
[2026-04-21 16:46:13] SlimMonoLogger.INFO: Cron ran at: 21-04-2026 04:46:13 PM [] []
[2026-04-21 16:46:14] SlimMonoLogger.INFO: Cron ran at: 21-04-2026 04:46:14 PM [] []
[2026-04-21 16:46:14] SlimMonoLogger.INFO: Cron ran at: 21-04-2026 04:46:14 PM [] []
[2026-04-21 16:46:24] SlimMonoLogger.INFO: Cron ran at: 21-04-2026 04:46:24 PM [] []
[2026-04-21 16:46:30] SlimMonoLogger.INFO: Cron ran at: 21-04-2026 04:46:30 PM [] []
[2026-04-21 16:46:33] SlimMonoLogger.INFO: Cron ran at: 21-04-2026 04:46:33 PM [] []
[2026-04-21 16:46:37] SlimMonoLogger.INFO: Cron ran at: 21-04-2026 04:46:37 PM [] []
[2026-04-21 16:46:44] SlimMonoLogger.INFO: Cron ran at: 21-04-2026 04:46:44 PM [] []
[2026-04-21 16:46:46] SlimMonoLogger.INFO: Cron ran at: 21-04-2026 04:46:46 PM [] []
[2026-04-21 16:46:47] SlimMonoLogger.INFO: Cron ran at: 21-04-2026 04:46:47 PM [] []
[2026-04-21 16:46:49] SlimMonoLogger.INFO: Cron ran at: 21-04-2026 04:46:49 PM [] []
[2026-04-21 16:47:03] SlimMonoLogger.INFO: Cron ran at: 21-04-2026 04:47:03 PM [] []
[2026-04-21 16:47:22] SlimMonoLogger.INFO: Cron ran at: 21-04-2026 04:47:22 PM [] []
[2026-04-21 16:47:22] SlimMonoLogger.INFO: Cron ran at: 21-04-2026 04:47:22 PM [] []
[2026-04-21 16:47:22] SlimMonoLogger.INFO: Cron ran at: 21-04-2026 04:47:22 PM [] []
[2026-04-21 16:47:23] SlimMonoLogger.INFO: Cron ran at: 21-04-2026 04:47:23 PM [] []
[2026-04-21 16:47:30] SlimMonoLogger.INFO: Cron ran at: 21-04-2026 04:47:30 PM [] []
[2026-04-21 16:47:31] SlimMonoLogger.INFO: Cron ran at: 21-04-2026 04:47:31 PM [] []
[2026-04-21 16:47:31] SlimMonoLogger.INFO: Cron ran at: 21-04-2026 04:47:31 PM [] []
[2026-04-21 16:47:37] SlimMonoLogger.INFO: Cron ran at: 21-04-2026 04:47:37 PM [] []
[2026-04-21 16:47:49] SlimMonoLogger.INFO: Cron ran at: 21-04-2026 04:47:49 PM [] []
[2026-04-21 16:47:50] SlimMonoLogger.INFO: Cron ran at: 21-04-2026 04:47:50 PM [] []
[2026-04-21 16:47:50] SlimMonoLogger.INFO: Cron ran at: 21-04-2026 04:47:50 PM [] []
[2026-04-21 16:47:51] SlimMonoLogger.INFO: Cron ran at: 21-04-2026 04:47:51 PM [] []
[2026-04-21 16:48:00] SlimMonoLogger.INFO: Cron ran at: 21-04-2026 04:48:00 PM [] []
[2026-04-21 16:48:12] SlimMonoLogger.INFO: Cron ran at: 21-04-2026 04:48:12 PM [] []
[2026-04-21 16:48:12] SlimMonoLogger.INFO: Cron ran at: 21-04-2026 04:48:12 PM [] []
[2026-04-21 16:48:15] SlimMonoLogger.INFO: Cron ran at: 21-04-2026 04:48:15 PM [] []
[2026-04-21 16:48:17] SlimMonoLogger.INFO: Cron ran at: 21-04-2026 04:48:17 PM [] []
[2026-04-21 16:48:29] SlimMonoLogger.INFO: Cron ran at: 21-04-2026 04:48:29 PM [] []
[2026-04-21 16:48:30] SlimMonoLogger.INFO: Cron ran at: 21-04-2026 04:48:30 PM [] []
[2026-04-21 16:48:35] SlimMonoLogger.INFO: Cron ran at: 21-04-2026 04:48:35 PM [] []
[2026-04-21 16:48:46] SlimMonoLogger.INFO: Cron ran at: 21-04-2026 04:48:46 PM [] []
[2026-04-21 16:48:46] SlimMonoLogger.INFO: Cron ran at: 21-04-2026 04:48:46 PM [] []
[2026-04-21 16:48:54] SlimMonoLogger.INFO: Cron ran at: 21-04-2026 04:48:54 PM [] []
[2026-04-21 16:48:54] SlimMonoLogger.INFO: Cron ran at: 21-04-2026 04:48:54 PM [] []
[2026-04-21 16:49:11] SlimMonoLogger.INFO: Cron ran at: 21-04-2026 04:49:11 PM [] []
[2026-04-21 16:49:14] SlimMonoLogger.INFO: Cron ran at: 21-04-2026 04:49:14 PM [] []
[2026-04-21 16:49:15] SlimMonoLogger.INFO: Cron ran at: 21-04-2026 04:49:15 PM [] []
[2026-04-21 16:49:15] SlimMonoLogger.INFO: Cron ran at: 21-04-2026 04:49:15 PM [] []
[2026-04-21 16:49:21] SlimMonoLogger.INFO: Cron ran at: 21-04-2026 04:49:21 PM [] []
[2026-04-21 16:49:28] SlimMonoLogger.INFO: Cron ran at: 21-04-2026 04:49:28 PM [] []
[2026-04-21 16:49:45] SlimMonoLogger.INFO: Cron ran at: 21-04-2026 04:49:45 PM [] []
[2026-04-21 16:49:45] SlimMonoLogger.INFO: Cron ran at: 21-04-2026 04:49:45 PM [] []
[2026-04-21 16:49:45] SlimMonoLogger.INFO: Cron ran at: 21-04-2026 04:49:45 PM [] []
[2026-04-21 16:49:57] SlimMonoLogger.INFO: Cron ran at: 21-04-2026 04:49:57 PM [] []
[2026-04-21 16:49:57] SlimMonoLogger.INFO: Cron ran at: 21-04-2026 04:49:57 PM [] []
[2026-04-21 16:50:13] SlimMonoLogger.INFO: Cron ran at: 21-04-2026 04:50:13 PM [] []
[2026-04-21 16:50:15] SlimMonoLogger.INFO: Cron ran at: 21-04-2026 04:50:15 PM [] []
[2026-04-21 16:50:18] SlimMonoLogger.INFO: Cron ran at: 21-04-2026 04:50:18 PM [] []
[2026-04-21 16:50:31] SlimMonoLogger.INFO: Cron ran at: 21-04-2026 04:50:31 PM [] []
[2026-04-21 16:50:33] SlimMonoLogger.INFO: Cron ran at: 21-04-2026 04:50:33 PM [] []
[2026-04-21 16:50:39] SlimMonoLogger.INFO: Cron ran at: 21-04-2026 04:50:39 PM [] []
[2026-04-21 16:50:40] SlimMonoLogger.INFO: Cron ran at: 21-04-2026 04:50:40 PM [] []
[2026-04-21 16:50:49] SlimMonoLogger.INFO: Cron ran at: 21-04-2026 04:50:49 PM [] []
[2026-04-21 16:50:51] SlimMonoLogger.INFO: Cron ran at: 21-04-2026 04:50:51 PM [] []
[2026-04-21 16:50:53] SlimMonoLogger.INFO: Cron ran at: 21-04-2026 04:50:53 PM [] []
[2026-04-21 16:51:03] SlimMonoLogger.INFO: Cron ran at: 21-04-2026 04:51:03 PM [] []
[2026-04-21 16:51:03] SlimMonoLogger.INFO: Cron ran at: 21-04-2026 04:51:03 PM [] []
[2026-04-21 16:51:04] SlimMonoLogger.INFO: Cron ran at: 21-04-2026 04:51:04 PM [] []
[2026-04-21 16:51:15] SlimMonoLogger.INFO: Cron ran at: 21-04-2026 04:51:15 PM [] []
[2026-04-21 16:51:18] SlimMonoLogger.INFO: Cron ran at: 21-04-2026 04:51:18 PM [] []
[2026-04-21 16:51:21] SlimMonoLogger.INFO: Cron ran at: 21-04-2026 04:51:21 PM [] []
[2026-04-21 16:51:26] SlimMonoLogger.INFO: Cron ran at: 21-04-2026 04:51:26 PM [] []
[2026-04-21 16:51:28] SlimMonoLogger.INFO: Cron ran at: 21-04-2026 04:51:28 PM [] []
[2026-04-21 16:51:36] SlimMonoLogger.INFO: Cron ran at: 21-04-2026 04:51:36 PM [] []
[2026-04-21 16:51:37] SlimMonoLogger.INFO: Cron ran at: 21-04-2026 04:51:37 PM [] []
[2026-04-21 16:51:46] SlimMonoLogger.INFO: Cron ran at: 21-04-2026 04:51:46 PM [] []
[2026-04-21 16:51:47] SlimMonoLogger.INFO: Cron ran at: 21-04-2026 04:51:47 PM [] []
[2026-04-21 16:51:59] SlimMonoLogger.INFO: Cron ran at: 21-04-2026 04:51:59 PM [] []
[2026-04-21 16:51:59] SlimMonoLogger.INFO: Cron ran at: 21-04-2026 04:51:59 PM [] []
[2026-04-21 16:52:04] SlimMonoLogger.INFO: Cron ran at: 21-04-2026 04:52:04 PM [] []
[2026-04-21 16:52:08] SlimMonoLogger.INFO: Cron ran at: 21-04-2026 04:52:08 PM [] []
[2026-04-21 16:52:20] SlimMonoLogger.INFO: Cron ran at: 21-04-2026 04:52:20 PM [] []
[2026-04-21 16:52:24] SlimMonoLogger.INFO: Cron ran at: 21-04-2026 04:52:24 PM [] []
[2026-04-21 16:52:31] SlimMonoLogger.INFO: Cron ran at: 21-04-2026 04:52:31 PM [] []
[2026-04-21 16:52:31] SlimMonoLogger.INFO: Cron ran at: 21-04-2026 04:52:31 PM [] []
[2026-04-21 16:52:33] SlimMonoLogger.INFO: Cron ran at: 21-04-2026 04:52:33 PM [] []
[2026-04-21 16:52:35] SlimMonoLogger.INFO: Cron ran at: 21-04-2026 04:52:35 PM [] []
[2026-04-21 16:52:35] SlimMonoLogger.INFO: Cron ran at: 21-04-2026 04:52:35 PM [] []
[2026-04-21 16:53:00] SlimMonoLogger.INFO: Cron ran at: 21-04-2026 04:53:00 PM [] []
[2026-04-21 16:53:00] SlimMonoLogger.INFO: Cron ran at: 21-04-2026 04:53:00 PM [] []
[2026-04-21 16:53:02] SlimMonoLogger.INFO: Cron ran at: 21-04-2026 04:53:02 PM [] []
[2026-04-21 16:53:07] SlimMonoLogger.INFO: Cron ran at: 21-04-2026 04:53:07 PM [] []
[2026-04-21 16:53:08] SlimMonoLogger.INFO: Cron ran at: 21-04-2026 04:53:08 PM [] []
[2026-04-21 16:53:10] SlimMonoLogger.INFO: Cron ran at: 21-04-2026 04:53:10 PM [] []
[2026-04-21 16:53:17] SlimMonoLogger.INFO: Cron ran at: 21-04-2026 04:53:17 PM [] []
[2026-04-21 16:53:21] SlimMonoLogger.INFO: Cron ran at: 21-04-2026 04:53:21 PM [] []
[2026-04-21 16:53:22] SlimMonoLogger.INFO: Cron ran at: 21-04-2026 04:53:22 PM [] []
[2026-04-21 16:53:29] SlimMonoLogger.INFO: Cron ran at: 21-04-2026 04:53:29 PM [] []
[2026-04-21 16:53:40] SlimMonoLogger.INFO: Cron ran at: 21-04-2026 04:53:40 PM [] []
[2026-04-21 16:53:42] SlimMonoLogger.INFO: Cron ran at: 21-04-2026 04:53:42 PM [] []
[2026-04-21 16:53:42] SlimMonoLogger.INFO: Cron ran at: 21-04-2026 04:53:42 PM [] []
[2026-04-21 16:54:03] SlimMonoLogger.INFO: Cron ran at: 21-04-2026 04:54:03 PM [] []
[2026-04-21 16:54:03] SlimMonoLogger.INFO: Cron ran at: 21-04-2026 04:54:03 PM [] []
[2026-04-21 16:54:03] SlimMonoLogger.INFO: Cron ran at: 21-04-2026 04:54:03 PM [] []
[2026-04-21 16:54:11] SlimMonoLogger.INFO: Cron ran at: 21-04-2026 04:54:11 PM [] []
[2026-04-21 16:54:16] SlimMonoLogger.INFO: Cron ran at: 21-04-2026 04:54:16 PM [] []
[2026-04-21 16:54:18] SlimMonoLogger.INFO: Cron ran at: 21-04-2026 04:54:18 PM [] []
[2026-04-21 16:54:24] SlimMonoLogger.INFO: Cron ran at: 21-04-2026 04:54:24 PM [] []
[2026-04-21 16:54:25] SlimMonoLogger.INFO: Cron ran at: 21-04-2026 04:54:25 PM [] []
[2026-04-21 16:54:25] SlimMonoLogger.INFO: Cron ran at: 21-04-2026 04:54:25 PM [] []
[2026-04-21 16:54:42] SlimMonoLogger.INFO: Cron ran at: 21-04-2026 04:54:42 PM [] []
[2026-04-21 16:54:42] SlimMonoLogger.INFO: Cron ran at: 21-04-2026 04:54:42 PM [] []
[2026-04-21 16:54:43] SlimMonoLogger.INFO: Cron ran at: 21-04-2026 04:54:43 PM [] []
[2026-04-21 16:54:58] SlimMonoLogger.INFO: Cron ran at: 21-04-2026 04:54:58 PM [] []
[2026-04-21 16:54:58] SlimMonoLogger.INFO: Cron ran at: 21-04-2026 04:54:58 PM [] []
[2026-04-21 16:55:10] SlimMonoLogger.INFO: Cron ran at: 21-04-2026 04:55:10 PM [] []
[2026-04-21 16:55:11] SlimMonoLogger.INFO: Cron ran at: 21-04-2026 04:55:11 PM [] []
[2026-04-21 16:55:11] SlimMonoLogger.INFO: Cron ran at: 21-04-2026 04:55:11 PM [] []
[2026-04-21 16:55:18] SlimMonoLogger.INFO: Cron ran at: 21-04-2026 04:55:18 PM [] []
[2026-04-21 16:55:28] SlimMonoLogger.INFO: Cron ran at: 21-04-2026 04:55:28 PM [] []
[2026-04-21 16:55:29] SlimMonoLogger.INFO: Cron ran at: 21-04-2026 04:55:29 PM [] []
[2026-04-21 16:55:41] SlimMonoLogger.INFO: Cron ran at: 21-04-2026 04:55:41 PM [] []
[2026-04-21 16:55:42] SlimMonoLogger.INFO: Cron ran at: 21-04-2026 04:55:42 PM [] []
[2026-04-21 16:55:42] SlimMonoLogger.INFO: Cron ran at: 21-04-2026 04:55:42 PM [] []
[2026-04-21 16:55:45] SlimMonoLogger.INFO: Cron ran at: 21-04-2026 04:55:45 PM [] []
[2026-04-21 16:56:03] SlimMonoLogger.INFO: Cron ran at: 21-04-2026 04:56:03 PM [] []
[2026-04-21 16:56:04] SlimMonoLogger.INFO: Cron ran at: 21-04-2026 04:56:04 PM [] []
[2026-04-21 16:56:05] SlimMonoLogger.INFO: Cron ran at: 21-04-2026 04:56:05 PM [] []
[2026-04-21 16:56:13] SlimMonoLogger.INFO: Cron ran at: 21-04-2026 04:56:13 PM [] []
[2026-04-21 16:56:14] SlimMonoLogger.INFO: Cron ran at: 21-04-2026 04:56:14 PM [] []
[2026-04-21 16:56:14] SlimMonoLogger.INFO: Cron ran at: 21-04-2026 04:56:14 PM [] []
[2026-04-21 16:56:19] SlimMonoLogger.INFO: Cron ran at: 21-04-2026 04:56:19 PM [] []
[2026-04-21 16:56:20] SlimMonoLogger.INFO: Cron ran at: 21-04-2026 04:56:20 PM [] []
[2026-04-21 16:56:25] SlimMonoLogger.INFO: Cron ran at: 21-04-2026 04:56:25 PM [] []
[2026-04-21 16:56:29] SlimMonoLogger.INFO: Cron ran at: 21-04-2026 04:56:29 PM [] []
[2026-04-21 16:56:44] SlimMonoLogger.INFO: Cron ran at: 21-04-2026 04:56:44 PM [] []
[2026-04-21 16:56:44] SlimMonoLogger.INFO: Cron ran at: 21-04-2026 04:56:44 PM [] []
[2026-04-21 16:56:52] SlimMonoLogger.INFO: Cron ran at: 21-04-2026 04:56:52 PM [] []
[2026-04-21 16:56:57] SlimMonoLogger.INFO: Cron ran at: 21-04-2026 04:56:57 PM [] []
[2026-04-21 16:56:58] SlimMonoLogger.INFO: Cron ran at: 21-04-2026 04:56:58 PM [] []
[2026-04-21 16:57:01] SlimMonoLogger.INFO: Cron ran at: 21-04-2026 04:57:01 PM [] []
[2026-04-21 16:57:13] SlimMonoLogger.INFO: Cron ran at: 21-04-2026 04:57:13 PM [] []
[2026-04-21 16:57:13] SlimMonoLogger.INFO: Cron ran at: 21-04-2026 04:57:13 PM [] []
[2026-04-21 16:57:14] SlimMonoLogger.INFO: Cron ran at: 21-04-2026 04:57:14 PM [] []
[2026-04-21 16:57:17] SlimMonoLogger.INFO: Cron ran at: 21-04-2026 04:57:17 PM [] []
[2026-04-21 16:57:18] SlimMonoLogger.INFO: Cron ran at: 21-04-2026 04:57:18 PM [] []
[2026-04-21 16:57:25] SlimMonoLogger.INFO: Cron ran at: 21-04-2026 04:57:25 PM [] []
[2026-04-21 16:57:26] SlimMonoLogger.INFO: Cron ran at: 21-04-2026 04:57:26 PM [] []
[2026-04-21 16:57:43] SlimMonoLogger.INFO: Cron ran at: 21-04-2026 04:57:43 PM [] []
[2026-04-21 16:57:50] SlimMonoLogger.INFO: Cron ran at: 21-04-2026 04:57:50 PM [] []
[2026-04-21 16:57:51] SlimMonoLogger.INFO: Cron ran at: 21-04-2026 04:57:51 PM [] []
[2026-04-21 16:58:00] SlimMonoLogger.INFO: Cron ran at: 21-04-2026 04:58:00 PM [] []
[2026-04-21 16:58:01] SlimMonoLogger.INFO: Cron ran at: 21-04-2026 04:58:01 PM [] []
[2026-04-21 16:58:11] SlimMonoLogger.INFO: Cron ran at: 21-04-2026 04:58:11 PM [] []
[2026-04-21 16:58:17] SlimMonoLogger.INFO: Cron ran at: 21-04-2026 04:58:17 PM [] []
[2026-04-21 16:58:18] SlimMonoLogger.INFO: Cron ran at: 21-04-2026 04:58:18 PM [] []
[2026-04-21 16:58:18] SlimMonoLogger.INFO: Cron ran at: 21-04-2026 04:58:18 PM [] []
[2026-04-21 16:58:18] SlimMonoLogger.INFO: Cron ran at: 21-04-2026 04:58:18 PM [] []
[2026-04-21 16:58:25] SlimMonoLogger.INFO: Cron ran at: 21-04-2026 04:58:25 PM [] []
[2026-04-21 16:58:29] SlimMonoLogger.INFO: Cron ran at: 21-04-2026 04:58:29 PM [] []
[2026-04-21 16:58:39] SlimMonoLogger.INFO: Cron ran at: 21-04-2026 04:58:39 PM [] []
[2026-04-21 16:58:42] SlimMonoLogger.INFO: Cron ran at: 21-04-2026 04:58:42 PM [] []
[2026-04-21 16:58:49] SlimMonoLogger.INFO: Cron ran at: 21-04-2026 04:58:49 PM [] []
[2026-04-21 16:58:50] SlimMonoLogger.INFO: Cron ran at: 21-04-2026 04:58:50 PM [] []
[2026-04-21 16:59:15] SlimMonoLogger.INFO: Cron ran at: 21-04-2026 04:59:15 PM [] []
[2026-04-21 16:59:15] SlimMonoLogger.INFO: Cron ran at: 21-04-2026 04:59:15 PM [] []
[2026-04-21 16:59:17] SlimMonoLogger.INFO: Cron ran at: 21-04-2026 04:59:17 PM [] []
[2026-04-21 16:59:18] SlimMonoLogger.INFO: Cron ran at: 21-04-2026 04:59:18 PM [] []
[2026-04-21 16:59:19] SlimMonoLogger.INFO: Cron ran at: 21-04-2026 04:59:19 PM [] []
[2026-04-21 16:59:32] SlimMonoLogger.INFO: Cron ran at: 21-04-2026 04:59:32 PM [] []
[2026-04-21 16:59:33] SlimMonoLogger.INFO: Cron ran at: 21-04-2026 04:59:33 PM [] []
[2026-04-21 16:59:34] SlimMonoLogger.INFO: Cron ran at: 21-04-2026 04:59:34 PM [] []
[2026-04-21 16:59:41] SlimMonoLogger.INFO: Cron ran at: 21-04-2026 04:59:41 PM [] []
[2026-04-21 16:59:56] SlimMonoLogger.INFO: Cron ran at: 21-04-2026 04:59:56 PM [] []
[2026-04-21 16:59:57] SlimMonoLogger.INFO: Cron ran at: 21-04-2026 04:59:57 PM [] []
[2026-04-21 16:59:59] SlimMonoLogger.INFO: Cron ran at: 21-04-2026 04:59:59 PM [] []
[2026-04-21 17:00:14] SlimMonoLogger.INFO: Cron ran at: 21-04-2026 05:00:14 PM [] []
[2026-04-21 17:00:16] SlimMonoLogger.INFO: Cron ran at: 21-04-2026 05:00:16 PM [] []
[2026-04-21 17:00:18] SlimMonoLogger.INFO: Cron ran at: 21-04-2026 05:00:18 PM [] []
[2026-04-21 17:00:26] SlimMonoLogger.INFO: Cron ran at: 21-04-2026 05:00:26 PM [] []
[2026-04-21 17:00:41] SlimMonoLogger.INFO: Cron ran at: 21-04-2026 05:00:41 PM [] []
[2026-04-21 17:00:42] SlimMonoLogger.INFO: Cron ran at: 21-04-2026 05:00:42 PM [] []
[2026-04-21 17:00:43] SlimMonoLogger.INFO: Cron ran at: 21-04-2026 05:00:43 PM [] []
[2026-04-21 17:00:46] SlimMonoLogger.INFO: Cron ran at: 21-04-2026 05:00:46 PM [] []
[2026-04-21 17:00:54] SlimMonoLogger.INFO: Cron ran at: 21-04-2026 05:00:54 PM [] []
[2026-04-21 17:01:00] SlimMonoLogger.INFO: Cron ran at: 21-04-2026 05:01:00 PM [] []
[2026-04-21 17:01:01] SlimMonoLogger.INFO: Cron ran at: 21-04-2026 05:01:01 PM [] []
[2026-04-21 17:01:01] SlimMonoLogger.INFO: Cron ran at: 21-04-2026 05:01:01 PM [] []
[2026-04-21 17:01:18] SlimMonoLogger.INFO: Cron ran at: 21-04-2026 05:01:18 PM [] []
[2026-04-21 17:01:25] SlimMonoLogger.INFO: Cron ran at: 21-04-2026 05:01:25 PM [] []
[2026-04-21 17:01:25] SlimMonoLogger.INFO: Cron ran at: 21-04-2026 05:01:25 PM [] []
[2026-04-21 17:01:30] SlimMonoLogger.INFO: Cron ran at: 21-04-2026 05:01:30 PM [] []
[2026-04-21 17:01:35] SlimMonoLogger.INFO: Cron ran at: 21-04-2026 05:01:35 PM [] []
[2026-04-21 17:01:38] SlimMonoLogger.INFO: Cron ran at: 21-04-2026 05:01:38 PM [] []
[2026-04-21 17:01:46] SlimMonoLogger.INFO: Cron ran at: 21-04-2026 05:01:46 PM [] []
[2026-04-21 17:01:46] SlimMonoLogger.INFO: Cron ran at: 21-04-2026 05:01:46 PM [] []
[2026-04-21 17:01:46] SlimMonoLogger.INFO: Cron ran at: 21-04-2026 05:01:46 PM [] []
[2026-04-21 17:02:03] SlimMonoLogger.INFO: Cron ran at: 21-04-2026 05:02:03 PM [] []
[2026-04-21 17:02:04] SlimMonoLogger.INFO: Cron ran at: 21-04-2026 05:02:04 PM [] []
[2026-04-21 17:02:07] SlimMonoLogger.INFO: Cron ran at: 21-04-2026 05:02:07 PM [] []
[2026-04-21 17:02:11] SlimMonoLogger.INFO: Cron ran at: 21-04-2026 05:02:11 PM [] []
[2026-04-21 17:02:27] SlimMonoLogger.INFO: Cron ran at: 21-04-2026 05:02:27 PM [] []
[2026-04-21 17:02:30] SlimMonoLogger.INFO: Cron ran at: 21-04-2026 05:02:30 PM [] []
[2026-04-21 17:02:33] SlimMonoLogger.INFO: Cron ran at: 21-04-2026 05:02:33 PM [] []
[2026-04-21 17:02:39] SlimMonoLogger.INFO: Cron ran at: 21-04-2026 05:02:39 PM [] []
[2026-04-21 17:02:40] SlimMonoLogger.INFO: Cron ran at: 21-04-2026 05:02:40 PM [] []
[2026-04-21 17:02:42] SlimMonoLogger.INFO: Cron ran at: 21-04-2026 05:02:42 PM [] []
[2026-04-21 17:02:45] SlimMonoLogger.INFO: Cron ran at: 21-04-2026 05:02:45 PM [] []
[2026-04-21 17:02:47] SlimMonoLogger.INFO: Cron ran at: 21-04-2026 05:02:47 PM [] []
[2026-04-21 17:02:53] SlimMonoLogger.INFO: Cron ran at: 21-04-2026 05:02:53 PM [] []
[2026-04-21 17:02:55] SlimMonoLogger.INFO: Cron ran at: 21-04-2026 05:02:55 PM [] []
[2026-04-21 17:03:07] SlimMonoLogger.INFO: Cron ran at: 21-04-2026 05:03:07 PM [] []
[2026-04-21 17:03:09] SlimMonoLogger.INFO: Cron ran at: 21-04-2026 05:03:09 PM [] []
[2026-04-21 17:03:19] SlimMonoLogger.INFO: Cron ran at: 21-04-2026 05:03:19 PM [] []
[2026-04-21 17:03:19] SlimMonoLogger.INFO: Cron ran at: 21-04-2026 05:03:19 PM [] []
[2026-04-21 17:03:20] SlimMonoLogger.INFO: Cron ran at: 21-04-2026 05:03:20 PM [] []
[2026-04-21 17:03:23] SlimMonoLogger.INFO: Cron ran at: 21-04-2026 05:03:23 PM [] []
[2026-04-21 17:03:23] SlimMonoLogger.INFO: Cron ran at: 21-04-2026 05:03:23 PM [] []
[2026-04-21 17:03:33] SlimMonoLogger.INFO: Cron ran at: 21-04-2026 05:03:33 PM [] []
[2026-04-21 17:03:34] SlimMonoLogger.INFO: Cron ran at: 21-04-2026 05:03:34 PM [] []
[2026-04-21 17:03:45] SlimMonoLogger.INFO: Cron ran at: 21-04-2026 05:03:45 PM [] []
[2026-04-21 17:03:45] SlimMonoLogger.INFO: Cron ran at: 21-04-2026 05:03:45 PM [] []
[2026-04-21 17:03:52] SlimMonoLogger.INFO: Cron ran at: 21-04-2026 05:03:52 PM [] []
[2026-04-21 17:04:07] SlimMonoLogger.INFO: Cron ran at: 21-04-2026 05:04:07 PM [] []
[2026-04-21 17:04:09] SlimMonoLogger.INFO: Cron ran at: 21-04-2026 05:04:09 PM [] []
[2026-04-21 17:04:17] SlimMonoLogger.INFO: Cron ran at: 21-04-2026 05:04:17 PM [] []
[2026-04-21 17:04:18] SlimMonoLogger.INFO: Cron ran at: 21-04-2026 05:04:18 PM [] []
[2026-04-21 17:04:22] SlimMonoLogger.INFO: Cron ran at: 21-04-2026 05:04:22 PM [] []
[2026-04-21 17:04:25] SlimMonoLogger.INFO: Cron ran at: 21-04-2026 05:04:25 PM [] []
[2026-04-21 17:04:36] SlimMonoLogger.INFO: Cron ran at: 21-04-2026 05:04:36 PM [] []
[2026-04-21 17:04:41] SlimMonoLogger.INFO: Cron ran at: 21-04-2026 05:04:41 PM [] []
[2026-04-21 17:04:43] SlimMonoLogger.INFO: Cron ran at: 21-04-2026 05:04:43 PM [] []
[2026-04-21 17:04:45] SlimMonoLogger.INFO: Cron ran at: 21-04-2026 05:04:45 PM [] []
[2026-04-21 17:04:45] SlimMonoLogger.INFO: Cron ran at: 21-04-2026 05:04:45 PM [] []
[2026-04-21 17:05:09] SlimMonoLogger.INFO: Cron ran at: 21-04-2026 05:05:09 PM [] []
[2026-04-21 17:05:11] SlimMonoLogger.INFO: Cron ran at: 21-04-2026 05:05:11 PM [] []
[2026-04-21 17:05:16] SlimMonoLogger.INFO: Cron ran at: 21-04-2026 05:05:16 PM [] []
[2026-04-21 17:05:17] SlimMonoLogger.INFO: Cron ran at: 21-04-2026 05:05:17 PM [] []
[2026-04-21 17:05:19] SlimMonoLogger.INFO: Cron ran at: 21-04-2026 05:05:19 PM [] []
[2026-04-21 17:05:22] SlimMonoLogger.INFO: Cron ran at: 21-04-2026 05:05:22 PM [] []
[2026-04-21 17:05:31] SlimMonoLogger.INFO: Cron ran at: 21-04-2026 05:05:31 PM [] []
[2026-04-21 17:05:32] SlimMonoLogger.INFO: Cron ran at: 21-04-2026 05:05:32 PM [] []
[2026-04-21 17:05:50] SlimMonoLogger.INFO: Cron ran at: 21-04-2026 05:05:50 PM [] []
[2026-04-21 17:05:50] SlimMonoLogger.INFO: Cron ran at: 21-04-2026 05:05:50 PM [] []
[2026-04-21 17:05:51] SlimMonoLogger.INFO: Cron ran at: 21-04-2026 05:05:51 PM [] []
[2026-04-21 17:05:52] SlimMonoLogger.INFO: Cron ran at: 21-04-2026 05:05:52 PM [] []
[2026-04-21 17:05:57] SlimMonoLogger.INFO: Cron ran at: 21-04-2026 05:05:57 PM [] []
[2026-04-21 17:06:10] SlimMonoLogger.INFO: Cron ran at: 21-04-2026 05:06:10 PM [] []
[2026-04-21 17:06:11] SlimMonoLogger.INFO: Cron ran at: 21-04-2026 05:06:11 PM [] []
[2026-04-21 17:06:13] SlimMonoLogger.INFO: Cron ran at: 21-04-2026 05:06:13 PM [] []
[2026-04-21 17:06:16] SlimMonoLogger.INFO: Cron ran at: 21-04-2026 05:06:16 PM [] []
[2026-04-21 17:06:20] SlimMonoLogger.INFO: Cron ran at: 21-04-2026 05:06:20 PM [] []
[2026-04-21 17:06:29] SlimMonoLogger.INFO: Cron ran at: 21-04-2026 05:06:29 PM [] []
[2026-04-21 17:06:38] SlimMonoLogger.INFO: Cron ran at: 21-04-2026 05:06:38 PM [] []
[2026-04-21 17:06:38] SlimMonoLogger.INFO: Cron ran at: 21-04-2026 05:06:38 PM [] []
[2026-04-21 17:06:39] SlimMonoLogger.INFO: Cron ran at: 21-04-2026 05:06:39 PM [] []
[2026-04-21 17:06:41] SlimMonoLogger.INFO: Cron ran at: 21-04-2026 05:06:41 PM [] []
[2026-04-21 17:06:51] SlimMonoLogger.INFO: Cron ran at: 21-04-2026 05:06:51 PM [] []
[2026-04-21 17:06:52] SlimMonoLogger.INFO: Cron ran at: 21-04-2026 05:06:52 PM [] []
[2026-04-21 17:06:56] SlimMonoLogger.INFO: Cron ran at: 21-04-2026 05:06:56 PM [] []
[2026-04-21 17:07:03] SlimMonoLogger.INFO: Cron ran at: 21-04-2026 05:07:03 PM [] []
[2026-04-21 17:07:11] SlimMonoLogger.INFO: Cron ran at: 21-04-2026 05:07:11 PM [] []
[2026-04-21 17:07:16] SlimMonoLogger.INFO: Cron ran at: 21-04-2026 05:07:16 PM [] []
[2026-04-21 17:07:16] SlimMonoLogger.INFO: Cron ran at: 21-04-2026 05:07:16 PM [] []
[2026-04-21 17:07:20] SlimMonoLogger.INFO: Cron ran at: 21-04-2026 05:07:20 PM [] []
[2026-04-21 17:07:31] SlimMonoLogger.INFO: Cron ran at: 21-04-2026 05:07:31 PM [] []
[2026-04-21 17:07:31] SlimMonoLogger.INFO: Cron ran at: 21-04-2026 05:07:31 PM [] []
[2026-04-21 17:07:41] SlimMonoLogger.INFO: Cron ran at: 21-04-2026 05:07:41 PM [] []
[2026-04-21 17:07:41] SlimMonoLogger.INFO: Cron ran at: 21-04-2026 05:07:41 PM [] []
[2026-04-21 17:07:45] SlimMonoLogger.INFO: Cron ran at: 21-04-2026 05:07:45 PM [] []
[2026-04-21 17:07:46] SlimMonoLogger.INFO: Cron ran at: 21-04-2026 05:07:46 PM [] []
[2026-04-21 17:07:46] SlimMonoLogger.INFO: Cron ran at: 21-04-2026 05:07:46 PM [] []
[2026-04-21 17:08:07] SlimMonoLogger.INFO: Cron ran at: 21-04-2026 05:08:07 PM [] []
[2026-04-21 17:08:07] SlimMonoLogger.INFO: Cron ran at: 21-04-2026 05:08:07 PM [] []
[2026-04-21 17:08:10] SlimMonoLogger.INFO: Cron ran at: 21-04-2026 05:08:10 PM [] []
[2026-04-21 17:08:14] SlimMonoLogger.INFO: Cron ran at: 21-04-2026 05:08:14 PM [] []
[2026-04-21 17:08:20] SlimMonoLogger.INFO: Cron ran at: 21-04-2026 05:08:20 PM [] []
[2026-04-21 17:08:21] SlimMonoLogger.INFO: Cron ran at: 21-04-2026 05:08:21 PM [] []
[2026-04-21 17:08:38] SlimMonoLogger.INFO: Cron ran at: 21-04-2026 05:08:38 PM [] []
[2026-04-21 17:08:39] SlimMonoLogger.INFO: Cron ran at: 21-04-2026 05:08:39 PM [] []
[2026-04-21 17:08:48] SlimMonoLogger.INFO: Cron ran at: 21-04-2026 05:08:48 PM [] []
[2026-04-21 17:08:59] SlimMonoLogger.INFO: Cron ran at: 21-04-2026 05:08:59 PM [] []
[2026-04-21 17:09:12] SlimMonoLogger.INFO: Cron ran at: 21-04-2026 05:09:12 PM [] []
[2026-04-21 17:09:17] SlimMonoLogger.INFO: Cron ran at: 21-04-2026 05:09:17 PM [] []
[2026-04-21 17:09:23] SlimMonoLogger.INFO: Cron ran at: 21-04-2026 05:09:23 PM [] []
[2026-04-21 17:09:27] SlimMonoLogger.INFO: Cron ran at: 21-04-2026 05:09:27 PM [] []
[2026-04-21 17:09:40] SlimMonoLogger.INFO: Cron ran at: 21-04-2026 05:09:40 PM [] []
[2026-04-21 17:09:41] SlimMonoLogger.INFO: Cron ran at: 21-04-2026 05:09:41 PM [] []
[2026-04-21 17:09:48] SlimMonoLogger.INFO: Cron ran at: 21-04-2026 05:09:48 PM [] []
[2026-04-21 17:09:58] SlimMonoLogger.INFO: Cron ran at: 21-04-2026 05:09:58 PM [] []
[2026-04-21 17:10:11] SlimMonoLogger.INFO: Cron ran at: 21-04-2026 05:10:11 PM [] []
[2026-04-21 17:10:19] SlimMonoLogger.INFO: Cron ran at: 21-04-2026 05:10:19 PM [] []
[2026-04-21 17:10:20] SlimMonoLogger.INFO: Cron ran at: 21-04-2026 05:10:20 PM [] []
[2026-04-21 17:10:21] SlimMonoLogger.INFO: Cron ran at: 21-04-2026 05:10:21 PM [] []
[2026-04-21 17:10:41] SlimMonoLogger.INFO: Cron ran at: 21-04-2026 05:10:41 PM [] []
[2026-04-21 17:10:54] SlimMonoLogger.INFO: Cron ran at: 21-04-2026 05:10:54 PM [] []
[2026-04-21 17:11:01] SlimMonoLogger.INFO: Cron ran at: 21-04-2026 05:11:01 PM [] []
[2026-04-21 17:11:01] SlimMonoLogger.INFO: Cron ran at: 21-04-2026 05:11:01 PM [] []
[2026-04-21 17:11:13] SlimMonoLogger.INFO: Cron ran at: 21-04-2026 05:11:13 PM [] []
[2026-04-21 17:11:18] SlimMonoLogger.INFO: Cron ran at: 21-04-2026 05:11:18 PM [] []
[2026-04-21 17:11:22] SlimMonoLogger.INFO: Cron ran at: 21-04-2026 05:11:22 PM [] []
[2026-04-21 17:11:26] SlimMonoLogger.INFO: Cron ran at: 21-04-2026 05:11:26 PM [] []
[2026-04-21 17:11:26] SlimMonoLogger.INFO: Cron ran at: 21-04-2026 05:11:26 PM [] []
[2026-04-21 17:11:53] SlimMonoLogger.INFO: Cron ran at: 21-04-2026 05:11:53 PM [] []
[2026-04-21 17:11:54] SlimMonoLogger.INFO: Cron ran at: 21-04-2026 05:11:54 PM [] []
[2026-04-21 17:11:58] SlimMonoLogger.INFO: Cron ran at: 21-04-2026 05:11:58 PM [] []
[2026-04-21 17:12:11] SlimMonoLogger.INFO: Cron ran at: 21-04-2026 05:12:11 PM [] []
[2026-04-21 17:12:11] SlimMonoLogger.INFO: Cron ran at: 21-04-2026 05:12:11 PM [] []
[2026-04-21 17:12:22] SlimMonoLogger.INFO: Cron ran at: 21-04-2026 05:12:22 PM [] []
[2026-04-21 17:12:22] SlimMonoLogger.INFO: Cron ran at: 21-04-2026 05:12:22 PM [] []
[2026-04-21 17:12:29] SlimMonoLogger.INFO: Cron ran at: 21-04-2026 05:12:29 PM [] []
[2026-04-21 17:12:41] SlimMonoLogger.INFO: Cron ran at: 21-04-2026 05:12:41 PM [] []
[2026-04-21 17:12:56] SlimMonoLogger.INFO: Cron ran at: 21-04-2026 05:12:56 PM [] []
[2026-04-21 17:12:57] SlimMonoLogger.INFO: Cron ran at: 21-04-2026 05:12:57 PM [] []
[2026-04-21 17:12:59] SlimMonoLogger.INFO: Cron ran at: 21-04-2026 05:12:59 PM [] []
[2026-04-21 17:13:11] SlimMonoLogger.INFO: Cron ran at: 21-04-2026 05:13:11 PM [] []
[2026-04-21 17:13:12] SlimMonoLogger.INFO: Cron ran at: 21-04-2026 05:13:12 PM [] []
[2026-04-21 17:13:21] SlimMonoLogger.INFO: Cron ran at: 21-04-2026 05:13:21 PM [] []
[2026-04-21 17:13:28] SlimMonoLogger.INFO: Cron ran at: 21-04-2026 05:13:28 PM [] []
[2026-04-21 17:13:28] SlimMonoLogger.INFO: Cron ran at: 21-04-2026 05:13:28 PM [] []
[2026-04-21 17:13:39] SlimMonoLogger.INFO: Cron ran at: 21-04-2026 05:13:39 PM [] []
[2026-04-21 17:13:55] SlimMonoLogger.INFO: Cron ran at: 21-04-2026 05:13:55 PM [] []
[2026-04-21 17:14:09] SlimMonoLogger.INFO: Cron ran at: 21-04-2026 05:14:09 PM [] []
[2026-04-21 17:14:09] SlimMonoLogger.INFO: Cron ran at: 21-04-2026 05:14:09 PM [] []
[2026-04-21 17:14:09] SlimMonoLogger.INFO: Cron ran at: 21-04-2026 05:14:09 PM [] []
[2026-04-21 17:14:27] SlimMonoLogger.INFO: Cron ran at: 21-04-2026 05:14:27 PM [] []
[2026-04-21 17:14:32] SlimMonoLogger.INFO: Cron ran at: 21-04-2026 05:14:32 PM [] []
[2026-04-21 17:14:34] SlimMonoLogger.INFO: Cron ran at: 21-04-2026 05:14:34 PM [] []
[2026-04-21 17:14:35] SlimMonoLogger.INFO: Cron ran at: 21-04-2026 05:14:35 PM [] []
[2026-04-21 17:15:06] SlimMonoLogger.INFO: Cron ran at: 21-04-2026 05:15:06 PM [] []
[2026-04-21 17:15:08] SlimMonoLogger.INFO: Cron ran at: 21-04-2026 05:15:08 PM [] []
[2026-04-21 17:15:08] SlimMonoLogger.INFO: Cron ran at: 21-04-2026 05:15:08 PM [] []
[2026-04-21 17:15:24] SlimMonoLogger.INFO: Cron ran at: 21-04-2026 05:15:24 PM [] []
[2026-04-21 17:15:26] SlimMonoLogger.INFO: Cron ran at: 21-04-2026 05:15:26 PM [] []
[2026-04-21 17:15:29] SlimMonoLogger.INFO: Cron ran at: 21-04-2026 05:15:29 PM [] []
[2026-04-21 17:15:33] SlimMonoLogger.INFO: Cron ran at: 21-04-2026 05:15:33 PM [] []
[2026-04-21 17:15:53] SlimMonoLogger.INFO: Cron ran at: 21-04-2026 05:15:53 PM [] []
[2026-04-21 17:16:10] SlimMonoLogger.INFO: Cron ran at: 21-04-2026 05:16:10 PM [] []
[2026-04-21 17:16:12] SlimMonoLogger.INFO: Cron ran at: 21-04-2026 05:16:12 PM [] []
[2026-04-21 17:16:14] SlimMonoLogger.INFO: Cron ran at: 21-04-2026 05:16:14 PM [] []
[2026-04-21 17:16:14] SlimMonoLogger.INFO: Cron ran at: 21-04-2026 05:16:14 PM [] []
[2026-04-21 17:16:28] SlimMonoLogger.INFO: Cron ran at: 21-04-2026 05:16:28 PM [] []
[2026-04-21 17:16:32] SlimMonoLogger.INFO: Cron ran at: 21-04-2026 05:16:32 PM [] []
[2026-04-21 17:16:35] SlimMonoLogger.INFO: Cron ran at: 21-04-2026 05:16:35 PM [] []
[2026-04-21 17:16:39] SlimMonoLogger.INFO: Cron ran at: 21-04-2026 05:16:39 PM [] []
[2026-04-21 17:16:56] SlimMonoLogger.INFO: Cron ran at: 21-04-2026 05:16:56 PM [] []
[2026-04-21 17:17:13] SlimMonoLogger.INFO: Cron ran at: 21-04-2026 05:17:13 PM [] []
[2026-04-21 17:17:21] SlimMonoLogger.INFO: Cron ran at: 21-04-2026 05:17:21 PM [] []
[2026-04-21 17:17:25] SlimMonoLogger.INFO: Cron ran at: 21-04-2026 05:17:25 PM [] []
[2026-04-21 17:17:26] SlimMonoLogger.INFO: Cron ran at: 21-04-2026 05:17:26 PM [] []
[2026-04-21 17:17:33] SlimMonoLogger.INFO: Cron ran at: 21-04-2026 05:17:33 PM [] []
[2026-04-21 17:17:46] SlimMonoLogger.INFO: Cron ran at: 21-04-2026 05:17:46 PM [] []
[2026-04-21 17:17:53] SlimMonoLogger.INFO: Cron ran at: 21-04-2026 05:17:53 PM [] []
[2026-04-21 17:17:54] SlimMonoLogger.INFO: Cron ran at: 21-04-2026 05:17:54 PM [] []
[2026-04-21 17:18:13] SlimMonoLogger.INFO: Cron ran at: 21-04-2026 05:18:13 PM [] []
[2026-04-21 17:18:17] SlimMonoLogger.INFO: Cron ran at: 21-04-2026 05:18:17 PM [] []
[2026-04-21 17:18:24] SlimMonoLogger.INFO: Cron ran at: 21-04-2026 05:18:24 PM [] []
[2026-04-21 17:18:31] SlimMonoLogger.INFO: Cron ran at: 21-04-2026 05:18:31 PM [] []
[2026-04-21 17:18:33] SlimMonoLogger.INFO: Cron ran at: 21-04-2026 05:18:33 PM [] []
[2026-04-21 17:18:50] SlimMonoLogger.INFO: Cron ran at: 21-04-2026 05:18:50 PM [] []
[2026-04-21 17:18:51] SlimMonoLogger.INFO: Cron ran at: 21-04-2026 05:18:51 PM [] []
[2026-04-21 17:19:22] SlimMonoLogger.INFO: Cron ran at: 21-04-2026 05:19:22 PM [] []
[2026-04-21 17:19:22] SlimMonoLogger.INFO: Cron ran at: 21-04-2026 05:19:22 PM [] []
[2026-04-21 17:19:24] SlimMonoLogger.INFO: Cron ran at: 21-04-2026 05:19:24 PM [] []
[2026-04-21 17:19:41] SlimMonoLogger.INFO: Cron ran at: 21-04-2026 05:19:41 PM [] []
[2026-04-21 17:19:44] SlimMonoLogger.INFO: Cron ran at: 21-04-2026 05:19:44 PM [] []
[2026-04-21 17:19:45] SlimMonoLogger.INFO: Cron ran at: 21-04-2026 05:19:45 PM [] []
[2026-04-21 17:19:52] SlimMonoLogger.INFO: Cron ran at: 21-04-2026 05:19:52 PM [] []
[2026-04-21 17:20:16] SlimMonoLogger.INFO: Cron ran at: 21-04-2026 05:20:16 PM [] []
[2026-04-21 17:20:18] SlimMonoLogger.INFO: Cron ran at: 21-04-2026 05:20:18 PM [] []
[2026-04-21 17:20:24] SlimMonoLogger.INFO: Cron ran at: 21-04-2026 05:20:24 PM [] []
[2026-04-21 17:20:35] SlimMonoLogger.INFO: Cron ran at: 21-04-2026 05:20:35 PM [] []
[2026-04-21 17:20:42] SlimMonoLogger.INFO: Cron ran at: 21-04-2026 05:20:42 PM [] []
[2026-04-21 17:20:42] SlimMonoLogger.INFO: Cron ran at: 21-04-2026 05:20:42 PM [] []
[2026-04-21 17:21:01] SlimMonoLogger.INFO: Cron ran at: 21-04-2026 05:21:01 PM [] []
[2026-04-21 17:21:02] SlimMonoLogger.INFO: Cron ran at: 21-04-2026 05:21:02 PM [] []
[2026-04-21 17:21:17] SlimMonoLogger.INFO: Cron ran at: 21-04-2026 05:21:17 PM [] []
[2026-04-21 17:21:18] SlimMonoLogger.INFO: Cron ran at: 21-04-2026 05:21:18 PM [] []
[2026-04-21 17:21:18] SlimMonoLogger.INFO: Cron ran at: 21-04-2026 05:21:18 PM [] []
[2026-04-21 17:21:21] SlimMonoLogger.INFO: Cron ran at: 21-04-2026 05:21:21 PM [] []
[2026-04-21 17:21:34] SlimMonoLogger.INFO: Cron ran at: 21-04-2026 05:21:34 PM [] []
[2026-04-21 17:21:41] SlimMonoLogger.INFO: Cron ran at: 21-04-2026 05:21:41 PM [] []
[2026-04-21 17:21:49] SlimMonoLogger.INFO: Cron ran at: 21-04-2026 05:21:49 PM [] []
[2026-04-21 17:21:57] SlimMonoLogger.INFO: Cron ran at: 21-04-2026 05:21:57 PM [] []
[2026-04-21 17:21:58] SlimMonoLogger.INFO: Cron ran at: 21-04-2026 05:21:58 PM [] []
[2026-04-21 17:22:15] SlimMonoLogger.INFO: Cron ran at: 21-04-2026 05:22:15 PM [] []
[2026-04-21 17:22:15] SlimMonoLogger.INFO: Cron ran at: 21-04-2026 05:22:15 PM [] []
[2026-04-21 17:22:18] SlimMonoLogger.INFO: Cron ran at: 21-04-2026 05:22:18 PM [] []
[2026-04-21 17:22:22] SlimMonoLogger.INFO: Cron ran at: 21-04-2026 05:22:22 PM [] []
[2026-04-21 17:22:33] SlimMonoLogger.INFO: Cron ran at: 21-04-2026 05:22:33 PM [] []
[2026-04-21 17:22:45] SlimMonoLogger.INFO: Cron ran at: 21-04-2026 05:22:45 PM [] []
[2026-04-21 17:22:46] SlimMonoLogger.INFO: Cron ran at: 21-04-2026 05:22:46 PM [] []
[2026-04-21 17:22:58] SlimMonoLogger.INFO: Cron ran at: 21-04-2026 05:22:58 PM [] []
[2026-04-21 17:23:02] SlimMonoLogger.INFO: Cron ran at: 21-04-2026 05:23:02 PM [] []
[2026-04-21 17:23:13] SlimMonoLogger.INFO: Cron ran at: 21-04-2026 05:23:13 PM [] []
[2026-04-21 17:23:14] SlimMonoLogger.INFO: Cron ran at: 21-04-2026 05:23:14 PM [] []
[2026-04-21 17:23:24] SlimMonoLogger.INFO: Cron ran at: 21-04-2026 05:23:24 PM [] []
[2026-04-21 17:23:25] SlimMonoLogger.INFO: Cron ran at: 21-04-2026 05:23:25 PM [] []
[2026-04-21 17:23:46] SlimMonoLogger.INFO: Cron ran at: 21-04-2026 05:23:46 PM [] []
[2026-04-21 17:23:47] SlimMonoLogger.INFO: Cron ran at: 21-04-2026 05:23:47 PM [] []
[2026-04-21 17:24:13] SlimMonoLogger.INFO: Cron ran at: 21-04-2026 05:24:13 PM [] []
[2026-04-21 17:24:14] SlimMonoLogger.INFO: Cron ran at: 21-04-2026 05:24:14 PM [] []
[2026-04-21 17:24:14] SlimMonoLogger.INFO: Cron ran at: 21-04-2026 05:24:14 PM [] []
[2026-04-21 17:24:28] SlimMonoLogger.INFO: Cron ran at: 21-04-2026 05:24:28 PM [] []
[2026-04-21 17:24:28] SlimMonoLogger.INFO: Cron ran at: 21-04-2026 05:24:28 PM [] []
[2026-04-21 17:24:44] SlimMonoLogger.INFO: Cron ran at: 21-04-2026 05:24:44 PM [] []
[2026-04-21 17:24:45] SlimMonoLogger.INFO: Cron ran at: 21-04-2026 05:24:45 PM [] []
[2026-04-21 17:24:57] SlimMonoLogger.INFO: Cron ran at: 21-04-2026 05:24:57 PM [] []
[2026-04-21 17:25:10] SlimMonoLogger.INFO: Cron ran at: 21-04-2026 05:25:10 PM [] []
[2026-04-21 17:25:17] SlimMonoLogger.INFO: Cron ran at: 21-04-2026 05:25:17 PM [] []
[2026-04-21 17:25:22] SlimMonoLogger.INFO: Cron ran at: 21-04-2026 05:25:22 PM [] []
[2026-04-21 17:25:24] SlimMonoLogger.INFO: Cron ran at: 21-04-2026 05:25:24 PM [] []
[2026-04-21 17:25:31] SlimMonoLogger.INFO: Cron ran at: 21-04-2026 05:25:31 PM [] []
[2026-04-21 17:25:48] SlimMonoLogger.INFO: Cron ran at: 21-04-2026 05:25:48 PM [] []
[2026-04-21 17:25:57] SlimMonoLogger.INFO: Cron ran at: 21-04-2026 05:25:57 PM [] []
[2026-04-21 17:25:57] SlimMonoLogger.INFO: Cron ran at: 21-04-2026 05:25:57 PM [] []
[2026-04-21 17:26:13] SlimMonoLogger.INFO: Cron ran at: 21-04-2026 05:26:13 PM [] []
[2026-04-21 17:26:13] SlimMonoLogger.INFO: Cron ran at: 21-04-2026 05:26:13 PM [] []
[2026-04-21 17:26:19] SlimMonoLogger.INFO: Cron ran at: 21-04-2026 05:26:19 PM [] []
[2026-04-21 17:26:21] SlimMonoLogger.INFO: Cron ran at: 21-04-2026 05:26:21 PM [] []
[2026-04-21 17:26:32] SlimMonoLogger.INFO: Cron ran at: 21-04-2026 05:26:32 PM [] []
[2026-04-21 17:26:45] SlimMonoLogger.INFO: Cron ran at: 21-04-2026 05:26:45 PM [] []
[2026-04-21 17:26:55] SlimMonoLogger.INFO: Cron ran at: 21-04-2026 05:26:55 PM [] []
[2026-04-21 17:26:55] SlimMonoLogger.INFO: Cron ran at: 21-04-2026 05:26:55 PM [] []
[2026-04-21 17:26:56] SlimMonoLogger.INFO: Cron ran at: 21-04-2026 05:26:56 PM [] []
[2026-04-21 17:27:20] SlimMonoLogger.INFO: Cron ran at: 21-04-2026 05:27:20 PM [] []
[2026-04-21 17:27:20] SlimMonoLogger.INFO: Cron ran at: 21-04-2026 05:27:20 PM [] []
[2026-04-21 17:27:22] SlimMonoLogger.INFO: Cron ran at: 21-04-2026 05:27:22 PM [] []
[2026-04-21 17:27:40] SlimMonoLogger.INFO: Cron ran at: 21-04-2026 05:27:40 PM [] []
[2026-04-21 17:27:43] SlimMonoLogger.INFO: Cron ran at: 21-04-2026 05:27:43 PM [] []
[2026-04-21 17:27:53] SlimMonoLogger.INFO: Cron ran at: 21-04-2026 05:27:53 PM [] []
[2026-04-21 17:27:56] SlimMonoLogger.INFO: Cron ran at: 21-04-2026 05:27:56 PM [] []
[2026-04-21 17:28:11] SlimMonoLogger.INFO: Cron ran at: 21-04-2026 05:28:11 PM [] []
[2026-04-21 17:28:15] SlimMonoLogger.INFO: Cron ran at: 21-04-2026 05:28:15 PM [] []
[2026-04-21 17:28:18] SlimMonoLogger.INFO: Cron ran at: 21-04-2026 05:28:18 PM [] []
[2026-04-21 17:28:20] SlimMonoLogger.INFO: Cron ran at: 21-04-2026 05:28:20 PM [] []
[2026-04-21 17:28:25] SlimMonoLogger.INFO: Cron ran at: 21-04-2026 05:28:25 PM [] []
[2026-04-21 17:28:30] SlimMonoLogger.INFO: Cron ran at: 21-04-2026 05:28:30 PM [] []
[2026-04-21 17:28:40] SlimMonoLogger.INFO: Cron ran at: 21-04-2026 05:28:40 PM [] []
[2026-04-21 17:28:55] SlimMonoLogger.INFO: Cron ran at: 21-04-2026 05:28:55 PM [] []
[2026-04-21 17:29:01] SlimMonoLogger.INFO: Cron ran at: 21-04-2026 05:29:01 PM [] []
[2026-04-21 17:29:05] SlimMonoLogger.INFO: Cron ran at: 21-04-2026 05:29:05 PM [] []
[2026-04-21 17:29:19] SlimMonoLogger.INFO: Cron ran at: 21-04-2026 05:29:19 PM [] []
[2026-04-21 17:29:21] SlimMonoLogger.INFO: Cron ran at: 21-04-2026 05:29:21 PM [] []
[2026-04-21 17:29:22] SlimMonoLogger.INFO: Cron ran at: 21-04-2026 05:29:22 PM [] []
[2026-04-21 17:29:25] SlimMonoLogger.INFO: Cron ran at: 21-04-2026 05:29:25 PM [] []
[2026-04-21 17:29:44] SlimMonoLogger.INFO: Cron ran at: 21-04-2026 05:29:44 PM [] []
[2026-04-21 17:29:59] SlimMonoLogger.INFO: Cron ran at: 21-04-2026 05:29:59 PM [] []
[2026-04-21 17:30:09] SlimMonoLogger.INFO: Cron ran at: 21-04-2026 05:30:09 PM [] []
[2026-04-21 17:30:10] SlimMonoLogger.INFO: Cron ran at: 21-04-2026 05:30:10 PM [] []
[2026-04-21 17:30:12] SlimMonoLogger.INFO: Cron ran at: 21-04-2026 05:30:12 PM [] []
[2026-04-21 17:30:16] SlimMonoLogger.INFO: Cron ran at: 21-04-2026 05:30:16 PM [] []
[2026-04-21 17:30:25] SlimMonoLogger.INFO: Cron ran at: 21-04-2026 05:30:25 PM [] []
[2026-04-21 17:30:26] SlimMonoLogger.INFO: Cron ran at: 21-04-2026 05:30:26 PM [] []
[2026-04-21 17:30:33] SlimMonoLogger.INFO: Cron ran at: 21-04-2026 05:30:33 PM [] []
[2026-04-21 17:30:42] SlimMonoLogger.INFO: Cron ran at: 21-04-2026 05:30:42 PM [] []
[2026-04-21 17:30:53] SlimMonoLogger.INFO: Cron ran at: 21-04-2026 05:30:53 PM [] []
[2026-04-21 17:31:05] SlimMonoLogger.INFO: Cron ran at: 21-04-2026 05:31:05 PM [] []
[2026-04-21 17:31:06] SlimMonoLogger.INFO: Cron ran at: 21-04-2026 05:31:06 PM [] []
[2026-04-21 17:31:24] SlimMonoLogger.INFO: Cron ran at: 21-04-2026 05:31:24 PM [] []
[2026-04-21 17:31:24] SlimMonoLogger.INFO: Cron ran at: 21-04-2026 05:31:24 PM [] []
[2026-04-21 17:31:25] SlimMonoLogger.INFO: Cron ran at: 21-04-2026 05:31:25 PM [] []
[2026-04-21 17:31:25] SlimMonoLogger.INFO: Cron ran at: 21-04-2026 05:31:25 PM [] []
[2026-04-21 17:31:31] SlimMonoLogger.INFO: Cron ran at: 21-04-2026 05:31:31 PM [] []
[2026-04-21 17:31:33] SlimMonoLogger.INFO: Cron ran at: 21-04-2026 05:31:33 PM [] []
[2026-04-21 17:31:33] SlimMonoLogger.ERROR: Requests_Exception: cURL error 28: Operation timed out after 500000 milliseconds with 0 bytes received in /home/latihtal/public_html/agregator1/src/vendor/rmccue/requests/library/Requests/Transport/cURL.php:422
Stack trace:
#0 /home/latihtal/public_html/agregator1/src/vendor/rmccue/requests/library/Requests/Transport/cURL.php(177): Requests_Transport_cURL->process_response()
#1 /home/latihtal/public_html/agregator1/src/vendor/rmccue/requests/library/Requests.php(379): Requests_Transport_cURL->request()
#2 /home/latihtal/public_html/agregator1/src/vendor/rmccue/requests/library/Requests/Session.php(205): Requests::request()
#3 /home/latihtal/public_html/agregator1/src/vendor/rmccue/requests/library/Requests/Session.php(132): Requests_Session->request()
#4 /home/latihtal/public_html/agregator1/src/drivers/Http/RssImporter.php(144): Requests_Session->get()
#5 /home/latihtal/public_html/agregator1/src/controllers/Dashboard/DashboardFeedsController.php(534): spark\drivers\Http\RssImporter->fetchPosts()
#6 /home/latihtal/public_html/agregator1/src/controllers/Site/SiteController.php(722): spark\controllers\Dashboard\DashboardFeedsController::importFeedPosts()
#7 [internal function]: spark\controllers\Site\SiteController->runTasks()
#8 /home/latihtal/public_html/agregator1/src/framework/Route.php(173): call_user_func_array()
#9 [internal function]: Slim\Route->Slim\{closure}()
#10 /home/latihtal/public_html/agregator1/src/framework/Route.php(468): call_user_func_array()
#11 /home/latihtal/public_html/agregator1/src/framework/Slim.php(1364): Slim\Route->dispatch()
#12 /home/latihtal/public_html/agregator1/src/framework/Middleware/Flash.php(85): Slim\Slim->call()
#13 /home/latihtal/public_html/agregator1/src/framework/Middleware/MethodOverride.php(92): Slim\Middleware\Flash->call()
#14 /home/latihtal/public_html/agregator1/src/middlewares/CsrfGuard/CsrfGuard.php(47): Slim\Middleware\MethodOverride->call()
#15 /home/latihtal/public_html/agregator1/src/framework/Middleware/PrettyExceptions.php(67): spark\middlewares\CsrfGuard\CsrfGuard->call()
#16 /home/latihtal/public_html/agregator1/src/framework/Slim.php(1308): Slim\Middleware\PrettyExceptions->call()
#17 /home/latihtal/public_html/agregator1/index.php(6): Slim\Slim->run()
#18 {main} [] []
[2026-04-21 17:31:39] SlimMonoLogger.INFO: Cron ran at: 21-04-2026 05:31:39 PM [] []
[2026-04-21 17:31:55] SlimMonoLogger.INFO: Cron ran at: 21-04-2026 05:31:55 PM [] []
[2026-04-21 17:32:05] SlimMonoLogger.INFO: Cron ran at: 21-04-2026 05:32:05 PM [] []
[2026-04-21 17:32:15] SlimMonoLogger.INFO: Cron ran at: 21-04-2026 05:32:15 PM [] []
[2026-04-21 17:32:15] SlimMonoLogger.INFO: Cron ran at: 21-04-2026 05:32:15 PM [] []
[2026-04-21 17:32:16] SlimMonoLogger.INFO: Cron ran at: 21-04-2026 05:32:16 PM [] []
[2026-04-21 17:32:19] SlimMonoLogger.INFO: Cron ran at: 21-04-2026 05:32:19 PM [] []
[2026-04-21 17:32:19] SlimMonoLogger.INFO: Cron ran at: 21-04-2026 05:32:19 PM [] []
[2026-04-21 17:32:20] SlimMonoLogger.INFO: Cron ran at: 21-04-2026 05:32:20 PM [] []
[2026-04-21 17:32:33] SlimMonoLogger.INFO: Cron ran at: 21-04-2026 05:32:33 PM [] []
[2026-04-21 17:32:33] SlimMonoLogger.INFO: Cron ran at: 21-04-2026 05:32:33 PM [] []
[2026-04-21 17:32:50] SlimMonoLogger.INFO: Cron ran at: 21-04-2026 05:32:50 PM [] []
[2026-04-21 17:33:07] SlimMonoLogger.INFO: Cron ran at: 21-04-2026 05:33:07 PM [] []
[2026-04-21 17:33:08] SlimMonoLogger.INFO: Cron ran at: 21-04-2026 05:33:08 PM [] []
[2026-04-21 17:33:16] SlimMonoLogger.INFO: Cron ran at: 21-04-2026 05:33:16 PM [] []
[2026-04-21 17:33:18] SlimMonoLogger.INFO: Cron ran at: 21-04-2026 05:33:18 PM [] []
[2026-04-21 17:33:20] SlimMonoLogger.INFO: Cron ran at: 21-04-2026 05:33:20 PM [] []
[2026-04-21 17:33:21] SlimMonoLogger.INFO: Cron ran at: 21-04-2026 05:33:21 PM [] []
[2026-04-21 17:33:22] SlimMonoLogger.INFO: Cron ran at: 21-04-2026 05:33:22 PM [] []
[2026-04-21 17:33:29] SlimMonoLogger.INFO: Cron ran at: 21-04-2026 05:33:29 PM [] []
[2026-04-21 17:33:30] SlimMonoLogger.INFO: Cron ran at: 21-04-2026 05:33:30 PM [] []
[2026-04-21 17:33:45] SlimMonoLogger.INFO: Cron ran at: 21-04-2026 05:33:45 PM [] []
[2026-04-21 17:33:46] SlimMonoLogger.INFO: Cron ran at: 21-04-2026 05:33:46 PM [] []
[2026-04-21 17:34:07] SlimMonoLogger.INFO: Cron ran at: 21-04-2026 05:34:07 PM [] []
[2026-04-21 17:34:08] SlimMonoLogger.INFO: Cron ran at: 21-04-2026 05:34:08 PM [] []
[2026-04-21 17:34:15] SlimMonoLogger.INFO: Cron ran at: 21-04-2026 05:34:15 PM [] []
[2026-04-21 17:34:18] SlimMonoLogger.INFO: Cron ran at: 21-04-2026 05:34:18 PM [] []
[2026-04-21 17:34:19] SlimMonoLogger.INFO: Cron ran at: 21-04-2026 05:34:19 PM [] []
[2026-04-21 17:34:20] SlimMonoLogger.INFO: Cron ran at: 21-04-2026 05:34:20 PM [] []
[2026-04-21 17:34:36] SlimMonoLogger.INFO: Cron ran at: 21-04-2026 05:34:36 PM [] []
[2026-04-21 17:34:37] SlimMonoLogger.INFO: Cron ran at: 21-04-2026 05:34:37 PM [] []
[2026-04-21 17:34:37] SlimMonoLogger.INFO: Cron ran at: 21-04-2026 05:34:37 PM [] []
[2026-04-21 17:34:43] SlimMonoLogger.INFO: Cron ran at: 21-04-2026 05:34:43 PM [] []
[2026-04-21 17:34:44] SlimMonoLogger.INFO: Cron ran at: 21-04-2026 05:34:44 PM [] []
[2026-04-21 17:34:58] SlimMonoLogger.ERROR: Requests_Exception: cURL error 28: Operation timed out after 500001 milliseconds with 0 bytes received in /home/latihtal/public_html/agregator1/src/vendor/rmccue/requests/library/Requests/Transport/cURL.php:422
Stack trace:
#0 /home/latihtal/public_html/agregator1/src/vendor/rmccue/requests/library/Requests/Transport/cURL.php(177): Requests_Transport_cURL->process_response()
#1 /home/latihtal/public_html/agregator1/src/vendor/rmccue/requests/library/Requests.php(379): Requests_Transport_cURL->request()
#2 /home/latihtal/public_html/agregator1/src/vendor/rmccue/requests/library/Requests/Session.php(205): Requests::request()
#3 /home/latihtal/public_html/agregator1/src/vendor/rmccue/requests/library/Requests/Session.php(132): Requests_Session->request()
#4 /home/latihtal/public_html/agregator1/src/drivers/Http/RssImporter.php(144): Requests_Session->get()
#5 /home/latihtal/public_html/agregator1/src/controllers/Dashboard/DashboardFeedsController.php(534): spark\drivers\Http\RssImporter->fetchPosts()
#6 /home/latihtal/public_html/agregator1/src/controllers/Site/SiteController.php(722): spark\controllers\Dashboard\DashboardFeedsController::importFeedPosts()
#7 [internal function]: spark\controllers\Site\SiteController->runTasks()
#8 /home/latihtal/public_html/agregator1/src/framework/Route.php(173): call_user_func_array()
#9 [internal function]: Slim\Route->Slim\{closure}()
#10 /home/latihtal/public_html/agregator1/src/framework/Route.php(468): call_user_func_array()
#11 /home/latihtal/public_html/agregator1/src/framework/Slim.php(1364): Slim\Route->dispatch()
#12 /home/latihtal/public_html/agregator1/src/framework/Middleware/Flash.php(85): Slim\Slim->call()
#13 /home/latihtal/public_html/agregator1/src/framework/Middleware/MethodOverride.php(92): Slim\Middleware\Flash->call()
#14 /home/latihtal/public_html/agregator1/src/middlewares/CsrfGuard/CsrfGuard.php(47): Slim\Middleware\MethodOverride->call()
#15 /home/latihtal/public_html/agregator1/src/framework/Middleware/PrettyExceptions.php(67): spark\middlewares\CsrfGuard\CsrfGuard->call()
#16 /home/latihtal/public_html/agregator1/src/framework/Slim.php(1308): Slim\Middleware\PrettyExceptions->call()
#17 /home/latihtal/public_html/agregator1/index.php(6): Slim\Slim->run()
#18 {main} [] []
[2026-04-21 17:35:11] SlimMonoLogger.INFO: Cron ran at: 21-04-2026 05:35:11 PM [] []
[2026-04-21 17:35:11] SlimMonoLogger.INFO: Cron ran at: 21-04-2026 05:35:11 PM [] []
[2026-04-21 17:35:21] SlimMonoLogger.INFO: Cron ran at: 21-04-2026 05:35:21 PM [] []
[2026-04-21 17:35:23] SlimMonoLogger.INFO: Cron ran at: 21-04-2026 05:35:23 PM [] []
[2026-04-21 17:35:24] SlimMonoLogger.INFO: Cron ran at: 21-04-2026 05:35:24 PM [] []
[2026-04-21 17:35:30] SlimMonoLogger.INFO: Cron ran at: 21-04-2026 05:35:30 PM [] []
[2026-04-21 17:35:34] SlimMonoLogger.INFO: Cron ran at: 21-04-2026 05:35:34 PM [] []
[2026-04-21 17:35:37] SlimMonoLogger.INFO: Cron ran at: 21-04-2026 05:35:37 PM [] []
[2026-04-21 17:35:42] SlimMonoLogger.INFO: Cron ran at: 21-04-2026 05:35:42 PM [] []
[2026-04-21 17:35:43] SlimMonoLogger.INFO: Cron ran at: 21-04-2026 05:35:43 PM [] []
[2026-04-21 17:35:51] SlimMonoLogger.INFO: Cron ran at: 21-04-2026 05:35:51 PM [] []
[2026-04-21 17:36:01] SlimMonoLogger.INFO: Cron ran at: 21-04-2026 05:36:01 PM [] []
[2026-04-21 17:36:19] SlimMonoLogger.INFO: Cron ran at: 21-04-2026 05:36:19 PM [] []
[2026-04-21 17:36:23] SlimMonoLogger.INFO: Cron ran at: 21-04-2026 05:36:23 PM [] []
[2026-04-21 17:36:24] SlimMonoLogger.INFO: Cron ran at: 21-04-2026 05:36:24 PM [] []
[2026-04-21 17:36:25] SlimMonoLogger.INFO: Cron ran at: 21-04-2026 05:36:25 PM [] []
[2026-04-21 17:36:28] SlimMonoLogger.INFO: Cron ran at: 21-04-2026 05:36:28 PM [] []
[2026-04-21 17:36:31] SlimMonoLogger.INFO: Cron ran at: 21-04-2026 05:36:31 PM [] []
[2026-04-21 17:36:34] SlimMonoLogger.INFO: Cron ran at: 21-04-2026 05:36:34 PM [] []
[2026-04-21 17:36:37] SlimMonoLogger.INFO: Cron ran at: 21-04-2026 05:36:37 PM [] []
[2026-04-21 17:36:39] SlimMonoLogger.INFO: Cron ran at: 21-04-2026 05:36:39 PM [] []
[2026-04-21 17:37:01] SlimMonoLogger.INFO: Cron ran at: 21-04-2026 05:37:01 PM [] []
[2026-04-21 17:37:01] SlimMonoLogger.INFO: Cron ran at: 21-04-2026 05:37:01 PM [] []
[2026-04-21 17:37:16] SlimMonoLogger.INFO: Cron ran at: 21-04-2026 05:37:16 PM [] []
[2026-04-21 17:37:22] SlimMonoLogger.INFO: Cron ran at: 21-04-2026 05:37:22 PM [] []
[2026-04-21 17:37:22] SlimMonoLogger.INFO: Cron ran at: 21-04-2026 05:37:22 PM [] []
[2026-04-21 17:37:22] SlimMonoLogger.INFO: Cron ran at: 21-04-2026 05:37:22 PM [] []
[2026-04-21 17:37:25] SlimMonoLogger.INFO: Cron ran at: 21-04-2026 05:37:25 PM [] []
[2026-04-21 17:37:28] SlimMonoLogger.INFO: Cron ran at: 21-04-2026 05:37:28 PM [] []
[2026-04-21 17:37:34] SlimMonoLogger.INFO: Cron ran at: 21-04-2026 05:37:34 PM [] []
[2026-04-21 17:37:41] SlimMonoLogger.INFO: Cron ran at: 21-04-2026 05:37:41 PM [] []
[2026-04-21 17:37:43] SlimMonoLogger.INFO: Cron ran at: 21-04-2026 05:37:43 PM [] []
[2026-04-21 17:37:54] SlimMonoLogger.INFO: Cron ran at: 21-04-2026 05:37:54 PM [] []
[2026-04-21 17:37:54] SlimMonoLogger.INFO: Cron ran at: 21-04-2026 05:37:54 PM [] []
[2026-04-21 17:38:19] SlimMonoLogger.INFO: Cron ran at: 21-04-2026 05:38:19 PM [] []
[2026-04-21 17:38:19] SlimMonoLogger.INFO: Cron ran at: 21-04-2026 05:38:19 PM [] []
[2026-04-21 17:38:19] SlimMonoLogger.INFO: Cron ran at: 21-04-2026 05:38:19 PM [] []
[2026-04-21 17:38:27] SlimMonoLogger.INFO: Cron ran at: 21-04-2026 05:38:27 PM [] []
[2026-04-21 17:38:27] SlimMonoLogger.INFO: Cron ran at: 21-04-2026 05:38:27 PM [] []
[2026-04-21 17:38:35] SlimMonoLogger.INFO: Cron ran at: 21-04-2026 05:38:35 PM [] []
[2026-04-21 17:38:36] SlimMonoLogger.INFO: Cron ran at: 21-04-2026 05:38:36 PM [] []
[2026-04-21 17:38:42] SlimMonoLogger.INFO: Cron ran at: 21-04-2026 05:38:42 PM [] []
[2026-04-21 17:38:42] SlimMonoLogger.INFO: Cron ran at: 21-04-2026 05:38:42 PM [] []
[2026-04-21 17:38:56] SlimMonoLogger.INFO: Cron ran at: 21-04-2026 05:38:56 PM [] []
[2026-04-21 17:39:07] SlimMonoLogger.INFO: Cron ran at: 21-04-2026 05:39:07 PM [] []
[2026-04-21 17:39:36] SlimMonoLogger.INFO: Cron ran at: 21-04-2026 05:39:36 PM [] []
[2026-04-21 17:39:36] SlimMonoLogger.INFO: Cron ran at: 21-04-2026 05:39:36 PM [] []
[2026-04-21 17:39:36] SlimMonoLogger.INFO: Cron ran at: 21-04-2026 05:39:36 PM [] []
[2026-04-21 17:39:37] SlimMonoLogger.INFO: Cron ran at: 21-04-2026 05:39:37 PM [] []
[2026-04-21 17:39:42] SlimMonoLogger.INFO: Cron ran at: 21-04-2026 05:39:42 PM [] []
[2026-04-21 17:39:42] SlimMonoLogger.INFO: Cron ran at: 21-04-2026 05:39:42 PM [] []
[2026-04-21 17:39:43] SlimMonoLogger.INFO: Cron ran at: 21-04-2026 05:39:43 PM [] []
[2026-04-21 17:39:50] SlimMonoLogger.INFO: Cron ran at: 21-04-2026 05:39:50 PM [] []
[2026-04-21 17:39:50] SlimMonoLogger.INFO: Cron ran at: 21-04-2026 05:39:50 PM [] []
[2026-04-21 17:40:08] SlimMonoLogger.INFO: Cron ran at: 21-04-2026 05:40:08 PM [] []
[2026-04-21 17:40:08] SlimMonoLogger.INFO: Cron ran at: 21-04-2026 05:40:08 PM [] []
[2026-04-21 17:40:22] SlimMonoLogger.INFO: Cron ran at: 21-04-2026 05:40:22 PM [] []
[2026-04-21 17:40:25] SlimMonoLogger.INFO: Cron ran at: 21-04-2026 05:40:25 PM [] []
[2026-04-21 17:40:26] SlimMonoLogger.INFO: Cron ran at: 21-04-2026 05:40:26 PM [] []
[2026-04-21 17:40:27] SlimMonoLogger.INFO: Cron ran at: 21-04-2026 05:40:27 PM [] []
[2026-04-21 17:40:36] SlimMonoLogger.INFO: Cron ran at: 21-04-2026 05:40:36 PM [] []
[2026-04-21 17:40:38] SlimMonoLogger.INFO: Cron ran at: 21-04-2026 05:40:38 PM [] []
[2026-04-21 17:40:43] SlimMonoLogger.INFO: Cron ran at: 21-04-2026 05:40:43 PM [] []
[2026-04-21 17:40:58] SlimMonoLogger.INFO: Cron ran at: 21-04-2026 05:40:58 PM [] []
[2026-04-21 17:40:59] SlimMonoLogger.INFO: Cron ran at: 21-04-2026 05:40:59 PM [] []
[2026-04-21 17:41:06] SlimMonoLogger.INFO: Cron ran at: 21-04-2026 05:41:06 PM [] []
[2026-04-21 17:41:06] SlimMonoLogger.INFO: Cron ran at: 21-04-2026 05:41:06 PM [] []
[2026-04-21 17:41:17] SlimMonoLogger.INFO: Cron ran at: 21-04-2026 05:41:17 PM [] []
[2026-04-21 17:41:22] SlimMonoLogger.INFO: Cron ran at: 21-04-2026 05:41:22 PM [] []
[2026-04-21 17:41:23] SlimMonoLogger.INFO: Cron ran at: 21-04-2026 05:41:23 PM [] []
[2026-04-21 17:41:27] SlimMonoLogger.INFO: Cron ran at: 21-04-2026 05:41:27 PM [] []
[2026-04-21 17:41:33] SlimMonoLogger.INFO: Cron ran at: 21-04-2026 05:41:33 PM [] []
[2026-04-21 17:41:35] SlimMonoLogger.INFO: Cron ran at: 21-04-2026 05:41:35 PM [] []
[2026-04-21 17:41:42] SlimMonoLogger.INFO: Cron ran at: 21-04-2026 05:41:42 PM [] []
[2026-04-21 17:41:44] SlimMonoLogger.INFO: Cron ran at: 21-04-2026 05:41:44 PM [] []
[2026-04-21 17:41:52] SlimMonoLogger.INFO: Cron ran at: 21-04-2026 05:41:52 PM [] []
[2026-04-21 17:41:54] SlimMonoLogger.INFO: Cron ran at: 21-04-2026 05:41:54 PM [] []
[2026-04-21 17:42:06] SlimMonoLogger.INFO: Cron ran at: 21-04-2026 05:42:06 PM [] []
[2026-04-21 17:42:14] SlimMonoLogger.INFO: Cron ran at: 21-04-2026 05:42:14 PM [] []
[2026-04-21 17:42:14] SlimMonoLogger.INFO: Cron ran at: 21-04-2026 05:42:14 PM [] []
[2026-04-21 17:42:25] SlimMonoLogger.INFO: Cron ran at: 21-04-2026 05:42:25 PM [] []
[2026-04-21 17:42:26] SlimMonoLogger.INFO: Cron ran at: 21-04-2026 05:42:26 PM [] []
[2026-04-21 17:42:35] SlimMonoLogger.INFO: Cron ran at: 21-04-2026 05:42:35 PM [] []
[2026-04-21 17:42:38] SlimMonoLogger.INFO: Cron ran at: 21-04-2026 05:42:38 PM [] []
[2026-04-21 17:42:45] SlimMonoLogger.INFO: Cron ran at: 21-04-2026 05:42:45 PM [] []
[2026-04-21 17:42:45] SlimMonoLogger.INFO: Cron ran at: 21-04-2026 05:42:45 PM [] []
[2026-04-21 17:42:46] SlimMonoLogger.INFO: Cron ran at: 21-04-2026 05:42:46 PM [] []
[2026-04-21 17:42:50] SlimMonoLogger.INFO: Cron ran at: 21-04-2026 05:42:50 PM [] []
[2026-04-21 17:42:54] SlimMonoLogger.INFO: Cron ran at: 21-04-2026 05:42:54 PM [] []
[2026-04-21 17:43:16] SlimMonoLogger.INFO: Cron ran at: 21-04-2026 05:43:16 PM [] []
[2026-04-21 17:43:17] SlimMonoLogger.INFO: Cron ran at: 21-04-2026 05:43:17 PM [] []
[2026-04-21 17:43:17] SlimMonoLogger.INFO: Cron ran at: 21-04-2026 05:43:17 PM [] []
[2026-04-21 17:43:29] SlimMonoLogger.INFO: Cron ran at: 21-04-2026 05:43:29 PM [] []
[2026-04-21 17:43:32] SlimMonoLogger.INFO: Cron ran at: 21-04-2026 05:43:32 PM [] []
[2026-04-21 17:43:36] SlimMonoLogger.INFO: Cron ran at: 21-04-2026 05:43:36 PM [] []
[2026-04-21 17:43:38] SlimMonoLogger.INFO: Cron ran at: 21-04-2026 05:43:38 PM [] []
[2026-04-21 17:43:46] SlimMonoLogger.INFO: Cron ran at: 21-04-2026 05:43:46 PM [] []
[2026-04-21 17:43:46] SlimMonoLogger.INFO: Cron ran at: 21-04-2026 05:43:46 PM [] []
[2026-04-21 17:43:48] SlimMonoLogger.INFO: Cron ran at: 21-04-2026 05:43:48 PM [] []
[2026-04-21 17:44:02] SlimMonoLogger.INFO: Cron ran at: 21-04-2026 05:44:02 PM [] []
[2026-04-21 17:44:13] SlimMonoLogger.INFO: Cron ran at: 21-04-2026 05:44:13 PM [] []
[2026-04-21 17:44:13] SlimMonoLogger.INFO: Cron ran at: 21-04-2026 05:44:13 PM [] []
[2026-04-21 17:44:13] SlimMonoLogger.INFO: Cron ran at: 21-04-2026 05:44:13 PM [] []
[2026-04-21 17:44:24] SlimMonoLogger.INFO: Cron ran at: 21-04-2026 05:44:24 PM [] []
[2026-04-21 17:44:30] SlimMonoLogger.INFO: Cron ran at: 21-04-2026 05:44:30 PM [] []
[2026-04-21 17:44:31] SlimMonoLogger.INFO: Cron ran at: 21-04-2026 05:44:31 PM [] []
[2026-04-21 17:44:33] SlimMonoLogger.INFO: Cron ran at: 21-04-2026 05:44:33 PM [] []
[2026-04-21 17:44:44] SlimMonoLogger.INFO: Cron ran at: 21-04-2026 05:44:44 PM [] []
[2026-04-21 17:44:48] SlimMonoLogger.INFO: Cron ran at: 21-04-2026 05:44:48 PM [] []
[2026-04-21 17:44:53] SlimMonoLogger.INFO: Cron ran at: 21-04-2026 05:44:53 PM [] []
[2026-04-21 17:44:57] SlimMonoLogger.INFO: Cron ran at: 21-04-2026 05:44:57 PM [] []
[2026-04-21 17:45:13] SlimMonoLogger.INFO: Cron ran at: 21-04-2026 05:45:13 PM [] []
[2026-04-21 17:45:13] SlimMonoLogger.INFO: Cron ran at: 21-04-2026 05:45:13 PM [] []
[2026-04-21 17:45:19] SlimMonoLogger.INFO: Cron ran at: 21-04-2026 05:45:19 PM [] []
[2026-04-21 17:45:21] SlimMonoLogger.INFO: Cron ran at: 21-04-2026 05:45:21 PM [] []
[2026-04-21 17:45:23] SlimMonoLogger.INFO: Cron ran at: 21-04-2026 05:45:23 PM [] []
[2026-04-21 17:45:33] SlimMonoLogger.INFO: Cron ran at: 21-04-2026 05:45:33 PM [] []
[2026-04-21 17:45:43] SlimMonoLogger.INFO: Cron ran at: 21-04-2026 05:45:43 PM [] []
[2026-04-21 17:45:49] SlimMonoLogger.INFO: Cron ran at: 21-04-2026 05:45:49 PM [] []
[2026-04-21 17:45:50] SlimMonoLogger.INFO: Cron ran at: 21-04-2026 05:45:50 PM [] []
[2026-04-21 17:45:52] SlimMonoLogger.INFO: Cron ran at: 21-04-2026 05:45:52 PM [] []
[2026-04-21 17:46:08] SlimMonoLogger.INFO: Cron ran at: 21-04-2026 05:46:08 PM [] []
[2026-04-21 17:46:09] SlimMonoLogger.INFO: Cron ran at: 21-04-2026 05:46:09 PM [] []
[2026-04-21 17:46:20] SlimMonoLogger.INFO: Cron ran at: 21-04-2026 05:46:20 PM [] []
[2026-04-21 17:46:21] SlimMonoLogger.INFO: Cron ran at: 21-04-2026 05:46:21 PM [] []
[2026-04-21 17:46:23] SlimMonoLogger.INFO: Cron ran at: 21-04-2026 05:46:23 PM [] []
[2026-04-21 17:46:29] SlimMonoLogger.INFO: Cron ran at: 21-04-2026 05:46:29 PM [] []
[2026-04-21 17:46:34] SlimMonoLogger.INFO: Cron ran at: 21-04-2026 05:46:34 PM [] []
[2026-04-21 17:46:43] SlimMonoLogger.INFO: Cron ran at: 21-04-2026 05:46:43 PM [] []
[2026-04-21 17:46:54] SlimMonoLogger.INFO: Cron ran at: 21-04-2026 05:46:54 PM [] []
[2026-04-21 17:46:54] SlimMonoLogger.INFO: Cron ran at: 21-04-2026 05:46:54 PM [] []
[2026-04-21 17:47:11] SlimMonoLogger.INFO: Cron ran at: 21-04-2026 05:47:11 PM [] []
[2026-04-21 17:47:15] SlimMonoLogger.INFO: Cron ran at: 21-04-2026 05:47:15 PM [] []
[2026-04-21 17:47:18] SlimMonoLogger.INFO: Cron ran at: 21-04-2026 05:47:18 PM [] []
[2026-04-21 17:47:25] SlimMonoLogger.INFO: Cron ran at: 21-04-2026 05:47:25 PM [] []
[2026-04-21 17:47:26] SlimMonoLogger.INFO: Cron ran at: 21-04-2026 05:47:26 PM [] []
[2026-04-21 17:47:28] SlimMonoLogger.INFO: Cron ran at: 21-04-2026 05:47:28 PM [] []
[2026-04-21 17:47:36] SlimMonoLogger.INFO: Cron ran at: 21-04-2026 05:47:36 PM [] []
[2026-04-21 17:47:47] SlimMonoLogger.INFO: Cron ran at: 21-04-2026 05:47:47 PM [] []
[2026-04-21 17:47:47] SlimMonoLogger.INFO: Cron ran at: 21-04-2026 05:47:47 PM [] []
[2026-04-21 17:47:58] SlimMonoLogger.INFO: Cron ran at: 21-04-2026 05:47:58 PM [] []
[2026-04-21 17:48:05] SlimMonoLogger.INFO: Cron ran at: 21-04-2026 05:48:05 PM [] []
[2026-04-21 17:48:13] SlimMonoLogger.INFO: Cron ran at: 21-04-2026 05:48:13 PM [] []
[2026-04-21 17:48:14] SlimMonoLogger.INFO: Cron ran at: 21-04-2026 05:48:14 PM [] []
[2026-04-21 17:48:15] SlimMonoLogger.INFO: Cron ran at: 21-04-2026 05:48:15 PM [] []
[2026-04-21 17:48:26] SlimMonoLogger.INFO: Cron ran at: 21-04-2026 05:48:26 PM [] []
[2026-04-21 17:48:29] SlimMonoLogger.INFO: Cron ran at: 21-04-2026 05:48:29 PM [] []
[2026-04-21 17:48:32] SlimMonoLogger.INFO: Cron ran at: 21-04-2026 05:48:32 PM [] []
[2026-04-21 17:48:39] SlimMonoLogger.INFO: Cron ran at: 21-04-2026 05:48:39 PM [] []
[2026-04-21 17:48:45] SlimMonoLogger.INFO: Cron ran at: 21-04-2026 05:48:45 PM [] []
[2026-04-21 17:49:03] SlimMonoLogger.INFO: Cron ran at: 21-04-2026 05:49:03 PM [] []
[2026-04-21 17:49:04] SlimMonoLogger.INFO: Cron ran at: 21-04-2026 05:49:04 PM [] []
[2026-04-21 17:49:06] SlimMonoLogger.INFO: Cron ran at: 21-04-2026 05:49:06 PM [] []
[2026-04-21 17:49:18] SlimMonoLogger.INFO: Cron ran at: 21-04-2026 05:49:18 PM [] []
[2026-04-21 17:49:20] SlimMonoLogger.INFO: Cron ran at: 21-04-2026 05:49:20 PM [] []
[2026-04-21 17:49:33] SlimMonoLogger.INFO: Cron ran at: 21-04-2026 05:49:33 PM [] []
[2026-04-21 17:49:33] SlimMonoLogger.INFO: Cron ran at: 21-04-2026 05:49:33 PM [] []
[2026-04-21 17:49:34] SlimMonoLogger.INFO: Cron ran at: 21-04-2026 05:49:34 PM [] []
[2026-04-21 17:49:36] SlimMonoLogger.INFO: Cron ran at: 21-04-2026 05:49:36 PM [] []
[2026-04-21 17:49:45] SlimMonoLogger.INFO: Cron ran at: 21-04-2026 05:49:45 PM [] []
[2026-04-21 17:50:01] SlimMonoLogger.INFO: Cron ran at: 21-04-2026 05:50:01 PM [] []
[2026-04-21 17:50:05] SlimMonoLogger.INFO: Cron ran at: 21-04-2026 05:50:05 PM [] []
[2026-04-21 17:50:13] SlimMonoLogger.INFO: Cron ran at: 21-04-2026 05:50:13 PM [] []
[2026-04-21 17:50:16] SlimMonoLogger.INFO: Cron ran at: 21-04-2026 05:50:16 PM [] []
[2026-04-21 17:50:18] SlimMonoLogger.INFO: Cron ran at: 21-04-2026 05:50:18 PM [] []
[2026-04-21 17:50:33] SlimMonoLogger.INFO: Cron ran at: 21-04-2026 05:50:33 PM [] []
[2026-04-21 17:50:34] SlimMonoLogger.INFO: Cron ran at: 21-04-2026 05:50:34 PM [] []
[2026-04-21 17:50:34] SlimMonoLogger.INFO: Cron ran at: 21-04-2026 05:50:34 PM [] []
[2026-04-21 17:50:38] SlimMonoLogger.INFO: Cron ran at: 21-04-2026 05:50:38 PM [] []
[2026-04-21 17:50:56] SlimMonoLogger.INFO: Cron ran at: 21-04-2026 05:50:56 PM [] []
[2026-04-21 17:51:08] SlimMonoLogger.INFO: Cron ran at: 21-04-2026 05:51:08 PM [] []
[2026-04-21 17:51:13] SlimMonoLogger.INFO: Cron ran at: 21-04-2026 05:51:13 PM [] []
[2026-04-21 17:51:15] SlimMonoLogger.INFO: Cron ran at: 21-04-2026 05:51:15 PM [] []
[2026-04-21 17:51:15] SlimMonoLogger.INFO: Cron ran at: 21-04-2026 05:51:15 PM [] []
[2026-04-21 17:51:19] SlimMonoLogger.INFO: Cron ran at: 21-04-2026 05:51:19 PM [] []
[2026-04-21 17:51:20] SlimMonoLogger.INFO: Cron ran at: 21-04-2026 05:51:20 PM [] []
[2026-04-21 17:51:41] SlimMonoLogger.INFO: Cron ran at: 21-04-2026 05:51:41 PM [] []
[2026-04-21 17:51:42] SlimMonoLogger.INFO: Cron ran at: 21-04-2026 05:51:42 PM [] []
[2026-04-21 17:51:51] SlimMonoLogger.INFO: Cron ran at: 21-04-2026 05:51:51 PM [] []
[2026-04-21 17:51:53] SlimMonoLogger.INFO: Cron ran at: 21-04-2026 05:51:53 PM [] []
[2026-04-21 17:52:00] SlimMonoLogger.INFO: Cron ran at: 21-04-2026 05:52:00 PM [] []
[2026-04-21 17:52:17] SlimMonoLogger.INFO: Cron ran at: 21-04-2026 05:52:17 PM [] []
[2026-04-21 17:52:17] SlimMonoLogger.INFO: Cron ran at: 21-04-2026 05:52:17 PM [] []
[2026-04-21 17:52:17] SlimMonoLogger.INFO: Cron ran at: 21-04-2026 05:52:17 PM [] []
[2026-04-21 17:52:18] SlimMonoLogger.INFO: Cron ran at: 21-04-2026 05:52:18 PM [] []
[2026-04-21 17:52:21] SlimMonoLogger.INFO: Cron ran at: 21-04-2026 05:52:21 PM [] []
[2026-04-21 17:52:21] SlimMonoLogger.INFO: Cron ran at: 21-04-2026 05:52:21 PM [] []
[2026-04-21 17:52:46] SlimMonoLogger.INFO: Cron ran at: 21-04-2026 05:52:46 PM [] []
[2026-04-21 17:52:46] SlimMonoLogger.INFO: Cron ran at: 21-04-2026 05:52:46 PM [] []
[2026-04-21 17:52:48] SlimMonoLogger.INFO: Cron ran at: 21-04-2026 05:52:48 PM [] []
[2026-04-21 17:52:48] SlimMonoLogger.INFO: Cron ran at: 21-04-2026 05:52:48 PM [] []
[2026-04-21 17:52:59] SlimMonoLogger.INFO: Cron ran at: 21-04-2026 05:52:59 PM [] []
[2026-04-21 17:53:18] SlimMonoLogger.INFO: Cron ran at: 21-04-2026 05:53:18 PM [] []
[2026-04-21 17:53:18] SlimMonoLogger.INFO: Cron ran at: 21-04-2026 05:53:18 PM [] []
[2026-04-21 17:53:18] SlimMonoLogger.INFO: Cron ran at: 21-04-2026 05:53:18 PM [] []
[2026-04-21 17:53:19] SlimMonoLogger.INFO: Cron ran at: 21-04-2026 05:53:19 PM [] []
[2026-04-21 17:53:29] SlimMonoLogger.INFO: Cron ran at: 21-04-2026 05:53:29 PM [] []
[2026-04-21 17:53:29] SlimMonoLogger.INFO: Cron ran at: 21-04-2026 05:53:29 PM [] []
[2026-04-21 17:53:46] SlimMonoLogger.INFO: Cron ran at: 21-04-2026 05:53:46 PM [] []
[2026-04-21 17:53:46] SlimMonoLogger.INFO: Cron ran at: 21-04-2026 05:53:46 PM [] []
[2026-04-21 17:53:46] SlimMonoLogger.INFO: Cron ran at: 21-04-2026 05:53:46 PM [] []
[2026-04-21 17:53:47] SlimMonoLogger.INFO: Cron ran at: 21-04-2026 05:53:47 PM [] []
[2026-04-21 17:54:07] SlimMonoLogger.INFO: Cron ran at: 21-04-2026 05:54:07 PM [] []
[2026-04-21 17:54:18] SlimMonoLogger.INFO: Cron ran at: 21-04-2026 05:54:18 PM [] []
[2026-04-21 17:54:19] SlimMonoLogger.INFO: Cron ran at: 21-04-2026 05:54:19 PM [] []
[2026-04-21 17:54:20] SlimMonoLogger.INFO: Cron ran at: 21-04-2026 05:54:20 PM [] []
[2026-04-21 17:54:24] SlimMonoLogger.INFO: Cron ran at: 21-04-2026 05:54:24 PM [] []
[2026-04-21 17:54:25] SlimMonoLogger.INFO: Cron ran at: 21-04-2026 05:54:25 PM [] []
[2026-04-21 17:54:31] SlimMonoLogger.INFO: Cron ran at: 21-04-2026 05:54:31 PM [] []
[2026-04-21 17:54:49] SlimMonoLogger.INFO: Cron ran at: 21-04-2026 05:54:49 PM [] []
[2026-04-21 17:54:50] SlimMonoLogger.INFO: Cron ran at: 21-04-2026 05:54:50 PM [] []
[2026-04-21 17:54:54] SlimMonoLogger.INFO: Cron ran at: 21-04-2026 05:54:54 PM [] []
[2026-04-21 17:54:56] SlimMonoLogger.INFO: Cron ran at: 21-04-2026 05:54:56 PM [] []
[2026-04-21 17:55:06] SlimMonoLogger.INFO: Cron ran at: 21-04-2026 05:55:06 PM [] []
[2026-04-21 17:55:21] SlimMonoLogger.INFO: Cron ran at: 21-04-2026 05:55:21 PM [] []
[2026-04-21 17:55:22] SlimMonoLogger.INFO: Cron ran at: 21-04-2026 05:55:22 PM [] []
[2026-04-21 17:55:27] SlimMonoLogger.INFO: Cron ran at: 21-04-2026 05:55:27 PM [] []
[2026-04-21 17:55:27] SlimMonoLogger.INFO: Cron ran at: 21-04-2026 05:55:27 PM [] []
[2026-04-21 17:55:30] SlimMonoLogger.INFO: Cron ran at: 21-04-2026 05:55:30 PM [] []
[2026-04-21 17:55:33] SlimMonoLogger.INFO: Cron ran at: 21-04-2026 05:55:33 PM [] []
[2026-04-21 17:55:54] SlimMonoLogger.INFO: Cron ran at: 21-04-2026 05:55:54 PM [] []
[2026-04-21 17:55:58] SlimMonoLogger.INFO: Cron ran at: 21-04-2026 05:55:58 PM [] []
[2026-04-21 17:56:00] SlimMonoLogger.INFO: Cron ran at: 21-04-2026 05:56:00 PM [] []
[2026-04-21 17:56:02] SlimMonoLogger.INFO: Cron ran at: 21-04-2026 05:56:02 PM [] []
[2026-04-21 17:56:02] SlimMonoLogger.INFO: Cron ran at: 21-04-2026 05:56:02 PM [] []
[2026-04-21 17:56:13] SlimMonoLogger.INFO: Cron ran at: 21-04-2026 05:56:13 PM [] []
[2026-04-21 17:56:18] SlimMonoLogger.INFO: Cron ran at: 21-04-2026 05:56:18 PM [] []
[2026-04-21 17:56:20] SlimMonoLogger.INFO: Cron ran at: 21-04-2026 05:56:20 PM [] []
[2026-04-21 17:56:24] SlimMonoLogger.INFO: Cron ran at: 21-04-2026 05:56:24 PM [] []
[2026-04-21 17:56:24] SlimMonoLogger.INFO: Cron ran at: 21-04-2026 05:56:24 PM [] []
[2026-04-21 17:56:31] SlimMonoLogger.INFO: Cron ran at: 21-04-2026 05:56:31 PM [] []
[2026-04-21 17:56:41] SlimMonoLogger.INFO: Cron ran at: 21-04-2026 05:56:41 PM [] []
[2026-04-21 17:56:45] SlimMonoLogger.INFO: Cron ran at: 21-04-2026 05:56:45 PM [] []
[2026-04-21 17:56:53] SlimMonoLogger.INFO: Cron ran at: 21-04-2026 05:56:53 PM [] []
[2026-04-21 17:56:54] SlimMonoLogger.INFO: Cron ran at: 21-04-2026 05:56:54 PM [] []
[2026-04-21 17:56:55] SlimMonoLogger.INFO: Cron ran at: 21-04-2026 05:56:55 PM [] []
[2026-04-21 17:57:10] SlimMonoLogger.INFO: Cron ran at: 21-04-2026 05:57:10 PM [] []
[2026-04-21 17:57:12] SlimMonoLogger.INFO: Cron ran at: 21-04-2026 05:57:12 PM [] []
[2026-04-21 17:57:18] SlimMonoLogger.INFO: Cron ran at: 21-04-2026 05:57:18 PM [] []
[2026-04-21 17:57:25] SlimMonoLogger.INFO: Cron ran at: 21-04-2026 05:57:25 PM [] []
[2026-04-21 17:57:26] SlimMonoLogger.INFO: Cron ran at: 21-04-2026 05:57:26 PM [] []
[2026-04-21 17:57:28] SlimMonoLogger.INFO: Cron ran at: 21-04-2026 05:57:28 PM [] []
[2026-04-21 17:57:33] SlimMonoLogger.INFO: Cron ran at: 21-04-2026 05:57:33 PM [] []
[2026-04-21 17:57:37] SlimMonoLogger.INFO: Cron ran at: 21-04-2026 05:57:37 PM [] []
[2026-04-21 17:57:54] SlimMonoLogger.INFO: Cron ran at: 21-04-2026 05:57:54 PM [] []
[2026-04-21 17:57:58] SlimMonoLogger.INFO: Cron ran at: 21-04-2026 05:57:58 PM [] []
[2026-04-21 17:58:01] SlimMonoLogger.INFO: Cron ran at: 21-04-2026 05:58:01 PM [] []
[2026-04-21 17:58:03] SlimMonoLogger.INFO: Cron ran at: 21-04-2026 05:58:03 PM [] []
[2026-04-21 17:58:12] SlimMonoLogger.INFO: Cron ran at: 21-04-2026 05:58:12 PM [] []
[2026-04-21 17:58:14] SlimMonoLogger.INFO: Cron ran at: 21-04-2026 05:58:14 PM [] []
[2026-04-21 17:58:26] SlimMonoLogger.INFO: Cron ran at: 21-04-2026 05:58:26 PM [] []
[2026-04-21 17:58:27] SlimMonoLogger.INFO: Cron ran at: 21-04-2026 05:58:27 PM [] []
[2026-04-21 17:58:32] SlimMonoLogger.INFO: Cron ran at: 21-04-2026 05:58:32 PM [] []
[2026-04-21 17:58:32] SlimMonoLogger.INFO: Cron ran at: 21-04-2026 05:58:32 PM [] []
[2026-04-21 17:58:35] SlimMonoLogger.INFO: Cron ran at: 21-04-2026 05:58:35 PM [] []
[2026-04-21 17:58:36] SlimMonoLogger.INFO: Cron ran at: 21-04-2026 05:58:36 PM [] []
[2026-04-21 17:58:52] SlimMonoLogger.INFO: Cron ran at: 21-04-2026 05:58:52 PM [] []
[2026-04-21 17:58:59] SlimMonoLogger.INFO: Cron ran at: 21-04-2026 05:58:59 PM [] []
[2026-04-21 17:59:00] SlimMonoLogger.INFO: Cron ran at: 21-04-2026 05:59:00 PM [] []
[2026-04-21 17:59:11] SlimMonoLogger.INFO: Cron ran at: 21-04-2026 05:59:11 PM [] []
[2026-04-21 17:59:11] SlimMonoLogger.INFO: Cron ran at: 21-04-2026 05:59:11 PM [] []
[2026-04-21 17:59:18] SlimMonoLogger.INFO: Cron ran at: 21-04-2026 05:59:18 PM [] []
[2026-04-21 17:59:25] SlimMonoLogger.INFO: Cron ran at: 21-04-2026 05:59:25 PM [] []
[2026-04-21 17:59:33] SlimMonoLogger.INFO: Cron ran at: 21-04-2026 05:59:33 PM [] []
[2026-04-21 17:59:35] SlimMonoLogger.INFO: Cron ran at: 21-04-2026 05:59:35 PM [] []
[2026-04-21 17:59:35] SlimMonoLogger.INFO: Cron ran at: 21-04-2026 05:59:35 PM [] []
[2026-04-21 17:59:49] SlimMonoLogger.INFO: Cron ran at: 21-04-2026 05:59:49 PM [] []
[2026-04-21 17:59:50] SlimMonoLogger.INFO: Cron ran at: 21-04-2026 05:59:50 PM [] []
[2026-04-21 18:00:01] SlimMonoLogger.INFO: Cron ran at: 21-04-2026 06:00:01 PM [] []
[2026-04-21 18:00:02] SlimMonoLogger.INFO: Cron ran at: 21-04-2026 06:00:02 PM [] []
[2026-04-21 18:00:14] SlimMonoLogger.INFO: Cron ran at: 21-04-2026 06:00:14 PM [] []
[2026-04-21 18:00:24] SlimMonoLogger.INFO: Cron ran at: 21-04-2026 06:00:24 PM [] []
[2026-04-21 18:00:24] SlimMonoLogger.INFO: Cron ran at: 21-04-2026 06:00:24 PM [] []
[2026-04-21 18:00:24] SlimMonoLogger.INFO: Cron ran at: 21-04-2026 06:00:24 PM [] []
[2026-04-21 18:00:41] SlimMonoLogger.INFO: Cron ran at: 21-04-2026 06:00:41 PM [] []
[2026-04-21 18:00:54] SlimMonoLogger.INFO: Cron ran at: 21-04-2026 06:00:54 PM [] []
[2026-04-21 18:00:55] SlimMonoLogger.INFO: Cron ran at: 21-04-2026 06:00:55 PM [] []
[2026-04-21 18:00:55] SlimMonoLogger.INFO: Cron ran at: 21-04-2026 06:00:55 PM [] []
[2026-04-21 18:01:00] SlimMonoLogger.INFO: Cron ran at: 21-04-2026 06:01:00 PM [] []
[2026-04-21 18:01:24] SlimMonoLogger.INFO: Cron ran at: 21-04-2026 06:01:24 PM [] []
[2026-04-21 18:01:27] SlimMonoLogger.INFO: Cron ran at: 21-04-2026 06:01:27 PM [] []
[2026-04-21 18:01:27] SlimMonoLogger.INFO: Cron ran at: 21-04-2026 06:01:27 PM [] []
[2026-04-21 18:01:28] SlimMonoLogger.INFO: Cron ran at: 21-04-2026 06:01:28 PM [] []
[2026-04-21 18:01:28] SlimMonoLogger.INFO: Cron ran at: 21-04-2026 06:01:28 PM [] []
[2026-04-21 18:01:30] SlimMonoLogger.INFO: Cron ran at: 21-04-2026 06:01:30 PM [] []
[2026-04-21 18:01:38] SlimMonoLogger.INFO: Cron ran at: 21-04-2026 06:01:38 PM [] []
[2026-04-21 18:01:45] SlimMonoLogger.INFO: Cron ran at: 21-04-2026 06:01:45 PM [] []
[2026-04-21 18:01:52] SlimMonoLogger.INFO: Cron ran at: 21-04-2026 06:01:52 PM [] []
[2026-04-21 18:01:53] SlimMonoLogger.INFO: Cron ran at: 21-04-2026 06:01:53 PM [] []
[2026-04-21 18:01:57] SlimMonoLogger.INFO: Cron ran at: 21-04-2026 06:01:57 PM [] []
[2026-04-21 18:02:15] SlimMonoLogger.INFO: Cron ran at: 21-04-2026 06:02:15 PM [] []
[2026-04-21 18:02:23] SlimMonoLogger.INFO: Cron ran at: 21-04-2026 06:02:23 PM [] []
[2026-04-21 18:02:23] SlimMonoLogger.INFO: Cron ran at: 21-04-2026 06:02:23 PM [] []
[2026-04-21 18:02:24] SlimMonoLogger.INFO: Cron ran at: 21-04-2026 06:02:24 PM [] []
[2026-04-21 18:02:26] SlimMonoLogger.INFO: Cron ran at: 21-04-2026 06:02:26 PM [] []
[2026-04-21 18:02:34] SlimMonoLogger.INFO: Cron ran at: 21-04-2026 06:02:34 PM [] []
[2026-04-21 18:02:35] SlimMonoLogger.INFO: Cron ran at: 21-04-2026 06:02:35 PM [] []
[2026-04-21 18:02:38] SlimMonoLogger.INFO: Cron ran at: 21-04-2026 06:02:38 PM [] []
[2026-04-21 18:02:49] SlimMonoLogger.INFO: Cron ran at: 21-04-2026 06:02:49 PM [] []
[2026-04-21 18:02:49] SlimMonoLogger.INFO: Cron ran at: 21-04-2026 06:02:49 PM [] []
[2026-04-21 18:02:50] SlimMonoLogger.INFO: Cron ran at: 21-04-2026 06:02:50 PM [] []
[2026-04-21 18:03:02] SlimMonoLogger.INFO: Cron ran at: 21-04-2026 06:03:02 PM [] []
[2026-04-21 18:03:03] SlimMonoLogger.INFO: Cron ran at: 21-04-2026 06:03:03 PM [] []
[2026-04-21 18:03:16] SlimMonoLogger.INFO: Cron ran at: 21-04-2026 06:03:16 PM [] []
[2026-04-21 18:03:16] SlimMonoLogger.INFO: Cron ran at: 21-04-2026 06:03:16 PM [] []
[2026-04-21 18:03:17] SlimMonoLogger.INFO: Cron ran at: 21-04-2026 06:03:17 PM [] []
[2026-04-21 18:03:33] SlimMonoLogger.INFO: Cron ran at: 21-04-2026 06:03:33 PM [] []
[2026-04-21 18:03:33] SlimMonoLogger.INFO: Cron ran at: 21-04-2026 06:03:33 PM [] []
[2026-04-21 18:03:33] SlimMonoLogger.INFO: Cron ran at: 21-04-2026 06:03:33 PM [] []
[2026-04-21 18:03:46] SlimMonoLogger.INFO: Cron ran at: 21-04-2026 06:03:46 PM [] []
[2026-04-21 18:03:47] SlimMonoLogger.INFO: Cron ran at: 21-04-2026 06:03:47 PM [] []
[2026-04-21 18:03:59] SlimMonoLogger.INFO: Cron ran at: 21-04-2026 06:03:59 PM [] []
[2026-04-21 18:04:14] SlimMonoLogger.INFO: Cron ran at: 21-04-2026 06:04:14 PM [] []
[2026-04-21 18:04:14] SlimMonoLogger.INFO: Cron ran at: 21-04-2026 06:04:14 PM [] []
[2026-04-21 18:04:15] SlimMonoLogger.INFO: Cron ran at: 21-04-2026 06:04:15 PM [] []
[2026-04-21 18:04:25] SlimMonoLogger.INFO: Cron ran at: 21-04-2026 06:04:25 PM [] []
[2026-04-21 18:04:27] SlimMonoLogger.INFO: Cron ran at: 21-04-2026 06:04:27 PM [] []
[2026-04-21 18:04:31] SlimMonoLogger.INFO: Cron ran at: 21-04-2026 06:04:31 PM [] []
[2026-04-21 18:04:37] SlimMonoLogger.INFO: Cron ran at: 21-04-2026 06:04:37 PM [] []
[2026-04-21 18:04:38] SlimMonoLogger.INFO: Cron ran at: 21-04-2026 06:04:38 PM [] []
[2026-04-21 18:04:43] SlimMonoLogger.INFO: Cron ran at: 21-04-2026 06:04:43 PM [] []
[2026-04-21 18:04:58] SlimMonoLogger.INFO: Cron ran at: 21-04-2026 06:04:58 PM [] []
[2026-04-21 18:05:02] SlimMonoLogger.INFO: Cron ran at: 21-04-2026 06:05:02 PM [] []
[2026-04-21 18:05:14] SlimMonoLogger.INFO: Cron ran at: 21-04-2026 06:05:14 PM [] []
[2026-04-21 18:05:14] SlimMonoLogger.INFO: Cron ran at: 21-04-2026 06:05:14 PM [] []
[2026-04-21 18:05:20] SlimMonoLogger.INFO: Cron ran at: 21-04-2026 06:05:20 PM [] []
[2026-04-21 18:05:25] SlimMonoLogger.INFO: Cron ran at: 21-04-2026 06:05:25 PM [] []
[2026-04-21 18:05:27] SlimMonoLogger.INFO: Cron ran at: 21-04-2026 06:05:27 PM [] []
[2026-04-21 18:05:29] SlimMonoLogger.INFO: Cron ran at: 21-04-2026 06:05:29 PM [] []
[2026-04-21 18:05:38] SlimMonoLogger.INFO: Cron ran at: 21-04-2026 06:05:38 PM [] []
[2026-04-21 18:05:42] SlimMonoLogger.INFO: Cron ran at: 21-04-2026 06:05:42 PM [] []
[2026-04-21 18:05:54] SlimMonoLogger.INFO: Cron ran at: 21-04-2026 06:05:54 PM [] []
[2026-04-21 18:06:01] SlimMonoLogger.INFO: Cron ran at: 21-04-2026 06:06:01 PM [] []
[2026-04-21 18:06:12] SlimMonoLogger.INFO: Cron ran at: 21-04-2026 06:06:12 PM [] []
[2026-04-21 18:06:14] SlimMonoLogger.INFO: Cron ran at: 21-04-2026 06:06:14 PM [] []
[2026-04-21 18:06:17] SlimMonoLogger.INFO: Cron ran at: 21-04-2026 06:06:17 PM [] []
[2026-04-21 18:06:18] SlimMonoLogger.INFO: Cron ran at: 21-04-2026 06:06:18 PM [] []
[2026-04-21 18:06:18] SlimMonoLogger.INFO: Cron ran at: 21-04-2026 06:06:18 PM [] []
[2026-04-21 18:06:29] SlimMonoLogger.INFO: Cron ran at: 21-04-2026 06:06:29 PM [] []
[2026-04-21 18:06:29] SlimMonoLogger.INFO: Cron ran at: 21-04-2026 06:06:29 PM [] []
[2026-04-21 18:06:43] SlimMonoLogger.INFO: Cron ran at: 21-04-2026 06:06:43 PM [] []
[2026-04-21 18:06:44] SlimMonoLogger.INFO: Cron ran at: 21-04-2026 06:06:44 PM [] []
[2026-04-21 18:06:45] SlimMonoLogger.INFO: Cron ran at: 21-04-2026 06:06:45 PM [] []
[2026-04-21 18:06:57] SlimMonoLogger.INFO: Cron ran at: 21-04-2026 06:06:57 PM [] []
[2026-04-21 18:07:04] SlimMonoLogger.INFO: Cron ran at: 21-04-2026 06:07:04 PM [] []
[2026-04-21 18:07:07] SlimMonoLogger.INFO: Cron ran at: 21-04-2026 06:07:07 PM [] []
[2026-04-21 18:07:10] SlimMonoLogger.INFO: Cron ran at: 21-04-2026 06:07:10 PM [] []
[2026-04-21 18:07:17] SlimMonoLogger.INFO: Cron ran at: 21-04-2026 06:07:17 PM [] []
[2026-04-21 18:07:18] SlimMonoLogger.INFO: Cron ran at: 21-04-2026 06:07:18 PM [] []
[2026-04-21 18:07:26] SlimMonoLogger.INFO: Cron ran at: 21-04-2026 06:07:26 PM [] []
[2026-04-21 18:07:31] SlimMonoLogger.INFO: Cron ran at: 21-04-2026 06:07:31 PM [] []
[2026-04-21 18:07:34] SlimMonoLogger.INFO: Cron ran at: 21-04-2026 06:07:34 PM [] []
[2026-04-21 18:07:36] SlimMonoLogger.INFO: Cron ran at: 21-04-2026 06:07:36 PM [] []
[2026-04-21 18:07:39] SlimMonoLogger.INFO: Cron ran at: 21-04-2026 06:07:39 PM [] []
[2026-04-21 18:07:43] SlimMonoLogger.INFO: Cron ran at: 21-04-2026 06:07:43 PM [] []
[2026-04-21 18:07:50] SlimMonoLogger.INFO: Cron ran at: 21-04-2026 06:07:50 PM [] []
[2026-04-21 18:08:04] SlimMonoLogger.INFO: Cron ran at: 21-04-2026 06:08:04 PM [] []
[2026-04-21 18:08:05] SlimMonoLogger.INFO: Cron ran at: 21-04-2026 06:08:05 PM [] []
[2026-04-21 18:08:07] SlimMonoLogger.INFO: Cron ran at: 21-04-2026 06:08:07 PM [] []
[2026-04-21 18:08:11] SlimMonoLogger.INFO: Cron ran at: 21-04-2026 06:08:11 PM [] []
[2026-04-21 18:08:17] SlimMonoLogger.INFO: Cron ran at: 21-04-2026 06:08:17 PM [] []
[2026-04-21 18:08:17] SlimMonoLogger.INFO: Cron ran at: 21-04-2026 06:08:17 PM [] []
[2026-04-21 18:08:32] SlimMonoLogger.INFO: Cron ran at: 21-04-2026 06:08:32 PM [] []
[2026-04-21 18:08:32] SlimMonoLogger.INFO: Cron ran at: 21-04-2026 06:08:32 PM [] []
[2026-04-21 18:08:33] SlimMonoLogger.INFO: Cron ran at: 21-04-2026 06:08:33 PM [] []
[2026-04-21 18:08:40] SlimMonoLogger.INFO: Cron ran at: 21-04-2026 06:08:40 PM [] []
[2026-04-21 18:08:42] SlimMonoLogger.INFO: Cron ran at: 21-04-2026 06:08:42 PM [] []
[2026-04-21 18:08:57] SlimMonoLogger.INFO: Cron ran at: 21-04-2026 06:08:57 PM [] []
[2026-04-21 18:09:02] SlimMonoLogger.INFO: Cron ran at: 21-04-2026 06:09:02 PM [] []
[2026-04-21 18:09:07] SlimMonoLogger.INFO: Cron ran at: 21-04-2026 06:09:07 PM [] []
[2026-04-21 18:09:07] SlimMonoLogger.INFO: Cron ran at: 21-04-2026 06:09:07 PM [] []
[2026-04-21 18:09:08] SlimMonoLogger.INFO: Cron ran at: 21-04-2026 06:09:08 PM [] []
[2026-04-21 18:09:15] SlimMonoLogger.INFO: Cron ran at: 21-04-2026 06:09:15 PM [] []
[2026-04-21 18:09:16] SlimMonoLogger.INFO: Cron ran at: 21-04-2026 06:09:16 PM [] []
[2026-04-21 18:09:27] SlimMonoLogger.INFO: Cron ran at: 21-04-2026 06:09:27 PM [] []
[2026-04-21 18:09:27] SlimMonoLogger.INFO: Cron ran at: 21-04-2026 06:09:27 PM [] []
[2026-04-21 18:09:35] SlimMonoLogger.INFO: Cron ran at: 21-04-2026 06:09:35 PM [] []
[2026-04-21 18:09:37] SlimMonoLogger.INFO: Cron ran at: 21-04-2026 06:09:37 PM [] []
[2026-04-21 18:09:48] SlimMonoLogger.INFO: Cron ran at: 21-04-2026 06:09:48 PM [] []
[2026-04-21 18:09:57] SlimMonoLogger.INFO: Cron ran at: 21-04-2026 06:09:57 PM [] []
[2026-04-21 18:10:00] SlimMonoLogger.INFO: Cron ran at: 21-04-2026 06:10:00 PM [] []
[2026-04-21 18:10:05] SlimMonoLogger.INFO: Cron ran at: 21-04-2026 06:10:05 PM [] []
[2026-04-21 18:10:15] SlimMonoLogger.INFO: Cron ran at: 21-04-2026 06:10:15 PM [] []
[2026-04-21 18:10:29] SlimMonoLogger.INFO: Cron ran at: 21-04-2026 06:10:29 PM [] []
[2026-04-21 18:10:36] SlimMonoLogger.INFO: Cron ran at: 21-04-2026 06:10:36 PM [] []
[2026-04-21 18:10:37] SlimMonoLogger.INFO: Cron ran at: 21-04-2026 06:10:37 PM [] []
[2026-04-21 18:10:37] SlimMonoLogger.INFO: Cron ran at: 21-04-2026 06:10:37 PM [] []
[2026-04-21 18:10:50] SlimMonoLogger.INFO: Cron ran at: 21-04-2026 06:10:50 PM [] []
[2026-04-21 18:11:03] SlimMonoLogger.ERROR: Requests_Exception: cURL error 28: Operation timed out after 500006 milliseconds with 15824 bytes received in /home/latihtal/public_html/agregator1/src/vendor/rmccue/requests/library/Requests/Transport/cURL.php:422
Stack trace:
#0 /home/latihtal/public_html/agregator1/src/vendor/rmccue/requests/library/Requests/Transport/cURL.php(177): Requests_Transport_cURL->process_response()
#1 /home/latihtal/public_html/agregator1/src/vendor/rmccue/requests/library/Requests.php(379): Requests_Transport_cURL->request()
#2 /home/latihtal/public_html/agregator1/src/vendor/rmccue/requests/library/Requests/Session.php(205): Requests::request()
#3 /home/latihtal/public_html/agregator1/src/vendor/rmccue/requests/library/Requests/Session.php(132): Requests_Session->request()
#4 /home/latihtal/public_html/agregator1/src/drivers/Http/RssImporter.php(144): Requests_Session->get()
#5 /home/latihtal/public_html/agregator1/src/controllers/Dashboard/DashboardFeedsController.php(534): spark\drivers\Http\RssImporter->fetchPosts()
#6 /home/latihtal/public_html/agregator1/src/controllers/Site/SiteController.php(722): spark\controllers\Dashboard\DashboardFeedsController::importFeedPosts()
#7 [internal function]: spark\controllers\Site\SiteController->runTasks()
#8 /home/latihtal/public_html/agregator1/src/framework/Route.php(173): call_user_func_array()
#9 [internal function]: Slim\Route->Slim\{closure}()
#10 /home/latihtal/public_html/agregator1/src/framework/Route.php(468): call_user_func_array()
#11 /home/latihtal/public_html/agregator1/src/framework/Slim.php(1364): Slim\Route->dispatch()
#12 /home/latihtal/public_html/agregator1/src/framework/Middleware/Flash.php(85): Slim\Slim->call()
#13 /home/latihtal/public_html/agregator1/src/framework/Middleware/MethodOverride.php(92): Slim\Middleware\Flash->call()
#14 /home/latihtal/public_html/agregator1/src/middlewares/CsrfGuard/CsrfGuard.php(47): Slim\Middleware\MethodOverride->call()
#15 /home/latihtal/public_html/agregator1/src/framework/Middleware/PrettyExceptions.php(67): spark\middlewares\CsrfGuard\CsrfGuard->call()
#16 /home/latihtal/public_html/agregator1/src/framework/Slim.php(1308): Slim\Middleware\PrettyExceptions->call()
#17 /home/latihtal/public_html/agregator1/index.php(6): Slim\Slim->run()
#18 {main} [] []
[2026-04-21 18:11:07] SlimMonoLogger.INFO: Cron ran at: 21-04-2026 06:11:07 PM [] []
[2026-04-21 18:11:08] SlimMonoLogger.INFO: Cron ran at: 21-04-2026 06:11:08 PM [] []
[2026-04-21 18:11:14] SlimMonoLogger.INFO: Cron ran at: 21-04-2026 06:11:14 PM [] []
[2026-04-21 18:11:19] SlimMonoLogger.INFO: Cron ran at: 21-04-2026 06:11:19 PM [] []
[2026-04-21 18:11:28] SlimMonoLogger.INFO: Cron ran at: 21-04-2026 06:11:28 PM [] []
[2026-04-21 18:11:30] SlimMonoLogger.INFO: Cron ran at: 21-04-2026 06:11:30 PM [] []
[2026-04-21 18:11:40] SlimMonoLogger.INFO: Cron ran at: 21-04-2026 06:11:40 PM [] []
[2026-04-21 18:11:40] SlimMonoLogger.INFO: Cron ran at: 21-04-2026 06:11:40 PM [] []
[2026-04-21 18:11:47] SlimMonoLogger.INFO: Cron ran at: 21-04-2026 06:11:47 PM [] []
[2026-04-21 18:12:11] SlimMonoLogger.INFO: Cron ran at: 21-04-2026 06:12:11 PM [] []
[2026-04-21 18:12:11] SlimMonoLogger.INFO: Cron ran at: 21-04-2026 06:12:11 PM [] []
[2026-04-21 18:12:11] SlimMonoLogger.INFO: Cron ran at: 21-04-2026 06:12:11 PM [] []
[2026-04-21 18:12:30] SlimMonoLogger.INFO: Cron ran at: 21-04-2026 06:12:30 PM [] []
[2026-04-21 18:12:42] SlimMonoLogger.INFO: Cron ran at: 21-04-2026 06:12:42 PM [] []
[2026-04-21 18:12:48] SlimMonoLogger.INFO: Cron ran at: 21-04-2026 06:12:48 PM [] []
[2026-04-21 18:13:03] SlimMonoLogger.INFO: Cron ran at: 21-04-2026 06:13:03 PM [] []
[2026-04-21 18:13:11] SlimMonoLogger.INFO: Cron ran at: 21-04-2026 06:13:11 PM [] []
[2026-04-21 18:13:11] SlimMonoLogger.INFO: Cron ran at: 21-04-2026 06:13:11 PM [] []
[2026-04-21 18:13:17] SlimMonoLogger.INFO: Cron ran at: 21-04-2026 06:13:17 PM [] []
[2026-04-21 18:13:40] SlimMonoLogger.INFO: Cron ran at: 21-04-2026 06:13:40 PM [] []
[2026-04-21 18:13:45] SlimMonoLogger.INFO: Cron ran at: 21-04-2026 06:13:45 PM [] []
[2026-04-21 18:14:02] SlimMonoLogger.INFO: Cron ran at: 21-04-2026 06:14:02 PM [] []
[2026-04-21 18:14:05] SlimMonoLogger.INFO: Cron ran at: 21-04-2026 06:14:05 PM [] []
[2026-04-21 18:14:06] SlimMonoLogger.INFO: Cron ran at: 21-04-2026 06:14:06 PM [] []
[2026-04-21 18:14:27] SlimMonoLogger.INFO: Cron ran at: 21-04-2026 06:14:27 PM [] []
[2026-04-21 18:14:43] SlimMonoLogger.INFO: Cron ran at: 21-04-2026 06:14:43 PM [] []
[2026-04-21 18:14:44] SlimMonoLogger.INFO: Cron ran at: 21-04-2026 06:14:44 PM [] []
[2026-04-21 18:15:04] SlimMonoLogger.INFO: Cron ran at: 21-04-2026 06:15:04 PM [] []
[2026-04-21 18:15:19] SlimMonoLogger.INFO: Cron ran at: 21-04-2026 06:15:19 PM [] []
[2026-04-21 18:15:21] SlimMonoLogger.INFO: Cron ran at: 21-04-2026 06:15:21 PM [] []
[2026-04-21 18:15:44] SlimMonoLogger.INFO: Cron ran at: 21-04-2026 06:15:44 PM [] []
[2026-04-21 18:15:56] SlimMonoLogger.INFO: Cron ran at: 21-04-2026 06:15:56 PM [] []
[2026-04-21 18:16:08] SlimMonoLogger.INFO: Cron ran at: 21-04-2026 06:16:08 PM [] []
[2026-04-21 18:16:12] SlimMonoLogger.INFO: Cron ran at: 21-04-2026 06:16:12 PM [] []
[2026-04-21 18:16:19] SlimMonoLogger.INFO: Cron ran at: 21-04-2026 06:16:19 PM [] []
[2026-04-21 18:16:27] SlimMonoLogger.INFO: Cron ran at: 21-04-2026 06:16:27 PM [] []
[2026-04-21 18:16:55] SlimMonoLogger.INFO: Cron ran at: 21-04-2026 06:16:55 PM [] []
[2026-04-21 18:16:56] SlimMonoLogger.INFO: Cron ran at: 21-04-2026 06:16:56 PM [] []
[2026-04-21 18:17:16] SlimMonoLogger.INFO: Cron ran at: 21-04-2026 06:17:16 PM [] []
[2026-04-21 18:17:16] SlimMonoLogger.INFO: Cron ran at: 21-04-2026 06:17:16 PM [] []
[2026-04-21 18:17:23] SlimMonoLogger.INFO: Cron ran at: 21-04-2026 06:17:23 PM [] []
[2026-04-21 18:17:38] SlimMonoLogger.INFO: Cron ran at: 21-04-2026 06:17:38 PM [] []
[2026-04-21 18:18:03] SlimMonoLogger.INFO: Cron ran at: 21-04-2026 06:18:03 PM [] []
[2026-04-21 18:18:03] SlimMonoLogger.INFO: Cron ran at: 21-04-2026 06:18:03 PM [] []
[2026-04-21 18:18:12] SlimMonoLogger.INFO: Cron ran at: 21-04-2026 06:18:12 PM [] []
[2026-04-21 18:18:20] SlimMonoLogger.INFO: Cron ran at: 21-04-2026 06:18:20 PM [] []
[2026-04-21 18:18:34] SlimMonoLogger.INFO: Cron ran at: 21-04-2026 06:18:34 PM [] []
[2026-04-21 18:18:39] SlimMonoLogger.INFO: Cron ran at: 21-04-2026 06:18:39 PM [] []
[2026-04-21 18:18:55] SlimMonoLogger.INFO: Cron ran at: 21-04-2026 06:18:55 PM [] []
[2026-04-21 18:19:08] SlimMonoLogger.INFO: Cron ran at: 21-04-2026 06:19:08 PM [] []
[2026-04-21 18:19:11] SlimMonoLogger.INFO: Cron ran at: 21-04-2026 06:19:11 PM [] []
[2026-04-21 18:19:23] SlimMonoLogger.INFO: Cron ran at: 21-04-2026 06:19:23 PM [] []
[2026-04-21 18:19:31] SlimMonoLogger.INFO: Cron ran at: 21-04-2026 06:19:31 PM [] []
[2026-04-21 18:19:38] SlimMonoLogger.INFO: Cron ran at: 21-04-2026 06:19:38 PM [] []
[2026-04-21 18:20:07] SlimMonoLogger.INFO: Cron ran at: 21-04-2026 06:20:07 PM [] []
[2026-04-21 18:20:08] SlimMonoLogger.INFO: Cron ran at: 21-04-2026 06:20:08 PM [] []
[2026-04-21 18:20:08] SlimMonoLogger.INFO: Cron ran at: 21-04-2026 06:20:08 PM [] []
[2026-04-21 18:20:24] SlimMonoLogger.INFO: Cron ran at: 21-04-2026 06:20:24 PM [] []
[2026-04-21 18:20:30] SlimMonoLogger.INFO: Cron ran at: 21-04-2026 06:20:30 PM [] []
[2026-04-21 18:20:53] SlimMonoLogger.INFO: Cron ran at: 21-04-2026 06:20:53 PM [] []
[2026-04-21 18:21:14] SlimMonoLogger.INFO: Cron ran at: 21-04-2026 06:21:14 PM [] []
[2026-04-21 18:21:17] SlimMonoLogger.INFO: Cron ran at: 21-04-2026 06:21:17 PM [] []
[2026-04-21 18:21:17] SlimMonoLogger.INFO: Cron ran at: 21-04-2026 06:21:17 PM [] []
[2026-04-21 18:21:18] SlimMonoLogger.INFO: Cron ran at: 21-04-2026 06:21:18 PM [] []
[2026-04-21 18:21:27] SlimMonoLogger.INFO: Cron ran at: 21-04-2026 06:21:27 PM [] []
[2026-04-21 18:21:43] SlimMonoLogger.INFO: Cron ran at: 21-04-2026 06:21:43 PM [] []
[2026-04-21 18:21:53] SlimMonoLogger.INFO: Cron ran at: 21-04-2026 06:21:53 PM [] []
[2026-04-21 18:22:08] SlimMonoLogger.INFO: Cron ran at: 21-04-2026 06:22:08 PM [] []
[2026-04-21 18:22:15] SlimMonoLogger.INFO: Cron ran at: 21-04-2026 06:22:15 PM [] []
[2026-04-21 18:22:15] SlimMonoLogger.INFO: Cron ran at: 21-04-2026 06:22:15 PM [] []
[2026-04-21 18:22:23] SlimMonoLogger.INFO: Cron ran at: 21-04-2026 06:22:23 PM [] []
[2026-04-21 18:22:35] SlimMonoLogger.INFO: Cron ran at: 21-04-2026 06:22:35 PM [] []
[2026-04-21 18:22:39] SlimMonoLogger.INFO: Cron ran at: 21-04-2026 06:22:39 PM [] []
[2026-04-21 18:22:51] SlimMonoLogger.INFO: Cron ran at: 21-04-2026 06:22:51 PM [] []
[2026-04-21 18:23:11] SlimMonoLogger.INFO: Cron ran at: 21-04-2026 06:23:11 PM [] []
[2026-04-21 18:23:12] SlimMonoLogger.INFO: Cron ran at: 21-04-2026 06:23:12 PM [] []
[2026-04-21 18:23:18] SlimMonoLogger.INFO: Cron ran at: 21-04-2026 06:23:18 PM [] []
[2026-04-21 18:23:20] SlimMonoLogger.INFO: Cron ran at: 21-04-2026 06:23:20 PM [] []
[2026-04-21 18:23:34] SlimMonoLogger.INFO: Cron ran at: 21-04-2026 06:23:34 PM [] []
[2026-04-21 18:23:47] SlimMonoLogger.INFO: Cron ran at: 21-04-2026 06:23:47 PM [] []
[2026-04-21 18:24:12] SlimMonoLogger.INFO: Cron ran at: 21-04-2026 06:24:12 PM [] []
[2026-04-21 18:24:13] SlimMonoLogger.INFO: Cron ran at: 21-04-2026 06:24:13 PM [] []
[2026-04-21 18:24:15] SlimMonoLogger.INFO: Cron ran at: 21-04-2026 06:24:15 PM [] []
[2026-04-21 18:24:15] SlimMonoLogger.INFO: Cron ran at: 21-04-2026 06:24:15 PM [] []
[2026-04-21 18:24:37] SlimMonoLogger.INFO: Cron ran at: 21-04-2026 06:24:37 PM [] []
[2026-04-21 18:24:59] SlimMonoLogger.INFO: Cron ran at: 21-04-2026 06:24:59 PM [] []
[2026-04-21 18:25:11] SlimMonoLogger.INFO: Cron ran at: 21-04-2026 06:25:11 PM [] []
[2026-04-21 18:25:13] SlimMonoLogger.INFO: Cron ran at: 21-04-2026 06:25:13 PM [] []
[2026-04-21 18:25:13] SlimMonoLogger.INFO: Cron ran at: 21-04-2026 06:25:13 PM [] []
[2026-04-21 18:25:34] SlimMonoLogger.INFO: Cron ran at: 21-04-2026 06:25:34 PM [] []
[2026-04-21 18:25:46] SlimMonoLogger.INFO: Cron ran at: 21-04-2026 06:25:46 PM [] []
[2026-04-21 18:25:53] SlimMonoLogger.INFO: Cron ran at: 21-04-2026 06:25:53 PM [] []
[2026-04-21 18:26:14] SlimMonoLogger.INFO: Cron ran at: 21-04-2026 06:26:14 PM [] []
[2026-04-21 18:26:16] SlimMonoLogger.INFO: Cron ran at: 21-04-2026 06:26:16 PM [] []
[2026-04-21 18:26:18] SlimMonoLogger.INFO: Cron ran at: 21-04-2026 06:26:18 PM [] []
[2026-04-21 18:26:29] SlimMonoLogger.INFO: Cron ran at: 21-04-2026 06:26:29 PM [] []
[2026-04-21 18:26:32] SlimMonoLogger.INFO: Cron ran at: 21-04-2026 06:26:32 PM [] []
[2026-04-21 18:26:49] SlimMonoLogger.INFO: Cron ran at: 21-04-2026 06:26:49 PM [] []
[2026-04-21 18:26:52] SlimMonoLogger.INFO: Cron ran at: 21-04-2026 06:26:52 PM [] []
[2026-04-21 18:27:13] SlimMonoLogger.INFO: Cron ran at: 21-04-2026 06:27:13 PM [] []
[2026-04-21 18:27:14] SlimMonoLogger.INFO: Cron ran at: 21-04-2026 06:27:14 PM [] []
[2026-04-21 18:27:18] SlimMonoLogger.INFO: Cron ran at: 21-04-2026 06:27:18 PM [] []
[2026-04-21 18:27:32] SlimMonoLogger.INFO: Cron ran at: 21-04-2026 06:27:32 PM [] []
[2026-04-21 18:27:32] SlimMonoLogger.INFO: Cron ran at: 21-04-2026 06:27:32 PM [] []
[2026-04-21 18:27:50] SlimMonoLogger.INFO: Cron ran at: 21-04-2026 06:27:50 PM [] []
[2026-04-21 18:28:04] SlimMonoLogger.INFO: Cron ran at: 21-04-2026 06:28:04 PM [] []
[2026-04-21 18:28:13] SlimMonoLogger.INFO: Cron ran at: 21-04-2026 06:28:13 PM [] []
[2026-04-21 18:28:14] SlimMonoLogger.INFO: Cron ran at: 21-04-2026 06:28:14 PM [] []
[2026-04-21 18:28:20] SlimMonoLogger.INFO: Cron ran at: 21-04-2026 06:28:20 PM [] []
[2026-04-21 18:28:31] SlimMonoLogger.INFO: Cron ran at: 21-04-2026 06:28:31 PM [] []
[2026-04-21 18:28:43] SlimMonoLogger.INFO: Cron ran at: 21-04-2026 06:28:43 PM [] []
[2026-04-21 18:29:06] SlimMonoLogger.INFO: Cron ran at: 21-04-2026 06:29:06 PM [] []
[2026-04-21 18:29:17] SlimMonoLogger.INFO: Cron ran at: 21-04-2026 06:29:17 PM [] []
[2026-04-21 18:29:20] SlimMonoLogger.INFO: Cron ran at: 21-04-2026 06:29:20 PM [] []
[2026-04-21 18:29:20] SlimMonoLogger.INFO: Cron ran at: 21-04-2026 06:29:20 PM [] []
[2026-04-21 18:29:43] SlimMonoLogger.INFO: Cron ran at: 21-04-2026 06:29:43 PM [] []
[2026-04-21 18:29:54] SlimMonoLogger.INFO: Cron ran at: 21-04-2026 06:29:54 PM [] []
[2026-04-21 18:30:08] SlimMonoLogger.INFO: Cron ran at: 21-04-2026 06:30:08 PM [] []
[2026-04-21 18:30:26] SlimMonoLogger.INFO: Cron ran at: 21-04-2026 06:30:26 PM [] []
[2026-04-21 18:30:27] SlimMonoLogger.INFO: Cron ran at: 21-04-2026 06:30:27 PM [] []
[2026-04-21 18:30:30] SlimMonoLogger.INFO: Cron ran at: 21-04-2026 06:30:30 PM [] []
[2026-04-21 18:30:50] SlimMonoLogger.INFO: Cron ran at: 21-04-2026 06:30:50 PM [] []
[2026-04-21 18:30:50] SlimMonoLogger.INFO: Cron ran at: 21-04-2026 06:30:50 PM [] []
[2026-04-21 18:31:24] SlimMonoLogger.INFO: Cron ran at: 21-04-2026 06:31:24 PM [] []
[2026-04-21 18:31:25] SlimMonoLogger.INFO: Cron ran at: 21-04-2026 06:31:25 PM [] []
[2026-04-21 18:31:26] SlimMonoLogger.INFO: Cron ran at: 21-04-2026 06:31:26 PM [] []
[2026-04-21 18:31:26] SlimMonoLogger.INFO: Cron ran at: 21-04-2026 06:31:26 PM [] []
[2026-04-21 18:31:28] SlimMonoLogger.INFO: Cron ran at: 21-04-2026 06:31:28 PM [] []
[2026-04-21 18:31:48] SlimMonoLogger.INFO: Cron ran at: 21-04-2026 06:31:48 PM [] []
[2026-04-21 18:32:02] SlimMonoLogger.INFO: Cron ran at: 21-04-2026 06:32:02 PM [] []
[2026-04-21 18:32:23] SlimMonoLogger.INFO: Cron ran at: 21-04-2026 06:32:23 PM [] []
[2026-04-21 18:32:24] SlimMonoLogger.INFO: Cron ran at: 21-04-2026 06:32:24 PM [] []
[2026-04-21 18:32:32] SlimMonoLogger.INFO: Cron ran at: 21-04-2026 06:32:32 PM [] []
[2026-04-21 18:32:32] SlimMonoLogger.INFO: Cron ran at: 21-04-2026 06:32:32 PM [] []
[2026-04-21 18:32:34] SlimMonoLogger.INFO: Cron ran at: 21-04-2026 06:32:34 PM [] []
[2026-04-21 18:33:03] SlimMonoLogger.INFO: Cron ran at: 21-04-2026 06:33:03 PM [] []
[2026-04-21 18:33:03] SlimMonoLogger.INFO: Cron ran at: 21-04-2026 06:33:03 PM [] []
[2026-04-21 18:33:23] SlimMonoLogger.INFO: Cron ran at: 21-04-2026 06:33:23 PM [] []
[2026-04-21 18:33:23] SlimMonoLogger.INFO: Cron ran at: 21-04-2026 06:33:23 PM [] []
[2026-04-21 18:33:24] SlimMonoLogger.INFO: Cron ran at: 21-04-2026 06:33:24 PM [] []
[2026-04-21 18:33:25] SlimMonoLogger.INFO: Cron ran at: 21-04-2026 06:33:25 PM [] []
[2026-04-21 18:33:29] SlimMonoLogger.INFO: Cron ran at: 21-04-2026 06:33:29 PM [] []
[2026-04-21 18:33:55] SlimMonoLogger.INFO: Cron ran at: 21-04-2026 06:33:55 PM [] []
[2026-04-21 18:33:55] SlimMonoLogger.INFO: Cron ran at: 21-04-2026 06:33:55 PM [] []
[2026-04-21 18:34:18] SlimMonoLogger.INFO: Cron ran at: 21-04-2026 06:34:18 PM [] []
[2026-04-21 18:34:21] SlimMonoLogger.INFO: Cron ran at: 21-04-2026 06:34:21 PM [] []
[2026-04-21 18:34:22] SlimMonoLogger.INFO: Cron ran at: 21-04-2026 06:34:22 PM [] []
[2026-04-21 18:34:23] SlimMonoLogger.INFO: Cron ran at: 21-04-2026 06:34:23 PM [] []
[2026-04-21 18:34:36] SlimMonoLogger.INFO: Cron ran at: 21-04-2026 06:34:36 PM [] []
[2026-04-21 18:34:56] SlimMonoLogger.INFO: Cron ran at: 21-04-2026 06:34:56 PM [] []
[2026-04-21 18:35:02] SlimMonoLogger.INFO: Cron ran at: 21-04-2026 06:35:02 PM [] []
[2026-04-21 18:35:12] SlimMonoLogger.INFO: Cron ran at: 21-04-2026 06:35:12 PM [] []
[2026-04-21 18:35:20] SlimMonoLogger.INFO: Cron ran at: 21-04-2026 06:35:20 PM [] []
[2026-04-21 18:35:20] SlimMonoLogger.INFO: Cron ran at: 21-04-2026 06:35:20 PM [] []
[2026-04-21 18:35:28] SlimMonoLogger.INFO: Cron ran at: 21-04-2026 06:35:28 PM [] []
[2026-04-21 18:35:35] SlimMonoLogger.INFO: Cron ran at: 21-04-2026 06:35:35 PM [] []
[2026-04-21 18:35:58] SlimMonoLogger.INFO: Cron ran at: 21-04-2026 06:35:58 PM [] []
[2026-04-21 18:35:59] SlimMonoLogger.INFO: Cron ran at: 21-04-2026 06:35:59 PM [] []
[2026-04-21 18:36:12] SlimMonoLogger.INFO: Cron ran at: 21-04-2026 06:36:12 PM [] []
[2026-04-21 18:36:15] SlimMonoLogger.INFO: Cron ran at: 21-04-2026 06:36:15 PM [] []
[2026-04-21 18:36:22] SlimMonoLogger.INFO: Cron ran at: 21-04-2026 06:36:22 PM [] []
[2026-04-21 18:36:22] SlimMonoLogger.INFO: Cron ran at: 21-04-2026 06:36:22 PM [] []
[2026-04-21 18:36:25] SlimMonoLogger.INFO: Cron ran at: 21-04-2026 06:36:25 PM [] []
[2026-04-21 18:36:28] SlimMonoLogger.INFO: Cron ran at: 21-04-2026 06:36:28 PM [] []
[2026-04-21 18:37:02] SlimMonoLogger.INFO: Cron ran at: 21-04-2026 06:37:02 PM [] []
[2026-04-21 18:37:03] SlimMonoLogger.INFO: Cron ran at: 21-04-2026 06:37:03 PM [] []
[2026-04-21 18:37:06] SlimMonoLogger.INFO: Cron ran at: 21-04-2026 06:37:06 PM [] []
[2026-04-21 18:37:12] SlimMonoLogger.INFO: Cron ran at: 21-04-2026 06:37:12 PM [] []
[2026-04-21 18:37:18] SlimMonoLogger.INFO: Cron ran at: 21-04-2026 06:37:18 PM [] []
[2026-04-21 18:37:22] SlimMonoLogger.INFO: Cron ran at: 21-04-2026 06:37:22 PM [] []
[2026-04-21 18:37:30] SlimMonoLogger.INFO: Cron ran at: 21-04-2026 06:37:30 PM [] []
[2026-04-21 18:37:32] SlimMonoLogger.INFO: Cron ran at: 21-04-2026 06:37:32 PM [] []
[2026-04-21 18:38:01] SlimMonoLogger.INFO: Cron ran at: 21-04-2026 06:38:01 PM [] []
[2026-04-21 18:38:09] SlimMonoLogger.INFO: Cron ran at: 21-04-2026 06:38:09 PM [] []
[2026-04-21 18:38:11] SlimMonoLogger.INFO: Cron ran at: 21-04-2026 06:38:11 PM [] []
[2026-04-21 18:38:11] SlimMonoLogger.INFO: Cron ran at: 21-04-2026 06:38:11 PM [] []
[2026-04-21 18:38:23] SlimMonoLogger.INFO: Cron ran at: 21-04-2026 06:38:23 PM [] []
[2026-04-21 18:38:24] SlimMonoLogger.INFO: Cron ran at: 21-04-2026 06:38:24 PM [] []
[2026-04-21 18:38:31] SlimMonoLogger.INFO: Cron ran at: 21-04-2026 06:38:31 PM [] []
[2026-04-21 18:38:37] SlimMonoLogger.INFO: Cron ran at: 21-04-2026 06:38:37 PM [] []
[2026-04-21 18:39:11] SlimMonoLogger.INFO: Cron ran at: 21-04-2026 06:39:11 PM [] []
[2026-04-21 18:39:11] SlimMonoLogger.INFO: Cron ran at: 21-04-2026 06:39:11 PM [] []
[2026-04-21 18:39:11] SlimMonoLogger.INFO: Cron ran at: 21-04-2026 06:39:11 PM [] []
[2026-04-21 18:39:21] SlimMonoLogger.INFO: Cron ran at: 21-04-2026 06:39:21 PM [] []
[2026-04-21 18:39:32] SlimMonoLogger.INFO: Cron ran at: 21-04-2026 06:39:32 PM [] []
[2026-04-21 18:39:35] SlimMonoLogger.INFO: Cron ran at: 21-04-2026 06:39:35 PM [] []
[2026-04-21 18:39:36] SlimMonoLogger.INFO: Cron ran at: 21-04-2026 06:39:36 PM [] []
[2026-04-21 18:40:11] SlimMonoLogger.INFO: Cron ran at: 21-04-2026 06:40:11 PM [] []
[2026-04-21 18:40:12] SlimMonoLogger.INFO: Cron ran at: 21-04-2026 06:40:12 PM [] []
[2026-04-21 18:40:17] SlimMonoLogger.INFO: Cron ran at: 21-04-2026 06:40:17 PM [] []
[2026-04-21 18:40:24] SlimMonoLogger.INFO: Cron ran at: 21-04-2026 06:40:24 PM [] []
[2026-04-21 18:40:29] SlimMonoLogger.INFO: Cron ran at: 21-04-2026 06:40:29 PM [] []
[2026-04-21 18:40:41] SlimMonoLogger.INFO: Cron ran at: 21-04-2026 06:40:41 PM [] []
[2026-04-21 18:40:45] SlimMonoLogger.INFO: Cron ran at: 21-04-2026 06:40:45 PM [] []
[2026-04-21 18:41:14] SlimMonoLogger.INFO: Cron ran at: 21-04-2026 06:41:14 PM [] []
[2026-04-21 18:41:14] SlimMonoLogger.INFO: Cron ran at: 21-04-2026 06:41:14 PM [] []
[2026-04-21 18:41:21] SlimMonoLogger.INFO: Cron ran at: 21-04-2026 06:41:21 PM [] []
[2026-04-21 18:41:21] SlimMonoLogger.INFO: Cron ran at: 21-04-2026 06:41:21 PM [] []
[2026-04-21 18:41:36] SlimMonoLogger.INFO: Cron ran at: 21-04-2026 06:41:36 PM [] []
[2026-04-21 18:41:36] SlimMonoLogger.INFO: Cron ran at: 21-04-2026 06:41:36 PM [] []
[2026-04-21 18:41:46] SlimMonoLogger.INFO: Cron ran at: 21-04-2026 06:41:46 PM [] []
[2026-04-21 18:41:47] SlimMonoLogger.INFO: Cron ran at: 21-04-2026 06:41:47 PM [] []
[2026-04-21 18:42:08] SlimMonoLogger.INFO: Cron ran at: 21-04-2026 06:42:08 PM [] []
[2026-04-21 18:42:11] SlimMonoLogger.INFO: Cron ran at: 21-04-2026 06:42:11 PM [] []
[2026-04-21 18:42:22] SlimMonoLogger.INFO: Cron ran at: 21-04-2026 06:42:22 PM [] []
[2026-04-21 18:42:28] SlimMonoLogger.INFO: Cron ran at: 21-04-2026 06:42:28 PM [] []
[2026-04-21 18:42:33] SlimMonoLogger.INFO: Cron ran at: 21-04-2026 06:42:33 PM [] []
[2026-04-21 18:42:41] SlimMonoLogger.INFO: Cron ran at: 21-04-2026 06:42:41 PM [] []
[2026-04-21 18:42:45] SlimMonoLogger.INFO: Cron ran at: 21-04-2026 06:42:45 PM [] []
[2026-04-21 18:42:46] SlimMonoLogger.INFO: Cron ran at: 21-04-2026 06:42:46 PM [] []
[2026-04-21 18:43:11] SlimMonoLogger.INFO: Cron ran at: 21-04-2026 06:43:11 PM [] []
[2026-04-21 18:43:13] SlimMonoLogger.INFO: Cron ran at: 21-04-2026 06:43:13 PM [] []
[2026-04-21 18:43:27] SlimMonoLogger.INFO: Cron ran at: 21-04-2026 06:43:27 PM [] []
[2026-04-21 18:43:28] SlimMonoLogger.INFO: Cron ran at: 21-04-2026 06:43:28 PM [] []
[2026-04-21 18:43:33] SlimMonoLogger.INFO: Cron ran at: 21-04-2026 06:43:33 PM [] []
[2026-04-21 18:43:43] SlimMonoLogger.INFO: Cron ran at: 21-04-2026 06:43:43 PM [] []
[2026-04-21 18:43:54] SlimMonoLogger.INFO: Cron ran at: 21-04-2026 06:43:54 PM [] []
[2026-04-21 18:44:12] SlimMonoLogger.INFO: Cron ran at: 21-04-2026 06:44:12 PM [] []
[2026-04-21 18:44:13] SlimMonoLogger.INFO: Cron ran at: 21-04-2026 06:44:13 PM [] []
[2026-04-21 18:44:27] SlimMonoLogger.INFO: Cron ran at: 21-04-2026 06:44:27 PM [] []
[2026-04-21 18:44:41] SlimMonoLogger.INFO: Cron ran at: 21-04-2026 06:44:41 PM [] []
[2026-04-21 18:44:41] SlimMonoLogger.INFO: Cron ran at: 21-04-2026 06:44:41 PM [] []
[2026-04-21 18:44:42] SlimMonoLogger.INFO: Cron ran at: 21-04-2026 06:44:42 PM [] []
[2026-04-21 18:44:57] SlimMonoLogger.INFO: Cron ran at: 21-04-2026 06:44:57 PM [] []
[2026-04-21 18:45:12] SlimMonoLogger.INFO: Cron ran at: 21-04-2026 06:45:12 PM [] []
[2026-04-21 18:45:14] SlimMonoLogger.INFO: Cron ran at: 21-04-2026 06:45:14 PM [] []
[2026-04-21 18:45:28] SlimMonoLogger.INFO: Cron ran at: 21-04-2026 06:45:28 PM [] []
[2026-04-21 18:45:38] SlimMonoLogger.INFO: Cron ran at: 21-04-2026 06:45:38 PM [] []
[2026-04-21 18:45:45] SlimMonoLogger.INFO: Cron ran at: 21-04-2026 06:45:45 PM [] []
[2026-04-21 18:45:48] SlimMonoLogger.INFO: Cron ran at: 21-04-2026 06:45:48 PM [] []
[2026-04-21 18:45:55] SlimMonoLogger.INFO: Cron ran at: 21-04-2026 06:45:55 PM [] []
[2026-04-21 18:46:11] SlimMonoLogger.INFO: Cron ran at: 21-04-2026 06:46:11 PM [] []
[2026-04-21 18:46:14] SlimMonoLogger.INFO: Cron ran at: 21-04-2026 06:46:14 PM [] []
[2026-04-21 18:46:19] SlimMonoLogger.INFO: Cron ran at: 21-04-2026 06:46:19 PM [] []
[2026-04-21 18:46:40] SlimMonoLogger.INFO: Cron ran at: 21-04-2026 06:46:40 PM [] []
[2026-04-21 18:46:42] SlimMonoLogger.INFO: Cron ran at: 21-04-2026 06:46:42 PM [] []
[2026-04-21 18:46:48] SlimMonoLogger.INFO: Cron ran at: 21-04-2026 06:46:48 PM [] []
[2026-04-21 18:46:48] SlimMonoLogger.INFO: Cron ran at: 21-04-2026 06:46:48 PM [] []
[2026-04-21 18:47:07] SlimMonoLogger.INFO: Cron ran at: 21-04-2026 06:47:07 PM [] []
[2026-04-21 18:47:08] SlimMonoLogger.INFO: Cron ran at: 21-04-2026 06:47:08 PM [] []
[2026-04-21 18:47:10] SlimMonoLogger.INFO: Cron ran at: 21-04-2026 06:47:10 PM [] []
[2026-04-21 18:47:13] SlimMonoLogger.INFO: Cron ran at: 21-04-2026 06:47:13 PM [] []
[2026-04-21 18:47:34] SlimMonoLogger.INFO: Cron ran at: 21-04-2026 06:47:34 PM [] []
[2026-04-21 18:47:45] SlimMonoLogger.INFO: Cron ran at: 21-04-2026 06:47:45 PM [] []
[2026-04-21 18:47:50] SlimMonoLogger.INFO: Cron ran at: 21-04-2026 06:47:50 PM [] []
[2026-04-21 18:47:53] SlimMonoLogger.INFO: Cron ran at: 21-04-2026 06:47:53 PM [] []
[2026-04-21 18:48:03] SlimMonoLogger.INFO: Cron ran at: 21-04-2026 06:48:03 PM [] []
[2026-04-21 18:48:17] SlimMonoLogger.INFO: Cron ran at: 21-04-2026 06:48:17 PM [] []
[2026-04-21 18:48:18] SlimMonoLogger.INFO: Cron ran at: 21-04-2026 06:48:18 PM [] []
[2026-04-21 18:48:19] SlimMonoLogger.INFO: Cron ran at: 21-04-2026 06:48:19 PM [] []
[2026-04-21 18:48:34] SlimMonoLogger.INFO: Cron ran at: 21-04-2026 06:48:34 PM [] []
[2026-04-21 18:48:53] SlimMonoLogger.INFO: Cron ran at: 21-04-2026 06:48:53 PM [] []
[2026-04-21 18:48:57] SlimMonoLogger.INFO: Cron ran at: 21-04-2026 06:48:57 PM [] []
[2026-04-21 18:48:58] SlimMonoLogger.INFO: Cron ran at: 21-04-2026 06:48:58 PM [] []
[2026-04-21 18:49:09] SlimMonoLogger.INFO: Cron ran at: 21-04-2026 06:49:09 PM [] []
[2026-04-21 18:49:16] SlimMonoLogger.INFO: Cron ran at: 21-04-2026 06:49:16 PM [] []
[2026-04-21 18:49:16] SlimMonoLogger.INFO: Cron ran at: 21-04-2026 06:49:16 PM [] []
[2026-04-21 18:49:23] SlimMonoLogger.INFO: Cron ran at: 21-04-2026 06:49:23 PM [] []
[2026-04-21 18:49:47] SlimMonoLogger.INFO: Cron ran at: 21-04-2026 06:49:47 PM [] []
[2026-04-21 18:49:53] SlimMonoLogger.INFO: Cron ran at: 21-04-2026 06:49:53 PM [] []
[2026-04-21 18:49:57] SlimMonoLogger.INFO: Cron ran at: 21-04-2026 06:49:57 PM [] []
[2026-04-21 18:50:04] SlimMonoLogger.INFO: Cron ran at: 21-04-2026 06:50:04 PM [] []
[2026-04-21 18:50:15] SlimMonoLogger.INFO: Cron ran at: 21-04-2026 06:50:15 PM [] []
[2026-04-21 18:50:19] SlimMonoLogger.INFO: Cron ran at: 21-04-2026 06:50:19 PM [] []
[2026-04-21 18:50:20] SlimMonoLogger.INFO: Cron ran at: 21-04-2026 06:50:20 PM [] []
[2026-04-21 18:50:29] SlimMonoLogger.INFO: Cron ran at: 21-04-2026 06:50:29 PM [] []
[2026-04-21 18:50:50] SlimMonoLogger.INFO: Cron ran at: 21-04-2026 06:50:50 PM [] []
[2026-04-21 18:51:01] SlimMonoLogger.INFO: Cron ran at: 21-04-2026 06:51:01 PM [] []
[2026-04-21 18:51:01] SlimMonoLogger.INFO: Cron ran at: 21-04-2026 06:51:01 PM [] []
[2026-04-21 18:51:10] SlimMonoLogger.INFO: Cron ran at: 21-04-2026 06:51:10 PM [] []
[2026-04-21 18:51:16] SlimMonoLogger.INFO: Cron ran at: 21-04-2026 06:51:16 PM [] []
[2026-04-21 18:51:17] SlimMonoLogger.INFO: Cron ran at: 21-04-2026 06:51:17 PM [] []
[2026-04-21 18:51:17] SlimMonoLogger.INFO: Cron ran at: 21-04-2026 06:51:17 PM [] []
[2026-04-21 18:51:20] SlimMonoLogger.INFO: Cron ran at: 21-04-2026 06:51:20 PM [] []
[2026-04-21 18:51:32] SlimMonoLogger.INFO: Cron ran at: 21-04-2026 06:51:32 PM [] []
[2026-04-21 18:51:44] SlimMonoLogger.INFO: Cron ran at: 21-04-2026 06:51:44 PM [] []
[2026-04-21 18:52:10] SlimMonoLogger.INFO: Cron ran at: 21-04-2026 06:52:10 PM [] []
[2026-04-21 18:52:10] SlimMonoLogger.INFO: Cron ran at: 21-04-2026 06:52:10 PM [] []
[2026-04-21 18:52:10] SlimMonoLogger.INFO: Cron ran at: 21-04-2026 06:52:10 PM [] []
[2026-04-21 18:52:12] SlimMonoLogger.INFO: Cron ran at: 21-04-2026 06:52:12 PM [] []
[2026-04-21 18:52:16] SlimMonoLogger.INFO: Cron ran at: 21-04-2026 06:52:16 PM [] []
[2026-04-21 18:52:17] SlimMonoLogger.INFO: Cron ran at: 21-04-2026 06:52:17 PM [] []
[2026-04-21 18:52:19] SlimMonoLogger.INFO: Cron ran at: 21-04-2026 06:52:19 PM [] []
[2026-04-21 18:52:27] SlimMonoLogger.INFO: Cron ran at: 21-04-2026 06:52:27 PM [] []
[2026-04-21 18:52:50] SlimMonoLogger.INFO: Cron ran at: 21-04-2026 06:52:50 PM [] []
[2026-04-21 18:52:55] SlimMonoLogger.INFO: Cron ran at: 21-04-2026 06:52:55 PM [] []
[2026-04-21 18:53:03] SlimMonoLogger.INFO: Cron ran at: 21-04-2026 06:53:03 PM [] []
[2026-04-21 18:53:05] SlimMonoLogger.INFO: Cron ran at: 21-04-2026 06:53:05 PM [] []
[2026-04-21 18:53:05] SlimMonoLogger.INFO: Cron ran at: 21-04-2026 06:53:05 PM [] []
[2026-04-21 18:53:19] SlimMonoLogger.INFO: Cron ran at: 21-04-2026 06:53:19 PM [] []
[2026-04-21 18:53:20] SlimMonoLogger.INFO: Cron ran at: 21-04-2026 06:53:20 PM [] []
[2026-04-21 18:53:22] SlimMonoLogger.INFO: Cron ran at: 21-04-2026 06:53:22 PM [] []
[2026-04-21 18:53:23] SlimMonoLogger.INFO: Cron ran at: 21-04-2026 06:53:23 PM [] []
[2026-04-21 18:53:44] SlimMonoLogger.INFO: Cron ran at: 21-04-2026 06:53:44 PM [] []
[2026-04-21 18:54:05] SlimMonoLogger.INFO: Cron ran at: 21-04-2026 06:54:05 PM [] []
[2026-04-21 18:54:05] SlimMonoLogger.INFO: Cron ran at: 21-04-2026 06:54:05 PM [] []
[2026-04-21 18:54:11] SlimMonoLogger.INFO: Cron ran at: 21-04-2026 06:54:11 PM [] []
[2026-04-21 18:54:12] SlimMonoLogger.INFO: Cron ran at: 21-04-2026 06:54:12 PM [] []
[2026-04-21 18:54:19] SlimMonoLogger.INFO: Cron ran at: 21-04-2026 06:54:19 PM [] []
[2026-04-21 18:54:19] SlimMonoLogger.INFO: Cron ran at: 21-04-2026 06:54:19 PM [] []
[2026-04-21 18:54:32] SlimMonoLogger.INFO: Cron ran at: 21-04-2026 06:54:32 PM [] []
[2026-04-21 18:54:51] SlimMonoLogger.INFO: Cron ran at: 21-04-2026 06:54:51 PM [] []
[2026-04-21 18:55:12] SlimMonoLogger.INFO: Cron ran at: 21-04-2026 06:55:12 PM [] []
[2026-04-21 18:55:14] SlimMonoLogger.INFO: Cron ran at: 21-04-2026 06:55:14 PM [] []
[2026-04-21 18:55:17] SlimMonoLogger.INFO: Cron ran at: 21-04-2026 06:55:17 PM [] []
[2026-04-21 18:55:21] SlimMonoLogger.INFO: Cron ran at: 21-04-2026 06:55:21 PM [] []
[2026-04-21 18:55:21] SlimMonoLogger.INFO: Cron ran at: 21-04-2026 06:55:21 PM [] []
[2026-04-21 18:55:21] SlimMonoLogger.INFO: Cron ran at: 21-04-2026 06:55:21 PM [] []
[2026-04-21 18:55:32] SlimMonoLogger.INFO: Cron ran at: 21-04-2026 06:55:32 PM [] []
[2026-04-21 18:55:55] SlimMonoLogger.INFO: Cron ran at: 21-04-2026 06:55:55 PM [] []
[2026-04-21 18:56:09] SlimMonoLogger.INFO: Cron ran at: 21-04-2026 06:56:09 PM [] []
[2026-04-21 18:56:11] SlimMonoLogger.INFO: Cron ran at: 21-04-2026 06:56:11 PM [] []
[2026-04-21 18:56:12] SlimMonoLogger.INFO: Cron ran at: 21-04-2026 06:56:12 PM [] []
[2026-04-21 18:56:15] SlimMonoLogger.INFO: Cron ran at: 21-04-2026 06:56:15 PM [] []
[2026-04-21 18:56:24] SlimMonoLogger.INFO: Cron ran at: 21-04-2026 06:56:24 PM [] []
[2026-04-21 18:56:25] SlimMonoLogger.INFO: Cron ran at: 21-04-2026 06:56:25 PM [] []
[2026-04-21 18:56:31] SlimMonoLogger.INFO: Cron ran at: 21-04-2026 06:56:31 PM [] []
[2026-04-21 18:56:33] SlimMonoLogger.INFO: Cron ran at: 21-04-2026 06:56:33 PM [] []
[2026-04-21 18:56:58] SlimMonoLogger.INFO: Cron ran at: 21-04-2026 06:56:58 PM [] []
[2026-04-21 18:57:10] SlimMonoLogger.INFO: Cron ran at: 21-04-2026 06:57:10 PM [] []
[2026-04-21 18:57:11] SlimMonoLogger.INFO: Cron ran at: 21-04-2026 06:57:11 PM [] []
[2026-04-21 18:57:20] SlimMonoLogger.INFO: Cron ran at: 21-04-2026 06:57:20 PM [] []
[2026-04-21 18:57:20] SlimMonoLogger.INFO: Cron ran at: 21-04-2026 06:57:20 PM [] []
[2026-04-21 18:57:26] SlimMonoLogger.INFO: Cron ran at: 21-04-2026 06:57:26 PM [] []
[2026-04-21 18:57:26] SlimMonoLogger.INFO: Cron ran at: 21-04-2026 06:57:26 PM [] []
[2026-04-21 18:57:33] SlimMonoLogger.INFO: Cron ran at: 21-04-2026 06:57:33 PM [] []
[2026-04-21 18:57:38] SlimMonoLogger.INFO: Cron ran at: 21-04-2026 06:57:38 PM [] []
[2026-04-21 18:57:57] SlimMonoLogger.INFO: Cron ran at: 21-04-2026 06:57:57 PM [] []
[2026-04-21 18:58:08] SlimMonoLogger.INFO: Cron ran at: 21-04-2026 06:58:08 PM [] []
[2026-04-21 18:58:10] SlimMonoLogger.INFO: Cron ran at: 21-04-2026 06:58:10 PM [] []
[2026-04-21 18:58:27] SlimMonoLogger.INFO: Cron ran at: 21-04-2026 06:58:27 PM [] []
[2026-04-21 18:58:28] SlimMonoLogger.INFO: Cron ran at: 21-04-2026 06:58:28 PM [] []
[2026-04-21 18:58:28] SlimMonoLogger.INFO: Cron ran at: 21-04-2026 06:58:28 PM [] []
[2026-04-21 18:58:30] SlimMonoLogger.INFO: Cron ran at: 21-04-2026 06:58:30 PM [] []
[2026-04-21 18:58:36] SlimMonoLogger.INFO: Cron ran at: 21-04-2026 06:58:36 PM [] []
[2026-04-21 18:58:51] SlimMonoLogger.INFO: Cron ran at: 21-04-2026 06:58:51 PM [] []
[2026-04-21 18:59:13] SlimMonoLogger.INFO: Cron ran at: 21-04-2026 06:59:13 PM [] []
[2026-04-21 18:59:15] SlimMonoLogger.INFO: Cron ran at: 21-04-2026 06:59:15 PM [] []
[2026-04-21 18:59:15] SlimMonoLogger.INFO: Cron ran at: 21-04-2026 06:59:15 PM [] []
[2026-04-21 18:59:29] SlimMonoLogger.INFO: Cron ran at: 21-04-2026 06:59:29 PM [] []
[2026-04-21 18:59:30] SlimMonoLogger.INFO: Cron ran at: 21-04-2026 06:59:30 PM [] []
[2026-04-21 18:59:30] SlimMonoLogger.INFO: Cron ran at: 21-04-2026 06:59:30 PM [] []
[2026-04-21 18:59:33] SlimMonoLogger.INFO: Cron ran at: 21-04-2026 06:59:33 PM [] []
[2026-04-21 18:59:40] SlimMonoLogger.INFO: Cron ran at: 21-04-2026 06:59:40 PM [] []
[2026-04-21 18:59:48] SlimMonoLogger.INFO: Cron ran at: 21-04-2026 06:59:48 PM [] []
[2026-04-21 19:00:08] SlimMonoLogger.INFO: Cron ran at: 21-04-2026 07:00:08 PM [] []
[2026-04-21 19:00:13] SlimMonoLogger.INFO: Cron ran at: 21-04-2026 07:00:13 PM [] []
[2026-04-21 19:00:15] SlimMonoLogger.INFO: Cron ran at: 21-04-2026 07:00:15 PM [] []
[2026-04-21 19:00:30] SlimMonoLogger.INFO: Cron ran at: 21-04-2026 07:00:30 PM [] []
[2026-04-21 19:00:38] SlimMonoLogger.INFO: Cron ran at: 21-04-2026 07:00:38 PM [] []
[2026-04-21 19:00:42] SlimMonoLogger.INFO: Cron ran at: 21-04-2026 07:00:42 PM [] []
[2026-04-21 19:00:47] SlimMonoLogger.INFO: Cron ran at: 21-04-2026 07:00:47 PM [] []
[2026-04-21 19:00:56] SlimMonoLogger.INFO: Cron ran at: 21-04-2026 07:00:56 PM [] []
[2026-04-21 19:00:57] SlimMonoLogger.INFO: Cron ran at: 21-04-2026 07:00:57 PM [] []
[2026-04-21 19:01:31] SlimMonoLogger.INFO: Cron ran at: 21-04-2026 07:01:31 PM [] []
[2026-04-21 19:01:37] SlimMonoLogger.INFO: Cron ran at: 21-04-2026 07:01:37 PM [] []
[2026-04-21 19:01:42] SlimMonoLogger.INFO: Cron ran at: 21-04-2026 07:01:42 PM [] []
[2026-04-21 19:01:55] SlimMonoLogger.INFO: Cron ran at: 21-04-2026 07:01:55 PM [] []
[2026-04-21 19:01:57] SlimMonoLogger.INFO: Cron ran at: 21-04-2026 07:01:57 PM [] []
[2026-04-21 19:01:59] SlimMonoLogger.INFO: Cron ran at: 21-04-2026 07:01:59 PM [] []
[2026-04-21 19:02:02] SlimMonoLogger.INFO: Cron ran at: 21-04-2026 07:02:02 PM [] []
[2026-04-21 19:02:09] SlimMonoLogger.INFO: Cron ran at: 21-04-2026 07:02:09 PM [] []
[2026-04-21 19:02:09] SlimMonoLogger.INFO: Cron ran at: 21-04-2026 07:02:09 PM [] []
[2026-04-21 19:02:10] SlimMonoLogger.INFO: Cron ran at: 21-04-2026 07:02:10 PM [] []
[2026-04-21 19:02:35] SlimMonoLogger.INFO: Cron ran at: 21-04-2026 07:02:35 PM [] []
[2026-04-21 19:02:36] SlimMonoLogger.INFO: Cron ran at: 21-04-2026 07:02:36 PM [] []
[2026-04-21 19:02:37] SlimMonoLogger.INFO: Cron ran at: 21-04-2026 07:02:37 PM [] []
[2026-04-21 19:02:40] SlimMonoLogger.INFO: Cron ran at: 21-04-2026 07:02:40 PM [] []
[2026-04-21 19:02:50] SlimMonoLogger.INFO: Cron ran at: 21-04-2026 07:02:50 PM [] []
[2026-04-21 19:02:51] SlimMonoLogger.INFO: Cron ran at: 21-04-2026 07:02:51 PM [] []
[2026-04-21 19:02:52] SlimMonoLogger.INFO: Cron ran at: 21-04-2026 07:02:52 PM [] []
[2026-04-21 19:02:54] SlimMonoLogger.INFO: Cron ran at: 21-04-2026 07:02:54 PM [] []
[2026-04-21 19:03:04] SlimMonoLogger.INFO: Cron ran at: 21-04-2026 07:03:04 PM [] []
[2026-04-21 19:03:18] SlimMonoLogger.INFO: Cron ran at: 21-04-2026 07:03:18 PM [] []
[2026-04-21 19:03:29] SlimMonoLogger.INFO: Cron ran at: 21-04-2026 07:03:29 PM [] []
[2026-04-21 19:03:29] SlimMonoLogger.INFO: Cron ran at: 21-04-2026 07:03:29 PM [] []
[2026-04-21 19:03:30] SlimMonoLogger.INFO: Cron ran at: 21-04-2026 07:03:30 PM [] []
[2026-04-21 19:03:31] SlimMonoLogger.INFO: Cron ran at: 21-04-2026 07:03:31 PM [] []
[2026-04-21 19:03:52] SlimMonoLogger.INFO: Cron ran at: 21-04-2026 07:03:52 PM [] []
[2026-04-21 19:03:58] SlimMonoLogger.INFO: Cron ran at: 21-04-2026 07:03:58 PM [] []
[2026-04-21 19:04:00] SlimMonoLogger.INFO: Cron ran at: 21-04-2026 07:04:00 PM [] []
[2026-04-21 19:04:01] SlimMonoLogger.INFO: Cron ran at: 21-04-2026 07:04:01 PM [] []
[2026-04-21 19:04:01] SlimMonoLogger.INFO: Cron ran at: 21-04-2026 07:04:01 PM [] []
[2026-04-21 19:04:03] SlimMonoLogger.INFO: Cron ran at: 21-04-2026 07:04:03 PM [] []
[2026-04-21 19:04:18] SlimMonoLogger.INFO: Cron ran at: 21-04-2026 07:04:18 PM [] []
[2026-04-21 19:04:19] SlimMonoLogger.INFO: Cron ran at: 21-04-2026 07:04:19 PM [] []
[2026-04-21 19:04:23] SlimMonoLogger.INFO: Cron ran at: 21-04-2026 07:04:23 PM [] []
[2026-04-21 19:04:33] SlimMonoLogger.INFO: Cron ran at: 21-04-2026 07:04:33 PM [] []
[2026-04-21 19:04:43] SlimMonoLogger.INFO: Cron ran at: 21-04-2026 07:04:43 PM [] []
[2026-04-21 19:04:44] SlimMonoLogger.INFO: Cron ran at: 21-04-2026 07:04:44 PM [] []
[2026-04-21 19:04:51] SlimMonoLogger.INFO: Cron ran at: 21-04-2026 07:04:51 PM [] []
[2026-04-21 19:04:51] SlimMonoLogger.INFO: Cron ran at: 21-04-2026 07:04:51 PM [] []
[2026-04-21 19:04:58] SlimMonoLogger.INFO: Cron ran at: 21-04-2026 07:04:58 PM [] []
[2026-04-21 19:05:00] SlimMonoLogger.INFO: Cron ran at: 21-04-2026 07:05:00 PM [] []
[2026-04-21 19:05:20] SlimMonoLogger.INFO: Cron ran at: 21-04-2026 07:05:20 PM [] []
[2026-04-21 19:05:20] SlimMonoLogger.INFO: Cron ran at: 21-04-2026 07:05:20 PM [] []
[2026-04-21 19:05:24] SlimMonoLogger.INFO: Cron ran at: 21-04-2026 07:05:24 PM [] []
[2026-04-21 19:05:35] SlimMonoLogger.INFO: Cron ran at: 21-04-2026 07:05:35 PM [] []
[2026-04-21 19:05:50] SlimMonoLogger.INFO: Cron ran at: 21-04-2026 07:05:50 PM [] []
[2026-04-21 19:05:51] SlimMonoLogger.INFO: Cron ran at: 21-04-2026 07:05:51 PM [] []
[2026-04-21 19:06:01] SlimMonoLogger.INFO: Cron ran at: 21-04-2026 07:06:01 PM [] []
[2026-04-21 19:06:01] SlimMonoLogger.INFO: Cron ran at: 21-04-2026 07:06:01 PM [] []
[2026-04-21 19:06:03] SlimMonoLogger.INFO: Cron ran at: 21-04-2026 07:06:03 PM [] []
[2026-04-21 19:06:16] SlimMonoLogger.INFO: Cron ran at: 21-04-2026 07:06:16 PM [] []
[2026-04-21 19:06:17] SlimMonoLogger.INFO: Cron ran at: 21-04-2026 07:06:17 PM [] []
[2026-04-21 19:06:19] SlimMonoLogger.INFO: Cron ran at: 21-04-2026 07:06:19 PM [] []
[2026-04-21 19:06:26] SlimMonoLogger.INFO: Cron ran at: 21-04-2026 07:06:26 PM [] []
[2026-04-21 19:06:30] SlimMonoLogger.INFO: Cron ran at: 21-04-2026 07:06:30 PM [] []
[2026-04-21 19:06:35] SlimMonoLogger.INFO: Cron ran at: 21-04-2026 07:06:35 PM [] []
[2026-04-21 19:06:46] SlimMonoLogger.INFO: Cron ran at: 21-04-2026 07:06:46 PM [] []
[2026-04-21 19:06:55] SlimMonoLogger.INFO: Cron ran at: 21-04-2026 07:06:55 PM [] []
[2026-04-21 19:06:56] SlimMonoLogger.INFO: Cron ran at: 21-04-2026 07:06:56 PM [] []
[2026-04-21 19:07:01] SlimMonoLogger.INFO: Cron ran at: 21-04-2026 07:07:01 PM [] []
[2026-04-21 19:07:07] SlimMonoLogger.INFO: Cron ran at: 21-04-2026 07:07:07 PM [] []
[2026-04-21 19:07:09] SlimMonoLogger.INFO: Cron ran at: 21-04-2026 07:07:09 PM [] []
[2026-04-21 19:07:11] SlimMonoLogger.INFO: Cron ran at: 21-04-2026 07:07:11 PM [] []
[2026-04-21 19:07:23] SlimMonoLogger.INFO: Cron ran at: 21-04-2026 07:07:23 PM [] []
[2026-04-21 19:07:24] SlimMonoLogger.INFO: Cron ran at: 21-04-2026 07:07:24 PM [] []
[2026-04-21 19:07:27] SlimMonoLogger.INFO: Cron ran at: 21-04-2026 07:07:27 PM [] []
[2026-04-21 19:07:28] SlimMonoLogger.INFO: Cron ran at: 21-04-2026 07:07:28 PM [] []
[2026-04-21 19:07:52] SlimMonoLogger.INFO: Cron ran at: 21-04-2026 07:07:52 PM [] []
[2026-04-21 19:07:52] SlimMonoLogger.INFO: Cron ran at: 21-04-2026 07:07:52 PM [] []
[2026-04-21 19:08:02] SlimMonoLogger.INFO: Cron ran at: 21-04-2026 07:08:02 PM [] []
[2026-04-21 19:08:03] SlimMonoLogger.INFO: Cron ran at: 21-04-2026 07:08:03 PM [] []
[2026-04-21 19:08:05] SlimMonoLogger.INFO: Cron ran at: 21-04-2026 07:08:05 PM [] []
[2026-04-21 19:08:05] SlimMonoLogger.INFO: Cron ran at: 21-04-2026 07:08:05 PM [] []
[2026-04-21 19:08:10] SlimMonoLogger.INFO: Cron ran at: 21-04-2026 07:08:10 PM [] []
[2026-04-21 19:08:23] SlimMonoLogger.INFO: Cron ran at: 21-04-2026 07:08:23 PM [] []
[2026-04-21 19:08:26] SlimMonoLogger.INFO: Cron ran at: 21-04-2026 07:08:26 PM [] []
[2026-04-21 19:08:26] SlimMonoLogger.INFO: Cron ran at: 21-04-2026 07:08:26 PM [] []
[2026-04-21 19:08:52] SlimMonoLogger.INFO: Cron ran at: 21-04-2026 07:08:52 PM [] []
[2026-04-21 19:08:55] SlimMonoLogger.INFO: Cron ran at: 21-04-2026 07:08:55 PM [] []
[2026-04-21 19:09:01] SlimMonoLogger.INFO: Cron ran at: 21-04-2026 07:09:01 PM [] []
[2026-04-21 19:09:05] SlimMonoLogger.INFO: Cron ran at: 21-04-2026 07:09:05 PM [] []
[2026-04-21 19:09:06] SlimMonoLogger.INFO: Cron ran at: 21-04-2026 07:09:06 PM [] []
[2026-04-21 19:09:14] SlimMonoLogger.INFO: Cron ran at: 21-04-2026 07:09:14 PM [] []
[2026-04-21 19:09:22] SlimMonoLogger.INFO: Cron ran at: 21-04-2026 07:09:22 PM [] []
[2026-04-21 19:09:27] SlimMonoLogger.INFO: Cron ran at: 21-04-2026 07:09:27 PM [] []
[2026-04-21 19:09:27] SlimMonoLogger.INFO: Cron ran at: 21-04-2026 07:09:27 PM [] []
[2026-04-21 19:09:28] SlimMonoLogger.INFO: Cron ran at: 21-04-2026 07:09:28 PM [] []
[2026-04-21 19:09:37] SlimMonoLogger.INFO: Cron ran at: 21-04-2026 07:09:37 PM [] []
[2026-04-21 19:09:50] SlimMonoLogger.INFO: Cron ran at: 21-04-2026 07:09:50 PM [] []
[2026-04-21 19:09:57] SlimMonoLogger.INFO: Cron ran at: 21-04-2026 07:09:57 PM [] []
[2026-04-21 19:10:03] SlimMonoLogger.INFO: Cron ran at: 21-04-2026 07:10:03 PM [] []
[2026-04-21 19:10:05] SlimMonoLogger.INFO: Cron ran at: 21-04-2026 07:10:05 PM [] []
[2026-04-21 19:10:12] SlimMonoLogger.INFO: Cron ran at: 21-04-2026 07:10:12 PM [] []
[2026-04-21 19:10:14] SlimMonoLogger.INFO: Cron ran at: 21-04-2026 07:10:14 PM [] []
[2026-04-21 19:10:17] SlimMonoLogger.INFO: Cron ran at: 21-04-2026 07:10:17 PM [] []
[2026-04-21 19:10:23] SlimMonoLogger.INFO: Cron ran at: 21-04-2026 07:10:23 PM [] []
[2026-04-21 19:10:28] SlimMonoLogger.INFO: Cron ran at: 21-04-2026 07:10:28 PM [] []
[2026-04-21 19:10:30] SlimMonoLogger.INFO: Cron ran at: 21-04-2026 07:10:30 PM [] []
[2026-04-21 19:10:30] SlimMonoLogger.INFO: Cron ran at: 21-04-2026 07:10:30 PM [] []
[2026-04-21 19:10:49] SlimMonoLogger.INFO: Cron ran at: 21-04-2026 07:10:49 PM [] []
[2026-04-21 19:11:00] SlimMonoLogger.INFO: Cron ran at: 21-04-2026 07:11:00 PM [] []
[2026-04-21 19:11:03] SlimMonoLogger.INFO: Cron ran at: 21-04-2026 07:11:03 PM [] []
[2026-04-21 19:11:15] SlimMonoLogger.INFO: Cron ran at: 21-04-2026 07:11:15 PM [] []
[2026-04-21 19:11:18] SlimMonoLogger.INFO: Cron ran at: 21-04-2026 07:11:18 PM [] []
[2026-04-21 19:11:20] SlimMonoLogger.INFO: Cron ran at: 21-04-2026 07:11:20 PM [] []
[2026-04-21 19:11:20] SlimMonoLogger.INFO: Cron ran at: 21-04-2026 07:11:20 PM [] []
[2026-04-21 19:11:22] SlimMonoLogger.INFO: Cron ran at: 21-04-2026 07:11:22 PM [] []
[2026-04-21 19:11:22] SlimMonoLogger.INFO: Cron ran at: 21-04-2026 07:11:22 PM [] []
[2026-04-21 19:11:22] SlimMonoLogger.INFO: Cron ran at: 21-04-2026 07:11:22 PM [] []
[2026-04-21 19:11:31] SlimMonoLogger.INFO: Cron ran at: 21-04-2026 07:11:31 PM [] []
[2026-04-21 19:11:32] SlimMonoLogger.INFO: Cron ran at: 21-04-2026 07:11:32 PM [] []
[2026-04-21 19:11:59] SlimMonoLogger.INFO: Cron ran at: 21-04-2026 07:11:59 PM [] []
[2026-04-21 19:12:05] SlimMonoLogger.INFO: Cron ran at: 21-04-2026 07:12:05 PM [] []
[2026-04-21 19:12:17] SlimMonoLogger.INFO: Cron ran at: 21-04-2026 07:12:17 PM [] []
[2026-04-21 19:12:18] SlimMonoLogger.INFO: Cron ran at: 21-04-2026 07:12:18 PM [] []
[2026-04-21 19:12:18] SlimMonoLogger.INFO: Cron ran at: 21-04-2026 07:12:18 PM [] []
[2026-04-21 19:12:18] SlimMonoLogger.INFO: Cron ran at: 21-04-2026 07:12:18 PM [] []
[2026-04-21 19:12:23] SlimMonoLogger.INFO: Cron ran at: 21-04-2026 07:12:23 PM [] []
[2026-04-21 19:12:28] SlimMonoLogger.INFO: Cron ran at: 21-04-2026 07:12:28 PM [] []
[2026-04-21 19:12:30] SlimMonoLogger.INFO: Cron ran at: 21-04-2026 07:12:30 PM [] []
[2026-04-21 19:12:33] SlimMonoLogger.INFO: Cron ran at: 21-04-2026 07:12:33 PM [] []
[2026-04-21 19:12:42] SlimMonoLogger.INFO: Cron ran at: 21-04-2026 07:12:42 PM [] []
[2026-04-21 19:12:42] SlimMonoLogger.INFO: Cron ran at: 21-04-2026 07:12:42 PM [] []
[2026-04-21 19:12:59] SlimMonoLogger.INFO: Cron ran at: 21-04-2026 07:12:59 PM [] []
[2026-04-21 19:13:00] SlimMonoLogger.INFO: Cron ran at: 21-04-2026 07:13:00 PM [] []
[2026-04-21 19:13:14] SlimMonoLogger.INFO: Cron ran at: 21-04-2026 07:13:14 PM [] []
[2026-04-21 19:13:14] SlimMonoLogger.INFO: Cron ran at: 21-04-2026 07:13:14 PM [] []
[2026-04-21 19:13:14] SlimMonoLogger.INFO: Cron ran at: 21-04-2026 07:13:14 PM [] []
[2026-04-21 19:13:18] SlimMonoLogger.INFO: Cron ran at: 21-04-2026 07:13:18 PM [] []
[2026-04-21 19:13:23] SlimMonoLogger.INFO: Cron ran at: 21-04-2026 07:13:23 PM [] []
[2026-04-21 19:13:28] SlimMonoLogger.INFO: Cron ran at: 21-04-2026 07:13:28 PM [] []
[2026-04-21 19:13:34] SlimMonoLogger.INFO: Cron ran at: 21-04-2026 07:13:34 PM [] []
[2026-04-21 19:13:34] SlimMonoLogger.INFO: Cron ran at: 21-04-2026 07:13:34 PM [] []
[2026-04-21 19:13:34] SlimMonoLogger.INFO: Cron ran at: 21-04-2026 07:13:34 PM [] []
[2026-04-21 19:13:41] SlimMonoLogger.INFO: Cron ran at: 21-04-2026 07:13:41 PM [] []
[2026-04-21 19:14:00] SlimMonoLogger.INFO: Cron ran at: 21-04-2026 07:14:00 PM [] []
[2026-04-21 19:14:09] SlimMonoLogger.INFO: Cron ran at: 21-04-2026 07:14:09 PM [] []
[2026-04-21 19:14:13] SlimMonoLogger.INFO: Cron ran at: 21-04-2026 07:14:13 PM [] []
[2026-04-21 19:14:13] SlimMonoLogger.INFO: Cron ran at: 21-04-2026 07:14:13 PM [] []
[2026-04-21 19:14:17] SlimMonoLogger.INFO: Cron ran at: 21-04-2026 07:14:17 PM [] []
[2026-04-21 19:14:25] SlimMonoLogger.INFO: Cron ran at: 21-04-2026 07:14:25 PM [] []
[2026-04-21 19:14:29] SlimMonoLogger.INFO: Cron ran at: 21-04-2026 07:14:29 PM [] []
[2026-04-21 19:14:30] SlimMonoLogger.INFO: Cron ran at: 21-04-2026 07:14:30 PM [] []
[2026-04-21 19:14:31] SlimMonoLogger.INFO: Cron ran at: 21-04-2026 07:14:31 PM [] []
[2026-04-21 19:14:31] SlimMonoLogger.INFO: Cron ran at: 21-04-2026 07:14:31 PM [] []
[2026-04-21 19:14:37] SlimMonoLogger.INFO: Cron ran at: 21-04-2026 07:14:37 PM [] []
[2026-04-21 19:14:42] SlimMonoLogger.INFO: Cron ran at: 21-04-2026 07:14:42 PM [] []
[2026-04-21 19:15:08] SlimMonoLogger.INFO: Cron ran at: 21-04-2026 07:15:08 PM [] []
[2026-04-21 19:15:12] SlimMonoLogger.INFO: Cron ran at: 21-04-2026 07:15:12 PM [] []
[2026-04-21 19:15:16] SlimMonoLogger.INFO: Cron ran at: 21-04-2026 07:15:16 PM [] []
[2026-04-21 19:15:24] SlimMonoLogger.INFO: Cron ran at: 21-04-2026 07:15:24 PM [] []
[2026-04-21 19:15:27] SlimMonoLogger.INFO: Cron ran at: 21-04-2026 07:15:27 PM [] []
[2026-04-21 19:15:29] SlimMonoLogger.INFO: Cron ran at: 21-04-2026 07:15:29 PM [] []
[2026-04-21 19:15:29] SlimMonoLogger.INFO: Cron ran at: 21-04-2026 07:15:29 PM [] []
[2026-04-21 19:15:32] SlimMonoLogger.INFO: Cron ran at: 21-04-2026 07:15:32 PM [] []
[2026-04-21 19:15:37] SlimMonoLogger.INFO: Cron ran at: 21-04-2026 07:15:37 PM [] []
[2026-04-21 19:15:37] SlimMonoLogger.INFO: Cron ran at: 21-04-2026 07:15:37 PM [] []
[2026-04-21 19:15:45] SlimMonoLogger.INFO: Cron ran at: 21-04-2026 07:15:45 PM [] []
[2026-04-21 19:15:54] SlimMonoLogger.INFO: Cron ran at: 21-04-2026 07:15:54 PM [] []
[2026-04-21 19:16:07] SlimMonoLogger.INFO: Cron ran at: 21-04-2026 07:16:07 PM [] []
[2026-04-21 19:16:18] SlimMonoLogger.INFO: Cron ran at: 21-04-2026 07:16:18 PM [] []
[2026-04-21 19:16:18] SlimMonoLogger.INFO: Cron ran at: 21-04-2026 07:16:18 PM [] []
[2026-04-21 19:16:18] SlimMonoLogger.INFO: Cron ran at: 21-04-2026 07:16:18 PM [] []
[2026-04-21 19:16:26] SlimMonoLogger.INFO: Cron ran at: 21-04-2026 07:16:26 PM [] []
[2026-04-21 19:16:26] SlimMonoLogger.INFO: Cron ran at: 21-04-2026 07:16:26 PM [] []
[2026-04-21 19:16:29] SlimMonoLogger.INFO: Cron ran at: 21-04-2026 07:16:29 PM [] []
[2026-04-21 19:16:40] SlimMonoLogger.INFO: Cron ran at: 21-04-2026 07:16:40 PM [] []
[2026-04-21 19:16:40] SlimMonoLogger.INFO: Cron ran at: 21-04-2026 07:16:40 PM [] []
[2026-04-21 19:16:40] SlimMonoLogger.INFO: Cron ran at: 21-04-2026 07:16:40 PM [] []
[2026-04-21 19:16:41] SlimMonoLogger.INFO: Cron ran at: 21-04-2026 07:16:41 PM [] []
[2026-04-21 19:16:43] SlimMonoLogger.INFO: Cron ran at: 21-04-2026 07:16:43 PM [] []
[2026-04-21 19:16:50] SlimMonoLogger.INFO: Cron ran at: 21-04-2026 07:16:50 PM [] []
[2026-04-21 19:17:10] SlimMonoLogger.INFO: Cron ran at: 21-04-2026 07:17:10 PM [] []
[2026-04-21 19:17:14] SlimMonoLogger.INFO: Cron ran at: 21-04-2026 07:17:14 PM [] []
[2026-04-21 19:17:16] SlimMonoLogger.INFO: Cron ran at: 21-04-2026 07:17:16 PM [] []
[2026-04-21 19:17:21] SlimMonoLogger.INFO: Cron ran at: 21-04-2026 07:17:21 PM [] []
[2026-04-21 19:17:26] SlimMonoLogger.INFO: Cron ran at: 21-04-2026 07:17:26 PM [] []
[2026-04-21 19:17:28] SlimMonoLogger.INFO: Cron ran at: 21-04-2026 07:17:28 PM [] []
[2026-04-21 19:17:31] SlimMonoLogger.INFO: Cron ran at: 21-04-2026 07:17:31 PM [] []
[2026-04-21 19:17:34] SlimMonoLogger.INFO: Cron ran at: 21-04-2026 07:17:34 PM [] []
[2026-04-21 19:17:39] SlimMonoLogger.INFO: Cron ran at: 21-04-2026 07:17:39 PM [] []
[2026-04-21 19:17:42] SlimMonoLogger.INFO: Cron ran at: 21-04-2026 07:17:42 PM [] []
[2026-04-21 19:17:43] SlimMonoLogger.INFO: Cron ran at: 21-04-2026 07:17:43 PM [] []
[2026-04-21 19:17:44] SlimMonoLogger.INFO: Cron ran at: 21-04-2026 07:17:44 PM [] []
[2026-04-21 19:17:47] SlimMonoLogger.INFO: Cron ran at: 21-04-2026 07:17:47 PM [] []
[2026-04-21 19:18:14] SlimMonoLogger.INFO: Cron ran at: 21-04-2026 07:18:14 PM [] []
[2026-04-21 19:18:14] SlimMonoLogger.INFO: Cron ran at: 21-04-2026 07:18:14 PM [] []
[2026-04-21 19:18:15] SlimMonoLogger.INFO: Cron ran at: 21-04-2026 07:18:15 PM [] []
[2026-04-21 19:18:18] SlimMonoLogger.INFO: Cron ran at: 21-04-2026 07:18:18 PM [] []
[2026-04-21 19:18:24] SlimMonoLogger.INFO: Cron ran at: 21-04-2026 07:18:24 PM [] []
[2026-04-21 19:18:33] SlimMonoLogger.INFO: Cron ran at: 21-04-2026 07:18:33 PM [] []
[2026-04-21 19:18:35] SlimMonoLogger.INFO: Cron ran at: 21-04-2026 07:18:35 PM [] []
[2026-04-21 19:18:36] SlimMonoLogger.INFO: Cron ran at: 21-04-2026 07:18:36 PM [] []
[2026-04-21 19:18:45] SlimMonoLogger.INFO: Cron ran at: 21-04-2026 07:18:45 PM [] []
[2026-04-21 19:18:46] SlimMonoLogger.INFO: Cron ran at: 21-04-2026 07:18:46 PM [] []
[2026-04-21 19:18:46] SlimMonoLogger.INFO: Cron ran at: 21-04-2026 07:18:46 PM [] []
[2026-04-21 19:19:03] SlimMonoLogger.INFO: Cron ran at: 21-04-2026 07:19:03 PM [] []
[2026-04-21 19:19:14] SlimMonoLogger.INFO: Cron ran at: 21-04-2026 07:19:14 PM [] []
[2026-04-21 19:19:16] SlimMonoLogger.INFO: Cron ran at: 21-04-2026 07:19:16 PM [] []
[2026-04-21 19:19:16] SlimMonoLogger.INFO: Cron ran at: 21-04-2026 07:19:16 PM [] []
[2026-04-21 19:19:20] SlimMonoLogger.INFO: Cron ran at: 21-04-2026 07:19:20 PM [] []
[2026-04-21 19:19:25] SlimMonoLogger.INFO: Cron ran at: 21-04-2026 07:19:25 PM [] []
[2026-04-21 19:19:33] SlimMonoLogger.INFO: Cron ran at: 21-04-2026 07:19:33 PM [] []
[2026-04-21 19:19:34] SlimMonoLogger.INFO: Cron ran at: 21-04-2026 07:19:34 PM [] []
[2026-04-21 19:19:42] SlimMonoLogger.INFO: Cron ran at: 21-04-2026 07:19:42 PM [] []
[2026-04-21 19:19:47] SlimMonoLogger.INFO: Cron ran at: 21-04-2026 07:19:47 PM [] []
[2026-04-21 19:19:49] SlimMonoLogger.INFO: Cron ran at: 21-04-2026 07:19:49 PM [] []
[2026-04-21 19:19:50] SlimMonoLogger.INFO: Cron ran at: 21-04-2026 07:19:50 PM [] []
[2026-04-21 19:19:59] SlimMonoLogger.INFO: Cron ran at: 21-04-2026 07:19:59 PM [] []
[2026-04-21 19:20:17] SlimMonoLogger.INFO: Cron ran at: 21-04-2026 07:20:17 PM [] []
[2026-04-21 19:20:18] SlimMonoLogger.INFO: Cron ran at: 21-04-2026 07:20:18 PM [] []
[2026-04-21 19:20:19] SlimMonoLogger.INFO: Cron ran at: 21-04-2026 07:20:19 PM [] []
[2026-04-21 19:20:28] SlimMonoLogger.INFO: Cron ran at: 21-04-2026 07:20:28 PM [] []
[2026-04-21 19:20:33] SlimMonoLogger.INFO: Cron ran at: 21-04-2026 07:20:33 PM [] []
[2026-04-21 19:20:41] SlimMonoLogger.INFO: Cron ran at: 21-04-2026 07:20:41 PM [] []
[2026-04-21 19:20:47] SlimMonoLogger.INFO: Cron ran at: 21-04-2026 07:20:47 PM [] []
[2026-04-21 19:20:54] SlimMonoLogger.INFO: Cron ran at: 21-04-2026 07:20:54 PM [] []
[2026-04-21 19:20:56] SlimMonoLogger.INFO: Cron ran at: 21-04-2026 07:20:56 PM [] []
[2026-04-21 19:20:56] SlimMonoLogger.INFO: Cron ran at: 21-04-2026 07:20:56 PM [] []
[2026-04-21 19:20:57] SlimMonoLogger.INFO: Cron ran at: 21-04-2026 07:20:57 PM [] []
[2026-04-21 19:21:01] SlimMonoLogger.INFO: Cron ran at: 21-04-2026 07:21:01 PM [] []
[2026-04-21 19:21:16] SlimMonoLogger.INFO: Cron ran at: 21-04-2026 07:21:16 PM [] []
[2026-04-21 19:21:17] SlimMonoLogger.INFO: Cron ran at: 21-04-2026 07:21:17 PM [] []
[2026-04-21 19:21:26] SlimMonoLogger.INFO: Cron ran at: 21-04-2026 07:21:26 PM [] []
[2026-04-21 19:21:35] SlimMonoLogger.INFO: Cron ran at: 21-04-2026 07:21:35 PM [] []
[2026-04-21 19:21:36] SlimMonoLogger.INFO: Cron ran at: 21-04-2026 07:21:36 PM [] []
[2026-04-21 19:21:36] SlimMonoLogger.INFO: Cron ran at: 21-04-2026 07:21:36 PM [] []
[2026-04-21 19:21:45] SlimMonoLogger.INFO: Cron ran at: 21-04-2026 07:21:45 PM [] []
[2026-04-21 19:21:49] SlimMonoLogger.INFO: Cron ran at: 21-04-2026 07:21:49 PM [] []
[2026-04-21 19:21:57] SlimMonoLogger.INFO: Cron ran at: 21-04-2026 07:21:57 PM [] []
[2026-04-21 19:21:57] SlimMonoLogger.INFO: Cron ran at: 21-04-2026 07:21:57 PM [] []
[2026-04-21 19:22:02] SlimMonoLogger.INFO: Cron ran at: 21-04-2026 07:22:02 PM [] []
[2026-04-21 19:22:03] SlimMonoLogger.INFO: Cron ran at: 21-04-2026 07:22:03 PM [] []
[2026-04-21 19:22:10] SlimMonoLogger.INFO: Cron ran at: 21-04-2026 07:22:10 PM [] []
[2026-04-21 19:22:10] SlimMonoLogger.INFO: Cron ran at: 21-04-2026 07:22:10 PM [] []
[2026-04-21 19:22:18] SlimMonoLogger.INFO: Cron ran at: 21-04-2026 07:22:18 PM [] []
[2026-04-21 19:22:20] SlimMonoLogger.INFO: Cron ran at: 21-04-2026 07:22:20 PM [] []
[2026-04-21 19:22:31] SlimMonoLogger.INFO: Cron ran at: 21-04-2026 07:22:31 PM [] []
[2026-04-21 19:22:32] SlimMonoLogger.INFO: Cron ran at: 21-04-2026 07:22:32 PM [] []
[2026-04-21 19:22:33] SlimMonoLogger.INFO: Cron ran at: 21-04-2026 07:22:33 PM [] []
[2026-04-21 19:22:47] SlimMonoLogger.INFO: Cron ran at: 21-04-2026 07:22:47 PM [] []
[2026-04-21 19:22:50] SlimMonoLogger.INFO: Cron ran at: 21-04-2026 07:22:50 PM [] []
[2026-04-21 19:22:52] SlimMonoLogger.INFO: Cron ran at: 21-04-2026 07:22:52 PM [] []
[2026-04-21 19:23:01] SlimMonoLogger.INFO: Cron ran at: 21-04-2026 07:23:01 PM [] []
[2026-04-21 19:23:02] SlimMonoLogger.INFO: Cron ran at: 21-04-2026 07:23:02 PM [] []
[2026-04-21 19:23:02] SlimMonoLogger.INFO: Cron ran at: 21-04-2026 07:23:02 PM [] []
[2026-04-21 19:23:06] SlimMonoLogger.INFO: Cron ran at: 21-04-2026 07:23:06 PM [] []
[2026-04-21 19:23:14] SlimMonoLogger.INFO: Cron ran at: 21-04-2026 07:23:14 PM [] []
[2026-04-21 19:23:18] SlimMonoLogger.INFO: Cron ran at: 21-04-2026 07:23:18 PM [] []
[2026-04-21 19:23:29] SlimMonoLogger.INFO: Cron ran at: 21-04-2026 07:23:29 PM [] []
[2026-04-21 19:23:30] SlimMonoLogger.INFO: Cron ran at: 21-04-2026 07:23:30 PM [] []
[2026-04-21 19:23:35] SlimMonoLogger.INFO: Cron ran at: 21-04-2026 07:23:35 PM [] []
[2026-04-21 19:23:47] SlimMonoLogger.INFO: Cron ran at: 21-04-2026 07:23:47 PM [] []
[2026-04-21 19:23:51] SlimMonoLogger.INFO: Cron ran at: 21-04-2026 07:23:51 PM [] []
[2026-04-21 19:24:02] SlimMonoLogger.INFO: Cron ran at: 21-04-2026 07:24:02 PM [] []
[2026-04-21 19:24:03] SlimMonoLogger.INFO: Cron ran at: 21-04-2026 07:24:03 PM [] []
[2026-04-21 19:24:04] SlimMonoLogger.INFO: Cron ran at: 21-04-2026 07:24:04 PM [] []
[2026-04-21 19:24:12] SlimMonoLogger.INFO: Cron ran at: 21-04-2026 07:24:12 PM [] []
[2026-04-21 19:24:13] SlimMonoLogger.INFO: Cron ran at: 21-04-2026 07:24:13 PM [] []
[2026-04-21 19:24:17] SlimMonoLogger.INFO: Cron ran at: 21-04-2026 07:24:17 PM [] []
[2026-04-21 19:24:18] SlimMonoLogger.INFO: Cron ran at: 21-04-2026 07:24:18 PM [] []
[2026-04-21 19:24:29] SlimMonoLogger.INFO: Cron ran at: 21-04-2026 07:24:29 PM [] []
[2026-04-21 19:24:37] SlimMonoLogger.INFO: Cron ran at: 21-04-2026 07:24:37 PM [] []
[2026-04-21 19:24:38] SlimMonoLogger.INFO: Cron ran at: 21-04-2026 07:24:38 PM [] []
[2026-04-21 19:24:47] SlimMonoLogger.INFO: Cron ran at: 21-04-2026 07:24:47 PM [] []
[2026-04-21 19:24:58] SlimMonoLogger.INFO: Cron ran at: 21-04-2026 07:24:58 PM [] []
[2026-04-21 19:24:59] SlimMonoLogger.INFO: Cron ran at: 21-04-2026 07:24:59 PM [] []
[2026-04-21 19:25:05] SlimMonoLogger.INFO: Cron ran at: 21-04-2026 07:25:05 PM [] []
[2026-04-21 19:25:06] SlimMonoLogger.INFO: Cron ran at: 21-04-2026 07:25:06 PM [] []
[2026-04-21 19:25:09] SlimMonoLogger.INFO: Cron ran at: 21-04-2026 07:25:09 PM [] []
[2026-04-21 19:25:17] SlimMonoLogger.INFO: Cron ran at: 21-04-2026 07:25:17 PM [] []
[2026-04-21 19:25:21] SlimMonoLogger.INFO: Cron ran at: 21-04-2026 07:25:21 PM [] []
[2026-04-21 19:25:22] SlimMonoLogger.INFO: Cron ran at: 21-04-2026 07:25:22 PM [] []
[2026-04-21 19:25:32] SlimMonoLogger.INFO: Cron ran at: 21-04-2026 07:25:32 PM [] []
[2026-04-21 19:25:40] SlimMonoLogger.INFO: Cron ran at: 21-04-2026 07:25:40 PM [] []
[2026-04-21 19:25:41] SlimMonoLogger.INFO: Cron ran at: 21-04-2026 07:25:41 PM [] []
[2026-04-21 19:25:46] SlimMonoLogger.INFO: Cron ran at: 21-04-2026 07:25:46 PM [] []
[2026-04-21 19:26:11] SlimMonoLogger.INFO: Cron ran at: 21-04-2026 07:26:11 PM [] []
[2026-04-21 19:26:11] SlimMonoLogger.INFO: Cron ran at: 21-04-2026 07:26:11 PM [] []
[2026-04-21 19:26:17] SlimMonoLogger.INFO: Cron ran at: 21-04-2026 07:26:17 PM [] []
[2026-04-21 19:26:17] SlimMonoLogger.INFO: Cron ran at: 21-04-2026 07:26:17 PM [] []
[2026-04-21 19:26:18] SlimMonoLogger.INFO: Cron ran at: 21-04-2026 07:26:18 PM [] []
[2026-04-21 19:26:18] SlimMonoLogger.INFO: Cron ran at: 21-04-2026 07:26:18 PM [] []
[2026-04-21 19:26:21] SlimMonoLogger.INFO: Cron ran at: 21-04-2026 07:26:21 PM [] []
[2026-04-21 19:26:21] SlimMonoLogger.INFO: Cron ran at: 21-04-2026 07:26:21 PM [] []
[2026-04-21 19:26:26] SlimMonoLogger.INFO: Cron ran at: 21-04-2026 07:26:26 PM [] []
[2026-04-21 19:26:33] SlimMonoLogger.INFO: Cron ran at: 21-04-2026 07:26:33 PM [] []
[2026-04-21 19:26:42] SlimMonoLogger.INFO: Cron ran at: 21-04-2026 07:26:42 PM [] []
[2026-04-21 19:26:45] SlimMonoLogger.INFO: Cron ran at: 21-04-2026 07:26:45 PM [] []
[2026-04-21 19:26:59] SlimMonoLogger.INFO: Cron ran at: 21-04-2026 07:26:59 PM [] []
[2026-04-21 19:27:00] SlimMonoLogger.INFO: Cron ran at: 21-04-2026 07:27:00 PM [] []
[2026-04-21 19:27:13] SlimMonoLogger.INFO: Cron ran at: 21-04-2026 07:27:13 PM [] []
[2026-04-21 19:27:13] SlimMonoLogger.INFO: Cron ran at: 21-04-2026 07:27:13 PM [] []
[2026-04-21 19:27:13] SlimMonoLogger.INFO: Cron ran at: 21-04-2026 07:27:13 PM [] []
[2026-04-21 19:27:18] SlimMonoLogger.INFO: Cron ran at: 21-04-2026 07:27:18 PM [] []
[2026-04-21 19:27:18] SlimMonoLogger.INFO: Cron ran at: 21-04-2026 07:27:18 PM [] []
[2026-04-21 19:27:20] SlimMonoLogger.INFO: Cron ran at: 21-04-2026 07:27:20 PM [] []
[2026-04-21 19:27:21] SlimMonoLogger.INFO: Cron ran at: 21-04-2026 07:27:21 PM [] []
[2026-04-21 19:27:21] SlimMonoLogger.INFO: Cron ran at: 21-04-2026 07:27:21 PM [] []
[2026-04-21 19:27:36] SlimMonoLogger.INFO: Cron ran at: 21-04-2026 07:27:36 PM [] []
[2026-04-21 19:27:51] SlimMonoLogger.INFO: Cron ran at: 21-04-2026 07:27:51 PM [] []
[2026-04-21 19:27:53] SlimMonoLogger.INFO: Cron ran at: 21-04-2026 07:27:53 PM [] []
[2026-04-21 19:27:56] SlimMonoLogger.INFO: Cron ran at: 21-04-2026 07:27:56 PM [] []
[2026-04-21 19:28:11] SlimMonoLogger.INFO: Cron ran at: 21-04-2026 07:28:11 PM [] []
[2026-04-21 19:28:13] SlimMonoLogger.INFO: Cron ran at: 21-04-2026 07:28:13 PM [] []
[2026-04-21 19:28:14] SlimMonoLogger.INFO: Cron ran at: 21-04-2026 07:28:14 PM [] []
[2026-04-21 19:28:15] SlimMonoLogger.INFO: Cron ran at: 21-04-2026 07:28:15 PM [] []
[2026-04-21 19:28:15] SlimMonoLogger.INFO: Cron ran at: 21-04-2026 07:28:15 PM [] []
[2026-04-21 19:28:26] SlimMonoLogger.INFO: Cron ran at: 21-04-2026 07:28:26 PM [] []
[2026-04-21 19:28:27] SlimMonoLogger.INFO: Cron ran at: 21-04-2026 07:28:27 PM [] []
[2026-04-21 19:28:27] SlimMonoLogger.INFO: Cron ran at: 21-04-2026 07:28:27 PM [] []
[2026-04-21 19:28:28] SlimMonoLogger.INFO: Cron ran at: 21-04-2026 07:28:28 PM [] []
[2026-04-21 19:28:31] SlimMonoLogger.INFO: Cron ran at: 21-04-2026 07:28:31 PM [] []
[2026-04-21 19:28:57] SlimMonoLogger.INFO: Cron ran at: 21-04-2026 07:28:57 PM [] []
[2026-04-21 19:28:57] SlimMonoLogger.INFO: Cron ran at: 21-04-2026 07:28:57 PM [] []
[2026-04-21 19:28:57] SlimMonoLogger.INFO: Cron ran at: 21-04-2026 07:28:57 PM [] []
[2026-04-21 19:29:15] SlimMonoLogger.INFO: Cron ran at: 21-04-2026 07:29:15 PM [] []
[2026-04-21 19:29:17] SlimMonoLogger.INFO: Cron ran at: 21-04-2026 07:29:17 PM [] []
[2026-04-21 19:29:18] SlimMonoLogger.INFO: Cron ran at: 21-04-2026 07:29:18 PM [] []
[2026-04-21 19:29:18] SlimMonoLogger.INFO: Cron ran at: 21-04-2026 07:29:18 PM [] []
[2026-04-21 19:29:26] SlimMonoLogger.INFO: Cron ran at: 21-04-2026 07:29:26 PM [] []
[2026-04-21 19:29:26] SlimMonoLogger.INFO: Cron ran at: 21-04-2026 07:29:26 PM [] []
[2026-04-21 19:29:29] SlimMonoLogger.INFO: Cron ran at: 21-04-2026 07:29:29 PM [] []
[2026-04-21 19:29:40] SlimMonoLogger.INFO: Cron ran at: 21-04-2026 07:29:40 PM [] []
[2026-04-21 19:29:48] SlimMonoLogger.INFO: Cron ran at: 21-04-2026 07:29:48 PM [] []
[2026-04-21 19:29:55] SlimMonoLogger.INFO: Cron ran at: 21-04-2026 07:29:55 PM [] []
[2026-04-21 19:30:11] SlimMonoLogger.INFO: Cron ran at: 21-04-2026 07:30:11 PM [] []
[2026-04-21 19:30:12] SlimMonoLogger.INFO: Cron ran at: 21-04-2026 07:30:12 PM [] []
[2026-04-21 19:30:22] SlimMonoLogger.INFO: Cron ran at: 21-04-2026 07:30:22 PM [] []
[2026-04-21 19:30:25] SlimMonoLogger.INFO: Cron ran at: 21-04-2026 07:30:25 PM [] []
[2026-04-21 19:30:25] SlimMonoLogger.INFO: Cron ran at: 21-04-2026 07:30:25 PM [] []
[2026-04-21 19:30:26] SlimMonoLogger.INFO: Cron ran at: 21-04-2026 07:30:26 PM [] []
[2026-04-21 19:30:27] SlimMonoLogger.INFO: Cron ran at: 21-04-2026 07:30:27 PM [] []
[2026-04-21 19:30:28] SlimMonoLogger.INFO: Cron ran at: 21-04-2026 07:30:28 PM [] []
[2026-04-21 19:30:28] SlimMonoLogger.INFO: Cron ran at: 21-04-2026 07:30:28 PM [] []
[2026-04-21 19:30:39] SlimMonoLogger.INFO: Cron ran at: 21-04-2026 07:30:39 PM [] []
[2026-04-21 19:31:03] SlimMonoLogger.INFO: Cron ran at: 21-04-2026 07:31:03 PM [] []
[2026-04-21 19:31:05] SlimMonoLogger.INFO: Cron ran at: 21-04-2026 07:31:05 PM [] []
[2026-04-21 19:31:10] SlimMonoLogger.INFO: Cron ran at: 21-04-2026 07:31:10 PM [] []
[2026-04-21 19:31:26] SlimMonoLogger.INFO: Cron ran at: 21-04-2026 07:31:26 PM [] []
[2026-04-21 19:31:26] SlimMonoLogger.INFO: Cron ran at: 21-04-2026 07:31:26 PM [] []
[2026-04-21 19:31:26] SlimMonoLogger.INFO: Cron ran at: 21-04-2026 07:31:26 PM [] []
[2026-04-21 19:31:27] SlimMonoLogger.INFO: Cron ran at: 21-04-2026 07:31:27 PM [] []
[2026-04-21 19:31:28] SlimMonoLogger.INFO: Cron ran at: 21-04-2026 07:31:28 PM [] []
[2026-04-21 19:31:29] SlimMonoLogger.INFO: Cron ran at: 21-04-2026 07:31:29 PM [] []
[2026-04-21 19:31:29] SlimMonoLogger.INFO: Cron ran at: 21-04-2026 07:31:29 PM [] []
[2026-04-21 19:31:45] SlimMonoLogger.INFO: Cron ran at: 21-04-2026 07:31:45 PM [] []
[2026-04-21 19:31:45] SlimMonoLogger.INFO: Cron ran at: 21-04-2026 07:31:45 PM [] []
[2026-04-21 19:31:47] SlimMonoLogger.INFO: Cron ran at: 21-04-2026 07:31:47 PM [] []
[2026-04-21 19:31:57] SlimMonoLogger.INFO: Cron ran at: 21-04-2026 07:31:57 PM [] []
[2026-04-21 19:32:08] SlimMonoLogger.INFO: Cron ran at: 21-04-2026 07:32:08 PM [] []
[2026-04-21 19:32:09] SlimMonoLogger.INFO: Cron ran at: 21-04-2026 07:32:09 PM [] []
[2026-04-21 19:32:15] SlimMonoLogger.INFO: Cron ran at: 21-04-2026 07:32:15 PM [] []
[2026-04-21 19:32:19] SlimMonoLogger.INFO: Cron ran at: 21-04-2026 07:32:19 PM [] []
[2026-04-21 19:32:20] SlimMonoLogger.INFO: Cron ran at: 21-04-2026 07:32:20 PM [] []
[2026-04-21 19:32:21] SlimMonoLogger.INFO: Cron ran at: 21-04-2026 07:32:21 PM [] []
[2026-04-21 19:32:23] SlimMonoLogger.INFO: Cron ran at: 21-04-2026 07:32:23 PM [] []
[2026-04-21 19:32:32] SlimMonoLogger.INFO: Cron ran at: 21-04-2026 07:32:32 PM [] []
[2026-04-21 19:32:34] SlimMonoLogger.INFO: Cron ran at: 21-04-2026 07:32:34 PM [] []
[2026-04-21 19:32:35] SlimMonoLogger.INFO: Cron ran at: 21-04-2026 07:32:35 PM [] []
[2026-04-21 19:32:41] SlimMonoLogger.INFO: Cron ran at: 21-04-2026 07:32:41 PM [] []
[2026-04-21 19:32:46] SlimMonoLogger.INFO: Cron ran at: 21-04-2026 07:32:46 PM [] []
[2026-04-21 19:32:58] SlimMonoLogger.INFO: Cron ran at: 21-04-2026 07:32:58 PM [] []
[2026-04-21 19:33:01] SlimMonoLogger.INFO: Cron ran at: 21-04-2026 07:33:01 PM [] []
[2026-04-21 19:33:14] SlimMonoLogger.INFO: Cron ran at: 21-04-2026 07:33:14 PM [] []
[2026-04-21 19:33:18] SlimMonoLogger.INFO: Cron ran at: 21-04-2026 07:33:18 PM [] []
[2026-04-21 19:33:19] SlimMonoLogger.INFO: Cron ran at: 21-04-2026 07:33:19 PM [] []
[2026-04-21 19:33:23] SlimMonoLogger.INFO: Cron ran at: 21-04-2026 07:33:23 PM [] []
[2026-04-21 19:33:24] SlimMonoLogger.INFO: Cron ran at: 21-04-2026 07:33:24 PM [] []
[2026-04-21 19:33:31] SlimMonoLogger.INFO: Cron ran at: 21-04-2026 07:33:31 PM [] []
[2026-04-21 19:33:33] SlimMonoLogger.INFO: Cron ran at: 21-04-2026 07:33:33 PM [] []
[2026-04-21 19:33:34] SlimMonoLogger.INFO: Cron ran at: 21-04-2026 07:33:34 PM [] []
[2026-04-21 19:33:36] SlimMonoLogger.INFO: Cron ran at: 21-04-2026 07:33:36 PM [] []
[2026-04-21 19:33:36] SlimMonoLogger.INFO: Cron ran at: 21-04-2026 07:33:36 PM [] []
[2026-04-21 19:33:44] SlimMonoLogger.INFO: Cron ran at: 21-04-2026 07:33:44 PM [] []
[2026-04-21 19:34:07] SlimMonoLogger.INFO: Cron ran at: 21-04-2026 07:34:07 PM [] []
[2026-04-21 19:34:19] SlimMonoLogger.INFO: Cron ran at: 21-04-2026 07:34:19 PM [] []
[2026-04-21 19:34:19] SlimMonoLogger.INFO: Cron ran at: 21-04-2026 07:34:19 PM [] []
[2026-04-21 19:34:21] SlimMonoLogger.INFO: Cron ran at: 21-04-2026 07:34:21 PM [] []
[2026-04-21 19:34:24] SlimMonoLogger.INFO: Cron ran at: 21-04-2026 07:34:24 PM [] []
[2026-04-21 19:34:34] SlimMonoLogger.INFO: Cron ran at: 21-04-2026 07:34:34 PM [] []
[2026-04-21 19:34:35] SlimMonoLogger.INFO: Cron ran at: 21-04-2026 07:34:35 PM [] []
[2026-04-21 19:34:35] SlimMonoLogger.INFO: Cron ran at: 21-04-2026 07:34:35 PM [] []
[2026-04-21 19:34:43] SlimMonoLogger.INFO: Cron ran at: 21-04-2026 07:34:43 PM [] []
[2026-04-21 19:34:46] SlimMonoLogger.INFO: Cron ran at: 21-04-2026 07:34:46 PM [] []
[2026-04-21 19:34:48] SlimMonoLogger.INFO: Cron ran at: 21-04-2026 07:34:48 PM [] []
[2026-04-21 19:35:07] SlimMonoLogger.INFO: Cron ran at: 21-04-2026 07:35:07 PM [] []
[2026-04-21 19:35:16] SlimMonoLogger.INFO: Cron ran at: 21-04-2026 07:35:16 PM [] []
[2026-04-21 19:35:19] SlimMonoLogger.INFO: Cron ran at: 21-04-2026 07:35:19 PM [] []
[2026-04-21 19:35:21] SlimMonoLogger.INFO: Cron ran at: 21-04-2026 07:35:21 PM [] []
[2026-04-21 19:35:26] SlimMonoLogger.INFO: Cron ran at: 21-04-2026 07:35:26 PM [] []
[2026-04-21 19:35:29] SlimMonoLogger.INFO: Cron ran at: 21-04-2026 07:35:29 PM [] []
[2026-04-21 19:35:32] SlimMonoLogger.INFO: Cron ran at: 21-04-2026 07:35:32 PM [] []
[2026-04-21 19:35:37] SlimMonoLogger.INFO: Cron ran at: 21-04-2026 07:35:37 PM [] []
[2026-04-21 19:35:46] SlimMonoLogger.INFO: Cron ran at: 21-04-2026 07:35:46 PM [] []
[2026-04-21 19:35:47] SlimMonoLogger.INFO: Cron ran at: 21-04-2026 07:35:47 PM [] []
[2026-04-21 19:35:51] SlimMonoLogger.INFO: Cron ran at: 21-04-2026 07:35:51 PM [] []
[2026-04-21 19:35:52] SlimMonoLogger.INFO: Cron ran at: 21-04-2026 07:35:52 PM [] []
[2026-04-21 19:36:08] SlimMonoLogger.INFO: Cron ran at: 21-04-2026 07:36:08 PM [] []
[2026-04-21 19:36:21] SlimMonoLogger.INFO: Cron ran at: 21-04-2026 07:36:21 PM [] []
[2026-04-21 19:36:21] SlimMonoLogger.INFO: Cron ran at: 21-04-2026 07:36:21 PM [] []
[2026-04-21 19:36:26] SlimMonoLogger.INFO: Cron ran at: 21-04-2026 07:36:26 PM [] []
[2026-04-21 19:36:27] SlimMonoLogger.INFO: Cron ran at: 21-04-2026 07:36:27 PM [] []
[2026-04-21 19:36:27] SlimMonoLogger.INFO: Cron ran at: 21-04-2026 07:36:27 PM [] []
[2026-04-21 19:36:30] SlimMonoLogger.INFO: Cron ran at: 21-04-2026 07:36:30 PM [] []
[2026-04-21 19:36:39] SlimMonoLogger.INFO: Cron ran at: 21-04-2026 07:36:39 PM [] []
[2026-04-21 19:36:40] SlimMonoLogger.INFO: Cron ran at: 21-04-2026 07:36:40 PM [] []
[2026-04-21 19:36:44] SlimMonoLogger.INFO: Cron ran at: 21-04-2026 07:36:44 PM [] []
[2026-04-21 19:36:45] SlimMonoLogger.INFO: Cron ran at: 21-04-2026 07:36:45 PM [] []
[2026-04-21 19:36:48] SlimMonoLogger.INFO: Cron ran at: 21-04-2026 07:36:48 PM [] []
[2026-04-21 19:36:52] SlimMonoLogger.INFO: Cron ran at: 21-04-2026 07:36:52 PM [] []
[2026-04-21 19:37:08] SlimMonoLogger.ERROR: Requests_Exception: cURL error 28: Operation timed out after 500013 milliseconds with 0 bytes received in /home/latihtal/public_html/agregator1/src/vendor/rmccue/requests/library/Requests/Transport/cURL.php:422
Stack trace:
#0 /home/latihtal/public_html/agregator1/src/vendor/rmccue/requests/library/Requests/Transport/cURL.php(177): Requests_Transport_cURL->process_response()
#1 /home/latihtal/public_html/agregator1/src/vendor/rmccue/requests/library/Requests.php(379): Requests_Transport_cURL->request()
#2 /home/latihtal/public_html/agregator1/src/vendor/rmccue/requests/library/Requests/Session.php(205): Requests::request()
#3 /home/latihtal/public_html/agregator1/src/vendor/rmccue/requests/library/Requests/Session.php(132): Requests_Session->request()
#4 /home/latihtal/public_html/agregator1/src/drivers/Http/RssImporter.php(144): Requests_Session->get()
#5 /home/latihtal/public_html/agregator1/src/controllers/Dashboard/DashboardFeedsController.php(534): spark\drivers\Http\RssImporter->fetchPosts()
#6 /home/latihtal/public_html/agregator1/src/controllers/Site/SiteController.php(722): spark\controllers\Dashboard\DashboardFeedsController::importFeedPosts()
#7 [internal function]: spark\controllers\Site\SiteController->runTasks()
#8 /home/latihtal/public_html/agregator1/src/framework/Route.php(173): call_user_func_array()
#9 [internal function]: Slim\Route->Slim\{closure}()
#10 /home/latihtal/public_html/agregator1/src/framework/Route.php(468): call_user_func_array()
#11 /home/latihtal/public_html/agregator1/src/framework/Slim.php(1364): Slim\Route->dispatch()
#12 /home/latihtal/public_html/agregator1/src/framework/Middleware/Flash.php(85): Slim\Slim->call()
#13 /home/latihtal/public_html/agregator1/src/framework/Middleware/MethodOverride.php(92): Slim\Middleware\Flash->call()
#14 /home/latihtal/public_html/agregator1/src/middlewares/CsrfGuard/CsrfGuard.php(47): Slim\Middleware\MethodOverride->call()
#15 /home/latihtal/public_html/agregator1/src/framework/Middleware/PrettyExceptions.php(67): spark\middlewares\CsrfGuard\CsrfGuard->call()
#16 /home/latihtal/public_html/agregator1/src/framework/Slim.php(1308): Slim\Middleware\PrettyExceptions->call()
#17 /home/latihtal/public_html/agregator1/index.php(6): Slim\Slim->run()
#18 {main} [] []
[2026-04-21 19:37:12] SlimMonoLogger.INFO: Cron ran at: 21-04-2026 07:37:12 PM [] []
[2026-04-21 19:37:13] SlimMonoLogger.INFO: Cron ran at: 21-04-2026 07:37:13 PM [] []
[2026-04-21 19:37:17] SlimMonoLogger.INFO: Cron ran at: 21-04-2026 07:37:17 PM [] []
[2026-04-21 19:37:26] SlimMonoLogger.INFO: Cron ran at: 21-04-2026 07:37:26 PM [] []
[2026-04-21 19:37:27] SlimMonoLogger.INFO: Cron ran at: 21-04-2026 07:37:27 PM [] []
[2026-04-21 19:37:29] SlimMonoLogger.INFO: Cron ran at: 21-04-2026 07:37:29 PM [] []
[2026-04-21 19:37:42] SlimMonoLogger.INFO: Cron ran at: 21-04-2026 07:37:42 PM [] []
[2026-04-21 19:37:46] SlimMonoLogger.INFO: Cron ran at: 21-04-2026 07:37:46 PM [] []
[2026-04-21 19:37:47] SlimMonoLogger.INFO: Cron ran at: 21-04-2026 07:37:47 PM [] []
[2026-04-21 19:37:48] SlimMonoLogger.INFO: Cron ran at: 21-04-2026 07:37:48 PM [] []
[2026-04-21 19:37:48] SlimMonoLogger.INFO: Cron ran at: 21-04-2026 07:37:48 PM [] []
[2026-04-21 19:37:52] SlimMonoLogger.INFO: Cron ran at: 21-04-2026 07:37:52 PM [] []
[2026-04-21 19:37:57] SlimMonoLogger.INFO: Cron ran at: 21-04-2026 07:37:57 PM [] []
[2026-04-21 19:37:57] SlimMonoLogger.INFO: Cron ran at: 21-04-2026 07:37:57 PM [] []
[2026-04-21 19:38:17] SlimMonoLogger.INFO: Cron ran at: 21-04-2026 07:38:17 PM [] []
[2026-04-21 19:38:17] SlimMonoLogger.INFO: Cron ran at: 21-04-2026 07:38:17 PM [] []
[2026-04-21 19:38:20] SlimMonoLogger.INFO: Cron ran at: 21-04-2026 07:38:20 PM [] []
[2026-04-21 19:38:29] SlimMonoLogger.INFO: Cron ran at: 21-04-2026 07:38:29 PM [] []
[2026-04-21 19:38:30] SlimMonoLogger.INFO: Cron ran at: 21-04-2026 07:38:30 PM [] []
[2026-04-21 19:38:30] SlimMonoLogger.INFO: Cron ran at: 21-04-2026 07:38:30 PM [] []
[2026-04-21 19:38:41] SlimMonoLogger.INFO: Cron ran at: 21-04-2026 07:38:41 PM [] []
[2026-04-21 19:38:42] SlimMonoLogger.INFO: Cron ran at: 21-04-2026 07:38:42 PM [] []
[2026-04-21 19:38:45] SlimMonoLogger.INFO: Cron ran at: 21-04-2026 07:38:45 PM [] []
[2026-04-21 19:38:59] SlimMonoLogger.INFO: Cron ran at: 21-04-2026 07:38:59 PM [] []
[2026-04-21 19:38:59] SlimMonoLogger.INFO: Cron ran at: 21-04-2026 07:38:59 PM [] []
[2026-04-21 19:39:02] SlimMonoLogger.INFO: Cron ran at: 21-04-2026 07:39:02 PM [] []
[2026-04-21 19:39:21] SlimMonoLogger.INFO: Cron ran at: 21-04-2026 07:39:21 PM [] []
[2026-04-21 19:39:21] SlimMonoLogger.INFO: Cron ran at: 21-04-2026 07:39:21 PM [] []
[2026-04-21 19:39:21] SlimMonoLogger.INFO: Cron ran at: 21-04-2026 07:39:21 PM [] []
[2026-04-21 19:39:34] SlimMonoLogger.INFO: Cron ran at: 21-04-2026 07:39:34 PM [] []
[2026-04-21 19:39:35] SlimMonoLogger.INFO: Cron ran at: 21-04-2026 07:39:35 PM [] []
[2026-04-21 19:39:45] SlimMonoLogger.INFO: Cron ran at: 21-04-2026 07:39:45 PM [] []
[2026-04-21 19:39:45] SlimMonoLogger.INFO: Cron ran at: 21-04-2026 07:39:45 PM [] []
[2026-04-21 19:39:46] SlimMonoLogger.INFO: Cron ran at: 21-04-2026 07:39:46 PM [] []
[2026-04-21 19:39:57] SlimMonoLogger.INFO: Cron ran at: 21-04-2026 07:39:57 PM [] []
[2026-04-21 19:40:00] SlimMonoLogger.INFO: Cron ran at: 21-04-2026 07:40:00 PM [] []
[2026-04-21 19:40:01] SlimMonoLogger.INFO: Cron ran at: 21-04-2026 07:40:01 PM [] []
[2026-04-21 19:40:10] SlimMonoLogger.INFO: Cron ran at: 21-04-2026 07:40:10 PM [] []
[2026-04-21 19:40:19] SlimMonoLogger.INFO: Cron ran at: 21-04-2026 07:40:19 PM [] []
[2026-04-21 19:40:30] SlimMonoLogger.INFO: Cron ran at: 21-04-2026 07:40:30 PM [] []
[2026-04-21 19:40:31] SlimMonoLogger.INFO: Cron ran at: 21-04-2026 07:40:31 PM [] []
[2026-04-21 19:40:32] SlimMonoLogger.INFO: Cron ran at: 21-04-2026 07:40:32 PM [] []
[2026-04-21 19:40:36] SlimMonoLogger.INFO: Cron ran at: 21-04-2026 07:40:36 PM [] []
[2026-04-21 19:40:46] SlimMonoLogger.INFO: Cron ran at: 21-04-2026 07:40:46 PM [] []
[2026-04-21 19:40:56] SlimMonoLogger.INFO: Cron ran at: 21-04-2026 07:40:56 PM [] []
[2026-04-21 19:40:56] SlimMonoLogger.INFO: Cron ran at: 21-04-2026 07:40:56 PM [] []
[2026-04-21 19:40:57] SlimMonoLogger.INFO: Cron ran at: 21-04-2026 07:40:57 PM [] []
[2026-04-21 19:41:03] SlimMonoLogger.INFO: Cron ran at: 21-04-2026 07:41:03 PM [] []
[2026-04-21 19:41:06] SlimMonoLogger.INFO: Cron ran at: 21-04-2026 07:41:06 PM [] []
[2026-04-21 19:41:16] SlimMonoLogger.INFO: Cron ran at: 21-04-2026 07:41:16 PM [] []
[2026-04-21 19:41:17] SlimMonoLogger.INFO: Cron ran at: 21-04-2026 07:41:17 PM [] []
[2026-04-21 19:41:19] SlimMonoLogger.INFO: Cron ran at: 21-04-2026 07:41:19 PM [] []
[2026-04-21 19:41:25] SlimMonoLogger.INFO: Cron ran at: 21-04-2026 07:41:25 PM [] []
[2026-04-21 19:41:26] SlimMonoLogger.INFO: Cron ran at: 21-04-2026 07:41:26 PM [] []
[2026-04-21 19:41:41] SlimMonoLogger.INFO: Cron ran at: 21-04-2026 07:41:41 PM [] []
[2026-04-21 19:41:41] SlimMonoLogger.INFO: Cron ran at: 21-04-2026 07:41:41 PM [] []
[2026-04-21 19:41:42] SlimMonoLogger.INFO: Cron ran at: 21-04-2026 07:41:42 PM [] []
[2026-04-21 19:41:50] SlimMonoLogger.INFO: Cron ran at: 21-04-2026 07:41:50 PM [] []
[2026-04-21 19:41:51] SlimMonoLogger.INFO: Cron ran at: 21-04-2026 07:41:51 PM [] []
[2026-04-21 19:41:53] SlimMonoLogger.INFO: Cron ran at: 21-04-2026 07:41:53 PM [] []
[2026-04-21 19:42:04] SlimMonoLogger.INFO: Cron ran at: 21-04-2026 07:42:04 PM [] []
[2026-04-21 19:42:05] SlimMonoLogger.INFO: Cron ran at: 21-04-2026 07:42:05 PM [] []
[2026-04-21 19:42:08] SlimMonoLogger.INFO: Cron ran at: 21-04-2026 07:42:08 PM [] []
[2026-04-21 19:42:12] SlimMonoLogger.INFO: Cron ran at: 21-04-2026 07:42:12 PM [] []
[2026-04-21 19:42:16] SlimMonoLogger.INFO: Cron ran at: 21-04-2026 07:42:16 PM [] []
[2026-04-21 19:42:18] SlimMonoLogger.ERROR: Requests_Exception: cURL error 28: Operation timed out after 500001 milliseconds with 15828 bytes received in /home/latihtal/public_html/agregator1/src/vendor/rmccue/requests/library/Requests/Transport/cURL.php:422
Stack trace:
#0 /home/latihtal/public_html/agregator1/src/vendor/rmccue/requests/library/Requests/Transport/cURL.php(177): Requests_Transport_cURL->process_response()
#1 /home/latihtal/public_html/agregator1/src/vendor/rmccue/requests/library/Requests.php(379): Requests_Transport_cURL->request()
#2 /home/latihtal/public_html/agregator1/src/vendor/rmccue/requests/library/Requests/Session.php(205): Requests::request()
#3 /home/latihtal/public_html/agregator1/src/vendor/rmccue/requests/library/Requests/Session.php(132): Requests_Session->request()
#4 /home/latihtal/public_html/agregator1/src/drivers/Http/RssImporter.php(144): Requests_Session->get()
#5 /home/latihtal/public_html/agregator1/src/controllers/Dashboard/DashboardFeedsController.php(534): spark\drivers\Http\RssImporter->fetchPosts()
#6 /home/latihtal/public_html/agregator1/src/controllers/Site/SiteController.php(722): spark\controllers\Dashboard\DashboardFeedsController::importFeedPosts()
#7 [internal function]: spark\controllers\Site\SiteController->runTasks()
#8 /home/latihtal/public_html/agregator1/src/framework/Route.php(173): call_user_func_array()
#9 [internal function]: Slim\Route->Slim\{closure}()
#10 /home/latihtal/public_html/agregator1/src/framework/Route.php(468): call_user_func_array()
#11 /home/latihtal/public_html/agregator1/src/framework/Slim.php(1364): Slim\Route->dispatch()
#12 /home/latihtal/public_html/agregator1/src/framework/Middleware/Flash.php(85): Slim\Slim->call()
#13 /home/latihtal/public_html/agregator1/src/framework/Middleware/MethodOverride.php(92): Slim\Middleware\Flash->call()
#14 /home/latihtal/public_html/agregator1/src/middlewares/CsrfGuard/CsrfGuard.php(47): Slim\Middleware\MethodOverride->call()
#15 /home/latihtal/public_html/agregator1/src/framework/Middleware/PrettyExceptions.php(67): spark\middlewares\CsrfGuard\CsrfGuard->call()
#16 /home/latihtal/public_html/agregator1/src/framework/Slim.php(1308): Slim\Middleware\PrettyExceptions->call()
#17 /home/latihtal/public_html/agregator1/index.php(6): Slim\Slim->run()
#18 {main} [] []
[2026-04-21 19:42:20] SlimMonoLogger.INFO: Cron ran at: 21-04-2026 07:42:20 PM [] []
[2026-04-21 19:42:23] SlimMonoLogger.INFO: Cron ran at: 21-04-2026 07:42:23 PM [] []
[2026-04-21 19:42:33] SlimMonoLogger.INFO: Cron ran at: 21-04-2026 07:42:33 PM [] []
[2026-04-21 19:42:40] SlimMonoLogger.INFO: Cron ran at: 21-04-2026 07:42:40 PM [] []
[2026-04-21 19:42:51] SlimMonoLogger.INFO: Cron ran at: 21-04-2026 07:42:51 PM [] []
[2026-04-21 19:42:51] SlimMonoLogger.INFO: Cron ran at: 21-04-2026 07:42:51 PM [] []
[2026-04-21 19:42:51] SlimMonoLogger.INFO: Cron ran at: 21-04-2026 07:42:51 PM [] []
[2026-04-21 19:42:52] SlimMonoLogger.INFO: Cron ran at: 21-04-2026 07:42:52 PM [] []
[2026-04-21 19:43:04] SlimMonoLogger.INFO: Cron ran at: 21-04-2026 07:43:04 PM [] []
[2026-04-21 19:43:05] SlimMonoLogger.INFO: Cron ran at: 21-04-2026 07:43:05 PM [] []
[2026-04-21 19:43:11] SlimMonoLogger.INFO: Cron ran at: 21-04-2026 07:43:11 PM [] []
[2026-04-21 19:43:11] SlimMonoLogger.INFO: Cron ran at: 21-04-2026 07:43:11 PM [] []
[2026-04-21 19:43:11] SlimMonoLogger.INFO: Cron ran at: 21-04-2026 07:43:11 PM [] []
[2026-04-21 19:43:23] SlimMonoLogger.INFO: Cron ran at: 21-04-2026 07:43:23 PM [] []
[2026-04-21 19:43:27] SlimMonoLogger.INFO: Cron ran at: 21-04-2026 07:43:27 PM [] []
[2026-04-21 19:43:33] SlimMonoLogger.INFO: Cron ran at: 21-04-2026 07:43:33 PM [] []
[2026-04-21 19:43:37] SlimMonoLogger.INFO: Cron ran at: 21-04-2026 07:43:37 PM [] []
[2026-04-21 19:43:40] SlimMonoLogger.INFO: Cron ran at: 21-04-2026 07:43:40 PM [] []
[2026-04-21 19:44:03] SlimMonoLogger.INFO: Cron ran at: 21-04-2026 07:44:03 PM [] []
[2026-04-21 19:44:03] SlimMonoLogger.INFO: Cron ran at: 21-04-2026 07:44:03 PM [] []
[2026-04-21 19:44:03] SlimMonoLogger.INFO: Cron ran at: 21-04-2026 07:44:03 PM [] []
[2026-04-21 19:44:11] SlimMonoLogger.INFO: Cron ran at: 21-04-2026 07:44:11 PM [] []
[2026-04-21 19:44:11] SlimMonoLogger.INFO: Cron ran at: 21-04-2026 07:44:11 PM [] []
[2026-04-21 19:44:12] SlimMonoLogger.INFO: Cron ran at: 21-04-2026 07:44:12 PM [] []
[2026-04-21 19:44:19] SlimMonoLogger.INFO: Cron ran at: 21-04-2026 07:44:19 PM [] []
[2026-04-21 19:44:25] SlimMonoLogger.INFO: Cron ran at: 21-04-2026 07:44:25 PM [] []
[2026-04-21 19:44:29] SlimMonoLogger.INFO: Cron ran at: 21-04-2026 07:44:29 PM [] []
[2026-04-21 19:44:39] SlimMonoLogger.INFO: Cron ran at: 21-04-2026 07:44:39 PM [] []
[2026-04-21 19:44:40] SlimMonoLogger.INFO: Cron ran at: 21-04-2026 07:44:40 PM [] []
[2026-04-21 19:44:42] SlimMonoLogger.INFO: Cron ran at: 21-04-2026 07:44:42 PM [] []
[2026-04-21 19:44:51] SlimMonoLogger.INFO: Cron ran at: 21-04-2026 07:44:51 PM [] []
[2026-04-21 19:45:03] SlimMonoLogger.INFO: Cron ran at: 21-04-2026 07:45:03 PM [] []
[2026-04-21 19:45:05] SlimMonoLogger.INFO: Cron ran at: 21-04-2026 07:45:05 PM [] []
[2026-04-21 19:45:16] SlimMonoLogger.INFO: Cron ran at: 21-04-2026 07:45:16 PM [] []
[2026-04-21 19:45:20] SlimMonoLogger.INFO: Cron ran at: 21-04-2026 07:45:20 PM [] []
[2026-04-21 19:45:23] SlimMonoLogger.INFO: Cron ran at: 21-04-2026 07:45:23 PM [] []
[2026-04-21 19:45:26] SlimMonoLogger.INFO: Cron ran at: 21-04-2026 07:45:26 PM [] []
[2026-04-21 19:45:27] SlimMonoLogger.INFO: Cron ran at: 21-04-2026 07:45:27 PM [] []
[2026-04-21 19:45:28] SlimMonoLogger.INFO: Cron ran at: 21-04-2026 07:45:28 PM [] []
[2026-04-21 19:45:37] SlimMonoLogger.INFO: Cron ran at: 21-04-2026 07:45:37 PM [] []
[2026-04-21 19:45:42] SlimMonoLogger.INFO: Cron ran at: 21-04-2026 07:45:42 PM [] []
[2026-04-21 19:45:55] SlimMonoLogger.INFO: Cron ran at: 21-04-2026 07:45:55 PM [] []
[2026-04-21 19:46:05] SlimMonoLogger.INFO: Cron ran at: 21-04-2026 07:46:05 PM [] []
[2026-04-21 19:46:05] SlimMonoLogger.INFO: Cron ran at: 21-04-2026 07:46:05 PM [] []
[2026-04-21 19:46:20] SlimMonoLogger.INFO: Cron ran at: 21-04-2026 07:46:20 PM [] []
[2026-04-21 19:46:20] SlimMonoLogger.INFO: Cron ran at: 21-04-2026 07:46:20 PM [] []
[2026-04-21 19:46:21] SlimMonoLogger.INFO: Cron ran at: 21-04-2026 07:46:21 PM [] []
[2026-04-21 19:46:34] SlimMonoLogger.INFO: Cron ran at: 21-04-2026 07:46:34 PM [] []
[2026-04-21 19:46:35] SlimMonoLogger.INFO: Cron ran at: 21-04-2026 07:46:35 PM [] []
[2026-04-21 19:46:35] SlimMonoLogger.INFO: Cron ran at: 21-04-2026 07:46:35 PM [] []
[2026-04-21 19:46:36] SlimMonoLogger.INFO: Cron ran at: 21-04-2026 07:46:36 PM [] []
[2026-04-21 19:46:36] SlimMonoLogger.INFO: Cron ran at: 21-04-2026 07:46:36 PM [] []
[2026-04-21 19:46:44] SlimMonoLogger.INFO: Cron ran at: 21-04-2026 07:46:44 PM [] []
[2026-04-21 19:46:49] SlimMonoLogger.INFO: Cron ran at: 21-04-2026 07:46:49 PM [] []
[2026-04-21 19:46:51] SlimMonoLogger.INFO: Cron ran at: 21-04-2026 07:46:51 PM [] []
[2026-04-21 19:47:06] SlimMonoLogger.INFO: Cron ran at: 21-04-2026 07:47:06 PM [] []
[2026-04-21 19:47:17] SlimMonoLogger.INFO: Cron ran at: 21-04-2026 07:47:17 PM [] []
[2026-04-21 19:47:18] SlimMonoLogger.INFO: Cron ran at: 21-04-2026 07:47:18 PM [] []
[2026-04-21 19:47:18] SlimMonoLogger.INFO: Cron ran at: 21-04-2026 07:47:18 PM [] []
[2026-04-21 19:47:18] SlimMonoLogger.INFO: Cron ran at: 21-04-2026 07:47:18 PM [] []
[2026-04-21 19:47:27] SlimMonoLogger.INFO: Cron ran at: 21-04-2026 07:47:27 PM [] []
[2026-04-21 19:47:28] SlimMonoLogger.INFO: Cron ran at: 21-04-2026 07:47:28 PM [] []
[2026-04-21 19:47:28] SlimMonoLogger.INFO: Cron ran at: 21-04-2026 07:47:28 PM [] []
[2026-04-21 19:47:29] SlimMonoLogger.INFO: Cron ran at: 21-04-2026 07:47:29 PM [] []
[2026-04-21 19:47:40] SlimMonoLogger.INFO: Cron ran at: 21-04-2026 07:47:40 PM [] []
[2026-04-21 19:47:51] SlimMonoLogger.INFO: Cron ran at: 21-04-2026 07:47:51 PM [] []
[2026-04-21 19:47:52] SlimMonoLogger.INFO: Cron ran at: 21-04-2026 07:47:52 PM [] []
[2026-04-21 19:47:53] SlimMonoLogger.INFO: Cron ran at: 21-04-2026 07:47:53 PM [] []
[2026-04-21 19:48:09] SlimMonoLogger.INFO: Cron ran at: 21-04-2026 07:48:09 PM [] []
[2026-04-21 19:48:15] SlimMonoLogger.INFO: Cron ran at: 21-04-2026 07:48:15 PM [] []
[2026-04-21 19:48:15] SlimMonoLogger.INFO: Cron ran at: 21-04-2026 07:48:15 PM [] []
[2026-04-21 19:48:16] SlimMonoLogger.INFO: Cron ran at: 21-04-2026 07:48:16 PM [] []
[2026-04-21 19:48:22] SlimMonoLogger.INFO: Cron ran at: 21-04-2026 07:48:22 PM [] []
[2026-04-21 19:48:33] SlimMonoLogger.INFO: Cron ran at: 21-04-2026 07:48:33 PM [] []
[2026-04-21 19:48:34] SlimMonoLogger.INFO: Cron ran at: 21-04-2026 07:48:34 PM [] []
[2026-04-21 19:48:35] SlimMonoLogger.INFO: Cron ran at: 21-04-2026 07:48:35 PM [] []
[2026-04-21 19:48:36] SlimMonoLogger.INFO: Cron ran at: 21-04-2026 07:48:36 PM [] []
[2026-04-21 19:48:37] SlimMonoLogger.INFO: Cron ran at: 21-04-2026 07:48:37 PM [] []
[2026-04-21 19:48:50] SlimMonoLogger.INFO: Cron ran at: 21-04-2026 07:48:50 PM [] []
[2026-04-21 19:48:51] SlimMonoLogger.INFO: Cron ran at: 21-04-2026 07:48:51 PM [] []
[2026-04-21 19:49:00] SlimMonoLogger.INFO: Cron ran at: 21-04-2026 07:49:00 PM [] []
[2026-04-21 19:49:19] SlimMonoLogger.INFO: Cron ran at: 21-04-2026 07:49:19 PM [] []
[2026-04-21 19:49:21] SlimMonoLogger.INFO: Cron ran at: 21-04-2026 07:49:21 PM [] []
[2026-04-21 19:49:21] SlimMonoLogger.INFO: Cron ran at: 21-04-2026 07:49:21 PM [] []
[2026-04-21 19:49:28] SlimMonoLogger.INFO: Cron ran at: 21-04-2026 07:49:28 PM [] []
[2026-04-21 19:49:30] SlimMonoLogger.INFO: Cron ran at: 21-04-2026 07:49:30 PM [] []
[2026-04-21 19:49:34] SlimMonoLogger.INFO: Cron ran at: 21-04-2026 07:49:34 PM [] []
[2026-04-21 19:49:38] SlimMonoLogger.INFO: Cron ran at: 21-04-2026 07:49:38 PM [] []
[2026-04-21 19:49:40] SlimMonoLogger.INFO: Cron ran at: 21-04-2026 07:49:40 PM [] []
[2026-04-21 19:49:46] SlimMonoLogger.INFO: Cron ran at: 21-04-2026 07:49:46 PM [] []
[2026-04-21 19:49:51] SlimMonoLogger.INFO: Cron ran at: 21-04-2026 07:49:51 PM [] []
[2026-04-21 19:49:59] SlimMonoLogger.INFO: Cron ran at: 21-04-2026 07:49:59 PM [] []
[2026-04-21 19:50:00] SlimMonoLogger.INFO: Cron ran at: 21-04-2026 07:50:00 PM [] []
[2026-04-21 19:50:20] SlimMonoLogger.INFO: Cron ran at: 21-04-2026 07:50:20 PM [] []
[2026-04-21 19:50:22] SlimMonoLogger.INFO: Cron ran at: 21-04-2026 07:50:22 PM [] []
[2026-04-21 19:50:23] SlimMonoLogger.INFO: Cron ran at: 21-04-2026 07:50:23 PM [] []
[2026-04-21 19:50:23] SlimMonoLogger.INFO: Cron ran at: 21-04-2026 07:50:23 PM [] []
[2026-04-21 19:50:31] SlimMonoLogger.INFO: Cron ran at: 21-04-2026 07:50:31 PM [] []
[2026-04-21 19:50:39] SlimMonoLogger.INFO: Cron ran at: 21-04-2026 07:50:39 PM [] []
[2026-04-21 19:50:39] SlimMonoLogger.INFO: Cron ran at: 21-04-2026 07:50:39 PM [] []
[2026-04-21 19:50:40] SlimMonoLogger.INFO: Cron ran at: 21-04-2026 07:50:40 PM [] []
[2026-04-21 19:50:41] SlimMonoLogger.INFO: Cron ran at: 21-04-2026 07:50:41 PM [] []
[2026-04-21 19:50:59] SlimMonoLogger.INFO: Cron ran at: 21-04-2026 07:50:59 PM [] []
[2026-04-21 19:51:02] SlimMonoLogger.INFO: Cron ran at: 21-04-2026 07:51:02 PM [] []
[2026-04-21 19:51:02] SlimMonoLogger.INFO: Cron ran at: 21-04-2026 07:51:02 PM [] []
[2026-04-21 19:51:18] SlimMonoLogger.INFO: Cron ran at: 21-04-2026 07:51:18 PM [] []
[2026-04-21 19:51:18] SlimMonoLogger.INFO: Cron ran at: 21-04-2026 07:51:18 PM [] []
[2026-04-21 19:51:19] SlimMonoLogger.INFO: Cron ran at: 21-04-2026 07:51:19 PM [] []
[2026-04-21 19:51:24] SlimMonoLogger.INFO: Cron ran at: 21-04-2026 07:51:24 PM [] []
[2026-04-21 19:51:24] SlimMonoLogger.INFO: Cron ran at: 21-04-2026 07:51:24 PM [] []
[2026-04-21 19:51:39] SlimMonoLogger.INFO: Cron ran at: 21-04-2026 07:51:39 PM [] []
[2026-04-21 19:51:40] SlimMonoLogger.INFO: Cron ran at: 21-04-2026 07:51:40 PM [] []
[2026-04-21 19:51:40] SlimMonoLogger.INFO: Cron ran at: 21-04-2026 07:51:40 PM [] []
[2026-04-21 19:51:45] SlimMonoLogger.INFO: Cron ran at: 21-04-2026 07:51:45 PM [] []
[2026-04-21 19:51:48] SlimMonoLogger.INFO: Cron ran at: 21-04-2026 07:51:48 PM [] []
[2026-04-21 19:51:59] SlimMonoLogger.INFO: Cron ran at: 21-04-2026 07:51:59 PM [] []
[2026-04-21 19:52:03] SlimMonoLogger.INFO: Cron ran at: 21-04-2026 07:52:03 PM [] []
[2026-04-21 19:52:10] SlimMonoLogger.INFO: Cron ran at: 21-04-2026 07:52:10 PM [] []
[2026-04-21 19:52:10] SlimMonoLogger.INFO: Cron ran at: 21-04-2026 07:52:10 PM [] []
[2026-04-21 19:52:14] SlimMonoLogger.INFO: Cron ran at: 21-04-2026 07:52:14 PM [] []
[2026-04-21 19:52:22] SlimMonoLogger.INFO: Cron ran at: 21-04-2026 07:52:22 PM [] []
[2026-04-21 19:52:23] SlimMonoLogger.INFO: Cron ran at: 21-04-2026 07:52:23 PM [] []
[2026-04-21 19:52:34] SlimMonoLogger.INFO: Cron ran at: 21-04-2026 07:52:34 PM [] []
[2026-04-21 19:52:36] SlimMonoLogger.INFO: Cron ran at: 21-04-2026 07:52:36 PM [] []
[2026-04-21 19:52:38] SlimMonoLogger.INFO: Cron ran at: 21-04-2026 07:52:38 PM [] []
[2026-04-21 19:52:47] SlimMonoLogger.INFO: Cron ran at: 21-04-2026 07:52:47 PM [] []
[2026-04-21 19:52:47] SlimMonoLogger.INFO: Cron ran at: 21-04-2026 07:52:47 PM [] []
[2026-04-21 19:52:47] SlimMonoLogger.INFO: Cron ran at: 21-04-2026 07:52:47 PM [] []
[2026-04-21 19:52:55] SlimMonoLogger.INFO: Cron ran at: 21-04-2026 07:52:55 PM [] []
[2026-04-21 19:53:07] SlimMonoLogger.INFO: Cron ran at: 21-04-2026 07:53:07 PM [] []
[2026-04-21 19:53:07] SlimMonoLogger.INFO: Cron ran at: 21-04-2026 07:53:07 PM [] []
[2026-04-21 19:53:12] SlimMonoLogger.INFO: Cron ran at: 21-04-2026 07:53:12 PM [] []
[2026-04-21 19:53:14] SlimMonoLogger.INFO: Cron ran at: 21-04-2026 07:53:14 PM [] []
[2026-04-21 19:53:28] SlimMonoLogger.INFO: Cron ran at: 21-04-2026 07:53:28 PM [] []
[2026-04-21 19:53:33] SlimMonoLogger.INFO: Cron ran at: 21-04-2026 07:53:33 PM [] []
[2026-04-21 19:53:33] SlimMonoLogger.INFO: Cron ran at: 21-04-2026 07:53:33 PM [] []
[2026-04-21 19:53:34] SlimMonoLogger.INFO: Cron ran at: 21-04-2026 07:53:34 PM [] []
[2026-04-21 19:53:47] SlimMonoLogger.INFO: Cron ran at: 21-04-2026 07:53:47 PM [] []
[2026-04-21 19:53:48] SlimMonoLogger.INFO: Cron ran at: 21-04-2026 07:53:48 PM [] []
[2026-04-21 19:53:49] SlimMonoLogger.INFO: Cron ran at: 21-04-2026 07:53:49 PM [] []
[2026-04-21 19:54:05] SlimMonoLogger.INFO: Cron ran at: 21-04-2026 07:54:05 PM [] []
[2026-04-21 19:54:06] SlimMonoLogger.INFO: Cron ran at: 21-04-2026 07:54:06 PM [] []
[2026-04-21 19:54:07] SlimMonoLogger.INFO: Cron ran at: 21-04-2026 07:54:07 PM [] []
[2026-04-21 19:54:17] SlimMonoLogger.INFO: Cron ran at: 21-04-2026 07:54:17 PM [] []
[2026-04-21 19:54:18] SlimMonoLogger.INFO: Cron ran at: 21-04-2026 07:54:18 PM [] []
[2026-04-21 19:54:24] SlimMonoLogger.INFO: Cron ran at: 21-04-2026 07:54:24 PM [] []
[2026-04-21 19:54:31] SlimMonoLogger.INFO: Cron ran at: 21-04-2026 07:54:31 PM [] []
[2026-04-21 19:54:32] SlimMonoLogger.INFO: Cron ran at: 21-04-2026 07:54:32 PM [] []
[2026-04-21 19:54:46] SlimMonoLogger.INFO: Cron ran at: 21-04-2026 07:54:46 PM [] []
[2026-04-21 19:54:46] SlimMonoLogger.INFO: Cron ran at: 21-04-2026 07:54:46 PM [] []
[2026-04-21 19:54:55] SlimMonoLogger.INFO: Cron ran at: 21-04-2026 07:54:55 PM [] []
[2026-04-21 19:54:55] SlimMonoLogger.INFO: Cron ran at: 21-04-2026 07:54:55 PM [] []
[2026-04-21 19:55:03] SlimMonoLogger.INFO: Cron ran at: 21-04-2026 07:55:03 PM [] []
[2026-04-21 19:55:10] SlimMonoLogger.INFO: Cron ran at: 21-04-2026 07:55:10 PM [] []
[2026-04-21 19:55:17] SlimMonoLogger.INFO: Cron ran at: 21-04-2026 07:55:17 PM [] []
[2026-04-21 19:55:18] SlimMonoLogger.INFO: Cron ran at: 21-04-2026 07:55:18 PM [] []
[2026-04-21 19:55:24] SlimMonoLogger.INFO: Cron ran at: 21-04-2026 07:55:24 PM [] []
[2026-04-21 19:55:26] SlimMonoLogger.INFO: Cron ran at: 21-04-2026 07:55:26 PM [] []
[2026-04-21 19:55:33] SlimMonoLogger.INFO: Cron ran at: 21-04-2026 07:55:33 PM [] []
[2026-04-21 19:55:44] SlimMonoLogger.INFO: Cron ran at: 21-04-2026 07:55:44 PM [] []
[2026-04-21 19:55:44] SlimMonoLogger.INFO: Cron ran at: 21-04-2026 07:55:44 PM [] []
[2026-04-21 19:56:01] SlimMonoLogger.INFO: Cron ran at: 21-04-2026 07:56:01 PM [] []
[2026-04-21 19:56:01] SlimMonoLogger.INFO: Cron ran at: 21-04-2026 07:56:01 PM [] []
[2026-04-21 19:56:01] SlimMonoLogger.INFO: Cron ran at: 21-04-2026 07:56:01 PM [] []
[2026-04-21 19:56:01] SlimMonoLogger.INFO: Cron ran at: 21-04-2026 07:56:01 PM [] []
[2026-04-21 19:56:14] SlimMonoLogger.INFO: Cron ran at: 21-04-2026 07:56:14 PM [] []
[2026-04-21 19:56:14] SlimMonoLogger.INFO: Cron ran at: 21-04-2026 07:56:14 PM [] []
[2026-04-21 19:56:19] SlimMonoLogger.INFO: Cron ran at: 21-04-2026 07:56:19 PM [] []
[2026-04-21 19:56:19] SlimMonoLogger.INFO: Cron ran at: 21-04-2026 07:56:19 PM [] []
[2026-04-21 19:56:20] SlimMonoLogger.INFO: Cron ran at: 21-04-2026 07:56:20 PM [] []
[2026-04-21 19:56:29] SlimMonoLogger.INFO: Cron ran at: 21-04-2026 07:56:29 PM [] []
[2026-04-21 19:56:44] SlimMonoLogger.INFO: Cron ran at: 21-04-2026 07:56:44 PM [] []
[2026-04-21 19:56:45] SlimMonoLogger.INFO: Cron ran at: 21-04-2026 07:56:45 PM [] []
[2026-04-21 19:56:45] SlimMonoLogger.INFO: Cron ran at: 21-04-2026 07:56:45 PM [] []
[2026-04-21 19:56:55] SlimMonoLogger.INFO: Cron ran at: 21-04-2026 07:56:55 PM [] []
[2026-04-21 19:56:55] SlimMonoLogger.INFO: Cron ran at: 21-04-2026 07:56:55 PM [] []
[2026-04-21 19:57:00] SlimMonoLogger.INFO: Cron ran at: 21-04-2026 07:57:00 PM [] []
[2026-04-21 19:57:12] SlimMonoLogger.INFO: Cron ran at: 21-04-2026 07:57:12 PM [] []
[2026-04-21 19:57:17] SlimMonoLogger.INFO: Cron ran at: 21-04-2026 07:57:17 PM [] []
[2026-04-21 19:57:18] SlimMonoLogger.INFO: Cron ran at: 21-04-2026 07:57:18 PM [] []
[2026-04-21 19:57:18] SlimMonoLogger.INFO: Cron ran at: 21-04-2026 07:57:18 PM [] []
[2026-04-21 19:57:21] SlimMonoLogger.INFO: Cron ran at: 21-04-2026 07:57:21 PM [] []
[2026-04-21 19:57:21] SlimMonoLogger.INFO: Cron ran at: 21-04-2026 07:57:21 PM [] []
[2026-04-21 19:57:32] SlimMonoLogger.INFO: Cron ran at: 21-04-2026 07:57:32 PM [] []
[2026-04-21 19:57:44] SlimMonoLogger.INFO: Cron ran at: 21-04-2026 07:57:44 PM [] []
[2026-04-21 19:57:44] SlimMonoLogger.INFO: Cron ran at: 21-04-2026 07:57:44 PM [] []
[2026-04-21 19:57:50] SlimMonoLogger.INFO: Cron ran at: 21-04-2026 07:57:50 PM [] []
[2026-04-21 19:58:06] SlimMonoLogger.INFO: Cron ran at: 21-04-2026 07:58:06 PM [] []
[2026-04-21 19:58:06] SlimMonoLogger.INFO: Cron ran at: 21-04-2026 07:58:06 PM [] []
[2026-04-21 19:58:10] SlimMonoLogger.INFO: Cron ran at: 21-04-2026 07:58:10 PM [] []
[2026-04-21 19:58:12] SlimMonoLogger.INFO: Cron ran at: 21-04-2026 07:58:12 PM [] []
[2026-04-21 19:58:17] SlimMonoLogger.INFO: Cron ran at: 21-04-2026 07:58:17 PM [] []
[2026-04-21 19:58:17] SlimMonoLogger.INFO: Cron ran at: 21-04-2026 07:58:17 PM [] []
[2026-04-21 19:58:21] SlimMonoLogger.INFO: Cron ran at: 21-04-2026 07:58:21 PM [] []
[2026-04-21 19:58:28] SlimMonoLogger.INFO: Cron ran at: 21-04-2026 07:58:28 PM [] []
[2026-04-21 19:58:30] SlimMonoLogger.INFO: Cron ran at: 21-04-2026 07:58:30 PM [] []
[2026-04-21 19:58:43] SlimMonoLogger.INFO: Cron ran at: 21-04-2026 07:58:43 PM [] []
[2026-04-21 19:58:54] SlimMonoLogger.INFO: Cron ran at: 21-04-2026 07:58:54 PM [] []
[2026-04-21 19:59:08] SlimMonoLogger.INFO: Cron ran at: 21-04-2026 07:59:08 PM [] []
[2026-04-21 19:59:08] SlimMonoLogger.INFO: Cron ran at: 21-04-2026 07:59:08 PM [] []
[2026-04-21 19:59:08] SlimMonoLogger.INFO: Cron ran at: 21-04-2026 07:59:08 PM [] []
[2026-04-21 19:59:12] SlimMonoLogger.INFO: Cron ran at: 21-04-2026 07:59:12 PM [] []
[2026-04-21 19:59:13] SlimMonoLogger.INFO: Cron ran at: 21-04-2026 07:59:13 PM [] []
[2026-04-21 19:59:20] SlimMonoLogger.INFO: Cron ran at: 21-04-2026 07:59:20 PM [] []
[2026-04-21 19:59:20] SlimMonoLogger.INFO: Cron ran at: 21-04-2026 07:59:20 PM [] []
[2026-04-21 19:59:30] SlimMonoLogger.INFO: Cron ran at: 21-04-2026 07:59:30 PM [] []
[2026-04-21 19:59:34] SlimMonoLogger.INFO: Cron ran at: 21-04-2026 07:59:34 PM [] []
[2026-04-21 19:59:36] SlimMonoLogger.INFO: Cron ran at: 21-04-2026 07:59:36 PM [] []
[2026-04-21 20:00:00] SlimMonoLogger.INFO: Cron ran at: 21-04-2026 08:00:00 PM [] []
[2026-04-21 20:00:02] SlimMonoLogger.INFO: Cron ran at: 21-04-2026 08:00:02 PM [] []
[2026-04-21 20:00:24] SlimMonoLogger.INFO: Cron ran at: 21-04-2026 08:00:24 PM [] []
[2026-04-21 20:00:24] SlimMonoLogger.INFO: Cron ran at: 21-04-2026 08:00:24 PM [] []
[2026-04-21 20:00:24] SlimMonoLogger.INFO: Cron ran at: 21-04-2026 08:00:24 PM [] []
[2026-04-21 20:00:25] SlimMonoLogger.INFO: Cron ran at: 21-04-2026 08:00:25 PM [] []
[2026-04-21 20:00:26] SlimMonoLogger.INFO: Cron ran at: 21-04-2026 08:00:26 PM [] []
[2026-04-21 20:00:26] SlimMonoLogger.INFO: Cron ran at: 21-04-2026 08:00:26 PM [] []
[2026-04-21 20:00:26] SlimMonoLogger.INFO: Cron ran at: 21-04-2026 08:00:26 PM [] []
[2026-04-21 20:00:34] SlimMonoLogger.INFO: Cron ran at: 21-04-2026 08:00:34 PM [] []
[2026-04-21 20:00:40] SlimMonoLogger.INFO: Cron ran at: 21-04-2026 08:00:40 PM [] []
[2026-04-21 20:00:41] SlimMonoLogger.INFO: Cron ran at: 21-04-2026 08:00:41 PM [] []
[2026-04-21 20:01:09] SlimMonoLogger.INFO: Cron ran at: 21-04-2026 08:01:09 PM [] []
[2026-04-21 20:01:10] SlimMonoLogger.INFO: Cron ran at: 21-04-2026 08:01:10 PM [] []
[2026-04-21 20:01:22] SlimMonoLogger.INFO: Cron ran at: 21-04-2026 08:01:22 PM [] []
[2026-04-21 20:01:50] SlimMonoLogger.INFO: Cron ran at: 21-04-2026 08:01:50 PM [] []
[2026-04-21 20:01:51] SlimMonoLogger.INFO: Cron ran at: 21-04-2026 08:01:51 PM [] []
[2026-04-21 20:01:51] SlimMonoLogger.INFO: Cron ran at: 21-04-2026 08:01:51 PM [] []
[2026-04-21 20:01:53] SlimMonoLogger.INFO: Cron ran at: 21-04-2026 08:01:53 PM [] []
[2026-04-21 20:02:02] SlimMonoLogger.INFO: Cron ran at: 21-04-2026 08:02:02 PM [] []
[2026-04-21 20:02:04] SlimMonoLogger.INFO: Cron ran at: 21-04-2026 08:02:04 PM [] []
[2026-04-21 20:02:08] SlimMonoLogger.INFO: Cron ran at: 21-04-2026 08:02:08 PM [] []
[2026-04-21 20:02:10] SlimMonoLogger.INFO: Cron ran at: 21-04-2026 08:02:10 PM [] []
[2026-04-21 20:02:10] SlimMonoLogger.INFO: Cron ran at: 21-04-2026 08:02:10 PM [] []
[2026-04-21 20:02:10] SlimMonoLogger.INFO: Cron ran at: 21-04-2026 08:02:10 PM [] []
[2026-04-21 20:02:11] SlimMonoLogger.INFO: Cron ran at: 21-04-2026 08:02:11 PM [] []
[2026-04-21 20:02:20] SlimMonoLogger.INFO: Cron ran at: 21-04-2026 08:02:20 PM [] []
[2026-04-21 20:02:24] SlimMonoLogger.INFO: Cron ran at: 21-04-2026 08:02:24 PM [] []
[2026-04-21 20:02:27] SlimMonoLogger.INFO: Cron ran at: 21-04-2026 08:02:27 PM [] []
[2026-04-21 20:02:28] SlimMonoLogger.INFO: Cron ran at: 21-04-2026 08:02:28 PM [] []
[2026-04-21 20:02:33] SlimMonoLogger.INFO: Cron ran at: 21-04-2026 08:02:33 PM [] []
[2026-04-21 20:02:34] SlimMonoLogger.INFO: Cron ran at: 21-04-2026 08:02:34 PM [] []
[2026-04-21 20:02:34] SlimMonoLogger.INFO: Cron ran at: 21-04-2026 08:02:34 PM [] []
[2026-04-21 20:02:34] SlimMonoLogger.INFO: Cron ran at: 21-04-2026 08:02:34 PM [] []
[2026-04-21 20:02:39] SlimMonoLogger.INFO: Cron ran at: 21-04-2026 08:02:39 PM [] []
[2026-04-21 20:02:47] SlimMonoLogger.INFO: Cron ran at: 21-04-2026 08:02:47 PM [] []
[2026-04-21 20:02:48] SlimMonoLogger.INFO: Cron ran at: 21-04-2026 08:02:48 PM [] []
[2026-04-21 20:02:49] SlimMonoLogger.INFO: Cron ran at: 21-04-2026 08:02:49 PM [] []
[2026-04-21 20:03:09] SlimMonoLogger.INFO: Cron ran at: 21-04-2026 08:03:09 PM [] []
[2026-04-21 20:03:11] SlimMonoLogger.INFO: Cron ran at: 21-04-2026 08:03:11 PM [] []
[2026-04-21 20:03:20] SlimMonoLogger.INFO: Cron ran at: 21-04-2026 08:03:20 PM [] []
[2026-04-21 20:03:20] SlimMonoLogger.INFO: Cron ran at: 21-04-2026 08:03:20 PM [] []
[2026-04-21 20:03:20] SlimMonoLogger.INFO: Cron ran at: 21-04-2026 08:03:20 PM [] []
[2026-04-21 20:03:21] SlimMonoLogger.INFO: Cron ran at: 21-04-2026 08:03:21 PM [] []
[2026-04-21 20:03:23] SlimMonoLogger.INFO: Cron ran at: 21-04-2026 08:03:23 PM [] []
[2026-04-21 20:03:30] SlimMonoLogger.INFO: Cron ran at: 21-04-2026 08:03:30 PM [] []
[2026-04-21 20:03:31] SlimMonoLogger.INFO: Cron ran at: 21-04-2026 08:03:31 PM [] []
[2026-04-21 20:03:36] SlimMonoLogger.INFO: Cron ran at: 21-04-2026 08:03:36 PM [] []
[2026-04-21 20:03:42] SlimMonoLogger.INFO: Cron ran at: 21-04-2026 08:03:42 PM [] []
[2026-04-21 20:03:47] SlimMonoLogger.INFO: Cron ran at: 21-04-2026 08:03:47 PM [] []
[2026-04-21 20:03:48] SlimMonoLogger.INFO: Cron ran at: 21-04-2026 08:03:48 PM [] []
[2026-04-21 20:04:10] SlimMonoLogger.INFO: Cron ran at: 21-04-2026 08:04:10 PM [] []
[2026-04-21 20:04:11] SlimMonoLogger.INFO: Cron ran at: 21-04-2026 08:04:11 PM [] []
[2026-04-21 20:04:19] SlimMonoLogger.INFO: Cron ran at: 21-04-2026 08:04:19 PM [] []
[2026-04-21 20:04:19] SlimMonoLogger.INFO: Cron ran at: 21-04-2026 08:04:19 PM [] []
[2026-04-21 20:04:23] SlimMonoLogger.INFO: Cron ran at: 21-04-2026 08:04:23 PM [] []
[2026-04-21 20:04:31] SlimMonoLogger.INFO: Cron ran at: 21-04-2026 08:04:31 PM [] []
[2026-04-21 20:04:31] SlimMonoLogger.INFO: Cron ran at: 21-04-2026 08:04:31 PM [] []
[2026-04-21 20:04:34] SlimMonoLogger.INFO: Cron ran at: 21-04-2026 08:04:34 PM [] []
[2026-04-21 20:04:35] SlimMonoLogger.INFO: Cron ran at: 21-04-2026 08:04:35 PM [] []
[2026-04-21 20:04:46] SlimMonoLogger.INFO: Cron ran at: 21-04-2026 08:04:46 PM [] []
[2026-04-21 20:04:49] SlimMonoLogger.INFO: Cron ran at: 21-04-2026 08:04:49 PM [] []
[2026-04-21 20:04:57] SlimMonoLogger.INFO: Cron ran at: 21-04-2026 08:04:57 PM [] []
[2026-04-21 20:05:12] SlimMonoLogger.INFO: Cron ran at: 21-04-2026 08:05:12 PM [] []
[2026-04-21 20:05:15] SlimMonoLogger.INFO: Cron ran at: 21-04-2026 08:05:15 PM [] []
[2026-04-21 20:05:24] SlimMonoLogger.INFO: Cron ran at: 21-04-2026 08:05:24 PM [] []
[2026-04-21 20:05:25] SlimMonoLogger.INFO: Cron ran at: 21-04-2026 08:05:25 PM [] []
[2026-04-21 20:05:35] SlimMonoLogger.INFO: Cron ran at: 21-04-2026 08:05:35 PM [] []
[2026-04-21 20:05:37] SlimMonoLogger.INFO: Cron ran at: 21-04-2026 08:05:37 PM [] []
[2026-04-21 20:05:38] SlimMonoLogger.INFO: Cron ran at: 21-04-2026 08:05:38 PM [] []
[2026-04-21 20:05:38] SlimMonoLogger.INFO: Cron ran at: 21-04-2026 08:05:38 PM [] []
[2026-04-21 20:05:42] SlimMonoLogger.INFO: Cron ran at: 21-04-2026 08:05:42 PM [] []
[2026-04-21 20:05:43] SlimMonoLogger.ERROR: Requests_Exception: cURL error 28: Operation timed out after 500000 milliseconds with 0 bytes received in /home/latihtal/public_html/agregator1/src/vendor/rmccue/requests/library/Requests/Transport/cURL.php:422
Stack trace:
#0 /home/latihtal/public_html/agregator1/src/vendor/rmccue/requests/library/Requests/Transport/cURL.php(177): Requests_Transport_cURL->process_response()
#1 /home/latihtal/public_html/agregator1/src/vendor/rmccue/requests/library/Requests.php(379): Requests_Transport_cURL->request()
#2 /home/latihtal/public_html/agregator1/src/vendor/rmccue/requests/library/Requests/Session.php(205): Requests::request()
#3 /home/latihtal/public_html/agregator1/src/vendor/rmccue/requests/library/Requests/Session.php(132): Requests_Session->request()
#4 /home/latihtal/public_html/agregator1/src/drivers/Http/RssImporter.php(144): Requests_Session->get()
#5 /home/latihtal/public_html/agregator1/src/controllers/Dashboard/DashboardFeedsController.php(534): spark\drivers\Http\RssImporter->fetchPosts()
#6 /home/latihtal/public_html/agregator1/src/controllers/Site/SiteController.php(722): spark\controllers\Dashboard\DashboardFeedsController::importFeedPosts()
#7 [internal function]: spark\controllers\Site\SiteController->runTasks()
#8 /home/latihtal/public_html/agregator1/src/framework/Route.php(173): call_user_func_array()
#9 [internal function]: Slim\Route->Slim\{closure}()
#10 /home/latihtal/public_html/agregator1/src/framework/Route.php(468): call_user_func_array()
#11 /home/latihtal/public_html/agregator1/src/framework/Slim.php(1364): Slim\Route->dispatch()
#12 /home/latihtal/public_html/agregator1/src/framework/Middleware/Flash.php(85): Slim\Slim->call()
#13 /home/latihtal/public_html/agregator1/src/framework/Middleware/MethodOverride.php(92): Slim\Middleware\Flash->call()
#14 /home/latihtal/public_html/agregator1/src/middlewares/CsrfGuard/CsrfGuard.php(47): Slim\Middleware\MethodOverride->call()
#15 /home/latihtal/public_html/agregator1/src/framework/Middleware/PrettyExceptions.php(67): spark\middlewares\CsrfGuard\CsrfGuard->call()
#16 /home/latihtal/public_html/agregator1/src/framework/Slim.php(1308): Slim\Middleware\PrettyExceptions->call()
#17 /home/latihtal/public_html/agregator1/index.php(6): Slim\Slim->run()
#18 {main} [] []
[2026-04-21 20:05:58] SlimMonoLogger.INFO: Cron ran at: 21-04-2026 08:05:58 PM [] []
[2026-04-21 20:05:59] SlimMonoLogger.INFO: Cron ran at: 21-04-2026 08:05:59 PM [] []
[2026-04-21 20:06:00] SlimMonoLogger.INFO: Cron ran at: 21-04-2026 08:06:00 PM [] []
[2026-04-21 20:06:18] SlimMonoLogger.INFO: Cron ran at: 21-04-2026 08:06:18 PM [] []
[2026-04-21 20:06:20] SlimMonoLogger.INFO: Cron ran at: 21-04-2026 08:06:20 PM [] []
[2026-04-21 20:06:22] SlimMonoLogger.INFO: Cron ran at: 21-04-2026 08:06:22 PM [] []
[2026-04-21 20:06:22] SlimMonoLogger.INFO: Cron ran at: 21-04-2026 08:06:22 PM [] []
[2026-04-21 20:06:22] SlimMonoLogger.INFO: Cron ran at: 21-04-2026 08:06:22 PM [] []
[2026-04-21 20:06:23] SlimMonoLogger.INFO: Cron ran at: 21-04-2026 08:06:23 PM [] []
[2026-04-21 20:06:31] SlimMonoLogger.INFO: Cron ran at: 21-04-2026 08:06:31 PM [] []
[2026-04-21 20:06:34] SlimMonoLogger.INFO: Cron ran at: 21-04-2026 08:06:34 PM [] []
[2026-04-21 20:06:34] SlimMonoLogger.INFO: Cron ran at: 21-04-2026 08:06:34 PM [] []
[2026-04-21 20:06:36] SlimMonoLogger.INFO: Cron ran at: 21-04-2026 08:06:36 PM [] []
[2026-04-21 20:06:48] SlimMonoLogger.INFO: Cron ran at: 21-04-2026 08:06:48 PM [] []
[2026-04-21 20:06:49] SlimMonoLogger.INFO: Cron ran at: 21-04-2026 08:06:49 PM [] []
[2026-04-21 20:06:56] SlimMonoLogger.INFO: Cron ran at: 21-04-2026 08:06:56 PM [] []
[2026-04-21 20:06:56] SlimMonoLogger.INFO: Cron ran at: 21-04-2026 08:06:56 PM [] []
[2026-04-21 20:07:21] SlimMonoLogger.INFO: Cron ran at: 21-04-2026 08:07:21 PM [] []
[2026-04-21 20:07:23] SlimMonoLogger.INFO: Cron ran at: 21-04-2026 08:07:23 PM [] []
[2026-04-21 20:07:23] SlimMonoLogger.INFO: Cron ran at: 21-04-2026 08:07:23 PM [] []
[2026-04-21 20:07:24] SlimMonoLogger.INFO: Cron ran at: 21-04-2026 08:07:24 PM [] []
[2026-04-21 20:07:27] SlimMonoLogger.INFO: Cron ran at: 21-04-2026 08:07:27 PM [] []
[2026-04-21 20:07:36] SlimMonoLogger.INFO: Cron ran at: 21-04-2026 08:07:36 PM [] []
[2026-04-21 20:07:37] SlimMonoLogger.INFO: Cron ran at: 21-04-2026 08:07:37 PM [] []
[2026-04-21 20:07:39] SlimMonoLogger.INFO: Cron ran at: 21-04-2026 08:07:39 PM [] []
[2026-04-21 20:07:40] SlimMonoLogger.INFO: Cron ran at: 21-04-2026 08:07:40 PM [] []
[2026-04-21 20:07:48] SlimMonoLogger.INFO: Cron ran at: 21-04-2026 08:07:48 PM [] []
[2026-04-21 20:07:53] SlimMonoLogger.INFO: Cron ran at: 21-04-2026 08:07:53 PM [] []
[2026-04-21 20:07:54] SlimMonoLogger.INFO: Cron ran at: 21-04-2026 08:07:54 PM [] []
[2026-04-21 20:08:05] SlimMonoLogger.INFO: Cron ran at: 21-04-2026 08:08:05 PM [] []
[2026-04-21 20:08:14] SlimMonoLogger.INFO: Cron ran at: 21-04-2026 08:08:14 PM [] []
[2026-04-21 20:08:17] SlimMonoLogger.INFO: Cron ran at: 21-04-2026 08:08:17 PM [] []
[2026-04-21 20:08:20] SlimMonoLogger.INFO: Cron ran at: 21-04-2026 08:08:20 PM [] []
[2026-04-21 20:08:23] SlimMonoLogger.INFO: Cron ran at: 21-04-2026 08:08:23 PM [] []
[2026-04-21 20:08:24] SlimMonoLogger.INFO: Cron ran at: 21-04-2026 08:08:24 PM [] []
[2026-04-21 20:08:35] SlimMonoLogger.INFO: Cron ran at: 21-04-2026 08:08:35 PM [] []
[2026-04-21 20:08:38] SlimMonoLogger.INFO: Cron ran at: 21-04-2026 08:08:38 PM [] []
[2026-04-21 20:08:39] SlimMonoLogger.INFO: Cron ran at: 21-04-2026 08:08:39 PM [] []
[2026-04-21 20:08:44] SlimMonoLogger.INFO: Cron ran at: 21-04-2026 08:08:44 PM [] []
[2026-04-21 20:08:47] SlimMonoLogger.INFO: Cron ran at: 21-04-2026 08:08:47 PM [] []
[2026-04-21 20:09:04] SlimMonoLogger.INFO: Cron ran at: 21-04-2026 08:09:04 PM [] []
[2026-04-21 20:09:05] SlimMonoLogger.INFO: Cron ran at: 21-04-2026 08:09:05 PM [] []
[2026-04-21 20:09:14] SlimMonoLogger.INFO: Cron ran at: 21-04-2026 08:09:14 PM [] []
[2026-04-21 20:09:21] SlimMonoLogger.INFO: Cron ran at: 21-04-2026 08:09:21 PM [] []
[2026-04-21 20:09:25] SlimMonoLogger.INFO: Cron ran at: 21-04-2026 08:09:25 PM [] []
[2026-04-21 20:09:25] SlimMonoLogger.INFO: Cron ran at: 21-04-2026 08:09:25 PM [] []
[2026-04-21 20:09:28] SlimMonoLogger.INFO: Cron ran at: 21-04-2026 08:09:28 PM [] []
[2026-04-21 20:09:36] SlimMonoLogger.INFO: Cron ran at: 21-04-2026 08:09:36 PM [] []
[2026-04-21 20:09:36] SlimMonoLogger.INFO: Cron ran at: 21-04-2026 08:09:36 PM [] []
[2026-04-21 20:09:38] SlimMonoLogger.INFO: Cron ran at: 21-04-2026 08:09:38 PM [] []
[2026-04-21 20:09:38] SlimMonoLogger.INFO: Cron ran at: 21-04-2026 08:09:38 PM [] []
[2026-04-21 20:09:49] SlimMonoLogger.INFO: Cron ran at: 21-04-2026 08:09:49 PM [] []
[2026-04-21 20:09:57] SlimMonoLogger.INFO: Cron ran at: 21-04-2026 08:09:57 PM [] []
[2026-04-21 20:09:57] SlimMonoLogger.INFO: Cron ran at: 21-04-2026 08:09:57 PM [] []
[2026-04-21 20:10:09] SlimMonoLogger.INFO: Cron ran at: 21-04-2026 08:10:09 PM [] []
[2026-04-21 20:10:27] SlimMonoLogger.INFO: Cron ran at: 21-04-2026 08:10:27 PM [] []
[2026-04-21 20:10:28] SlimMonoLogger.INFO: Cron ran at: 21-04-2026 08:10:28 PM [] []
[2026-04-21 20:10:29] SlimMonoLogger.INFO: Cron ran at: 21-04-2026 08:10:29 PM [] []
[2026-04-21 20:10:41] SlimMonoLogger.INFO: Cron ran at: 21-04-2026 08:10:41 PM [] []
[2026-04-21 20:10:43] SlimMonoLogger.INFO: Cron ran at: 21-04-2026 08:10:43 PM [] []
[2026-04-21 20:10:43] SlimMonoLogger.INFO: Cron ran at: 21-04-2026 08:10:43 PM [] []
[2026-04-21 20:10:50] SlimMonoLogger.INFO: Cron ran at: 21-04-2026 08:10:50 PM [] []
[2026-04-21 20:10:50] SlimMonoLogger.INFO: Cron ran at: 21-04-2026 08:10:50 PM [] []
[2026-04-21 20:10:53] SlimMonoLogger.INFO: Cron ran at: 21-04-2026 08:10:53 PM [] []
[2026-04-21 20:11:01] SlimMonoLogger.INFO: Cron ran at: 21-04-2026 08:11:01 PM [] []
[2026-04-21 20:11:09] SlimMonoLogger.INFO: Cron ran at: 21-04-2026 08:11:09 PM [] []
[2026-04-21 20:11:10] SlimMonoLogger.INFO: Cron ran at: 21-04-2026 08:11:10 PM [] []
[2026-04-21 20:11:11] SlimMonoLogger.INFO: Cron ran at: 21-04-2026 08:11:11 PM [] []
[2026-04-21 20:11:20] SlimMonoLogger.INFO: Cron ran at: 21-04-2026 08:11:20 PM [] []
[2026-04-21 20:11:20] SlimMonoLogger.INFO: Cron ran at: 21-04-2026 08:11:20 PM [] []
[2026-04-21 20:11:23] SlimMonoLogger.INFO: Cron ran at: 21-04-2026 08:11:23 PM [] []
[2026-04-21 20:11:33] SlimMonoLogger.INFO: Cron ran at: 21-04-2026 08:11:33 PM [] []
[2026-04-21 20:11:37] SlimMonoLogger.INFO: Cron ran at: 21-04-2026 08:11:37 PM [] []
[2026-04-21 20:11:43] SlimMonoLogger.INFO: Cron ran at: 21-04-2026 08:11:43 PM [] []
[2026-04-21 20:11:43] SlimMonoLogger.INFO: Cron ran at: 21-04-2026 08:11:43 PM [] []
[2026-04-21 20:11:43] SlimMonoLogger.INFO: Cron ran at: 21-04-2026 08:11:43 PM [] []
[2026-04-21 20:11:46] SlimMonoLogger.INFO: Cron ran at: 21-04-2026 08:11:46 PM [] []
[2026-04-21 20:12:06] SlimMonoLogger.INFO: Cron ran at: 21-04-2026 08:12:06 PM [] []
[2026-04-21 20:12:07] SlimMonoLogger.INFO: Cron ran at: 21-04-2026 08:12:07 PM [] []
[2026-04-21 20:12:07] SlimMonoLogger.INFO: Cron ran at: 21-04-2026 08:12:07 PM [] []
[2026-04-21 20:12:09] SlimMonoLogger.INFO: Cron ran at: 21-04-2026 08:12:09 PM [] []
[2026-04-21 20:12:18] SlimMonoLogger.INFO: Cron ran at: 21-04-2026 08:12:18 PM [] []
[2026-04-21 20:12:23] SlimMonoLogger.INFO: Cron ran at: 21-04-2026 08:12:23 PM [] []
[2026-04-21 20:12:30] SlimMonoLogger.INFO: Cron ran at: 21-04-2026 08:12:30 PM [] []
[2026-04-21 20:12:30] SlimMonoLogger.INFO: Cron ran at: 21-04-2026 08:12:30 PM [] []
[2026-04-21 20:12:43] SlimMonoLogger.INFO: Cron ran at: 21-04-2026 08:12:43 PM [] []
[2026-04-21 20:12:47] SlimMonoLogger.INFO: Cron ran at: 21-04-2026 08:12:47 PM [] []
[2026-04-21 20:12:48] SlimMonoLogger.INFO: Cron ran at: 21-04-2026 08:12:48 PM [] []
[2026-04-21 20:13:08] SlimMonoLogger.INFO: Cron ran at: 21-04-2026 08:13:08 PM [] []
[2026-04-21 20:13:09] SlimMonoLogger.INFO: Cron ran at: 21-04-2026 08:13:09 PM [] []
[2026-04-21 20:13:11] SlimMonoLogger.INFO: Cron ran at: 21-04-2026 08:13:11 PM [] []
[2026-04-21 20:13:22] SlimMonoLogger.INFO: Cron ran at: 21-04-2026 08:13:22 PM [] []
[2026-04-21 20:13:25] SlimMonoLogger.INFO: Cron ran at: 21-04-2026 08:13:25 PM [] []
[2026-04-21 20:13:29] SlimMonoLogger.INFO: Cron ran at: 21-04-2026 08:13:29 PM [] []
[2026-04-21 20:13:41] SlimMonoLogger.INFO: Cron ran at: 21-04-2026 08:13:41 PM [] []
[2026-04-21 20:13:42] SlimMonoLogger.INFO: Cron ran at: 21-04-2026 08:13:42 PM [] []
[2026-04-21 20:13:52] SlimMonoLogger.INFO: Cron ran at: 21-04-2026 08:13:52 PM [] []
[2026-04-21 20:14:06] SlimMonoLogger.INFO: Cron ran at: 21-04-2026 08:14:06 PM [] []
[2026-04-21 20:14:07] SlimMonoLogger.INFO: Cron ran at: 21-04-2026 08:14:07 PM [] []
[2026-04-21 20:14:18] SlimMonoLogger.INFO: Cron ran at: 21-04-2026 08:14:18 PM [] []
[2026-04-21 20:14:19] SlimMonoLogger.INFO: Cron ran at: 21-04-2026 08:14:19 PM [] []
[2026-04-21 20:14:33] SlimMonoLogger.INFO: Cron ran at: 21-04-2026 08:14:33 PM [] []
[2026-04-21 20:14:43] SlimMonoLogger.INFO: Cron ran at: 21-04-2026 08:14:43 PM [] []
[2026-04-21 20:14:43] SlimMonoLogger.INFO: Cron ran at: 21-04-2026 08:14:43 PM [] []
[2026-04-21 20:14:53] SlimMonoLogger.INFO: Cron ran at: 21-04-2026 08:14:53 PM [] []
[2026-04-21 20:15:05] SlimMonoLogger.INFO: Cron ran at: 21-04-2026 08:15:05 PM [] []
[2026-04-21 20:15:18] SlimMonoLogger.INFO: Cron ran at: 21-04-2026 08:15:18 PM [] []
[2026-04-21 20:15:19] SlimMonoLogger.INFO: Cron ran at: 21-04-2026 08:15:19 PM [] []
[2026-04-21 20:15:32] SlimMonoLogger.INFO: Cron ran at: 21-04-2026 08:15:32 PM [] []
[2026-04-21 20:15:39] SlimMonoLogger.INFO: Cron ran at: 21-04-2026 08:15:39 PM [] []
[2026-04-21 20:15:52] SlimMonoLogger.INFO: Cron ran at: 21-04-2026 08:15:52 PM [] []
[2026-04-21 20:15:55] SlimMonoLogger.INFO: Cron ran at: 21-04-2026 08:15:55 PM [] []
[2026-04-21 20:16:12] SlimMonoLogger.INFO: Cron ran at: 21-04-2026 08:16:12 PM [] []
[2026-04-21 20:16:13] SlimMonoLogger.INFO: Cron ran at: 21-04-2026 08:16:13 PM [] []
[2026-04-21 20:16:20] SlimMonoLogger.INFO: Cron ran at: 21-04-2026 08:16:20 PM [] []
[2026-04-21 20:16:20] SlimMonoLogger.INFO: Cron ran at: 21-04-2026 08:16:20 PM [] []
[2026-04-21 20:16:33] SlimMonoLogger.INFO: Cron ran at: 21-04-2026 08:16:33 PM [] []
[2026-04-21 20:16:59] SlimMonoLogger.INFO: Cron ran at: 21-04-2026 08:16:59 PM [] []
[2026-04-21 20:17:08] SlimMonoLogger.INFO: Cron ran at: 21-04-2026 08:17:08 PM [] []
[2026-04-21 20:17:09] SlimMonoLogger.INFO: Cron ran at: 21-04-2026 08:17:09 PM [] []
[2026-04-21 20:17:11] SlimMonoLogger.INFO: Cron ran at: 21-04-2026 08:17:11 PM [] []
[2026-04-21 20:17:23] SlimMonoLogger.INFO: Cron ran at: 21-04-2026 08:17:23 PM [] []
[2026-04-21 20:17:30] SlimMonoLogger.INFO: Cron ran at: 21-04-2026 08:17:30 PM [] []
[2026-04-21 20:17:41] SlimMonoLogger.INFO: Cron ran at: 21-04-2026 08:17:41 PM [] []
[2026-04-21 20:18:01] SlimMonoLogger.INFO: Cron ran at: 21-04-2026 08:18:01 PM [] []
[2026-04-21 20:18:09] SlimMonoLogger.INFO: Cron ran at: 21-04-2026 08:18:09 PM [] []
[2026-04-21 20:18:12] SlimMonoLogger.INFO: Cron ran at: 21-04-2026 08:18:12 PM [] []
[2026-04-21 20:18:17] SlimMonoLogger.INFO: Cron ran at: 21-04-2026 08:18:17 PM [] []
[2026-04-21 20:18:35] SlimMonoLogger.INFO: Cron ran at: 21-04-2026 08:18:35 PM [] []
[2026-04-21 20:18:36] SlimMonoLogger.INFO: Cron ran at: 21-04-2026 08:18:36 PM [] []
[2026-04-21 20:18:46] SlimMonoLogger.INFO: Cron ran at: 21-04-2026 08:18:46 PM [] []
[2026-04-21 20:19:11] SlimMonoLogger.INFO: Cron ran at: 21-04-2026 08:19:11 PM [] []
[2026-04-21 20:19:13] SlimMonoLogger.INFO: Cron ran at: 21-04-2026 08:19:13 PM [] []
[2026-04-21 20:19:13] SlimMonoLogger.INFO: Cron ran at: 21-04-2026 08:19:13 PM [] []
[2026-04-21 20:19:15] SlimMonoLogger.INFO: Cron ran at: 21-04-2026 08:19:15 PM [] []
[2026-04-21 20:19:34] SlimMonoLogger.INFO: Cron ran at: 21-04-2026 08:19:34 PM [] []
[2026-04-21 20:19:35] SlimMonoLogger.INFO: Cron ran at: 21-04-2026 08:19:35 PM [] []
[2026-04-21 20:19:45] SlimMonoLogger.INFO: Cron ran at: 21-04-2026 08:19:45 PM [] []
[2026-04-21 20:20:08] SlimMonoLogger.INFO: Cron ran at: 21-04-2026 08:20:08 PM [] []
[2026-04-21 20:20:14] SlimMonoLogger.INFO: Cron ran at: 21-04-2026 08:20:14 PM [] []
[2026-04-21 20:20:16] SlimMonoLogger.INFO: Cron ran at: 21-04-2026 08:20:16 PM [] []
[2026-04-21 20:20:17] SlimMonoLogger.INFO: Cron ran at: 21-04-2026 08:20:17 PM [] []
[2026-04-21 20:20:33] SlimMonoLogger.INFO: Cron ran at: 21-04-2026 08:20:33 PM [] []
[2026-04-21 20:20:46] SlimMonoLogger.INFO: Cron ran at: 21-04-2026 08:20:46 PM [] []
[2026-04-21 20:21:04] SlimMonoLogger.INFO: Cron ran at: 21-04-2026 08:21:04 PM [] []
[2026-04-21 20:21:13] SlimMonoLogger.INFO: Cron ran at: 21-04-2026 08:21:13 PM [] []
[2026-04-21 20:21:13] SlimMonoLogger.INFO: Cron ran at: 21-04-2026 08:21:13 PM [] []
[2026-04-21 20:21:14] SlimMonoLogger.INFO: Cron ran at: 21-04-2026 08:21:14 PM [] []
[2026-04-21 20:21:16] SlimMonoLogger.INFO: Cron ran at: 21-04-2026 08:21:16 PM [] []
[2026-04-21 20:21:18] SlimMonoLogger.INFO: Cron ran at: 21-04-2026 08:21:18 PM [] []
[2026-04-21 20:21:44] SlimMonoLogger.INFO: Cron ran at: 21-04-2026 08:21:44 PM [] []
[2026-04-21 20:21:44] SlimMonoLogger.INFO: Cron ran at: 21-04-2026 08:21:44 PM [] []
[2026-04-21 20:21:53] SlimMonoLogger.INFO: Cron ran at: 21-04-2026 08:21:53 PM [] []
[2026-04-21 20:22:13] SlimMonoLogger.INFO: Cron ran at: 21-04-2026 08:22:13 PM [] []
[2026-04-21 20:22:14] SlimMonoLogger.INFO: Cron ran at: 21-04-2026 08:22:14 PM [] []
[2026-04-21 20:22:14] SlimMonoLogger.INFO: Cron ran at: 21-04-2026 08:22:14 PM [] []
[2026-04-21 20:22:14] SlimMonoLogger.INFO: Cron ran at: 21-04-2026 08:22:14 PM [] []
[2026-04-21 20:22:17] SlimMonoLogger.INFO: Cron ran at: 21-04-2026 08:22:17 PM [] []
[2026-04-21 20:22:49] SlimMonoLogger.INFO: Cron ran at: 21-04-2026 08:22:49 PM [] []
[2026-04-21 20:22:49] SlimMonoLogger.INFO: Cron ran at: 21-04-2026 08:22:49 PM [] []
[2026-04-21 20:22:54] SlimMonoLogger.INFO: Cron ran at: 21-04-2026 08:22:54 PM [] []
[2026-04-21 20:23:13] SlimMonoLogger.INFO: Cron ran at: 21-04-2026 08:23:13 PM [] []
[2026-04-21 20:23:22] SlimMonoLogger.INFO: Cron ran at: 21-04-2026 08:23:22 PM [] []
[2026-04-21 20:23:22] SlimMonoLogger.INFO: Cron ran at: 21-04-2026 08:23:22 PM [] []
[2026-04-21 20:23:28] SlimMonoLogger.INFO: Cron ran at: 21-04-2026 08:23:28 PM [] []
[2026-04-21 20:23:32] SlimMonoLogger.INFO: Cron ran at: 21-04-2026 08:23:32 PM [] []
[2026-04-21 20:23:49] SlimMonoLogger.INFO: Cron ran at: 21-04-2026 08:23:49 PM [] []
[2026-04-21 20:24:03] SlimMonoLogger.INFO: Cron ran at: 21-04-2026 08:24:03 PM [] []
[2026-04-21 20:24:14] SlimMonoLogger.INFO: Cron ran at: 21-04-2026 08:24:14 PM [] []
[2026-04-21 20:24:17] SlimMonoLogger.INFO: Cron ran at: 21-04-2026 08:24:17 PM [] []
[2026-04-21 20:24:19] SlimMonoLogger.INFO: Cron ran at: 21-04-2026 08:24:19 PM [] []
[2026-04-21 20:24:24] SlimMonoLogger.INFO: Cron ran at: 21-04-2026 08:24:24 PM [] []
[2026-04-21 20:24:29] SlimMonoLogger.INFO: Cron ran at: 21-04-2026 08:24:29 PM [] []
[2026-04-21 20:24:55] SlimMonoLogger.INFO: Cron ran at: 21-04-2026 08:24:55 PM [] []
[2026-04-21 20:25:02] SlimMonoLogger.INFO: Cron ran at: 21-04-2026 08:25:02 PM [] []
[2026-04-21 20:25:16] SlimMonoLogger.INFO: Cron ran at: 21-04-2026 08:25:16 PM [] []
[2026-04-21 20:25:20] SlimMonoLogger.INFO: Cron ran at: 21-04-2026 08:25:20 PM [] []
[2026-04-21 20:25:25] SlimMonoLogger.INFO: Cron ran at: 21-04-2026 08:25:25 PM [] []
[2026-04-21 20:25:30] SlimMonoLogger.INFO: Cron ran at: 21-04-2026 08:25:30 PM [] []
[2026-04-21 20:25:30] SlimMonoLogger.INFO: Cron ran at: 21-04-2026 08:25:30 PM [] []
[2026-04-21 20:26:03] SlimMonoLogger.INFO: Cron ran at: 21-04-2026 08:26:03 PM [] []
[2026-04-21 20:26:09] SlimMonoLogger.INFO: Cron ran at: 21-04-2026 08:26:09 PM [] []
[2026-04-21 20:26:17] SlimMonoLogger.INFO: Cron ran at: 21-04-2026 08:26:17 PM [] []
[2026-04-21 20:26:17] SlimMonoLogger.INFO: Cron ran at: 21-04-2026 08:26:17 PM [] []
[2026-04-21 20:26:22] SlimMonoLogger.INFO: Cron ran at: 21-04-2026 08:26:22 PM [] []
[2026-04-21 20:26:31] SlimMonoLogger.INFO: Cron ran at: 21-04-2026 08:26:31 PM [] []
[2026-04-21 20:26:35] SlimMonoLogger.INFO: Cron ran at: 21-04-2026 08:26:35 PM [] []
[2026-04-21 20:26:41] SlimMonoLogger.INFO: Cron ran at: 21-04-2026 08:26:41 PM [] []
[2026-04-21 20:26:58] SlimMonoLogger.INFO: Cron ran at: 21-04-2026 08:26:58 PM [] []
[2026-04-21 20:27:15] SlimMonoLogger.INFO: Cron ran at: 21-04-2026 08:27:15 PM [] []
[2026-04-21 20:27:16] SlimMonoLogger.INFO: Cron ran at: 21-04-2026 08:27:16 PM [] []
[2026-04-21 20:27:17] SlimMonoLogger.INFO: Cron ran at: 21-04-2026 08:27:17 PM [] []
[2026-04-21 20:27:25] SlimMonoLogger.INFO: Cron ran at: 21-04-2026 08:27:25 PM [] []
[2026-04-21 20:27:29] SlimMonoLogger.INFO: Cron ran at: 21-04-2026 08:27:29 PM [] []
[2026-04-21 20:27:30] SlimMonoLogger.INFO: Cron ran at: 21-04-2026 08:27:30 PM [] []
[2026-04-21 20:27:40] SlimMonoLogger.INFO: Cron ran at: 21-04-2026 08:27:40 PM [] []
[2026-04-21 20:28:29] SlimMonoLogger.INFO: Cron ran at: 21-04-2026 08:28:29 PM [] []
[2026-04-21 20:28:32] SlimMonoLogger.INFO: Cron ran at: 21-04-2026 08:28:32 PM [] []
[2026-04-21 20:28:32] SlimMonoLogger.INFO: Cron ran at: 21-04-2026 08:28:32 PM [] []
[2026-04-21 20:28:33] SlimMonoLogger.INFO: Cron ran at: 21-04-2026 08:28:33 PM [] []
[2026-04-21 20:28:33] SlimMonoLogger.INFO: Cron ran at: 21-04-2026 08:28:33 PM [] []
[2026-04-21 20:28:34] SlimMonoLogger.INFO: Cron ran at: 21-04-2026 08:28:34 PM [] []
[2026-04-21 20:28:40] SlimMonoLogger.INFO: Cron ran at: 21-04-2026 08:28:40 PM [] []
[2026-04-21 20:28:41] SlimMonoLogger.INFO: Cron ran at: 21-04-2026 08:28:41 PM [] []
[2026-04-21 20:29:12] SlimMonoLogger.INFO: Cron ran at: 21-04-2026 08:29:12 PM [] []
[2026-04-21 20:29:16] SlimMonoLogger.INFO: Cron ran at: 21-04-2026 08:29:16 PM [] []
[2026-04-21 20:29:17] SlimMonoLogger.INFO: Cron ran at: 21-04-2026 08:29:17 PM [] []
[2026-04-21 20:29:17] SlimMonoLogger.INFO: Cron ran at: 21-04-2026 08:29:17 PM [] []
[2026-04-21 20:29:28] SlimMonoLogger.INFO: Cron ran at: 21-04-2026 08:29:28 PM [] []
[2026-04-21 20:29:42] SlimMonoLogger.INFO: Cron ran at: 21-04-2026 08:29:42 PM [] []
[2026-04-21 20:29:46] SlimMonoLogger.INFO: Cron ran at: 21-04-2026 08:29:46 PM [] []
[2026-04-21 20:29:57] SlimMonoLogger.INFO: Cron ran at: 21-04-2026 08:29:57 PM [] []
[2026-04-21 20:30:10] SlimMonoLogger.INFO: Cron ran at: 21-04-2026 08:30:10 PM [] []
[2026-04-21 20:30:15] SlimMonoLogger.INFO: Cron ran at: 21-04-2026 08:30:15 PM [] []
[2026-04-21 20:30:16] SlimMonoLogger.INFO: Cron ran at: 21-04-2026 08:30:16 PM [] []
[2026-04-21 20:30:25] SlimMonoLogger.INFO: Cron ran at: 21-04-2026 08:30:25 PM [] []
[2026-04-21 20:30:33] SlimMonoLogger.INFO: Cron ran at: 21-04-2026 08:30:33 PM [] []
[2026-04-21 20:30:39] SlimMonoLogger.INFO: Cron ran at: 21-04-2026 08:30:39 PM [] []
[2026-04-21 20:30:50] SlimMonoLogger.INFO: Cron ran at: 21-04-2026 08:30:50 PM [] []
[2026-04-21 20:30:55] SlimMonoLogger.INFO: Cron ran at: 21-04-2026 08:30:55 PM [] []
[2026-04-21 20:31:15] SlimMonoLogger.INFO: Cron ran at: 21-04-2026 08:31:15 PM [] []
[2026-04-21 20:31:17] SlimMonoLogger.INFO: Cron ran at: 21-04-2026 08:31:17 PM [] []
[2026-04-21 20:31:18] SlimMonoLogger.INFO: Cron ran at: 21-04-2026 08:31:18 PM [] []
[2026-04-21 20:31:18] SlimMonoLogger.INFO: Cron ran at: 21-04-2026 08:31:18 PM [] []
[2026-04-21 20:31:25] SlimMonoLogger.INFO: Cron ran at: 21-04-2026 08:31:25 PM [] []
[2026-04-21 20:31:33] SlimMonoLogger.INFO: Cron ran at: 21-04-2026 08:31:33 PM [] []
[2026-04-21 20:31:35] SlimMonoLogger.INFO: Cron ran at: 21-04-2026 08:31:35 PM [] []
[2026-04-21 20:31:49] SlimMonoLogger.INFO: Cron ran at: 21-04-2026 08:31:49 PM [] []
[2026-04-21 20:31:51] SlimMonoLogger.INFO: Cron ran at: 21-04-2026 08:31:51 PM [] []
[2026-04-21 20:32:11] SlimMonoLogger.INFO: Cron ran at: 21-04-2026 08:32:11 PM [] []
[2026-04-21 20:32:13] SlimMonoLogger.INFO: Cron ran at: 21-04-2026 08:32:13 PM [] []
[2026-04-21 20:32:16] SlimMonoLogger.INFO: Cron ran at: 21-04-2026 08:32:16 PM [] []
[2026-04-21 20:32:18] SlimMonoLogger.INFO: Cron ran at: 21-04-2026 08:32:18 PM [] []
[2026-04-21 20:32:20] SlimMonoLogger.INFO: Cron ran at: 21-04-2026 08:32:20 PM [] []
[2026-04-21 20:32:32] SlimMonoLogger.INFO: Cron ran at: 21-04-2026 08:32:32 PM [] []
[2026-04-21 20:32:51] SlimMonoLogger.INFO: Cron ran at: 21-04-2026 08:32:51 PM [] []
[2026-04-21 20:32:57] SlimMonoLogger.INFO: Cron ran at: 21-04-2026 08:32:57 PM [] []
[2026-04-21 20:32:59] SlimMonoLogger.INFO: Cron ran at: 21-04-2026 08:32:59 PM [] []
[2026-04-21 20:33:14] SlimMonoLogger.INFO: Cron ran at: 21-04-2026 08:33:14 PM [] []
[2026-04-21 20:33:20] SlimMonoLogger.INFO: Cron ran at: 21-04-2026 08:33:20 PM [] []
[2026-04-21 20:33:21] SlimMonoLogger.INFO: Cron ran at: 21-04-2026 08:33:21 PM [] []
[2026-04-21 20:33:23] SlimMonoLogger.INFO: Cron ran at: 21-04-2026 08:33:23 PM [] []
[2026-04-21 20:33:28] SlimMonoLogger.INFO: Cron ran at: 21-04-2026 08:33:28 PM [] []
[2026-04-21 20:33:33] SlimMonoLogger.INFO: Cron ran at: 21-04-2026 08:33:33 PM [] []
[2026-04-21 20:33:46] SlimMonoLogger.INFO: Cron ran at: 21-04-2026 08:33:46 PM [] []
[2026-04-21 20:33:56] SlimMonoLogger.INFO: Cron ran at: 21-04-2026 08:33:56 PM [] []
[2026-04-21 20:33:58] SlimMonoLogger.INFO: Cron ran at: 21-04-2026 08:33:58 PM [] []
[2026-04-21 20:34:12] SlimMonoLogger.INFO: Cron ran at: 21-04-2026 08:34:12 PM [] []
[2026-04-21 20:34:13] SlimMonoLogger.INFO: Cron ran at: 21-04-2026 08:34:13 PM [] []
[2026-04-21 20:34:27] SlimMonoLogger.INFO: Cron ran at: 21-04-2026 08:34:27 PM [] []
[2026-04-21 20:34:27] SlimMonoLogger.INFO: Cron ran at: 21-04-2026 08:34:27 PM [] []
[2026-04-21 20:34:36] SlimMonoLogger.INFO: Cron ran at: 21-04-2026 08:34:36 PM [] []
[2026-04-21 20:34:40] SlimMonoLogger.INFO: Cron ran at: 21-04-2026 08:34:40 PM [] []
[2026-04-21 20:34:46] SlimMonoLogger.INFO: Cron ran at: 21-04-2026 08:34:46 PM [] []
[2026-04-21 20:35:03] SlimMonoLogger.INFO: Cron ran at: 21-04-2026 08:35:03 PM [] []
[2026-04-21 20:35:03] SlimMonoLogger.INFO: Cron ran at: 21-04-2026 08:35:03 PM [] []
[2026-04-21 20:35:15] SlimMonoLogger.INFO: Cron ran at: 21-04-2026 08:35:15 PM [] []
[2026-04-21 20:35:18] SlimMonoLogger.INFO: Cron ran at: 21-04-2026 08:35:18 PM [] []
[2026-04-21 20:35:24] SlimMonoLogger.INFO: Cron ran at: 21-04-2026 08:35:24 PM [] []
[2026-04-21 20:35:27] SlimMonoLogger.INFO: Cron ran at: 21-04-2026 08:35:27 PM [] []
[2026-04-21 20:35:35] SlimMonoLogger.INFO: Cron ran at: 21-04-2026 08:35:35 PM [] []
[2026-04-21 20:35:41] SlimMonoLogger.INFO: Cron ran at: 21-04-2026 08:35:41 PM [] []
[2026-04-21 20:35:58] SlimMonoLogger.INFO: Cron ran at: 21-04-2026 08:35:58 PM [] []
[2026-04-21 20:36:09] SlimMonoLogger.INFO: Cron ran at: 21-04-2026 08:36:09 PM [] []
[2026-04-21 20:36:11] SlimMonoLogger.INFO: Cron ran at: 21-04-2026 08:36:11 PM [] []
[2026-04-21 20:36:13] SlimMonoLogger.INFO: Cron ran at: 21-04-2026 08:36:13 PM [] []
[2026-04-21 20:36:14] SlimMonoLogger.INFO: Cron ran at: 21-04-2026 08:36:14 PM [] []
[2026-04-21 20:36:21] SlimMonoLogger.INFO: Cron ran at: 21-04-2026 08:36:21 PM [] []
[2026-04-21 20:36:28] SlimMonoLogger.INFO: Cron ran at: 21-04-2026 08:36:28 PM [] []
[2026-04-21 20:36:29] SlimMonoLogger.INFO: Cron ran at: 21-04-2026 08:36:29 PM [] []
[2026-04-21 20:36:42] SlimMonoLogger.INFO: Cron ran at: 21-04-2026 08:36:42 PM [] []
[2026-04-21 20:36:45] SlimMonoLogger.INFO: Cron ran at: 21-04-2026 08:36:45 PM [] []
[2026-04-21 20:37:07] SlimMonoLogger.INFO: Cron ran at: 21-04-2026 08:37:07 PM [] []
[2026-04-21 20:37:08] SlimMonoLogger.INFO: Cron ran at: 21-04-2026 08:37:08 PM [] []
[2026-04-21 20:37:14] SlimMonoLogger.INFO: Cron ran at: 21-04-2026 08:37:14 PM [] []
[2026-04-21 20:37:15] SlimMonoLogger.INFO: Cron ran at: 21-04-2026 08:37:15 PM [] []
[2026-04-21 20:37:22] SlimMonoLogger.INFO: Cron ran at: 21-04-2026 08:37:22 PM [] []
[2026-04-21 20:37:30] SlimMonoLogger.INFO: Cron ran at: 21-04-2026 08:37:30 PM [] []
[2026-04-21 20:37:43] SlimMonoLogger.ERROR: Requests_Exception: cURL error 56: Connection closed abruptly in /home/latihtal/public_html/agregator1/src/vendor/rmccue/requests/library/Requests/Transport/cURL.php:422
Stack trace:
#0 /home/latihtal/public_html/agregator1/src/vendor/rmccue/requests/library/Requests/Transport/cURL.php(177): Requests_Transport_cURL->process_response()
#1 /home/latihtal/public_html/agregator1/src/vendor/rmccue/requests/library/Requests.php(379): Requests_Transport_cURL->request()
#2 /home/latihtal/public_html/agregator1/src/vendor/rmccue/requests/library/Requests/Session.php(205): Requests::request()
#3 /home/latihtal/public_html/agregator1/src/vendor/rmccue/requests/library/Requests/Session.php(132): Requests_Session->request()
#4 /home/latihtal/public_html/agregator1/src/drivers/Http/RssImporter.php(144): Requests_Session->get()
#5 /home/latihtal/public_html/agregator1/src/controllers/Dashboard/DashboardFeedsController.php(534): spark\drivers\Http\RssImporter->fetchPosts()
#6 /home/latihtal/public_html/agregator1/src/controllers/Site/SiteController.php(722): spark\controllers\Dashboard\DashboardFeedsController::importFeedPosts()
#7 [internal function]: spark\controllers\Site\SiteController->runTasks()
#8 /home/latihtal/public_html/agregator1/src/framework/Route.php(173): call_user_func_array()
#9 [internal function]: Slim\Route->Slim\{closure}()
#10 /home/latihtal/public_html/agregator1/src/framework/Route.php(468): call_user_func_array()
#11 /home/latihtal/public_html/agregator1/src/framework/Slim.php(1364): Slim\Route->dispatch()
#12 /home/latihtal/public_html/agregator1/src/framework/Middleware/Flash.php(85): Slim\Slim->call()
#13 /home/latihtal/public_html/agregator1/src/framework/Middleware/MethodOverride.php(92): Slim\Middleware\Flash->call()
#14 /home/latihtal/public_html/agregator1/src/middlewares/CsrfGuard/CsrfGuard.php(47): Slim\Middleware\MethodOverride->call()
#15 /home/latihtal/public_html/agregator1/src/framework/Middleware/PrettyExceptions.php(67): spark\middlewares\CsrfGuard\CsrfGuard->call()
#16 /home/latihtal/public_html/agregator1/src/framework/Slim.php(1308): Slim\Middleware\PrettyExceptions->call()
#17 /home/latihtal/public_html/agregator1/index.php(6): Slim\Slim->run()
#18 {main} [] []
[2026-04-21 20:37:44] SlimMonoLogger.INFO: Cron ran at: 21-04-2026 08:37:44 PM [] []
[2026-04-21 20:37:46] SlimMonoLogger.INFO: Cron ran at: 21-04-2026 08:37:46 PM [] []
[2026-04-21 20:37:54] SlimMonoLogger.INFO: Cron ran at: 21-04-2026 08:37:54 PM [] []
[2026-04-21 20:37:55] SlimMonoLogger.INFO: Cron ran at: 21-04-2026 08:37:55 PM [] []
[2026-04-21 20:38:00] SlimMonoLogger.INFO: Cron ran at: 21-04-2026 08:38:00 PM [] []
[2026-04-21 20:38:17] SlimMonoLogger.INFO: Cron ran at: 21-04-2026 08:38:17 PM [] []
[2026-04-21 20:38:17] SlimMonoLogger.INFO: Cron ran at: 21-04-2026 08:38:17 PM [] []
[2026-04-21 20:38:17] SlimMonoLogger.INFO: Cron ran at: 21-04-2026 08:38:17 PM [] []
[2026-04-21 20:38:24] SlimMonoLogger.INFO: Cron ran at: 21-04-2026 08:38:24 PM [] []
[2026-04-21 20:38:35] SlimMonoLogger.INFO: Cron ran at: 21-04-2026 08:38:35 PM [] []
[2026-04-21 20:38:36] SlimMonoLogger.INFO: Cron ran at: 21-04-2026 08:38:36 PM [] []
[2026-04-21 20:38:50] SlimMonoLogger.INFO: Cron ran at: 21-04-2026 08:38:50 PM [] []
[2026-04-21 20:38:50] SlimMonoLogger.INFO: Cron ran at: 21-04-2026 08:38:50 PM [] []
[2026-04-21 20:38:52] SlimMonoLogger.INFO: Cron ran at: 21-04-2026 08:38:52 PM [] []
[2026-04-21 20:39:10] SlimMonoLogger.INFO: Cron ran at: 21-04-2026 08:39:10 PM [] []
[2026-04-21 20:39:25] SlimMonoLogger.INFO: Cron ran at: 21-04-2026 08:39:25 PM [] []
[2026-04-21 20:39:25] SlimMonoLogger.INFO: Cron ran at: 21-04-2026 08:39:25 PM [] []
[2026-04-21 20:39:25] SlimMonoLogger.INFO: Cron ran at: 21-04-2026 08:39:25 PM [] []
[2026-04-21 20:39:27] SlimMonoLogger.INFO: Cron ran at: 21-04-2026 08:39:27 PM [] []
[2026-04-21 20:39:28] SlimMonoLogger.INFO: Cron ran at: 21-04-2026 08:39:28 PM [] []
[2026-04-21 20:39:44] SlimMonoLogger.INFO: Cron ran at: 21-04-2026 08:39:44 PM [] []
[2026-04-21 20:39:45] SlimMonoLogger.INFO: Cron ran at: 21-04-2026 08:39:45 PM [] []
[2026-04-21 20:39:59] SlimMonoLogger.INFO: Cron ran at: 21-04-2026 08:39:59 PM [] []
[2026-04-21 20:40:04] SlimMonoLogger.INFO: Cron ran at: 21-04-2026 08:40:04 PM [] []
[2026-04-21 20:40:15] SlimMonoLogger.INFO: Cron ran at: 21-04-2026 08:40:15 PM [] []
[2026-04-21 20:40:26] SlimMonoLogger.INFO: Cron ran at: 21-04-2026 08:40:26 PM [] []
[2026-04-21 20:40:26] SlimMonoLogger.INFO: Cron ran at: 21-04-2026 08:40:26 PM [] []
[2026-04-21 20:40:27] SlimMonoLogger.INFO: Cron ran at: 21-04-2026 08:40:27 PM [] []
[2026-04-21 20:40:31] SlimMonoLogger.INFO: Cron ran at: 21-04-2026 08:40:31 PM [] []
[2026-04-21 20:40:37] SlimMonoLogger.INFO: Cron ran at: 21-04-2026 08:40:37 PM [] []
[2026-04-21 20:40:46] SlimMonoLogger.INFO: Cron ran at: 21-04-2026 08:40:46 PM [] []
[2026-04-21 20:40:56] SlimMonoLogger.INFO: Cron ran at: 21-04-2026 08:40:56 PM [] []
[2026-04-21 20:40:57] SlimMonoLogger.INFO: Cron ran at: 21-04-2026 08:40:57 PM [] []
[2026-04-21 20:40:58] SlimMonoLogger.INFO: Cron ran at: 21-04-2026 08:40:58 PM [] []
[2026-04-21 20:41:04] SlimMonoLogger.INFO: Cron ran at: 21-04-2026 08:41:04 PM [] []
[2026-04-21 20:41:30] SlimMonoLogger.INFO: Cron ran at: 21-04-2026 08:41:30 PM [] []
[2026-04-21 20:41:31] SlimMonoLogger.INFO: Cron ran at: 21-04-2026 08:41:31 PM [] []
[2026-04-21 20:41:31] SlimMonoLogger.INFO: Cron ran at: 21-04-2026 08:41:31 PM [] []
[2026-04-21 20:41:31] SlimMonoLogger.INFO: Cron ran at: 21-04-2026 08:41:31 PM [] []
[2026-04-21 20:41:33] SlimMonoLogger.INFO: Cron ran at: 21-04-2026 08:41:33 PM [] []
[2026-04-21 20:41:33] SlimMonoLogger.INFO: Cron ran at: 21-04-2026 08:41:33 PM [] []
[2026-04-21 20:41:40] SlimMonoLogger.INFO: Cron ran at: 21-04-2026 08:41:40 PM [] []
[2026-04-21 20:41:56] SlimMonoLogger.INFO: Cron ran at: 21-04-2026 08:41:56 PM [] []
[2026-04-21 20:41:56] SlimMonoLogger.INFO: Cron ran at: 21-04-2026 08:41:56 PM [] []
[2026-04-21 20:42:00] SlimMonoLogger.INFO: Cron ran at: 21-04-2026 08:42:00 PM [] []
[2026-04-21 20:42:08] SlimMonoLogger.INFO: Cron ran at: 21-04-2026 08:42:08 PM [] []
[2026-04-21 20:42:08] SlimMonoLogger.INFO: Cron ran at: 21-04-2026 08:42:08 PM [] []
[2026-04-21 20:42:11] SlimMonoLogger.INFO: Cron ran at: 21-04-2026 08:42:11 PM [] []
[2026-04-21 20:42:13] SlimMonoLogger.INFO: Cron ran at: 21-04-2026 08:42:13 PM [] []
[2026-04-21 20:42:27] SlimMonoLogger.INFO: Cron ran at: 21-04-2026 08:42:27 PM [] []
[2026-04-21 20:42:27] SlimMonoLogger.INFO: Cron ran at: 21-04-2026 08:42:27 PM [] []
[2026-04-21 20:42:28] SlimMonoLogger.INFO: Cron ran at: 21-04-2026 08:42:28 PM [] []
[2026-04-21 20:42:41] SlimMonoLogger.INFO: Cron ran at: 21-04-2026 08:42:41 PM [] []
[2026-04-21 20:42:52] SlimMonoLogger.INFO: Cron ran at: 21-04-2026 08:42:52 PM [] []
[2026-04-21 20:43:08] SlimMonoLogger.INFO: Cron ran at: 21-04-2026 08:43:08 PM [] []
[2026-04-21 20:43:09] SlimMonoLogger.INFO: Cron ran at: 21-04-2026 08:43:09 PM [] []
[2026-04-21 20:43:10] SlimMonoLogger.INFO: Cron ran at: 21-04-2026 08:43:10 PM [] []
[2026-04-21 20:43:15] SlimMonoLogger.INFO: Cron ran at: 21-04-2026 08:43:15 PM [] []
[2026-04-21 20:43:22] SlimMonoLogger.INFO: Cron ran at: 21-04-2026 08:43:22 PM [] []
[2026-04-21 20:43:23] SlimMonoLogger.INFO: Cron ran at: 21-04-2026 08:43:23 PM [] []
[2026-04-21 20:43:26] SlimMonoLogger.INFO: Cron ran at: 21-04-2026 08:43:26 PM [] []
[2026-04-21 20:43:27] SlimMonoLogger.INFO: Cron ran at: 21-04-2026 08:43:27 PM [] []
[2026-04-21 20:43:38] SlimMonoLogger.INFO: Cron ran at: 21-04-2026 08:43:38 PM [] []
[2026-04-21 20:44:02] SlimMonoLogger.INFO: Cron ran at: 21-04-2026 08:44:02 PM [] []
[2026-04-21 20:44:03] SlimMonoLogger.INFO: Cron ran at: 21-04-2026 08:44:03 PM [] []
[2026-04-21 20:44:08] SlimMonoLogger.INFO: Cron ran at: 21-04-2026 08:44:08 PM [] []
[2026-04-21 20:44:10] SlimMonoLogger.INFO: Cron ran at: 21-04-2026 08:44:10 PM [] []
[2026-04-21 20:44:12] SlimMonoLogger.INFO: Cron ran at: 21-04-2026 08:44:12 PM [] []
[2026-04-21 20:44:16] SlimMonoLogger.INFO: Cron ran at: 21-04-2026 08:44:16 PM [] []
[2026-04-21 20:44:31] SlimMonoLogger.INFO: Cron ran at: 21-04-2026 08:44:31 PM [] []
[2026-04-21 20:44:33] SlimMonoLogger.INFO: Cron ran at: 21-04-2026 08:44:33 PM [] []
[2026-04-21 20:44:34] SlimMonoLogger.INFO: Cron ran at: 21-04-2026 08:44:34 PM [] []
[2026-04-21 20:44:35] SlimMonoLogger.INFO: Cron ran at: 21-04-2026 08:44:35 PM [] []
[2026-04-21 20:45:00] SlimMonoLogger.INFO: Cron ran at: 21-04-2026 08:45:00 PM [] []
[2026-04-21 20:45:00] SlimMonoLogger.INFO: Cron ran at: 21-04-2026 08:45:00 PM [] []
[2026-04-21 20:45:11] SlimMonoLogger.INFO: Cron ran at: 21-04-2026 08:45:11 PM [] []
[2026-04-21 20:45:14] SlimMonoLogger.INFO: Cron ran at: 21-04-2026 08:45:14 PM [] []
[2026-04-21 20:45:15] SlimMonoLogger.INFO: Cron ran at: 21-04-2026 08:45:15 PM [] []
[2026-04-21 20:45:16] SlimMonoLogger.INFO: Cron ran at: 21-04-2026 08:45:16 PM [] []
[2026-04-21 20:45:30] SlimMonoLogger.INFO: Cron ran at: 21-04-2026 08:45:30 PM [] []
[2026-04-21 20:45:38] SlimMonoLogger.INFO: Cron ran at: 21-04-2026 08:45:38 PM [] []
[2026-04-21 20:45:39] SlimMonoLogger.INFO: Cron ran at: 21-04-2026 08:45:39 PM [] []
[2026-04-21 20:46:03] SlimMonoLogger.INFO: Cron ran at: 21-04-2026 08:46:03 PM [] []
[2026-04-21 20:46:13] SlimMonoLogger.INFO: Cron ran at: 21-04-2026 08:46:13 PM [] []
[2026-04-21 20:46:13] SlimMonoLogger.INFO: Cron ran at: 21-04-2026 08:46:13 PM [] []
[2026-04-21 20:46:13] SlimMonoLogger.INFO: Cron ran at: 21-04-2026 08:46:13 PM [] []
[2026-04-21 20:46:16] SlimMonoLogger.INFO: Cron ran at: 21-04-2026 08:46:16 PM [] []
[2026-04-21 20:46:22] SlimMonoLogger.INFO: Cron ran at: 21-04-2026 08:46:22 PM [] []
[2026-04-21 20:46:26] SlimMonoLogger.INFO: Cron ran at: 21-04-2026 08:46:26 PM [] []
[2026-04-21 20:46:31] SlimMonoLogger.INFO: Cron ran at: 21-04-2026 08:46:31 PM [] []
[2026-04-21 20:46:38] SlimMonoLogger.INFO: Cron ran at: 21-04-2026 08:46:38 PM [] []
[2026-04-21 20:46:38] SlimMonoLogger.INFO: Cron ran at: 21-04-2026 08:46:38 PM [] []
[2026-04-21 20:47:12] SlimMonoLogger.INFO: Cron ran at: 21-04-2026 08:47:12 PM [] []
[2026-04-21 20:47:13] SlimMonoLogger.INFO: Cron ran at: 21-04-2026 08:47:13 PM [] []
[2026-04-21 20:47:14] SlimMonoLogger.INFO: Cron ran at: 21-04-2026 08:47:14 PM [] []
[2026-04-21 20:47:16] SlimMonoLogger.INFO: Cron ran at: 21-04-2026 08:47:16 PM [] []
[2026-04-21 20:47:20] SlimMonoLogger.INFO: Cron ran at: 21-04-2026 08:47:20 PM [] []
[2026-04-21 20:47:20] SlimMonoLogger.INFO: Cron ran at: 21-04-2026 08:47:20 PM [] []
[2026-04-21 20:47:26] SlimMonoLogger.INFO: Cron ran at: 21-04-2026 08:47:26 PM [] []
[2026-04-21 20:47:37] SlimMonoLogger.INFO: Cron ran at: 21-04-2026 08:47:37 PM [] []
[2026-04-21 20:47:40] SlimMonoLogger.INFO: Cron ran at: 21-04-2026 08:47:40 PM [] []
[2026-04-21 20:47:51] SlimMonoLogger.INFO: Cron ran at: 21-04-2026 08:47:51 PM [] []
[2026-04-21 20:48:10] SlimMonoLogger.INFO: Cron ran at: 21-04-2026 08:48:10 PM [] []
[2026-04-21 20:48:15] SlimMonoLogger.INFO: Cron ran at: 21-04-2026 08:48:15 PM [] []
[2026-04-21 20:48:16] SlimMonoLogger.INFO: Cron ran at: 21-04-2026 08:48:16 PM [] []
[2026-04-21 20:48:17] SlimMonoLogger.INFO: Cron ran at: 21-04-2026 08:48:17 PM [] []
[2026-04-21 20:48:23] SlimMonoLogger.INFO: Cron ran at: 21-04-2026 08:48:23 PM [] []
[2026-04-21 20:48:26] SlimMonoLogger.INFO: Cron ran at: 21-04-2026 08:48:26 PM [] []
[2026-04-21 20:48:33] SlimMonoLogger.INFO: Cron ran at: 21-04-2026 08:48:33 PM [] []
[2026-04-21 20:48:43] SlimMonoLogger.INFO: Cron ran at: 21-04-2026 08:48:43 PM [] []
[2026-04-21 20:48:54] SlimMonoLogger.INFO: Cron ran at: 21-04-2026 08:48:54 PM [] []
[2026-04-21 20:49:17] SlimMonoLogger.INFO: Cron ran at: 21-04-2026 08:49:17 PM [] []
[2026-04-21 20:49:18] SlimMonoLogger.INFO: Cron ran at: 21-04-2026 08:49:18 PM [] []
[2026-04-21 20:49:22] SlimMonoLogger.INFO: Cron ran at: 21-04-2026 08:49:22 PM [] []
[2026-04-21 20:49:25] SlimMonoLogger.INFO: Cron ran at: 21-04-2026 08:49:25 PM [] []
[2026-04-21 20:49:25] SlimMonoLogger.INFO: Cron ran at: 21-04-2026 08:49:25 PM [] []
[2026-04-21 20:49:35] SlimMonoLogger.INFO: Cron ran at: 21-04-2026 08:49:35 PM [] []
[2026-04-21 20:49:35] SlimMonoLogger.INFO: Cron ran at: 21-04-2026 08:49:35 PM [] []
[2026-04-21 20:49:43] SlimMonoLogger.INFO: Cron ran at: 21-04-2026 08:49:43 PM [] []
[2026-04-21 20:49:53] SlimMonoLogger.INFO: Cron ran at: 21-04-2026 08:49:53 PM [] []
[2026-04-21 20:50:16] SlimMonoLogger.INFO: Cron ran at: 21-04-2026 08:50:16 PM [] []
[2026-04-21 20:50:25] SlimMonoLogger.INFO: Cron ran at: 21-04-2026 08:50:25 PM [] []
[2026-04-21 20:50:26] SlimMonoLogger.INFO: Cron ran at: 21-04-2026 08:50:26 PM [] []
[2026-04-21 20:50:28] SlimMonoLogger.INFO: Cron ran at: 21-04-2026 08:50:28 PM [] []
[2026-04-21 20:50:28] SlimMonoLogger.INFO: Cron ran at: 21-04-2026 08:50:28 PM [] []
[2026-04-21 20:50:34] SlimMonoLogger.INFO: Cron ran at: 21-04-2026 08:50:34 PM [] []
[2026-04-21 20:50:34] SlimMonoLogger.INFO: Cron ran at: 21-04-2026 08:50:34 PM [] []
[2026-04-21 20:50:55] SlimMonoLogger.INFO: Cron ran at: 21-04-2026 08:50:55 PM [] []
[2026-04-21 20:51:02] SlimMonoLogger.INFO: Cron ran at: 21-04-2026 08:51:02 PM [] []
[2026-04-21 20:51:14] SlimMonoLogger.INFO: Cron ran at: 21-04-2026 08:51:14 PM [] []
[2026-04-21 20:51:17] SlimMonoLogger.INFO: Cron ran at: 21-04-2026 08:51:17 PM [] []
[2026-04-21 20:51:28] SlimMonoLogger.INFO: Cron ran at: 21-04-2026 08:51:28 PM [] []
[2026-04-21 20:51:28] SlimMonoLogger.INFO: Cron ran at: 21-04-2026 08:51:28 PM [] []
[2026-04-21 20:51:29] SlimMonoLogger.INFO: Cron ran at: 21-04-2026 08:51:29 PM [] []
[2026-04-21 20:51:31] SlimMonoLogger.INFO: Cron ran at: 21-04-2026 08:51:31 PM [] []
[2026-04-21 20:51:39] SlimMonoLogger.INFO: Cron ran at: 21-04-2026 08:51:39 PM [] []
[2026-04-21 20:51:46] SlimMonoLogger.INFO: Cron ran at: 21-04-2026 08:51:46 PM [] []
[2026-04-21 20:51:47] SlimMonoLogger.INFO: Cron ran at: 21-04-2026 08:51:47 PM [] []
[2026-04-21 20:52:00] SlimMonoLogger.INFO: Cron ran at: 21-04-2026 08:52:00 PM [] []
[2026-04-21 20:52:10] SlimMonoLogger.INFO: Cron ran at: 21-04-2026 08:52:10 PM [] []
[2026-04-21 20:52:10] SlimMonoLogger.INFO: Cron ran at: 21-04-2026 08:52:10 PM [] []
[2026-04-21 20:52:24] SlimMonoLogger.INFO: Cron ran at: 21-04-2026 08:52:24 PM [] []
[2026-04-21 20:52:30] SlimMonoLogger.INFO: Cron ran at: 21-04-2026 08:52:30 PM [] []
[2026-04-21 20:52:30] SlimMonoLogger.INFO: Cron ran at: 21-04-2026 08:52:30 PM [] []
[2026-04-21 20:52:44] SlimMonoLogger.INFO: Cron ran at: 21-04-2026 08:52:44 PM [] []
[2026-04-21 20:52:44] SlimMonoLogger.INFO: Cron ran at: 21-04-2026 08:52:44 PM [] []
[2026-04-21 20:52:45] SlimMonoLogger.INFO: Cron ran at: 21-04-2026 08:52:45 PM [] []
[2026-04-21 20:52:52] SlimMonoLogger.INFO: Cron ran at: 21-04-2026 08:52:52 PM [] []
[2026-04-21 20:53:04] SlimMonoLogger.INFO: Cron ran at: 21-04-2026 08:53:04 PM [] []
[2026-04-21 20:53:15] SlimMonoLogger.INFO: Cron ran at: 21-04-2026 08:53:15 PM [] []
[2026-04-21 20:53:15] SlimMonoLogger.INFO: Cron ran at: 21-04-2026 08:53:15 PM [] []
[2026-04-21 20:53:29] SlimMonoLogger.INFO: Cron ran at: 21-04-2026 08:53:29 PM [] []
[2026-04-21 20:53:29] SlimMonoLogger.INFO: Cron ran at: 21-04-2026 08:53:29 PM [] []
[2026-04-21 20:53:40] SlimMonoLogger.INFO: Cron ran at: 21-04-2026 08:53:40 PM [] []
[2026-04-21 20:53:40] SlimMonoLogger.INFO: Cron ran at: 21-04-2026 08:53:40 PM [] []
[2026-04-21 20:53:40] SlimMonoLogger.INFO: Cron ran at: 21-04-2026 08:53:40 PM [] []
[2026-04-21 20:53:44] SlimMonoLogger.INFO: Cron ran at: 21-04-2026 08:53:44 PM [] []
[2026-04-21 20:53:58] SlimMonoLogger.INFO: Cron ran at: 21-04-2026 08:53:58 PM [] []
[2026-04-21 20:54:13] SlimMonoLogger.INFO: Cron ran at: 21-04-2026 08:54:13 PM [] []
[2026-04-21 20:54:13] SlimMonoLogger.INFO: Cron ran at: 21-04-2026 08:54:13 PM [] []
[2026-04-21 20:54:20] SlimMonoLogger.INFO: Cron ran at: 21-04-2026 08:54:20 PM [] []
[2026-04-21 20:54:38] SlimMonoLogger.INFO: Cron ran at: 21-04-2026 08:54:38 PM [] []
[2026-04-21 20:54:38] SlimMonoLogger.INFO: Cron ran at: 21-04-2026 08:54:38 PM [] []
[2026-04-21 20:54:38] SlimMonoLogger.INFO: Cron ran at: 21-04-2026 08:54:38 PM [] []
[2026-04-21 20:54:38] SlimMonoLogger.INFO: Cron ran at: 21-04-2026 08:54:38 PM [] []
[2026-04-21 20:54:57] SlimMonoLogger.INFO: Cron ran at: 21-04-2026 08:54:57 PM [] []
[2026-04-21 20:54:58] SlimMonoLogger.INFO: Cron ran at: 21-04-2026 08:54:58 PM [] []
[2026-04-21 20:55:12] SlimMonoLogger.INFO: Cron ran at: 21-04-2026 08:55:12 PM [] []
[2026-04-21 20:55:21] SlimMonoLogger.INFO: Cron ran at: 21-04-2026 08:55:21 PM [] []
[2026-04-21 20:55:28] SlimMonoLogger.INFO: Cron ran at: 21-04-2026 08:55:28 PM [] []
[2026-04-21 20:55:45] SlimMonoLogger.INFO: Cron ran at: 21-04-2026 08:55:45 PM [] []
[2026-04-21 20:55:45] SlimMonoLogger.INFO: Cron ran at: 21-04-2026 08:55:45 PM [] []
[2026-04-21 20:55:49] SlimMonoLogger.INFO: Cron ran at: 21-04-2026 08:55:49 PM [] []
[2026-04-21 20:55:52] SlimMonoLogger.INFO: Cron ran at: 21-04-2026 08:55:52 PM [] []
[2026-04-21 20:55:57] SlimMonoLogger.INFO: Cron ran at: 21-04-2026 08:55:57 PM [] []
[2026-04-21 20:55:58] SlimMonoLogger.INFO: Cron ran at: 21-04-2026 08:55:58 PM [] []
[2026-04-21 20:56:15] SlimMonoLogger.INFO: Cron ran at: 21-04-2026 08:56:15 PM [] []
[2026-04-21 20:56:16] SlimMonoLogger.INFO: Cron ran at: 21-04-2026 08:56:16 PM [] []
[2026-04-21 20:56:20] SlimMonoLogger.INFO: Cron ran at: 21-04-2026 08:56:20 PM [] []
[2026-04-21 20:56:33] SlimMonoLogger.INFO: Cron ran at: 21-04-2026 08:56:33 PM [] []
[2026-04-21 20:56:36] SlimMonoLogger.INFO: Cron ran at: 21-04-2026 08:56:36 PM [] []
[2026-04-21 20:56:55] SlimMonoLogger.INFO: Cron ran at: 21-04-2026 08:56:55 PM [] []
[2026-04-21 20:56:55] SlimMonoLogger.INFO: Cron ran at: 21-04-2026 08:56:55 PM [] []
[2026-04-21 20:56:55] SlimMonoLogger.INFO: Cron ran at: 21-04-2026 08:56:55 PM [] []
[2026-04-21 20:56:56] SlimMonoLogger.INFO: Cron ran at: 21-04-2026 08:56:56 PM [] []
[2026-04-21 20:57:10] SlimMonoLogger.INFO: Cron ran at: 21-04-2026 08:57:10 PM [] []
[2026-04-21 20:57:10] SlimMonoLogger.INFO: Cron ran at: 21-04-2026 08:57:10 PM [] []
[2026-04-21 20:57:15] SlimMonoLogger.INFO: Cron ran at: 21-04-2026 08:57:15 PM [] []
[2026-04-21 20:57:18] SlimMonoLogger.INFO: Cron ran at: 21-04-2026 08:57:18 PM [] []
[2026-04-21 20:57:32] SlimMonoLogger.INFO: Cron ran at: 21-04-2026 08:57:32 PM [] []
[2026-04-21 20:57:44] SlimMonoLogger.INFO: Cron ran at: 21-04-2026 08:57:44 PM [] []
[2026-04-21 20:57:45] SlimMonoLogger.INFO: Cron ran at: 21-04-2026 08:57:45 PM [] []
[2026-04-21 20:57:48] SlimMonoLogger.INFO: Cron ran at: 21-04-2026 08:57:48 PM [] []
[2026-04-21 20:57:49] SlimMonoLogger.INFO: Cron ran at: 21-04-2026 08:57:49 PM [] []
[2026-04-21 20:58:07] SlimMonoLogger.INFO: Cron ran at: 21-04-2026 08:58:07 PM [] []
[2026-04-21 20:58:08] SlimMonoLogger.INFO: Cron ran at: 21-04-2026 08:58:08 PM [] []
[2026-04-21 20:58:11] SlimMonoLogger.INFO: Cron ran at: 21-04-2026 08:58:11 PM [] []
[2026-04-21 20:58:16] SlimMonoLogger.INFO: Cron ran at: 21-04-2026 08:58:16 PM [] []
[2026-04-21 20:58:25] SlimMonoLogger.INFO: Cron ran at: 21-04-2026 08:58:25 PM [] []
[2026-04-21 20:58:38] SlimMonoLogger.INFO: Cron ran at: 21-04-2026 08:58:38 PM [] []
[2026-04-21 20:58:42] SlimMonoLogger.INFO: Cron ran at: 21-04-2026 08:58:42 PM [] []
[2026-04-21 20:58:43] SlimMonoLogger.INFO: Cron ran at: 21-04-2026 08:58:43 PM [] []
[2026-04-21 20:59:05] SlimMonoLogger.INFO: Cron ran at: 21-04-2026 08:59:05 PM [] []
[2026-04-21 20:59:05] SlimMonoLogger.INFO: Cron ran at: 21-04-2026 08:59:05 PM [] []
[2026-04-21 20:59:05] SlimMonoLogger.INFO: Cron ran at: 21-04-2026 08:59:05 PM [] []
[2026-04-21 20:59:12] SlimMonoLogger.INFO: Cron ran at: 21-04-2026 08:59:12 PM [] []
[2026-04-21 20:59:12] SlimMonoLogger.INFO: Cron ran at: 21-04-2026 08:59:12 PM [] []
[2026-04-21 20:59:23] SlimMonoLogger.INFO: Cron ran at: 21-04-2026 08:59:23 PM [] []
[2026-04-21 20:59:38] SlimMonoLogger.INFO: Cron ran at: 21-04-2026 08:59:38 PM [] []
[2026-04-21 20:59:39] SlimMonoLogger.INFO: Cron ran at: 21-04-2026 08:59:39 PM [] []
[2026-04-21 20:59:54] SlimMonoLogger.INFO: Cron ran at: 21-04-2026 08:59:54 PM [] []
[2026-04-21 20:59:55] SlimMonoLogger.INFO: Cron ran at: 21-04-2026 08:59:55 PM [] []
[2026-04-21 21:00:01] SlimMonoLogger.INFO: Cron ran at: 21-04-2026 09:00:01 PM [] []
[2026-04-21 21:00:10] SlimMonoLogger.INFO: Cron ran at: 21-04-2026 09:00:10 PM [] []
[2026-04-21 21:00:14] SlimMonoLogger.INFO: Cron ran at: 21-04-2026 09:00:14 PM [] []
[2026-04-21 21:00:14] SlimMonoLogger.INFO: Cron ran at: 21-04-2026 09:00:14 PM [] []
[2026-04-21 21:00:20] SlimMonoLogger.INFO: Cron ran at: 21-04-2026 09:00:20 PM [] []
[2026-04-21 21:00:45] SlimMonoLogger.INFO: Cron ran at: 21-04-2026 09:00:45 PM [] []
[2026-04-21 21:00:57] SlimMonoLogger.INFO: Cron ran at: 21-04-2026 09:00:57 PM [] []
[2026-04-21 21:00:57] SlimMonoLogger.INFO: Cron ran at: 21-04-2026 09:00:57 PM [] []
[2026-04-21 21:00:57] SlimMonoLogger.INFO: Cron ran at: 21-04-2026 09:00:57 PM [] []
[2026-04-21 21:01:28] SlimMonoLogger.INFO: Cron ran at: 21-04-2026 09:01:28 PM [] []
[2026-04-21 21:01:28] SlimMonoLogger.INFO: Cron ran at: 21-04-2026 09:01:28 PM [] []
[2026-04-21 21:01:28] SlimMonoLogger.INFO: Cron ran at: 21-04-2026 09:01:28 PM [] []
[2026-04-21 21:01:29] SlimMonoLogger.INFO: Cron ran at: 21-04-2026 09:01:29 PM [] []
[2026-04-21 21:01:33] SlimMonoLogger.INFO: Cron ran at: 21-04-2026 09:01:33 PM [] []
[2026-04-21 21:01:37] SlimMonoLogger.INFO: Cron ran at: 21-04-2026 09:01:37 PM [] []
[2026-04-21 21:01:44] SlimMonoLogger.INFO: Cron ran at: 21-04-2026 09:01:44 PM [] []
[2026-04-21 21:02:00] SlimMonoLogger.INFO: Cron ran at: 21-04-2026 09:02:00 PM [] []
[2026-04-21 21:02:02] SlimMonoLogger.INFO: Cron ran at: 21-04-2026 09:02:02 PM [] []
[2026-04-21 21:02:15] SlimMonoLogger.INFO: Cron ran at: 21-04-2026 09:02:15 PM [] []
[2026-04-21 21:02:15] SlimMonoLogger.INFO: Cron ran at: 21-04-2026 09:02:15 PM [] []
[2026-04-21 21:02:19] SlimMonoLogger.INFO: Cron ran at: 21-04-2026 09:02:19 PM [] []
[2026-04-21 21:02:24] SlimMonoLogger.INFO: Cron ran at: 21-04-2026 09:02:24 PM [] []
[2026-04-21 21:02:26] SlimMonoLogger.INFO: Cron ran at: 21-04-2026 09:02:26 PM [] []
[2026-04-21 21:02:27] SlimMonoLogger.INFO: Cron ran at: 21-04-2026 09:02:27 PM [] []
[2026-04-21 21:02:31] SlimMonoLogger.INFO: Cron ran at: 21-04-2026 09:02:31 PM [] []
[2026-04-21 21:02:48] SlimMonoLogger.INFO: Cron ran at: 21-04-2026 09:02:48 PM [] []
[2026-04-21 21:02:56] SlimMonoLogger.INFO: Cron ran at: 21-04-2026 09:02:56 PM [] []
[2026-04-21 21:03:11] SlimMonoLogger.INFO: Cron ran at: 21-04-2026 09:03:11 PM [] []
[2026-04-21 21:03:12] SlimMonoLogger.INFO: Cron ran at: 21-04-2026 09:03:12 PM [] []
[2026-04-21 21:03:12] SlimMonoLogger.INFO: Cron ran at: 21-04-2026 09:03:12 PM [] []
[2026-04-21 21:03:18] SlimMonoLogger.INFO: Cron ran at: 21-04-2026 09:03:18 PM [] []
[2026-04-21 21:03:18] SlimMonoLogger.INFO: Cron ran at: 21-04-2026 09:03:18 PM [] []
[2026-04-21 21:03:24] SlimMonoLogger.INFO: Cron ran at: 21-04-2026 09:03:24 PM [] []
[2026-04-21 21:03:27] SlimMonoLogger.INFO: Cron ran at: 21-04-2026 09:03:27 PM [] []
[2026-04-21 21:03:29] SlimMonoLogger.INFO: Cron ran at: 21-04-2026 09:03:29 PM [] []
[2026-04-21 21:03:50] SlimMonoLogger.INFO: Cron ran at: 21-04-2026 09:03:50 PM [] []
[2026-04-21 21:04:04] SlimMonoLogger.INFO: Cron ran at: 21-04-2026 09:04:04 PM [] []
[2026-04-21 21:04:09] SlimMonoLogger.INFO: Cron ran at: 21-04-2026 09:04:09 PM [] []
[2026-04-21 21:04:10] SlimMonoLogger.INFO: Cron ran at: 21-04-2026 09:04:10 PM [] []
[2026-04-21 21:04:12] SlimMonoLogger.INFO: Cron ran at: 21-04-2026 09:04:12 PM [] []
[2026-04-21 21:04:19] SlimMonoLogger.INFO: Cron ran at: 21-04-2026 09:04:19 PM [] []
[2026-04-21 21:04:22] SlimMonoLogger.INFO: Cron ran at: 21-04-2026 09:04:22 PM [] []
[2026-04-21 21:04:24] SlimMonoLogger.INFO: Cron ran at: 21-04-2026 09:04:24 PM [] []
[2026-04-21 21:04:28] SlimMonoLogger.INFO: Cron ran at: 21-04-2026 09:04:28 PM [] []
[2026-04-21 21:04:31] SlimMonoLogger.INFO: Cron ran at: 21-04-2026 09:04:31 PM [] []
[2026-04-21 21:04:52] SlimMonoLogger.INFO: Cron ran at: 21-04-2026 09:04:52 PM [] []
[2026-04-21 21:05:06] SlimMonoLogger.INFO: Cron ran at: 21-04-2026 09:05:06 PM [] []
[2026-04-21 21:05:11] SlimMonoLogger.INFO: Cron ran at: 21-04-2026 09:05:11 PM [] []
[2026-04-21 21:05:13] SlimMonoLogger.INFO: Cron ran at: 21-04-2026 09:05:13 PM [] []
[2026-04-21 21:05:23] SlimMonoLogger.INFO: Cron ran at: 21-04-2026 09:05:23 PM [] []
[2026-04-21 21:05:23] SlimMonoLogger.INFO: Cron ran at: 21-04-2026 09:05:23 PM [] []
[2026-04-21 21:05:28] SlimMonoLogger.INFO: Cron ran at: 21-04-2026 09:05:28 PM [] []
[2026-04-21 21:05:29] SlimMonoLogger.INFO: Cron ran at: 21-04-2026 09:05:29 PM [] []
[2026-04-21 21:05:31] SlimMonoLogger.INFO: Cron ran at: 21-04-2026 09:05:31 PM [] []
[2026-04-21 21:05:39] SlimMonoLogger.INFO: Cron ran at: 21-04-2026 09:05:39 PM [] []
[2026-04-21 21:05:56] SlimMonoLogger.INFO: Cron ran at: 21-04-2026 09:05:56 PM [] []
[2026-04-21 21:06:09] SlimMonoLogger.INFO: Cron ran at: 21-04-2026 09:06:09 PM [] []
[2026-04-21 21:06:12] SlimMonoLogger.INFO: Cron ran at: 21-04-2026 09:06:12 PM [] []
[2026-04-21 21:06:14] SlimMonoLogger.INFO: Cron ran at: 21-04-2026 09:06:14 PM [] []
[2026-04-21 21:06:23] SlimMonoLogger.INFO: Cron ran at: 21-04-2026 09:06:23 PM [] []
[2026-04-21 21:06:23] SlimMonoLogger.INFO: Cron ran at: 21-04-2026 09:06:23 PM [] []
[2026-04-21 21:06:23] SlimMonoLogger.INFO: Cron ran at: 21-04-2026 09:06:23 PM [] []
[2026-04-21 21:06:28] SlimMonoLogger.INFO: Cron ran at: 21-04-2026 09:06:28 PM [] []
[2026-04-21 21:06:28] SlimMonoLogger.INFO: Cron ran at: 21-04-2026 09:06:28 PM [] []
[2026-04-21 21:06:39] SlimMonoLogger.INFO: Cron ran at: 21-04-2026 09:06:39 PM [] []
[2026-04-21 21:06:40] SlimMonoLogger.INFO: Cron ran at: 21-04-2026 09:06:40 PM [] []
[2026-04-21 21:06:58] SlimMonoLogger.INFO: Cron ran at: 21-04-2026 09:06:58 PM [] []
[2026-04-21 21:07:09] SlimMonoLogger.INFO: Cron ran at: 21-04-2026 09:07:09 PM [] []
[2026-04-21 21:07:13] SlimMonoLogger.INFO: Cron ran at: 21-04-2026 09:07:13 PM [] []
[2026-04-21 21:07:15] SlimMonoLogger.INFO: Cron ran at: 21-04-2026 09:07:15 PM [] []
[2026-04-21 21:07:22] SlimMonoLogger.INFO: Cron ran at: 21-04-2026 09:07:22 PM [] []
[2026-04-21 21:07:22] SlimMonoLogger.INFO: Cron ran at: 21-04-2026 09:07:22 PM [] []
[2026-04-21 21:07:26] SlimMonoLogger.INFO: Cron ran at: 21-04-2026 09:07:26 PM [] []
[2026-04-21 21:07:31] SlimMonoLogger.INFO: Cron ran at: 21-04-2026 09:07:31 PM [] []
[2026-04-21 21:07:38] SlimMonoLogger.INFO: Cron ran at: 21-04-2026 09:07:38 PM [] []
[2026-04-21 21:07:39] SlimMonoLogger.INFO: Cron ran at: 21-04-2026 09:07:39 PM [] []
[2026-04-21 21:07:47] SlimMonoLogger.INFO: Cron ran at: 21-04-2026 09:07:47 PM [] []
[2026-04-21 21:07:58] SlimMonoLogger.INFO: Cron ran at: 21-04-2026 09:07:58 PM [] []
[2026-04-21 21:08:09] SlimMonoLogger.INFO: Cron ran at: 21-04-2026 09:08:09 PM [] []
[2026-04-21 21:08:13] SlimMonoLogger.INFO: Cron ran at: 21-04-2026 09:08:13 PM [] []
[2026-04-21 21:08:15] SlimMonoLogger.INFO: Cron ran at: 21-04-2026 09:08:15 PM [] []
[2026-04-21 21:08:25] SlimMonoLogger.INFO: Cron ran at: 21-04-2026 09:08:25 PM [] []
[2026-04-21 21:08:29] SlimMonoLogger.INFO: Cron ran at: 21-04-2026 09:08:29 PM [] []
[2026-04-21 21:08:29] SlimMonoLogger.INFO: Cron ran at: 21-04-2026 09:08:29 PM [] []
[2026-04-21 21:08:31] SlimMonoLogger.INFO: Cron ran at: 21-04-2026 09:08:31 PM [] []
[2026-04-21 21:08:42] SlimMonoLogger.INFO: Cron ran at: 21-04-2026 09:08:42 PM [] []
[2026-04-21 21:08:44] SlimMonoLogger.INFO: Cron ran at: 21-04-2026 09:08:44 PM [] []
[2026-04-21 21:08:49] SlimMonoLogger.INFO: Cron ran at: 21-04-2026 09:08:49 PM [] []
[2026-04-21 21:09:10] SlimMonoLogger.INFO: Cron ran at: 21-04-2026 09:09:10 PM [] []
[2026-04-21 21:09:12] SlimMonoLogger.INFO: Cron ran at: 21-04-2026 09:09:12 PM [] []
[2026-04-21 21:09:15] SlimMonoLogger.INFO: Cron ran at: 21-04-2026 09:09:15 PM [] []
[2026-04-21 21:09:16] SlimMonoLogger.INFO: Cron ran at: 21-04-2026 09:09:16 PM [] []
[2026-04-21 21:09:27] SlimMonoLogger.INFO: Cron ran at: 21-04-2026 09:09:27 PM [] []
[2026-04-21 21:09:29] SlimMonoLogger.INFO: Cron ran at: 21-04-2026 09:09:29 PM [] []
[2026-04-21 21:09:31] SlimMonoLogger.INFO: Cron ran at: 21-04-2026 09:09:31 PM [] []
[2026-04-21 21:09:39] SlimMonoLogger.INFO: Cron ran at: 21-04-2026 09:09:39 PM [] []
[2026-04-21 21:09:41] SlimMonoLogger.INFO: Cron ran at: 21-04-2026 09:09:41 PM [] []
[2026-04-21 21:09:45] SlimMonoLogger.INFO: Cron ran at: 21-04-2026 09:09:45 PM [] []
[2026-04-21 21:09:51] SlimMonoLogger.INFO: Cron ran at: 21-04-2026 09:09:51 PM [] []
[2026-04-21 21:10:07] SlimMonoLogger.INFO: Cron ran at: 21-04-2026 09:10:07 PM [] []
[2026-04-21 21:10:18] SlimMonoLogger.INFO: Cron ran at: 21-04-2026 09:10:18 PM [] []
[2026-04-21 21:10:18] SlimMonoLogger.INFO: Cron ran at: 21-04-2026 09:10:18 PM [] []
[2026-04-21 21:10:24] SlimMonoLogger.INFO: Cron ran at: 21-04-2026 09:10:24 PM [] []
[2026-04-21 21:10:29] SlimMonoLogger.INFO: Cron ran at: 21-04-2026 09:10:29 PM [] []
[2026-04-21 21:10:29] SlimMonoLogger.INFO: Cron ran at: 21-04-2026 09:10:29 PM [] []
[2026-04-21 21:10:30] SlimMonoLogger.INFO: Cron ran at: 21-04-2026 09:10:30 PM [] []
[2026-04-21 21:10:39] SlimMonoLogger.INFO: Cron ran at: 21-04-2026 09:10:39 PM [] []
[2026-04-21 21:10:52] SlimMonoLogger.INFO: Cron ran at: 21-04-2026 09:10:52 PM [] []
[2026-04-21 21:10:53] SlimMonoLogger.INFO: Cron ran at: 21-04-2026 09:10:53 PM [] []
[2026-04-21 21:10:54] SlimMonoLogger.INFO: Cron ran at: 21-04-2026 09:10:54 PM [] []
[2026-04-21 21:11:20] SlimMonoLogger.INFO: Cron ran at: 21-04-2026 09:11:20 PM [] []
[2026-04-21 21:11:20] SlimMonoLogger.INFO: Cron ran at: 21-04-2026 09:11:20 PM [] []
[2026-04-21 21:11:20] SlimMonoLogger.INFO: Cron ran at: 21-04-2026 09:11:20 PM [] []
[2026-04-21 21:11:21] SlimMonoLogger.INFO: Cron ran at: 21-04-2026 09:11:21 PM [] []
[2026-04-21 21:11:27] SlimMonoLogger.INFO: Cron ran at: 21-04-2026 09:11:27 PM [] []
[2026-04-21 21:11:33] SlimMonoLogger.INFO: Cron ran at: 21-04-2026 09:11:33 PM [] []
[2026-04-21 21:11:33] SlimMonoLogger.INFO: Cron ran at: 21-04-2026 09:11:33 PM [] []
[2026-04-21 21:11:42] SlimMonoLogger.INFO: Cron ran at: 21-04-2026 09:11:42 PM [] []
[2026-04-21 21:11:47] SlimMonoLogger.INFO: Cron ran at: 21-04-2026 09:11:47 PM [] []
[2026-04-21 21:11:53] SlimMonoLogger.INFO: Cron ran at: 21-04-2026 09:11:53 PM [] []
[2026-04-21 21:11:53] SlimMonoLogger.INFO: Cron ran at: 21-04-2026 09:11:53 PM [] []
[2026-04-21 21:11:56] SlimMonoLogger.INFO: Cron ran at: 21-04-2026 09:11:56 PM [] []
[2026-04-21 21:12:15] SlimMonoLogger.INFO: Cron ran at: 21-04-2026 09:12:15 PM [] []
[2026-04-21 21:12:17] SlimMonoLogger.INFO: Cron ran at: 21-04-2026 09:12:17 PM [] []
[2026-04-21 21:12:19] SlimMonoLogger.INFO: Cron ran at: 21-04-2026 09:12:19 PM [] []
[2026-04-21 21:12:19] SlimMonoLogger.INFO: Cron ran at: 21-04-2026 09:12:19 PM [] []
[2026-04-21 21:12:23] SlimMonoLogger.INFO: Cron ran at: 21-04-2026 09:12:23 PM [] []
[2026-04-21 21:12:35] SlimMonoLogger.INFO: Cron ran at: 21-04-2026 09:12:35 PM [] []
[2026-04-21 21:12:44] SlimMonoLogger.INFO: Cron ran at: 21-04-2026 09:12:44 PM [] []
[2026-04-21 21:12:44] SlimMonoLogger.INFO: Cron ran at: 21-04-2026 09:12:44 PM [] []
[2026-04-21 21:12:45] SlimMonoLogger.INFO: Cron ran at: 21-04-2026 09:12:45 PM [] []
[2026-04-21 21:12:47] SlimMonoLogger.INFO: Cron ran at: 21-04-2026 09:12:47 PM [] []
[2026-04-21 21:12:53] SlimMonoLogger.INFO: Cron ran at: 21-04-2026 09:12:53 PM [] []
[2026-04-21 21:13:06] SlimMonoLogger.INFO: Cron ran at: 21-04-2026 09:13:06 PM [] []
[2026-04-21 21:13:16] SlimMonoLogger.INFO: Cron ran at: 21-04-2026 09:13:16 PM [] []
[2026-04-21 21:13:17] SlimMonoLogger.INFO: Cron ran at: 21-04-2026 09:13:17 PM [] []
[2026-04-21 21:13:18] SlimMonoLogger.INFO: Cron ran at: 21-04-2026 09:13:18 PM [] []
[2026-04-21 21:13:26] SlimMonoLogger.INFO: Cron ran at: 21-04-2026 09:13:26 PM [] []
[2026-04-21 21:13:36] SlimMonoLogger.INFO: Cron ran at: 21-04-2026 09:13:36 PM [] []
[2026-04-21 21:13:37] SlimMonoLogger.INFO: Cron ran at: 21-04-2026 09:13:37 PM [] []
[2026-04-21 21:13:45] SlimMonoLogger.INFO: Cron ran at: 21-04-2026 09:13:45 PM [] []
[2026-04-21 21:13:45] SlimMonoLogger.INFO: Cron ran at: 21-04-2026 09:13:45 PM [] []
[2026-04-21 21:13:45] SlimMonoLogger.INFO: Cron ran at: 21-04-2026 09:13:45 PM [] []
[2026-04-21 21:14:06] SlimMonoLogger.INFO: Cron ran at: 21-04-2026 09:14:06 PM [] []
[2026-04-21 21:14:06] SlimMonoLogger.INFO: Cron ran at: 21-04-2026 09:14:06 PM [] []
[2026-04-21 21:14:15] SlimMonoLogger.INFO: Cron ran at: 21-04-2026 09:14:15 PM [] []
[2026-04-21 21:14:16] SlimMonoLogger.INFO: Cron ran at: 21-04-2026 09:14:16 PM [] []
[2026-04-21 21:14:16] SlimMonoLogger.INFO: Cron ran at: 21-04-2026 09:14:16 PM [] []
[2026-04-21 21:14:29] SlimMonoLogger.INFO: Cron ran at: 21-04-2026 09:14:29 PM [] []
[2026-04-21 21:14:41] SlimMonoLogger.INFO: Cron ran at: 21-04-2026 09:14:41 PM [] []
[2026-04-21 21:14:44] SlimMonoLogger.INFO: Cron ran at: 21-04-2026 09:14:44 PM [] []
[2026-04-21 21:14:46] SlimMonoLogger.INFO: Cron ran at: 21-04-2026 09:14:46 PM [] []
[2026-04-21 21:14:48] SlimMonoLogger.INFO: Cron ran at: 21-04-2026 09:14:48 PM [] []
[2026-04-21 21:14:57] SlimMonoLogger.INFO: Cron ran at: 21-04-2026 09:14:57 PM [] []
[2026-04-21 21:15:04] SlimMonoLogger.INFO: Cron ran at: 21-04-2026 09:15:04 PM [] []
[2026-04-21 21:15:06] SlimMonoLogger.INFO: Cron ran at: 21-04-2026 09:15:06 PM [] []
[2026-04-21 21:15:14] SlimMonoLogger.INFO: Cron ran at: 21-04-2026 09:15:14 PM [] []
[2026-04-21 21:15:17] SlimMonoLogger.INFO: Cron ran at: 21-04-2026 09:15:17 PM [] []
[2026-04-21 21:15:23] SlimMonoLogger.INFO: Cron ran at: 21-04-2026 09:15:23 PM [] []
[2026-04-21 21:15:24] SlimMonoLogger.INFO: Cron ran at: 21-04-2026 09:15:24 PM [] []
[2026-04-21 21:15:39] SlimMonoLogger.INFO: Cron ran at: 21-04-2026 09:15:39 PM [] []
[2026-04-21 21:15:42] SlimMonoLogger.INFO: Cron ran at: 21-04-2026 09:15:42 PM [] []
[2026-04-21 21:15:56] SlimMonoLogger.INFO: Cron ran at: 21-04-2026 09:15:56 PM [] []
[2026-04-21 21:15:56] SlimMonoLogger.INFO: Cron ran at: 21-04-2026 09:15:56 PM [] []
[2026-04-21 21:15:57] SlimMonoLogger.INFO: Cron ran at: 21-04-2026 09:15:57 PM [] []
[2026-04-21 21:16:11] SlimMonoLogger.INFO: Cron ran at: 21-04-2026 09:16:11 PM [] []
[2026-04-21 21:16:18] SlimMonoLogger.INFO: Cron ran at: 21-04-2026 09:16:18 PM [] []
[2026-04-21 21:16:19] SlimMonoLogger.INFO: Cron ran at: 21-04-2026 09:16:19 PM [] []
[2026-04-21 21:16:21] SlimMonoLogger.INFO: Cron ran at: 21-04-2026 09:16:21 PM [] []
[2026-04-21 21:16:21] SlimMonoLogger.INFO: Cron ran at: 21-04-2026 09:16:21 PM [] []
[2026-04-21 21:16:32] SlimMonoLogger.INFO: Cron ran at: 21-04-2026 09:16:32 PM [] []
[2026-04-21 21:16:32] SlimMonoLogger.INFO: Cron ran at: 21-04-2026 09:16:32 PM [] []
[2026-04-21 21:16:45] SlimMonoLogger.INFO: Cron ran at: 21-04-2026 09:16:45 PM [] []
[2026-04-21 21:16:57] SlimMonoLogger.INFO: Cron ran at: 21-04-2026 09:16:57 PM [] []
[2026-04-21 21:16:59] SlimMonoLogger.INFO: Cron ran at: 21-04-2026 09:16:59 PM [] []
[2026-04-21 21:17:01] SlimMonoLogger.INFO: Cron ran at: 21-04-2026 09:17:01 PM [] []
[2026-04-21 21:17:01] SlimMonoLogger.INFO: Cron ran at: 21-04-2026 09:17:01 PM [] []
[2026-04-21 21:17:12] SlimMonoLogger.INFO: Cron ran at: 21-04-2026 09:17:12 PM [] []
[2026-04-21 21:17:16] SlimMonoLogger.INFO: Cron ran at: 21-04-2026 09:17:16 PM [] []
[2026-04-21 21:17:19] SlimMonoLogger.INFO: Cron ran at: 21-04-2026 09:17:19 PM [] []
[2026-04-21 21:17:20] SlimMonoLogger.INFO: Cron ran at: 21-04-2026 09:17:20 PM [] []
[2026-04-21 21:17:22] SlimMonoLogger.INFO: Cron ran at: 21-04-2026 09:17:22 PM [] []
[2026-04-21 21:17:27] SlimMonoLogger.INFO: Cron ran at: 21-04-2026 09:17:27 PM [] []
[2026-04-21 21:17:29] SlimMonoLogger.INFO: Cron ran at: 21-04-2026 09:17:29 PM [] []
[2026-04-21 21:17:50] SlimMonoLogger.INFO: Cron ran at: 21-04-2026 09:17:50 PM [] []
[2026-04-21 21:17:52] SlimMonoLogger.INFO: Cron ran at: 21-04-2026 09:17:52 PM [] []
[2026-04-21 21:17:58] SlimMonoLogger.INFO: Cron ran at: 21-04-2026 09:17:58 PM [] []
[2026-04-21 21:17:58] SlimMonoLogger.INFO: Cron ran at: 21-04-2026 09:17:58 PM [] []
[2026-04-21 21:18:06] SlimMonoLogger.INFO: Cron ran at: 21-04-2026 09:18:06 PM [] []
[2026-04-21 21:18:11] SlimMonoLogger.INFO: Cron ran at: 21-04-2026 09:18:11 PM [] []
[2026-04-21 21:18:12] SlimMonoLogger.INFO: Cron ran at: 21-04-2026 09:18:12 PM [] []
[2026-04-21 21:18:13] SlimMonoLogger.INFO: Cron ran at: 21-04-2026 09:18:13 PM [] []
[2026-04-21 21:18:17] SlimMonoLogger.INFO: Cron ran at: 21-04-2026 09:18:17 PM [] []
[2026-04-21 21:18:24] SlimMonoLogger.INFO: Cron ran at: 21-04-2026 09:18:24 PM [] []
[2026-04-21 21:18:27] SlimMonoLogger.INFO: Cron ran at: 21-04-2026 09:18:27 PM [] []
[2026-04-21 21:18:38] SlimMonoLogger.INFO: Cron ran at: 21-04-2026 09:18:38 PM [] []
[2026-04-21 21:18:46] SlimMonoLogger.INFO: Cron ran at: 21-04-2026 09:18:46 PM [] []
[2026-04-21 21:18:53] SlimMonoLogger.INFO: Cron ran at: 21-04-2026 09:18:53 PM [] []
[2026-04-21 21:19:06] SlimMonoLogger.INFO: Cron ran at: 21-04-2026 09:19:06 PM [] []
[2026-04-21 21:19:08] SlimMonoLogger.INFO: Cron ran at: 21-04-2026 09:19:08 PM [] []
[2026-04-21 21:19:16] SlimMonoLogger.INFO: Cron ran at: 21-04-2026 09:19:16 PM [] []
[2026-04-21 21:19:16] SlimMonoLogger.INFO: Cron ran at: 21-04-2026 09:19:16 PM [] []
[2026-04-21 21:19:19] SlimMonoLogger.INFO: Cron ran at: 21-04-2026 09:19:19 PM [] []
[2026-04-21 21:19:24] SlimMonoLogger.INFO: Cron ran at: 21-04-2026 09:19:24 PM [] []
[2026-04-21 21:19:28] SlimMonoLogger.INFO: Cron ran at: 21-04-2026 09:19:28 PM [] []
[2026-04-21 21:19:38] SlimMonoLogger.INFO: Cron ran at: 21-04-2026 09:19:38 PM [] []
[2026-04-21 21:19:39] SlimMonoLogger.INFO: Cron ran at: 21-04-2026 09:19:39 PM [] []
[2026-04-21 21:19:54] SlimMonoLogger.INFO: Cron ran at: 21-04-2026 09:19:54 PM [] []
[2026-04-21 21:20:00] SlimMonoLogger.INFO: Cron ran at: 21-04-2026 09:20:00 PM [] []
[2026-04-21 21:20:05] SlimMonoLogger.INFO: Cron ran at: 21-04-2026 09:20:05 PM [] []
[2026-04-21 21:20:06] SlimMonoLogger.INFO: Cron ran at: 21-04-2026 09:20:06 PM [] []
[2026-04-21 21:20:13] SlimMonoLogger.INFO: Cron ran at: 21-04-2026 09:20:13 PM [] []
[2026-04-21 21:20:22] SlimMonoLogger.INFO: Cron ran at: 21-04-2026 09:20:22 PM [] []
[2026-04-21 21:20:23] SlimMonoLogger.INFO: Cron ran at: 21-04-2026 09:20:23 PM [] []
[2026-04-21 21:20:25] SlimMonoLogger.INFO: Cron ran at: 21-04-2026 09:20:25 PM [] []
[2026-04-21 21:20:28] SlimMonoLogger.INFO: Cron ran at: 21-04-2026 09:20:28 PM [] []
[2026-04-21 21:20:34] SlimMonoLogger.INFO: Cron ran at: 21-04-2026 09:20:34 PM [] []
[2026-04-21 21:20:38] SlimMonoLogger.INFO: Cron ran at: 21-04-2026 09:20:38 PM [] []
[2026-04-21 21:21:06] SlimMonoLogger.INFO: Cron ran at: 21-04-2026 09:21:06 PM [] []
[2026-04-21 21:21:06] SlimMonoLogger.INFO: Cron ran at: 21-04-2026 09:21:06 PM [] []
[2026-04-21 21:21:06] SlimMonoLogger.INFO: Cron ran at: 21-04-2026 09:21:06 PM [] []
[2026-04-21 21:21:15] SlimMonoLogger.INFO: Cron ran at: 21-04-2026 09:21:15 PM [] []
[2026-04-21 21:21:15] SlimMonoLogger.INFO: Cron ran at: 21-04-2026 09:21:15 PM [] []
[2026-04-21 21:21:16] SlimMonoLogger.INFO: Cron ran at: 21-04-2026 09:21:16 PM [] []
[2026-04-21 21:21:29] SlimMonoLogger.INFO: Cron ran at: 21-04-2026 09:21:29 PM [] []
[2026-04-21 21:21:30] SlimMonoLogger.INFO: Cron ran at: 21-04-2026 09:21:30 PM [] []
[2026-04-21 21:21:30] SlimMonoLogger.INFO: Cron ran at: 21-04-2026 09:21:30 PM [] []
[2026-04-21 21:21:31] SlimMonoLogger.INFO: Cron ran at: 21-04-2026 09:21:31 PM [] []
[2026-04-21 21:21:33] SlimMonoLogger.INFO: Cron ran at: 21-04-2026 09:21:33 PM [] []
[2026-04-21 21:21:49] SlimMonoLogger.INFO: Cron ran at: 21-04-2026 09:21:49 PM [] []
[2026-04-21 21:21:56] SlimMonoLogger.INFO: Cron ran at: 21-04-2026 09:21:56 PM [] []
[2026-04-21 21:21:57] SlimMonoLogger.INFO: Cron ran at: 21-04-2026 09:21:57 PM [] []
[2026-04-21 21:22:12] SlimMonoLogger.INFO: Cron ran at: 21-04-2026 09:22:12 PM [] []
[2026-04-21 21:22:12] SlimMonoLogger.INFO: Cron ran at: 21-04-2026 09:22:12 PM [] []
[2026-04-21 21:22:13] SlimMonoLogger.INFO: Cron ran at: 21-04-2026 09:22:13 PM [] []
[2026-04-21 21:22:17] SlimMonoLogger.INFO: Cron ran at: 21-04-2026 09:22:17 PM [] []
[2026-04-21 21:22:18] SlimMonoLogger.INFO: Cron ran at: 21-04-2026 09:22:18 PM [] []
[2026-04-21 21:22:23] SlimMonoLogger.INFO: Cron ran at: 21-04-2026 09:22:23 PM [] []
[2026-04-21 21:22:30] SlimMonoLogger.INFO: Cron ran at: 21-04-2026 09:22:30 PM [] []
[2026-04-21 21:22:31] SlimMonoLogger.INFO: Cron ran at: 21-04-2026 09:22:31 PM [] []
[2026-04-21 21:22:46] SlimMonoLogger.INFO: Cron ran at: 21-04-2026 09:22:46 PM [] []
[2026-04-21 21:22:50] SlimMonoLogger.INFO: Cron ran at: 21-04-2026 09:22:50 PM [] []
[2026-04-21 21:22:58] SlimMonoLogger.INFO: Cron ran at: 21-04-2026 09:22:58 PM [] []
[2026-04-21 21:23:08] SlimMonoLogger.INFO: Cron ran at: 21-04-2026 09:23:08 PM [] []
[2026-04-21 21:23:08] SlimMonoLogger.INFO: Cron ran at: 21-04-2026 09:23:08 PM [] []
[2026-04-21 21:23:12] SlimMonoLogger.INFO: Cron ran at: 21-04-2026 09:23:12 PM [] []
[2026-04-21 21:23:12] SlimMonoLogger.INFO: Cron ran at: 21-04-2026 09:23:12 PM [] []
[2026-04-21 21:23:17] SlimMonoLogger.INFO: Cron ran at: 21-04-2026 09:23:17 PM [] []
[2026-04-21 21:23:21] SlimMonoLogger.INFO: Cron ran at: 21-04-2026 09:23:21 PM [] []
[2026-04-21 21:23:25] SlimMonoLogger.INFO: Cron ran at: 21-04-2026 09:23:25 PM [] []
[2026-04-21 21:23:31] SlimMonoLogger.INFO: Cron ran at: 21-04-2026 09:23:31 PM [] []
[2026-04-21 21:23:32] SlimMonoLogger.INFO: Cron ran at: 21-04-2026 09:23:32 PM [] []
[2026-04-21 21:23:44] SlimMonoLogger.INFO: Cron ran at: 21-04-2026 09:23:44 PM [] []
[2026-04-21 21:23:49] SlimMonoLogger.INFO: Cron ran at: 21-04-2026 09:23:49 PM [] []
[2026-04-21 21:24:04] SlimMonoLogger.INFO: Cron ran at: 21-04-2026 09:24:04 PM [] []
[2026-04-21 21:24:05] SlimMonoLogger.INFO: Cron ran at: 21-04-2026 09:24:05 PM [] []
[2026-04-21 21:24:13] SlimMonoLogger.INFO: Cron ran at: 21-04-2026 09:24:13 PM [] []
[2026-04-21 21:24:15] SlimMonoLogger.INFO: Cron ran at: 21-04-2026 09:24:15 PM [] []
[2026-04-21 21:24:23] SlimMonoLogger.INFO: Cron ran at: 21-04-2026 09:24:23 PM [] []
[2026-04-21 21:24:23] SlimMonoLogger.INFO: Cron ran at: 21-04-2026 09:24:23 PM [] []
[2026-04-21 21:24:24] SlimMonoLogger.INFO: Cron ran at: 21-04-2026 09:24:24 PM [] []
[2026-04-21 21:24:36] SlimMonoLogger.INFO: Cron ran at: 21-04-2026 09:24:36 PM [] []
[2026-04-21 21:24:36] SlimMonoLogger.INFO: Cron ran at: 21-04-2026 09:24:36 PM [] []
[2026-04-21 21:24:36] SlimMonoLogger.INFO: Cron ran at: 21-04-2026 09:24:36 PM [] []
[2026-04-21 21:24:42] SlimMonoLogger.INFO: Cron ran at: 21-04-2026 09:24:42 PM [] []
[2026-04-21 21:25:01] SlimMonoLogger.INFO: Cron ran at: 21-04-2026 09:25:01 PM [] []
[2026-04-21 21:25:06] SlimMonoLogger.INFO: Cron ran at: 21-04-2026 09:25:06 PM [] []
[2026-04-21 21:25:06] SlimMonoLogger.INFO: Cron ran at: 21-04-2026 09:25:06 PM [] []
[2026-04-21 21:25:12] SlimMonoLogger.INFO: Cron ran at: 21-04-2026 09:25:12 PM [] []
[2026-04-21 21:25:26] SlimMonoLogger.INFO: Cron ran at: 21-04-2026 09:25:26 PM [] []
[2026-04-21 21:25:26] SlimMonoLogger.INFO: Cron ran at: 21-04-2026 09:25:26 PM [] []
[2026-04-21 21:25:26] SlimMonoLogger.INFO: Cron ran at: 21-04-2026 09:25:26 PM [] []
[2026-04-21 21:25:27] SlimMonoLogger.INFO: Cron ran at: 21-04-2026 09:25:27 PM [] []
[2026-04-21 21:25:34] SlimMonoLogger.INFO: Cron ran at: 21-04-2026 09:25:34 PM [] []
[2026-04-21 21:25:36] SlimMonoLogger.INFO: Cron ran at: 21-04-2026 09:25:36 PM [] []
[2026-04-21 21:25:47] SlimMonoLogger.INFO: Cron ran at: 21-04-2026 09:25:47 PM [] []
[2026-04-21 21:25:53] SlimMonoLogger.INFO: Cron ran at: 21-04-2026 09:25:53 PM [] []
[2026-04-21 21:26:02] SlimMonoLogger.INFO: Cron ran at: 21-04-2026 09:26:02 PM [] []
[2026-04-21 21:26:11] SlimMonoLogger.INFO: Cron ran at: 21-04-2026 09:26:11 PM [] []
[2026-04-21 21:26:12] SlimMonoLogger.INFO: Cron ran at: 21-04-2026 09:26:12 PM [] []
[2026-04-21 21:26:15] SlimMonoLogger.INFO: Cron ran at: 21-04-2026 09:26:15 PM [] []
[2026-04-21 21:26:18] SlimMonoLogger.INFO: Cron ran at: 21-04-2026 09:26:18 PM [] []
[2026-04-21 21:26:26] SlimMonoLogger.INFO: Cron ran at: 21-04-2026 09:26:26 PM [] []
[2026-04-21 21:26:28] SlimMonoLogger.INFO: Cron ran at: 21-04-2026 09:26:28 PM [] []
[2026-04-21 21:26:30] SlimMonoLogger.INFO: Cron ran at: 21-04-2026 09:26:30 PM [] []
[2026-04-21 21:26:31] SlimMonoLogger.INFO: Cron ran at: 21-04-2026 09:26:31 PM [] []
[2026-04-21 21:26:40] SlimMonoLogger.INFO: Cron ran at: 21-04-2026 09:26:40 PM [] []
[2026-04-21 21:26:46] SlimMonoLogger.INFO: Cron ran at: 21-04-2026 09:26:46 PM [] []
[2026-04-21 21:26:50] SlimMonoLogger.INFO: Cron ran at: 21-04-2026 09:26:50 PM [] []
[2026-04-21 21:26:53] SlimMonoLogger.INFO: Cron ran at: 21-04-2026 09:26:53 PM [] []
[2026-04-21 21:27:02] SlimMonoLogger.INFO: Cron ran at: 21-04-2026 09:27:02 PM [] []
[2026-04-21 21:27:19] SlimMonoLogger.INFO: Cron ran at: 21-04-2026 09:27:19 PM [] []
[2026-04-21 21:27:19] SlimMonoLogger.INFO: Cron ran at: 21-04-2026 09:27:19 PM [] []
[2026-04-21 21:27:20] SlimMonoLogger.INFO: Cron ran at: 21-04-2026 09:27:20 PM [] []
[2026-04-21 21:27:24] SlimMonoLogger.INFO: Cron ran at: 21-04-2026 09:27:24 PM [] []
[2026-04-21 21:27:26] SlimMonoLogger.INFO: Cron ran at: 21-04-2026 09:27:26 PM [] []
[2026-04-21 21:27:34] SlimMonoLogger.INFO: Cron ran at: 21-04-2026 09:27:34 PM [] []
[2026-04-21 21:27:35] SlimMonoLogger.INFO: Cron ran at: 21-04-2026 09:27:35 PM [] []
[2026-04-21 21:27:42] SlimMonoLogger.INFO: Cron ran at: 21-04-2026 09:27:42 PM [] []
[2026-04-21 21:27:45] SlimMonoLogger.INFO: Cron ran at: 21-04-2026 09:27:45 PM [] []
[2026-04-21 21:27:45] SlimMonoLogger.INFO: Cron ran at: 21-04-2026 09:27:45 PM [] []
[2026-04-21 21:27:46] SlimMonoLogger.INFO: Cron ran at: 21-04-2026 09:27:46 PM [] []
[2026-04-21 21:27:54] SlimMonoLogger.INFO: Cron ran at: 21-04-2026 09:27:54 PM [] []
[2026-04-21 21:28:14] SlimMonoLogger.INFO: Cron ran at: 21-04-2026 09:28:14 PM [] []
[2026-04-21 21:28:14] SlimMonoLogger.INFO: Cron ran at: 21-04-2026 09:28:14 PM [] []
[2026-04-21 21:28:15] SlimMonoLogger.INFO: Cron ran at: 21-04-2026 09:28:15 PM [] []
[2026-04-21 21:28:17] SlimMonoLogger.INFO: Cron ran at: 21-04-2026 09:28:17 PM [] []
[2026-04-21 21:28:19] SlimMonoLogger.INFO: Cron ran at: 21-04-2026 09:28:19 PM [] []
[2026-04-21 21:28:29] SlimMonoLogger.INFO: Cron ran at: 21-04-2026 09:28:29 PM [] []
[2026-04-21 21:28:33] SlimMonoLogger.INFO: Cron ran at: 21-04-2026 09:28:33 PM [] []
[2026-04-21 21:28:39] SlimMonoLogger.INFO: Cron ran at: 21-04-2026 09:28:39 PM [] []
[2026-04-21 21:28:39] SlimMonoLogger.INFO: Cron ran at: 21-04-2026 09:28:39 PM [] []
[2026-04-21 21:28:45] SlimMonoLogger.INFO: Cron ran at: 21-04-2026 09:28:45 PM [] []
[2026-04-21 21:28:47] SlimMonoLogger.INFO: Cron ran at: 21-04-2026 09:28:47 PM [] []
[2026-04-21 21:29:07] SlimMonoLogger.INFO: Cron ran at: 21-04-2026 09:29:07 PM [] []
[2026-04-21 21:29:12] SlimMonoLogger.INFO: Cron ran at: 21-04-2026 09:29:12 PM [] []
[2026-04-21 21:29:21] SlimMonoLogger.INFO: Cron ran at: 21-04-2026 09:29:21 PM [] []
[2026-04-21 21:29:21] SlimMonoLogger.INFO: Cron ran at: 21-04-2026 09:29:21 PM [] []
[2026-04-21 21:29:24] SlimMonoLogger.INFO: Cron ran at: 21-04-2026 09:29:24 PM [] []
[2026-04-21 21:29:30] SlimMonoLogger.INFO: Cron ran at: 21-04-2026 09:29:30 PM [] []
[2026-04-21 21:29:33] SlimMonoLogger.INFO: Cron ran at: 21-04-2026 09:29:33 PM [] []
[2026-04-21 21:29:39] SlimMonoLogger.INFO: Cron ran at: 21-04-2026 09:29:39 PM [] []
[2026-04-21 21:29:39] SlimMonoLogger.INFO: Cron ran at: 21-04-2026 09:29:39 PM [] []
[2026-04-21 21:29:41] SlimMonoLogger.INFO: Cron ran at: 21-04-2026 09:29:41 PM [] []
[2026-04-21 21:29:43] SlimMonoLogger.INFO: Cron ran at: 21-04-2026 09:29:43 PM [] []
[2026-04-21 21:29:58] SlimMonoLogger.INFO: Cron ran at: 21-04-2026 09:29:58 PM [] []
[2026-04-21 21:30:02] SlimMonoLogger.INFO: Cron ran at: 21-04-2026 09:30:02 PM [] []
[2026-04-21 21:30:16] SlimMonoLogger.INFO: Cron ran at: 21-04-2026 09:30:16 PM [] []
[2026-04-21 21:30:17] SlimMonoLogger.INFO: Cron ran at: 21-04-2026 09:30:17 PM [] []
[2026-04-21 21:30:22] SlimMonoLogger.INFO: Cron ran at: 21-04-2026 09:30:22 PM [] []
[2026-04-21 21:30:30] SlimMonoLogger.INFO: Cron ran at: 21-04-2026 09:30:30 PM [] []
[2026-04-21 21:30:31] SlimMonoLogger.INFO: Cron ran at: 21-04-2026 09:30:31 PM [] []
[2026-04-21 21:30:33] SlimMonoLogger.INFO: Cron ran at: 21-04-2026 09:30:33 PM [] []
[2026-04-21 21:30:49] SlimMonoLogger.INFO: Cron ran at: 21-04-2026 09:30:49 PM [] []
[2026-04-21 21:30:53] SlimMonoLogger.INFO: Cron ran at: 21-04-2026 09:30:53 PM [] []
[2026-04-21 21:31:13] SlimMonoLogger.INFO: Cron ran at: 21-04-2026 09:31:13 PM [] []
[2026-04-21 21:31:26] SlimMonoLogger.INFO: Cron ran at: 21-04-2026 09:31:26 PM [] []
[2026-04-21 21:31:31] SlimMonoLogger.INFO: Cron ran at: 21-04-2026 09:31:31 PM [] []
[2026-04-21 21:31:35] SlimMonoLogger.INFO: Cron ran at: 21-04-2026 09:31:35 PM [] []
[2026-04-21 21:31:36] SlimMonoLogger.INFO: Cron ran at: 21-04-2026 09:31:36 PM [] []
[2026-04-21 21:31:38] SlimMonoLogger.INFO: Cron ran at: 21-04-2026 09:31:38 PM [] []
[2026-04-21 21:31:48] SlimMonoLogger.INFO: Cron ran at: 21-04-2026 09:31:48 PM [] []
[2026-04-21 21:31:51] SlimMonoLogger.INFO: Cron ran at: 21-04-2026 09:31:51 PM [] []
[2026-04-21 21:31:55] SlimMonoLogger.INFO: Cron ran at: 21-04-2026 09:31:55 PM [] []
[2026-04-21 21:31:55] SlimMonoLogger.INFO: Cron ran at: 21-04-2026 09:31:55 PM [] []
[2026-04-21 21:31:58] SlimMonoLogger.INFO: Cron ran at: 21-04-2026 09:31:58 PM [] []
[2026-04-21 21:32:08] SlimMonoLogger.INFO: Cron ran at: 21-04-2026 09:32:08 PM [] []
[2026-04-21 21:32:16] SlimMonoLogger.INFO: Cron ran at: 21-04-2026 09:32:16 PM [] []
[2026-04-21 21:32:18] SlimMonoLogger.INFO: Cron ran at: 21-04-2026 09:32:18 PM [] []
[2026-04-21 21:32:18] SlimMonoLogger.INFO: Cron ran at: 21-04-2026 09:32:18 PM [] []
[2026-04-21 21:32:19] SlimMonoLogger.INFO: Cron ran at: 21-04-2026 09:32:19 PM [] []
[2026-04-21 21:32:20] SlimMonoLogger.INFO: Cron ran at: 21-04-2026 09:32:20 PM [] []
[2026-04-21 21:32:26] SlimMonoLogger.INFO: Cron ran at: 21-04-2026 09:32:26 PM [] []
[2026-04-21 21:32:26] SlimMonoLogger.INFO: Cron ran at: 21-04-2026 09:32:26 PM [] []
[2026-04-21 21:32:26] SlimMonoLogger.INFO: Cron ran at: 21-04-2026 09:32:26 PM [] []
[2026-04-21 21:32:40] SlimMonoLogger.INFO: Cron ran at: 21-04-2026 09:32:40 PM [] []
[2026-04-21 21:32:40] SlimMonoLogger.INFO: Cron ran at: 21-04-2026 09:32:40 PM [] []
[2026-04-21 21:32:40] SlimMonoLogger.INFO: Cron ran at: 21-04-2026 09:32:40 PM [] []
[2026-04-21 21:32:54] SlimMonoLogger.INFO: Cron ran at: 21-04-2026 09:32:54 PM [] []
[2026-04-21 21:32:56] SlimMonoLogger.INFO: Cron ran at: 21-04-2026 09:32:56 PM [] []
[2026-04-21 21:32:58] SlimMonoLogger.INFO: Cron ran at: 21-04-2026 09:32:58 PM [] []
[2026-04-21 21:32:59] SlimMonoLogger.INFO: Cron ran at: 21-04-2026 09:32:59 PM [] []
[2026-04-21 21:32:59] SlimMonoLogger.INFO: Cron ran at: 21-04-2026 09:32:59 PM [] []
[2026-04-21 21:33:08] SlimMonoLogger.INFO: Cron ran at: 21-04-2026 09:33:08 PM [] []
[2026-04-21 21:33:11] SlimMonoLogger.INFO: Cron ran at: 21-04-2026 09:33:11 PM [] []
[2026-04-21 21:33:11] SlimMonoLogger.INFO: Cron ran at: 21-04-2026 09:33:11 PM [] []
[2026-04-21 21:33:16] SlimMonoLogger.INFO: Cron ran at: 21-04-2026 09:33:16 PM [] []
[2026-04-21 21:33:20] SlimMonoLogger.INFO: Cron ran at: 21-04-2026 09:33:20 PM [] []
[2026-04-21 21:33:23] SlimMonoLogger.INFO: Cron ran at: 21-04-2026 09:33:23 PM [] []
[2026-04-21 21:33:34] SlimMonoLogger.INFO: Cron ran at: 21-04-2026 09:33:34 PM [] []
[2026-04-21 21:33:36] SlimMonoLogger.INFO: Cron ran at: 21-04-2026 09:33:36 PM [] []
[2026-04-21 21:33:40] SlimMonoLogger.INFO: Cron ran at: 21-04-2026 09:33:40 PM [] []
[2026-04-21 21:33:48] SlimMonoLogger.INFO: Cron ran at: 21-04-2026 09:33:48 PM [] []
[2026-04-21 21:33:49] SlimMonoLogger.INFO: Cron ran at: 21-04-2026 09:33:49 PM [] []
[2026-04-21 21:34:17] SlimMonoLogger.INFO: Cron ran at: 21-04-2026 09:34:17 PM [] []
[2026-04-21 21:34:24] SlimMonoLogger.INFO: Cron ran at: 21-04-2026 09:34:24 PM [] []
[2026-04-21 21:34:27] SlimMonoLogger.INFO: Cron ran at: 21-04-2026 09:34:27 PM [] []
[2026-04-21 21:34:32] SlimMonoLogger.INFO: Cron ran at: 21-04-2026 09:34:32 PM [] []
[2026-04-21 21:34:44] SlimMonoLogger.INFO: Cron ran at: 21-04-2026 09:34:44 PM [] []
[2026-04-21 21:35:04] SlimMonoLogger.INFO: Cron ran at: 21-04-2026 09:35:04 PM [] []
[2026-04-21 21:35:10] SlimMonoLogger.INFO: Cron ran at: 21-04-2026 09:35:10 PM [] []
[2026-04-21 21:35:10] SlimMonoLogger.INFO: Cron ran at: 21-04-2026 09:35:10 PM [] []
[2026-04-21 21:35:13] SlimMonoLogger.INFO: Cron ran at: 21-04-2026 09:35:13 PM [] []
[2026-04-21 21:35:15] SlimMonoLogger.INFO: Cron ran at: 21-04-2026 09:35:15 PM [] []
[2026-04-21 21:35:16] SlimMonoLogger.INFO: Cron ran at: 21-04-2026 09:35:16 PM [] []
[2026-04-21 21:35:16] SlimMonoLogger.INFO: Cron ran at: 21-04-2026 09:35:16 PM [] []
[2026-04-21 21:35:17] SlimMonoLogger.INFO: Cron ran at: 21-04-2026 09:35:17 PM [] []
[2026-04-21 21:35:42] SlimMonoLogger.INFO: Cron ran at: 21-04-2026 09:35:42 PM [] []
[2026-04-21 21:35:49] SlimMonoLogger.INFO: Cron ran at: 21-04-2026 09:35:49 PM [] []
[2026-04-21 21:35:57] SlimMonoLogger.INFO: Cron ran at: 21-04-2026 09:35:57 PM [] []
[2026-04-21 21:35:59] SlimMonoLogger.INFO: Cron ran at: 21-04-2026 09:35:59 PM [] []
[2026-04-21 21:35:59] SlimMonoLogger.INFO: Cron ran at: 21-04-2026 09:35:59 PM [] []
[2026-04-21 21:36:00] SlimMonoLogger.INFO: Cron ran at: 21-04-2026 09:36:00 PM [] []
[2026-04-21 21:36:10] SlimMonoLogger.INFO: Cron ran at: 21-04-2026 09:36:10 PM [] []
[2026-04-21 21:36:15] SlimMonoLogger.INFO: Cron ran at: 21-04-2026 09:36:15 PM [] []
[2026-04-21 21:36:19] SlimMonoLogger.INFO: Cron ran at: 21-04-2026 09:36:19 PM [] []
[2026-04-21 21:36:24] SlimMonoLogger.INFO: Cron ran at: 21-04-2026 09:36:24 PM [] []
[2026-04-21 21:36:30] SlimMonoLogger.INFO: Cron ran at: 21-04-2026 09:36:30 PM [] []
[2026-04-21 21:36:37] SlimMonoLogger.INFO: Cron ran at: 21-04-2026 09:36:37 PM [] []
[2026-04-21 21:36:38] SlimMonoLogger.INFO: Cron ran at: 21-04-2026 09:36:38 PM [] []
[2026-04-21 21:36:41] SlimMonoLogger.INFO: Cron ran at: 21-04-2026 09:36:41 PM [] []
[2026-04-21 21:36:49] SlimMonoLogger.INFO: Cron ran at: 21-04-2026 09:36:49 PM [] []
[2026-04-21 21:36:50] SlimMonoLogger.INFO: Cron ran at: 21-04-2026 09:36:50 PM [] []
[2026-04-21 21:36:59] SlimMonoLogger.INFO: Cron ran at: 21-04-2026 09:36:59 PM [] []
[2026-04-21 21:37:00] SlimMonoLogger.INFO: Cron ran at: 21-04-2026 09:37:00 PM [] []
[2026-04-21 21:37:15] SlimMonoLogger.INFO: Cron ran at: 21-04-2026 09:37:15 PM [] []
[2026-04-21 21:37:18] SlimMonoLogger.INFO: Cron ran at: 21-04-2026 09:37:18 PM [] []
[2026-04-21 21:37:18] SlimMonoLogger.INFO: Cron ran at: 21-04-2026 09:37:18 PM [] []
[2026-04-21 21:37:23] SlimMonoLogger.INFO: Cron ran at: 21-04-2026 09:37:23 PM [] []
[2026-04-21 21:37:26] SlimMonoLogger.INFO: Cron ran at: 21-04-2026 09:37:26 PM [] []
[2026-04-21 21:37:26] SlimMonoLogger.INFO: Cron ran at: 21-04-2026 09:37:26 PM [] []
[2026-04-21 21:37:39] SlimMonoLogger.INFO: Cron ran at: 21-04-2026 09:37:39 PM [] []
[2026-04-21 21:37:40] SlimMonoLogger.INFO: Cron ran at: 21-04-2026 09:37:40 PM [] []
[2026-04-21 21:37:44] SlimMonoLogger.INFO: Cron ran at: 21-04-2026 09:37:44 PM [] []
[2026-04-21 21:37:45] SlimMonoLogger.INFO: Cron ran at: 21-04-2026 09:37:45 PM [] []
[2026-04-21 21:37:48] SlimMonoLogger.INFO: Cron ran at: 21-04-2026 09:37:48 PM [] []
[2026-04-21 21:37:49] SlimMonoLogger.INFO: Cron ran at: 21-04-2026 09:37:49 PM [] []
[2026-04-21 21:37:53] SlimMonoLogger.INFO: Cron ran at: 21-04-2026 09:37:53 PM [] []
[2026-04-21 21:38:02] SlimMonoLogger.INFO: Cron ran at: 21-04-2026 09:38:02 PM [] []
[2026-04-21 21:38:04] SlimMonoLogger.INFO: Cron ran at: 21-04-2026 09:38:04 PM [] []
[2026-04-21 21:38:05] SlimMonoLogger.INFO: Cron ran at: 21-04-2026 09:38:05 PM [] []
[2026-04-21 21:38:09] SlimMonoLogger.INFO: Cron ran at: 21-04-2026 09:38:09 PM [] []
[2026-04-21 21:38:11] SlimMonoLogger.INFO: Cron ran at: 21-04-2026 09:38:11 PM [] []
[2026-04-21 21:38:20] SlimMonoLogger.INFO: Cron ran at: 21-04-2026 09:38:20 PM [] []
[2026-04-21 21:38:22] SlimMonoLogger.INFO: Cron ran at: 21-04-2026 09:38:22 PM [] []
[2026-04-21 21:38:22] SlimMonoLogger.INFO: Cron ran at: 21-04-2026 09:38:22 PM [] []
[2026-04-21 21:38:26] SlimMonoLogger.INFO: Cron ran at: 21-04-2026 09:38:26 PM [] []
[2026-04-21 21:38:26] SlimMonoLogger.INFO: Cron ran at: 21-04-2026 09:38:26 PM [] []
[2026-04-21 21:38:39] SlimMonoLogger.INFO: Cron ran at: 21-04-2026 09:38:39 PM [] []
[2026-04-21 21:38:39] SlimMonoLogger.INFO: Cron ran at: 21-04-2026 09:38:39 PM [] []
[2026-04-21 21:38:43] SlimMonoLogger.INFO: Cron ran at: 21-04-2026 09:38:43 PM [] []
[2026-04-21 21:38:52] SlimMonoLogger.INFO: Cron ran at: 21-04-2026 09:38:52 PM [] []
[2026-04-21 21:38:52] SlimMonoLogger.INFO: Cron ran at: 21-04-2026 09:38:52 PM [] []
[2026-04-21 21:38:53] SlimMonoLogger.INFO: Cron ran at: 21-04-2026 09:38:53 PM [] []
[2026-04-21 21:39:04] SlimMonoLogger.INFO: Cron ran at: 21-04-2026 09:39:04 PM [] []
[2026-04-21 21:39:12] SlimMonoLogger.INFO: Cron ran at: 21-04-2026 09:39:12 PM [] []
[2026-04-21 21:39:12] SlimMonoLogger.INFO: Cron ran at: 21-04-2026 09:39:12 PM [] []
[2026-04-21 21:39:14] SlimMonoLogger.INFO: Cron ran at: 21-04-2026 09:39:14 PM [] []
[2026-04-21 21:39:19] SlimMonoLogger.INFO: Cron ran at: 21-04-2026 09:39:19 PM [] []
[2026-04-21 21:39:27] SlimMonoLogger.INFO: Cron ran at: 21-04-2026 09:39:27 PM [] []
[2026-04-21 21:39:28] SlimMonoLogger.INFO: Cron ran at: 21-04-2026 09:39:28 PM [] []
[2026-04-21 21:39:36] SlimMonoLogger.INFO: Cron ran at: 21-04-2026 09:39:36 PM [] []
[2026-04-21 21:39:38] SlimMonoLogger.INFO: Cron ran at: 21-04-2026 09:39:38 PM [] []
[2026-04-21 21:39:45] SlimMonoLogger.INFO: Cron ran at: 21-04-2026 09:39:45 PM [] []
[2026-04-21 21:39:53] SlimMonoLogger.INFO: Cron ran at: 21-04-2026 09:39:53 PM [] []
[2026-04-21 21:40:10] SlimMonoLogger.INFO: Cron ran at: 21-04-2026 09:40:10 PM [] []
[2026-04-21 21:40:11] SlimMonoLogger.INFO: Cron ran at: 21-04-2026 09:40:11 PM [] []
[2026-04-21 21:40:11] SlimMonoLogger.INFO: Cron ran at: 21-04-2026 09:40:11 PM [] []
[2026-04-21 21:40:14] SlimMonoLogger.INFO: Cron ran at: 21-04-2026 09:40:14 PM [] []
[2026-04-21 21:40:26] SlimMonoLogger.INFO: Cron ran at: 21-04-2026 09:40:26 PM [] []
[2026-04-21 21:40:26] SlimMonoLogger.INFO: Cron ran at: 21-04-2026 09:40:26 PM [] []
[2026-04-21 21:40:29] SlimMonoLogger.INFO: Cron ran at: 21-04-2026 09:40:29 PM [] []
[2026-04-21 21:40:29] SlimMonoLogger.INFO: Cron ran at: 21-04-2026 09:40:29 PM [] []
[2026-04-21 21:40:36] SlimMonoLogger.INFO: Cron ran at: 21-04-2026 09:40:36 PM [] []
[2026-04-21 21:40:37] SlimMonoLogger.INFO: Cron ran at: 21-04-2026 09:40:37 PM [] []
[2026-04-21 21:40:58] SlimMonoLogger.INFO: Cron ran at: 21-04-2026 09:40:58 PM [] []
[2026-04-21 21:41:00] SlimMonoLogger.INFO: Cron ran at: 21-04-2026 09:41:00 PM [] []
[2026-04-21 21:41:04] SlimMonoLogger.INFO: Cron ran at: 21-04-2026 09:41:04 PM [] []
[2026-04-21 21:41:06] SlimMonoLogger.INFO: Cron ran at: 21-04-2026 09:41:06 PM [] []
[2026-04-21 21:41:23] SlimMonoLogger.INFO: Cron ran at: 21-04-2026 09:41:23 PM [] []
[2026-04-21 21:41:23] SlimMonoLogger.INFO: Cron ran at: 21-04-2026 09:41:23 PM [] []
[2026-04-21 21:41:26] SlimMonoLogger.INFO: Cron ran at: 21-04-2026 09:41:26 PM [] []
[2026-04-21 21:41:27] SlimMonoLogger.INFO: Cron ran at: 21-04-2026 09:41:27 PM [] []
[2026-04-21 21:41:27] SlimMonoLogger.INFO: Cron ran at: 21-04-2026 09:41:27 PM [] []
[2026-04-21 21:41:34] SlimMonoLogger.INFO: Cron ran at: 21-04-2026 09:41:34 PM [] []
[2026-04-21 21:41:34] SlimMonoLogger.INFO: Cron ran at: 21-04-2026 09:41:34 PM [] []
[2026-04-21 21:41:38] SlimMonoLogger.INFO: Cron ran at: 21-04-2026 09:41:38 PM [] []
[2026-04-21 21:41:47] SlimMonoLogger.INFO: Cron ran at: 21-04-2026 09:41:47 PM [] []
[2026-04-21 21:42:43] SlimMonoLogger.INFO: Cron ran at: 21-04-2026 09:42:43 PM [] []
[2026-04-21 21:42:51] SlimMonoLogger.INFO: Cron ran at: 21-04-2026 09:42:51 PM [] []
[2026-04-21 21:42:51] SlimMonoLogger.INFO: Cron ran at: 21-04-2026 09:42:51 PM [] []
[2026-04-21 21:42:52] SlimMonoLogger.INFO: Cron ran at: 21-04-2026 09:42:52 PM [] []
[2026-04-21 21:42:52] SlimMonoLogger.INFO: Cron ran at: 21-04-2026 09:42:52 PM [] []
[2026-04-21 21:42:52] SlimMonoLogger.INFO: Cron ran at: 21-04-2026 09:42:52 PM [] []
[2026-04-21 21:42:52] SlimMonoLogger.INFO: Cron ran at: 21-04-2026 09:42:52 PM [] []
[2026-04-21 21:42:53] SlimMonoLogger.INFO: Cron ran at: 21-04-2026 09:42:53 PM [] []
[2026-04-21 21:42:53] SlimMonoLogger.INFO: Cron ran at: 21-04-2026 09:42:53 PM [] []
[2026-04-21 21:42:53] SlimMonoLogger.INFO: Cron ran at: 21-04-2026 09:42:53 PM [] []
[2026-04-21 21:42:53] SlimMonoLogger.INFO: Cron ran at: 21-04-2026 09:42:53 PM [] []
[2026-04-21 21:42:54] SlimMonoLogger.INFO: Cron ran at: 21-04-2026 09:42:54 PM [] []
[2026-04-21 21:42:54] SlimMonoLogger.INFO: Cron ran at: 21-04-2026 09:42:54 PM [] []
[2026-04-21 21:43:03] SlimMonoLogger.INFO: Cron ran at: 21-04-2026 09:43:03 PM [] []
[2026-04-21 21:43:03] SlimMonoLogger.INFO: Cron ran at: 21-04-2026 09:43:03 PM [] []
[2026-04-21 21:43:17] SlimMonoLogger.INFO: Cron ran at: 21-04-2026 09:43:17 PM [] []
[2026-04-21 21:43:18] SlimMonoLogger.INFO: Cron ran at: 21-04-2026 09:43:18 PM [] []
[2026-04-21 21:43:19] SlimMonoLogger.INFO: Cron ran at: 21-04-2026 09:43:19 PM [] []
[2026-04-21 21:43:21] SlimMonoLogger.INFO: Cron ran at: 21-04-2026 09:43:21 PM [] []
[2026-04-21 21:43:24] SlimMonoLogger.INFO: Cron ran at: 21-04-2026 09:43:24 PM [] []
[2026-04-21 21:43:32] SlimMonoLogger.INFO: Cron ran at: 21-04-2026 09:43:32 PM [] []
[2026-04-21 21:43:35] SlimMonoLogger.INFO: Cron ran at: 21-04-2026 09:43:35 PM [] []
[2026-04-21 21:43:36] SlimMonoLogger.INFO: Cron ran at: 21-04-2026 09:43:36 PM [] []
[2026-04-21 21:43:45] SlimMonoLogger.INFO: Cron ran at: 21-04-2026 09:43:45 PM [] []
[2026-04-21 21:43:45] SlimMonoLogger.INFO: Cron ran at: 21-04-2026 09:43:45 PM [] []
[2026-04-21 21:43:48] SlimMonoLogger.INFO: Cron ran at: 21-04-2026 09:43:48 PM [] []
[2026-04-21 21:44:12] SlimMonoLogger.INFO: Cron ran at: 21-04-2026 09:44:12 PM [] []
[2026-04-21 21:44:14] SlimMonoLogger.INFO: Cron ran at: 21-04-2026 09:44:14 PM [] []
[2026-04-21 21:44:15] SlimMonoLogger.INFO: Cron ran at: 21-04-2026 09:44:15 PM [] []
[2026-04-21 21:44:16] SlimMonoLogger.INFO: Cron ran at: 21-04-2026 09:44:16 PM [] []
[2026-04-21 21:44:20] SlimMonoLogger.INFO: Cron ran at: 21-04-2026 09:44:20 PM [] []
[2026-04-21 21:44:29] SlimMonoLogger.INFO: Cron ran at: 21-04-2026 09:44:29 PM [] []
[2026-04-21 21:44:32] SlimMonoLogger.INFO: Cron ran at: 21-04-2026 09:44:32 PM [] []
[2026-04-21 21:44:35] SlimMonoLogger.INFO: Cron ran at: 21-04-2026 09:44:35 PM [] []
[2026-04-21 21:44:39] SlimMonoLogger.INFO: Cron ran at: 21-04-2026 09:44:39 PM [] []
[2026-04-21 21:44:39] SlimMonoLogger.INFO: Cron ran at: 21-04-2026 09:44:39 PM [] []
[2026-04-21 21:44:46] SlimMonoLogger.INFO: Cron ran at: 21-04-2026 09:44:46 PM [] []
[2026-04-21 21:44:59] SlimMonoLogger.INFO: Cron ran at: 21-04-2026 09:44:59 PM [] []
[2026-04-21 21:45:12] SlimMonoLogger.INFO: Cron ran at: 21-04-2026 09:45:12 PM [] []
[2026-04-21 21:45:12] SlimMonoLogger.INFO: Cron ran at: 21-04-2026 09:45:12 PM [] []
[2026-04-21 21:45:14] SlimMonoLogger.INFO: Cron ran at: 21-04-2026 09:45:14 PM [] []
[2026-04-21 21:45:27] SlimMonoLogger.INFO: Cron ran at: 21-04-2026 09:45:27 PM [] []
[2026-04-21 21:45:27] SlimMonoLogger.INFO: Cron ran at: 21-04-2026 09:45:27 PM [] []
[2026-04-21 21:45:28] SlimMonoLogger.INFO: Cron ran at: 21-04-2026 09:45:28 PM [] []
[2026-04-21 21:45:32] SlimMonoLogger.INFO: Cron ran at: 21-04-2026 09:45:32 PM [] []
[2026-04-21 21:45:33] SlimMonoLogger.INFO: Cron ran at: 21-04-2026 09:45:33 PM [] []
[2026-04-21 21:45:46] SlimMonoLogger.INFO: Cron ran at: 21-04-2026 09:45:46 PM [] []
[2026-04-21 21:45:58] SlimMonoLogger.INFO: Cron ran at: 21-04-2026 09:45:58 PM [] []
[2026-04-21 21:45:58] SlimMonoLogger.INFO: Cron ran at: 21-04-2026 09:45:58 PM [] []
[2026-04-21 21:45:58] SlimMonoLogger.INFO: Cron ran at: 21-04-2026 09:45:58 PM [] []
[2026-04-21 21:46:12] SlimMonoLogger.INFO: Cron ran at: 21-04-2026 09:46:12 PM [] []
[2026-04-21 21:46:19] SlimMonoLogger.INFO: Cron ran at: 21-04-2026 09:46:19 PM [] []
[2026-04-21 21:46:20] SlimMonoLogger.INFO: Cron ran at: 21-04-2026 09:46:20 PM [] []
[2026-04-21 21:46:24] SlimMonoLogger.INFO: Cron ran at: 21-04-2026 09:46:24 PM [] []
[2026-04-21 21:46:24] SlimMonoLogger.INFO: Cron ran at: 21-04-2026 09:46:24 PM [] []
[2026-04-21 21:46:32] SlimMonoLogger.INFO: Cron ran at: 21-04-2026 09:46:32 PM [] []
[2026-04-21 21:46:40] SlimMonoLogger.INFO: Cron ran at: 21-04-2026 09:46:40 PM [] []
[2026-04-21 21:46:40] SlimMonoLogger.INFO: Cron ran at: 21-04-2026 09:46:40 PM [] []
[2026-04-21 21:46:44] SlimMonoLogger.INFO: Cron ran at: 21-04-2026 09:46:44 PM [] []
[2026-04-21 21:46:48] SlimMonoLogger.INFO: Cron ran at: 21-04-2026 09:46:48 PM [] []
[2026-04-21 21:46:57] SlimMonoLogger.INFO: Cron ran at: 21-04-2026 09:46:57 PM [] []
[2026-04-21 21:46:57] SlimMonoLogger.INFO: Cron ran at: 21-04-2026 09:46:57 PM [] []
[2026-04-21 21:47:01] SlimMonoLogger.INFO: Cron ran at: 21-04-2026 09:47:01 PM [] []
[2026-04-21 21:47:19] SlimMonoLogger.INFO: Cron ran at: 21-04-2026 09:47:19 PM [] []
[2026-04-21 21:47:20] SlimMonoLogger.INFO: Cron ran at: 21-04-2026 09:47:20 PM [] []
[2026-04-21 21:47:21] SlimMonoLogger.INFO: Cron ran at: 21-04-2026 09:47:21 PM [] []
[2026-04-21 21:47:25] SlimMonoLogger.INFO: Cron ran at: 21-04-2026 09:47:25 PM [] []
[2026-04-21 21:47:28] SlimMonoLogger.INFO: Cron ran at: 21-04-2026 09:47:28 PM [] []
[2026-04-21 21:47:29] SlimMonoLogger.INFO: Cron ran at: 21-04-2026 09:47:29 PM [] []
[2026-04-21 21:47:36] SlimMonoLogger.INFO: Cron ran at: 21-04-2026 09:47:36 PM [] []
[2026-04-21 21:47:46] SlimMonoLogger.INFO: Cron ran at: 21-04-2026 09:47:46 PM [] []
[2026-04-21 21:47:47] SlimMonoLogger.INFO: Cron ran at: 21-04-2026 09:47:47 PM [] []
[2026-04-21 21:47:47] SlimMonoLogger.INFO: Cron ran at: 21-04-2026 09:47:47 PM [] []
[2026-04-21 21:47:53] SlimMonoLogger.INFO: Cron ran at: 21-04-2026 09:47:53 PM [] []
[2026-04-21 21:47:54] SlimMonoLogger.INFO: Cron ran at: 21-04-2026 09:47:54 PM [] []
[2026-04-21 21:48:20] SlimMonoLogger.INFO: Cron ran at: 21-04-2026 09:48:20 PM [] []
[2026-04-21 21:48:20] SlimMonoLogger.INFO: Cron ran at: 21-04-2026 09:48:20 PM [] []
[2026-04-21 21:48:21] SlimMonoLogger.INFO: Cron ran at: 21-04-2026 09:48:21 PM [] []
[2026-04-21 21:48:21] SlimMonoLogger.INFO: Cron ran at: 21-04-2026 09:48:21 PM [] []
[2026-04-21 21:48:24] SlimMonoLogger.INFO: Cron ran at: 21-04-2026 09:48:24 PM [] []
[2026-04-21 21:48:26] SlimMonoLogger.INFO: Cron ran at: 21-04-2026 09:48:26 PM [] []
[2026-04-21 21:48:39] SlimMonoLogger.INFO: Cron ran at: 21-04-2026 09:48:39 PM [] []
[2026-04-21 21:48:40] SlimMonoLogger.INFO: Cron ran at: 21-04-2026 09:48:40 PM [] []
[2026-04-21 21:48:44] SlimMonoLogger.INFO: Cron ran at: 21-04-2026 09:48:44 PM [] []
[2026-04-21 21:48:45] SlimMonoLogger.INFO: Cron ran at: 21-04-2026 09:48:45 PM [] []
[2026-04-21 21:48:47] SlimMonoLogger.INFO: Cron ran at: 21-04-2026 09:48:47 PM [] []
[2026-04-21 21:49:04] SlimMonoLogger.INFO: Cron ran at: 21-04-2026 09:49:04 PM [] []
[2026-04-21 21:49:12] SlimMonoLogger.INFO: Cron ran at: 21-04-2026 09:49:12 PM [] []
[2026-04-21 21:49:20] SlimMonoLogger.INFO: Cron ran at: 21-04-2026 09:49:20 PM [] []
[2026-04-21 21:49:22] SlimMonoLogger.INFO: Cron ran at: 21-04-2026 09:49:22 PM [] []
[2026-04-21 21:49:23] SlimMonoLogger.INFO: Cron ran at: 21-04-2026 09:49:23 PM [] []
[2026-04-21 21:49:24] SlimMonoLogger.INFO: Cron ran at: 21-04-2026 09:49:24 PM [] []
[2026-04-21 21:49:36] SlimMonoLogger.INFO: Cron ran at: 21-04-2026 09:49:36 PM [] []
[2026-04-21 21:49:36] SlimMonoLogger.INFO: Cron ran at: 21-04-2026 09:49:36 PM [] []
[2026-04-21 21:49:39] SlimMonoLogger.INFO: Cron ran at: 21-04-2026 09:49:39 PM [] []
[2026-04-21 21:49:44] SlimMonoLogger.INFO: Cron ran at: 21-04-2026 09:49:44 PM [] []
[2026-04-21 21:49:47] SlimMonoLogger.INFO: Cron ran at: 21-04-2026 09:49:47 PM [] []
[2026-04-21 21:50:05] SlimMonoLogger.INFO: Cron ran at: 21-04-2026 09:50:05 PM [] []
[2026-04-21 21:50:05] SlimMonoLogger.INFO: Cron ran at: 21-04-2026 09:50:05 PM [] []
[2026-04-21 21:50:09] SlimMonoLogger.INFO: Cron ran at: 21-04-2026 09:50:09 PM [] []
[2026-04-21 21:50:16] SlimMonoLogger.INFO: Cron ran at: 21-04-2026 09:50:16 PM [] []
[2026-04-21 21:50:19] SlimMonoLogger.INFO: Cron ran at: 21-04-2026 09:50:19 PM [] []
[2026-04-21 21:50:26] SlimMonoLogger.INFO: Cron ran at: 21-04-2026 09:50:26 PM [] []
[2026-04-21 21:50:26] SlimMonoLogger.INFO: Cron ran at: 21-04-2026 09:50:26 PM [] []
[2026-04-21 21:50:30] SlimMonoLogger.INFO: Cron ran at: 21-04-2026 09:50:30 PM [] []
[2026-04-21 21:50:32] SlimMonoLogger.INFO: Cron ran at: 21-04-2026 09:50:32 PM [] []
[2026-04-21 21:50:33] SlimMonoLogger.INFO: Cron ran at: 21-04-2026 09:50:33 PM [] []
[2026-04-21 21:50:54] SlimMonoLogger.INFO: Cron ran at: 21-04-2026 09:50:54 PM [] []
[2026-04-21 21:50:54] SlimMonoLogger.INFO: Cron ran at: 21-04-2026 09:50:54 PM [] []
[2026-04-21 21:50:55] SlimMonoLogger.INFO: Cron ran at: 21-04-2026 09:50:55 PM [] []
[2026-04-21 21:50:57] SlimMonoLogger.INFO: Cron ran at: 21-04-2026 09:50:57 PM [] []
[2026-04-21 21:51:14] SlimMonoLogger.INFO: Cron ran at: 21-04-2026 09:51:14 PM [] []
[2026-04-21 21:51:15] SlimMonoLogger.INFO: Cron ran at: 21-04-2026 09:51:15 PM [] []
[2026-04-21 21:51:16] SlimMonoLogger.INFO: Cron ran at: 21-04-2026 09:51:16 PM [] []
[2026-04-21 21:51:18] SlimMonoLogger.INFO: Cron ran at: 21-04-2026 09:51:18 PM [] []
[2026-04-21 21:51:28] SlimMonoLogger.INFO: Cron ran at: 21-04-2026 09:51:28 PM [] []
[2026-04-21 21:51:28] SlimMonoLogger.INFO: Cron ran at: 21-04-2026 09:51:28 PM [] []
[2026-04-21 21:51:29] SlimMonoLogger.INFO: Cron ran at: 21-04-2026 09:51:29 PM [] []
[2026-04-21 21:51:38] SlimMonoLogger.INFO: Cron ran at: 21-04-2026 09:51:38 PM [] []
[2026-04-21 21:51:48] SlimMonoLogger.INFO: Cron ran at: 21-04-2026 09:51:48 PM [] []
[2026-04-21 21:51:50] SlimMonoLogger.INFO: Cron ran at: 21-04-2026 09:51:50 PM [] []
[2026-04-21 21:51:54] SlimMonoLogger.INFO: Cron ran at: 21-04-2026 09:51:54 PM [] []
[2026-04-21 21:51:54] SlimMonoLogger.INFO: Cron ran at: 21-04-2026 09:51:54 PM [] []
[2026-04-21 21:52:06] SlimMonoLogger.INFO: Cron ran at: 21-04-2026 09:52:06 PM [] []
[2026-04-21 21:52:07] SlimMonoLogger.INFO: Cron ran at: 21-04-2026 09:52:07 PM [] []
[2026-04-21 21:52:15] SlimMonoLogger.INFO: Cron ran at: 21-04-2026 09:52:15 PM [] []
[2026-04-21 21:52:17] SlimMonoLogger.INFO: Cron ran at: 21-04-2026 09:52:17 PM [] []
[2026-04-21 21:52:17] SlimMonoLogger.INFO: Cron ran at: 21-04-2026 09:52:17 PM [] []
[2026-04-21 21:52:32] SlimMonoLogger.INFO: Cron ran at: 21-04-2026 09:52:32 PM [] []
[2026-04-21 21:52:32] SlimMonoLogger.INFO: Cron ran at: 21-04-2026 09:52:32 PM [] []
[2026-04-21 21:52:47] SlimMonoLogger.INFO: Cron ran at: 21-04-2026 09:52:47 PM [] []
[2026-04-21 21:52:48] SlimMonoLogger.INFO: Cron ran at: 21-04-2026 09:52:48 PM [] []
[2026-04-21 21:52:57] SlimMonoLogger.INFO: Cron ran at: 21-04-2026 09:52:57 PM [] []
[2026-04-21 21:52:58] SlimMonoLogger.INFO: Cron ran at: 21-04-2026 09:52:58 PM [] []
[2026-04-21 21:53:00] SlimMonoLogger.INFO: Cron ran at: 21-04-2026 09:53:00 PM [] []
[2026-04-21 21:53:04] SlimMonoLogger.INFO: Cron ran at: 21-04-2026 09:53:04 PM [] []
[2026-04-21 21:53:18] SlimMonoLogger.INFO: Cron ran at: 21-04-2026 09:53:18 PM [] []
[2026-04-21 21:53:19] SlimMonoLogger.INFO: Cron ran at: 21-04-2026 09:53:19 PM [] []
[2026-04-21 21:53:21] SlimMonoLogger.INFO: Cron ran at: 21-04-2026 09:53:21 PM [] []
[2026-04-21 21:53:21] SlimMonoLogger.INFO: Cron ran at: 21-04-2026 09:53:21 PM [] []
[2026-04-21 21:53:29] SlimMonoLogger.INFO: Cron ran at: 21-04-2026 09:53:29 PM [] []
[2026-04-21 21:53:34] SlimMonoLogger.INFO: Cron ran at: 21-04-2026 09:53:34 PM [] []
[2026-04-21 21:53:45] SlimMonoLogger.INFO: Cron ran at: 21-04-2026 09:53:45 PM [] []
[2026-04-21 21:53:45] SlimMonoLogger.INFO: Cron ran at: 21-04-2026 09:53:45 PM [] []
[2026-04-21 21:53:48] SlimMonoLogger.INFO: Cron ran at: 21-04-2026 09:53:48 PM [] []
[2026-04-21 21:53:49] SlimMonoLogger.INFO: Cron ran at: 21-04-2026 09:53:49 PM [] []
[2026-04-21 21:54:05] SlimMonoLogger.INFO: Cron ran at: 21-04-2026 09:54:05 PM [] []
[2026-04-21 21:54:07] SlimMonoLogger.INFO: Cron ran at: 21-04-2026 09:54:07 PM [] []
[2026-04-21 21:54:12] SlimMonoLogger.INFO: Cron ran at: 21-04-2026 09:54:12 PM [] []
[2026-04-21 21:54:21] SlimMonoLogger.INFO: Cron ran at: 21-04-2026 09:54:21 PM [] []
[2026-04-21 21:54:22] SlimMonoLogger.INFO: Cron ran at: 21-04-2026 09:54:22 PM [] []
[2026-04-21 21:54:28] SlimMonoLogger.INFO: Cron ran at: 21-04-2026 09:54:28 PM [] []
[2026-04-21 21:54:29] SlimMonoLogger.INFO: Cron ran at: 21-04-2026 09:54:29 PM [] []
[2026-04-21 21:54:44] SlimMonoLogger.INFO: Cron ran at: 21-04-2026 09:54:44 PM [] []
[2026-04-21 21:54:44] SlimMonoLogger.INFO: Cron ran at: 21-04-2026 09:54:44 PM [] []
[2026-04-21 21:54:48] SlimMonoLogger.INFO: Cron ran at: 21-04-2026 09:54:48 PM [] []
[2026-04-21 21:54:48] SlimMonoLogger.INFO: Cron ran at: 21-04-2026 09:54:48 PM [] []
[2026-04-21 21:55:08] SlimMonoLogger.INFO: Cron ran at: 21-04-2026 09:55:08 PM [] []
[2026-04-21 21:55:08] SlimMonoLogger.INFO: Cron ran at: 21-04-2026 09:55:08 PM [] []
[2026-04-21 21:55:09] SlimMonoLogger.INFO: Cron ran at: 21-04-2026 09:55:09 PM [] []
[2026-04-21 21:55:17] SlimMonoLogger.INFO: Cron ran at: 21-04-2026 09:55:17 PM [] []
[2026-04-21 21:55:28] SlimMonoLogger.INFO: Cron ran at: 21-04-2026 09:55:28 PM [] []
[2026-04-21 21:55:28] SlimMonoLogger.INFO: Cron ran at: 21-04-2026 09:55:28 PM [] []
[2026-04-21 21:55:30] SlimMonoLogger.INFO: Cron ran at: 21-04-2026 09:55:30 PM [] []
[2026-04-21 21:55:31] SlimMonoLogger.INFO: Cron ran at: 21-04-2026 09:55:31 PM [] []
[2026-04-21 21:55:43] SlimMonoLogger.INFO: Cron ran at: 21-04-2026 09:55:43 PM [] []
[2026-04-21 21:55:44] SlimMonoLogger.INFO: Cron ran at: 21-04-2026 09:55:44 PM [] []
[2026-04-21 21:56:00] SlimMonoLogger.INFO: Cron ran at: 21-04-2026 09:56:00 PM [] []
[2026-04-21 21:56:03] SlimMonoLogger.INFO: Cron ran at: 21-04-2026 09:56:03 PM [] []
[2026-04-21 21:56:04] SlimMonoLogger.INFO: Cron ran at: 21-04-2026 09:56:04 PM [] []
[2026-04-21 21:56:21] SlimMonoLogger.INFO: Cron ran at: 21-04-2026 09:56:21 PM [] []
[2026-04-21 21:56:21] SlimMonoLogger.INFO: Cron ran at: 21-04-2026 09:56:21 PM [] []
[2026-04-21 21:56:31] SlimMonoLogger.INFO: Cron ran at: 21-04-2026 09:56:31 PM [] []
[2026-04-21 21:56:31] SlimMonoLogger.INFO: Cron ran at: 21-04-2026 09:56:31 PM [] []
[2026-04-21 21:56:31] SlimMonoLogger.INFO: Cron ran at: 21-04-2026 09:56:31 PM [] []
[2026-04-21 21:56:45] SlimMonoLogger.INFO: Cron ran at: 21-04-2026 09:56:45 PM [] []
[2026-04-21 21:56:46] SlimMonoLogger.INFO: Cron ran at: 21-04-2026 09:56:46 PM [] []
[2026-04-21 21:56:46] SlimMonoLogger.INFO: Cron ran at: 21-04-2026 09:56:46 PM [] []
[2026-04-21 21:56:59] SlimMonoLogger.INFO: Cron ran at: 21-04-2026 09:56:59 PM [] []
[2026-04-21 21:56:59] SlimMonoLogger.INFO: Cron ran at: 21-04-2026 09:56:59 PM [] []
[2026-04-21 21:57:00] SlimMonoLogger.INFO: Cron ran at: 21-04-2026 09:57:00 PM [] []
[2026-04-21 21:57:07] SlimMonoLogger.INFO: Cron ran at: 21-04-2026 09:57:07 PM [] []
[2026-04-21 21:57:17] SlimMonoLogger.INFO: Cron ran at: 21-04-2026 09:57:17 PM [] []
[2026-04-21 21:57:19] SlimMonoLogger.INFO: Cron ran at: 21-04-2026 09:57:19 PM [] []
[2026-04-21 21:57:19] SlimMonoLogger.INFO: Cron ran at: 21-04-2026 09:57:19 PM [] []
[2026-04-21 21:57:21] SlimMonoLogger.INFO: Cron ran at: 21-04-2026 09:57:21 PM [] []
[2026-04-21 21:57:24] SlimMonoLogger.INFO: Cron ran at: 21-04-2026 09:57:24 PM [] []
[2026-04-21 21:57:24] SlimMonoLogger.INFO: Cron ran at: 21-04-2026 09:57:24 PM [] []
[2026-04-21 21:57:32] SlimMonoLogger.INFO: Cron ran at: 21-04-2026 09:57:32 PM [] []
[2026-04-21 21:57:41] SlimMonoLogger.INFO: Cron ran at: 21-04-2026 09:57:41 PM [] []
[2026-04-21 21:57:44] SlimMonoLogger.INFO: Cron ran at: 21-04-2026 09:57:44 PM [] []
[2026-04-21 21:57:52] SlimMonoLogger.INFO: Cron ran at: 21-04-2026 09:57:52 PM [] []
[2026-04-21 21:57:55] SlimMonoLogger.INFO: Cron ran at: 21-04-2026 09:57:55 PM [] []
[2026-04-21 21:57:56] SlimMonoLogger.INFO: Cron ran at: 21-04-2026 09:57:56 PM [] []
[2026-04-21 21:58:13] SlimMonoLogger.INFO: Cron ran at: 21-04-2026 09:58:13 PM [] []
[2026-04-21 21:58:15] SlimMonoLogger.INFO: Cron ran at: 21-04-2026 09:58:15 PM [] []
[2026-04-21 21:58:15] SlimMonoLogger.INFO: Cron ran at: 21-04-2026 09:58:15 PM [] []
[2026-04-21 21:58:17] SlimMonoLogger.INFO: Cron ran at: 21-04-2026 09:58:17 PM [] []
[2026-04-21 21:58:19] SlimMonoLogger.INFO: Cron ran at: 21-04-2026 09:58:19 PM [] []
[2026-04-21 21:58:29] SlimMonoLogger.INFO: Cron ran at: 21-04-2026 09:58:29 PM [] []
[2026-04-21 21:58:34] SlimMonoLogger.INFO: Cron ran at: 21-04-2026 09:58:34 PM [] []
[2026-04-21 21:58:34] SlimMonoLogger.INFO: Cron ran at: 21-04-2026 09:58:34 PM [] []
[2026-04-21 21:58:45] SlimMonoLogger.INFO: Cron ran at: 21-04-2026 09:58:45 PM [] []
[2026-04-21 21:58:47] SlimMonoLogger.INFO: Cron ran at: 21-04-2026 09:58:47 PM [] []
[2026-04-21 21:58:53] SlimMonoLogger.INFO: Cron ran at: 21-04-2026 09:58:53 PM [] []
[2026-04-21 21:59:07] SlimMonoLogger.INFO: Cron ran at: 21-04-2026 09:59:07 PM [] []
[2026-04-21 21:59:15] SlimMonoLogger.INFO: Cron ran at: 21-04-2026 09:59:15 PM [] []
[2026-04-21 21:59:15] SlimMonoLogger.INFO: Cron ran at: 21-04-2026 09:59:15 PM [] []
[2026-04-21 21:59:16] SlimMonoLogger.INFO: Cron ran at: 21-04-2026 09:59:16 PM [] []
[2026-04-21 21:59:19] SlimMonoLogger.INFO: Cron ran at: 21-04-2026 09:59:19 PM [] []
[2026-04-21 21:59:30] SlimMonoLogger.INFO: Cron ran at: 21-04-2026 09:59:30 PM [] []
[2026-04-21 21:59:30] SlimMonoLogger.INFO: Cron ran at: 21-04-2026 09:59:30 PM [] []
[2026-04-21 21:59:34] SlimMonoLogger.INFO: Cron ran at: 21-04-2026 09:59:34 PM [] []
[2026-04-21 21:59:37] SlimMonoLogger.INFO: Cron ran at: 21-04-2026 09:59:37 PM [] []
[2026-04-21 21:59:37] SlimMonoLogger.INFO: Cron ran at: 21-04-2026 09:59:37 PM [] []
[2026-04-21 21:59:48] SlimMonoLogger.INFO: Cron ran at: 21-04-2026 09:59:48 PM [] []
[2026-04-21 22:00:05] SlimMonoLogger.INFO: Cron ran at: 21-04-2026 10:00:05 PM [] []
[2026-04-21 22:00:07] SlimMonoLogger.INFO: Cron ran at: 21-04-2026 10:00:07 PM [] []
[2026-04-21 22:00:13] SlimMonoLogger.INFO: Cron ran at: 21-04-2026 10:00:13 PM [] []
[2026-04-21 22:00:15] SlimMonoLogger.INFO: Cron ran at: 21-04-2026 10:00:15 PM [] []
[2026-04-21 22:00:29] SlimMonoLogger.INFO: Cron ran at: 21-04-2026 10:00:29 PM [] []
[2026-04-21 22:00:30] SlimMonoLogger.INFO: Cron ran at: 21-04-2026 10:00:30 PM [] []
[2026-04-21 22:00:30] SlimMonoLogger.INFO: Cron ran at: 21-04-2026 10:00:30 PM [] []
[2026-04-21 22:00:41] SlimMonoLogger.INFO: Cron ran at: 21-04-2026 10:00:41 PM [] []
[2026-04-21 22:00:41] SlimMonoLogger.INFO: Cron ran at: 21-04-2026 10:00:41 PM [] []
[2026-04-21 22:00:47] SlimMonoLogger.INFO: Cron ran at: 21-04-2026 10:00:47 PM [] []
[2026-04-21 22:00:59] SlimMonoLogger.INFO: Cron ran at: 21-04-2026 10:00:59 PM [] []
[2026-04-21 22:01:21] SlimMonoLogger.INFO: Cron ran at: 21-04-2026 10:01:21 PM [] []
[2026-04-21 22:01:21] SlimMonoLogger.INFO: Cron ran at: 21-04-2026 10:01:21 PM [] []
[2026-04-21 22:01:39] SlimMonoLogger.INFO: Cron ran at: 21-04-2026 10:01:39 PM [] []
[2026-04-21 22:01:40] SlimMonoLogger.INFO: Cron ran at: 21-04-2026 10:01:40 PM [] []
[2026-04-21 22:01:41] SlimMonoLogger.INFO: Cron ran at: 21-04-2026 10:01:41 PM [] []
[2026-04-21 22:01:42] SlimMonoLogger.INFO: Cron ran at: 21-04-2026 10:01:42 PM [] []
[2026-04-21 22:01:43] SlimMonoLogger.INFO: Cron ran at: 21-04-2026 10:01:43 PM [] []
[2026-04-21 22:01:48] SlimMonoLogger.INFO: Cron ran at: 21-04-2026 10:01:48 PM [] []
[2026-04-21 22:01:49] SlimMonoLogger.INFO: Cron ran at: 21-04-2026 10:01:49 PM [] []
[2026-04-21 22:01:49] SlimMonoLogger.INFO: Cron ran at: 21-04-2026 10:01:49 PM [] []
[2026-04-21 22:01:51] SlimMonoLogger.INFO: Cron ran at: 21-04-2026 10:01:51 PM [] []
[2026-04-21 22:01:57] SlimMonoLogger.INFO: Cron ran at: 21-04-2026 10:01:57 PM [] []
[2026-04-21 22:02:11] SlimMonoLogger.INFO: Cron ran at: 21-04-2026 10:02:11 PM [] []
[2026-04-21 22:02:17] SlimMonoLogger.INFO: Cron ran at: 21-04-2026 10:02:17 PM [] []
[2026-04-21 22:02:23] SlimMonoLogger.INFO: Cron ran at: 21-04-2026 10:02:23 PM [] []
[2026-04-21 22:02:23] SlimMonoLogger.INFO: Cron ran at: 21-04-2026 10:02:23 PM [] []
[2026-04-21 22:02:23] SlimMonoLogger.INFO: Cron ran at: 21-04-2026 10:02:23 PM [] []
[2026-04-21 22:02:27] SlimMonoLogger.INFO: Cron ran at: 21-04-2026 10:02:27 PM [] []
[2026-04-21 22:02:29] SlimMonoLogger.INFO: Cron ran at: 21-04-2026 10:02:29 PM [] []
[2026-04-21 22:02:31] SlimMonoLogger.INFO: Cron ran at: 21-04-2026 10:02:31 PM [] []
[2026-04-21 22:02:37] SlimMonoLogger.INFO: Cron ran at: 21-04-2026 10:02:37 PM [] []
[2026-04-21 22:02:40] SlimMonoLogger.INFO: Cron ran at: 21-04-2026 10:02:40 PM [] []
[2026-04-21 22:02:44] SlimMonoLogger.INFO: Cron ran at: 21-04-2026 10:02:44 PM [] []
[2026-04-21 22:02:47] SlimMonoLogger.INFO: Cron ran at: 21-04-2026 10:02:47 PM [] []
[2026-04-21 22:02:50] SlimMonoLogger.INFO: Cron ran at: 21-04-2026 10:02:50 PM [] []
[2026-04-21 22:02:52] SlimMonoLogger.INFO: Cron ran at: 21-04-2026 10:02:52 PM [] []
[2026-04-21 22:03:18] SlimMonoLogger.INFO: Cron ran at: 21-04-2026 10:03:18 PM [] []
[2026-04-21 22:03:18] SlimMonoLogger.INFO: Cron ran at: 21-04-2026 10:03:18 PM [] []
[2026-04-21 22:03:21] SlimMonoLogger.INFO: Cron ran at: 21-04-2026 10:03:21 PM [] []
[2026-04-21 22:03:22] SlimMonoLogger.INFO: Cron ran at: 21-04-2026 10:03:22 PM [] []
[2026-04-21 22:03:22] SlimMonoLogger.INFO: Cron ran at: 21-04-2026 10:03:22 PM [] []
[2026-04-21 22:03:32] SlimMonoLogger.INFO: Cron ran at: 21-04-2026 10:03:32 PM [] []
[2026-04-21 22:03:32] SlimMonoLogger.INFO: Cron ran at: 21-04-2026 10:03:32 PM [] []
[2026-04-21 22:03:38] SlimMonoLogger.INFO: Cron ran at: 21-04-2026 10:03:38 PM [] []
[2026-04-21 22:03:39] SlimMonoLogger.INFO: Cron ran at: 21-04-2026 10:03:39 PM [] []
[2026-04-21 22:03:43] SlimMonoLogger.ERROR: Requests_Exception: cURL error 28: Operation timed out after 500000 milliseconds with 15823 bytes received in /home/latihtal/public_html/agregator1/src/vendor/rmccue/requests/library/Requests/Transport/cURL.php:422
Stack trace:
#0 /home/latihtal/public_html/agregator1/src/vendor/rmccue/requests/library/Requests/Transport/cURL.php(177): Requests_Transport_cURL->process_response()
#1 /home/latihtal/public_html/agregator1/src/vendor/rmccue/requests/library/Requests.php(379): Requests_Transport_cURL->request()
#2 /home/latihtal/public_html/agregator1/src/vendor/rmccue/requests/library/Requests/Session.php(205): Requests::request()
#3 /home/latihtal/public_html/agregator1/src/vendor/rmccue/requests/library/Requests/Session.php(132): Requests_Session->request()
#4 /home/latihtal/public_html/agregator1/src/drivers/Http/RssImporter.php(144): Requests_Session->get()
#5 /home/latihtal/public_html/agregator1/src/controllers/Dashboard/DashboardFeedsController.php(534): spark\drivers\Http\RssImporter->fetchPosts()
#6 /home/latihtal/public_html/agregator1/src/controllers/Site/SiteController.php(722): spark\controllers\Dashboard\DashboardFeedsController::importFeedPosts()
#7 [internal function]: spark\controllers\Site\SiteController->runTasks()
#8 /home/latihtal/public_html/agregator1/src/framework/Route.php(173): call_user_func_array()
#9 [internal function]: Slim\Route->Slim\{closure}()
#10 /home/latihtal/public_html/agregator1/src/framework/Route.php(468): call_user_func_array()
#11 /home/latihtal/public_html/agregator1/src/framework/Slim.php(1364): Slim\Route->dispatch()
#12 /home/latihtal/public_html/agregator1/src/framework/Middleware/Flash.php(85): Slim\Slim->call()
#13 /home/latihtal/public_html/agregator1/src/framework/Middleware/MethodOverride.php(92): Slim\Middleware\Flash->call()
#14 /home/latihtal/public_html/agregator1/src/middlewares/CsrfGuard/CsrfGuard.php(47): Slim\Middleware\MethodOverride->call()
#15 /home/latihtal/public_html/agregator1/src/framework/Middleware/PrettyExceptions.php(67): spark\middlewares\CsrfGuard\CsrfGuard->call()
#16 /home/latihtal/public_html/agregator1/src/framework/Slim.php(1308): Slim\Middleware\PrettyExceptions->call()
#17 /home/latihtal/public_html/agregator1/index.php(6): Slim\Slim->run()
#18 {main} [] []
[2026-04-21 22:03:46] SlimMonoLogger.INFO: Cron ran at: 21-04-2026 10:03:46 PM [] []
[2026-04-21 22:03:47] SlimMonoLogger.INFO: Cron ran at: 21-04-2026 10:03:47 PM [] []
[2026-04-21 22:04:06] SlimMonoLogger.INFO: Cron ran at: 21-04-2026 10:04:06 PM [] []
[2026-04-21 22:04:17] SlimMonoLogger.INFO: Cron ran at: 21-04-2026 10:04:17 PM [] []
[2026-04-21 22:04:18] SlimMonoLogger.INFO: Cron ran at: 21-04-2026 10:04:18 PM [] []
[2026-04-21 22:04:18] SlimMonoLogger.INFO: Cron ran at: 21-04-2026 10:04:18 PM [] []
[2026-04-21 22:04:19] SlimMonoLogger.INFO: Cron ran at: 21-04-2026 10:04:19 PM [] []
[2026-04-21 22:04:24] SlimMonoLogger.INFO: Cron ran at: 21-04-2026 10:04:24 PM [] []
[2026-04-21 22:04:30] SlimMonoLogger.INFO: Cron ran at: 21-04-2026 10:04:30 PM [] []
[2026-04-21 22:04:36] SlimMonoLogger.INFO: Cron ran at: 21-04-2026 10:04:36 PM [] []
[2026-04-21 22:04:37] SlimMonoLogger.INFO: Cron ran at: 21-04-2026 10:04:37 PM [] []
[2026-04-21 22:04:41] SlimMonoLogger.INFO: Cron ran at: 21-04-2026 10:04:41 PM [] []
[2026-04-21 22:04:42] SlimMonoLogger.INFO: Cron ran at: 21-04-2026 10:04:42 PM [] []
[2026-04-21 22:04:58] SlimMonoLogger.INFO: Cron ran at: 21-04-2026 10:04:58 PM [] []
[2026-04-21 22:04:58] SlimMonoLogger.INFO: Cron ran at: 21-04-2026 10:04:58 PM [] []
[2026-04-21 22:05:07] SlimMonoLogger.INFO: Cron ran at: 21-04-2026 10:05:07 PM [] []
[2026-04-21 22:05:21] SlimMonoLogger.INFO: Cron ran at: 21-04-2026 10:05:21 PM [] []
[2026-04-21 22:05:22] SlimMonoLogger.INFO: Cron ran at: 21-04-2026 10:05:22 PM [] []
[2026-04-21 22:05:25] SlimMonoLogger.INFO: Cron ran at: 21-04-2026 10:05:25 PM [] []
[2026-04-21 22:05:26] SlimMonoLogger.INFO: Cron ran at: 21-04-2026 10:05:26 PM [] []
[2026-04-21 22:05:33] SlimMonoLogger.INFO: Cron ran at: 21-04-2026 10:05:33 PM [] []
[2026-04-21 22:05:42] SlimMonoLogger.INFO: Cron ran at: 21-04-2026 10:05:42 PM [] []
[2026-04-21 22:05:42] SlimMonoLogger.INFO: Cron ran at: 21-04-2026 10:05:42 PM [] []
[2026-04-21 22:05:45] SlimMonoLogger.INFO: Cron ran at: 21-04-2026 10:05:45 PM [] []
[2026-04-21 22:05:54] SlimMonoLogger.INFO: Cron ran at: 21-04-2026 10:05:54 PM [] []
[2026-04-21 22:05:56] SlimMonoLogger.INFO: Cron ran at: 21-04-2026 10:05:56 PM [] []
[2026-04-21 22:05:57] SlimMonoLogger.INFO: Cron ran at: 21-04-2026 10:05:57 PM [] []
[2026-04-21 22:06:10] SlimMonoLogger.INFO: Cron ran at: 21-04-2026 10:06:10 PM [] []
[2026-04-21 22:06:20] SlimMonoLogger.INFO: Cron ran at: 21-04-2026 10:06:20 PM [] []
[2026-04-21 22:06:20] SlimMonoLogger.INFO: Cron ran at: 21-04-2026 10:06:20 PM [] []
[2026-04-21 22:06:32] SlimMonoLogger.INFO: Cron ran at: 21-04-2026 10:06:32 PM [] []
[2026-04-21 22:06:33] SlimMonoLogger.INFO: Cron ran at: 21-04-2026 10:06:33 PM [] []
[2026-04-21 22:06:33] SlimMonoLogger.INFO: Cron ran at: 21-04-2026 10:06:33 PM [] []
[2026-04-21 22:06:40] SlimMonoLogger.INFO: Cron ran at: 21-04-2026 10:06:40 PM [] []
[2026-04-21 22:06:41] SlimMonoLogger.INFO: Cron ran at: 21-04-2026 10:06:41 PM [] []
[2026-04-21 22:06:51] SlimMonoLogger.INFO: Cron ran at: 21-04-2026 10:06:51 PM [] []
[2026-04-21 22:06:57] SlimMonoLogger.INFO: Cron ran at: 21-04-2026 10:06:57 PM [] []
[2026-04-21 22:06:57] SlimMonoLogger.INFO: Cron ran at: 21-04-2026 10:06:57 PM [] []
[2026-04-21 22:07:00] SlimMonoLogger.INFO: Cron ran at: 21-04-2026 10:07:00 PM [] []
[2026-04-21 22:07:01] SlimMonoLogger.INFO: Cron ran at: 21-04-2026 10:07:01 PM [] []
[2026-04-21 22:07:30] SlimMonoLogger.INFO: Cron ran at: 21-04-2026 10:07:30 PM [] []
[2026-04-21 22:07:30] SlimMonoLogger.INFO: Cron ran at: 21-04-2026 10:07:30 PM [] []
[2026-04-21 22:07:30] SlimMonoLogger.INFO: Cron ran at: 21-04-2026 10:07:30 PM [] []
[2026-04-21 22:07:31] SlimMonoLogger.INFO: Cron ran at: 21-04-2026 10:07:31 PM [] []
[2026-04-21 22:07:33] SlimMonoLogger.INFO: Cron ran at: 21-04-2026 10:07:33 PM [] []
[2026-04-21 22:07:37] SlimMonoLogger.INFO: Cron ran at: 21-04-2026 10:07:37 PM [] []
[2026-04-21 22:07:39] SlimMonoLogger.INFO: Cron ran at: 21-04-2026 10:07:39 PM [] []
[2026-04-21 22:07:51] SlimMonoLogger.INFO: Cron ran at: 21-04-2026 10:07:51 PM [] []
[2026-04-21 22:07:51] SlimMonoLogger.INFO: Cron ran at: 21-04-2026 10:07:51 PM [] []
[2026-04-21 22:07:51] SlimMonoLogger.INFO: Cron ran at: 21-04-2026 10:07:51 PM [] []
[2026-04-21 22:07:51] SlimMonoLogger.INFO: Cron ran at: 21-04-2026 10:07:51 PM [] []
[2026-04-21 22:08:00] SlimMonoLogger.INFO: Cron ran at: 21-04-2026 10:08:00 PM [] []
[2026-04-21 22:08:10] SlimMonoLogger.INFO: Cron ran at: 21-04-2026 10:08:10 PM [] []
[2026-04-21 22:08:14] SlimMonoLogger.INFO: Cron ran at: 21-04-2026 10:08:14 PM [] []
[2026-04-21 22:08:17] SlimMonoLogger.INFO: Cron ran at: 21-04-2026 10:08:17 PM [] []
[2026-04-21 22:08:23] SlimMonoLogger.INFO: Cron ran at: 21-04-2026 10:08:23 PM [] []
[2026-04-21 22:08:29] SlimMonoLogger.INFO: Cron ran at: 21-04-2026 10:08:29 PM [] []
[2026-04-21 22:08:30] SlimMonoLogger.INFO: Cron ran at: 21-04-2026 10:08:30 PM [] []
[2026-04-21 22:08:35] SlimMonoLogger.INFO: Cron ran at: 21-04-2026 10:08:35 PM [] []
[2026-04-21 22:08:35] SlimMonoLogger.INFO: Cron ran at: 21-04-2026 10:08:35 PM [] []
[2026-04-21 22:08:47] SlimMonoLogger.INFO: Cron ran at: 21-04-2026 10:08:47 PM [] []
[2026-04-21 22:08:48] SlimMonoLogger.INFO: Cron ran at: 21-04-2026 10:08:48 PM [] []
[2026-04-21 22:08:48] SlimMonoLogger.INFO: Cron ran at: 21-04-2026 10:08:48 PM [] []
[2026-04-21 22:09:08] SlimMonoLogger.INFO: Cron ran at: 21-04-2026 10:09:08 PM [] []
[2026-04-21 22:09:10] SlimMonoLogger.INFO: Cron ran at: 21-04-2026 10:09:10 PM [] []
[2026-04-21 22:09:17] SlimMonoLogger.INFO: Cron ran at: 21-04-2026 10:09:17 PM [] []
[2026-04-21 22:09:18] SlimMonoLogger.INFO: Cron ran at: 21-04-2026 10:09:18 PM [] []
[2026-04-21 22:09:18] SlimMonoLogger.INFO: Cron ran at: 21-04-2026 10:09:18 PM [] []
[2026-04-21 22:09:37] SlimMonoLogger.INFO: Cron ran at: 21-04-2026 10:09:37 PM [] []
[2026-04-21 22:09:37] SlimMonoLogger.INFO: Cron ran at: 21-04-2026 10:09:37 PM [] []
[2026-04-21 22:09:37] SlimMonoLogger.INFO: Cron ran at: 21-04-2026 10:09:37 PM [] []
[2026-04-21 22:09:43] SlimMonoLogger.ERROR: Requests_Exception: cURL error 28: Operation timed out after 500002 milliseconds with 15824 bytes received in /home/latihtal/public_html/agregator1/src/vendor/rmccue/requests/library/Requests/Transport/cURL.php:422
Stack trace:
#0 /home/latihtal/public_html/agregator1/src/vendor/rmccue/requests/library/Requests/Transport/cURL.php(177): Requests_Transport_cURL->process_response()
#1 /home/latihtal/public_html/agregator1/src/vendor/rmccue/requests/library/Requests.php(379): Requests_Transport_cURL->request()
#2 /home/latihtal/public_html/agregator1/src/vendor/rmccue/requests/library/Requests/Session.php(205): Requests::request()
#3 /home/latihtal/public_html/agregator1/src/vendor/rmccue/requests/library/Requests/Session.php(132): Requests_Session->request()
#4 /home/latihtal/public_html/agregator1/src/drivers/Http/RssImporter.php(144): Requests_Session->get()
#5 /home/latihtal/public_html/agregator1/src/controllers/Dashboard/DashboardFeedsController.php(534): spark\drivers\Http\RssImporter->fetchPosts()
#6 /home/latihtal/public_html/agregator1/src/controllers/Site/SiteController.php(722): spark\controllers\Dashboard\DashboardFeedsController::importFeedPosts()
#7 [internal function]: spark\controllers\Site\SiteController->runTasks()
#8 /home/latihtal/public_html/agregator1/src/framework/Route.php(173): call_user_func_array()
#9 [internal function]: Slim\Route->Slim\{closure}()
#10 /home/latihtal/public_html/agregator1/src/framework/Route.php(468): call_user_func_array()
#11 /home/latihtal/public_html/agregator1/src/framework/Slim.php(1364): Slim\Route->dispatch()
#12 /home/latihtal/public_html/agregator1/src/framework/Middleware/Flash.php(85): Slim\Slim->call()
#13 /home/latihtal/public_html/agregator1/src/framework/Middleware/MethodOverride.php(92): Slim\Middleware\Flash->call()
#14 /home/latihtal/public_html/agregator1/src/middlewares/CsrfGuard/CsrfGuard.php(47): Slim\Middleware\MethodOverride->call()
#15 /home/latihtal/public_html/agregator1/src/framework/Middleware/PrettyExceptions.php(67): spark\middlewares\CsrfGuard\CsrfGuard->call()
#16 /home/latihtal/public_html/agregator1/src/framework/Slim.php(1308): Slim\Middleware\PrettyExceptions->call()
#17 /home/latihtal/public_html/agregator1/index.php(6): Slim\Slim->run()
#18 {main} [] []
[2026-04-21 22:09:46] SlimMonoLogger.INFO: Cron ran at: 21-04-2026 10:09:46 PM [] []
[2026-04-21 22:09:48] SlimMonoLogger.INFO: Cron ran at: 21-04-2026 10:09:48 PM [] []
[2026-04-21 22:09:48] SlimMonoLogger.INFO: Cron ran at: 21-04-2026 10:09:48 PM [] []
[2026-04-21 22:10:00] SlimMonoLogger.INFO: Cron ran at: 21-04-2026 10:10:00 PM [] []
[2026-04-21 22:10:06] SlimMonoLogger.INFO: Cron ran at: 21-04-2026 10:10:06 PM [] []
[2026-04-21 22:10:07] SlimMonoLogger.INFO: Cron ran at: 21-04-2026 10:10:07 PM [] []
[2026-04-21 22:10:17] SlimMonoLogger.INFO: Cron ran at: 21-04-2026 10:10:17 PM [] []
[2026-04-21 22:10:18] SlimMonoLogger.INFO: Cron ran at: 21-04-2026 10:10:18 PM [] []
[2026-04-21 22:10:25] SlimMonoLogger.INFO: Cron ran at: 21-04-2026 10:10:25 PM [] []
[2026-04-21 22:10:31] SlimMonoLogger.INFO: Cron ran at: 21-04-2026 10:10:31 PM [] []
[2026-04-21 22:10:32] SlimMonoLogger.INFO: Cron ran at: 21-04-2026 10:10:32 PM [] []
[2026-04-21 22:10:39] SlimMonoLogger.INFO: Cron ran at: 21-04-2026 10:10:39 PM [] []
[2026-04-21 22:10:40] SlimMonoLogger.INFO: Cron ran at: 21-04-2026 10:10:40 PM [] []
[2026-04-21 22:10:46] SlimMonoLogger.INFO: Cron ran at: 21-04-2026 10:10:46 PM [] []
[2026-04-21 22:11:06] SlimMonoLogger.INFO: Cron ran at: 21-04-2026 10:11:06 PM [] []
[2026-04-21 22:11:07] SlimMonoLogger.INFO: Cron ran at: 21-04-2026 10:11:07 PM [] []
[2026-04-21 22:11:08] SlimMonoLogger.INFO: Cron ran at: 21-04-2026 10:11:08 PM [] []
[2026-04-21 22:11:13] SlimMonoLogger.INFO: Cron ran at: 21-04-2026 10:11:13 PM [] []
[2026-04-21 22:11:24] SlimMonoLogger.INFO: Cron ran at: 21-04-2026 10:11:24 PM [] []
[2026-04-21 22:11:26] SlimMonoLogger.INFO: Cron ran at: 21-04-2026 10:11:26 PM [] []
[2026-04-21 22:11:27] SlimMonoLogger.INFO: Cron ran at: 21-04-2026 10:11:27 PM [] []
[2026-04-21 22:11:36] SlimMonoLogger.INFO: Cron ran at: 21-04-2026 10:11:36 PM [] []
[2026-04-21 22:11:37] SlimMonoLogger.INFO: Cron ran at: 21-04-2026 10:11:37 PM [] []
[2026-04-21 22:11:44] SlimMonoLogger.INFO: Cron ran at: 21-04-2026 10:11:44 PM [] []
[2026-04-21 22:11:50] SlimMonoLogger.INFO: Cron ran at: 21-04-2026 10:11:50 PM [] []
[2026-04-21 22:11:51] SlimMonoLogger.INFO: Cron ran at: 21-04-2026 10:11:51 PM [] []
[2026-04-21 22:11:55] SlimMonoLogger.INFO: Cron ran at: 21-04-2026 10:11:55 PM [] []
[2026-04-21 22:11:59] SlimMonoLogger.INFO: Cron ran at: 21-04-2026 10:11:59 PM [] []
[2026-04-21 22:12:00] SlimMonoLogger.INFO: Cron ran at: 21-04-2026 10:12:00 PM [] []
[2026-04-21 22:12:00] SlimMonoLogger.INFO: Cron ran at: 21-04-2026 10:12:00 PM [] []
[2026-04-21 22:12:19] SlimMonoLogger.INFO: Cron ran at: 21-04-2026 10:12:19 PM [] []
[2026-04-21 22:12:19] SlimMonoLogger.INFO: Cron ran at: 21-04-2026 10:12:19 PM [] []
[2026-04-21 22:12:20] SlimMonoLogger.INFO: Cron ran at: 21-04-2026 10:12:20 PM [] []
[2026-04-21 22:12:20] SlimMonoLogger.INFO: Cron ran at: 21-04-2026 10:12:20 PM [] []
[2026-04-21 22:12:25] SlimMonoLogger.INFO: Cron ran at: 21-04-2026 10:12:25 PM [] []
[2026-04-21 22:12:26] SlimMonoLogger.INFO: Cron ran at: 21-04-2026 10:12:26 PM [] []
[2026-04-21 22:12:45] SlimMonoLogger.INFO: Cron ran at: 21-04-2026 10:12:45 PM [] []
[2026-04-21 22:13:01] SlimMonoLogger.INFO: Cron ran at: 21-04-2026 10:13:01 PM [] []
[2026-04-21 22:13:02] SlimMonoLogger.INFO: Cron ran at: 21-04-2026 10:13:02 PM [] []
[2026-04-21 22:13:05] SlimMonoLogger.INFO: Cron ran at: 21-04-2026 10:13:05 PM [] []
[2026-04-21 22:13:09] SlimMonoLogger.INFO: Cron ran at: 21-04-2026 10:13:09 PM [] []
[2026-04-21 22:13:09] SlimMonoLogger.INFO: Cron ran at: 21-04-2026 10:13:09 PM [] []
[2026-04-21 22:13:20] SlimMonoLogger.INFO: Cron ran at: 21-04-2026 10:13:20 PM [] []
[2026-04-21 22:13:21] SlimMonoLogger.INFO: Cron ran at: 21-04-2026 10:13:21 PM [] []
[2026-04-21 22:13:22] SlimMonoLogger.INFO: Cron ran at: 21-04-2026 10:13:22 PM [] []
[2026-04-21 22:13:23] SlimMonoLogger.INFO: Cron ran at: 21-04-2026 10:13:23 PM [] []
[2026-04-21 22:13:29] SlimMonoLogger.INFO: Cron ran at: 21-04-2026 10:13:29 PM [] []
[2026-04-21 22:13:32] SlimMonoLogger.INFO: Cron ran at: 21-04-2026 10:13:32 PM [] []
[2026-04-21 22:13:42] SlimMonoLogger.INFO: Cron ran at: 21-04-2026 10:13:42 PM [] []
[2026-04-21 22:13:42] SlimMonoLogger.INFO: Cron ran at: 21-04-2026 10:13:42 PM [] []
[2026-04-21 22:13:58] SlimMonoLogger.INFO: Cron ran at: 21-04-2026 10:13:58 PM [] []
[2026-04-21 22:13:59] SlimMonoLogger.INFO: Cron ran at: 21-04-2026 10:13:59 PM [] []
[2026-04-21 22:14:01] SlimMonoLogger.INFO: Cron ran at: 21-04-2026 10:14:01 PM [] []
[2026-04-21 22:14:11] SlimMonoLogger.INFO: Cron ran at: 21-04-2026 10:14:11 PM [] []
[2026-04-21 22:14:11] SlimMonoLogger.INFO: Cron ran at: 21-04-2026 10:14:11 PM [] []
[2026-04-21 22:14:21] SlimMonoLogger.INFO: Cron ran at: 21-04-2026 10:14:21 PM [] []
[2026-04-21 22:14:21] SlimMonoLogger.INFO: Cron ran at: 21-04-2026 10:14:21 PM [] []
[2026-04-21 22:14:21] SlimMonoLogger.INFO: Cron ran at: 21-04-2026 10:14:21 PM [] []
[2026-04-21 22:14:32] SlimMonoLogger.INFO: Cron ran at: 21-04-2026 10:14:32 PM [] []
[2026-04-21 22:14:33] SlimMonoLogger.INFO: Cron ran at: 21-04-2026 10:14:33 PM [] []
[2026-04-21 22:14:45] SlimMonoLogger.INFO: Cron ran at: 21-04-2026 10:14:45 PM [] []
[2026-04-21 22:14:51] SlimMonoLogger.INFO: Cron ran at: 21-04-2026 10:14:51 PM [] []
[2026-04-21 22:14:57] SlimMonoLogger.INFO: Cron ran at: 21-04-2026 10:14:57 PM [] []
[2026-04-21 22:14:58] SlimMonoLogger.INFO: Cron ran at: 21-04-2026 10:14:58 PM [] []
[2026-04-21 22:15:01] SlimMonoLogger.INFO: Cron ran at: 21-04-2026 10:15:01 PM [] []
[2026-04-21 22:15:10] SlimMonoLogger.INFO: Cron ran at: 21-04-2026 10:15:10 PM [] []
[2026-04-21 22:15:10] SlimMonoLogger.INFO: Cron ran at: 21-04-2026 10:15:10 PM [] []
[2026-04-21 22:15:23] SlimMonoLogger.INFO: Cron ran at: 21-04-2026 10:15:23 PM [] []
[2026-04-21 22:15:30] SlimMonoLogger.INFO: Cron ran at: 21-04-2026 10:15:30 PM [] []
[2026-04-21 22:15:30] SlimMonoLogger.INFO: Cron ran at: 21-04-2026 10:15:30 PM [] []
[2026-04-21 22:15:32] SlimMonoLogger.INFO: Cron ran at: 21-04-2026 10:15:32 PM [] []
[2026-04-21 22:15:33] SlimMonoLogger.INFO: Cron ran at: 21-04-2026 10:15:33 PM [] []
[2026-04-21 22:15:48] SlimMonoLogger.INFO: Cron ran at: 21-04-2026 10:15:48 PM [] []
[2026-04-21 22:15:52] SlimMonoLogger.INFO: Cron ran at: 21-04-2026 10:15:52 PM [] []
[2026-04-21 22:16:03] SlimMonoLogger.INFO: Cron ran at: 21-04-2026 10:16:03 PM [] []
[2026-04-21 22:16:03] SlimMonoLogger.INFO: Cron ran at: 21-04-2026 10:16:03 PM [] []
[2026-04-21 22:16:08] SlimMonoLogger.INFO: Cron ran at: 21-04-2026 10:16:08 PM [] []
[2026-04-21 22:16:12] SlimMonoLogger.INFO: Cron ran at: 21-04-2026 10:16:12 PM [] []
[2026-04-21 22:16:19] SlimMonoLogger.INFO: Cron ran at: 21-04-2026 10:16:19 PM [] []
[2026-04-21 22:16:22] SlimMonoLogger.INFO: Cron ran at: 21-04-2026 10:16:22 PM [] []
[2026-04-21 22:16:23] SlimMonoLogger.INFO: Cron ran at: 21-04-2026 10:16:23 PM [] []
[2026-04-21 22:16:29] SlimMonoLogger.INFO: Cron ran at: 21-04-2026 10:16:29 PM [] []
[2026-04-21 22:16:33] SlimMonoLogger.INFO: Cron ran at: 21-04-2026 10:16:33 PM [] []
[2026-04-21 22:16:35] SlimMonoLogger.INFO: Cron ran at: 21-04-2026 10:16:35 PM [] []
[2026-04-21 22:16:42] SlimMonoLogger.INFO: Cron ran at: 21-04-2026 10:16:42 PM [] []
[2026-04-21 22:16:50] SlimMonoLogger.INFO: Cron ran at: 21-04-2026 10:16:50 PM [] []
[2026-04-21 22:16:50] SlimMonoLogger.INFO: Cron ran at: 21-04-2026 10:16:50 PM [] []
[2026-04-21 22:17:02] SlimMonoLogger.INFO: Cron ran at: 21-04-2026 10:17:02 PM [] []
[2026-04-21 22:17:02] SlimMonoLogger.INFO: Cron ran at: 21-04-2026 10:17:02 PM [] []
[2026-04-21 22:17:11] SlimMonoLogger.INFO: Cron ran at: 21-04-2026 10:17:11 PM [] []
[2026-04-21 22:17:19] SlimMonoLogger.INFO: Cron ran at: 21-04-2026 10:17:19 PM [] []
[2026-04-21 22:17:19] SlimMonoLogger.INFO: Cron ran at: 21-04-2026 10:17:19 PM [] []
[2026-04-21 22:17:20] SlimMonoLogger.INFO: Cron ran at: 21-04-2026 10:17:20 PM [] []
[2026-04-21 22:17:21] SlimMonoLogger.INFO: Cron ran at: 21-04-2026 10:17:21 PM [] []
[2026-04-21 22:17:30] SlimMonoLogger.INFO: Cron ran at: 21-04-2026 10:17:30 PM [] []
[2026-04-21 22:17:31] SlimMonoLogger.INFO: Cron ran at: 21-04-2026 10:17:31 PM [] []
[2026-04-21 22:17:39] SlimMonoLogger.INFO: Cron ran at: 21-04-2026 10:17:39 PM [] []
[2026-04-21 22:17:41] SlimMonoLogger.INFO: Cron ran at: 21-04-2026 10:17:41 PM [] []
[2026-04-21 22:17:53] SlimMonoLogger.INFO: Cron ran at: 21-04-2026 10:17:53 PM [] []
[2026-04-21 22:17:55] SlimMonoLogger.INFO: Cron ran at: 21-04-2026 10:17:55 PM [] []
[2026-04-21 22:18:07] SlimMonoLogger.INFO: Cron ran at: 21-04-2026 10:18:07 PM [] []
[2026-04-21 22:18:09] SlimMonoLogger.INFO: Cron ran at: 21-04-2026 10:18:09 PM [] []
[2026-04-21 22:18:15] SlimMonoLogger.INFO: Cron ran at: 21-04-2026 10:18:15 PM [] []
[2026-04-21 22:18:19] SlimMonoLogger.INFO: Cron ran at: 21-04-2026 10:18:19 PM [] []
[2026-04-21 22:18:19] SlimMonoLogger.INFO: Cron ran at: 21-04-2026 10:18:19 PM [] []
[2026-04-21 22:18:24] SlimMonoLogger.INFO: Cron ran at: 21-04-2026 10:18:24 PM [] []
[2026-04-21 22:18:27] SlimMonoLogger.INFO: Cron ran at: 21-04-2026 10:18:27 PM [] []
[2026-04-21 22:18:31] SlimMonoLogger.INFO: Cron ran at: 21-04-2026 10:18:31 PM [] []
[2026-04-21 22:18:40] SlimMonoLogger.INFO: Cron ran at: 21-04-2026 10:18:40 PM [] []
[2026-04-21 22:18:48] SlimMonoLogger.INFO: Cron ran at: 21-04-2026 10:18:48 PM [] []
[2026-04-21 22:18:53] SlimMonoLogger.INFO: Cron ran at: 21-04-2026 10:18:53 PM [] []
[2026-04-21 22:18:58] SlimMonoLogger.INFO: Cron ran at: 21-04-2026 10:18:58 PM [] []
[2026-04-21 22:19:18] SlimMonoLogger.INFO: Cron ran at: 21-04-2026 10:19:18 PM [] []
[2026-04-21 22:19:26] SlimMonoLogger.INFO: Cron ran at: 21-04-2026 10:19:26 PM [] []
[2026-04-21 22:19:26] SlimMonoLogger.INFO: Cron ran at: 21-04-2026 10:19:26 PM [] []
[2026-04-21 22:19:27] SlimMonoLogger.INFO: Cron ran at: 21-04-2026 10:19:27 PM [] []
[2026-04-21 22:19:28] SlimMonoLogger.INFO: Cron ran at: 21-04-2026 10:19:28 PM [] []
[2026-04-21 22:19:35] SlimMonoLogger.INFO: Cron ran at: 21-04-2026 10:19:35 PM [] []
[2026-04-21 22:19:35] SlimMonoLogger.INFO: Cron ran at: 21-04-2026 10:19:35 PM [] []
[2026-04-21 22:19:44] SlimMonoLogger.INFO: Cron ran at: 21-04-2026 10:19:44 PM [] []
[2026-04-21 22:19:47] SlimMonoLogger.INFO: Cron ran at: 21-04-2026 10:19:47 PM [] []
[2026-04-21 22:19:58] SlimMonoLogger.INFO: Cron ran at: 21-04-2026 10:19:58 PM [] []
[2026-04-21 22:20:02] SlimMonoLogger.INFO: Cron ran at: 21-04-2026 10:20:02 PM [] []
[2026-04-21 22:20:14] SlimMonoLogger.ERROR: Requests_Exception: cURL error 28: Failed to connect to estrada.mk port 443 after 130073 ms: Could not connect to server in /home/latihtal/public_html/agregator1/src/vendor/rmccue/requests/library/Requests/Transport/cURL.php:422
Stack trace:
#0 /home/latihtal/public_html/agregator1/src/vendor/rmccue/requests/library/Requests/Transport/cURL.php(177): Requests_Transport_cURL->process_response()
#1 /home/latihtal/public_html/agregator1/src/vendor/rmccue/requests/library/Requests.php(379): Requests_Transport_cURL->request()
#2 /home/latihtal/public_html/agregator1/src/vendor/rmccue/requests/library/Requests/Session.php(205): Requests::request()
#3 /home/latihtal/public_html/agregator1/src/vendor/rmccue/requests/library/Requests/Session.php(132): Requests_Session->request()
#4 /home/latihtal/public_html/agregator1/src/drivers/Http/RssImporter.php(144): Requests_Session->get()
#5 /home/latihtal/public_html/agregator1/src/controllers/Dashboard/DashboardFeedsController.php(534): spark\drivers\Http\RssImporter->fetchPosts()
#6 /home/latihtal/public_html/agregator1/src/controllers/Site/SiteController.php(722): spark\controllers\Dashboard\DashboardFeedsController::importFeedPosts()
#7 [internal function]: spark\controllers\Site\SiteController->runTasks()
#8 /home/latihtal/public_html/agregator1/src/framework/Route.php(173): call_user_func_array()
#9 [internal function]: Slim\Route->Slim\{closure}()
#10 /home/latihtal/public_html/agregator1/src/framework/Route.php(468): call_user_func_array()
#11 /home/latihtal/public_html/agregator1/src/framework/Slim.php(1364): Slim\Route->dispatch()
#12 /home/latihtal/public_html/agregator1/src/framework/Middleware/Flash.php(85): Slim\Slim->call()
#13 /home/latihtal/public_html/agregator1/src/framework/Middleware/MethodOverride.php(92): Slim\Middleware\Flash->call()
#14 /home/latihtal/public_html/agregator1/src/middlewares/CsrfGuard/CsrfGuard.php(47): Slim\Middleware\MethodOverride->call()
#15 /home/latihtal/public_html/agregator1/src/framework/Middleware/PrettyExceptions.php(67): spark\middlewares\CsrfGuard\CsrfGuard->call()
#16 /home/latihtal/public_html/agregator1/src/framework/Slim.php(1308): Slim\Middleware\PrettyExceptions->call()
#17 /home/latihtal/public_html/agregator1/index.php(6): Slim\Slim->run()
#18 {main} [] []
[2026-04-21 22:20:16] SlimMonoLogger.INFO: Cron ran at: 21-04-2026 10:20:16 PM [] []
[2026-04-21 22:20:21] SlimMonoLogger.INFO: Cron ran at: 21-04-2026 10:20:21 PM [] []
[2026-04-21 22:20:23] SlimMonoLogger.INFO: Cron ran at: 21-04-2026 10:20:23 PM [] []
[2026-04-21 22:20:34] SlimMonoLogger.INFO: Cron ran at: 21-04-2026 10:20:34 PM [] []
[2026-04-21 22:20:34] SlimMonoLogger.INFO: Cron ran at: 21-04-2026 10:20:34 PM [] []
[2026-04-21 22:20:39] SlimMonoLogger.INFO: Cron ran at: 21-04-2026 10:20:39 PM [] []
[2026-04-21 22:20:39] SlimMonoLogger.INFO: Cron ran at: 21-04-2026 10:20:39 PM [] []
[2026-04-21 22:20:46] SlimMonoLogger.INFO: Cron ran at: 21-04-2026 10:20:46 PM [] []
[2026-04-21 22:20:56] SlimMonoLogger.INFO: Cron ran at: 21-04-2026 10:20:56 PM [] []
[2026-04-21 22:20:59] SlimMonoLogger.INFO: Cron ran at: 21-04-2026 10:20:59 PM [] []
[2026-04-21 22:21:05] SlimMonoLogger.INFO: Cron ran at: 21-04-2026 10:21:05 PM [] []
[2026-04-21 22:21:06] SlimMonoLogger.INFO: Cron ran at: 21-04-2026 10:21:06 PM [] []
[2026-04-21 22:21:21] SlimMonoLogger.INFO: Cron ran at: 21-04-2026 10:21:21 PM [] []
[2026-04-21 22:21:23] SlimMonoLogger.INFO: Cron ran at: 21-04-2026 10:21:23 PM [] []
[2026-04-21 22:21:23] SlimMonoLogger.INFO: Cron ran at: 21-04-2026 10:21:23 PM [] []
[2026-04-21 22:21:27] SlimMonoLogger.INFO: Cron ran at: 21-04-2026 10:21:27 PM [] []
[2026-04-21 22:21:28] SlimMonoLogger.INFO: Cron ran at: 21-04-2026 10:21:28 PM [] []
[2026-04-21 22:21:34] SlimMonoLogger.INFO: Cron ran at: 21-04-2026 10:21:34 PM [] []
[2026-04-21 22:21:34] SlimMonoLogger.INFO: Cron ran at: 21-04-2026 10:21:34 PM [] []
[2026-04-21 22:21:36] SlimMonoLogger.INFO: Cron ran at: 21-04-2026 10:21:36 PM [] []
[2026-04-21 22:21:47] SlimMonoLogger.INFO: Cron ran at: 21-04-2026 10:21:47 PM [] []
[2026-04-21 22:21:51] SlimMonoLogger.INFO: Cron ran at: 21-04-2026 10:21:51 PM [] []
[2026-04-21 22:21:51] SlimMonoLogger.INFO: Cron ran at: 21-04-2026 10:21:51 PM [] []
[2026-04-21 22:22:00] SlimMonoLogger.INFO: Cron ran at: 21-04-2026 10:22:00 PM [] []
[2026-04-21 22:22:00] SlimMonoLogger.INFO: Cron ran at: 21-04-2026 10:22:00 PM [] []
[2026-04-21 22:22:16] SlimMonoLogger.INFO: Cron ran at: 21-04-2026 10:22:16 PM [] []
[2026-04-21 22:22:20] SlimMonoLogger.INFO: Cron ran at: 21-04-2026 10:22:20 PM [] []
[2026-04-21 22:22:20] SlimMonoLogger.INFO: Cron ran at: 21-04-2026 10:22:20 PM [] []
[2026-04-21 22:22:27] SlimMonoLogger.INFO: Cron ran at: 21-04-2026 10:22:27 PM [] []
[2026-04-21 22:22:30] SlimMonoLogger.INFO: Cron ran at: 21-04-2026 10:22:30 PM [] []
[2026-04-21 22:22:32] SlimMonoLogger.INFO: Cron ran at: 21-04-2026 10:22:32 PM [] []
[2026-04-21 22:22:35] SlimMonoLogger.INFO: Cron ran at: 21-04-2026 10:22:35 PM [] []
[2026-04-21 22:22:44] SlimMonoLogger.INFO: Cron ran at: 21-04-2026 10:22:44 PM [] []
[2026-04-21 22:22:53] SlimMonoLogger.INFO: Cron ran at: 21-04-2026 10:22:53 PM [] []
[2026-04-21 22:22:53] SlimMonoLogger.INFO: Cron ran at: 21-04-2026 10:22:53 PM [] []
[2026-04-21 22:22:55] SlimMonoLogger.INFO: Cron ran at: 21-04-2026 10:22:55 PM [] []
[2026-04-21 22:23:05] SlimMonoLogger.INFO: Cron ran at: 21-04-2026 10:23:05 PM [] []
[2026-04-21 22:23:11] SlimMonoLogger.INFO: Cron ran at: 21-04-2026 10:23:11 PM [] []
[2026-04-21 22:23:20] SlimMonoLogger.INFO: Cron ran at: 21-04-2026 10:23:20 PM [] []
[2026-04-21 22:23:21] SlimMonoLogger.INFO: Cron ran at: 21-04-2026 10:23:21 PM [] []
[2026-04-21 22:23:25] SlimMonoLogger.INFO: Cron ran at: 21-04-2026 10:23:25 PM [] []
[2026-04-21 22:23:34] SlimMonoLogger.INFO: Cron ran at: 21-04-2026 10:23:34 PM [] []
[2026-04-21 22:23:34] SlimMonoLogger.INFO: Cron ran at: 21-04-2026 10:23:34 PM [] []
[2026-04-21 22:23:36] SlimMonoLogger.INFO: Cron ran at: 21-04-2026 10:23:36 PM [] []
[2026-04-21 22:23:44] SlimMonoLogger.INFO: Cron ran at: 21-04-2026 10:23:44 PM [] []
[2026-04-21 22:23:44] SlimMonoLogger.INFO: Cron ran at: 21-04-2026 10:23:44 PM [] []
[2026-04-21 22:23:57] SlimMonoLogger.INFO: Cron ran at: 21-04-2026 10:23:57 PM [] []
[2026-04-21 22:23:57] SlimMonoLogger.INFO: Cron ran at: 21-04-2026 10:23:57 PM [] []
[2026-04-21 22:24:17] SlimMonoLogger.INFO: Cron ran at: 21-04-2026 10:24:17 PM [] []
[2026-04-21 22:24:17] SlimMonoLogger.INFO: Cron ran at: 21-04-2026 10:24:17 PM [] []
[2026-04-21 22:24:20] SlimMonoLogger.INFO: Cron ran at: 21-04-2026 10:24:20 PM [] []
[2026-04-21 22:24:23] SlimMonoLogger.INFO: Cron ran at: 21-04-2026 10:24:23 PM [] []
[2026-04-21 22:24:37] SlimMonoLogger.INFO: Cron ran at: 21-04-2026 10:24:37 PM [] []
[2026-04-21 22:24:38] SlimMonoLogger.INFO: Cron ran at: 21-04-2026 10:24:38 PM [] []
[2026-04-21 22:24:39] SlimMonoLogger.INFO: Cron ran at: 21-04-2026 10:24:39 PM [] []
[2026-04-21 22:24:42] SlimMonoLogger.INFO: Cron ran at: 21-04-2026 10:24:42 PM [] []
[2026-04-21 22:24:43] SlimMonoLogger.INFO: Cron ran at: 21-04-2026 10:24:43 PM [] []
[2026-04-21 22:24:45] SlimMonoLogger.INFO: Cron ran at: 21-04-2026 10:24:45 PM [] []
[2026-04-21 22:24:59] SlimMonoLogger.INFO: Cron ran at: 21-04-2026 10:24:59 PM [] []
[2026-04-21 22:25:06] SlimMonoLogger.INFO: Cron ran at: 21-04-2026 10:25:06 PM [] []
[2026-04-21 22:25:14] SlimMonoLogger.INFO: Cron ran at: 21-04-2026 10:25:14 PM [] []
[2026-04-21 22:25:17] SlimMonoLogger.INFO: Cron ran at: 21-04-2026 10:25:17 PM [] []
[2026-04-21 22:25:23] SlimMonoLogger.INFO: Cron ran at: 21-04-2026 10:25:23 PM [] []
[2026-04-21 22:25:24] SlimMonoLogger.INFO: Cron ran at: 21-04-2026 10:25:24 PM [] []
[2026-04-21 22:25:33] SlimMonoLogger.INFO: Cron ran at: 21-04-2026 10:25:33 PM [] []
[2026-04-21 22:25:43] SlimMonoLogger.INFO: Cron ran at: 21-04-2026 10:25:43 PM [] []
[2026-04-21 22:25:44] SlimMonoLogger.INFO: Cron ran at: 21-04-2026 10:25:44 PM [] []
[2026-04-21 22:25:44] SlimMonoLogger.INFO: Cron ran at: 21-04-2026 10:25:44 PM [] []
[2026-04-21 22:25:49] SlimMonoLogger.INFO: Cron ran at: 21-04-2026 10:25:49 PM [] []
[2026-04-21 22:26:00] SlimMonoLogger.INFO: Cron ran at: 21-04-2026 10:26:00 PM [] []
[2026-04-21 22:26:04] SlimMonoLogger.INFO: Cron ran at: 21-04-2026 10:26:04 PM [] []
[2026-04-21 22:26:05] SlimMonoLogger.INFO: Cron ran at: 21-04-2026 10:26:05 PM [] []
[2026-04-21 22:26:21] SlimMonoLogger.INFO: Cron ran at: 21-04-2026 10:26:21 PM [] []
[2026-04-21 22:26:21] SlimMonoLogger.INFO: Cron ran at: 21-04-2026 10:26:21 PM [] []
[2026-04-21 22:26:21] SlimMonoLogger.INFO: Cron ran at: 21-04-2026 10:26:21 PM [] []
[2026-04-21 22:26:24] SlimMonoLogger.INFO: Cron ran at: 21-04-2026 10:26:24 PM [] []
[2026-04-21 22:26:25] SlimMonoLogger.INFO: Cron ran at: 21-04-2026 10:26:25 PM [] []
[2026-04-21 22:26:36] SlimMonoLogger.INFO: Cron ran at: 21-04-2026 10:26:36 PM [] []
[2026-04-21 22:26:39] SlimMonoLogger.INFO: Cron ran at: 21-04-2026 10:26:39 PM [] []
[2026-04-21 22:26:45] SlimMonoLogger.INFO: Cron ran at: 21-04-2026 10:26:45 PM [] []
[2026-04-21 22:26:45] SlimMonoLogger.INFO: Cron ran at: 21-04-2026 10:26:45 PM [] []
[2026-04-21 22:26:56] SlimMonoLogger.INFO: Cron ran at: 21-04-2026 10:26:56 PM [] []
[2026-04-21 22:26:57] SlimMonoLogger.INFO: Cron ran at: 21-04-2026 10:26:57 PM [] []
[2026-04-21 22:27:00] SlimMonoLogger.INFO: Cron ran at: 21-04-2026 10:27:00 PM [] []
[2026-04-21 22:27:03] SlimMonoLogger.INFO: Cron ran at: 21-04-2026 10:27:03 PM [] []
[2026-04-21 22:27:20] SlimMonoLogger.INFO: Cron ran at: 21-04-2026 10:27:20 PM [] []
[2026-04-21 22:27:23] SlimMonoLogger.INFO: Cron ran at: 21-04-2026 10:27:23 PM [] []
[2026-04-21 22:27:23] SlimMonoLogger.INFO: Cron ran at: 21-04-2026 10:27:23 PM [] []
[2026-04-21 22:27:25] SlimMonoLogger.INFO: Cron ran at: 21-04-2026 10:27:25 PM [] []
[2026-04-21 22:27:28] SlimMonoLogger.INFO: Cron ran at: 21-04-2026 10:27:28 PM [] []
[2026-04-21 22:27:33] SlimMonoLogger.ERROR: Requests_Exception: cURL error 28: Operation timed out after 500002 milliseconds with 0 bytes received in /home/latihtal/public_html/agregator1/src/vendor/rmccue/requests/library/Requests/Transport/cURL.php:422
Stack trace:
#0 /home/latihtal/public_html/agregator1/src/vendor/rmccue/requests/library/Requests/Transport/cURL.php(177): Requests_Transport_cURL->process_response()
#1 /home/latihtal/public_html/agregator1/src/vendor/rmccue/requests/library/Requests.php(379): Requests_Transport_cURL->request()
#2 /home/latihtal/public_html/agregator1/src/vendor/rmccue/requests/library/Requests/Session.php(205): Requests::request()
#3 /home/latihtal/public_html/agregator1/src/vendor/rmccue/requests/library/Requests/Session.php(132): Requests_Session->request()
#4 /home/latihtal/public_html/agregator1/src/drivers/Http/RssImporter.php(144): Requests_Session->get()
#5 /home/latihtal/public_html/agregator1/src/controllers/Dashboard/DashboardFeedsController.php(534): spark\drivers\Http\RssImporter->fetchPosts()
#6 /home/latihtal/public_html/agregator1/src/controllers/Site/SiteController.php(722): spark\controllers\Dashboard\DashboardFeedsController::importFeedPosts()
#7 [internal function]: spark\controllers\Site\SiteController->runTasks()
#8 /home/latihtal/public_html/agregator1/src/framework/Route.php(173): call_user_func_array()
#9 [internal function]: Slim\Route->Slim\{closure}()
#10 /home/latihtal/public_html/agregator1/src/framework/Route.php(468): call_user_func_array()
#11 /home/latihtal/public_html/agregator1/src/framework/Slim.php(1364): Slim\Route->dispatch()
#12 /home/latihtal/public_html/agregator1/src/framework/Middleware/Flash.php(85): Slim\Slim->call()
#13 /home/latihtal/public_html/agregator1/src/framework/Middleware/MethodOverride.php(92): Slim\Middleware\Flash->call()
#14 /home/latihtal/public_html/agregator1/src/middlewares/CsrfGuard/CsrfGuard.php(47): Slim\Middleware\MethodOverride->call()
#15 /home/latihtal/public_html/agregator1/src/framework/Middleware/PrettyExceptions.php(67): spark\middlewares\CsrfGuard\CsrfGuard->call()
#16 /home/latihtal/public_html/agregator1/src/framework/Slim.php(1308): Slim\Middleware\PrettyExceptions->call()
#17 /home/latihtal/public_html/agregator1/index.php(6): Slim\Slim->run()
#18 {main} [] []
[2026-04-21 22:27:47] SlimMonoLogger.INFO: Cron ran at: 21-04-2026 10:27:47 PM [] []
[2026-04-21 22:27:50] SlimMonoLogger.INFO: Cron ran at: 21-04-2026 10:27:50 PM [] []
[2026-04-21 22:27:50] SlimMonoLogger.INFO: Cron ran at: 21-04-2026 10:27:50 PM [] []
[2026-04-21 22:27:54] SlimMonoLogger.INFO: Cron ran at: 21-04-2026 10:27:54 PM [] []
[2026-04-21 22:27:57] SlimMonoLogger.INFO: Cron ran at: 21-04-2026 10:27:57 PM [] []
[2026-04-21 22:28:00] SlimMonoLogger.INFO: Cron ran at: 21-04-2026 10:28:00 PM [] []
[2026-04-21 22:28:00] SlimMonoLogger.INFO: Cron ran at: 21-04-2026 10:28:00 PM [] []
[2026-04-21 22:28:11] SlimMonoLogger.INFO: Cron ran at: 21-04-2026 10:28:11 PM [] []
[2026-04-21 22:28:20] SlimMonoLogger.INFO: Cron ran at: 21-04-2026 10:28:20 PM [] []
[2026-04-21 22:28:22] SlimMonoLogger.INFO: Cron ran at: 21-04-2026 10:28:22 PM [] []
[2026-04-21 22:28:25] SlimMonoLogger.INFO: Cron ran at: 21-04-2026 10:28:25 PM [] []
[2026-04-21 22:28:26] SlimMonoLogger.INFO: Cron ran at: 21-04-2026 10:28:26 PM [] []
[2026-04-21 22:28:28] SlimMonoLogger.INFO: Cron ran at: 21-04-2026 10:28:28 PM [] []
[2026-04-21 22:28:28] SlimMonoLogger.INFO: Cron ran at: 21-04-2026 10:28:28 PM [] []
[2026-04-21 22:28:43] SlimMonoLogger.INFO: Cron ran at: 21-04-2026 10:28:43 PM [] []
[2026-04-21 22:28:56] SlimMonoLogger.INFO: Cron ran at: 21-04-2026 10:28:56 PM [] []
[2026-04-21 22:28:57] SlimMonoLogger.INFO: Cron ran at: 21-04-2026 10:28:57 PM [] []
[2026-04-21 22:28:58] SlimMonoLogger.INFO: Cron ran at: 21-04-2026 10:28:58 PM [] []
[2026-04-21 22:29:01] SlimMonoLogger.INFO: Cron ran at: 21-04-2026 10:29:01 PM [] []
[2026-04-21 22:29:12] SlimMonoLogger.INFO: Cron ran at: 21-04-2026 10:29:12 PM [] []
[2026-04-21 22:29:12] SlimMonoLogger.INFO: Cron ran at: 21-04-2026 10:29:12 PM [] []
[2026-04-21 22:29:24] SlimMonoLogger.INFO: Cron ran at: 21-04-2026 10:29:24 PM [] []
[2026-04-21 22:29:27] SlimMonoLogger.INFO: Cron ran at: 21-04-2026 10:29:27 PM [] []
[2026-04-21 22:29:29] SlimMonoLogger.INFO: Cron ran at: 21-04-2026 10:29:29 PM [] []
[2026-04-21 22:29:33] SlimMonoLogger.INFO: Cron ran at: 21-04-2026 10:29:33 PM [] []
[2026-04-21 22:29:36] SlimMonoLogger.INFO: Cron ran at: 21-04-2026 10:29:36 PM [] []
[2026-04-21 22:29:46] SlimMonoLogger.INFO: Cron ran at: 21-04-2026 10:29:46 PM [] []
[2026-04-21 22:29:51] SlimMonoLogger.INFO: Cron ran at: 21-04-2026 10:29:51 PM [] []
[2026-04-21 22:29:52] SlimMonoLogger.INFO: Cron ran at: 21-04-2026 10:29:52 PM [] []
[2026-04-21 22:29:53] SlimMonoLogger.INFO: Cron ran at: 21-04-2026 10:29:53 PM [] []
[2026-04-21 22:30:09] SlimMonoLogger.INFO: Cron ran at: 21-04-2026 10:30:09 PM [] []
[2026-04-21 22:30:14] SlimMonoLogger.INFO: Cron ran at: 21-04-2026 10:30:14 PM [] []
[2026-04-21 22:30:15] SlimMonoLogger.INFO: Cron ran at: 21-04-2026 10:30:15 PM [] []
[2026-04-21 22:30:25] SlimMonoLogger.INFO: Cron ran at: 21-04-2026 10:30:25 PM [] []
[2026-04-21 22:30:28] SlimMonoLogger.INFO: Cron ran at: 21-04-2026 10:30:28 PM [] []
[2026-04-21 22:30:29] SlimMonoLogger.INFO: Cron ran at: 21-04-2026 10:30:29 PM [] []
[2026-04-21 22:30:31] SlimMonoLogger.INFO: Cron ran at: 21-04-2026 10:30:31 PM [] []
[2026-04-21 22:30:44] SlimMonoLogger.INFO: Cron ran at: 21-04-2026 10:30:44 PM [] []
[2026-04-21 22:30:48] SlimMonoLogger.INFO: Cron ran at: 21-04-2026 10:30:48 PM [] []
[2026-04-21 22:30:57] SlimMonoLogger.INFO: Cron ran at: 21-04-2026 10:30:57 PM [] []
[2026-04-21 22:30:58] SlimMonoLogger.INFO: Cron ran at: 21-04-2026 10:30:58 PM [] []
[2026-04-21 22:31:03] SlimMonoLogger.INFO: Cron ran at: 21-04-2026 10:31:03 PM [] []
[2026-04-21 22:31:07] SlimMonoLogger.INFO: Cron ran at: 21-04-2026 10:31:07 PM [] []
[2026-04-21 22:31:09] SlimMonoLogger.ERROR: Requests_Exception: cURL error 56: Connection closed abruptly in /home/latihtal/public_html/agregator1/src/vendor/rmccue/requests/library/Requests/Transport/cURL.php:422
Stack trace:
#0 /home/latihtal/public_html/agregator1/src/vendor/rmccue/requests/library/Requests/Transport/cURL.php(177): Requests_Transport_cURL->process_response()
#1 /home/latihtal/public_html/agregator1/src/vendor/rmccue/requests/library/Requests.php(379): Requests_Transport_cURL->request()
#2 /home/latihtal/public_html/agregator1/src/vendor/rmccue/requests/library/Requests/Session.php(205): Requests::request()
#3 /home/latihtal/public_html/agregator1/src/vendor/rmccue/requests/library/Requests/Session.php(132): Requests_Session->request()
#4 /home/latihtal/public_html/agregator1/src/drivers/Http/RssImporter.php(144): Requests_Session->get()
#5 /home/latihtal/public_html/agregator1/src/controllers/Dashboard/DashboardFeedsController.php(534): spark\drivers\Http\RssImporter->fetchPosts()
#6 /home/latihtal/public_html/agregator1/src/controllers/Site/SiteController.php(722): spark\controllers\Dashboard\DashboardFeedsController::importFeedPosts()
#7 [internal function]: spark\controllers\Site\SiteController->runTasks()
#8 /home/latihtal/public_html/agregator1/src/framework/Route.php(173): call_user_func_array()
#9 [internal function]: Slim\Route->Slim\{closure}()
#10 /home/latihtal/public_html/agregator1/src/framework/Route.php(468): call_user_func_array()
#11 /home/latihtal/public_html/agregator1/src/framework/Slim.php(1364): Slim\Route->dispatch()
#12 /home/latihtal/public_html/agregator1/src/framework/Middleware/Flash.php(85): Slim\Slim->call()
#13 /home/latihtal/public_html/agregator1/src/framework/Middleware/MethodOverride.php(92): Slim\Middleware\Flash->call()
#14 /home/latihtal/public_html/agregator1/src/middlewares/CsrfGuard/CsrfGuard.php(47): Slim\Middleware\MethodOverride->call()
#15 /home/latihtal/public_html/agregator1/src/framework/Middleware/PrettyExceptions.php(67): spark\middlewares\CsrfGuard\CsrfGuard->call()
#16 /home/latihtal/public_html/agregator1/src/framework/Slim.php(1308): Slim\Middleware\PrettyExceptions->call()
#17 /home/latihtal/public_html/agregator1/index.php(6): Slim\Slim->run()
#18 {main} [] []
[2026-04-21 22:31:18] SlimMonoLogger.INFO: Cron ran at: 21-04-2026 10:31:18 PM [] []
[2026-04-21 22:31:25] SlimMonoLogger.INFO: Cron ran at: 21-04-2026 10:31:25 PM [] []
[2026-04-21 22:31:27] SlimMonoLogger.INFO: Cron ran at: 21-04-2026 10:31:27 PM [] []
[2026-04-21 22:31:28] SlimMonoLogger.INFO: Cron ran at: 21-04-2026 10:31:28 PM [] []
[2026-04-21 22:31:29] SlimMonoLogger.INFO: Cron ran at: 21-04-2026 10:31:29 PM [] []
[2026-04-21 22:31:31] SlimMonoLogger.INFO: Cron ran at: 21-04-2026 10:31:31 PM [] []
[2026-04-21 22:31:39] SlimMonoLogger.INFO: Cron ran at: 21-04-2026 10:31:39 PM [] []
[2026-04-21 22:31:41] SlimMonoLogger.INFO: Cron ran at: 21-04-2026 10:31:41 PM [] []
[2026-04-21 22:31:43] SlimMonoLogger.INFO: Cron ran at: 21-04-2026 10:31:43 PM [] []
[2026-04-21 22:31:58] SlimMonoLogger.INFO: Cron ran at: 21-04-2026 10:31:58 PM [] []
[2026-04-21 22:32:01] SlimMonoLogger.INFO: Cron ran at: 21-04-2026 10:32:01 PM [] []
[2026-04-21 22:32:03] SlimMonoLogger.INFO: Cron ran at: 21-04-2026 10:32:03 PM [] []
[2026-04-21 22:32:09] SlimMonoLogger.INFO: Cron ran at: 21-04-2026 10:32:09 PM [] []
[2026-04-21 22:32:20] SlimMonoLogger.INFO: Cron ran at: 21-04-2026 10:32:20 PM [] []
[2026-04-21 22:32:21] SlimMonoLogger.INFO: Cron ran at: 21-04-2026 10:32:21 PM [] []
[2026-04-21 22:32:22] SlimMonoLogger.INFO: Cron ran at: 21-04-2026 10:32:22 PM [] []
[2026-04-21 22:32:25] SlimMonoLogger.INFO: Cron ran at: 21-04-2026 10:32:25 PM [] []
[2026-04-21 22:32:26] SlimMonoLogger.INFO: Cron ran at: 21-04-2026 10:32:26 PM [] []
[2026-04-21 22:32:36] SlimMonoLogger.INFO: Cron ran at: 21-04-2026 10:32:36 PM [] []
[2026-04-21 22:32:41] SlimMonoLogger.INFO: Cron ran at: 21-04-2026 10:32:41 PM [] []
[2026-04-21 22:32:43] SlimMonoLogger.INFO: Cron ran at: 21-04-2026 10:32:43 PM [] []
[2026-04-21 22:32:48] SlimMonoLogger.INFO: Cron ran at: 21-04-2026 10:32:48 PM [] []
[2026-04-21 22:33:03] SlimMonoLogger.INFO: Cron ran at: 21-04-2026 10:33:03 PM [] []
[2026-04-21 22:33:03] SlimMonoLogger.INFO: Cron ran at: 21-04-2026 10:33:03 PM [] []
[2026-04-21 22:33:03] SlimMonoLogger.INFO: Cron ran at: 21-04-2026 10:33:03 PM [] []
[2026-04-21 22:33:07] SlimMonoLogger.INFO: Cron ran at: 21-04-2026 10:33:07 PM [] []
[2026-04-21 22:33:16] SlimMonoLogger.INFO: Cron ran at: 21-04-2026 10:33:16 PM [] []
[2026-04-21 22:33:18] SlimMonoLogger.INFO: Cron ran at: 21-04-2026 10:33:18 PM [] []
[2026-04-21 22:33:18] SlimMonoLogger.INFO: Cron ran at: 21-04-2026 10:33:18 PM [] []
[2026-04-21 22:33:18] SlimMonoLogger.INFO: Cron ran at: 21-04-2026 10:33:18 PM [] []
[2026-04-21 22:33:21] SlimMonoLogger.INFO: Cron ran at: 21-04-2026 10:33:21 PM [] []
[2026-04-21 22:33:31] SlimMonoLogger.INFO: Cron ran at: 21-04-2026 10:33:31 PM [] []
[2026-04-21 22:33:31] SlimMonoLogger.INFO: Cron ran at: 21-04-2026 10:33:31 PM [] []
[2026-04-21 22:33:44] SlimMonoLogger.INFO: Cron ran at: 21-04-2026 10:33:44 PM [] []
[2026-04-21 22:33:51] SlimMonoLogger.INFO: Cron ran at: 21-04-2026 10:33:51 PM [] []
[2026-04-21 22:33:52] SlimMonoLogger.INFO: Cron ran at: 21-04-2026 10:33:52 PM [] []
[2026-04-21 22:34:02] SlimMonoLogger.INFO: Cron ran at: 21-04-2026 10:34:02 PM [] []
[2026-04-21 22:34:08] SlimMonoLogger.INFO: Cron ran at: 21-04-2026 10:34:08 PM [] []
[2026-04-21 22:34:09] SlimMonoLogger.INFO: Cron ran at: 21-04-2026 10:34:09 PM [] []
[2026-04-21 22:34:11] SlimMonoLogger.INFO: Cron ran at: 21-04-2026 10:34:11 PM [] []
[2026-04-21 22:34:16] SlimMonoLogger.INFO: Cron ran at: 21-04-2026 10:34:16 PM [] []
[2026-04-21 22:34:20] SlimMonoLogger.INFO: Cron ran at: 21-04-2026 10:34:20 PM [] []
[2026-04-21 22:34:31] SlimMonoLogger.INFO: Cron ran at: 21-04-2026 10:34:31 PM [] []
[2026-04-21 22:34:32] SlimMonoLogger.INFO: Cron ran at: 21-04-2026 10:34:32 PM [] []
[2026-04-21 22:34:42] SlimMonoLogger.INFO: Cron ran at: 21-04-2026 10:34:42 PM [] []
[2026-04-21 22:34:47] SlimMonoLogger.INFO: Cron ran at: 21-04-2026 10:34:47 PM [] []
[2026-04-21 22:34:50] SlimMonoLogger.INFO: Cron ran at: 21-04-2026 10:34:50 PM [] []
[2026-04-21 22:34:55] SlimMonoLogger.INFO: Cron ran at: 21-04-2026 10:34:55 PM [] []
[2026-04-21 22:35:13] SlimMonoLogger.INFO: Cron ran at: 21-04-2026 10:35:13 PM [] []
[2026-04-21 22:35:13] SlimMonoLogger.INFO: Cron ran at: 21-04-2026 10:35:13 PM [] []
[2026-04-21 22:35:15] SlimMonoLogger.INFO: Cron ran at: 21-04-2026 10:35:15 PM [] []
[2026-04-21 22:35:19] SlimMonoLogger.INFO: Cron ran at: 21-04-2026 10:35:19 PM [] []
[2026-04-21 22:35:29] SlimMonoLogger.INFO: Cron ran at: 21-04-2026 10:35:29 PM [] []
[2026-04-21 22:35:33] SlimMonoLogger.INFO: Cron ran at: 21-04-2026 10:35:33 PM [] []
[2026-04-21 22:35:35] SlimMonoLogger.INFO: Cron ran at: 21-04-2026 10:35:35 PM [] []
[2026-04-21 22:35:35] SlimMonoLogger.INFO: Cron ran at: 21-04-2026 10:35:35 PM [] []
[2026-04-21 22:35:43] SlimMonoLogger.INFO: Cron ran at: 21-04-2026 10:35:43 PM [] []
[2026-04-21 22:35:55] SlimMonoLogger.INFO: Cron ran at: 21-04-2026 10:35:55 PM [] []
[2026-04-21 22:35:58] SlimMonoLogger.INFO: Cron ran at: 21-04-2026 10:35:58 PM [] []
[2026-04-21 22:36:05] SlimMonoLogger.INFO: Cron ran at: 21-04-2026 10:36:05 PM [] []
[2026-04-21 22:36:12] SlimMonoLogger.INFO: Cron ran at: 21-04-2026 10:36:12 PM [] []
[2026-04-21 22:36:26] SlimMonoLogger.INFO: Cron ran at: 21-04-2026 10:36:26 PM [] []
[2026-04-21 22:36:26] SlimMonoLogger.INFO: Cron ran at: 21-04-2026 10:36:26 PM [] []
[2026-04-21 22:36:28] SlimMonoLogger.INFO: Cron ran at: 21-04-2026 10:36:28 PM [] []
[2026-04-21 22:36:28] SlimMonoLogger.INFO: Cron ran at: 21-04-2026 10:36:28 PM [] []
[2026-04-21 22:36:29] SlimMonoLogger.INFO: Cron ran at: 21-04-2026 10:36:29 PM [] []
[2026-04-21 22:36:34] SlimMonoLogger.INFO: Cron ran at: 21-04-2026 10:36:34 PM [] []
[2026-04-21 22:36:34] SlimMonoLogger.INFO: Cron ran at: 21-04-2026 10:36:34 PM [] []
[2026-04-21 22:36:38] SlimMonoLogger.INFO: Cron ran at: 21-04-2026 10:36:38 PM [] []
[2026-04-21 22:36:46] SlimMonoLogger.INFO: Cron ran at: 21-04-2026 10:36:46 PM [] []
[2026-04-21 22:37:00] SlimMonoLogger.INFO: Cron ran at: 21-04-2026 10:37:00 PM [] []
[2026-04-21 22:37:03] SlimMonoLogger.INFO: Cron ran at: 21-04-2026 10:37:03 PM [] []
[2026-04-21 22:37:07] SlimMonoLogger.INFO: Cron ran at: 21-04-2026 10:37:07 PM [] []
[2026-04-21 22:37:22] SlimMonoLogger.INFO: Cron ran at: 21-04-2026 10:37:22 PM [] []
[2026-04-21 22:37:23] SlimMonoLogger.INFO: Cron ran at: 21-04-2026 10:37:23 PM [] []
[2026-04-21 22:37:23] SlimMonoLogger.INFO: Cron ran at: 21-04-2026 10:37:23 PM [] []
[2026-04-21 22:37:30] SlimMonoLogger.INFO: Cron ran at: 21-04-2026 10:37:30 PM [] []
[2026-04-21 22:37:30] SlimMonoLogger.INFO: Cron ran at: 21-04-2026 10:37:30 PM [] []
[2026-04-21 22:37:35] SlimMonoLogger.INFO: Cron ran at: 21-04-2026 10:37:35 PM [] []
[2026-04-21 22:37:38] SlimMonoLogger.INFO: Cron ran at: 21-04-2026 10:37:38 PM [] []
[2026-04-21 22:37:38] SlimMonoLogger.INFO: Cron ran at: 21-04-2026 10:37:38 PM [] []
[2026-04-21 22:37:48] SlimMonoLogger.INFO: Cron ran at: 21-04-2026 10:37:48 PM [] []
[2026-04-21 22:37:49] SlimMonoLogger.INFO: Cron ran at: 21-04-2026 10:37:49 PM [] []
[2026-04-21 22:38:04] SlimMonoLogger.INFO: Cron ran at: 21-04-2026 10:38:04 PM [] []
[2026-04-21 22:38:04] SlimMonoLogger.INFO: Cron ran at: 21-04-2026 10:38:04 PM [] []
[2026-04-21 22:38:06] SlimMonoLogger.INFO: Cron ran at: 21-04-2026 10:38:06 PM [] []
[2026-04-21 22:38:16] SlimMonoLogger.INFO: Cron ran at: 21-04-2026 10:38:16 PM [] []
[2026-04-21 22:38:19] SlimMonoLogger.INFO: Cron ran at: 21-04-2026 10:38:19 PM [] []
[2026-04-21 22:38:19] SlimMonoLogger.INFO: Cron ran at: 21-04-2026 10:38:19 PM [] []
[2026-04-21 22:38:23] SlimMonoLogger.INFO: Cron ran at: 21-04-2026 10:38:23 PM [] []
[2026-04-21 22:38:24] SlimMonoLogger.INFO: Cron ran at: 21-04-2026 10:38:24 PM [] []
[2026-04-21 22:38:29] SlimMonoLogger.INFO: Cron ran at: 21-04-2026 10:38:29 PM [] []
[2026-04-21 22:38:32] SlimMonoLogger.INFO: Cron ran at: 21-04-2026 10:38:32 PM [] []
[2026-04-21 22:38:41] SlimMonoLogger.INFO: Cron ran at: 21-04-2026 10:38:41 PM [] []
[2026-04-21 22:38:42] SlimMonoLogger.INFO: Cron ran at: 21-04-2026 10:38:42 PM [] []
[2026-04-21 22:38:45] SlimMonoLogger.INFO: Cron ran at: 21-04-2026 10:38:45 PM [] []
[2026-04-21 22:39:02] SlimMonoLogger.INFO: Cron ran at: 21-04-2026 10:39:02 PM [] []
[2026-04-21 22:39:10] SlimMonoLogger.INFO: Cron ran at: 21-04-2026 10:39:10 PM [] []
[2026-04-21 22:39:17] SlimMonoLogger.INFO: Cron ran at: 21-04-2026 10:39:17 PM [] []
[2026-04-21 22:39:17] SlimMonoLogger.INFO: Cron ran at: 21-04-2026 10:39:17 PM [] []
[2026-04-21 22:39:18] SlimMonoLogger.INFO: Cron ran at: 21-04-2026 10:39:18 PM [] []
[2026-04-21 22:39:25] SlimMonoLogger.INFO: Cron ran at: 21-04-2026 10:39:25 PM [] []
[2026-04-21 22:39:30] SlimMonoLogger.INFO: Cron ran at: 21-04-2026 10:39:30 PM [] []
[2026-04-21 22:39:32] SlimMonoLogger.INFO: Cron ran at: 21-04-2026 10:39:32 PM [] []
[2026-04-21 22:39:44] SlimMonoLogger.INFO: Cron ran at: 21-04-2026 10:39:44 PM [] []
[2026-04-21 22:39:44] SlimMonoLogger.INFO: Cron ran at: 21-04-2026 10:39:44 PM [] []
[2026-04-21 22:39:44] SlimMonoLogger.INFO: Cron ran at: 21-04-2026 10:39:44 PM [] []
[2026-04-21 22:39:49] SlimMonoLogger.INFO: Cron ran at: 21-04-2026 10:39:49 PM [] []
[2026-04-21 22:40:18] SlimMonoLogger.INFO: Cron ran at: 21-04-2026 10:40:18 PM [] []
[2026-04-21 22:40:23] SlimMonoLogger.INFO: Cron ran at: 21-04-2026 10:40:23 PM [] []
[2026-04-21 22:40:24] SlimMonoLogger.INFO: Cron ran at: 21-04-2026 10:40:24 PM [] []
[2026-04-21 22:40:29] SlimMonoLogger.INFO: Cron ran at: 21-04-2026 10:40:29 PM [] []
[2026-04-21 22:40:36] SlimMonoLogger.INFO: Cron ran at: 21-04-2026 10:40:36 PM [] []
[2026-04-21 22:40:38] SlimMonoLogger.INFO: Cron ran at: 21-04-2026 10:40:38 PM [] []
[2026-04-21 22:40:39] SlimMonoLogger.INFO: Cron ran at: 21-04-2026 10:40:39 PM [] []
[2026-04-21 22:40:41] SlimMonoLogger.INFO: Cron ran at: 21-04-2026 10:40:41 PM [] []
[2026-04-21 22:40:55] SlimMonoLogger.INFO: Cron ran at: 21-04-2026 10:40:55 PM [] []
[2026-04-21 22:40:55] SlimMonoLogger.INFO: Cron ran at: 21-04-2026 10:40:55 PM [] []
[2026-04-21 22:41:09] SlimMonoLogger.INFO: Cron ran at: 21-04-2026 10:41:09 PM [] []
[2026-04-21 22:41:11] SlimMonoLogger.INFO: Cron ran at: 21-04-2026 10:41:11 PM [] []
[2026-04-21 22:41:20] SlimMonoLogger.INFO: Cron ran at: 21-04-2026 10:41:20 PM [] []
[2026-04-21 22:41:22] SlimMonoLogger.INFO: Cron ran at: 21-04-2026 10:41:22 PM [] []
[2026-04-21 22:41:22] SlimMonoLogger.INFO: Cron ran at: 21-04-2026 10:41:22 PM [] []
[2026-04-21 22:41:23] SlimMonoLogger.INFO: Cron ran at: 21-04-2026 10:41:23 PM [] []
[2026-04-21 22:41:27] SlimMonoLogger.INFO: Cron ran at: 21-04-2026 10:41:27 PM [] []
[2026-04-21 22:41:38] SlimMonoLogger.INFO: Cron ran at: 21-04-2026 10:41:38 PM [] []
[2026-04-21 22:41:39] SlimMonoLogger.INFO: Cron ran at: 21-04-2026 10:41:39 PM [] []
[2026-04-21 22:41:39] SlimMonoLogger.INFO: Cron ran at: 21-04-2026 10:41:39 PM [] []
[2026-04-21 22:41:39] SlimMonoLogger.INFO: Cron ran at: 21-04-2026 10:41:39 PM [] []
[2026-04-21 22:41:47] SlimMonoLogger.INFO: Cron ran at: 21-04-2026 10:41:47 PM [] []
[2026-04-21 22:41:58] SlimMonoLogger.INFO: Cron ran at: 21-04-2026 10:41:58 PM [] []
[2026-04-21 22:41:59] SlimMonoLogger.INFO: Cron ran at: 21-04-2026 10:41:59 PM [] []
[2026-04-21 22:42:01] SlimMonoLogger.INFO: Cron ran at: 21-04-2026 10:42:01 PM [] []
[2026-04-21 22:42:15] SlimMonoLogger.INFO: Cron ran at: 21-04-2026 10:42:15 PM [] []
[2026-04-21 22:42:30] SlimMonoLogger.INFO: Cron ran at: 21-04-2026 10:42:30 PM [] []
[2026-04-21 22:42:31] SlimMonoLogger.INFO: Cron ran at: 21-04-2026 10:42:31 PM [] []
[2026-04-21 22:42:32] SlimMonoLogger.INFO: Cron ran at: 21-04-2026 10:42:32 PM [] []
[2026-04-21 22:42:32] SlimMonoLogger.INFO: Cron ran at: 21-04-2026 10:42:32 PM [] []
[2026-04-21 22:42:42] SlimMonoLogger.INFO: Cron ran at: 21-04-2026 10:42:42 PM [] []
[2026-04-21 22:42:43] SlimMonoLogger.INFO: Cron ran at: 21-04-2026 10:42:43 PM [] []
[2026-04-21 22:42:46] SlimMonoLogger.INFO: Cron ran at: 21-04-2026 10:42:46 PM [] []
[2026-04-21 22:42:57] SlimMonoLogger.INFO: Cron ran at: 21-04-2026 10:42:57 PM [] []
[2026-04-21 22:42:58] SlimMonoLogger.INFO: Cron ran at: 21-04-2026 10:42:58 PM [] []
[2026-04-21 22:43:00] SlimMonoLogger.INFO: Cron ran at: 21-04-2026 10:43:00 PM [] []
[2026-04-21 22:43:03] SlimMonoLogger.INFO: Cron ran at: 21-04-2026 10:43:03 PM [] []
[2026-04-21 22:43:08] SlimMonoLogger.INFO: Cron ran at: 21-04-2026 10:43:08 PM [] []
[2026-04-21 22:43:22] SlimMonoLogger.INFO: Cron ran at: 21-04-2026 10:43:22 PM [] []
[2026-04-21 22:43:23] SlimMonoLogger.INFO: Cron ran at: 21-04-2026 10:43:23 PM [] []
[2026-04-21 22:43:28] SlimMonoLogger.INFO: Cron ran at: 21-04-2026 10:43:28 PM [] []
[2026-04-21 22:43:29] SlimMonoLogger.INFO: Cron ran at: 21-04-2026 10:43:29 PM [] []
[2026-04-21 22:43:32] SlimMonoLogger.INFO: Cron ran at: 21-04-2026 10:43:32 PM [] []
[2026-04-21 22:43:40] SlimMonoLogger.INFO: Cron ran at: 21-04-2026 10:43:40 PM [] []
[2026-04-21 22:43:40] SlimMonoLogger.INFO: Cron ran at: 21-04-2026 10:43:40 PM [] []
[2026-04-21 22:43:45] SlimMonoLogger.INFO: Cron ran at: 21-04-2026 10:43:45 PM [] []
[2026-04-21 22:43:50] SlimMonoLogger.INFO: Cron ran at: 21-04-2026 10:43:50 PM [] []
[2026-04-21 22:43:57] SlimMonoLogger.INFO: Cron ran at: 21-04-2026 10:43:57 PM [] []
[2026-04-21 22:43:58] SlimMonoLogger.INFO: Cron ran at: 21-04-2026 10:43:58 PM [] []
[2026-04-21 22:44:06] SlimMonoLogger.INFO: Cron ran at: 21-04-2026 10:44:06 PM [] []
[2026-04-21 22:44:25] SlimMonoLogger.INFO: Cron ran at: 21-04-2026 10:44:25 PM [] []
[2026-04-21 22:44:26] SlimMonoLogger.INFO: Cron ran at: 21-04-2026 10:44:26 PM [] []
[2026-04-21 22:44:27] SlimMonoLogger.INFO: Cron ran at: 21-04-2026 10:44:27 PM [] []
[2026-04-21 22:44:28] SlimMonoLogger.INFO: Cron ran at: 21-04-2026 10:44:28 PM [] []
[2026-04-21 22:44:28] SlimMonoLogger.INFO: Cron ran at: 21-04-2026 10:44:28 PM [] []
[2026-04-21 22:44:47] SlimMonoLogger.INFO: Cron ran at: 21-04-2026 10:44:47 PM [] []
[2026-04-21 22:44:47] SlimMonoLogger.INFO: Cron ran at: 21-04-2026 10:44:47 PM [] []
[2026-04-21 22:44:47] SlimMonoLogger.INFO: Cron ran at: 21-04-2026 10:44:47 PM [] []
[2026-04-21 22:44:57] SlimMonoLogger.INFO: Cron ran at: 21-04-2026 10:44:57 PM [] []
[2026-04-21 22:44:59] SlimMonoLogger.INFO: Cron ran at: 21-04-2026 10:44:59 PM [] []
[2026-04-21 22:45:02] SlimMonoLogger.INFO: Cron ran at: 21-04-2026 10:45:02 PM [] []
[2026-04-21 22:45:05] SlimMonoLogger.INFO: Cron ran at: 21-04-2026 10:45:05 PM [] []
[2026-04-21 22:45:17] SlimMonoLogger.INFO: Cron ran at: 21-04-2026 10:45:17 PM [] []
[2026-04-21 22:45:20] SlimMonoLogger.INFO: Cron ran at: 21-04-2026 10:45:20 PM [] []
[2026-04-21 22:45:20] SlimMonoLogger.INFO: Cron ran at: 21-04-2026 10:45:20 PM [] []
[2026-04-21 22:45:26] SlimMonoLogger.INFO: Cron ran at: 21-04-2026 10:45:26 PM [] []
[2026-04-21 22:45:40] SlimMonoLogger.INFO: Cron ran at: 21-04-2026 10:45:40 PM [] []
[2026-04-21 22:45:40] SlimMonoLogger.INFO: Cron ran at: 21-04-2026 10:45:40 PM [] []
[2026-04-21 22:45:42] SlimMonoLogger.INFO: Cron ran at: 21-04-2026 10:45:42 PM [] []
[2026-04-21 22:45:48] SlimMonoLogger.INFO: Cron ran at: 21-04-2026 10:45:48 PM [] []
[2026-04-21 22:46:01] SlimMonoLogger.INFO: Cron ran at: 21-04-2026 10:46:01 PM [] []
[2026-04-21 22:46:02] SlimMonoLogger.INFO: Cron ran at: 21-04-2026 10:46:02 PM [] []
[2026-04-21 22:46:06] SlimMonoLogger.INFO: Cron ran at: 21-04-2026 10:46:06 PM [] []
[2026-04-21 22:46:06] SlimMonoLogger.INFO: Cron ran at: 21-04-2026 10:46:06 PM [] []
[2026-04-21 22:46:21] SlimMonoLogger.INFO: Cron ran at: 21-04-2026 10:46:21 PM [] []
[2026-04-21 22:46:21] SlimMonoLogger.INFO: Cron ran at: 21-04-2026 10:46:21 PM [] []
[2026-04-21 22:46:23] SlimMonoLogger.INFO: Cron ran at: 21-04-2026 10:46:23 PM [] []
[2026-04-21 22:46:29] SlimMonoLogger.INFO: Cron ran at: 21-04-2026 10:46:29 PM [] []
[2026-04-21 22:46:30] SlimMonoLogger.INFO: Cron ran at: 21-04-2026 10:46:30 PM [] []
[2026-04-21 22:46:30] SlimMonoLogger.INFO: Cron ran at: 21-04-2026 10:46:30 PM [] []
[2026-04-21 22:46:42] SlimMonoLogger.INFO: Cron ran at: 21-04-2026 10:46:42 PM [] []
[2026-04-21 22:46:46] SlimMonoLogger.INFO: Cron ran at: 21-04-2026 10:46:46 PM [] []
[2026-04-21 22:46:51] SlimMonoLogger.INFO: Cron ran at: 21-04-2026 10:46:51 PM [] []
[2026-04-21 22:46:52] SlimMonoLogger.INFO: Cron ran at: 21-04-2026 10:46:52 PM [] []
[2026-04-21 22:46:53] SlimMonoLogger.INFO: Cron ran at: 21-04-2026 10:46:53 PM [] []
[2026-04-21 22:47:02] SlimMonoLogger.INFO: Cron ran at: 21-04-2026 10:47:02 PM [] []
[2026-04-21 22:47:11] SlimMonoLogger.INFO: Cron ran at: 21-04-2026 10:47:11 PM [] []
[2026-04-21 22:47:14] SlimMonoLogger.INFO: Cron ran at: 21-04-2026 10:47:14 PM [] []
[2026-04-21 22:47:17] SlimMonoLogger.INFO: Cron ran at: 21-04-2026 10:47:17 PM [] []
[2026-04-21 22:47:21] SlimMonoLogger.INFO: Cron ran at: 21-04-2026 10:47:21 PM [] []
[2026-04-21 22:47:32] SlimMonoLogger.INFO: Cron ran at: 21-04-2026 10:47:32 PM [] []
[2026-04-21 22:47:32] SlimMonoLogger.INFO: Cron ran at: 21-04-2026 10:47:32 PM [] []
[2026-04-21 22:47:34] SlimMonoLogger.INFO: Cron ran at: 21-04-2026 10:47:34 PM [] []
[2026-04-21 22:47:48] SlimMonoLogger.INFO: Cron ran at: 21-04-2026 10:47:48 PM [] []
[2026-04-21 22:47:51] SlimMonoLogger.INFO: Cron ran at: 21-04-2026 10:47:51 PM [] []
[2026-04-21 22:47:51] SlimMonoLogger.INFO: Cron ran at: 21-04-2026 10:47:51 PM [] []
[2026-04-21 22:47:58] SlimMonoLogger.INFO: Cron ran at: 21-04-2026 10:47:58 PM [] []
[2026-04-21 22:47:58] SlimMonoLogger.INFO: Cron ran at: 21-04-2026 10:47:58 PM [] []
[2026-04-21 22:48:16] SlimMonoLogger.INFO: Cron ran at: 21-04-2026 10:48:16 PM [] []
[2026-04-21 22:48:17] SlimMonoLogger.INFO: Cron ran at: 21-04-2026 10:48:17 PM [] []
[2026-04-21 22:48:17] SlimMonoLogger.INFO: Cron ran at: 21-04-2026 10:48:17 PM [] []
[2026-04-21 22:48:20] SlimMonoLogger.INFO: Cron ran at: 21-04-2026 10:48:20 PM [] []
[2026-04-21 22:48:29] SlimMonoLogger.INFO: Cron ran at: 21-04-2026 10:48:29 PM [] []
[2026-04-21 22:48:30] SlimMonoLogger.INFO: Cron ran at: 21-04-2026 10:48:30 PM [] []
[2026-04-21 22:48:41] SlimMonoLogger.INFO: Cron ran at: 21-04-2026 10:48:41 PM [] []
[2026-04-21 22:48:58] SlimMonoLogger.INFO: Cron ran at: 21-04-2026 10:48:58 PM [] []
[2026-04-21 22:48:58] SlimMonoLogger.INFO: Cron ran at: 21-04-2026 10:48:58 PM [] []
[2026-04-21 22:49:00] SlimMonoLogger.INFO: Cron ran at: 21-04-2026 10:49:00 PM [] []
[2026-04-21 22:49:01] SlimMonoLogger.INFO: Cron ran at: 21-04-2026 10:49:01 PM [] []
[2026-04-21 22:49:23] SlimMonoLogger.INFO: Cron ran at: 21-04-2026 10:49:23 PM [] []
[2026-04-21 22:49:25] SlimMonoLogger.INFO: Cron ran at: 21-04-2026 10:49:25 PM [] []
[2026-04-21 22:49:26] SlimMonoLogger.INFO: Cron ran at: 21-04-2026 10:49:26 PM [] []
[2026-04-21 22:49:28] SlimMonoLogger.INFO: Cron ran at: 21-04-2026 10:49:28 PM [] []
[2026-04-21 22:49:29] SlimMonoLogger.INFO: Cron ran at: 21-04-2026 10:49:29 PM [] []
[2026-04-21 22:49:30] SlimMonoLogger.INFO: Cron ran at: 21-04-2026 10:49:30 PM [] []
[2026-04-21 22:49:42] SlimMonoLogger.INFO: Cron ran at: 21-04-2026 10:49:42 PM [] []
[2026-04-21 22:49:43] SlimMonoLogger.INFO: Cron ran at: 21-04-2026 10:49:43 PM [] []
[2026-04-21 22:49:50] SlimMonoLogger.INFO: Cron ran at: 21-04-2026 10:49:50 PM [] []
[2026-04-21 22:49:50] SlimMonoLogger.INFO: Cron ran at: 21-04-2026 10:49:50 PM [] []
[2026-04-21 22:49:59] SlimMonoLogger.INFO: Cron ran at: 21-04-2026 10:49:59 PM [] []
[2026-04-21 22:49:59] SlimMonoLogger.INFO: Cron ran at: 21-04-2026 10:49:59 PM [] []
[2026-04-21 22:50:00] SlimMonoLogger.INFO: Cron ran at: 21-04-2026 10:50:00 PM [] []
[2026-04-21 22:50:11] SlimMonoLogger.INFO: Cron ran at: 21-04-2026 10:50:11 PM [] []
[2026-04-21 22:50:11] SlimMonoLogger.INFO: Cron ran at: 21-04-2026 10:50:11 PM [] []
[2026-04-21 22:50:17] SlimMonoLogger.INFO: Cron ran at: 21-04-2026 10:50:17 PM [] []
[2026-04-21 22:50:23] SlimMonoLogger.INFO: Cron ran at: 21-04-2026 10:50:23 PM [] []
[2026-04-21 22:50:24] SlimMonoLogger.INFO: Cron ran at: 21-04-2026 10:50:24 PM [] []
[2026-04-21 22:50:31] SlimMonoLogger.INFO: Cron ran at: 21-04-2026 10:50:31 PM [] []
[2026-04-21 22:50:39] SlimMonoLogger.INFO: Cron ran at: 21-04-2026 10:50:39 PM [] []
[2026-04-21 22:50:51] SlimMonoLogger.INFO: Cron ran at: 21-04-2026 10:50:51 PM [] []
[2026-04-21 22:50:58] SlimMonoLogger.INFO: Cron ran at: 21-04-2026 10:50:58 PM [] []
[2026-04-21 22:50:58] SlimMonoLogger.INFO: Cron ran at: 21-04-2026 10:50:58 PM [] []
[2026-04-21 22:51:02] SlimMonoLogger.INFO: Cron ran at: 21-04-2026 10:51:02 PM [] []
[2026-04-21 22:51:17] SlimMonoLogger.INFO: Cron ran at: 21-04-2026 10:51:17 PM [] []
[2026-04-21 22:51:17] SlimMonoLogger.INFO: Cron ran at: 21-04-2026 10:51:17 PM [] []
[2026-04-21 22:51:20] SlimMonoLogger.INFO: Cron ran at: 21-04-2026 10:51:20 PM [] []
[2026-04-21 22:51:22] SlimMonoLogger.INFO: Cron ran at: 21-04-2026 10:51:22 PM [] []
[2026-04-21 22:51:22] SlimMonoLogger.INFO: Cron ran at: 21-04-2026 10:51:22 PM [] []
[2026-04-21 22:51:23] SlimMonoLogger.INFO: Cron ran at: 21-04-2026 10:51:23 PM [] []
[2026-04-21 22:51:26] SlimMonoLogger.INFO: Cron ran at: 21-04-2026 10:51:26 PM [] []
[2026-04-21 22:51:31] SlimMonoLogger.INFO: Cron ran at: 21-04-2026 10:51:31 PM [] []
[2026-04-21 22:51:40] SlimMonoLogger.INFO: Cron ran at: 21-04-2026 10:51:40 PM [] []
[2026-04-21 22:51:52] SlimMonoLogger.INFO: Cron ran at: 21-04-2026 10:51:52 PM [] []
[2026-04-21 22:51:52] SlimMonoLogger.INFO: Cron ran at: 21-04-2026 10:51:52 PM [] []
[2026-04-21 22:51:56] SlimMonoLogger.INFO: Cron ran at: 21-04-2026 10:51:56 PM [] []
[2026-04-21 22:52:04] SlimMonoLogger.INFO: Cron ran at: 21-04-2026 10:52:04 PM [] []
[2026-04-21 22:52:12] SlimMonoLogger.INFO: Cron ran at: 21-04-2026 10:52:12 PM [] []
[2026-04-21 22:52:13] SlimMonoLogger.INFO: Cron ran at: 21-04-2026 10:52:13 PM [] []
[2026-04-21 22:52:17] SlimMonoLogger.INFO: Cron ran at: 21-04-2026 10:52:17 PM [] []
[2026-04-21 22:52:17] SlimMonoLogger.INFO: Cron ran at: 21-04-2026 10:52:17 PM [] []
[2026-04-21 22:52:19] SlimMonoLogger.INFO: Cron ran at: 21-04-2026 10:52:19 PM [] []
[2026-04-21 22:52:21] SlimMonoLogger.INFO: Cron ran at: 21-04-2026 10:52:21 PM [] []
[2026-04-21 22:52:26] SlimMonoLogger.INFO: Cron ran at: 21-04-2026 10:52:26 PM [] []
[2026-04-21 22:52:36] SlimMonoLogger.INFO: Cron ran at: 21-04-2026 10:52:36 PM [] []
[2026-04-21 22:52:51] SlimMonoLogger.INFO: Cron ran at: 21-04-2026 10:52:51 PM [] []
[2026-04-21 22:52:53] SlimMonoLogger.INFO: Cron ran at: 21-04-2026 10:52:53 PM [] []
[2026-04-21 22:52:53] SlimMonoLogger.INFO: Cron ran at: 21-04-2026 10:52:53 PM [] []
[2026-04-21 22:53:02] SlimMonoLogger.INFO: Cron ran at: 21-04-2026 10:53:02 PM [] []
[2026-04-21 22:53:03] SlimMonoLogger.INFO: Cron ran at: 21-04-2026 10:53:03 PM [] []
[2026-04-21 22:53:13] SlimMonoLogger.INFO: Cron ran at: 21-04-2026 10:53:13 PM [] []
[2026-04-21 22:53:15] SlimMonoLogger.INFO: Cron ran at: 21-04-2026 10:53:15 PM [] []
[2026-04-21 22:53:16] SlimMonoLogger.INFO: Cron ran at: 21-04-2026 10:53:16 PM [] []
[2026-04-21 22:53:18] SlimMonoLogger.INFO: Cron ran at: 21-04-2026 10:53:18 PM [] []
[2026-04-21 22:53:18] SlimMonoLogger.INFO: Cron ran at: 21-04-2026 10:53:18 PM [] []
[2026-04-21 22:53:34] SlimMonoLogger.INFO: Cron ran at: 21-04-2026 10:53:34 PM [] []
[2026-04-21 22:53:34] SlimMonoLogger.INFO: Cron ran at: 21-04-2026 10:53:34 PM [] []
[2026-04-21 22:53:38] SlimMonoLogger.INFO: Cron ran at: 21-04-2026 10:53:38 PM [] []
[2026-04-21 22:53:56] SlimMonoLogger.INFO: Cron ran at: 21-04-2026 10:53:56 PM [] []
[2026-04-21 22:53:56] SlimMonoLogger.INFO: Cron ran at: 21-04-2026 10:53:56 PM [] []
[2026-04-21 22:54:03] SlimMonoLogger.INFO: Cron ran at: 21-04-2026 10:54:03 PM [] []
[2026-04-21 22:54:14] SlimMonoLogger.INFO: Cron ran at: 21-04-2026 10:54:14 PM [] []
[2026-04-21 22:54:15] SlimMonoLogger.INFO: Cron ran at: 21-04-2026 10:54:15 PM [] []
[2026-04-21 22:54:16] SlimMonoLogger.INFO: Cron ran at: 21-04-2026 10:54:16 PM [] []
[2026-04-21 22:54:17] SlimMonoLogger.INFO: Cron ran at: 21-04-2026 10:54:17 PM [] []
[2026-04-21 22:54:21] SlimMonoLogger.INFO: Cron ran at: 21-04-2026 10:54:21 PM [] []
[2026-04-21 22:54:29] SlimMonoLogger.INFO: Cron ran at: 21-04-2026 10:54:29 PM [] []
[2026-04-21 22:54:30] SlimMonoLogger.INFO: Cron ran at: 21-04-2026 10:54:30 PM [] []
[2026-04-21 22:54:30] SlimMonoLogger.INFO: Cron ran at: 21-04-2026 10:54:30 PM [] []
[2026-04-21 22:54:38] SlimMonoLogger.INFO: Cron ran at: 21-04-2026 10:54:38 PM [] []
[2026-04-21 22:54:52] SlimMonoLogger.INFO: Cron ran at: 21-04-2026 10:54:52 PM [] []
[2026-04-21 22:55:02] SlimMonoLogger.INFO: Cron ran at: 21-04-2026 10:55:02 PM [] []
[2026-04-21 22:55:06] SlimMonoLogger.INFO: Cron ran at: 21-04-2026 10:55:06 PM [] []
[2026-04-21 22:55:08] SlimMonoLogger.INFO: Cron ran at: 21-04-2026 10:55:08 PM [] []
[2026-04-21 22:55:12] SlimMonoLogger.INFO: Cron ran at: 21-04-2026 10:55:12 PM [] []
[2026-04-21 22:55:19] SlimMonoLogger.INFO: Cron ran at: 21-04-2026 10:55:19 PM [] []
[2026-04-21 22:55:19] SlimMonoLogger.INFO: Cron ran at: 21-04-2026 10:55:19 PM [] []
[2026-04-21 22:55:19] SlimMonoLogger.INFO: Cron ran at: 21-04-2026 10:55:19 PM [] []
[2026-04-21 22:55:29] SlimMonoLogger.INFO: Cron ran at: 21-04-2026 10:55:29 PM [] []
[2026-04-21 22:55:30] SlimMonoLogger.INFO: Cron ran at: 21-04-2026 10:55:30 PM [] []
[2026-04-21 22:55:30] SlimMonoLogger.INFO: Cron ran at: 21-04-2026 10:55:30 PM [] []
[2026-04-21 22:55:51] SlimMonoLogger.INFO: Cron ran at: 21-04-2026 10:55:51 PM [] []
[2026-04-21 22:56:04] SlimMonoLogger.INFO: Cron ran at: 21-04-2026 10:56:04 PM [] []
[2026-04-21 22:56:04] SlimMonoLogger.INFO: Cron ran at: 21-04-2026 10:56:04 PM [] []
[2026-04-21 22:56:05] SlimMonoLogger.INFO: Cron ran at: 21-04-2026 10:56:05 PM [] []
[2026-04-21 22:56:08] SlimMonoLogger.INFO: Cron ran at: 21-04-2026 10:56:08 PM [] []
[2026-04-21 22:56:08] SlimMonoLogger.INFO: Cron ran at: 21-04-2026 10:56:08 PM [] []
[2026-04-21 22:56:17] SlimMonoLogger.INFO: Cron ran at: 21-04-2026 10:56:17 PM [] []
[2026-04-21 22:56:17] SlimMonoLogger.INFO: Cron ran at: 21-04-2026 10:56:17 PM [] []
[2026-04-21 22:56:17] SlimMonoLogger.INFO: Cron ran at: 21-04-2026 10:56:17 PM [] []
[2026-04-21 22:56:24] SlimMonoLogger.INFO: Cron ran at: 21-04-2026 10:56:24 PM [] []
[2026-04-21 22:56:28] SlimMonoLogger.INFO: Cron ran at: 21-04-2026 10:56:28 PM [] []
[2026-04-21 22:56:28] SlimMonoLogger.INFO: Cron ran at: 21-04-2026 10:56:28 PM [] []
[2026-04-21 22:56:44] SlimMonoLogger.INFO: Cron ran at: 21-04-2026 10:56:44 PM [] []
[2026-04-21 22:57:02] SlimMonoLogger.INFO: Cron ran at: 21-04-2026 10:57:02 PM [] []
[2026-04-21 22:57:02] SlimMonoLogger.INFO: Cron ran at: 21-04-2026 10:57:02 PM [] []
[2026-04-21 22:57:08] SlimMonoLogger.INFO: Cron ran at: 21-04-2026 10:57:08 PM [] []
[2026-04-21 22:57:09] SlimMonoLogger.INFO: Cron ran at: 21-04-2026 10:57:09 PM [] []
[2026-04-21 22:57:12] SlimMonoLogger.INFO: Cron ran at: 21-04-2026 10:57:12 PM [] []
[2026-04-21 22:57:13] SlimMonoLogger.INFO: Cron ran at: 21-04-2026 10:57:13 PM [] []
[2026-04-21 22:57:19] SlimMonoLogger.INFO: Cron ran at: 21-04-2026 10:57:19 PM [] []
[2026-04-21 22:57:19] SlimMonoLogger.INFO: Cron ran at: 21-04-2026 10:57:19 PM [] []
[2026-04-21 22:57:22] SlimMonoLogger.INFO: Cron ran at: 21-04-2026 10:57:22 PM [] []
[2026-04-21 22:57:38] SlimMonoLogger.INFO: Cron ran at: 21-04-2026 10:57:38 PM [] []
[2026-04-21 22:57:39] SlimMonoLogger.INFO: Cron ran at: 21-04-2026 10:57:39 PM [] []
[2026-04-21 22:57:39] SlimMonoLogger.INFO: Cron ran at: 21-04-2026 10:57:39 PM [] []
[2026-04-21 22:57:43] SlimMonoLogger.INFO: Cron ran at: 21-04-2026 10:57:43 PM [] []
[2026-04-21 22:58:01] SlimMonoLogger.INFO: Cron ran at: 21-04-2026 10:58:01 PM [] []
[2026-04-21 22:58:08] SlimMonoLogger.INFO: Cron ran at: 21-04-2026 10:58:08 PM [] []
[2026-04-21 22:58:09] SlimMonoLogger.INFO: Cron ran at: 21-04-2026 10:58:09 PM [] []
[2026-04-21 22:58:09] SlimMonoLogger.INFO: Cron ran at: 21-04-2026 10:58:09 PM [] []
[2026-04-21 22:58:13] SlimMonoLogger.INFO: Cron ran at: 21-04-2026 10:58:13 PM [] []
[2026-04-21 22:58:13] SlimMonoLogger.INFO: Cron ran at: 21-04-2026 10:58:13 PM [] []
[2026-04-21 22:58:24] SlimMonoLogger.INFO: Cron ran at: 21-04-2026 10:58:24 PM [] []
[2026-04-21 22:58:27] SlimMonoLogger.INFO: Cron ran at: 21-04-2026 10:58:27 PM [] []
[2026-04-21 22:58:29] SlimMonoLogger.INFO: Cron ran at: 21-04-2026 10:58:29 PM [] []
[2026-04-21 22:58:33] SlimMonoLogger.INFO: Cron ran at: 21-04-2026 10:58:33 PM [] []
[2026-04-21 22:58:34] SlimMonoLogger.INFO: Cron ran at: 21-04-2026 10:58:34 PM [] []
[2026-04-21 22:58:41] SlimMonoLogger.INFO: Cron ran at: 21-04-2026 10:58:41 PM [] []
[2026-04-21 22:58:53] SlimMonoLogger.INFO: Cron ran at: 21-04-2026 10:58:53 PM [] []
[2026-04-21 22:59:13] SlimMonoLogger.INFO: Cron ran at: 21-04-2026 10:59:13 PM [] []
[2026-04-21 22:59:14] SlimMonoLogger.INFO: Cron ran at: 21-04-2026 10:59:14 PM [] []
[2026-04-21 22:59:14] SlimMonoLogger.INFO: Cron ran at: 21-04-2026 10:59:14 PM [] []
[2026-04-21 22:59:14] SlimMonoLogger.INFO: Cron ran at: 21-04-2026 10:59:14 PM [] []
[2026-04-21 22:59:24] SlimMonoLogger.INFO: Cron ran at: 21-04-2026 10:59:24 PM [] []
[2026-04-21 22:59:26] SlimMonoLogger.INFO: Cron ran at: 21-04-2026 10:59:26 PM [] []
[2026-04-21 22:59:26] SlimMonoLogger.INFO: Cron ran at: 21-04-2026 10:59:26 PM [] []
[2026-04-21 22:59:26] SlimMonoLogger.INFO: Cron ran at: 21-04-2026 10:59:26 PM [] []
[2026-04-21 22:59:33] SlimMonoLogger.INFO: Cron ran at: 21-04-2026 10:59:33 PM [] []
[2026-04-21 22:59:42] SlimMonoLogger.INFO: Cron ran at: 21-04-2026 10:59:42 PM [] []
[2026-04-21 22:59:49] SlimMonoLogger.INFO: Cron ran at: 21-04-2026 10:59:49 PM [] []
[2026-04-21 23:00:05] SlimMonoLogger.INFO: Cron ran at: 21-04-2026 11:00:05 PM [] []
[2026-04-21 23:00:05] SlimMonoLogger.INFO: Cron ran at: 21-04-2026 11:00:05 PM [] []
[2026-04-21 23:00:13] SlimMonoLogger.INFO: Cron ran at: 21-04-2026 11:00:13 PM [] []
[2026-04-21 23:00:17] SlimMonoLogger.INFO: Cron ran at: 21-04-2026 11:00:17 PM [] []
[2026-04-21 23:00:18] SlimMonoLogger.INFO: Cron ran at: 21-04-2026 11:00:18 PM [] []
[2026-04-21 23:00:18] SlimMonoLogger.INFO: Cron ran at: 21-04-2026 11:00:18 PM [] []
[2026-04-21 23:01:06] SlimMonoLogger.INFO: Cron ran at: 21-04-2026 11:01:06 PM [] []
[2026-04-21 23:01:30] SlimMonoLogger.INFO: Cron ran at: 21-04-2026 11:01:30 PM [] []
[2026-04-21 23:02:09] SlimMonoLogger.INFO: Cron ran at: 21-04-2026 11:02:09 PM [] []
[2026-04-21 23:02:23] SlimMonoLogger.INFO: Cron ran at: 21-04-2026 11:02:23 PM [] []
[2026-04-21 23:03:04] SlimMonoLogger.INFO: Cron ran at: 21-04-2026 11:03:04 PM [] []
[2026-04-21 23:03:25] SlimMonoLogger.INFO: Cron ran at: 21-04-2026 11:03:25 PM [] []
[2026-04-21 23:04:06] SlimMonoLogger.INFO: Cron ran at: 21-04-2026 11:04:06 PM [] []
[2026-04-21 23:04:30] SlimMonoLogger.INFO: Cron ran at: 21-04-2026 11:04:30 PM [] []
[2026-04-21 23:04:38] SlimMonoLogger.ERROR: Requests_Exception: cURL error 28: Operation timed out after 500002 milliseconds with 0 bytes received in /home/latihtal/public_html/agregator1/src/vendor/rmccue/requests/library/Requests/Transport/cURL.php:422
Stack trace:
#0 /home/latihtal/public_html/agregator1/src/vendor/rmccue/requests/library/Requests/Transport/cURL.php(177): Requests_Transport_cURL->process_response()
#1 /home/latihtal/public_html/agregator1/src/vendor/rmccue/requests/library/Requests.php(379): Requests_Transport_cURL->request()
#2 /home/latihtal/public_html/agregator1/src/vendor/rmccue/requests/library/Requests/Session.php(205): Requests::request()
#3 /home/latihtal/public_html/agregator1/src/vendor/rmccue/requests/library/Requests/Session.php(132): Requests_Session->request()
#4 /home/latihtal/public_html/agregator1/src/drivers/Http/RssImporter.php(144): Requests_Session->get()
#5 /home/latihtal/public_html/agregator1/src/controllers/Dashboard/DashboardFeedsController.php(534): spark\drivers\Http\RssImporter->fetchPosts()
#6 /home/latihtal/public_html/agregator1/src/controllers/Site/SiteController.php(722): spark\controllers\Dashboard\DashboardFeedsController::importFeedPosts()
#7 [internal function]: spark\controllers\Site\SiteController->runTasks()
#8 /home/latihtal/public_html/agregator1/src/framework/Route.php(173): call_user_func_array()
#9 [internal function]: Slim\Route->Slim\{closure}()
#10 /home/latihtal/public_html/agregator1/src/framework/Route.php(468): call_user_func_array()
#11 /home/latihtal/public_html/agregator1/src/framework/Slim.php(1364): Slim\Route->dispatch()
#12 /home/latihtal/public_html/agregator1/src/framework/Middleware/Flash.php(85): Slim\Slim->call()
#13 /home/latihtal/public_html/agregator1/src/framework/Middleware/MethodOverride.php(92): Slim\Middleware\Flash->call()
#14 /home/latihtal/public_html/agregator1/src/middlewares/CsrfGuard/CsrfGuard.php(47): Slim\Middleware\MethodOverride->call()
#15 /home/latihtal/public_html/agregator1/src/framework/Middleware/PrettyExceptions.php(67): spark\middlewares\CsrfGuard\CsrfGuard->call()
#16 /home/latihtal/public_html/agregator1/src/framework/Slim.php(1308): Slim\Middleware\PrettyExceptions->call()
#17 /home/latihtal/public_html/agregator1/index.php(6): Slim\Slim->run()
#18 {main} [] []
[2026-04-21 23:05:02] SlimMonoLogger.INFO: Cron ran at: 21-04-2026 11:05:02 PM [] []
[2026-04-21 23:05:04] SlimMonoLogger.INFO: Cron ran at: 21-04-2026 11:05:04 PM [] []
[2026-04-21 23:05:28] SlimMonoLogger.INFO: Cron ran at: 21-04-2026 11:05:28 PM [] []
[2026-04-21 23:06:04] SlimMonoLogger.INFO: Cron ran at: 21-04-2026 11:06:04 PM [] []
[2026-04-21 23:11:16] SlimMonoLogger.INFO: Cron ran at: 21-04-2026 11:11:16 PM [] []
[2026-04-21 23:12:13] SlimMonoLogger.INFO: Cron ran at: 21-04-2026 11:12:13 PM [] []
[2026-04-21 23:13:14] SlimMonoLogger.INFO: Cron ran at: 21-04-2026 11:13:14 PM [] []
[2026-04-21 23:14:11] SlimMonoLogger.INFO: Cron ran at: 21-04-2026 11:14:11 PM [] []
[2026-04-21 23:15:24] SlimMonoLogger.INFO: Cron ran at: 21-04-2026 11:15:24 PM [] []
[2026-04-21 23:16:09] SlimMonoLogger.INFO: Cron ran at: 21-04-2026 11:16:09 PM [] []
[2026-04-21 23:16:09] SlimMonoLogger.INFO: Cron ran at: 21-04-2026 11:16:09 PM [] []
[2026-04-21 23:17:09] SlimMonoLogger.INFO: Cron ran at: 21-04-2026 11:17:09 PM [] []
[2026-04-21 23:17:11] SlimMonoLogger.INFO: Cron ran at: 21-04-2026 11:17:11 PM [] []
[2026-04-21 23:18:07] SlimMonoLogger.INFO: Cron ran at: 21-04-2026 11:18:07 PM [] []
[2026-04-21 23:18:08] SlimMonoLogger.INFO: Cron ran at: 21-04-2026 11:18:08 PM [] []
[2026-04-21 23:19:06] SlimMonoLogger.INFO: Cron ran at: 21-04-2026 11:19:06 PM [] []
[2026-04-21 23:20:05] SlimMonoLogger.INFO: Cron ran at: 21-04-2026 11:20:05 PM [] []
[2026-04-21 23:21:05] SlimMonoLogger.INFO: Cron ran at: 21-04-2026 11:21:05 PM [] []
[2026-04-21 23:21:06] SlimMonoLogger.INFO: Cron ran at: 21-04-2026 11:21:06 PM [] []
[2026-04-21 23:22:10] SlimMonoLogger.INFO: Cron ran at: 21-04-2026 11:22:10 PM [] []
[2026-04-21 23:23:08] SlimMonoLogger.INFO: Cron ran at: 21-04-2026 11:23:08 PM [] []
[2026-04-21 23:24:11] SlimMonoLogger.INFO: Cron ran at: 21-04-2026 11:24:11 PM [] []
[2026-04-21 23:25:16] SlimMonoLogger.INFO: Cron ran at: 21-04-2026 11:25:16 PM [] []
[2026-04-21 23:26:14] SlimMonoLogger.INFO: Cron ran at: 21-04-2026 11:26:14 PM [] []
[2026-04-21 23:26:18] SlimMonoLogger.INFO: Cron ran at: 21-04-2026 11:26:18 PM [] []
[2026-04-21 23:27:14] SlimMonoLogger.INFO: Cron ran at: 21-04-2026 11:27:14 PM [] []
[2026-04-21 23:27:14] SlimMonoLogger.INFO: Cron ran at: 21-04-2026 11:27:14 PM [] []
[2026-04-21 23:28:14] SlimMonoLogger.INFO: Cron ran at: 21-04-2026 11:28:14 PM [] []
[2026-04-21 23:28:16] SlimMonoLogger.INFO: Cron ran at: 21-04-2026 11:28:16 PM [] []
[2026-04-21 23:29:13] SlimMonoLogger.INFO: Cron ran at: 21-04-2026 11:29:13 PM [] []
[2026-04-21 23:29:16] SlimMonoLogger.INFO: Cron ran at: 21-04-2026 11:29:16 PM [] []
[2026-04-21 23:30:14] SlimMonoLogger.INFO: Cron ran at: 21-04-2026 11:30:14 PM [] []
[2026-04-21 23:30:17] SlimMonoLogger.INFO: Cron ran at: 21-04-2026 11:30:17 PM [] []
[2026-04-21 23:31:13] SlimMonoLogger.INFO: Cron ran at: 21-04-2026 11:31:13 PM [] []
[2026-04-21 23:31:15] SlimMonoLogger.INFO: Cron ran at: 21-04-2026 11:31:15 PM [] []
[2026-04-21 23:31:27] SlimMonoLogger.INFO: Cron ran at: 21-04-2026 11:31:27 PM [] []
[2026-04-21 23:32:10] SlimMonoLogger.INFO: Cron ran at: 21-04-2026 11:32:10 PM [] []
[2026-04-21 23:32:11] SlimMonoLogger.INFO: Cron ran at: 21-04-2026 11:32:11 PM [] []
[2026-04-21 23:32:24] SlimMonoLogger.INFO: Cron ran at: 21-04-2026 11:32:24 PM [] []
[2026-04-21 23:33:12] SlimMonoLogger.INFO: Cron ran at: 21-04-2026 11:33:12 PM [] []
[2026-04-21 23:33:13] SlimMonoLogger.INFO: Cron ran at: 21-04-2026 11:33:13 PM [] []
[2026-04-21 23:33:21] SlimMonoLogger.INFO: Cron ran at: 21-04-2026 11:33:21 PM [] []
[2026-04-21 23:34:22] SlimMonoLogger.INFO: Cron ran at: 21-04-2026 11:34:22 PM [] []
[2026-04-21 23:34:22] SlimMonoLogger.INFO: Cron ran at: 21-04-2026 11:34:22 PM [] []
[2026-04-21 23:34:30] SlimMonoLogger.INFO: Cron ran at: 21-04-2026 11:34:30 PM [] []
[2026-04-21 23:35:13] SlimMonoLogger.INFO: Cron ran at: 21-04-2026 11:35:13 PM [] []
[2026-04-21 23:35:14] SlimMonoLogger.INFO: Cron ran at: 21-04-2026 11:35:14 PM [] []
[2026-04-21 23:35:26] SlimMonoLogger.INFO: Cron ran at: 21-04-2026 11:35:26 PM [] []
[2026-04-21 23:36:13] SlimMonoLogger.INFO: Cron ran at: 21-04-2026 11:36:13 PM [] []
[2026-04-21 23:36:14] SlimMonoLogger.INFO: Cron ran at: 21-04-2026 11:36:14 PM [] []
[2026-04-21 23:36:15] SlimMonoLogger.INFO: Cron ran at: 21-04-2026 11:36:15 PM [] []
[2026-04-21 23:36:30] SlimMonoLogger.INFO: Cron ran at: 21-04-2026 11:36:30 PM [] []
[2026-04-21 23:37:13] SlimMonoLogger.INFO: Cron ran at: 21-04-2026 11:37:13 PM [] []
[2026-04-21 23:37:14] SlimMonoLogger.INFO: Cron ran at: 21-04-2026 11:37:14 PM [] []
[2026-04-21 23:37:16] SlimMonoLogger.INFO: Cron ran at: 21-04-2026 11:37:16 PM [] []
[2026-04-21 23:37:32] SlimMonoLogger.INFO: Cron ran at: 21-04-2026 11:37:32 PM [] []
[2026-04-21 23:38:13] SlimMonoLogger.INFO: Cron ran at: 21-04-2026 11:38:13 PM [] []
[2026-04-21 23:38:13] SlimMonoLogger.INFO: Cron ran at: 21-04-2026 11:38:13 PM [] []
[2026-04-21 23:38:22] SlimMonoLogger.INFO: Cron ran at: 21-04-2026 11:38:22 PM [] []
[2026-04-21 23:38:31] SlimMonoLogger.INFO: Cron ran at: 21-04-2026 11:38:31 PM [] []
[2026-04-21 23:39:12] SlimMonoLogger.INFO: Cron ran at: 21-04-2026 11:39:12 PM [] []
[2026-04-21 23:39:12] SlimMonoLogger.INFO: Cron ran at: 21-04-2026 11:39:12 PM [] []
[2026-04-21 23:39:24] SlimMonoLogger.INFO: Cron ran at: 21-04-2026 11:39:24 PM [] []
[2026-04-21 23:39:37] SlimMonoLogger.INFO: Cron ran at: 21-04-2026 11:39:37 PM [] []
[2026-04-21 23:40:12] SlimMonoLogger.INFO: Cron ran at: 21-04-2026 11:40:12 PM [] []
[2026-04-21 23:40:22] SlimMonoLogger.INFO: Cron ran at: 21-04-2026 11:40:22 PM [] []
[2026-04-21 23:40:25] SlimMonoLogger.INFO: Cron ran at: 21-04-2026 11:40:25 PM [] []
[2026-04-21 23:40:44] SlimMonoLogger.INFO: Cron ran at: 21-04-2026 11:40:44 PM [] []
[2026-04-21 23:41:15] SlimMonoLogger.INFO: Cron ran at: 21-04-2026 11:41:15 PM [] []
[2026-04-21 23:41:15] SlimMonoLogger.INFO: Cron ran at: 21-04-2026 11:41:15 PM [] []
[2026-04-21 23:41:15] SlimMonoLogger.INFO: Cron ran at: 21-04-2026 11:41:15 PM [] []
[2026-04-21 23:41:26] SlimMonoLogger.INFO: Cron ran at: 21-04-2026 11:41:26 PM [] []
[2026-04-21 23:41:36] SlimMonoLogger.INFO: Cron ran at: 21-04-2026 11:41:36 PM [] []
[2026-04-21 23:42:12] SlimMonoLogger.INFO: Cron ran at: 21-04-2026 11:42:12 PM [] []
[2026-04-21 23:42:12] SlimMonoLogger.INFO: Cron ran at: 21-04-2026 11:42:12 PM [] []
[2026-04-21 23:42:14] SlimMonoLogger.INFO: Cron ran at: 21-04-2026 11:42:14 PM [] []
[2026-04-21 23:42:27] SlimMonoLogger.INFO: Cron ran at: 21-04-2026 11:42:27 PM [] []
[2026-04-21 23:42:48] SlimMonoLogger.INFO: Cron ran at: 21-04-2026 11:42:48 PM [] []
[2026-04-21 23:43:09] SlimMonoLogger.INFO: Cron ran at: 21-04-2026 11:43:09 PM [] []
[2026-04-21 23:43:10] SlimMonoLogger.INFO: Cron ran at: 21-04-2026 11:43:10 PM [] []
[2026-04-21 23:43:22] SlimMonoLogger.INFO: Cron ran at: 21-04-2026 11:43:22 PM [] []
[2026-04-21 23:43:26] SlimMonoLogger.INFO: Cron ran at: 21-04-2026 11:43:26 PM [] []
[2026-04-21 23:43:47] SlimMonoLogger.INFO: Cron ran at: 21-04-2026 11:43:47 PM [] []
[2026-04-21 23:44:09] SlimMonoLogger.INFO: Cron ran at: 21-04-2026 11:44:09 PM [] []
[2026-04-21 23:44:09] SlimMonoLogger.INFO: Cron ran at: 21-04-2026 11:44:09 PM [] []
[2026-04-21 23:44:15] SlimMonoLogger.INFO: Cron ran at: 21-04-2026 11:44:15 PM [] []
[2026-04-21 23:44:25] SlimMonoLogger.INFO: Cron ran at: 21-04-2026 11:44:25 PM [] []
[2026-04-21 23:44:38] SlimMonoLogger.INFO: Cron ran at: 21-04-2026 11:44:38 PM [] []
[2026-04-21 23:45:06] SlimMonoLogger.INFO: Cron ran at: 21-04-2026 11:45:06 PM [] []
[2026-04-21 23:45:08] SlimMonoLogger.INFO: Cron ran at: 21-04-2026 11:45:08 PM [] []
[2026-04-21 23:45:15] SlimMonoLogger.INFO: Cron ran at: 21-04-2026 11:45:15 PM [] []
[2026-04-21 23:46:17] SlimMonoLogger.INFO: Cron ran at: 21-04-2026 11:46:17 PM [] []
[2026-04-21 23:46:17] SlimMonoLogger.INFO: Cron ran at: 21-04-2026 11:46:17 PM [] []
[2026-04-21 23:46:28] SlimMonoLogger.INFO: Cron ran at: 21-04-2026 11:46:28 PM [] []
[2026-04-21 23:47:13] SlimMonoLogger.INFO: Cron ran at: 21-04-2026 11:47:13 PM [] []
[2026-04-21 23:47:13] SlimMonoLogger.INFO: Cron ran at: 21-04-2026 11:47:13 PM [] []
[2026-04-21 23:47:29] SlimMonoLogger.INFO: Cron ran at: 21-04-2026 11:47:29 PM [] []
[2026-04-21 23:48:14] SlimMonoLogger.INFO: Cron ran at: 21-04-2026 11:48:14 PM [] []
[2026-04-21 23:48:15] SlimMonoLogger.INFO: Cron ran at: 21-04-2026 11:48:15 PM [] []
[2026-04-21 23:48:34] SlimMonoLogger.INFO: Cron ran at: 21-04-2026 11:48:34 PM [] []
[2026-04-21 23:49:11] SlimMonoLogger.INFO: Cron ran at: 21-04-2026 11:49:11 PM [] []
[2026-04-21 23:49:15] SlimMonoLogger.INFO: Cron ran at: 21-04-2026 11:49:15 PM [] []
[2026-04-21 23:49:32] SlimMonoLogger.INFO: Cron ran at: 21-04-2026 11:49:32 PM [] []
[2026-04-21 23:50:14] SlimMonoLogger.INFO: Cron ran at: 21-04-2026 11:50:14 PM [] []
[2026-04-21 23:50:16] SlimMonoLogger.INFO: Cron ran at: 21-04-2026 11:50:16 PM [] []
[2026-04-21 23:50:35] SlimMonoLogger.INFO: Cron ran at: 21-04-2026 11:50:35 PM [] []
[2026-04-21 23:51:15] SlimMonoLogger.INFO: Cron ran at: 21-04-2026 11:51:15 PM [] []
[2026-04-21 23:51:16] SlimMonoLogger.INFO: Cron ran at: 21-04-2026 11:51:16 PM [] []
[2026-04-21 23:51:17] SlimMonoLogger.INFO: Cron ran at: 21-04-2026 11:51:17 PM [] []
[2026-04-21 23:51:34] SlimMonoLogger.INFO: Cron ran at: 21-04-2026 11:51:34 PM [] []
[2026-04-21 23:52:16] SlimMonoLogger.INFO: Cron ran at: 21-04-2026 11:52:16 PM [] []
[2026-04-21 23:52:16] SlimMonoLogger.INFO: Cron ran at: 21-04-2026 11:52:16 PM [] []
[2026-04-21 23:52:16] SlimMonoLogger.INFO: Cron ran at: 21-04-2026 11:52:16 PM [] []
[2026-04-21 23:52:39] SlimMonoLogger.INFO: Cron ran at: 21-04-2026 11:52:39 PM [] []
[2026-04-21 23:53:14] SlimMonoLogger.INFO: Cron ran at: 21-04-2026 11:53:14 PM [] []
[2026-04-21 23:53:15] SlimMonoLogger.INFO: Cron ran at: 21-04-2026 11:53:15 PM [] []
[2026-04-21 23:53:26] SlimMonoLogger.INFO: Cron ran at: 21-04-2026 11:53:26 PM [] []
[2026-04-21 23:53:38] SlimMonoLogger.INFO: Cron ran at: 21-04-2026 11:53:38 PM [] []
[2026-04-21 23:54:16] SlimMonoLogger.INFO: Cron ran at: 21-04-2026 11:54:16 PM [] []
[2026-04-21 23:54:16] SlimMonoLogger.INFO: Cron ran at: 21-04-2026 11:54:16 PM [] []
[2026-04-21 23:54:23] SlimMonoLogger.INFO: Cron ran at: 21-04-2026 11:54:23 PM [] []
[2026-04-21 23:54:38] SlimMonoLogger.INFO: Cron ran at: 21-04-2026 11:54:38 PM [] []
[2026-04-21 23:55:20] SlimMonoLogger.INFO: Cron ran at: 21-04-2026 11:55:20 PM [] []
[2026-04-21 23:55:20] SlimMonoLogger.INFO: Cron ran at: 21-04-2026 11:55:20 PM [] []
[2026-04-21 23:55:24] SlimMonoLogger.INFO: Cron ran at: 21-04-2026 11:55:24 PM [] []
[2026-04-21 23:55:46] SlimMonoLogger.INFO: Cron ran at: 21-04-2026 11:55:46 PM [] []
[2026-04-21 23:56:13] SlimMonoLogger.INFO: Cron ran at: 21-04-2026 11:56:13 PM [] []
[2026-04-21 23:56:14] SlimMonoLogger.INFO: Cron ran at: 21-04-2026 11:56:14 PM [] []
[2026-04-21 23:56:16] SlimMonoLogger.INFO: Cron ran at: 21-04-2026 11:56:16 PM [] []
[2026-04-21 23:56:36] SlimMonoLogger.INFO: Cron ran at: 21-04-2026 11:56:36 PM [] []
[2026-04-21 23:56:46] SlimMonoLogger.INFO: Cron ran at: 21-04-2026 11:56:46 PM [] []
[2026-04-21 23:57:18] SlimMonoLogger.INFO: Cron ran at: 21-04-2026 11:57:18 PM [] []
[2026-04-21 23:57:18] SlimMonoLogger.INFO: Cron ran at: 21-04-2026 11:57:18 PM [] []
[2026-04-21 23:57:19] SlimMonoLogger.INFO: Cron ran at: 21-04-2026 11:57:19 PM [] []
[2026-04-21 23:57:30] SlimMonoLogger.INFO: Cron ran at: 21-04-2026 11:57:30 PM [] []
[2026-04-21 23:57:48] SlimMonoLogger.INFO: Cron ran at: 21-04-2026 11:57:48 PM [] []
[2026-04-21 23:58:15] SlimMonoLogger.INFO: Cron ran at: 21-04-2026 11:58:15 PM [] []
[2026-04-21 23:58:23] SlimMonoLogger.INFO: Cron ran at: 21-04-2026 11:58:23 PM [] []
[2026-04-21 23:58:23] SlimMonoLogger.INFO: Cron ran at: 21-04-2026 11:58:23 PM [] []
[2026-04-21 23:58:30] SlimMonoLogger.INFO: Cron ran at: 21-04-2026 11:58:30 PM [] []
[2026-04-21 23:58:59] SlimMonoLogger.INFO: Cron ran at: 21-04-2026 11:58:59 PM [] []
[2026-04-21 23:59:16] SlimMonoLogger.INFO: Cron ran at: 21-04-2026 11:59:16 PM [] []
[2026-04-21 23:59:21] SlimMonoLogger.INFO: Cron ran at: 21-04-2026 11:59:21 PM [] []
[2026-04-21 23:59:21] SlimMonoLogger.INFO: Cron ran at: 21-04-2026 11:59:21 PM [] []
[2026-04-21 23:59:37] SlimMonoLogger.INFO: Cron ran at: 21-04-2026 11:59:37 PM [] []
[2026-04-21 23:59:57] SlimMonoLogger.INFO: Cron ran at: 21-04-2026 11:59:57 PM [] []
[2026-04-22 00:00:20] SlimMonoLogger.INFO: Cron ran at: 22-04-2026 12:00:20 AM [] []
[2026-04-22 00:00:28] SlimMonoLogger.INFO: Cron ran at: 22-04-2026 12:00:28 AM [] []
[2026-04-22 00:00:28] SlimMonoLogger.INFO: Cron ran at: 22-04-2026 12:00:28 AM [] []
[2026-04-22 00:00:44] SlimMonoLogger.INFO: Cron ran at: 22-04-2026 12:00:44 AM [] []
[2026-04-22 00:01:05] SlimMonoLogger.INFO: Cron ran at: 22-04-2026 12:01:05 AM [] []
[2026-04-22 00:01:21] SlimMonoLogger.INFO: Cron ran at: 22-04-2026 12:01:21 AM [] []
[2026-04-22 00:01:23] SlimMonoLogger.INFO: Cron ran at: 22-04-2026 12:01:23 AM [] []
[2026-04-22 00:01:24] SlimMonoLogger.INFO: Cron ran at: 22-04-2026 12:01:24 AM [] []
[2026-04-22 00:01:31] SlimMonoLogger.INFO: Cron ran at: 22-04-2026 12:01:31 AM [] []
[2026-04-22 00:01:37] SlimMonoLogger.INFO: Cron ran at: 22-04-2026 12:01:37 AM [] []
[2026-04-22 00:02:08] SlimMonoLogger.INFO: Cron ran at: 22-04-2026 12:02:08 AM [] []
[2026-04-22 00:02:19] SlimMonoLogger.INFO: Cron ran at: 22-04-2026 12:02:19 AM [] []
[2026-04-22 00:02:19] SlimMonoLogger.INFO: Cron ran at: 22-04-2026 12:02:19 AM [] []
[2026-04-22 00:02:29] SlimMonoLogger.INFO: Cron ran at: 22-04-2026 12:02:29 AM [] []
[2026-04-22 00:02:29] SlimMonoLogger.INFO: Cron ran at: 22-04-2026 12:02:29 AM [] []
[2026-04-22 00:02:41] SlimMonoLogger.INFO: Cron ran at: 22-04-2026 12:02:41 AM [] []
[2026-04-22 00:03:06] SlimMonoLogger.INFO: Cron ran at: 22-04-2026 12:03:06 AM [] []
[2026-04-22 00:03:12] SlimMonoLogger.INFO: Cron ran at: 22-04-2026 12:03:12 AM [] []
[2026-04-22 00:03:16] SlimMonoLogger.INFO: Cron ran at: 22-04-2026 12:03:16 AM [] []
[2026-04-22 00:03:23] SlimMonoLogger.INFO: Cron ran at: 22-04-2026 12:03:23 AM [] []
[2026-04-22 00:03:24] SlimMonoLogger.INFO: Cron ran at: 22-04-2026 12:03:24 AM [] []
[2026-04-22 00:03:40] SlimMonoLogger.INFO: Cron ran at: 22-04-2026 12:03:40 AM [] []
[2026-04-22 00:04:03] SlimMonoLogger.INFO: Cron ran at: 22-04-2026 12:04:03 AM [] []
[2026-04-22 00:04:11] SlimMonoLogger.INFO: Cron ran at: 22-04-2026 12:04:11 AM [] []
[2026-04-22 00:04:12] SlimMonoLogger.INFO: Cron ran at: 22-04-2026 12:04:12 AM [] []
[2026-04-22 00:04:24] SlimMonoLogger.INFO: Cron ran at: 22-04-2026 12:04:24 AM [] []
[2026-04-22 00:04:25] SlimMonoLogger.INFO: Cron ran at: 22-04-2026 12:04:25 AM [] []
[2026-04-22 00:04:32] SlimMonoLogger.INFO: Cron ran at: 22-04-2026 12:04:32 AM [] []
[2026-04-22 00:05:05] SlimMonoLogger.INFO: Cron ran at: 22-04-2026 12:05:05 AM [] []
[2026-04-22 00:05:06] SlimMonoLogger.INFO: Cron ran at: 22-04-2026 12:05:06 AM [] []
[2026-04-22 00:05:14] SlimMonoLogger.INFO: Cron ran at: 22-04-2026 12:05:14 AM [] []
[2026-04-22 00:05:14] SlimMonoLogger.INFO: Cron ran at: 22-04-2026 12:05:14 AM [] []
[2026-04-22 00:06:02] SlimMonoLogger.INFO: Cron ran at: 22-04-2026 12:06:02 AM [] []
[2026-04-22 00:11:23] SlimMonoLogger.INFO: Cron ran at: 22-04-2026 12:11:23 AM [] []
[2026-04-22 00:12:27] SlimMonoLogger.INFO: Cron ran at: 22-04-2026 12:12:27 AM [] []
[2026-04-22 00:13:19] SlimMonoLogger.INFO: Cron ran at: 22-04-2026 12:13:19 AM [] []
[2026-04-22 00:14:18] SlimMonoLogger.INFO: Cron ran at: 22-04-2026 12:14:18 AM [] []
[2026-04-22 00:15:21] SlimMonoLogger.INFO: Cron ran at: 22-04-2026 12:15:21 AM [] []
[2026-04-22 00:16:05] SlimMonoLogger.INFO: Cron ran at: 22-04-2026 12:16:05 AM [] []
[2026-04-22 00:16:17] SlimMonoLogger.INFO: Cron ran at: 22-04-2026 12:16:17 AM [] []
[2026-04-22 00:17:08] SlimMonoLogger.INFO: Cron ran at: 22-04-2026 12:17:08 AM [] []
[2026-04-22 00:17:20] SlimMonoLogger.INFO: Cron ran at: 22-04-2026 12:17:20 AM [] []
[2026-04-22 00:18:05] SlimMonoLogger.INFO: Cron ran at: 22-04-2026 12:18:05 AM [] []
[2026-04-22 00:18:19] SlimMonoLogger.INFO: Cron ran at: 22-04-2026 12:18:19 AM [] []
[2026-04-22 00:19:05] SlimMonoLogger.INFO: Cron ran at: 22-04-2026 12:19:05 AM [] []
[2026-04-22 00:19:21] SlimMonoLogger.INFO: Cron ran at: 22-04-2026 12:19:21 AM [] []
[2026-04-22 00:20:09] SlimMonoLogger.INFO: Cron ran at: 22-04-2026 12:20:09 AM [] []
[2026-04-22 00:20:22] SlimMonoLogger.INFO: Cron ran at: 22-04-2026 12:20:22 AM [] []
[2026-04-22 00:21:07] SlimMonoLogger.INFO: Cron ran at: 22-04-2026 12:21:07 AM [] []
[2026-04-22 00:21:08] SlimMonoLogger.INFO: Cron ran at: 22-04-2026 12:21:08 AM [] []
[2026-04-22 00:21:23] SlimMonoLogger.INFO: Cron ran at: 22-04-2026 12:21:23 AM [] []
[2026-04-22 00:22:06] SlimMonoLogger.INFO: Cron ran at: 22-04-2026 12:22:06 AM [] []
[2026-04-22 00:22:08] SlimMonoLogger.INFO: Cron ran at: 22-04-2026 12:22:08 AM [] []
[2026-04-22 00:22:24] SlimMonoLogger.INFO: Cron ran at: 22-04-2026 12:22:24 AM [] []
[2026-04-22 00:23:08] SlimMonoLogger.INFO: Cron ran at: 22-04-2026 12:23:08 AM [] []
[2026-04-22 00:23:11] SlimMonoLogger.INFO: Cron ran at: 22-04-2026 12:23:11 AM [] []
[2026-04-22 00:23:29] SlimMonoLogger.INFO: Cron ran at: 22-04-2026 12:23:29 AM [] []
[2026-04-22 00:24:08] SlimMonoLogger.INFO: Cron ran at: 22-04-2026 12:24:08 AM [] []
[2026-04-22 00:24:09] SlimMonoLogger.INFO: Cron ran at: 22-04-2026 12:24:09 AM [] []
[2026-04-22 00:24:26] SlimMonoLogger.INFO: Cron ran at: 22-04-2026 12:24:26 AM [] []
[2026-04-22 00:25:09] SlimMonoLogger.INFO: Cron ran at: 22-04-2026 12:25:09 AM [] []
[2026-04-22 00:25:11] SlimMonoLogger.INFO: Cron ran at: 22-04-2026 12:25:11 AM [] []
[2026-04-22 00:26:05] SlimMonoLogger.INFO: Cron ran at: 22-04-2026 12:26:05 AM [] []
[2026-04-22 00:26:06] SlimMonoLogger.INFO: Cron ran at: 22-04-2026 12:26:06 AM [] []
[2026-04-22 00:27:08] SlimMonoLogger.INFO: Cron ran at: 22-04-2026 12:27:08 AM [] []
[2026-04-22 00:28:07] SlimMonoLogger.INFO: Cron ran at: 22-04-2026 12:28:07 AM [] []
[2026-04-22 00:29:08] SlimMonoLogger.INFO: Cron ran at: 22-04-2026 12:29:08 AM [] []
[2026-04-22 00:30:07] SlimMonoLogger.INFO: Cron ran at: 22-04-2026 12:30:07 AM [] []
[2026-04-22 00:31:06] SlimMonoLogger.INFO: Cron ran at: 22-04-2026 12:31:06 AM [] []
[2026-04-22 00:31:06] SlimMonoLogger.INFO: Cron ran at: 22-04-2026 12:31:06 AM [] []
[2026-04-22 00:32:07] SlimMonoLogger.INFO: Cron ran at: 22-04-2026 12:32:07 AM [] []
[2026-04-22 00:32:08] SlimMonoLogger.INFO: Cron ran at: 22-04-2026 12:32:08 AM [] []
[2026-04-22 00:33:07] SlimMonoLogger.INFO: Cron ran at: 22-04-2026 12:33:07 AM [] []
[2026-04-22 00:33:07] SlimMonoLogger.INFO: Cron ran at: 22-04-2026 12:33:07 AM [] []
[2026-04-22 00:34:08] SlimMonoLogger.INFO: Cron ran at: 22-04-2026 12:34:08 AM [] []
[2026-04-22 00:35:08] SlimMonoLogger.INFO: Cron ran at: 22-04-2026 12:35:08 AM [] []
[2026-04-22 00:36:14] SlimMonoLogger.INFO: Cron ran at: 22-04-2026 12:36:14 AM [] []
[2026-04-22 00:36:15] SlimMonoLogger.INFO: Cron ran at: 22-04-2026 12:36:15 AM [] []
[2026-04-22 00:37:10] SlimMonoLogger.INFO: Cron ran at: 22-04-2026 12:37:10 AM [] []
[2026-04-22 00:37:11] SlimMonoLogger.INFO: Cron ran at: 22-04-2026 12:37:11 AM [] []
[2026-04-22 00:38:15] SlimMonoLogger.INFO: Cron ran at: 22-04-2026 12:38:15 AM [] []
[2026-04-22 00:38:15] SlimMonoLogger.INFO: Cron ran at: 22-04-2026 12:38:15 AM [] []
[2026-04-22 00:39:10] SlimMonoLogger.INFO: Cron ran at: 22-04-2026 12:39:10 AM [] []
[2026-04-22 00:39:11] SlimMonoLogger.INFO: Cron ran at: 22-04-2026 12:39:11 AM [] []
[2026-04-22 00:40:07] SlimMonoLogger.INFO: Cron ran at: 22-04-2026 12:40:07 AM [] []
[2026-04-22 00:40:13] SlimMonoLogger.INFO: Cron ran at: 22-04-2026 12:40:13 AM [] []
[2026-04-22 00:41:09] SlimMonoLogger.INFO: Cron ran at: 22-04-2026 12:41:09 AM [] []
[2026-04-22 00:41:11] SlimMonoLogger.INFO: Cron ran at: 22-04-2026 12:41:11 AM [] []
[2026-04-22 00:41:15] SlimMonoLogger.INFO: Cron ran at: 22-04-2026 12:41:15 AM [] []
[2026-04-22 00:42:08] SlimMonoLogger.INFO: Cron ran at: 22-04-2026 12:42:08 AM [] []
[2026-04-22 00:42:08] SlimMonoLogger.INFO: Cron ran at: 22-04-2026 12:42:08 AM [] []
[2026-04-22 00:42:14] SlimMonoLogger.INFO: Cron ran at: 22-04-2026 12:42:14 AM [] []
[2026-04-22 00:43:13] SlimMonoLogger.INFO: Cron ran at: 22-04-2026 12:43:13 AM [] []
[2026-04-22 00:43:13] SlimMonoLogger.INFO: Cron ran at: 22-04-2026 12:43:13 AM [] []
[2026-04-22 00:43:27] SlimMonoLogger.INFO: Cron ran at: 22-04-2026 12:43:27 AM [] []
[2026-04-22 00:44:12] SlimMonoLogger.INFO: Cron ran at: 22-04-2026 12:44:12 AM [] []
[2026-04-22 00:44:13] SlimMonoLogger.INFO: Cron ran at: 22-04-2026 12:44:13 AM [] []
[2026-04-22 00:44:17] SlimMonoLogger.INFO: Cron ran at: 22-04-2026 12:44:17 AM [] []
[2026-04-22 00:45:08] SlimMonoLogger.INFO: Cron ran at: 22-04-2026 12:45:08 AM [] []
[2026-04-22 00:45:09] SlimMonoLogger.INFO: Cron ran at: 22-04-2026 12:45:09 AM [] []
[2026-04-22 00:45:16] SlimMonoLogger.INFO: Cron ran at: 22-04-2026 12:45:16 AM [] []
[2026-04-22 00:46:07] SlimMonoLogger.INFO: Cron ran at: 22-04-2026 12:46:07 AM [] []
[2026-04-22 00:46:08] SlimMonoLogger.INFO: Cron ran at: 22-04-2026 12:46:08 AM [] []
[2026-04-22 00:47:07] SlimMonoLogger.INFO: Cron ran at: 22-04-2026 12:47:07 AM [] []
[2026-04-22 00:47:07] SlimMonoLogger.INFO: Cron ran at: 22-04-2026 12:47:07 AM [] []
[2026-04-22 00:48:10] SlimMonoLogger.INFO: Cron ran at: 22-04-2026 12:48:10 AM [] []
[2026-04-22 00:49:12] SlimMonoLogger.INFO: Cron ran at: 22-04-2026 12:49:12 AM [] []
[2026-04-22 00:50:06] SlimMonoLogger.INFO: Cron ran at: 22-04-2026 12:50:06 AM [] []
[2026-04-22 00:51:05] SlimMonoLogger.INFO: Cron ran at: 22-04-2026 12:51:05 AM [] []
[2026-04-22 00:51:06] SlimMonoLogger.INFO: Cron ran at: 22-04-2026 12:51:06 AM [] []
[2026-04-22 00:52:10] SlimMonoLogger.INFO: Cron ran at: 22-04-2026 12:52:10 AM [] []
[2026-04-22 00:52:10] SlimMonoLogger.INFO: Cron ran at: 22-04-2026 12:52:10 AM [] []
[2026-04-22 00:53:05] SlimMonoLogger.INFO: Cron ran at: 22-04-2026 12:53:05 AM [] []
[2026-04-22 00:53:05] SlimMonoLogger.INFO: Cron ran at: 22-04-2026 12:53:05 AM [] []
[2026-04-22 00:54:08] SlimMonoLogger.INFO: Cron ran at: 22-04-2026 12:54:08 AM [] []
[2026-04-22 00:55:10] SlimMonoLogger.INFO: Cron ran at: 22-04-2026 12:55:10 AM [] []
[2026-04-22 00:56:04] SlimMonoLogger.INFO: Cron ran at: 22-04-2026 12:56:04 AM [] []
[2026-04-22 00:56:05] SlimMonoLogger.INFO: Cron ran at: 22-04-2026 12:56:05 AM [] []
[2026-04-22 00:57:04] SlimMonoLogger.INFO: Cron ran at: 22-04-2026 12:57:04 AM [] []
[2026-04-22 00:58:09] SlimMonoLogger.INFO: Cron ran at: 22-04-2026 12:58:09 AM [] []
[2026-04-22 00:59:03] SlimMonoLogger.INFO: Cron ran at: 22-04-2026 12:59:03 AM [] []
[2026-04-22 01:01:11] SlimMonoLogger.INFO: Cron ran at: 22-04-2026 01:01:11 AM [] []
[2026-04-22 01:02:12] SlimMonoLogger.INFO: Cron ran at: 22-04-2026 01:02:12 AM [] []
[2026-04-22 01:03:09] SlimMonoLogger.INFO: Cron ran at: 22-04-2026 01:03:09 AM [] []
[2026-04-22 01:04:10] SlimMonoLogger.INFO: Cron ran at: 22-04-2026 01:04:10 AM [] []
[2026-04-22 01:05:10] SlimMonoLogger.INFO: Cron ran at: 22-04-2026 01:05:10 AM [] []
[2026-04-22 01:06:09] SlimMonoLogger.INFO: Cron ran at: 22-04-2026 01:06:09 AM [] []
[2026-04-22 01:06:10] SlimMonoLogger.INFO: Cron ran at: 22-04-2026 01:06:10 AM [] []
[2026-04-22 01:07:08] SlimMonoLogger.INFO: Cron ran at: 22-04-2026 01:07:08 AM [] []
[2026-04-22 01:07:12] SlimMonoLogger.INFO: Cron ran at: 22-04-2026 01:07:12 AM [] []
[2026-04-22 01:08:09] SlimMonoLogger.INFO: Cron ran at: 22-04-2026 01:08:09 AM [] []
[2026-04-22 01:08:10] SlimMonoLogger.INFO: Cron ran at: 22-04-2026 01:08:10 AM [] []
[2026-04-22 01:09:05] SlimMonoLogger.INFO: Cron ran at: 22-04-2026 01:09:05 AM [] []
[2026-04-22 01:09:05] SlimMonoLogger.INFO: Cron ran at: 22-04-2026 01:09:05 AM [] []
[2026-04-22 01:11:08] SlimMonoLogger.INFO: Cron ran at: 22-04-2026 01:11:08 AM [] []
[2026-04-22 01:12:07] SlimMonoLogger.INFO: Cron ran at: 22-04-2026 01:12:07 AM [] []
[2026-04-22 01:13:14] SlimMonoLogger.INFO: Cron ran at: 22-04-2026 01:13:14 AM [] []
[2026-04-22 01:14:09] SlimMonoLogger.INFO: Cron ran at: 22-04-2026 01:14:09 AM [] []
[2026-04-22 01:15:09] SlimMonoLogger.INFO: Cron ran at: 22-04-2026 01:15:09 AM [] []
[2026-04-22 01:16:14] SlimMonoLogger.INFO: Cron ran at: 22-04-2026 01:16:14 AM [] []
[2026-04-22 01:16:15] SlimMonoLogger.INFO: Cron ran at: 22-04-2026 01:16:15 AM [] []
[2026-04-22 01:17:16] SlimMonoLogger.INFO: Cron ran at: 22-04-2026 01:17:16 AM [] []
[2026-04-22 01:17:24] SlimMonoLogger.INFO: Cron ran at: 22-04-2026 01:17:24 AM [] []
[2026-04-22 01:18:08] SlimMonoLogger.INFO: Cron ran at: 22-04-2026 01:18:08 AM [] []
[2026-04-22 01:18:08] SlimMonoLogger.INFO: Cron ran at: 22-04-2026 01:18:08 AM [] []
[2026-04-22 01:19:12] SlimMonoLogger.INFO: Cron ran at: 22-04-2026 01:19:12 AM [] []
[2026-04-22 01:20:10] SlimMonoLogger.INFO: Cron ran at: 22-04-2026 01:20:10 AM [] []
[2026-04-22 01:21:12] SlimMonoLogger.INFO: Cron ran at: 22-04-2026 01:21:12 AM [] []
[2026-04-22 01:21:12] SlimMonoLogger.INFO: Cron ran at: 22-04-2026 01:21:12 AM [] []
[2026-04-22 01:22:10] SlimMonoLogger.INFO: Cron ran at: 22-04-2026 01:22:10 AM [] []
[2026-04-22 01:22:10] SlimMonoLogger.INFO: Cron ran at: 22-04-2026 01:22:10 AM [] []
[2026-04-22 01:23:10] SlimMonoLogger.INFO: Cron ran at: 22-04-2026 01:23:10 AM [] []
[2026-04-22 01:23:10] SlimMonoLogger.INFO: Cron ran at: 22-04-2026 01:23:10 AM [] []
[2026-04-22 01:24:09] SlimMonoLogger.INFO: Cron ran at: 22-04-2026 01:24:09 AM [] []
[2026-04-22 01:24:10] SlimMonoLogger.INFO: Cron ran at: 22-04-2026 01:24:10 AM [] []
[2026-04-22 01:25:14] SlimMonoLogger.INFO: Cron ran at: 22-04-2026 01:25:14 AM [] []
[2026-04-22 01:25:15] SlimMonoLogger.INFO: Cron ran at: 22-04-2026 01:25:15 AM [] []
[2026-04-22 01:26:09] SlimMonoLogger.INFO: Cron ran at: 22-04-2026 01:26:09 AM [] []
[2026-04-22 01:26:14] SlimMonoLogger.INFO: Cron ran at: 22-04-2026 01:26:14 AM [] []
[2026-04-22 01:26:20] SlimMonoLogger.INFO: Cron ran at: 22-04-2026 01:26:20 AM [] []
[2026-04-22 01:27:09] SlimMonoLogger.INFO: Cron ran at: 22-04-2026 01:27:09 AM [] []
[2026-04-22 01:27:10] SlimMonoLogger.INFO: Cron ran at: 22-04-2026 01:27:10 AM [] []
[2026-04-22 01:27:14] SlimMonoLogger.INFO: Cron ran at: 22-04-2026 01:27:14 AM [] []
[2026-04-22 01:28:12] SlimMonoLogger.INFO: Cron ran at: 22-04-2026 01:28:12 AM [] []
[2026-04-22 01:28:12] SlimMonoLogger.INFO: Cron ran at: 22-04-2026 01:28:12 AM [] []
[2026-04-22 01:28:23] SlimMonoLogger.INFO: Cron ran at: 22-04-2026 01:28:23 AM [] []
[2026-04-22 01:29:07] SlimMonoLogger.INFO: Cron ran at: 22-04-2026 01:29:07 AM [] []
[2026-04-22 01:29:08] SlimMonoLogger.INFO: Cron ran at: 22-04-2026 01:29:08 AM [] []
[2026-04-22 01:29:17] SlimMonoLogger.INFO: Cron ran at: 22-04-2026 01:29:17 AM [] []
[2026-04-22 01:30:11] SlimMonoLogger.INFO: Cron ran at: 22-04-2026 01:30:11 AM [] []
[2026-04-22 01:30:18] SlimMonoLogger.INFO: Cron ran at: 22-04-2026 01:30:18 AM [] []
[2026-04-22 01:31:09] SlimMonoLogger.INFO: Cron ran at: 22-04-2026 01:31:09 AM [] []
[2026-04-22 01:31:14] SlimMonoLogger.INFO: Cron ran at: 22-04-2026 01:31:14 AM [] []
[2026-04-22 01:31:26] SlimMonoLogger.INFO: Cron ran at: 22-04-2026 01:31:26 AM [] []
[2026-04-22 01:32:08] SlimMonoLogger.INFO: Cron ran at: 22-04-2026 01:32:08 AM [] []
[2026-04-22 01:32:12] SlimMonoLogger.INFO: Cron ran at: 22-04-2026 01:32:12 AM [] []
[2026-04-22 01:32:27] SlimMonoLogger.INFO: Cron ran at: 22-04-2026 01:32:27 AM [] []
[2026-04-22 01:33:14] SlimMonoLogger.INFO: Cron ran at: 22-04-2026 01:33:14 AM [] []
[2026-04-22 01:33:15] SlimMonoLogger.INFO: Cron ran at: 22-04-2026 01:33:15 AM [] []
[2026-04-22 01:33:29] SlimMonoLogger.INFO: Cron ran at: 22-04-2026 01:33:29 AM [] []
[2026-04-22 01:34:14] SlimMonoLogger.INFO: Cron ran at: 22-04-2026 01:34:14 AM [] []
[2026-04-22 01:34:14] SlimMonoLogger.INFO: Cron ran at: 22-04-2026 01:34:14 AM [] []
[2026-04-22 01:34:34] SlimMonoLogger.INFO: Cron ran at: 22-04-2026 01:34:34 AM [] []
[2026-04-22 01:35:10] SlimMonoLogger.INFO: Cron ran at: 22-04-2026 01:35:10 AM [] []
[2026-04-22 01:35:16] SlimMonoLogger.INFO: Cron ran at: 22-04-2026 01:35:16 AM [] []
[2026-04-22 01:35:32] SlimMonoLogger.INFO: Cron ran at: 22-04-2026 01:35:32 AM [] []
[2026-04-22 01:36:11] SlimMonoLogger.INFO: Cron ran at: 22-04-2026 01:36:11 AM [] []
[2026-04-22 01:36:12] SlimMonoLogger.INFO: Cron ran at: 22-04-2026 01:36:12 AM [] []
[2026-04-22 01:36:16] SlimMonoLogger.INFO: Cron ran at: 22-04-2026 01:36:16 AM [] []
[2026-04-22 01:36:36] SlimMonoLogger.INFO: Cron ran at: 22-04-2026 01:36:36 AM [] []
[2026-04-22 01:37:13] SlimMonoLogger.INFO: Cron ran at: 22-04-2026 01:37:13 AM [] []
[2026-04-22 01:37:14] SlimMonoLogger.INFO: Cron ran at: 22-04-2026 01:37:14 AM [] []
[2026-04-22 01:37:20] SlimMonoLogger.INFO: Cron ran at: 22-04-2026 01:37:20 AM [] []
[2026-04-22 01:37:42] SlimMonoLogger.INFO: Cron ran at: 22-04-2026 01:37:42 AM [] []
[2026-04-22 01:38:11] SlimMonoLogger.INFO: Cron ran at: 22-04-2026 01:38:11 AM [] []
[2026-04-22 01:38:13] SlimMonoLogger.INFO: Cron ran at: 22-04-2026 01:38:13 AM [] []
[2026-04-22 01:38:25] SlimMonoLogger.INFO: Cron ran at: 22-04-2026 01:38:25 AM [] []
[2026-04-22 01:38:43] SlimMonoLogger.INFO: Cron ran at: 22-04-2026 01:38:43 AM [] []
[2026-04-22 01:39:14] SlimMonoLogger.INFO: Cron ran at: 22-04-2026 01:39:14 AM [] []
[2026-04-22 01:39:17] SlimMonoLogger.INFO: Cron ran at: 22-04-2026 01:39:17 AM [] []
[2026-04-22 01:39:33] SlimMonoLogger.INFO: Cron ran at: 22-04-2026 01:39:33 AM [] []
[2026-04-22 01:40:57] SlimMonoLogger.ERROR: Requests_Exception: cURL error 35: Recv failure: Connection reset by peer in /home/latihtal/public_html/agregator1/src/vendor/rmccue/requests/library/Requests/Transport/cURL.php:422
Stack trace:
#0 /home/latihtal/public_html/agregator1/src/vendor/rmccue/requests/library/Requests/Transport/cURL.php(177): Requests_Transport_cURL->process_response()
#1 /home/latihtal/public_html/agregator1/src/vendor/rmccue/requests/library/Requests.php(379): Requests_Transport_cURL->request()
#2 /home/latihtal/public_html/agregator1/src/vendor/rmccue/requests/library/Requests/Session.php(205): Requests::request()
#3 /home/latihtal/public_html/agregator1/src/vendor/rmccue/requests/library/Requests/Session.php(132): Requests_Session->request()
#4 /home/latihtal/public_html/agregator1/src/drivers/Http/RssImporter.php(144): Requests_Session->get()
#5 /home/latihtal/public_html/agregator1/src/controllers/Dashboard/DashboardFeedsController.php(534): spark\drivers\Http\RssImporter->fetchPosts()
#6 /home/latihtal/public_html/agregator1/src/controllers/Site/SiteController.php(722): spark\controllers\Dashboard\DashboardFeedsController::importFeedPosts()
#7 [internal function]: spark\controllers\Site\SiteController->runTasks()
#8 /home/latihtal/public_html/agregator1/src/framework/Route.php(173): call_user_func_array()
#9 [internal function]: Slim\Route->Slim\{closure}()
#10 /home/latihtal/public_html/agregator1/src/framework/Route.php(468): call_user_func_array()
#11 /home/latihtal/public_html/agregator1/src/framework/Slim.php(1364): Slim\Route->dispatch()
#12 /home/latihtal/public_html/agregator1/src/framework/Middleware/Flash.php(85): Slim\Slim->call()
#13 /home/latihtal/public_html/agregator1/src/framework/Middleware/MethodOverride.php(92): Slim\Middleware\Flash->call()
#14 /home/latihtal/public_html/agregator1/src/middlewares/CsrfGuard/CsrfGuard.php(47): Slim\Middleware\MethodOverride->call()
#15 /home/latihtal/public_html/agregator1/src/framework/Middleware/PrettyExceptions.php(67): spark\middlewares\CsrfGuard\CsrfGuard->call()
#16 /home/latihtal/public_html/agregator1/src/framework/Slim.php(1308): Slim\Middleware\PrettyExceptions->call()
#17 /home/latihtal/public_html/agregator1/index.php(6): Slim\Slim->run()
#18 {main} [] []
[2026-04-22 01:41:07] SlimMonoLogger.INFO: Cron ran at: 22-04-2026 01:41:07 AM [] []
[2026-04-22 01:41:24] SlimMonoLogger.INFO: Cron ran at: 22-04-2026 01:41:24 AM [] []
[2026-04-22 01:43:31] SlimMonoLogger.INFO: Cron ran at: 22-04-2026 01:43:31 AM [] []
[2026-04-22 01:43:32] SlimMonoLogger.INFO: Cron ran at: 22-04-2026 01:43:32 AM [] []
[2026-04-22 01:43:37] SlimMonoLogger.INFO: Cron ran at: 22-04-2026 01:43:37 AM [] []
[2026-04-22 01:43:41] SlimMonoLogger.INFO: Cron ran at: 22-04-2026 01:43:41 AM [] []
[2026-04-22 01:43:47] SlimMonoLogger.INFO: Cron ran at: 22-04-2026 01:43:47 AM [] []
[2026-04-22 01:44:14] SlimMonoLogger.INFO: Cron ran at: 22-04-2026 01:44:14 AM [] []
[2026-04-22 01:44:34] SlimMonoLogger.INFO: Cron ran at: 22-04-2026 01:44:34 AM [] []
[2026-04-22 01:44:34] SlimMonoLogger.INFO: Cron ran at: 22-04-2026 01:44:34 AM [] []
[2026-04-22 01:44:36] SlimMonoLogger.INFO: Cron ran at: 22-04-2026 01:44:36 AM [] []
[2026-04-22 01:44:38] SlimMonoLogger.INFO: Cron ran at: 22-04-2026 01:44:38 AM [] []
[2026-04-22 01:45:01] SlimMonoLogger.INFO: Cron ran at: 22-04-2026 01:45:01 AM [] []
[2026-04-22 01:45:16] SlimMonoLogger.INFO: Cron ran at: 22-04-2026 01:45:16 AM [] []
[2026-04-22 01:45:19] SlimMonoLogger.INFO: Cron ran at: 22-04-2026 01:45:19 AM [] []
[2026-04-22 01:45:20] SlimMonoLogger.INFO: Cron ran at: 22-04-2026 01:45:20 AM [] []
[2026-04-22 01:46:07] SlimMonoLogger.INFO: Cron ran at: 22-04-2026 01:46:07 AM [] []
[2026-04-22 01:46:09] SlimMonoLogger.INFO: Cron ran at: 22-04-2026 01:46:09 AM [] []
[2026-04-22 01:46:20] SlimMonoLogger.INFO: Cron ran at: 22-04-2026 01:46:20 AM [] []
[2026-04-22 01:46:26] SlimMonoLogger.INFO: Cron ran at: 22-04-2026 01:46:26 AM [] []
[2026-04-22 01:46:36] SlimMonoLogger.INFO: Cron ran at: 22-04-2026 01:46:36 AM [] []
[2026-04-22 01:47:16] SlimMonoLogger.INFO: Cron ran at: 22-04-2026 01:47:16 AM [] []
[2026-04-22 01:47:19] SlimMonoLogger.INFO: Cron ran at: 22-04-2026 01:47:19 AM [] []
[2026-04-22 01:47:22] SlimMonoLogger.INFO: Cron ran at: 22-04-2026 01:47:22 AM [] []
[2026-04-22 01:47:55] SlimMonoLogger.ERROR: Requests_Exception: cURL error 28: Operation timed out after 500001 milliseconds with 24293 bytes received in /home/latihtal/public_html/agregator1/src/vendor/rmccue/requests/library/Requests/Transport/cURL.php:422
Stack trace:
#0 /home/latihtal/public_html/agregator1/src/vendor/rmccue/requests/library/Requests/Transport/cURL.php(177): Requests_Transport_cURL->process_response()
#1 /home/latihtal/public_html/agregator1/src/vendor/rmccue/requests/library/Requests.php(379): Requests_Transport_cURL->request()
#2 /home/latihtal/public_html/agregator1/src/vendor/rmccue/requests/library/Requests/Session.php(205): Requests::request()
#3 /home/latihtal/public_html/agregator1/src/vendor/rmccue/requests/library/Requests/Session.php(132): Requests_Session->request()
#4 /home/latihtal/public_html/agregator1/src/drivers/Http/RssImporter.php(144): Requests_Session->get()
#5 /home/latihtal/public_html/agregator1/src/controllers/Dashboard/DashboardFeedsController.php(534): spark\drivers\Http\RssImporter->fetchPosts()
#6 /home/latihtal/public_html/agregator1/src/controllers/Site/SiteController.php(722): spark\controllers\Dashboard\DashboardFeedsController::importFeedPosts()
#7 [internal function]: spark\controllers\Site\SiteController->runTasks()
#8 /home/latihtal/public_html/agregator1/src/framework/Route.php(173): call_user_func_array()
#9 [internal function]: Slim\Route->Slim\{closure}()
#10 /home/latihtal/public_html/agregator1/src/framework/Route.php(468): call_user_func_array()
#11 /home/latihtal/public_html/agregator1/src/framework/Slim.php(1364): Slim\Route->dispatch()
#12 /home/latihtal/public_html/agregator1/src/framework/Middleware/Flash.php(85): Slim\Slim->call()
#13 /home/latihtal/public_html/agregator1/src/framework/Middleware/MethodOverride.php(92): Slim\Middleware\Flash->call()
#14 /home/latihtal/public_html/agregator1/src/middlewares/CsrfGuard/CsrfGuard.php(47): Slim\Middleware\MethodOverride->call()
#15 /home/latihtal/public_html/agregator1/src/framework/Middleware/PrettyExceptions.php(67): spark\middlewares\CsrfGuard\CsrfGuard->call()
#16 /home/latihtal/public_html/agregator1/src/framework/Slim.php(1308): Slim\Middleware\PrettyExceptions->call()
#17 /home/latihtal/public_html/agregator1/index.php(6): Slim\Slim->run()
#18 {main} [] []
[2026-04-22 01:48:04] SlimMonoLogger.INFO: Cron ran at: 22-04-2026 01:48:04 AM [] []
[2026-04-22 01:48:05] SlimMonoLogger.ERROR: Requests_Exception: cURL error 28: Connection timed out after 500002 milliseconds in /home/latihtal/public_html/agregator1/src/vendor/rmccue/requests/library/Requests/Transport/cURL.php:422
Stack trace:
#0 /home/latihtal/public_html/agregator1/src/vendor/rmccue/requests/library/Requests/Transport/cURL.php(177): Requests_Transport_cURL->process_response()
#1 /home/latihtal/public_html/agregator1/src/vendor/rmccue/requests/library/Requests.php(379): Requests_Transport_cURL->request()
#2 /home/latihtal/public_html/agregator1/src/vendor/rmccue/requests/library/Requests/Session.php(205): Requests::request()
#3 /home/latihtal/public_html/agregator1/src/vendor/rmccue/requests/library/Requests/Session.php(132): Requests_Session->request()
#4 /home/latihtal/public_html/agregator1/src/drivers/Http/RssImporter.php(144): Requests_Session->get()
#5 /home/latihtal/public_html/agregator1/src/controllers/Dashboard/DashboardFeedsController.php(534): spark\drivers\Http\RssImporter->fetchPosts()
#6 /home/latihtal/public_html/agregator1/src/controllers/Site/SiteController.php(722): spark\controllers\Dashboard\DashboardFeedsController::importFeedPosts()
#7 [internal function]: spark\controllers\Site\SiteController->runTasks()
#8 /home/latihtal/public_html/agregator1/src/framework/Route.php(173): call_user_func_array()
#9 [internal function]: Slim\Route->Slim\{closure}()
#10 /home/latihtal/public_html/agregator1/src/framework/Route.php(468): call_user_func_array()
#11 /home/latihtal/public_html/agregator1/src/framework/Slim.php(1364): Slim\Route->dispatch()
#12 /home/latihtal/public_html/agregator1/src/framework/Middleware/Flash.php(85): Slim\Slim->call()
#13 /home/latihtal/public_html/agregator1/src/framework/Middleware/MethodOverride.php(92): Slim\Middleware\Flash->call()
#14 /home/latihtal/public_html/agregator1/src/middlewares/CsrfGuard/CsrfGuard.php(47): Slim\Middleware\MethodOverride->call()
#15 /home/latihtal/public_html/agregator1/src/framework/Middleware/PrettyExceptions.php(67): spark\middlewares\CsrfGuard\CsrfGuard->call()
#16 /home/latihtal/public_html/agregator1/src/framework/Slim.php(1308): Slim\Middleware\PrettyExceptions->call()
#17 /home/latihtal/public_html/agregator1/index.php(6): Slim\Slim->run()
#18 {main} [] []
[2026-04-22 01:48:18] SlimMonoLogger.INFO: Cron ran at: 22-04-2026 01:48:18 AM [] []
[2026-04-22 01:48:45] SlimMonoLogger.INFO: Cron ran at: 22-04-2026 01:48:45 AM [] []
[2026-04-22 01:49:00] SlimMonoLogger.INFO: Cron ran at: 22-04-2026 01:49:00 AM [] []
[2026-04-22 01:49:01] SlimMonoLogger.INFO: Cron ran at: 22-04-2026 01:49:01 AM [] []
[2026-04-22 01:49:09] SlimMonoLogger.INFO: Cron ran at: 22-04-2026 01:49:09 AM [] []
[2026-04-22 01:49:16] SlimMonoLogger.INFO: Cron ran at: 22-04-2026 01:49:16 AM [] []
[2026-04-22 01:49:17] SlimMonoLogger.INFO: Cron ran at: 22-04-2026 01:49:17 AM [] []
[2026-04-22 01:49:26] SlimMonoLogger.INFO: Cron ran at: 22-04-2026 01:49:26 AM [] []
[2026-04-22 01:49:27] SlimMonoLogger.INFO: Cron ran at: 22-04-2026 01:49:27 AM [] []
[2026-04-22 01:49:39] SlimMonoLogger.INFO: Cron ran at: 22-04-2026 01:49:39 AM [] []
[2026-04-22 01:50:15] SlimMonoLogger.INFO: Cron ran at: 22-04-2026 01:50:15 AM [] []
[2026-04-22 01:50:20] SlimMonoLogger.ERROR: Requests_Exception: cURL error 28: Operation timed out after 500001 milliseconds with 69536 bytes received in /home/latihtal/public_html/agregator1/src/vendor/rmccue/requests/library/Requests/Transport/cURL.php:422
Stack trace:
#0 /home/latihtal/public_html/agregator1/src/vendor/rmccue/requests/library/Requests/Transport/cURL.php(177): Requests_Transport_cURL->process_response()
#1 /home/latihtal/public_html/agregator1/src/vendor/rmccue/requests/library/Requests.php(379): Requests_Transport_cURL->request()
#2 /home/latihtal/public_html/agregator1/src/vendor/rmccue/requests/library/Requests/Session.php(205): Requests::request()
#3 /home/latihtal/public_html/agregator1/src/vendor/rmccue/requests/library/Requests/Session.php(132): Requests_Session->request()
#4 /home/latihtal/public_html/agregator1/src/drivers/Http/RssImporter.php(144): Requests_Session->get()
#5 /home/latihtal/public_html/agregator1/src/controllers/Dashboard/DashboardFeedsController.php(534): spark\drivers\Http\RssImporter->fetchPosts()
#6 /home/latihtal/public_html/agregator1/src/controllers/Site/SiteController.php(722): spark\controllers\Dashboard\DashboardFeedsController::importFeedPosts()
#7 [internal function]: spark\controllers\Site\SiteController->runTasks()
#8 /home/latihtal/public_html/agregator1/src/framework/Route.php(173): call_user_func_array()
#9 [internal function]: Slim\Route->Slim\{closure}()
#10 /home/latihtal/public_html/agregator1/src/framework/Route.php(468): call_user_func_array()
#11 /home/latihtal/public_html/agregator1/src/framework/Slim.php(1364): Slim\Route->dispatch()
#12 /home/latihtal/public_html/agregator1/src/framework/Middleware/Flash.php(85): Slim\Slim->call()
#13 /home/latihtal/public_html/agregator1/src/framework/Middleware/MethodOverride.php(92): Slim\Middleware\Flash->call()
#14 /home/latihtal/public_html/agregator1/src/middlewares/CsrfGuard/CsrfGuard.php(47): Slim\Middleware\MethodOverride->call()
#15 /home/latihtal/public_html/agregator1/src/framework/Middleware/PrettyExceptions.php(67): spark\middlewares\CsrfGuard\CsrfGuard->call()
#16 /home/latihtal/public_html/agregator1/src/framework/Slim.php(1308): Slim\Middleware\PrettyExceptions->call()
#17 /home/latihtal/public_html/agregator1/index.php(6): Slim\Slim->run()
#18 {main} [] []
[2026-04-22 01:50:25] SlimMonoLogger.INFO: Cron ran at: 22-04-2026 01:50:25 AM [] []
[2026-04-22 01:50:26] SlimMonoLogger.INFO: Cron ran at: 22-04-2026 01:50:26 AM [] []
[2026-04-22 01:50:27] SlimMonoLogger.INFO: Cron ran at: 22-04-2026 01:50:27 AM [] []
[2026-04-22 01:50:38] SlimMonoLogger.INFO: Cron ran at: 22-04-2026 01:50:38 AM [] []
[2026-04-22 01:50:45] SlimMonoLogger.ERROR: Requests_Exception: cURL error 28: Operation timed out after 500002 milliseconds with 52728 bytes received in /home/latihtal/public_html/agregator1/src/vendor/rmccue/requests/library/Requests/Transport/cURL.php:422
Stack trace:
#0 /home/latihtal/public_html/agregator1/src/vendor/rmccue/requests/library/Requests/Transport/cURL.php(177): Requests_Transport_cURL->process_response()
#1 /home/latihtal/public_html/agregator1/src/vendor/rmccue/requests/library/Requests.php(379): Requests_Transport_cURL->request()
#2 /home/latihtal/public_html/agregator1/src/vendor/rmccue/requests/library/Requests/Session.php(205): Requests::request()
#3 /home/latihtal/public_html/agregator1/src/vendor/rmccue/requests/library/Requests/Session.php(132): Requests_Session->request()
#4 /home/latihtal/public_html/agregator1/src/drivers/Http/RssImporter.php(144): Requests_Session->get()
#5 /home/latihtal/public_html/agregator1/src/controllers/Dashboard/DashboardFeedsController.php(534): spark\drivers\Http\RssImporter->fetchPosts()
#6 /home/latihtal/public_html/agregator1/src/controllers/Site/SiteController.php(722): spark\controllers\Dashboard\DashboardFeedsController::importFeedPosts()
#7 [internal function]: spark\controllers\Site\SiteController->runTasks()
#8 /home/latihtal/public_html/agregator1/src/framework/Route.php(173): call_user_func_array()
#9 [internal function]: Slim\Route->Slim\{closure}()
#10 /home/latihtal/public_html/agregator1/src/framework/Route.php(468): call_user_func_array()
#11 /home/latihtal/public_html/agregator1/src/framework/Slim.php(1364): Slim\Route->dispatch()
#12 /home/latihtal/public_html/agregator1/src/framework/Middleware/Flash.php(85): Slim\Slim->call()
#13 /home/latihtal/public_html/agregator1/src/framework/Middleware/MethodOverride.php(92): Slim\Middleware\Flash->call()
#14 /home/latihtal/public_html/agregator1/src/middlewares/CsrfGuard/CsrfGuard.php(47): Slim\Middleware\MethodOverride->call()
#15 /home/latihtal/public_html/agregator1/src/framework/Middleware/PrettyExceptions.php(67): spark\middlewares\CsrfGuard\CsrfGuard->call()
#16 /home/latihtal/public_html/agregator1/src/framework/Slim.php(1308): Slim\Middleware\PrettyExceptions->call()
#17 /home/latihtal/public_html/agregator1/index.php(6): Slim\Slim->run()
#18 {main} [] []
[2026-04-22 01:50:47] SlimMonoLogger.ERROR: Requests_Exception: cURL error 28: Operation timed out after 500000 milliseconds with 70015 bytes received in /home/latihtal/public_html/agregator1/src/vendor/rmccue/requests/library/Requests/Transport/cURL.php:422
Stack trace:
#0 /home/latihtal/public_html/agregator1/src/vendor/rmccue/requests/library/Requests/Transport/cURL.php(177): Requests_Transport_cURL->process_response()
#1 /home/latihtal/public_html/agregator1/src/vendor/rmccue/requests/library/Requests.php(379): Requests_Transport_cURL->request()
#2 /home/latihtal/public_html/agregator1/src/vendor/rmccue/requests/library/Requests/Session.php(205): Requests::request()
#3 /home/latihtal/public_html/agregator1/src/vendor/rmccue/requests/library/Requests/Session.php(132): Requests_Session->request()
#4 /home/latihtal/public_html/agregator1/src/drivers/Http/RssImporter.php(144): Requests_Session->get()
#5 /home/latihtal/public_html/agregator1/src/controllers/Dashboard/DashboardFeedsController.php(534): spark\drivers\Http\RssImporter->fetchPosts()
#6 /home/latihtal/public_html/agregator1/src/controllers/Site/SiteController.php(722): spark\controllers\Dashboard\DashboardFeedsController::importFeedPosts()
#7 [internal function]: spark\controllers\Site\SiteController->runTasks()
#8 /home/latihtal/public_html/agregator1/src/framework/Route.php(173): call_user_func_array()
#9 [internal function]: Slim\Route->Slim\{closure}()
#10 /home/latihtal/public_html/agregator1/src/framework/Route.php(468): call_user_func_array()
#11 /home/latihtal/public_html/agregator1/src/framework/Slim.php(1364): Slim\Route->dispatch()
#12 /home/latihtal/public_html/agregator1/src/framework/Middleware/Flash.php(85): Slim\Slim->call()
#13 /home/latihtal/public_html/agregator1/src/framework/Middleware/MethodOverride.php(92): Slim\Middleware\Flash->call()
#14 /home/latihtal/public_html/agregator1/src/middlewares/CsrfGuard/CsrfGuard.php(47): Slim\Middleware\MethodOverride->call()
#15 /home/latihtal/public_html/agregator1/src/framework/Middleware/PrettyExceptions.php(67): spark\middlewares\CsrfGuard\CsrfGuard->call()
#16 /home/latihtal/public_html/agregator1/src/framework/Slim.php(1308): Slim\Middleware\PrettyExceptions->call()
#17 /home/latihtal/public_html/agregator1/index.php(6): Slim\Slim->run()
#18 {main} [] []
[2026-04-22 01:50:53] SlimMonoLogger.ERROR: Requests_Exception: cURL error 28: Operation timed out after 500000 milliseconds with 26441 bytes received in /home/latihtal/public_html/agregator1/src/vendor/rmccue/requests/library/Requests/Transport/cURL.php:422
Stack trace:
#0 /home/latihtal/public_html/agregator1/src/vendor/rmccue/requests/library/Requests/Transport/cURL.php(177): Requests_Transport_cURL->process_response()
#1 /home/latihtal/public_html/agregator1/src/vendor/rmccue/requests/library/Requests.php(379): Requests_Transport_cURL->request()
#2 /home/latihtal/public_html/agregator1/src/vendor/rmccue/requests/library/Requests/Session.php(205): Requests::request()
#3 /home/latihtal/public_html/agregator1/src/vendor/rmccue/requests/library/Requests/Session.php(132): Requests_Session->request()
#4 /home/latihtal/public_html/agregator1/src/drivers/Http/RssImporter.php(144): Requests_Session->get()
#5 /home/latihtal/public_html/agregator1/src/controllers/Dashboard/DashboardFeedsController.php(534): spark\drivers\Http\RssImporter->fetchPosts()
#6 /home/latihtal/public_html/agregator1/src/controllers/Site/SiteController.php(722): spark\controllers\Dashboard\DashboardFeedsController::importFeedPosts()
#7 [internal function]: spark\controllers\Site\SiteController->runTasks()
#8 /home/latihtal/public_html/agregator1/src/framework/Route.php(173): call_user_func_array()
#9 [internal function]: Slim\Route->Slim\{closure}()
#10 /home/latihtal/public_html/agregator1/src/framework/Route.php(468): call_user_func_array()
#11 /home/latihtal/public_html/agregator1/src/framework/Slim.php(1364): Slim\Route->dispatch()
#12 /home/latihtal/public_html/agregator1/src/framework/Middleware/Flash.php(85): Slim\Slim->call()
#13 /home/latihtal/public_html/agregator1/src/framework/Middleware/MethodOverride.php(92): Slim\Middleware\Flash->call()
#14 /home/latihtal/public_html/agregator1/src/middlewares/CsrfGuard/CsrfGuard.php(47): Slim\Middleware\MethodOverride->call()
#15 /home/latihtal/public_html/agregator1/src/framework/Middleware/PrettyExceptions.php(67): spark\middlewares\CsrfGuard\CsrfGuard->call()
#16 /home/latihtal/public_html/agregator1/src/framework/Slim.php(1308): Slim\Middleware\PrettyExceptions->call()
#17 /home/latihtal/public_html/agregator1/index.php(6): Slim\Slim->run()
#18 {main} [] []
[2026-04-22 01:50:59] SlimMonoLogger.ERROR: Requests_Exception: cURL error 28: Operation timed out after 500000 milliseconds with 47487 bytes received in /home/latihtal/public_html/agregator1/src/vendor/rmccue/requests/library/Requests/Transport/cURL.php:422
Stack trace:
#0 /home/latihtal/public_html/agregator1/src/vendor/rmccue/requests/library/Requests/Transport/cURL.php(177): Requests_Transport_cURL->process_response()
#1 /home/latihtal/public_html/agregator1/src/vendor/rmccue/requests/library/Requests.php(379): Requests_Transport_cURL->request()
#2 /home/latihtal/public_html/agregator1/src/vendor/rmccue/requests/library/Requests/Session.php(205): Requests::request()
#3 /home/latihtal/public_html/agregator1/src/vendor/rmccue/requests/library/Requests/Session.php(132): Requests_Session->request()
#4 /home/latihtal/public_html/agregator1/src/drivers/Http/RssImporter.php(144): Requests_Session->get()
#5 /home/latihtal/public_html/agregator1/src/controllers/Dashboard/DashboardFeedsController.php(534): spark\drivers\Http\RssImporter->fetchPosts()
#6 /home/latihtal/public_html/agregator1/src/controllers/Site/SiteController.php(722): spark\controllers\Dashboard\DashboardFeedsController::importFeedPosts()
#7 [internal function]: spark\controllers\Site\SiteController->runTasks()
#8 /home/latihtal/public_html/agregator1/src/framework/Route.php(173): call_user_func_array()
#9 [internal function]: Slim\Route->Slim\{closure}()
#10 /home/latihtal/public_html/agregator1/src/framework/Route.php(468): call_user_func_array()
#11 /home/latihtal/public_html/agregator1/src/framework/Slim.php(1364): Slim\Route->dispatch()
#12 /home/latihtal/public_html/agregator1/src/framework/Middleware/Flash.php(85): Slim\Slim->call()
#13 /home/latihtal/public_html/agregator1/src/framework/Middleware/MethodOverride.php(92): Slim\Middleware\Flash->call()
#14 /home/latihtal/public_html/agregator1/src/middlewares/CsrfGuard/CsrfGuard.php(47): Slim\Middleware\MethodOverride->call()
#15 /home/latihtal/public_html/agregator1/src/framework/Middleware/PrettyExceptions.php(67): spark\middlewares\CsrfGuard\CsrfGuard->call()
#16 /home/latihtal/public_html/agregator1/src/framework/Slim.php(1308): Slim\Middleware\PrettyExceptions->call()
#17 /home/latihtal/public_html/agregator1/index.php(6): Slim\Slim->run()
#18 {main} [] []
[2026-04-22 01:51:03] SlimMonoLogger.INFO: Cron ran at: 22-04-2026 01:51:03 AM [] []
[2026-04-22 01:51:10] SlimMonoLogger.ERROR: Requests_Exception: cURL error 28: Operation timed out after 500000 milliseconds with 86696 bytes received in /home/latihtal/public_html/agregator1/src/vendor/rmccue/requests/library/Requests/Transport/cURL.php:422
Stack trace:
#0 /home/latihtal/public_html/agregator1/src/vendor/rmccue/requests/library/Requests/Transport/cURL.php(177): Requests_Transport_cURL->process_response()
#1 /home/latihtal/public_html/agregator1/src/vendor/rmccue/requests/library/Requests.php(379): Requests_Transport_cURL->request()
#2 /home/latihtal/public_html/agregator1/src/vendor/rmccue/requests/library/Requests/Session.php(205): Requests::request()
#3 /home/latihtal/public_html/agregator1/src/vendor/rmccue/requests/library/Requests/Session.php(132): Requests_Session->request()
#4 /home/latihtal/public_html/agregator1/src/drivers/Http/RssImporter.php(144): Requests_Session->get()
#5 /home/latihtal/public_html/agregator1/src/controllers/Dashboard/DashboardFeedsController.php(534): spark\drivers\Http\RssImporter->fetchPosts()
#6 /home/latihtal/public_html/agregator1/src/controllers/Site/SiteController.php(722): spark\controllers\Dashboard\DashboardFeedsController::importFeedPosts()
#7 [internal function]: spark\controllers\Site\SiteController->runTasks()
#8 /home/latihtal/public_html/agregator1/src/framework/Route.php(173): call_user_func_array()
#9 [internal function]: Slim\Route->Slim\{closure}()
#10 /home/latihtal/public_html/agregator1/src/framework/Route.php(468): call_user_func_array()
#11 /home/latihtal/public_html/agregator1/src/framework/Slim.php(1364): Slim\Route->dispatch()
#12 /home/latihtal/public_html/agregator1/src/framework/Middleware/Flash.php(85): Slim\Slim->call()
#13 /home/latihtal/public_html/agregator1/src/framework/Middleware/MethodOverride.php(92): Slim\Middleware\Flash->call()
#14 /home/latihtal/public_html/agregator1/src/middlewares/CsrfGuard/CsrfGuard.php(47): Slim\Middleware\MethodOverride->call()
#15 /home/latihtal/public_html/agregator1/src/framework/Middleware/PrettyExceptions.php(67): spark\middlewares\CsrfGuard\CsrfGuard->call()
#16 /home/latihtal/public_html/agregator1/src/framework/Slim.php(1308): Slim\Middleware\PrettyExceptions->call()
#17 /home/latihtal/public_html/agregator1/index.php(6): Slim\Slim->run()
#18 {main} [] []
[2026-04-22 01:51:12] SlimMonoLogger.INFO: Cron ran at: 22-04-2026 01:51:12 AM [] []
[2026-04-22 01:51:12] SlimMonoLogger.INFO: Cron ran at: 22-04-2026 01:51:12 AM [] []
[2026-04-22 01:51:17] SlimMonoLogger.INFO: Cron ran at: 22-04-2026 01:51:17 AM [] []
[2026-04-22 01:51:18] SlimMonoLogger.INFO: Cron ran at: 22-04-2026 01:51:18 AM [] []
[2026-04-22 01:51:25] SlimMonoLogger.INFO: Cron ran at: 22-04-2026 01:51:25 AM [] []
[2026-04-22 01:51:25] SlimMonoLogger.INFO: Cron ran at: 22-04-2026 01:51:25 AM [] []
[2026-04-22 01:51:27] SlimMonoLogger.INFO: Cron ran at: 22-04-2026 01:51:27 AM [] []
[2026-04-22 01:51:31] SlimMonoLogger.INFO: Cron ran at: 22-04-2026 01:51:31 AM [] []
[2026-04-22 01:51:33] SlimMonoLogger.INFO: Cron ran at: 22-04-2026 01:51:33 AM [] []
[2026-04-22 01:51:46] SlimMonoLogger.INFO: Cron ran at: 22-04-2026 01:51:46 AM [] []
[2026-04-22 01:51:47] SlimMonoLogger.INFO: Cron ran at: 22-04-2026 01:51:47 AM [] []
[2026-04-22 01:52:05] SlimMonoLogger.INFO: Cron ran at: 22-04-2026 01:52:05 AM [] []
[2026-04-22 01:52:08] SlimMonoLogger.INFO: Cron ran at: 22-04-2026 01:52:08 AM [] []
[2026-04-22 01:52:21] SlimMonoLogger.INFO: Cron ran at: 22-04-2026 01:52:21 AM [] []
[2026-04-22 01:52:21] SlimMonoLogger.INFO: Cron ran at: 22-04-2026 01:52:21 AM [] []
[2026-04-22 01:52:27] SlimMonoLogger.INFO: Cron ran at: 22-04-2026 01:52:27 AM [] []
[2026-04-22 01:52:37] SlimMonoLogger.INFO: Cron ran at: 22-04-2026 01:52:37 AM [] []
[2026-04-22 01:53:09] SlimMonoLogger.INFO: Cron ran at: 22-04-2026 01:53:09 AM [] []
[2026-04-22 01:53:26] SlimMonoLogger.INFO: Cron ran at: 22-04-2026 01:53:26 AM [] []
[2026-04-22 01:54:08] SlimMonoLogger.INFO: Cron ran at: 22-04-2026 01:54:08 AM [] []
[2026-04-22 01:54:27] SlimMonoLogger.INFO: Cron ran at: 22-04-2026 01:54:27 AM [] []
[2026-04-22 01:55:15] SlimMonoLogger.INFO: Cron ran at: 22-04-2026 01:55:15 AM [] []
[2026-04-22 01:55:25] SlimMonoLogger.INFO: Cron ran at: 22-04-2026 01:55:25 AM [] []
[2026-04-22 01:55:44] SlimMonoLogger.ERROR: Requests_Exception: cURL error 28: Operation timed out after 500001 milliseconds with 0 bytes received in /home/latihtal/public_html/agregator1/src/vendor/rmccue/requests/library/Requests/Transport/cURL.php:422
Stack trace:
#0 /home/latihtal/public_html/agregator1/src/vendor/rmccue/requests/library/Requests/Transport/cURL.php(177): Requests_Transport_cURL->process_response()
#1 /home/latihtal/public_html/agregator1/src/vendor/rmccue/requests/library/Requests.php(379): Requests_Transport_cURL->request()
#2 /home/latihtal/public_html/agregator1/src/vendor/rmccue/requests/library/Requests/Session.php(205): Requests::request()
#3 /home/latihtal/public_html/agregator1/src/vendor/rmccue/requests/library/Requests/Session.php(132): Requests_Session->request()
#4 /home/latihtal/public_html/agregator1/src/drivers/Http/RssImporter.php(144): Requests_Session->get()
#5 /home/latihtal/public_html/agregator1/src/controllers/Dashboard/DashboardFeedsController.php(534): spark\drivers\Http\RssImporter->fetchPosts()
#6 /home/latihtal/public_html/agregator1/src/controllers/Site/SiteController.php(722): spark\controllers\Dashboard\DashboardFeedsController::importFeedPosts()
#7 [internal function]: spark\controllers\Site\SiteController->runTasks()
#8 /home/latihtal/public_html/agregator1/src/framework/Route.php(173): call_user_func_array()
#9 [internal function]: Slim\Route->Slim\{closure}()
#10 /home/latihtal/public_html/agregator1/src/framework/Route.php(468): call_user_func_array()
#11 /home/latihtal/public_html/agregator1/src/framework/Slim.php(1364): Slim\Route->dispatch()
#12 /home/latihtal/public_html/agregator1/src/framework/Middleware/Flash.php(85): Slim\Slim->call()
#13 /home/latihtal/public_html/agregator1/src/framework/Middleware/MethodOverride.php(92): Slim\Middleware\Flash->call()
#14 /home/latihtal/public_html/agregator1/src/middlewares/CsrfGuard/CsrfGuard.php(47): Slim\Middleware\MethodOverride->call()
#15 /home/latihtal/public_html/agregator1/src/framework/Middleware/PrettyExceptions.php(67): spark\middlewares\CsrfGuard\CsrfGuard->call()
#16 /home/latihtal/public_html/agregator1/src/framework/Slim.php(1308): Slim\Middleware\PrettyExceptions->call()
#17 /home/latihtal/public_html/agregator1/index.php(6): Slim\Slim->run()
#18 {main} [] []
[2026-04-22 01:55:45] SlimMonoLogger.ERROR: Requests_Exception: cURL error 28: Operation timed out after 500001 milliseconds with 15401 bytes received in /home/latihtal/public_html/agregator1/src/vendor/rmccue/requests/library/Requests/Transport/cURL.php:422
Stack trace:
#0 /home/latihtal/public_html/agregator1/src/vendor/rmccue/requests/library/Requests/Transport/cURL.php(177): Requests_Transport_cURL->process_response()
#1 /home/latihtal/public_html/agregator1/src/vendor/rmccue/requests/library/Requests.php(379): Requests_Transport_cURL->request()
#2 /home/latihtal/public_html/agregator1/src/vendor/rmccue/requests/library/Requests/Session.php(205): Requests::request()
#3 /home/latihtal/public_html/agregator1/src/vendor/rmccue/requests/library/Requests/Session.php(132): Requests_Session->request()
#4 /home/latihtal/public_html/agregator1/src/drivers/Http/RssImporter.php(144): Requests_Session->get()
#5 /home/latihtal/public_html/agregator1/src/controllers/Dashboard/DashboardFeedsController.php(534): spark\drivers\Http\RssImporter->fetchPosts()
#6 /home/latihtal/public_html/agregator1/src/controllers/Site/SiteController.php(722): spark\controllers\Dashboard\DashboardFeedsController::importFeedPosts()
#7 [internal function]: spark\controllers\Site\SiteController->runTasks()
#8 /home/latihtal/public_html/agregator1/src/framework/Route.php(173): call_user_func_array()
#9 [internal function]: Slim\Route->Slim\{closure}()
#10 /home/latihtal/public_html/agregator1/src/framework/Route.php(468): call_user_func_array()
#11 /home/latihtal/public_html/agregator1/src/framework/Slim.php(1364): Slim\Route->dispatch()
#12 /home/latihtal/public_html/agregator1/src/framework/Middleware/Flash.php(85): Slim\Slim->call()
#13 /home/latihtal/public_html/agregator1/src/framework/Middleware/MethodOverride.php(92): Slim\Middleware\Flash->call()
#14 /home/latihtal/public_html/agregator1/src/middlewares/CsrfGuard/CsrfGuard.php(47): Slim\Middleware\MethodOverride->call()
#15 /home/latihtal/public_html/agregator1/src/framework/Middleware/PrettyExceptions.php(67): spark\middlewares\CsrfGuard\CsrfGuard->call()
#16 /home/latihtal/public_html/agregator1/src/framework/Slim.php(1308): Slim\Middleware\PrettyExceptions->call()
#17 /home/latihtal/public_html/agregator1/index.php(6): Slim\Slim->run()
#18 {main} [] []
[2026-04-22 01:56:04] SlimMonoLogger.ERROR: Requests_Exception: cURL error 28: Operation timed out after 500000 milliseconds with 330 bytes received in /home/latihtal/public_html/agregator1/src/vendor/rmccue/requests/library/Requests/Transport/cURL.php:422
Stack trace:
#0 /home/latihtal/public_html/agregator1/src/vendor/rmccue/requests/library/Requests/Transport/cURL.php(177): Requests_Transport_cURL->process_response()
#1 /home/latihtal/public_html/agregator1/src/vendor/rmccue/requests/library/Requests.php(379): Requests_Transport_cURL->request()
#2 /home/latihtal/public_html/agregator1/src/vendor/rmccue/requests/library/Requests/Session.php(205): Requests::request()
#3 /home/latihtal/public_html/agregator1/src/vendor/rmccue/requests/library/Requests/Session.php(132): Requests_Session->request()
#4 /home/latihtal/public_html/agregator1/src/drivers/Http/RssImporter.php(144): Requests_Session->get()
#5 /home/latihtal/public_html/agregator1/src/controllers/Dashboard/DashboardFeedsController.php(534): spark\drivers\Http\RssImporter->fetchPosts()
#6 /home/latihtal/public_html/agregator1/src/controllers/Site/SiteController.php(722): spark\controllers\Dashboard\DashboardFeedsController::importFeedPosts()
#7 [internal function]: spark\controllers\Site\SiteController->runTasks()
#8 /home/latihtal/public_html/agregator1/src/framework/Route.php(173): call_user_func_array()
#9 [internal function]: Slim\Route->Slim\{closure}()
#10 /home/latihtal/public_html/agregator1/src/framework/Route.php(468): call_user_func_array()
#11 /home/latihtal/public_html/agregator1/src/framework/Slim.php(1364): Slim\Route->dispatch()
#12 /home/latihtal/public_html/agregator1/src/framework/Middleware/Flash.php(85): Slim\Slim->call()
#13 /home/latihtal/public_html/agregator1/src/framework/Middleware/MethodOverride.php(92): Slim\Middleware\Flash->call()
#14 /home/latihtal/public_html/agregator1/src/middlewares/CsrfGuard/CsrfGuard.php(47): Slim\Middleware\MethodOverride->call()
#15 /home/latihtal/public_html/agregator1/src/framework/Middleware/PrettyExceptions.php(67): spark\middlewares\CsrfGuard\CsrfGuard->call()
#16 /home/latihtal/public_html/agregator1/src/framework/Slim.php(1308): Slim\Middleware\PrettyExceptions->call()
#17 /home/latihtal/public_html/agregator1/index.php(6): Slim\Slim->run()
#18 {main} [] []
[2026-04-22 01:56:07] SlimMonoLogger.INFO: Cron ran at: 22-04-2026 01:56:07 AM [] []
[2026-04-22 01:56:08] SlimMonoLogger.INFO: Cron ran at: 22-04-2026 01:56:08 AM [] []
[2026-04-22 01:56:31] SlimMonoLogger.INFO: Cron ran at: 22-04-2026 01:56:31 AM [] []
[2026-04-22 01:56:33] SlimMonoLogger.INFO: Cron ran at: 22-04-2026 01:56:33 AM [] []
[2026-04-22 01:56:39] SlimMonoLogger.INFO: Cron ran at: 22-04-2026 01:56:39 AM [] []
[2026-04-22 01:56:52] SlimMonoLogger.INFO: Cron ran at: 22-04-2026 01:56:52 AM [] []
[2026-04-22 01:57:09] SlimMonoLogger.INFO: Cron ran at: 22-04-2026 01:57:09 AM [] []
[2026-04-22 01:57:17] SlimMonoLogger.INFO: Cron ran at: 22-04-2026 01:57:17 AM [] []
[2026-04-22 01:57:28] SlimMonoLogger.INFO: Cron ran at: 22-04-2026 01:57:28 AM [] []
[2026-04-22 01:58:06] SlimMonoLogger.INFO: Cron ran at: 22-04-2026 01:58:06 AM [] []
[2026-04-22 01:58:10] SlimMonoLogger.INFO: Cron ran at: 22-04-2026 01:58:10 AM [] []
[2026-04-22 01:59:11] SlimMonoLogger.INFO: Cron ran at: 22-04-2026 01:59:11 AM [] []
[2026-04-22 02:00:08] SlimMonoLogger.INFO: Cron ran at: 22-04-2026 02:00:08 AM [] []
