[2026-07-22 02:01:49] SlimMonoLogger.INFO: Cron ran at: 22-07-2026 02:01:49 AM [] []
[2026-07-22 02:01:59] SlimMonoLogger.INFO: Cron ran at: 22-07-2026 02:01:59 AM [] []
[2026-07-22 02:02:00] SlimMonoLogger.INFO: Cron ran at: 22-07-2026 02:02:00 AM [] []
[2026-07-22 02:02:06] SlimMonoLogger.INFO: Cron ran at: 22-07-2026 02:02:06 AM [] []
[2026-07-22 02:02:29] SlimMonoLogger.INFO: Cron ran at: 22-07-2026 02:02:29 AM [] []
[2026-07-22 02:02:57] SlimMonoLogger.INFO: Cron ran at: 22-07-2026 02:02:57 AM [] []
[2026-07-22 02:03:00] SlimMonoLogger.INFO: Cron ran at: 22-07-2026 02:03:00 AM [] []
[2026-07-22 02:03:02] SlimMonoLogger.INFO: Cron ran at: 22-07-2026 02:03:02 AM [] []
[2026-07-22 02:03:18] SlimMonoLogger.INFO: Cron ran at: 22-07-2026 02:03:18 AM [] []
[2026-07-22 02:03:56] SlimMonoLogger.INFO: Cron ran at: 22-07-2026 02:03:56 AM [] []
[2026-07-22 02:03:58] SlimMonoLogger.INFO: Cron ran at: 22-07-2026 02:03:58 AM [] []
[2026-07-22 02:04:00] SlimMonoLogger.INFO: Cron ran at: 22-07-2026 02:04:00 AM [] []
[2026-07-22 02:04:13] SlimMonoLogger.INFO: Cron ran at: 22-07-2026 02:04:13 AM [] []
[2026-07-22 02:04:58] SlimMonoLogger.INFO: Cron ran at: 22-07-2026 02:04:58 AM [] []
[2026-07-22 02:04:59] SlimMonoLogger.INFO: Cron ran at: 22-07-2026 02:04:59 AM [] []
[2026-07-22 02:04:59] SlimMonoLogger.INFO: Cron ran at: 22-07-2026 02:04:59 AM [] []
[2026-07-22 02:05:11] SlimMonoLogger.INFO: Cron ran at: 22-07-2026 02:05:11 AM [] []
[2026-07-22 02:06:00] SlimMonoLogger.INFO: Cron ran at: 22-07-2026 02:06:00 AM [] []
[2026-07-22 02:06:01] SlimMonoLogger.INFO: Cron ran at: 22-07-2026 02:06:01 AM [] []
[2026-07-22 02:06:01] SlimMonoLogger.INFO: Cron ran at: 22-07-2026 02:06:01 AM [] []
[2026-07-22 02:06:51] SlimMonoLogger.INFO: Cron ran at: 22-07-2026 02:06:51 AM [] []
[2026-07-22 02:06:58] SlimMonoLogger.INFO: Cron ran at: 22-07-2026 02:06:58 AM [] []
[2026-07-22 02:06:58] SlimMonoLogger.INFO: Cron ran at: 22-07-2026 02:06:58 AM [] []
[2026-07-22 02:07:07] SlimMonoLogger.INFO: Cron ran at: 22-07-2026 02:07:07 AM [] []
[2026-07-22 02:07:45] SlimMonoLogger.INFO: Cron ran at: 22-07-2026 02:07:45 AM [] []
[2026-07-22 02:07:53] SlimMonoLogger.INFO: Cron ran at: 22-07-2026 02:07:53 AM [] []
[2026-07-22 02:07:56] SlimMonoLogger.INFO: Cron ran at: 22-07-2026 02:07:56 AM [] []
[2026-07-22 02:07:56] SlimMonoLogger.INFO: Cron ran at: 22-07-2026 02:07:56 AM [] []
[2026-07-22 02:08:34] SlimMonoLogger.INFO: Cron ran at: 22-07-2026 02:08:34 AM [] []
[2026-07-22 02:08:53] SlimMonoLogger.INFO: Cron ran at: 22-07-2026 02:08:53 AM [] []
[2026-07-22 02:08:57] SlimMonoLogger.INFO: Cron ran at: 22-07-2026 02:08:57 AM [] []
[2026-07-22 02:08:59] SlimMonoLogger.INFO: Cron ran at: 22-07-2026 02:08:59 AM [] []
[2026-07-22 02:09:24] SlimMonoLogger.INFO: Cron ran at: 22-07-2026 02:09:24 AM [] []
[2026-07-22 02:09:51] SlimMonoLogger.INFO: Cron ran at: 22-07-2026 02:09:51 AM [] []
[2026-07-22 02:09:56] SlimMonoLogger.INFO: Cron ran at: 22-07-2026 02:09:56 AM [] []
[2026-07-22 02:09:56] SlimMonoLogger.INFO: Cron ran at: 22-07-2026 02:09:56 AM [] []
[2026-07-22 02:10:20] SlimMonoLogger.INFO: Cron ran at: 22-07-2026 02:10:20 AM [] []
[2026-07-22 02:10:54] SlimMonoLogger.INFO: Cron ran at: 22-07-2026 02:10:54 AM [] []
[2026-07-22 02:11:00] SlimMonoLogger.INFO: Cron ran at: 22-07-2026 02:11:00 AM [] []
[2026-07-22 02:11:17] SlimMonoLogger.INFO: Cron ran at: 22-07-2026 02:11:17 AM [] []
[2026-07-22 02:11:29] SlimMonoLogger.INFO: Cron ran at: 22-07-2026 02:11:29 AM [] []
[2026-07-22 02:11:50] SlimMonoLogger.INFO: Cron ran at: 22-07-2026 02:11:50 AM [] []
[2026-07-22 02:12:05] SlimMonoLogger.INFO: Cron ran at: 22-07-2026 02:12:05 AM [] []
[2026-07-22 02:12:09] SlimMonoLogger.INFO: Cron ran at: 22-07-2026 02:12:09 AM [] []
[2026-07-22 02:12:17] SlimMonoLogger.INFO: Cron ran at: 22-07-2026 02:12:17 AM [] []
[2026-07-22 02:12:52] SlimMonoLogger.INFO: Cron ran at: 22-07-2026 02:12:52 AM [] []
[2026-07-22 02:13:04] SlimMonoLogger.INFO: Cron ran at: 22-07-2026 02:13:04 AM [] []
[2026-07-22 02:13:06] SlimMonoLogger.INFO: Cron ran at: 22-07-2026 02:13:06 AM [] []
[2026-07-22 02:13:07] SlimMonoLogger.INFO: Cron ran at: 22-07-2026 02:13:07 AM [] []
[2026-07-22 02:13:48] SlimMonoLogger.INFO: Cron ran at: 22-07-2026 02:13:48 AM [] []
[2026-07-22 02:14:05] SlimMonoLogger.INFO: Cron ran at: 22-07-2026 02:14:05 AM [] []
[2026-07-22 02:14:06] SlimMonoLogger.INFO: Cron ran at: 22-07-2026 02:14:06 AM [] []
[2026-07-22 02:14:07] SlimMonoLogger.INFO: Cron ran at: 22-07-2026 02:14:07 AM [] []
[2026-07-22 02:14:51] SlimMonoLogger.INFO: Cron ran at: 22-07-2026 02:14:51 AM [] []
[2026-07-22 02:14:55] SlimMonoLogger.INFO: Cron ran at: 22-07-2026 02:14:55 AM [] []
[2026-07-22 02:14:56] SlimMonoLogger.INFO: Cron ran at: 22-07-2026 02:14:56 AM [] []
[2026-07-22 02:14:59] SlimMonoLogger.INFO: Cron ran at: 22-07-2026 02:14:59 AM [] []
[2026-07-22 02:15:51] SlimMonoLogger.INFO: Cron ran at: 22-07-2026 02:15:51 AM [] []
[2026-07-22 02:15:52] SlimMonoLogger.INFO: Cron ran at: 22-07-2026 02:15:52 AM [] []
[2026-07-22 02:16:07] SlimMonoLogger.INFO: Cron ran at: 22-07-2026 02:16:07 AM [] []
[2026-07-22 02:16:46] SlimMonoLogger.INFO: Cron ran at: 22-07-2026 02:16:46 AM [] []
[2026-07-22 02:16:47] SlimMonoLogger.INFO: Cron ran at: 22-07-2026 02:16:47 AM [] []
[2026-07-22 02:16:49] SlimMonoLogger.INFO: Cron ran at: 22-07-2026 02:16:49 AM [] []
[2026-07-22 02:17:04] SlimMonoLogger.INFO: Cron ran at: 22-07-2026 02:17:04 AM [] []
[2026-07-22 02:17:36] SlimMonoLogger.INFO: Cron ran at: 22-07-2026 02:17:36 AM [] []
[2026-07-22 02:17:46] SlimMonoLogger.INFO: Cron ran at: 22-07-2026 02:17:46 AM [] []
[2026-07-22 02:17:52] SlimMonoLogger.INFO: Cron ran at: 22-07-2026 02:17:52 AM [] []
[2026-07-22 02:18:06] SlimMonoLogger.INFO: Cron ran at: 22-07-2026 02:18:06 AM [] []
[2026-07-22 02:18:29] SlimMonoLogger.INFO: Cron ran at: 22-07-2026 02:18:29 AM [] []
[2026-07-22 02:18:44] SlimMonoLogger.INFO: Cron ran at: 22-07-2026 02:18:44 AM [] []
[2026-07-22 02:18:52] SlimMonoLogger.INFO: Cron ran at: 22-07-2026 02:18:52 AM [] []
[2026-07-22 02:19:05] SlimMonoLogger.INFO: Cron ran at: 22-07-2026 02:19:05 AM [] []
[2026-07-22 02:19:23] SlimMonoLogger.INFO: Cron ran at: 22-07-2026 02:19:23 AM [] []
[2026-07-22 02:19:45] SlimMonoLogger.INFO: Cron ran at: 22-07-2026 02:19:45 AM [] []
[2026-07-22 02:19:52] SlimMonoLogger.INFO: Cron ran at: 22-07-2026 02:19:52 AM [] []
[2026-07-22 02:20:07] SlimMonoLogger.INFO: Cron ran at: 22-07-2026 02:20:07 AM [] []
[2026-07-22 02:20:15] SlimMonoLogger.INFO: Cron ran at: 22-07-2026 02:20:15 AM [] []
[2026-07-22 02:20:41] SlimMonoLogger.INFO: Cron ran at: 22-07-2026 02:20:41 AM [] []
[2026-07-22 02:21:07] SlimMonoLogger.INFO: Cron ran at: 22-07-2026 02:21:07 AM [] []
[2026-07-22 02:21:14] SlimMonoLogger.INFO: Cron ran at: 22-07-2026 02:21:14 AM [] []
[2026-07-22 02:21:31] SlimMonoLogger.INFO: Cron ran at: 22-07-2026 02:21:31 AM [] []
[2026-07-22 02:21:40] SlimMonoLogger.INFO: Cron ran at: 22-07-2026 02:21:40 AM [] []
[2026-07-22 02:22:04] SlimMonoLogger.INFO: Cron ran at: 22-07-2026 02:22:04 AM [] []
[2026-07-22 02:22:04] SlimMonoLogger.INFO: Cron ran at: 22-07-2026 02:22:04 AM [] []
[2026-07-22 02:22:26] SlimMonoLogger.INFO: Cron ran at: 22-07-2026 02:22:26 AM [] []
[2026-07-22 02:22:44] SlimMonoLogger.INFO: Cron ran at: 22-07-2026 02:22:44 AM [] []
[2026-07-22 02:23:00] SlimMonoLogger.INFO: Cron ran at: 22-07-2026 02:23:00 AM [] []
[2026-07-22 02:23:01] SlimMonoLogger.INFO: Cron ran at: 22-07-2026 02:23:01 AM [] []
[2026-07-22 02:23:21] SlimMonoLogger.INFO: Cron ran at: 22-07-2026 02:23:21 AM [] []
[2026-07-22 02:23:43] SlimMonoLogger.INFO: Cron ran at: 22-07-2026 02:23:43 AM [] []
[2026-07-22 02:24:00] SlimMonoLogger.INFO: Cron ran at: 22-07-2026 02:24:00 AM [] []
[2026-07-22 02:24:03] SlimMonoLogger.INFO: Cron ran at: 22-07-2026 02:24:03 AM [] []
[2026-07-22 02:24:09] SlimMonoLogger.INFO: Cron ran at: 22-07-2026 02:24:09 AM [] []
[2026-07-22 02:24:41] SlimMonoLogger.INFO: Cron ran at: 22-07-2026 02:24:41 AM [] []
[2026-07-22 02:24:59] SlimMonoLogger.INFO: Cron ran at: 22-07-2026 02:24:59 AM [] []
[2026-07-22 02:25:00] SlimMonoLogger.INFO: Cron ran at: 22-07-2026 02:25:00 AM [] []
[2026-07-22 02:25:01] SlimMonoLogger.INFO: Cron ran at: 22-07-2026 02:25:01 AM [] []
[2026-07-22 02:25:44] SlimMonoLogger.INFO: Cron ran at: 22-07-2026 02:25:44 AM [] []
[2026-07-22 02:26:00] SlimMonoLogger.INFO: Cron ran at: 22-07-2026 02:26:00 AM [] []
[2026-07-22 02:26:01] SlimMonoLogger.INFO: Cron ran at: 22-07-2026 02:26:01 AM [] []
[2026-07-22 02:26:43] SlimMonoLogger.INFO: Cron ran at: 22-07-2026 02:26:43 AM [] []
[2026-07-22 02:26:46] SlimMonoLogger.INFO: Cron ran at: 22-07-2026 02:26:46 AM [] []
[2026-07-22 02:26:53] SlimMonoLogger.INFO: Cron ran at: 22-07-2026 02:26:53 AM [] []
[2026-07-22 02:26:55] SlimMonoLogger.INFO: Cron ran at: 22-07-2026 02:26:55 AM [] []
[2026-07-22 02:27:40] SlimMonoLogger.INFO: Cron ran at: 22-07-2026 02:27:40 AM [] []
[2026-07-22 02:27:41] SlimMonoLogger.INFO: Cron ran at: 22-07-2026 02:27:41 AM [] []
[2026-07-22 02:27:54] SlimMonoLogger.INFO: Cron ran at: 22-07-2026 02:27:54 AM [] []
[2026-07-22 02:27:57] SlimMonoLogger.INFO: Cron ran at: 22-07-2026 02:27:57 AM [] []
[2026-07-22 02:28:33] SlimMonoLogger.INFO: Cron ran at: 22-07-2026 02:28:33 AM [] []
[2026-07-22 02:28:42] SlimMonoLogger.INFO: Cron ran at: 22-07-2026 02:28:42 AM [] []
[2026-07-22 02:28:50] SlimMonoLogger.INFO: Cron ran at: 22-07-2026 02:28:50 AM [] []
[2026-07-22 02:29:03] SlimMonoLogger.INFO: Cron ran at: 22-07-2026 02:29:03 AM [] []
[2026-07-22 02:29:30] SlimMonoLogger.INFO: Cron ran at: 22-07-2026 02:29:30 AM [] []
[2026-07-22 02:29:49] SlimMonoLogger.INFO: Cron ran at: 22-07-2026 02:29:49 AM [] []
[2026-07-22 02:29:50] SlimMonoLogger.INFO: Cron ran at: 22-07-2026 02:29:50 AM [] []
[2026-07-22 02:30:00] SlimMonoLogger.INFO: Cron ran at: 22-07-2026 02:30:00 AM [] []
[2026-07-22 02:30:20] SlimMonoLogger.INFO: Cron ran at: 22-07-2026 02:30:20 AM [] []
[2026-07-22 02:30:53] SlimMonoLogger.INFO: Cron ran at: 22-07-2026 02:30:53 AM [] []
[2026-07-22 02:31:05] SlimMonoLogger.INFO: Cron ran at: 22-07-2026 02:31:05 AM [] []
[2026-07-22 02:31:18] SlimMonoLogger.INFO: Cron ran at: 22-07-2026 02:31:18 AM [] []
[2026-07-22 02:31:52] SlimMonoLogger.INFO: Cron ran at: 22-07-2026 02:31:52 AM [] []
[2026-07-22 02:32:03] SlimMonoLogger.INFO: Cron ran at: 22-07-2026 02:32:03 AM [] []
[2026-07-22 02:32:04] SlimMonoLogger.INFO: Cron ran at: 22-07-2026 02:32:04 AM [] []
[2026-07-22 02:32:14] SlimMonoLogger.INFO: Cron ran at: 22-07-2026 02:32:14 AM [] []
[2026-07-22 02:32:50] SlimMonoLogger.INFO: Cron ran at: 22-07-2026 02:32:50 AM [] []
[2026-07-22 02:32:56] SlimMonoLogger.INFO: Cron ran at: 22-07-2026 02:32:56 AM [] []
[2026-07-22 02:33:07] SlimMonoLogger.INFO: Cron ran at: 22-07-2026 02:33:07 AM [] []
[2026-07-22 02:33:08] SlimMonoLogger.INFO: Cron ran at: 22-07-2026 02:33:08 AM [] []
[2026-07-22 02:33:49] SlimMonoLogger.INFO: Cron ran at: 22-07-2026 02:33:49 AM [] []
[2026-07-22 02:33:49] SlimMonoLogger.INFO: Cron ran at: 22-07-2026 02:33:49 AM [] []
[2026-07-22 02:33:59] SlimMonoLogger.INFO: Cron ran at: 22-07-2026 02:33:59 AM [] []
[2026-07-22 02:34:02] SlimMonoLogger.INFO: Cron ran at: 22-07-2026 02:34:02 AM [] []
[2026-07-22 02:34:41] SlimMonoLogger.INFO: Cron ran at: 22-07-2026 02:34:41 AM [] []
[2026-07-22 02:34:51] SlimMonoLogger.INFO: Cron ran at: 22-07-2026 02:34:51 AM [] []
[2026-07-22 02:35:02] SlimMonoLogger.INFO: Cron ran at: 22-07-2026 02:35:02 AM [] []
[2026-07-22 02:35:03] SlimMonoLogger.INFO: Cron ran at: 22-07-2026 02:35:03 AM [] []
[2026-07-22 02:35:36] SlimMonoLogger.INFO: Cron ran at: 22-07-2026 02:35:36 AM [] []
[2026-07-22 02:35:52] SlimMonoLogger.INFO: Cron ran at: 22-07-2026 02:35:52 AM [] []
[2026-07-22 02:36:05] SlimMonoLogger.INFO: Cron ran at: 22-07-2026 02:36:05 AM [] []
[2026-07-22 02:36:23] SlimMonoLogger.INFO: Cron ran at: 22-07-2026 02:36:23 AM [] []
[2026-07-22 02:36:29] SlimMonoLogger.INFO: Cron ran at: 22-07-2026 02:36:29 AM [] []
[2026-07-22 02:36:49] SlimMonoLogger.INFO: Cron ran at: 22-07-2026 02:36:49 AM [] []
[2026-07-22 02:37:04] SlimMonoLogger.INFO: Cron ran at: 22-07-2026 02:37:04 AM [] []
[2026-07-22 02:37:13] SlimMonoLogger.INFO: Cron ran at: 22-07-2026 02:37:13 AM [] []
[2026-07-22 02:37:24] SlimMonoLogger.INFO: Cron ran at: 22-07-2026 02:37:24 AM [] []
[2026-07-22 02:37:50] SlimMonoLogger.INFO: Cron ran at: 22-07-2026 02:37:50 AM [] []
[2026-07-22 02:38:06] SlimMonoLogger.INFO: Cron ran at: 22-07-2026 02:38:06 AM [] []
[2026-07-22 02:38:07] SlimMonoLogger.INFO: Cron ran at: 22-07-2026 02:38:07 AM [] []
[2026-07-22 02:38:23] SlimMonoLogger.INFO: Cron ran at: 22-07-2026 02:38:23 AM [] []
[2026-07-22 02:38:50] SlimMonoLogger.INFO: Cron ran at: 22-07-2026 02:38:50 AM [] []
[2026-07-22 02:38:56] SlimMonoLogger.INFO: Cron ran at: 22-07-2026 02:38:56 AM [] []
[2026-07-22 02:39:01] SlimMonoLogger.INFO: Cron ran at: 22-07-2026 02:39:01 AM [] []
[2026-07-22 02:39:23] SlimMonoLogger.INFO: Cron ran at: 22-07-2026 02:39:23 AM [] []
[2026-07-22 02:39:48] SlimMonoLogger.INFO: Cron ran at: 22-07-2026 02:39:48 AM [] []
[2026-07-22 02:39:48] SlimMonoLogger.INFO: Cron ran at: 22-07-2026 02:39:48 AM [] []
[2026-07-22 02:40:03] SlimMonoLogger.INFO: Cron ran at: 22-07-2026 02:40:03 AM [] []
[2026-07-22 02:40:17] SlimMonoLogger.INFO: Cron ran at: 22-07-2026 02:40:17 AM [] []
[2026-07-22 02:40:47] SlimMonoLogger.INFO: Cron ran at: 22-07-2026 02:40:47 AM [] []
[2026-07-22 02:41:03] SlimMonoLogger.INFO: Cron ran at: 22-07-2026 02:41:03 AM [] []
[2026-07-22 02:41:25] SlimMonoLogger.INFO: Cron ran at: 22-07-2026 02:41:25 AM [] []
[2026-07-22 02:41:30] SlimMonoLogger.INFO: Cron ran at: 22-07-2026 02:41:30 AM [] []
[2026-07-22 02:41:44] SlimMonoLogger.INFO: Cron ran at: 22-07-2026 02:41:44 AM [] []
[2026-07-22 02:42:06] SlimMonoLogger.INFO: Cron ran at: 22-07-2026 02:42:06 AM [] []
[2026-07-22 02:42:22] SlimMonoLogger.INFO: Cron ran at: 22-07-2026 02:42:22 AM [] []
[2026-07-22 02:42:22] SlimMonoLogger.INFO: Cron ran at: 22-07-2026 02:42:22 AM [] []
[2026-07-22 02:42:44] SlimMonoLogger.INFO: Cron ran at: 22-07-2026 02:42:44 AM [] []
[2026-07-22 02:43:07] SlimMonoLogger.INFO: Cron ran at: 22-07-2026 02:43:07 AM [] []
[2026-07-22 02:43:12] SlimMonoLogger.INFO: Cron ran at: 22-07-2026 02:43:12 AM [] []
[2026-07-22 02:43:21] SlimMonoLogger.INFO: Cron ran at: 22-07-2026 02:43:21 AM [] []
[2026-07-22 02:43:40] SlimMonoLogger.INFO: Cron ran at: 22-07-2026 02:43:40 AM [] []
[2026-07-22 02:44:03] SlimMonoLogger.INFO: Cron ran at: 22-07-2026 02:44:03 AM [] []
[2026-07-22 02:44:04] SlimMonoLogger.INFO: Cron ran at: 22-07-2026 02:44:04 AM [] []
[2026-07-22 02:44:24] SlimMonoLogger.INFO: Cron ran at: 22-07-2026 02:44:24 AM [] []
[2026-07-22 02:44:37] SlimMonoLogger.INFO: Cron ran at: 22-07-2026 02:44:37 AM [] []
[2026-07-22 02:45:00] SlimMonoLogger.INFO: Cron ran at: 22-07-2026 02:45:00 AM [] []
[2026-07-22 02:45:01] SlimMonoLogger.INFO: Cron ran at: 22-07-2026 02:45:01 AM [] []
[2026-07-22 02:45:22] SlimMonoLogger.INFO: Cron ran at: 22-07-2026 02:45:22 AM [] []
[2026-07-22 02:45:37] SlimMonoLogger.INFO: Cron ran at: 22-07-2026 02:45:37 AM [] []
[2026-07-22 02:45:53] SlimMonoLogger.INFO: Cron ran at: 22-07-2026 02:45:53 AM [] []
[2026-07-22 02:46:26] SlimMonoLogger.INFO: Cron ran at: 22-07-2026 02:46:26 AM [] []
[2026-07-22 02:46:36] SlimMonoLogger.INFO: Cron ran at: 22-07-2026 02:46:36 AM [] []
[2026-07-22 02:46:48] SlimMonoLogger.INFO: Cron ran at: 22-07-2026 02:46:48 AM [] []
[2026-07-22 02:47:10] SlimMonoLogger.INFO: Cron ran at: 22-07-2026 02:47:10 AM [] []
[2026-07-22 02:47:13] SlimMonoLogger.INFO: Cron ran at: 22-07-2026 02:47:13 AM [] []
[2026-07-22 02:47:34] SlimMonoLogger.INFO: Cron ran at: 22-07-2026 02:47:34 AM [] []
[2026-07-22 02:47:44] SlimMonoLogger.INFO: Cron ran at: 22-07-2026 02:47:44 AM [] []
[2026-07-22 02:47:59] SlimMonoLogger.INFO: Cron ran at: 22-07-2026 02:47:59 AM [] []
[2026-07-22 02:48:37] SlimMonoLogger.INFO: Cron ran at: 22-07-2026 02:48:37 AM [] []
[2026-07-22 02:48:38] SlimMonoLogger.INFO: Cron ran at: 22-07-2026 02:48:38 AM [] []
[2026-07-22 02:48:54] SlimMonoLogger.INFO: Cron ran at: 22-07-2026 02:48:54 AM [] []
[2026-07-22 02:49:19] SlimMonoLogger.INFO: Cron ran at: 22-07-2026 02:49:19 AM [] []
[2026-07-22 02:49:36] SlimMonoLogger.INFO: Cron ran at: 22-07-2026 02:49:36 AM [] []
[2026-07-22 02:49:40] SlimMonoLogger.INFO: Cron ran at: 22-07-2026 02:49:40 AM [] []
[2026-07-22 02:49:41] SlimMonoLogger.INFO: Cron ran at: 22-07-2026 02:49:41 AM [] []
[2026-07-22 02:50:19] SlimMonoLogger.INFO: Cron ran at: 22-07-2026 02:50:19 AM [] []
[2026-07-22 02:50:35] SlimMonoLogger.INFO: Cron ran at: 22-07-2026 02:50:35 AM [] []
[2026-07-22 02:50:37] SlimMonoLogger.INFO: Cron ran at: 22-07-2026 02:50:37 AM [] []
[2026-07-22 02:50:38] SlimMonoLogger.INFO: Cron ran at: 22-07-2026 02:50:38 AM [] []
[2026-07-22 02:51:33] SlimMonoLogger.INFO: Cron ran at: 22-07-2026 02:51:33 AM [] []
[2026-07-22 02:51:33] SlimMonoLogger.INFO: Cron ran at: 22-07-2026 02:51:33 AM [] []
[2026-07-22 02:51:37] SlimMonoLogger.INFO: Cron ran at: 22-07-2026 02:51:37 AM [] []
[2026-07-22 02:51:38] SlimMonoLogger.INFO: Cron ran at: 22-07-2026 02:51:38 AM [] []
[2026-07-22 02:52:30] SlimMonoLogger.INFO: Cron ran at: 22-07-2026 02:52:30 AM [] []
[2026-07-22 02:52:30] SlimMonoLogger.INFO: Cron ran at: 22-07-2026 02:52:30 AM [] []
[2026-07-22 02:52:31] SlimMonoLogger.INFO: Cron ran at: 22-07-2026 02:52:31 AM [] []
[2026-07-22 02:52:39] SlimMonoLogger.INFO: Cron ran at: 22-07-2026 02:52:39 AM [] []
[2026-07-22 02:53:26] SlimMonoLogger.INFO: Cron ran at: 22-07-2026 02:53:26 AM [] []
[2026-07-22 02:53:26] SlimMonoLogger.INFO: Cron ran at: 22-07-2026 02:53:26 AM [] []
[2026-07-22 02:53:34] SlimMonoLogger.INFO: Cron ran at: 22-07-2026 02:53:34 AM [] []
[2026-07-22 02:53:39] SlimMonoLogger.INFO: Cron ran at: 22-07-2026 02:53:39 AM [] []
[2026-07-22 02:54:20] SlimMonoLogger.INFO: Cron ran at: 22-07-2026 02:54:20 AM [] []
[2026-07-22 02:54:21] SlimMonoLogger.INFO: Cron ran at: 22-07-2026 02:54:21 AM [] []
[2026-07-22 02:54:35] SlimMonoLogger.INFO: Cron ran at: 22-07-2026 02:54:35 AM [] []
[2026-07-22 02:54:40] SlimMonoLogger.INFO: Cron ran at: 22-07-2026 02:54:40 AM [] []
[2026-07-22 02:55:16] SlimMonoLogger.INFO: Cron ran at: 22-07-2026 02:55:16 AM [] []
[2026-07-22 02:55:21] SlimMonoLogger.INFO: Cron ran at: 22-07-2026 02:55:21 AM [] []
[2026-07-22 02:55:42] SlimMonoLogger.INFO: Cron ran at: 22-07-2026 02:55:42 AM [] []
[2026-07-22 02:56:05] SlimMonoLogger.ERROR: Requests_Exception: cURL error 28: Operation timed out after 500002 milliseconds with 15824 bytes received in /home/latihtal/public_html/agregator1/src/vendor/rmccue/requests/library/Requests/Transport/cURL.php:422
Stack trace:
#0 /home/latihtal/public_html/agregator1/src/vendor/rmccue/requests/library/Requests/Transport/cURL.php(177): Requests_Transport_cURL->process_response()
#1 /home/latihtal/public_html/agregator1/src/vendor/rmccue/requests/library/Requests.php(379): Requests_Transport_cURL->request()
#2 /home/latihtal/public_html/agregator1/src/vendor/rmccue/requests/library/Requests/Session.php(205): Requests::request()
#3 /home/latihtal/public_html/agregator1/src/vendor/rmccue/requests/library/Requests/Session.php(132): Requests_Session->request()
#4 /home/latihtal/public_html/agregator1/src/drivers/Http/RssImporter.php(144): Requests_Session->get()
#5 /home/latihtal/public_html/agregator1/src/controllers/Dashboard/DashboardFeedsController.php(534): spark\drivers\Http\RssImporter->fetchPosts()
#6 /home/latihtal/public_html/agregator1/src/controllers/Site/SiteController.php(722): spark\controllers\Dashboard\DashboardFeedsController::importFeedPosts()
#7 [internal function]: spark\controllers\Site\SiteController->runTasks()
#8 /home/latihtal/public_html/agregator1/src/framework/Route.php(173): call_user_func_array()
#9 [internal function]: Slim\Route->Slim\{closure}()
#10 /home/latihtal/public_html/agregator1/src/framework/Route.php(468): call_user_func_array()
#11 /home/latihtal/public_html/agregator1/src/framework/Slim.php(1364): Slim\Route->dispatch()
#12 /home/latihtal/public_html/agregator1/src/framework/Middleware/Flash.php(85): Slim\Slim->call()
#13 /home/latihtal/public_html/agregator1/src/framework/Middleware/MethodOverride.php(92): Slim\Middleware\Flash->call()
#14 /home/latihtal/public_html/agregator1/src/middlewares/CsrfGuard/CsrfGuard.php(47): Slim\Middleware\MethodOverride->call()
#15 /home/latihtal/public_html/agregator1/src/framework/Middleware/PrettyExceptions.php(67): spark\middlewares\CsrfGuard\CsrfGuard->call()
#16 /home/latihtal/public_html/agregator1/src/framework/Slim.php(1308): Slim\Middleware\PrettyExceptions->call()
#17 /home/latihtal/public_html/agregator1/index.php(6): Slim\Slim->run()
#18 {main} [] []
[2026-07-22 02:56:08] SlimMonoLogger.INFO: Cron ran at: 22-07-2026 02:56:08 AM [] []
[2026-07-22 02:56:22] SlimMonoLogger.INFO: Cron ran at: 22-07-2026 02:56:22 AM [] []
[2026-07-22 02:56:22] SlimMonoLogger.INFO: Cron ran at: 22-07-2026 02:56:22 AM [] []
[2026-07-22 02:56:36] SlimMonoLogger.INFO: Cron ran at: 22-07-2026 02:56:36 AM [] []
[2026-07-22 02:56:40] SlimMonoLogger.INFO: Cron ran at: 22-07-2026 02:56:40 AM [] []
[2026-07-22 02:57:03] SlimMonoLogger.INFO: Cron ran at: 22-07-2026 02:57:03 AM [] []
[2026-07-22 02:57:16] SlimMonoLogger.INFO: Cron ran at: 22-07-2026 02:57:16 AM [] []
[2026-07-22 02:57:19] SlimMonoLogger.INFO: Cron ran at: 22-07-2026 02:57:19 AM [] []
[2026-07-22 02:57:38] SlimMonoLogger.INFO: Cron ran at: 22-07-2026 02:57:38 AM [] []
[2026-07-22 02:58:00] SlimMonoLogger.INFO: Cron ran at: 22-07-2026 02:58:00 AM [] []
[2026-07-22 02:58:12] SlimMonoLogger.INFO: Cron ran at: 22-07-2026 02:58:12 AM [] []
[2026-07-22 02:58:24] SlimMonoLogger.INFO: Cron ran at: 22-07-2026 02:58:24 AM [] []
[2026-07-22 02:58:42] SlimMonoLogger.INFO: Cron ran at: 22-07-2026 02:58:42 AM [] []
[2026-07-22 02:59:03] SlimMonoLogger.INFO: Cron ran at: 22-07-2026 02:59:03 AM [] []
[2026-07-22 02:59:05] SlimMonoLogger.INFO: Cron ran at: 22-07-2026 02:59:05 AM [] []
[2026-07-22 02:59:28] SlimMonoLogger.INFO: Cron ran at: 22-07-2026 02:59:28 AM [] []
[2026-07-22 02:59:48] SlimMonoLogger.INFO: Cron ran at: 22-07-2026 02:59:48 AM [] []
[2026-07-22 03:00:00] SlimMonoLogger.INFO: Cron ran at: 22-07-2026 03:00:00 AM [] []
[2026-07-22 03:00:00] SlimMonoLogger.INFO: Cron ran at: 22-07-2026 03:00:00 AM [] []
[2026-07-22 03:00:30] SlimMonoLogger.INFO: Cron ran at: 22-07-2026 03:00:30 AM [] []
[2026-07-22 03:01:05] SlimMonoLogger.INFO: Cron ran at: 22-07-2026 03:01:05 AM [] []
[2026-07-22 03:01:19] SlimMonoLogger.INFO: Cron ran at: 22-07-2026 03:01:19 AM [] []
[2026-07-22 03:01:33] SlimMonoLogger.INFO: Cron ran at: 22-07-2026 03:01:33 AM [] []
[2026-07-22 03:01:55] SlimMonoLogger.INFO: Cron ran at: 22-07-2026 03:01:55 AM [] []
[2026-07-22 03:02:06] SlimMonoLogger.INFO: Cron ran at: 22-07-2026 03:02:06 AM [] []
[2026-07-22 03:02:13] SlimMonoLogger.INFO: Cron ran at: 22-07-2026 03:02:13 AM [] []
[2026-07-22 03:02:30] SlimMonoLogger.INFO: Cron ran at: 22-07-2026 03:02:30 AM [] []
[2026-07-22 03:02:51] SlimMonoLogger.INFO: Cron ran at: 22-07-2026 03:02:51 AM [] []
[2026-07-22 03:03:04] SlimMonoLogger.INFO: Cron ran at: 22-07-2026 03:03:04 AM [] []
[2026-07-22 03:03:04] SlimMonoLogger.INFO: Cron ran at: 22-07-2026 03:03:04 AM [] []
[2026-07-22 03:03:26] SlimMonoLogger.INFO: Cron ran at: 22-07-2026 03:03:26 AM [] []
[2026-07-22 03:03:43] SlimMonoLogger.INFO: Cron ran at: 22-07-2026 03:03:43 AM [] []
[2026-07-22 03:03:44] SlimMonoLogger.INFO: Cron ran at: 22-07-2026 03:03:44 AM [] []
[2026-07-22 03:03:55] SlimMonoLogger.INFO: Cron ran at: 22-07-2026 03:03:55 AM [] []
[2026-07-22 03:04:22] SlimMonoLogger.INFO: Cron ran at: 22-07-2026 03:04:22 AM [] []
[2026-07-22 03:04:39] SlimMonoLogger.INFO: Cron ran at: 22-07-2026 03:04:39 AM [] []
[2026-07-22 03:04:41] SlimMonoLogger.INFO: Cron ran at: 22-07-2026 03:04:41 AM [] []
[2026-07-22 03:04:57] SlimMonoLogger.INFO: Cron ran at: 22-07-2026 03:04:57 AM [] []
[2026-07-22 03:05:22] SlimMonoLogger.INFO: Cron ran at: 22-07-2026 03:05:22 AM [] []
[2026-07-22 03:05:41] SlimMonoLogger.INFO: Cron ran at: 22-07-2026 03:05:41 AM [] []
[2026-07-22 03:05:42] SlimMonoLogger.INFO: Cron ran at: 22-07-2026 03:05:42 AM [] []
[2026-07-22 03:05:58] SlimMonoLogger.INFO: Cron ran at: 22-07-2026 03:05:58 AM [] []
[2026-07-22 03:06:31] SlimMonoLogger.INFO: Cron ran at: 22-07-2026 03:06:31 AM [] []
[2026-07-22 03:06:42] SlimMonoLogger.INFO: Cron ran at: 22-07-2026 03:06:42 AM [] []
[2026-07-22 03:06:59] SlimMonoLogger.INFO: Cron ran at: 22-07-2026 03:06:59 AM [] []
[2026-07-22 03:06:59] SlimMonoLogger.INFO: Cron ran at: 22-07-2026 03:06:59 AM [] []
[2026-07-22 03:07:27] SlimMonoLogger.INFO: Cron ran at: 22-07-2026 03:07:27 AM [] []
[2026-07-22 03:07:43] SlimMonoLogger.INFO: Cron ran at: 22-07-2026 03:07:43 AM [] []
[2026-07-22 03:07:46] SlimMonoLogger.INFO: Cron ran at: 22-07-2026 03:07:46 AM [] []
[2026-07-22 03:07:59] SlimMonoLogger.INFO: Cron ran at: 22-07-2026 03:07:59 AM [] []
[2026-07-22 03:08:23] SlimMonoLogger.INFO: Cron ran at: 22-07-2026 03:08:23 AM [] []
[2026-07-22 03:08:41] SlimMonoLogger.INFO: Cron ran at: 22-07-2026 03:08:41 AM [] []
[2026-07-22 03:08:42] SlimMonoLogger.INFO: Cron ran at: 22-07-2026 03:08:42 AM [] []
[2026-07-22 03:08:58] SlimMonoLogger.INFO: Cron ran at: 22-07-2026 03:08:58 AM [] []
[2026-07-22 03:09:21] SlimMonoLogger.INFO: Cron ran at: 22-07-2026 03:09:21 AM [] []
[2026-07-22 03:09:32] SlimMonoLogger.INFO: Cron ran at: 22-07-2026 03:09:32 AM [] []
[2026-07-22 03:09:45] SlimMonoLogger.INFO: Cron ran at: 22-07-2026 03:09:45 AM [] []
[2026-07-22 03:10:01] SlimMonoLogger.INFO: Cron ran at: 22-07-2026 03:10:01 AM [] []
[2026-07-22 03:10:24] SlimMonoLogger.INFO: Cron ran at: 22-07-2026 03:10:24 AM [] []
[2026-07-22 03:10:29] SlimMonoLogger.INFO: Cron ran at: 22-07-2026 03:10:29 AM [] []
[2026-07-22 03:10:48] SlimMonoLogger.INFO: Cron ran at: 22-07-2026 03:10:48 AM [] []
[2026-07-22 03:11:23] SlimMonoLogger.INFO: Cron ran at: 22-07-2026 03:11:23 AM [] []
[2026-07-22 03:11:24] SlimMonoLogger.INFO: Cron ran at: 22-07-2026 03:11:24 AM [] []
[2026-07-22 03:11:40] SlimMonoLogger.INFO: Cron ran at: 22-07-2026 03:11:40 AM [] []
[2026-07-22 03:11:40] SlimMonoLogger.INFO: Cron ran at: 22-07-2026 03:11:40 AM [] []
[2026-07-22 03:12:20] SlimMonoLogger.INFO: Cron ran at: 22-07-2026 03:12:20 AM [] []
[2026-07-22 03:12:20] SlimMonoLogger.INFO: Cron ran at: 22-07-2026 03:12:20 AM [] []
[2026-07-22 03:12:31] SlimMonoLogger.INFO: Cron ran at: 22-07-2026 03:12:31 AM [] []
[2026-07-22 03:12:46] SlimMonoLogger.INFO: Cron ran at: 22-07-2026 03:12:46 AM [] []
[2026-07-22 03:13:17] SlimMonoLogger.INFO: Cron ran at: 22-07-2026 03:13:17 AM [] []
[2026-07-22 03:13:19] SlimMonoLogger.INFO: Cron ran at: 22-07-2026 03:13:19 AM [] []
[2026-07-22 03:13:21] SlimMonoLogger.INFO: Cron ran at: 22-07-2026 03:13:21 AM [] []
[2026-07-22 03:13:44] SlimMonoLogger.INFO: Cron ran at: 22-07-2026 03:13:44 AM [] []
[2026-07-22 03:14:14] SlimMonoLogger.INFO: Cron ran at: 22-07-2026 03:14:14 AM [] []
[2026-07-22 03:14:17] SlimMonoLogger.INFO: Cron ran at: 22-07-2026 03:14:17 AM [] []
[2026-07-22 03:14:19] SlimMonoLogger.INFO: Cron ran at: 22-07-2026 03:14:19 AM [] []
[2026-07-22 03:14:43] SlimMonoLogger.INFO: Cron ran at: 22-07-2026 03:14:43 AM [] []
[2026-07-22 03:15:11] SlimMonoLogger.INFO: Cron ran at: 22-07-2026 03:15:11 AM [] []
[2026-07-22 03:15:12] SlimMonoLogger.INFO: Cron ran at: 22-07-2026 03:15:12 AM [] []
[2026-07-22 03:15:23] SlimMonoLogger.INFO: Cron ran at: 22-07-2026 03:15:23 AM [] []
[2026-07-22 03:16:07] SlimMonoLogger.INFO: Cron ran at: 22-07-2026 03:16:07 AM [] []
[2026-07-22 03:16:15] SlimMonoLogger.INFO: Cron ran at: 22-07-2026 03:16:15 AM [] []
[2026-07-22 03:16:21] SlimMonoLogger.INFO: Cron ran at: 22-07-2026 03:16:21 AM [] []
[2026-07-22 03:17:00] SlimMonoLogger.INFO: Cron ran at: 22-07-2026 03:17:00 AM [] []
[2026-07-22 03:17:03] SlimMonoLogger.INFO: Cron ran at: 22-07-2026 03:17:03 AM [] []
[2026-07-22 03:17:20] SlimMonoLogger.INFO: Cron ran at: 22-07-2026 03:17:20 AM [] []
[2026-07-22 03:17:23] SlimMonoLogger.INFO: Cron ran at: 22-07-2026 03:17:23 AM [] []
[2026-07-22 03:17:52] SlimMonoLogger.INFO: Cron ran at: 22-07-2026 03:17:52 AM [] []
[2026-07-22 03:17:59] SlimMonoLogger.INFO: Cron ran at: 22-07-2026 03:17:59 AM [] []
[2026-07-22 03:18:16] SlimMonoLogger.INFO: Cron ran at: 22-07-2026 03:18:16 AM [] []
[2026-07-22 03:18:22] SlimMonoLogger.INFO: Cron ran at: 22-07-2026 03:18:22 AM [] []
[2026-07-22 03:18:44] SlimMonoLogger.INFO: Cron ran at: 22-07-2026 03:18:44 AM [] []
[2026-07-22 03:18:58] SlimMonoLogger.INFO: Cron ran at: 22-07-2026 03:18:58 AM [] []
[2026-07-22 03:19:14] SlimMonoLogger.INFO: Cron ran at: 22-07-2026 03:19:14 AM [] []
[2026-07-22 03:19:22] SlimMonoLogger.INFO: Cron ran at: 22-07-2026 03:19:22 AM [] []
[2026-07-22 03:19:40] SlimMonoLogger.INFO: Cron ran at: 22-07-2026 03:19:40 AM [] []
[2026-07-22 03:19:56] SlimMonoLogger.INFO: Cron ran at: 22-07-2026 03:19:56 AM [] []
[2026-07-22 03:20:15] SlimMonoLogger.INFO: Cron ran at: 22-07-2026 03:20:15 AM [] []
[2026-07-22 03:20:18] SlimMonoLogger.INFO: Cron ran at: 22-07-2026 03:20:18 AM [] []
[2026-07-22 03:20:35] SlimMonoLogger.INFO: Cron ran at: 22-07-2026 03:20:35 AM [] []
[2026-07-22 03:21:05] SlimMonoLogger.INFO: Cron ran at: 22-07-2026 03:21:05 AM [] []
[2026-07-22 03:21:18] SlimMonoLogger.INFO: Cron ran at: 22-07-2026 03:21:18 AM [] []
[2026-07-22 03:21:26] SlimMonoLogger.INFO: Cron ran at: 22-07-2026 03:21:26 AM [] []
[2026-07-22 03:21:38] SlimMonoLogger.INFO: Cron ran at: 22-07-2026 03:21:38 AM [] []
[2026-07-22 03:22:05] SlimMonoLogger.INFO: Cron ran at: 22-07-2026 03:22:05 AM [] []
[2026-07-22 03:22:14] SlimMonoLogger.INFO: Cron ran at: 22-07-2026 03:22:14 AM [] []
[2026-07-22 03:22:27] SlimMonoLogger.INFO: Cron ran at: 22-07-2026 03:22:27 AM [] []
[2026-07-22 03:22:28] SlimMonoLogger.INFO: Cron ran at: 22-07-2026 03:22:28 AM [] []
[2026-07-22 03:22:53] SlimMonoLogger.INFO: Cron ran at: 22-07-2026 03:22:53 AM [] []
[2026-07-22 03:23:15] SlimMonoLogger.INFO: Cron ran at: 22-07-2026 03:23:15 AM [] []
[2026-07-22 03:23:21] SlimMonoLogger.INFO: Cron ran at: 22-07-2026 03:23:21 AM [] []
[2026-07-22 03:23:22] SlimMonoLogger.INFO: Cron ran at: 22-07-2026 03:23:22 AM [] []
[2026-07-22 03:23:59] SlimMonoLogger.INFO: Cron ran at: 22-07-2026 03:23:59 AM [] []
[2026-07-22 03:24:11] SlimMonoLogger.INFO: Cron ran at: 22-07-2026 03:24:11 AM [] []
[2026-07-22 03:24:12] SlimMonoLogger.INFO: Cron ran at: 22-07-2026 03:24:12 AM [] []
[2026-07-22 03:24:13] SlimMonoLogger.INFO: Cron ran at: 22-07-2026 03:24:13 AM [] []
[2026-07-22 03:24:55] SlimMonoLogger.INFO: Cron ran at: 22-07-2026 03:24:55 AM [] []
[2026-07-22 03:25:06] SlimMonoLogger.INFO: Cron ran at: 22-07-2026 03:25:06 AM [] []
[2026-07-22 03:25:14] SlimMonoLogger.INFO: Cron ran at: 22-07-2026 03:25:14 AM [] []
[2026-07-22 03:25:22] SlimMonoLogger.INFO: Cron ran at: 22-07-2026 03:25:22 AM [] []
[2026-07-22 03:25:57] SlimMonoLogger.INFO: Cron ran at: 22-07-2026 03:25:57 AM [] []
[2026-07-22 03:26:00] SlimMonoLogger.INFO: Cron ran at: 22-07-2026 03:26:00 AM [] []
[2026-07-22 03:26:20] SlimMonoLogger.INFO: Cron ran at: 22-07-2026 03:26:20 AM [] []
[2026-07-22 03:26:55] SlimMonoLogger.INFO: Cron ran at: 22-07-2026 03:26:55 AM [] []
[2026-07-22 03:26:57] SlimMonoLogger.INFO: Cron ran at: 22-07-2026 03:26:57 AM [] []
[2026-07-22 03:26:57] SlimMonoLogger.INFO: Cron ran at: 22-07-2026 03:26:57 AM [] []
[2026-07-22 03:27:17] SlimMonoLogger.INFO: Cron ran at: 22-07-2026 03:27:17 AM [] []
[2026-07-22 03:27:45] SlimMonoLogger.INFO: Cron ran at: 22-07-2026 03:27:45 AM [] []
[2026-07-22 03:27:55] SlimMonoLogger.INFO: Cron ran at: 22-07-2026 03:27:55 AM [] []
[2026-07-22 03:27:55] SlimMonoLogger.INFO: Cron ran at: 22-07-2026 03:27:55 AM [] []
[2026-07-22 03:28:18] SlimMonoLogger.INFO: Cron ran at: 22-07-2026 03:28:18 AM [] []
[2026-07-22 03:28:38] SlimMonoLogger.INFO: Cron ran at: 22-07-2026 03:28:38 AM [] []
[2026-07-22 03:28:53] SlimMonoLogger.INFO: Cron ran at: 22-07-2026 03:28:53 AM [] []
[2026-07-22 03:28:54] SlimMonoLogger.INFO: Cron ran at: 22-07-2026 03:28:54 AM [] []
[2026-07-22 03:29:16] SlimMonoLogger.INFO: Cron ran at: 22-07-2026 03:29:16 AM [] []
[2026-07-22 03:29:31] SlimMonoLogger.INFO: Cron ran at: 22-07-2026 03:29:31 AM [] []
[2026-07-22 03:29:51] SlimMonoLogger.INFO: Cron ran at: 22-07-2026 03:29:51 AM [] []
[2026-07-22 03:29:52] SlimMonoLogger.INFO: Cron ran at: 22-07-2026 03:29:52 AM [] []
[2026-07-22 03:30:19] SlimMonoLogger.INFO: Cron ran at: 22-07-2026 03:30:19 AM [] []
[2026-07-22 03:30:26] SlimMonoLogger.INFO: Cron ran at: 22-07-2026 03:30:26 AM [] []
[2026-07-22 03:30:53] SlimMonoLogger.INFO: Cron ran at: 22-07-2026 03:30:53 AM [] []
[2026-07-22 03:31:22] SlimMonoLogger.INFO: Cron ran at: 22-07-2026 03:31:22 AM [] []
[2026-07-22 03:31:26] SlimMonoLogger.INFO: Cron ran at: 22-07-2026 03:31:26 AM [] []
[2026-07-22 03:31:49] SlimMonoLogger.INFO: Cron ran at: 22-07-2026 03:31:49 AM [] []
[2026-07-22 03:31:49] SlimMonoLogger.INFO: Cron ran at: 22-07-2026 03:31:49 AM [] []
[2026-07-22 03:32:15] SlimMonoLogger.INFO: Cron ran at: 22-07-2026 03:32:15 AM [] []
[2026-07-22 03:32:16] SlimMonoLogger.INFO: Cron ran at: 22-07-2026 03:32:16 AM [] []
[2026-07-22 03:32:44] SlimMonoLogger.INFO: Cron ran at: 22-07-2026 03:32:44 AM [] []
[2026-07-22 03:32:52] SlimMonoLogger.INFO: Cron ran at: 22-07-2026 03:32:52 AM [] []
[2026-07-22 03:33:16] SlimMonoLogger.INFO: Cron ran at: 22-07-2026 03:33:16 AM [] []
[2026-07-22 03:33:17] SlimMonoLogger.INFO: Cron ran at: 22-07-2026 03:33:17 AM [] []
[2026-07-22 03:33:35] SlimMonoLogger.INFO: Cron ran at: 22-07-2026 03:33:35 AM [] []
[2026-07-22 03:33:50] SlimMonoLogger.INFO: Cron ran at: 22-07-2026 03:33:50 AM [] []
[2026-07-22 03:33:50] SlimMonoLogger.INFO: Cron ran at: 22-07-2026 03:33:50 AM [] []
[2026-07-22 03:34:13] SlimMonoLogger.INFO: Cron ran at: 22-07-2026 03:34:13 AM [] []
[2026-07-22 03:34:24] SlimMonoLogger.INFO: Cron ran at: 22-07-2026 03:34:24 AM [] []
[2026-07-22 03:34:50] SlimMonoLogger.INFO: Cron ran at: 22-07-2026 03:34:50 AM [] []
[2026-07-22 03:34:51] SlimMonoLogger.INFO: Cron ran at: 22-07-2026 03:34:51 AM [] []
[2026-07-22 03:35:12] SlimMonoLogger.INFO: Cron ran at: 22-07-2026 03:35:12 AM [] []
[2026-07-22 03:35:13] SlimMonoLogger.INFO: Cron ran at: 22-07-2026 03:35:13 AM [] []
[2026-07-22 03:35:54] SlimMonoLogger.INFO: Cron ran at: 22-07-2026 03:35:54 AM [] []
[2026-07-22 03:36:12] SlimMonoLogger.INFO: Cron ran at: 22-07-2026 03:36:12 AM [] []
[2026-07-22 03:36:12] SlimMonoLogger.INFO: Cron ran at: 22-07-2026 03:36:12 AM [] []
[2026-07-22 03:36:52] SlimMonoLogger.INFO: Cron ran at: 22-07-2026 03:36:52 AM [] []
[2026-07-22 03:37:07] SlimMonoLogger.INFO: Cron ran at: 22-07-2026 03:37:07 AM [] []
[2026-07-22 03:37:07] SlimMonoLogger.INFO: Cron ran at: 22-07-2026 03:37:07 AM [] []
[2026-07-22 03:37:08] SlimMonoLogger.INFO: Cron ran at: 22-07-2026 03:37:08 AM [] []
[2026-07-22 03:37:53] SlimMonoLogger.INFO: Cron ran at: 22-07-2026 03:37:53 AM [] []
[2026-07-22 03:37:54] SlimMonoLogger.INFO: Cron ran at: 22-07-2026 03:37:54 AM [] []
[2026-07-22 03:38:06] SlimMonoLogger.INFO: Cron ran at: 22-07-2026 03:38:06 AM [] []
[2026-07-22 03:38:06] SlimMonoLogger.INFO: Cron ran at: 22-07-2026 03:38:06 AM [] []
[2026-07-22 03:38:50] SlimMonoLogger.INFO: Cron ran at: 22-07-2026 03:38:50 AM [] []
[2026-07-22 03:38:51] SlimMonoLogger.INFO: Cron ran at: 22-07-2026 03:38:51 AM [] []
[2026-07-22 03:39:02] SlimMonoLogger.INFO: Cron ran at: 22-07-2026 03:39:02 AM [] []
[2026-07-22 03:39:11] SlimMonoLogger.INFO: Cron ran at: 22-07-2026 03:39:11 AM [] []
[2026-07-22 03:39:41] SlimMonoLogger.INFO: Cron ran at: 22-07-2026 03:39:41 AM [] []
[2026-07-22 03:39:55] SlimMonoLogger.INFO: Cron ran at: 22-07-2026 03:39:55 AM [] []
[2026-07-22 03:40:04] SlimMonoLogger.INFO: Cron ran at: 22-07-2026 03:40:04 AM [] []
[2026-07-22 03:40:12] SlimMonoLogger.INFO: Cron ran at: 22-07-2026 03:40:12 AM [] []
[2026-07-22 03:40:38] SlimMonoLogger.INFO: Cron ran at: 22-07-2026 03:40:38 AM [] []
[2026-07-22 03:41:06] SlimMonoLogger.INFO: Cron ran at: 22-07-2026 03:41:06 AM [] []
[2026-07-22 03:41:09] SlimMonoLogger.INFO: Cron ran at: 22-07-2026 03:41:09 AM [] []
[2026-07-22 03:41:31] SlimMonoLogger.INFO: Cron ran at: 22-07-2026 03:41:31 AM [] []
[2026-07-22 03:41:38] SlimMonoLogger.INFO: Cron ran at: 22-07-2026 03:41:38 AM [] []
[2026-07-22 03:42:06] SlimMonoLogger.INFO: Cron ran at: 22-07-2026 03:42:06 AM [] []
[2026-07-22 03:42:09] SlimMonoLogger.INFO: Cron ran at: 22-07-2026 03:42:09 AM [] []
[2026-07-22 03:42:28] SlimMonoLogger.INFO: Cron ran at: 22-07-2026 03:42:28 AM [] []
[2026-07-22 03:42:29] SlimMonoLogger.INFO: Cron ran at: 22-07-2026 03:42:29 AM [] []
[2026-07-22 03:43:06] SlimMonoLogger.INFO: Cron ran at: 22-07-2026 03:43:06 AM [] []
[2026-07-22 03:43:14] SlimMonoLogger.INFO: Cron ran at: 22-07-2026 03:43:14 AM [] []
[2026-07-22 03:43:21] SlimMonoLogger.INFO: Cron ran at: 22-07-2026 03:43:21 AM [] []
[2026-07-22 03:43:24] SlimMonoLogger.INFO: Cron ran at: 22-07-2026 03:43:24 AM [] []
[2026-07-22 03:44:06] SlimMonoLogger.INFO: Cron ran at: 22-07-2026 03:44:06 AM [] []
[2026-07-22 03:44:10] SlimMonoLogger.INFO: Cron ran at: 22-07-2026 03:44:10 AM [] []
[2026-07-22 03:44:10] SlimMonoLogger.INFO: Cron ran at: 22-07-2026 03:44:10 AM [] []
[2026-07-22 03:44:23] SlimMonoLogger.INFO: Cron ran at: 22-07-2026 03:44:23 AM [] []
[2026-07-22 03:45:06] SlimMonoLogger.INFO: Cron ran at: 22-07-2026 03:45:06 AM [] []
[2026-07-22 03:45:07] SlimMonoLogger.INFO: Cron ran at: 22-07-2026 03:45:07 AM [] []
[2026-07-22 03:45:12] SlimMonoLogger.INFO: Cron ran at: 22-07-2026 03:45:12 AM [] []
[2026-07-22 03:45:19] SlimMonoLogger.INFO: Cron ran at: 22-07-2026 03:45:19 AM [] []
[2026-07-22 03:46:02] SlimMonoLogger.INFO: Cron ran at: 22-07-2026 03:46:02 AM [] []
[2026-07-22 03:46:03] SlimMonoLogger.INFO: Cron ran at: 22-07-2026 03:46:03 AM [] []
[2026-07-22 03:46:22] SlimMonoLogger.INFO: Cron ran at: 22-07-2026 03:46:22 AM [] []
[2026-07-22 03:46:50] SlimMonoLogger.INFO: Cron ran at: 22-07-2026 03:46:50 AM [] []
[2026-07-22 03:46:58] SlimMonoLogger.INFO: Cron ran at: 22-07-2026 03:46:58 AM [] []
[2026-07-22 03:47:03] SlimMonoLogger.INFO: Cron ran at: 22-07-2026 03:47:03 AM [] []
[2026-07-22 03:47:19] SlimMonoLogger.INFO: Cron ran at: 22-07-2026 03:47:19 AM [] []
[2026-07-22 03:47:40] SlimMonoLogger.INFO: Cron ran at: 22-07-2026 03:47:40 AM [] []
[2026-07-22 03:47:57] SlimMonoLogger.INFO: Cron ran at: 22-07-2026 03:47:57 AM [] []
[2026-07-22 03:48:05] SlimMonoLogger.INFO: Cron ran at: 22-07-2026 03:48:05 AM [] []
[2026-07-22 03:48:20] SlimMonoLogger.INFO: Cron ran at: 22-07-2026 03:48:20 AM [] []
[2026-07-22 03:48:31] SlimMonoLogger.INFO: Cron ran at: 22-07-2026 03:48:31 AM [] []
[2026-07-22 03:48:51] SlimMonoLogger.INFO: Cron ran at: 22-07-2026 03:48:51 AM [] []
[2026-07-22 03:49:05] SlimMonoLogger.INFO: Cron ran at: 22-07-2026 03:49:05 AM [] []
[2026-07-22 03:49:20] SlimMonoLogger.INFO: Cron ran at: 22-07-2026 03:49:20 AM [] []
[2026-07-22 03:49:21] SlimMonoLogger.INFO: Cron ran at: 22-07-2026 03:49:21 AM [] []
[2026-07-22 03:49:52] SlimMonoLogger.INFO: Cron ran at: 22-07-2026 03:49:52 AM [] []
[2026-07-22 03:50:03] SlimMonoLogger.INFO: Cron ran at: 22-07-2026 03:50:03 AM [] []
[2026-07-22 03:50:18] SlimMonoLogger.INFO: Cron ran at: 22-07-2026 03:50:18 AM [] []
[2026-07-22 03:50:19] SlimMonoLogger.INFO: Cron ran at: 22-07-2026 03:50:19 AM [] []
[2026-07-22 03:50:53] SlimMonoLogger.INFO: Cron ran at: 22-07-2026 03:50:53 AM [] []
[2026-07-22 03:51:18] SlimMonoLogger.INFO: Cron ran at: 22-07-2026 03:51:18 AM [] []
[2026-07-22 03:51:18] SlimMonoLogger.INFO: Cron ran at: 22-07-2026 03:51:18 AM [] []
[2026-07-22 03:51:42] SlimMonoLogger.INFO: Cron ran at: 22-07-2026 03:51:42 AM [] []
[2026-07-22 03:51:51] SlimMonoLogger.INFO: Cron ran at: 22-07-2026 03:51:51 AM [] []
[2026-07-22 03:52:17] SlimMonoLogger.INFO: Cron ran at: 22-07-2026 03:52:17 AM [] []
[2026-07-22 03:52:23] SlimMonoLogger.INFO: Cron ran at: 22-07-2026 03:52:23 AM [] []
[2026-07-22 03:52:37] SlimMonoLogger.INFO: Cron ran at: 22-07-2026 03:52:37 AM [] []
[2026-07-22 03:52:54] SlimMonoLogger.INFO: Cron ran at: 22-07-2026 03:52:54 AM [] []
[2026-07-22 03:53:08] SlimMonoLogger.INFO: Cron ran at: 22-07-2026 03:53:08 AM [] []
[2026-07-22 03:53:21] SlimMonoLogger.INFO: Cron ran at: 22-07-2026 03:53:21 AM [] []
[2026-07-22 03:53:25] SlimMonoLogger.INFO: Cron ran at: 22-07-2026 03:53:25 AM [] []
[2026-07-22 03:53:52] SlimMonoLogger.INFO: Cron ran at: 22-07-2026 03:53:52 AM [] []
[2026-07-22 03:54:07] SlimMonoLogger.INFO: Cron ran at: 22-07-2026 03:54:07 AM [] []
[2026-07-22 03:54:22] SlimMonoLogger.INFO: Cron ran at: 22-07-2026 03:54:22 AM [] []
[2026-07-22 03:54:22] SlimMonoLogger.INFO: Cron ran at: 22-07-2026 03:54:22 AM [] []
[2026-07-22 03:54:55] SlimMonoLogger.INFO: Cron ran at: 22-07-2026 03:54:55 AM [] []
[2026-07-22 03:55:08] SlimMonoLogger.INFO: Cron ran at: 22-07-2026 03:55:08 AM [] []
[2026-07-22 03:55:16] SlimMonoLogger.INFO: Cron ran at: 22-07-2026 03:55:16 AM [] []
[2026-07-22 03:55:23] SlimMonoLogger.INFO: Cron ran at: 22-07-2026 03:55:23 AM [] []
[2026-07-22 03:55:53] SlimMonoLogger.INFO: Cron ran at: 22-07-2026 03:55:53 AM [] []
[2026-07-22 03:56:07] SlimMonoLogger.INFO: Cron ran at: 22-07-2026 03:56:07 AM [] []
[2026-07-22 03:56:09] SlimMonoLogger.INFO: Cron ran at: 22-07-2026 03:56:09 AM [] []
[2026-07-22 03:56:54] SlimMonoLogger.INFO: Cron ran at: 22-07-2026 03:56:54 AM [] []
[2026-07-22 03:57:03] SlimMonoLogger.INFO: Cron ran at: 22-07-2026 03:57:03 AM [] []
[2026-07-22 03:57:05] SlimMonoLogger.INFO: Cron ran at: 22-07-2026 03:57:05 AM [] []
[2026-07-22 03:57:08] SlimMonoLogger.INFO: Cron ran at: 22-07-2026 03:57:08 AM [] []
[2026-07-22 03:57:51] SlimMonoLogger.INFO: Cron ran at: 22-07-2026 03:57:51 AM [] []
[2026-07-22 03:57:51] SlimMonoLogger.INFO: Cron ran at: 22-07-2026 03:57:51 AM [] []
[2026-07-22 03:58:02] SlimMonoLogger.INFO: Cron ran at: 22-07-2026 03:58:02 AM [] []
[2026-07-22 03:58:02] SlimMonoLogger.INFO: Cron ran at: 22-07-2026 03:58:02 AM [] []
[2026-07-22 03:58:45] SlimMonoLogger.INFO: Cron ran at: 22-07-2026 03:58:45 AM [] []
[2026-07-22 03:58:54] SlimMonoLogger.INFO: Cron ran at: 22-07-2026 03:58:54 AM [] []
[2026-07-22 03:58:58] SlimMonoLogger.INFO: Cron ran at: 22-07-2026 03:58:58 AM [] []
[2026-07-22 03:59:00] SlimMonoLogger.INFO: Cron ran at: 22-07-2026 03:59:00 AM [] []
[2026-07-22 03:59:39] SlimMonoLogger.INFO: Cron ran at: 22-07-2026 03:59:39 AM [] []
[2026-07-22 03:59:52] SlimMonoLogger.INFO: Cron ran at: 22-07-2026 03:59:52 AM [] []
[2026-07-22 04:00:00] SlimMonoLogger.INFO: Cron ran at: 22-07-2026 04:00:00 AM [] []
[2026-07-22 04:00:05] SlimMonoLogger.INFO: Cron ran at: 22-07-2026 04:00:05 AM [] []
[2026-07-22 04:00:35] SlimMonoLogger.INFO: Cron ran at: 22-07-2026 04:00:35 AM [] []
[2026-07-22 04:01:04] SlimMonoLogger.INFO: Cron ran at: 22-07-2026 04:01:04 AM [] []
[2026-07-22 04:01:07] SlimMonoLogger.INFO: Cron ran at: 22-07-2026 04:01:07 AM [] []
[2026-07-22 04:01:30] SlimMonoLogger.INFO: Cron ran at: 22-07-2026 04:01:30 AM [] []
[2026-07-22 04:02:02] SlimMonoLogger.INFO: Cron ran at: 22-07-2026 04:02:02 AM [] []
[2026-07-22 04:02:02] SlimMonoLogger.INFO: Cron ran at: 22-07-2026 04:02:02 AM [] []
[2026-07-22 04:02:03] SlimMonoLogger.INFO: Cron ran at: 22-07-2026 04:02:03 AM [] []
[2026-07-22 04:02:31] SlimMonoLogger.INFO: Cron ran at: 22-07-2026 04:02:31 AM [] []
[2026-07-22 04:02:57] SlimMonoLogger.INFO: Cron ran at: 22-07-2026 04:02:57 AM [] []
[2026-07-22 04:02:58] SlimMonoLogger.INFO: Cron ran at: 22-07-2026 04:02:58 AM [] []
[2026-07-22 04:03:06] SlimMonoLogger.INFO: Cron ran at: 22-07-2026 04:03:06 AM [] []
[2026-07-22 04:03:23] SlimMonoLogger.INFO: Cron ran at: 22-07-2026 04:03:23 AM [] []
[2026-07-22 04:03:46] SlimMonoLogger.INFO: Cron ran at: 22-07-2026 04:03:46 AM [] []
[2026-07-22 04:03:59] SlimMonoLogger.INFO: Cron ran at: 22-07-2026 04:03:59 AM [] []
[2026-07-22 04:04:06] SlimMonoLogger.INFO: Cron ran at: 22-07-2026 04:04:06 AM [] []
[2026-07-22 04:04:21] SlimMonoLogger.INFO: Cron ran at: 22-07-2026 04:04:21 AM [] []
[2026-07-22 04:04:40] SlimMonoLogger.INFO: Cron ran at: 22-07-2026 04:04:40 AM [] []
[2026-07-22 04:05:00] SlimMonoLogger.INFO: Cron ran at: 22-07-2026 04:05:00 AM [] []
[2026-07-22 04:05:06] SlimMonoLogger.INFO: Cron ran at: 22-07-2026 04:05:06 AM [] []
[2026-07-22 04:05:20] SlimMonoLogger.INFO: Cron ran at: 22-07-2026 04:05:20 AM [] []
[2026-07-22 04:05:38] SlimMonoLogger.INFO: Cron ran at: 22-07-2026 04:05:38 AM [] []
[2026-07-22 04:06:02] SlimMonoLogger.INFO: Cron ran at: 22-07-2026 04:06:02 AM [] []
[2026-07-22 04:06:23] SlimMonoLogger.INFO: Cron ran at: 22-07-2026 04:06:23 AM [] []
[2026-07-22 04:06:34] SlimMonoLogger.INFO: Cron ran at: 22-07-2026 04:06:34 AM [] []
[2026-07-22 04:06:56] SlimMonoLogger.INFO: Cron ran at: 22-07-2026 04:06:56 AM [] []
[2026-07-22 04:06:57] SlimMonoLogger.INFO: Cron ran at: 22-07-2026 04:06:57 AM [] []
[2026-07-22 04:07:19] SlimMonoLogger.INFO: Cron ran at: 22-07-2026 04:07:19 AM [] []
[2026-07-22 04:07:22] SlimMonoLogger.INFO: Cron ran at: 22-07-2026 04:07:22 AM [] []
[2026-07-22 04:07:48] SlimMonoLogger.INFO: Cron ran at: 22-07-2026 04:07:48 AM [] []
[2026-07-22 04:08:02] SlimMonoLogger.INFO: Cron ran at: 22-07-2026 04:08:02 AM [] []
[2026-07-22 04:08:19] SlimMonoLogger.INFO: Cron ran at: 22-07-2026 04:08:19 AM [] []
[2026-07-22 04:08:21] SlimMonoLogger.INFO: Cron ran at: 22-07-2026 04:08:21 AM [] []
[2026-07-22 04:08:40] SlimMonoLogger.INFO: Cron ran at: 22-07-2026 04:08:40 AM [] []
[2026-07-22 04:09:05] SlimMonoLogger.INFO: Cron ran at: 22-07-2026 04:09:05 AM [] []
[2026-07-22 04:09:21] SlimMonoLogger.INFO: Cron ran at: 22-07-2026 04:09:21 AM [] []
[2026-07-22 04:09:22] SlimMonoLogger.INFO: Cron ran at: 22-07-2026 04:09:22 AM [] []
[2026-07-22 04:09:40] SlimMonoLogger.INFO: Cron ran at: 22-07-2026 04:09:40 AM [] []
[2026-07-22 04:10:04] SlimMonoLogger.INFO: Cron ran at: 22-07-2026 04:10:04 AM [] []
[2026-07-22 04:10:19] SlimMonoLogger.INFO: Cron ran at: 22-07-2026 04:10:19 AM [] []
[2026-07-22 04:10:22] SlimMonoLogger.INFO: Cron ran at: 22-07-2026 04:10:22 AM [] []
[2026-07-22 04:10:25] SlimMonoLogger.INFO: Cron ran at: 22-07-2026 04:10:25 AM [] []
[2026-07-22 04:11:20] SlimMonoLogger.INFO: Cron ran at: 22-07-2026 04:11:20 AM [] []
[2026-07-22 04:11:20] SlimMonoLogger.INFO: Cron ran at: 22-07-2026 04:11:20 AM [] []
[2026-07-22 04:11:24] SlimMonoLogger.INFO: Cron ran at: 22-07-2026 04:11:24 AM [] []
[2026-07-22 04:11:25] SlimMonoLogger.INFO: Cron ran at: 22-07-2026 04:11:25 AM [] []
[2026-07-22 04:12:16] SlimMonoLogger.INFO: Cron ran at: 22-07-2026 04:12:16 AM [] []
[2026-07-22 04:12:17] SlimMonoLogger.INFO: Cron ran at: 22-07-2026 04:12:17 AM [] []
[2026-07-22 04:12:18] SlimMonoLogger.INFO: Cron ran at: 22-07-2026 04:12:18 AM [] []
[2026-07-22 04:12:18] SlimMonoLogger.INFO: Cron ran at: 22-07-2026 04:12:18 AM [] []
[2026-07-22 04:13:17] SlimMonoLogger.INFO: Cron ran at: 22-07-2026 04:13:17 AM [] []
[2026-07-22 04:13:17] SlimMonoLogger.INFO: Cron ran at: 22-07-2026 04:13:17 AM [] []
[2026-07-22 04:13:19] SlimMonoLogger.INFO: Cron ran at: 22-07-2026 04:13:19 AM [] []
[2026-07-22 04:13:19] SlimMonoLogger.INFO: Cron ran at: 22-07-2026 04:13:19 AM [] []
[2026-07-22 04:14:02] SlimMonoLogger.INFO: Cron ran at: 22-07-2026 04:14:02 AM [] []
[2026-07-22 04:14:14] SlimMonoLogger.INFO: Cron ran at: 22-07-2026 04:14:14 AM [] []
[2026-07-22 04:14:16] SlimMonoLogger.INFO: Cron ran at: 22-07-2026 04:14:16 AM [] []
[2026-07-22 04:14:18] SlimMonoLogger.INFO: Cron ran at: 22-07-2026 04:14:18 AM [] []
[2026-07-22 04:14:56] SlimMonoLogger.INFO: Cron ran at: 22-07-2026 04:14:56 AM [] []
[2026-07-22 04:15:17] SlimMonoLogger.INFO: Cron ran at: 22-07-2026 04:15:17 AM [] []
[2026-07-22 04:15:18] SlimMonoLogger.INFO: Cron ran at: 22-07-2026 04:15:18 AM [] []
[2026-07-22 04:15:19] SlimMonoLogger.INFO: Cron ran at: 22-07-2026 04:15:19 AM [] []
[2026-07-22 04:15:52] SlimMonoLogger.INFO: Cron ran at: 22-07-2026 04:15:52 AM [] []
[2026-07-22 04:16:18] SlimMonoLogger.INFO: Cron ran at: 22-07-2026 04:16:18 AM [] []
[2026-07-22 04:16:19] SlimMonoLogger.INFO: Cron ran at: 22-07-2026 04:16:19 AM [] []
[2026-07-22 04:16:45] SlimMonoLogger.INFO: Cron ran at: 22-07-2026 04:16:45 AM [] []
[2026-07-22 04:16:47] SlimMonoLogger.INFO: Cron ran at: 22-07-2026 04:16:47 AM [] []
[2026-07-22 04:17:13] SlimMonoLogger.INFO: Cron ran at: 22-07-2026 04:17:13 AM [] []
[2026-07-22 04:17:19] SlimMonoLogger.INFO: Cron ran at: 22-07-2026 04:17:19 AM [] []
[2026-07-22 04:17:42] SlimMonoLogger.INFO: Cron ran at: 22-07-2026 04:17:42 AM [] []
[2026-07-22 04:17:44] SlimMonoLogger.INFO: Cron ran at: 22-07-2026 04:17:44 AM [] []
[2026-07-22 04:18:12] SlimMonoLogger.INFO: Cron ran at: 22-07-2026 04:18:12 AM [] []
[2026-07-22 04:18:25] SlimMonoLogger.INFO: Cron ran at: 22-07-2026 04:18:25 AM [] []
[2026-07-22 04:18:30] SlimMonoLogger.INFO: Cron ran at: 22-07-2026 04:18:30 AM [] []
[2026-07-22 04:18:46] SlimMonoLogger.INFO: Cron ran at: 22-07-2026 04:18:46 AM [] []
[2026-07-22 04:19:19] SlimMonoLogger.INFO: Cron ran at: 22-07-2026 04:19:19 AM [] []
[2026-07-22 04:19:20] SlimMonoLogger.INFO: Cron ran at: 22-07-2026 04:19:20 AM [] []
[2026-07-22 04:19:20] SlimMonoLogger.INFO: Cron ran at: 22-07-2026 04:19:20 AM [] []
[2026-07-22 04:19:48] SlimMonoLogger.INFO: Cron ran at: 22-07-2026 04:19:48 AM [] []
[2026-07-22 04:20:15] SlimMonoLogger.INFO: Cron ran at: 22-07-2026 04:20:15 AM [] []
[2026-07-22 04:20:16] SlimMonoLogger.INFO: Cron ran at: 22-07-2026 04:20:16 AM [] []
[2026-07-22 04:20:17] SlimMonoLogger.INFO: Cron ran at: 22-07-2026 04:20:17 AM [] []
[2026-07-22 04:20:41] SlimMonoLogger.INFO: Cron ran at: 22-07-2026 04:20:41 AM [] []
[2026-07-22 04:21:17] SlimMonoLogger.INFO: Cron ran at: 22-07-2026 04:21:17 AM [] []
[2026-07-22 04:21:20] SlimMonoLogger.INFO: Cron ran at: 22-07-2026 04:21:20 AM [] []
[2026-07-22 04:21:24] SlimMonoLogger.INFO: Cron ran at: 22-07-2026 04:21:24 AM [] []
[2026-07-22 04:21:43] SlimMonoLogger.INFO: Cron ran at: 22-07-2026 04:21:43 AM [] []
[2026-07-22 04:22:07] SlimMonoLogger.INFO: Cron ran at: 22-07-2026 04:22:07 AM [] []
[2026-07-22 04:22:15] SlimMonoLogger.INFO: Cron ran at: 22-07-2026 04:22:15 AM [] []
[2026-07-22 04:22:15] SlimMonoLogger.INFO: Cron ran at: 22-07-2026 04:22:15 AM [] []
[2026-07-22 04:22:41] SlimMonoLogger.INFO: Cron ran at: 22-07-2026 04:22:41 AM [] []
[2026-07-22 04:23:05] SlimMonoLogger.INFO: Cron ran at: 22-07-2026 04:23:05 AM [] []
[2026-07-22 04:23:10] SlimMonoLogger.INFO: Cron ran at: 22-07-2026 04:23:10 AM [] []
[2026-07-22 04:23:11] SlimMonoLogger.INFO: Cron ran at: 22-07-2026 04:23:11 AM [] []
[2026-07-22 04:23:41] SlimMonoLogger.INFO: Cron ran at: 22-07-2026 04:23:41 AM [] []
[2026-07-22 04:24:03] SlimMonoLogger.INFO: Cron ran at: 22-07-2026 04:24:03 AM [] []
[2026-07-22 04:24:04] SlimMonoLogger.INFO: Cron ran at: 22-07-2026 04:24:04 AM [] []
[2026-07-22 04:24:15] SlimMonoLogger.INFO: Cron ran at: 22-07-2026 04:24:15 AM [] []
[2026-07-22 04:24:40] SlimMonoLogger.INFO: Cron ran at: 22-07-2026 04:24:40 AM [] []
[2026-07-22 04:24:55] SlimMonoLogger.INFO: Cron ran at: 22-07-2026 04:24:55 AM [] []
[2026-07-22 04:25:01] SlimMonoLogger.INFO: Cron ran at: 22-07-2026 04:25:01 AM [] []
[2026-07-22 04:25:22] SlimMonoLogger.INFO: Cron ran at: 22-07-2026 04:25:22 AM [] []
[2026-07-22 04:25:47] SlimMonoLogger.INFO: Cron ran at: 22-07-2026 04:25:47 AM [] []
[2026-07-22 04:25:58] SlimMonoLogger.INFO: Cron ran at: 22-07-2026 04:25:58 AM [] []
[2026-07-22 04:26:06] SlimMonoLogger.INFO: Cron ran at: 22-07-2026 04:26:06 AM [] []
[2026-07-22 04:26:40] SlimMonoLogger.INFO: Cron ran at: 22-07-2026 04:26:40 AM [] []
[2026-07-22 04:26:41] SlimMonoLogger.INFO: Cron ran at: 22-07-2026 04:26:41 AM [] []
[2026-07-22 04:26:50] SlimMonoLogger.INFO: Cron ran at: 22-07-2026 04:26:50 AM [] []
[2026-07-22 04:27:06] SlimMonoLogger.INFO: Cron ran at: 22-07-2026 04:27:06 AM [] []
[2026-07-22 04:27:32] SlimMonoLogger.INFO: Cron ran at: 22-07-2026 04:27:32 AM [] []
[2026-07-22 04:27:44] SlimMonoLogger.INFO: Cron ran at: 22-07-2026 04:27:44 AM [] []
[2026-07-22 04:27:44] SlimMonoLogger.INFO: Cron ran at: 22-07-2026 04:27:44 AM [] []
[2026-07-22 04:28:04] SlimMonoLogger.INFO: Cron ran at: 22-07-2026 04:28:04 AM [] []
[2026-07-22 04:28:29] SlimMonoLogger.INFO: Cron ran at: 22-07-2026 04:28:29 AM [] []
[2026-07-22 04:28:43] SlimMonoLogger.INFO: Cron ran at: 22-07-2026 04:28:43 AM [] []
[2026-07-22 04:28:43] SlimMonoLogger.INFO: Cron ran at: 22-07-2026 04:28:43 AM [] []
[2026-07-22 04:29:03] SlimMonoLogger.INFO: Cron ran at: 22-07-2026 04:29:03 AM [] []
[2026-07-22 04:29:13] SlimMonoLogger.INFO: Cron ran at: 22-07-2026 04:29:13 AM [] []
[2026-07-22 04:29:41] SlimMonoLogger.INFO: Cron ran at: 22-07-2026 04:29:41 AM [] []
[2026-07-22 04:29:42] SlimMonoLogger.INFO: Cron ran at: 22-07-2026 04:29:42 AM [] []
[2026-07-22 04:30:04] SlimMonoLogger.INFO: Cron ran at: 22-07-2026 04:30:04 AM [] []
[2026-07-22 04:30:14] SlimMonoLogger.INFO: Cron ran at: 22-07-2026 04:30:14 AM [] []
[2026-07-22 04:30:48] SlimMonoLogger.INFO: Cron ran at: 22-07-2026 04:30:48 AM [] []
[2026-07-22 04:31:02] SlimMonoLogger.INFO: Cron ran at: 22-07-2026 04:31:02 AM [] []
[2026-07-22 04:31:06] SlimMonoLogger.INFO: Cron ran at: 22-07-2026 04:31:06 AM [] []
[2026-07-22 04:31:49] SlimMonoLogger.INFO: Cron ran at: 22-07-2026 04:31:49 AM [] []
[2026-07-22 04:32:04] SlimMonoLogger.INFO: Cron ran at: 22-07-2026 04:32:04 AM [] []
[2026-07-22 04:32:04] SlimMonoLogger.INFO: Cron ran at: 22-07-2026 04:32:04 AM [] []
[2026-07-22 04:32:07] SlimMonoLogger.INFO: Cron ran at: 22-07-2026 04:32:07 AM [] []
[2026-07-22 04:32:49] SlimMonoLogger.INFO: Cron ran at: 22-07-2026 04:32:49 AM [] []
[2026-07-22 04:32:58] SlimMonoLogger.INFO: Cron ran at: 22-07-2026 04:32:58 AM [] []
[2026-07-22 04:32:58] SlimMonoLogger.INFO: Cron ran at: 22-07-2026 04:32:58 AM [] []
[2026-07-22 04:33:01] SlimMonoLogger.INFO: Cron ran at: 22-07-2026 04:33:01 AM [] []
[2026-07-22 04:33:46] SlimMonoLogger.INFO: Cron ran at: 22-07-2026 04:33:46 AM [] []
[2026-07-22 04:33:54] SlimMonoLogger.INFO: Cron ran at: 22-07-2026 04:33:54 AM [] []
[2026-07-22 04:33:54] SlimMonoLogger.INFO: Cron ran at: 22-07-2026 04:33:54 AM [] []
[2026-07-22 04:34:08] SlimMonoLogger.INFO: Cron ran at: 22-07-2026 04:34:08 AM [] []
[2026-07-22 04:34:30] SlimMonoLogger.INFO: Cron ran at: 22-07-2026 04:34:30 AM [] []
[2026-07-22 04:34:42] SlimMonoLogger.INFO: Cron ran at: 22-07-2026 04:34:42 AM [] []
[2026-07-22 04:34:46] SlimMonoLogger.INFO: Cron ran at: 22-07-2026 04:34:46 AM [] []
[2026-07-22 04:34:55] SlimMonoLogger.INFO: Cron ran at: 22-07-2026 04:34:55 AM [] []
[2026-07-22 04:35:43] SlimMonoLogger.INFO: Cron ran at: 22-07-2026 04:35:43 AM [] []
[2026-07-22 04:35:44] SlimMonoLogger.INFO: Cron ran at: 22-07-2026 04:35:44 AM [] []
[2026-07-22 04:36:04] SlimMonoLogger.INFO: Cron ran at: 22-07-2026 04:36:04 AM [] []
[2026-07-22 04:36:34] SlimMonoLogger.INFO: Cron ran at: 22-07-2026 04:36:34 AM [] []
[2026-07-22 04:36:48] SlimMonoLogger.INFO: Cron ran at: 22-07-2026 04:36:48 AM [] []
[2026-07-22 04:36:52] SlimMonoLogger.INFO: Cron ran at: 22-07-2026 04:36:52 AM [] []
[2026-07-22 04:36:53] SlimMonoLogger.INFO: Cron ran at: 22-07-2026 04:36:53 AM [] []
[2026-07-22 04:37:33] SlimMonoLogger.INFO: Cron ran at: 22-07-2026 04:37:33 AM [] []
[2026-07-22 04:37:42] SlimMonoLogger.INFO: Cron ran at: 22-07-2026 04:37:42 AM [] []
[2026-07-22 04:37:42] SlimMonoLogger.INFO: Cron ran at: 22-07-2026 04:37:42 AM [] []
[2026-07-22 04:37:56] SlimMonoLogger.INFO: Cron ran at: 22-07-2026 04:37:56 AM [] []
[2026-07-22 04:38:34] SlimMonoLogger.INFO: Cron ran at: 22-07-2026 04:38:34 AM [] []
[2026-07-22 04:38:39] SlimMonoLogger.INFO: Cron ran at: 22-07-2026 04:38:39 AM [] []
[2026-07-22 04:38:52] SlimMonoLogger.INFO: Cron ran at: 22-07-2026 04:38:52 AM [] []
[2026-07-22 04:38:56] SlimMonoLogger.INFO: Cron ran at: 22-07-2026 04:38:56 AM [] []
[2026-07-22 04:39:25] SlimMonoLogger.INFO: Cron ran at: 22-07-2026 04:39:25 AM [] []
[2026-07-22 04:39:25] SlimMonoLogger.INFO: Cron ran at: 22-07-2026 04:39:25 AM [] []
[2026-07-22 04:39:43] SlimMonoLogger.INFO: Cron ran at: 22-07-2026 04:39:43 AM [] []
[2026-07-22 04:39:58] SlimMonoLogger.INFO: Cron ran at: 22-07-2026 04:39:58 AM [] []
[2026-07-22 04:40:22] SlimMonoLogger.INFO: Cron ran at: 22-07-2026 04:40:22 AM [] []
[2026-07-22 04:40:31] SlimMonoLogger.INFO: Cron ran at: 22-07-2026 04:40:31 AM [] []
[2026-07-22 04:40:57] SlimMonoLogger.INFO: Cron ran at: 22-07-2026 04:40:57 AM [] []
[2026-07-22 04:41:17] SlimMonoLogger.INFO: Cron ran at: 22-07-2026 04:41:17 AM [] []
[2026-07-22 04:41:27] SlimMonoLogger.INFO: Cron ran at: 22-07-2026 04:41:27 AM [] []
[2026-07-22 04:41:41] SlimMonoLogger.INFO: Cron ran at: 22-07-2026 04:41:41 AM [] []
[2026-07-22 04:41:56] SlimMonoLogger.INFO: Cron ran at: 22-07-2026 04:41:56 AM [] []
[2026-07-22 04:42:08] SlimMonoLogger.INFO: Cron ran at: 22-07-2026 04:42:08 AM [] []
[2026-07-22 04:42:23] SlimMonoLogger.INFO: Cron ran at: 22-07-2026 04:42:23 AM [] []
[2026-07-22 04:42:27] SlimMonoLogger.INFO: Cron ran at: 22-07-2026 04:42:27 AM [] []
[2026-07-22 04:42:56] SlimMonoLogger.INFO: Cron ran at: 22-07-2026 04:42:56 AM [] []
[2026-07-22 04:43:08] SlimMonoLogger.INFO: Cron ran at: 22-07-2026 04:43:08 AM [] []
[2026-07-22 04:43:22] SlimMonoLogger.INFO: Cron ran at: 22-07-2026 04:43:22 AM [] []
[2026-07-22 04:43:22] SlimMonoLogger.INFO: Cron ran at: 22-07-2026 04:43:22 AM [] []
[2026-07-22 04:43:53] SlimMonoLogger.INFO: Cron ran at: 22-07-2026 04:43:53 AM [] []
[2026-07-22 04:44:01] SlimMonoLogger.INFO: Cron ran at: 22-07-2026 04:44:01 AM [] []
[2026-07-22 04:44:07] SlimMonoLogger.INFO: Cron ran at: 22-07-2026 04:44:07 AM [] []
[2026-07-22 04:44:15] SlimMonoLogger.INFO: Cron ran at: 22-07-2026 04:44:15 AM [] []
[2026-07-22 04:44:55] SlimMonoLogger.INFO: Cron ran at: 22-07-2026 04:44:55 AM [] []
[2026-07-22 04:45:00] SlimMonoLogger.INFO: Cron ran at: 22-07-2026 04:45:00 AM [] []
[2026-07-22 04:45:08] SlimMonoLogger.INFO: Cron ran at: 22-07-2026 04:45:08 AM [] []
[2026-07-22 04:45:09] SlimMonoLogger.INFO: Cron ran at: 22-07-2026 04:45:09 AM [] []
[2026-07-22 04:45:30] SlimMonoLogger.INFO: Cron ran at: 22-07-2026 04:45:30 AM [] []
[2026-07-22 04:45:58] SlimMonoLogger.INFO: Cron ran at: 22-07-2026 04:45:58 AM [] []
[2026-07-22 04:46:09] SlimMonoLogger.INFO: Cron ran at: 22-07-2026 04:46:09 AM [] []
[2026-07-22 04:46:25] SlimMonoLogger.INFO: Cron ran at: 22-07-2026 04:46:25 AM [] []
[2026-07-22 04:46:42] SlimMonoLogger.INFO: Cron ran at: 22-07-2026 04:46:42 AM [] []
[2026-07-22 04:47:02] SlimMonoLogger.INFO: Cron ran at: 22-07-2026 04:47:02 AM [] []
[2026-07-22 04:47:02] SlimMonoLogger.INFO: Cron ran at: 22-07-2026 04:47:02 AM [] []
[2026-07-22 04:47:25] SlimMonoLogger.INFO: Cron ran at: 22-07-2026 04:47:25 AM [] []
[2026-07-22 04:47:34] SlimMonoLogger.INFO: Cron ran at: 22-07-2026 04:47:34 AM [] []
[2026-07-22 04:47:58] SlimMonoLogger.INFO: Cron ran at: 22-07-2026 04:47:58 AM [] []
[2026-07-22 04:47:59] SlimMonoLogger.INFO: Cron ran at: 22-07-2026 04:47:59 AM [] []
[2026-07-22 04:48:23] SlimMonoLogger.INFO: Cron ran at: 22-07-2026 04:48:23 AM [] []
[2026-07-22 04:48:24] SlimMonoLogger.INFO: Cron ran at: 22-07-2026 04:48:24 AM [] []
[2026-07-22 04:48:57] SlimMonoLogger.INFO: Cron ran at: 22-07-2026 04:48:57 AM [] []
[2026-07-22 04:48:58] SlimMonoLogger.INFO: Cron ran at: 22-07-2026 04:48:58 AM [] []
[2026-07-22 04:49:17] SlimMonoLogger.INFO: Cron ran at: 22-07-2026 04:49:17 AM [] []
[2026-07-22 04:49:19] SlimMonoLogger.INFO: Cron ran at: 22-07-2026 04:49:19 AM [] []
[2026-07-22 04:49:59] SlimMonoLogger.INFO: Cron ran at: 22-07-2026 04:49:59 AM [] []
[2026-07-22 04:50:00] SlimMonoLogger.INFO: Cron ran at: 22-07-2026 04:50:00 AM [] []
[2026-07-22 04:50:09] SlimMonoLogger.INFO: Cron ran at: 22-07-2026 04:50:09 AM [] []
[2026-07-22 04:50:22] SlimMonoLogger.INFO: Cron ran at: 22-07-2026 04:50:22 AM [] []
[2026-07-22 04:51:05] SlimMonoLogger.INFO: Cron ran at: 22-07-2026 04:51:05 AM [] []
[2026-07-22 04:51:09] SlimMonoLogger.INFO: Cron ran at: 22-07-2026 04:51:09 AM [] []
[2026-07-22 04:51:26] SlimMonoLogger.INFO: Cron ran at: 22-07-2026 04:51:26 AM [] []
[2026-07-22 04:51:49] SlimMonoLogger.INFO: Cron ran at: 22-07-2026 04:51:49 AM [] []
[2026-07-22 04:51:56] SlimMonoLogger.INFO: Cron ran at: 22-07-2026 04:51:56 AM [] []
[2026-07-22 04:51:57] SlimMonoLogger.INFO: Cron ran at: 22-07-2026 04:51:57 AM [] []
[2026-07-22 04:52:25] SlimMonoLogger.INFO: Cron ran at: 22-07-2026 04:52:25 AM [] []
[2026-07-22 04:52:39] SlimMonoLogger.INFO: Cron ran at: 22-07-2026 04:52:39 AM [] []
[2026-07-22 04:52:56] SlimMonoLogger.INFO: Cron ran at: 22-07-2026 04:52:56 AM [] []
[2026-07-22 04:52:57] SlimMonoLogger.INFO: Cron ran at: 22-07-2026 04:52:57 AM [] []
[2026-07-22 04:53:25] SlimMonoLogger.INFO: Cron ran at: 22-07-2026 04:53:25 AM [] []
[2026-07-22 04:53:32] SlimMonoLogger.INFO: Cron ran at: 22-07-2026 04:53:32 AM [] []
[2026-07-22 04:53:55] SlimMonoLogger.INFO: Cron ran at: 22-07-2026 04:53:55 AM [] []
[2026-07-22 04:53:57] SlimMonoLogger.INFO: Cron ran at: 22-07-2026 04:53:57 AM [] []
[2026-07-22 04:54:24] SlimMonoLogger.INFO: Cron ran at: 22-07-2026 04:54:24 AM [] []
[2026-07-22 04:54:26] SlimMonoLogger.INFO: Cron ran at: 22-07-2026 04:54:26 AM [] []
[2026-07-22 04:54:53] SlimMonoLogger.INFO: Cron ran at: 22-07-2026 04:54:53 AM [] []
[2026-07-22 04:54:58] SlimMonoLogger.INFO: Cron ran at: 22-07-2026 04:54:58 AM [] []
[2026-07-22 04:55:24] SlimMonoLogger.INFO: Cron ran at: 22-07-2026 04:55:24 AM [] []
[2026-07-22 04:55:54] SlimMonoLogger.INFO: Cron ran at: 22-07-2026 04:55:54 AM [] []
[2026-07-22 04:55:56] SlimMonoLogger.INFO: Cron ran at: 22-07-2026 04:55:56 AM [] []
[2026-07-22 04:56:16] SlimMonoLogger.INFO: Cron ran at: 22-07-2026 04:56:16 AM [] []
[2026-07-22 04:56:40] SlimMonoLogger.INFO: Cron ran at: 22-07-2026 04:56:40 AM [] []
[2026-07-22 04:56:54] SlimMonoLogger.INFO: Cron ran at: 22-07-2026 04:56:54 AM [] []
[2026-07-22 04:56:55] SlimMonoLogger.INFO: Cron ran at: 22-07-2026 04:56:55 AM [] []
[2026-07-22 04:57:08] SlimMonoLogger.INFO: Cron ran at: 22-07-2026 04:57:08 AM [] []
[2026-07-22 04:57:32] SlimMonoLogger.INFO: Cron ran at: 22-07-2026 04:57:32 AM [] []
[2026-07-22 04:57:53] SlimMonoLogger.INFO: Cron ran at: 22-07-2026 04:57:53 AM [] []
[2026-07-22 04:57:54] SlimMonoLogger.INFO: Cron ran at: 22-07-2026 04:57:54 AM [] []
[2026-07-22 04:58:08] SlimMonoLogger.INFO: Cron ran at: 22-07-2026 04:58:08 AM [] []
[2026-07-22 04:58:20] SlimMonoLogger.INFO: Cron ran at: 22-07-2026 04:58:20 AM [] []
[2026-07-22 04:58:54] SlimMonoLogger.INFO: Cron ran at: 22-07-2026 04:58:54 AM [] []
[2026-07-22 04:58:54] SlimMonoLogger.INFO: Cron ran at: 22-07-2026 04:58:54 AM [] []
[2026-07-22 04:59:09] SlimMonoLogger.INFO: Cron ran at: 22-07-2026 04:59:09 AM [] []
[2026-07-22 04:59:16] SlimMonoLogger.INFO: Cron ran at: 22-07-2026 04:59:16 AM [] []
[2026-07-22 04:59:53] SlimMonoLogger.INFO: Cron ran at: 22-07-2026 04:59:53 AM [] []
[2026-07-22 04:59:54] SlimMonoLogger.INFO: Cron ran at: 22-07-2026 04:59:54 AM [] []
[2026-07-22 05:00:06] SlimMonoLogger.INFO: Cron ran at: 22-07-2026 05:00:06 AM [] []
[2026-07-22 05:00:06] SlimMonoLogger.INFO: Cron ran at: 22-07-2026 05:00:06 AM [] []
[2026-07-22 05:00:51] SlimMonoLogger.INFO: Cron ran at: 22-07-2026 05:00:51 AM [] []
[2026-07-22 05:01:07] SlimMonoLogger.INFO: Cron ran at: 22-07-2026 05:01:07 AM [] []
[2026-07-22 05:01:08] SlimMonoLogger.INFO: Cron ran at: 22-07-2026 05:01:08 AM [] []
[2026-07-22 05:02:02] SlimMonoLogger.INFO: Cron ran at: 22-07-2026 05:02:02 AM [] []
[2026-07-22 05:02:02] SlimMonoLogger.INFO: Cron ran at: 22-07-2026 05:02:02 AM [] []
[2026-07-22 05:02:03] SlimMonoLogger.INFO: Cron ran at: 22-07-2026 05:02:03 AM [] []
[2026-07-22 05:02:04] SlimMonoLogger.INFO: Cron ran at: 22-07-2026 05:02:04 AM [] []
[2026-07-22 05:02:58] SlimMonoLogger.INFO: Cron ran at: 22-07-2026 05:02:58 AM [] []
[2026-07-22 05:02:58] SlimMonoLogger.INFO: Cron ran at: 22-07-2026 05:02:58 AM [] []
[2026-07-22 05:02:59] SlimMonoLogger.INFO: Cron ran at: 22-07-2026 05:02:59 AM [] []
[2026-07-22 05:03:02] SlimMonoLogger.INFO: Cron ran at: 22-07-2026 05:03:02 AM [] []
[2026-07-22 05:03:48] SlimMonoLogger.INFO: Cron ran at: 22-07-2026 05:03:48 AM [] []
[2026-07-22 05:03:54] SlimMonoLogger.INFO: Cron ran at: 22-07-2026 05:03:54 AM [] []
[2026-07-22 05:03:54] SlimMonoLogger.INFO: Cron ran at: 22-07-2026 05:03:54 AM [] []
[2026-07-22 05:04:02] SlimMonoLogger.INFO: Cron ran at: 22-07-2026 05:04:02 AM [] []
[2026-07-22 05:04:42] SlimMonoLogger.INFO: Cron ran at: 22-07-2026 05:04:42 AM [] []
[2026-07-22 05:04:54] SlimMonoLogger.INFO: Cron ran at: 22-07-2026 05:04:54 AM [] []
[2026-07-22 05:04:56] SlimMonoLogger.INFO: Cron ran at: 22-07-2026 05:04:56 AM [] []
[2026-07-22 05:05:04] SlimMonoLogger.INFO: Cron ran at: 22-07-2026 05:05:04 AM [] []
[2026-07-22 05:05:38] SlimMonoLogger.INFO: Cron ran at: 22-07-2026 05:05:38 AM [] []
[2026-07-22 05:06:00] SlimMonoLogger.INFO: Cron ran at: 22-07-2026 05:06:00 AM [] []
[2026-07-22 05:06:02] SlimMonoLogger.INFO: Cron ran at: 22-07-2026 05:06:02 AM [] []
[2026-07-22 05:06:27] SlimMonoLogger.INFO: Cron ran at: 22-07-2026 05:06:27 AM [] []
[2026-07-22 05:06:59] SlimMonoLogger.INFO: Cron ran at: 22-07-2026 05:06:59 AM [] []
[2026-07-22 05:07:05] SlimMonoLogger.INFO: Cron ran at: 22-07-2026 05:07:05 AM [] []
[2026-07-22 05:07:08] SlimMonoLogger.INFO: Cron ran at: 22-07-2026 05:07:08 AM [] []
[2026-07-22 05:07:29] SlimMonoLogger.INFO: Cron ran at: 22-07-2026 05:07:29 AM [] []
[2026-07-22 05:07:58] SlimMonoLogger.INFO: Cron ran at: 22-07-2026 05:07:58 AM [] []
[2026-07-22 05:08:00] SlimMonoLogger.INFO: Cron ran at: 22-07-2026 05:08:00 AM [] []
[2026-07-22 05:08:02] SlimMonoLogger.INFO: Cron ran at: 22-07-2026 05:08:02 AM [] []
[2026-07-22 05:08:24] SlimMonoLogger.INFO: Cron ran at: 22-07-2026 05:08:24 AM [] []
[2026-07-22 05:08:55] SlimMonoLogger.INFO: Cron ran at: 22-07-2026 05:08:55 AM [] []
[2026-07-22 05:08:56] SlimMonoLogger.INFO: Cron ran at: 22-07-2026 05:08:56 AM [] []
[2026-07-22 05:09:07] SlimMonoLogger.INFO: Cron ran at: 22-07-2026 05:09:07 AM [] []
[2026-07-22 05:09:32] SlimMonoLogger.INFO: Cron ran at: 22-07-2026 05:09:32 AM [] []
[2026-07-22 05:09:53] SlimMonoLogger.INFO: Cron ran at: 22-07-2026 05:09:53 AM [] []
[2026-07-22 05:10:01] SlimMonoLogger.INFO: Cron ran at: 22-07-2026 05:10:01 AM [] []
[2026-07-22 05:10:04] SlimMonoLogger.INFO: Cron ran at: 22-07-2026 05:10:04 AM [] []
[2026-07-22 05:10:17] SlimMonoLogger.INFO: Cron ran at: 22-07-2026 05:10:17 AM [] []
[2026-07-22 05:10:40] SlimMonoLogger.INFO: Cron ran at: 22-07-2026 05:10:40 AM [] []
[2026-07-22 05:10:57] SlimMonoLogger.INFO: Cron ran at: 22-07-2026 05:10:57 AM [] []
[2026-07-22 05:11:14] SlimMonoLogger.INFO: Cron ran at: 22-07-2026 05:11:14 AM [] []
[2026-07-22 05:11:38] SlimMonoLogger.INFO: Cron ran at: 22-07-2026 05:11:38 AM [] []
[2026-07-22 05:12:01] SlimMonoLogger.INFO: Cron ran at: 22-07-2026 05:12:01 AM [] []
[2026-07-22 05:12:01] SlimMonoLogger.INFO: Cron ran at: 22-07-2026 05:12:01 AM [] []
[2026-07-22 05:12:22] SlimMonoLogger.INFO: Cron ran at: 22-07-2026 05:12:22 AM [] []
[2026-07-22 05:12:34] SlimMonoLogger.INFO: Cron ran at: 22-07-2026 05:12:34 AM [] []
[2026-07-22 05:12:46] SlimMonoLogger.INFO: Cron ran at: 22-07-2026 05:12:46 AM [] []
[2026-07-22 05:12:59] SlimMonoLogger.INFO: Cron ran at: 22-07-2026 05:12:59 AM [] []
[2026-07-22 05:13:21] SlimMonoLogger.INFO: Cron ran at: 22-07-2026 05:13:21 AM [] []
[2026-07-22 05:13:30] SlimMonoLogger.INFO: Cron ran at: 22-07-2026 05:13:30 AM [] []
[2026-07-22 05:13:41] SlimMonoLogger.INFO: Cron ran at: 22-07-2026 05:13:41 AM [] []
[2026-07-22 05:13:56] SlimMonoLogger.INFO: Cron ran at: 22-07-2026 05:13:56 AM [] []
[2026-07-22 05:14:19] SlimMonoLogger.INFO: Cron ran at: 22-07-2026 05:14:19 AM [] []
[2026-07-22 05:14:24] SlimMonoLogger.INFO: Cron ran at: 22-07-2026 05:14:24 AM [] []
[2026-07-22 05:14:30] SlimMonoLogger.INFO: Cron ran at: 22-07-2026 05:14:30 AM [] []
[2026-07-22 05:14:58] SlimMonoLogger.INFO: Cron ran at: 22-07-2026 05:14:58 AM [] []
[2026-07-22 05:15:16] SlimMonoLogger.INFO: Cron ran at: 22-07-2026 05:15:16 AM [] []
[2026-07-22 05:15:20] SlimMonoLogger.INFO: Cron ran at: 22-07-2026 05:15:20 AM [] []
[2026-07-22 05:15:26] SlimMonoLogger.INFO: Cron ran at: 22-07-2026 05:15:26 AM [] []
[2026-07-22 05:16:19] SlimMonoLogger.INFO: Cron ran at: 22-07-2026 05:16:19 AM [] []
[2026-07-22 05:16:22] SlimMonoLogger.INFO: Cron ran at: 22-07-2026 05:16:22 AM [] []
[2026-07-22 05:16:25] SlimMonoLogger.INFO: Cron ran at: 22-07-2026 05:16:25 AM [] []
[2026-07-22 05:16:48] SlimMonoLogger.INFO: Cron ran at: 22-07-2026 05:16:48 AM [] []
[2026-07-22 05:17:14] SlimMonoLogger.INFO: Cron ran at: 22-07-2026 05:17:14 AM [] []
[2026-07-22 05:17:16] SlimMonoLogger.INFO: Cron ran at: 22-07-2026 05:17:16 AM [] []
[2026-07-22 05:17:25] SlimMonoLogger.INFO: Cron ran at: 22-07-2026 05:17:25 AM [] []
[2026-07-22 05:17:39] SlimMonoLogger.INFO: Cron ran at: 22-07-2026 05:17:39 AM [] []
[2026-07-22 05:18:14] SlimMonoLogger.INFO: Cron ran at: 22-07-2026 05:18:14 AM [] []
[2026-07-22 05:18:15] SlimMonoLogger.INFO: Cron ran at: 22-07-2026 05:18:15 AM [] []
[2026-07-22 05:18:24] SlimMonoLogger.INFO: Cron ran at: 22-07-2026 05:18:24 AM [] []
[2026-07-22 05:18:24] SlimMonoLogger.INFO: Cron ran at: 22-07-2026 05:18:24 AM [] []
[2026-07-22 05:19:12] SlimMonoLogger.INFO: Cron ran at: 22-07-2026 05:19:12 AM [] []
[2026-07-22 05:19:15] SlimMonoLogger.INFO: Cron ran at: 22-07-2026 05:19:15 AM [] []
[2026-07-22 05:19:16] SlimMonoLogger.INFO: Cron ran at: 22-07-2026 05:19:16 AM [] []
[2026-07-22 05:19:18] SlimMonoLogger.INFO: Cron ran at: 22-07-2026 05:19:18 AM [] []
[2026-07-22 05:20:11] SlimMonoLogger.INFO: Cron ran at: 22-07-2026 05:20:11 AM [] []
[2026-07-22 05:20:12] SlimMonoLogger.INFO: Cron ran at: 22-07-2026 05:20:12 AM [] []
[2026-07-22 05:20:13] SlimMonoLogger.INFO: Cron ran at: 22-07-2026 05:20:13 AM [] []
[2026-07-22 05:20:25] SlimMonoLogger.INFO: Cron ran at: 22-07-2026 05:20:25 AM [] []
[2026-07-22 05:21:09] SlimMonoLogger.INFO: Cron ran at: 22-07-2026 05:21:09 AM [] []
[2026-07-22 05:21:10] SlimMonoLogger.INFO: Cron ran at: 22-07-2026 05:21:10 AM [] []
[2026-07-22 05:21:23] SlimMonoLogger.INFO: Cron ran at: 22-07-2026 05:21:23 AM [] []
[2026-07-22 05:21:42] SlimMonoLogger.INFO: Cron ran at: 22-07-2026 05:21:42 AM [] []
[2026-07-22 05:22:06] SlimMonoLogger.INFO: Cron ran at: 22-07-2026 05:22:06 AM [] []
[2026-07-22 05:22:08] SlimMonoLogger.INFO: Cron ran at: 22-07-2026 05:22:08 AM [] []
[2026-07-22 05:22:23] SlimMonoLogger.INFO: Cron ran at: 22-07-2026 05:22:23 AM [] []
[2026-07-22 05:22:35] SlimMonoLogger.INFO: Cron ran at: 22-07-2026 05:22:35 AM [] []
[2026-07-22 05:23:05] SlimMonoLogger.INFO: Cron ran at: 22-07-2026 05:23:05 AM [] []
[2026-07-22 05:23:12] SlimMonoLogger.INFO: Cron ran at: 22-07-2026 05:23:12 AM [] []
[2026-07-22 05:23:25] SlimMonoLogger.INFO: Cron ran at: 22-07-2026 05:23:25 AM [] []
[2026-07-22 05:23:25] SlimMonoLogger.INFO: Cron ran at: 22-07-2026 05:23:25 AM [] []
[2026-07-22 05:24:04] SlimMonoLogger.INFO: Cron ran at: 22-07-2026 05:24:04 AM [] []
[2026-07-22 05:24:10] SlimMonoLogger.INFO: Cron ran at: 22-07-2026 05:24:10 AM [] []
[2026-07-22 05:24:24] SlimMonoLogger.INFO: Cron ran at: 22-07-2026 05:24:24 AM [] []
[2026-07-22 05:24:25] SlimMonoLogger.INFO: Cron ran at: 22-07-2026 05:24:25 AM [] []
[2026-07-22 05:25:03] SlimMonoLogger.INFO: Cron ran at: 22-07-2026 05:25:03 AM [] []
[2026-07-22 05:25:09] SlimMonoLogger.INFO: Cron ran at: 22-07-2026 05:25:09 AM [] []
[2026-07-22 05:25:09] SlimMonoLogger.INFO: Cron ran at: 22-07-2026 05:25:09 AM [] []
[2026-07-22 05:25:30] SlimMonoLogger.INFO: Cron ran at: 22-07-2026 05:25:30 AM [] []
[2026-07-22 05:26:01] SlimMonoLogger.INFO: Cron ran at: 22-07-2026 05:26:01 AM [] []
[2026-07-22 05:26:08] SlimMonoLogger.INFO: Cron ran at: 22-07-2026 05:26:08 AM [] []
[2026-07-22 05:26:08] SlimMonoLogger.INFO: Cron ran at: 22-07-2026 05:26:08 AM [] []
[2026-07-22 05:26:15] SlimMonoLogger.INFO: Cron ran at: 22-07-2026 05:26:15 AM [] []
[2026-07-22 05:27:00] SlimMonoLogger.INFO: Cron ran at: 22-07-2026 05:27:00 AM [] []
[2026-07-22 05:27:02] SlimMonoLogger.INFO: Cron ran at: 22-07-2026 05:27:02 AM [] []
[2026-07-22 05:27:07] SlimMonoLogger.INFO: Cron ran at: 22-07-2026 05:27:07 AM [] []
[2026-07-22 05:27:07] SlimMonoLogger.INFO: Cron ran at: 22-07-2026 05:27:07 AM [] []
[2026-07-22 05:28:00] SlimMonoLogger.INFO: Cron ran at: 22-07-2026 05:28:00 AM [] []
[2026-07-22 05:28:00] SlimMonoLogger.INFO: Cron ran at: 22-07-2026 05:28:00 AM [] []
[2026-07-22 05:28:01] SlimMonoLogger.INFO: Cron ran at: 22-07-2026 05:28:01 AM [] []
[2026-07-22 05:28:08] SlimMonoLogger.INFO: Cron ran at: 22-07-2026 05:28:08 AM [] []
[2026-07-22 05:28:53] SlimMonoLogger.INFO: Cron ran at: 22-07-2026 05:28:53 AM [] []
[2026-07-22 05:28:58] SlimMonoLogger.INFO: Cron ran at: 22-07-2026 05:28:58 AM [] []
[2026-07-22 05:28:58] SlimMonoLogger.INFO: Cron ran at: 22-07-2026 05:28:58 AM [] []
[2026-07-22 05:29:11] SlimMonoLogger.INFO: Cron ran at: 22-07-2026 05:29:11 AM [] []
[2026-07-22 05:29:47] SlimMonoLogger.INFO: Cron ran at: 22-07-2026 05:29:47 AM [] []
[2026-07-22 05:29:58] SlimMonoLogger.INFO: Cron ran at: 22-07-2026 05:29:58 AM [] []
[2026-07-22 05:29:59] SlimMonoLogger.INFO: Cron ran at: 22-07-2026 05:29:59 AM [] []
[2026-07-22 05:30:11] SlimMonoLogger.INFO: Cron ran at: 22-07-2026 05:30:11 AM [] []
[2026-07-22 05:30:47] SlimMonoLogger.INFO: Cron ran at: 22-07-2026 05:30:47 AM [] []
[2026-07-22 05:30:58] SlimMonoLogger.INFO: Cron ran at: 22-07-2026 05:30:58 AM [] []
[2026-07-22 05:30:58] SlimMonoLogger.INFO: Cron ran at: 22-07-2026 05:30:58 AM [] []
[2026-07-22 05:31:39] SlimMonoLogger.INFO: Cron ran at: 22-07-2026 05:31:39 AM [] []
[2026-07-22 05:31:45] SlimMonoLogger.INFO: Cron ran at: 22-07-2026 05:31:45 AM [] []
[2026-07-22 05:31:59] SlimMonoLogger.INFO: Cron ran at: 22-07-2026 05:31:59 AM [] []
[2026-07-22 05:32:00] SlimMonoLogger.INFO: Cron ran at: 22-07-2026 05:32:00 AM [] []
[2026-07-22 05:32:29] SlimMonoLogger.INFO: Cron ran at: 22-07-2026 05:32:29 AM [] []
[2026-07-22 05:32:33] SlimMonoLogger.INFO: Cron ran at: 22-07-2026 05:32:33 AM [] []
[2026-07-22 05:32:58] SlimMonoLogger.INFO: Cron ran at: 22-07-2026 05:32:58 AM [] []
[2026-07-22 05:33:00] SlimMonoLogger.INFO: Cron ran at: 22-07-2026 05:33:00 AM [] []
[2026-07-22 05:33:28] SlimMonoLogger.INFO: Cron ran at: 22-07-2026 05:33:28 AM [] []
[2026-07-22 05:33:32] SlimMonoLogger.INFO: Cron ran at: 22-07-2026 05:33:32 AM [] []
[2026-07-22 05:33:59] SlimMonoLogger.INFO: Cron ran at: 22-07-2026 05:33:59 AM [] []
[2026-07-22 05:33:59] SlimMonoLogger.INFO: Cron ran at: 22-07-2026 05:33:59 AM [] []
[2026-07-22 05:34:13] SlimMonoLogger.INFO: Cron ran at: 22-07-2026 05:34:13 AM [] []
[2026-07-22 05:34:32] SlimMonoLogger.INFO: Cron ran at: 22-07-2026 05:34:32 AM [] []
[2026-07-22 05:34:59] SlimMonoLogger.INFO: Cron ran at: 22-07-2026 05:34:59 AM [] []
[2026-07-22 05:35:01] SlimMonoLogger.INFO: Cron ran at: 22-07-2026 05:35:01 AM [] []
[2026-07-22 05:35:04] SlimMonoLogger.INFO: Cron ran at: 22-07-2026 05:35:04 AM [] []
[2026-07-22 05:35:32] SlimMonoLogger.INFO: Cron ran at: 22-07-2026 05:35:32 AM [] []
[2026-07-22 05:35:56] SlimMonoLogger.INFO: Cron ran at: 22-07-2026 05:35:56 AM [] []
[2026-07-22 05:35:58] SlimMonoLogger.INFO: Cron ran at: 22-07-2026 05:35:58 AM [] []
[2026-07-22 05:36:32] SlimMonoLogger.INFO: Cron ran at: 22-07-2026 05:36:32 AM [] []
[2026-07-22 05:36:56] SlimMonoLogger.INFO: Cron ran at: 22-07-2026 05:36:56 AM [] []
[2026-07-22 05:36:57] SlimMonoLogger.INFO: Cron ran at: 22-07-2026 05:36:57 AM [] []
[2026-07-22 05:36:58] SlimMonoLogger.INFO: Cron ran at: 22-07-2026 05:36:58 AM [] []
[2026-07-22 05:37:28] SlimMonoLogger.INFO: Cron ran at: 22-07-2026 05:37:28 AM [] []
[2026-07-22 05:37:50] SlimMonoLogger.INFO: Cron ran at: 22-07-2026 05:37:50 AM [] []
[2026-07-22 05:37:52] SlimMonoLogger.INFO: Cron ran at: 22-07-2026 05:37:52 AM [] []
[2026-07-22 05:37:54] SlimMonoLogger.INFO: Cron ran at: 22-07-2026 05:37:54 AM [] []
[2026-07-22 05:38:29] SlimMonoLogger.INFO: Cron ran at: 22-07-2026 05:38:29 AM [] []
[2026-07-22 05:38:45] SlimMonoLogger.INFO: Cron ran at: 22-07-2026 05:38:45 AM [] []
[2026-07-22 05:38:53] SlimMonoLogger.INFO: Cron ran at: 22-07-2026 05:38:53 AM [] []
[2026-07-22 05:38:55] SlimMonoLogger.INFO: Cron ran at: 22-07-2026 05:38:55 AM [] []
[2026-07-22 05:39:33] SlimMonoLogger.INFO: Cron ran at: 22-07-2026 05:39:33 AM [] []
[2026-07-22 05:39:33] SlimMonoLogger.INFO: Cron ran at: 22-07-2026 05:39:33 AM [] []
[2026-07-22 05:39:54] SlimMonoLogger.INFO: Cron ran at: 22-07-2026 05:39:54 AM [] []
[2026-07-22 05:39:55] SlimMonoLogger.INFO: Cron ran at: 22-07-2026 05:39:55 AM [] []
[2026-07-22 05:40:27] SlimMonoLogger.INFO: Cron ran at: 22-07-2026 05:40:27 AM [] []
[2026-07-22 05:40:28] SlimMonoLogger.INFO: Cron ran at: 22-07-2026 05:40:28 AM [] []
[2026-07-22 05:40:55] SlimMonoLogger.INFO: Cron ran at: 22-07-2026 05:40:55 AM [] []
[2026-07-22 05:41:20] SlimMonoLogger.INFO: Cron ran at: 22-07-2026 05:41:20 AM [] []
[2026-07-22 05:41:27] SlimMonoLogger.INFO: Cron ran at: 22-07-2026 05:41:27 AM [] []
[2026-07-22 05:41:28] SlimMonoLogger.INFO: Cron ran at: 22-07-2026 05:41:28 AM [] []
[2026-07-22 05:41:49] SlimMonoLogger.INFO: Cron ran at: 22-07-2026 05:41:49 AM [] []
[2026-07-22 05:42:06] SlimMonoLogger.INFO: Cron ran at: 22-07-2026 05:42:06 AM [] []
[2026-07-22 05:42:22] SlimMonoLogger.INFO: Cron ran at: 22-07-2026 05:42:22 AM [] []
[2026-07-22 05:42:31] SlimMonoLogger.INFO: Cron ran at: 22-07-2026 05:42:31 AM [] []
[2026-07-22 05:42:50] SlimMonoLogger.INFO: Cron ran at: 22-07-2026 05:42:50 AM [] []
[2026-07-22 05:43:04] SlimMonoLogger.INFO: Cron ran at: 22-07-2026 05:43:04 AM [] []
[2026-07-22 05:43:18] SlimMonoLogger.INFO: Cron ran at: 22-07-2026 05:43:18 AM [] []
[2026-07-22 05:43:33] SlimMonoLogger.INFO: Cron ran at: 22-07-2026 05:43:33 AM [] []
[2026-07-22 05:43:51] SlimMonoLogger.INFO: Cron ran at: 22-07-2026 05:43:51 AM [] []
[2026-07-22 05:43:54] SlimMonoLogger.INFO: Cron ran at: 22-07-2026 05:43:54 AM [] []
[2026-07-22 05:44:15] SlimMonoLogger.INFO: Cron ran at: 22-07-2026 05:44:15 AM [] []
[2026-07-22 05:44:33] SlimMonoLogger.INFO: Cron ran at: 22-07-2026 05:44:33 AM [] []
[2026-07-22 05:44:46] SlimMonoLogger.INFO: Cron ran at: 22-07-2026 05:44:46 AM [] []
[2026-07-22 05:44:50] SlimMonoLogger.INFO: Cron ran at: 22-07-2026 05:44:50 AM [] []
[2026-07-22 05:45:15] SlimMonoLogger.INFO: Cron ran at: 22-07-2026 05:45:15 AM [] []
[2026-07-22 05:45:43] SlimMonoLogger.INFO: Cron ran at: 22-07-2026 05:45:43 AM [] []
[2026-07-22 05:45:53] SlimMonoLogger.INFO: Cron ran at: 22-07-2026 05:45:53 AM [] []
[2026-07-22 05:46:17] SlimMonoLogger.INFO: Cron ran at: 22-07-2026 05:46:17 AM [] []
[2026-07-22 05:46:37] SlimMonoLogger.INFO: Cron ran at: 22-07-2026 05:46:37 AM [] []
[2026-07-22 05:46:51] SlimMonoLogger.INFO: Cron ran at: 22-07-2026 05:46:51 AM [] []
[2026-07-22 05:47:06] SlimMonoLogger.INFO: Cron ran at: 22-07-2026 05:47:06 AM [] []
[2026-07-22 05:47:22] SlimMonoLogger.INFO: Cron ran at: 22-07-2026 05:47:22 AM [] []
[2026-07-22 05:47:35] SlimMonoLogger.INFO: Cron ran at: 22-07-2026 05:47:35 AM [] []
[2026-07-22 05:47:53] SlimMonoLogger.INFO: Cron ran at: 22-07-2026 05:47:53 AM [] []
[2026-07-22 05:47:55] SlimMonoLogger.INFO: Cron ran at: 22-07-2026 05:47:55 AM [] []
[2026-07-22 05:48:16] SlimMonoLogger.INFO: Cron ran at: 22-07-2026 05:48:16 AM [] []
[2026-07-22 05:48:33] SlimMonoLogger.INFO: Cron ran at: 22-07-2026 05:48:33 AM [] []
[2026-07-22 05:48:48] SlimMonoLogger.INFO: Cron ran at: 22-07-2026 05:48:48 AM [] []
[2026-07-22 05:48:48] SlimMonoLogger.INFO: Cron ran at: 22-07-2026 05:48:48 AM [] []
[2026-07-22 05:49:14] SlimMonoLogger.INFO: Cron ran at: 22-07-2026 05:49:14 AM [] []
[2026-07-22 05:49:32] SlimMonoLogger.INFO: Cron ran at: 22-07-2026 05:49:32 AM [] []
[2026-07-22 05:49:41] SlimMonoLogger.INFO: Cron ran at: 22-07-2026 05:49:41 AM [] []
[2026-07-22 05:49:49] SlimMonoLogger.INFO: Cron ran at: 22-07-2026 05:49:49 AM [] []
[2026-07-22 05:50:10] SlimMonoLogger.INFO: Cron ran at: 22-07-2026 05:50:10 AM [] []
[2026-07-22 05:50:28] SlimMonoLogger.INFO: Cron ran at: 22-07-2026 05:50:28 AM [] []
[2026-07-22 05:50:31] SlimMonoLogger.INFO: Cron ran at: 22-07-2026 05:50:31 AM [] []
[2026-07-22 05:51:16] SlimMonoLogger.INFO: Cron ran at: 22-07-2026 05:51:16 AM [] []
[2026-07-22 05:51:26] SlimMonoLogger.INFO: Cron ran at: 22-07-2026 05:51:26 AM [] []
[2026-07-22 05:51:28] SlimMonoLogger.INFO: Cron ran at: 22-07-2026 05:51:28 AM [] []
[2026-07-22 05:51:40] SlimMonoLogger.INFO: Cron ran at: 22-07-2026 05:51:40 AM [] []
[2026-07-22 05:52:16] SlimMonoLogger.INFO: Cron ran at: 22-07-2026 05:52:16 AM [] []
[2026-07-22 05:52:24] SlimMonoLogger.INFO: Cron ran at: 22-07-2026 05:52:24 AM [] []
[2026-07-22 05:52:29] SlimMonoLogger.INFO: Cron ran at: 22-07-2026 05:52:29 AM [] []
[2026-07-22 05:52:33] SlimMonoLogger.INFO: Cron ran at: 22-07-2026 05:52:33 AM [] []
[2026-07-22 05:53:11] SlimMonoLogger.INFO: Cron ran at: 22-07-2026 05:53:11 AM [] []
[2026-07-22 05:53:19] SlimMonoLogger.INFO: Cron ran at: 22-07-2026 05:53:19 AM [] []
[2026-07-22 05:53:20] SlimMonoLogger.INFO: Cron ran at: 22-07-2026 05:53:20 AM [] []
[2026-07-22 05:53:24] SlimMonoLogger.INFO: Cron ran at: 22-07-2026 05:53:24 AM [] []
[2026-07-22 05:54:14] SlimMonoLogger.INFO: Cron ran at: 22-07-2026 05:54:14 AM [] []
[2026-07-22 05:54:17] SlimMonoLogger.INFO: Cron ran at: 22-07-2026 05:54:17 AM [] []
[2026-07-22 05:54:18] SlimMonoLogger.INFO: Cron ran at: 22-07-2026 05:54:18 AM [] []
[2026-07-22 05:54:27] SlimMonoLogger.INFO: Cron ran at: 22-07-2026 05:54:27 AM [] []
[2026-07-22 05:55:10] SlimMonoLogger.INFO: Cron ran at: 22-07-2026 05:55:10 AM [] []
[2026-07-22 05:55:11] SlimMonoLogger.INFO: Cron ran at: 22-07-2026 05:55:11 AM [] []
[2026-07-22 05:55:13] SlimMonoLogger.INFO: Cron ran at: 22-07-2026 05:55:13 AM [] []
[2026-07-22 05:55:28] SlimMonoLogger.INFO: Cron ran at: 22-07-2026 05:55:28 AM [] []
[2026-07-22 05:56:06] SlimMonoLogger.INFO: Cron ran at: 22-07-2026 05:56:06 AM [] []
[2026-07-22 05:56:17] SlimMonoLogger.INFO: Cron ran at: 22-07-2026 05:56:17 AM [] []
[2026-07-22 05:56:28] SlimMonoLogger.INFO: Cron ran at: 22-07-2026 05:56:28 AM [] []
[2026-07-22 05:56:43] SlimMonoLogger.INFO: Cron ran at: 22-07-2026 05:56:43 AM [] []
[2026-07-22 05:57:04] SlimMonoLogger.INFO: Cron ran at: 22-07-2026 05:57:04 AM [] []
[2026-07-22 05:57:21] SlimMonoLogger.INFO: Cron ran at: 22-07-2026 05:57:21 AM [] []
[2026-07-22 05:57:27] SlimMonoLogger.INFO: Cron ran at: 22-07-2026 05:57:27 AM [] []
[2026-07-22 05:57:35] SlimMonoLogger.INFO: Cron ran at: 22-07-2026 05:57:35 AM [] []
[2026-07-22 05:57:58] SlimMonoLogger.INFO: Cron ran at: 22-07-2026 05:57:58 AM [] []
[2026-07-22 05:58:13] SlimMonoLogger.INFO: Cron ran at: 22-07-2026 05:58:13 AM [] []
[2026-07-22 05:58:27] SlimMonoLogger.INFO: Cron ran at: 22-07-2026 05:58:27 AM [] []
[2026-07-22 05:58:30] SlimMonoLogger.INFO: Cron ran at: 22-07-2026 05:58:30 AM [] []
[2026-07-22 05:58:56] SlimMonoLogger.INFO: Cron ran at: 22-07-2026 05:58:56 AM [] []
[2026-07-22 05:59:18] SlimMonoLogger.INFO: Cron ran at: 22-07-2026 05:59:18 AM [] []
[2026-07-22 05:59:18] SlimMonoLogger.INFO: Cron ran at: 22-07-2026 05:59:18 AM [] []
[2026-07-22 05:59:28] SlimMonoLogger.INFO: Cron ran at: 22-07-2026 05:59:28 AM [] []
[2026-07-22 05:59:58] SlimMonoLogger.INFO: Cron ran at: 22-07-2026 05:59:58 AM [] []
[2026-07-22 06:00:16] SlimMonoLogger.INFO: Cron ran at: 22-07-2026 06:00:16 AM [] []
[2026-07-22 06:00:17] SlimMonoLogger.INFO: Cron ran at: 22-07-2026 06:00:17 AM [] []
[2026-07-22 06:01:03] SlimMonoLogger.INFO: Cron ran at: 22-07-2026 06:01:03 AM [] []
[2026-07-22 06:01:12] SlimMonoLogger.INFO: Cron ran at: 22-07-2026 06:01:12 AM [] []
[2026-07-22 06:01:25] SlimMonoLogger.INFO: Cron ran at: 22-07-2026 06:01:25 AM [] []
[2026-07-22 06:02:04] SlimMonoLogger.INFO: Cron ran at: 22-07-2026 06:02:04 AM [] []
[2026-07-22 06:02:04] SlimMonoLogger.INFO: Cron ran at: 22-07-2026 06:02:04 AM [] []
[2026-07-22 06:02:05] SlimMonoLogger.INFO: Cron ran at: 22-07-2026 06:02:05 AM [] []
[2026-07-22 06:02:19] SlimMonoLogger.INFO: Cron ran at: 22-07-2026 06:02:19 AM [] []
[2026-07-22 06:02:53] SlimMonoLogger.INFO: Cron ran at: 22-07-2026 06:02:53 AM [] []
[2026-07-22 06:02:55] SlimMonoLogger.INFO: Cron ran at: 22-07-2026 06:02:55 AM [] []
[2026-07-22 06:03:05] SlimMonoLogger.INFO: Cron ran at: 22-07-2026 06:03:05 AM [] []
[2026-07-22 06:03:20] SlimMonoLogger.INFO: Cron ran at: 22-07-2026 06:03:20 AM [] []
[2026-07-22 06:03:46] SlimMonoLogger.INFO: Cron ran at: 22-07-2026 06:03:46 AM [] []
[2026-07-22 06:03:54] SlimMonoLogger.INFO: Cron ran at: 22-07-2026 06:03:54 AM [] []
[2026-07-22 06:03:54] SlimMonoLogger.INFO: Cron ran at: 22-07-2026 06:03:54 AM [] []
[2026-07-22 06:04:17] SlimMonoLogger.INFO: Cron ran at: 22-07-2026 06:04:17 AM [] []
[2026-07-22 06:04:38] SlimMonoLogger.INFO: Cron ran at: 22-07-2026 06:04:38 AM [] []
[2026-07-22 06:04:55] SlimMonoLogger.INFO: Cron ran at: 22-07-2026 06:04:55 AM [] []
[2026-07-22 06:04:56] SlimMonoLogger.INFO: Cron ran at: 22-07-2026 06:04:56 AM [] []
[2026-07-22 06:05:21] SlimMonoLogger.INFO: Cron ran at: 22-07-2026 06:05:21 AM [] []
[2026-07-22 06:05:30] SlimMonoLogger.INFO: Cron ran at: 22-07-2026 06:05:30 AM [] []
[2026-07-22 06:05:57] SlimMonoLogger.INFO: Cron ran at: 22-07-2026 06:05:57 AM [] []
[2026-07-22 06:05:58] SlimMonoLogger.INFO: Cron ran at: 22-07-2026 06:05:58 AM [] []
[2026-07-22 06:06:14] SlimMonoLogger.INFO: Cron ran at: 22-07-2026 06:06:14 AM [] []
[2026-07-22 06:06:26] SlimMonoLogger.INFO: Cron ran at: 22-07-2026 06:06:26 AM [] []
[2026-07-22 06:06:56] SlimMonoLogger.INFO: Cron ran at: 22-07-2026 06:06:56 AM [] []
[2026-07-22 06:06:56] SlimMonoLogger.INFO: Cron ran at: 22-07-2026 06:06:56 AM [] []
[2026-07-22 06:07:00] SlimMonoLogger.INFO: Cron ran at: 22-07-2026 06:07:00 AM [] []
[2026-07-22 06:07:20] SlimMonoLogger.INFO: Cron ran at: 22-07-2026 06:07:20 AM [] []
[2026-07-22 06:07:55] SlimMonoLogger.INFO: Cron ran at: 22-07-2026 06:07:55 AM [] []
[2026-07-22 06:07:57] SlimMonoLogger.INFO: Cron ran at: 22-07-2026 06:07:57 AM [] []
[2026-07-22 06:07:59] SlimMonoLogger.INFO: Cron ran at: 22-07-2026 06:07:59 AM [] []
[2026-07-22 06:08:21] SlimMonoLogger.INFO: Cron ran at: 22-07-2026 06:08:21 AM [] []
[2026-07-22 06:08:49] SlimMonoLogger.INFO: Cron ran at: 22-07-2026 06:08:49 AM [] []
[2026-07-22 06:08:57] SlimMonoLogger.INFO: Cron ran at: 22-07-2026 06:08:57 AM [] []
[2026-07-22 06:08:58] SlimMonoLogger.INFO: Cron ran at: 22-07-2026 06:08:58 AM [] []
[2026-07-22 06:09:22] SlimMonoLogger.INFO: Cron ran at: 22-07-2026 06:09:22 AM [] []
[2026-07-22 06:09:45] SlimMonoLogger.INFO: Cron ran at: 22-07-2026 06:09:45 AM [] []
[2026-07-22 06:09:57] SlimMonoLogger.INFO: Cron ran at: 22-07-2026 06:09:57 AM [] []
[2026-07-22 06:09:57] SlimMonoLogger.INFO: Cron ran at: 22-07-2026 06:09:57 AM [] []
[2026-07-22 06:10:18] SlimMonoLogger.INFO: Cron ran at: 22-07-2026 06:10:18 AM [] []
[2026-07-22 06:10:36] SlimMonoLogger.INFO: Cron ran at: 22-07-2026 06:10:36 AM [] []
[2026-07-22 06:11:00] SlimMonoLogger.INFO: Cron ran at: 22-07-2026 06:11:00 AM [] []
[2026-07-22 06:11:23] SlimMonoLogger.INFO: Cron ran at: 22-07-2026 06:11:23 AM [] []
[2026-07-22 06:11:32] SlimMonoLogger.INFO: Cron ran at: 22-07-2026 06:11:32 AM [] []
[2026-07-22 06:11:36] SlimMonoLogger.INFO: Cron ran at: 22-07-2026 06:11:36 AM [] []
[2026-07-22 06:12:05] SlimMonoLogger.INFO: Cron ran at: 22-07-2026 06:12:05 AM [] []
[2026-07-22 06:12:25] SlimMonoLogger.INFO: Cron ran at: 22-07-2026 06:12:25 AM [] []
[2026-07-22 06:12:35] SlimMonoLogger.INFO: Cron ran at: 22-07-2026 06:12:35 AM [] []
[2026-07-22 06:12:38] SlimMonoLogger.INFO: Cron ran at: 22-07-2026 06:12:38 AM [] []
[2026-07-22 06:13:09] SlimMonoLogger.INFO: Cron ran at: 22-07-2026 06:13:09 AM [] []
[2026-07-22 06:13:21] SlimMonoLogger.INFO: Cron ran at: 22-07-2026 06:13:21 AM [] []
[2026-07-22 06:13:22] SlimMonoLogger.INFO: Cron ran at: 22-07-2026 06:13:22 AM [] []
[2026-07-22 06:13:39] SlimMonoLogger.INFO: Cron ran at: 22-07-2026 06:13:39 AM [] []
[2026-07-22 06:14:06] SlimMonoLogger.INFO: Cron ran at: 22-07-2026 06:14:06 AM [] []
[2026-07-22 06:14:19] SlimMonoLogger.INFO: Cron ran at: 22-07-2026 06:14:19 AM [] []
[2026-07-22 06:14:20] SlimMonoLogger.INFO: Cron ran at: 22-07-2026 06:14:20 AM [] []
[2026-07-22 06:14:34] SlimMonoLogger.INFO: Cron ran at: 22-07-2026 06:14:34 AM [] []
[2026-07-22 06:15:05] SlimMonoLogger.INFO: Cron ran at: 22-07-2026 06:15:05 AM [] []
[2026-07-22 06:15:14] SlimMonoLogger.INFO: Cron ran at: 22-07-2026 06:15:14 AM [] []
[2026-07-22 06:15:26] SlimMonoLogger.INFO: Cron ran at: 22-07-2026 06:15:26 AM [] []
[2026-07-22 06:15:35] SlimMonoLogger.INFO: Cron ran at: 22-07-2026 06:15:35 AM [] []
[2026-07-22 06:16:10] SlimMonoLogger.INFO: Cron ran at: 22-07-2026 06:16:10 AM [] []
[2026-07-22 06:16:17] SlimMonoLogger.INFO: Cron ran at: 22-07-2026 06:16:17 AM [] []
[2026-07-22 06:16:23] SlimMonoLogger.INFO: Cron ran at: 22-07-2026 06:16:23 AM [] []
[2026-07-22 06:16:34] SlimMonoLogger.INFO: Cron ran at: 22-07-2026 06:16:34 AM [] []
[2026-07-22 06:17:04] SlimMonoLogger.INFO: Cron ran at: 22-07-2026 06:17:04 AM [] []
[2026-07-22 06:17:09] SlimMonoLogger.INFO: Cron ran at: 22-07-2026 06:17:09 AM [] []
[2026-07-22 06:17:23] SlimMonoLogger.INFO: Cron ran at: 22-07-2026 06:17:23 AM [] []
[2026-07-22 06:17:31] SlimMonoLogger.INFO: Cron ran at: 22-07-2026 06:17:31 AM [] []
[2026-07-22 06:18:00] SlimMonoLogger.INFO: Cron ran at: 22-07-2026 06:18:00 AM [] []
[2026-07-22 06:18:03] SlimMonoLogger.INFO: Cron ran at: 22-07-2026 06:18:03 AM [] []
[2026-07-22 06:18:20] SlimMonoLogger.INFO: Cron ran at: 22-07-2026 06:18:20 AM [] []
[2026-07-22 06:18:30] SlimMonoLogger.INFO: Cron ran at: 22-07-2026 06:18:30 AM [] []
[2026-07-22 06:18:52] SlimMonoLogger.INFO: Cron ran at: 22-07-2026 06:18:52 AM [] []
[2026-07-22 06:18:53] SlimMonoLogger.INFO: Cron ran at: 22-07-2026 06:18:53 AM [] []
[2026-07-22 06:19:30] SlimMonoLogger.INFO: Cron ran at: 22-07-2026 06:19:30 AM [] []
[2026-07-22 06:19:31] SlimMonoLogger.INFO: Cron ran at: 22-07-2026 06:19:31 AM [] []
[2026-07-22 06:19:47] SlimMonoLogger.INFO: Cron ran at: 22-07-2026 06:19:47 AM [] []
[2026-07-22 06:19:59] SlimMonoLogger.INFO: Cron ran at: 22-07-2026 06:19:59 AM [] []
[2026-07-22 06:20:20] SlimMonoLogger.INFO: Cron ran at: 22-07-2026 06:20:20 AM [] []
[2026-07-22 06:20:31] SlimMonoLogger.INFO: Cron ran at: 22-07-2026 06:20:31 AM [] []
[2026-07-22 06:20:46] SlimMonoLogger.INFO: Cron ran at: 22-07-2026 06:20:46 AM [] []
[2026-07-22 06:20:53] SlimMonoLogger.INFO: Cron ran at: 22-07-2026 06:20:53 AM [] []
[2026-07-22 06:21:36] SlimMonoLogger.INFO: Cron ran at: 22-07-2026 06:21:36 AM [] []
[2026-07-22 06:21:37] SlimMonoLogger.INFO: Cron ran at: 22-07-2026 06:21:37 AM [] []
[2026-07-22 06:21:56] SlimMonoLogger.INFO: Cron ran at: 22-07-2026 06:21:56 AM [] []
[2026-07-22 06:21:57] SlimMonoLogger.INFO: Cron ran at: 22-07-2026 06:21:57 AM [] []
[2026-07-22 06:22:33] SlimMonoLogger.INFO: Cron ran at: 22-07-2026 06:22:33 AM [] []
[2026-07-22 06:22:37] SlimMonoLogger.INFO: Cron ran at: 22-07-2026 06:22:37 AM [] []
[2026-07-22 06:22:45] SlimMonoLogger.INFO: Cron ran at: 22-07-2026 06:22:45 AM [] []
[2026-07-22 06:22:55] SlimMonoLogger.INFO: Cron ran at: 22-07-2026 06:22:55 AM [] []
[2026-07-22 06:23:33] SlimMonoLogger.INFO: Cron ran at: 22-07-2026 06:23:33 AM [] []
[2026-07-22 06:23:34] SlimMonoLogger.INFO: Cron ran at: 22-07-2026 06:23:34 AM [] []
[2026-07-22 06:23:36] SlimMonoLogger.INFO: Cron ran at: 22-07-2026 06:23:36 AM [] []
[2026-07-22 06:23:58] SlimMonoLogger.INFO: Cron ran at: 22-07-2026 06:23:58 AM [] []
[2026-07-22 06:24:31] SlimMonoLogger.INFO: Cron ran at: 22-07-2026 06:24:31 AM [] []
[2026-07-22 06:24:32] SlimMonoLogger.INFO: Cron ran at: 22-07-2026 06:24:32 AM [] []
[2026-07-22 06:24:33] SlimMonoLogger.INFO: Cron ran at: 22-07-2026 06:24:33 AM [] []
[2026-07-22 06:24:56] SlimMonoLogger.INFO: Cron ran at: 22-07-2026 06:24:56 AM [] []
[2026-07-22 06:25:35] SlimMonoLogger.INFO: Cron ran at: 22-07-2026 06:25:35 AM [] []
[2026-07-22 06:25:37] SlimMonoLogger.INFO: Cron ran at: 22-07-2026 06:25:37 AM [] []
[2026-07-22 06:25:59] SlimMonoLogger.INFO: Cron ran at: 22-07-2026 06:25:59 AM [] []
[2026-07-22 06:26:22] SlimMonoLogger.INFO: Cron ran at: 22-07-2026 06:26:22 AM [] []
[2026-07-22 06:26:34] SlimMonoLogger.INFO: Cron ran at: 22-07-2026 06:26:34 AM [] []
[2026-07-22 06:26:50] SlimMonoLogger.INFO: Cron ran at: 22-07-2026 06:26:50 AM [] []
[2026-07-22 06:26:56] SlimMonoLogger.INFO: Cron ran at: 22-07-2026 06:26:56 AM [] []
[2026-07-22 06:27:23] SlimMonoLogger.INFO: Cron ran at: 22-07-2026 06:27:23 AM [] []
[2026-07-22 06:27:37] SlimMonoLogger.INFO: Cron ran at: 22-07-2026 06:27:37 AM [] []
[2026-07-22 06:27:39] SlimMonoLogger.INFO: Cron ran at: 22-07-2026 06:27:39 AM [] []
[2026-07-22 06:27:54] SlimMonoLogger.INFO: Cron ran at: 22-07-2026 06:27:54 AM [] []
[2026-07-22 06:28:15] SlimMonoLogger.INFO: Cron ran at: 22-07-2026 06:28:15 AM [] []
[2026-07-22 06:28:34] SlimMonoLogger.INFO: Cron ran at: 22-07-2026 06:28:34 AM [] []
[2026-07-22 06:28:36] SlimMonoLogger.INFO: Cron ran at: 22-07-2026 06:28:36 AM [] []
[2026-07-22 06:29:00] SlimMonoLogger.INFO: Cron ran at: 22-07-2026 06:29:00 AM [] []
[2026-07-22 06:29:16] SlimMonoLogger.INFO: Cron ran at: 22-07-2026 06:29:16 AM [] []
[2026-07-22 06:29:27] SlimMonoLogger.INFO: Cron ran at: 22-07-2026 06:29:27 AM [] []
[2026-07-22 06:29:28] SlimMonoLogger.INFO: Cron ran at: 22-07-2026 06:29:28 AM [] []
[2026-07-22 06:29:56] SlimMonoLogger.INFO: Cron ran at: 22-07-2026 06:29:56 AM [] []
[2026-07-22 06:30:11] SlimMonoLogger.INFO: Cron ran at: 22-07-2026 06:30:11 AM [] []
[2026-07-22 06:30:20] SlimMonoLogger.INFO: Cron ran at: 22-07-2026 06:30:20 AM [] []
[2026-07-22 06:30:30] SlimMonoLogger.INFO: Cron ran at: 22-07-2026 06:30:30 AM [] []
[2026-07-22 06:31:10] SlimMonoLogger.INFO: Cron ran at: 22-07-2026 06:31:10 AM [] []
[2026-07-22 06:31:14] SlimMonoLogger.INFO: Cron ran at: 22-07-2026 06:31:14 AM [] []
[2026-07-22 06:31:30] SlimMonoLogger.INFO: Cron ran at: 22-07-2026 06:31:30 AM [] []
[2026-07-22 06:31:57] SlimMonoLogger.INFO: Cron ran at: 22-07-2026 06:31:57 AM [] []
[2026-07-22 06:32:03] SlimMonoLogger.ERROR: Requests_Exception: cURL error 56: Recv failure: Connection reset by peer in /home/latihtal/public_html/agregator1/src/vendor/rmccue/requests/library/Requests/Transport/cURL.php:422
Stack trace:
#0 /home/latihtal/public_html/agregator1/src/vendor/rmccue/requests/library/Requests/Transport/cURL.php(177): Requests_Transport_cURL->process_response()
#1 /home/latihtal/public_html/agregator1/src/vendor/rmccue/requests/library/Requests.php(379): Requests_Transport_cURL->request()
#2 /home/latihtal/public_html/agregator1/src/vendor/rmccue/requests/library/Requests/Session.php(205): Requests::request()
#3 /home/latihtal/public_html/agregator1/src/vendor/rmccue/requests/library/Requests/Session.php(132): Requests_Session->request()
#4 /home/latihtal/public_html/agregator1/src/drivers/Http/RssImporter.php(144): Requests_Session->get()
#5 /home/latihtal/public_html/agregator1/src/controllers/Dashboard/DashboardFeedsController.php(534): spark\drivers\Http\RssImporter->fetchPosts()
#6 /home/latihtal/public_html/agregator1/src/controllers/Site/SiteController.php(722): spark\controllers\Dashboard\DashboardFeedsController::importFeedPosts()
#7 [internal function]: spark\controllers\Site\SiteController->runTasks()
#8 /home/latihtal/public_html/agregator1/src/framework/Route.php(173): call_user_func_array()
#9 [internal function]: Slim\Route->Slim\{closure}()
#10 /home/latihtal/public_html/agregator1/src/framework/Route.php(468): call_user_func_array()
#11 /home/latihtal/public_html/agregator1/src/framework/Slim.php(1364): Slim\Route->dispatch()
#12 /home/latihtal/public_html/agregator1/src/framework/Middleware/Flash.php(85): Slim\Slim->call()
#13 /home/latihtal/public_html/agregator1/src/framework/Middleware/MethodOverride.php(92): Slim\Middleware\Flash->call()
#14 /home/latihtal/public_html/agregator1/src/middlewares/CsrfGuard/CsrfGuard.php(47): Slim\Middleware\MethodOverride->call()
#15 /home/latihtal/public_html/agregator1/src/framework/Middleware/PrettyExceptions.php(67): spark\middlewares\CsrfGuard\CsrfGuard->call()
#16 /home/latihtal/public_html/agregator1/src/framework/Slim.php(1308): Slim\Middleware\PrettyExceptions->call()
#17 /home/latihtal/public_html/agregator1/index.php(6): Slim\Slim->run()
#18 {main} [] []
[2026-07-22 06:32:11] SlimMonoLogger.INFO: Cron ran at: 22-07-2026 06:32:11 AM [] []
[2026-07-22 06:32:16] SlimMonoLogger.INFO: Cron ran at: 22-07-2026 06:32:16 AM [] []
[2026-07-22 06:32:34] SlimMonoLogger.INFO: Cron ran at: 22-07-2026 06:32:34 AM [] []
[2026-07-22 06:32:48] SlimMonoLogger.INFO: Cron ran at: 22-07-2026 06:32:48 AM [] []
[2026-07-22 06:33:06] SlimMonoLogger.INFO: Cron ran at: 22-07-2026 06:33:06 AM [] []
[2026-07-22 06:33:09] SlimMonoLogger.INFO: Cron ran at: 22-07-2026 06:33:09 AM [] []
[2026-07-22 06:33:34] SlimMonoLogger.INFO: Cron ran at: 22-07-2026 06:33:34 AM [] []
[2026-07-22 06:33:37] SlimMonoLogger.INFO: Cron ran at: 22-07-2026 06:33:37 AM [] []
[2026-07-22 06:34:07] SlimMonoLogger.INFO: Cron ran at: 22-07-2026 06:34:07 AM [] []
[2026-07-22 06:34:08] SlimMonoLogger.INFO: Cron ran at: 22-07-2026 06:34:08 AM [] []
[2026-07-22 06:34:30] SlimMonoLogger.INFO: Cron ran at: 22-07-2026 06:34:30 AM [] []
[2026-07-22 06:34:31] SlimMonoLogger.INFO: Cron ran at: 22-07-2026 06:34:31 AM [] []
[2026-07-22 06:35:07] SlimMonoLogger.INFO: Cron ran at: 22-07-2026 06:35:07 AM [] []
[2026-07-22 06:35:09] SlimMonoLogger.INFO: Cron ran at: 22-07-2026 06:35:09 AM [] []
[2026-07-22 06:35:25] SlimMonoLogger.INFO: Cron ran at: 22-07-2026 06:35:25 AM [] []
[2026-07-22 06:36:07] SlimMonoLogger.INFO: Cron ran at: 22-07-2026 06:36:07 AM [] []
[2026-07-22 06:36:14] SlimMonoLogger.INFO: Cron ran at: 22-07-2026 06:36:14 AM [] []
[2026-07-22 06:36:24] SlimMonoLogger.INFO: Cron ran at: 22-07-2026 06:36:24 AM [] []
[2026-07-22 06:36:42] SlimMonoLogger.INFO: Cron ran at: 22-07-2026 06:36:42 AM [] []
[2026-07-22 06:37:10] SlimMonoLogger.INFO: Cron ran at: 22-07-2026 06:37:10 AM [] []
[2026-07-22 06:37:10] SlimMonoLogger.INFO: Cron ran at: 22-07-2026 06:37:10 AM [] []
[2026-07-22 06:37:16] SlimMonoLogger.INFO: Cron ran at: 22-07-2026 06:37:16 AM [] []
[2026-07-22 06:37:35] SlimMonoLogger.INFO: Cron ran at: 22-07-2026 06:37:35 AM [] []
[2026-07-22 06:38:08] SlimMonoLogger.INFO: Cron ran at: 22-07-2026 06:38:08 AM [] []
[2026-07-22 06:38:10] SlimMonoLogger.INFO: Cron ran at: 22-07-2026 06:38:10 AM [] []
[2026-07-22 06:38:11] SlimMonoLogger.INFO: Cron ran at: 22-07-2026 06:38:11 AM [] []
[2026-07-22 06:38:26] SlimMonoLogger.INFO: Cron ran at: 22-07-2026 06:38:26 AM [] []
[2026-07-22 06:39:06] SlimMonoLogger.INFO: Cron ran at: 22-07-2026 06:39:06 AM [] []
[2026-07-22 06:39:10] SlimMonoLogger.INFO: Cron ran at: 22-07-2026 06:39:10 AM [] []
[2026-07-22 06:39:12] SlimMonoLogger.INFO: Cron ran at: 22-07-2026 06:39:12 AM [] []
[2026-07-22 06:39:18] SlimMonoLogger.INFO: Cron ran at: 22-07-2026 06:39:18 AM [] []
[2026-07-22 06:40:08] SlimMonoLogger.INFO: Cron ran at: 22-07-2026 06:40:08 AM [] []
[2026-07-22 06:40:12] SlimMonoLogger.INFO: Cron ran at: 22-07-2026 06:40:12 AM [] []
[2026-07-22 06:40:13] SlimMonoLogger.INFO: Cron ran at: 22-07-2026 06:40:13 AM [] []
[2026-07-22 06:40:14] SlimMonoLogger.INFO: Cron ran at: 22-07-2026 06:40:14 AM [] []
[2026-07-22 06:41:08] SlimMonoLogger.INFO: Cron ran at: 22-07-2026 06:41:08 AM [] []
[2026-07-22 06:41:09] SlimMonoLogger.INFO: Cron ran at: 22-07-2026 06:41:09 AM [] []
[2026-07-22 06:41:11] SlimMonoLogger.INFO: Cron ran at: 22-07-2026 06:41:11 AM [] []
[2026-07-22 06:41:52] SlimMonoLogger.INFO: Cron ran at: 22-07-2026 06:41:52 AM [] []
[2026-07-22 06:42:01] SlimMonoLogger.INFO: Cron ran at: 22-07-2026 06:42:01 AM [] []
[2026-07-22 06:42:04] SlimMonoLogger.INFO: Cron ran at: 22-07-2026 06:42:04 AM [] []
[2026-07-22 06:42:06] SlimMonoLogger.INFO: Cron ran at: 22-07-2026 06:42:06 AM [] []
[2026-07-22 06:42:41] SlimMonoLogger.INFO: Cron ran at: 22-07-2026 06:42:41 AM [] []
[2026-07-22 06:43:00] SlimMonoLogger.INFO: Cron ran at: 22-07-2026 06:43:00 AM [] []
[2026-07-22 06:43:08] SlimMonoLogger.INFO: Cron ran at: 22-07-2026 06:43:08 AM [] []
[2026-07-22 06:43:13] SlimMonoLogger.INFO: Cron ran at: 22-07-2026 06:43:13 AM [] []
[2026-07-22 06:43:42] SlimMonoLogger.INFO: Cron ran at: 22-07-2026 06:43:42 AM [] []
[2026-07-22 06:44:00] SlimMonoLogger.INFO: Cron ran at: 22-07-2026 06:44:00 AM [] []
[2026-07-22 06:44:04] SlimMonoLogger.INFO: Cron ran at: 22-07-2026 06:44:04 AM [] []
[2026-07-22 06:44:07] SlimMonoLogger.INFO: Cron ran at: 22-07-2026 06:44:07 AM [] []
[2026-07-22 06:44:24] SlimMonoLogger.INFO: Cron ran at: 22-07-2026 06:44:24 AM [] []
[2026-07-22 06:45:01] SlimMonoLogger.INFO: Cron ran at: 22-07-2026 06:45:01 AM [] []
[2026-07-22 06:45:06] SlimMonoLogger.INFO: Cron ran at: 22-07-2026 06:45:06 AM [] []
[2026-07-22 06:45:09] SlimMonoLogger.INFO: Cron ran at: 22-07-2026 06:45:09 AM [] []
[2026-07-22 06:45:21] SlimMonoLogger.INFO: Cron ran at: 22-07-2026 06:45:21 AM [] []
[2026-07-22 06:45:59] SlimMonoLogger.INFO: Cron ran at: 22-07-2026 06:45:59 AM [] []
[2026-07-22 06:46:10] SlimMonoLogger.INFO: Cron ran at: 22-07-2026 06:46:10 AM [] []
[2026-07-22 06:46:14] SlimMonoLogger.INFO: Cron ran at: 22-07-2026 06:46:14 AM [] []
[2026-07-22 06:46:25] SlimMonoLogger.INFO: Cron ran at: 22-07-2026 06:46:25 AM [] []
[2026-07-22 06:46:57] SlimMonoLogger.INFO: Cron ran at: 22-07-2026 06:46:57 AM [] []
[2026-07-22 06:47:10] SlimMonoLogger.INFO: Cron ran at: 22-07-2026 06:47:10 AM [] []
[2026-07-22 06:47:10] SlimMonoLogger.INFO: Cron ran at: 22-07-2026 06:47:10 AM [] []
[2026-07-22 06:47:13] SlimMonoLogger.INFO: Cron ran at: 22-07-2026 06:47:13 AM [] []
[2026-07-22 06:48:05] SlimMonoLogger.INFO: Cron ran at: 22-07-2026 06:48:05 AM [] []
[2026-07-22 06:48:07] SlimMonoLogger.INFO: Cron ran at: 22-07-2026 06:48:07 AM [] []
[2026-07-22 06:48:08] SlimMonoLogger.INFO: Cron ran at: 22-07-2026 06:48:08 AM [] []
[2026-07-22 06:48:09] SlimMonoLogger.INFO: Cron ran at: 22-07-2026 06:48:09 AM [] []
[2026-07-22 06:49:00] SlimMonoLogger.INFO: Cron ran at: 22-07-2026 06:49:00 AM [] []
[2026-07-22 06:49:00] SlimMonoLogger.INFO: Cron ran at: 22-07-2026 06:49:00 AM [] []
[2026-07-22 06:49:05] SlimMonoLogger.INFO: Cron ran at: 22-07-2026 06:49:05 AM [] []
[2026-07-22 06:49:14] SlimMonoLogger.INFO: Cron ran at: 22-07-2026 06:49:14 AM [] []
[2026-07-22 06:49:56] SlimMonoLogger.INFO: Cron ran at: 22-07-2026 06:49:56 AM [] []
[2026-07-22 06:49:57] SlimMonoLogger.INFO: Cron ran at: 22-07-2026 06:49:57 AM [] []
[2026-07-22 06:50:03] SlimMonoLogger.INFO: Cron ran at: 22-07-2026 06:50:03 AM [] []
[2026-07-22 06:50:11] SlimMonoLogger.INFO: Cron ran at: 22-07-2026 06:50:11 AM [] []
[2026-07-22 06:50:53] SlimMonoLogger.INFO: Cron ran at: 22-07-2026 06:50:53 AM [] []
[2026-07-22 06:50:56] SlimMonoLogger.INFO: Cron ran at: 22-07-2026 06:50:56 AM [] []
[2026-07-22 06:51:05] SlimMonoLogger.INFO: Cron ran at: 22-07-2026 06:51:05 AM [] []
[2026-07-22 06:51:25] SlimMonoLogger.INFO: Cron ran at: 22-07-2026 06:51:25 AM [] []
[2026-07-22 06:51:48] SlimMonoLogger.INFO: Cron ran at: 22-07-2026 06:51:48 AM [] []
[2026-07-22 06:51:58] SlimMonoLogger.INFO: Cron ran at: 22-07-2026 06:51:58 AM [] []
[2026-07-22 06:52:04] SlimMonoLogger.INFO: Cron ran at: 22-07-2026 06:52:04 AM [] []
[2026-07-22 06:52:14] SlimMonoLogger.INFO: Cron ran at: 22-07-2026 06:52:14 AM [] []
[2026-07-22 06:52:46] SlimMonoLogger.INFO: Cron ran at: 22-07-2026 06:52:46 AM [] []
[2026-07-22 06:53:01] SlimMonoLogger.INFO: Cron ran at: 22-07-2026 06:53:01 AM [] []
[2026-07-22 06:53:01] SlimMonoLogger.INFO: Cron ran at: 22-07-2026 06:53:01 AM [] []
[2026-07-22 06:53:01] SlimMonoLogger.INFO: Cron ran at: 22-07-2026 06:53:01 AM [] []
[2026-07-22 06:53:43] SlimMonoLogger.INFO: Cron ran at: 22-07-2026 06:53:43 AM [] []
[2026-07-22 06:54:06] SlimMonoLogger.INFO: Cron ran at: 22-07-2026 06:54:06 AM [] []
[2026-07-22 06:54:06] SlimMonoLogger.INFO: Cron ran at: 22-07-2026 06:54:06 AM [] []
[2026-07-22 06:54:10] SlimMonoLogger.INFO: Cron ran at: 22-07-2026 06:54:10 AM [] []
[2026-07-22 06:54:41] SlimMonoLogger.INFO: Cron ran at: 22-07-2026 06:54:41 AM [] []
[2026-07-22 06:54:52] SlimMonoLogger.INFO: Cron ran at: 22-07-2026 06:54:52 AM [] []
[2026-07-22 06:54:54] SlimMonoLogger.INFO: Cron ran at: 22-07-2026 06:54:54 AM [] []
[2026-07-22 06:55:00] SlimMonoLogger.INFO: Cron ran at: 22-07-2026 06:55:00 AM [] []
[2026-07-22 06:55:41] SlimMonoLogger.INFO: Cron ran at: 22-07-2026 06:55:41 AM [] []
[2026-07-22 06:55:46] SlimMonoLogger.INFO: Cron ran at: 22-07-2026 06:55:46 AM [] []
[2026-07-22 06:56:04] SlimMonoLogger.INFO: Cron ran at: 22-07-2026 06:56:04 AM [] []
[2026-07-22 06:56:31] SlimMonoLogger.INFO: Cron ran at: 22-07-2026 06:56:31 AM [] []
[2026-07-22 06:56:38] SlimMonoLogger.INFO: Cron ran at: 22-07-2026 06:56:38 AM [] []
[2026-07-22 06:56:38] SlimMonoLogger.INFO: Cron ran at: 22-07-2026 06:56:38 AM [] []
[2026-07-22 06:57:05] SlimMonoLogger.INFO: Cron ran at: 22-07-2026 06:57:05 AM [] []
[2026-07-22 06:57:20] SlimMonoLogger.INFO: Cron ran at: 22-07-2026 06:57:20 AM [] []
[2026-07-22 06:57:33] SlimMonoLogger.INFO: Cron ran at: 22-07-2026 06:57:33 AM [] []
[2026-07-22 06:57:39] SlimMonoLogger.INFO: Cron ran at: 22-07-2026 06:57:39 AM [] []
[2026-07-22 06:58:04] SlimMonoLogger.INFO: Cron ran at: 22-07-2026 06:58:04 AM [] []
[2026-07-22 06:58:13] SlimMonoLogger.INFO: Cron ran at: 22-07-2026 06:58:13 AM [] []
[2026-07-22 06:58:31] SlimMonoLogger.INFO: Cron ran at: 22-07-2026 06:58:31 AM [] []
[2026-07-22 06:58:41] SlimMonoLogger.INFO: Cron ran at: 22-07-2026 06:58:41 AM [] []
[2026-07-22 06:59:08] SlimMonoLogger.INFO: Cron ran at: 22-07-2026 06:59:08 AM [] []
[2026-07-22 06:59:09] SlimMonoLogger.INFO: Cron ran at: 22-07-2026 06:59:09 AM [] []
[2026-07-22 06:59:29] SlimMonoLogger.INFO: Cron ran at: 22-07-2026 06:59:29 AM [] []
[2026-07-22 06:59:43] SlimMonoLogger.INFO: Cron ran at: 22-07-2026 06:59:43 AM [] []
[2026-07-22 07:00:06] SlimMonoLogger.INFO: Cron ran at: 22-07-2026 07:00:06 AM [] []
[2026-07-22 07:00:08] SlimMonoLogger.INFO: Cron ran at: 22-07-2026 07:00:08 AM [] []
[2026-07-22 07:00:39] SlimMonoLogger.INFO: Cron ran at: 22-07-2026 07:00:39 AM [] []
[2026-07-22 07:00:46] SlimMonoLogger.INFO: Cron ran at: 22-07-2026 07:00:46 AM [] []
[2026-07-22 07:01:04] SlimMonoLogger.INFO: Cron ran at: 22-07-2026 07:01:04 AM [] []
[2026-07-22 07:01:22] SlimMonoLogger.INFO: Cron ran at: 22-07-2026 07:01:22 AM [] []
[2026-07-22 07:01:30] SlimMonoLogger.INFO: Cron ran at: 22-07-2026 07:01:30 AM [] []
[2026-07-22 07:01:49] SlimMonoLogger.INFO: Cron ran at: 22-07-2026 07:01:49 AM [] []
[2026-07-22 07:02:02] SlimMonoLogger.INFO: Cron ran at: 22-07-2026 07:02:02 AM [] []
[2026-07-22 07:02:14] SlimMonoLogger.INFO: Cron ran at: 22-07-2026 07:02:14 AM [] []
[2026-07-22 07:02:31] SlimMonoLogger.INFO: Cron ran at: 22-07-2026 07:02:31 AM [] []
[2026-07-22 07:02:41] SlimMonoLogger.INFO: Cron ran at: 22-07-2026 07:02:41 AM [] []
[2026-07-22 07:02:48] SlimMonoLogger.INFO: Cron ran at: 22-07-2026 07:02:48 AM [] []
[2026-07-22 07:03:04] SlimMonoLogger.INFO: Cron ran at: 22-07-2026 07:03:04 AM [] []
[2026-07-22 07:03:26] SlimMonoLogger.INFO: Cron ran at: 22-07-2026 07:03:26 AM [] []
[2026-07-22 07:03:41] SlimMonoLogger.INFO: Cron ran at: 22-07-2026 07:03:41 AM [] []
[2026-07-22 07:03:46] SlimMonoLogger.INFO: Cron ran at: 22-07-2026 07:03:46 AM [] []
[2026-07-22 07:03:56] SlimMonoLogger.INFO: Cron ran at: 22-07-2026 07:03:56 AM [] []
[2026-07-22 07:04:30] SlimMonoLogger.INFO: Cron ran at: 22-07-2026 07:04:30 AM [] []
[2026-07-22 07:04:44] SlimMonoLogger.INFO: Cron ran at: 22-07-2026 07:04:44 AM [] []
[2026-07-22 07:04:47] SlimMonoLogger.INFO: Cron ran at: 22-07-2026 07:04:47 AM [] []
[2026-07-22 07:04:53] SlimMonoLogger.INFO: Cron ran at: 22-07-2026 07:04:53 AM [] []
[2026-07-22 07:05:32] SlimMonoLogger.INFO: Cron ran at: 22-07-2026 07:05:32 AM [] []
[2026-07-22 07:05:47] SlimMonoLogger.INFO: Cron ran at: 22-07-2026 07:05:47 AM [] []
[2026-07-22 07:05:48] SlimMonoLogger.INFO: Cron ran at: 22-07-2026 07:05:48 AM [] []
[2026-07-22 07:06:31] SlimMonoLogger.INFO: Cron ran at: 22-07-2026 07:06:31 AM [] []
[2026-07-22 07:06:53] SlimMonoLogger.INFO: Cron ran at: 22-07-2026 07:06:53 AM [] []
[2026-07-22 07:06:54] SlimMonoLogger.INFO: Cron ran at: 22-07-2026 07:06:54 AM [] []
[2026-07-22 07:06:57] SlimMonoLogger.INFO: Cron ran at: 22-07-2026 07:06:57 AM [] []
[2026-07-22 07:07:31] SlimMonoLogger.INFO: Cron ran at: 22-07-2026 07:07:31 AM [] []
[2026-07-22 07:07:41] SlimMonoLogger.INFO: Cron ran at: 22-07-2026 07:07:41 AM [] []
[2026-07-22 07:07:44] SlimMonoLogger.INFO: Cron ran at: 22-07-2026 07:07:44 AM [] []
[2026-07-22 07:07:49] SlimMonoLogger.INFO: Cron ran at: 22-07-2026 07:07:49 AM [] []
[2026-07-22 07:08:36] SlimMonoLogger.INFO: Cron ran at: 22-07-2026 07:08:36 AM [] []
[2026-07-22 07:08:40] SlimMonoLogger.INFO: Cron ran at: 22-07-2026 07:08:40 AM [] []
[2026-07-22 07:08:40] SlimMonoLogger.INFO: Cron ran at: 22-07-2026 07:08:40 AM [] []
[2026-07-22 07:08:42] SlimMonoLogger.INFO: Cron ran at: 22-07-2026 07:08:42 AM [] []
[2026-07-22 07:09:27] SlimMonoLogger.INFO: Cron ran at: 22-07-2026 07:09:27 AM [] []
[2026-07-22 07:09:27] SlimMonoLogger.INFO: Cron ran at: 22-07-2026 07:09:27 AM [] []
[2026-07-22 07:09:39] SlimMonoLogger.INFO: Cron ran at: 22-07-2026 07:09:39 AM [] []
[2026-07-22 07:09:55] SlimMonoLogger.INFO: Cron ran at: 22-07-2026 07:09:55 AM [] []
[2026-07-22 07:10:25] SlimMonoLogger.INFO: Cron ran at: 22-07-2026 07:10:25 AM [] []
[2026-07-22 07:10:37] SlimMonoLogger.INFO: Cron ran at: 22-07-2026 07:10:37 AM [] []
[2026-07-22 07:10:43] SlimMonoLogger.INFO: Cron ran at: 22-07-2026 07:10:43 AM [] []
[2026-07-22 07:11:16] SlimMonoLogger.INFO: Cron ran at: 22-07-2026 07:11:16 AM [] []
[2026-07-22 07:11:31] SlimMonoLogger.INFO: Cron ran at: 22-07-2026 07:11:31 AM [] []
[2026-07-22 07:11:41] SlimMonoLogger.INFO: Cron ran at: 22-07-2026 07:11:41 AM [] []
[2026-07-22 07:11:49] SlimMonoLogger.INFO: Cron ran at: 22-07-2026 07:11:49 AM [] []
[2026-07-22 07:12:13] SlimMonoLogger.INFO: Cron ran at: 22-07-2026 07:12:13 AM [] []
[2026-07-22 07:12:27] SlimMonoLogger.INFO: Cron ran at: 22-07-2026 07:12:27 AM [] []
[2026-07-22 07:12:43] SlimMonoLogger.INFO: Cron ran at: 22-07-2026 07:12:43 AM [] []
[2026-07-22 07:12:51] SlimMonoLogger.INFO: Cron ran at: 22-07-2026 07:12:51 AM [] []
[2026-07-22 07:13:13] SlimMonoLogger.INFO: Cron ran at: 22-07-2026 07:13:13 AM [] []
[2026-07-22 07:13:14] SlimMonoLogger.INFO: Cron ran at: 22-07-2026 07:13:14 AM [] []
[2026-07-22 07:13:43] SlimMonoLogger.INFO: Cron ran at: 22-07-2026 07:13:43 AM [] []
[2026-07-22 07:13:55] SlimMonoLogger.INFO: Cron ran at: 22-07-2026 07:13:55 AM [] []
[2026-07-22 07:14:06] SlimMonoLogger.INFO: Cron ran at: 22-07-2026 07:14:06 AM [] []
[2026-07-22 07:14:07] SlimMonoLogger.INFO: Cron ran at: 22-07-2026 07:14:07 AM [] []
[2026-07-22 07:14:41] SlimMonoLogger.INFO: Cron ran at: 22-07-2026 07:14:41 AM [] []
[2026-07-22 07:14:46] SlimMonoLogger.INFO: Cron ran at: 22-07-2026 07:14:46 AM [] []
[2026-07-22 07:15:01] SlimMonoLogger.INFO: Cron ran at: 22-07-2026 07:15:01 AM [] []
[2026-07-22 07:15:08] SlimMonoLogger.INFO: Cron ran at: 22-07-2026 07:15:08 AM [] []
[2026-07-22 07:15:41] SlimMonoLogger.INFO: Cron ran at: 22-07-2026 07:15:41 AM [] []
[2026-07-22 07:15:57] SlimMonoLogger.INFO: Cron ran at: 22-07-2026 07:15:57 AM [] []
[2026-07-22 07:16:08] SlimMonoLogger.INFO: Cron ran at: 22-07-2026 07:16:08 AM [] []
[2026-07-22 07:16:42] SlimMonoLogger.INFO: Cron ran at: 22-07-2026 07:16:42 AM [] []
[2026-07-22 07:16:49] SlimMonoLogger.INFO: Cron ran at: 22-07-2026 07:16:49 AM [] []
[2026-07-22 07:16:53] SlimMonoLogger.INFO: Cron ran at: 22-07-2026 07:16:53 AM [] []
[2026-07-22 07:17:16] SlimMonoLogger.INFO: Cron ran at: 22-07-2026 07:17:16 AM [] []
[2026-07-22 07:17:39] SlimMonoLogger.INFO: Cron ran at: 22-07-2026 07:17:39 AM [] []
[2026-07-22 07:17:45] SlimMonoLogger.INFO: Cron ran at: 22-07-2026 07:17:45 AM [] []
[2026-07-22 07:17:46] SlimMonoLogger.INFO: Cron ran at: 22-07-2026 07:17:46 AM [] []
[2026-07-22 07:18:16] SlimMonoLogger.INFO: Cron ran at: 22-07-2026 07:18:16 AM [] []
[2026-07-22 07:18:38] SlimMonoLogger.INFO: Cron ran at: 22-07-2026 07:18:38 AM [] []
[2026-07-22 07:18:38] SlimMonoLogger.INFO: Cron ran at: 22-07-2026 07:18:38 AM [] []
[2026-07-22 07:18:49] SlimMonoLogger.INFO: Cron ran at: 22-07-2026 07:18:49 AM [] []
[2026-07-22 07:19:13] SlimMonoLogger.INFO: Cron ran at: 22-07-2026 07:19:13 AM [] []
[2026-07-22 07:19:28] SlimMonoLogger.INFO: Cron ran at: 22-07-2026 07:19:28 AM [] []
[2026-07-22 07:19:44] SlimMonoLogger.INFO: Cron ran at: 22-07-2026 07:19:44 AM [] []
[2026-07-22 07:19:49] SlimMonoLogger.INFO: Cron ran at: 22-07-2026 07:19:49 AM [] []
[2026-07-22 07:20:11] SlimMonoLogger.INFO: Cron ran at: 22-07-2026 07:20:11 AM [] []
[2026-07-22 07:20:25] SlimMonoLogger.INFO: Cron ran at: 22-07-2026 07:20:25 AM [] []
[2026-07-22 07:20:47] SlimMonoLogger.INFO: Cron ran at: 22-07-2026 07:20:47 AM [] []
[2026-07-22 07:21:18] SlimMonoLogger.INFO: Cron ran at: 22-07-2026 07:21:18 AM [] []
[2026-07-22 07:21:23] SlimMonoLogger.INFO: Cron ran at: 22-07-2026 07:21:23 AM [] []
[2026-07-22 07:21:47] SlimMonoLogger.INFO: Cron ran at: 22-07-2026 07:21:47 AM [] []
[2026-07-22 07:21:48] SlimMonoLogger.INFO: Cron ran at: 22-07-2026 07:21:48 AM [] []
[2026-07-22 07:22:10] SlimMonoLogger.INFO: Cron ran at: 22-07-2026 07:22:10 AM [] []
[2026-07-22 07:22:18] SlimMonoLogger.INFO: Cron ran at: 22-07-2026 07:22:18 AM [] []
[2026-07-22 07:22:35] SlimMonoLogger.INFO: Cron ran at: 22-07-2026 07:22:35 AM [] []
[2026-07-22 07:22:48] SlimMonoLogger.INFO: Cron ran at: 22-07-2026 07:22:48 AM [] []
[2026-07-22 07:23:13] SlimMonoLogger.INFO: Cron ran at: 22-07-2026 07:23:13 AM [] []
[2026-07-22 07:23:14] SlimMonoLogger.INFO: Cron ran at: 22-07-2026 07:23:14 AM [] []
[2026-07-22 07:23:32] SlimMonoLogger.INFO: Cron ran at: 22-07-2026 07:23:32 AM [] []
[2026-07-22 07:23:33] SlimMonoLogger.INFO: Cron ran at: 22-07-2026 07:23:33 AM [] []
[2026-07-22 07:24:10] SlimMonoLogger.INFO: Cron ran at: 22-07-2026 07:24:10 AM [] []
[2026-07-22 07:24:10] SlimMonoLogger.INFO: Cron ran at: 22-07-2026 07:24:10 AM [] []
[2026-07-22 07:24:25] SlimMonoLogger.INFO: Cron ran at: 22-07-2026 07:24:25 AM [] []
[2026-07-22 07:24:32] SlimMonoLogger.INFO: Cron ran at: 22-07-2026 07:24:32 AM [] []
[2026-07-22 07:25:12] SlimMonoLogger.INFO: Cron ran at: 22-07-2026 07:25:12 AM [] []
[2026-07-22 07:25:13] SlimMonoLogger.INFO: Cron ran at: 22-07-2026 07:25:13 AM [] []
[2026-07-22 07:25:17] SlimMonoLogger.INFO: Cron ran at: 22-07-2026 07:25:17 AM [] []
[2026-07-22 07:25:43] SlimMonoLogger.INFO: Cron ran at: 22-07-2026 07:25:43 AM [] []
[2026-07-22 07:26:20] SlimMonoLogger.INFO: Cron ran at: 22-07-2026 07:26:20 AM [] []
[2026-07-22 07:26:21] SlimMonoLogger.INFO: Cron ran at: 22-07-2026 07:26:21 AM [] []
[2026-07-22 07:26:31] SlimMonoLogger.INFO: Cron ran at: 22-07-2026 07:26:31 AM [] []
[2026-07-22 07:26:32] SlimMonoLogger.INFO: Cron ran at: 22-07-2026 07:26:32 AM [] []
[2026-07-22 07:27:11] SlimMonoLogger.INFO: Cron ran at: 22-07-2026 07:27:11 AM [] []
[2026-07-22 07:27:11] SlimMonoLogger.INFO: Cron ran at: 22-07-2026 07:27:11 AM [] []
[2026-07-22 07:27:29] SlimMonoLogger.INFO: Cron ran at: 22-07-2026 07:27:29 AM [] []
[2026-07-22 07:27:30] SlimMonoLogger.INFO: Cron ran at: 22-07-2026 07:27:30 AM [] []
[2026-07-22 07:28:09] SlimMonoLogger.INFO: Cron ran at: 22-07-2026 07:28:09 AM [] []
[2026-07-22 07:28:10] SlimMonoLogger.INFO: Cron ran at: 22-07-2026 07:28:10 AM [] []
[2026-07-22 07:28:18] SlimMonoLogger.INFO: Cron ran at: 22-07-2026 07:28:18 AM [] []
[2026-07-22 07:28:29] SlimMonoLogger.INFO: Cron ran at: 22-07-2026 07:28:29 AM [] []
[2026-07-22 07:29:04] SlimMonoLogger.INFO: Cron ran at: 22-07-2026 07:29:04 AM [] []
[2026-07-22 07:29:08] SlimMonoLogger.INFO: Cron ran at: 22-07-2026 07:29:08 AM [] []
[2026-07-22 07:29:08] SlimMonoLogger.INFO: Cron ran at: 22-07-2026 07:29:08 AM [] []
[2026-07-22 07:29:36] SlimMonoLogger.INFO: Cron ran at: 22-07-2026 07:29:36 AM [] []
[2026-07-22 07:30:06] SlimMonoLogger.INFO: Cron ran at: 22-07-2026 07:30:06 AM [] []
[2026-07-22 07:30:07] SlimMonoLogger.INFO: Cron ran at: 22-07-2026 07:30:07 AM [] []
[2026-07-22 07:30:09] SlimMonoLogger.INFO: Cron ran at: 22-07-2026 07:30:09 AM [] []
[2026-07-22 07:31:03] SlimMonoLogger.INFO: Cron ran at: 22-07-2026 07:31:03 AM [] []
[2026-07-22 07:31:03] SlimMonoLogger.INFO: Cron ran at: 22-07-2026 07:31:03 AM [] []
[2026-07-22 07:31:11] SlimMonoLogger.INFO: Cron ran at: 22-07-2026 07:31:11 AM [] []
[2026-07-22 07:31:56] SlimMonoLogger.INFO: Cron ran at: 22-07-2026 07:31:56 AM [] []
[2026-07-22 07:31:56] SlimMonoLogger.INFO: Cron ran at: 22-07-2026 07:31:56 AM [] []
[2026-07-22 07:31:59] SlimMonoLogger.INFO: Cron ran at: 22-07-2026 07:31:59 AM [] []
[2026-07-22 07:32:10] SlimMonoLogger.INFO: Cron ran at: 22-07-2026 07:32:10 AM [] []
[2026-07-22 07:32:49] SlimMonoLogger.INFO: Cron ran at: 22-07-2026 07:32:49 AM [] []
[2026-07-22 07:32:49] SlimMonoLogger.INFO: Cron ran at: 22-07-2026 07:32:49 AM [] []
[2026-07-22 07:33:01] SlimMonoLogger.INFO: Cron ran at: 22-07-2026 07:33:01 AM [] []
[2026-07-22 07:33:11] SlimMonoLogger.INFO: Cron ran at: 22-07-2026 07:33:11 AM [] []
[2026-07-22 07:33:39] SlimMonoLogger.INFO: Cron ran at: 22-07-2026 07:33:39 AM [] []
[2026-07-22 07:33:58] SlimMonoLogger.INFO: Cron ran at: 22-07-2026 07:33:58 AM [] []
[2026-07-22 07:34:07] SlimMonoLogger.INFO: Cron ran at: 22-07-2026 07:34:07 AM [] []
[2026-07-22 07:34:10] SlimMonoLogger.INFO: Cron ran at: 22-07-2026 07:34:10 AM [] []
[2026-07-22 07:34:34] SlimMonoLogger.INFO: Cron ran at: 22-07-2026 07:34:34 AM [] []
[2026-07-22 07:34:49] SlimMonoLogger.INFO: Cron ran at: 22-07-2026 07:34:49 AM [] []
[2026-07-22 07:34:57] SlimMonoLogger.INFO: Cron ran at: 22-07-2026 07:34:57 AM [] []
[2026-07-22 07:35:08] SlimMonoLogger.INFO: Cron ran at: 22-07-2026 07:35:08 AM [] []
[2026-07-22 07:35:28] SlimMonoLogger.INFO: Cron ran at: 22-07-2026 07:35:28 AM [] []
[2026-07-22 07:35:52] SlimMonoLogger.INFO: Cron ran at: 22-07-2026 07:35:52 AM [] []
[2026-07-22 07:36:04] SlimMonoLogger.INFO: Cron ran at: 22-07-2026 07:36:04 AM [] []
[2026-07-22 07:36:24] SlimMonoLogger.INFO: Cron ran at: 22-07-2026 07:36:24 AM [] []
[2026-07-22 07:37:01] SlimMonoLogger.INFO: Cron ran at: 22-07-2026 07:37:01 AM [] []
[2026-07-22 07:37:04] SlimMonoLogger.INFO: Cron ran at: 22-07-2026 07:37:04 AM [] []
[2026-07-22 07:37:05] SlimMonoLogger.INFO: Cron ran at: 22-07-2026 07:37:05 AM [] []
[2026-07-22 07:37:19] SlimMonoLogger.INFO: Cron ran at: 22-07-2026 07:37:19 AM [] []
[2026-07-22 07:37:56] SlimMonoLogger.INFO: Cron ran at: 22-07-2026 07:37:56 AM [] []
[2026-07-22 07:37:57] SlimMonoLogger.INFO: Cron ran at: 22-07-2026 07:37:57 AM [] []
[2026-07-22 07:38:04] SlimMonoLogger.INFO: Cron ran at: 22-07-2026 07:38:04 AM [] []
[2026-07-22 07:38:14] SlimMonoLogger.INFO: Cron ran at: 22-07-2026 07:38:14 AM [] []
[2026-07-22 07:38:46] SlimMonoLogger.INFO: Cron ran at: 22-07-2026 07:38:46 AM [] []
[2026-07-22 07:38:59] SlimMonoLogger.INFO: Cron ran at: 22-07-2026 07:38:59 AM [] []
[2026-07-22 07:39:01] SlimMonoLogger.INFO: Cron ran at: 22-07-2026 07:39:01 AM [] []
[2026-07-22 07:39:13] SlimMonoLogger.INFO: Cron ran at: 22-07-2026 07:39:13 AM [] []
[2026-07-22 07:39:38] SlimMonoLogger.INFO: Cron ran at: 22-07-2026 07:39:38 AM [] []
[2026-07-22 07:39:50] SlimMonoLogger.INFO: Cron ran at: 22-07-2026 07:39:50 AM [] []
[2026-07-22 07:40:05] SlimMonoLogger.INFO: Cron ran at: 22-07-2026 07:40:05 AM [] []
[2026-07-22 07:40:15] SlimMonoLogger.INFO: Cron ran at: 22-07-2026 07:40:15 AM [] []
[2026-07-22 07:40:37] SlimMonoLogger.INFO: Cron ran at: 22-07-2026 07:40:37 AM [] []
[2026-07-22 07:40:53] SlimMonoLogger.INFO: Cron ran at: 22-07-2026 07:40:53 AM [] []
[2026-07-22 07:41:14] SlimMonoLogger.INFO: Cron ran at: 22-07-2026 07:41:14 AM [] []
[2026-07-22 07:41:30] SlimMonoLogger.INFO: Cron ran at: 22-07-2026 07:41:30 AM [] []
[2026-07-22 07:41:32] SlimMonoLogger.INFO: Cron ran at: 22-07-2026 07:41:32 AM [] []
[2026-07-22 07:41:54] SlimMonoLogger.INFO: Cron ran at: 22-07-2026 07:41:54 AM [] []
[2026-07-22 07:42:16] SlimMonoLogger.INFO: Cron ran at: 22-07-2026 07:42:16 AM [] []
[2026-07-22 07:42:27] SlimMonoLogger.INFO: Cron ran at: 22-07-2026 07:42:27 AM [] []
[2026-07-22 07:42:30] SlimMonoLogger.INFO: Cron ran at: 22-07-2026 07:42:30 AM [] []
[2026-07-22 07:42:56] SlimMonoLogger.INFO: Cron ran at: 22-07-2026 07:42:56 AM [] []
[2026-07-22 07:43:18] SlimMonoLogger.INFO: Cron ran at: 22-07-2026 07:43:18 AM [] []
[2026-07-22 07:43:19] SlimMonoLogger.INFO: Cron ran at: 22-07-2026 07:43:19 AM [] []
[2026-07-22 07:43:22] SlimMonoLogger.INFO: Cron ran at: 22-07-2026 07:43:22 AM [] []
[2026-07-22 07:43:53] SlimMonoLogger.INFO: Cron ran at: 22-07-2026 07:43:53 AM [] []
[2026-07-22 07:44:09] SlimMonoLogger.INFO: Cron ran at: 22-07-2026 07:44:09 AM [] []
[2026-07-22 07:44:10] SlimMonoLogger.INFO: Cron ran at: 22-07-2026 07:44:10 AM [] []
[2026-07-22 07:44:18] SlimMonoLogger.INFO: Cron ran at: 22-07-2026 07:44:18 AM [] []
[2026-07-22 07:44:50] SlimMonoLogger.INFO: Cron ran at: 22-07-2026 07:44:50 AM [] []
[2026-07-22 07:45:00] SlimMonoLogger.INFO: Cron ran at: 22-07-2026 07:45:00 AM [] []
[2026-07-22 07:45:09] SlimMonoLogger.INFO: Cron ran at: 22-07-2026 07:45:09 AM [] []
[2026-07-22 07:45:11] SlimMonoLogger.INFO: Cron ran at: 22-07-2026 07:45:11 AM [] []
[2026-07-22 07:45:56] SlimMonoLogger.INFO: Cron ran at: 22-07-2026 07:45:56 AM [] []
[2026-07-22 07:46:14] SlimMonoLogger.INFO: Cron ran at: 22-07-2026 07:46:14 AM [] []
[2026-07-22 07:46:15] SlimMonoLogger.INFO: Cron ran at: 22-07-2026 07:46:15 AM [] []
[2026-07-22 07:46:23] SlimMonoLogger.INFO: Cron ran at: 22-07-2026 07:46:23 AM [] []
[2026-07-22 07:46:55] SlimMonoLogger.INFO: Cron ran at: 22-07-2026 07:46:55 AM [] []
[2026-07-22 07:47:11] SlimMonoLogger.INFO: Cron ran at: 22-07-2026 07:47:11 AM [] []
[2026-07-22 07:47:13] SlimMonoLogger.INFO: Cron ran at: 22-07-2026 07:47:13 AM [] []
[2026-07-22 07:47:13] SlimMonoLogger.INFO: Cron ran at: 22-07-2026 07:47:13 AM [] []
[2026-07-22 07:47:51] SlimMonoLogger.INFO: Cron ran at: 22-07-2026 07:47:51 AM [] []
[2026-07-22 07:48:11] SlimMonoLogger.INFO: Cron ran at: 22-07-2026 07:48:11 AM [] []
[2026-07-22 07:48:11] SlimMonoLogger.INFO: Cron ran at: 22-07-2026 07:48:11 AM [] []
[2026-07-22 07:48:11] SlimMonoLogger.INFO: Cron ran at: 22-07-2026 07:48:11 AM [] []
[2026-07-22 07:48:58] SlimMonoLogger.INFO: Cron ran at: 22-07-2026 07:48:58 AM [] []
[2026-07-22 07:48:59] SlimMonoLogger.INFO: Cron ran at: 22-07-2026 07:48:59 AM [] []
[2026-07-22 07:49:12] SlimMonoLogger.INFO: Cron ran at: 22-07-2026 07:49:12 AM [] []
[2026-07-22 07:49:13] SlimMonoLogger.INFO: Cron ran at: 22-07-2026 07:49:13 AM [] []
[2026-07-22 07:49:50] SlimMonoLogger.INFO: Cron ran at: 22-07-2026 07:49:50 AM [] []
[2026-07-22 07:49:52] SlimMonoLogger.INFO: Cron ran at: 22-07-2026 07:49:52 AM [] []
[2026-07-22 07:50:14] SlimMonoLogger.INFO: Cron ran at: 22-07-2026 07:50:14 AM [] []
[2026-07-22 07:50:19] SlimMonoLogger.INFO: Cron ran at: 22-07-2026 07:50:19 AM [] []
[2026-07-22 07:50:49] SlimMonoLogger.INFO: Cron ran at: 22-07-2026 07:50:49 AM [] []
[2026-07-22 07:50:55] SlimMonoLogger.INFO: Cron ran at: 22-07-2026 07:50:55 AM [] []
[2026-07-22 07:51:15] SlimMonoLogger.INFO: Cron ran at: 22-07-2026 07:51:15 AM [] []
[2026-07-22 07:51:45] SlimMonoLogger.INFO: Cron ran at: 22-07-2026 07:51:45 AM [] []
[2026-07-22 07:51:47] SlimMonoLogger.INFO: Cron ran at: 22-07-2026 07:51:47 AM [] []
[2026-07-22 07:51:48] SlimMonoLogger.INFO: Cron ran at: 22-07-2026 07:51:48 AM [] []
[2026-07-22 07:52:23] SlimMonoLogger.INFO: Cron ran at: 22-07-2026 07:52:23 AM [] []
[2026-07-22 07:52:38] SlimMonoLogger.INFO: Cron ran at: 22-07-2026 07:52:38 AM [] []
[2026-07-22 07:52:38] SlimMonoLogger.INFO: Cron ran at: 22-07-2026 07:52:38 AM [] []
[2026-07-22 07:52:49] SlimMonoLogger.INFO: Cron ran at: 22-07-2026 07:52:49 AM [] []
[2026-07-22 07:53:22] SlimMonoLogger.INFO: Cron ran at: 22-07-2026 07:53:22 AM [] []
[2026-07-22 07:53:33] SlimMonoLogger.INFO: Cron ran at: 22-07-2026 07:53:33 AM [] []
[2026-07-22 07:53:40] SlimMonoLogger.INFO: Cron ran at: 22-07-2026 07:53:40 AM [] []
[2026-07-22 07:53:41] SlimMonoLogger.INFO: Cron ran at: 22-07-2026 07:53:41 AM [] []
[2026-07-22 07:54:19] SlimMonoLogger.INFO: Cron ran at: 22-07-2026 07:54:19 AM [] []
[2026-07-22 07:54:25] SlimMonoLogger.INFO: Cron ran at: 22-07-2026 07:54:25 AM [] []
[2026-07-22 07:54:41] SlimMonoLogger.INFO: Cron ran at: 22-07-2026 07:54:41 AM [] []
[2026-07-22 07:54:47] SlimMonoLogger.INFO: Cron ran at: 22-07-2026 07:54:47 AM [] []
[2026-07-22 07:55:27] SlimMonoLogger.INFO: Cron ran at: 22-07-2026 07:55:27 AM [] []
[2026-07-22 07:55:35] SlimMonoLogger.INFO: Cron ran at: 22-07-2026 07:55:35 AM [] []
[2026-07-22 07:55:40] SlimMonoLogger.INFO: Cron ran at: 22-07-2026 07:55:40 AM [] []
[2026-07-22 07:56:03] SlimMonoLogger.INFO: Cron ran at: 22-07-2026 07:56:03 AM [] []
[2026-07-22 07:56:18] SlimMonoLogger.INFO: Cron ran at: 22-07-2026 07:56:18 AM [] []
[2026-07-22 07:56:26] SlimMonoLogger.INFO: Cron ran at: 22-07-2026 07:56:26 AM [] []
[2026-07-22 07:56:45] SlimMonoLogger.INFO: Cron ran at: 22-07-2026 07:56:45 AM [] []
[2026-07-22 07:56:52] SlimMonoLogger.INFO: Cron ran at: 22-07-2026 07:56:52 AM [] []
[2026-07-22 07:57:14] SlimMonoLogger.INFO: Cron ran at: 22-07-2026 07:57:14 AM [] []
[2026-07-22 07:57:15] SlimMonoLogger.INFO: Cron ran at: 22-07-2026 07:57:15 AM [] []
[2026-07-22 07:57:41] SlimMonoLogger.INFO: Cron ran at: 22-07-2026 07:57:41 AM [] []
[2026-07-22 07:57:49] SlimMonoLogger.INFO: Cron ran at: 22-07-2026 07:57:49 AM [] []
[2026-07-22 07:58:07] SlimMonoLogger.INFO: Cron ran at: 22-07-2026 07:58:07 AM [] []
[2026-07-22 07:58:07] SlimMonoLogger.INFO: Cron ran at: 22-07-2026 07:58:07 AM [] []
[2026-07-22 07:58:43] SlimMonoLogger.INFO: Cron ran at: 22-07-2026 07:58:43 AM [] []
[2026-07-22 07:58:49] SlimMonoLogger.INFO: Cron ran at: 22-07-2026 07:58:49 AM [] []
[2026-07-22 07:59:04] SlimMonoLogger.INFO: Cron ran at: 22-07-2026 07:59:04 AM [] []
[2026-07-22 07:59:10] SlimMonoLogger.INFO: Cron ran at: 22-07-2026 07:59:10 AM [] []
[2026-07-22 07:59:46] SlimMonoLogger.INFO: Cron ran at: 22-07-2026 07:59:46 AM [] []
[2026-07-22 07:59:47] SlimMonoLogger.INFO: Cron ran at: 22-07-2026 07:59:47 AM [] []
[2026-07-22 07:59:56] SlimMonoLogger.INFO: Cron ran at: 22-07-2026 07:59:56 AM [] []
[2026-07-22 08:00:15] SlimMonoLogger.INFO: Cron ran at: 22-07-2026 08:00:15 AM [] []
[2026-07-22 08:00:50] SlimMonoLogger.INFO: Cron ran at: 22-07-2026 08:00:50 AM [] []
[2026-07-22 08:01:05] SlimMonoLogger.INFO: Cron ran at: 22-07-2026 08:01:05 AM [] []
[2026-07-22 08:01:11] SlimMonoLogger.INFO: Cron ran at: 22-07-2026 08:01:11 AM [] []
[2026-07-22 08:01:41] SlimMonoLogger.INFO: Cron ran at: 22-07-2026 08:01:41 AM [] []
[2026-07-22 08:01:42] SlimMonoLogger.INFO: Cron ran at: 22-07-2026 08:01:42 AM [] []
[2026-07-22 08:01:42] SlimMonoLogger.INFO: Cron ran at: 22-07-2026 08:01:42 AM [] []
[2026-07-22 08:02:05] SlimMonoLogger.INFO: Cron ran at: 22-07-2026 08:02:05 AM [] []
[2026-07-22 08:02:34] SlimMonoLogger.INFO: Cron ran at: 22-07-2026 08:02:34 AM [] []
[2026-07-22 08:02:38] SlimMonoLogger.INFO: Cron ran at: 22-07-2026 08:02:38 AM [] []
[2026-07-22 08:02:39] SlimMonoLogger.INFO: Cron ran at: 22-07-2026 08:02:39 AM [] []
[2026-07-22 08:03:09] SlimMonoLogger.INFO: Cron ran at: 22-07-2026 08:03:09 AM [] []
[2026-07-22 08:03:27] SlimMonoLogger.INFO: Cron ran at: 22-07-2026 08:03:27 AM [] []
[2026-07-22 08:03:45] SlimMonoLogger.INFO: Cron ran at: 22-07-2026 08:03:45 AM [] []
[2026-07-22 08:03:45] SlimMonoLogger.INFO: Cron ran at: 22-07-2026 08:03:45 AM [] []
[2026-07-22 08:04:19] SlimMonoLogger.INFO: Cron ran at: 22-07-2026 08:04:19 AM [] []
[2026-07-22 08:04:28] SlimMonoLogger.INFO: Cron ran at: 22-07-2026 08:04:28 AM [] []
[2026-07-22 08:04:57] SlimMonoLogger.INFO: Cron ran at: 22-07-2026 08:04:57 AM [] []
[2026-07-22 08:05:00] SlimMonoLogger.INFO: Cron ran at: 22-07-2026 08:05:00 AM [] []
[2026-07-22 08:05:09] SlimMonoLogger.INFO: Cron ran at: 22-07-2026 08:05:09 AM [] []
[2026-07-22 08:05:11] SlimMonoLogger.INFO: Cron ran at: 22-07-2026 08:05:11 AM [] []
[2026-07-22 08:05:40] SlimMonoLogger.INFO: Cron ran at: 22-07-2026 08:05:40 AM [] []
[2026-07-22 08:06:05] SlimMonoLogger.INFO: Cron ran at: 22-07-2026 08:06:05 AM [] []
[2026-07-22 08:06:05] SlimMonoLogger.INFO: Cron ran at: 22-07-2026 08:06:05 AM [] []
[2026-07-22 08:06:15] SlimMonoLogger.INFO: Cron ran at: 22-07-2026 08:06:15 AM [] []
[2026-07-22 08:06:41] SlimMonoLogger.INFO: Cron ran at: 22-07-2026 08:06:41 AM [] []
[2026-07-22 08:07:00] SlimMonoLogger.INFO: Cron ran at: 22-07-2026 08:07:00 AM [] []
[2026-07-22 08:07:01] SlimMonoLogger.INFO: Cron ran at: 22-07-2026 08:07:01 AM [] []
[2026-07-22 08:07:17] SlimMonoLogger.INFO: Cron ran at: 22-07-2026 08:07:17 AM [] []
[2026-07-22 08:07:39] SlimMonoLogger.INFO: Cron ran at: 22-07-2026 08:07:39 AM [] []
[2026-07-22 08:08:03] SlimMonoLogger.INFO: Cron ran at: 22-07-2026 08:08:03 AM [] []
[2026-07-22 08:08:03] SlimMonoLogger.INFO: Cron ran at: 22-07-2026 08:08:03 AM [] []
[2026-07-22 08:08:04] SlimMonoLogger.INFO: Cron ran at: 22-07-2026 08:08:04 AM [] []
[2026-07-22 08:08:38] SlimMonoLogger.INFO: Cron ran at: 22-07-2026 08:08:38 AM [] []
[2026-07-22 08:08:54] SlimMonoLogger.INFO: Cron ran at: 22-07-2026 08:08:54 AM [] []
[2026-07-22 08:09:01] SlimMonoLogger.INFO: Cron ran at: 22-07-2026 08:09:01 AM [] []
[2026-07-22 08:09:09] SlimMonoLogger.INFO: Cron ran at: 22-07-2026 08:09:09 AM [] []
[2026-07-22 08:09:42] SlimMonoLogger.INFO: Cron ran at: 22-07-2026 08:09:42 AM [] []
[2026-07-22 08:09:48] SlimMonoLogger.INFO: Cron ran at: 22-07-2026 08:09:48 AM [] []
[2026-07-22 08:09:54] SlimMonoLogger.INFO: Cron ran at: 22-07-2026 08:09:54 AM [] []
[2026-07-22 08:10:05] SlimMonoLogger.INFO: Cron ran at: 22-07-2026 08:10:05 AM [] []
[2026-07-22 08:10:40] SlimMonoLogger.INFO: Cron ran at: 22-07-2026 08:10:40 AM [] []
[2026-07-22 08:10:46] SlimMonoLogger.INFO: Cron ran at: 22-07-2026 08:10:46 AM [] []
[2026-07-22 08:10:53] SlimMonoLogger.INFO: Cron ran at: 22-07-2026 08:10:53 AM [] []
[2026-07-22 08:11:36] SlimMonoLogger.INFO: Cron ran at: 22-07-2026 08:11:36 AM [] []
[2026-07-22 08:11:37] SlimMonoLogger.INFO: Cron ran at: 22-07-2026 08:11:37 AM [] []
[2026-07-22 08:11:48] SlimMonoLogger.INFO: Cron ran at: 22-07-2026 08:11:48 AM [] []
[2026-07-22 08:11:56] SlimMonoLogger.INFO: Cron ran at: 22-07-2026 08:11:56 AM [] []
[2026-07-22 08:12:35] SlimMonoLogger.INFO: Cron ran at: 22-07-2026 08:12:35 AM [] []
[2026-07-22 08:12:42] SlimMonoLogger.INFO: Cron ran at: 22-07-2026 08:12:42 AM [] []
[2026-07-22 08:12:43] SlimMonoLogger.INFO: Cron ran at: 22-07-2026 08:12:43 AM [] []
[2026-07-22 08:12:54] SlimMonoLogger.INFO: Cron ran at: 22-07-2026 08:12:54 AM [] []
[2026-07-22 08:13:34] SlimMonoLogger.INFO: Cron ran at: 22-07-2026 08:13:34 AM [] []
[2026-07-22 08:13:36] SlimMonoLogger.INFO: Cron ran at: 22-07-2026 08:13:36 AM [] []
[2026-07-22 08:13:39] SlimMonoLogger.INFO: Cron ran at: 22-07-2026 08:13:39 AM [] []
[2026-07-22 08:13:56] SlimMonoLogger.INFO: Cron ran at: 22-07-2026 08:13:56 AM [] []
[2026-07-22 08:14:34] SlimMonoLogger.INFO: Cron ran at: 22-07-2026 08:14:34 AM [] []
[2026-07-22 08:14:35] SlimMonoLogger.INFO: Cron ran at: 22-07-2026 08:14:35 AM [] []
[2026-07-22 08:14:36] SlimMonoLogger.INFO: Cron ran at: 22-07-2026 08:14:36 AM [] []
[2026-07-22 08:14:52] SlimMonoLogger.INFO: Cron ran at: 22-07-2026 08:14:52 AM [] []
[2026-07-22 08:15:21] SlimMonoLogger.INFO: Cron ran at: 22-07-2026 08:15:21 AM [] []
[2026-07-22 08:15:37] SlimMonoLogger.INFO: Cron ran at: 22-07-2026 08:15:37 AM [] []
[2026-07-22 08:15:58] SlimMonoLogger.INFO: Cron ran at: 22-07-2026 08:15:58 AM [] []
[2026-07-22 08:16:20] SlimMonoLogger.INFO: Cron ran at: 22-07-2026 08:16:20 AM [] []
[2026-07-22 08:16:36] SlimMonoLogger.INFO: Cron ran at: 22-07-2026 08:16:36 AM [] []
[2026-07-22 08:16:37] SlimMonoLogger.INFO: Cron ran at: 22-07-2026 08:16:37 AM [] []
[2026-07-22 08:16:56] SlimMonoLogger.INFO: Cron ran at: 22-07-2026 08:16:56 AM [] []
[2026-07-22 08:17:06] SlimMonoLogger.INFO: Cron ran at: 22-07-2026 08:17:06 AM [] []
[2026-07-22 08:17:25] SlimMonoLogger.INFO: Cron ran at: 22-07-2026 08:17:25 AM [] []
[2026-07-22 08:17:30] SlimMonoLogger.INFO: Cron ran at: 22-07-2026 08:17:30 AM [] []
[2026-07-22 08:17:59] SlimMonoLogger.INFO: Cron ran at: 22-07-2026 08:17:59 AM [] []
[2026-07-22 08:18:00] SlimMonoLogger.INFO: Cron ran at: 22-07-2026 08:18:00 AM [] []
[2026-07-22 08:18:24] SlimMonoLogger.INFO: Cron ran at: 22-07-2026 08:18:24 AM [] []
[2026-07-22 08:18:33] SlimMonoLogger.INFO: Cron ran at: 22-07-2026 08:18:33 AM [] []
[2026-07-22 08:18:57] SlimMonoLogger.INFO: Cron ran at: 22-07-2026 08:18:57 AM [] []
[2026-07-22 08:18:57] SlimMonoLogger.INFO: Cron ran at: 22-07-2026 08:18:57 AM [] []
[2026-07-22 08:19:15] SlimMonoLogger.INFO: Cron ran at: 22-07-2026 08:19:15 AM [] []
[2026-07-22 08:19:34] SlimMonoLogger.INFO: Cron ran at: 22-07-2026 08:19:34 AM [] []
[2026-07-22 08:19:58] SlimMonoLogger.INFO: Cron ran at: 22-07-2026 08:19:58 AM [] []
[2026-07-22 08:20:00] SlimMonoLogger.INFO: Cron ran at: 22-07-2026 08:20:00 AM [] []
[2026-07-22 08:20:06] SlimMonoLogger.INFO: Cron ran at: 22-07-2026 08:20:06 AM [] []
[2026-07-22 08:20:35] SlimMonoLogger.INFO: Cron ran at: 22-07-2026 08:20:35 AM [] []
[2026-07-22 08:21:00] SlimMonoLogger.INFO: Cron ran at: 22-07-2026 08:21:00 AM [] []
[2026-07-22 08:21:02] SlimMonoLogger.INFO: Cron ran at: 22-07-2026 08:21:02 AM [] []
[2026-07-22 08:21:42] SlimMonoLogger.INFO: Cron ran at: 22-07-2026 08:21:42 AM [] []
[2026-07-22 08:21:53] SlimMonoLogger.INFO: Cron ran at: 22-07-2026 08:21:53 AM [] []
[2026-07-22 08:21:56] SlimMonoLogger.INFO: Cron ran at: 22-07-2026 08:21:56 AM [] []
[2026-07-22 08:21:58] SlimMonoLogger.INFO: Cron ran at: 22-07-2026 08:21:58 AM [] []
[2026-07-22 08:22:37] SlimMonoLogger.INFO: Cron ran at: 22-07-2026 08:22:37 AM [] []
[2026-07-22 08:22:43] SlimMonoLogger.INFO: Cron ran at: 22-07-2026 08:22:43 AM [] []
[2026-07-22 08:22:56] SlimMonoLogger.INFO: Cron ran at: 22-07-2026 08:22:56 AM [] []
[2026-07-22 08:23:00] SlimMonoLogger.INFO: Cron ran at: 22-07-2026 08:23:00 AM [] []
[2026-07-22 08:23:35] SlimMonoLogger.INFO: Cron ran at: 22-07-2026 08:23:35 AM [] []
[2026-07-22 08:23:36] SlimMonoLogger.INFO: Cron ran at: 22-07-2026 08:23:36 AM [] []
[2026-07-22 08:23:54] SlimMonoLogger.INFO: Cron ran at: 22-07-2026 08:23:54 AM [] []
[2026-07-22 08:23:57] SlimMonoLogger.INFO: Cron ran at: 22-07-2026 08:23:57 AM [] []
[2026-07-22 08:24:28] SlimMonoLogger.INFO: Cron ran at: 22-07-2026 08:24:28 AM [] []
[2026-07-22 08:24:35] SlimMonoLogger.INFO: Cron ran at: 22-07-2026 08:24:35 AM [] []
[2026-07-22 08:24:58] SlimMonoLogger.INFO: Cron ran at: 22-07-2026 08:24:58 AM [] []
[2026-07-22 08:24:59] SlimMonoLogger.INFO: Cron ran at: 22-07-2026 08:24:59 AM [] []
[2026-07-22 08:25:30] SlimMonoLogger.INFO: Cron ran at: 22-07-2026 08:25:30 AM [] []
[2026-07-22 08:25:59] SlimMonoLogger.INFO: Cron ran at: 22-07-2026 08:25:59 AM [] []
[2026-07-22 08:26:00] SlimMonoLogger.INFO: Cron ran at: 22-07-2026 08:26:00 AM [] []
[2026-07-22 08:26:23] SlimMonoLogger.INFO: Cron ran at: 22-07-2026 08:26:23 AM [] []
[2026-07-22 08:26:35] SlimMonoLogger.INFO: Cron ran at: 22-07-2026 08:26:35 AM [] []
[2026-07-22 08:26:59] SlimMonoLogger.INFO: Cron ran at: 22-07-2026 08:26:59 AM [] []
[2026-07-22 08:27:03] SlimMonoLogger.INFO: Cron ran at: 22-07-2026 08:27:03 AM [] []
[2026-07-22 08:27:17] SlimMonoLogger.INFO: Cron ran at: 22-07-2026 08:27:17 AM [] []
[2026-07-22 08:27:25] SlimMonoLogger.INFO: Cron ran at: 22-07-2026 08:27:25 AM [] []
[2026-07-22 08:27:56] SlimMonoLogger.INFO: Cron ran at: 22-07-2026 08:27:56 AM [] []
[2026-07-22 08:28:03] SlimMonoLogger.INFO: Cron ran at: 22-07-2026 08:28:03 AM [] []
[2026-07-22 08:28:14] SlimMonoLogger.INFO: Cron ran at: 22-07-2026 08:28:14 AM [] []
[2026-07-22 08:28:14] SlimMonoLogger.INFO: Cron ran at: 22-07-2026 08:28:14 AM [] []
[2026-07-22 08:28:58] SlimMonoLogger.INFO: Cron ran at: 22-07-2026 08:28:58 AM [] []
[2026-07-22 08:29:03] SlimMonoLogger.INFO: Cron ran at: 22-07-2026 08:29:03 AM [] []
[2026-07-22 08:29:05] SlimMonoLogger.INFO: Cron ran at: 22-07-2026 08:29:05 AM [] []
[2026-07-22 08:29:10] SlimMonoLogger.INFO: Cron ran at: 22-07-2026 08:29:10 AM [] []
[2026-07-22 08:29:53] SlimMonoLogger.INFO: Cron ran at: 22-07-2026 08:29:53 AM [] []
[2026-07-22 08:30:00] SlimMonoLogger.INFO: Cron ran at: 22-07-2026 08:30:00 AM [] []
[2026-07-22 08:30:02] SlimMonoLogger.INFO: Cron ran at: 22-07-2026 08:30:02 AM [] []
[2026-07-22 08:30:11] SlimMonoLogger.INFO: Cron ran at: 22-07-2026 08:30:11 AM [] []
[2026-07-22 08:31:01] SlimMonoLogger.INFO: Cron ran at: 22-07-2026 08:31:01 AM [] []
[2026-07-22 08:31:06] SlimMonoLogger.INFO: Cron ran at: 22-07-2026 08:31:06 AM [] []
[2026-07-22 08:31:25] SlimMonoLogger.INFO: Cron ran at: 22-07-2026 08:31:25 AM [] []
[2026-07-22 08:31:46] SlimMonoLogger.ERROR: PDOException: SQLSTATE[HY000]: General error: 2006 Server has gone away in /home/latihtal/public_html/agregator1/src/framework/PDO/Statement/StatementContainer.php:518
Stack trace:
#0 /home/latihtal/public_html/agregator1/src/framework/PDO/Statement/StatementContainer.php(518): PDO->prepare()
#1 /home/latihtal/public_html/agregator1/src/framework/PDO/Statement/StatementContainer.php(428): Slim\PDO\Statement\StatementContainer->getStatement()
#2 /home/latihtal/public_html/agregator1/src/framework/PDO/Statement/SelectStatement.php(411): Slim\PDO\Statement\StatementContainer->execute()
#3 /home/latihtal/public_html/agregator1/src/models/Model.php(212): Slim\PDO\Statement\SelectStatement->execute()
#4 /home/latihtal/public_html/agregator1/src/controllers/Dashboard/DashboardFeedsController.php(546): spark\models\Model->countRows()
#5 /home/latihtal/public_html/agregator1/src/controllers/Site/SiteController.php(722): spark\controllers\Dashboard\DashboardFeedsController::importFeedPosts()
#6 [internal function]: spark\controllers\Site\SiteController->runTasks()
#7 /home/latihtal/public_html/agregator1/src/framework/Route.php(173): call_user_func_array()
#8 [internal function]: Slim\Route->Slim\{closure}()
#9 /home/latihtal/public_html/agregator1/src/framework/Route.php(468): call_user_func_array()
#10 /home/latihtal/public_html/agregator1/src/framework/Slim.php(1364): Slim\Route->dispatch()
#11 /home/latihtal/public_html/agregator1/src/framework/Middleware/Flash.php(85): Slim\Slim->call()
#12 /home/latihtal/public_html/agregator1/src/framework/Middleware/MethodOverride.php(92): Slim\Middleware\Flash->call()
#13 /home/latihtal/public_html/agregator1/src/middlewares/CsrfGuard/CsrfGuard.php(47): Slim\Middleware\MethodOverride->call()
#14 /home/latihtal/public_html/agregator1/src/framework/Middleware/PrettyExceptions.php(67): spark\middlewares\CsrfGuard\CsrfGuard->call()
#15 /home/latihtal/public_html/agregator1/src/framework/Slim.php(1308): Slim\Middleware\PrettyExceptions->call()
#16 /home/latihtal/public_html/agregator1/index.php(6): Slim\Slim->run()
#17 {main} [] []
[2026-07-22 08:31:46] SlimMonoLogger.ERROR: PDOException: SQLSTATE[HY000]: General error: 2006 Server has gone away in /home/latihtal/public_html/agregator1/src/framework/PDO/Statement/StatementContainer.php:518
Stack trace:
#0 /home/latihtal/public_html/agregator1/src/framework/PDO/Statement/StatementContainer.php(518): PDO->prepare()
#1 /home/latihtal/public_html/agregator1/src/framework/PDO/Statement/StatementContainer.php(428): Slim\PDO\Statement\StatementContainer->getStatement()
#2 /home/latihtal/public_html/agregator1/src/framework/PDO/Statement/SelectStatement.php(411): Slim\PDO\Statement\StatementContainer->execute()
#3 /home/latihtal/public_html/agregator1/src/models/Model.php(212): Slim\PDO\Statement\SelectStatement->execute()
#4 /home/latihtal/public_html/agregator1/src/controllers/Dashboard/DashboardFeedsController.php(546): spark\models\Model->countRows()
#5 /home/latihtal/public_html/agregator1/src/controllers/Site/SiteController.php(722): spark\controllers\Dashboard\DashboardFeedsController::importFeedPosts()
#6 [internal function]: spark\controllers\Site\SiteController->runTasks()
#7 /home/latihtal/public_html/agregator1/src/framework/Route.php(173): call_user_func_array()
#8 [internal function]: Slim\Route->Slim\{closure}()
#9 /home/latihtal/public_html/agregator1/src/framework/Route.php(468): call_user_func_array()
#10 /home/latihtal/public_html/agregator1/src/framework/Slim.php(1364): Slim\Route->dispatch()
#11 /home/latihtal/public_html/agregator1/src/framework/Middleware/Flash.php(85): Slim\Slim->call()
#12 /home/latihtal/public_html/agregator1/src/framework/Middleware/MethodOverride.php(92): Slim\Middleware\Flash->call()
#13 /home/latihtal/public_html/agregator1/src/middlewares/CsrfGuard/CsrfGuard.php(47): Slim\Middleware\MethodOverride->call()
#14 /home/latihtal/public_html/agregator1/src/framework/Middleware/PrettyExceptions.php(67): spark\middlewares\CsrfGuard\CsrfGuard->call()
#15 /home/latihtal/public_html/agregator1/src/framework/Slim.php(1308): Slim\Middleware\PrettyExceptions->call()
#16 /home/latihtal/public_html/agregator1/index.php(6): Slim\Slim->run()
#17 {main} [] []
[2026-07-22 08:31:46] SlimMonoLogger.ERROR: PDOException: SQLSTATE[HY000]: General error: 2006 Server has gone away in /home/latihtal/public_html/agregator1/src/framework/PDO/Statement/StatementContainer.php:518
Stack trace:
#0 /home/latihtal/public_html/agregator1/src/framework/PDO/Statement/StatementContainer.php(518): PDO->prepare()
#1 /home/latihtal/public_html/agregator1/src/framework/PDO/Statement/StatementContainer.php(428): Slim\PDO\Statement\StatementContainer->getStatement()
#2 /home/latihtal/public_html/agregator1/src/framework/PDO/Statement/SelectStatement.php(411): Slim\PDO\Statement\StatementContainer->execute()
#3 /home/latihtal/public_html/agregator1/src/models/Model.php(212): Slim\PDO\Statement\SelectStatement->execute()
#4 /home/latihtal/public_html/agregator1/src/controllers/Dashboard/DashboardFeedsController.php(546): spark\models\Model->countRows()
#5 /home/latihtal/public_html/agregator1/src/controllers/Site/SiteController.php(722): spark\controllers\Dashboard\DashboardFeedsController::importFeedPosts()
#6 [internal function]: spark\controllers\Site\SiteController->runTasks()
#7 /home/latihtal/public_html/agregator1/src/framework/Route.php(173): call_user_func_array()
#8 [internal function]: Slim\Route->Slim\{closure}()
#9 /home/latihtal/public_html/agregator1/src/framework/Route.php(468): call_user_func_array()
#10 /home/latihtal/public_html/agregator1/src/framework/Slim.php(1364): Slim\Route->dispatch()
#11 /home/latihtal/public_html/agregator1/src/framework/Middleware/Flash.php(85): Slim\Slim->call()
#12 /home/latihtal/public_html/agregator1/src/framework/Middleware/MethodOverride.php(92): Slim\Middleware\Flash->call()
#13 /home/latihtal/public_html/agregator1/src/middlewares/CsrfGuard/CsrfGuard.php(47): Slim\Middleware\MethodOverride->call()
#14 /home/latihtal/public_html/agregator1/src/framework/Middleware/PrettyExceptions.php(67): spark\middlewares\CsrfGuard\CsrfGuard->call()
#15 /home/latihtal/public_html/agregator1/src/framework/Slim.php(1308): Slim\Middleware\PrettyExceptions->call()
#16 /home/latihtal/public_html/agregator1/index.php(6): Slim\Slim->run()
#17 {main} [] []
[2026-07-22 08:31:48] SlimMonoLogger.ERROR: PDOException: SQLSTATE[HY000]: General error: 2006 Server has gone away in /home/latihtal/public_html/agregator1/src/framework/PDO/Statement/StatementContainer.php:518
Stack trace:
#0 /home/latihtal/public_html/agregator1/src/framework/PDO/Statement/StatementContainer.php(518): PDO->prepare()
#1 /home/latihtal/public_html/agregator1/src/framework/PDO/Statement/StatementContainer.php(428): Slim\PDO\Statement\StatementContainer->getStatement()
#2 /home/latihtal/public_html/agregator1/src/framework/PDO/Statement/SelectStatement.php(411): Slim\PDO\Statement\StatementContainer->execute()
#3 /home/latihtal/public_html/agregator1/src/models/Model.php(212): Slim\PDO\Statement\SelectStatement->execute()
#4 /home/latihtal/public_html/agregator1/src/controllers/Dashboard/DashboardFeedsController.php(546): spark\models\Model->countRows()
#5 /home/latihtal/public_html/agregator1/src/controllers/Site/SiteController.php(722): spark\controllers\Dashboard\DashboardFeedsController::importFeedPosts()
#6 [internal function]: spark\controllers\Site\SiteController->runTasks()
#7 /home/latihtal/public_html/agregator1/src/framework/Route.php(173): call_user_func_array()
#8 [internal function]: Slim\Route->Slim\{closure}()
#9 /home/latihtal/public_html/agregator1/src/framework/Route.php(468): call_user_func_array()
#10 /home/latihtal/public_html/agregator1/src/framework/Slim.php(1364): Slim\Route->dispatch()
#11 /home/latihtal/public_html/agregator1/src/framework/Middleware/Flash.php(85): Slim\Slim->call()
#12 /home/latihtal/public_html/agregator1/src/framework/Middleware/MethodOverride.php(92): Slim\Middleware\Flash->call()
#13 /home/latihtal/public_html/agregator1/src/middlewares/CsrfGuard/CsrfGuard.php(47): Slim\Middleware\MethodOverride->call()
#14 /home/latihtal/public_html/agregator1/src/framework/Middleware/PrettyExceptions.php(67): spark\middlewares\CsrfGuard\CsrfGuard->call()
#15 /home/latihtal/public_html/agregator1/src/framework/Slim.php(1308): Slim\Middleware\PrettyExceptions->call()
#16 /home/latihtal/public_html/agregator1/index.php(6): Slim\Slim->run()
#17 {main} [] []
[2026-07-22 08:31:48] SlimMonoLogger.ERROR: PDOException: SQLSTATE[HY000]: General error: 2006 Server has gone away in /home/latihtal/public_html/agregator1/src/framework/PDO/Statement/StatementContainer.php:518
Stack trace:
#0 /home/latihtal/public_html/agregator1/src/framework/PDO/Statement/StatementContainer.php(518): PDO->prepare()
#1 /home/latihtal/public_html/agregator1/src/framework/PDO/Statement/StatementContainer.php(428): Slim\PDO\Statement\StatementContainer->getStatement()
#2 /home/latihtal/public_html/agregator1/src/framework/PDO/Statement/SelectStatement.php(411): Slim\PDO\Statement\StatementContainer->execute()
#3 /home/latihtal/public_html/agregator1/src/models/Model.php(212): Slim\PDO\Statement\SelectStatement->execute()
#4 /home/latihtal/public_html/agregator1/src/controllers/Dashboard/DashboardFeedsController.php(546): spark\models\Model->countRows()
#5 /home/latihtal/public_html/agregator1/src/controllers/Site/SiteController.php(722): spark\controllers\Dashboard\DashboardFeedsController::importFeedPosts()
#6 [internal function]: spark\controllers\Site\SiteController->runTasks()
#7 /home/latihtal/public_html/agregator1/src/framework/Route.php(173): call_user_func_array()
#8 [internal function]: Slim\Route->Slim\{closure}()
#9 /home/latihtal/public_html/agregator1/src/framework/Route.php(468): call_user_func_array()
#10 /home/latihtal/public_html/agregator1/src/framework/Slim.php(1364): Slim\Route->dispatch()
#11 /home/latihtal/public_html/agregator1/src/framework/Middleware/Flash.php(85): Slim\Slim->call()
#12 /home/latihtal/public_html/agregator1/src/framework/Middleware/MethodOverride.php(92): Slim\Middleware\Flash->call()
#13 /home/latihtal/public_html/agregator1/src/middlewares/CsrfGuard/CsrfGuard.php(47): Slim\Middleware\MethodOverride->call()
#14 /home/latihtal/public_html/agregator1/src/framework/Middleware/PrettyExceptions.php(67): spark\middlewares\CsrfGuard\CsrfGuard->call()
#15 /home/latihtal/public_html/agregator1/src/framework/Slim.php(1308): Slim\Middleware\PrettyExceptions->call()
#16 /home/latihtal/public_html/agregator1/index.php(6): Slim\Slim->run()
#17 {main} [] []
[2026-07-22 08:31:48] SlimMonoLogger.ERROR: PDOException: SQLSTATE[HY000]: General error: 2006 Server has gone away in /home/latihtal/public_html/agregator1/src/framework/PDO/Statement/StatementContainer.php:518
Stack trace:
#0 /home/latihtal/public_html/agregator1/src/framework/PDO/Statement/StatementContainer.php(518): PDO->prepare()
#1 /home/latihtal/public_html/agregator1/src/framework/PDO/Statement/StatementContainer.php(428): Slim\PDO\Statement\StatementContainer->getStatement()
#2 /home/latihtal/public_html/agregator1/src/framework/PDO/Statement/SelectStatement.php(411): Slim\PDO\Statement\StatementContainer->execute()
#3 /home/latihtal/public_html/agregator1/src/models/Model.php(212): Slim\PDO\Statement\SelectStatement->execute()
#4 /home/latihtal/public_html/agregator1/src/controllers/Dashboard/DashboardFeedsController.php(546): spark\models\Model->countRows()
#5 /home/latihtal/public_html/agregator1/src/controllers/Site/SiteController.php(722): spark\controllers\Dashboard\DashboardFeedsController::importFeedPosts()
#6 [internal function]: spark\controllers\Site\SiteController->runTasks()
#7 /home/latihtal/public_html/agregator1/src/framework/Route.php(173): call_user_func_array()
#8 [internal function]: Slim\Route->Slim\{closure}()
#9 /home/latihtal/public_html/agregator1/src/framework/Route.php(468): call_user_func_array()
#10 /home/latihtal/public_html/agregator1/src/framework/Slim.php(1364): Slim\Route->dispatch()
#11 /home/latihtal/public_html/agregator1/src/framework/Middleware/Flash.php(85): Slim\Slim->call()
#12 /home/latihtal/public_html/agregator1/src/framework/Middleware/MethodOverride.php(92): Slim\Middleware\Flash->call()
#13 /home/latihtal/public_html/agregator1/src/middlewares/CsrfGuard/CsrfGuard.php(47): Slim\Middleware\MethodOverride->call()
#14 /home/latihtal/public_html/agregator1/src/framework/Middleware/PrettyExceptions.php(67): spark\middlewares\CsrfGuard\CsrfGuard->call()
#15 /home/latihtal/public_html/agregator1/src/framework/Slim.php(1308): Slim\Middleware\PrettyExceptions->call()
#16 /home/latihtal/public_html/agregator1/index.php(6): Slim\Slim->run()
#17 {main} [] []
[2026-07-22 08:31:49] SlimMonoLogger.ERROR: PDOException: SQLSTATE[HY000]: General error: 2006 Server has gone away in /home/latihtal/public_html/agregator1/src/framework/PDO/Statement/StatementContainer.php:518
Stack trace:
#0 /home/latihtal/public_html/agregator1/src/framework/PDO/Statement/StatementContainer.php(518): PDO->prepare()
#1 /home/latihtal/public_html/agregator1/src/framework/PDO/Statement/StatementContainer.php(428): Slim\PDO\Statement\StatementContainer->getStatement()
#2 /home/latihtal/public_html/agregator1/src/framework/PDO/Statement/SelectStatement.php(411): Slim\PDO\Statement\StatementContainer->execute()
#3 /home/latihtal/public_html/agregator1/src/models/Model.php(212): Slim\PDO\Statement\SelectStatement->execute()
#4 /home/latihtal/public_html/agregator1/src/controllers/Dashboard/DashboardFeedsController.php(546): spark\models\Model->countRows()
#5 /home/latihtal/public_html/agregator1/src/controllers/Site/SiteController.php(722): spark\controllers\Dashboard\DashboardFeedsController::importFeedPosts()
#6 [internal function]: spark\controllers\Site\SiteController->runTasks()
#7 /home/latihtal/public_html/agregator1/src/framework/Route.php(173): call_user_func_array()
#8 [internal function]: Slim\Route->Slim\{closure}()
#9 /home/latihtal/public_html/agregator1/src/framework/Route.php(468): call_user_func_array()
#10 /home/latihtal/public_html/agregator1/src/framework/Slim.php(1364): Slim\Route->dispatch()
#11 /home/latihtal/public_html/agregator1/src/framework/Middleware/Flash.php(85): Slim\Slim->call()
#12 /home/latihtal/public_html/agregator1/src/framework/Middleware/MethodOverride.php(92): Slim\Middleware\Flash->call()
#13 /home/latihtal/public_html/agregator1/src/middlewares/CsrfGuard/CsrfGuard.php(47): Slim\Middleware\MethodOverride->call()
#14 /home/latihtal/public_html/agregator1/src/framework/Middleware/PrettyExceptions.php(67): spark\middlewares\CsrfGuard\CsrfGuard->call()
#15 /home/latihtal/public_html/agregator1/src/framework/Slim.php(1308): Slim\Middleware\PrettyExceptions->call()
#16 /home/latihtal/public_html/agregator1/index.php(6): Slim\Slim->run()
#17 {main} [] []
[2026-07-22 08:42:02] SlimMonoLogger.INFO: Cron ran at: 22-07-2026 08:42:02 AM [] []
[2026-07-22 08:42:51] SlimMonoLogger.INFO: Cron ran at: 22-07-2026 08:42:51 AM [] []
[2026-07-22 08:43:16] SlimMonoLogger.INFO: Cron ran at: 22-07-2026 08:43:16 AM [] []
[2026-07-22 08:44:11] SlimMonoLogger.INFO: Cron ran at: 22-07-2026 08:44:11 AM [] []
[2026-07-22 08:45:00] SlimMonoLogger.INFO: Cron ran at: 22-07-2026 08:45:00 AM [] []
[2026-07-22 08:46:13] SlimMonoLogger.INFO: Cron ran at: 22-07-2026 08:46:13 AM [] []
[2026-07-22 08:46:53] SlimMonoLogger.INFO: Cron ran at: 22-07-2026 08:46:53 AM [] []
[2026-07-22 08:47:08] SlimMonoLogger.INFO: Cron ran at: 22-07-2026 08:47:08 AM [] []
[2026-07-22 08:47:56] SlimMonoLogger.INFO: Cron ran at: 22-07-2026 08:47:56 AM [] []
[2026-07-22 08:47:57] SlimMonoLogger.INFO: Cron ran at: 22-07-2026 08:47:57 AM [] []
[2026-07-22 08:48:46] SlimMonoLogger.INFO: Cron ran at: 22-07-2026 08:48:46 AM [] []
[2026-07-22 08:48:46] SlimMonoLogger.INFO: Cron ran at: 22-07-2026 08:48:46 AM [] []
[2026-07-22 08:49:42] SlimMonoLogger.INFO: Cron ran at: 22-07-2026 08:49:42 AM [] []
[2026-07-22 08:49:43] SlimMonoLogger.INFO: Cron ran at: 22-07-2026 08:49:43 AM [] []
[2026-07-22 08:50:39] SlimMonoLogger.INFO: Cron ran at: 22-07-2026 08:50:39 AM [] []
[2026-07-22 08:50:44] SlimMonoLogger.INFO: Cron ran at: 22-07-2026 08:50:44 AM [] []
[2026-07-22 08:51:35] SlimMonoLogger.INFO: Cron ran at: 22-07-2026 08:51:35 AM [] []
[2026-07-22 08:51:43] SlimMonoLogger.INFO: Cron ran at: 22-07-2026 08:51:43 AM [] []
[2026-07-22 08:52:01] SlimMonoLogger.INFO: Cron ran at: 22-07-2026 08:52:01 AM [] []
[2026-07-22 08:52:42] SlimMonoLogger.INFO: Cron ran at: 22-07-2026 08:52:42 AM [] []
[2026-07-22 08:52:48] SlimMonoLogger.INFO: Cron ran at: 22-07-2026 08:52:48 AM [] []
[2026-07-22 08:52:53] SlimMonoLogger.INFO: Cron ran at: 22-07-2026 08:52:53 AM [] []
[2026-07-22 08:53:29] SlimMonoLogger.INFO: Cron ran at: 22-07-2026 08:53:29 AM [] []
[2026-07-22 08:53:45] SlimMonoLogger.INFO: Cron ran at: 22-07-2026 08:53:45 AM [] []
[2026-07-22 08:53:54] SlimMonoLogger.INFO: Cron ran at: 22-07-2026 08:53:54 AM [] []
[2026-07-22 08:54:28] SlimMonoLogger.INFO: Cron ran at: 22-07-2026 08:54:28 AM [] []
[2026-07-22 08:54:40] SlimMonoLogger.INFO: Cron ran at: 22-07-2026 08:54:40 AM [] []
[2026-07-22 08:54:53] SlimMonoLogger.INFO: Cron ran at: 22-07-2026 08:54:53 AM [] []
[2026-07-22 08:55:32] SlimMonoLogger.INFO: Cron ran at: 22-07-2026 08:55:32 AM [] []
[2026-07-22 08:55:37] SlimMonoLogger.INFO: Cron ran at: 22-07-2026 08:55:37 AM [] []
[2026-07-22 08:55:47] SlimMonoLogger.INFO: Cron ran at: 22-07-2026 08:55:47 AM [] []
[2026-07-22 08:57:26] SlimMonoLogger.INFO: Cron ran at: 22-07-2026 08:57:26 AM [] []
[2026-07-22 08:57:26] SlimMonoLogger.INFO: Cron ran at: 22-07-2026 08:57:26 AM [] []
[2026-07-22 08:57:26] SlimMonoLogger.INFO: Cron ran at: 22-07-2026 08:57:26 AM [] []
[2026-07-22 09:02:00] SlimMonoLogger.INFO: Cron ran at: 22-07-2026 09:02:00 AM [] []
[2026-07-22 09:02:47] SlimMonoLogger.INFO: Cron ran at: 22-07-2026 09:02:47 AM [] []
[2026-07-22 09:03:30] SlimMonoLogger.INFO: Cron ran at: 22-07-2026 09:03:30 AM [] []
[2026-07-22 09:04:19] SlimMonoLogger.INFO: Cron ran at: 22-07-2026 09:04:19 AM [] []
[2026-07-22 09:05:22] SlimMonoLogger.INFO: Cron ran at: 22-07-2026 09:05:22 AM [] []
[2026-07-22 09:06:15] SlimMonoLogger.INFO: Cron ran at: 22-07-2026 09:06:15 AM [] []
[2026-07-22 09:07:02] SlimMonoLogger.INFO: Cron ran at: 22-07-2026 09:07:02 AM [] []
[2026-07-22 09:07:02] SlimMonoLogger.INFO: Cron ran at: 22-07-2026 09:07:02 AM [] []
[2026-07-22 09:07:44] SlimMonoLogger.INFO: Cron ran at: 22-07-2026 09:07:44 AM [] []
[2026-07-22 09:07:56] SlimMonoLogger.INFO: Cron ran at: 22-07-2026 09:07:56 AM [] []
[2026-07-22 09:08:45] SlimMonoLogger.INFO: Cron ran at: 22-07-2026 09:08:45 AM [] []
[2026-07-22 09:08:58] SlimMonoLogger.INFO: Cron ran at: 22-07-2026 09:08:58 AM [] []
[2026-07-22 09:09:31] SlimMonoLogger.INFO: Cron ran at: 22-07-2026 09:09:31 AM [] []
[2026-07-22 09:09:50] SlimMonoLogger.INFO: Cron ran at: 22-07-2026 09:09:50 AM [] []
[2026-07-22 09:10:30] SlimMonoLogger.INFO: Cron ran at: 22-07-2026 09:10:30 AM [] []
[2026-07-22 09:10:52] SlimMonoLogger.INFO: Cron ran at: 22-07-2026 09:10:52 AM [] []
[2026-07-22 09:11:26] SlimMonoLogger.INFO: Cron ran at: 22-07-2026 09:11:26 AM [] []
[2026-07-22 09:11:34] SlimMonoLogger.INFO: Cron ran at: 22-07-2026 09:11:34 AM [] []
[2026-07-22 09:11:58] SlimMonoLogger.INFO: Cron ran at: 22-07-2026 09:11:58 AM [] []
[2026-07-22 09:12:08] SlimMonoLogger.INFO: Cron ran at: 22-07-2026 09:12:08 AM [] []
[2026-07-22 09:12:42] SlimMonoLogger.INFO: Cron ran at: 22-07-2026 09:12:42 AM [] []
[2026-07-22 09:12:54] SlimMonoLogger.INFO: Cron ran at: 22-07-2026 09:12:54 AM [] []
[2026-07-22 09:13:10] SlimMonoLogger.INFO: Cron ran at: 22-07-2026 09:13:10 AM [] []
[2026-07-22 09:13:11] SlimMonoLogger.INFO: Cron ran at: 22-07-2026 09:13:11 AM [] []
[2026-07-22 09:13:54] SlimMonoLogger.INFO: Cron ran at: 22-07-2026 09:13:54 AM [] []
[2026-07-22 09:14:05] SlimMonoLogger.INFO: Cron ran at: 22-07-2026 09:14:05 AM [] []
[2026-07-22 09:14:06] SlimMonoLogger.INFO: Cron ran at: 22-07-2026 09:14:06 AM [] []
[2026-07-22 09:14:50] SlimMonoLogger.INFO: Cron ran at: 22-07-2026 09:14:50 AM [] []
[2026-07-22 09:14:51] SlimMonoLogger.INFO: Cron ran at: 22-07-2026 09:14:51 AM [] []
[2026-07-22 09:15:02] SlimMonoLogger.INFO: Cron ran at: 22-07-2026 09:15:02 AM [] []
[2026-07-22 09:15:48] SlimMonoLogger.INFO: Cron ran at: 22-07-2026 09:15:48 AM [] []
[2026-07-22 09:15:49] SlimMonoLogger.INFO: Cron ran at: 22-07-2026 09:15:49 AM [] []
[2026-07-22 09:16:04] SlimMonoLogger.INFO: Cron ran at: 22-07-2026 09:16:04 AM [] []
[2026-07-22 09:16:47] SlimMonoLogger.INFO: Cron ran at: 22-07-2026 09:16:47 AM [] []
[2026-07-22 09:16:48] SlimMonoLogger.INFO: Cron ran at: 22-07-2026 09:16:48 AM [] []
[2026-07-22 09:16:55] SlimMonoLogger.INFO: Cron ran at: 22-07-2026 09:16:55 AM [] []
[2026-07-22 09:17:10] SlimMonoLogger.INFO: Cron ran at: 22-07-2026 09:17:10 AM [] []
[2026-07-22 09:17:39] SlimMonoLogger.INFO: Cron ran at: 22-07-2026 09:17:39 AM [] []
[2026-07-22 09:17:40] SlimMonoLogger.INFO: Cron ran at: 22-07-2026 09:17:40 AM [] []
[2026-07-22 09:17:51] SlimMonoLogger.INFO: Cron ran at: 22-07-2026 09:17:51 AM [] []
[2026-07-22 09:18:06] SlimMonoLogger.INFO: Cron ran at: 22-07-2026 09:18:06 AM [] []
[2026-07-22 09:18:33] SlimMonoLogger.INFO: Cron ran at: 22-07-2026 09:18:33 AM [] []
[2026-07-22 09:18:43] SlimMonoLogger.INFO: Cron ran at: 22-07-2026 09:18:43 AM [] []
[2026-07-22 09:18:56] SlimMonoLogger.INFO: Cron ran at: 22-07-2026 09:18:56 AM [] []
[2026-07-22 09:19:08] SlimMonoLogger.INFO: Cron ran at: 22-07-2026 09:19:08 AM [] []
[2026-07-22 09:19:23] SlimMonoLogger.INFO: Cron ran at: 22-07-2026 09:19:23 AM [] []
[2026-07-22 09:19:43] SlimMonoLogger.INFO: Cron ran at: 22-07-2026 09:19:43 AM [] []
[2026-07-22 09:19:53] SlimMonoLogger.INFO: Cron ran at: 22-07-2026 09:19:53 AM [] []
[2026-07-22 09:20:08] SlimMonoLogger.INFO: Cron ran at: 22-07-2026 09:20:08 AM [] []
[2026-07-22 09:20:14] SlimMonoLogger.INFO: Cron ran at: 22-07-2026 09:20:14 AM [] []
[2026-07-22 09:20:43] SlimMonoLogger.INFO: Cron ran at: 22-07-2026 09:20:43 AM [] []
[2026-07-22 09:21:14] SlimMonoLogger.INFO: Cron ran at: 22-07-2026 09:21:14 AM [] []
[2026-07-22 09:21:17] SlimMonoLogger.INFO: Cron ran at: 22-07-2026 09:21:17 AM [] []
[2026-07-22 09:21:49] SlimMonoLogger.INFO: Cron ran at: 22-07-2026 09:21:49 AM [] []
[2026-07-22 09:22:01] SlimMonoLogger.INFO: Cron ran at: 22-07-2026 09:22:01 AM [] []
[2026-07-22 09:22:03] SlimMonoLogger.INFO: Cron ran at: 22-07-2026 09:22:03 AM [] []
[2026-07-22 09:22:03] SlimMonoLogger.INFO: Cron ran at: 22-07-2026 09:22:03 AM [] []
[2026-07-22 09:22:36] SlimMonoLogger.INFO: Cron ran at: 22-07-2026 09:22:36 AM [] []
[2026-07-22 09:22:45] SlimMonoLogger.INFO: Cron ran at: 22-07-2026 09:22:45 AM [] []
[2026-07-22 09:23:04] SlimMonoLogger.INFO: Cron ran at: 22-07-2026 09:23:04 AM [] []
[2026-07-22 09:23:07] SlimMonoLogger.INFO: Cron ran at: 22-07-2026 09:23:07 AM [] []
[2026-07-22 09:23:44] SlimMonoLogger.INFO: Cron ran at: 22-07-2026 09:23:44 AM [] []
[2026-07-22 09:23:45] SlimMonoLogger.INFO: Cron ran at: 22-07-2026 09:23:45 AM [] []
[2026-07-22 09:23:58] SlimMonoLogger.INFO: Cron ran at: 22-07-2026 09:23:58 AM [] []
[2026-07-22 09:24:01] SlimMonoLogger.INFO: Cron ran at: 22-07-2026 09:24:01 AM [] []
[2026-07-22 09:24:28] SlimMonoLogger.INFO: Cron ran at: 22-07-2026 09:24:28 AM [] []
[2026-07-22 09:24:37] SlimMonoLogger.INFO: Cron ran at: 22-07-2026 09:24:37 AM [] []
[2026-07-22 09:25:01] SlimMonoLogger.INFO: Cron ran at: 22-07-2026 09:25:01 AM [] []
[2026-07-22 09:25:05] SlimMonoLogger.INFO: Cron ran at: 22-07-2026 09:25:05 AM [] []
[2026-07-22 09:25:22] SlimMonoLogger.INFO: Cron ran at: 22-07-2026 09:25:22 AM [] []
[2026-07-22 09:25:40] SlimMonoLogger.INFO: Cron ran at: 22-07-2026 09:25:40 AM [] []
[2026-07-22 09:26:03] SlimMonoLogger.INFO: Cron ran at: 22-07-2026 09:26:03 AM [] []
[2026-07-22 09:26:38] SlimMonoLogger.INFO: Cron ran at: 22-07-2026 09:26:38 AM [] []
[2026-07-22 09:26:38] SlimMonoLogger.INFO: Cron ran at: 22-07-2026 09:26:38 AM [] []
[2026-07-22 09:26:51] SlimMonoLogger.INFO: Cron ran at: 22-07-2026 09:26:51 AM [] []
[2026-07-22 09:27:00] SlimMonoLogger.INFO: Cron ran at: 22-07-2026 09:27:00 AM [] []
[2026-07-22 09:27:16] SlimMonoLogger.INFO: Cron ran at: 22-07-2026 09:27:16 AM [] []
[2026-07-22 09:27:39] SlimMonoLogger.INFO: Cron ran at: 22-07-2026 09:27:39 AM [] []
[2026-07-22 09:27:41] SlimMonoLogger.INFO: Cron ran at: 22-07-2026 09:27:41 AM [] []
[2026-07-22 09:28:08] SlimMonoLogger.INFO: Cron ran at: 22-07-2026 09:28:08 AM [] []
[2026-07-22 09:28:13] SlimMonoLogger.INFO: Cron ran at: 22-07-2026 09:28:13 AM [] []
[2026-07-22 09:28:27] SlimMonoLogger.INFO: Cron ran at: 22-07-2026 09:28:27 AM [] []
[2026-07-22 09:28:39] SlimMonoLogger.INFO: Cron ran at: 22-07-2026 09:28:39 AM [] []
[2026-07-22 09:29:02] SlimMonoLogger.INFO: Cron ran at: 22-07-2026 09:29:02 AM [] []
[2026-07-22 09:29:13] SlimMonoLogger.INFO: Cron ran at: 22-07-2026 09:29:13 AM [] []
[2026-07-22 09:29:26] SlimMonoLogger.INFO: Cron ran at: 22-07-2026 09:29:26 AM [] []
[2026-07-22 09:29:38] SlimMonoLogger.INFO: Cron ran at: 22-07-2026 09:29:38 AM [] []
[2026-07-22 09:29:57] SlimMonoLogger.INFO: Cron ran at: 22-07-2026 09:29:57 AM [] []
[2026-07-22 09:30:09] SlimMonoLogger.INFO: Cron ran at: 22-07-2026 09:30:09 AM [] []
[2026-07-22 09:30:12] SlimMonoLogger.INFO: Cron ran at: 22-07-2026 09:30:12 AM [] []
[2026-07-22 09:30:56] SlimMonoLogger.INFO: Cron ran at: 22-07-2026 09:30:56 AM [] []
[2026-07-22 09:31:11] SlimMonoLogger.INFO: Cron ran at: 22-07-2026 09:31:11 AM [] []
[2026-07-22 09:31:11] SlimMonoLogger.INFO: Cron ran at: 22-07-2026 09:31:11 AM [] []
[2026-07-22 09:31:40] SlimMonoLogger.INFO: Cron ran at: 22-07-2026 09:31:40 AM [] []
[2026-07-22 09:31:53] SlimMonoLogger.INFO: Cron ran at: 22-07-2026 09:31:53 AM [] []
[2026-07-22 09:31:59] SlimMonoLogger.INFO: Cron ran at: 22-07-2026 09:31:59 AM [] []
[2026-07-22 09:32:02] SlimMonoLogger.INFO: Cron ran at: 22-07-2026 09:32:02 AM [] []
[2026-07-22 09:32:17] SlimMonoLogger.INFO: Cron ran at: 22-07-2026 09:32:17 AM [] []
[2026-07-22 09:32:58] SlimMonoLogger.INFO: Cron ran at: 22-07-2026 09:32:58 AM [] []
[2026-07-22 09:32:59] SlimMonoLogger.INFO: Cron ran at: 22-07-2026 09:32:59 AM [] []
[2026-07-22 09:33:07] SlimMonoLogger.INFO: Cron ran at: 22-07-2026 09:33:07 AM [] []
[2026-07-22 09:33:07] SlimMonoLogger.INFO: Cron ran at: 22-07-2026 09:33:07 AM [] []
[2026-07-22 09:33:35] SlimMonoLogger.INFO: Cron ran at: 22-07-2026 09:33:35 AM [] []
[2026-07-22 09:33:58] SlimMonoLogger.INFO: Cron ran at: 22-07-2026 09:33:58 AM [] []
[2026-07-22 09:34:00] SlimMonoLogger.INFO: Cron ran at: 22-07-2026 09:34:00 AM [] []
[2026-07-22 09:34:13] SlimMonoLogger.INFO: Cron ran at: 22-07-2026 09:34:13 AM [] []
[2026-07-22 09:34:33] SlimMonoLogger.INFO: Cron ran at: 22-07-2026 09:34:33 AM [] []
[2026-07-22 09:34:52] SlimMonoLogger.INFO: Cron ran at: 22-07-2026 09:34:52 AM [] []
[2026-07-22 09:34:52] SlimMonoLogger.INFO: Cron ran at: 22-07-2026 09:34:52 AM [] []
[2026-07-22 09:34:54] SlimMonoLogger.INFO: Cron ran at: 22-07-2026 09:34:54 AM [] []
[2026-07-22 09:35:35] SlimMonoLogger.INFO: Cron ran at: 22-07-2026 09:35:35 AM [] []
[2026-07-22 09:35:53] SlimMonoLogger.INFO: Cron ran at: 22-07-2026 09:35:53 AM [] []
[2026-07-22 09:35:53] SlimMonoLogger.INFO: Cron ran at: 22-07-2026 09:35:53 AM [] []
[2026-07-22 09:36:49] SlimMonoLogger.INFO: Cron ran at: 22-07-2026 09:36:49 AM [] []
[2026-07-22 09:36:50] SlimMonoLogger.INFO: Cron ran at: 22-07-2026 09:36:50 AM [] []
[2026-07-22 09:36:57] SlimMonoLogger.INFO: Cron ran at: 22-07-2026 09:36:57 AM [] []
[2026-07-22 09:36:58] SlimMonoLogger.INFO: Cron ran at: 22-07-2026 09:36:58 AM [] []
[2026-07-22 09:37:34] SlimMonoLogger.INFO: Cron ran at: 22-07-2026 09:37:34 AM [] []
[2026-07-22 09:38:55] SlimMonoLogger.INFO: Cron ran at: 22-07-2026 09:38:55 AM [] []
[2026-07-22 09:38:56] SlimMonoLogger.INFO: Cron ran at: 22-07-2026 09:38:56 AM [] []
[2026-07-22 09:39:03] SlimMonoLogger.INFO: Cron ran at: 22-07-2026 09:39:03 AM [] []
[2026-07-22 09:42:30] SlimMonoLogger.INFO: Cron ran at: 22-07-2026 09:42:30 AM [] []
[2026-07-22 09:43:07] SlimMonoLogger.INFO: Cron ran at: 22-07-2026 09:43:07 AM [] []
[2026-07-22 09:43:56] SlimMonoLogger.INFO: Cron ran at: 22-07-2026 09:43:56 AM [] []
[2026-07-22 09:44:46] SlimMonoLogger.INFO: Cron ran at: 22-07-2026 09:44:46 AM [] []
[2026-07-22 09:45:40] SlimMonoLogger.INFO: Cron ran at: 22-07-2026 09:45:40 AM [] []
[2026-07-22 09:46:34] SlimMonoLogger.INFO: Cron ran at: 22-07-2026 09:46:34 AM [] []
[2026-07-22 09:46:37] SlimMonoLogger.INFO: Cron ran at: 22-07-2026 09:46:37 AM [] []
[2026-07-22 09:47:26] SlimMonoLogger.INFO: Cron ran at: 22-07-2026 09:47:26 AM [] []
[2026-07-22 09:47:28] SlimMonoLogger.INFO: Cron ran at: 22-07-2026 09:47:28 AM [] []
[2026-07-22 09:48:21] SlimMonoLogger.INFO: Cron ran at: 22-07-2026 09:48:21 AM [] []
[2026-07-22 09:48:22] SlimMonoLogger.INFO: Cron ran at: 22-07-2026 09:48:22 AM [] []
[2026-07-22 09:49:15] SlimMonoLogger.INFO: Cron ran at: 22-07-2026 09:49:15 AM [] []
[2026-07-22 09:49:27] SlimMonoLogger.INFO: Cron ran at: 22-07-2026 09:49:27 AM [] []
[2026-07-22 09:50:07] SlimMonoLogger.INFO: Cron ran at: 22-07-2026 09:50:07 AM [] []
[2026-07-22 09:50:26] SlimMonoLogger.INFO: Cron ran at: 22-07-2026 09:50:26 AM [] []
[2026-07-22 09:51:14] SlimMonoLogger.INFO: Cron ran at: 22-07-2026 09:51:14 AM [] []
[2026-07-22 09:51:28] SlimMonoLogger.INFO: Cron ran at: 22-07-2026 09:51:28 AM [] []
[2026-07-22 09:51:29] SlimMonoLogger.INFO: Cron ran at: 22-07-2026 09:51:29 AM [] []
[2026-07-22 09:51:56] SlimMonoLogger.INFO: Cron ran at: 22-07-2026 09:51:56 AM [] []
[2026-07-22 09:52:18] SlimMonoLogger.INFO: Cron ran at: 22-07-2026 09:52:18 AM [] []
[2026-07-22 09:52:19] SlimMonoLogger.INFO: Cron ran at: 22-07-2026 09:52:19 AM [] []
[2026-07-22 09:52:58] SlimMonoLogger.INFO: Cron ran at: 22-07-2026 09:52:58 AM [] []
[2026-07-22 09:53:12] SlimMonoLogger.INFO: Cron ran at: 22-07-2026 09:53:12 AM [] []
[2026-07-22 09:53:26] SlimMonoLogger.INFO: Cron ran at: 22-07-2026 09:53:26 AM [] []
[2026-07-22 09:53:53] SlimMonoLogger.INFO: Cron ran at: 22-07-2026 09:53:53 AM [] []
[2026-07-22 09:54:04] SlimMonoLogger.INFO: Cron ran at: 22-07-2026 09:54:04 AM [] []
[2026-07-22 09:54:20] SlimMonoLogger.INFO: Cron ran at: 22-07-2026 09:54:20 AM [] []
[2026-07-22 09:54:50] SlimMonoLogger.INFO: Cron ran at: 22-07-2026 09:54:50 AM [] []
[2026-07-22 09:54:58] SlimMonoLogger.INFO: Cron ran at: 22-07-2026 09:54:58 AM [] []
[2026-07-22 09:55:22] SlimMonoLogger.INFO: Cron ran at: 22-07-2026 09:55:22 AM [] []
[2026-07-22 09:55:48] SlimMonoLogger.INFO: Cron ran at: 22-07-2026 09:55:48 AM [] []
[2026-07-22 09:55:50] SlimMonoLogger.INFO: Cron ran at: 22-07-2026 09:55:50 AM [] []
[2026-07-22 09:57:38] SlimMonoLogger.INFO: Cron ran at: 22-07-2026 09:57:38 AM [] []
[2026-07-22 09:57:39] SlimMonoLogger.INFO: Cron ran at: 22-07-2026 09:57:39 AM [] []
[2026-07-22 09:57:40] SlimMonoLogger.INFO: Cron ran at: 22-07-2026 09:57:40 AM [] []
[2026-07-22 10:01:46] SlimMonoLogger.INFO: Cron ran at: 22-07-2026 10:01:46 AM [] []
[2026-07-22 10:02:20] SlimMonoLogger.INFO: Cron ran at: 22-07-2026 10:02:20 AM [] []
[2026-07-22 10:03:07] SlimMonoLogger.INFO: Cron ran at: 22-07-2026 10:03:07 AM [] []
[2026-07-22 10:03:57] SlimMonoLogger.INFO: Cron ran at: 22-07-2026 10:03:57 AM [] []
[2026-07-22 10:05:04] SlimMonoLogger.INFO: Cron ran at: 22-07-2026 10:05:04 AM [] []
[2026-07-22 10:05:48] SlimMonoLogger.INFO: Cron ran at: 22-07-2026 10:05:48 AM [] []
[2026-07-22 10:06:53] SlimMonoLogger.INFO: Cron ran at: 22-07-2026 10:06:53 AM [] []
[2026-07-22 10:07:04] SlimMonoLogger.INFO: Cron ran at: 22-07-2026 10:07:04 AM [] []
[2026-07-22 10:07:40] SlimMonoLogger.INFO: Cron ran at: 22-07-2026 10:07:40 AM [] []
[2026-07-22 10:07:49] SlimMonoLogger.INFO: Cron ran at: 22-07-2026 10:07:49 AM [] []
[2026-07-22 10:08:50] SlimMonoLogger.INFO: Cron ran at: 22-07-2026 10:08:50 AM [] []
[2026-07-22 10:08:50] SlimMonoLogger.INFO: Cron ran at: 22-07-2026 10:08:50 AM [] []
[2026-07-22 10:09:37] SlimMonoLogger.INFO: Cron ran at: 22-07-2026 10:09:37 AM [] []
[2026-07-22 10:09:37] SlimMonoLogger.INFO: Cron ran at: 22-07-2026 10:09:37 AM [] []
[2026-07-22 10:10:37] SlimMonoLogger.INFO: Cron ran at: 22-07-2026 10:10:37 AM [] []
[2026-07-22 10:10:39] SlimMonoLogger.INFO: Cron ran at: 22-07-2026 10:10:39 AM [] []
[2026-07-22 10:11:25] SlimMonoLogger.INFO: Cron ran at: 22-07-2026 10:11:25 AM [] []
[2026-07-22 10:11:27] SlimMonoLogger.INFO: Cron ran at: 22-07-2026 10:11:27 AM [] []
[2026-07-22 10:11:38] SlimMonoLogger.INFO: Cron ran at: 22-07-2026 10:11:38 AM [] []
[2026-07-22 10:12:15] SlimMonoLogger.INFO: Cron ran at: 22-07-2026 10:12:15 AM [] []
[2026-07-22 10:12:22] SlimMonoLogger.INFO: Cron ran at: 22-07-2026 10:12:22 AM [] []
[2026-07-22 10:12:38] SlimMonoLogger.INFO: Cron ran at: 22-07-2026 10:12:38 AM [] []
[2026-07-22 10:13:06] SlimMonoLogger.INFO: Cron ran at: 22-07-2026 10:13:06 AM [] []
[2026-07-22 10:13:17] SlimMonoLogger.INFO: Cron ran at: 22-07-2026 10:13:17 AM [] []
[2026-07-22 10:13:42] SlimMonoLogger.INFO: Cron ran at: 22-07-2026 10:13:42 AM [] []
[2026-07-22 10:13:58] SlimMonoLogger.INFO: Cron ran at: 22-07-2026 10:13:58 AM [] []
[2026-07-22 10:14:21] SlimMonoLogger.INFO: Cron ran at: 22-07-2026 10:14:21 AM [] []
[2026-07-22 10:14:34] SlimMonoLogger.INFO: Cron ran at: 22-07-2026 10:14:34 AM [] []
[2026-07-22 10:14:47] SlimMonoLogger.INFO: Cron ran at: 22-07-2026 10:14:47 AM [] []
[2026-07-22 10:15:15] SlimMonoLogger.INFO: Cron ran at: 22-07-2026 10:15:15 AM [] []
[2026-07-22 10:15:36] SlimMonoLogger.INFO: Cron ran at: 22-07-2026 10:15:36 AM [] []
[2026-07-22 10:15:51] SlimMonoLogger.INFO: Cron ran at: 22-07-2026 10:15:51 AM [] []
[2026-07-22 10:16:20] SlimMonoLogger.INFO: Cron ran at: 22-07-2026 10:16:20 AM [] []
[2026-07-22 10:16:37] SlimMonoLogger.INFO: Cron ran at: 22-07-2026 10:16:37 AM [] []
[2026-07-22 10:16:38] SlimMonoLogger.INFO: Cron ran at: 22-07-2026 10:16:38 AM [] []
[2026-07-22 10:16:39] SlimMonoLogger.INFO: Cron ran at: 22-07-2026 10:16:39 AM [] []
[2026-07-22 10:17:19] SlimMonoLogger.INFO: Cron ran at: 22-07-2026 10:17:19 AM [] []
[2026-07-22 10:17:40] SlimMonoLogger.INFO: Cron ran at: 22-07-2026 10:17:40 AM [] []
[2026-07-22 10:17:40] SlimMonoLogger.INFO: Cron ran at: 22-07-2026 10:17:40 AM [] []
[2026-07-22 10:17:41] SlimMonoLogger.INFO: Cron ran at: 22-07-2026 10:17:41 AM [] []
[2026-07-22 10:18:13] SlimMonoLogger.INFO: Cron ran at: 22-07-2026 10:18:13 AM [] []
[2026-07-22 10:18:24] SlimMonoLogger.INFO: Cron ran at: 22-07-2026 10:18:24 AM [] []
[2026-07-22 10:18:34] SlimMonoLogger.INFO: Cron ran at: 22-07-2026 10:18:34 AM [] []
[2026-07-22 10:18:36] SlimMonoLogger.INFO: Cron ran at: 22-07-2026 10:18:36 AM [] []
[2026-07-22 10:18:37] SlimMonoLogger.INFO: Cron ran at: 22-07-2026 10:18:37 AM [] []
[2026-07-22 10:19:21] SlimMonoLogger.INFO: Cron ran at: 22-07-2026 10:19:21 AM [] []
[2026-07-22 10:19:35] SlimMonoLogger.INFO: Cron ran at: 22-07-2026 10:19:35 AM [] []
[2026-07-22 10:19:36] SlimMonoLogger.INFO: Cron ran at: 22-07-2026 10:19:36 AM [] []
[2026-07-22 10:19:36] SlimMonoLogger.INFO: Cron ran at: 22-07-2026 10:19:36 AM [] []
[2026-07-22 10:20:19] SlimMonoLogger.INFO: Cron ran at: 22-07-2026 10:20:19 AM [] []
[2026-07-22 10:20:29] SlimMonoLogger.INFO: Cron ran at: 22-07-2026 10:20:29 AM [] []
[2026-07-22 10:20:44] SlimMonoLogger.INFO: Cron ran at: 22-07-2026 10:20:44 AM [] []
[2026-07-22 10:21:23] SlimMonoLogger.INFO: Cron ran at: 22-07-2026 10:21:23 AM [] []
[2026-07-22 10:21:25] SlimMonoLogger.INFO: Cron ran at: 22-07-2026 10:21:25 AM [] []
[2026-07-22 10:21:37] SlimMonoLogger.INFO: Cron ran at: 22-07-2026 10:21:37 AM [] []
[2026-07-22 10:22:13] SlimMonoLogger.INFO: Cron ran at: 22-07-2026 10:22:13 AM [] []
[2026-07-22 10:22:20] SlimMonoLogger.INFO: Cron ran at: 22-07-2026 10:22:20 AM [] []
[2026-07-22 10:22:24] SlimMonoLogger.INFO: Cron ran at: 22-07-2026 10:22:24 AM [] []
[2026-07-22 10:22:41] SlimMonoLogger.INFO: Cron ran at: 22-07-2026 10:22:41 AM [] []
[2026-07-22 10:23:08] SlimMonoLogger.INFO: Cron ran at: 22-07-2026 10:23:08 AM [] []
[2026-07-22 10:23:21] SlimMonoLogger.INFO: Cron ran at: 22-07-2026 10:23:21 AM [] []
[2026-07-22 10:23:21] SlimMonoLogger.INFO: Cron ran at: 22-07-2026 10:23:21 AM [] []
[2026-07-22 10:23:38] SlimMonoLogger.INFO: Cron ran at: 22-07-2026 10:23:38 AM [] []
[2026-07-22 10:23:55] SlimMonoLogger.INFO: Cron ran at: 22-07-2026 10:23:55 AM [] []
[2026-07-22 10:24:18] SlimMonoLogger.INFO: Cron ran at: 22-07-2026 10:24:18 AM [] []
[2026-07-22 10:24:19] SlimMonoLogger.INFO: Cron ran at: 22-07-2026 10:24:19 AM [] []
[2026-07-22 10:24:41] SlimMonoLogger.INFO: Cron ran at: 22-07-2026 10:24:41 AM [] []
[2026-07-22 10:24:49] SlimMonoLogger.INFO: Cron ran at: 22-07-2026 10:24:49 AM [] []
[2026-07-22 10:25:23] SlimMonoLogger.INFO: Cron ran at: 22-07-2026 10:25:23 AM [] []
[2026-07-22 10:25:24] SlimMonoLogger.INFO: Cron ran at: 22-07-2026 10:25:24 AM [] []
[2026-07-22 10:25:41] SlimMonoLogger.INFO: Cron ran at: 22-07-2026 10:25:41 AM [] []
[2026-07-22 10:25:41] SlimMonoLogger.INFO: Cron ran at: 22-07-2026 10:25:41 AM [] []
[2026-07-22 10:26:22] SlimMonoLogger.INFO: Cron ran at: 22-07-2026 10:26:22 AM [] []
[2026-07-22 10:26:25] SlimMonoLogger.INFO: Cron ran at: 22-07-2026 10:26:25 AM [] []
[2026-07-22 10:26:35] SlimMonoLogger.INFO: Cron ran at: 22-07-2026 10:26:35 AM [] []
[2026-07-22 10:26:36] SlimMonoLogger.INFO: Cron ran at: 22-07-2026 10:26:36 AM [] []
[2026-07-22 10:27:12] SlimMonoLogger.INFO: Cron ran at: 22-07-2026 10:27:12 AM [] []
[2026-07-22 10:27:20] SlimMonoLogger.INFO: Cron ran at: 22-07-2026 10:27:20 AM [] []
[2026-07-22 10:27:29] SlimMonoLogger.INFO: Cron ran at: 22-07-2026 10:27:29 AM [] []
[2026-07-22 10:27:30] SlimMonoLogger.INFO: Cron ran at: 22-07-2026 10:27:30 AM [] []
[2026-07-22 10:28:05] SlimMonoLogger.INFO: Cron ran at: 22-07-2026 10:28:05 AM [] []
[2026-07-22 10:28:20] SlimMonoLogger.INFO: Cron ran at: 22-07-2026 10:28:20 AM [] []
[2026-07-22 10:28:27] SlimMonoLogger.INFO: Cron ran at: 22-07-2026 10:28:27 AM [] []
[2026-07-22 10:28:35] SlimMonoLogger.INFO: Cron ran at: 22-07-2026 10:28:35 AM [] []
[2026-07-22 10:29:01] SlimMonoLogger.INFO: Cron ran at: 22-07-2026 10:29:01 AM [] []
[2026-07-22 10:29:21] SlimMonoLogger.INFO: Cron ran at: 22-07-2026 10:29:21 AM [] []
[2026-07-22 10:29:21] SlimMonoLogger.INFO: Cron ran at: 22-07-2026 10:29:21 AM [] []
[2026-07-22 10:29:38] SlimMonoLogger.INFO: Cron ran at: 22-07-2026 10:29:38 AM [] []
[2026-07-22 10:29:47] SlimMonoLogger.INFO: Cron ran at: 22-07-2026 10:29:47 AM [] []
[2026-07-22 10:30:21] SlimMonoLogger.INFO: Cron ran at: 22-07-2026 10:30:21 AM [] []
[2026-07-22 10:30:21] SlimMonoLogger.INFO: Cron ran at: 22-07-2026 10:30:21 AM [] []
[2026-07-22 10:30:49] SlimMonoLogger.INFO: Cron ran at: 22-07-2026 10:30:49 AM [] []
[2026-07-22 10:31:25] SlimMonoLogger.INFO: Cron ran at: 22-07-2026 10:31:25 AM [] []
[2026-07-22 10:31:30] SlimMonoLogger.INFO: Cron ran at: 22-07-2026 10:31:30 AM [] []
[2026-07-22 10:31:45] SlimMonoLogger.INFO: Cron ran at: 22-07-2026 10:31:45 AM [] []
[2026-07-22 10:32:11] SlimMonoLogger.INFO: Cron ran at: 22-07-2026 10:32:11 AM [] []
[2026-07-22 10:32:20] SlimMonoLogger.INFO: Cron ran at: 22-07-2026 10:32:20 AM [] []
[2026-07-22 10:32:21] SlimMonoLogger.INFO: Cron ran at: 22-07-2026 10:32:21 AM [] []
[2026-07-22 10:32:40] SlimMonoLogger.INFO: Cron ran at: 22-07-2026 10:32:40 AM [] []
[2026-07-22 10:33:02] SlimMonoLogger.INFO: Cron ran at: 22-07-2026 10:33:02 AM [] []
[2026-07-22 10:33:23] SlimMonoLogger.INFO: Cron ran at: 22-07-2026 10:33:23 AM [] []
[2026-07-22 10:33:26] SlimMonoLogger.INFO: Cron ran at: 22-07-2026 10:33:26 AM [] []
[2026-07-22 10:33:40] SlimMonoLogger.INFO: Cron ran at: 22-07-2026 10:33:40 AM [] []
[2026-07-22 10:33:52] SlimMonoLogger.INFO: Cron ran at: 22-07-2026 10:33:52 AM [] []
[2026-07-22 10:34:20] SlimMonoLogger.INFO: Cron ran at: 22-07-2026 10:34:20 AM [] []
[2026-07-22 10:34:25] SlimMonoLogger.INFO: Cron ran at: 22-07-2026 10:34:25 AM [] []
[2026-07-22 10:34:38] SlimMonoLogger.INFO: Cron ran at: 22-07-2026 10:34:38 AM [] []
[2026-07-22 10:34:52] SlimMonoLogger.INFO: Cron ran at: 22-07-2026 10:34:52 AM [] []
[2026-07-22 10:35:25] SlimMonoLogger.INFO: Cron ran at: 22-07-2026 10:35:25 AM [] []
[2026-07-22 10:35:38] SlimMonoLogger.INFO: Cron ran at: 22-07-2026 10:35:38 AM [] []
[2026-07-22 10:35:41] SlimMonoLogger.INFO: Cron ran at: 22-07-2026 10:35:41 AM [] []
[2026-07-22 10:36:23] SlimMonoLogger.INFO: Cron ran at: 22-07-2026 10:36:23 AM [] []
[2026-07-22 10:36:36] SlimMonoLogger.INFO: Cron ran at: 22-07-2026 10:36:36 AM [] []
[2026-07-22 10:36:36] SlimMonoLogger.INFO: Cron ran at: 22-07-2026 10:36:36 AM [] []
[2026-07-22 10:36:36] SlimMonoLogger.INFO: Cron ran at: 22-07-2026 10:36:36 AM [] []
[2026-07-22 10:37:28] SlimMonoLogger.INFO: Cron ran at: 22-07-2026 10:37:28 AM [] []
[2026-07-22 10:37:29] SlimMonoLogger.INFO: Cron ran at: 22-07-2026 10:37:29 AM [] []
[2026-07-22 10:37:30] SlimMonoLogger.INFO: Cron ran at: 22-07-2026 10:37:30 AM [] []
[2026-07-22 10:37:32] SlimMonoLogger.INFO: Cron ran at: 22-07-2026 10:37:32 AM [] []
[2026-07-22 10:38:30] SlimMonoLogger.INFO: Cron ran at: 22-07-2026 10:38:30 AM [] []
[2026-07-22 10:38:31] SlimMonoLogger.INFO: Cron ran at: 22-07-2026 10:38:31 AM [] []
[2026-07-22 10:38:32] SlimMonoLogger.INFO: Cron ran at: 22-07-2026 10:38:32 AM [] []
[2026-07-22 10:38:36] SlimMonoLogger.INFO: Cron ran at: 22-07-2026 10:38:36 AM [] []
[2026-07-22 10:39:18] SlimMonoLogger.INFO: Cron ran at: 22-07-2026 10:39:18 AM [] []
[2026-07-22 10:39:27] SlimMonoLogger.INFO: Cron ran at: 22-07-2026 10:39:27 AM [] []
[2026-07-22 10:39:27] SlimMonoLogger.INFO: Cron ran at: 22-07-2026 10:39:27 AM [] []
[2026-07-22 10:39:38] SlimMonoLogger.INFO: Cron ran at: 22-07-2026 10:39:38 AM [] []
[2026-07-22 10:40:13] SlimMonoLogger.INFO: Cron ran at: 22-07-2026 10:40:13 AM [] []
[2026-07-22 10:40:26] SlimMonoLogger.INFO: Cron ran at: 22-07-2026 10:40:26 AM [] []
[2026-07-22 10:40:26] SlimMonoLogger.INFO: Cron ran at: 22-07-2026 10:40:26 AM [] []
[2026-07-22 10:40:36] SlimMonoLogger.INFO: Cron ran at: 22-07-2026 10:40:36 AM [] []
[2026-07-22 10:41:05] SlimMonoLogger.INFO: Cron ran at: 22-07-2026 10:41:05 AM [] []
[2026-07-22 10:41:28] SlimMonoLogger.INFO: Cron ran at: 22-07-2026 10:41:28 AM [] []
[2026-07-22 10:41:40] SlimMonoLogger.INFO: Cron ran at: 22-07-2026 10:41:40 AM [] []
[2026-07-22 10:41:42] SlimMonoLogger.INFO: Cron ran at: 22-07-2026 10:41:42 AM [] []
[2026-07-22 10:42:01] SlimMonoLogger.INFO: Cron ran at: 22-07-2026 10:42:01 AM [] []
[2026-07-22 10:42:26] SlimMonoLogger.INFO: Cron ran at: 22-07-2026 10:42:26 AM [] []
[2026-07-22 10:42:27] SlimMonoLogger.INFO: Cron ran at: 22-07-2026 10:42:27 AM [] []
[2026-07-22 10:42:37] SlimMonoLogger.INFO: Cron ran at: 22-07-2026 10:42:37 AM [] []
[2026-07-22 10:42:56] SlimMonoLogger.INFO: Cron ran at: 22-07-2026 10:42:56 AM [] []
[2026-07-22 10:43:25] SlimMonoLogger.INFO: Cron ran at: 22-07-2026 10:43:25 AM [] []
[2026-07-22 10:43:26] SlimMonoLogger.INFO: Cron ran at: 22-07-2026 10:43:26 AM [] []
[2026-07-22 10:43:40] SlimMonoLogger.INFO: Cron ran at: 22-07-2026 10:43:40 AM [] []
[2026-07-22 10:43:58] SlimMonoLogger.INFO: Cron ran at: 22-07-2026 10:43:58 AM [] []
[2026-07-22 10:44:15] SlimMonoLogger.INFO: Cron ran at: 22-07-2026 10:44:15 AM [] []
[2026-07-22 10:44:22] SlimMonoLogger.INFO: Cron ran at: 22-07-2026 10:44:22 AM [] []
[2026-07-22 10:44:37] SlimMonoLogger.INFO: Cron ran at: 22-07-2026 10:44:37 AM [] []
[2026-07-22 10:44:57] SlimMonoLogger.INFO: Cron ran at: 22-07-2026 10:44:57 AM [] []
[2026-07-22 10:45:09] SlimMonoLogger.INFO: Cron ran at: 22-07-2026 10:45:09 AM [] []
[2026-07-22 10:45:27] SlimMonoLogger.INFO: Cron ran at: 22-07-2026 10:45:27 AM [] []
[2026-07-22 10:45:56] SlimMonoLogger.INFO: Cron ran at: 22-07-2026 10:45:56 AM [] []
[2026-07-22 10:46:10] SlimMonoLogger.INFO: Cron ran at: 22-07-2026 10:46:10 AM [] []
[2026-07-22 10:46:36] SlimMonoLogger.INFO: Cron ran at: 22-07-2026 10:46:36 AM [] []
[2026-07-22 10:46:37] SlimMonoLogger.INFO: Cron ran at: 22-07-2026 10:46:37 AM [] []
[2026-07-22 10:46:59] SlimMonoLogger.INFO: Cron ran at: 22-07-2026 10:46:59 AM [] []
[2026-07-22 10:47:08] SlimMonoLogger.INFO: Cron ran at: 22-07-2026 10:47:08 AM [] []
[2026-07-22 10:47:28] SlimMonoLogger.INFO: Cron ran at: 22-07-2026 10:47:28 AM [] []
[2026-07-22 10:47:28] SlimMonoLogger.INFO: Cron ran at: 22-07-2026 10:47:28 AM [] []
[2026-07-22 10:47:56] SlimMonoLogger.INFO: Cron ran at: 22-07-2026 10:47:56 AM [] []
[2026-07-22 10:47:58] SlimMonoLogger.INFO: Cron ran at: 22-07-2026 10:47:58 AM [] []
[2026-07-22 10:48:17] SlimMonoLogger.INFO: Cron ran at: 22-07-2026 10:48:17 AM [] []
[2026-07-22 10:48:27] SlimMonoLogger.INFO: Cron ran at: 22-07-2026 10:48:27 AM [] []
[2026-07-22 10:48:56] SlimMonoLogger.INFO: Cron ran at: 22-07-2026 10:48:56 AM [] []
[2026-07-22 10:48:57] SlimMonoLogger.INFO: Cron ran at: 22-07-2026 10:48:57 AM [] []
[2026-07-22 10:49:09] SlimMonoLogger.INFO: Cron ran at: 22-07-2026 10:49:09 AM [] []
[2026-07-22 10:49:26] SlimMonoLogger.INFO: Cron ran at: 22-07-2026 10:49:26 AM [] []
[2026-07-22 10:49:56] SlimMonoLogger.INFO: Cron ran at: 22-07-2026 10:49:56 AM [] []
[2026-07-22 10:49:57] SlimMonoLogger.INFO: Cron ran at: 22-07-2026 10:49:57 AM [] []
[2026-07-22 10:50:00] SlimMonoLogger.INFO: Cron ran at: 22-07-2026 10:50:00 AM [] []
[2026-07-22 10:50:27] SlimMonoLogger.INFO: Cron ran at: 22-07-2026 10:50:27 AM [] []
[2026-07-22 10:50:56] SlimMonoLogger.INFO: Cron ran at: 22-07-2026 10:50:56 AM [] []
[2026-07-22 10:50:57] SlimMonoLogger.INFO: Cron ran at: 22-07-2026 10:50:57 AM [] []
[2026-07-22 10:50:57] SlimMonoLogger.INFO: Cron ran at: 22-07-2026 10:50:57 AM [] []
[2026-07-22 10:52:04] SlimMonoLogger.INFO: Cron ran at: 22-07-2026 10:52:04 AM [] []
[2026-07-22 10:52:04] SlimMonoLogger.INFO: Cron ran at: 22-07-2026 10:52:04 AM [] []
[2026-07-22 10:52:04] SlimMonoLogger.INFO: Cron ran at: 22-07-2026 10:52:04 AM [] []
[2026-07-22 10:52:05] SlimMonoLogger.INFO: Cron ran at: 22-07-2026 10:52:05 AM [] []
[2026-07-22 10:53:00] SlimMonoLogger.INFO: Cron ran at: 22-07-2026 10:53:00 AM [] []
[2026-07-22 10:53:01] SlimMonoLogger.INFO: Cron ran at: 22-07-2026 10:53:01 AM [] []
[2026-07-22 10:53:01] SlimMonoLogger.INFO: Cron ran at: 22-07-2026 10:53:01 AM [] []
[2026-07-22 10:53:01] SlimMonoLogger.INFO: Cron ran at: 22-07-2026 10:53:01 AM [] []
[2026-07-22 10:53:48] SlimMonoLogger.INFO: Cron ran at: 22-07-2026 10:53:48 AM [] []
[2026-07-22 10:53:49] SlimMonoLogger.INFO: Cron ran at: 22-07-2026 10:53:49 AM [] []
[2026-07-22 10:53:56] SlimMonoLogger.INFO: Cron ran at: 22-07-2026 10:53:56 AM [] []
[2026-07-22 10:53:57] SlimMonoLogger.INFO: Cron ran at: 22-07-2026 10:53:57 AM [] []
[2026-07-22 10:54:23] SlimMonoLogger.INFO: Cron ran at: 22-07-2026 10:54:23 AM [] []
[2026-07-22 10:54:40] SlimMonoLogger.INFO: Cron ran at: 22-07-2026 10:54:40 AM [] []
[2026-07-22 10:54:59] SlimMonoLogger.INFO: Cron ran at: 22-07-2026 10:54:59 AM [] []
[2026-07-22 10:55:05] SlimMonoLogger.INFO: Cron ran at: 22-07-2026 10:55:05 AM [] []
[2026-07-22 10:55:22] SlimMonoLogger.INFO: Cron ran at: 22-07-2026 10:55:22 AM [] []
[2026-07-22 10:55:43] SlimMonoLogger.INFO: Cron ran at: 22-07-2026 10:55:43 AM [] []
[2026-07-22 10:56:05] SlimMonoLogger.INFO: Cron ran at: 22-07-2026 10:56:05 AM [] []
[2026-07-22 10:56:23] SlimMonoLogger.INFO: Cron ran at: 22-07-2026 10:56:23 AM [] []
[2026-07-22 10:56:31] SlimMonoLogger.INFO: Cron ran at: 22-07-2026 10:56:31 AM [] []
[2026-07-22 10:56:51] SlimMonoLogger.INFO: Cron ran at: 22-07-2026 10:56:51 AM [] []
[2026-07-22 10:57:05] SlimMonoLogger.INFO: Cron ran at: 22-07-2026 10:57:05 AM [] []
[2026-07-22 10:57:20] SlimMonoLogger.INFO: Cron ran at: 22-07-2026 10:57:20 AM [] []
[2026-07-22 10:57:26] SlimMonoLogger.INFO: Cron ran at: 22-07-2026 10:57:26 AM [] []
[2026-07-22 10:57:42] SlimMonoLogger.INFO: Cron ran at: 22-07-2026 10:57:42 AM [] []
[2026-07-22 10:58:06] SlimMonoLogger.INFO: Cron ran at: 22-07-2026 10:58:06 AM [] []
[2026-07-22 10:58:21] SlimMonoLogger.INFO: Cron ran at: 22-07-2026 10:58:21 AM [] []
[2026-07-22 10:58:22] SlimMonoLogger.INFO: Cron ran at: 22-07-2026 10:58:22 AM [] []
[2026-07-22 10:58:34] SlimMonoLogger.INFO: Cron ran at: 22-07-2026 10:58:34 AM [] []
[2026-07-22 10:59:09] SlimMonoLogger.INFO: Cron ran at: 22-07-2026 10:59:09 AM [] []
[2026-07-22 10:59:22] SlimMonoLogger.INFO: Cron ran at: 22-07-2026 10:59:22 AM [] []
[2026-07-22 10:59:22] SlimMonoLogger.INFO: Cron ran at: 22-07-2026 10:59:22 AM [] []
[2026-07-22 10:59:29] SlimMonoLogger.INFO: Cron ran at: 22-07-2026 10:59:29 AM [] []
[2026-07-22 11:00:04] SlimMonoLogger.INFO: Cron ran at: 22-07-2026 11:00:04 AM [] []
[2026-07-22 11:00:31] SlimMonoLogger.INFO: Cron ran at: 22-07-2026 11:00:31 AM [] []
[2026-07-22 11:00:32] SlimMonoLogger.INFO: Cron ran at: 22-07-2026 11:00:32 AM [] []
[2026-07-22 11:00:33] SlimMonoLogger.INFO: Cron ran at: 22-07-2026 11:00:33 AM [] []
[2026-07-22 11:01:31] SlimMonoLogger.INFO: Cron ran at: 22-07-2026 11:01:31 AM [] []
[2026-07-22 11:01:32] SlimMonoLogger.INFO: Cron ran at: 22-07-2026 11:01:32 AM [] []
[2026-07-22 11:01:32] SlimMonoLogger.INFO: Cron ran at: 22-07-2026 11:01:32 AM [] []
[2026-07-22 11:02:00] SlimMonoLogger.INFO: Cron ran at: 22-07-2026 11:02:00 AM [] []
[2026-07-22 11:02:25] SlimMonoLogger.INFO: Cron ran at: 22-07-2026 11:02:25 AM [] []
[2026-07-22 11:02:26] SlimMonoLogger.INFO: Cron ran at: 22-07-2026 11:02:26 AM [] []
[2026-07-22 11:02:28] SlimMonoLogger.INFO: Cron ran at: 22-07-2026 11:02:28 AM [] []
[2026-07-22 11:02:45] SlimMonoLogger.INFO: Cron ran at: 22-07-2026 11:02:45 AM [] []
[2026-07-22 11:03:26] SlimMonoLogger.INFO: Cron ran at: 22-07-2026 11:03:26 AM [] []
[2026-07-22 11:03:31] SlimMonoLogger.INFO: Cron ran at: 22-07-2026 11:03:31 AM [] []
[2026-07-22 11:03:38] SlimMonoLogger.INFO: Cron ran at: 22-07-2026 11:03:38 AM [] []
[2026-07-22 11:03:56] SlimMonoLogger.INFO: Cron ran at: 22-07-2026 11:03:56 AM [] []
[2026-07-22 11:04:13] SlimMonoLogger.INFO: Cron ran at: 22-07-2026 11:04:13 AM [] []
[2026-07-22 11:04:35] SlimMonoLogger.INFO: Cron ran at: 22-07-2026 11:04:35 AM [] []
[2026-07-22 11:04:36] SlimMonoLogger.INFO: Cron ran at: 22-07-2026 11:04:36 AM [] []
[2026-07-22 11:04:37] SlimMonoLogger.INFO: Cron ran at: 22-07-2026 11:04:37 AM [] []
[2026-07-22 11:05:14] SlimMonoLogger.INFO: Cron ran at: 22-07-2026 11:05:14 AM [] []
[2026-07-22 11:05:15] SlimMonoLogger.INFO: Cron ran at: 22-07-2026 11:05:15 AM [] []
[2026-07-22 11:05:45] SlimMonoLogger.INFO: Cron ran at: 22-07-2026 11:05:45 AM [] []
[2026-07-22 11:06:08] SlimMonoLogger.INFO: Cron ran at: 22-07-2026 11:06:08 AM [] []
[2026-07-22 11:06:09] SlimMonoLogger.INFO: Cron ran at: 22-07-2026 11:06:09 AM [] []
[2026-07-22 11:06:30] SlimMonoLogger.INFO: Cron ran at: 22-07-2026 11:06:30 AM [] []
[2026-07-22 11:07:04] SlimMonoLogger.INFO: Cron ran at: 22-07-2026 11:07:04 AM [] []
[2026-07-22 11:07:08] SlimMonoLogger.INFO: Cron ran at: 22-07-2026 11:07:08 AM [] []
[2026-07-22 11:07:11] SlimMonoLogger.INFO: Cron ran at: 22-07-2026 11:07:11 AM [] []
[2026-07-22 11:07:23] SlimMonoLogger.INFO: Cron ran at: 22-07-2026 11:07:23 AM [] []
[2026-07-22 11:07:45] SlimMonoLogger.INFO: Cron ran at: 22-07-2026 11:07:45 AM [] []
[2026-07-22 11:08:06] SlimMonoLogger.INFO: Cron ran at: 22-07-2026 11:08:06 AM [] []
[2026-07-22 11:08:07] SlimMonoLogger.INFO: Cron ran at: 22-07-2026 11:08:07 AM [] []
[2026-07-22 11:08:23] SlimMonoLogger.INFO: Cron ran at: 22-07-2026 11:08:23 AM [] []
[2026-07-22 11:08:35] SlimMonoLogger.INFO: Cron ran at: 22-07-2026 11:08:35 AM [] []
[2026-07-22 11:09:10] SlimMonoLogger.INFO: Cron ran at: 22-07-2026 11:09:10 AM [] []
[2026-07-22 11:09:10] SlimMonoLogger.INFO: Cron ran at: 22-07-2026 11:09:10 AM [] []
[2026-07-22 11:09:25] SlimMonoLogger.INFO: Cron ran at: 22-07-2026 11:09:25 AM [] []
[2026-07-22 11:09:25] SlimMonoLogger.INFO: Cron ran at: 22-07-2026 11:09:25 AM [] []
[2026-07-22 11:10:11] SlimMonoLogger.INFO: Cron ran at: 22-07-2026 11:10:11 AM [] []
[2026-07-22 11:10:15] SlimMonoLogger.INFO: Cron ran at: 22-07-2026 11:10:15 AM [] []
[2026-07-22 11:10:36] SlimMonoLogger.INFO: Cron ran at: 22-07-2026 11:10:36 AM [] []
[2026-07-22 11:10:37] SlimMonoLogger.INFO: Cron ran at: 22-07-2026 11:10:37 AM [] []
[2026-07-22 11:11:15] SlimMonoLogger.INFO: Cron ran at: 22-07-2026 11:11:15 AM [] []
[2026-07-22 11:11:15] SlimMonoLogger.INFO: Cron ran at: 22-07-2026 11:11:15 AM [] []
[2026-07-22 11:11:21] SlimMonoLogger.INFO: Cron ran at: 22-07-2026 11:11:21 AM [] []
[2026-07-22 11:11:40] SlimMonoLogger.INFO: Cron ran at: 22-07-2026 11:11:40 AM [] []
[2026-07-22 11:12:02] SlimMonoLogger.INFO: Cron ran at: 22-07-2026 11:12:02 AM [] []
[2026-07-22 11:12:12] SlimMonoLogger.INFO: Cron ran at: 22-07-2026 11:12:12 AM [] []
[2026-07-22 11:12:12] SlimMonoLogger.INFO: Cron ran at: 22-07-2026 11:12:12 AM [] []
[2026-07-22 11:12:30] SlimMonoLogger.INFO: Cron ran at: 22-07-2026 11:12:30 AM [] []
[2026-07-22 11:13:12] SlimMonoLogger.INFO: Cron ran at: 22-07-2026 11:13:12 AM [] []
[2026-07-22 11:13:21] SlimMonoLogger.INFO: Cron ran at: 22-07-2026 11:13:21 AM [] []
[2026-07-22 11:13:21] SlimMonoLogger.INFO: Cron ran at: 22-07-2026 11:13:21 AM [] []
[2026-07-22 11:13:23] SlimMonoLogger.INFO: Cron ran at: 22-07-2026 11:13:23 AM [] []
[2026-07-22 11:14:05] SlimMonoLogger.INFO: Cron ran at: 22-07-2026 11:14:05 AM [] []
[2026-07-22 11:14:13] SlimMonoLogger.INFO: Cron ran at: 22-07-2026 11:14:13 AM [] []
[2026-07-22 11:14:14] SlimMonoLogger.INFO: Cron ran at: 22-07-2026 11:14:14 AM [] []
[2026-07-22 11:14:14] SlimMonoLogger.INFO: Cron ran at: 22-07-2026 11:14:14 AM [] []
[2026-07-22 11:15:06] SlimMonoLogger.INFO: Cron ran at: 22-07-2026 11:15:06 AM [] []
[2026-07-22 11:15:09] SlimMonoLogger.INFO: Cron ran at: 22-07-2026 11:15:09 AM [] []
[2026-07-22 11:15:09] SlimMonoLogger.INFO: Cron ran at: 22-07-2026 11:15:09 AM [] []
[2026-07-22 11:15:12] SlimMonoLogger.INFO: Cron ran at: 22-07-2026 11:15:12 AM [] []
[2026-07-22 11:16:08] SlimMonoLogger.INFO: Cron ran at: 22-07-2026 11:16:08 AM [] []
[2026-07-22 11:16:08] SlimMonoLogger.INFO: Cron ran at: 22-07-2026 11:16:08 AM [] []
[2026-07-22 11:16:16] SlimMonoLogger.INFO: Cron ran at: 22-07-2026 11:16:16 AM [] []
[2026-07-22 11:16:40] SlimMonoLogger.INFO: Cron ran at: 22-07-2026 11:16:40 AM [] []
[2026-07-22 11:17:00] SlimMonoLogger.INFO: Cron ran at: 22-07-2026 11:17:00 AM [] []
[2026-07-22 11:17:01] SlimMonoLogger.INFO: Cron ran at: 22-07-2026 11:17:01 AM [] []
[2026-07-22 11:17:07] SlimMonoLogger.INFO: Cron ran at: 22-07-2026 11:17:07 AM [] []
[2026-07-22 11:17:24] SlimMonoLogger.INFO: Cron ran at: 22-07-2026 11:17:24 AM [] []
[2026-07-22 11:17:55] SlimMonoLogger.INFO: Cron ran at: 22-07-2026 11:17:55 AM [] []
[2026-07-22 11:17:56] SlimMonoLogger.INFO: Cron ran at: 22-07-2026 11:17:56 AM [] []
[2026-07-22 11:18:04] SlimMonoLogger.INFO: Cron ran at: 22-07-2026 11:18:04 AM [] []
[2026-07-22 11:18:16] SlimMonoLogger.INFO: Cron ran at: 22-07-2026 11:18:16 AM [] []
[2026-07-22 11:18:55] SlimMonoLogger.INFO: Cron ran at: 22-07-2026 11:18:55 AM [] []
[2026-07-22 11:19:19] SlimMonoLogger.INFO: Cron ran at: 22-07-2026 11:19:19 AM [] []
[2026-07-22 11:19:38] SlimMonoLogger.INFO: Cron ran at: 22-07-2026 11:19:38 AM [] []
[2026-07-22 11:19:41] SlimMonoLogger.INFO: Cron ran at: 22-07-2026 11:19:41 AM [] []
[2026-07-22 11:19:47] SlimMonoLogger.INFO: Cron ran at: 22-07-2026 11:19:47 AM [] []
[2026-07-22 11:19:51] SlimMonoLogger.INFO: Cron ran at: 22-07-2026 11:19:51 AM [] []
[2026-07-22 11:19:59] SlimMonoLogger.INFO: Cron ran at: 22-07-2026 11:19:59 AM [] []
[2026-07-22 11:20:01] SlimMonoLogger.INFO: Cron ran at: 22-07-2026 11:20:01 AM [] []
[2026-07-22 11:20:51] SlimMonoLogger.INFO: Cron ran at: 22-07-2026 11:20:51 AM [] []
[2026-07-22 11:20:59] SlimMonoLogger.INFO: Cron ran at: 22-07-2026 11:20:59 AM [] []
[2026-07-22 11:21:00] SlimMonoLogger.INFO: Cron ran at: 22-07-2026 11:21:00 AM [] []
[2026-07-22 11:21:43] SlimMonoLogger.INFO: Cron ran at: 22-07-2026 11:21:43 AM [] []
[2026-07-22 11:21:47] SlimMonoLogger.INFO: Cron ran at: 22-07-2026 11:21:47 AM [] []
[2026-07-22 11:21:48] SlimMonoLogger.INFO: Cron ran at: 22-07-2026 11:21:48 AM [] []
[2026-07-22 11:22:01] SlimMonoLogger.INFO: Cron ran at: 22-07-2026 11:22:01 AM [] []
[2026-07-22 11:22:29] SlimMonoLogger.INFO: Cron ran at: 22-07-2026 11:22:29 AM [] []
[2026-07-22 11:22:48] SlimMonoLogger.INFO: Cron ran at: 22-07-2026 11:22:48 AM [] []
[2026-07-22 11:22:50] SlimMonoLogger.INFO: Cron ran at: 22-07-2026 11:22:50 AM [] []
[2026-07-22 11:23:04] SlimMonoLogger.INFO: Cron ran at: 22-07-2026 11:23:04 AM [] []
[2026-07-22 11:23:27] SlimMonoLogger.INFO: Cron ran at: 22-07-2026 11:23:27 AM [] []
[2026-07-22 11:23:48] SlimMonoLogger.INFO: Cron ran at: 22-07-2026 11:23:48 AM [] []
[2026-07-22 11:23:49] SlimMonoLogger.INFO: Cron ran at: 22-07-2026 11:23:49 AM [] []
[2026-07-22 11:24:03] SlimMonoLogger.INFO: Cron ran at: 22-07-2026 11:24:03 AM [] []
[2026-07-22 11:24:22] SlimMonoLogger.INFO: Cron ran at: 22-07-2026 11:24:22 AM [] []
[2026-07-22 11:24:48] SlimMonoLogger.INFO: Cron ran at: 22-07-2026 11:24:48 AM [] []
[2026-07-22 11:24:49] SlimMonoLogger.INFO: Cron ran at: 22-07-2026 11:24:49 AM [] []
[2026-07-22 11:25:14] SlimMonoLogger.INFO: Cron ran at: 22-07-2026 11:25:14 AM [] []
[2026-07-22 11:25:18] SlimMonoLogger.INFO: Cron ran at: 22-07-2026 11:25:18 AM [] []
[2026-07-22 11:25:52] SlimMonoLogger.INFO: Cron ran at: 22-07-2026 11:25:52 AM [] []
[2026-07-22 11:25:52] SlimMonoLogger.INFO: Cron ran at: 22-07-2026 11:25:52 AM [] []
[2026-07-22 11:26:08] SlimMonoLogger.INFO: Cron ran at: 22-07-2026 11:26:08 AM [] []
[2026-07-22 11:27:00] SlimMonoLogger.INFO: Cron ran at: 22-07-2026 11:27:00 AM [] []
[2026-07-22 11:27:01] SlimMonoLogger.INFO: Cron ran at: 22-07-2026 11:27:01 AM [] []
[2026-07-22 11:27:02] SlimMonoLogger.INFO: Cron ran at: 22-07-2026 11:27:02 AM [] []
[2026-07-22 11:27:05] SlimMonoLogger.INFO: Cron ran at: 22-07-2026 11:27:05 AM [] []
[2026-07-22 11:27:51] SlimMonoLogger.INFO: Cron ran at: 22-07-2026 11:27:51 AM [] []
[2026-07-22 11:27:52] SlimMonoLogger.INFO: Cron ran at: 22-07-2026 11:27:52 AM [] []
[2026-07-22 11:27:53] SlimMonoLogger.INFO: Cron ran at: 22-07-2026 11:27:53 AM [] []
[2026-07-22 11:28:03] SlimMonoLogger.INFO: Cron ran at: 22-07-2026 11:28:03 AM [] []
[2026-07-22 11:28:39] SlimMonoLogger.INFO: Cron ran at: 22-07-2026 11:28:39 AM [] []
[2026-07-22 11:29:11] SlimMonoLogger.INFO: Cron ran at: 22-07-2026 11:29:11 AM [] []
[2026-07-22 11:29:11] SlimMonoLogger.INFO: Cron ran at: 22-07-2026 11:29:11 AM [] []
[2026-07-22 11:29:16] SlimMonoLogger.INFO: Cron ran at: 22-07-2026 11:29:16 AM [] []
[2026-07-22 11:29:33] SlimMonoLogger.INFO: Cron ran at: 22-07-2026 11:29:33 AM [] []
[2026-07-22 11:29:54] SlimMonoLogger.INFO: Cron ran at: 22-07-2026 11:29:54 AM [] []
[2026-07-22 11:29:55] SlimMonoLogger.INFO: Cron ran at: 22-07-2026 11:29:55 AM [] []
[2026-07-22 11:29:58] SlimMonoLogger.INFO: Cron ran at: 22-07-2026 11:29:58 AM [] []
[2026-07-22 11:30:25] SlimMonoLogger.INFO: Cron ran at: 22-07-2026 11:30:25 AM [] []
[2026-07-22 11:30:51] SlimMonoLogger.INFO: Cron ran at: 22-07-2026 11:30:51 AM [] []
[2026-07-22 11:30:58] SlimMonoLogger.INFO: Cron ran at: 22-07-2026 11:30:58 AM [] []
[2026-07-22 11:31:24] SlimMonoLogger.INFO: Cron ran at: 22-07-2026 11:31:24 AM [] []
[2026-07-22 11:31:47] SlimMonoLogger.INFO: Cron ran at: 22-07-2026 11:31:47 AM [] []
[2026-07-22 11:31:54] SlimMonoLogger.INFO: Cron ran at: 22-07-2026 11:31:54 AM [] []
[2026-07-22 11:32:01] SlimMonoLogger.INFO: Cron ran at: 22-07-2026 11:32:01 AM [] []
[2026-07-22 11:32:20] SlimMonoLogger.INFO: Cron ran at: 22-07-2026 11:32:20 AM [] []
[2026-07-22 11:32:37] SlimMonoLogger.INFO: Cron ran at: 22-07-2026 11:32:37 AM [] []
[2026-07-22 11:32:53] SlimMonoLogger.INFO: Cron ran at: 22-07-2026 11:32:53 AM [] []
[2026-07-22 11:33:02] SlimMonoLogger.INFO: Cron ran at: 22-07-2026 11:33:02 AM [] []
[2026-07-22 11:33:10] SlimMonoLogger.INFO: Cron ran at: 22-07-2026 11:33:10 AM [] []
[2026-07-22 11:33:31] SlimMonoLogger.INFO: Cron ran at: 22-07-2026 11:33:31 AM [] []
[2026-07-22 11:33:54] SlimMonoLogger.INFO: Cron ran at: 22-07-2026 11:33:54 AM [] []
[2026-07-22 11:34:01] SlimMonoLogger.INFO: Cron ran at: 22-07-2026 11:34:01 AM [] []
[2026-07-22 11:34:11] SlimMonoLogger.INFO: Cron ran at: 22-07-2026 11:34:11 AM [] []
[2026-07-22 11:34:21] SlimMonoLogger.INFO: Cron ran at: 22-07-2026 11:34:21 AM [] []
[2026-07-22 11:34:51] SlimMonoLogger.INFO: Cron ran at: 22-07-2026 11:34:51 AM [] []
[2026-07-22 11:35:01] SlimMonoLogger.INFO: Cron ran at: 22-07-2026 11:35:01 AM [] []
[2026-07-22 11:35:19] SlimMonoLogger.INFO: Cron ran at: 22-07-2026 11:35:19 AM [] []
[2026-07-22 11:36:03] SlimMonoLogger.INFO: Cron ran at: 22-07-2026 11:36:03 AM [] []
[2026-07-22 11:36:10] SlimMonoLogger.INFO: Cron ran at: 22-07-2026 11:36:10 AM [] []
[2026-07-22 11:36:11] SlimMonoLogger.INFO: Cron ran at: 22-07-2026 11:36:11 AM [] []
[2026-07-22 11:37:00] SlimMonoLogger.INFO: Cron ran at: 22-07-2026 11:37:00 AM [] []
[2026-07-22 11:37:04] SlimMonoLogger.INFO: Cron ran at: 22-07-2026 11:37:04 AM [] []
[2026-07-22 11:37:07] SlimMonoLogger.INFO: Cron ran at: 22-07-2026 11:37:07 AM [] []
[2026-07-22 11:37:09] SlimMonoLogger.INFO: Cron ran at: 22-07-2026 11:37:09 AM [] []
[2026-07-22 11:37:46] SlimMonoLogger.INFO: Cron ran at: 22-07-2026 11:37:46 AM [] []
[2026-07-22 11:38:01] SlimMonoLogger.INFO: Cron ran at: 22-07-2026 11:38:01 AM [] []
[2026-07-22 11:38:03] SlimMonoLogger.INFO: Cron ran at: 22-07-2026 11:38:03 AM [] []
[2026-07-22 11:38:05] SlimMonoLogger.INFO: Cron ran at: 22-07-2026 11:38:05 AM [] []
[2026-07-22 11:38:40] SlimMonoLogger.INFO: Cron ran at: 22-07-2026 11:38:40 AM [] []
[2026-07-22 11:39:02] SlimMonoLogger.INFO: Cron ran at: 22-07-2026 11:39:02 AM [] []
[2026-07-22 11:39:08] SlimMonoLogger.INFO: Cron ran at: 22-07-2026 11:39:08 AM [] []
[2026-07-22 11:39:10] SlimMonoLogger.INFO: Cron ran at: 22-07-2026 11:39:10 AM [] []
[2026-07-22 11:39:30] SlimMonoLogger.INFO: Cron ran at: 22-07-2026 11:39:30 AM [] []
[2026-07-22 11:40:05] SlimMonoLogger.INFO: Cron ran at: 22-07-2026 11:40:05 AM [] []
[2026-07-22 11:40:05] SlimMonoLogger.INFO: Cron ran at: 22-07-2026 11:40:05 AM [] []
[2026-07-22 11:40:06] SlimMonoLogger.INFO: Cron ran at: 22-07-2026 11:40:06 AM [] []
[2026-07-22 11:40:25] SlimMonoLogger.INFO: Cron ran at: 22-07-2026 11:40:25 AM [] []
[2026-07-22 11:41:03] SlimMonoLogger.INFO: Cron ran at: 22-07-2026 11:41:03 AM [] []
[2026-07-22 11:41:17] SlimMonoLogger.INFO: Cron ran at: 22-07-2026 11:41:17 AM [] []
[2026-07-22 11:41:23] SlimMonoLogger.INFO: Cron ran at: 22-07-2026 11:41:23 AM [] []
[2026-07-22 11:41:48] SlimMonoLogger.INFO: Cron ran at: 22-07-2026 11:41:48 AM [] []
[2026-07-22 11:42:12] SlimMonoLogger.INFO: Cron ran at: 22-07-2026 11:42:12 AM [] []
[2026-07-22 11:42:20] SlimMonoLogger.INFO: Cron ran at: 22-07-2026 11:42:20 AM [] []
[2026-07-22 11:42:22] SlimMonoLogger.INFO: Cron ran at: 22-07-2026 11:42:22 AM [] []
[2026-07-22 11:42:43] SlimMonoLogger.INFO: Cron ran at: 22-07-2026 11:42:43 AM [] []
[2026-07-22 11:42:56] SlimMonoLogger.ERROR: Requests_Exception: cURL error 28: Operation timed out after 500001 milliseconds with 15824 bytes received in /home/latihtal/public_html/agregator1/src/vendor/rmccue/requests/library/Requests/Transport/cURL.php:422
Stack trace:
#0 /home/latihtal/public_html/agregator1/src/vendor/rmccue/requests/library/Requests/Transport/cURL.php(177): Requests_Transport_cURL->process_response()
#1 /home/latihtal/public_html/agregator1/src/vendor/rmccue/requests/library/Requests.php(379): Requests_Transport_cURL->request()
#2 /home/latihtal/public_html/agregator1/src/vendor/rmccue/requests/library/Requests/Session.php(205): Requests::request()
#3 /home/latihtal/public_html/agregator1/src/vendor/rmccue/requests/library/Requests/Session.php(132): Requests_Session->request()
#4 /home/latihtal/public_html/agregator1/src/drivers/Http/RssImporter.php(144): Requests_Session->get()
#5 /home/latihtal/public_html/agregator1/src/controllers/Dashboard/DashboardFeedsController.php(534): spark\drivers\Http\RssImporter->fetchPosts()
#6 /home/latihtal/public_html/agregator1/src/controllers/Site/SiteController.php(722): spark\controllers\Dashboard\DashboardFeedsController::importFeedPosts()
#7 [internal function]: spark\controllers\Site\SiteController->runTasks()
#8 /home/latihtal/public_html/agregator1/src/framework/Route.php(173): call_user_func_array()
#9 [internal function]: Slim\Route->Slim\{closure}()
#10 /home/latihtal/public_html/agregator1/src/framework/Route.php(468): call_user_func_array()
#11 /home/latihtal/public_html/agregator1/src/framework/Slim.php(1364): Slim\Route->dispatch()
#12 /home/latihtal/public_html/agregator1/src/framework/Middleware/Flash.php(85): Slim\Slim->call()
#13 /home/latihtal/public_html/agregator1/src/framework/Middleware/MethodOverride.php(92): Slim\Middleware\Flash->call()
#14 /home/latihtal/public_html/agregator1/src/middlewares/CsrfGuard/CsrfGuard.php(47): Slim\Middleware\MethodOverride->call()
#15 /home/latihtal/public_html/agregator1/src/framework/Middleware/PrettyExceptions.php(67): spark\middlewares\CsrfGuard\CsrfGuard->call()
#16 /home/latihtal/public_html/agregator1/src/framework/Slim.php(1308): Slim\Middleware\PrettyExceptions->call()
#17 /home/latihtal/public_html/agregator1/index.php(6): Slim\Slim->run()
#18 {main} [] []
[2026-07-22 11:43:06] SlimMonoLogger.INFO: Cron ran at: 22-07-2026 11:43:06 AM [] []
[2026-07-22 11:43:10] SlimMonoLogger.INFO: Cron ran at: 22-07-2026 11:43:10 AM [] []
[2026-07-22 11:43:13] SlimMonoLogger.INFO: Cron ran at: 22-07-2026 11:43:13 AM [] []
[2026-07-22 11:43:34] SlimMonoLogger.INFO: Cron ran at: 22-07-2026 11:43:34 AM [] []
[2026-07-22 11:43:35] SlimMonoLogger.INFO: Cron ran at: 22-07-2026 11:43:35 AM [] []
[2026-07-22 11:44:17] SlimMonoLogger.INFO: Cron ran at: 22-07-2026 11:44:17 AM [] []
[2026-07-22 11:44:18] SlimMonoLogger.INFO: Cron ran at: 22-07-2026 11:44:18 AM [] []
[2026-07-22 11:44:22] SlimMonoLogger.INFO: Cron ran at: 22-07-2026 11:44:22 AM [] []
[2026-07-22 11:44:22] SlimMonoLogger.INFO: Cron ran at: 22-07-2026 11:44:22 AM [] []
[2026-07-22 11:45:13] SlimMonoLogger.INFO: Cron ran at: 22-07-2026 11:45:13 AM [] []
[2026-07-22 11:45:14] SlimMonoLogger.INFO: Cron ran at: 22-07-2026 11:45:14 AM [] []
[2026-07-22 11:45:16] SlimMonoLogger.INFO: Cron ran at: 22-07-2026 11:45:16 AM [] []
[2026-07-22 11:45:23] SlimMonoLogger.INFO: Cron ran at: 22-07-2026 11:45:23 AM [] []
[2026-07-22 11:46:06] SlimMonoLogger.INFO: Cron ran at: 22-07-2026 11:46:06 AM [] []
[2026-07-22 11:46:08] SlimMonoLogger.INFO: Cron ran at: 22-07-2026 11:46:08 AM [] []
[2026-07-22 11:46:18] SlimMonoLogger.INFO: Cron ran at: 22-07-2026 11:46:18 AM [] []
[2026-07-22 11:46:46] SlimMonoLogger.INFO: Cron ran at: 22-07-2026 11:46:46 AM [] []
[2026-07-22 11:47:21] SlimMonoLogger.INFO: Cron ran at: 22-07-2026 11:47:21 AM [] []
[2026-07-22 11:47:24] SlimMonoLogger.INFO: Cron ran at: 22-07-2026 11:47:24 AM [] []
[2026-07-22 11:47:24] SlimMonoLogger.INFO: Cron ran at: 22-07-2026 11:47:24 AM [] []
[2026-07-22 11:47:36] SlimMonoLogger.INFO: Cron ran at: 22-07-2026 11:47:36 AM [] []
[2026-07-22 11:48:04] SlimMonoLogger.INFO: Cron ran at: 22-07-2026 11:48:04 AM [] []
[2026-07-22 11:48:05] SlimMonoLogger.INFO: Cron ran at: 22-07-2026 11:48:05 AM [] []
[2026-07-22 11:48:08] SlimMonoLogger.INFO: Cron ran at: 22-07-2026 11:48:08 AM [] []
[2026-07-22 11:48:26] SlimMonoLogger.INFO: Cron ran at: 22-07-2026 11:48:26 AM [] []
[2026-07-22 11:49:14] SlimMonoLogger.INFO: Cron ran at: 22-07-2026 11:49:14 AM [] []
[2026-07-22 11:49:17] SlimMonoLogger.INFO: Cron ran at: 22-07-2026 11:49:17 AM [] []
[2026-07-22 11:49:20] SlimMonoLogger.INFO: Cron ran at: 22-07-2026 11:49:20 AM [] []
[2026-07-22 11:49:23] SlimMonoLogger.INFO: Cron ran at: 22-07-2026 11:49:23 AM [] []
[2026-07-22 11:50:14] SlimMonoLogger.INFO: Cron ran at: 22-07-2026 11:50:14 AM [] []
[2026-07-22 11:50:15] SlimMonoLogger.INFO: Cron ran at: 22-07-2026 11:50:15 AM [] []
[2026-07-22 11:50:26] SlimMonoLogger.INFO: Cron ran at: 22-07-2026 11:50:26 AM [] []
[2026-07-22 11:50:27] SlimMonoLogger.INFO: Cron ran at: 22-07-2026 11:50:27 AM [] []
[2026-07-22 11:51:16] SlimMonoLogger.INFO: Cron ran at: 22-07-2026 11:51:16 AM [] []
[2026-07-22 11:51:16] SlimMonoLogger.INFO: Cron ran at: 22-07-2026 11:51:16 AM [] []
[2026-07-22 11:51:26] SlimMonoLogger.INFO: Cron ran at: 22-07-2026 11:51:26 AM [] []
[2026-07-22 11:52:21] SlimMonoLogger.INFO: Cron ran at: 22-07-2026 11:52:21 AM [] []
[2026-07-22 11:52:28] SlimMonoLogger.INFO: Cron ran at: 22-07-2026 11:52:28 AM [] []
[2026-07-22 11:52:29] SlimMonoLogger.INFO: Cron ran at: 22-07-2026 11:52:29 AM [] []
[2026-07-22 11:52:31] SlimMonoLogger.INFO: Cron ran at: 22-07-2026 11:52:31 AM [] []
[2026-07-22 11:53:14] SlimMonoLogger.INFO: Cron ran at: 22-07-2026 11:53:14 AM [] []
[2026-07-22 11:53:16] SlimMonoLogger.INFO: Cron ran at: 22-07-2026 11:53:16 AM [] []
[2026-07-22 11:53:18] SlimMonoLogger.INFO: Cron ran at: 22-07-2026 11:53:18 AM [] []
[2026-07-22 11:53:21] SlimMonoLogger.INFO: Cron ran at: 22-07-2026 11:53:21 AM [] []
[2026-07-22 11:54:09] SlimMonoLogger.INFO: Cron ran at: 22-07-2026 11:54:09 AM [] []
[2026-07-22 11:54:10] SlimMonoLogger.INFO: Cron ran at: 22-07-2026 11:54:10 AM [] []
[2026-07-22 11:54:11] SlimMonoLogger.INFO: Cron ran at: 22-07-2026 11:54:11 AM [] []
[2026-07-22 11:54:25] SlimMonoLogger.INFO: Cron ran at: 22-07-2026 11:54:25 AM [] []
[2026-07-22 11:55:06] SlimMonoLogger.INFO: Cron ran at: 22-07-2026 11:55:06 AM [] []
[2026-07-22 11:55:08] SlimMonoLogger.INFO: Cron ran at: 22-07-2026 11:55:08 AM [] []
[2026-07-22 11:55:22] SlimMonoLogger.INFO: Cron ran at: 22-07-2026 11:55:22 AM [] []
[2026-07-22 11:55:22] SlimMonoLogger.INFO: Cron ran at: 22-07-2026 11:55:22 AM [] []
[2026-07-22 11:56:04] SlimMonoLogger.INFO: Cron ran at: 22-07-2026 11:56:04 AM [] []
[2026-07-22 11:56:09] SlimMonoLogger.INFO: Cron ran at: 22-07-2026 11:56:09 AM [] []
[2026-07-22 11:56:15] SlimMonoLogger.INFO: Cron ran at: 22-07-2026 11:56:15 AM [] []
[2026-07-22 11:56:58] SlimMonoLogger.INFO: Cron ran at: 22-07-2026 11:56:58 AM [] []
[2026-07-22 11:57:10] SlimMonoLogger.INFO: Cron ran at: 22-07-2026 11:57:10 AM [] []
[2026-07-22 11:57:18] SlimMonoLogger.INFO: Cron ran at: 22-07-2026 11:57:18 AM [] []
[2026-07-22 11:57:25] SlimMonoLogger.INFO: Cron ran at: 22-07-2026 11:57:25 AM [] []
[2026-07-22 11:57:53] SlimMonoLogger.INFO: Cron ran at: 22-07-2026 11:57:53 AM [] []
[2026-07-22 11:58:14] SlimMonoLogger.INFO: Cron ran at: 22-07-2026 11:58:14 AM [] []
[2026-07-22 11:58:19] SlimMonoLogger.INFO: Cron ran at: 22-07-2026 11:58:19 AM [] []
[2026-07-22 11:58:20] SlimMonoLogger.INFO: Cron ran at: 22-07-2026 11:58:20 AM [] []
[2026-07-22 11:58:58] SlimMonoLogger.INFO: Cron ran at: 22-07-2026 11:58:58 AM [] []
[2026-07-22 11:59:12] SlimMonoLogger.INFO: Cron ran at: 22-07-2026 11:59:12 AM [] []
[2026-07-22 11:59:14] SlimMonoLogger.INFO: Cron ran at: 22-07-2026 11:59:14 AM [] []
[2026-07-22 11:59:15] SlimMonoLogger.INFO: Cron ran at: 22-07-2026 11:59:15 AM [] []
[2026-07-22 11:59:50] SlimMonoLogger.INFO: Cron ran at: 22-07-2026 11:59:50 AM [] []
[2026-07-22 11:59:59] SlimMonoLogger.INFO: Cron ran at: 22-07-2026 11:59:59 AM [] []
[2026-07-22 12:00:10] SlimMonoLogger.INFO: Cron ran at: 22-07-2026 12:00:10 PM [] []
[2026-07-22 12:00:15] SlimMonoLogger.INFO: Cron ran at: 22-07-2026 12:00:15 PM [] []
[2026-07-22 12:00:54] SlimMonoLogger.INFO: Cron ran at: 22-07-2026 12:00:54 PM [] []
[2026-07-22 12:01:03] SlimMonoLogger.INFO: Cron ran at: 22-07-2026 12:01:03 PM [] []
[2026-07-22 12:01:25] SlimMonoLogger.INFO: Cron ran at: 22-07-2026 12:01:25 PM [] []
[2026-07-22 12:01:50] SlimMonoLogger.INFO: Cron ran at: 22-07-2026 12:01:50 PM [] []
[2026-07-22 12:01:54] SlimMonoLogger.INFO: Cron ran at: 22-07-2026 12:01:54 PM [] []
[2026-07-22 12:02:21] SlimMonoLogger.INFO: Cron ran at: 22-07-2026 12:02:21 PM [] []
[2026-07-22 12:02:30] SlimMonoLogger.INFO: Cron ran at: 22-07-2026 12:02:30 PM [] []
[2026-07-22 12:02:49] SlimMonoLogger.INFO: Cron ran at: 22-07-2026 12:02:49 PM [] []
[2026-07-22 12:02:50] SlimMonoLogger.INFO: Cron ran at: 22-07-2026 12:02:50 PM [] []
[2026-07-22 12:03:17] SlimMonoLogger.INFO: Cron ran at: 22-07-2026 12:03:17 PM [] []
[2026-07-22 12:03:17] SlimMonoLogger.INFO: Cron ran at: 22-07-2026 12:03:17 PM [] []
[2026-07-22 12:03:30] SlimMonoLogger.INFO: Cron ran at: 22-07-2026 12:03:30 PM [] []
[2026-07-22 12:03:32] SlimMonoLogger.INFO: Cron ran at: 22-07-2026 12:03:32 PM [] []
[2026-07-22 12:03:49] SlimMonoLogger.INFO: Cron ran at: 22-07-2026 12:03:49 PM [] []
[2026-07-22 12:03:52] SlimMonoLogger.INFO: Cron ran at: 22-07-2026 12:03:52 PM [] []
[2026-07-22 12:04:33] SlimMonoLogger.INFO: Cron ran at: 22-07-2026 12:04:33 PM [] []
[2026-07-22 12:04:34] SlimMonoLogger.INFO: Cron ran at: 22-07-2026 12:04:34 PM [] []
[2026-07-22 12:04:54] SlimMonoLogger.INFO: Cron ran at: 22-07-2026 12:04:54 PM [] []
[2026-07-22 12:04:57] SlimMonoLogger.INFO: Cron ran at: 22-07-2026 12:04:57 PM [] []
[2026-07-22 12:05:26] SlimMonoLogger.INFO: Cron ran at: 22-07-2026 12:05:26 PM [] []
[2026-07-22 12:05:26] SlimMonoLogger.INFO: Cron ran at: 22-07-2026 12:05:26 PM [] []
[2026-07-22 12:05:34] SlimMonoLogger.INFO: Cron ran at: 22-07-2026 12:05:34 PM [] []
[2026-07-22 12:06:30] SlimMonoLogger.INFO: Cron ran at: 22-07-2026 12:06:30 PM [] []
[2026-07-22 12:06:30] SlimMonoLogger.INFO: Cron ran at: 22-07-2026 12:06:30 PM [] []
[2026-07-22 12:06:31] SlimMonoLogger.INFO: Cron ran at: 22-07-2026 12:06:31 PM [] []
[2026-07-22 12:07:10] SlimMonoLogger.INFO: Cron ran at: 22-07-2026 12:07:10 PM [] []
[2026-07-22 12:07:28] SlimMonoLogger.INFO: Cron ran at: 22-07-2026 12:07:28 PM [] []
[2026-07-22 12:07:28] SlimMonoLogger.INFO: Cron ran at: 22-07-2026 12:07:28 PM [] []
[2026-07-22 12:07:32] SlimMonoLogger.INFO: Cron ran at: 22-07-2026 12:07:32 PM [] []
[2026-07-22 12:08:10] SlimMonoLogger.INFO: Cron ran at: 22-07-2026 12:08:10 PM [] []
[2026-07-22 12:08:31] SlimMonoLogger.INFO: Cron ran at: 22-07-2026 12:08:31 PM [] []
[2026-07-22 12:08:31] SlimMonoLogger.INFO: Cron ran at: 22-07-2026 12:08:31 PM [] []
[2026-07-22 12:08:33] SlimMonoLogger.INFO: Cron ran at: 22-07-2026 12:08:33 PM [] []
[2026-07-22 12:08:58] SlimMonoLogger.INFO: Cron ran at: 22-07-2026 12:08:58 PM [] []
[2026-07-22 12:09:19] SlimMonoLogger.INFO: Cron ran at: 22-07-2026 12:09:19 PM [] []
[2026-07-22 12:09:24] SlimMonoLogger.INFO: Cron ran at: 22-07-2026 12:09:24 PM [] []
[2026-07-22 12:09:38] SlimMonoLogger.INFO: Cron ran at: 22-07-2026 12:09:38 PM [] []
[2026-07-22 12:09:46] SlimMonoLogger.INFO: Cron ran at: 22-07-2026 12:09:46 PM [] []
[2026-07-22 12:10:22] SlimMonoLogger.INFO: Cron ran at: 22-07-2026 12:10:22 PM [] []
[2026-07-22 12:10:24] SlimMonoLogger.INFO: Cron ran at: 22-07-2026 12:10:24 PM [] []
[2026-07-22 12:10:25] SlimMonoLogger.INFO: Cron ran at: 22-07-2026 12:10:25 PM [] []
[2026-07-22 12:10:39] SlimMonoLogger.INFO: Cron ran at: 22-07-2026 12:10:39 PM [] []
[2026-07-22 12:11:29] SlimMonoLogger.INFO: Cron ran at: 22-07-2026 12:11:29 PM [] []
[2026-07-22 12:11:29] SlimMonoLogger.INFO: Cron ran at: 22-07-2026 12:11:29 PM [] []
[2026-07-22 12:11:36] SlimMonoLogger.INFO: Cron ran at: 22-07-2026 12:11:36 PM [] []
[2026-07-22 12:11:48] SlimMonoLogger.INFO: Cron ran at: 22-07-2026 12:11:48 PM [] []
[2026-07-22 12:12:22] SlimMonoLogger.INFO: Cron ran at: 22-07-2026 12:12:22 PM [] []
[2026-07-22 12:12:25] SlimMonoLogger.INFO: Cron ran at: 22-07-2026 12:12:25 PM [] []
[2026-07-22 12:12:29] SlimMonoLogger.INFO: Cron ran at: 22-07-2026 12:12:29 PM [] []
[2026-07-22 12:12:31] SlimMonoLogger.INFO: Cron ran at: 22-07-2026 12:12:31 PM [] []
[2026-07-22 12:13:24] SlimMonoLogger.INFO: Cron ran at: 22-07-2026 12:13:24 PM [] []
[2026-07-22 12:13:24] SlimMonoLogger.INFO: Cron ran at: 22-07-2026 12:13:24 PM [] []
[2026-07-22 12:13:25] SlimMonoLogger.INFO: Cron ran at: 22-07-2026 12:13:25 PM [] []
[2026-07-22 12:13:26] SlimMonoLogger.INFO: Cron ran at: 22-07-2026 12:13:26 PM [] []
[2026-07-22 12:14:26] SlimMonoLogger.INFO: Cron ran at: 22-07-2026 12:14:26 PM [] []
[2026-07-22 12:14:27] SlimMonoLogger.INFO: Cron ran at: 22-07-2026 12:14:27 PM [] []
[2026-07-22 12:14:28] SlimMonoLogger.INFO: Cron ran at: 22-07-2026 12:14:28 PM [] []
[2026-07-22 12:14:29] SlimMonoLogger.INFO: Cron ran at: 22-07-2026 12:14:29 PM [] []
[2026-07-22 12:15:18] SlimMonoLogger.INFO: Cron ran at: 22-07-2026 12:15:18 PM [] []
[2026-07-22 12:15:20] SlimMonoLogger.INFO: Cron ran at: 22-07-2026 12:15:20 PM [] []
[2026-07-22 12:15:22] SlimMonoLogger.INFO: Cron ran at: 22-07-2026 12:15:22 PM [] []
[2026-07-22 12:15:22] SlimMonoLogger.INFO: Cron ran at: 22-07-2026 12:15:22 PM [] []
[2026-07-22 12:16:10] SlimMonoLogger.INFO: Cron ran at: 22-07-2026 12:16:10 PM [] []
[2026-07-22 12:16:32] SlimMonoLogger.INFO: Cron ran at: 22-07-2026 12:16:32 PM [] []
[2026-07-22 12:16:36] SlimMonoLogger.INFO: Cron ran at: 22-07-2026 12:16:36 PM [] []
[2026-07-22 12:17:13] SlimMonoLogger.INFO: Cron ran at: 22-07-2026 12:17:13 PM [] []
[2026-07-22 12:17:17] SlimMonoLogger.INFO: Cron ran at: 22-07-2026 12:17:17 PM [] []
[2026-07-22 12:17:23] SlimMonoLogger.INFO: Cron ran at: 22-07-2026 12:17:23 PM [] []
[2026-07-22 12:17:29] SlimMonoLogger.INFO: Cron ran at: 22-07-2026 12:17:29 PM [] []
[2026-07-22 12:18:12] SlimMonoLogger.INFO: Cron ran at: 22-07-2026 12:18:12 PM [] []
[2026-07-22 12:18:13] SlimMonoLogger.INFO: Cron ran at: 22-07-2026 12:18:13 PM [] []
[2026-07-22 12:18:21] SlimMonoLogger.INFO: Cron ran at: 22-07-2026 12:18:21 PM [] []
[2026-07-22 12:18:28] SlimMonoLogger.INFO: Cron ran at: 22-07-2026 12:18:28 PM [] []
[2026-07-22 12:18:59] SlimMonoLogger.INFO: Cron ran at: 22-07-2026 12:18:59 PM [] []
[2026-07-22 12:19:02] SlimMonoLogger.INFO: Cron ran at: 22-07-2026 12:19:02 PM [] []
[2026-07-22 12:19:26] SlimMonoLogger.INFO: Cron ran at: 22-07-2026 12:19:26 PM [] []
[2026-07-22 12:19:28] SlimMonoLogger.INFO: Cron ran at: 22-07-2026 12:19:28 PM [] []
[2026-07-22 12:19:57] SlimMonoLogger.INFO: Cron ran at: 22-07-2026 12:19:57 PM [] []
[2026-07-22 12:20:09] SlimMonoLogger.INFO: Cron ran at: 22-07-2026 12:20:09 PM [] []
[2026-07-22 12:20:25] SlimMonoLogger.INFO: Cron ran at: 22-07-2026 12:20:25 PM [] []
[2026-07-22 12:20:27] SlimMonoLogger.INFO: Cron ran at: 22-07-2026 12:20:27 PM [] []
[2026-07-22 12:20:45] SlimMonoLogger.INFO: Cron ran at: 22-07-2026 12:20:45 PM [] []
[2026-07-22 12:21:01] SlimMonoLogger.INFO: Cron ran at: 22-07-2026 12:21:01 PM [] []
[2026-07-22 12:21:35] SlimMonoLogger.INFO: Cron ran at: 22-07-2026 12:21:35 PM [] []
[2026-07-22 12:21:36] SlimMonoLogger.INFO: Cron ran at: 22-07-2026 12:21:36 PM [] []
[2026-07-22 12:21:39] SlimMonoLogger.INFO: Cron ran at: 22-07-2026 12:21:39 PM [] []
[2026-07-22 12:22:03] SlimMonoLogger.INFO: Cron ran at: 22-07-2026 12:22:03 PM [] []
[2026-07-22 12:22:24] SlimMonoLogger.INFO: Cron ran at: 22-07-2026 12:22:24 PM [] []
[2026-07-22 12:22:26] SlimMonoLogger.INFO: Cron ran at: 22-07-2026 12:22:26 PM [] []
[2026-07-22 12:22:35] SlimMonoLogger.INFO: Cron ran at: 22-07-2026 12:22:35 PM [] []
[2026-07-22 12:23:06] SlimMonoLogger.INFO: Cron ran at: 22-07-2026 12:23:06 PM [] []
[2026-07-22 12:23:17] SlimMonoLogger.INFO: Cron ran at: 22-07-2026 12:23:17 PM [] []
[2026-07-22 12:23:28] SlimMonoLogger.INFO: Cron ran at: 22-07-2026 12:23:28 PM [] []
[2026-07-22 12:23:36] SlimMonoLogger.INFO: Cron ran at: 22-07-2026 12:23:36 PM [] []
[2026-07-22 12:23:55] SlimMonoLogger.INFO: Cron ran at: 22-07-2026 12:23:55 PM [] []
[2026-07-22 12:23:59] SlimMonoLogger.INFO: Cron ran at: 22-07-2026 12:23:59 PM [] []
[2026-07-22 12:24:21] SlimMonoLogger.INFO: Cron ran at: 22-07-2026 12:24:21 PM [] []
[2026-07-22 12:24:22] SlimMonoLogger.INFO: Cron ran at: 22-07-2026 12:24:22 PM [] []
[2026-07-22 12:24:59] SlimMonoLogger.INFO: Cron ran at: 22-07-2026 12:24:59 PM [] []
[2026-07-22 12:24:59] SlimMonoLogger.INFO: Cron ran at: 22-07-2026 12:24:59 PM [] []
[2026-07-22 12:25:27] SlimMonoLogger.INFO: Cron ran at: 22-07-2026 12:25:27 PM [] []
[2026-07-22 12:25:27] SlimMonoLogger.INFO: Cron ran at: 22-07-2026 12:25:27 PM [] []
[2026-07-22 12:25:48] SlimMonoLogger.INFO: Cron ran at: 22-07-2026 12:25:48 PM [] []
[2026-07-22 12:25:53] SlimMonoLogger.INFO: Cron ran at: 22-07-2026 12:25:53 PM [] []
[2026-07-22 12:26:27] SlimMonoLogger.INFO: Cron ran at: 22-07-2026 12:26:27 PM [] []
[2026-07-22 12:26:47] SlimMonoLogger.INFO: Cron ran at: 22-07-2026 12:26:47 PM [] []
[2026-07-22 12:26:49] SlimMonoLogger.INFO: Cron ran at: 22-07-2026 12:26:49 PM [] []
[2026-07-22 12:26:57] SlimMonoLogger.INFO: Cron ran at: 22-07-2026 12:26:57 PM [] []
[2026-07-22 12:27:25] SlimMonoLogger.INFO: Cron ran at: 22-07-2026 12:27:25 PM [] []
[2026-07-22 12:27:47] SlimMonoLogger.INFO: Cron ran at: 22-07-2026 12:27:47 PM [] []
[2026-07-22 12:27:50] SlimMonoLogger.INFO: Cron ran at: 22-07-2026 12:27:50 PM [] []
[2026-07-22 12:27:58] SlimMonoLogger.INFO: Cron ran at: 22-07-2026 12:27:58 PM [] []
[2026-07-22 12:28:22] SlimMonoLogger.INFO: Cron ran at: 22-07-2026 12:28:22 PM [] []
[2026-07-22 12:28:38] SlimMonoLogger.INFO: Cron ran at: 22-07-2026 12:28:38 PM [] []
[2026-07-22 12:28:41] SlimMonoLogger.INFO: Cron ran at: 22-07-2026 12:28:41 PM [] []
[2026-07-22 12:28:59] SlimMonoLogger.INFO: Cron ran at: 22-07-2026 12:28:59 PM [] []
[2026-07-22 12:29:21] SlimMonoLogger.INFO: Cron ran at: 22-07-2026 12:29:21 PM [] []
[2026-07-22 12:29:22] SlimMonoLogger.INFO: Cron ran at: 22-07-2026 12:29:22 PM [] []
[2026-07-22 12:29:40] SlimMonoLogger.INFO: Cron ran at: 22-07-2026 12:29:40 PM [] []
[2026-07-22 12:29:57] SlimMonoLogger.INFO: Cron ran at: 22-07-2026 12:29:57 PM [] []
[2026-07-22 12:30:20] SlimMonoLogger.INFO: Cron ran at: 22-07-2026 12:30:20 PM [] []
[2026-07-22 12:30:21] SlimMonoLogger.INFO: Cron ran at: 22-07-2026 12:30:21 PM [] []
[2026-07-22 12:30:50] SlimMonoLogger.INFO: Cron ran at: 22-07-2026 12:30:50 PM [] []
[2026-07-22 12:31:23] SlimMonoLogger.INFO: Cron ran at: 22-07-2026 12:31:23 PM [] []
[2026-07-22 12:31:28] SlimMonoLogger.INFO: Cron ran at: 22-07-2026 12:31:28 PM [] []
[2026-07-22 12:31:50] SlimMonoLogger.INFO: Cron ran at: 22-07-2026 12:31:50 PM [] []
[2026-07-22 12:31:51] SlimMonoLogger.INFO: Cron ran at: 22-07-2026 12:31:51 PM [] []
[2026-07-22 12:32:20] SlimMonoLogger.INFO: Cron ran at: 22-07-2026 12:32:20 PM [] []
[2026-07-22 12:32:25] SlimMonoLogger.INFO: Cron ran at: 22-07-2026 12:32:25 PM [] []
[2026-07-22 12:32:38] SlimMonoLogger.INFO: Cron ran at: 22-07-2026 12:32:38 PM [] []
[2026-07-22 12:32:46] SlimMonoLogger.INFO: Cron ran at: 22-07-2026 12:32:46 PM [] []
[2026-07-22 12:33:15] SlimMonoLogger.INFO: Cron ran at: 22-07-2026 12:33:15 PM [] []
[2026-07-22 12:33:26] SlimMonoLogger.INFO: Cron ran at: 22-07-2026 12:33:26 PM [] []
[2026-07-22 12:33:28] SlimMonoLogger.INFO: Cron ran at: 22-07-2026 12:33:28 PM [] []
[2026-07-22 12:33:48] SlimMonoLogger.INFO: Cron ran at: 22-07-2026 12:33:48 PM [] []
[2026-07-22 12:34:07] SlimMonoLogger.INFO: Cron ran at: 22-07-2026 12:34:07 PM [] []
[2026-07-22 12:34:19] SlimMonoLogger.INFO: Cron ran at: 22-07-2026 12:34:19 PM [] []
[2026-07-22 12:34:23] SlimMonoLogger.INFO: Cron ran at: 22-07-2026 12:34:23 PM [] []
[2026-07-22 12:34:42] SlimMonoLogger.INFO: Cron ran at: 22-07-2026 12:34:42 PM [] []
[2026-07-22 12:35:13] SlimMonoLogger.INFO: Cron ran at: 22-07-2026 12:35:13 PM [] []
[2026-07-22 12:35:18] SlimMonoLogger.INFO: Cron ran at: 22-07-2026 12:35:18 PM [] []
[2026-07-22 12:35:32] SlimMonoLogger.INFO: Cron ran at: 22-07-2026 12:35:32 PM [] []
[2026-07-22 12:35:46] SlimMonoLogger.INFO: Cron ran at: 22-07-2026 12:35:46 PM [] []
[2026-07-22 12:36:17] SlimMonoLogger.INFO: Cron ran at: 22-07-2026 12:36:17 PM [] []
[2026-07-22 12:36:17] SlimMonoLogger.INFO: Cron ran at: 22-07-2026 12:36:17 PM [] []
[2026-07-22 12:36:44] SlimMonoLogger.INFO: Cron ran at: 22-07-2026 12:36:44 PM [] []
[2026-07-22 12:36:46] SlimMonoLogger.INFO: Cron ran at: 22-07-2026 12:36:46 PM [] []
[2026-07-22 12:37:08] SlimMonoLogger.INFO: Cron ran at: 22-07-2026 12:37:08 PM [] []
[2026-07-22 12:37:09] SlimMonoLogger.INFO: Cron ran at: 22-07-2026 12:37:09 PM [] []
[2026-07-22 12:37:33] SlimMonoLogger.INFO: Cron ran at: 22-07-2026 12:37:33 PM [] []
[2026-07-22 12:37:44] SlimMonoLogger.INFO: Cron ran at: 22-07-2026 12:37:44 PM [] []
[2026-07-22 12:38:03] SlimMonoLogger.INFO: Cron ran at: 22-07-2026 12:38:03 PM [] []
[2026-07-22 12:38:04] SlimMonoLogger.INFO: Cron ran at: 22-07-2026 12:38:04 PM [] []
[2026-07-22 12:38:30] SlimMonoLogger.INFO: Cron ran at: 22-07-2026 12:38:30 PM [] []
[2026-07-22 12:38:59] SlimMonoLogger.INFO: Cron ran at: 22-07-2026 12:38:59 PM [] []
[2026-07-22 12:39:01] SlimMonoLogger.INFO: Cron ran at: 22-07-2026 12:39:01 PM [] []
[2026-07-22 12:39:10] SlimMonoLogger.INFO: Cron ran at: 22-07-2026 12:39:10 PM [] []
[2026-07-22 12:39:19] SlimMonoLogger.INFO: Cron ran at: 22-07-2026 12:39:19 PM [] []
[2026-07-22 12:39:44] SlimMonoLogger.INFO: Cron ran at: 22-07-2026 12:39:44 PM [] []
[2026-07-22 12:39:58] SlimMonoLogger.INFO: Cron ran at: 22-07-2026 12:39:58 PM [] []
[2026-07-22 12:40:07] SlimMonoLogger.INFO: Cron ran at: 22-07-2026 12:40:07 PM [] []
[2026-07-22 12:40:09] SlimMonoLogger.INFO: Cron ran at: 22-07-2026 12:40:09 PM [] []
[2026-07-22 12:41:06] SlimMonoLogger.INFO: Cron ran at: 22-07-2026 12:41:06 PM [] []
[2026-07-22 12:41:06] SlimMonoLogger.INFO: Cron ran at: 22-07-2026 12:41:06 PM [] []
[2026-07-22 12:41:06] SlimMonoLogger.INFO: Cron ran at: 22-07-2026 12:41:06 PM [] []
[2026-07-22 12:41:37] SlimMonoLogger.INFO: Cron ran at: 22-07-2026 12:41:37 PM [] []
[2026-07-22 12:42:05] SlimMonoLogger.INFO: Cron ran at: 22-07-2026 12:42:05 PM [] []
[2026-07-22 12:42:05] SlimMonoLogger.INFO: Cron ran at: 22-07-2026 12:42:05 PM [] []
[2026-07-22 12:42:06] SlimMonoLogger.INFO: Cron ran at: 22-07-2026 12:42:06 PM [] []
[2026-07-22 12:42:28] SlimMonoLogger.INFO: Cron ran at: 22-07-2026 12:42:28 PM [] []
[2026-07-22 12:42:58] SlimMonoLogger.INFO: Cron ran at: 22-07-2026 12:42:58 PM [] []
[2026-07-22 12:42:58] SlimMonoLogger.INFO: Cron ran at: 22-07-2026 12:42:58 PM [] []
[2026-07-22 12:43:11] SlimMonoLogger.INFO: Cron ran at: 22-07-2026 12:43:11 PM [] []
[2026-07-22 12:43:14] SlimMonoLogger.INFO: Cron ran at: 22-07-2026 12:43:14 PM [] []
[2026-07-22 12:44:03] SlimMonoLogger.INFO: Cron ran at: 22-07-2026 12:44:03 PM [] []
[2026-07-22 12:44:04] SlimMonoLogger.INFO: Cron ran at: 22-07-2026 12:44:04 PM [] []
[2026-07-22 12:44:06] SlimMonoLogger.INFO: Cron ran at: 22-07-2026 12:44:06 PM [] []
[2026-07-22 12:44:07] SlimMonoLogger.INFO: Cron ran at: 22-07-2026 12:44:07 PM [] []
[2026-07-22 12:45:11] SlimMonoLogger.INFO: Cron ran at: 22-07-2026 12:45:11 PM [] []
[2026-07-22 12:45:12] SlimMonoLogger.INFO: Cron ran at: 22-07-2026 12:45:12 PM [] []
[2026-07-22 12:45:13] SlimMonoLogger.INFO: Cron ran at: 22-07-2026 12:45:13 PM [] []
[2026-07-22 12:45:13] SlimMonoLogger.INFO: Cron ran at: 22-07-2026 12:45:13 PM [] []
[2026-07-22 12:46:13] SlimMonoLogger.INFO: Cron ran at: 22-07-2026 12:46:13 PM [] []
[2026-07-22 12:46:14] SlimMonoLogger.INFO: Cron ran at: 22-07-2026 12:46:14 PM [] []
[2026-07-22 12:46:14] SlimMonoLogger.INFO: Cron ran at: 22-07-2026 12:46:14 PM [] []
[2026-07-22 12:46:43] SlimMonoLogger.INFO: Cron ran at: 22-07-2026 12:46:43 PM [] []
[2026-07-22 12:47:06] SlimMonoLogger.INFO: Cron ran at: 22-07-2026 12:47:06 PM [] []
[2026-07-22 12:47:07] SlimMonoLogger.INFO: Cron ran at: 22-07-2026 12:47:07 PM [] []
[2026-07-22 12:47:08] SlimMonoLogger.INFO: Cron ran at: 22-07-2026 12:47:08 PM [] []
[2026-07-22 12:47:26] SlimMonoLogger.INFO: Cron ran at: 22-07-2026 12:47:26 PM [] []
[2026-07-22 12:48:03] SlimMonoLogger.INFO: Cron ran at: 22-07-2026 12:48:03 PM [] []
[2026-07-22 12:48:10] SlimMonoLogger.INFO: Cron ran at: 22-07-2026 12:48:10 PM [] []
[2026-07-22 12:48:13] SlimMonoLogger.INFO: Cron ran at: 22-07-2026 12:48:13 PM [] []
[2026-07-22 12:48:19] SlimMonoLogger.INFO: Cron ran at: 22-07-2026 12:48:19 PM [] []
[2026-07-22 12:48:58] SlimMonoLogger.INFO: Cron ran at: 22-07-2026 12:48:58 PM [] []
[2026-07-22 12:49:10] SlimMonoLogger.INFO: Cron ran at: 22-07-2026 12:49:10 PM [] []
[2026-07-22 12:49:12] SlimMonoLogger.INFO: Cron ran at: 22-07-2026 12:49:12 PM [] []
[2026-07-22 12:49:15] SlimMonoLogger.INFO: Cron ran at: 22-07-2026 12:49:15 PM [] []
[2026-07-22 12:50:00] SlimMonoLogger.INFO: Cron ran at: 22-07-2026 12:50:00 PM [] []
[2026-07-22 12:50:14] SlimMonoLogger.INFO: Cron ran at: 22-07-2026 12:50:14 PM [] []
[2026-07-22 12:50:15] SlimMonoLogger.INFO: Cron ran at: 22-07-2026 12:50:15 PM [] []
[2026-07-22 12:50:29] SlimMonoLogger.INFO: Cron ran at: 22-07-2026 12:50:29 PM [] []
[2026-07-22 12:50:55] SlimMonoLogger.INFO: Cron ran at: 22-07-2026 12:50:55 PM [] []
[2026-07-22 12:50:58] SlimMonoLogger.INFO: Cron ran at: 22-07-2026 12:50:58 PM [] []
[2026-07-22 12:50:59] SlimMonoLogger.INFO: Cron ran at: 22-07-2026 12:50:59 PM [] []
[2026-07-22 12:51:46] SlimMonoLogger.INFO: Cron ran at: 22-07-2026 12:51:46 PM [] []
[2026-07-22 12:51:53] SlimMonoLogger.INFO: Cron ran at: 22-07-2026 12:51:53 PM [] []
[2026-07-22 12:51:55] SlimMonoLogger.INFO: Cron ran at: 22-07-2026 12:51:55 PM [] []
[2026-07-22 12:51:55] SlimMonoLogger.INFO: Cron ran at: 22-07-2026 12:51:55 PM [] []
[2026-07-22 12:52:38] SlimMonoLogger.INFO: Cron ran at: 22-07-2026 12:52:38 PM [] []
[2026-07-22 12:52:54] SlimMonoLogger.INFO: Cron ran at: 22-07-2026 12:52:54 PM [] []
[2026-07-22 12:52:55] SlimMonoLogger.INFO: Cron ran at: 22-07-2026 12:52:55 PM [] []
[2026-07-22 12:53:01] SlimMonoLogger.INFO: Cron ran at: 22-07-2026 12:53:01 PM [] []
[2026-07-22 12:53:31] SlimMonoLogger.INFO: Cron ran at: 22-07-2026 12:53:31 PM [] []
[2026-07-22 12:53:52] SlimMonoLogger.INFO: Cron ran at: 22-07-2026 12:53:52 PM [] []
[2026-07-22 12:53:55] SlimMonoLogger.INFO: Cron ran at: 22-07-2026 12:53:55 PM [] []
[2026-07-22 12:54:05] SlimMonoLogger.INFO: Cron ran at: 22-07-2026 12:54:05 PM [] []
[2026-07-22 12:54:29] SlimMonoLogger.INFO: Cron ran at: 22-07-2026 12:54:29 PM [] []
[2026-07-22 12:54:54] SlimMonoLogger.INFO: Cron ran at: 22-07-2026 12:54:54 PM [] []
[2026-07-22 12:54:54] SlimMonoLogger.INFO: Cron ran at: 22-07-2026 12:54:54 PM [] []
[2026-07-22 12:55:02] SlimMonoLogger.INFO: Cron ran at: 22-07-2026 12:55:02 PM [] []
[2026-07-22 12:55:21] SlimMonoLogger.INFO: Cron ran at: 22-07-2026 12:55:21 PM [] []
[2026-07-22 12:55:52] SlimMonoLogger.INFO: Cron ran at: 22-07-2026 12:55:52 PM [] []
[2026-07-22 12:55:55] SlimMonoLogger.INFO: Cron ran at: 22-07-2026 12:55:55 PM [] []
[2026-07-22 12:56:20] SlimMonoLogger.INFO: Cron ran at: 22-07-2026 12:56:20 PM [] []
[2026-07-22 12:56:36] SlimMonoLogger.INFO: Cron ran at: 22-07-2026 12:56:36 PM [] []
[2026-07-22 12:56:53] SlimMonoLogger.INFO: Cron ran at: 22-07-2026 12:56:53 PM [] []
[2026-07-22 12:56:56] SlimMonoLogger.INFO: Cron ran at: 22-07-2026 12:56:56 PM [] []
[2026-07-22 12:57:05] SlimMonoLogger.INFO: Cron ran at: 22-07-2026 12:57:05 PM [] []
[2026-07-22 12:57:24] SlimMonoLogger.INFO: Cron ran at: 22-07-2026 12:57:24 PM [] []
[2026-07-22 12:57:50] SlimMonoLogger.INFO: Cron ran at: 22-07-2026 12:57:50 PM [] []
[2026-07-22 12:57:52] SlimMonoLogger.INFO: Cron ran at: 22-07-2026 12:57:52 PM [] []
[2026-07-22 12:58:03] SlimMonoLogger.INFO: Cron ran at: 22-07-2026 12:58:03 PM [] []
[2026-07-22 12:58:19] SlimMonoLogger.INFO: Cron ran at: 22-07-2026 12:58:19 PM [] []
[2026-07-22 12:58:53] SlimMonoLogger.INFO: Cron ran at: 22-07-2026 12:58:53 PM [] []
[2026-07-22 12:58:54] SlimMonoLogger.INFO: Cron ran at: 22-07-2026 12:58:54 PM [] []
[2026-07-22 12:59:02] SlimMonoLogger.INFO: Cron ran at: 22-07-2026 12:59:02 PM [] []
[2026-07-22 12:59:12] SlimMonoLogger.INFO: Cron ran at: 22-07-2026 12:59:12 PM [] []
[2026-07-22 13:00:06] SlimMonoLogger.INFO: Cron ran at: 22-07-2026 01:00:06 PM [] []
[2026-07-22 13:00:07] SlimMonoLogger.INFO: Cron ran at: 22-07-2026 01:00:07 PM [] []
[2026-07-22 13:00:07] SlimMonoLogger.INFO: Cron ran at: 22-07-2026 01:00:07 PM [] []
[2026-07-22 13:00:07] SlimMonoLogger.INFO: Cron ran at: 22-07-2026 01:00:07 PM [] []
[2026-07-22 13:00:55] SlimMonoLogger.INFO: Cron ran at: 22-07-2026 01:00:55 PM [] []
[2026-07-22 13:01:04] SlimMonoLogger.INFO: Cron ran at: 22-07-2026 01:01:04 PM [] []
[2026-07-22 13:01:05] SlimMonoLogger.INFO: Cron ran at: 22-07-2026 01:01:05 PM [] []
[2026-07-22 13:02:03] SlimMonoLogger.INFO: Cron ran at: 22-07-2026 01:02:03 PM [] []
[2026-07-22 13:02:03] SlimMonoLogger.INFO: Cron ran at: 22-07-2026 01:02:03 PM [] []
[2026-07-22 13:02:03] SlimMonoLogger.INFO: Cron ran at: 22-07-2026 01:02:03 PM [] []
[2026-07-22 13:02:04] SlimMonoLogger.INFO: Cron ran at: 22-07-2026 01:02:04 PM [] []
[2026-07-22 13:02:57] SlimMonoLogger.INFO: Cron ran at: 22-07-2026 01:02:57 PM [] []
[2026-07-22 13:02:58] SlimMonoLogger.INFO: Cron ran at: 22-07-2026 01:02:58 PM [] []
[2026-07-22 13:02:58] SlimMonoLogger.INFO: Cron ran at: 22-07-2026 01:02:58 PM [] []
[2026-07-22 13:03:04] SlimMonoLogger.INFO: Cron ran at: 22-07-2026 01:03:04 PM [] []
[2026-07-22 13:03:46] SlimMonoLogger.INFO: Cron ran at: 22-07-2026 01:03:46 PM [] []
[2026-07-22 13:03:53] SlimMonoLogger.INFO: Cron ran at: 22-07-2026 01:03:53 PM [] []
[2026-07-22 13:03:56] SlimMonoLogger.INFO: Cron ran at: 22-07-2026 01:03:56 PM [] []
[2026-07-22 13:04:03] SlimMonoLogger.INFO: Cron ran at: 22-07-2026 01:04:03 PM [] []
[2026-07-22 13:04:45] SlimMonoLogger.INFO: Cron ran at: 22-07-2026 01:04:45 PM [] []
[2026-07-22 13:04:53] SlimMonoLogger.INFO: Cron ran at: 22-07-2026 01:04:53 PM [] []
[2026-07-22 13:05:02] SlimMonoLogger.INFO: Cron ran at: 22-07-2026 01:05:02 PM [] []
[2026-07-22 13:05:08] SlimMonoLogger.INFO: Cron ran at: 22-07-2026 01:05:08 PM [] []
[2026-07-22 13:05:37] SlimMonoLogger.INFO: Cron ran at: 22-07-2026 01:05:37 PM [] []
[2026-07-22 13:05:55] SlimMonoLogger.INFO: Cron ran at: 22-07-2026 01:05:55 PM [] []
[2026-07-22 13:06:04] SlimMonoLogger.INFO: Cron ran at: 22-07-2026 01:06:04 PM [] []
[2026-07-22 13:06:28] SlimMonoLogger.INFO: Cron ran at: 22-07-2026 01:06:28 PM [] []
[2026-07-22 13:07:02] SlimMonoLogger.INFO: Cron ran at: 22-07-2026 01:07:02 PM [] []
[2026-07-22 13:07:04] SlimMonoLogger.INFO: Cron ran at: 22-07-2026 01:07:04 PM [] []
[2026-07-22 13:07:11] SlimMonoLogger.INFO: Cron ran at: 22-07-2026 01:07:11 PM [] []
[2026-07-22 13:07:24] SlimMonoLogger.INFO: Cron ran at: 22-07-2026 01:07:24 PM [] []
[2026-07-22 13:07:57] SlimMonoLogger.INFO: Cron ran at: 22-07-2026 01:07:57 PM [] []
[2026-07-22 13:08:03] SlimMonoLogger.INFO: Cron ran at: 22-07-2026 01:08:03 PM [] []
[2026-07-22 13:08:03] SlimMonoLogger.INFO: Cron ran at: 22-07-2026 01:08:03 PM [] []
[2026-07-22 13:08:21] SlimMonoLogger.INFO: Cron ran at: 22-07-2026 01:08:21 PM [] []
[2026-07-22 13:08:53] SlimMonoLogger.INFO: Cron ran at: 22-07-2026 01:08:53 PM [] []
[2026-07-22 13:08:54] SlimMonoLogger.INFO: Cron ran at: 22-07-2026 01:08:54 PM [] []
[2026-07-22 13:09:04] SlimMonoLogger.INFO: Cron ran at: 22-07-2026 01:09:04 PM [] []
[2026-07-22 13:09:17] SlimMonoLogger.INFO: Cron ran at: 22-07-2026 01:09:17 PM [] []
[2026-07-22 13:09:45] SlimMonoLogger.INFO: Cron ran at: 22-07-2026 01:09:45 PM [] []
[2026-07-22 13:09:59] SlimMonoLogger.INFO: Cron ran at: 22-07-2026 01:09:59 PM [] []
[2026-07-22 13:10:06] SlimMonoLogger.INFO: Cron ran at: 22-07-2026 01:10:06 PM [] []
[2026-07-22 13:10:06] SlimMonoLogger.INFO: Cron ran at: 22-07-2026 01:10:06 PM [] []
[2026-07-22 13:10:18] SlimMonoLogger.INFO: Cron ran at: 22-07-2026 01:10:18 PM [] []
[2026-07-22 13:10:46] SlimMonoLogger.INFO: Cron ran at: 22-07-2026 01:10:46 PM [] []
[2026-07-22 13:11:09] SlimMonoLogger.INFO: Cron ran at: 22-07-2026 01:11:09 PM [] []
[2026-07-22 13:11:18] SlimMonoLogger.INFO: Cron ran at: 22-07-2026 01:11:18 PM [] []
[2026-07-22 13:11:38] SlimMonoLogger.INFO: Cron ran at: 22-07-2026 01:11:38 PM [] []
[2026-07-22 13:11:39] SlimMonoLogger.INFO: Cron ran at: 22-07-2026 01:11:39 PM [] []
[2026-07-22 13:12:13] SlimMonoLogger.INFO: Cron ran at: 22-07-2026 01:12:13 PM [] []
[2026-07-22 13:12:18] SlimMonoLogger.INFO: Cron ran at: 22-07-2026 01:12:18 PM [] []
[2026-07-22 13:12:27] SlimMonoLogger.INFO: Cron ran at: 22-07-2026 01:12:27 PM [] []
[2026-07-22 13:12:39] SlimMonoLogger.INFO: Cron ran at: 22-07-2026 01:12:39 PM [] []
[2026-07-22 13:13:11] SlimMonoLogger.INFO: Cron ran at: 22-07-2026 01:13:11 PM [] []
[2026-07-22 13:13:15] SlimMonoLogger.INFO: Cron ran at: 22-07-2026 01:13:15 PM [] []
[2026-07-22 13:13:16] SlimMonoLogger.INFO: Cron ran at: 22-07-2026 01:13:16 PM [] []
[2026-07-22 13:13:28] SlimMonoLogger.INFO: Cron ran at: 22-07-2026 01:13:28 PM [] []
[2026-07-22 13:14:18] SlimMonoLogger.INFO: Cron ran at: 22-07-2026 01:14:18 PM [] []
[2026-07-22 13:14:18] SlimMonoLogger.INFO: Cron ran at: 22-07-2026 01:14:18 PM [] []
[2026-07-22 13:14:26] SlimMonoLogger.INFO: Cron ran at: 22-07-2026 01:14:26 PM [] []
[2026-07-22 13:14:26] SlimMonoLogger.INFO: Cron ran at: 22-07-2026 01:14:26 PM [] []
[2026-07-22 13:15:10] SlimMonoLogger.INFO: Cron ran at: 22-07-2026 01:15:10 PM [] []
[2026-07-22 13:15:12] SlimMonoLogger.INFO: Cron ran at: 22-07-2026 01:15:12 PM [] []
[2026-07-22 13:15:22] SlimMonoLogger.INFO: Cron ran at: 22-07-2026 01:15:22 PM [] []
[2026-07-22 13:15:54] SlimMonoLogger.INFO: Cron ran at: 22-07-2026 01:15:54 PM [] []
[2026-07-22 13:16:16] SlimMonoLogger.INFO: Cron ran at: 22-07-2026 01:16:16 PM [] []
[2026-07-22 13:16:24] SlimMonoLogger.INFO: Cron ran at: 22-07-2026 01:16:24 PM [] []
[2026-07-22 13:16:46] SlimMonoLogger.INFO: Cron ran at: 22-07-2026 01:16:46 PM [] []
[2026-07-22 13:16:56] SlimMonoLogger.INFO: Cron ran at: 22-07-2026 01:16:56 PM [] []
[2026-07-22 13:17:17] SlimMonoLogger.INFO: Cron ran at: 22-07-2026 01:17:17 PM [] []
[2026-07-22 13:17:29] SlimMonoLogger.INFO: Cron ran at: 22-07-2026 01:17:29 PM [] []
[2026-07-22 13:17:45] SlimMonoLogger.INFO: Cron ran at: 22-07-2026 01:17:45 PM [] []
[2026-07-22 13:17:47] SlimMonoLogger.INFO: Cron ran at: 22-07-2026 01:17:47 PM [] []
[2026-07-22 13:18:16] SlimMonoLogger.INFO: Cron ran at: 22-07-2026 01:18:16 PM [] []
[2026-07-22 13:18:21] SlimMonoLogger.INFO: Cron ran at: 22-07-2026 01:18:21 PM [] []
[2026-07-22 13:18:41] SlimMonoLogger.INFO: Cron ran at: 22-07-2026 01:18:41 PM [] []
[2026-07-22 13:19:14] SlimMonoLogger.INFO: Cron ran at: 22-07-2026 01:19:14 PM [] []
[2026-07-22 13:19:25] SlimMonoLogger.INFO: Cron ran at: 22-07-2026 01:19:25 PM [] []
[2026-07-22 13:19:26] SlimMonoLogger.INFO: Cron ran at: 22-07-2026 01:19:26 PM [] []
[2026-07-22 13:19:41] SlimMonoLogger.INFO: Cron ran at: 22-07-2026 01:19:41 PM [] []
[2026-07-22 13:20:21] SlimMonoLogger.INFO: Cron ran at: 22-07-2026 01:20:21 PM [] []
[2026-07-22 13:20:24] SlimMonoLogger.INFO: Cron ran at: 22-07-2026 01:20:24 PM [] []
[2026-07-22 13:20:28] SlimMonoLogger.INFO: Cron ran at: 22-07-2026 01:20:28 PM [] []
[2026-07-22 13:20:45] SlimMonoLogger.INFO: Cron ran at: 22-07-2026 01:20:45 PM [] []
[2026-07-22 13:21:15] SlimMonoLogger.INFO: Cron ran at: 22-07-2026 01:21:15 PM [] []
[2026-07-22 13:21:22] SlimMonoLogger.INFO: Cron ran at: 22-07-2026 01:21:22 PM [] []
[2026-07-22 13:21:40] SlimMonoLogger.INFO: Cron ran at: 22-07-2026 01:21:40 PM [] []
[2026-07-22 13:22:01] SlimMonoLogger.INFO: Cron ran at: 22-07-2026 01:22:01 PM [] []
[2026-07-22 13:22:06] SlimMonoLogger.INFO: Cron ran at: 22-07-2026 01:22:06 PM [] []
[2026-07-22 13:22:24] SlimMonoLogger.INFO: Cron ran at: 22-07-2026 01:22:24 PM [] []
[2026-07-22 13:22:48] SlimMonoLogger.INFO: Cron ran at: 22-07-2026 01:22:48 PM [] []
[2026-07-22 13:22:51] SlimMonoLogger.INFO: Cron ran at: 22-07-2026 01:22:51 PM [] []
[2026-07-22 13:23:05] SlimMonoLogger.INFO: Cron ran at: 22-07-2026 01:23:05 PM [] []
[2026-07-22 13:23:24] SlimMonoLogger.INFO: Cron ran at: 22-07-2026 01:23:24 PM [] []
[2026-07-22 13:23:47] SlimMonoLogger.INFO: Cron ran at: 22-07-2026 01:23:47 PM [] []
[2026-07-22 13:23:47] SlimMonoLogger.INFO: Cron ran at: 22-07-2026 01:23:47 PM [] []
[2026-07-22 13:24:04] SlimMonoLogger.INFO: Cron ran at: 22-07-2026 01:24:04 PM [] []
[2026-07-22 13:24:25] SlimMonoLogger.INFO: Cron ran at: 22-07-2026 01:24:25 PM [] []
[2026-07-22 13:24:41] SlimMonoLogger.INFO: Cron ran at: 22-07-2026 01:24:41 PM [] []
[2026-07-22 13:24:42] SlimMonoLogger.INFO: Cron ran at: 22-07-2026 01:24:42 PM [] []
[2026-07-22 13:25:04] SlimMonoLogger.INFO: Cron ran at: 22-07-2026 01:25:04 PM [] []
[2026-07-22 13:25:23] SlimMonoLogger.INFO: Cron ran at: 22-07-2026 01:25:23 PM [] []
[2026-07-22 13:25:33] SlimMonoLogger.INFO: Cron ran at: 22-07-2026 01:25:33 PM [] []
[2026-07-22 13:25:46] SlimMonoLogger.INFO: Cron ran at: 22-07-2026 01:25:46 PM [] []
[2026-07-22 13:26:09] SlimMonoLogger.INFO: Cron ran at: 22-07-2026 01:26:09 PM [] []
[2026-07-22 13:26:18] SlimMonoLogger.ERROR: Requests_Exception: cURL error 28: Operation timed out after 500002 milliseconds with 15824 bytes received in /home/latihtal/public_html/agregator1/src/vendor/rmccue/requests/library/Requests/Transport/cURL.php:422
Stack trace:
#0 /home/latihtal/public_html/agregator1/src/vendor/rmccue/requests/library/Requests/Transport/cURL.php(177): Requests_Transport_cURL->process_response()
#1 /home/latihtal/public_html/agregator1/src/vendor/rmccue/requests/library/Requests.php(379): Requests_Transport_cURL->request()
#2 /home/latihtal/public_html/agregator1/src/vendor/rmccue/requests/library/Requests/Session.php(205): Requests::request()
#3 /home/latihtal/public_html/agregator1/src/vendor/rmccue/requests/library/Requests/Session.php(132): Requests_Session->request()
#4 /home/latihtal/public_html/agregator1/src/drivers/Http/RssImporter.php(144): Requests_Session->get()
#5 /home/latihtal/public_html/agregator1/src/controllers/Dashboard/DashboardFeedsController.php(534): spark\drivers\Http\RssImporter->fetchPosts()
#6 /home/latihtal/public_html/agregator1/src/controllers/Site/SiteController.php(722): spark\controllers\Dashboard\DashboardFeedsController::importFeedPosts()
#7 [internal function]: spark\controllers\Site\SiteController->runTasks()
#8 /home/latihtal/public_html/agregator1/src/framework/Route.php(173): call_user_func_array()
#9 [internal function]: Slim\Route->Slim\{closure}()
#10 /home/latihtal/public_html/agregator1/src/framework/Route.php(468): call_user_func_array()
#11 /home/latihtal/public_html/agregator1/src/framework/Slim.php(1364): Slim\Route->dispatch()
#12 /home/latihtal/public_html/agregator1/src/framework/Middleware/Flash.php(85): Slim\Slim->call()
#13 /home/latihtal/public_html/agregator1/src/framework/Middleware/MethodOverride.php(92): Slim\Middleware\Flash->call()
#14 /home/latihtal/public_html/agregator1/src/middlewares/CsrfGuard/CsrfGuard.php(47): Slim\Middleware\MethodOverride->call()
#15 /home/latihtal/public_html/agregator1/src/framework/Middleware/PrettyExceptions.php(67): spark\middlewares\CsrfGuard\CsrfGuard->call()
#16 /home/latihtal/public_html/agregator1/src/framework/Slim.php(1308): Slim\Middleware\PrettyExceptions->call()
#17 /home/latihtal/public_html/agregator1/index.php(6): Slim\Slim->run()
#18 {main} [] []
[2026-07-22 13:26:30] SlimMonoLogger.INFO: Cron ran at: 22-07-2026 01:26:30 PM [] []
[2026-07-22 13:26:46] SlimMonoLogger.INFO: Cron ran at: 22-07-2026 01:26:46 PM [] []
[2026-07-22 13:26:56] SlimMonoLogger.INFO: Cron ran at: 22-07-2026 01:26:56 PM [] []
[2026-07-22 13:27:00] SlimMonoLogger.INFO: Cron ran at: 22-07-2026 01:27:00 PM [] []
[2026-07-22 13:27:01] SlimMonoLogger.INFO: Cron ran at: 22-07-2026 01:27:01 PM [] []
[2026-07-22 13:27:28] SlimMonoLogger.INFO: Cron ran at: 22-07-2026 01:27:28 PM [] []
[2026-07-22 13:27:45] SlimMonoLogger.INFO: Cron ran at: 22-07-2026 01:27:45 PM [] []
[2026-07-22 13:27:58] SlimMonoLogger.INFO: Cron ran at: 22-07-2026 01:27:58 PM [] []
[2026-07-22 13:28:00] SlimMonoLogger.INFO: Cron ran at: 22-07-2026 01:28:00 PM [] []
[2026-07-22 13:28:25] SlimMonoLogger.INFO: Cron ran at: 22-07-2026 01:28:25 PM [] []
[2026-07-22 13:28:40] SlimMonoLogger.INFO: Cron ran at: 22-07-2026 01:28:40 PM [] []
[2026-07-22 13:28:41] SlimMonoLogger.INFO: Cron ran at: 22-07-2026 01:28:41 PM [] []
[2026-07-22 13:29:07] SlimMonoLogger.INFO: Cron ran at: 22-07-2026 01:29:07 PM [] []
[2026-07-22 13:29:18] SlimMonoLogger.INFO: Cron ran at: 22-07-2026 01:29:18 PM [] []
[2026-07-22 13:29:38] SlimMonoLogger.INFO: Cron ran at: 22-07-2026 01:29:38 PM [] []
[2026-07-22 13:29:51] SlimMonoLogger.INFO: Cron ran at: 22-07-2026 01:29:51 PM [] []
[2026-07-22 13:30:03] SlimMonoLogger.INFO: Cron ran at: 22-07-2026 01:30:03 PM [] []
[2026-07-22 13:30:15] SlimMonoLogger.INFO: Cron ran at: 22-07-2026 01:30:15 PM [] []
[2026-07-22 13:30:37] SlimMonoLogger.INFO: Cron ran at: 22-07-2026 01:30:37 PM [] []
[2026-07-22 13:31:09] SlimMonoLogger.INFO: Cron ran at: 22-07-2026 01:31:09 PM [] []
[2026-07-22 13:31:20] SlimMonoLogger.INFO: Cron ran at: 22-07-2026 01:31:20 PM [] []
[2026-07-22 13:31:26] SlimMonoLogger.INFO: Cron ran at: 22-07-2026 01:31:26 PM [] []
[2026-07-22 13:31:33] SlimMonoLogger.INFO: Cron ran at: 22-07-2026 01:31:33 PM [] []
[2026-07-22 13:32:06] SlimMonoLogger.INFO: Cron ran at: 22-07-2026 01:32:06 PM [] []
[2026-07-22 13:32:15] SlimMonoLogger.INFO: Cron ran at: 22-07-2026 01:32:15 PM [] []
[2026-07-22 13:32:19] SlimMonoLogger.INFO: Cron ran at: 22-07-2026 01:32:19 PM [] []
[2026-07-22 13:32:23] SlimMonoLogger.INFO: Cron ran at: 22-07-2026 01:32:23 PM [] []
[2026-07-22 13:33:05] SlimMonoLogger.INFO: Cron ran at: 22-07-2026 01:33:05 PM [] []
[2026-07-22 13:33:25] SlimMonoLogger.INFO: Cron ran at: 22-07-2026 01:33:25 PM [] []
[2026-07-22 13:33:26] SlimMonoLogger.INFO: Cron ran at: 22-07-2026 01:33:26 PM [] []
[2026-07-22 13:33:28] SlimMonoLogger.INFO: Cron ran at: 22-07-2026 01:33:28 PM [] []
[2026-07-22 13:34:07] SlimMonoLogger.INFO: Cron ran at: 22-07-2026 01:34:07 PM [] []
[2026-07-22 13:34:07] SlimMonoLogger.INFO: Cron ran at: 22-07-2026 01:34:07 PM [] []
[2026-07-22 13:34:20] SlimMonoLogger.INFO: Cron ran at: 22-07-2026 01:34:20 PM [] []
[2026-07-22 13:34:21] SlimMonoLogger.INFO: Cron ran at: 22-07-2026 01:34:21 PM [] []
[2026-07-22 13:35:01] SlimMonoLogger.INFO: Cron ran at: 22-07-2026 01:35:01 PM [] []
[2026-07-22 13:35:03] SlimMonoLogger.INFO: Cron ran at: 22-07-2026 01:35:03 PM [] []
[2026-07-22 13:35:16] SlimMonoLogger.INFO: Cron ran at: 22-07-2026 01:35:16 PM [] []
[2026-07-22 13:35:16] SlimMonoLogger.INFO: Cron ran at: 22-07-2026 01:35:16 PM [] []
[2026-07-22 13:35:59] SlimMonoLogger.INFO: Cron ran at: 22-07-2026 01:35:59 PM [] []
[2026-07-22 13:36:19] SlimMonoLogger.INFO: Cron ran at: 22-07-2026 01:36:19 PM [] []
[2026-07-22 13:36:20] SlimMonoLogger.INFO: Cron ran at: 22-07-2026 01:36:20 PM [] []
[2026-07-22 13:36:55] SlimMonoLogger.INFO: Cron ran at: 22-07-2026 01:36:55 PM [] []
[2026-07-22 13:37:01] SlimMonoLogger.INFO: Cron ran at: 22-07-2026 01:37:01 PM [] []
[2026-07-22 13:37:17] SlimMonoLogger.INFO: Cron ran at: 22-07-2026 01:37:17 PM [] []
[2026-07-22 13:37:18] SlimMonoLogger.INFO: Cron ran at: 22-07-2026 01:37:18 PM [] []
[2026-07-22 13:37:59] SlimMonoLogger.INFO: Cron ran at: 22-07-2026 01:37:59 PM [] []
[2026-07-22 13:38:00] SlimMonoLogger.INFO: Cron ran at: 22-07-2026 01:38:00 PM [] []
[2026-07-22 13:38:28] SlimMonoLogger.INFO: Cron ran at: 22-07-2026 01:38:28 PM [] []
[2026-07-22 13:38:31] SlimMonoLogger.INFO: Cron ran at: 22-07-2026 01:38:31 PM [] []
[2026-07-22 13:38:47] SlimMonoLogger.INFO: Cron ran at: 22-07-2026 01:38:47 PM [] []
[2026-07-22 13:38:53] SlimMonoLogger.INFO: Cron ran at: 22-07-2026 01:38:53 PM [] []
[2026-07-22 13:39:18] SlimMonoLogger.INFO: Cron ran at: 22-07-2026 01:39:18 PM [] []
[2026-07-22 13:39:18] SlimMonoLogger.INFO: Cron ran at: 22-07-2026 01:39:18 PM [] []
[2026-07-22 13:39:36] SlimMonoLogger.INFO: Cron ran at: 22-07-2026 01:39:36 PM [] []
[2026-07-22 13:39:49] SlimMonoLogger.INFO: Cron ran at: 22-07-2026 01:39:49 PM [] []
[2026-07-22 13:40:17] SlimMonoLogger.INFO: Cron ran at: 22-07-2026 01:40:17 PM [] []
[2026-07-22 13:40:18] SlimMonoLogger.INFO: Cron ran at: 22-07-2026 01:40:18 PM [] []
[2026-07-22 13:40:29] SlimMonoLogger.INFO: Cron ran at: 22-07-2026 01:40:29 PM [] []
[2026-07-22 13:40:57] SlimMonoLogger.INFO: Cron ran at: 22-07-2026 01:40:57 PM [] []
[2026-07-22 13:41:21] SlimMonoLogger.INFO: Cron ran at: 22-07-2026 01:41:21 PM [] []
[2026-07-22 13:41:44] SlimMonoLogger.INFO: Cron ran at: 22-07-2026 01:41:44 PM [] []
[2026-07-22 13:41:44] SlimMonoLogger.INFO: Cron ran at: 22-07-2026 01:41:44 PM [] []
[2026-07-22 13:41:51] SlimMonoLogger.INFO: Cron ran at: 22-07-2026 01:41:51 PM [] []
[2026-07-22 13:42:18] SlimMonoLogger.INFO: Cron ran at: 22-07-2026 01:42:18 PM [] []
[2026-07-22 13:42:22] SlimMonoLogger.INFO: Cron ran at: 22-07-2026 01:42:22 PM [] []
[2026-07-22 13:42:26] SlimMonoLogger.INFO: Cron ran at: 22-07-2026 01:42:26 PM [] []
[2026-07-22 13:42:51] SlimMonoLogger.INFO: Cron ran at: 22-07-2026 01:42:51 PM [] []
[2026-07-22 13:43:17] SlimMonoLogger.INFO: Cron ran at: 22-07-2026 01:43:17 PM [] []
[2026-07-22 13:43:19] SlimMonoLogger.INFO: Cron ran at: 22-07-2026 01:43:19 PM [] []
[2026-07-22 13:43:19] SlimMonoLogger.INFO: Cron ran at: 22-07-2026 01:43:19 PM [] []
[2026-07-22 13:44:08] SlimMonoLogger.INFO: Cron ran at: 22-07-2026 01:44:08 PM [] []
[2026-07-22 13:44:22] SlimMonoLogger.INFO: Cron ran at: 22-07-2026 01:44:22 PM [] []
[2026-07-22 13:44:23] SlimMonoLogger.INFO: Cron ran at: 22-07-2026 01:44:23 PM [] []
[2026-07-22 13:44:26] SlimMonoLogger.INFO: Cron ran at: 22-07-2026 01:44:26 PM [] []
[2026-07-22 13:44:51] SlimMonoLogger.INFO: Cron ran at: 22-07-2026 01:44:51 PM [] []
[2026-07-22 13:45:09] SlimMonoLogger.INFO: Cron ran at: 22-07-2026 01:45:09 PM [] []
[2026-07-22 13:45:17] SlimMonoLogger.INFO: Cron ran at: 22-07-2026 01:45:17 PM [] []
[2026-07-22 13:45:17] SlimMonoLogger.INFO: Cron ran at: 22-07-2026 01:45:17 PM [] []
[2026-07-22 13:45:59] SlimMonoLogger.INFO: Cron ran at: 22-07-2026 01:45:59 PM [] []
[2026-07-22 13:46:12] SlimMonoLogger.INFO: Cron ran at: 22-07-2026 01:46:12 PM [] []
[2026-07-22 13:46:23] SlimMonoLogger.INFO: Cron ran at: 22-07-2026 01:46:23 PM [] []
[2026-07-22 13:46:26] SlimMonoLogger.INFO: Cron ran at: 22-07-2026 01:46:26 PM [] []
[2026-07-22 13:46:51] SlimMonoLogger.INFO: Cron ran at: 22-07-2026 01:46:51 PM [] []
[2026-07-22 13:47:10] SlimMonoLogger.INFO: Cron ran at: 22-07-2026 01:47:10 PM [] []
[2026-07-22 13:47:26] SlimMonoLogger.INFO: Cron ran at: 22-07-2026 01:47:26 PM [] []
[2026-07-22 13:47:51] SlimMonoLogger.INFO: Cron ran at: 22-07-2026 01:47:51 PM [] []
[2026-07-22 13:47:58] SlimMonoLogger.INFO: Cron ran at: 22-07-2026 01:47:58 PM [] []
[2026-07-22 13:47:58] SlimMonoLogger.INFO: Cron ran at: 22-07-2026 01:47:58 PM [] []
[2026-07-22 13:48:07] SlimMonoLogger.INFO: Cron ran at: 22-07-2026 01:48:07 PM [] []
[2026-07-22 13:48:21] SlimMonoLogger.INFO: Cron ran at: 22-07-2026 01:48:21 PM [] []
[2026-07-22 13:48:57] SlimMonoLogger.INFO: Cron ran at: 22-07-2026 01:48:57 PM [] []
[2026-07-22 13:48:58] SlimMonoLogger.INFO: Cron ran at: 22-07-2026 01:48:58 PM [] []
[2026-07-22 13:49:02] SlimMonoLogger.INFO: Cron ran at: 22-07-2026 01:49:02 PM [] []
[2026-07-22 13:49:14] SlimMonoLogger.INFO: Cron ran at: 22-07-2026 01:49:14 PM [] []
[2026-07-22 13:49:50] SlimMonoLogger.INFO: Cron ran at: 22-07-2026 01:49:50 PM [] []
[2026-07-22 13:49:50] SlimMonoLogger.INFO: Cron ran at: 22-07-2026 01:49:50 PM [] []
[2026-07-22 13:49:52] SlimMonoLogger.INFO: Cron ran at: 22-07-2026 01:49:52 PM [] []
[2026-07-22 13:50:14] SlimMonoLogger.INFO: Cron ran at: 22-07-2026 01:50:14 PM [] []
[2026-07-22 13:50:50] SlimMonoLogger.INFO: Cron ran at: 22-07-2026 01:50:50 PM [] []
[2026-07-22 13:50:54] SlimMonoLogger.INFO: Cron ran at: 22-07-2026 01:50:54 PM [] []
[2026-07-22 13:51:26] SlimMonoLogger.INFO: Cron ran at: 22-07-2026 01:51:26 PM [] []
[2026-07-22 13:51:44] SlimMonoLogger.INFO: Cron ran at: 22-07-2026 01:51:44 PM [] []
[2026-07-22 13:51:46] SlimMonoLogger.INFO: Cron ran at: 22-07-2026 01:51:46 PM [] []
[2026-07-22 13:51:51] SlimMonoLogger.INFO: Cron ran at: 22-07-2026 01:51:51 PM [] []
[2026-07-22 13:52:14] SlimMonoLogger.INFO: Cron ran at: 22-07-2026 01:52:14 PM [] []
[2026-07-22 13:52:39] SlimMonoLogger.INFO: Cron ran at: 22-07-2026 01:52:39 PM [] []
[2026-07-22 13:52:50] SlimMonoLogger.INFO: Cron ran at: 22-07-2026 01:52:50 PM [] []
[2026-07-22 13:52:53] SlimMonoLogger.INFO: Cron ran at: 22-07-2026 01:52:53 PM [] []
[2026-07-22 13:53:20] SlimMonoLogger.INFO: Cron ran at: 22-07-2026 01:53:20 PM [] []
[2026-07-22 13:53:29] SlimMonoLogger.INFO: Cron ran at: 22-07-2026 01:53:29 PM [] []
[2026-07-22 13:53:41] SlimMonoLogger.INFO: Cron ran at: 22-07-2026 01:53:41 PM [] []
[2026-07-22 13:54:01] SlimMonoLogger.INFO: Cron ran at: 22-07-2026 01:54:01 PM [] []
[2026-07-22 13:54:19] SlimMonoLogger.INFO: Cron ran at: 22-07-2026 01:54:19 PM [] []
[2026-07-22 13:54:21] SlimMonoLogger.INFO: Cron ran at: 22-07-2026 01:54:21 PM [] []
[2026-07-22 13:54:42] SlimMonoLogger.INFO: Cron ran at: 22-07-2026 01:54:42 PM [] []
[2026-07-22 13:54:54] SlimMonoLogger.INFO: Cron ran at: 22-07-2026 01:54:54 PM [] []
[2026-07-22 13:55:18] SlimMonoLogger.INFO: Cron ran at: 22-07-2026 01:55:18 PM [] []
[2026-07-22 13:55:19] SlimMonoLogger.INFO: Cron ran at: 22-07-2026 01:55:19 PM [] []
[2026-07-22 13:55:40] SlimMonoLogger.INFO: Cron ran at: 22-07-2026 01:55:40 PM [] []
[2026-07-22 13:55:55] SlimMonoLogger.INFO: Cron ran at: 22-07-2026 01:55:55 PM [] []
[2026-07-22 13:56:24] SlimMonoLogger.INFO: Cron ran at: 22-07-2026 01:56:24 PM [] []
[2026-07-22 13:56:43] SlimMonoLogger.INFO: Cron ran at: 22-07-2026 01:56:43 PM [] []
[2026-07-22 13:56:45] SlimMonoLogger.INFO: Cron ran at: 22-07-2026 01:56:45 PM [] []
[2026-07-22 13:57:04] SlimMonoLogger.INFO: Cron ran at: 22-07-2026 01:57:04 PM [] []
[2026-07-22 13:57:11] SlimMonoLogger.INFO: Cron ran at: 22-07-2026 01:57:11 PM [] []
[2026-07-22 13:57:34] SlimMonoLogger.INFO: Cron ran at: 22-07-2026 01:57:34 PM [] []
[2026-07-22 13:57:46] SlimMonoLogger.INFO: Cron ran at: 22-07-2026 01:57:46 PM [] []
[2026-07-22 13:58:06] SlimMonoLogger.INFO: Cron ran at: 22-07-2026 01:58:06 PM [] []
[2026-07-22 13:58:12] SlimMonoLogger.INFO: Cron ran at: 22-07-2026 01:58:12 PM [] []
[2026-07-22 13:58:21] SlimMonoLogger.INFO: Cron ran at: 22-07-2026 01:58:21 PM [] []
[2026-07-22 13:58:41] SlimMonoLogger.INFO: Cron ran at: 22-07-2026 01:58:41 PM [] []
[2026-07-22 13:59:04] SlimMonoLogger.INFO: Cron ran at: 22-07-2026 01:59:04 PM [] []
[2026-07-22 13:59:05] SlimMonoLogger.INFO: Cron ran at: 22-07-2026 01:59:05 PM [] []
[2026-07-22 13:59:18] SlimMonoLogger.INFO: Cron ran at: 22-07-2026 01:59:18 PM [] []
[2026-07-22 14:00:01] SlimMonoLogger.INFO: Cron ran at: 22-07-2026 02:00:01 PM [] []
[2026-07-22 14:00:01] SlimMonoLogger.INFO: Cron ran at: 22-07-2026 02:00:01 PM [] []
[2026-07-22 14:00:03] SlimMonoLogger.INFO: Cron ran at: 22-07-2026 02:00:03 PM [] []
[2026-07-22 14:00:06] SlimMonoLogger.INFO: Cron ran at: 22-07-2026 02:00:06 PM [] []
[2026-07-22 14:00:51] SlimMonoLogger.INFO: Cron ran at: 22-07-2026 02:00:51 PM [] []
[2026-07-22 14:01:00] SlimMonoLogger.INFO: Cron ran at: 22-07-2026 02:01:00 PM [] []
[2026-07-22 14:01:03] SlimMonoLogger.INFO: Cron ran at: 22-07-2026 02:01:03 PM [] []
[2026-07-22 14:01:29] SlimMonoLogger.INFO: Cron ran at: 22-07-2026 02:01:29 PM [] []
[2026-07-22 14:01:45] SlimMonoLogger.INFO: Cron ran at: 22-07-2026 02:01:45 PM [] []
[2026-07-22 14:01:58] SlimMonoLogger.INFO: Cron ran at: 22-07-2026 02:01:58 PM [] []
[2026-07-22 14:02:04] SlimMonoLogger.INFO: Cron ran at: 22-07-2026 02:02:04 PM [] []
[2026-07-22 14:02:19] SlimMonoLogger.INFO: Cron ran at: 22-07-2026 02:02:19 PM [] []
[2026-07-22 14:02:40] SlimMonoLogger.INFO: Cron ran at: 22-07-2026 02:02:40 PM [] []
[2026-07-22 14:02:58] SlimMonoLogger.INFO: Cron ran at: 22-07-2026 02:02:58 PM [] []
[2026-07-22 14:03:05] SlimMonoLogger.INFO: Cron ran at: 22-07-2026 02:03:05 PM [] []
[2026-07-22 14:03:05] SlimMonoLogger.INFO: Cron ran at: 22-07-2026 02:03:05 PM [] []
[2026-07-22 14:03:47] SlimMonoLogger.INFO: Cron ran at: 22-07-2026 02:03:47 PM [] []
[2026-07-22 14:03:54] SlimMonoLogger.INFO: Cron ran at: 22-07-2026 02:03:54 PM [] []
[2026-07-22 14:04:01] SlimMonoLogger.INFO: Cron ran at: 22-07-2026 02:04:01 PM [] []
[2026-07-22 14:04:03] SlimMonoLogger.INFO: Cron ran at: 22-07-2026 02:04:03 PM [] []
[2026-07-22 14:04:43] SlimMonoLogger.INFO: Cron ran at: 22-07-2026 02:04:43 PM [] []
[2026-07-22 14:04:52] SlimMonoLogger.INFO: Cron ran at: 22-07-2026 02:04:52 PM [] []
[2026-07-22 14:04:56] SlimMonoLogger.INFO: Cron ran at: 22-07-2026 02:04:56 PM [] []
[2026-07-22 14:05:04] SlimMonoLogger.INFO: Cron ran at: 22-07-2026 02:05:04 PM [] []
[2026-07-22 14:06:06] SlimMonoLogger.INFO: Cron ran at: 22-07-2026 02:06:06 PM [] []
[2026-07-22 14:06:11] SlimMonoLogger.INFO: Cron ran at: 22-07-2026 02:06:11 PM [] []
[2026-07-22 14:06:22] SlimMonoLogger.INFO: Cron ran at: 22-07-2026 02:06:22 PM [] []
[2026-07-22 14:06:49] SlimMonoLogger.INFO: Cron ran at: 22-07-2026 02:06:49 PM [] []
[2026-07-22 14:06:53] SlimMonoLogger.INFO: Cron ran at: 22-07-2026 02:06:53 PM [] []
[2026-07-22 14:06:56] SlimMonoLogger.INFO: Cron ran at: 22-07-2026 02:06:56 PM [] []
[2026-07-22 14:07:02] SlimMonoLogger.INFO: Cron ran at: 22-07-2026 02:07:02 PM [] []
[2026-07-22 14:07:43] SlimMonoLogger.INFO: Cron ran at: 22-07-2026 02:07:43 PM [] []
[2026-07-22 14:07:52] SlimMonoLogger.INFO: Cron ran at: 22-07-2026 02:07:52 PM [] []
[2026-07-22 14:07:56] SlimMonoLogger.INFO: Cron ran at: 22-07-2026 02:07:56 PM [] []
[2026-07-22 14:08:04] SlimMonoLogger.INFO: Cron ran at: 22-07-2026 02:08:04 PM [] []
[2026-07-22 14:08:42] SlimMonoLogger.INFO: Cron ran at: 22-07-2026 02:08:42 PM [] []
[2026-07-22 14:08:42] SlimMonoLogger.INFO: Cron ran at: 22-07-2026 02:08:42 PM [] []
[2026-07-22 14:08:51] SlimMonoLogger.INFO: Cron ran at: 22-07-2026 02:08:51 PM [] []
[2026-07-22 14:09:02] SlimMonoLogger.INFO: Cron ran at: 22-07-2026 02:09:02 PM [] []
[2026-07-22 14:09:35] SlimMonoLogger.INFO: Cron ran at: 22-07-2026 02:09:35 PM [] []
[2026-07-22 14:09:45] SlimMonoLogger.INFO: Cron ran at: 22-07-2026 02:09:45 PM [] []
[2026-07-22 14:09:54] SlimMonoLogger.INFO: Cron ran at: 22-07-2026 02:09:54 PM [] []
[2026-07-22 14:10:11] SlimMonoLogger.INFO: Cron ran at: 22-07-2026 02:10:11 PM [] []
[2026-07-22 14:10:29] SlimMonoLogger.INFO: Cron ran at: 22-07-2026 02:10:29 PM [] []
[2026-07-22 14:10:53] SlimMonoLogger.INFO: Cron ran at: 22-07-2026 02:10:53 PM [] []
[2026-07-22 14:10:54] SlimMonoLogger.INFO: Cron ran at: 22-07-2026 02:10:54 PM [] []
[2026-07-22 14:11:25] SlimMonoLogger.INFO: Cron ran at: 22-07-2026 02:11:25 PM [] []
[2026-07-22 14:11:27] SlimMonoLogger.INFO: Cron ran at: 22-07-2026 02:11:27 PM [] []
[2026-07-22 14:11:38] SlimMonoLogger.INFO: Cron ran at: 22-07-2026 02:11:38 PM [] []
[2026-07-22 14:11:50] SlimMonoLogger.INFO: Cron ran at: 22-07-2026 02:11:50 PM [] []
[2026-07-22 14:12:28] SlimMonoLogger.INFO: Cron ran at: 22-07-2026 02:12:28 PM [] []
[2026-07-22 14:12:35] SlimMonoLogger.INFO: Cron ran at: 22-07-2026 02:12:35 PM [] []
[2026-07-22 14:12:47] SlimMonoLogger.INFO: Cron ran at: 22-07-2026 02:12:47 PM [] []
[2026-07-22 14:12:52] SlimMonoLogger.INFO: Cron ran at: 22-07-2026 02:12:52 PM [] []
[2026-07-22 14:13:14] SlimMonoLogger.INFO: Cron ran at: 22-07-2026 02:13:14 PM [] []
[2026-07-22 14:13:14] SlimMonoLogger.INFO: Cron ran at: 22-07-2026 02:13:14 PM [] []
[2026-07-22 14:13:46] SlimMonoLogger.INFO: Cron ran at: 22-07-2026 02:13:46 PM [] []
[2026-07-22 14:13:55] SlimMonoLogger.INFO: Cron ran at: 22-07-2026 02:13:55 PM [] []
[2026-07-22 14:14:07] SlimMonoLogger.INFO: Cron ran at: 22-07-2026 02:14:07 PM [] []
[2026-07-22 14:14:07] SlimMonoLogger.INFO: Cron ran at: 22-07-2026 02:14:07 PM [] []
[2026-07-22 14:14:40] SlimMonoLogger.INFO: Cron ran at: 22-07-2026 02:14:40 PM [] []
[2026-07-22 14:14:47] SlimMonoLogger.INFO: Cron ran at: 22-07-2026 02:14:47 PM [] []
[2026-07-22 14:15:03] SlimMonoLogger.INFO: Cron ran at: 22-07-2026 02:15:03 PM [] []
[2026-07-22 14:15:09] SlimMonoLogger.INFO: Cron ran at: 22-07-2026 02:15:09 PM [] []
[2026-07-22 14:15:38] SlimMonoLogger.INFO: Cron ran at: 22-07-2026 02:15:38 PM [] []
[2026-07-22 14:16:06] SlimMonoLogger.INFO: Cron ran at: 22-07-2026 02:16:06 PM [] []
[2026-07-22 14:16:14] SlimMonoLogger.INFO: Cron ran at: 22-07-2026 02:16:14 PM [] []
[2026-07-22 14:16:20] SlimMonoLogger.INFO: Cron ran at: 22-07-2026 02:16:20 PM [] []
[2026-07-22 14:16:37] SlimMonoLogger.INFO: Cron ran at: 22-07-2026 02:16:37 PM [] []
[2026-07-22 14:16:53] SlimMonoLogger.INFO: Cron ran at: 22-07-2026 02:16:53 PM [] []
[2026-07-22 14:17:15] SlimMonoLogger.INFO: Cron ran at: 22-07-2026 02:17:15 PM [] []
[2026-07-22 14:17:19] SlimMonoLogger.INFO: Cron ran at: 22-07-2026 02:17:19 PM [] []
[2026-07-22 14:17:40] SlimMonoLogger.INFO: Cron ran at: 22-07-2026 02:17:40 PM [] []
[2026-07-22 14:18:06] SlimMonoLogger.INFO: Cron ran at: 22-07-2026 02:18:06 PM [] []
[2026-07-22 14:18:09] SlimMonoLogger.INFO: Cron ran at: 22-07-2026 02:18:09 PM [] []
[2026-07-22 14:18:22] SlimMonoLogger.INFO: Cron ran at: 22-07-2026 02:18:22 PM [] []
[2026-07-22 14:18:37] SlimMonoLogger.INFO: Cron ran at: 22-07-2026 02:18:37 PM [] []
[2026-07-22 14:18:47] SlimMonoLogger.INFO: Cron ran at: 22-07-2026 02:18:47 PM [] []
[2026-07-22 14:18:51] SlimMonoLogger.INFO: Cron ran at: 22-07-2026 02:18:51 PM [] []
[2026-07-22 14:19:11] SlimMonoLogger.INFO: Cron ran at: 22-07-2026 02:19:11 PM [] []
[2026-07-22 14:19:36] SlimMonoLogger.INFO: Cron ran at: 22-07-2026 02:19:36 PM [] []
[2026-07-22 14:19:47] SlimMonoLogger.INFO: Cron ran at: 22-07-2026 02:19:47 PM [] []
[2026-07-22 14:19:48] SlimMonoLogger.INFO: Cron ran at: 22-07-2026 02:19:48 PM [] []
[2026-07-22 14:20:10] SlimMonoLogger.INFO: Cron ran at: 22-07-2026 02:20:10 PM [] []
[2026-07-22 14:20:50] SlimMonoLogger.INFO: Cron ran at: 22-07-2026 02:20:50 PM [] []
[2026-07-22 14:20:51] SlimMonoLogger.INFO: Cron ran at: 22-07-2026 02:20:51 PM [] []
[2026-07-22 14:21:11] SlimMonoLogger.INFO: Cron ran at: 22-07-2026 02:21:11 PM [] []
[2026-07-22 14:21:44] SlimMonoLogger.INFO: Cron ran at: 22-07-2026 02:21:44 PM [] []
[2026-07-22 14:21:46] SlimMonoLogger.INFO: Cron ran at: 22-07-2026 02:21:46 PM [] []
[2026-07-22 14:22:06] SlimMonoLogger.INFO: Cron ran at: 22-07-2026 02:22:06 PM [] []
[2026-07-22 14:22:18] SlimMonoLogger.INFO: Cron ran at: 22-07-2026 02:22:18 PM [] []
[2026-07-22 14:23:02] SlimMonoLogger.INFO: Cron ran at: 22-07-2026 02:23:02 PM [] []
[2026-07-22 14:23:05] SlimMonoLogger.INFO: Cron ran at: 22-07-2026 02:23:05 PM [] []
[2026-07-22 14:23:13] SlimMonoLogger.INFO: Cron ran at: 22-07-2026 02:23:13 PM [] []
[2026-07-22 14:23:39] SlimMonoLogger.INFO: Cron ran at: 22-07-2026 02:23:39 PM [] []
[2026-07-22 14:23:45] SlimMonoLogger.INFO: Cron ran at: 22-07-2026 02:23:45 PM [] []
[2026-07-22 14:23:51] SlimMonoLogger.INFO: Cron ran at: 22-07-2026 02:23:51 PM [] []
[2026-07-22 14:23:54] SlimMonoLogger.INFO: Cron ran at: 22-07-2026 02:23:54 PM [] []
[2026-07-22 14:24:14] SlimMonoLogger.INFO: Cron ran at: 22-07-2026 02:24:14 PM [] []
[2026-07-22 14:24:35] SlimMonoLogger.INFO: Cron ran at: 22-07-2026 02:24:35 PM [] []
[2026-07-22 14:24:45] SlimMonoLogger.INFO: Cron ran at: 22-07-2026 02:24:45 PM [] []
[2026-07-22 14:24:45] SlimMonoLogger.INFO: Cron ran at: 22-07-2026 02:24:45 PM [] []
[2026-07-22 14:24:52] SlimMonoLogger.INFO: Cron ran at: 22-07-2026 02:24:52 PM [] []
[2026-07-22 14:26:07] SlimMonoLogger.INFO: Cron ran at: 22-07-2026 02:26:07 PM [] []
[2026-07-22 14:26:07] SlimMonoLogger.INFO: Cron ran at: 22-07-2026 02:26:07 PM [] []
[2026-07-22 14:26:08] SlimMonoLogger.INFO: Cron ran at: 22-07-2026 02:26:08 PM [] []
[2026-07-22 14:26:37] SlimMonoLogger.INFO: Cron ran at: 22-07-2026 02:26:37 PM [] []
[2026-07-22 14:26:39] SlimMonoLogger.INFO: Cron ran at: 22-07-2026 02:26:39 PM [] []
[2026-07-22 14:26:49] SlimMonoLogger.INFO: Cron ran at: 22-07-2026 02:26:49 PM [] []
[2026-07-22 14:26:50] SlimMonoLogger.INFO: Cron ran at: 22-07-2026 02:26:50 PM [] []
[2026-07-22 14:27:33] SlimMonoLogger.INFO: Cron ran at: 22-07-2026 02:27:33 PM [] []
[2026-07-22 14:27:33] SlimMonoLogger.INFO: Cron ran at: 22-07-2026 02:27:33 PM [] []
[2026-07-22 14:27:37] SlimMonoLogger.INFO: Cron ran at: 22-07-2026 02:27:37 PM [] []
[2026-07-22 14:27:47] SlimMonoLogger.INFO: Cron ran at: 22-07-2026 02:27:47 PM [] []
[2026-07-22 14:28:21] SlimMonoLogger.INFO: Cron ran at: 22-07-2026 02:28:21 PM [] []
[2026-07-22 14:28:22] SlimMonoLogger.INFO: Cron ran at: 22-07-2026 02:28:22 PM [] []
[2026-07-22 14:28:40] SlimMonoLogger.INFO: Cron ran at: 22-07-2026 02:28:40 PM [] []
[2026-07-22 14:28:55] SlimMonoLogger.INFO: Cron ran at: 22-07-2026 02:28:55 PM [] []
[2026-07-22 14:29:22] SlimMonoLogger.INFO: Cron ran at: 22-07-2026 02:29:22 PM [] []
[2026-07-22 14:29:29] SlimMonoLogger.INFO: Cron ran at: 22-07-2026 02:29:29 PM [] []
[2026-07-22 14:29:35] SlimMonoLogger.INFO: Cron ran at: 22-07-2026 02:29:35 PM [] []
[2026-07-22 14:29:49] SlimMonoLogger.INFO: Cron ran at: 22-07-2026 02:29:49 PM [] []
[2026-07-22 14:30:27] SlimMonoLogger.INFO: Cron ran at: 22-07-2026 02:30:27 PM [] []
[2026-07-22 14:30:34] SlimMonoLogger.INFO: Cron ran at: 22-07-2026 02:30:34 PM [] []
[2026-07-22 14:30:50] SlimMonoLogger.INFO: Cron ran at: 22-07-2026 02:30:50 PM [] []
[2026-07-22 14:31:12] SlimMonoLogger.INFO: Cron ran at: 22-07-2026 02:31:12 PM [] []
[2026-07-22 14:31:32] SlimMonoLogger.INFO: Cron ran at: 22-07-2026 02:31:32 PM [] []
[2026-07-22 14:31:43] SlimMonoLogger.INFO: Cron ran at: 22-07-2026 02:31:43 PM [] []
[2026-07-22 14:32:09] SlimMonoLogger.INFO: Cron ran at: 22-07-2026 02:32:09 PM [] []
[2026-07-22 14:32:23] SlimMonoLogger.INFO: Cron ran at: 22-07-2026 02:32:23 PM [] []
[2026-07-22 14:32:32] SlimMonoLogger.INFO: Cron ran at: 22-07-2026 02:32:32 PM [] []
[2026-07-22 14:32:45] SlimMonoLogger.INFO: Cron ran at: 22-07-2026 02:32:45 PM [] []
[2026-07-22 14:33:09] SlimMonoLogger.INFO: Cron ran at: 22-07-2026 02:33:09 PM [] []
[2026-07-22 14:33:10] SlimMonoLogger.INFO: Cron ran at: 22-07-2026 02:33:10 PM [] []
[2026-07-22 14:33:33] SlimMonoLogger.INFO: Cron ran at: 22-07-2026 02:33:33 PM [] []
[2026-07-22 14:33:43] SlimMonoLogger.INFO: Cron ran at: 22-07-2026 02:33:43 PM [] []
[2026-07-22 14:33:58] SlimMonoLogger.INFO: Cron ran at: 22-07-2026 02:33:58 PM [] []
[2026-07-22 14:33:58] SlimMonoLogger.INFO: Cron ran at: 22-07-2026 02:33:58 PM [] []
[2026-07-22 14:34:34] SlimMonoLogger.INFO: Cron ran at: 22-07-2026 02:34:34 PM [] []
[2026-07-22 14:34:56] SlimMonoLogger.INFO: Cron ran at: 22-07-2026 02:34:56 PM [] []
[2026-07-22 14:34:57] SlimMonoLogger.INFO: Cron ran at: 22-07-2026 02:34:57 PM [] []
[2026-07-22 14:34:58] SlimMonoLogger.INFO: Cron ran at: 22-07-2026 02:34:58 PM [] []
[2026-07-22 14:35:23] SlimMonoLogger.INFO: Cron ran at: 22-07-2026 02:35:23 PM [] []
[2026-07-22 14:35:45] SlimMonoLogger.INFO: Cron ran at: 22-07-2026 02:35:45 PM [] []
[2026-07-22 14:35:56] SlimMonoLogger.INFO: Cron ran at: 22-07-2026 02:35:56 PM [] []
[2026-07-22 14:36:31] SlimMonoLogger.INFO: Cron ran at: 22-07-2026 02:36:31 PM [] []
[2026-07-22 14:36:32] SlimMonoLogger.INFO: Cron ran at: 22-07-2026 02:36:32 PM [] []
[2026-07-22 14:36:36] SlimMonoLogger.INFO: Cron ran at: 22-07-2026 02:36:36 PM [] []
[2026-07-22 14:36:59] SlimMonoLogger.INFO: Cron ran at: 22-07-2026 02:36:59 PM [] []
[2026-07-22 14:37:41] SlimMonoLogger.INFO: Cron ran at: 22-07-2026 02:37:41 PM [] []
[2026-07-22 14:37:41] SlimMonoLogger.INFO: Cron ran at: 22-07-2026 02:37:41 PM [] []
[2026-07-22 14:37:42] SlimMonoLogger.INFO: Cron ran at: 22-07-2026 02:37:42 PM [] []
[2026-07-22 14:38:12] SlimMonoLogger.INFO: Cron ran at: 22-07-2026 02:38:12 PM [] []
[2026-07-22 14:38:25] SlimMonoLogger.INFO: Cron ran at: 22-07-2026 02:38:25 PM [] []
[2026-07-22 14:38:40] SlimMonoLogger.INFO: Cron ran at: 22-07-2026 02:38:40 PM [] []
[2026-07-22 14:38:41] SlimMonoLogger.INFO: Cron ran at: 22-07-2026 02:38:41 PM [] []
[2026-07-22 14:39:13] SlimMonoLogger.INFO: Cron ran at: 22-07-2026 02:39:13 PM [] []
[2026-07-22 14:39:15] SlimMonoLogger.INFO: Cron ran at: 22-07-2026 02:39:15 PM [] []
[2026-07-22 14:39:34] SlimMonoLogger.INFO: Cron ran at: 22-07-2026 02:39:34 PM [] []
[2026-07-22 14:39:37] SlimMonoLogger.INFO: Cron ran at: 22-07-2026 02:39:37 PM [] []
[2026-07-22 14:40:06] SlimMonoLogger.INFO: Cron ran at: 22-07-2026 02:40:06 PM [] []
[2026-07-22 14:40:07] SlimMonoLogger.INFO: Cron ran at: 22-07-2026 02:40:07 PM [] []
[2026-07-22 14:40:26] SlimMonoLogger.INFO: Cron ran at: 22-07-2026 02:40:26 PM [] []
[2026-07-22 14:40:31] SlimMonoLogger.INFO: Cron ran at: 22-07-2026 02:40:31 PM [] []
[2026-07-22 14:40:53] SlimMonoLogger.INFO: Cron ran at: 22-07-2026 02:40:53 PM [] []
[2026-07-22 14:41:05] SlimMonoLogger.INFO: Cron ran at: 22-07-2026 02:41:05 PM [] []
[2026-07-22 14:41:33] SlimMonoLogger.INFO: Cron ran at: 22-07-2026 02:41:33 PM [] []
[2026-07-22 14:41:50] SlimMonoLogger.INFO: Cron ran at: 22-07-2026 02:41:50 PM [] []
[2026-07-22 14:41:51] SlimMonoLogger.INFO: Cron ran at: 22-07-2026 02:41:51 PM [] []
[2026-07-22 14:41:58] SlimMonoLogger.INFO: Cron ran at: 22-07-2026 02:41:58 PM [] []
[2026-07-22 14:42:33] SlimMonoLogger.INFO: Cron ran at: 22-07-2026 02:42:33 PM [] []
[2026-07-22 14:42:40] SlimMonoLogger.INFO: Cron ran at: 22-07-2026 02:42:40 PM [] []
[2026-07-22 14:42:42] SlimMonoLogger.INFO: Cron ran at: 22-07-2026 02:42:42 PM [] []
[2026-07-22 14:43:02] SlimMonoLogger.INFO: Cron ran at: 22-07-2026 02:43:02 PM [] []
[2026-07-22 14:43:28] SlimMonoLogger.INFO: Cron ran at: 22-07-2026 02:43:28 PM [] []
[2026-07-22 14:43:31] SlimMonoLogger.INFO: Cron ran at: 22-07-2026 02:43:31 PM [] []
[2026-07-22 14:43:47] SlimMonoLogger.INFO: Cron ran at: 22-07-2026 02:43:47 PM [] []
[2026-07-22 14:44:08] SlimMonoLogger.INFO: Cron ran at: 22-07-2026 02:44:08 PM [] []
[2026-07-22 14:44:26] SlimMonoLogger.INFO: Cron ran at: 22-07-2026 02:44:26 PM [] []
[2026-07-22 14:44:27] SlimMonoLogger.INFO: Cron ran at: 22-07-2026 02:44:27 PM [] []
[2026-07-22 14:44:40] SlimMonoLogger.INFO: Cron ran at: 22-07-2026 02:44:40 PM [] []
[2026-07-22 14:44:56] SlimMonoLogger.INFO: Cron ran at: 22-07-2026 02:44:56 PM [] []
[2026-07-22 14:45:17] SlimMonoLogger.INFO: Cron ran at: 22-07-2026 02:45:17 PM [] []
[2026-07-22 14:45:25] SlimMonoLogger.INFO: Cron ran at: 22-07-2026 02:45:25 PM [] []
[2026-07-22 14:45:40] SlimMonoLogger.INFO: Cron ran at: 22-07-2026 02:45:40 PM [] []
[2026-07-22 14:46:10] SlimMonoLogger.INFO: Cron ran at: 22-07-2026 02:46:10 PM [] []
[2026-07-22 14:46:25] SlimMonoLogger.INFO: Cron ran at: 22-07-2026 02:46:25 PM [] []
[2026-07-22 14:46:36] SlimMonoLogger.INFO: Cron ran at: 22-07-2026 02:46:36 PM [] []
[2026-07-22 14:46:37] SlimMonoLogger.INFO: Cron ran at: 22-07-2026 02:46:37 PM [] []
[2026-07-22 14:47:14] SlimMonoLogger.INFO: Cron ran at: 22-07-2026 02:47:14 PM [] []
[2026-07-22 14:47:24] SlimMonoLogger.INFO: Cron ran at: 22-07-2026 02:47:24 PM [] []
[2026-07-22 14:47:25] SlimMonoLogger.INFO: Cron ran at: 22-07-2026 02:47:25 PM [] []
[2026-07-22 14:47:35] SlimMonoLogger.INFO: Cron ran at: 22-07-2026 02:47:35 PM [] []
[2026-07-22 14:48:05] SlimMonoLogger.INFO: Cron ran at: 22-07-2026 02:48:05 PM [] []
[2026-07-22 14:48:28] SlimMonoLogger.INFO: Cron ran at: 22-07-2026 02:48:28 PM [] []
[2026-07-22 14:48:31] SlimMonoLogger.INFO: Cron ran at: 22-07-2026 02:48:31 PM [] []
[2026-07-22 14:48:38] SlimMonoLogger.INFO: Cron ran at: 22-07-2026 02:48:38 PM [] []
[2026-07-22 14:49:05] SlimMonoLogger.INFO: Cron ran at: 22-07-2026 02:49:05 PM [] []
[2026-07-22 14:49:11] SlimMonoLogger.INFO: Cron ran at: 22-07-2026 02:49:11 PM [] []
[2026-07-22 14:49:27] SlimMonoLogger.INFO: Cron ran at: 22-07-2026 02:49:27 PM [] []
[2026-07-22 14:49:37] SlimMonoLogger.INFO: Cron ran at: 22-07-2026 02:49:37 PM [] []
[2026-07-22 14:49:58] SlimMonoLogger.INFO: Cron ran at: 22-07-2026 02:49:58 PM [] []
[2026-07-22 14:50:01] SlimMonoLogger.INFO: Cron ran at: 22-07-2026 02:50:01 PM [] []
[2026-07-22 14:50:25] SlimMonoLogger.INFO: Cron ran at: 22-07-2026 02:50:25 PM [] []
[2026-07-22 14:50:41] SlimMonoLogger.INFO: Cron ran at: 22-07-2026 02:50:41 PM [] []
[2026-07-22 14:51:01] SlimMonoLogger.INFO: Cron ran at: 22-07-2026 02:51:01 PM [] []
[2026-07-22 14:51:02] SlimMonoLogger.INFO: Cron ran at: 22-07-2026 02:51:02 PM [] []
[2026-07-22 14:51:42] SlimMonoLogger.INFO: Cron ran at: 22-07-2026 02:51:42 PM [] []
[2026-07-22 14:52:02] SlimMonoLogger.INFO: Cron ran at: 22-07-2026 02:52:02 PM [] []
[2026-07-22 14:52:04] SlimMonoLogger.INFO: Cron ran at: 22-07-2026 02:52:04 PM [] []
[2026-07-22 14:52:04] SlimMonoLogger.INFO: Cron ran at: 22-07-2026 02:52:04 PM [] []
[2026-07-22 14:52:44] SlimMonoLogger.INFO: Cron ran at: 22-07-2026 02:52:44 PM [] []
[2026-07-22 14:52:45] SlimMonoLogger.INFO: Cron ran at: 22-07-2026 02:52:45 PM [] []
[2026-07-22 14:52:52] SlimMonoLogger.INFO: Cron ran at: 22-07-2026 02:52:52 PM [] []
[2026-07-22 14:53:06] SlimMonoLogger.INFO: Cron ran at: 22-07-2026 02:53:06 PM [] []
[2026-07-22 14:53:52] SlimMonoLogger.INFO: Cron ran at: 22-07-2026 02:53:52 PM [] []
[2026-07-22 14:53:57] SlimMonoLogger.INFO: Cron ran at: 22-07-2026 02:53:57 PM [] []
[2026-07-22 14:54:07] SlimMonoLogger.INFO: Cron ran at: 22-07-2026 02:54:07 PM [] []
[2026-07-22 14:54:23] SlimMonoLogger.INFO: Cron ran at: 22-07-2026 02:54:23 PM [] []
[2026-07-22 14:54:32] SlimMonoLogger.INFO: Cron ran at: 22-07-2026 02:54:32 PM [] []
[2026-07-22 14:54:42] SlimMonoLogger.INFO: Cron ran at: 22-07-2026 02:54:42 PM [] []
[2026-07-22 14:54:53] SlimMonoLogger.INFO: Cron ran at: 22-07-2026 02:54:53 PM [] []
[2026-07-22 14:55:05] SlimMonoLogger.INFO: Cron ran at: 22-07-2026 02:55:05 PM [] []
[2026-07-22 14:55:27] SlimMonoLogger.INFO: Cron ran at: 22-07-2026 02:55:27 PM [] []
[2026-07-22 14:56:01] SlimMonoLogger.INFO: Cron ran at: 22-07-2026 02:56:01 PM [] []
[2026-07-22 14:56:17] SlimMonoLogger.INFO: Cron ran at: 22-07-2026 02:56:17 PM [] []
[2026-07-22 14:56:28] SlimMonoLogger.INFO: Cron ran at: 22-07-2026 02:56:28 PM [] []
[2026-07-22 14:56:58] SlimMonoLogger.INFO: Cron ran at: 22-07-2026 02:56:58 PM [] []
[2026-07-22 14:57:00] SlimMonoLogger.INFO: Cron ran at: 22-07-2026 02:57:00 PM [] []
[2026-07-22 14:57:19] SlimMonoLogger.INFO: Cron ran at: 22-07-2026 02:57:19 PM [] []
[2026-07-22 14:57:22] SlimMonoLogger.INFO: Cron ran at: 22-07-2026 02:57:22 PM [] []
[2026-07-22 14:57:55] SlimMonoLogger.INFO: Cron ran at: 22-07-2026 02:57:55 PM [] []
[2026-07-22 14:57:57] SlimMonoLogger.INFO: Cron ran at: 22-07-2026 02:57:57 PM [] []
[2026-07-22 14:58:12] SlimMonoLogger.INFO: Cron ran at: 22-07-2026 02:58:12 PM [] []
[2026-07-22 14:58:18] SlimMonoLogger.INFO: Cron ran at: 22-07-2026 02:58:18 PM [] []
[2026-07-22 14:58:45] SlimMonoLogger.INFO: Cron ran at: 22-07-2026 02:58:45 PM [] []
[2026-07-22 14:58:58] SlimMonoLogger.INFO: Cron ran at: 22-07-2026 02:58:58 PM [] []
[2026-07-22 14:59:11] SlimMonoLogger.INFO: Cron ran at: 22-07-2026 02:59:11 PM [] []
[2026-07-22 14:59:32] SlimMonoLogger.INFO: Cron ran at: 22-07-2026 02:59:32 PM [] []
[2026-07-22 14:59:37] SlimMonoLogger.INFO: Cron ran at: 22-07-2026 02:59:37 PM [] []
[2026-07-22 14:59:59] SlimMonoLogger.INFO: Cron ran at: 22-07-2026 02:59:59 PM [] []
[2026-07-22 15:00:19] SlimMonoLogger.INFO: Cron ran at: 22-07-2026 03:00:19 PM [] []
[2026-07-22 15:00:19] SlimMonoLogger.INFO: Cron ran at: 22-07-2026 03:00:19 PM [] []
[2026-07-22 15:00:51] SlimMonoLogger.INFO: Cron ran at: 22-07-2026 03:00:51 PM [] []
[2026-07-22 15:00:55] SlimMonoLogger.INFO: Cron ran at: 22-07-2026 03:00:55 PM [] []
[2026-07-22 15:01:17] SlimMonoLogger.INFO: Cron ran at: 22-07-2026 03:01:17 PM [] []
[2026-07-22 15:01:28] SlimMonoLogger.INFO: Cron ran at: 22-07-2026 03:01:28 PM [] []
[2026-07-22 15:01:36] SlimMonoLogger.INFO: Cron ran at: 22-07-2026 03:01:36 PM [] []
[2026-07-22 15:01:54] SlimMonoLogger.INFO: Cron ran at: 22-07-2026 03:01:54 PM [] []
[2026-07-22 15:02:08] SlimMonoLogger.INFO: Cron ran at: 22-07-2026 03:02:08 PM [] []
[2026-07-22 15:02:14] SlimMonoLogger.INFO: Cron ran at: 22-07-2026 03:02:14 PM [] []
[2026-07-22 15:02:32] SlimMonoLogger.INFO: Cron ran at: 22-07-2026 03:02:32 PM [] []
[2026-07-22 15:02:51] SlimMonoLogger.INFO: Cron ran at: 22-07-2026 03:02:51 PM [] []
[2026-07-22 15:03:11] SlimMonoLogger.INFO: Cron ran at: 22-07-2026 03:03:11 PM [] []
[2026-07-22 15:03:16] SlimMonoLogger.INFO: Cron ran at: 22-07-2026 03:03:16 PM [] []
[2026-07-22 15:03:16] SlimMonoLogger.INFO: Cron ran at: 22-07-2026 03:03:16 PM [] []
[2026-07-22 15:03:57] SlimMonoLogger.INFO: Cron ran at: 22-07-2026 03:03:57 PM [] []
[2026-07-22 15:04:17] SlimMonoLogger.INFO: Cron ran at: 22-07-2026 03:04:17 PM [] []
[2026-07-22 15:04:17] SlimMonoLogger.INFO: Cron ran at: 22-07-2026 03:04:17 PM [] []
[2026-07-22 15:04:19] SlimMonoLogger.INFO: Cron ran at: 22-07-2026 03:04:19 PM [] []
[2026-07-22 15:04:36] SlimMonoLogger.INFO: Cron ran at: 22-07-2026 03:04:36 PM [] []
[2026-07-22 15:04:55] SlimMonoLogger.INFO: Cron ran at: 22-07-2026 03:04:55 PM [] []
[2026-07-22 15:05:12] SlimMonoLogger.INFO: Cron ran at: 22-07-2026 03:05:12 PM [] []
[2026-07-22 15:05:17] SlimMonoLogger.INFO: Cron ran at: 22-07-2026 03:05:17 PM [] []
[2026-07-22 15:05:38] SlimMonoLogger.INFO: Cron ran at: 22-07-2026 03:05:38 PM [] []
[2026-07-22 15:06:20] SlimMonoLogger.INFO: Cron ran at: 22-07-2026 03:06:20 PM [] []
[2026-07-22 15:06:21] SlimMonoLogger.INFO: Cron ran at: 22-07-2026 03:06:21 PM [] []
[2026-07-22 15:06:44] SlimMonoLogger.INFO: Cron ran at: 22-07-2026 03:06:44 PM [] []
[2026-07-22 15:06:45] SlimMonoLogger.INFO: Cron ran at: 22-07-2026 03:06:45 PM [] []
[2026-07-22 15:07:10] SlimMonoLogger.INFO: Cron ran at: 22-07-2026 03:07:10 PM [] []
[2026-07-22 15:07:17] SlimMonoLogger.INFO: Cron ran at: 22-07-2026 03:07:17 PM [] []
[2026-07-22 15:07:28] SlimMonoLogger.INFO: Cron ran at: 22-07-2026 03:07:28 PM [] []
[2026-07-22 15:07:37] SlimMonoLogger.INFO: Cron ran at: 22-07-2026 03:07:37 PM [] []
[2026-07-22 15:08:11] SlimMonoLogger.INFO: Cron ran at: 22-07-2026 03:08:11 PM [] []
[2026-07-22 15:08:13] SlimMonoLogger.INFO: Cron ran at: 22-07-2026 03:08:13 PM [] []
[2026-07-22 15:08:22] SlimMonoLogger.INFO: Cron ran at: 22-07-2026 03:08:22 PM [] []
[2026-07-22 15:08:24] SlimMonoLogger.INFO: Cron ran at: 22-07-2026 03:08:24 PM [] []
[2026-07-22 15:09:11] SlimMonoLogger.INFO: Cron ran at: 22-07-2026 03:09:11 PM [] []
[2026-07-22 15:09:13] SlimMonoLogger.INFO: Cron ran at: 22-07-2026 03:09:13 PM [] []
[2026-07-22 15:09:28] SlimMonoLogger.INFO: Cron ran at: 22-07-2026 03:09:28 PM [] []
[2026-07-22 15:09:28] SlimMonoLogger.INFO: Cron ran at: 22-07-2026 03:09:28 PM [] []
[2026-07-22 15:10:19] SlimMonoLogger.INFO: Cron ran at: 22-07-2026 03:10:19 PM [] []
[2026-07-22 15:10:19] SlimMonoLogger.INFO: Cron ran at: 22-07-2026 03:10:19 PM [] []
[2026-07-22 15:10:19] SlimMonoLogger.INFO: Cron ran at: 22-07-2026 03:10:19 PM [] []
[2026-07-22 15:10:27] SlimMonoLogger.INFO: Cron ran at: 22-07-2026 03:10:27 PM [] []
[2026-07-22 15:11:15] SlimMonoLogger.INFO: Cron ran at: 22-07-2026 03:11:15 PM [] []
[2026-07-22 15:11:15] SlimMonoLogger.INFO: Cron ran at: 22-07-2026 03:11:15 PM [] []
[2026-07-22 15:11:28] SlimMonoLogger.INFO: Cron ran at: 22-07-2026 03:11:28 PM [] []
[2026-07-22 15:11:41] SlimMonoLogger.INFO: Cron ran at: 22-07-2026 03:11:41 PM [] []
[2026-07-22 15:12:11] SlimMonoLogger.INFO: Cron ran at: 22-07-2026 03:12:11 PM [] []
[2026-07-22 15:12:13] SlimMonoLogger.INFO: Cron ran at: 22-07-2026 03:12:13 PM [] []
[2026-07-22 15:12:19] SlimMonoLogger.INFO: Cron ran at: 22-07-2026 03:12:19 PM [] []
[2026-07-22 15:12:28] SlimMonoLogger.INFO: Cron ran at: 22-07-2026 03:12:28 PM [] []
[2026-07-22 15:13:04] SlimMonoLogger.INFO: Cron ran at: 22-07-2026 03:13:04 PM [] []
[2026-07-22 15:13:13] SlimMonoLogger.INFO: Cron ran at: 22-07-2026 03:13:13 PM [] []
[2026-07-22 15:13:17] SlimMonoLogger.INFO: Cron ran at: 22-07-2026 03:13:17 PM [] []
[2026-07-22 15:13:18] SlimMonoLogger.INFO: Cron ran at: 22-07-2026 03:13:18 PM [] []
[2026-07-22 15:14:02] SlimMonoLogger.INFO: Cron ran at: 22-07-2026 03:14:02 PM [] []
[2026-07-22 15:14:16] SlimMonoLogger.INFO: Cron ran at: 22-07-2026 03:14:16 PM [] []
[2026-07-22 15:14:20] SlimMonoLogger.INFO: Cron ran at: 22-07-2026 03:14:20 PM [] []
[2026-07-22 15:14:20] SlimMonoLogger.INFO: Cron ran at: 22-07-2026 03:14:20 PM [] []
[2026-07-22 15:14:59] SlimMonoLogger.INFO: Cron ran at: 22-07-2026 03:14:59 PM [] []
[2026-07-22 15:15:07] SlimMonoLogger.INFO: Cron ran at: 22-07-2026 03:15:07 PM [] []
[2026-07-22 15:15:07] SlimMonoLogger.INFO: Cron ran at: 22-07-2026 03:15:07 PM [] []
[2026-07-22 15:15:19] SlimMonoLogger.INFO: Cron ran at: 22-07-2026 03:15:19 PM [] []
[2026-07-22 15:15:59] SlimMonoLogger.INFO: Cron ran at: 22-07-2026 03:15:59 PM [] []
[2026-07-22 15:16:00] SlimMonoLogger.INFO: Cron ran at: 22-07-2026 03:16:00 PM [] []
[2026-07-22 15:16:24] SlimMonoLogger.INFO: Cron ran at: 22-07-2026 03:16:24 PM [] []
[2026-07-22 15:16:51] SlimMonoLogger.INFO: Cron ran at: 22-07-2026 03:16:51 PM [] []
[2026-07-22 15:16:56] SlimMonoLogger.INFO: Cron ran at: 22-07-2026 03:16:56 PM [] []
[2026-07-22 15:16:57] SlimMonoLogger.INFO: Cron ran at: 22-07-2026 03:16:57 PM [] []
[2026-07-22 15:17:19] SlimMonoLogger.INFO: Cron ran at: 22-07-2026 03:17:19 PM [] []
[2026-07-22 15:17:41] SlimMonoLogger.INFO: Cron ran at: 22-07-2026 03:17:41 PM [] []
[2026-07-22 15:17:57] SlimMonoLogger.INFO: Cron ran at: 22-07-2026 03:17:57 PM [] []
[2026-07-22 15:18:19] SlimMonoLogger.INFO: Cron ran at: 22-07-2026 03:18:19 PM [] []
[2026-07-22 15:18:25] SlimMonoLogger.INFO: Cron ran at: 22-07-2026 03:18:25 PM [] []
[2026-07-22 15:18:41] SlimMonoLogger.INFO: Cron ran at: 22-07-2026 03:18:41 PM [] []
[2026-07-22 15:18:59] SlimMonoLogger.INFO: Cron ran at: 22-07-2026 03:18:59 PM [] []
[2026-07-22 15:19:00] SlimMonoLogger.INFO: Cron ran at: 22-07-2026 03:19:00 PM [] []
[2026-07-22 15:19:17] SlimMonoLogger.INFO: Cron ran at: 22-07-2026 03:19:17 PM [] []
[2026-07-22 15:19:34] SlimMonoLogger.INFO: Cron ran at: 22-07-2026 03:19:34 PM [] []
[2026-07-22 15:19:53] SlimMonoLogger.INFO: Cron ran at: 22-07-2026 03:19:53 PM [] []
[2026-07-22 15:19:53] SlimMonoLogger.INFO: Cron ran at: 22-07-2026 03:19:53 PM [] []
[2026-07-22 15:20:19] SlimMonoLogger.INFO: Cron ran at: 22-07-2026 03:20:19 PM [] []
[2026-07-22 15:21:07] SlimMonoLogger.INFO: Cron ran at: 22-07-2026 03:21:07 PM [] []
[2026-07-22 15:21:09] SlimMonoLogger.INFO: Cron ran at: 22-07-2026 03:21:09 PM [] []
[2026-07-22 15:21:19] SlimMonoLogger.INFO: Cron ran at: 22-07-2026 03:21:19 PM [] []
[2026-07-22 15:21:54] SlimMonoLogger.INFO: Cron ran at: 22-07-2026 03:21:54 PM [] []
[2026-07-22 15:21:54] SlimMonoLogger.INFO: Cron ran at: 22-07-2026 03:21:54 PM [] []
[2026-07-22 15:21:57] SlimMonoLogger.INFO: Cron ran at: 22-07-2026 03:21:57 PM [] []
[2026-07-22 15:22:12] SlimMonoLogger.INFO: Cron ran at: 22-07-2026 03:22:12 PM [] []
[2026-07-22 15:22:52] SlimMonoLogger.INFO: Cron ran at: 22-07-2026 03:22:52 PM [] []
[2026-07-22 15:22:56] SlimMonoLogger.INFO: Cron ran at: 22-07-2026 03:22:56 PM [] []
[2026-07-22 15:22:58] SlimMonoLogger.INFO: Cron ran at: 22-07-2026 03:22:58 PM [] []
[2026-07-22 15:23:07] SlimMonoLogger.INFO: Cron ran at: 22-07-2026 03:23:07 PM [] []
[2026-07-22 15:23:42] SlimMonoLogger.INFO: Cron ran at: 22-07-2026 03:23:42 PM [] []
[2026-07-22 15:23:51] SlimMonoLogger.INFO: Cron ran at: 22-07-2026 03:23:51 PM [] []
[2026-07-22 15:23:54] SlimMonoLogger.INFO: Cron ran at: 22-07-2026 03:23:54 PM [] []
[2026-07-22 15:24:13] SlimMonoLogger.INFO: Cron ran at: 22-07-2026 03:24:13 PM [] []
[2026-07-22 15:24:36] SlimMonoLogger.INFO: Cron ran at: 22-07-2026 03:24:36 PM [] []
[2026-07-22 15:24:54] SlimMonoLogger.INFO: Cron ran at: 22-07-2026 03:24:54 PM [] []
[2026-07-22 15:24:55] SlimMonoLogger.INFO: Cron ran at: 22-07-2026 03:24:55 PM [] []
[2026-07-22 15:25:04] SlimMonoLogger.INFO: Cron ran at: 22-07-2026 03:25:04 PM [] []
[2026-07-22 15:25:26] SlimMonoLogger.INFO: Cron ran at: 22-07-2026 03:25:26 PM [] []
[2026-07-22 15:25:55] SlimMonoLogger.INFO: Cron ran at: 22-07-2026 03:25:55 PM [] []
[2026-07-22 15:26:08] SlimMonoLogger.INFO: Cron ran at: 22-07-2026 03:26:08 PM [] []
[2026-07-22 15:26:22] SlimMonoLogger.INFO: Cron ran at: 22-07-2026 03:26:22 PM [] []
[2026-07-22 15:26:59] SlimMonoLogger.INFO: Cron ran at: 22-07-2026 03:26:59 PM [] []
[2026-07-22 15:27:19] SlimMonoLogger.INFO: Cron ran at: 22-07-2026 03:27:19 PM [] []
[2026-07-22 15:27:20] SlimMonoLogger.INFO: Cron ran at: 22-07-2026 03:27:20 PM [] []
[2026-07-22 15:27:46] SlimMonoLogger.INFO: Cron ran at: 22-07-2026 03:27:46 PM [] []
[2026-07-22 15:27:48] SlimMonoLogger.INFO: Cron ran at: 22-07-2026 03:27:48 PM [] []
[2026-07-22 15:27:54] SlimMonoLogger.INFO: Cron ran at: 22-07-2026 03:27:54 PM [] []
[2026-07-22 15:28:05] SlimMonoLogger.INFO: Cron ran at: 22-07-2026 03:28:05 PM [] []
[2026-07-22 15:28:17] SlimMonoLogger.INFO: Cron ran at: 22-07-2026 03:28:17 PM [] []
[2026-07-22 15:28:39] SlimMonoLogger.INFO: Cron ran at: 22-07-2026 03:28:39 PM [] []
[2026-07-22 15:28:52] SlimMonoLogger.INFO: Cron ran at: 22-07-2026 03:28:52 PM [] []
[2026-07-22 15:29:05] SlimMonoLogger.INFO: Cron ran at: 22-07-2026 03:29:05 PM [] []
[2026-07-22 15:29:21] SlimMonoLogger.INFO: Cron ran at: 22-07-2026 03:29:21 PM [] []
[2026-07-22 15:29:36] SlimMonoLogger.INFO: Cron ran at: 22-07-2026 03:29:36 PM [] []
[2026-07-22 15:29:54] SlimMonoLogger.INFO: Cron ran at: 22-07-2026 03:29:54 PM [] []
[2026-07-22 15:30:08] SlimMonoLogger.INFO: Cron ran at: 22-07-2026 03:30:08 PM [] []
[2026-07-22 15:30:13] SlimMonoLogger.INFO: Cron ran at: 22-07-2026 03:30:13 PM [] []
[2026-07-22 15:30:28] SlimMonoLogger.INFO: Cron ran at: 22-07-2026 03:30:28 PM [] []
[2026-07-22 15:31:18] SlimMonoLogger.INFO: Cron ran at: 22-07-2026 03:31:18 PM [] []
[2026-07-22 15:31:19] SlimMonoLogger.INFO: Cron ran at: 22-07-2026 03:31:19 PM [] []
[2026-07-22 15:31:30] SlimMonoLogger.INFO: Cron ran at: 22-07-2026 03:31:30 PM [] []
[2026-07-22 15:31:44] SlimMonoLogger.INFO: Cron ran at: 22-07-2026 03:31:44 PM [] []
[2026-07-22 15:32:11] SlimMonoLogger.INFO: Cron ran at: 22-07-2026 03:32:11 PM [] []
[2026-07-22 15:32:13] SlimMonoLogger.INFO: Cron ran at: 22-07-2026 03:32:13 PM [] []
[2026-07-22 15:32:25] SlimMonoLogger.INFO: Cron ran at: 22-07-2026 03:32:25 PM [] []
[2026-07-22 15:32:36] SlimMonoLogger.INFO: Cron ran at: 22-07-2026 03:32:36 PM [] []
[2026-07-22 15:33:15] SlimMonoLogger.INFO: Cron ran at: 22-07-2026 03:33:15 PM [] []
[2026-07-22 15:33:16] SlimMonoLogger.INFO: Cron ran at: 22-07-2026 03:33:16 PM [] []
[2026-07-22 15:33:16] SlimMonoLogger.INFO: Cron ran at: 22-07-2026 03:33:16 PM [] []
[2026-07-22 15:33:31] SlimMonoLogger.INFO: Cron ran at: 22-07-2026 03:33:31 PM [] []
[2026-07-22 15:34:07] SlimMonoLogger.INFO: Cron ran at: 22-07-2026 03:34:07 PM [] []
[2026-07-22 15:34:09] SlimMonoLogger.INFO: Cron ran at: 22-07-2026 03:34:09 PM [] []
[2026-07-22 15:34:10] SlimMonoLogger.INFO: Cron ran at: 22-07-2026 03:34:10 PM [] []
[2026-07-22 15:34:17] SlimMonoLogger.INFO: Cron ran at: 22-07-2026 03:34:17 PM [] []
[2026-07-22 15:35:08] SlimMonoLogger.INFO: Cron ran at: 22-07-2026 03:35:08 PM [] []
[2026-07-22 15:35:08] SlimMonoLogger.INFO: Cron ran at: 22-07-2026 03:35:08 PM [] []
[2026-07-22 15:35:08] SlimMonoLogger.INFO: Cron ran at: 22-07-2026 03:35:08 PM [] []
[2026-07-22 15:35:09] SlimMonoLogger.INFO: Cron ran at: 22-07-2026 03:35:09 PM [] []
[2026-07-22 15:36:19] SlimMonoLogger.INFO: Cron ran at: 22-07-2026 03:36:19 PM [] []
[2026-07-22 15:36:19] SlimMonoLogger.INFO: Cron ran at: 22-07-2026 03:36:19 PM [] []
[2026-07-22 15:36:25] SlimMonoLogger.INFO: Cron ran at: 22-07-2026 03:36:25 PM [] []
[2026-07-22 15:37:01] SlimMonoLogger.INFO: Cron ran at: 22-07-2026 03:37:01 PM [] []
[2026-07-22 15:37:08] SlimMonoLogger.INFO: Cron ran at: 22-07-2026 03:37:08 PM [] []
[2026-07-22 15:37:12] SlimMonoLogger.INFO: Cron ran at: 22-07-2026 03:37:12 PM [] []
[2026-07-22 15:37:15] SlimMonoLogger.INFO: Cron ran at: 22-07-2026 03:37:15 PM [] []
[2026-07-22 15:37:46] SlimMonoLogger.INFO: Cron ran at: 22-07-2026 03:37:46 PM [] []
[2026-07-22 15:38:05] SlimMonoLogger.INFO: Cron ran at: 22-07-2026 03:38:05 PM [] []
[2026-07-22 15:38:14] SlimMonoLogger.INFO: Cron ran at: 22-07-2026 03:38:14 PM [] []
[2026-07-22 15:38:16] SlimMonoLogger.INFO: Cron ran at: 22-07-2026 03:38:16 PM [] []
[2026-07-22 15:38:42] SlimMonoLogger.INFO: Cron ran at: 22-07-2026 03:38:42 PM [] []
[2026-07-22 15:39:01] SlimMonoLogger.INFO: Cron ran at: 22-07-2026 03:39:01 PM [] []
[2026-07-22 15:39:16] SlimMonoLogger.INFO: Cron ran at: 22-07-2026 03:39:16 PM [] []
[2026-07-22 15:39:19] SlimMonoLogger.INFO: Cron ran at: 22-07-2026 03:39:19 PM [] []
[2026-07-22 15:39:27] SlimMonoLogger.INFO: Cron ran at: 22-07-2026 03:39:27 PM [] []
[2026-07-22 15:39:58] SlimMonoLogger.INFO: Cron ran at: 22-07-2026 03:39:58 PM [] []
[2026-07-22 15:40:13] SlimMonoLogger.INFO: Cron ran at: 22-07-2026 03:40:13 PM [] []
[2026-07-22 15:40:14] SlimMonoLogger.INFO: Cron ran at: 22-07-2026 03:40:14 PM [] []
[2026-07-22 15:40:18] SlimMonoLogger.INFO: Cron ran at: 22-07-2026 03:40:18 PM [] []
[2026-07-22 15:41:00] SlimMonoLogger.INFO: Cron ran at: 22-07-2026 03:41:00 PM [] []
[2026-07-22 15:41:13] SlimMonoLogger.INFO: Cron ran at: 22-07-2026 03:41:13 PM [] []
[2026-07-22 15:41:16] SlimMonoLogger.INFO: Cron ran at: 22-07-2026 03:41:16 PM [] []
[2026-07-22 15:41:42] SlimMonoLogger.INFO: Cron ran at: 22-07-2026 03:41:42 PM [] []
[2026-07-22 15:41:54] SlimMonoLogger.INFO: Cron ran at: 22-07-2026 03:41:54 PM [] []
[2026-07-22 15:42:17] SlimMonoLogger.INFO: Cron ran at: 22-07-2026 03:42:17 PM [] []
[2026-07-22 15:42:21] SlimMonoLogger.INFO: Cron ran at: 22-07-2026 03:42:21 PM [] []
[2026-07-22 15:42:40] SlimMonoLogger.INFO: Cron ran at: 22-07-2026 03:42:40 PM [] []
[2026-07-22 15:43:01] SlimMonoLogger.INFO: Cron ran at: 22-07-2026 03:43:01 PM [] []
[2026-07-22 15:43:06] SlimMonoLogger.INFO: Cron ran at: 22-07-2026 03:43:06 PM [] []
[2026-07-22 15:43:13] SlimMonoLogger.INFO: Cron ran at: 22-07-2026 03:43:13 PM [] []
[2026-07-22 15:43:24] SlimMonoLogger.INFO: Cron ran at: 22-07-2026 03:43:24 PM [] []
[2026-07-22 15:43:56] SlimMonoLogger.INFO: Cron ran at: 22-07-2026 03:43:56 PM [] []
[2026-07-22 15:44:06] SlimMonoLogger.INFO: Cron ran at: 22-07-2026 03:44:06 PM [] []
[2026-07-22 15:44:16] SlimMonoLogger.INFO: Cron ran at: 22-07-2026 03:44:16 PM [] []
[2026-07-22 15:44:18] SlimMonoLogger.INFO: Cron ran at: 22-07-2026 03:44:18 PM [] []
[2026-07-22 15:45:04] SlimMonoLogger.INFO: Cron ran at: 22-07-2026 03:45:04 PM [] []
[2026-07-22 15:45:09] SlimMonoLogger.INFO: Cron ran at: 22-07-2026 03:45:09 PM [] []
[2026-07-22 15:45:12] SlimMonoLogger.INFO: Cron ran at: 22-07-2026 03:45:12 PM [] []
[2026-07-22 15:45:14] SlimMonoLogger.INFO: Cron ran at: 22-07-2026 03:45:14 PM [] []
[2026-07-22 15:45:58] SlimMonoLogger.INFO: Cron ran at: 22-07-2026 03:45:58 PM [] []
[2026-07-22 15:46:07] SlimMonoLogger.INFO: Cron ran at: 22-07-2026 03:46:07 PM [] []
[2026-07-22 15:46:16] SlimMonoLogger.INFO: Cron ran at: 22-07-2026 03:46:16 PM [] []
[2026-07-22 15:46:54] SlimMonoLogger.INFO: Cron ran at: 22-07-2026 03:46:54 PM [] []
[2026-07-22 15:47:01] SlimMonoLogger.INFO: Cron ran at: 22-07-2026 03:47:01 PM [] []
[2026-07-22 15:47:03] SlimMonoLogger.INFO: Cron ran at: 22-07-2026 03:47:03 PM [] []
[2026-07-22 15:47:03] SlimMonoLogger.INFO: Cron ran at: 22-07-2026 03:47:03 PM [] []
[2026-07-22 15:47:44] SlimMonoLogger.INFO: Cron ran at: 22-07-2026 03:47:44 PM [] []
[2026-07-22 15:48:10] SlimMonoLogger.INFO: Cron ran at: 22-07-2026 03:48:10 PM [] []
[2026-07-22 15:48:12] SlimMonoLogger.INFO: Cron ran at: 22-07-2026 03:48:12 PM [] []
[2026-07-22 15:48:14] SlimMonoLogger.INFO: Cron ran at: 22-07-2026 03:48:14 PM [] []
[2026-07-22 15:48:41] SlimMonoLogger.INFO: Cron ran at: 22-07-2026 03:48:41 PM [] []
[2026-07-22 15:49:02] SlimMonoLogger.INFO: Cron ran at: 22-07-2026 03:49:02 PM [] []
[2026-07-22 15:49:05] SlimMonoLogger.INFO: Cron ran at: 22-07-2026 03:49:05 PM [] []
[2026-07-22 15:49:06] SlimMonoLogger.INFO: Cron ran at: 22-07-2026 03:49:06 PM [] []
[2026-07-22 15:49:30] SlimMonoLogger.INFO: Cron ran at: 22-07-2026 03:49:30 PM [] []
[2026-07-22 15:50:01] SlimMonoLogger.INFO: Cron ran at: 22-07-2026 03:50:01 PM [] []
[2026-07-22 15:50:02] SlimMonoLogger.INFO: Cron ran at: 22-07-2026 03:50:02 PM [] []
[2026-07-22 15:50:12] SlimMonoLogger.INFO: Cron ran at: 22-07-2026 03:50:12 PM [] []
[2026-07-22 15:50:23] SlimMonoLogger.INFO: Cron ran at: 22-07-2026 03:50:23 PM [] []
[2026-07-22 15:51:20] SlimMonoLogger.INFO: Cron ran at: 22-07-2026 03:51:20 PM [] []
[2026-07-22 15:51:26] SlimMonoLogger.INFO: Cron ran at: 22-07-2026 03:51:26 PM [] []
[2026-07-22 15:51:29] SlimMonoLogger.INFO: Cron ran at: 22-07-2026 03:51:29 PM [] []
[2026-07-22 15:51:42] SlimMonoLogger.INFO: Cron ran at: 22-07-2026 03:51:42 PM [] []
[2026-07-22 15:51:53] SlimMonoLogger.INFO: Cron ran at: 22-07-2026 03:51:53 PM [] []
[2026-07-22 15:52:09] SlimMonoLogger.INFO: Cron ran at: 22-07-2026 03:52:09 PM [] []
[2026-07-22 15:52:10] SlimMonoLogger.INFO: Cron ran at: 22-07-2026 03:52:10 PM [] []
[2026-07-22 15:52:11] SlimMonoLogger.INFO: Cron ran at: 22-07-2026 03:52:11 PM [] []
[2026-07-22 15:52:28] SlimMonoLogger.INFO: Cron ran at: 22-07-2026 03:52:28 PM [] []
[2026-07-22 15:53:04] SlimMonoLogger.INFO: Cron ran at: 22-07-2026 03:53:04 PM [] []
[2026-07-22 15:53:07] SlimMonoLogger.INFO: Cron ran at: 22-07-2026 03:53:07 PM [] []
[2026-07-22 15:53:12] SlimMonoLogger.INFO: Cron ran at: 22-07-2026 03:53:12 PM [] []
[2026-07-22 15:53:13] SlimMonoLogger.INFO: Cron ran at: 22-07-2026 03:53:13 PM [] []
[2026-07-22 15:54:14] SlimMonoLogger.INFO: Cron ran at: 22-07-2026 03:54:14 PM [] []
[2026-07-22 15:54:15] SlimMonoLogger.INFO: Cron ran at: 22-07-2026 03:54:15 PM [] []
[2026-07-22 15:54:15] SlimMonoLogger.INFO: Cron ran at: 22-07-2026 03:54:15 PM [] []
[2026-07-22 15:54:20] SlimMonoLogger.INFO: Cron ran at: 22-07-2026 03:54:20 PM [] []
[2026-07-22 15:55:14] SlimMonoLogger.INFO: Cron ran at: 22-07-2026 03:55:14 PM [] []
[2026-07-22 15:55:15] SlimMonoLogger.INFO: Cron ran at: 22-07-2026 03:55:15 PM [] []
[2026-07-22 15:55:15] SlimMonoLogger.INFO: Cron ran at: 22-07-2026 03:55:15 PM [] []
[2026-07-22 15:55:18] SlimMonoLogger.INFO: Cron ran at: 22-07-2026 03:55:18 PM [] []
[2026-07-22 15:56:07] SlimMonoLogger.INFO: Cron ran at: 22-07-2026 03:56:07 PM [] []
[2026-07-22 15:56:08] SlimMonoLogger.INFO: Cron ran at: 22-07-2026 03:56:08 PM [] []
[2026-07-22 15:56:22] SlimMonoLogger.INFO: Cron ran at: 22-07-2026 03:56:22 PM [] []
[2026-07-22 15:57:04] SlimMonoLogger.INFO: Cron ran at: 22-07-2026 03:57:04 PM [] []
[2026-07-22 15:57:06] SlimMonoLogger.INFO: Cron ran at: 22-07-2026 03:57:06 PM [] []
[2026-07-22 15:57:08] SlimMonoLogger.INFO: Cron ran at: 22-07-2026 03:57:08 PM [] []
[2026-07-22 15:57:22] SlimMonoLogger.INFO: Cron ran at: 22-07-2026 03:57:22 PM [] []
[2026-07-22 15:57:58] SlimMonoLogger.INFO: Cron ran at: 22-07-2026 03:57:58 PM [] []
[2026-07-22 15:57:58] SlimMonoLogger.INFO: Cron ran at: 22-07-2026 03:57:58 PM [] []
[2026-07-22 15:58:10] SlimMonoLogger.INFO: Cron ran at: 22-07-2026 03:58:10 PM [] []
[2026-07-22 15:58:24] SlimMonoLogger.INFO: Cron ran at: 22-07-2026 03:58:24 PM [] []
[2026-07-22 15:58:41] SlimMonoLogger.INFO: Cron ran at: 22-07-2026 03:58:41 PM [] []
[2026-07-22 15:58:49] SlimMonoLogger.INFO: Cron ran at: 22-07-2026 03:58:49 PM [] []
[2026-07-22 15:59:02] SlimMonoLogger.INFO: Cron ran at: 22-07-2026 03:59:02 PM [] []
[2026-07-22 15:59:10] SlimMonoLogger.INFO: Cron ran at: 22-07-2026 03:59:10 PM [] []
[2026-07-22 15:59:31] SlimMonoLogger.INFO: Cron ran at: 22-07-2026 03:59:31 PM [] []
[2026-07-22 15:59:46] SlimMonoLogger.INFO: Cron ran at: 22-07-2026 03:59:46 PM [] []
[2026-07-22 16:00:10] SlimMonoLogger.INFO: Cron ran at: 22-07-2026 04:00:10 PM [] []
[2026-07-22 16:01:11] SlimMonoLogger.INFO: Cron ran at: 22-07-2026 04:01:11 PM [] []
[2026-07-22 16:01:12] SlimMonoLogger.INFO: Cron ran at: 22-07-2026 04:01:12 PM [] []
[2026-07-22 16:01:13] SlimMonoLogger.INFO: Cron ran at: 22-07-2026 04:01:13 PM [] []
[2026-07-22 16:01:23] SlimMonoLogger.INFO: Cron ran at: 22-07-2026 04:01:23 PM [] []
[2026-07-22 16:01:49] SlimMonoLogger.INFO: Cron ran at: 22-07-2026 04:01:49 PM [] []
[2026-07-22 16:01:57] SlimMonoLogger.INFO: Cron ran at: 22-07-2026 04:01:57 PM [] []
[2026-07-22 16:02:09] SlimMonoLogger.INFO: Cron ran at: 22-07-2026 04:02:09 PM [] []
[2026-07-22 16:02:17] SlimMonoLogger.INFO: Cron ran at: 22-07-2026 04:02:17 PM [] []
[2026-07-22 16:02:48] SlimMonoLogger.INFO: Cron ran at: 22-07-2026 04:02:48 PM [] []
[2026-07-22 16:02:49] SlimMonoLogger.INFO: Cron ran at: 22-07-2026 04:02:49 PM [] []
[2026-07-22 16:03:06] SlimMonoLogger.INFO: Cron ran at: 22-07-2026 04:03:06 PM [] []
[2026-07-22 16:03:13] SlimMonoLogger.INFO: Cron ran at: 22-07-2026 04:03:13 PM [] []
[2026-07-22 16:03:37] SlimMonoLogger.INFO: Cron ran at: 22-07-2026 04:03:37 PM [] []
[2026-07-22 16:03:58] SlimMonoLogger.INFO: Cron ran at: 22-07-2026 04:03:58 PM [] []
[2026-07-22 16:04:07] SlimMonoLogger.INFO: Cron ran at: 22-07-2026 04:04:07 PM [] []
[2026-07-22 16:04:16] SlimMonoLogger.INFO: Cron ran at: 22-07-2026 04:04:16 PM [] []
[2026-07-22 16:04:31] SlimMonoLogger.INFO: Cron ran at: 22-07-2026 04:04:31 PM [] []
[2026-07-22 16:05:04] SlimMonoLogger.INFO: Cron ran at: 22-07-2026 04:05:04 PM [] []
[2026-07-22 16:05:10] SlimMonoLogger.INFO: Cron ran at: 22-07-2026 04:05:10 PM [] []
[2026-07-22 16:05:16] SlimMonoLogger.INFO: Cron ran at: 22-07-2026 04:05:16 PM [] []
[2026-07-22 16:05:27] SlimMonoLogger.INFO: Cron ran at: 22-07-2026 04:05:27 PM [] []
[2026-07-22 16:06:00] SlimMonoLogger.INFO: Cron ran at: 22-07-2026 04:06:00 PM [] []
[2026-07-22 16:06:18] SlimMonoLogger.INFO: Cron ran at: 22-07-2026 04:06:18 PM [] []
[2026-07-22 16:06:32] SlimMonoLogger.INFO: Cron ran at: 22-07-2026 04:06:32 PM [] []
[2026-07-22 16:06:54] SlimMonoLogger.INFO: Cron ran at: 22-07-2026 04:06:54 PM [] []
[2026-07-22 16:06:55] SlimMonoLogger.INFO: Cron ran at: 22-07-2026 04:06:55 PM [] []
[2026-07-22 16:07:26] SlimMonoLogger.INFO: Cron ran at: 22-07-2026 04:07:26 PM [] []
[2026-07-22 16:07:42] SlimMonoLogger.INFO: Cron ran at: 22-07-2026 04:07:42 PM [] []
[2026-07-22 16:07:43] SlimMonoLogger.INFO: Cron ran at: 22-07-2026 04:07:43 PM [] []
[2026-07-22 16:08:05] SlimMonoLogger.INFO: Cron ran at: 22-07-2026 04:08:05 PM [] []
[2026-07-22 16:08:19] SlimMonoLogger.INFO: Cron ran at: 22-07-2026 04:08:19 PM [] []
[2026-07-22 16:08:20] SlimMonoLogger.INFO: Cron ran at: 22-07-2026 04:08:20 PM [] []
[2026-07-22 16:08:23] SlimMonoLogger.INFO: Cron ran at: 22-07-2026 04:08:23 PM [] []
[2026-07-22 16:09:00] SlimMonoLogger.INFO: Cron ran at: 22-07-2026 04:09:00 PM [] []
[2026-07-22 16:09:10] SlimMonoLogger.INFO: Cron ran at: 22-07-2026 04:09:10 PM [] []
[2026-07-22 16:09:12] SlimMonoLogger.INFO: Cron ran at: 22-07-2026 04:09:12 PM [] []
[2026-07-22 16:09:14] SlimMonoLogger.INFO: Cron ran at: 22-07-2026 04:09:14 PM [] []
[2026-07-22 16:09:49] SlimMonoLogger.INFO: Cron ran at: 22-07-2026 04:09:49 PM [] []
[2026-07-22 16:10:11] SlimMonoLogger.INFO: Cron ran at: 22-07-2026 04:10:11 PM [] []
[2026-07-22 16:10:12] SlimMonoLogger.INFO: Cron ran at: 22-07-2026 04:10:12 PM [] []
[2026-07-22 16:10:13] SlimMonoLogger.INFO: Cron ran at: 22-07-2026 04:10:13 PM [] []
[2026-07-22 16:11:03] SlimMonoLogger.INFO: Cron ran at: 22-07-2026 04:11:03 PM [] []
[2026-07-22 16:11:11] SlimMonoLogger.INFO: Cron ran at: 22-07-2026 04:11:11 PM [] []
[2026-07-22 16:11:20] SlimMonoLogger.INFO: Cron ran at: 22-07-2026 04:11:20 PM [] []
[2026-07-22 16:11:49] SlimMonoLogger.INFO: Cron ran at: 22-07-2026 04:11:49 PM [] []
[2026-07-22 16:12:04] SlimMonoLogger.INFO: Cron ran at: 22-07-2026 04:12:04 PM [] []
[2026-07-22 16:12:13] SlimMonoLogger.INFO: Cron ran at: 22-07-2026 04:12:13 PM [] []
[2026-07-22 16:12:14] SlimMonoLogger.INFO: Cron ran at: 22-07-2026 04:12:14 PM [] []
[2026-07-22 16:12:34] SlimMonoLogger.INFO: Cron ran at: 22-07-2026 04:12:34 PM [] []
[2026-07-22 16:13:04] SlimMonoLogger.INFO: Cron ran at: 22-07-2026 04:13:04 PM [] []
[2026-07-22 16:13:16] SlimMonoLogger.INFO: Cron ran at: 22-07-2026 04:13:16 PM [] []
[2026-07-22 16:13:17] SlimMonoLogger.INFO: Cron ran at: 22-07-2026 04:13:17 PM [] []
[2026-07-22 16:13:27] SlimMonoLogger.INFO: Cron ran at: 22-07-2026 04:13:27 PM [] []
[2026-07-22 16:14:03] SlimMonoLogger.INFO: Cron ran at: 22-07-2026 04:14:03 PM [] []
[2026-07-22 16:14:13] SlimMonoLogger.INFO: Cron ran at: 22-07-2026 04:14:13 PM [] []
[2026-07-22 16:14:20] SlimMonoLogger.INFO: Cron ran at: 22-07-2026 04:14:20 PM [] []
[2026-07-22 16:14:21] SlimMonoLogger.INFO: Cron ran at: 22-07-2026 04:14:21 PM [] []
[2026-07-22 16:14:59] SlimMonoLogger.INFO: Cron ran at: 22-07-2026 04:14:59 PM [] []
[2026-07-22 16:15:19] SlimMonoLogger.INFO: Cron ran at: 22-07-2026 04:15:19 PM [] []
[2026-07-22 16:15:20] SlimMonoLogger.INFO: Cron ran at: 22-07-2026 04:15:20 PM [] []
[2026-07-22 16:15:20] SlimMonoLogger.INFO: Cron ran at: 22-07-2026 04:15:20 PM [] []
[2026-07-22 16:16:04] SlimMonoLogger.INFO: Cron ran at: 22-07-2026 04:16:04 PM [] []
[2026-07-22 16:16:15] SlimMonoLogger.INFO: Cron ran at: 22-07-2026 04:16:15 PM [] []
[2026-07-22 16:16:17] SlimMonoLogger.INFO: Cron ran at: 22-07-2026 04:16:17 PM [] []
[2026-07-22 16:17:07] SlimMonoLogger.INFO: Cron ran at: 22-07-2026 04:17:07 PM [] []
[2026-07-22 16:17:07] SlimMonoLogger.INFO: Cron ran at: 22-07-2026 04:17:07 PM [] []
[2026-07-22 16:17:08] SlimMonoLogger.INFO: Cron ran at: 22-07-2026 04:17:08 PM [] []
[2026-07-22 16:17:18] SlimMonoLogger.INFO: Cron ran at: 22-07-2026 04:17:18 PM [] []
[2026-07-22 16:18:02] SlimMonoLogger.INFO: Cron ran at: 22-07-2026 04:18:02 PM [] []
[2026-07-22 16:18:06] SlimMonoLogger.INFO: Cron ran at: 22-07-2026 04:18:06 PM [] []
[2026-07-22 16:18:18] SlimMonoLogger.INFO: Cron ran at: 22-07-2026 04:18:18 PM [] []
[2026-07-22 16:18:26] SlimMonoLogger.INFO: Cron ran at: 22-07-2026 04:18:26 PM [] []
[2026-07-22 16:18:51] SlimMonoLogger.INFO: Cron ran at: 22-07-2026 04:18:51 PM [] []
[2026-07-22 16:19:13] SlimMonoLogger.INFO: Cron ran at: 22-07-2026 04:19:13 PM [] []
[2026-07-22 16:19:14] SlimMonoLogger.INFO: Cron ran at: 22-07-2026 04:19:14 PM [] []
[2026-07-22 16:19:25] SlimMonoLogger.INFO: Cron ran at: 22-07-2026 04:19:25 PM [] []
[2026-07-22 16:19:42] SlimMonoLogger.INFO: Cron ran at: 22-07-2026 04:19:42 PM [] []
[2026-07-22 16:19:56] SlimMonoLogger.INFO: Cron ran at: 22-07-2026 04:19:56 PM [] []
[2026-07-22 16:19:56] SlimMonoLogger.INFO: Cron ran at: 22-07-2026 04:19:56 PM [] []
[2026-07-22 16:20:12] SlimMonoLogger.INFO: Cron ran at: 22-07-2026 04:20:12 PM [] []
[2026-07-22 16:20:33] SlimMonoLogger.INFO: Cron ran at: 22-07-2026 04:20:33 PM [] []
[2026-07-22 16:20:56] SlimMonoLogger.INFO: Cron ran at: 22-07-2026 04:20:56 PM [] []
[2026-07-22 16:21:01] SlimMonoLogger.INFO: Cron ran at: 22-07-2026 04:21:01 PM [] []
[2026-07-22 16:21:28] SlimMonoLogger.INFO: Cron ran at: 22-07-2026 04:21:28 PM [] []
[2026-07-22 16:21:43] SlimMonoLogger.INFO: Cron ran at: 22-07-2026 04:21:43 PM [] []
[2026-07-22 16:21:59] SlimMonoLogger.INFO: Cron ran at: 22-07-2026 04:21:59 PM [] []
[2026-07-22 16:22:06] SlimMonoLogger.INFO: Cron ran at: 22-07-2026 04:22:06 PM [] []
[2026-07-22 16:22:32] SlimMonoLogger.INFO: Cron ran at: 22-07-2026 04:22:32 PM [] []
[2026-07-22 16:22:37] SlimMonoLogger.INFO: Cron ran at: 22-07-2026 04:22:37 PM [] []
[2026-07-22 16:23:02] SlimMonoLogger.INFO: Cron ran at: 22-07-2026 04:23:02 PM [] []
[2026-07-22 16:23:02] SlimMonoLogger.INFO: Cron ran at: 22-07-2026 04:23:02 PM [] []
[2026-07-22 16:23:18] SlimMonoLogger.INFO: Cron ran at: 22-07-2026 04:23:18 PM [] []
[2026-07-22 16:23:18] SlimMonoLogger.INFO: Cron ran at: 22-07-2026 04:23:18 PM [] []
[2026-07-22 16:24:00] SlimMonoLogger.INFO: Cron ran at: 22-07-2026 04:24:00 PM [] []
[2026-07-22 16:24:02] SlimMonoLogger.INFO: Cron ran at: 22-07-2026 04:24:02 PM [] []
[2026-07-22 16:24:23] SlimMonoLogger.INFO: Cron ran at: 22-07-2026 04:24:23 PM [] []
[2026-07-22 16:24:25] SlimMonoLogger.INFO: Cron ran at: 22-07-2026 04:24:25 PM [] []
[2026-07-22 16:25:11] SlimMonoLogger.INFO: Cron ran at: 22-07-2026 04:25:11 PM [] []
[2026-07-22 16:25:17] SlimMonoLogger.INFO: Cron ran at: 22-07-2026 04:25:17 PM [] []
[2026-07-22 16:25:18] SlimMonoLogger.INFO: Cron ran at: 22-07-2026 04:25:18 PM [] []
[2026-07-22 16:25:24] SlimMonoLogger.INFO: Cron ran at: 22-07-2026 04:25:24 PM [] []
[2026-07-22 16:26:06] SlimMonoLogger.INFO: Cron ran at: 22-07-2026 04:26:06 PM [] []
[2026-07-22 16:26:08] SlimMonoLogger.INFO: Cron ran at: 22-07-2026 04:26:08 PM [] []
[2026-07-22 16:26:20] SlimMonoLogger.INFO: Cron ran at: 22-07-2026 04:26:20 PM [] []
[2026-07-22 16:26:57] SlimMonoLogger.INFO: Cron ran at: 22-07-2026 04:26:57 PM [] []
[2026-07-22 16:26:58] SlimMonoLogger.INFO: Cron ran at: 22-07-2026 04:26:58 PM [] []
[2026-07-22 16:27:00] SlimMonoLogger.INFO: Cron ran at: 22-07-2026 04:27:00 PM [] []
[2026-07-22 16:27:20] SlimMonoLogger.INFO: Cron ran at: 22-07-2026 04:27:20 PM [] []
[2026-07-22 16:27:54] SlimMonoLogger.INFO: Cron ran at: 22-07-2026 04:27:54 PM [] []
[2026-07-22 16:28:00] SlimMonoLogger.INFO: Cron ran at: 22-07-2026 04:28:00 PM [] []
[2026-07-22 16:28:02] SlimMonoLogger.INFO: Cron ran at: 22-07-2026 04:28:02 PM [] []
[2026-07-22 16:28:16] SlimMonoLogger.INFO: Cron ran at: 22-07-2026 04:28:16 PM [] []
[2026-07-22 16:28:34] SlimMonoLogger.INFO: Cron ran at: 22-07-2026 04:28:34 PM [] []
[2026-07-22 16:28:51] SlimMonoLogger.INFO: Cron ran at: 22-07-2026 04:28:51 PM [] []
[2026-07-22 16:28:58] SlimMonoLogger.INFO: Cron ran at: 22-07-2026 04:28:58 PM [] []
[2026-07-22 16:29:16] SlimMonoLogger.INFO: Cron ran at: 22-07-2026 04:29:16 PM [] []
[2026-07-22 16:29:36] SlimMonoLogger.INFO: Cron ran at: 22-07-2026 04:29:36 PM [] []
[2026-07-22 16:29:47] SlimMonoLogger.INFO: Cron ran at: 22-07-2026 04:29:47 PM [] []
[2026-07-22 16:29:59] SlimMonoLogger.INFO: Cron ran at: 22-07-2026 04:29:59 PM [] []
[2026-07-22 16:30:22] SlimMonoLogger.INFO: Cron ran at: 22-07-2026 04:30:22 PM [] []
[2026-07-22 16:30:23] SlimMonoLogger.INFO: Cron ran at: 22-07-2026 04:30:23 PM [] []
[2026-07-22 16:30:58] SlimMonoLogger.INFO: Cron ran at: 22-07-2026 04:30:58 PM [] []
[2026-07-22 16:31:20] SlimMonoLogger.INFO: Cron ran at: 22-07-2026 04:31:20 PM [] []
[2026-07-22 16:31:20] SlimMonoLogger.INFO: Cron ran at: 22-07-2026 04:31:20 PM [] []
[2026-07-22 16:31:53] SlimMonoLogger.INFO: Cron ran at: 22-07-2026 04:31:53 PM [] []
[2026-07-22 16:31:59] SlimMonoLogger.INFO: Cron ran at: 22-07-2026 04:31:59 PM [] []
[2026-07-22 16:32:17] SlimMonoLogger.INFO: Cron ran at: 22-07-2026 04:32:17 PM [] []
[2026-07-22 16:32:20] SlimMonoLogger.INFO: Cron ran at: 22-07-2026 04:32:20 PM [] []
[2026-07-22 16:32:59] SlimMonoLogger.INFO: Cron ran at: 22-07-2026 04:32:59 PM [] []
[2026-07-22 16:33:01] SlimMonoLogger.INFO: Cron ran at: 22-07-2026 04:33:01 PM [] []
[2026-07-22 16:33:15] SlimMonoLogger.INFO: Cron ran at: 22-07-2026 04:33:15 PM [] []
[2026-07-22 16:33:27] SlimMonoLogger.INFO: Cron ran at: 22-07-2026 04:33:27 PM [] []
[2026-07-22 16:33:53] SlimMonoLogger.INFO: Cron ran at: 22-07-2026 04:33:53 PM [] []
[2026-07-22 16:33:55] SlimMonoLogger.INFO: Cron ran at: 22-07-2026 04:33:55 PM [] []
[2026-07-22 16:34:20] SlimMonoLogger.INFO: Cron ran at: 22-07-2026 04:34:20 PM [] []
[2026-07-22 16:34:25] SlimMonoLogger.INFO: Cron ran at: 22-07-2026 04:34:25 PM [] []
[2026-07-22 16:34:49] SlimMonoLogger.INFO: Cron ran at: 22-07-2026 04:34:49 PM [] []
[2026-07-22 16:35:01] SlimMonoLogger.INFO: Cron ran at: 22-07-2026 04:35:01 PM [] []
[2026-07-22 16:35:17] SlimMonoLogger.INFO: Cron ran at: 22-07-2026 04:35:17 PM [] []
[2026-07-22 16:35:25] SlimMonoLogger.INFO: Cron ran at: 22-07-2026 04:35:25 PM [] []
[2026-07-22 16:35:37] SlimMonoLogger.INFO: Cron ran at: 22-07-2026 04:35:37 PM [] []
[2026-07-22 16:36:02] SlimMonoLogger.INFO: Cron ran at: 22-07-2026 04:36:02 PM [] []
[2026-07-22 16:36:20] SlimMonoLogger.INFO: Cron ran at: 22-07-2026 04:36:20 PM [] []
[2026-07-22 16:36:34] SlimMonoLogger.INFO: Cron ran at: 22-07-2026 04:36:34 PM [] []
[2026-07-22 16:37:05] SlimMonoLogger.INFO: Cron ran at: 22-07-2026 04:37:05 PM [] []
[2026-07-22 16:37:17] SlimMonoLogger.INFO: Cron ran at: 22-07-2026 04:37:17 PM [] []
[2026-07-22 16:37:20] SlimMonoLogger.INFO: Cron ran at: 22-07-2026 04:37:20 PM [] []
[2026-07-22 16:37:29] SlimMonoLogger.INFO: Cron ran at: 22-07-2026 04:37:29 PM [] []
[2026-07-22 16:38:00] SlimMonoLogger.INFO: Cron ran at: 22-07-2026 04:38:00 PM [] []
[2026-07-22 16:38:11] SlimMonoLogger.INFO: Cron ran at: 22-07-2026 04:38:11 PM [] []
[2026-07-22 16:38:15] SlimMonoLogger.INFO: Cron ran at: 22-07-2026 04:38:15 PM [] []
[2026-07-22 16:38:25] SlimMonoLogger.INFO: Cron ran at: 22-07-2026 04:38:25 PM [] []
[2026-07-22 16:39:00] SlimMonoLogger.INFO: Cron ran at: 22-07-2026 04:39:00 PM [] []
[2026-07-22 16:39:02] SlimMonoLogger.INFO: Cron ran at: 22-07-2026 04:39:02 PM [] []
[2026-07-22 16:39:20] SlimMonoLogger.INFO: Cron ran at: 22-07-2026 04:39:20 PM [] []
[2026-07-22 16:39:22] SlimMonoLogger.INFO: Cron ran at: 22-07-2026 04:39:22 PM [] []
[2026-07-22 16:39:59] SlimMonoLogger.INFO: Cron ran at: 22-07-2026 04:39:59 PM [] []
[2026-07-22 16:39:59] SlimMonoLogger.INFO: Cron ran at: 22-07-2026 04:39:59 PM [] []
[2026-07-22 16:40:16] SlimMonoLogger.INFO: Cron ran at: 22-07-2026 04:40:16 PM [] []
[2026-07-22 16:40:24] SlimMonoLogger.INFO: Cron ran at: 22-07-2026 04:40:24 PM [] []
[2026-07-22 16:40:51] SlimMonoLogger.INFO: Cron ran at: 22-07-2026 04:40:51 PM [] []
[2026-07-22 16:41:16] SlimMonoLogger.INFO: Cron ran at: 22-07-2026 04:41:16 PM [] []
[2026-07-22 16:41:22] SlimMonoLogger.INFO: Cron ran at: 22-07-2026 04:41:22 PM [] []
[2026-07-22 16:41:48] SlimMonoLogger.INFO: Cron ran at: 22-07-2026 04:41:48 PM [] []
[2026-07-22 16:42:15] SlimMonoLogger.INFO: Cron ran at: 22-07-2026 04:42:15 PM [] []
[2026-07-22 16:42:17] SlimMonoLogger.INFO: Cron ran at: 22-07-2026 04:42:17 PM [] []
[2026-07-22 16:42:22] SlimMonoLogger.INFO: Cron ran at: 22-07-2026 04:42:22 PM [] []
[2026-07-22 16:42:48] SlimMonoLogger.INFO: Cron ran at: 22-07-2026 04:42:48 PM [] []
[2026-07-22 16:43:10] SlimMonoLogger.INFO: Cron ran at: 22-07-2026 04:43:10 PM [] []
[2026-07-22 16:43:23] SlimMonoLogger.INFO: Cron ran at: 22-07-2026 04:43:23 PM [] []
[2026-07-22 16:43:25] SlimMonoLogger.INFO: Cron ran at: 22-07-2026 04:43:25 PM [] []
[2026-07-22 16:43:35] SlimMonoLogger.INFO: Cron ran at: 22-07-2026 04:43:35 PM [] []
[2026-07-22 16:43:41] SlimMonoLogger.INFO: Cron ran at: 22-07-2026 04:43:41 PM [] []
[2026-07-22 16:44:02] SlimMonoLogger.INFO: Cron ran at: 22-07-2026 04:44:02 PM [] []
[2026-07-22 16:44:20] SlimMonoLogger.INFO: Cron ran at: 22-07-2026 04:44:20 PM [] []
[2026-07-22 16:44:34] SlimMonoLogger.INFO: Cron ran at: 22-07-2026 04:44:34 PM [] []
[2026-07-22 16:44:35] SlimMonoLogger.INFO: Cron ran at: 22-07-2026 04:44:35 PM [] []
[2026-07-22 16:44:57] SlimMonoLogger.INFO: Cron ran at: 22-07-2026 04:44:57 PM [] []
[2026-07-22 16:45:17] SlimMonoLogger.INFO: Cron ran at: 22-07-2026 04:45:17 PM [] []
[2026-07-22 16:45:35] SlimMonoLogger.INFO: Cron ran at: 22-07-2026 04:45:35 PM [] []
[2026-07-22 16:45:36] SlimMonoLogger.INFO: Cron ran at: 22-07-2026 04:45:36 PM [] []
[2026-07-22 16:45:48] SlimMonoLogger.INFO: Cron ran at: 22-07-2026 04:45:48 PM [] []
[2026-07-22 16:46:38] SlimMonoLogger.INFO: Cron ran at: 22-07-2026 04:46:38 PM [] []
[2026-07-22 16:46:39] SlimMonoLogger.INFO: Cron ran at: 22-07-2026 04:46:39 PM [] []
[2026-07-22 16:46:41] SlimMonoLogger.INFO: Cron ran at: 22-07-2026 04:46:41 PM [] []
[2026-07-22 16:47:03] SlimMonoLogger.INFO: Cron ran at: 22-07-2026 04:47:03 PM [] []
[2026-07-22 16:47:33] SlimMonoLogger.INFO: Cron ran at: 22-07-2026 04:47:33 PM [] []
[2026-07-22 16:47:33] SlimMonoLogger.INFO: Cron ran at: 22-07-2026 04:47:33 PM [] []
[2026-07-22 16:47:43] SlimMonoLogger.INFO: Cron ran at: 22-07-2026 04:47:43 PM [] []
[2026-07-22 16:47:43] SlimMonoLogger.INFO: Cron ran at: 22-07-2026 04:47:43 PM [] []
[2026-07-22 16:48:40] SlimMonoLogger.INFO: Cron ran at: 22-07-2026 04:48:40 PM [] []
[2026-07-22 16:48:41] SlimMonoLogger.INFO: Cron ran at: 22-07-2026 04:48:41 PM [] []
[2026-07-22 16:48:41] SlimMonoLogger.INFO: Cron ran at: 22-07-2026 04:48:41 PM [] []
[2026-07-22 16:48:41] SlimMonoLogger.INFO: Cron ran at: 22-07-2026 04:48:41 PM [] []
[2026-07-22 16:49:31] SlimMonoLogger.INFO: Cron ran at: 22-07-2026 04:49:31 PM [] []
[2026-07-22 16:49:32] SlimMonoLogger.INFO: Cron ran at: 22-07-2026 04:49:32 PM [] []
[2026-07-22 16:49:33] SlimMonoLogger.INFO: Cron ran at: 22-07-2026 04:49:33 PM [] []
[2026-07-22 16:49:34] SlimMonoLogger.INFO: Cron ran at: 22-07-2026 04:49:34 PM [] []
[2026-07-22 16:50:28] SlimMonoLogger.INFO: Cron ran at: 22-07-2026 04:50:28 PM [] []
[2026-07-22 16:50:30] SlimMonoLogger.INFO: Cron ran at: 22-07-2026 04:50:30 PM [] []
[2026-07-22 16:50:34] SlimMonoLogger.INFO: Cron ran at: 22-07-2026 04:50:34 PM [] []
[2026-07-22 16:51:24] SlimMonoLogger.INFO: Cron ran at: 22-07-2026 04:51:24 PM [] []
[2026-07-22 16:51:29] SlimMonoLogger.INFO: Cron ran at: 22-07-2026 04:51:29 PM [] []
[2026-07-22 16:51:30] SlimMonoLogger.INFO: Cron ran at: 22-07-2026 04:51:30 PM [] []
[2026-07-22 16:52:04] SlimMonoLogger.INFO: Cron ran at: 22-07-2026 04:52:04 PM [] []
[2026-07-22 16:52:16] SlimMonoLogger.INFO: Cron ran at: 22-07-2026 04:52:16 PM [] []
[2026-07-22 16:52:32] SlimMonoLogger.INFO: Cron ran at: 22-07-2026 04:52:32 PM [] []
[2026-07-22 16:52:37] SlimMonoLogger.INFO: Cron ran at: 22-07-2026 04:52:37 PM [] []
[2026-07-22 16:52:46] SlimMonoLogger.INFO: Cron ran at: 22-07-2026 04:52:46 PM [] []
[2026-07-22 16:53:20] SlimMonoLogger.INFO: Cron ran at: 22-07-2026 04:53:20 PM [] []
[2026-07-22 16:53:28] SlimMonoLogger.INFO: Cron ran at: 22-07-2026 04:53:28 PM [] []
[2026-07-22 16:53:32] SlimMonoLogger.INFO: Cron ran at: 22-07-2026 04:53:32 PM [] []
[2026-07-22 16:53:41] SlimMonoLogger.INFO: Cron ran at: 22-07-2026 04:53:41 PM [] []
[2026-07-22 16:54:17] SlimMonoLogger.INFO: Cron ran at: 22-07-2026 04:54:17 PM [] []
[2026-07-22 16:54:33] SlimMonoLogger.INFO: Cron ran at: 22-07-2026 04:54:33 PM [] []
[2026-07-22 16:54:33] SlimMonoLogger.INFO: Cron ran at: 22-07-2026 04:54:33 PM [] []
[2026-07-22 16:54:35] SlimMonoLogger.INFO: Cron ran at: 22-07-2026 04:54:35 PM [] []
[2026-07-22 16:55:12] SlimMonoLogger.INFO: Cron ran at: 22-07-2026 04:55:12 PM [] []
[2026-07-22 16:55:30] SlimMonoLogger.INFO: Cron ran at: 22-07-2026 04:55:30 PM [] []
[2026-07-22 16:55:31] SlimMonoLogger.INFO: Cron ran at: 22-07-2026 04:55:31 PM [] []
[2026-07-22 16:55:32] SlimMonoLogger.INFO: Cron ran at: 22-07-2026 04:55:32 PM [] []
[2026-07-22 16:56:13] SlimMonoLogger.INFO: Cron ran at: 22-07-2026 04:56:13 PM [] []
[2026-07-22 16:56:36] SlimMonoLogger.INFO: Cron ran at: 22-07-2026 04:56:36 PM [] []
[2026-07-22 16:56:39] SlimMonoLogger.INFO: Cron ran at: 22-07-2026 04:56:39 PM [] []
[2026-07-22 16:56:39] SlimMonoLogger.INFO: Cron ran at: 22-07-2026 04:56:39 PM [] []
[2026-07-22 16:57:17] SlimMonoLogger.INFO: Cron ran at: 22-07-2026 04:57:17 PM [] []
[2026-07-22 16:57:18] SlimMonoLogger.INFO: Cron ran at: 22-07-2026 04:57:18 PM [] []
[2026-07-22 16:57:18] SlimMonoLogger.INFO: Cron ran at: 22-07-2026 04:57:18 PM [] []
[2026-07-22 16:57:33] SlimMonoLogger.INFO: Cron ran at: 22-07-2026 04:57:33 PM [] []
[2026-07-22 16:58:13] SlimMonoLogger.INFO: Cron ran at: 22-07-2026 04:58:13 PM [] []
[2026-07-22 16:58:13] SlimMonoLogger.INFO: Cron ran at: 22-07-2026 04:58:13 PM [] []
[2026-07-22 16:58:13] SlimMonoLogger.INFO: Cron ran at: 22-07-2026 04:58:13 PM [] []
[2026-07-22 16:58:36] SlimMonoLogger.INFO: Cron ran at: 22-07-2026 04:58:36 PM [] []
[2026-07-22 16:59:05] SlimMonoLogger.INFO: Cron ran at: 22-07-2026 04:59:05 PM [] []
[2026-07-22 16:59:05] SlimMonoLogger.INFO: Cron ran at: 22-07-2026 04:59:05 PM [] []
[2026-07-22 16:59:05] SlimMonoLogger.INFO: Cron ran at: 22-07-2026 04:59:05 PM [] []
[2026-07-22 16:59:32] SlimMonoLogger.INFO: Cron ran at: 22-07-2026 04:59:32 PM [] []
[2026-07-22 16:59:59] SlimMonoLogger.INFO: Cron ran at: 22-07-2026 04:59:59 PM [] []
[2026-07-22 17:00:10] SlimMonoLogger.INFO: Cron ran at: 22-07-2026 05:00:10 PM [] []
[2026-07-22 17:00:12] SlimMonoLogger.INFO: Cron ran at: 22-07-2026 05:00:12 PM [] []
[2026-07-22 17:01:01] SlimMonoLogger.INFO: Cron ran at: 22-07-2026 05:01:01 PM [] []
[2026-07-22 17:01:05] SlimMonoLogger.INFO: Cron ran at: 22-07-2026 05:01:05 PM [] []
[2026-07-22 17:01:06] SlimMonoLogger.INFO: Cron ran at: 22-07-2026 05:01:06 PM [] []
[2026-07-22 17:01:12] SlimMonoLogger.INFO: Cron ran at: 22-07-2026 05:01:12 PM [] []
[2026-07-22 17:01:51] SlimMonoLogger.INFO: Cron ran at: 22-07-2026 05:01:51 PM [] []
[2026-07-22 17:01:52] SlimMonoLogger.INFO: Cron ran at: 22-07-2026 05:01:52 PM [] []
[2026-07-22 17:02:14] SlimMonoLogger.INFO: Cron ran at: 22-07-2026 05:02:14 PM [] []
[2026-07-22 17:02:15] SlimMonoLogger.INFO: Cron ran at: 22-07-2026 05:02:15 PM [] []
[2026-07-22 17:02:44] SlimMonoLogger.INFO: Cron ran at: 22-07-2026 05:02:44 PM [] []
[2026-07-22 17:02:47] SlimMonoLogger.INFO: Cron ran at: 22-07-2026 05:02:47 PM [] []
[2026-07-22 17:03:10] SlimMonoLogger.INFO: Cron ran at: 22-07-2026 05:03:10 PM [] []
[2026-07-22 17:03:11] SlimMonoLogger.INFO: Cron ran at: 22-07-2026 05:03:11 PM [] []
[2026-07-22 17:03:30] SlimMonoLogger.INFO: Cron ran at: 22-07-2026 05:03:30 PM [] []
[2026-07-22 17:03:46] SlimMonoLogger.INFO: Cron ran at: 22-07-2026 05:03:46 PM [] []
[2026-07-22 17:04:11] SlimMonoLogger.INFO: Cron ran at: 22-07-2026 05:04:11 PM [] []
[2026-07-22 17:04:12] SlimMonoLogger.INFO: Cron ran at: 22-07-2026 05:04:12 PM [] []
[2026-07-22 17:04:20] SlimMonoLogger.INFO: Cron ran at: 22-07-2026 05:04:20 PM [] []
[2026-07-22 17:04:45] SlimMonoLogger.INFO: Cron ran at: 22-07-2026 05:04:45 PM [] []
[2026-07-22 17:05:07] SlimMonoLogger.INFO: Cron ran at: 22-07-2026 05:05:07 PM [] []
[2026-07-22 17:05:07] SlimMonoLogger.INFO: Cron ran at: 22-07-2026 05:05:07 PM [] []
[2026-07-22 17:05:10] SlimMonoLogger.INFO: Cron ran at: 22-07-2026 05:05:10 PM [] []
[2026-07-22 17:05:44] SlimMonoLogger.INFO: Cron ran at: 22-07-2026 05:05:44 PM [] []
[2026-07-22 17:06:07] SlimMonoLogger.INFO: Cron ran at: 22-07-2026 05:06:07 PM [] []
[2026-07-22 17:06:09] SlimMonoLogger.INFO: Cron ran at: 22-07-2026 05:06:09 PM [] []
[2026-07-22 17:06:44] SlimMonoLogger.INFO: Cron ran at: 22-07-2026 05:06:44 PM [] []
[2026-07-22 17:06:45] SlimMonoLogger.INFO: Cron ran at: 22-07-2026 05:06:45 PM [] []
[2026-07-22 17:07:11] SlimMonoLogger.INFO: Cron ran at: 22-07-2026 05:07:11 PM [] []
[2026-07-22 17:07:12] SlimMonoLogger.INFO: Cron ran at: 22-07-2026 05:07:12 PM [] []
[2026-07-22 17:07:39] SlimMonoLogger.INFO: Cron ran at: 22-07-2026 05:07:39 PM [] []
[2026-07-22 17:07:46] SlimMonoLogger.INFO: Cron ran at: 22-07-2026 05:07:46 PM [] []
[2026-07-22 17:07:57] SlimMonoLogger.INFO: Cron ran at: 22-07-2026 05:07:57 PM [] []
[2026-07-22 17:08:10] SlimMonoLogger.INFO: Cron ran at: 22-07-2026 05:08:10 PM [] []
[2026-07-22 17:08:33] SlimMonoLogger.INFO: Cron ran at: 22-07-2026 05:08:33 PM [] []
[2026-07-22 17:08:48] SlimMonoLogger.INFO: Cron ran at: 22-07-2026 05:08:48 PM [] []
[2026-07-22 17:09:07] SlimMonoLogger.INFO: Cron ran at: 22-07-2026 05:09:07 PM [] []
[2026-07-22 17:09:09] SlimMonoLogger.INFO: Cron ran at: 22-07-2026 05:09:09 PM [] []
[2026-07-22 17:09:22] SlimMonoLogger.INFO: Cron ran at: 22-07-2026 05:09:22 PM [] []
[2026-07-22 17:09:45] SlimMonoLogger.INFO: Cron ran at: 22-07-2026 05:09:45 PM [] []
[2026-07-22 17:09:58] SlimMonoLogger.INFO: Cron ran at: 22-07-2026 05:09:58 PM [] []
[2026-07-22 17:10:09] SlimMonoLogger.INFO: Cron ran at: 22-07-2026 05:10:09 PM [] []
[2026-07-22 17:10:14] SlimMonoLogger.INFO: Cron ran at: 22-07-2026 05:10:14 PM [] []
[2026-07-22 17:10:40] SlimMonoLogger.INFO: Cron ran at: 22-07-2026 05:10:40 PM [] []
[2026-07-22 17:10:55] SlimMonoLogger.INFO: Cron ran at: 22-07-2026 05:10:55 PM [] []
[2026-07-22 17:11:13] SlimMonoLogger.INFO: Cron ran at: 22-07-2026 05:11:13 PM [] []
[2026-07-22 17:11:35] SlimMonoLogger.INFO: Cron ran at: 22-07-2026 05:11:35 PM [] []
[2026-07-22 17:11:47] SlimMonoLogger.INFO: Cron ran at: 22-07-2026 05:11:47 PM [] []
[2026-07-22 17:11:59] SlimMonoLogger.INFO: Cron ran at: 22-07-2026 05:11:59 PM [] []
[2026-07-22 17:12:13] SlimMonoLogger.INFO: Cron ran at: 22-07-2026 05:12:13 PM [] []
[2026-07-22 17:12:30] SlimMonoLogger.INFO: Cron ran at: 22-07-2026 05:12:30 PM [] []
[2026-07-22 17:12:47] SlimMonoLogger.INFO: Cron ran at: 22-07-2026 05:12:47 PM [] []
[2026-07-22 17:13:00] SlimMonoLogger.INFO: Cron ran at: 22-07-2026 05:13:00 PM [] []
[2026-07-22 17:13:06] SlimMonoLogger.INFO: Cron ran at: 22-07-2026 05:13:06 PM [] []
[2026-07-22 17:13:22] SlimMonoLogger.INFO: Cron ran at: 22-07-2026 05:13:22 PM [] []
[2026-07-22 17:13:51] SlimMonoLogger.INFO: Cron ran at: 22-07-2026 05:13:51 PM [] []
[2026-07-22 17:13:56] SlimMonoLogger.INFO: Cron ran at: 22-07-2026 05:13:56 PM [] []
[2026-07-22 17:14:01] SlimMonoLogger.INFO: Cron ran at: 22-07-2026 05:14:01 PM [] []
[2026-07-22 17:14:19] SlimMonoLogger.INFO: Cron ran at: 22-07-2026 05:14:19 PM [] []
[2026-07-22 17:14:48] SlimMonoLogger.INFO: Cron ran at: 22-07-2026 05:14:48 PM [] []
[2026-07-22 17:14:55] SlimMonoLogger.INFO: Cron ran at: 22-07-2026 05:14:55 PM [] []
[2026-07-22 17:15:00] SlimMonoLogger.INFO: Cron ran at: 22-07-2026 05:15:00 PM [] []
[2026-07-22 17:15:01] SlimMonoLogger.INFO: Cron ran at: 22-07-2026 05:15:01 PM [] []
[2026-07-22 17:15:59] SlimMonoLogger.INFO: Cron ran at: 22-07-2026 05:15:59 PM [] []
[2026-07-22 17:15:59] SlimMonoLogger.INFO: Cron ran at: 22-07-2026 05:15:59 PM [] []
[2026-07-22 17:16:05] SlimMonoLogger.INFO: Cron ran at: 22-07-2026 05:16:05 PM [] []
[2026-07-22 17:16:56] SlimMonoLogger.INFO: Cron ran at: 22-07-2026 05:16:56 PM [] []
[2026-07-22 17:16:56] SlimMonoLogger.INFO: Cron ran at: 22-07-2026 05:16:56 PM [] []
[2026-07-22 17:16:59] SlimMonoLogger.INFO: Cron ran at: 22-07-2026 05:16:59 PM [] []
[2026-07-22 17:17:04] SlimMonoLogger.INFO: Cron ran at: 22-07-2026 05:17:04 PM [] []
[2026-07-22 17:17:48] SlimMonoLogger.INFO: Cron ran at: 22-07-2026 05:17:48 PM [] []
[2026-07-22 17:17:56] SlimMonoLogger.INFO: Cron ran at: 22-07-2026 05:17:56 PM [] []
[2026-07-22 17:18:00] SlimMonoLogger.INFO: Cron ran at: 22-07-2026 05:18:00 PM [] []
[2026-07-22 17:18:07] SlimMonoLogger.INFO: Cron ran at: 22-07-2026 05:18:07 PM [] []
[2026-07-22 17:18:38] SlimMonoLogger.INFO: Cron ran at: 22-07-2026 05:18:38 PM [] []
[2026-07-22 17:18:55] SlimMonoLogger.INFO: Cron ran at: 22-07-2026 05:18:55 PM [] []
[2026-07-22 17:19:02] SlimMonoLogger.INFO: Cron ran at: 22-07-2026 05:19:02 PM [] []
[2026-07-22 17:19:04] SlimMonoLogger.INFO: Cron ran at: 22-07-2026 05:19:04 PM [] []
[2026-07-22 17:19:23] SlimMonoLogger.INFO: Cron ran at: 22-07-2026 05:19:23 PM [] []
[2026-07-22 17:19:48] SlimMonoLogger.INFO: Cron ran at: 22-07-2026 05:19:48 PM [] []
[2026-07-22 17:19:57] SlimMonoLogger.INFO: Cron ran at: 22-07-2026 05:19:57 PM [] []
[2026-07-22 17:19:57] SlimMonoLogger.INFO: Cron ran at: 22-07-2026 05:19:57 PM [] []
[2026-07-22 17:20:18] SlimMonoLogger.INFO: Cron ran at: 22-07-2026 05:20:18 PM [] []
[2026-07-22 17:20:47] SlimMonoLogger.INFO: Cron ran at: 22-07-2026 05:20:47 PM [] []
[2026-07-22 17:21:18] SlimMonoLogger.INFO: Cron ran at: 22-07-2026 05:21:18 PM [] []
[2026-07-22 17:21:20] SlimMonoLogger.INFO: Cron ran at: 22-07-2026 05:21:20 PM [] []
[2026-07-22 17:21:48] SlimMonoLogger.INFO: Cron ran at: 22-07-2026 05:21:48 PM [] []
[2026-07-22 17:21:49] SlimMonoLogger.INFO: Cron ran at: 22-07-2026 05:21:49 PM [] []
[2026-07-22 17:22:06] SlimMonoLogger.INFO: Cron ran at: 22-07-2026 05:22:06 PM [] []
[2026-07-22 17:22:09] SlimMonoLogger.INFO: Cron ran at: 22-07-2026 05:22:09 PM [] []
[2026-07-22 17:22:32] SlimMonoLogger.INFO: Cron ran at: 22-07-2026 05:22:32 PM [] []
[2026-07-22 17:22:51] SlimMonoLogger.INFO: Cron ran at: 22-07-2026 05:22:51 PM [] []
[2026-07-22 17:23:09] SlimMonoLogger.INFO: Cron ran at: 22-07-2026 05:23:09 PM [] []
[2026-07-22 17:23:09] SlimMonoLogger.INFO: Cron ran at: 22-07-2026 05:23:09 PM [] []
[2026-07-22 17:23:26] SlimMonoLogger.INFO: Cron ran at: 22-07-2026 05:23:26 PM [] []
[2026-07-22 17:23:52] SlimMonoLogger.INFO: Cron ran at: 22-07-2026 05:23:52 PM [] []
[2026-07-22 17:24:03] SlimMonoLogger.INFO: Cron ran at: 22-07-2026 05:24:03 PM [] []
[2026-07-22 17:24:04] SlimMonoLogger.INFO: Cron ran at: 22-07-2026 05:24:04 PM [] []
[2026-07-22 17:24:17] SlimMonoLogger.INFO: Cron ran at: 22-07-2026 05:24:17 PM [] []
[2026-07-22 17:24:50] SlimMonoLogger.INFO: Cron ran at: 22-07-2026 05:24:50 PM [] []
[2026-07-22 17:25:06] SlimMonoLogger.INFO: Cron ran at: 22-07-2026 05:25:06 PM [] []
[2026-07-22 17:25:09] SlimMonoLogger.INFO: Cron ran at: 22-07-2026 05:25:09 PM [] []
[2026-07-22 17:25:12] SlimMonoLogger.INFO: Cron ran at: 22-07-2026 05:25:12 PM [] []
[2026-07-22 17:25:59] SlimMonoLogger.INFO: Cron ran at: 22-07-2026 05:25:59 PM [] []
[2026-07-22 17:26:07] SlimMonoLogger.INFO: Cron ran at: 22-07-2026 05:26:07 PM [] []
[2026-07-22 17:26:08] SlimMonoLogger.INFO: Cron ran at: 22-07-2026 05:26:08 PM [] []
[2026-07-22 17:26:54] SlimMonoLogger.INFO: Cron ran at: 22-07-2026 05:26:54 PM [] []
[2026-07-22 17:26:56] SlimMonoLogger.INFO: Cron ran at: 22-07-2026 05:26:56 PM [] []
[2026-07-22 17:27:00] SlimMonoLogger.INFO: Cron ran at: 22-07-2026 05:27:00 PM [] []
[2026-07-22 17:27:13] SlimMonoLogger.INFO: Cron ran at: 22-07-2026 05:27:13 PM [] []
[2026-07-22 17:27:55] SlimMonoLogger.INFO: Cron ran at: 22-07-2026 05:27:55 PM [] []
[2026-07-22 17:27:56] SlimMonoLogger.INFO: Cron ran at: 22-07-2026 05:27:56 PM [] []
[2026-07-22 17:28:04] SlimMonoLogger.INFO: Cron ran at: 22-07-2026 05:28:04 PM [] []
[2026-07-22 17:28:08] SlimMonoLogger.INFO: Cron ran at: 22-07-2026 05:28:08 PM [] []
[2026-07-22 17:28:43] SlimMonoLogger.INFO: Cron ran at: 22-07-2026 05:28:43 PM [] []
[2026-07-22 17:28:54] SlimMonoLogger.INFO: Cron ran at: 22-07-2026 05:28:54 PM [] []
[2026-07-22 17:29:05] SlimMonoLogger.INFO: Cron ran at: 22-07-2026 05:29:05 PM [] []
[2026-07-22 17:29:05] SlimMonoLogger.INFO: Cron ran at: 22-07-2026 05:29:05 PM [] []
[2026-07-22 17:29:44] SlimMonoLogger.INFO: Cron ran at: 22-07-2026 05:29:44 PM [] []
[2026-07-22 17:29:48] SlimMonoLogger.INFO: Cron ran at: 22-07-2026 05:29:48 PM [] []
[2026-07-22 17:30:07] SlimMonoLogger.INFO: Cron ran at: 22-07-2026 05:30:07 PM [] []
[2026-07-22 17:30:08] SlimMonoLogger.INFO: Cron ran at: 22-07-2026 05:30:08 PM [] []
[2026-07-22 17:30:27] SlimMonoLogger.INFO: Cron ran at: 22-07-2026 05:30:27 PM [] []
[2026-07-22 17:31:07] SlimMonoLogger.INFO: Cron ran at: 22-07-2026 05:31:07 PM [] []
[2026-07-22 17:31:10] SlimMonoLogger.INFO: Cron ran at: 22-07-2026 05:31:10 PM [] []
[2026-07-22 17:31:26] SlimMonoLogger.INFO: Cron ran at: 22-07-2026 05:31:26 PM [] []
[2026-07-22 17:31:56] SlimMonoLogger.INFO: Cron ran at: 22-07-2026 05:31:56 PM [] []
[2026-07-22 17:32:06] SlimMonoLogger.INFO: Cron ran at: 22-07-2026 05:32:06 PM [] []
[2026-07-22 17:32:06] SlimMonoLogger.INFO: Cron ran at: 22-07-2026 05:32:06 PM [] []
[2026-07-22 17:32:16] SlimMonoLogger.INFO: Cron ran at: 22-07-2026 05:32:16 PM [] []
[2026-07-22 17:32:53] SlimMonoLogger.INFO: Cron ran at: 22-07-2026 05:32:53 PM [] []
[2026-07-22 17:33:07] SlimMonoLogger.INFO: Cron ran at: 22-07-2026 05:33:07 PM [] []
[2026-07-22 17:33:07] SlimMonoLogger.INFO: Cron ran at: 22-07-2026 05:33:07 PM [] []
[2026-07-22 17:33:17] SlimMonoLogger.INFO: Cron ran at: 22-07-2026 05:33:17 PM [] []
[2026-07-22 17:33:40] SlimMonoLogger.INFO: Cron ran at: 22-07-2026 05:33:40 PM [] []
[2026-07-22 17:34:09] SlimMonoLogger.INFO: Cron ran at: 22-07-2026 05:34:09 PM [] []
[2026-07-22 17:34:09] SlimMonoLogger.INFO: Cron ran at: 22-07-2026 05:34:09 PM [] []
[2026-07-22 17:34:14] SlimMonoLogger.INFO: Cron ran at: 22-07-2026 05:34:14 PM [] []
[2026-07-22 17:34:36] SlimMonoLogger.INFO: Cron ran at: 22-07-2026 05:34:36 PM [] []
[2026-07-22 17:35:12] SlimMonoLogger.INFO: Cron ran at: 22-07-2026 05:35:12 PM [] []
[2026-07-22 17:35:13] SlimMonoLogger.INFO: Cron ran at: 22-07-2026 05:35:13 PM [] []
[2026-07-22 17:35:14] SlimMonoLogger.INFO: Cron ran at: 22-07-2026 05:35:14 PM [] []
[2026-07-22 17:35:29] SlimMonoLogger.INFO: Cron ran at: 22-07-2026 05:35:29 PM [] []
[2026-07-22 17:36:15] SlimMonoLogger.INFO: Cron ran at: 22-07-2026 05:36:15 PM [] []
[2026-07-22 17:36:15] SlimMonoLogger.INFO: Cron ran at: 22-07-2026 05:36:15 PM [] []
[2026-07-22 17:36:25] SlimMonoLogger.INFO: Cron ran at: 22-07-2026 05:36:25 PM [] []
[2026-07-22 17:36:42] SlimMonoLogger.INFO: Cron ran at: 22-07-2026 05:36:42 PM [] []
[2026-07-22 17:37:18] SlimMonoLogger.INFO: Cron ran at: 22-07-2026 05:37:18 PM [] []
[2026-07-22 17:37:20] SlimMonoLogger.INFO: Cron ran at: 22-07-2026 05:37:20 PM [] []
[2026-07-22 17:37:20] SlimMonoLogger.INFO: Cron ran at: 22-07-2026 05:37:20 PM [] []
[2026-07-22 17:37:29] SlimMonoLogger.INFO: Cron ran at: 22-07-2026 05:37:29 PM [] []
[2026-07-22 17:38:13] SlimMonoLogger.INFO: Cron ran at: 22-07-2026 05:38:13 PM [] []
[2026-07-22 17:38:13] SlimMonoLogger.INFO: Cron ran at: 22-07-2026 05:38:13 PM [] []
[2026-07-22 17:38:14] SlimMonoLogger.INFO: Cron ran at: 22-07-2026 05:38:14 PM [] []
[2026-07-22 17:38:26] SlimMonoLogger.INFO: Cron ran at: 22-07-2026 05:38:26 PM [] []
[2026-07-22 17:39:14] SlimMonoLogger.INFO: Cron ran at: 22-07-2026 05:39:14 PM [] []
[2026-07-22 17:39:14] SlimMonoLogger.INFO: Cron ran at: 22-07-2026 05:39:14 PM [] []
[2026-07-22 17:39:15] SlimMonoLogger.INFO: Cron ran at: 22-07-2026 05:39:15 PM [] []
[2026-07-22 17:39:15] SlimMonoLogger.INFO: Cron ran at: 22-07-2026 05:39:15 PM [] []
[2026-07-22 17:40:10] SlimMonoLogger.INFO: Cron ran at: 22-07-2026 05:40:10 PM [] []
[2026-07-22 17:40:12] SlimMonoLogger.INFO: Cron ran at: 22-07-2026 05:40:12 PM [] []
[2026-07-22 17:40:14] SlimMonoLogger.INFO: Cron ran at: 22-07-2026 05:40:14 PM [] []
[2026-07-22 17:41:15] SlimMonoLogger.INFO: Cron ran at: 22-07-2026 05:41:15 PM [] []
[2026-07-22 17:41:16] SlimMonoLogger.INFO: Cron ran at: 22-07-2026 05:41:16 PM [] []
[2026-07-22 17:41:16] SlimMonoLogger.INFO: Cron ran at: 22-07-2026 05:41:16 PM [] []
[2026-07-22 17:41:35] SlimMonoLogger.INFO: Cron ran at: 22-07-2026 05:41:35 PM [] []
[2026-07-22 17:42:14] SlimMonoLogger.INFO: Cron ran at: 22-07-2026 05:42:14 PM [] []
[2026-07-22 17:42:19] SlimMonoLogger.INFO: Cron ran at: 22-07-2026 05:42:19 PM [] []
[2026-07-22 17:42:19] SlimMonoLogger.INFO: Cron ran at: 22-07-2026 05:42:19 PM [] []
[2026-07-22 17:42:23] SlimMonoLogger.INFO: Cron ran at: 22-07-2026 05:42:23 PM [] []
[2026-07-22 17:43:10] SlimMonoLogger.INFO: Cron ran at: 22-07-2026 05:43:10 PM [] []
[2026-07-22 17:43:12] SlimMonoLogger.INFO: Cron ran at: 22-07-2026 05:43:12 PM [] []
[2026-07-22 17:43:14] SlimMonoLogger.INFO: Cron ran at: 22-07-2026 05:43:14 PM [] []
[2026-07-22 17:43:14] SlimMonoLogger.INFO: Cron ran at: 22-07-2026 05:43:14 PM [] []
[2026-07-22 17:43:55] SlimMonoLogger.INFO: Cron ran at: 22-07-2026 05:43:55 PM [] []
[2026-07-22 17:44:03] SlimMonoLogger.INFO: Cron ran at: 22-07-2026 05:44:03 PM [] []
[2026-07-22 17:44:12] SlimMonoLogger.INFO: Cron ran at: 22-07-2026 05:44:12 PM [] []
[2026-07-22 17:44:14] SlimMonoLogger.INFO: Cron ran at: 22-07-2026 05:44:14 PM [] []
[2026-07-22 17:45:00] SlimMonoLogger.INFO: Cron ran at: 22-07-2026 05:45:00 PM [] []
[2026-07-22 17:45:02] SlimMonoLogger.INFO: Cron ran at: 22-07-2026 05:45:02 PM [] []
[2026-07-22 17:45:13] SlimMonoLogger.INFO: Cron ran at: 22-07-2026 05:45:13 PM [] []
[2026-07-22 17:45:18] SlimMonoLogger.INFO: Cron ran at: 22-07-2026 05:45:18 PM [] []
[2026-07-22 17:45:53] SlimMonoLogger.INFO: Cron ran at: 22-07-2026 05:45:53 PM [] []
[2026-07-22 17:45:54] SlimMonoLogger.INFO: Cron ran at: 22-07-2026 05:45:54 PM [] []
[2026-07-22 17:46:21] SlimMonoLogger.INFO: Cron ran at: 22-07-2026 05:46:21 PM [] []
[2026-07-22 17:46:35] SlimMonoLogger.INFO: Cron ran at: 22-07-2026 05:46:35 PM [] []
[2026-07-22 17:46:54] SlimMonoLogger.INFO: Cron ran at: 22-07-2026 05:46:54 PM [] []
[2026-07-22 17:46:57] SlimMonoLogger.INFO: Cron ran at: 22-07-2026 05:46:57 PM [] []
[2026-07-22 17:47:11] SlimMonoLogger.INFO: Cron ran at: 22-07-2026 05:47:11 PM [] []
[2026-07-22 17:47:18] SlimMonoLogger.INFO: Cron ran at: 22-07-2026 05:47:18 PM [] []
[2026-07-22 17:47:45] SlimMonoLogger.INFO: Cron ran at: 22-07-2026 05:47:45 PM [] []
[2026-07-22 17:47:56] SlimMonoLogger.INFO: Cron ran at: 22-07-2026 05:47:56 PM [] []
[2026-07-22 17:48:09] SlimMonoLogger.INFO: Cron ran at: 22-07-2026 05:48:09 PM [] []
[2026-07-22 17:48:12] SlimMonoLogger.INFO: Cron ran at: 22-07-2026 05:48:12 PM [] []
[2026-07-22 17:48:44] SlimMonoLogger.INFO: Cron ran at: 22-07-2026 05:48:44 PM [] []
[2026-07-22 17:48:56] SlimMonoLogger.INFO: Cron ran at: 22-07-2026 05:48:56 PM [] []
[2026-07-22 17:49:02] SlimMonoLogger.INFO: Cron ran at: 22-07-2026 05:49:02 PM [] []
[2026-07-22 17:49:13] SlimMonoLogger.INFO: Cron ran at: 22-07-2026 05:49:13 PM [] []
[2026-07-22 17:49:41] SlimMonoLogger.INFO: Cron ran at: 22-07-2026 05:49:41 PM [] []
[2026-07-22 17:49:53] SlimMonoLogger.INFO: Cron ran at: 22-07-2026 05:49:53 PM [] []
[2026-07-22 17:49:54] SlimMonoLogger.INFO: Cron ran at: 22-07-2026 05:49:54 PM [] []
[2026-07-22 17:50:11] SlimMonoLogger.INFO: Cron ran at: 22-07-2026 05:50:11 PM [] []
[2026-07-22 17:50:44] SlimMonoLogger.INFO: Cron ran at: 22-07-2026 05:50:44 PM [] []
[2026-07-22 17:50:54] SlimMonoLogger.INFO: Cron ran at: 22-07-2026 05:50:54 PM [] []
[2026-07-22 17:50:55] SlimMonoLogger.INFO: Cron ran at: 22-07-2026 05:50:55 PM [] []
[2026-07-22 17:51:48] SlimMonoLogger.INFO: Cron ran at: 22-07-2026 05:51:48 PM [] []
[2026-07-22 17:51:49] SlimMonoLogger.INFO: Cron ran at: 22-07-2026 05:51:49 PM [] []
[2026-07-22 17:51:50] SlimMonoLogger.INFO: Cron ran at: 22-07-2026 05:51:50 PM [] []
[2026-07-22 17:51:57] SlimMonoLogger.INFO: Cron ran at: 22-07-2026 05:51:57 PM [] []
[2026-07-22 17:52:42] SlimMonoLogger.INFO: Cron ran at: 22-07-2026 05:52:42 PM [] []
[2026-07-22 17:52:43] SlimMonoLogger.INFO: Cron ran at: 22-07-2026 05:52:43 PM [] []
[2026-07-22 17:52:44] SlimMonoLogger.INFO: Cron ran at: 22-07-2026 05:52:44 PM [] []
[2026-07-22 17:52:56] SlimMonoLogger.INFO: Cron ran at: 22-07-2026 05:52:56 PM [] []
[2026-07-22 17:53:31] SlimMonoLogger.INFO: Cron ran at: 22-07-2026 05:53:31 PM [] []
[2026-07-22 17:53:53] SlimMonoLogger.INFO: Cron ran at: 22-07-2026 05:53:53 PM [] []
[2026-07-22 17:53:56] SlimMonoLogger.INFO: Cron ran at: 22-07-2026 05:53:56 PM [] []
[2026-07-22 17:54:01] SlimMonoLogger.INFO: Cron ran at: 22-07-2026 05:54:01 PM [] []
[2026-07-22 17:54:26] SlimMonoLogger.INFO: Cron ran at: 22-07-2026 05:54:26 PM [] []
[2026-07-22 17:54:45] SlimMonoLogger.INFO: Cron ran at: 22-07-2026 05:54:45 PM [] []
[2026-07-22 17:54:46] SlimMonoLogger.INFO: Cron ran at: 22-07-2026 05:54:46 PM [] []
[2026-07-22 17:54:54] SlimMonoLogger.INFO: Cron ran at: 22-07-2026 05:54:54 PM [] []
[2026-07-22 17:55:18] SlimMonoLogger.INFO: Cron ran at: 22-07-2026 05:55:18 PM [] []
[2026-07-22 17:55:39] SlimMonoLogger.INFO: Cron ran at: 22-07-2026 05:55:39 PM [] []
[2026-07-22 17:55:41] SlimMonoLogger.INFO: Cron ran at: 22-07-2026 05:55:41 PM [] []
[2026-07-22 17:56:12] SlimMonoLogger.INFO: Cron ran at: 22-07-2026 05:56:12 PM [] []
[2026-07-22 17:56:36] SlimMonoLogger.INFO: Cron ran at: 22-07-2026 05:56:36 PM [] []
[2026-07-22 17:56:46] SlimMonoLogger.INFO: Cron ran at: 22-07-2026 05:56:46 PM [] []
[2026-07-22 17:56:49] SlimMonoLogger.INFO: Cron ran at: 22-07-2026 05:56:49 PM [] []
[2026-07-22 17:57:13] SlimMonoLogger.INFO: Cron ran at: 22-07-2026 05:57:13 PM [] []
[2026-07-22 17:57:30] SlimMonoLogger.INFO: Cron ran at: 22-07-2026 05:57:30 PM [] []
[2026-07-22 17:57:44] SlimMonoLogger.INFO: Cron ran at: 22-07-2026 05:57:44 PM [] []
[2026-07-22 17:57:44] SlimMonoLogger.INFO: Cron ran at: 22-07-2026 05:57:44 PM [] []
[2026-07-22 17:58:01] SlimMonoLogger.INFO: Cron ran at: 22-07-2026 05:58:01 PM [] []
[2026-07-22 17:58:22] SlimMonoLogger.INFO: Cron ran at: 22-07-2026 05:58:22 PM [] []
[2026-07-22 17:58:43] SlimMonoLogger.INFO: Cron ran at: 22-07-2026 05:58:43 PM [] []
[2026-07-22 17:58:43] SlimMonoLogger.INFO: Cron ran at: 22-07-2026 05:58:43 PM [] []
[2026-07-22 17:59:04] SlimMonoLogger.INFO: Cron ran at: 22-07-2026 05:59:04 PM [] []
[2026-07-22 17:59:10] SlimMonoLogger.INFO: Cron ran at: 22-07-2026 05:59:10 PM [] []
[2026-07-22 17:59:42] SlimMonoLogger.INFO: Cron ran at: 22-07-2026 05:59:42 PM [] []
[2026-07-22 17:59:42] SlimMonoLogger.INFO: Cron ran at: 22-07-2026 05:59:42 PM [] []
[2026-07-22 18:00:01] SlimMonoLogger.INFO: Cron ran at: 22-07-2026 06:00:01 PM [] []
[2026-07-22 18:00:07] SlimMonoLogger.INFO: Cron ran at: 22-07-2026 06:00:07 PM [] []
[2026-07-22 18:00:53] SlimMonoLogger.INFO: Cron ran at: 22-07-2026 06:00:53 PM [] []
[2026-07-22 18:00:58] SlimMonoLogger.INFO: Cron ran at: 22-07-2026 06:00:58 PM [] []
[2026-07-22 18:01:01] SlimMonoLogger.INFO: Cron ran at: 22-07-2026 06:01:01 PM [] []
[2026-07-22 18:01:50] SlimMonoLogger.INFO: Cron ran at: 22-07-2026 06:01:50 PM [] []
[2026-07-22 18:02:02] SlimMonoLogger.INFO: Cron ran at: 22-07-2026 06:02:02 PM [] []
[2026-07-22 18:02:02] SlimMonoLogger.INFO: Cron ran at: 22-07-2026 06:02:02 PM [] []
[2026-07-22 18:02:03] SlimMonoLogger.INFO: Cron ran at: 22-07-2026 06:02:03 PM [] []
[2026-07-22 18:02:44] SlimMonoLogger.INFO: Cron ran at: 22-07-2026 06:02:44 PM [] []
[2026-07-22 18:02:52] SlimMonoLogger.INFO: Cron ran at: 22-07-2026 06:02:52 PM [] []
[2026-07-22 18:02:53] SlimMonoLogger.INFO: Cron ran at: 22-07-2026 06:02:53 PM [] []
[2026-07-22 18:03:02] SlimMonoLogger.INFO: Cron ran at: 22-07-2026 06:03:02 PM [] []
[2026-07-22 18:03:52] SlimMonoLogger.INFO: Cron ran at: 22-07-2026 06:03:52 PM [] []
[2026-07-22 18:03:52] SlimMonoLogger.INFO: Cron ran at: 22-07-2026 06:03:52 PM [] []
[2026-07-22 18:04:01] SlimMonoLogger.INFO: Cron ran at: 22-07-2026 06:04:01 PM [] []
[2026-07-22 18:04:03] SlimMonoLogger.INFO: Cron ran at: 22-07-2026 06:04:03 PM [] []
[2026-07-22 18:04:36] SlimMonoLogger.INFO: Cron ran at: 22-07-2026 06:04:36 PM [] []
[2026-07-22 18:04:46] SlimMonoLogger.INFO: Cron ran at: 22-07-2026 06:04:46 PM [] []
[2026-07-22 18:04:49] SlimMonoLogger.INFO: Cron ran at: 22-07-2026 06:04:49 PM [] []
[2026-07-22 18:05:03] SlimMonoLogger.INFO: Cron ran at: 22-07-2026 06:05:03 PM [] []
[2026-07-22 18:05:30] SlimMonoLogger.INFO: Cron ran at: 22-07-2026 06:05:30 PM [] []
[2026-07-22 18:05:58] SlimMonoLogger.INFO: Cron ran at: 22-07-2026 06:05:58 PM [] []
[2026-07-22 18:05:59] SlimMonoLogger.INFO: Cron ran at: 22-07-2026 06:05:59 PM [] []
[2026-07-22 18:06:30] SlimMonoLogger.INFO: Cron ran at: 22-07-2026 06:06:30 PM [] []
[2026-07-22 18:06:30] SlimMonoLogger.INFO: Cron ran at: 22-07-2026 06:06:30 PM [] []
[2026-07-22 18:06:58] SlimMonoLogger.INFO: Cron ran at: 22-07-2026 06:06:58 PM [] []
[2026-07-22 18:07:06] SlimMonoLogger.INFO: Cron ran at: 22-07-2026 06:07:06 PM [] []
[2026-07-22 18:07:23] SlimMonoLogger.INFO: Cron ran at: 22-07-2026 06:07:23 PM [] []
[2026-07-22 18:07:24] SlimMonoLogger.INFO: Cron ran at: 22-07-2026 06:07:24 PM [] []
[2026-07-22 18:08:00] SlimMonoLogger.INFO: Cron ran at: 22-07-2026 06:08:00 PM [] []
[2026-07-22 18:08:03] SlimMonoLogger.INFO: Cron ran at: 22-07-2026 06:08:03 PM [] []
[2026-07-22 18:08:12] SlimMonoLogger.INFO: Cron ran at: 22-07-2026 06:08:12 PM [] []
[2026-07-22 18:08:19] SlimMonoLogger.INFO: Cron ran at: 22-07-2026 06:08:19 PM [] []
[2026-07-22 18:08:53] SlimMonoLogger.INFO: Cron ran at: 22-07-2026 06:08:53 PM [] []
[2026-07-22 18:08:55] SlimMonoLogger.INFO: Cron ran at: 22-07-2026 06:08:55 PM [] []
[2026-07-22 18:08:56] SlimMonoLogger.INFO: Cron ran at: 22-07-2026 06:08:56 PM [] []
[2026-07-22 18:09:17] SlimMonoLogger.INFO: Cron ran at: 22-07-2026 06:09:17 PM [] []
[2026-07-22 18:09:53] SlimMonoLogger.INFO: Cron ran at: 22-07-2026 06:09:53 PM [] []
[2026-07-22 18:09:53] SlimMonoLogger.INFO: Cron ran at: 22-07-2026 06:09:53 PM [] []
[2026-07-22 18:09:57] SlimMonoLogger.INFO: Cron ran at: 22-07-2026 06:09:57 PM [] []
[2026-07-22 18:10:14] SlimMonoLogger.INFO: Cron ran at: 22-07-2026 06:10:14 PM [] []
[2026-07-22 18:10:57] SlimMonoLogger.INFO: Cron ran at: 22-07-2026 06:10:57 PM [] []
[2026-07-22 18:10:57] SlimMonoLogger.INFO: Cron ran at: 22-07-2026 06:10:57 PM [] []
[2026-07-22 18:11:15] SlimMonoLogger.INFO: Cron ran at: 22-07-2026 06:11:15 PM [] []
[2026-07-22 18:11:53] SlimMonoLogger.INFO: Cron ran at: 22-07-2026 06:11:53 PM [] []
[2026-07-22 18:11:53] SlimMonoLogger.INFO: Cron ran at: 22-07-2026 06:11:53 PM [] []
[2026-07-22 18:12:04] SlimMonoLogger.INFO: Cron ran at: 22-07-2026 06:12:04 PM [] []
[2026-07-22 18:12:18] SlimMonoLogger.INFO: Cron ran at: 22-07-2026 06:12:18 PM [] []
[2026-07-22 18:12:51] SlimMonoLogger.INFO: Cron ran at: 22-07-2026 06:12:51 PM [] []
[2026-07-22 18:12:52] SlimMonoLogger.INFO: Cron ran at: 22-07-2026 06:12:52 PM [] []
[2026-07-22 18:12:56] SlimMonoLogger.INFO: Cron ran at: 22-07-2026 06:12:56 PM [] []
[2026-07-22 18:13:21] SlimMonoLogger.INFO: Cron ran at: 22-07-2026 06:13:21 PM [] []
[2026-07-22 18:13:48] SlimMonoLogger.INFO: Cron ran at: 22-07-2026 06:13:48 PM [] []
[2026-07-22 18:13:49] SlimMonoLogger.INFO: Cron ran at: 22-07-2026 06:13:49 PM [] []
[2026-07-22 18:13:56] SlimMonoLogger.INFO: Cron ran at: 22-07-2026 06:13:56 PM [] []
[2026-07-22 18:14:17] SlimMonoLogger.INFO: Cron ran at: 22-07-2026 06:14:17 PM [] []
[2026-07-22 18:14:42] SlimMonoLogger.INFO: Cron ran at: 22-07-2026 06:14:42 PM [] []
[2026-07-22 18:14:44] SlimMonoLogger.INFO: Cron ran at: 22-07-2026 06:14:44 PM [] []
[2026-07-22 18:14:57] SlimMonoLogger.INFO: Cron ran at: 22-07-2026 06:14:57 PM [] []
[2026-07-22 18:15:19] SlimMonoLogger.INFO: Cron ran at: 22-07-2026 06:15:19 PM [] []
[2026-07-22 18:15:44] SlimMonoLogger.INFO: Cron ran at: 22-07-2026 06:15:44 PM [] []
[2026-07-22 18:15:47] SlimMonoLogger.INFO: Cron ran at: 22-07-2026 06:15:47 PM [] []
[2026-07-22 18:16:21] SlimMonoLogger.INFO: Cron ran at: 22-07-2026 06:16:21 PM [] []
[2026-07-22 18:16:35] SlimMonoLogger.INFO: Cron ran at: 22-07-2026 06:16:35 PM [] []
[2026-07-22 18:16:43] SlimMonoLogger.INFO: Cron ran at: 22-07-2026 06:16:43 PM [] []
[2026-07-22 18:16:45] SlimMonoLogger.INFO: Cron ran at: 22-07-2026 06:16:45 PM [] []
[2026-07-22 18:17:18] SlimMonoLogger.INFO: Cron ran at: 22-07-2026 06:17:18 PM [] []
[2026-07-22 18:17:24] SlimMonoLogger.INFO: Cron ran at: 22-07-2026 06:17:24 PM [] []
[2026-07-22 18:17:35] SlimMonoLogger.INFO: Cron ran at: 22-07-2026 06:17:35 PM [] []
[2026-07-22 18:17:44] SlimMonoLogger.INFO: Cron ran at: 22-07-2026 06:17:44 PM [] []
[2026-07-22 18:18:20] SlimMonoLogger.INFO: Cron ran at: 22-07-2026 06:18:20 PM [] []
[2026-07-22 18:18:24] SlimMonoLogger.INFO: Cron ran at: 22-07-2026 06:18:24 PM [] []
[2026-07-22 18:18:25] SlimMonoLogger.INFO: Cron ran at: 22-07-2026 06:18:25 PM [] []
[2026-07-22 18:18:44] SlimMonoLogger.INFO: Cron ran at: 22-07-2026 06:18:44 PM [] []
[2026-07-22 18:19:19] SlimMonoLogger.INFO: Cron ran at: 22-07-2026 06:19:19 PM [] []
[2026-07-22 18:19:20] SlimMonoLogger.INFO: Cron ran at: 22-07-2026 06:19:20 PM [] []
[2026-07-22 18:19:30] SlimMonoLogger.INFO: Cron ran at: 22-07-2026 06:19:30 PM [] []
[2026-07-22 18:19:48] SlimMonoLogger.INFO: Cron ran at: 22-07-2026 06:19:48 PM [] []
[2026-07-22 18:20:15] SlimMonoLogger.INFO: Cron ran at: 22-07-2026 06:20:15 PM [] []
[2026-07-22 18:20:21] SlimMonoLogger.INFO: Cron ran at: 22-07-2026 06:20:21 PM [] []
[2026-07-22 18:20:23] SlimMonoLogger.INFO: Cron ran at: 22-07-2026 06:20:23 PM [] []
[2026-07-22 18:20:48] SlimMonoLogger.INFO: Cron ran at: 22-07-2026 06:20:48 PM [] []
[2026-07-22 18:21:08] SlimMonoLogger.INFO: Cron ran at: 22-07-2026 06:21:08 PM [] []
[2026-07-22 18:21:22] SlimMonoLogger.INFO: Cron ran at: 22-07-2026 06:21:22 PM [] []
[2026-07-22 18:21:48] SlimMonoLogger.INFO: Cron ran at: 22-07-2026 06:21:48 PM [] []
[2026-07-22 18:22:08] SlimMonoLogger.INFO: Cron ran at: 22-07-2026 06:22:08 PM [] []
[2026-07-22 18:22:09] SlimMonoLogger.INFO: Cron ran at: 22-07-2026 06:22:09 PM [] []
[2026-07-22 18:22:23] SlimMonoLogger.INFO: Cron ran at: 22-07-2026 06:22:23 PM [] []
[2026-07-22 18:22:51] SlimMonoLogger.INFO: Cron ran at: 22-07-2026 06:22:51 PM [] []
[2026-07-22 18:22:58] SlimMonoLogger.INFO: Cron ran at: 22-07-2026 06:22:58 PM [] []
[2026-07-22 18:22:59] SlimMonoLogger.INFO: Cron ran at: 22-07-2026 06:22:59 PM [] []
[2026-07-22 18:23:26] SlimMonoLogger.INFO: Cron ran at: 22-07-2026 06:23:26 PM [] []
[2026-07-22 18:23:53] SlimMonoLogger.INFO: Cron ran at: 22-07-2026 06:23:53 PM [] []
[2026-07-22 18:23:54] SlimMonoLogger.INFO: Cron ran at: 22-07-2026 06:23:54 PM [] []
[2026-07-22 18:24:00] SlimMonoLogger.INFO: Cron ran at: 22-07-2026 06:24:00 PM [] []
[2026-07-22 18:24:21] SlimMonoLogger.INFO: Cron ran at: 22-07-2026 06:24:21 PM [] []
[2026-07-22 18:24:41] SlimMonoLogger.INFO: Cron ran at: 22-07-2026 06:24:41 PM [] []
[2026-07-22 18:24:42] SlimMonoLogger.INFO: Cron ran at: 22-07-2026 06:24:42 PM [] []
[2026-07-22 18:24:55] SlimMonoLogger.INFO: Cron ran at: 22-07-2026 06:24:55 PM [] []
[2026-07-22 18:25:20] SlimMonoLogger.INFO: Cron ran at: 22-07-2026 06:25:20 PM [] []
[2026-07-22 18:25:34] SlimMonoLogger.INFO: Cron ran at: 22-07-2026 06:25:34 PM [] []
[2026-07-22 18:25:56] SlimMonoLogger.INFO: Cron ran at: 22-07-2026 06:25:56 PM [] []
[2026-07-22 18:26:17] SlimMonoLogger.INFO: Cron ran at: 22-07-2026 06:26:17 PM [] []
[2026-07-22 18:26:29] SlimMonoLogger.INFO: Cron ran at: 22-07-2026 06:26:29 PM [] []
[2026-07-22 18:26:49] SlimMonoLogger.INFO: Cron ran at: 22-07-2026 06:26:49 PM [] []
[2026-07-22 18:27:05] SlimMonoLogger.INFO: Cron ran at: 22-07-2026 06:27:05 PM [] []
[2026-07-22 18:27:19] SlimMonoLogger.INFO: Cron ran at: 22-07-2026 06:27:19 PM [] []
[2026-07-22 18:27:22] SlimMonoLogger.INFO: Cron ran at: 22-07-2026 06:27:22 PM [] []
[2026-07-22 18:27:33] SlimMonoLogger.INFO: Cron ran at: 22-07-2026 06:27:33 PM [] []
[2026-07-22 18:27:56] SlimMonoLogger.INFO: Cron ran at: 22-07-2026 06:27:56 PM [] []
[2026-07-22 18:28:19] SlimMonoLogger.INFO: Cron ran at: 22-07-2026 06:28:19 PM [] []
[2026-07-22 18:28:25] SlimMonoLogger.INFO: Cron ran at: 22-07-2026 06:28:25 PM [] []
[2026-07-22 18:28:30] SlimMonoLogger.INFO: Cron ran at: 22-07-2026 06:28:30 PM [] []
[2026-07-22 18:28:55] SlimMonoLogger.INFO: Cron ran at: 22-07-2026 06:28:55 PM [] []
[2026-07-22 18:29:15] SlimMonoLogger.INFO: Cron ran at: 22-07-2026 06:29:15 PM [] []
[2026-07-22 18:29:18] SlimMonoLogger.INFO: Cron ran at: 22-07-2026 06:29:18 PM [] []
[2026-07-22 18:29:22] SlimMonoLogger.INFO: Cron ran at: 22-07-2026 06:29:22 PM [] []
[2026-07-22 18:30:00] SlimMonoLogger.INFO: Cron ran at: 22-07-2026 06:30:00 PM [] []
[2026-07-22 18:30:17] SlimMonoLogger.INFO: Cron ran at: 22-07-2026 06:30:17 PM [] []
[2026-07-22 18:30:18] SlimMonoLogger.INFO: Cron ran at: 22-07-2026 06:30:18 PM [] []
[2026-07-22 18:30:20] SlimMonoLogger.INFO: Cron ran at: 22-07-2026 06:30:20 PM [] []
[2026-07-22 18:31:07] SlimMonoLogger.INFO: Cron ran at: 22-07-2026 06:31:07 PM [] []
[2026-07-22 18:31:14] SlimMonoLogger.INFO: Cron ran at: 22-07-2026 06:31:14 PM [] []
[2026-07-22 18:31:21] SlimMonoLogger.INFO: Cron ran at: 22-07-2026 06:31:21 PM [] []
[2026-07-22 18:31:59] SlimMonoLogger.INFO: Cron ran at: 22-07-2026 06:31:59 PM [] []
[2026-07-22 18:32:02] SlimMonoLogger.INFO: Cron ran at: 22-07-2026 06:32:02 PM [] []
[2026-07-22 18:32:14] SlimMonoLogger.INFO: Cron ran at: 22-07-2026 06:32:14 PM [] []
[2026-07-22 18:32:16] SlimMonoLogger.INFO: Cron ran at: 22-07-2026 06:32:16 PM [] []
[2026-07-22 18:32:58] SlimMonoLogger.INFO: Cron ran at: 22-07-2026 06:32:58 PM [] []
[2026-07-22 18:33:02] SlimMonoLogger.INFO: Cron ran at: 22-07-2026 06:33:02 PM [] []
[2026-07-22 18:33:02] SlimMonoLogger.INFO: Cron ran at: 22-07-2026 06:33:02 PM [] []
[2026-07-22 18:33:15] SlimMonoLogger.INFO: Cron ran at: 22-07-2026 06:33:15 PM [] []
[2026-07-22 18:33:58] SlimMonoLogger.INFO: Cron ran at: 22-07-2026 06:33:58 PM [] []
[2026-07-22 18:33:58] SlimMonoLogger.INFO: Cron ran at: 22-07-2026 06:33:58 PM [] []
[2026-07-22 18:33:59] SlimMonoLogger.INFO: Cron ran at: 22-07-2026 06:33:59 PM [] []
[2026-07-22 18:34:18] SlimMonoLogger.INFO: Cron ran at: 22-07-2026 06:34:18 PM [] []
[2026-07-22 18:34:54] SlimMonoLogger.INFO: Cron ran at: 22-07-2026 06:34:54 PM [] []
[2026-07-22 18:34:55] SlimMonoLogger.INFO: Cron ran at: 22-07-2026 06:34:55 PM [] []
[2026-07-22 18:34:56] SlimMonoLogger.INFO: Cron ran at: 22-07-2026 06:34:56 PM [] []
[2026-07-22 18:35:23] SlimMonoLogger.INFO: Cron ran at: 22-07-2026 06:35:23 PM [] []
[2026-07-22 18:35:47] SlimMonoLogger.INFO: Cron ran at: 22-07-2026 06:35:47 PM [] []
[2026-07-22 18:36:03] SlimMonoLogger.INFO: Cron ran at: 22-07-2026 06:36:03 PM [] []
[2026-07-22 18:36:26] SlimMonoLogger.INFO: Cron ran at: 22-07-2026 06:36:26 PM [] []
[2026-07-22 18:36:27] SlimMonoLogger.INFO: Cron ran at: 22-07-2026 06:36:27 PM [] []
[2026-07-22 18:36:38] SlimMonoLogger.INFO: Cron ran at: 22-07-2026 06:36:38 PM [] []
[2026-07-22 18:36:58] SlimMonoLogger.INFO: Cron ran at: 22-07-2026 06:36:58 PM [] []
[2026-07-22 18:37:17] SlimMonoLogger.INFO: Cron ran at: 22-07-2026 06:37:17 PM [] []
[2026-07-22 18:37:19] SlimMonoLogger.INFO: Cron ran at: 22-07-2026 06:37:19 PM [] []
[2026-07-22 18:37:39] SlimMonoLogger.INFO: Cron ran at: 22-07-2026 06:37:39 PM [] []
[2026-07-22 18:37:59] SlimMonoLogger.INFO: Cron ran at: 22-07-2026 06:37:59 PM [] []
[2026-07-22 18:38:11] SlimMonoLogger.INFO: Cron ran at: 22-07-2026 06:38:11 PM [] []
[2026-07-22 18:38:14] SlimMonoLogger.INFO: Cron ran at: 22-07-2026 06:38:14 PM [] []
[2026-07-22 18:38:20] SlimMonoLogger.INFO: Cron ran at: 22-07-2026 06:38:20 PM [] []
[2026-07-22 18:38:37] SlimMonoLogger.INFO: Cron ran at: 22-07-2026 06:38:37 PM [] []
[2026-07-22 18:39:05] SlimMonoLogger.INFO: Cron ran at: 22-07-2026 06:39:05 PM [] []
[2026-07-22 18:39:08] SlimMonoLogger.INFO: Cron ran at: 22-07-2026 06:39:08 PM [] []
[2026-07-22 18:39:20] SlimMonoLogger.INFO: Cron ran at: 22-07-2026 06:39:20 PM [] []
[2026-07-22 18:39:34] SlimMonoLogger.INFO: Cron ran at: 22-07-2026 06:39:34 PM [] []
[2026-07-22 18:40:01] SlimMonoLogger.INFO: Cron ran at: 22-07-2026 06:40:01 PM [] []
[2026-07-22 18:40:02] SlimMonoLogger.INFO: Cron ran at: 22-07-2026 06:40:02 PM [] []
[2026-07-22 18:40:18] SlimMonoLogger.INFO: Cron ran at: 22-07-2026 06:40:18 PM [] []
[2026-07-22 18:40:33] SlimMonoLogger.INFO: Cron ran at: 22-07-2026 06:40:33 PM [] []
[2026-07-22 18:40:59] SlimMonoLogger.INFO: Cron ran at: 22-07-2026 06:40:59 PM [] []
[2026-07-22 18:40:59] SlimMonoLogger.INFO: Cron ran at: 22-07-2026 06:40:59 PM [] []
[2026-07-22 18:41:32] SlimMonoLogger.INFO: Cron ran at: 22-07-2026 06:41:32 PM [] []
[2026-07-22 18:41:45] SlimMonoLogger.INFO: Cron ran at: 22-07-2026 06:41:45 PM [] []
[2026-07-22 18:41:55] SlimMonoLogger.INFO: Cron ran at: 22-07-2026 06:41:55 PM [] []
[2026-07-22 18:41:56] SlimMonoLogger.INFO: Cron ran at: 22-07-2026 06:41:56 PM [] []
[2026-07-22 18:42:32] SlimMonoLogger.INFO: Cron ran at: 22-07-2026 06:42:32 PM [] []
[2026-07-22 18:42:33] SlimMonoLogger.INFO: Cron ran at: 22-07-2026 06:42:33 PM [] []
[2026-07-22 18:42:58] SlimMonoLogger.INFO: Cron ran at: 22-07-2026 06:42:58 PM [] []
[2026-07-22 18:43:06] SlimMonoLogger.INFO: Cron ran at: 22-07-2026 06:43:06 PM [] []
[2026-07-22 18:43:31] SlimMonoLogger.INFO: Cron ran at: 22-07-2026 06:43:31 PM [] []
[2026-07-22 18:43:33] SlimMonoLogger.INFO: Cron ran at: 22-07-2026 06:43:33 PM [] []
[2026-07-22 18:43:54] SlimMonoLogger.INFO: Cron ran at: 22-07-2026 06:43:54 PM [] []
[2026-07-22 18:44:01] SlimMonoLogger.INFO: Cron ran at: 22-07-2026 06:44:01 PM [] []
[2026-07-22 18:44:21] SlimMonoLogger.INFO: Cron ran at: 22-07-2026 06:44:21 PM [] []
[2026-07-22 18:44:33] SlimMonoLogger.INFO: Cron ran at: 22-07-2026 06:44:33 PM [] []
[2026-07-22 18:44:54] SlimMonoLogger.INFO: Cron ran at: 22-07-2026 06:44:54 PM [] []
[2026-07-22 18:45:00] SlimMonoLogger.INFO: Cron ran at: 22-07-2026 06:45:00 PM [] []
[2026-07-22 18:45:12] SlimMonoLogger.INFO: Cron ran at: 22-07-2026 06:45:12 PM [] []
[2026-07-22 18:45:30] SlimMonoLogger.INFO: Cron ran at: 22-07-2026 06:45:30 PM [] []
[2026-07-22 18:45:55] SlimMonoLogger.INFO: Cron ran at: 22-07-2026 06:45:55 PM [] []
[2026-07-22 18:46:07] SlimMonoLogger.INFO: Cron ran at: 22-07-2026 06:46:07 PM [] []
[2026-07-22 18:46:40] SlimMonoLogger.INFO: Cron ran at: 22-07-2026 06:46:40 PM [] []
[2026-07-22 18:46:54] SlimMonoLogger.INFO: Cron ran at: 22-07-2026 06:46:54 PM [] []
[2026-07-22 18:47:07] SlimMonoLogger.INFO: Cron ran at: 22-07-2026 06:47:07 PM [] []
[2026-07-22 18:47:07] SlimMonoLogger.INFO: Cron ran at: 22-07-2026 06:47:07 PM [] []
[2026-07-22 18:47:39] SlimMonoLogger.INFO: Cron ran at: 22-07-2026 06:47:39 PM [] []
[2026-07-22 18:47:52] SlimMonoLogger.INFO: Cron ran at: 22-07-2026 06:47:52 PM [] []
[2026-07-22 18:47:54] SlimMonoLogger.INFO: Cron ran at: 22-07-2026 06:47:54 PM [] []
[2026-07-22 18:48:05] SlimMonoLogger.INFO: Cron ran at: 22-07-2026 06:48:05 PM [] []
[2026-07-22 18:48:37] SlimMonoLogger.INFO: Cron ran at: 22-07-2026 06:48:37 PM [] []
[2026-07-22 18:48:50] SlimMonoLogger.INFO: Cron ran at: 22-07-2026 06:48:50 PM [] []
[2026-07-22 18:48:54] SlimMonoLogger.INFO: Cron ran at: 22-07-2026 06:48:54 PM [] []
[2026-07-22 18:49:05] SlimMonoLogger.INFO: Cron ran at: 22-07-2026 06:49:05 PM [] []
[2026-07-22 18:49:34] SlimMonoLogger.INFO: Cron ran at: 22-07-2026 06:49:34 PM [] []
[2026-07-22 18:49:44] SlimMonoLogger.INFO: Cron ran at: 22-07-2026 06:49:44 PM [] []
[2026-07-22 18:49:51] SlimMonoLogger.INFO: Cron ran at: 22-07-2026 06:49:51 PM [] []
[2026-07-22 18:49:57] SlimMonoLogger.INFO: Cron ran at: 22-07-2026 06:49:57 PM [] []
[2026-07-22 18:50:32] SlimMonoLogger.INFO: Cron ran at: 22-07-2026 06:50:32 PM [] []
[2026-07-22 18:50:33] SlimMonoLogger.INFO: Cron ran at: 22-07-2026 06:50:33 PM [] []
[2026-07-22 18:50:55] SlimMonoLogger.INFO: Cron ran at: 22-07-2026 06:50:55 PM [] []
[2026-07-22 18:50:57] SlimMonoLogger.INFO: Cron ran at: 22-07-2026 06:50:57 PM [] []
[2026-07-22 18:51:30] SlimMonoLogger.INFO: Cron ran at: 22-07-2026 06:51:30 PM [] []
[2026-07-22 18:51:37] SlimMonoLogger.INFO: Cron ran at: 22-07-2026 06:51:37 PM [] []
[2026-07-22 18:51:55] SlimMonoLogger.INFO: Cron ran at: 22-07-2026 06:51:55 PM [] []
[2026-07-22 18:51:57] SlimMonoLogger.INFO: Cron ran at: 22-07-2026 06:51:57 PM [] []
[2026-07-22 18:52:30] SlimMonoLogger.INFO: Cron ran at: 22-07-2026 06:52:30 PM [] []
[2026-07-22 18:52:31] SlimMonoLogger.INFO: Cron ran at: 22-07-2026 06:52:31 PM [] []
[2026-07-22 18:53:01] SlimMonoLogger.INFO: Cron ran at: 22-07-2026 06:53:01 PM [] []
[2026-07-22 18:53:21] SlimMonoLogger.INFO: Cron ran at: 22-07-2026 06:53:21 PM [] []
[2026-07-22 18:53:23] SlimMonoLogger.INFO: Cron ran at: 22-07-2026 06:53:23 PM [] []
[2026-07-22 18:54:01] SlimMonoLogger.INFO: Cron ran at: 22-07-2026 06:54:01 PM [] []
[2026-07-22 18:54:14] SlimMonoLogger.ERROR: Requests_Exception: cURL error 35: TLS connect error: error:00000000:lib(0):func(0):reason(0) in /home/latihtal/public_html/agregator1/src/vendor/rmccue/requests/library/Requests/Transport/cURL.php:422
Stack trace:
#0 /home/latihtal/public_html/agregator1/src/vendor/rmccue/requests/library/Requests/Transport/cURL.php(177): Requests_Transport_cURL->process_response()
#1 /home/latihtal/public_html/agregator1/src/vendor/rmccue/requests/library/Requests.php(379): Requests_Transport_cURL->request()
#2 /home/latihtal/public_html/agregator1/src/vendor/rmccue/requests/library/Requests/Session.php(205): Requests::request()
#3 /home/latihtal/public_html/agregator1/src/vendor/rmccue/requests/library/Requests/Session.php(132): Requests_Session->request()
#4 /home/latihtal/public_html/agregator1/src/drivers/Http/RssImporter.php(144): Requests_Session->get()
#5 /home/latihtal/public_html/agregator1/src/controllers/Dashboard/DashboardFeedsController.php(534): spark\drivers\Http\RssImporter->fetchPosts()
#6 /home/latihtal/public_html/agregator1/src/controllers/Site/SiteController.php(722): spark\controllers\Dashboard\DashboardFeedsController::importFeedPosts()
#7 [internal function]: spark\controllers\Site\SiteController->runTasks()
#8 /home/latihtal/public_html/agregator1/src/framework/Route.php(173): call_user_func_array()
#9 [internal function]: Slim\Route->Slim\{closure}()
#10 /home/latihtal/public_html/agregator1/src/framework/Route.php(468): call_user_func_array()
#11 /home/latihtal/public_html/agregator1/src/framework/Slim.php(1364): Slim\Route->dispatch()
#12 /home/latihtal/public_html/agregator1/src/framework/Middleware/Flash.php(85): Slim\Slim->call()
#13 /home/latihtal/public_html/agregator1/src/framework/Middleware/MethodOverride.php(92): Slim\Middleware\Flash->call()
#14 /home/latihtal/public_html/agregator1/src/middlewares/CsrfGuard/CsrfGuard.php(47): Slim\Middleware\MethodOverride->call()
#15 /home/latihtal/public_html/agregator1/src/framework/Middleware/PrettyExceptions.php(67): spark\middlewares\CsrfGuard\CsrfGuard->call()
#16 /home/latihtal/public_html/agregator1/src/framework/Slim.php(1308): Slim\Middleware\PrettyExceptions->call()
#17 /home/latihtal/public_html/agregator1/index.php(6): Slim\Slim->run()
#18 {main} [] []
[2026-07-22 18:54:18] SlimMonoLogger.INFO: Cron ran at: 22-07-2026 06:54:18 PM [] []
[2026-07-22 18:54:20] SlimMonoLogger.INFO: Cron ran at: 22-07-2026 06:54:20 PM [] []
[2026-07-22 18:54:28] SlimMonoLogger.INFO: Cron ran at: 22-07-2026 06:54:28 PM [] []
[2026-07-22 18:55:09] SlimMonoLogger.INFO: Cron ran at: 22-07-2026 06:55:09 PM [] []
[2026-07-22 18:55:10] SlimMonoLogger.INFO: Cron ran at: 22-07-2026 06:55:10 PM [] []
[2026-07-22 18:55:18] SlimMonoLogger.INFO: Cron ran at: 22-07-2026 06:55:18 PM [] []
[2026-07-22 18:56:04] SlimMonoLogger.INFO: Cron ran at: 22-07-2026 06:56:04 PM [] []
[2026-07-22 18:56:12] SlimMonoLogger.INFO: Cron ran at: 22-07-2026 06:56:12 PM [] []
[2026-07-22 18:56:22] SlimMonoLogger.INFO: Cron ran at: 22-07-2026 06:56:22 PM [] []
[2026-07-22 18:56:49] SlimMonoLogger.INFO: Cron ran at: 22-07-2026 06:56:49 PM [] []
[2026-07-22 18:57:02] SlimMonoLogger.INFO: Cron ran at: 22-07-2026 06:57:02 PM [] []
[2026-07-22 18:57:04] SlimMonoLogger.INFO: Cron ran at: 22-07-2026 06:57:04 PM [] []
[2026-07-22 18:57:24] SlimMonoLogger.INFO: Cron ran at: 22-07-2026 06:57:24 PM [] []
[2026-07-22 18:57:40] SlimMonoLogger.INFO: Cron ran at: 22-07-2026 06:57:40 PM [] []
[2026-07-22 18:58:00] SlimMonoLogger.INFO: Cron ran at: 22-07-2026 06:58:00 PM [] []
[2026-07-22 18:58:00] SlimMonoLogger.INFO: Cron ran at: 22-07-2026 06:58:00 PM [] []
[2026-07-22 18:58:23] SlimMonoLogger.INFO: Cron ran at: 22-07-2026 06:58:23 PM [] []
[2026-07-22 18:58:28] SlimMonoLogger.INFO: Cron ran at: 22-07-2026 06:58:28 PM [] []
[2026-07-22 18:58:58] SlimMonoLogger.INFO: Cron ran at: 22-07-2026 06:58:58 PM [] []
[2026-07-22 18:59:08] SlimMonoLogger.INFO: Cron ran at: 22-07-2026 06:59:08 PM [] []
[2026-07-22 18:59:22] SlimMonoLogger.INFO: Cron ran at: 22-07-2026 06:59:22 PM [] []
[2026-07-22 18:59:22] SlimMonoLogger.INFO: Cron ran at: 22-07-2026 06:59:22 PM [] []
[2026-07-22 19:00:04] SlimMonoLogger.INFO: Cron ran at: 22-07-2026 07:00:04 PM [] []
[2026-07-22 19:00:09] SlimMonoLogger.INFO: Cron ran at: 22-07-2026 07:00:09 PM [] []
[2026-07-22 19:00:15] SlimMonoLogger.INFO: Cron ran at: 22-07-2026 07:00:15 PM [] []
[2026-07-22 19:00:26] SlimMonoLogger.INFO: Cron ran at: 22-07-2026 07:00:26 PM [] []
[2026-07-22 19:00:37] SlimMonoLogger.ERROR: Requests_Exception: cURL error 28: Operation timed out after 500002 milliseconds with 0 bytes received in /home/latihtal/public_html/agregator1/src/vendor/rmccue/requests/library/Requests/Transport/cURL.php:422
Stack trace:
#0 /home/latihtal/public_html/agregator1/src/vendor/rmccue/requests/library/Requests/Transport/cURL.php(177): Requests_Transport_cURL->process_response()
#1 /home/latihtal/public_html/agregator1/src/vendor/rmccue/requests/library/Requests.php(379): Requests_Transport_cURL->request()
#2 /home/latihtal/public_html/agregator1/src/vendor/rmccue/requests/library/Requests/Session.php(205): Requests::request()
#3 /home/latihtal/public_html/agregator1/src/vendor/rmccue/requests/library/Requests/Session.php(132): Requests_Session->request()
#4 /home/latihtal/public_html/agregator1/src/drivers/Http/RssImporter.php(144): Requests_Session->get()
#5 /home/latihtal/public_html/agregator1/src/controllers/Dashboard/DashboardFeedsController.php(534): spark\drivers\Http\RssImporter->fetchPosts()
#6 /home/latihtal/public_html/agregator1/src/controllers/Site/SiteController.php(722): spark\controllers\Dashboard\DashboardFeedsController::importFeedPosts()
#7 [internal function]: spark\controllers\Site\SiteController->runTasks()
#8 /home/latihtal/public_html/agregator1/src/framework/Route.php(173): call_user_func_array()
#9 [internal function]: Slim\Route->Slim\{closure}()
#10 /home/latihtal/public_html/agregator1/src/framework/Route.php(468): call_user_func_array()
#11 /home/latihtal/public_html/agregator1/src/framework/Slim.php(1364): Slim\Route->dispatch()
#12 /home/latihtal/public_html/agregator1/src/framework/Middleware/Flash.php(85): Slim\Slim->call()
#13 /home/latihtal/public_html/agregator1/src/framework/Middleware/MethodOverride.php(92): Slim\Middleware\Flash->call()
#14 /home/latihtal/public_html/agregator1/src/middlewares/CsrfGuard/CsrfGuard.php(47): Slim\Middleware\MethodOverride->call()
#15 /home/latihtal/public_html/agregator1/src/framework/Middleware/PrettyExceptions.php(67): spark\middlewares\CsrfGuard\CsrfGuard->call()
#16 /home/latihtal/public_html/agregator1/src/framework/Slim.php(1308): Slim\Middleware\PrettyExceptions->call()
#17 /home/latihtal/public_html/agregator1/index.php(6): Slim\Slim->run()
#18 {main} [] []
[2026-07-22 19:01:02] SlimMonoLogger.INFO: Cron ran at: 22-07-2026 07:01:02 PM [] []
[2026-07-22 19:01:14] SlimMonoLogger.INFO: Cron ran at: 22-07-2026 07:01:14 PM [] []
[2026-07-22 19:01:21] SlimMonoLogger.INFO: Cron ran at: 22-07-2026 07:01:21 PM [] []
[2026-07-22 19:01:29] SlimMonoLogger.INFO: Cron ran at: 22-07-2026 07:01:29 PM [] []
[2026-07-22 19:01:55] SlimMonoLogger.INFO: Cron ran at: 22-07-2026 07:01:55 PM [] []
[2026-07-22 19:02:11] SlimMonoLogger.INFO: Cron ran at: 22-07-2026 07:02:11 PM [] []
[2026-07-22 19:02:21] SlimMonoLogger.INFO: Cron ran at: 22-07-2026 07:02:21 PM [] []
[2026-07-22 19:02:21] SlimMonoLogger.INFO: Cron ran at: 22-07-2026 07:02:21 PM [] []
[2026-07-22 19:02:56] SlimMonoLogger.INFO: Cron ran at: 22-07-2026 07:02:56 PM [] []
[2026-07-22 19:03:03] SlimMonoLogger.INFO: Cron ran at: 22-07-2026 07:03:03 PM [] []
[2026-07-22 19:03:05] SlimMonoLogger.INFO: Cron ran at: 22-07-2026 07:03:05 PM [] []
[2026-07-22 19:03:23] SlimMonoLogger.INFO: Cron ran at: 22-07-2026 07:03:23 PM [] []
[2026-07-22 19:03:59] SlimMonoLogger.INFO: Cron ran at: 22-07-2026 07:03:59 PM [] []
[2026-07-22 19:04:01] SlimMonoLogger.INFO: Cron ran at: 22-07-2026 07:04:01 PM [] []
[2026-07-22 19:04:04] SlimMonoLogger.INFO: Cron ran at: 22-07-2026 07:04:04 PM [] []
[2026-07-22 19:04:20] SlimMonoLogger.INFO: Cron ran at: 22-07-2026 07:04:20 PM [] []
[2026-07-22 19:04:55] SlimMonoLogger.INFO: Cron ran at: 22-07-2026 07:04:55 PM [] []
[2026-07-22 19:04:55] SlimMonoLogger.INFO: Cron ran at: 22-07-2026 07:04:55 PM [] []
[2026-07-22 19:04:56] SlimMonoLogger.INFO: Cron ran at: 22-07-2026 07:04:56 PM [] []
[2026-07-22 19:05:24] SlimMonoLogger.INFO: Cron ran at: 22-07-2026 07:05:24 PM [] []
[2026-07-22 19:05:51] SlimMonoLogger.INFO: Cron ran at: 22-07-2026 07:05:51 PM [] []
[2026-07-22 19:05:57] SlimMonoLogger.INFO: Cron ran at: 22-07-2026 07:05:57 PM [] []
[2026-07-22 19:06:02] SlimMonoLogger.INFO: Cron ran at: 22-07-2026 07:06:02 PM [] []
[2026-07-22 19:06:48] SlimMonoLogger.INFO: Cron ran at: 22-07-2026 07:06:48 PM [] []
[2026-07-22 19:06:58] SlimMonoLogger.INFO: Cron ran at: 22-07-2026 07:06:58 PM [] []
[2026-07-22 19:06:59] SlimMonoLogger.INFO: Cron ran at: 22-07-2026 07:06:59 PM [] []
[2026-07-22 19:07:09] SlimMonoLogger.INFO: Cron ran at: 22-07-2026 07:07:09 PM [] []
[2026-07-22 19:07:40] SlimMonoLogger.INFO: Cron ran at: 22-07-2026 07:07:40 PM [] []
[2026-07-22 19:07:59] SlimMonoLogger.INFO: Cron ran at: 22-07-2026 07:07:59 PM [] []
[2026-07-22 19:08:00] SlimMonoLogger.INFO: Cron ran at: 22-07-2026 07:08:00 PM [] []
[2026-07-22 19:08:01] SlimMonoLogger.INFO: Cron ran at: 22-07-2026 07:08:01 PM [] []
[2026-07-22 19:08:39] SlimMonoLogger.INFO: Cron ran at: 22-07-2026 07:08:39 PM [] []
[2026-07-22 19:08:54] SlimMonoLogger.INFO: Cron ran at: 22-07-2026 07:08:54 PM [] []
[2026-07-22 19:08:55] SlimMonoLogger.INFO: Cron ran at: 22-07-2026 07:08:55 PM [] []
[2026-07-22 19:08:59] SlimMonoLogger.INFO: Cron ran at: 22-07-2026 07:08:59 PM [] []
[2026-07-22 19:09:38] SlimMonoLogger.INFO: Cron ran at: 22-07-2026 07:09:38 PM [] []
[2026-07-22 19:09:45] SlimMonoLogger.INFO: Cron ran at: 22-07-2026 07:09:45 PM [] []
[2026-07-22 19:09:57] SlimMonoLogger.INFO: Cron ran at: 22-07-2026 07:09:57 PM [] []
[2026-07-22 19:10:01] SlimMonoLogger.INFO: Cron ran at: 22-07-2026 07:10:01 PM [] []
[2026-07-22 19:10:35] SlimMonoLogger.INFO: Cron ran at: 22-07-2026 07:10:35 PM [] []
[2026-07-22 19:10:49] SlimMonoLogger.INFO: Cron ran at: 22-07-2026 07:10:49 PM [] []
[2026-07-22 19:11:01] SlimMonoLogger.INFO: Cron ran at: 22-07-2026 07:11:01 PM [] []
[2026-07-22 19:11:46] SlimMonoLogger.INFO: Cron ran at: 22-07-2026 07:11:46 PM [] []
[2026-07-22 19:11:47] SlimMonoLogger.INFO: Cron ran at: 22-07-2026 07:11:47 PM [] []
[2026-07-22 19:12:07] SlimMonoLogger.INFO: Cron ran at: 22-07-2026 07:12:07 PM [] []
[2026-07-22 19:12:08] SlimMonoLogger.INFO: Cron ran at: 22-07-2026 07:12:08 PM [] []
