[2026-06-30 02:01:50] SlimMonoLogger.INFO: Cron ran at: 30-06-2026 02:01:50 AM [] []
[2026-06-30 02:01:55] SlimMonoLogger.INFO: Cron ran at: 30-06-2026 02:01:55 AM [] []
[2026-06-30 02:01:57] SlimMonoLogger.INFO: Cron ran at: 30-06-2026 02:01:57 AM [] []
[2026-06-30 02:01:57] SlimMonoLogger.INFO: Cron ran at: 30-06-2026 02:01:57 AM [] []
[2026-06-30 02:02:37] SlimMonoLogger.INFO: Cron ran at: 30-06-2026 02:02:37 AM [] []
[2026-06-30 02:02:37] SlimMonoLogger.INFO: Cron ran at: 30-06-2026 02:02:37 AM [] []
[2026-06-30 02:02:58] SlimMonoLogger.INFO: Cron ran at: 30-06-2026 02:02:58 AM [] []
[2026-06-30 02:03:00] SlimMonoLogger.INFO: Cron ran at: 30-06-2026 02:03:00 AM [] []
[2026-06-30 02:03:35] SlimMonoLogger.INFO: Cron ran at: 30-06-2026 02:03:35 AM [] []
[2026-06-30 02:03:36] SlimMonoLogger.INFO: Cron ran at: 30-06-2026 02:03:36 AM [] []
[2026-06-30 02:03:59] SlimMonoLogger.INFO: Cron ran at: 30-06-2026 02:03:59 AM [] []
[2026-06-30 02:03:59] SlimMonoLogger.INFO: Cron ran at: 30-06-2026 02:03:59 AM [] []
[2026-06-30 02:04:28] SlimMonoLogger.INFO: Cron ran at: 30-06-2026 02:04:28 AM [] []
[2026-06-30 02:04:32] SlimMonoLogger.INFO: Cron ran at: 30-06-2026 02:04:32 AM [] []
[2026-06-30 02:05:00] SlimMonoLogger.INFO: Cron ran at: 30-06-2026 02:05:00 AM [] []
[2026-06-30 02:05:00] SlimMonoLogger.INFO: Cron ran at: 30-06-2026 02:05:00 AM [] []
[2026-06-30 02:05:19] SlimMonoLogger.INFO: Cron ran at: 30-06-2026 02:05:19 AM [] []
[2026-06-30 02:05:30] SlimMonoLogger.INFO: Cron ran at: 30-06-2026 02:05:30 AM [] []
[2026-06-30 02:05:57] SlimMonoLogger.INFO: Cron ran at: 30-06-2026 02:05:57 AM [] []
[2026-06-30 02:06:15] SlimMonoLogger.INFO: Cron ran at: 30-06-2026 02:06:15 AM [] []
[2026-06-30 02:06:30] SlimMonoLogger.INFO: Cron ran at: 30-06-2026 02:06:30 AM [] []
[2026-06-30 02:06:33] SlimMonoLogger.INFO: Cron ran at: 30-06-2026 02:06:33 AM [] []
[2026-06-30 02:06:56] SlimMonoLogger.INFO: Cron ran at: 30-06-2026 02:06:56 AM [] []
[2026-06-30 02:07:09] SlimMonoLogger.INFO: Cron ran at: 30-06-2026 02:07:09 AM [] []
[2026-06-30 02:07:26] SlimMonoLogger.INFO: Cron ran at: 30-06-2026 02:07:26 AM [] []
[2026-06-30 02:07:33] SlimMonoLogger.INFO: Cron ran at: 30-06-2026 02:07:33 AM [] []
[2026-06-30 02:07:55] SlimMonoLogger.INFO: Cron ran at: 30-06-2026 02:07:55 AM [] []
[2026-06-30 02:08:05] SlimMonoLogger.INFO: Cron ran at: 30-06-2026 02:08:05 AM [] []
[2026-06-30 02:08:18] SlimMonoLogger.INFO: Cron ran at: 30-06-2026 02:08:18 AM [] []
[2026-06-30 02:08:32] SlimMonoLogger.INFO: Cron ran at: 30-06-2026 02:08:32 AM [] []
[2026-06-30 02:08:56] SlimMonoLogger.INFO: Cron ran at: 30-06-2026 02:08:56 AM [] []
[2026-06-30 02:09:04] SlimMonoLogger.INFO: Cron ran at: 30-06-2026 02:09:04 AM [] []
[2026-06-30 02:09:09] SlimMonoLogger.INFO: Cron ran at: 30-06-2026 02:09:09 AM [] []
[2026-06-30 02:09:34] SlimMonoLogger.INFO: Cron ran at: 30-06-2026 02:09:34 AM [] []
[2026-06-30 02:10:02] SlimMonoLogger.INFO: Cron ran at: 30-06-2026 02:10:02 AM [] []
[2026-06-30 02:10:02] SlimMonoLogger.INFO: Cron ran at: 30-06-2026 02:10:02 AM [] []
[2026-06-30 02:10:08] SlimMonoLogger.INFO: Cron ran at: 30-06-2026 02:10:08 AM [] []
[2026-06-30 02:10:31] SlimMonoLogger.INFO: Cron ran at: 30-06-2026 02:10:31 AM [] []
[2026-06-30 02:11:00] SlimMonoLogger.INFO: Cron ran at: 30-06-2026 02:11:00 AM [] []
[2026-06-30 02:11:01] SlimMonoLogger.INFO: Cron ran at: 30-06-2026 02:11:01 AM [] []
[2026-06-30 02:11:15] SlimMonoLogger.INFO: Cron ran at: 30-06-2026 02:11:15 AM [] []
[2026-06-30 02:11:32] SlimMonoLogger.INFO: Cron ran at: 30-06-2026 02:11:32 AM [] []
[2026-06-30 02:11:56] SlimMonoLogger.INFO: Cron ran at: 30-06-2026 02:11:56 AM [] []
[2026-06-30 02:12:01] SlimMonoLogger.INFO: Cron ran at: 30-06-2026 02:12:01 AM [] []
[2026-06-30 02:12:07] SlimMonoLogger.INFO: Cron ran at: 30-06-2026 02:12:07 AM [] []
[2026-06-30 02:12:32] SlimMonoLogger.INFO: Cron ran at: 30-06-2026 02:12:32 AM [] []
[2026-06-30 02:12:52] SlimMonoLogger.INFO: Cron ran at: 30-06-2026 02:12:52 AM [] []
[2026-06-30 02:13:01] SlimMonoLogger.INFO: Cron ran at: 30-06-2026 02:13:01 AM [] []
[2026-06-30 02:13:01] SlimMonoLogger.INFO: Cron ran at: 30-06-2026 02:13:01 AM [] []
[2026-06-30 02:13:32] SlimMonoLogger.INFO: Cron ran at: 30-06-2026 02:13:32 AM [] []
[2026-06-30 02:13:51] SlimMonoLogger.INFO: Cron ran at: 30-06-2026 02:13:51 AM [] []
[2026-06-30 02:13:51] SlimMonoLogger.INFO: Cron ran at: 30-06-2026 02:13:51 AM [] []
[2026-06-30 02:14:04] SlimMonoLogger.INFO: Cron ran at: 30-06-2026 02:14:04 AM [] []
[2026-06-30 02:14:33] SlimMonoLogger.INFO: Cron ran at: 30-06-2026 02:14:33 AM [] []
[2026-06-30 02:14:45] SlimMonoLogger.INFO: Cron ran at: 30-06-2026 02:14:45 AM [] []
[2026-06-30 02:14:46] SlimMonoLogger.INFO: Cron ran at: 30-06-2026 02:14:46 AM [] []
[2026-06-30 02:15:03] SlimMonoLogger.INFO: Cron ran at: 30-06-2026 02:15:03 AM [] []
[2026-06-30 02:15:47] SlimMonoLogger.INFO: Cron ran at: 30-06-2026 02:15:47 AM [] []
[2026-06-30 02:15:48] SlimMonoLogger.INFO: Cron ran at: 30-06-2026 02:15:48 AM [] []
[2026-06-30 02:16:03] SlimMonoLogger.INFO: Cron ran at: 30-06-2026 02:16:03 AM [] []
[2026-06-30 02:16:27] SlimMonoLogger.INFO: Cron ran at: 30-06-2026 02:16:27 AM [] []
[2026-06-30 02:16:38] SlimMonoLogger.INFO: Cron ran at: 30-06-2026 02:16:38 AM [] []
[2026-06-30 02:16:50] SlimMonoLogger.INFO: Cron ran at: 30-06-2026 02:16:50 AM [] []
[2026-06-30 02:17:06] SlimMonoLogger.INFO: Cron ran at: 30-06-2026 02:17:06 AM [] []
[2026-06-30 02:17:14] SlimMonoLogger.INFO: Cron ran at: 30-06-2026 02:17:14 AM [] []
[2026-06-30 02:17:37] SlimMonoLogger.INFO: Cron ran at: 30-06-2026 02:17:37 AM [] []
[2026-06-30 02:17:49] SlimMonoLogger.INFO: Cron ran at: 30-06-2026 02:17:49 AM [] []
[2026-06-30 02:18:03] SlimMonoLogger.INFO: Cron ran at: 30-06-2026 02:18:03 AM [] []
[2026-06-30 02:18:07] SlimMonoLogger.INFO: Cron ran at: 30-06-2026 02:18:07 AM [] []
[2026-06-30 02:18:34] SlimMonoLogger.INFO: Cron ran at: 30-06-2026 02:18:34 AM [] []
[2026-06-30 02:18:51] SlimMonoLogger.INFO: Cron ran at: 30-06-2026 02:18:51 AM [] []
[2026-06-30 02:19:02] SlimMonoLogger.INFO: Cron ran at: 30-06-2026 02:19:02 AM [] []
[2026-06-30 02:19:04] SlimMonoLogger.INFO: Cron ran at: 30-06-2026 02:19:04 AM [] []
[2026-06-30 02:19:36] SlimMonoLogger.INFO: Cron ran at: 30-06-2026 02:19:36 AM [] []
[2026-06-30 02:19:49] SlimMonoLogger.INFO: Cron ran at: 30-06-2026 02:19:49 AM [] []
[2026-06-30 02:19:55] SlimMonoLogger.INFO: Cron ran at: 30-06-2026 02:19:55 AM [] []
[2026-06-30 02:20:03] SlimMonoLogger.INFO: Cron ran at: 30-06-2026 02:20:03 AM [] []
[2026-06-30 02:20:37] SlimMonoLogger.INFO: Cron ran at: 30-06-2026 02:20:37 AM [] []
[2026-06-30 02:20:50] SlimMonoLogger.INFO: Cron ran at: 30-06-2026 02:20:50 AM [] []
[2026-06-30 02:20:52] SlimMonoLogger.INFO: Cron ran at: 30-06-2026 02:20:52 AM [] []
[2026-06-30 02:21:29] SlimMonoLogger.INFO: Cron ran at: 30-06-2026 02:21:29 AM [] []
[2026-06-30 02:21:39] SlimMonoLogger.INFO: Cron ran at: 30-06-2026 02:21:39 AM [] []
[2026-06-30 02:21:46] SlimMonoLogger.INFO: Cron ran at: 30-06-2026 02:21:46 AM [] []
[2026-06-30 02:21:52] SlimMonoLogger.INFO: Cron ran at: 30-06-2026 02:21:52 AM [] []
[2026-06-30 02:22:20] SlimMonoLogger.INFO: Cron ran at: 30-06-2026 02:22:20 AM [] []
[2026-06-30 02:22:36] SlimMonoLogger.INFO: Cron ran at: 30-06-2026 02:22:36 AM [] []
[2026-06-30 02:22:47] SlimMonoLogger.INFO: Cron ran at: 30-06-2026 02:22:47 AM [] []
[2026-06-30 02:22:52] SlimMonoLogger.INFO: Cron ran at: 30-06-2026 02:22:52 AM [] []
[2026-06-30 02:23:14] SlimMonoLogger.INFO: Cron ran at: 30-06-2026 02:23:14 AM [] []
[2026-06-30 02:23:45] SlimMonoLogger.INFO: Cron ran at: 30-06-2026 02:23:45 AM [] []
[2026-06-30 02:23:45] SlimMonoLogger.INFO: Cron ran at: 30-06-2026 02:23:45 AM [] []
[2026-06-30 02:23:52] SlimMonoLogger.INFO: Cron ran at: 30-06-2026 02:23:52 AM [] []
[2026-06-30 02:24:06] SlimMonoLogger.INFO: Cron ran at: 30-06-2026 02:24:06 AM [] []
[2026-06-30 02:24:42] SlimMonoLogger.INFO: Cron ran at: 30-06-2026 02:24:42 AM [] []
[2026-06-30 02:24:43] SlimMonoLogger.INFO: Cron ran at: 30-06-2026 02:24:43 AM [] []
[2026-06-30 02:24:55] SlimMonoLogger.INFO: Cron ran at: 30-06-2026 02:24:55 AM [] []
[2026-06-30 02:25:00] SlimMonoLogger.INFO: Cron ran at: 30-06-2026 02:25:00 AM [] []
[2026-06-30 02:25:40] SlimMonoLogger.INFO: Cron ran at: 30-06-2026 02:25:40 AM [] []
[2026-06-30 02:25:47] SlimMonoLogger.INFO: Cron ran at: 30-06-2026 02:25:47 AM [] []
[2026-06-30 02:25:52] SlimMonoLogger.INFO: Cron ran at: 30-06-2026 02:25:52 AM [] []
[2026-06-30 02:26:30] SlimMonoLogger.INFO: Cron ran at: 30-06-2026 02:26:30 AM [] []
[2026-06-30 02:26:34] SlimMonoLogger.INFO: Cron ran at: 30-06-2026 02:26:34 AM [] []
[2026-06-30 02:26:43] SlimMonoLogger.INFO: Cron ran at: 30-06-2026 02:26:43 AM [] []
[2026-06-30 02:26:47] SlimMonoLogger.INFO: Cron ran at: 30-06-2026 02:26:47 AM [] []
[2026-06-30 02:27:14] SlimMonoLogger.INFO: Cron ran at: 30-06-2026 02:27:14 AM [] []
[2026-06-30 02:27:34] SlimMonoLogger.INFO: Cron ran at: 30-06-2026 02:27:34 AM [] []
[2026-06-30 02:27:39] SlimMonoLogger.INFO: Cron ran at: 30-06-2026 02:27:39 AM [] []
[2026-06-30 02:27:43] SlimMonoLogger.INFO: Cron ran at: 30-06-2026 02:27:43 AM [] []
[2026-06-30 02:28:08] SlimMonoLogger.INFO: Cron ran at: 30-06-2026 02:28:08 AM [] []
[2026-06-30 02:28:32] SlimMonoLogger.INFO: Cron ran at: 30-06-2026 02:28:32 AM [] []
[2026-06-30 02:28:38] SlimMonoLogger.INFO: Cron ran at: 30-06-2026 02:28:38 AM [] []
[2026-06-30 02:28:39] SlimMonoLogger.INFO: Cron ran at: 30-06-2026 02:28:39 AM [] []
[2026-06-30 02:29:00] SlimMonoLogger.INFO: Cron ran at: 30-06-2026 02:29:00 AM [] []
[2026-06-30 02:29:34] SlimMonoLogger.INFO: Cron ran at: 30-06-2026 02:29:34 AM [] []
[2026-06-30 02:29:37] SlimMonoLogger.INFO: Cron ran at: 30-06-2026 02:29:37 AM [] []
[2026-06-30 02:29:40] SlimMonoLogger.INFO: Cron ran at: 30-06-2026 02:29:40 AM [] []
[2026-06-30 02:29:56] SlimMonoLogger.INFO: Cron ran at: 30-06-2026 02:29:56 AM [] []
[2026-06-30 02:30:50] SlimMonoLogger.INFO: Cron ran at: 30-06-2026 02:30:50 AM [] []
[2026-06-30 02:30:50] SlimMonoLogger.INFO: Cron ran at: 30-06-2026 02:30:50 AM [] []
[2026-06-30 02:30:51] SlimMonoLogger.INFO: Cron ran at: 30-06-2026 02:30:51 AM [] []
[2026-06-30 02:31:43] SlimMonoLogger.INFO: Cron ran at: 30-06-2026 02:31:43 AM [] []
[2026-06-30 02:31:43] SlimMonoLogger.INFO: Cron ran at: 30-06-2026 02:31:43 AM [] []
[2026-06-30 02:31:48] SlimMonoLogger.INFO: Cron ran at: 30-06-2026 02:31:48 AM [] []
[2026-06-30 02:31:56] SlimMonoLogger.INFO: Cron ran at: 30-06-2026 02:31:56 AM [] []
[2026-06-30 02:32:40] SlimMonoLogger.INFO: Cron ran at: 30-06-2026 02:32:40 AM [] []
[2026-06-30 02:32:41] SlimMonoLogger.INFO: Cron ran at: 30-06-2026 02:32:41 AM [] []
[2026-06-30 02:32:42] SlimMonoLogger.INFO: Cron ran at: 30-06-2026 02:32:42 AM [] []
[2026-06-30 02:32:46] SlimMonoLogger.INFO: Cron ran at: 30-06-2026 02:32:46 AM [] []
[2026-06-30 02:33:40] SlimMonoLogger.INFO: Cron ran at: 30-06-2026 02:33:40 AM [] []
[2026-06-30 02:33:40] SlimMonoLogger.INFO: Cron ran at: 30-06-2026 02:33:40 AM [] []
[2026-06-30 02:33:42] SlimMonoLogger.INFO: Cron ran at: 30-06-2026 02:33:42 AM [] []
[2026-06-30 02:33:55] SlimMonoLogger.INFO: Cron ran at: 30-06-2026 02:33:55 AM [] []
[2026-06-30 02:34:35] SlimMonoLogger.INFO: Cron ran at: 30-06-2026 02:34:35 AM [] []
[2026-06-30 02:34:39] SlimMonoLogger.INFO: Cron ran at: 30-06-2026 02:34:39 AM [] []
[2026-06-30 02:34:40] SlimMonoLogger.INFO: Cron ran at: 30-06-2026 02:34:40 AM [] []
[2026-06-30 02:34:40] SlimMonoLogger.INFO: Cron ran at: 30-06-2026 02:34:40 AM [] []
[2026-06-30 02:35:30] SlimMonoLogger.INFO: Cron ran at: 30-06-2026 02:35:30 AM [] []
[2026-06-30 02:35:43] SlimMonoLogger.INFO: Cron ran at: 30-06-2026 02:35:43 AM [] []
[2026-06-30 02:35:43] SlimMonoLogger.INFO: Cron ran at: 30-06-2026 02:35:43 AM [] []
[2026-06-30 02:36:26] SlimMonoLogger.INFO: Cron ran at: 30-06-2026 02:36:26 AM [] []
[2026-06-30 02:36:39] SlimMonoLogger.INFO: Cron ran at: 30-06-2026 02:36:39 AM [] []
[2026-06-30 02:36:39] SlimMonoLogger.INFO: Cron ran at: 30-06-2026 02:36:39 AM [] []
[2026-06-30 02:36:40] SlimMonoLogger.INFO: Cron ran at: 30-06-2026 02:36:40 AM [] []
[2026-06-30 02:37:29] SlimMonoLogger.INFO: Cron ran at: 30-06-2026 02:37:29 AM [] []
[2026-06-30 02:37:30] SlimMonoLogger.INFO: Cron ran at: 30-06-2026 02:37:30 AM [] []
[2026-06-30 02:37:41] SlimMonoLogger.INFO: Cron ran at: 30-06-2026 02:37:41 AM [] []
[2026-06-30 02:37:41] SlimMonoLogger.INFO: Cron ran at: 30-06-2026 02:37:41 AM [] []
[2026-06-30 02:38:18] SlimMonoLogger.INFO: Cron ran at: 30-06-2026 02:38:18 AM [] []
[2026-06-30 02:38:22] SlimMonoLogger.INFO: Cron ran at: 30-06-2026 02:38:22 AM [] []
[2026-06-30 02:38:41] SlimMonoLogger.INFO: Cron ran at: 30-06-2026 02:38:41 AM [] []
[2026-06-30 02:38:42] SlimMonoLogger.INFO: Cron ran at: 30-06-2026 02:38:42 AM [] []
[2026-06-30 02:39:11] SlimMonoLogger.INFO: Cron ran at: 30-06-2026 02:39:11 AM [] []
[2026-06-30 02:39:12] SlimMonoLogger.INFO: Cron ran at: 30-06-2026 02:39:12 AM [] []
[2026-06-30 02:39:42] SlimMonoLogger.INFO: Cron ran at: 30-06-2026 02:39:42 AM [] []
[2026-06-30 02:39:43] SlimMonoLogger.INFO: Cron ran at: 30-06-2026 02:39:43 AM [] []
[2026-06-30 02:40:11] SlimMonoLogger.INFO: Cron ran at: 30-06-2026 02:40:11 AM [] []
[2026-06-30 02:40:14] SlimMonoLogger.INFO: Cron ran at: 30-06-2026 02:40:14 AM [] []
[2026-06-30 02:40:43] SlimMonoLogger.INFO: Cron ran at: 30-06-2026 02:40:43 AM [] []
[2026-06-30 02:41:07] SlimMonoLogger.INFO: Cron ran at: 30-06-2026 02:41:07 AM [] []
[2026-06-30 02:41:15] SlimMonoLogger.INFO: Cron ran at: 30-06-2026 02:41:15 AM [] []
[2026-06-30 02:41:43] SlimMonoLogger.INFO: Cron ran at: 30-06-2026 02:41:43 AM [] []
[2026-06-30 02:41:56] SlimMonoLogger.INFO: Cron ran at: 30-06-2026 02:41:56 AM [] []
[2026-06-30 02:42:01] SlimMonoLogger.INFO: Cron ran at: 30-06-2026 02:42:01 AM [] []
[2026-06-30 02:42:12] SlimMonoLogger.INFO: Cron ran at: 30-06-2026 02:42:12 AM [] []
[2026-06-30 02:42:44] SlimMonoLogger.INFO: Cron ran at: 30-06-2026 02:42:44 AM [] []
[2026-06-30 02:42:48] SlimMonoLogger.INFO: Cron ran at: 30-06-2026 02:42:48 AM [] []
[2026-06-30 02:43:01] SlimMonoLogger.INFO: Cron ran at: 30-06-2026 02:43:01 AM [] []
[2026-06-30 02:43:13] SlimMonoLogger.INFO: Cron ran at: 30-06-2026 02:43:13 AM [] []
[2026-06-30 02:43:39] SlimMonoLogger.INFO: Cron ran at: 30-06-2026 02:43:39 AM [] []
[2026-06-30 02:43:39] SlimMonoLogger.INFO: Cron ran at: 30-06-2026 02:43:39 AM [] []
[2026-06-30 02:43:54] SlimMonoLogger.INFO: Cron ran at: 30-06-2026 02:43:54 AM [] []
[2026-06-30 02:44:12] SlimMonoLogger.INFO: Cron ran at: 30-06-2026 02:44:12 AM [] []
[2026-06-30 02:44:33] SlimMonoLogger.INFO: Cron ran at: 30-06-2026 02:44:33 AM [] []
[2026-06-30 02:44:40] SlimMonoLogger.INFO: Cron ran at: 30-06-2026 02:44:40 AM [] []
[2026-06-30 02:44:54] SlimMonoLogger.INFO: Cron ran at: 30-06-2026 02:44:54 AM [] []
[2026-06-30 02:45:15] SlimMonoLogger.INFO: Cron ran at: 30-06-2026 02:45:15 AM [] []
[2026-06-30 02:45:26] SlimMonoLogger.INFO: Cron ran at: 30-06-2026 02:45:26 AM [] []
[2026-06-30 02:45:58] SlimMonoLogger.INFO: Cron ran at: 30-06-2026 02:45:58 AM [] []
[2026-06-30 02:46:16] SlimMonoLogger.INFO: Cron ran at: 30-06-2026 02:46:16 AM [] []
[2026-06-30 02:46:16] SlimMonoLogger.INFO: Cron ran at: 30-06-2026 02:46:16 AM [] []
[2026-06-30 02:46:22] SlimMonoLogger.INFO: Cron ran at: 30-06-2026 02:46:22 AM [] []
[2026-06-30 02:47:00] SlimMonoLogger.INFO: Cron ran at: 30-06-2026 02:47:00 AM [] []
[2026-06-30 02:47:11] SlimMonoLogger.INFO: Cron ran at: 30-06-2026 02:47:11 AM [] []
[2026-06-30 02:47:13] SlimMonoLogger.INFO: Cron ran at: 30-06-2026 02:47:13 AM [] []
[2026-06-30 02:47:15] SlimMonoLogger.INFO: Cron ran at: 30-06-2026 02:47:15 AM [] []
[2026-06-30 02:47:56] SlimMonoLogger.INFO: Cron ran at: 30-06-2026 02:47:56 AM [] []
[2026-06-30 02:47:59] SlimMonoLogger.INFO: Cron ran at: 30-06-2026 02:47:59 AM [] []
[2026-06-30 02:48:09] SlimMonoLogger.INFO: Cron ran at: 30-06-2026 02:48:09 AM [] []
[2026-06-30 02:48:10] SlimMonoLogger.INFO: Cron ran at: 30-06-2026 02:48:10 AM [] []
[2026-06-30 02:48:54] SlimMonoLogger.INFO: Cron ran at: 30-06-2026 02:48:54 AM [] []
[2026-06-30 02:48:55] SlimMonoLogger.INFO: Cron ran at: 30-06-2026 02:48:55 AM [] []
[2026-06-30 02:49:13] SlimMonoLogger.INFO: Cron ran at: 30-06-2026 02:49:13 AM [] []
[2026-06-30 02:49:13] SlimMonoLogger.INFO: Cron ran at: 30-06-2026 02:49:13 AM [] []
[2026-06-30 02:49:51] SlimMonoLogger.INFO: Cron ran at: 30-06-2026 02:49:51 AM [] []
[2026-06-30 02:49:54] SlimMonoLogger.INFO: Cron ran at: 30-06-2026 02:49:54 AM [] []
[2026-06-30 02:50:12] SlimMonoLogger.INFO: Cron ran at: 30-06-2026 02:50:12 AM [] []
[2026-06-30 02:50:14] SlimMonoLogger.INFO: Cron ran at: 30-06-2026 02:50:14 AM [] []
[2026-06-30 02:50:43] SlimMonoLogger.INFO: Cron ran at: 30-06-2026 02:50:43 AM [] []
[2026-06-30 02:50:57] SlimMonoLogger.INFO: Cron ran at: 30-06-2026 02:50:57 AM [] []
[2026-06-30 02:51:15] SlimMonoLogger.INFO: Cron ran at: 30-06-2026 02:51:15 AM [] []
[2026-06-30 02:51:38] SlimMonoLogger.INFO: Cron ran at: 30-06-2026 02:51:38 AM [] []
[2026-06-30 02:51:56] SlimMonoLogger.INFO: Cron ran at: 30-06-2026 02:51:56 AM [] []
[2026-06-30 02:52:00] SlimMonoLogger.INFO: Cron ran at: 30-06-2026 02:52:00 AM [] []
[2026-06-30 02:52:12] SlimMonoLogger.INFO: Cron ran at: 30-06-2026 02:52:12 AM [] []
[2026-06-30 02:52:48] SlimMonoLogger.INFO: Cron ran at: 30-06-2026 02:52:48 AM [] []
[2026-06-30 02:52:57] SlimMonoLogger.INFO: Cron ran at: 30-06-2026 02:52:57 AM [] []
[2026-06-30 02:53:05] SlimMonoLogger.INFO: Cron ran at: 30-06-2026 02:53:05 AM [] []
[2026-06-30 02:53:11] SlimMonoLogger.INFO: Cron ran at: 30-06-2026 02:53:11 AM [] []
[2026-06-30 02:53:35] SlimMonoLogger.INFO: Cron ran at: 30-06-2026 02:53:35 AM [] []
[2026-06-30 02:53:55] SlimMonoLogger.INFO: Cron ran at: 30-06-2026 02:53:55 AM [] []
[2026-06-30 02:53:55] SlimMonoLogger.INFO: Cron ran at: 30-06-2026 02:53:55 AM [] []
[2026-06-30 02:54:14] SlimMonoLogger.INFO: Cron ran at: 30-06-2026 02:54:14 AM [] []
[2026-06-30 02:54:36] SlimMonoLogger.INFO: Cron ran at: 30-06-2026 02:54:36 AM [] []
[2026-06-30 02:54:39] SlimMonoLogger.INFO: Cron ran at: 30-06-2026 02:54:39 AM [] []
[2026-06-30 02:54:56] SlimMonoLogger.INFO: Cron ran at: 30-06-2026 02:54:56 AM [] []
[2026-06-30 02:55:13] SlimMonoLogger.INFO: Cron ran at: 30-06-2026 02:55:13 AM [] []
[2026-06-30 02:55:34] SlimMonoLogger.INFO: Cron ran at: 30-06-2026 02:55:34 AM [] []
[2026-06-30 02:55:36] SlimMonoLogger.INFO: Cron ran at: 30-06-2026 02:55:36 AM [] []
[2026-06-30 02:56:13] SlimMonoLogger.INFO: Cron ran at: 30-06-2026 02:56:13 AM [] []
[2026-06-30 02:56:29] SlimMonoLogger.INFO: Cron ran at: 30-06-2026 02:56:29 AM [] []
[2026-06-30 02:56:36] SlimMonoLogger.INFO: Cron ran at: 30-06-2026 02:56:36 AM [] []
[2026-06-30 02:56:49] SlimMonoLogger.INFO: Cron ran at: 30-06-2026 02:56:49 AM [] []
[2026-06-30 02:57:15] SlimMonoLogger.INFO: Cron ran at: 30-06-2026 02:57:15 AM [] []
[2026-06-30 02:57:24] SlimMonoLogger.INFO: Cron ran at: 30-06-2026 02:57:24 AM [] []
[2026-06-30 02:57:32] SlimMonoLogger.INFO: Cron ran at: 30-06-2026 02:57:32 AM [] []
[2026-06-30 02:57:41] SlimMonoLogger.INFO: Cron ran at: 30-06-2026 02:57:41 AM [] []
[2026-06-30 02:58:12] SlimMonoLogger.INFO: Cron ran at: 30-06-2026 02:58:12 AM [] []
[2026-06-30 02:58:27] SlimMonoLogger.INFO: Cron ran at: 30-06-2026 02:58:27 AM [] []
[2026-06-30 02:58:32] SlimMonoLogger.INFO: Cron ran at: 30-06-2026 02:58:32 AM [] []
[2026-06-30 02:58:33] SlimMonoLogger.INFO: Cron ran at: 30-06-2026 02:58:33 AM [] []
[2026-06-30 02:59:15] SlimMonoLogger.INFO: Cron ran at: 30-06-2026 02:59:15 AM [] []
[2026-06-30 02:59:19] SlimMonoLogger.INFO: Cron ran at: 30-06-2026 02:59:19 AM [] []
[2026-06-30 02:59:24] SlimMonoLogger.INFO: Cron ran at: 30-06-2026 02:59:24 AM [] []
[2026-06-30 02:59:31] SlimMonoLogger.INFO: Cron ran at: 30-06-2026 02:59:31 AM [] []
[2026-06-30 03:00:15] SlimMonoLogger.INFO: Cron ran at: 30-06-2026 03:00:15 AM [] []
[2026-06-30 03:00:19] SlimMonoLogger.INFO: Cron ran at: 30-06-2026 03:00:19 AM [] []
[2026-06-30 03:00:20] SlimMonoLogger.INFO: Cron ran at: 30-06-2026 03:00:20 AM [] []
[2026-06-30 03:00:46] SlimMonoLogger.INFO: Cron ran at: 30-06-2026 03:00:46 AM [] []
[2026-06-30 03:01:24] SlimMonoLogger.INFO: Cron ran at: 30-06-2026 03:01:24 AM [] []
[2026-06-30 03:01:25] SlimMonoLogger.INFO: Cron ran at: 30-06-2026 03:01:25 AM [] []
[2026-06-30 03:01:39] SlimMonoLogger.INFO: Cron ran at: 30-06-2026 03:01:39 AM [] []
[2026-06-30 03:02:09] SlimMonoLogger.INFO: Cron ran at: 30-06-2026 03:02:09 AM [] []
[2026-06-30 03:02:11] SlimMonoLogger.INFO: Cron ran at: 30-06-2026 03:02:11 AM [] []
[2026-06-30 03:02:24] SlimMonoLogger.INFO: Cron ran at: 30-06-2026 03:02:24 AM [] []
[2026-06-30 03:02:36] SlimMonoLogger.INFO: Cron ran at: 30-06-2026 03:02:36 AM [] []
[2026-06-30 03:02:57] SlimMonoLogger.INFO: Cron ran at: 30-06-2026 03:02:57 AM [] []
[2026-06-30 03:03:08] SlimMonoLogger.INFO: Cron ran at: 30-06-2026 03:03:08 AM [] []
[2026-06-30 03:03:17] SlimMonoLogger.INFO: Cron ran at: 30-06-2026 03:03:17 AM [] []
[2026-06-30 03:03:33] SlimMonoLogger.INFO: Cron ran at: 30-06-2026 03:03:33 AM [] []
[2026-06-30 03:03:46] SlimMonoLogger.INFO: Cron ran at: 30-06-2026 03:03:46 AM [] []
[2026-06-30 03:04:09] SlimMonoLogger.INFO: Cron ran at: 30-06-2026 03:04:09 AM [] []
[2026-06-30 03:04:19] SlimMonoLogger.INFO: Cron ran at: 30-06-2026 03:04:19 AM [] []
[2026-06-30 03:04:35] SlimMonoLogger.INFO: Cron ran at: 30-06-2026 03:04:35 AM [] []
[2026-06-30 03:04:35] SlimMonoLogger.INFO: Cron ran at: 30-06-2026 03:04:35 AM [] []
[2026-06-30 03:05:08] SlimMonoLogger.INFO: Cron ran at: 30-06-2026 03:05:08 AM [] []
[2026-06-30 03:05:19] SlimMonoLogger.INFO: Cron ran at: 30-06-2026 03:05:19 AM [] []
[2026-06-30 03:05:36] SlimMonoLogger.INFO: Cron ran at: 30-06-2026 03:05:36 AM [] []
[2026-06-30 03:06:08] SlimMonoLogger.INFO: Cron ran at: 30-06-2026 03:06:08 AM [] []
[2026-06-30 03:06:19] SlimMonoLogger.INFO: Cron ran at: 30-06-2026 03:06:19 AM [] []
[2026-06-30 03:06:31] SlimMonoLogger.INFO: Cron ran at: 30-06-2026 03:06:31 AM [] []
[2026-06-30 03:06:40] SlimMonoLogger.INFO: Cron ran at: 30-06-2026 03:06:40 AM [] []
[2026-06-30 03:06:52] SlimMonoLogger.ERROR: Requests_Exception: cURL error 35: Recv failure: Connection reset by peer in /home/latihtal/public_html/agregator1/src/vendor/rmccue/requests/library/Requests/Transport/cURL.php:422
Stack trace:
#0 /home/latihtal/public_html/agregator1/src/vendor/rmccue/requests/library/Requests/Transport/cURL.php(177): Requests_Transport_cURL->process_response()
#1 /home/latihtal/public_html/agregator1/src/vendor/rmccue/requests/library/Requests.php(379): Requests_Transport_cURL->request()
#2 /home/latihtal/public_html/agregator1/src/vendor/rmccue/requests/library/Requests/Session.php(205): Requests::request()
#3 /home/latihtal/public_html/agregator1/src/vendor/rmccue/requests/library/Requests/Session.php(132): Requests_Session->request()
#4 /home/latihtal/public_html/agregator1/src/drivers/Http/RssImporter.php(144): Requests_Session->get()
#5 /home/latihtal/public_html/agregator1/src/controllers/Dashboard/DashboardFeedsController.php(534): spark\drivers\Http\RssImporter->fetchPosts()
#6 /home/latihtal/public_html/agregator1/src/controllers/Site/SiteController.php(722): spark\controllers\Dashboard\DashboardFeedsController::importFeedPosts()
#7 [internal function]: spark\controllers\Site\SiteController->runTasks()
#8 /home/latihtal/public_html/agregator1/src/framework/Route.php(173): call_user_func_array()
#9 [internal function]: Slim\Route->Slim\{closure}()
#10 /home/latihtal/public_html/agregator1/src/framework/Route.php(468): call_user_func_array()
#11 /home/latihtal/public_html/agregator1/src/framework/Slim.php(1364): Slim\Route->dispatch()
#12 /home/latihtal/public_html/agregator1/src/framework/Middleware/Flash.php(85): Slim\Slim->call()
#13 /home/latihtal/public_html/agregator1/src/framework/Middleware/MethodOverride.php(92): Slim\Middleware\Flash->call()
#14 /home/latihtal/public_html/agregator1/src/middlewares/CsrfGuard/CsrfGuard.php(47): Slim\Middleware\MethodOverride->call()
#15 /home/latihtal/public_html/agregator1/src/framework/Middleware/PrettyExceptions.php(67): spark\middlewares\CsrfGuard\CsrfGuard->call()
#16 /home/latihtal/public_html/agregator1/src/framework/Slim.php(1308): Slim\Middleware\PrettyExceptions->call()
#17 /home/latihtal/public_html/agregator1/index.php(6): Slim\Slim->run()
#18 {main} [] []
[2026-06-30 03:07:07] SlimMonoLogger.INFO: Cron ran at: 30-06-2026 03:07:07 AM [] []
[2026-06-30 03:07:18] SlimMonoLogger.INFO: Cron ran at: 30-06-2026 03:07:18 AM [] []
[2026-06-30 03:07:21] SlimMonoLogger.INFO: Cron ran at: 30-06-2026 03:07:21 AM [] []
[2026-06-30 03:07:29] SlimMonoLogger.INFO: Cron ran at: 30-06-2026 03:07:29 AM [] []
[2026-06-30 03:08:07] SlimMonoLogger.INFO: Cron ran at: 30-06-2026 03:08:07 AM [] []
[2026-06-30 03:08:19] SlimMonoLogger.INFO: Cron ran at: 30-06-2026 03:08:19 AM [] []
[2026-06-30 03:08:19] SlimMonoLogger.INFO: Cron ran at: 30-06-2026 03:08:19 AM [] []
[2026-06-30 03:08:20] SlimMonoLogger.INFO: Cron ran at: 30-06-2026 03:08:20 AM [] []
[2026-06-30 03:09:07] SlimMonoLogger.INFO: Cron ran at: 30-06-2026 03:09:07 AM [] []
[2026-06-30 03:09:15] SlimMonoLogger.INFO: Cron ran at: 30-06-2026 03:09:15 AM [] []
[2026-06-30 03:09:16] SlimMonoLogger.INFO: Cron ran at: 30-06-2026 03:09:16 AM [] []
[2026-06-30 03:09:17] SlimMonoLogger.INFO: Cron ran at: 30-06-2026 03:09:17 AM [] []
[2026-06-30 03:10:08] SlimMonoLogger.INFO: Cron ran at: 30-06-2026 03:10:08 AM [] []
[2026-06-30 03:10:11] SlimMonoLogger.INFO: Cron ran at: 30-06-2026 03:10:11 AM [] []
[2026-06-30 03:10:22] SlimMonoLogger.INFO: Cron ran at: 30-06-2026 03:10:22 AM [] []
[2026-06-30 03:10:22] SlimMonoLogger.INFO: Cron ran at: 30-06-2026 03:10:22 AM [] []
[2026-06-30 03:10:26] SlimMonoLogger.INFO: Cron ran at: 30-06-2026 03:10:26 AM [] []
[2026-06-30 03:11:13] SlimMonoLogger.INFO: Cron ran at: 30-06-2026 03:11:13 AM [] []
[2026-06-30 03:11:25] SlimMonoLogger.INFO: Cron ran at: 30-06-2026 03:11:25 AM [] []
[2026-06-30 03:11:29] SlimMonoLogger.INFO: Cron ran at: 30-06-2026 03:11:29 AM [] []
[2026-06-30 03:12:13] SlimMonoLogger.INFO: Cron ran at: 30-06-2026 03:12:13 AM [] []
[2026-06-30 03:12:15] SlimMonoLogger.INFO: Cron ran at: 30-06-2026 03:12:15 AM [] []
[2026-06-30 03:12:25] SlimMonoLogger.INFO: Cron ran at: 30-06-2026 03:12:25 AM [] []
[2026-06-30 03:12:34] SlimMonoLogger.INFO: Cron ran at: 30-06-2026 03:12:34 AM [] []
[2026-06-30 03:13:06] SlimMonoLogger.INFO: Cron ran at: 30-06-2026 03:13:06 AM [] []
[2026-06-30 03:13:09] SlimMonoLogger.INFO: Cron ran at: 30-06-2026 03:13:09 AM [] []
[2026-06-30 03:13:25] SlimMonoLogger.INFO: Cron ran at: 30-06-2026 03:13:25 AM [] []
[2026-06-30 03:13:25] SlimMonoLogger.INFO: Cron ran at: 30-06-2026 03:13:25 AM [] []
[2026-06-30 03:13:52] SlimMonoLogger.INFO: Cron ran at: 30-06-2026 03:13:52 AM [] []
[2026-06-30 03:14:17] SlimMonoLogger.INFO: Cron ran at: 30-06-2026 03:14:17 AM [] []
[2026-06-30 03:14:20] SlimMonoLogger.INFO: Cron ran at: 30-06-2026 03:14:20 AM [] []
[2026-06-30 03:14:21] SlimMonoLogger.INFO: Cron ran at: 30-06-2026 03:14:21 AM [] []
[2026-06-30 03:14:48] SlimMonoLogger.INFO: Cron ran at: 30-06-2026 03:14:48 AM [] []
[2026-06-30 03:15:09] SlimMonoLogger.INFO: Cron ran at: 30-06-2026 03:15:09 AM [] []
[2026-06-30 03:15:20] SlimMonoLogger.INFO: Cron ran at: 30-06-2026 03:15:20 AM [] []
[2026-06-30 03:15:20] SlimMonoLogger.INFO: Cron ran at: 30-06-2026 03:15:20 AM [] []
[2026-06-30 03:15:35] SlimMonoLogger.INFO: Cron ran at: 30-06-2026 03:15:35 AM [] []
[2026-06-30 03:16:22] SlimMonoLogger.INFO: Cron ran at: 30-06-2026 03:16:22 AM [] []
[2026-06-30 03:16:22] SlimMonoLogger.INFO: Cron ran at: 30-06-2026 03:16:22 AM [] []
[2026-06-30 03:16:30] SlimMonoLogger.INFO: Cron ran at: 30-06-2026 03:16:30 AM [] []
[2026-06-30 03:16:42] SlimMonoLogger.INFO: Cron ran at: 30-06-2026 03:16:42 AM [] []
[2026-06-30 03:17:21] SlimMonoLogger.INFO: Cron ran at: 30-06-2026 03:17:21 AM [] []
[2026-06-30 03:17:25] SlimMonoLogger.INFO: Cron ran at: 30-06-2026 03:17:25 AM [] []
[2026-06-30 03:17:25] SlimMonoLogger.INFO: Cron ran at: 30-06-2026 03:17:25 AM [] []
[2026-06-30 03:17:32] SlimMonoLogger.INFO: Cron ran at: 30-06-2026 03:17:32 AM [] []
[2026-06-30 03:18:18] SlimMonoLogger.INFO: Cron ran at: 30-06-2026 03:18:18 AM [] []
[2026-06-30 03:18:18] SlimMonoLogger.INFO: Cron ran at: 30-06-2026 03:18:18 AM [] []
[2026-06-30 03:18:20] SlimMonoLogger.INFO: Cron ran at: 30-06-2026 03:18:20 AM [] []
[2026-06-30 03:18:20] SlimMonoLogger.INFO: Cron ran at: 30-06-2026 03:18:20 AM [] []
[2026-06-30 03:19:15] SlimMonoLogger.INFO: Cron ran at: 30-06-2026 03:19:15 AM [] []
[2026-06-30 03:19:16] SlimMonoLogger.INFO: Cron ran at: 30-06-2026 03:19:16 AM [] []
[2026-06-30 03:19:17] SlimMonoLogger.INFO: Cron ran at: 30-06-2026 03:19:17 AM [] []
[2026-06-30 03:19:17] SlimMonoLogger.INFO: Cron ran at: 30-06-2026 03:19:17 AM [] []
[2026-06-30 03:20:16] SlimMonoLogger.INFO: Cron ran at: 30-06-2026 03:20:16 AM [] []
[2026-06-30 03:20:18] SlimMonoLogger.INFO: Cron ran at: 30-06-2026 03:20:18 AM [] []
[2026-06-30 03:20:18] SlimMonoLogger.INFO: Cron ran at: 30-06-2026 03:20:18 AM [] []
[2026-06-30 03:20:20] SlimMonoLogger.INFO: Cron ran at: 30-06-2026 03:20:20 AM [] []
[2026-06-30 03:21:13] SlimMonoLogger.INFO: Cron ran at: 30-06-2026 03:21:13 AM [] []
[2026-06-30 03:21:23] SlimMonoLogger.INFO: Cron ran at: 30-06-2026 03:21:23 AM [] []
[2026-06-30 03:21:23] SlimMonoLogger.INFO: Cron ran at: 30-06-2026 03:21:23 AM [] []
[2026-06-30 03:21:58] SlimMonoLogger.INFO: Cron ran at: 30-06-2026 03:21:58 AM [] []
[2026-06-30 03:22:01] SlimMonoLogger.INFO: Cron ran at: 30-06-2026 03:22:01 AM [] []
[2026-06-30 03:22:19] SlimMonoLogger.INFO: Cron ran at: 30-06-2026 03:22:19 AM [] []
[2026-06-30 03:22:19] SlimMonoLogger.INFO: Cron ran at: 30-06-2026 03:22:19 AM [] []
[2026-06-30 03:22:40] SlimMonoLogger.INFO: Cron ran at: 30-06-2026 03:22:40 AM [] []
[2026-06-30 03:23:06] SlimMonoLogger.INFO: Cron ran at: 30-06-2026 03:23:06 AM [] []
[2026-06-30 03:23:18] SlimMonoLogger.INFO: Cron ran at: 30-06-2026 03:23:18 AM [] []
[2026-06-30 03:23:19] SlimMonoLogger.INFO: Cron ran at: 30-06-2026 03:23:19 AM [] []
[2026-06-30 03:23:31] SlimMonoLogger.INFO: Cron ran at: 30-06-2026 03:23:31 AM [] []
[2026-06-30 03:24:02] SlimMonoLogger.INFO: Cron ran at: 30-06-2026 03:24:02 AM [] []
[2026-06-30 03:24:18] SlimMonoLogger.INFO: Cron ran at: 30-06-2026 03:24:18 AM [] []
[2026-06-30 03:24:19] SlimMonoLogger.INFO: Cron ran at: 30-06-2026 03:24:19 AM [] []
[2026-06-30 03:24:27] SlimMonoLogger.INFO: Cron ran at: 30-06-2026 03:24:27 AM [] []
[2026-06-30 03:24:58] SlimMonoLogger.INFO: Cron ran at: 30-06-2026 03:24:58 AM [] []
[2026-06-30 03:25:21] SlimMonoLogger.INFO: Cron ran at: 30-06-2026 03:25:21 AM [] []
[2026-06-30 03:25:22] SlimMonoLogger.INFO: Cron ran at: 30-06-2026 03:25:22 AM [] []
[2026-06-30 03:26:12] SlimMonoLogger.INFO: Cron ran at: 30-06-2026 03:26:12 AM [] []
[2026-06-30 03:26:14] SlimMonoLogger.INFO: Cron ran at: 30-06-2026 03:26:14 AM [] []
[2026-06-30 03:26:23] SlimMonoLogger.INFO: Cron ran at: 30-06-2026 03:26:23 AM [] []
[2026-06-30 03:26:57] SlimMonoLogger.INFO: Cron ran at: 30-06-2026 03:26:57 AM [] []
[2026-06-30 03:27:00] SlimMonoLogger.INFO: Cron ran at: 30-06-2026 03:27:00 AM [] []
[2026-06-30 03:27:12] SlimMonoLogger.INFO: Cron ran at: 30-06-2026 03:27:12 AM [] []
[2026-06-30 03:27:20] SlimMonoLogger.INFO: Cron ran at: 30-06-2026 03:27:20 AM [] []
[2026-06-30 03:27:51] SlimMonoLogger.INFO: Cron ran at: 30-06-2026 03:27:51 AM [] []
[2026-06-30 03:27:58] SlimMonoLogger.INFO: Cron ran at: 30-06-2026 03:27:58 AM [] []
[2026-06-30 03:28:08] SlimMonoLogger.INFO: Cron ran at: 30-06-2026 03:28:08 AM [] []
[2026-06-30 03:28:20] SlimMonoLogger.INFO: Cron ran at: 30-06-2026 03:28:20 AM [] []
[2026-06-30 03:28:44] SlimMonoLogger.INFO: Cron ran at: 30-06-2026 03:28:44 AM [] []
[2026-06-30 03:28:59] SlimMonoLogger.INFO: Cron ran at: 30-06-2026 03:28:59 AM [] []
[2026-06-30 03:29:01] SlimMonoLogger.INFO: Cron ran at: 30-06-2026 03:29:01 AM [] []
[2026-06-30 03:29:21] SlimMonoLogger.INFO: Cron ran at: 30-06-2026 03:29:21 AM [] []
[2026-06-30 03:29:33] SlimMonoLogger.INFO: Cron ran at: 30-06-2026 03:29:33 AM [] []
[2026-06-30 03:29:57] SlimMonoLogger.INFO: Cron ran at: 30-06-2026 03:29:57 AM [] []
[2026-06-30 03:30:01] SlimMonoLogger.INFO: Cron ran at: 30-06-2026 03:30:01 AM [] []
[2026-06-30 03:30:22] SlimMonoLogger.INFO: Cron ran at: 30-06-2026 03:30:22 AM [] []
[2026-06-30 03:30:32] SlimMonoLogger.INFO: Cron ran at: 30-06-2026 03:30:32 AM [] []
[2026-06-30 03:30:59] SlimMonoLogger.INFO: Cron ran at: 30-06-2026 03:30:59 AM [] []
[2026-06-30 03:31:01] SlimMonoLogger.INFO: Cron ran at: 30-06-2026 03:31:01 AM [] []
[2026-06-30 03:31:27] SlimMonoLogger.INFO: Cron ran at: 30-06-2026 03:31:27 AM [] []
[2026-06-30 03:31:29] SlimMonoLogger.INFO: Cron ran at: 30-06-2026 03:31:29 AM [] []
[2026-06-30 03:32:00] SlimMonoLogger.INFO: Cron ran at: 30-06-2026 03:32:00 AM [] []
[2026-06-30 03:32:02] SlimMonoLogger.INFO: Cron ran at: 30-06-2026 03:32:02 AM [] []
[2026-06-30 03:32:21] SlimMonoLogger.INFO: Cron ran at: 30-06-2026 03:32:21 AM [] []
[2026-06-30 03:32:23] SlimMonoLogger.INFO: Cron ran at: 30-06-2026 03:32:23 AM [] []
[2026-06-30 03:33:02] SlimMonoLogger.INFO: Cron ran at: 30-06-2026 03:33:02 AM [] []
[2026-06-30 03:33:03] SlimMonoLogger.INFO: Cron ran at: 30-06-2026 03:33:03 AM [] []
[2026-06-30 03:33:11] SlimMonoLogger.INFO: Cron ran at: 30-06-2026 03:33:11 AM [] []
[2026-06-30 03:33:20] SlimMonoLogger.INFO: Cron ran at: 30-06-2026 03:33:20 AM [] []
[2026-06-30 03:34:00] SlimMonoLogger.INFO: Cron ran at: 30-06-2026 03:34:00 AM [] []
[2026-06-30 03:34:01] SlimMonoLogger.INFO: Cron ran at: 30-06-2026 03:34:01 AM [] []
[2026-06-30 03:34:10] SlimMonoLogger.INFO: Cron ran at: 30-06-2026 03:34:10 AM [] []
[2026-06-30 03:34:17] SlimMonoLogger.INFO: Cron ran at: 30-06-2026 03:34:17 AM [] []
[2026-06-30 03:35:00] SlimMonoLogger.INFO: Cron ran at: 30-06-2026 03:35:00 AM [] []
[2026-06-30 03:35:04] SlimMonoLogger.INFO: Cron ran at: 30-06-2026 03:35:04 AM [] []
[2026-06-30 03:35:06] SlimMonoLogger.INFO: Cron ran at: 30-06-2026 03:35:06 AM [] []
[2026-06-30 03:35:21] SlimMonoLogger.INFO: Cron ran at: 30-06-2026 03:35:21 AM [] []
[2026-06-30 03:36:05] SlimMonoLogger.INFO: Cron ran at: 30-06-2026 03:36:05 AM [] []
[2026-06-30 03:36:06] SlimMonoLogger.INFO: Cron ran at: 30-06-2026 03:36:06 AM [] []
[2026-06-30 03:36:22] SlimMonoLogger.INFO: Cron ran at: 30-06-2026 03:36:22 AM [] []
[2026-06-30 03:36:44] SlimMonoLogger.INFO: Cron ran at: 30-06-2026 03:36:44 AM [] []
[2026-06-30 03:36:53] SlimMonoLogger.INFO: Cron ran at: 30-06-2026 03:36:53 AM [] []
[2026-06-30 03:37:05] SlimMonoLogger.INFO: Cron ran at: 30-06-2026 03:37:05 AM [] []
[2026-06-30 03:37:21] SlimMonoLogger.INFO: Cron ran at: 30-06-2026 03:37:21 AM [] []
[2026-06-30 03:37:38] SlimMonoLogger.INFO: Cron ran at: 30-06-2026 03:37:38 AM [] []
[2026-06-30 03:37:44] SlimMonoLogger.INFO: Cron ran at: 30-06-2026 03:37:44 AM [] []
[2026-06-30 03:38:09] SlimMonoLogger.INFO: Cron ran at: 30-06-2026 03:38:09 AM [] []
[2026-06-30 03:38:17] SlimMonoLogger.INFO: Cron ran at: 30-06-2026 03:38:17 AM [] []
[2026-06-30 03:38:28] SlimMonoLogger.INFO: Cron ran at: 30-06-2026 03:38:28 AM [] []
[2026-06-30 03:38:48] SlimMonoLogger.INFO: Cron ran at: 30-06-2026 03:38:48 AM [] []
[2026-06-30 03:39:07] SlimMonoLogger.INFO: Cron ran at: 30-06-2026 03:39:07 AM [] []
[2026-06-30 03:39:20] SlimMonoLogger.INFO: Cron ran at: 30-06-2026 03:39:20 AM [] []
[2026-06-30 03:39:20] SlimMonoLogger.INFO: Cron ran at: 30-06-2026 03:39:20 AM [] []
[2026-06-30 03:39:48] SlimMonoLogger.INFO: Cron ran at: 30-06-2026 03:39:48 AM [] []
[2026-06-30 03:40:07] SlimMonoLogger.INFO: Cron ran at: 30-06-2026 03:40:07 AM [] []
[2026-06-30 03:40:15] SlimMonoLogger.INFO: Cron ran at: 30-06-2026 03:40:15 AM [] []
[2026-06-30 03:40:15] SlimMonoLogger.INFO: Cron ran at: 30-06-2026 03:40:15 AM [] []
[2026-06-30 03:40:47] SlimMonoLogger.INFO: Cron ran at: 30-06-2026 03:40:47 AM [] []
[2026-06-30 03:41:11] SlimMonoLogger.INFO: Cron ran at: 30-06-2026 03:41:11 AM [] []
[2026-06-30 03:41:14] SlimMonoLogger.INFO: Cron ran at: 30-06-2026 03:41:14 AM [] []
[2026-06-30 03:41:34] SlimMonoLogger.INFO: Cron ran at: 30-06-2026 03:41:34 AM [] []
[2026-06-30 03:41:47] SlimMonoLogger.INFO: Cron ran at: 30-06-2026 03:41:47 AM [] []
[2026-06-30 03:42:12] SlimMonoLogger.INFO: Cron ran at: 30-06-2026 03:42:12 AM [] []
[2026-06-30 03:42:25] SlimMonoLogger.INFO: Cron ran at: 30-06-2026 03:42:25 AM [] []
[2026-06-30 03:42:27] SlimMonoLogger.INFO: Cron ran at: 30-06-2026 03:42:27 AM [] []
[2026-06-30 03:42:46] SlimMonoLogger.INFO: Cron ran at: 30-06-2026 03:42:46 AM [] []
[2026-06-30 03:43:05] SlimMonoLogger.INFO: Cron ran at: 30-06-2026 03:43:05 AM [] []
[2026-06-30 03:43:18] SlimMonoLogger.INFO: Cron ran at: 30-06-2026 03:43:18 AM [] []
[2026-06-30 03:43:20] SlimMonoLogger.INFO: Cron ran at: 30-06-2026 03:43:20 AM [] []
[2026-06-30 03:43:50] SlimMonoLogger.INFO: Cron ran at: 30-06-2026 03:43:50 AM [] []
[2026-06-30 03:44:01] SlimMonoLogger.INFO: Cron ran at: 30-06-2026 03:44:01 AM [] []
[2026-06-30 03:44:10] SlimMonoLogger.INFO: Cron ran at: 30-06-2026 03:44:10 AM [] []
[2026-06-30 03:44:16] SlimMonoLogger.INFO: Cron ran at: 30-06-2026 03:44:16 AM [] []
[2026-06-30 03:44:46] SlimMonoLogger.INFO: Cron ran at: 30-06-2026 03:44:46 AM [] []
[2026-06-30 03:44:59] SlimMonoLogger.INFO: Cron ran at: 30-06-2026 03:44:59 AM [] []
[2026-06-30 03:45:08] SlimMonoLogger.INFO: Cron ran at: 30-06-2026 03:45:08 AM [] []
[2026-06-30 03:45:16] SlimMonoLogger.INFO: Cron ran at: 30-06-2026 03:45:16 AM [] []
[2026-06-30 03:45:44] SlimMonoLogger.INFO: Cron ran at: 30-06-2026 03:45:44 AM [] []
[2026-06-30 03:46:00] SlimMonoLogger.INFO: Cron ran at: 30-06-2026 03:46:00 AM [] []
[2026-06-30 03:46:04] SlimMonoLogger.INFO: Cron ran at: 30-06-2026 03:46:04 AM [] []
[2026-06-30 03:46:33] SlimMonoLogger.INFO: Cron ran at: 30-06-2026 03:46:33 AM [] []
[2026-06-30 03:46:45] SlimMonoLogger.INFO: Cron ran at: 30-06-2026 03:46:45 AM [] []
[2026-06-30 03:46:58] SlimMonoLogger.INFO: Cron ran at: 30-06-2026 03:46:58 AM [] []
[2026-06-30 03:47:00] SlimMonoLogger.INFO: Cron ran at: 30-06-2026 03:47:00 AM [] []
[2026-06-30 03:47:26] SlimMonoLogger.INFO: Cron ran at: 30-06-2026 03:47:26 AM [] []
[2026-06-30 03:47:44] SlimMonoLogger.INFO: Cron ran at: 30-06-2026 03:47:44 AM [] []
[2026-06-30 03:47:52] SlimMonoLogger.INFO: Cron ran at: 30-06-2026 03:47:52 AM [] []
[2026-06-30 03:48:01] SlimMonoLogger.INFO: Cron ran at: 30-06-2026 03:48:01 AM [] []
[2026-06-30 03:48:30] SlimMonoLogger.INFO: Cron ran at: 30-06-2026 03:48:30 AM [] []
[2026-06-30 03:48:46] SlimMonoLogger.INFO: Cron ran at: 30-06-2026 03:48:46 AM [] []
[2026-06-30 03:48:55] SlimMonoLogger.INFO: Cron ran at: 30-06-2026 03:48:55 AM [] []
[2026-06-30 03:48:59] SlimMonoLogger.INFO: Cron ran at: 30-06-2026 03:48:59 AM [] []
[2026-06-30 03:49:10] SlimMonoLogger.INFO: Cron ran at: 30-06-2026 03:49:10 AM [] []
[2026-06-30 03:49:46] SlimMonoLogger.INFO: Cron ran at: 30-06-2026 03:49:46 AM [] []
[2026-06-30 03:49:49] SlimMonoLogger.INFO: Cron ran at: 30-06-2026 03:49:49 AM [] []
[2026-06-30 03:49:58] SlimMonoLogger.INFO: Cron ran at: 30-06-2026 03:49:58 AM [] []
[2026-06-30 03:49:58] SlimMonoLogger.INFO: Cron ran at: 30-06-2026 03:49:58 AM [] []
[2026-06-30 03:50:30] SlimMonoLogger.ERROR: Requests_Exception: cURL error 35: Recv failure: Connection reset by peer in /home/latihtal/public_html/agregator1/src/vendor/rmccue/requests/library/Requests/Transport/cURL.php:422
Stack trace:
#0 /home/latihtal/public_html/agregator1/src/vendor/rmccue/requests/library/Requests/Transport/cURL.php(177): Requests_Transport_cURL->process_response()
#1 /home/latihtal/public_html/agregator1/src/vendor/rmccue/requests/library/Requests.php(379): Requests_Transport_cURL->request()
#2 /home/latihtal/public_html/agregator1/src/vendor/rmccue/requests/library/Requests/Session.php(205): Requests::request()
#3 /home/latihtal/public_html/agregator1/src/vendor/rmccue/requests/library/Requests/Session.php(132): Requests_Session->request()
#4 /home/latihtal/public_html/agregator1/src/drivers/Http/RssImporter.php(144): Requests_Session->get()
#5 /home/latihtal/public_html/agregator1/src/controllers/Dashboard/DashboardFeedsController.php(534): spark\drivers\Http\RssImporter->fetchPosts()
#6 /home/latihtal/public_html/agregator1/src/controllers/Site/SiteController.php(722): spark\controllers\Dashboard\DashboardFeedsController::importFeedPosts()
#7 [internal function]: spark\controllers\Site\SiteController->runTasks()
#8 /home/latihtal/public_html/agregator1/src/framework/Route.php(173): call_user_func_array()
#9 [internal function]: Slim\Route->Slim\{closure}()
#10 /home/latihtal/public_html/agregator1/src/framework/Route.php(468): call_user_func_array()
#11 /home/latihtal/public_html/agregator1/src/framework/Slim.php(1364): Slim\Route->dispatch()
#12 /home/latihtal/public_html/agregator1/src/framework/Middleware/Flash.php(85): Slim\Slim->call()
#13 /home/latihtal/public_html/agregator1/src/framework/Middleware/MethodOverride.php(92): Slim\Middleware\Flash->call()
#14 /home/latihtal/public_html/agregator1/src/middlewares/CsrfGuard/CsrfGuard.php(47): Slim\Middleware\MethodOverride->call()
#15 /home/latihtal/public_html/agregator1/src/framework/Middleware/PrettyExceptions.php(67): spark\middlewares\CsrfGuard\CsrfGuard->call()
#16 /home/latihtal/public_html/agregator1/src/framework/Slim.php(1308): Slim\Middleware\PrettyExceptions->call()
#17 /home/latihtal/public_html/agregator1/index.php(6): Slim\Slim->run()
#18 {main} [] []
[2026-06-30 03:50:53] SlimMonoLogger.INFO: Cron ran at: 30-06-2026 03:50:53 AM [] []
[2026-06-30 03:51:00] SlimMonoLogger.INFO: Cron ran at: 30-06-2026 03:51:00 AM [] []
[2026-06-30 03:51:01] SlimMonoLogger.INFO: Cron ran at: 30-06-2026 03:51:01 AM [] []
[2026-06-30 03:51:50] SlimMonoLogger.INFO: Cron ran at: 30-06-2026 03:51:50 AM [] []
[2026-06-30 03:51:54] SlimMonoLogger.INFO: Cron ran at: 30-06-2026 03:51:54 AM [] []
[2026-06-30 03:51:59] SlimMonoLogger.INFO: Cron ran at: 30-06-2026 03:51:59 AM [] []
[2026-06-30 03:52:00] SlimMonoLogger.INFO: Cron ran at: 30-06-2026 03:52:00 AM [] []
[2026-06-30 03:52:53] SlimMonoLogger.INFO: Cron ran at: 30-06-2026 03:52:53 AM [] []
[2026-06-30 03:52:53] SlimMonoLogger.INFO: Cron ran at: 30-06-2026 03:52:53 AM [] []
[2026-06-30 03:52:53] SlimMonoLogger.INFO: Cron ran at: 30-06-2026 03:52:53 AM [] []
[2026-06-30 03:52:56] SlimMonoLogger.INFO: Cron ran at: 30-06-2026 03:52:56 AM [] []
[2026-06-30 03:53:45] SlimMonoLogger.INFO: Cron ran at: 30-06-2026 03:53:45 AM [] []
[2026-06-30 03:53:48] SlimMonoLogger.INFO: Cron ran at: 30-06-2026 03:53:48 AM [] []
[2026-06-30 03:53:48] SlimMonoLogger.INFO: Cron ran at: 30-06-2026 03:53:48 AM [] []
[2026-06-30 03:54:00] SlimMonoLogger.INFO: Cron ran at: 30-06-2026 03:54:00 AM [] []
[2026-06-30 03:54:38] SlimMonoLogger.INFO: Cron ran at: 30-06-2026 03:54:38 AM [] []
[2026-06-30 03:54:46] SlimMonoLogger.INFO: Cron ran at: 30-06-2026 03:54:46 AM [] []
[2026-06-30 03:54:47] SlimMonoLogger.INFO: Cron ran at: 30-06-2026 03:54:47 AM [] []
[2026-06-30 03:55:02] SlimMonoLogger.INFO: Cron ran at: 30-06-2026 03:55:02 AM [] []
[2026-06-30 03:55:31] SlimMonoLogger.INFO: Cron ran at: 30-06-2026 03:55:31 AM [] []
[2026-06-30 03:55:50] SlimMonoLogger.INFO: Cron ran at: 30-06-2026 03:55:50 AM [] []
[2026-06-30 03:55:51] SlimMonoLogger.INFO: Cron ran at: 30-06-2026 03:55:51 AM [] []
[2026-06-30 03:56:29] SlimMonoLogger.INFO: Cron ran at: 30-06-2026 03:56:29 AM [] []
[2026-06-30 03:56:48] SlimMonoLogger.INFO: Cron ran at: 30-06-2026 03:56:48 AM [] []
[2026-06-30 03:56:48] SlimMonoLogger.INFO: Cron ran at: 30-06-2026 03:56:48 AM [] []
[2026-06-30 03:56:58] SlimMonoLogger.INFO: Cron ran at: 30-06-2026 03:56:58 AM [] []
[2026-06-30 03:57:24] SlimMonoLogger.INFO: Cron ran at: 30-06-2026 03:57:24 AM [] []
[2026-06-30 03:57:50] SlimMonoLogger.INFO: Cron ran at: 30-06-2026 03:57:50 AM [] []
[2026-06-30 03:57:52] SlimMonoLogger.INFO: Cron ran at: 30-06-2026 03:57:52 AM [] []
[2026-06-30 03:57:52] SlimMonoLogger.INFO: Cron ran at: 30-06-2026 03:57:52 AM [] []
[2026-06-30 03:58:20] SlimMonoLogger.INFO: Cron ran at: 30-06-2026 03:58:20 AM [] []
[2026-06-30 03:58:42] SlimMonoLogger.INFO: Cron ran at: 30-06-2026 03:58:42 AM [] []
[2026-06-30 03:58:47] SlimMonoLogger.INFO: Cron ran at: 30-06-2026 03:58:47 AM [] []
[2026-06-30 03:58:50] SlimMonoLogger.INFO: Cron ran at: 30-06-2026 03:58:50 AM [] []
[2026-06-30 03:59:17] SlimMonoLogger.ERROR: Requests_Exception: cURL error 35: Recv failure: Connection reset by peer in /home/latihtal/public_html/agregator1/src/vendor/rmccue/requests/library/Requests/Transport/cURL.php:422
Stack trace:
#0 /home/latihtal/public_html/agregator1/src/vendor/rmccue/requests/library/Requests/Transport/cURL.php(177): Requests_Transport_cURL->process_response()
#1 /home/latihtal/public_html/agregator1/src/vendor/rmccue/requests/library/Requests.php(379): Requests_Transport_cURL->request()
#2 /home/latihtal/public_html/agregator1/src/vendor/rmccue/requests/library/Requests/Session.php(205): Requests::request()
#3 /home/latihtal/public_html/agregator1/src/vendor/rmccue/requests/library/Requests/Session.php(132): Requests_Session->request()
#4 /home/latihtal/public_html/agregator1/src/drivers/Http/RssImporter.php(144): Requests_Session->get()
#5 /home/latihtal/public_html/agregator1/src/controllers/Dashboard/DashboardFeedsController.php(534): spark\drivers\Http\RssImporter->fetchPosts()
#6 /home/latihtal/public_html/agregator1/src/controllers/Site/SiteController.php(722): spark\controllers\Dashboard\DashboardFeedsController::importFeedPosts()
#7 [internal function]: spark\controllers\Site\SiteController->runTasks()
#8 /home/latihtal/public_html/agregator1/src/framework/Route.php(173): call_user_func_array()
#9 [internal function]: Slim\Route->Slim\{closure}()
#10 /home/latihtal/public_html/agregator1/src/framework/Route.php(468): call_user_func_array()
#11 /home/latihtal/public_html/agregator1/src/framework/Slim.php(1364): Slim\Route->dispatch()
#12 /home/latihtal/public_html/agregator1/src/framework/Middleware/Flash.php(85): Slim\Slim->call()
#13 /home/latihtal/public_html/agregator1/src/framework/Middleware/MethodOverride.php(92): Slim\Middleware\Flash->call()
#14 /home/latihtal/public_html/agregator1/src/middlewares/CsrfGuard/CsrfGuard.php(47): Slim\Middleware\MethodOverride->call()
#15 /home/latihtal/public_html/agregator1/src/framework/Middleware/PrettyExceptions.php(67): spark\middlewares\CsrfGuard\CsrfGuard->call()
#16 /home/latihtal/public_html/agregator1/src/framework/Slim.php(1308): Slim\Middleware\PrettyExceptions->call()
#17 /home/latihtal/public_html/agregator1/index.php(6): Slim\Slim->run()
#18 {main} [] []
[2026-06-30 03:59:18] SlimMonoLogger.INFO: Cron ran at: 30-06-2026 03:59:18 AM [] []
[2026-06-30 03:59:31] SlimMonoLogger.INFO: Cron ran at: 30-06-2026 03:59:31 AM [] []
[2026-06-30 03:59:46] SlimMonoLogger.INFO: Cron ran at: 30-06-2026 03:59:46 AM [] []
[2026-06-30 03:59:47] SlimMonoLogger.INFO: Cron ran at: 30-06-2026 03:59:47 AM [] []
[2026-06-30 04:00:18] SlimMonoLogger.INFO: Cron ran at: 30-06-2026 04:00:18 AM [] []
[2026-06-30 04:00:42] SlimMonoLogger.INFO: Cron ran at: 30-06-2026 04:00:42 AM [] []
[2026-06-30 04:00:58] SlimMonoLogger.INFO: Cron ran at: 30-06-2026 04:00:58 AM [] []
[2026-06-30 04:01:22] SlimMonoLogger.INFO: Cron ran at: 30-06-2026 04:01:22 AM [] []
[2026-06-30 04:01:28] SlimMonoLogger.INFO: Cron ran at: 30-06-2026 04:01:28 AM [] []
[2026-06-30 04:01:48] SlimMonoLogger.INFO: Cron ran at: 30-06-2026 04:01:48 AM [] []
[2026-06-30 04:02:06] SlimMonoLogger.INFO: Cron ran at: 30-06-2026 04:02:06 AM [] []
[2026-06-30 04:02:18] SlimMonoLogger.INFO: Cron ran at: 30-06-2026 04:02:18 AM [] []
[2026-06-30 04:02:18] SlimMonoLogger.INFO: Cron ran at: 30-06-2026 04:02:18 AM [] []
[2026-06-30 04:02:48] SlimMonoLogger.INFO: Cron ran at: 30-06-2026 04:02:48 AM [] []
[2026-06-30 04:02:56] SlimMonoLogger.INFO: Cron ran at: 30-06-2026 04:02:56 AM [] []
[2026-06-30 04:03:17] SlimMonoLogger.INFO: Cron ran at: 30-06-2026 04:03:17 AM [] []
[2026-06-30 04:03:18] SlimMonoLogger.INFO: Cron ran at: 30-06-2026 04:03:18 AM [] []
[2026-06-30 04:03:47] SlimMonoLogger.INFO: Cron ran at: 30-06-2026 04:03:47 AM [] []
[2026-06-30 04:03:49] SlimMonoLogger.INFO: Cron ran at: 30-06-2026 04:03:49 AM [] []
[2026-06-30 04:04:14] SlimMonoLogger.INFO: Cron ran at: 30-06-2026 04:04:14 AM [] []
[2026-06-30 04:04:16] SlimMonoLogger.INFO: Cron ran at: 30-06-2026 04:04:16 AM [] []
[2026-06-30 04:04:42] SlimMonoLogger.INFO: Cron ran at: 30-06-2026 04:04:42 AM [] []
[2026-06-30 04:04:50] SlimMonoLogger.INFO: Cron ran at: 30-06-2026 04:04:50 AM [] []
[2026-06-30 04:05:13] SlimMonoLogger.INFO: Cron ran at: 30-06-2026 04:05:13 AM [] []
[2026-06-30 04:05:15] SlimMonoLogger.INFO: Cron ran at: 30-06-2026 04:05:15 AM [] []
[2026-06-30 04:05:34] SlimMonoLogger.INFO: Cron ran at: 30-06-2026 04:05:34 AM [] []
[2026-06-30 04:06:16] SlimMonoLogger.INFO: Cron ran at: 30-06-2026 04:06:16 AM [] []
[2026-06-30 04:06:16] SlimMonoLogger.INFO: Cron ran at: 30-06-2026 04:06:16 AM [] []
[2026-06-30 04:06:31] SlimMonoLogger.INFO: Cron ran at: 30-06-2026 04:06:31 AM [] []
[2026-06-30 04:06:32] SlimMonoLogger.INFO: Cron ran at: 30-06-2026 04:06:32 AM [] []
[2026-06-30 04:07:11] SlimMonoLogger.INFO: Cron ran at: 30-06-2026 04:07:11 AM [] []
[2026-06-30 04:07:13] SlimMonoLogger.INFO: Cron ran at: 30-06-2026 04:07:13 AM [] []
[2026-06-30 04:07:16] SlimMonoLogger.INFO: Cron ran at: 30-06-2026 04:07:16 AM [] []
[2026-06-30 04:07:21] SlimMonoLogger.INFO: Cron ran at: 30-06-2026 04:07:21 AM [] []
[2026-06-30 04:08:06] SlimMonoLogger.INFO: Cron ran at: 30-06-2026 04:08:06 AM [] []
[2026-06-30 04:08:06] SlimMonoLogger.INFO: Cron ran at: 30-06-2026 04:08:06 AM [] []
[2026-06-30 04:08:07] SlimMonoLogger.INFO: Cron ran at: 30-06-2026 04:08:07 AM [] []
[2026-06-30 04:08:25] SlimMonoLogger.INFO: Cron ran at: 30-06-2026 04:08:25 AM [] []
[2026-06-30 04:09:04] SlimMonoLogger.INFO: Cron ran at: 30-06-2026 04:09:04 AM [] []
[2026-06-30 04:09:07] SlimMonoLogger.INFO: Cron ran at: 30-06-2026 04:09:07 AM [] []
[2026-06-30 04:09:07] SlimMonoLogger.INFO: Cron ran at: 30-06-2026 04:09:07 AM [] []
[2026-06-30 04:09:14] SlimMonoLogger.INFO: Cron ran at: 30-06-2026 04:09:14 AM [] []
[2026-06-30 04:10:04] SlimMonoLogger.INFO: Cron ran at: 30-06-2026 04:10:04 AM [] []
[2026-06-30 04:10:21] SlimMonoLogger.INFO: Cron ran at: 30-06-2026 04:10:21 AM [] []
[2026-06-30 04:10:23] SlimMonoLogger.INFO: Cron ran at: 30-06-2026 04:10:23 AM [] []
[2026-06-30 04:10:25] SlimMonoLogger.INFO: Cron ran at: 30-06-2026 04:10:25 AM [] []
[2026-06-30 04:11:01] SlimMonoLogger.INFO: Cron ran at: 30-06-2026 04:11:01 AM [] []
[2026-06-30 04:11:19] SlimMonoLogger.INFO: Cron ran at: 30-06-2026 04:11:19 AM [] []
[2026-06-30 04:11:26] SlimMonoLogger.INFO: Cron ran at: 30-06-2026 04:11:26 AM [] []
[2026-06-30 04:11:56] SlimMonoLogger.INFO: Cron ran at: 30-06-2026 04:11:56 AM [] []
[2026-06-30 04:11:59] SlimMonoLogger.INFO: Cron ran at: 30-06-2026 04:11:59 AM [] []
[2026-06-30 04:12:17] SlimMonoLogger.INFO: Cron ran at: 30-06-2026 04:12:17 AM [] []
[2026-06-30 04:12:27] SlimMonoLogger.INFO: Cron ran at: 30-06-2026 04:12:27 AM [] []
[2026-06-30 04:12:46] SlimMonoLogger.INFO: Cron ran at: 30-06-2026 04:12:46 AM [] []
[2026-06-30 04:12:56] SlimMonoLogger.INFO: Cron ran at: 30-06-2026 04:12:56 AM [] []
[2026-06-30 04:13:18] SlimMonoLogger.INFO: Cron ran at: 30-06-2026 04:13:18 AM [] []
[2026-06-30 04:13:20] SlimMonoLogger.INFO: Cron ran at: 30-06-2026 04:13:20 AM [] []
[2026-06-30 04:13:47] SlimMonoLogger.INFO: Cron ran at: 30-06-2026 04:13:47 AM [] []
[2026-06-30 04:13:59] SlimMonoLogger.INFO: Cron ran at: 30-06-2026 04:13:59 AM [] []
[2026-06-30 04:14:18] SlimMonoLogger.INFO: Cron ran at: 30-06-2026 04:14:18 AM [] []
[2026-06-30 04:14:26] SlimMonoLogger.INFO: Cron ran at: 30-06-2026 04:14:26 AM [] []
[2026-06-30 04:14:39] SlimMonoLogger.INFO: Cron ran at: 30-06-2026 04:14:39 AM [] []
[2026-06-30 04:14:46] SlimMonoLogger.INFO: Cron ran at: 30-06-2026 04:14:46 AM [] []
[2026-06-30 04:15:10] SlimMonoLogger.INFO: Cron ran at: 30-06-2026 04:15:10 AM [] []
[2026-06-30 04:15:15] SlimMonoLogger.INFO: Cron ran at: 30-06-2026 04:15:15 AM [] []
[2026-06-30 04:15:15] SlimMonoLogger.INFO: Cron ran at: 30-06-2026 04:15:15 AM [] []
[2026-06-30 04:15:45] SlimMonoLogger.INFO: Cron ran at: 30-06-2026 04:15:45 AM [] []
[2026-06-30 04:16:14] SlimMonoLogger.INFO: Cron ran at: 30-06-2026 04:16:14 AM [] []
[2026-06-30 04:16:17] SlimMonoLogger.INFO: Cron ran at: 30-06-2026 04:16:17 AM [] []
[2026-06-30 04:16:27] SlimMonoLogger.INFO: Cron ran at: 30-06-2026 04:16:27 AM [] []
[2026-06-30 04:16:46] SlimMonoLogger.INFO: Cron ran at: 30-06-2026 04:16:46 AM [] []
[2026-06-30 04:17:13] SlimMonoLogger.INFO: Cron ran at: 30-06-2026 04:17:13 AM [] []
[2026-06-30 04:17:14] SlimMonoLogger.INFO: Cron ran at: 30-06-2026 04:17:14 AM [] []
[2026-06-30 04:17:14] SlimMonoLogger.INFO: Cron ran at: 30-06-2026 04:17:14 AM [] []
[2026-06-30 04:17:43] SlimMonoLogger.INFO: Cron ran at: 30-06-2026 04:17:43 AM [] []
[2026-06-30 04:18:09] SlimMonoLogger.INFO: Cron ran at: 30-06-2026 04:18:09 AM [] []
[2026-06-30 04:18:10] SlimMonoLogger.INFO: Cron ran at: 30-06-2026 04:18:10 AM [] []
[2026-06-30 04:18:19] SlimMonoLogger.INFO: Cron ran at: 30-06-2026 04:18:19 AM [] []
[2026-06-30 04:18:50] SlimMonoLogger.INFO: Cron ran at: 30-06-2026 04:18:50 AM [] []
[2026-06-30 04:19:03] SlimMonoLogger.INFO: Cron ran at: 30-06-2026 04:19:03 AM [] []
[2026-06-30 04:19:07] SlimMonoLogger.INFO: Cron ran at: 30-06-2026 04:19:07 AM [] []
[2026-06-30 04:19:20] SlimMonoLogger.INFO: Cron ran at: 30-06-2026 04:19:20 AM [] []
[2026-06-30 04:19:47] SlimMonoLogger.INFO: Cron ran at: 30-06-2026 04:19:47 AM [] []
[2026-06-30 04:20:06] SlimMonoLogger.INFO: Cron ran at: 30-06-2026 04:20:06 AM [] []
[2026-06-30 04:20:09] SlimMonoLogger.INFO: Cron ran at: 30-06-2026 04:20:09 AM [] []
[2026-06-30 04:20:17] SlimMonoLogger.INFO: Cron ran at: 30-06-2026 04:20:17 AM [] []
[2026-06-30 04:20:49] SlimMonoLogger.INFO: Cron ran at: 30-06-2026 04:20:49 AM [] []
[2026-06-30 04:20:56] SlimMonoLogger.INFO: Cron ran at: 30-06-2026 04:20:56 AM [] []
[2026-06-30 04:21:13] SlimMonoLogger.INFO: Cron ran at: 30-06-2026 04:21:13 AM [] []
[2026-06-30 04:21:50] SlimMonoLogger.INFO: Cron ran at: 30-06-2026 04:21:50 AM [] []
[2026-06-30 04:21:51] SlimMonoLogger.INFO: Cron ran at: 30-06-2026 04:21:51 AM [] []
[2026-06-30 04:22:08] SlimMonoLogger.INFO: Cron ran at: 30-06-2026 04:22:08 AM [] []
[2026-06-30 04:22:10] SlimMonoLogger.INFO: Cron ran at: 30-06-2026 04:22:10 AM [] []
[2026-06-30 04:22:44] SlimMonoLogger.INFO: Cron ran at: 30-06-2026 04:22:44 AM [] []
[2026-06-30 04:22:44] SlimMonoLogger.INFO: Cron ran at: 30-06-2026 04:22:44 AM [] []
[2026-06-30 04:22:46] SlimMonoLogger.INFO: Cron ran at: 30-06-2026 04:22:46 AM [] []
[2026-06-30 04:23:15] SlimMonoLogger.INFO: Cron ran at: 30-06-2026 04:23:15 AM [] []
[2026-06-30 04:23:43] SlimMonoLogger.INFO: Cron ran at: 30-06-2026 04:23:43 AM [] []
[2026-06-30 04:23:44] SlimMonoLogger.INFO: Cron ran at: 30-06-2026 04:23:44 AM [] []
[2026-06-30 04:23:46] SlimMonoLogger.INFO: Cron ran at: 30-06-2026 04:23:46 AM [] []
[2026-06-30 04:24:10] SlimMonoLogger.INFO: Cron ran at: 30-06-2026 04:24:10 AM [] []
[2026-06-30 04:24:36] SlimMonoLogger.INFO: Cron ran at: 30-06-2026 04:24:36 AM [] []
[2026-06-30 04:24:44] SlimMonoLogger.INFO: Cron ran at: 30-06-2026 04:24:44 AM [] []
[2026-06-30 04:24:45] SlimMonoLogger.INFO: Cron ran at: 30-06-2026 04:24:45 AM [] []
[2026-06-30 04:25:06] SlimMonoLogger.INFO: Cron ran at: 30-06-2026 04:25:06 AM [] []
[2026-06-30 04:25:23] SlimMonoLogger.INFO: Cron ran at: 30-06-2026 04:25:23 AM [] []
[2026-06-30 04:25:40] SlimMonoLogger.INFO: Cron ran at: 30-06-2026 04:25:40 AM [] []
[2026-06-30 04:26:10] SlimMonoLogger.INFO: Cron ran at: 30-06-2026 04:26:10 AM [] []
[2026-06-30 04:26:22] SlimMonoLogger.INFO: Cron ran at: 30-06-2026 04:26:22 AM [] []
[2026-06-30 04:26:22] SlimMonoLogger.INFO: Cron ran at: 30-06-2026 04:26:22 AM [] []
[2026-06-30 04:26:37] SlimMonoLogger.INFO: Cron ran at: 30-06-2026 04:26:37 AM [] []
[2026-06-30 04:27:07] SlimMonoLogger.INFO: Cron ran at: 30-06-2026 04:27:07 AM [] []
[2026-06-30 04:27:19] SlimMonoLogger.INFO: Cron ran at: 30-06-2026 04:27:19 AM [] []
[2026-06-30 04:27:22] SlimMonoLogger.INFO: Cron ran at: 30-06-2026 04:27:22 AM [] []
[2026-06-30 04:27:44] SlimMonoLogger.INFO: Cron ran at: 30-06-2026 04:27:44 AM [] []
[2026-06-30 04:28:04] SlimMonoLogger.INFO: Cron ran at: 30-06-2026 04:28:04 AM [] []
[2026-06-30 04:28:05] SlimMonoLogger.INFO: Cron ran at: 30-06-2026 04:28:05 AM [] []
[2026-06-30 04:28:11] SlimMonoLogger.INFO: Cron ran at: 30-06-2026 04:28:11 AM [] []
[2026-06-30 04:28:41] SlimMonoLogger.INFO: Cron ran at: 30-06-2026 04:28:41 AM [] []
[2026-06-30 04:29:00] SlimMonoLogger.INFO: Cron ran at: 30-06-2026 04:29:00 AM [] []
[2026-06-30 04:29:07] SlimMonoLogger.INFO: Cron ran at: 30-06-2026 04:29:07 AM [] []
[2026-06-30 04:29:08] SlimMonoLogger.INFO: Cron ran at: 30-06-2026 04:29:08 AM [] []
[2026-06-30 04:29:43] SlimMonoLogger.INFO: Cron ran at: 30-06-2026 04:29:43 AM [] []
[2026-06-30 04:29:54] SlimMonoLogger.INFO: Cron ran at: 30-06-2026 04:29:54 AM [] []
[2026-06-30 04:30:09] SlimMonoLogger.INFO: Cron ran at: 30-06-2026 04:30:09 AM [] []
[2026-06-30 04:30:09] SlimMonoLogger.INFO: Cron ran at: 30-06-2026 04:30:09 AM [] []
[2026-06-30 04:30:48] SlimMonoLogger.INFO: Cron ran at: 30-06-2026 04:30:48 AM [] []
[2026-06-30 04:30:49] SlimMonoLogger.INFO: Cron ran at: 30-06-2026 04:30:49 AM [] []
[2026-06-30 04:31:17] SlimMonoLogger.INFO: Cron ran at: 30-06-2026 04:31:17 AM [] []
[2026-06-30 04:31:32] SlimMonoLogger.INFO: Cron ran at: 30-06-2026 04:31:32 AM [] []
[2026-06-30 04:31:39] SlimMonoLogger.INFO: Cron ran at: 30-06-2026 04:31:39 AM [] []
[2026-06-30 04:31:44] SlimMonoLogger.INFO: Cron ran at: 30-06-2026 04:31:44 AM [] []
[2026-06-30 04:32:13] SlimMonoLogger.INFO: Cron ran at: 30-06-2026 04:32:13 AM [] []
[2026-06-30 04:32:20] SlimMonoLogger.INFO: Cron ran at: 30-06-2026 04:32:20 AM [] []
[2026-06-30 04:32:43] SlimMonoLogger.INFO: Cron ran at: 30-06-2026 04:32:43 AM [] []
[2026-06-30 04:32:51] SlimMonoLogger.INFO: Cron ran at: 30-06-2026 04:32:51 AM [] []
[2026-06-30 04:33:09] SlimMonoLogger.INFO: Cron ran at: 30-06-2026 04:33:09 AM [] []
[2026-06-30 04:33:10] SlimMonoLogger.INFO: Cron ran at: 30-06-2026 04:33:10 AM [] []
[2026-06-30 04:33:34] SlimMonoLogger.INFO: Cron ran at: 30-06-2026 04:33:34 AM [] []
[2026-06-30 04:33:38] SlimMonoLogger.INFO: Cron ran at: 30-06-2026 04:33:38 AM [] []
[2026-06-30 04:34:04] SlimMonoLogger.INFO: Cron ran at: 30-06-2026 04:34:04 AM [] []
[2026-06-30 04:34:09] SlimMonoLogger.INFO: Cron ran at: 30-06-2026 04:34:09 AM [] []
[2026-06-30 04:34:41] SlimMonoLogger.INFO: Cron ran at: 30-06-2026 04:34:41 AM [] []
[2026-06-30 04:34:44] SlimMonoLogger.INFO: Cron ran at: 30-06-2026 04:34:44 AM [] []
[2026-06-30 04:35:03] SlimMonoLogger.INFO: Cron ran at: 30-06-2026 04:35:03 AM [] []
[2026-06-30 04:35:16] SlimMonoLogger.INFO: Cron ran at: 30-06-2026 04:35:16 AM [] []
[2026-06-30 04:35:38] SlimMonoLogger.INFO: Cron ran at: 30-06-2026 04:35:38 AM [] []
[2026-06-30 04:35:57] SlimMonoLogger.INFO: Cron ran at: 30-06-2026 04:35:57 AM [] []
[2026-06-30 04:36:09] SlimMonoLogger.INFO: Cron ran at: 30-06-2026 04:36:09 AM [] []
[2026-06-30 04:36:36] SlimMonoLogger.INFO: Cron ran at: 30-06-2026 04:36:36 AM [] []
[2026-06-30 04:36:53] SlimMonoLogger.INFO: Cron ran at: 30-06-2026 04:36:53 AM [] []
[2026-06-30 04:36:56] SlimMonoLogger.INFO: Cron ran at: 30-06-2026 04:36:56 AM [] []
[2026-06-30 04:37:12] SlimMonoLogger.INFO: Cron ran at: 30-06-2026 04:37:12 AM [] []
[2026-06-30 04:37:44] SlimMonoLogger.INFO: Cron ran at: 30-06-2026 04:37:44 AM [] []
[2026-06-30 04:37:53] SlimMonoLogger.INFO: Cron ran at: 30-06-2026 04:37:53 AM [] []
[2026-06-30 04:37:54] SlimMonoLogger.INFO: Cron ran at: 30-06-2026 04:37:54 AM [] []
[2026-06-30 04:38:16] SlimMonoLogger.INFO: Cron ran at: 30-06-2026 04:38:16 AM [] []
[2026-06-30 04:38:43] SlimMonoLogger.INFO: Cron ran at: 30-06-2026 04:38:43 AM [] []
[2026-06-30 04:38:43] SlimMonoLogger.INFO: Cron ran at: 30-06-2026 04:38:43 AM [] []
[2026-06-30 04:38:51] SlimMonoLogger.INFO: Cron ran at: 30-06-2026 04:38:51 AM [] []
[2026-06-30 04:39:16] SlimMonoLogger.INFO: Cron ran at: 30-06-2026 04:39:16 AM [] []
[2026-06-30 04:39:34] SlimMonoLogger.INFO: Cron ran at: 30-06-2026 04:39:34 AM [] []
[2026-06-30 04:39:39] SlimMonoLogger.INFO: Cron ran at: 30-06-2026 04:39:39 AM [] []
[2026-06-30 04:39:44] SlimMonoLogger.INFO: Cron ran at: 30-06-2026 04:39:44 AM [] []
[2026-06-30 04:40:14] SlimMonoLogger.INFO: Cron ran at: 30-06-2026 04:40:14 AM [] []
[2026-06-30 04:40:28] SlimMonoLogger.INFO: Cron ran at: 30-06-2026 04:40:28 AM [] []
[2026-06-30 04:40:39] SlimMonoLogger.INFO: Cron ran at: 30-06-2026 04:40:39 AM [] []
[2026-06-30 04:40:40] SlimMonoLogger.INFO: Cron ran at: 30-06-2026 04:40:40 AM [] []
[2026-06-30 04:41:02] SlimMonoLogger.INFO: Cron ran at: 30-06-2026 04:41:02 AM [] []
[2026-06-30 04:41:33] SlimMonoLogger.INFO: Cron ran at: 30-06-2026 04:41:33 AM [] []
[2026-06-30 04:41:42] SlimMonoLogger.INFO: Cron ran at: 30-06-2026 04:41:42 AM [] []
[2026-06-30 04:41:48] SlimMonoLogger.INFO: Cron ran at: 30-06-2026 04:41:48 AM [] []
[2026-06-30 04:41:48] SlimMonoLogger.INFO: Cron ran at: 30-06-2026 04:41:48 AM [] []
[2026-06-30 04:42:19] SlimMonoLogger.INFO: Cron ran at: 30-06-2026 04:42:19 AM [] []
[2026-06-30 04:42:39] SlimMonoLogger.INFO: Cron ran at: 30-06-2026 04:42:39 AM [] []
[2026-06-30 04:42:39] SlimMonoLogger.INFO: Cron ran at: 30-06-2026 04:42:39 AM [] []
[2026-06-30 04:42:52] SlimMonoLogger.INFO: Cron ran at: 30-06-2026 04:42:52 AM [] []
[2026-06-30 04:43:10] SlimMonoLogger.INFO: Cron ran at: 30-06-2026 04:43:10 AM [] []
[2026-06-30 04:43:33] SlimMonoLogger.INFO: Cron ran at: 30-06-2026 04:43:33 AM [] []
[2026-06-30 04:43:44] SlimMonoLogger.INFO: Cron ran at: 30-06-2026 04:43:44 AM [] []
[2026-06-30 04:43:47] SlimMonoLogger.INFO: Cron ran at: 30-06-2026 04:43:47 AM [] []
[2026-06-30 04:43:59] SlimMonoLogger.INFO: Cron ran at: 30-06-2026 04:43:59 AM [] []
[2026-06-30 04:44:38] SlimMonoLogger.INFO: Cron ran at: 30-06-2026 04:44:38 AM [] []
[2026-06-30 04:44:38] SlimMonoLogger.INFO: Cron ran at: 30-06-2026 04:44:38 AM [] []
[2026-06-30 04:44:50] SlimMonoLogger.INFO: Cron ran at: 30-06-2026 04:44:50 AM [] []
[2026-06-30 04:44:59] SlimMonoLogger.INFO: Cron ran at: 30-06-2026 04:44:59 AM [] []
[2026-06-30 04:45:40] SlimMonoLogger.INFO: Cron ran at: 30-06-2026 04:45:40 AM [] []
[2026-06-30 04:45:50] SlimMonoLogger.INFO: Cron ran at: 30-06-2026 04:45:50 AM [] []
[2026-06-30 04:46:02] SlimMonoLogger.INFO: Cron ran at: 30-06-2026 04:46:02 AM [] []
[2026-06-30 04:46:36] SlimMonoLogger.INFO: Cron ran at: 30-06-2026 04:46:36 AM [] []
[2026-06-30 04:46:54] SlimMonoLogger.INFO: Cron ran at: 30-06-2026 04:46:54 AM [] []
[2026-06-30 04:46:58] SlimMonoLogger.INFO: Cron ran at: 30-06-2026 04:46:58 AM [] []
[2026-06-30 04:47:04] SlimMonoLogger.INFO: Cron ran at: 30-06-2026 04:47:04 AM [] []
[2026-06-30 04:47:46] SlimMonoLogger.INFO: Cron ran at: 30-06-2026 04:47:46 AM [] []
[2026-06-30 04:47:47] SlimMonoLogger.INFO: Cron ran at: 30-06-2026 04:47:47 AM [] []
[2026-06-30 04:47:48] SlimMonoLogger.INFO: Cron ran at: 30-06-2026 04:47:48 AM [] []
[2026-06-30 04:47:57] SlimMonoLogger.INFO: Cron ran at: 30-06-2026 04:47:57 AM [] []
[2026-06-30 04:48:40] SlimMonoLogger.INFO: Cron ran at: 30-06-2026 04:48:40 AM [] []
[2026-06-30 04:48:42] SlimMonoLogger.INFO: Cron ran at: 30-06-2026 04:48:42 AM [] []
[2026-06-30 04:48:46] SlimMonoLogger.INFO: Cron ran at: 30-06-2026 04:48:46 AM [] []
[2026-06-30 04:48:46] SlimMonoLogger.INFO: Cron ran at: 30-06-2026 04:48:46 AM [] []
[2026-06-30 04:49:28] SlimMonoLogger.INFO: Cron ran at: 30-06-2026 04:49:28 AM [] []
[2026-06-30 04:49:38] SlimMonoLogger.INFO: Cron ran at: 30-06-2026 04:49:38 AM [] []
[2026-06-30 04:49:46] SlimMonoLogger.INFO: Cron ran at: 30-06-2026 04:49:46 AM [] []
[2026-06-30 04:49:50] SlimMonoLogger.INFO: Cron ran at: 30-06-2026 04:49:50 AM [] []
[2026-06-30 04:50:38] SlimMonoLogger.INFO: Cron ran at: 30-06-2026 04:50:38 AM [] []
[2026-06-30 04:50:41] SlimMonoLogger.INFO: Cron ran at: 30-06-2026 04:50:41 AM [] []
[2026-06-30 04:50:42] SlimMonoLogger.INFO: Cron ran at: 30-06-2026 04:50:42 AM [] []
[2026-06-30 04:51:32] SlimMonoLogger.INFO: Cron ran at: 30-06-2026 04:51:32 AM [] []
[2026-06-30 04:51:35] SlimMonoLogger.INFO: Cron ran at: 30-06-2026 04:51:35 AM [] []
[2026-06-30 04:51:39] SlimMonoLogger.INFO: Cron ran at: 30-06-2026 04:51:39 AM [] []
[2026-06-30 04:51:56] SlimMonoLogger.INFO: Cron ran at: 30-06-2026 04:51:56 AM [] []
[2026-06-30 04:52:30] SlimMonoLogger.INFO: Cron ran at: 30-06-2026 04:52:30 AM [] []
[2026-06-30 04:52:39] SlimMonoLogger.INFO: Cron ran at: 30-06-2026 04:52:39 AM [] []
[2026-06-30 04:52:52] SlimMonoLogger.INFO: Cron ran at: 30-06-2026 04:52:52 AM [] []
[2026-06-30 04:52:52] SlimMonoLogger.INFO: Cron ran at: 30-06-2026 04:52:52 AM [] []
[2026-06-30 04:53:21] SlimMonoLogger.INFO: Cron ran at: 30-06-2026 04:53:21 AM [] []
[2026-06-30 04:53:33] SlimMonoLogger.INFO: Cron ran at: 30-06-2026 04:53:33 AM [] []
[2026-06-30 04:53:45] SlimMonoLogger.INFO: Cron ran at: 30-06-2026 04:53:45 AM [] []
[2026-06-30 04:53:48] SlimMonoLogger.INFO: Cron ran at: 30-06-2026 04:53:48 AM [] []
[2026-06-30 04:54:23] SlimMonoLogger.INFO: Cron ran at: 30-06-2026 04:54:23 AM [] []
[2026-06-30 04:54:37] SlimMonoLogger.INFO: Cron ran at: 30-06-2026 04:54:37 AM [] []
[2026-06-30 04:54:40] SlimMonoLogger.INFO: Cron ran at: 30-06-2026 04:54:40 AM [] []
[2026-06-30 04:54:45] SlimMonoLogger.INFO: Cron ran at: 30-06-2026 04:54:45 AM [] []
[2026-06-30 04:55:30] SlimMonoLogger.INFO: Cron ran at: 30-06-2026 04:55:30 AM [] []
[2026-06-30 04:55:31] SlimMonoLogger.INFO: Cron ran at: 30-06-2026 04:55:31 AM [] []
[2026-06-30 04:55:47] SlimMonoLogger.INFO: Cron ran at: 30-06-2026 04:55:47 AM [] []
[2026-06-30 04:56:19] SlimMonoLogger.INFO: Cron ran at: 30-06-2026 04:56:19 AM [] []
[2026-06-30 04:56:29] SlimMonoLogger.INFO: Cron ran at: 30-06-2026 04:56:29 AM [] []
[2026-06-30 04:56:30] SlimMonoLogger.INFO: Cron ran at: 30-06-2026 04:56:30 AM [] []
[2026-06-30 04:56:50] SlimMonoLogger.INFO: Cron ran at: 30-06-2026 04:56:50 AM [] []
[2026-06-30 04:57:16] SlimMonoLogger.INFO: Cron ran at: 30-06-2026 04:57:16 AM [] []
[2026-06-30 04:57:17] SlimMonoLogger.INFO: Cron ran at: 30-06-2026 04:57:17 AM [] []
[2026-06-30 04:57:23] SlimMonoLogger.INFO: Cron ran at: 30-06-2026 04:57:23 AM [] []
[2026-06-30 04:57:47] SlimMonoLogger.INFO: Cron ran at: 30-06-2026 04:57:47 AM [] []
[2026-06-30 04:58:14] SlimMonoLogger.INFO: Cron ran at: 30-06-2026 04:58:14 AM [] []
[2026-06-30 04:58:15] SlimMonoLogger.INFO: Cron ran at: 30-06-2026 04:58:15 AM [] []
[2026-06-30 04:58:17] SlimMonoLogger.INFO: Cron ran at: 30-06-2026 04:58:17 AM [] []
[2026-06-30 04:58:47] SlimMonoLogger.INFO: Cron ran at: 30-06-2026 04:58:47 AM [] []
[2026-06-30 04:59:12] SlimMonoLogger.INFO: Cron ran at: 30-06-2026 04:59:12 AM [] []
[2026-06-30 04:59:12] SlimMonoLogger.INFO: Cron ran at: 30-06-2026 04:59:12 AM [] []
[2026-06-30 04:59:14] SlimMonoLogger.INFO: Cron ran at: 30-06-2026 04:59:14 AM [] []
[2026-06-30 04:59:44] SlimMonoLogger.INFO: Cron ran at: 30-06-2026 04:59:44 AM [] []
[2026-06-30 05:00:04] SlimMonoLogger.INFO: Cron ran at: 30-06-2026 05:00:04 AM [] []
[2026-06-30 05:00:08] SlimMonoLogger.INFO: Cron ran at: 30-06-2026 05:00:08 AM [] []
[2026-06-30 05:00:14] SlimMonoLogger.INFO: Cron ran at: 30-06-2026 05:00:14 AM [] []
[2026-06-30 05:00:59] SlimMonoLogger.INFO: Cron ran at: 30-06-2026 05:00:59 AM [] []
[2026-06-30 05:01:18] SlimMonoLogger.INFO: Cron ran at: 30-06-2026 05:01:18 AM [] []
[2026-06-30 05:01:19] SlimMonoLogger.INFO: Cron ran at: 30-06-2026 05:01:19 AM [] []
[2026-06-30 05:01:38] SlimMonoLogger.INFO: Cron ran at: 30-06-2026 05:01:38 AM [] []
[2026-06-30 05:01:52] SlimMonoLogger.INFO: Cron ran at: 30-06-2026 05:01:52 AM [] []
[2026-06-30 05:02:15] SlimMonoLogger.INFO: Cron ran at: 30-06-2026 05:02:15 AM [] []
[2026-06-30 05:02:15] SlimMonoLogger.INFO: Cron ran at: 30-06-2026 05:02:15 AM [] []
[2026-06-30 05:02:49] SlimMonoLogger.INFO: Cron ran at: 30-06-2026 05:02:49 AM [] []
[2026-06-30 05:03:11] SlimMonoLogger.INFO: Cron ran at: 30-06-2026 05:03:11 AM [] []
[2026-06-30 05:03:14] SlimMonoLogger.INFO: Cron ran at: 30-06-2026 05:03:14 AM [] []
[2026-06-30 05:03:15] SlimMonoLogger.INFO: Cron ran at: 30-06-2026 05:03:15 AM [] []
[2026-06-30 05:03:46] SlimMonoLogger.INFO: Cron ran at: 30-06-2026 05:03:46 AM [] []
[2026-06-30 05:04:08] SlimMonoLogger.INFO: Cron ran at: 30-06-2026 05:04:08 AM [] []
[2026-06-30 05:04:11] SlimMonoLogger.INFO: Cron ran at: 30-06-2026 05:04:11 AM [] []
[2026-06-30 05:04:14] SlimMonoLogger.INFO: Cron ran at: 30-06-2026 05:04:14 AM [] []
[2026-06-30 05:04:44] SlimMonoLogger.INFO: Cron ran at: 30-06-2026 05:04:44 AM [] []
[2026-06-30 05:05:06] SlimMonoLogger.INFO: Cron ran at: 30-06-2026 05:05:06 AM [] []
[2026-06-30 05:05:15] SlimMonoLogger.INFO: Cron ran at: 30-06-2026 05:05:15 AM [] []
[2026-06-30 05:05:16] SlimMonoLogger.INFO: Cron ran at: 30-06-2026 05:05:16 AM [] []
[2026-06-30 05:05:48] SlimMonoLogger.INFO: Cron ran at: 30-06-2026 05:05:48 AM [] []
[2026-06-30 05:06:00] SlimMonoLogger.INFO: Cron ran at: 30-06-2026 05:06:00 AM [] []
[2026-06-30 05:06:14] SlimMonoLogger.INFO: Cron ran at: 30-06-2026 05:06:14 AM [] []
[2026-06-30 05:06:18] SlimMonoLogger.INFO: Cron ran at: 30-06-2026 05:06:18 AM [] []
[2026-06-30 05:06:48] SlimMonoLogger.INFO: Cron ran at: 30-06-2026 05:06:48 AM [] []
[2026-06-30 05:06:55] SlimMonoLogger.INFO: Cron ran at: 30-06-2026 05:06:55 AM [] []
[2026-06-30 05:07:11] SlimMonoLogger.INFO: Cron ran at: 30-06-2026 05:07:11 AM [] []
[2026-06-30 05:07:12] SlimMonoLogger.INFO: Cron ran at: 30-06-2026 05:07:12 AM [] []
[2026-06-30 05:07:46] SlimMonoLogger.INFO: Cron ran at: 30-06-2026 05:07:46 AM [] []
[2026-06-30 05:07:50] SlimMonoLogger.INFO: Cron ran at: 30-06-2026 05:07:50 AM [] []
[2026-06-30 05:08:06] SlimMonoLogger.INFO: Cron ran at: 30-06-2026 05:08:06 AM [] []
[2026-06-30 05:08:14] SlimMonoLogger.INFO: Cron ran at: 30-06-2026 05:08:14 AM [] []
[2026-06-30 05:08:49] SlimMonoLogger.INFO: Cron ran at: 30-06-2026 05:08:49 AM [] []
[2026-06-30 05:08:52] SlimMonoLogger.INFO: Cron ran at: 30-06-2026 05:08:52 AM [] []
[2026-06-30 05:08:53] SlimMonoLogger.INFO: Cron ran at: 30-06-2026 05:08:53 AM [] []
[2026-06-30 05:09:12] SlimMonoLogger.INFO: Cron ran at: 30-06-2026 05:09:12 AM [] []
[2026-06-30 05:09:20] SlimMonoLogger.INFO: Cron ran at: 30-06-2026 05:09:20 AM [] []
[2026-06-30 05:09:52] SlimMonoLogger.INFO: Cron ran at: 30-06-2026 05:09:52 AM [] []
[2026-06-30 05:09:53] SlimMonoLogger.INFO: Cron ran at: 30-06-2026 05:09:53 AM [] []
[2026-06-30 05:10:17] SlimMonoLogger.ERROR: Requests_Exception: cURL error 28: Operation timed out after 500007 milliseconds with 0 bytes received in /home/latihtal/public_html/agregator1/src/vendor/rmccue/requests/library/Requests/Transport/cURL.php:422
Stack trace:
#0 /home/latihtal/public_html/agregator1/src/vendor/rmccue/requests/library/Requests/Transport/cURL.php(177): Requests_Transport_cURL->process_response()
#1 /home/latihtal/public_html/agregator1/src/vendor/rmccue/requests/library/Requests.php(379): Requests_Transport_cURL->request()
#2 /home/latihtal/public_html/agregator1/src/vendor/rmccue/requests/library/Requests/Session.php(205): Requests::request()
#3 /home/latihtal/public_html/agregator1/src/vendor/rmccue/requests/library/Requests/Session.php(132): Requests_Session->request()
#4 /home/latihtal/public_html/agregator1/src/drivers/Http/RssImporter.php(144): Requests_Session->get()
#5 /home/latihtal/public_html/agregator1/src/controllers/Dashboard/DashboardFeedsController.php(534): spark\drivers\Http\RssImporter->fetchPosts()
#6 /home/latihtal/public_html/agregator1/src/controllers/Site/SiteController.php(722): spark\controllers\Dashboard\DashboardFeedsController::importFeedPosts()
#7 [internal function]: spark\controllers\Site\SiteController->runTasks()
#8 /home/latihtal/public_html/agregator1/src/framework/Route.php(173): call_user_func_array()
#9 [internal function]: Slim\Route->Slim\{closure}()
#10 /home/latihtal/public_html/agregator1/src/framework/Route.php(468): call_user_func_array()
#11 /home/latihtal/public_html/agregator1/src/framework/Slim.php(1364): Slim\Route->dispatch()
#12 /home/latihtal/public_html/agregator1/src/framework/Middleware/Flash.php(85): Slim\Slim->call()
#13 /home/latihtal/public_html/agregator1/src/framework/Middleware/MethodOverride.php(92): Slim\Middleware\Flash->call()
#14 /home/latihtal/public_html/agregator1/src/middlewares/CsrfGuard/CsrfGuard.php(47): Slim\Middleware\MethodOverride->call()
#15 /home/latihtal/public_html/agregator1/src/framework/Middleware/PrettyExceptions.php(67): spark\middlewares\CsrfGuard\CsrfGuard->call()
#16 /home/latihtal/public_html/agregator1/src/framework/Slim.php(1308): Slim\Middleware\PrettyExceptions->call()
#17 /home/latihtal/public_html/agregator1/index.php(6): Slim\Slim->run()
#18 {main} [] []
[2026-06-30 05:10:20] SlimMonoLogger.INFO: Cron ran at: 30-06-2026 05:10:20 AM [] []
[2026-06-30 05:10:21] SlimMonoLogger.INFO: Cron ran at: 30-06-2026 05:10:21 AM [] []
[2026-06-30 05:10:46] SlimMonoLogger.INFO: Cron ran at: 30-06-2026 05:10:46 AM [] []
[2026-06-30 05:10:48] SlimMonoLogger.INFO: Cron ran at: 30-06-2026 05:10:48 AM [] []
[2026-06-30 05:10:49] SlimMonoLogger.INFO: Cron ran at: 30-06-2026 05:10:49 AM [] []
[2026-06-30 05:11:12] SlimMonoLogger.INFO: Cron ran at: 30-06-2026 05:11:12 AM [] []
[2026-06-30 05:11:43] SlimMonoLogger.INFO: Cron ran at: 30-06-2026 05:11:43 AM [] []
[2026-06-30 05:11:46] SlimMonoLogger.INFO: Cron ran at: 30-06-2026 05:11:46 AM [] []
[2026-06-30 05:11:55] SlimMonoLogger.INFO: Cron ran at: 30-06-2026 05:11:55 AM [] []
[2026-06-30 05:12:06] SlimMonoLogger.INFO: Cron ran at: 30-06-2026 05:12:06 AM [] []
[2026-06-30 05:12:44] SlimMonoLogger.INFO: Cron ran at: 30-06-2026 05:12:44 AM [] []
[2026-06-30 05:12:45] SlimMonoLogger.INFO: Cron ran at: 30-06-2026 05:12:45 AM [] []
[2026-06-30 05:12:46] SlimMonoLogger.INFO: Cron ran at: 30-06-2026 05:12:46 AM [] []
[2026-06-30 05:13:03] SlimMonoLogger.INFO: Cron ran at: 30-06-2026 05:13:03 AM [] []
[2026-06-30 05:13:40] SlimMonoLogger.INFO: Cron ran at: 30-06-2026 05:13:40 AM [] []
[2026-06-30 05:13:43] SlimMonoLogger.INFO: Cron ran at: 30-06-2026 05:13:43 AM [] []
[2026-06-30 05:13:47] SlimMonoLogger.INFO: Cron ran at: 30-06-2026 05:13:47 AM [] []
[2026-06-30 05:14:08] SlimMonoLogger.INFO: Cron ran at: 30-06-2026 05:14:08 AM [] []
[2026-06-30 05:14:35] SlimMonoLogger.INFO: Cron ran at: 30-06-2026 05:14:35 AM [] []
[2026-06-30 05:14:44] SlimMonoLogger.INFO: Cron ran at: 30-06-2026 05:14:44 AM [] []
[2026-06-30 05:14:46] SlimMonoLogger.INFO: Cron ran at: 30-06-2026 05:14:46 AM [] []
[2026-06-30 05:15:05] SlimMonoLogger.INFO: Cron ran at: 30-06-2026 05:15:05 AM [] []
[2026-06-30 05:15:29] SlimMonoLogger.INFO: Cron ran at: 30-06-2026 05:15:29 AM [] []
[2026-06-30 05:15:54] SlimMonoLogger.INFO: Cron ran at: 30-06-2026 05:15:54 AM [] []
[2026-06-30 05:16:07] SlimMonoLogger.INFO: Cron ran at: 30-06-2026 05:16:07 AM [] []
[2026-06-30 05:16:21] SlimMonoLogger.INFO: Cron ran at: 30-06-2026 05:16:21 AM [] []
[2026-06-30 05:16:51] SlimMonoLogger.INFO: Cron ran at: 30-06-2026 05:16:51 AM [] []
[2026-06-30 05:16:51] SlimMonoLogger.INFO: Cron ran at: 30-06-2026 05:16:51 AM [] []
[2026-06-30 05:17:05] SlimMonoLogger.INFO: Cron ran at: 30-06-2026 05:17:05 AM [] []
[2026-06-30 05:17:19] SlimMonoLogger.INFO: Cron ran at: 30-06-2026 05:17:19 AM [] []
[2026-06-30 05:17:44] SlimMonoLogger.INFO: Cron ran at: 30-06-2026 05:17:44 AM [] []
[2026-06-30 05:17:49] SlimMonoLogger.INFO: Cron ran at: 30-06-2026 05:17:49 AM [] []
[2026-06-30 05:18:08] SlimMonoLogger.INFO: Cron ran at: 30-06-2026 05:18:08 AM [] []
[2026-06-30 05:18:15] SlimMonoLogger.INFO: Cron ran at: 30-06-2026 05:18:15 AM [] []
[2026-06-30 05:18:34] SlimMonoLogger.INFO: Cron ran at: 30-06-2026 05:18:34 AM [] []
[2026-06-30 05:18:47] SlimMonoLogger.INFO: Cron ran at: 30-06-2026 05:18:47 AM [] []
[2026-06-30 05:19:07] SlimMonoLogger.INFO: Cron ran at: 30-06-2026 05:19:07 AM [] []
[2026-06-30 05:19:14] SlimMonoLogger.INFO: Cron ran at: 30-06-2026 05:19:14 AM [] []
[2026-06-30 05:19:28] SlimMonoLogger.INFO: Cron ran at: 30-06-2026 05:19:28 AM [] []
[2026-06-30 05:19:51] SlimMonoLogger.INFO: Cron ran at: 30-06-2026 05:19:51 AM [] []
[2026-06-30 05:20:02] SlimMonoLogger.INFO: Cron ran at: 30-06-2026 05:20:02 AM [] []
[2026-06-30 05:20:08] SlimMonoLogger.INFO: Cron ran at: 30-06-2026 05:20:08 AM [] []
[2026-06-30 05:20:21] SlimMonoLogger.INFO: Cron ran at: 30-06-2026 05:20:21 AM [] []
[2026-06-30 05:21:04] SlimMonoLogger.INFO: Cron ran at: 30-06-2026 05:21:04 AM [] []
[2026-06-30 05:21:14] SlimMonoLogger.INFO: Cron ran at: 30-06-2026 05:21:14 AM [] []
[2026-06-30 05:21:16] SlimMonoLogger.INFO: Cron ran at: 30-06-2026 05:21:16 AM [] []
[2026-06-30 05:21:57] SlimMonoLogger.INFO: Cron ran at: 30-06-2026 05:21:57 AM [] []
[2026-06-30 05:22:01] SlimMonoLogger.INFO: Cron ran at: 30-06-2026 05:22:01 AM [] []
[2026-06-30 05:22:07] SlimMonoLogger.INFO: Cron ran at: 30-06-2026 05:22:07 AM [] []
[2026-06-30 05:22:11] SlimMonoLogger.INFO: Cron ran at: 30-06-2026 05:22:11 AM [] []
[2026-06-30 05:22:40] SlimMonoLogger.INFO: Cron ran at: 30-06-2026 05:22:40 AM [] []
[2026-06-30 05:23:00] SlimMonoLogger.INFO: Cron ran at: 30-06-2026 05:23:00 AM [] []
[2026-06-30 05:23:07] SlimMonoLogger.INFO: Cron ran at: 30-06-2026 05:23:07 AM [] []
[2026-06-30 05:23:09] SlimMonoLogger.INFO: Cron ran at: 30-06-2026 05:23:09 AM [] []
[2026-06-30 05:23:36] SlimMonoLogger.INFO: Cron ran at: 30-06-2026 05:23:36 AM [] []
[2026-06-30 05:24:06] SlimMonoLogger.INFO: Cron ran at: 30-06-2026 05:24:06 AM [] []
[2026-06-30 05:24:11] SlimMonoLogger.INFO: Cron ran at: 30-06-2026 05:24:11 AM [] []
[2026-06-30 05:24:12] SlimMonoLogger.INFO: Cron ran at: 30-06-2026 05:24:12 AM [] []
[2026-06-30 05:24:33] SlimMonoLogger.INFO: Cron ran at: 30-06-2026 05:24:33 AM [] []
[2026-06-30 05:25:13] SlimMonoLogger.INFO: Cron ran at: 30-06-2026 05:25:13 AM [] []
[2026-06-30 05:25:21] SlimMonoLogger.INFO: Cron ran at: 30-06-2026 05:25:21 AM [] []
[2026-06-30 05:25:29] SlimMonoLogger.INFO: Cron ran at: 30-06-2026 05:25:29 AM [] []
[2026-06-30 05:25:37] SlimMonoLogger.INFO: Cron ran at: 30-06-2026 05:25:37 AM [] []
[2026-06-30 05:26:16] SlimMonoLogger.INFO: Cron ran at: 30-06-2026 05:26:16 AM [] []
[2026-06-30 05:26:24] SlimMonoLogger.INFO: Cron ran at: 30-06-2026 05:26:24 AM [] []
[2026-06-30 05:26:38] SlimMonoLogger.INFO: Cron ran at: 30-06-2026 05:26:38 AM [] []
[2026-06-30 05:27:03] SlimMonoLogger.INFO: Cron ran at: 30-06-2026 05:27:03 AM [] []
[2026-06-30 05:27:08] SlimMonoLogger.INFO: Cron ran at: 30-06-2026 05:27:08 AM [] []
[2026-06-30 05:27:26] SlimMonoLogger.INFO: Cron ran at: 30-06-2026 05:27:26 AM [] []
[2026-06-30 05:27:33] SlimMonoLogger.INFO: Cron ran at: 30-06-2026 05:27:33 AM [] []
[2026-06-30 05:27:47] SlimMonoLogger.INFO: Cron ran at: 30-06-2026 05:27:47 AM [] []
[2026-06-30 05:28:01] SlimMonoLogger.INFO: Cron ran at: 30-06-2026 05:28:01 AM [] []
[2026-06-30 05:28:04] SlimMonoLogger.INFO: Cron ran at: 30-06-2026 05:28:04 AM [] []
[2026-06-30 05:28:11] SlimMonoLogger.INFO: Cron ran at: 30-06-2026 05:28:11 AM [] []
[2026-06-30 05:28:44] SlimMonoLogger.INFO: Cron ran at: 30-06-2026 05:28:44 AM [] []
[2026-06-30 05:29:04] SlimMonoLogger.INFO: Cron ran at: 30-06-2026 05:29:04 AM [] []
[2026-06-30 05:29:08] SlimMonoLogger.INFO: Cron ran at: 30-06-2026 05:29:08 AM [] []
[2026-06-30 05:29:12] SlimMonoLogger.INFO: Cron ran at: 30-06-2026 05:29:12 AM [] []
[2026-06-30 05:29:31] SlimMonoLogger.INFO: Cron ran at: 30-06-2026 05:29:31 AM [] []
[2026-06-30 05:30:07] SlimMonoLogger.INFO: Cron ran at: 30-06-2026 05:30:07 AM [] []
[2026-06-30 05:30:08] SlimMonoLogger.INFO: Cron ran at: 30-06-2026 05:30:08 AM [] []
[2026-06-30 05:30:29] SlimMonoLogger.INFO: Cron ran at: 30-06-2026 05:30:29 AM [] []
[2026-06-30 05:31:03] SlimMonoLogger.INFO: Cron ran at: 30-06-2026 05:31:03 AM [] []
[2026-06-30 05:31:07] SlimMonoLogger.INFO: Cron ran at: 30-06-2026 05:31:07 AM [] []
[2026-06-30 05:31:10] SlimMonoLogger.INFO: Cron ran at: 30-06-2026 05:31:10 AM [] []
[2026-06-30 05:31:33] SlimMonoLogger.INFO: Cron ran at: 30-06-2026 05:31:33 AM [] []
[2026-06-30 05:31:59] SlimMonoLogger.INFO: Cron ran at: 30-06-2026 05:31:59 AM [] []
[2026-06-30 05:32:06] SlimMonoLogger.INFO: Cron ran at: 30-06-2026 05:32:06 AM [] []
[2026-06-30 05:32:07] SlimMonoLogger.INFO: Cron ran at: 30-06-2026 05:32:07 AM [] []
[2026-06-30 05:32:26] SlimMonoLogger.INFO: Cron ran at: 30-06-2026 05:32:26 AM [] []
[2026-06-30 05:32:54] SlimMonoLogger.INFO: Cron ran at: 30-06-2026 05:32:54 AM [] []
[2026-06-30 05:33:05] SlimMonoLogger.INFO: Cron ran at: 30-06-2026 05:33:05 AM [] []
[2026-06-30 05:33:06] SlimMonoLogger.INFO: Cron ran at: 30-06-2026 05:33:06 AM [] []
[2026-06-30 05:33:17] SlimMonoLogger.INFO: Cron ran at: 30-06-2026 05:33:17 AM [] []
[2026-06-30 05:33:54] SlimMonoLogger.INFO: Cron ran at: 30-06-2026 05:33:54 AM [] []
[2026-06-30 05:34:05] SlimMonoLogger.INFO: Cron ran at: 30-06-2026 05:34:05 AM [] []
[2026-06-30 05:34:06] SlimMonoLogger.INFO: Cron ran at: 30-06-2026 05:34:06 AM [] []
[2026-06-30 05:34:08] SlimMonoLogger.INFO: Cron ran at: 30-06-2026 05:34:08 AM [] []
[2026-06-30 05:34:51] SlimMonoLogger.INFO: Cron ran at: 30-06-2026 05:34:51 AM [] []
[2026-06-30 05:35:02] SlimMonoLogger.INFO: Cron ran at: 30-06-2026 05:35:02 AM [] []
[2026-06-30 05:35:02] SlimMonoLogger.INFO: Cron ran at: 30-06-2026 05:35:02 AM [] []
[2026-06-30 05:35:04] SlimMonoLogger.INFO: Cron ran at: 30-06-2026 05:35:04 AM [] []
[2026-06-30 05:35:55] SlimMonoLogger.INFO: Cron ran at: 30-06-2026 05:35:55 AM [] []
[2026-06-30 05:35:56] SlimMonoLogger.INFO: Cron ran at: 30-06-2026 05:35:56 AM [] []
[2026-06-30 05:36:47] SlimMonoLogger.INFO: Cron ran at: 30-06-2026 05:36:47 AM [] []
[2026-06-30 05:36:50] SlimMonoLogger.INFO: Cron ran at: 30-06-2026 05:36:50 AM [] []
[2026-06-30 05:36:51] SlimMonoLogger.INFO: Cron ran at: 30-06-2026 05:36:51 AM [] []
[2026-06-30 05:37:08] SlimMonoLogger.INFO: Cron ran at: 30-06-2026 05:37:08 AM [] []
[2026-06-30 05:37:46] SlimMonoLogger.INFO: Cron ran at: 30-06-2026 05:37:46 AM [] []
[2026-06-30 05:37:48] SlimMonoLogger.INFO: Cron ran at: 30-06-2026 05:37:48 AM [] []
[2026-06-30 05:37:56] SlimMonoLogger.INFO: Cron ran at: 30-06-2026 05:37:56 AM [] []
[2026-06-30 05:38:06] SlimMonoLogger.INFO: Cron ran at: 30-06-2026 05:38:06 AM [] []
[2026-06-30 05:38:35] SlimMonoLogger.INFO: Cron ran at: 30-06-2026 05:38:35 AM [] []
[2026-06-30 05:38:43] SlimMonoLogger.INFO: Cron ran at: 30-06-2026 05:38:43 AM [] []
[2026-06-30 05:38:51] SlimMonoLogger.INFO: Cron ran at: 30-06-2026 05:38:51 AM [] []
[2026-06-30 05:39:06] SlimMonoLogger.INFO: Cron ran at: 30-06-2026 05:39:06 AM [] []
[2026-06-30 05:39:29] SlimMonoLogger.INFO: Cron ran at: 30-06-2026 05:39:29 AM [] []
[2026-06-30 05:39:43] SlimMonoLogger.INFO: Cron ran at: 30-06-2026 05:39:43 AM [] []
[2026-06-30 05:39:44] SlimMonoLogger.INFO: Cron ran at: 30-06-2026 05:39:44 AM [] []
[2026-06-30 05:40:04] SlimMonoLogger.INFO: Cron ran at: 30-06-2026 05:40:04 AM [] []
[2026-06-30 05:40:23] SlimMonoLogger.INFO: Cron ran at: 30-06-2026 05:40:23 AM [] []
[2026-06-30 05:40:43] SlimMonoLogger.INFO: Cron ran at: 30-06-2026 05:40:43 AM [] []
[2026-06-30 05:40:46] SlimMonoLogger.INFO: Cron ran at: 30-06-2026 05:40:46 AM [] []
[2026-06-30 05:41:18] SlimMonoLogger.INFO: Cron ran at: 30-06-2026 05:41:18 AM [] []
[2026-06-30 05:41:45] SlimMonoLogger.INFO: Cron ran at: 30-06-2026 05:41:45 AM [] []
[2026-06-30 05:41:46] SlimMonoLogger.INFO: Cron ran at: 30-06-2026 05:41:46 AM [] []
[2026-06-30 05:41:51] SlimMonoLogger.INFO: Cron ran at: 30-06-2026 05:41:51 AM [] []
[2026-06-30 05:42:16] SlimMonoLogger.INFO: Cron ran at: 30-06-2026 05:42:16 AM [] []
[2026-06-30 05:42:45] SlimMonoLogger.INFO: Cron ran at: 30-06-2026 05:42:45 AM [] []
[2026-06-30 05:42:45] SlimMonoLogger.INFO: Cron ran at: 30-06-2026 05:42:45 AM [] []
[2026-06-30 05:42:46] SlimMonoLogger.INFO: Cron ran at: 30-06-2026 05:42:46 AM [] []
[2026-06-30 05:43:15] SlimMonoLogger.INFO: Cron ran at: 30-06-2026 05:43:15 AM [] []
[2026-06-30 05:43:41] SlimMonoLogger.INFO: Cron ran at: 30-06-2026 05:43:41 AM [] []
[2026-06-30 05:43:45] SlimMonoLogger.INFO: Cron ran at: 30-06-2026 05:43:45 AM [] []
[2026-06-30 05:43:46] SlimMonoLogger.INFO: Cron ran at: 30-06-2026 05:43:46 AM [] []
[2026-06-30 05:43:48] SlimMonoLogger.INFO: Cron ran at: 30-06-2026 05:43:48 AM [] []
[2026-06-30 05:44:12] SlimMonoLogger.ERROR: Requests_Exception: cURL error 28: Operation timed out after 500002 milliseconds with 15824 bytes received in /home/latihtal/public_html/agregator1/src/vendor/rmccue/requests/library/Requests/Transport/cURL.php:422
Stack trace:
#0 /home/latihtal/public_html/agregator1/src/vendor/rmccue/requests/library/Requests/Transport/cURL.php(177): Requests_Transport_cURL->process_response()
#1 /home/latihtal/public_html/agregator1/src/vendor/rmccue/requests/library/Requests.php(379): Requests_Transport_cURL->request()
#2 /home/latihtal/public_html/agregator1/src/vendor/rmccue/requests/library/Requests/Session.php(205): Requests::request()
#3 /home/latihtal/public_html/agregator1/src/vendor/rmccue/requests/library/Requests/Session.php(132): Requests_Session->request()
#4 /home/latihtal/public_html/agregator1/src/drivers/Http/RssImporter.php(144): Requests_Session->get()
#5 /home/latihtal/public_html/agregator1/src/controllers/Dashboard/DashboardFeedsController.php(534): spark\drivers\Http\RssImporter->fetchPosts()
#6 /home/latihtal/public_html/agregator1/src/controllers/Site/SiteController.php(722): spark\controllers\Dashboard\DashboardFeedsController::importFeedPosts()
#7 [internal function]: spark\controllers\Site\SiteController->runTasks()
#8 /home/latihtal/public_html/agregator1/src/framework/Route.php(173): call_user_func_array()
#9 [internal function]: Slim\Route->Slim\{closure}()
#10 /home/latihtal/public_html/agregator1/src/framework/Route.php(468): call_user_func_array()
#11 /home/latihtal/public_html/agregator1/src/framework/Slim.php(1364): Slim\Route->dispatch()
#12 /home/latihtal/public_html/agregator1/src/framework/Middleware/Flash.php(85): Slim\Slim->call()
#13 /home/latihtal/public_html/agregator1/src/framework/Middleware/MethodOverride.php(92): Slim\Middleware\Flash->call()
#14 /home/latihtal/public_html/agregator1/src/middlewares/CsrfGuard/CsrfGuard.php(47): Slim\Middleware\MethodOverride->call()
#15 /home/latihtal/public_html/agregator1/src/framework/Middleware/PrettyExceptions.php(67): spark\middlewares\CsrfGuard\CsrfGuard->call()
#16 /home/latihtal/public_html/agregator1/src/framework/Slim.php(1308): Slim\Middleware\PrettyExceptions->call()
#17 /home/latihtal/public_html/agregator1/index.php(6): Slim\Slim->run()
#18 {main} [] []
[2026-06-30 05:44:31] SlimMonoLogger.INFO: Cron ran at: 30-06-2026 05:44:31 AM [] []
[2026-06-30 05:44:38] SlimMonoLogger.INFO: Cron ran at: 30-06-2026 05:44:38 AM [] []
[2026-06-30 05:44:43] SlimMonoLogger.INFO: Cron ran at: 30-06-2026 05:44:43 AM [] []
[2026-06-30 05:44:44] SlimMonoLogger.INFO: Cron ran at: 30-06-2026 05:44:44 AM [] []
[2026-06-30 05:44:45] SlimMonoLogger.INFO: Cron ran at: 30-06-2026 05:44:45 AM [] []
[2026-06-30 05:45:21] SlimMonoLogger.INFO: Cron ran at: 30-06-2026 05:45:21 AM [] []
[2026-06-30 05:45:48] SlimMonoLogger.INFO: Cron ran at: 30-06-2026 05:45:48 AM [] []
[2026-06-30 05:45:49] SlimMonoLogger.INFO: Cron ran at: 30-06-2026 05:45:49 AM [] []
[2026-06-30 05:46:15] SlimMonoLogger.INFO: Cron ran at: 30-06-2026 05:46:15 AM [] []
[2026-06-30 05:46:43] SlimMonoLogger.INFO: Cron ran at: 30-06-2026 05:46:43 AM [] []
[2026-06-30 05:46:45] SlimMonoLogger.INFO: Cron ran at: 30-06-2026 05:46:45 AM [] []
[2026-06-30 05:46:55] SlimMonoLogger.INFO: Cron ran at: 30-06-2026 05:46:55 AM [] []
[2026-06-30 05:47:11] SlimMonoLogger.INFO: Cron ran at: 30-06-2026 05:47:11 AM [] []
[2026-06-30 05:47:43] SlimMonoLogger.INFO: Cron ran at: 30-06-2026 05:47:43 AM [] []
[2026-06-30 05:47:44] SlimMonoLogger.INFO: Cron ran at: 30-06-2026 05:47:44 AM [] []
[2026-06-30 05:47:44] SlimMonoLogger.INFO: Cron ran at: 30-06-2026 05:47:44 AM [] []
[2026-06-30 05:48:08] SlimMonoLogger.INFO: Cron ran at: 30-06-2026 05:48:08 AM [] []
[2026-06-30 05:48:42] SlimMonoLogger.INFO: Cron ran at: 30-06-2026 05:48:42 AM [] []
[2026-06-30 05:48:44] SlimMonoLogger.INFO: Cron ran at: 30-06-2026 05:48:44 AM [] []
[2026-06-30 05:48:45] SlimMonoLogger.INFO: Cron ran at: 30-06-2026 05:48:45 AM [] []
[2026-06-30 05:49:08] SlimMonoLogger.INFO: Cron ran at: 30-06-2026 05:49:08 AM [] []
[2026-06-30 05:49:34] SlimMonoLogger.INFO: Cron ran at: 30-06-2026 05:49:34 AM [] []
[2026-06-30 05:49:43] SlimMonoLogger.INFO: Cron ran at: 30-06-2026 05:49:43 AM [] []
[2026-06-30 05:49:44] SlimMonoLogger.INFO: Cron ran at: 30-06-2026 05:49:44 AM [] []
[2026-06-30 05:50:07] SlimMonoLogger.INFO: Cron ran at: 30-06-2026 05:50:07 AM [] []
[2026-06-30 05:50:30] SlimMonoLogger.INFO: Cron ran at: 30-06-2026 05:50:30 AM [] []
[2026-06-30 05:50:48] SlimMonoLogger.INFO: Cron ran at: 30-06-2026 05:50:48 AM [] []
[2026-06-30 05:51:08] SlimMonoLogger.INFO: Cron ran at: 30-06-2026 05:51:08 AM [] []
[2026-06-30 05:51:21] SlimMonoLogger.INFO: Cron ran at: 30-06-2026 05:51:21 AM [] []
[2026-06-30 05:51:34] SlimMonoLogger.INFO: Cron ran at: 30-06-2026 05:51:34 AM [] []
[2026-06-30 05:51:49] SlimMonoLogger.INFO: Cron ran at: 30-06-2026 05:51:49 AM [] []
[2026-06-30 05:52:04] SlimMonoLogger.INFO: Cron ran at: 30-06-2026 05:52:04 AM [] []
[2026-06-30 05:52:17] SlimMonoLogger.INFO: Cron ran at: 30-06-2026 05:52:17 AM [] []
[2026-06-30 05:52:21] SlimMonoLogger.INFO: Cron ran at: 30-06-2026 05:52:21 AM [] []
[2026-06-30 05:52:44] SlimMonoLogger.INFO: Cron ran at: 30-06-2026 05:52:44 AM [] []
[2026-06-30 05:53:07] SlimMonoLogger.INFO: Cron ran at: 30-06-2026 05:53:07 AM [] []
[2026-06-30 05:53:15] SlimMonoLogger.INFO: Cron ran at: 30-06-2026 05:53:15 AM [] []
[2026-06-30 05:53:16] SlimMonoLogger.INFO: Cron ran at: 30-06-2026 05:53:16 AM [] []
[2026-06-30 05:53:48] SlimMonoLogger.INFO: Cron ran at: 30-06-2026 05:53:48 AM [] []
[2026-06-30 05:54:06] SlimMonoLogger.INFO: Cron ran at: 30-06-2026 05:54:06 AM [] []
[2026-06-30 05:54:06] SlimMonoLogger.INFO: Cron ran at: 30-06-2026 05:54:06 AM [] []
[2026-06-30 05:54:10] SlimMonoLogger.INFO: Cron ran at: 30-06-2026 05:54:10 AM [] []
[2026-06-30 05:54:50] SlimMonoLogger.INFO: Cron ran at: 30-06-2026 05:54:50 AM [] []
[2026-06-30 05:55:01] SlimMonoLogger.INFO: Cron ran at: 30-06-2026 05:55:01 AM [] []
[2026-06-30 05:55:10] SlimMonoLogger.INFO: Cron ran at: 30-06-2026 05:55:10 AM [] []
[2026-06-30 05:55:13] SlimMonoLogger.INFO: Cron ran at: 30-06-2026 05:55:13 AM [] []
[2026-06-30 05:55:15] SlimMonoLogger.INFO: Cron ran at: 30-06-2026 05:55:15 AM [] []
[2026-06-30 05:56:04] SlimMonoLogger.INFO: Cron ran at: 30-06-2026 05:56:04 AM [] []
[2026-06-30 05:56:09] SlimMonoLogger.INFO: Cron ran at: 30-06-2026 05:56:09 AM [] []
[2026-06-30 05:56:13] SlimMonoLogger.INFO: Cron ran at: 30-06-2026 05:56:13 AM [] []
[2026-06-30 05:56:31] SlimMonoLogger.INFO: Cron ran at: 30-06-2026 05:56:31 AM [] []
[2026-06-30 05:57:07] SlimMonoLogger.INFO: Cron ran at: 30-06-2026 05:57:07 AM [] []
[2026-06-30 05:57:09] SlimMonoLogger.INFO: Cron ran at: 30-06-2026 05:57:09 AM [] []
[2026-06-30 05:57:10] SlimMonoLogger.INFO: Cron ran at: 30-06-2026 05:57:10 AM [] []
[2026-06-30 05:57:17] SlimMonoLogger.INFO: Cron ran at: 30-06-2026 05:57:17 AM [] []
[2026-06-30 05:58:03] SlimMonoLogger.INFO: Cron ran at: 30-06-2026 05:58:03 AM [] []
[2026-06-30 05:58:04] SlimMonoLogger.INFO: Cron ran at: 30-06-2026 05:58:04 AM [] []
[2026-06-30 05:58:08] SlimMonoLogger.INFO: Cron ran at: 30-06-2026 05:58:08 AM [] []
[2026-06-30 05:58:12] SlimMonoLogger.INFO: Cron ran at: 30-06-2026 05:58:12 AM [] []
[2026-06-30 05:58:34] SlimMonoLogger.INFO: Cron ran at: 30-06-2026 05:58:34 AM [] []
[2026-06-30 05:59:03] SlimMonoLogger.INFO: Cron ran at: 30-06-2026 05:59:03 AM [] []
[2026-06-30 05:59:04] SlimMonoLogger.INFO: Cron ran at: 30-06-2026 05:59:04 AM [] []
[2026-06-30 05:59:14] SlimMonoLogger.INFO: Cron ran at: 30-06-2026 05:59:14 AM [] []
[2026-06-30 05:59:35] SlimMonoLogger.INFO: Cron ran at: 30-06-2026 05:59:35 AM [] []
[2026-06-30 05:59:57] SlimMonoLogger.INFO: Cron ran at: 30-06-2026 05:59:57 AM [] []
[2026-06-30 06:00:01] SlimMonoLogger.INFO: Cron ran at: 30-06-2026 06:00:01 AM [] []
[2026-06-30 06:00:03] SlimMonoLogger.INFO: Cron ran at: 30-06-2026 06:00:03 AM [] []
[2026-06-30 06:00:43] SlimMonoLogger.INFO: Cron ran at: 30-06-2026 06:00:43 AM [] []
[2026-06-30 06:01:13] SlimMonoLogger.INFO: Cron ran at: 30-06-2026 06:01:13 AM [] []
[2026-06-30 06:01:17] SlimMonoLogger.INFO: Cron ran at: 30-06-2026 06:01:17 AM [] []
[2026-06-30 06:01:25] SlimMonoLogger.INFO: Cron ran at: 30-06-2026 06:01:25 AM [] []
[2026-06-30 06:01:43] SlimMonoLogger.INFO: Cron ran at: 30-06-2026 06:01:43 AM [] []
[2026-06-30 06:01:54] SlimMonoLogger.INFO: Cron ran at: 30-06-2026 06:01:54 AM [] []
[2026-06-30 06:02:08] SlimMonoLogger.INFO: Cron ran at: 30-06-2026 06:02:08 AM [] []
[2026-06-30 06:02:14] SlimMonoLogger.INFO: Cron ran at: 30-06-2026 06:02:14 AM [] []
[2026-06-30 06:02:30] SlimMonoLogger.INFO: Cron ran at: 30-06-2026 06:02:30 AM [] []
[2026-06-30 06:02:56] SlimMonoLogger.INFO: Cron ran at: 30-06-2026 06:02:56 AM [] []
[2026-06-30 06:03:01] SlimMonoLogger.INFO: Cron ran at: 30-06-2026 06:03:01 AM [] []
[2026-06-30 06:03:02] SlimMonoLogger.INFO: Cron ran at: 30-06-2026 06:03:02 AM [] []
[2026-06-30 06:03:28] SlimMonoLogger.INFO: Cron ran at: 30-06-2026 06:03:28 AM [] []
[2026-06-30 06:03:50] SlimMonoLogger.INFO: Cron ran at: 30-06-2026 06:03:50 AM [] []
[2026-06-30 06:03:57] SlimMonoLogger.INFO: Cron ran at: 30-06-2026 06:03:57 AM [] []
[2026-06-30 06:04:11] SlimMonoLogger.INFO: Cron ran at: 30-06-2026 06:04:11 AM [] []
[2026-06-30 06:04:36] SlimMonoLogger.INFO: Cron ran at: 30-06-2026 06:04:36 AM [] []
[2026-06-30 06:04:51] SlimMonoLogger.INFO: Cron ran at: 30-06-2026 06:04:51 AM [] []
[2026-06-30 06:05:00] SlimMonoLogger.INFO: Cron ran at: 30-06-2026 06:05:00 AM [] []
[2026-06-30 06:05:15] SlimMonoLogger.INFO: Cron ran at: 30-06-2026 06:05:15 AM [] []
[2026-06-30 06:05:53] SlimMonoLogger.INFO: Cron ran at: 30-06-2026 06:05:53 AM [] []
[2026-06-30 06:05:54] SlimMonoLogger.INFO: Cron ran at: 30-06-2026 06:05:54 AM [] []
[2026-06-30 06:06:19] SlimMonoLogger.INFO: Cron ran at: 30-06-2026 06:06:19 AM [] []
[2026-06-30 06:06:46] SlimMonoLogger.INFO: Cron ran at: 30-06-2026 06:06:46 AM [] []
[2026-06-30 06:06:47] SlimMonoLogger.INFO: Cron ran at: 30-06-2026 06:06:47 AM [] []
[2026-06-30 06:06:53] SlimMonoLogger.INFO: Cron ran at: 30-06-2026 06:06:53 AM [] []
[2026-06-30 06:07:09] SlimMonoLogger.INFO: Cron ran at: 30-06-2026 06:07:09 AM [] []
[2026-06-30 06:07:43] SlimMonoLogger.INFO: Cron ran at: 30-06-2026 06:07:43 AM [] []
[2026-06-30 06:07:44] SlimMonoLogger.INFO: Cron ran at: 30-06-2026 06:07:44 AM [] []
[2026-06-30 06:07:45] SlimMonoLogger.INFO: Cron ran at: 30-06-2026 06:07:45 AM [] []
[2026-06-30 06:08:10] SlimMonoLogger.INFO: Cron ran at: 30-06-2026 06:08:10 AM [] []
[2026-06-30 06:08:38] SlimMonoLogger.INFO: Cron ran at: 30-06-2026 06:08:38 AM [] []
[2026-06-30 06:08:40] SlimMonoLogger.INFO: Cron ran at: 30-06-2026 06:08:40 AM [] []
[2026-06-30 06:08:48] SlimMonoLogger.INFO: Cron ran at: 30-06-2026 06:08:48 AM [] []
[2026-06-30 06:09:11] SlimMonoLogger.INFO: Cron ran at: 30-06-2026 06:09:11 AM [] []
[2026-06-30 06:09:33] SlimMonoLogger.INFO: Cron ran at: 30-06-2026 06:09:33 AM [] []
[2026-06-30 06:09:35] SlimMonoLogger.INFO: Cron ran at: 30-06-2026 06:09:35 AM [] []
[2026-06-30 06:09:47] SlimMonoLogger.INFO: Cron ran at: 30-06-2026 06:09:47 AM [] []
[2026-06-30 06:10:23] SlimMonoLogger.ERROR: Requests_Exception: cURL error 35: Recv failure: Connection reset by peer in /home/latihtal/public_html/agregator1/src/vendor/rmccue/requests/library/Requests/Transport/cURL.php:422
Stack trace:
#0 /home/latihtal/public_html/agregator1/src/vendor/rmccue/requests/library/Requests/Transport/cURL.php(177): Requests_Transport_cURL->process_response()
#1 /home/latihtal/public_html/agregator1/src/vendor/rmccue/requests/library/Requests.php(379): Requests_Transport_cURL->request()
#2 /home/latihtal/public_html/agregator1/src/vendor/rmccue/requests/library/Requests/Session.php(205): Requests::request()
#3 /home/latihtal/public_html/agregator1/src/vendor/rmccue/requests/library/Requests/Session.php(132): Requests_Session->request()
#4 /home/latihtal/public_html/agregator1/src/drivers/Http/RssImporter.php(144): Requests_Session->get()
#5 /home/latihtal/public_html/agregator1/src/controllers/Dashboard/DashboardFeedsController.php(534): spark\drivers\Http\RssImporter->fetchPosts()
#6 /home/latihtal/public_html/agregator1/src/controllers/Site/SiteController.php(722): spark\controllers\Dashboard\DashboardFeedsController::importFeedPosts()
#7 [internal function]: spark\controllers\Site\SiteController->runTasks()
#8 /home/latihtal/public_html/agregator1/src/framework/Route.php(173): call_user_func_array()
#9 [internal function]: Slim\Route->Slim\{closure}()
#10 /home/latihtal/public_html/agregator1/src/framework/Route.php(468): call_user_func_array()
#11 /home/latihtal/public_html/agregator1/src/framework/Slim.php(1364): Slim\Route->dispatch()
#12 /home/latihtal/public_html/agregator1/src/framework/Middleware/Flash.php(85): Slim\Slim->call()
#13 /home/latihtal/public_html/agregator1/src/framework/Middleware/MethodOverride.php(92): Slim\Middleware\Flash->call()
#14 /home/latihtal/public_html/agregator1/src/middlewares/CsrfGuard/CsrfGuard.php(47): Slim\Middleware\MethodOverride->call()
#15 /home/latihtal/public_html/agregator1/src/framework/Middleware/PrettyExceptions.php(67): spark\middlewares\CsrfGuard\CsrfGuard->call()
#16 /home/latihtal/public_html/agregator1/src/framework/Slim.php(1308): Slim\Middleware\PrettyExceptions->call()
#17 /home/latihtal/public_html/agregator1/index.php(6): Slim\Slim->run()
#18 {main} [] []
[2026-06-30 06:10:25] SlimMonoLogger.INFO: Cron ran at: 30-06-2026 06:10:25 AM [] []
[2026-06-30 06:10:36] SlimMonoLogger.INFO: Cron ran at: 30-06-2026 06:10:36 AM [] []
[2026-06-30 06:10:51] SlimMonoLogger.INFO: Cron ran at: 30-06-2026 06:10:51 AM [] []
[2026-06-30 06:11:22] SlimMonoLogger.INFO: Cron ran at: 30-06-2026 06:11:22 AM [] []
[2026-06-30 06:11:47] SlimMonoLogger.INFO: Cron ran at: 30-06-2026 06:11:47 AM [] []
[2026-06-30 06:11:52] SlimMonoLogger.INFO: Cron ran at: 30-06-2026 06:11:52 AM [] []
[2026-06-30 06:12:09] SlimMonoLogger.INFO: Cron ran at: 30-06-2026 06:12:09 AM [] []
[2026-06-30 06:12:21] SlimMonoLogger.INFO: Cron ran at: 30-06-2026 06:12:21 AM [] []
[2026-06-30 06:12:41] SlimMonoLogger.INFO: Cron ran at: 30-06-2026 06:12:41 AM [] []
[2026-06-30 06:12:47] SlimMonoLogger.INFO: Cron ran at: 30-06-2026 06:12:47 AM [] []
[2026-06-30 06:13:01] SlimMonoLogger.INFO: Cron ran at: 30-06-2026 06:13:01 AM [] []
[2026-06-30 06:13:13] SlimMonoLogger.INFO: Cron ran at: 30-06-2026 06:13:13 AM [] []
[2026-06-30 06:13:44] SlimMonoLogger.INFO: Cron ran at: 30-06-2026 06:13:44 AM [] []
[2026-06-30 06:13:48] SlimMonoLogger.INFO: Cron ran at: 30-06-2026 06:13:48 AM [] []
[2026-06-30 06:13:48] SlimMonoLogger.INFO: Cron ran at: 30-06-2026 06:13:48 AM [] []
[2026-06-30 06:14:11] SlimMonoLogger.INFO: Cron ran at: 30-06-2026 06:14:11 AM [] []
[2026-06-30 06:14:40] SlimMonoLogger.INFO: Cron ran at: 30-06-2026 06:14:40 AM [] []
[2026-06-30 06:14:40] SlimMonoLogger.INFO: Cron ran at: 30-06-2026 06:14:40 AM [] []
[2026-06-30 06:14:48] SlimMonoLogger.INFO: Cron ran at: 30-06-2026 06:14:48 AM [] []
[2026-06-30 06:15:09] SlimMonoLogger.INFO: Cron ran at: 30-06-2026 06:15:09 AM [] []
[2026-06-30 06:15:37] SlimMonoLogger.INFO: Cron ran at: 30-06-2026 06:15:37 AM [] []
[2026-06-30 06:15:38] SlimMonoLogger.INFO: Cron ran at: 30-06-2026 06:15:38 AM [] []
[2026-06-30 06:16:05] SlimMonoLogger.INFO: Cron ran at: 30-06-2026 06:16:05 AM [] []
[2026-06-30 06:16:35] SlimMonoLogger.INFO: Cron ran at: 30-06-2026 06:16:35 AM [] []
[2026-06-30 06:16:35] SlimMonoLogger.INFO: Cron ran at: 30-06-2026 06:16:35 AM [] []
[2026-06-30 06:16:43] SlimMonoLogger.INFO: Cron ran at: 30-06-2026 06:16:43 AM [] []
[2026-06-30 06:17:08] SlimMonoLogger.INFO: Cron ran at: 30-06-2026 06:17:08 AM [] []
[2026-06-30 06:17:27] SlimMonoLogger.INFO: Cron ran at: 30-06-2026 06:17:27 AM [] []
[2026-06-30 06:17:28] SlimMonoLogger.INFO: Cron ran at: 30-06-2026 06:17:28 AM [] []
[2026-06-30 06:17:38] SlimMonoLogger.INFO: Cron ran at: 30-06-2026 06:17:38 AM [] []
[2026-06-30 06:18:04] SlimMonoLogger.INFO: Cron ran at: 30-06-2026 06:18:04 AM [] []
[2026-06-30 06:18:15] SlimMonoLogger.INFO: Cron ran at: 30-06-2026 06:18:15 AM [] []
[2026-06-30 06:18:22] SlimMonoLogger.INFO: Cron ran at: 30-06-2026 06:18:22 AM [] []
[2026-06-30 06:18:32] SlimMonoLogger.INFO: Cron ran at: 30-06-2026 06:18:32 AM [] []
[2026-06-30 06:19:04] SlimMonoLogger.INFO: Cron ran at: 30-06-2026 06:19:04 AM [] []
[2026-06-30 06:19:05] SlimMonoLogger.INFO: Cron ran at: 30-06-2026 06:19:05 AM [] []
[2026-06-30 06:19:17] SlimMonoLogger.INFO: Cron ran at: 30-06-2026 06:19:17 AM [] []
[2026-06-30 06:19:35] SlimMonoLogger.INFO: Cron ran at: 30-06-2026 06:19:35 AM [] []
[2026-06-30 06:20:06] SlimMonoLogger.INFO: Cron ran at: 30-06-2026 06:20:06 AM [] []
[2026-06-30 06:20:08] SlimMonoLogger.INFO: Cron ran at: 30-06-2026 06:20:08 AM [] []
[2026-06-30 06:20:19] SlimMonoLogger.INFO: Cron ran at: 30-06-2026 06:20:19 AM [] []
[2026-06-30 06:20:59] SlimMonoLogger.INFO: Cron ran at: 30-06-2026 06:20:59 AM [] []
[2026-06-30 06:21:09] SlimMonoLogger.INFO: Cron ran at: 30-06-2026 06:21:09 AM [] []
[2026-06-30 06:21:25] SlimMonoLogger.INFO: Cron ran at: 30-06-2026 06:21:25 AM [] []
[2026-06-30 06:21:52] SlimMonoLogger.INFO: Cron ran at: 30-06-2026 06:21:52 AM [] []
[2026-06-30 06:21:52] SlimMonoLogger.INFO: Cron ran at: 30-06-2026 06:21:52 AM [] []
[2026-06-30 06:22:02] SlimMonoLogger.INFO: Cron ran at: 30-06-2026 06:22:02 AM [] []
[2026-06-30 06:22:18] SlimMonoLogger.INFO: Cron ran at: 30-06-2026 06:22:18 AM [] []
[2026-06-30 06:22:39] SlimMonoLogger.INFO: Cron ran at: 30-06-2026 06:22:39 AM [] []
[2026-06-30 06:22:47] SlimMonoLogger.INFO: Cron ran at: 30-06-2026 06:22:47 AM [] []
[2026-06-30 06:23:02] SlimMonoLogger.INFO: Cron ran at: 30-06-2026 06:23:02 AM [] []
[2026-06-30 06:23:17] SlimMonoLogger.INFO: Cron ran at: 30-06-2026 06:23:17 AM [] []
[2026-06-30 06:23:32] SlimMonoLogger.INFO: Cron ran at: 30-06-2026 06:23:32 AM [] []
[2026-06-30 06:23:47] SlimMonoLogger.INFO: Cron ran at: 30-06-2026 06:23:47 AM [] []
[2026-06-30 06:24:04] SlimMonoLogger.INFO: Cron ran at: 30-06-2026 06:24:04 AM [] []
[2026-06-30 06:24:16] SlimMonoLogger.INFO: Cron ran at: 30-06-2026 06:24:16 AM [] []
[2026-06-30 06:24:17] SlimMonoLogger.INFO: Cron ran at: 30-06-2026 06:24:17 AM [] []
[2026-06-30 06:24:43] SlimMonoLogger.INFO: Cron ran at: 30-06-2026 06:24:43 AM [] []
[2026-06-30 06:25:04] SlimMonoLogger.INFO: Cron ran at: 30-06-2026 06:25:04 AM [] []
[2026-06-30 06:25:17] SlimMonoLogger.INFO: Cron ran at: 30-06-2026 06:25:17 AM [] []
[2026-06-30 06:25:18] SlimMonoLogger.INFO: Cron ran at: 30-06-2026 06:25:18 AM [] []
[2026-06-30 06:25:46] SlimMonoLogger.INFO: Cron ran at: 30-06-2026 06:25:46 AM [] []
[2026-06-30 06:26:13] SlimMonoLogger.INFO: Cron ran at: 30-06-2026 06:26:13 AM [] []
[2026-06-30 06:26:17] SlimMonoLogger.INFO: Cron ran at: 30-06-2026 06:26:17 AM [] []
[2026-06-30 06:26:37] SlimMonoLogger.INFO: Cron ran at: 30-06-2026 06:26:37 AM [] []
[2026-06-30 06:26:43] SlimMonoLogger.INFO: Cron ran at: 30-06-2026 06:26:43 AM [] []
[2026-06-30 06:27:06] SlimMonoLogger.INFO: Cron ran at: 30-06-2026 06:27:06 AM [] []
[2026-06-30 06:27:18] SlimMonoLogger.INFO: Cron ran at: 30-06-2026 06:27:18 AM [] []
[2026-06-30 06:27:27] SlimMonoLogger.INFO: Cron ran at: 30-06-2026 06:27:27 AM [] []
[2026-06-30 06:27:52] SlimMonoLogger.INFO: Cron ran at: 30-06-2026 06:27:52 AM [] []
[2026-06-30 06:28:07] SlimMonoLogger.INFO: Cron ran at: 30-06-2026 06:28:07 AM [] []
[2026-06-30 06:28:18] SlimMonoLogger.INFO: Cron ran at: 30-06-2026 06:28:18 AM [] []
[2026-06-30 06:28:18] SlimMonoLogger.INFO: Cron ran at: 30-06-2026 06:28:18 AM [] []
[2026-06-30 06:28:48] SlimMonoLogger.INFO: Cron ran at: 30-06-2026 06:28:48 AM [] []
[2026-06-30 06:29:05] SlimMonoLogger.INFO: Cron ran at: 30-06-2026 06:29:05 AM [] []
[2026-06-30 06:29:07] SlimMonoLogger.INFO: Cron ran at: 30-06-2026 06:29:07 AM [] []
[2026-06-30 06:29:20] SlimMonoLogger.INFO: Cron ran at: 30-06-2026 06:29:20 AM [] []
[2026-06-30 06:30:01] SlimMonoLogger.INFO: Cron ran at: 30-06-2026 06:30:01 AM [] []
[2026-06-30 06:30:09] SlimMonoLogger.INFO: Cron ran at: 30-06-2026 06:30:09 AM [] []
[2026-06-30 06:30:14] SlimMonoLogger.INFO: Cron ran at: 30-06-2026 06:30:14 AM [] []
[2026-06-30 06:30:27] SlimMonoLogger.INFO: Cron ran at: 30-06-2026 06:30:27 AM [] []
[2026-06-30 06:30:57] SlimMonoLogger.INFO: Cron ran at: 30-06-2026 06:30:57 AM [] []
[2026-06-30 06:31:05] SlimMonoLogger.INFO: Cron ran at: 30-06-2026 06:31:05 AM [] []
[2026-06-30 06:31:16] SlimMonoLogger.INFO: Cron ran at: 30-06-2026 06:31:16 AM [] []
[2026-06-30 06:31:45] SlimMonoLogger.INFO: Cron ran at: 30-06-2026 06:31:45 AM [] []
[2026-06-30 06:31:55] SlimMonoLogger.INFO: Cron ran at: 30-06-2026 06:31:55 AM [] []
[2026-06-30 06:32:07] SlimMonoLogger.INFO: Cron ran at: 30-06-2026 06:32:07 AM [] []
[2026-06-30 06:32:11] SlimMonoLogger.INFO: Cron ran at: 30-06-2026 06:32:11 AM [] []
[2026-06-30 06:32:32] SlimMonoLogger.INFO: Cron ran at: 30-06-2026 06:32:32 AM [] []
[2026-06-30 06:32:59] SlimMonoLogger.INFO: Cron ran at: 30-06-2026 06:32:59 AM [] []
[2026-06-30 06:33:10] SlimMonoLogger.INFO: Cron ran at: 30-06-2026 06:33:10 AM [] []
[2026-06-30 06:33:15] SlimMonoLogger.INFO: Cron ran at: 30-06-2026 06:33:15 AM [] []
[2026-06-30 06:33:18] SlimMonoLogger.INFO: Cron ran at: 30-06-2026 06:33:18 AM [] []
[2026-06-30 06:33:57] SlimMonoLogger.INFO: Cron ran at: 30-06-2026 06:33:57 AM [] []
[2026-06-30 06:33:57] SlimMonoLogger.INFO: Cron ran at: 30-06-2026 06:33:57 AM [] []
[2026-06-30 06:34:13] SlimMonoLogger.INFO: Cron ran at: 30-06-2026 06:34:13 AM [] []
[2026-06-30 06:34:15] SlimMonoLogger.INFO: Cron ran at: 30-06-2026 06:34:15 AM [] []
[2026-06-30 06:34:55] SlimMonoLogger.INFO: Cron ran at: 30-06-2026 06:34:55 AM [] []
[2026-06-30 06:34:59] SlimMonoLogger.INFO: Cron ran at: 30-06-2026 06:34:59 AM [] []
[2026-06-30 06:35:08] SlimMonoLogger.INFO: Cron ran at: 30-06-2026 06:35:08 AM [] []
[2026-06-30 06:35:11] SlimMonoLogger.INFO: Cron ran at: 30-06-2026 06:35:11 AM [] []
[2026-06-30 06:36:03] SlimMonoLogger.INFO: Cron ran at: 30-06-2026 06:36:03 AM [] []
[2026-06-30 06:36:03] SlimMonoLogger.INFO: Cron ran at: 30-06-2026 06:36:03 AM [] []
[2026-06-30 06:36:14] SlimMonoLogger.INFO: Cron ran at: 30-06-2026 06:36:14 AM [] []
[2026-06-30 06:36:42] SlimMonoLogger.INFO: Cron ran at: 30-06-2026 06:36:42 AM [] []
[2026-06-30 06:36:57] SlimMonoLogger.INFO: Cron ran at: 30-06-2026 06:36:57 AM [] []
[2026-06-30 06:36:57] SlimMonoLogger.INFO: Cron ran at: 30-06-2026 06:36:57 AM [] []
[2026-06-30 06:37:11] SlimMonoLogger.INFO: Cron ran at: 30-06-2026 06:37:11 AM [] []
[2026-06-30 06:37:32] SlimMonoLogger.INFO: Cron ran at: 30-06-2026 06:37:32 AM [] []
[2026-06-30 06:37:57] SlimMonoLogger.INFO: Cron ran at: 30-06-2026 06:37:57 AM [] []
[2026-06-30 06:37:58] SlimMonoLogger.INFO: Cron ran at: 30-06-2026 06:37:58 AM [] []
[2026-06-30 06:38:19] SlimMonoLogger.INFO: Cron ran at: 30-06-2026 06:38:19 AM [] []
[2026-06-30 06:38:26] SlimMonoLogger.INFO: Cron ran at: 30-06-2026 06:38:26 AM [] []
[2026-06-30 06:38:59] SlimMonoLogger.INFO: Cron ran at: 30-06-2026 06:38:59 AM [] []
[2026-06-30 06:39:01] SlimMonoLogger.INFO: Cron ran at: 30-06-2026 06:39:01 AM [] []
[2026-06-30 06:39:14] SlimMonoLogger.INFO: Cron ran at: 30-06-2026 06:39:14 AM [] []
[2026-06-30 06:39:17] SlimMonoLogger.INFO: Cron ran at: 30-06-2026 06:39:17 AM [] []
[2026-06-30 06:39:54] SlimMonoLogger.INFO: Cron ran at: 30-06-2026 06:39:54 AM [] []
[2026-06-30 06:39:59] SlimMonoLogger.INFO: Cron ran at: 30-06-2026 06:39:59 AM [] []
[2026-06-30 06:40:07] SlimMonoLogger.INFO: Cron ran at: 30-06-2026 06:40:07 AM [] []
[2026-06-30 06:40:11] SlimMonoLogger.INFO: Cron ran at: 30-06-2026 06:40:11 AM [] []
[2026-06-30 06:41:09] SlimMonoLogger.INFO: Cron ran at: 30-06-2026 06:41:09 AM [] []
[2026-06-30 06:41:12] SlimMonoLogger.INFO: Cron ran at: 30-06-2026 06:41:12 AM [] []
[2026-06-30 06:41:16] SlimMonoLogger.INFO: Cron ran at: 30-06-2026 06:41:16 AM [] []
[2026-06-30 06:41:28] SlimMonoLogger.INFO: Cron ran at: 30-06-2026 06:41:28 AM [] []
[2026-06-30 06:42:01] SlimMonoLogger.INFO: Cron ran at: 30-06-2026 06:42:01 AM [] []
[2026-06-30 06:42:02] SlimMonoLogger.INFO: Cron ran at: 30-06-2026 06:42:02 AM [] []
[2026-06-30 06:42:06] SlimMonoLogger.INFO: Cron ran at: 30-06-2026 06:42:06 AM [] []
[2026-06-30 06:42:26] SlimMonoLogger.INFO: Cron ran at: 30-06-2026 06:42:26 AM [] []
[2026-06-30 06:43:09] SlimMonoLogger.INFO: Cron ran at: 30-06-2026 06:43:09 AM [] []
[2026-06-30 06:43:10] SlimMonoLogger.INFO: Cron ran at: 30-06-2026 06:43:10 AM [] []
[2026-06-30 06:43:11] SlimMonoLogger.INFO: Cron ran at: 30-06-2026 06:43:11 AM [] []
[2026-06-30 06:43:30] SlimMonoLogger.INFO: Cron ran at: 30-06-2026 06:43:30 AM [] []
[2026-06-30 06:44:13] SlimMonoLogger.INFO: Cron ran at: 30-06-2026 06:44:13 AM [] []
[2026-06-30 06:44:15] SlimMonoLogger.INFO: Cron ran at: 30-06-2026 06:44:15 AM [] []
[2026-06-30 06:44:15] SlimMonoLogger.INFO: Cron ran at: 30-06-2026 06:44:15 AM [] []
[2026-06-30 06:44:18] SlimMonoLogger.INFO: Cron ran at: 30-06-2026 06:44:18 AM [] []
[2026-06-30 06:45:15] SlimMonoLogger.INFO: Cron ran at: 30-06-2026 06:45:15 AM [] []
[2026-06-30 06:45:17] SlimMonoLogger.INFO: Cron ran at: 30-06-2026 06:45:17 AM [] []
[2026-06-30 06:45:19] SlimMonoLogger.INFO: Cron ran at: 30-06-2026 06:45:19 AM [] []
[2026-06-30 06:45:21] SlimMonoLogger.INFO: Cron ran at: 30-06-2026 06:45:21 AM [] []
[2026-06-30 06:46:13] SlimMonoLogger.INFO: Cron ran at: 30-06-2026 06:46:13 AM [] []
[2026-06-30 06:46:14] SlimMonoLogger.INFO: Cron ran at: 30-06-2026 06:46:14 AM [] []
[2026-06-30 06:46:15] SlimMonoLogger.INFO: Cron ran at: 30-06-2026 06:46:15 AM [] []
[2026-06-30 06:47:15] SlimMonoLogger.INFO: Cron ran at: 30-06-2026 06:47:15 AM [] []
[2026-06-30 06:47:16] SlimMonoLogger.INFO: Cron ran at: 30-06-2026 06:47:16 AM [] []
[2026-06-30 06:47:18] SlimMonoLogger.INFO: Cron ran at: 30-06-2026 06:47:18 AM [] []
[2026-06-30 06:47:20] SlimMonoLogger.INFO: Cron ran at: 30-06-2026 06:47:20 AM [] []
[2026-06-30 06:48:08] SlimMonoLogger.INFO: Cron ran at: 30-06-2026 06:48:08 AM [] []
[2026-06-30 06:48:12] SlimMonoLogger.INFO: Cron ran at: 30-06-2026 06:48:12 AM [] []
[2026-06-30 06:48:19] SlimMonoLogger.INFO: Cron ran at: 30-06-2026 06:48:19 AM [] []
[2026-06-30 06:48:20] SlimMonoLogger.INFO: Cron ran at: 30-06-2026 06:48:20 AM [] []
[2026-06-30 06:49:05] SlimMonoLogger.INFO: Cron ran at: 30-06-2026 06:49:05 AM [] []
[2026-06-30 06:49:13] SlimMonoLogger.INFO: Cron ran at: 30-06-2026 06:49:13 AM [] []
[2026-06-30 06:49:16] SlimMonoLogger.INFO: Cron ran at: 30-06-2026 06:49:16 AM [] []
[2026-06-30 06:49:17] SlimMonoLogger.INFO: Cron ran at: 30-06-2026 06:49:17 AM [] []
[2026-06-30 06:49:38] SlimMonoLogger.INFO: Cron ran at: 30-06-2026 06:49:38 AM [] []
[2026-06-30 06:49:42] SlimMonoLogger.INFO: Cron ran at: 30-06-2026 06:49:42 AM [] []
[2026-06-30 06:49:55] SlimMonoLogger.INFO: Cron ran at: 30-06-2026 06:49:55 AM [] []
[2026-06-30 06:49:56] SlimMonoLogger.INFO: Cron ran at: 30-06-2026 06:49:56 AM [] []
[2026-06-30 06:50:30] SlimMonoLogger.INFO: Cron ran at: 30-06-2026 06:50:30 AM [] []
[2026-06-30 06:50:44] SlimMonoLogger.INFO: Cron ran at: 30-06-2026 06:50:44 AM [] []
[2026-06-30 06:51:00] SlimMonoLogger.INFO: Cron ran at: 30-06-2026 06:51:00 AM [] []
[2026-06-30 06:51:38] SlimMonoLogger.INFO: Cron ran at: 30-06-2026 06:51:38 AM [] []
[2026-06-30 06:51:45] SlimMonoLogger.INFO: Cron ran at: 30-06-2026 06:51:45 AM [] []
[2026-06-30 06:51:46] SlimMonoLogger.INFO: Cron ran at: 30-06-2026 06:51:46 AM [] []
[2026-06-30 06:52:02] SlimMonoLogger.INFO: Cron ran at: 30-06-2026 06:52:02 AM [] []
[2026-06-30 06:52:21] SlimMonoLogger.INFO: Cron ran at: 30-06-2026 06:52:21 AM [] []
[2026-06-30 06:52:22] SlimMonoLogger.INFO: Cron ran at: 30-06-2026 06:52:22 AM [] []
[2026-06-30 06:52:45] SlimMonoLogger.INFO: Cron ran at: 30-06-2026 06:52:45 AM [] []
[2026-06-30 06:53:01] SlimMonoLogger.INFO: Cron ran at: 30-06-2026 06:53:01 AM [] []
[2026-06-30 06:53:15] SlimMonoLogger.INFO: Cron ran at: 30-06-2026 06:53:15 AM [] []
[2026-06-30 06:53:21] SlimMonoLogger.INFO: Cron ran at: 30-06-2026 06:53:21 AM [] []
[2026-06-30 06:53:43] SlimMonoLogger.INFO: Cron ran at: 30-06-2026 06:53:43 AM [] []
[2026-06-30 06:53:59] SlimMonoLogger.INFO: Cron ran at: 30-06-2026 06:53:59 AM [] []
[2026-06-30 06:54:03] SlimMonoLogger.INFO: Cron ran at: 30-06-2026 06:54:03 AM [] []
[2026-06-30 06:54:17] SlimMonoLogger.INFO: Cron ran at: 30-06-2026 06:54:17 AM [] []
[2026-06-30 06:54:44] SlimMonoLogger.INFO: Cron ran at: 30-06-2026 06:54:44 AM [] []
[2026-06-30 06:55:01] SlimMonoLogger.INFO: Cron ran at: 30-06-2026 06:55:01 AM [] []
[2026-06-30 06:55:07] SlimMonoLogger.INFO: Cron ran at: 30-06-2026 06:55:07 AM [] []
[2026-06-30 06:55:19] SlimMonoLogger.INFO: Cron ran at: 30-06-2026 06:55:19 AM [] []
[2026-06-30 06:55:44] SlimMonoLogger.INFO: Cron ran at: 30-06-2026 06:55:44 AM [] []
[2026-06-30 06:55:56] SlimMonoLogger.INFO: Cron ran at: 30-06-2026 06:55:56 AM [] []
[2026-06-30 06:56:14] SlimMonoLogger.INFO: Cron ran at: 30-06-2026 06:56:14 AM [] []
[2026-06-30 06:56:30] SlimMonoLogger.INFO: Cron ran at: 30-06-2026 06:56:30 AM [] []
[2026-06-30 06:56:52] SlimMonoLogger.INFO: Cron ran at: 30-06-2026 06:56:52 AM [] []
[2026-06-30 06:56:57] SlimMonoLogger.INFO: Cron ran at: 30-06-2026 06:56:57 AM [] []
[2026-06-30 06:57:18] SlimMonoLogger.INFO: Cron ran at: 30-06-2026 06:57:18 AM [] []
[2026-06-30 06:57:20] SlimMonoLogger.INFO: Cron ran at: 30-06-2026 06:57:20 AM [] []
[2026-06-30 06:57:48] SlimMonoLogger.INFO: Cron ran at: 30-06-2026 06:57:48 AM [] []
[2026-06-30 06:57:48] SlimMonoLogger.INFO: Cron ran at: 30-06-2026 06:57:48 AM [] []
[2026-06-30 06:58:12] SlimMonoLogger.INFO: Cron ran at: 30-06-2026 06:58:12 AM [] []
[2026-06-30 06:58:15] SlimMonoLogger.INFO: Cron ran at: 30-06-2026 06:58:15 AM [] []
[2026-06-30 06:58:48] SlimMonoLogger.INFO: Cron ran at: 30-06-2026 06:58:48 AM [] []
[2026-06-30 06:58:49] SlimMonoLogger.INFO: Cron ran at: 30-06-2026 06:58:49 AM [] []
[2026-06-30 06:59:07] SlimMonoLogger.INFO: Cron ran at: 30-06-2026 06:59:07 AM [] []
[2026-06-30 06:59:19] SlimMonoLogger.INFO: Cron ran at: 30-06-2026 06:59:19 AM [] []
[2026-06-30 06:59:44] SlimMonoLogger.INFO: Cron ran at: 30-06-2026 06:59:44 AM [] []
[2026-06-30 06:59:50] SlimMonoLogger.INFO: Cron ran at: 30-06-2026 06:59:50 AM [] []
[2026-06-30 07:00:09] SlimMonoLogger.INFO: Cron ran at: 30-06-2026 07:00:09 AM [] []
[2026-06-30 07:00:18] SlimMonoLogger.INFO: Cron ran at: 30-06-2026 07:00:18 AM [] []
[2026-06-30 07:00:55] SlimMonoLogger.INFO: Cron ran at: 30-06-2026 07:00:55 AM [] []
[2026-06-30 07:01:03] SlimMonoLogger.INFO: Cron ran at: 30-06-2026 07:01:03 AM [] []
[2026-06-30 07:01:25] SlimMonoLogger.INFO: Cron ran at: 30-06-2026 07:01:25 AM [] []
[2026-06-30 07:01:49] SlimMonoLogger.INFO: Cron ran at: 30-06-2026 07:01:49 AM [] []
[2026-06-30 07:01:50] SlimMonoLogger.INFO: Cron ran at: 30-06-2026 07:01:50 AM [] []
[2026-06-30 07:01:52] SlimMonoLogger.INFO: Cron ran at: 30-06-2026 07:01:52 AM [] []
[2026-06-30 07:02:17] SlimMonoLogger.INFO: Cron ran at: 30-06-2026 07:02:17 AM [] []
[2026-06-30 07:02:47] SlimMonoLogger.INFO: Cron ran at: 30-06-2026 07:02:47 AM [] []
[2026-06-30 07:02:48] SlimMonoLogger.INFO: Cron ran at: 30-06-2026 07:02:48 AM [] []
[2026-06-30 07:02:50] SlimMonoLogger.INFO: Cron ran at: 30-06-2026 07:02:50 AM [] []
[2026-06-30 07:03:23] SlimMonoLogger.INFO: Cron ran at: 30-06-2026 07:03:23 AM [] []
[2026-06-30 07:03:42] SlimMonoLogger.INFO: Cron ran at: 30-06-2026 07:03:42 AM [] []
[2026-06-30 07:03:46] SlimMonoLogger.INFO: Cron ran at: 30-06-2026 07:03:46 AM [] []
[2026-06-30 07:03:57] SlimMonoLogger.INFO: Cron ran at: 30-06-2026 07:03:57 AM [] []
[2026-06-30 07:04:21] SlimMonoLogger.INFO: Cron ran at: 30-06-2026 07:04:21 AM [] []
[2026-06-30 07:04:26] SlimMonoLogger.INFO: Cron ran at: 30-06-2026 07:04:26 AM [] []
[2026-06-30 07:04:47] SlimMonoLogger.INFO: Cron ran at: 30-06-2026 07:04:47 AM [] []
[2026-06-30 07:04:48] SlimMonoLogger.INFO: Cron ran at: 30-06-2026 07:04:48 AM [] []
[2026-06-30 07:05:23] SlimMonoLogger.INFO: Cron ran at: 30-06-2026 07:05:23 AM [] []
[2026-06-30 07:05:23] SlimMonoLogger.INFO: Cron ran at: 30-06-2026 07:05:23 AM [] []
[2026-06-30 07:05:48] SlimMonoLogger.INFO: Cron ran at: 30-06-2026 07:05:48 AM [] []
[2026-06-30 07:05:48] SlimMonoLogger.INFO: Cron ran at: 30-06-2026 07:05:48 AM [] []
[2026-06-30 07:06:19] SlimMonoLogger.INFO: Cron ran at: 30-06-2026 07:06:19 AM [] []
[2026-06-30 07:06:48] SlimMonoLogger.INFO: Cron ran at: 30-06-2026 07:06:48 AM [] []
[2026-06-30 07:06:49] SlimMonoLogger.INFO: Cron ran at: 30-06-2026 07:06:49 AM [] []
[2026-06-30 07:07:00] SlimMonoLogger.INFO: Cron ran at: 30-06-2026 07:07:00 AM [] []
[2026-06-30 07:07:14] SlimMonoLogger.INFO: Cron ran at: 30-06-2026 07:07:14 AM [] []
[2026-06-30 07:07:46] SlimMonoLogger.INFO: Cron ran at: 30-06-2026 07:07:46 AM [] []
[2026-06-30 07:07:48] SlimMonoLogger.INFO: Cron ran at: 30-06-2026 07:07:48 AM [] []
[2026-06-30 07:07:48] SlimMonoLogger.INFO: Cron ran at: 30-06-2026 07:07:48 AM [] []
[2026-06-30 07:08:09] SlimMonoLogger.INFO: Cron ran at: 30-06-2026 07:08:09 AM [] []
[2026-06-30 07:08:49] SlimMonoLogger.INFO: Cron ran at: 30-06-2026 07:08:49 AM [] []
[2026-06-30 07:08:49] SlimMonoLogger.INFO: Cron ran at: 30-06-2026 07:08:49 AM [] []
[2026-06-30 07:08:50] SlimMonoLogger.INFO: Cron ran at: 30-06-2026 07:08:50 AM [] []
[2026-06-30 07:09:07] SlimMonoLogger.INFO: Cron ran at: 30-06-2026 07:09:07 AM [] []
[2026-06-30 07:09:39] SlimMonoLogger.INFO: Cron ran at: 30-06-2026 07:09:39 AM [] []
[2026-06-30 07:09:44] SlimMonoLogger.INFO: Cron ran at: 30-06-2026 07:09:44 AM [] []
[2026-06-30 07:09:48] SlimMonoLogger.INFO: Cron ran at: 30-06-2026 07:09:48 AM [] []
[2026-06-30 07:10:07] SlimMonoLogger.INFO: Cron ran at: 30-06-2026 07:10:07 AM [] []
[2026-06-30 07:10:30] SlimMonoLogger.INFO: Cron ran at: 30-06-2026 07:10:30 AM [] []
[2026-06-30 07:10:45] SlimMonoLogger.INFO: Cron ran at: 30-06-2026 07:10:45 AM [] []
[2026-06-30 07:11:10] SlimMonoLogger.INFO: Cron ran at: 30-06-2026 07:11:10 AM [] []
[2026-06-30 07:11:21] SlimMonoLogger.INFO: Cron ran at: 30-06-2026 07:11:21 AM [] []
[2026-06-30 07:11:44] SlimMonoLogger.INFO: Cron ran at: 30-06-2026 07:11:44 AM [] []
[2026-06-30 07:12:02] SlimMonoLogger.INFO: Cron ran at: 30-06-2026 07:12:02 AM [] []
[2026-06-30 07:12:04] SlimMonoLogger.INFO: Cron ran at: 30-06-2026 07:12:04 AM [] []
[2026-06-30 07:12:15] SlimMonoLogger.INFO: Cron ran at: 30-06-2026 07:12:15 AM [] []
[2026-06-30 07:12:43] SlimMonoLogger.INFO: Cron ran at: 30-06-2026 07:12:43 AM [] []
[2026-06-30 07:13:00] SlimMonoLogger.INFO: Cron ran at: 30-06-2026 07:13:00 AM [] []
[2026-06-30 07:13:05] SlimMonoLogger.INFO: Cron ran at: 30-06-2026 07:13:05 AM [] []
[2026-06-30 07:13:14] SlimMonoLogger.INFO: Cron ran at: 30-06-2026 07:13:14 AM [] []
[2026-06-30 07:13:47] SlimMonoLogger.INFO: Cron ran at: 30-06-2026 07:13:47 AM [] []
[2026-06-30 07:13:53] SlimMonoLogger.INFO: Cron ran at: 30-06-2026 07:13:53 AM [] []
[2026-06-30 07:14:04] SlimMonoLogger.INFO: Cron ran at: 30-06-2026 07:14:04 AM [] []
[2026-06-30 07:14:05] SlimMonoLogger.INFO: Cron ran at: 30-06-2026 07:14:05 AM [] []
[2026-06-30 07:14:07] SlimMonoLogger.INFO: Cron ran at: 30-06-2026 07:14:07 AM [] []
[2026-06-30 07:14:41] SlimMonoLogger.INFO: Cron ran at: 30-06-2026 07:14:41 AM [] []
[2026-06-30 07:15:04] SlimMonoLogger.INFO: Cron ran at: 30-06-2026 07:15:04 AM [] []
[2026-06-30 07:15:11] SlimMonoLogger.INFO: Cron ran at: 30-06-2026 07:15:11 AM [] []
[2026-06-30 07:15:35] SlimMonoLogger.INFO: Cron ran at: 30-06-2026 07:15:35 AM [] []
[2026-06-30 07:16:11] SlimMonoLogger.INFO: Cron ran at: 30-06-2026 07:16:11 AM [] []
[2026-06-30 07:16:11] SlimMonoLogger.INFO: Cron ran at: 30-06-2026 07:16:11 AM [] []
[2026-06-30 07:16:30] SlimMonoLogger.INFO: Cron ran at: 30-06-2026 07:16:30 AM [] []
[2026-06-30 07:16:56] SlimMonoLogger.INFO: Cron ran at: 30-06-2026 07:16:56 AM [] []
[2026-06-30 07:17:09] SlimMonoLogger.INFO: Cron ran at: 30-06-2026 07:17:09 AM [] []
[2026-06-30 07:17:17] SlimMonoLogger.INFO: Cron ran at: 30-06-2026 07:17:17 AM [] []
[2026-06-30 07:17:29] SlimMonoLogger.INFO: Cron ran at: 30-06-2026 07:17:29 AM [] []
[2026-06-30 07:17:47] SlimMonoLogger.INFO: Cron ran at: 30-06-2026 07:17:47 AM [] []
[2026-06-30 07:18:08] SlimMonoLogger.INFO: Cron ran at: 30-06-2026 07:18:08 AM [] []
[2026-06-30 07:18:11] SlimMonoLogger.INFO: Cron ran at: 30-06-2026 07:18:11 AM [] []
[2026-06-30 07:18:24] SlimMonoLogger.INFO: Cron ran at: 30-06-2026 07:18:24 AM [] []
[2026-06-30 07:18:27] SlimMonoLogger.INFO: Cron ran at: 30-06-2026 07:18:27 AM [] []
[2026-06-30 07:18:39] SlimMonoLogger.INFO: Cron ran at: 30-06-2026 07:18:39 AM [] []
[2026-06-30 07:19:01] SlimMonoLogger.INFO: Cron ran at: 30-06-2026 07:19:01 AM [] []
[2026-06-30 07:19:25] SlimMonoLogger.INFO: Cron ran at: 30-06-2026 07:19:25 AM [] []
[2026-06-30 07:19:25] SlimMonoLogger.INFO: Cron ran at: 30-06-2026 07:19:25 AM [] []
[2026-06-30 07:19:26] SlimMonoLogger.INFO: Cron ran at: 30-06-2026 07:19:26 AM [] []
[2026-06-30 07:20:08] SlimMonoLogger.INFO: Cron ran at: 30-06-2026 07:20:08 AM [] []
[2026-06-30 07:20:23] SlimMonoLogger.INFO: Cron ran at: 30-06-2026 07:20:23 AM [] []
[2026-06-30 07:20:23] SlimMonoLogger.INFO: Cron ran at: 30-06-2026 07:20:23 AM [] []
[2026-06-30 07:20:27] SlimMonoLogger.INFO: Cron ran at: 30-06-2026 07:20:27 AM [] []
[2026-06-30 07:21:27] SlimMonoLogger.INFO: Cron ran at: 30-06-2026 07:21:27 AM [] []
[2026-06-30 07:21:27] SlimMonoLogger.INFO: Cron ran at: 30-06-2026 07:21:27 AM [] []
[2026-06-30 07:21:29] SlimMonoLogger.INFO: Cron ran at: 30-06-2026 07:21:29 AM [] []
[2026-06-30 07:21:31] SlimMonoLogger.INFO: Cron ran at: 30-06-2026 07:21:31 AM [] []
[2026-06-30 07:22:26] SlimMonoLogger.INFO: Cron ran at: 30-06-2026 07:22:26 AM [] []
[2026-06-30 07:22:27] SlimMonoLogger.INFO: Cron ran at: 30-06-2026 07:22:27 AM [] []
[2026-06-30 07:22:28] SlimMonoLogger.INFO: Cron ran at: 30-06-2026 07:22:28 AM [] []
[2026-06-30 07:22:29] SlimMonoLogger.INFO: Cron ran at: 30-06-2026 07:22:29 AM [] []
[2026-06-30 07:23:15] SlimMonoLogger.INFO: Cron ran at: 30-06-2026 07:23:15 AM [] []
[2026-06-30 07:23:15] SlimMonoLogger.INFO: Cron ran at: 30-06-2026 07:23:15 AM [] []
[2026-06-30 07:23:23] SlimMonoLogger.INFO: Cron ran at: 30-06-2026 07:23:23 AM [] []
[2026-06-30 07:23:25] SlimMonoLogger.INFO: Cron ran at: 30-06-2026 07:23:25 AM [] []
[2026-06-30 07:24:08] SlimMonoLogger.INFO: Cron ran at: 30-06-2026 07:24:08 AM [] []
[2026-06-30 07:24:08] SlimMonoLogger.INFO: Cron ran at: 30-06-2026 07:24:08 AM [] []
[2026-06-30 07:24:23] SlimMonoLogger.INFO: Cron ran at: 30-06-2026 07:24:23 AM [] []
[2026-06-30 07:24:27] SlimMonoLogger.INFO: Cron ran at: 30-06-2026 07:24:27 AM [] []
[2026-06-30 07:24:59] SlimMonoLogger.INFO: Cron ran at: 30-06-2026 07:24:59 AM [] []
[2026-06-30 07:25:03] SlimMonoLogger.INFO: Cron ran at: 30-06-2026 07:25:03 AM [] []
[2026-06-30 07:25:19] SlimMonoLogger.INFO: Cron ran at: 30-06-2026 07:25:19 AM [] []
[2026-06-30 07:25:54] SlimMonoLogger.INFO: Cron ran at: 30-06-2026 07:25:54 AM [] []
[2026-06-30 07:26:06] SlimMonoLogger.INFO: Cron ran at: 30-06-2026 07:26:06 AM [] []
[2026-06-30 07:26:20] SlimMonoLogger.INFO: Cron ran at: 30-06-2026 07:26:20 AM [] []
[2026-06-30 07:26:25] SlimMonoLogger.INFO: Cron ran at: 30-06-2026 07:26:25 AM [] []
[2026-06-30 07:26:51] SlimMonoLogger.INFO: Cron ran at: 30-06-2026 07:26:51 AM [] []
[2026-06-30 07:27:07] SlimMonoLogger.INFO: Cron ran at: 30-06-2026 07:27:07 AM [] []
[2026-06-30 07:27:15] SlimMonoLogger.INFO: Cron ran at: 30-06-2026 07:27:15 AM [] []
[2026-06-30 07:27:21] SlimMonoLogger.INFO: Cron ran at: 30-06-2026 07:27:21 AM [] []
[2026-06-30 07:27:47] SlimMonoLogger.INFO: Cron ran at: 30-06-2026 07:27:47 AM [] []
[2026-06-30 07:28:11] SlimMonoLogger.INFO: Cron ran at: 30-06-2026 07:28:11 AM [] []
[2026-06-30 07:28:15] SlimMonoLogger.INFO: Cron ran at: 30-06-2026 07:28:15 AM [] []
[2026-06-30 07:28:17] SlimMonoLogger.INFO: Cron ran at: 30-06-2026 07:28:17 AM [] []
[2026-06-30 07:28:43] SlimMonoLogger.INFO: Cron ran at: 30-06-2026 07:28:43 AM [] []
[2026-06-30 07:29:05] SlimMonoLogger.INFO: Cron ran at: 30-06-2026 07:29:05 AM [] []
[2026-06-30 07:29:13] SlimMonoLogger.INFO: Cron ran at: 30-06-2026 07:29:13 AM [] []
[2026-06-30 07:29:23] SlimMonoLogger.INFO: Cron ran at: 30-06-2026 07:29:23 AM [] []
[2026-06-30 07:29:48] SlimMonoLogger.INFO: Cron ran at: 30-06-2026 07:29:48 AM [] []
[2026-06-30 07:30:02] SlimMonoLogger.INFO: Cron ran at: 30-06-2026 07:30:02 AM [] []
[2026-06-30 07:30:19] SlimMonoLogger.INFO: Cron ran at: 30-06-2026 07:30:19 AM [] []
[2026-06-30 07:30:25] SlimMonoLogger.INFO: Cron ran at: 30-06-2026 07:30:25 AM [] []
[2026-06-30 07:30:46] SlimMonoLogger.INFO: Cron ran at: 30-06-2026 07:30:46 AM [] []
[2026-06-30 07:30:57] SlimMonoLogger.INFO: Cron ran at: 30-06-2026 07:30:57 AM [] []
[2026-06-30 07:31:10] SlimMonoLogger.INFO: Cron ran at: 30-06-2026 07:31:10 AM [] []
[2026-06-30 07:31:44] SlimMonoLogger.INFO: Cron ran at: 30-06-2026 07:31:44 AM [] []
[2026-06-30 07:31:45] SlimMonoLogger.INFO: Cron ran at: 30-06-2026 07:31:45 AM [] []
[2026-06-30 07:32:07] SlimMonoLogger.INFO: Cron ran at: 30-06-2026 07:32:07 AM [] []
[2026-06-30 07:32:08] SlimMonoLogger.INFO: Cron ran at: 30-06-2026 07:32:08 AM [] []
[2026-06-30 07:32:43] SlimMonoLogger.INFO: Cron ran at: 30-06-2026 07:32:43 AM [] []
[2026-06-30 07:32:45] SlimMonoLogger.INFO: Cron ran at: 30-06-2026 07:32:45 AM [] []
[2026-06-30 07:32:56] SlimMonoLogger.INFO: Cron ran at: 30-06-2026 07:32:56 AM [] []
[2026-06-30 07:33:07] SlimMonoLogger.INFO: Cron ran at: 30-06-2026 07:33:07 AM [] []
[2026-06-30 07:33:45] SlimMonoLogger.INFO: Cron ran at: 30-06-2026 07:33:45 AM [] []
[2026-06-30 07:33:45] SlimMonoLogger.INFO: Cron ran at: 30-06-2026 07:33:45 AM [] []
[2026-06-30 07:33:47] SlimMonoLogger.INFO: Cron ran at: 30-06-2026 07:33:47 AM [] []
[2026-06-30 07:34:06] SlimMonoLogger.INFO: Cron ran at: 30-06-2026 07:34:06 AM [] []
[2026-06-30 07:34:43] SlimMonoLogger.INFO: Cron ran at: 30-06-2026 07:34:43 AM [] []
[2026-06-30 07:34:44] SlimMonoLogger.INFO: Cron ran at: 30-06-2026 07:34:44 AM [] []
[2026-06-30 07:34:45] SlimMonoLogger.INFO: Cron ran at: 30-06-2026 07:34:45 AM [] []
[2026-06-30 07:35:05] SlimMonoLogger.INFO: Cron ran at: 30-06-2026 07:35:05 AM [] []
[2026-06-30 07:35:40] SlimMonoLogger.INFO: Cron ran at: 30-06-2026 07:35:40 AM [] []
[2026-06-30 07:35:42] SlimMonoLogger.INFO: Cron ran at: 30-06-2026 07:35:42 AM [] []
[2026-06-30 07:35:42] SlimMonoLogger.INFO: Cron ran at: 30-06-2026 07:35:42 AM [] []
[2026-06-30 07:36:16] SlimMonoLogger.INFO: Cron ran at: 30-06-2026 07:36:16 AM [] []
[2026-06-30 07:36:34] SlimMonoLogger.INFO: Cron ran at: 30-06-2026 07:36:34 AM [] []
[2026-06-30 07:36:43] SlimMonoLogger.INFO: Cron ran at: 30-06-2026 07:36:43 AM [] []
[2026-06-30 07:37:04] SlimMonoLogger.INFO: Cron ran at: 30-06-2026 07:37:04 AM [] []
[2026-06-30 07:37:14] SlimMonoLogger.INFO: Cron ran at: 30-06-2026 07:37:14 AM [] []
[2026-06-30 07:37:38] SlimMonoLogger.INFO: Cron ran at: 30-06-2026 07:37:38 AM [] []
[2026-06-30 07:37:51] SlimMonoLogger.INFO: Cron ran at: 30-06-2026 07:37:51 AM [] []
[2026-06-30 07:37:55] SlimMonoLogger.INFO: Cron ran at: 30-06-2026 07:37:55 AM [] []
[2026-06-30 07:38:16] SlimMonoLogger.INFO: Cron ran at: 30-06-2026 07:38:16 AM [] []
[2026-06-30 07:38:26] SlimMonoLogger.INFO: Cron ran at: 30-06-2026 07:38:26 AM [] []
[2026-06-30 07:38:42] SlimMonoLogger.INFO: Cron ran at: 30-06-2026 07:38:42 AM [] []
[2026-06-30 07:38:47] SlimMonoLogger.INFO: Cron ran at: 30-06-2026 07:38:47 AM [] []
[2026-06-30 07:39:13] SlimMonoLogger.INFO: Cron ran at: 30-06-2026 07:39:13 AM [] []
[2026-06-30 07:39:22] SlimMonoLogger.INFO: Cron ran at: 30-06-2026 07:39:22 AM [] []
[2026-06-30 07:39:43] SlimMonoLogger.INFO: Cron ran at: 30-06-2026 07:39:43 AM [] []
[2026-06-30 07:39:43] SlimMonoLogger.INFO: Cron ran at: 30-06-2026 07:39:43 AM [] []
[2026-06-30 07:40:15] SlimMonoLogger.INFO: Cron ran at: 30-06-2026 07:40:15 AM [] []
[2026-06-30 07:40:19] SlimMonoLogger.INFO: Cron ran at: 30-06-2026 07:40:19 AM [] []
[2026-06-30 07:40:44] SlimMonoLogger.INFO: Cron ran at: 30-06-2026 07:40:44 AM [] []
[2026-06-30 07:41:21] SlimMonoLogger.INFO: Cron ran at: 30-06-2026 07:41:21 AM [] []
[2026-06-30 07:41:23] SlimMonoLogger.INFO: Cron ran at: 30-06-2026 07:41:23 AM [] []
[2026-06-30 07:41:36] SlimMonoLogger.INFO: Cron ran at: 30-06-2026 07:41:36 AM [] []
[2026-06-30 07:42:04] SlimMonoLogger.INFO: Cron ran at: 30-06-2026 07:42:04 AM [] []
[2026-06-30 07:42:26] SlimMonoLogger.INFO: Cron ran at: 30-06-2026 07:42:26 AM [] []
[2026-06-30 07:42:30] SlimMonoLogger.INFO: Cron ran at: 30-06-2026 07:42:30 AM [] []
[2026-06-30 07:42:37] SlimMonoLogger.INFO: Cron ran at: 30-06-2026 07:42:37 AM [] []
[2026-06-30 07:42:57] SlimMonoLogger.INFO: Cron ran at: 30-06-2026 07:42:57 AM [] []
[2026-06-30 07:43:29] SlimMonoLogger.INFO: Cron ran at: 30-06-2026 07:43:29 AM [] []
[2026-06-30 07:43:32] SlimMonoLogger.INFO: Cron ran at: 30-06-2026 07:43:32 AM [] []
[2026-06-30 07:43:33] SlimMonoLogger.INFO: Cron ran at: 30-06-2026 07:43:33 AM [] []
[2026-06-30 07:44:00] SlimMonoLogger.INFO: Cron ran at: 30-06-2026 07:44:00 AM [] []
[2026-06-30 07:44:20] SlimMonoLogger.INFO: Cron ran at: 30-06-2026 07:44:20 AM [] []
[2026-06-30 07:44:25] SlimMonoLogger.INFO: Cron ran at: 30-06-2026 07:44:25 AM [] []
[2026-06-30 07:44:34] SlimMonoLogger.INFO: Cron ran at: 30-06-2026 07:44:34 AM [] []
[2026-06-30 07:44:37] SlimMonoLogger.INFO: Cron ran at: 30-06-2026 07:44:37 AM [] []
[2026-06-30 07:45:28] SlimMonoLogger.INFO: Cron ran at: 30-06-2026 07:45:28 AM [] []
[2026-06-30 07:45:31] SlimMonoLogger.INFO: Cron ran at: 30-06-2026 07:45:31 AM [] []
[2026-06-30 07:45:38] SlimMonoLogger.INFO: Cron ran at: 30-06-2026 07:45:38 AM [] []
[2026-06-30 07:46:28] SlimMonoLogger.INFO: Cron ran at: 30-06-2026 07:46:28 AM [] []
[2026-06-30 07:46:28] SlimMonoLogger.INFO: Cron ran at: 30-06-2026 07:46:28 AM [] []
[2026-06-30 07:46:28] SlimMonoLogger.INFO: Cron ran at: 30-06-2026 07:46:28 AM [] []
[2026-06-30 07:46:33] SlimMonoLogger.INFO: Cron ran at: 30-06-2026 07:46:33 AM [] []
[2026-06-30 07:47:19] SlimMonoLogger.INFO: Cron ran at: 30-06-2026 07:47:19 AM [] []
[2026-06-30 07:47:19] SlimMonoLogger.INFO: Cron ran at: 30-06-2026 07:47:19 AM [] []
[2026-06-30 07:47:21] SlimMonoLogger.INFO: Cron ran at: 30-06-2026 07:47:21 AM [] []
[2026-06-30 07:47:22] SlimMonoLogger.INFO: Cron ran at: 30-06-2026 07:47:22 AM [] []
[2026-06-30 07:48:13] SlimMonoLogger.INFO: Cron ran at: 30-06-2026 07:48:13 AM [] []
[2026-06-30 07:48:19] SlimMonoLogger.INFO: Cron ran at: 30-06-2026 07:48:19 AM [] []
[2026-06-30 07:48:22] SlimMonoLogger.INFO: Cron ran at: 30-06-2026 07:48:22 AM [] []
[2026-06-30 07:48:24] SlimMonoLogger.INFO: Cron ran at: 30-06-2026 07:48:24 AM [] []
[2026-06-30 07:49:04] SlimMonoLogger.INFO: Cron ran at: 30-06-2026 07:49:04 AM [] []
[2026-06-30 07:49:16] SlimMonoLogger.INFO: Cron ran at: 30-06-2026 07:49:16 AM [] []
[2026-06-30 07:49:20] SlimMonoLogger.INFO: Cron ran at: 30-06-2026 07:49:20 AM [] []
[2026-06-30 07:49:20] SlimMonoLogger.INFO: Cron ran at: 30-06-2026 07:49:20 AM [] []
[2026-06-30 07:49:59] SlimMonoLogger.INFO: Cron ran at: 30-06-2026 07:49:59 AM [] []
[2026-06-30 07:50:16] SlimMonoLogger.INFO: Cron ran at: 30-06-2026 07:50:16 AM [] []
[2026-06-30 07:50:20] SlimMonoLogger.INFO: Cron ran at: 30-06-2026 07:50:20 AM [] []
[2026-06-30 07:50:21] SlimMonoLogger.INFO: Cron ran at: 30-06-2026 07:50:21 AM [] []
[2026-06-30 07:50:53] SlimMonoLogger.INFO: Cron ran at: 30-06-2026 07:50:53 AM [] []
[2026-06-30 07:51:11] SlimMonoLogger.INFO: Cron ran at: 30-06-2026 07:51:11 AM [] []
[2026-06-30 07:51:23] SlimMonoLogger.INFO: Cron ran at: 30-06-2026 07:51:23 AM [] []
[2026-06-30 07:51:50] SlimMonoLogger.INFO: Cron ran at: 30-06-2026 07:51:50 AM [] []
[2026-06-30 07:52:07] SlimMonoLogger.INFO: Cron ran at: 30-06-2026 07:52:07 AM [] []
[2026-06-30 07:52:16] SlimMonoLogger.INFO: Cron ran at: 30-06-2026 07:52:16 AM [] []
[2026-06-30 07:52:26] SlimMonoLogger.INFO: Cron ran at: 30-06-2026 07:52:26 AM [] []
[2026-06-30 07:52:52] SlimMonoLogger.INFO: Cron ran at: 30-06-2026 07:52:52 AM [] []
[2026-06-30 07:53:03] SlimMonoLogger.INFO: Cron ran at: 30-06-2026 07:53:03 AM [] []
[2026-06-30 07:53:19] SlimMonoLogger.INFO: Cron ran at: 30-06-2026 07:53:19 AM [] []
[2026-06-30 07:53:28] SlimMonoLogger.INFO: Cron ran at: 30-06-2026 07:53:28 AM [] []
[2026-06-30 07:53:48] SlimMonoLogger.INFO: Cron ran at: 30-06-2026 07:53:48 AM [] []
[2026-06-30 07:53:49] SlimMonoLogger.INFO: Cron ran at: 30-06-2026 07:53:49 AM [] []
[2026-06-30 07:54:18] SlimMonoLogger.INFO: Cron ran at: 30-06-2026 07:54:18 AM [] []
[2026-06-30 07:54:27] SlimMonoLogger.INFO: Cron ran at: 30-06-2026 07:54:27 AM [] []
[2026-06-30 07:54:47] SlimMonoLogger.INFO: Cron ran at: 30-06-2026 07:54:47 AM [] []
[2026-06-30 07:54:47] SlimMonoLogger.INFO: Cron ran at: 30-06-2026 07:54:47 AM [] []
[2026-06-30 07:55:18] SlimMonoLogger.INFO: Cron ran at: 30-06-2026 07:55:18 AM [] []
[2026-06-30 07:55:27] SlimMonoLogger.INFO: Cron ran at: 30-06-2026 07:55:27 AM [] []
[2026-06-30 07:55:36] SlimMonoLogger.INFO: Cron ran at: 30-06-2026 07:55:36 AM [] []
[2026-06-30 07:55:40] SlimMonoLogger.INFO: Cron ran at: 30-06-2026 07:55:40 AM [] []
[2026-06-30 07:56:13] SlimMonoLogger.INFO: Cron ran at: 30-06-2026 07:56:13 AM [] []
[2026-06-30 07:56:25] SlimMonoLogger.INFO: Cron ran at: 30-06-2026 07:56:25 AM [] []
[2026-06-30 07:56:29] SlimMonoLogger.INFO: Cron ran at: 30-06-2026 07:56:29 AM [] []
[2026-06-30 07:56:33] SlimMonoLogger.INFO: Cron ran at: 30-06-2026 07:56:33 AM [] []
[2026-06-30 07:56:41] SlimMonoLogger.ERROR: Requests_Exception: cURL error 35: Recv failure: Connection reset by peer in /home/latihtal/public_html/agregator1/src/vendor/rmccue/requests/library/Requests/Transport/cURL.php:422
Stack trace:
#0 /home/latihtal/public_html/agregator1/src/vendor/rmccue/requests/library/Requests/Transport/cURL.php(177): Requests_Transport_cURL->process_response()
#1 /home/latihtal/public_html/agregator1/src/vendor/rmccue/requests/library/Requests.php(379): Requests_Transport_cURL->request()
#2 /home/latihtal/public_html/agregator1/src/vendor/rmccue/requests/library/Requests/Session.php(205): Requests::request()
#3 /home/latihtal/public_html/agregator1/src/vendor/rmccue/requests/library/Requests/Session.php(132): Requests_Session->request()
#4 /home/latihtal/public_html/agregator1/src/drivers/Http/RssImporter.php(144): Requests_Session->get()
#5 /home/latihtal/public_html/agregator1/src/controllers/Dashboard/DashboardFeedsController.php(534): spark\drivers\Http\RssImporter->fetchPosts()
#6 /home/latihtal/public_html/agregator1/src/controllers/Site/SiteController.php(722): spark\controllers\Dashboard\DashboardFeedsController::importFeedPosts()
#7 [internal function]: spark\controllers\Site\SiteController->runTasks()
#8 /home/latihtal/public_html/agregator1/src/framework/Route.php(173): call_user_func_array()
#9 [internal function]: Slim\Route->Slim\{closure}()
#10 /home/latihtal/public_html/agregator1/src/framework/Route.php(468): call_user_func_array()
#11 /home/latihtal/public_html/agregator1/src/framework/Slim.php(1364): Slim\Route->dispatch()
#12 /home/latihtal/public_html/agregator1/src/framework/Middleware/Flash.php(85): Slim\Slim->call()
#13 /home/latihtal/public_html/agregator1/src/framework/Middleware/MethodOverride.php(92): Slim\Middleware\Flash->call()
#14 /home/latihtal/public_html/agregator1/src/middlewares/CsrfGuard/CsrfGuard.php(47): Slim\Middleware\MethodOverride->call()
#15 /home/latihtal/public_html/agregator1/src/framework/Middleware/PrettyExceptions.php(67): spark\middlewares\CsrfGuard\CsrfGuard->call()
#16 /home/latihtal/public_html/agregator1/src/framework/Slim.php(1308): Slim\Middleware\PrettyExceptions->call()
#17 /home/latihtal/public_html/agregator1/index.php(6): Slim\Slim->run()
#18 {main} [] []
[2026-06-30 07:57:04] SlimMonoLogger.INFO: Cron ran at: 30-06-2026 07:57:04 AM [] []
[2026-06-30 07:57:15] SlimMonoLogger.INFO: Cron ran at: 30-06-2026 07:57:15 AM [] []
[2026-06-30 07:57:18] SlimMonoLogger.INFO: Cron ran at: 30-06-2026 07:57:18 AM [] []
[2026-06-30 07:57:28] SlimMonoLogger.INFO: Cron ran at: 30-06-2026 07:57:28 AM [] []
[2026-06-30 07:58:05] SlimMonoLogger.INFO: Cron ran at: 30-06-2026 07:58:05 AM [] []
[2026-06-30 07:58:07] SlimMonoLogger.INFO: Cron ran at: 30-06-2026 07:58:07 AM [] []
[2026-06-30 07:58:11] SlimMonoLogger.INFO: Cron ran at: 30-06-2026 07:58:11 AM [] []
[2026-06-30 07:58:31] SlimMonoLogger.INFO: Cron ran at: 30-06-2026 07:58:31 AM [] []
[2026-06-30 07:58:57] SlimMonoLogger.INFO: Cron ran at: 30-06-2026 07:58:57 AM [] []
[2026-06-30 07:59:10] SlimMonoLogger.INFO: Cron ran at: 30-06-2026 07:59:10 AM [] []
[2026-06-30 07:59:13] SlimMonoLogger.INFO: Cron ran at: 30-06-2026 07:59:13 AM [] []
[2026-06-30 07:59:30] SlimMonoLogger.INFO: Cron ran at: 30-06-2026 07:59:30 AM [] []
[2026-06-30 07:59:59] SlimMonoLogger.INFO: Cron ran at: 30-06-2026 07:59:59 AM [] []
[2026-06-30 08:00:07] SlimMonoLogger.INFO: Cron ran at: 30-06-2026 08:00:07 AM [] []
[2026-06-30 08:00:10] SlimMonoLogger.INFO: Cron ran at: 30-06-2026 08:00:10 AM [] []
[2026-06-30 08:00:51] SlimMonoLogger.INFO: Cron ran at: 30-06-2026 08:00:51 AM [] []
[2026-06-30 08:01:01] SlimMonoLogger.INFO: Cron ran at: 30-06-2026 08:01:01 AM [] []
[2026-06-30 08:01:31] SlimMonoLogger.INFO: Cron ran at: 30-06-2026 08:01:31 AM [] []
[2026-06-30 08:01:34] SlimMonoLogger.INFO: Cron ran at: 30-06-2026 08:01:34 AM [] []
[2026-06-30 08:01:51] SlimMonoLogger.INFO: Cron ran at: 30-06-2026 08:01:51 AM [] []
[2026-06-30 08:01:52] SlimMonoLogger.INFO: Cron ran at: 30-06-2026 08:01:52 AM [] []
[2026-06-30 08:02:16] SlimMonoLogger.INFO: Cron ran at: 30-06-2026 08:02:16 AM [] []
[2026-06-30 08:02:33] SlimMonoLogger.INFO: Cron ran at: 30-06-2026 08:02:33 AM [] []
[2026-06-30 08:02:44] SlimMonoLogger.INFO: Cron ran at: 30-06-2026 08:02:44 AM [] []
[2026-06-30 08:02:46] SlimMonoLogger.INFO: Cron ran at: 30-06-2026 08:02:46 AM [] []
[2026-06-30 08:03:11] SlimMonoLogger.INFO: Cron ran at: 30-06-2026 08:03:11 AM [] []
[2026-06-30 08:03:35] SlimMonoLogger.INFO: Cron ran at: 30-06-2026 08:03:35 AM [] []
[2026-06-30 08:03:35] SlimMonoLogger.INFO: Cron ran at: 30-06-2026 08:03:35 AM [] []
[2026-06-30 08:03:37] SlimMonoLogger.INFO: Cron ran at: 30-06-2026 08:03:37 AM [] []
[2026-06-30 08:04:13] SlimMonoLogger.INFO: Cron ran at: 30-06-2026 08:04:13 AM [] []
[2026-06-30 08:04:29] SlimMonoLogger.INFO: Cron ran at: 30-06-2026 08:04:29 AM [] []
[2026-06-30 08:04:29] SlimMonoLogger.INFO: Cron ran at: 30-06-2026 08:04:29 AM [] []
[2026-06-30 08:04:41] SlimMonoLogger.INFO: Cron ran at: 30-06-2026 08:04:41 AM [] []
[2026-06-30 08:05:23] SlimMonoLogger.INFO: Cron ran at: 30-06-2026 08:05:23 AM [] []
[2026-06-30 08:06:05] SlimMonoLogger.INFO: Cron ran at: 30-06-2026 08:06:05 AM [] []
[2026-06-30 08:06:06] SlimMonoLogger.INFO: Cron ran at: 30-06-2026 08:06:06 AM [] []
[2026-06-30 08:06:13] SlimMonoLogger.INFO: Cron ran at: 30-06-2026 08:06:13 AM [] []
[2026-06-30 08:06:23] SlimMonoLogger.INFO: Cron ran at: 30-06-2026 08:06:23 AM [] []
[2026-06-30 08:06:46] SlimMonoLogger.INFO: Cron ran at: 30-06-2026 08:06:46 AM [] []
[2026-06-30 08:06:47] SlimMonoLogger.INFO: Cron ran at: 30-06-2026 08:06:47 AM [] []
[2026-06-30 08:07:15] SlimMonoLogger.INFO: Cron ran at: 30-06-2026 08:07:15 AM [] []
[2026-06-30 08:07:17] SlimMonoLogger.INFO: Cron ran at: 30-06-2026 08:07:17 AM [] []
[2026-06-30 08:07:38] SlimMonoLogger.INFO: Cron ran at: 30-06-2026 08:07:38 AM [] []
[2026-06-30 08:07:39] SlimMonoLogger.INFO: Cron ran at: 30-06-2026 08:07:39 AM [] []
[2026-06-30 08:08:07] SlimMonoLogger.INFO: Cron ran at: 30-06-2026 08:08:07 AM [] []
[2026-06-30 08:08:13] SlimMonoLogger.INFO: Cron ran at: 30-06-2026 08:08:13 AM [] []
[2026-06-30 08:08:14] SlimMonoLogger.INFO: Cron ran at: 30-06-2026 08:08:14 AM [] []
[2026-06-30 08:08:35] SlimMonoLogger.INFO: Cron ran at: 30-06-2026 08:08:35 AM [] []
[2026-06-30 08:09:10] SlimMonoLogger.INFO: Cron ran at: 30-06-2026 08:09:10 AM [] []
[2026-06-30 08:09:11] SlimMonoLogger.INFO: Cron ran at: 30-06-2026 08:09:11 AM [] []
[2026-06-30 08:09:11] SlimMonoLogger.INFO: Cron ran at: 30-06-2026 08:09:11 AM [] []
[2026-06-30 08:09:24] SlimMonoLogger.INFO: Cron ran at: 30-06-2026 08:09:24 AM [] []
[2026-06-30 08:10:11] SlimMonoLogger.INFO: Cron ran at: 30-06-2026 08:10:11 AM [] []
[2026-06-30 08:10:12] SlimMonoLogger.INFO: Cron ran at: 30-06-2026 08:10:12 AM [] []
[2026-06-30 08:10:12] SlimMonoLogger.INFO: Cron ran at: 30-06-2026 08:10:12 AM [] []
[2026-06-30 08:10:14] SlimMonoLogger.INFO: Cron ran at: 30-06-2026 08:10:14 AM [] []
[2026-06-30 08:11:09] SlimMonoLogger.INFO: Cron ran at: 30-06-2026 08:11:09 AM [] []
[2026-06-30 08:11:10] SlimMonoLogger.INFO: Cron ran at: 30-06-2026 08:11:10 AM [] []
[2026-06-30 08:11:12] SlimMonoLogger.INFO: Cron ran at: 30-06-2026 08:11:12 AM [] []
[2026-06-30 08:11:20] SlimMonoLogger.INFO: Cron ran at: 30-06-2026 08:11:20 AM [] []
[2026-06-30 08:12:07] SlimMonoLogger.INFO: Cron ran at: 30-06-2026 08:12:07 AM [] []
[2026-06-30 08:12:07] SlimMonoLogger.INFO: Cron ran at: 30-06-2026 08:12:07 AM [] []
[2026-06-30 08:12:08] SlimMonoLogger.INFO: Cron ran at: 30-06-2026 08:12:08 AM [] []
[2026-06-30 08:12:08] SlimMonoLogger.INFO: Cron ran at: 30-06-2026 08:12:08 AM [] []
[2026-06-30 08:13:02] SlimMonoLogger.INFO: Cron ran at: 30-06-2026 08:13:02 AM [] []
[2026-06-30 08:13:03] SlimMonoLogger.INFO: Cron ran at: 30-06-2026 08:13:03 AM [] []
[2026-06-30 08:13:03] SlimMonoLogger.INFO: Cron ran at: 30-06-2026 08:13:03 AM [] []
[2026-06-30 08:13:05] SlimMonoLogger.INFO: Cron ran at: 30-06-2026 08:13:05 AM [] []
[2026-06-30 08:13:58] SlimMonoLogger.INFO: Cron ran at: 30-06-2026 08:13:58 AM [] []
[2026-06-30 08:14:02] SlimMonoLogger.INFO: Cron ran at: 30-06-2026 08:14:02 AM [] []
[2026-06-30 08:14:04] SlimMonoLogger.INFO: Cron ran at: 30-06-2026 08:14:04 AM [] []
[2026-06-30 08:14:09] SlimMonoLogger.INFO: Cron ran at: 30-06-2026 08:14:09 AM [] []
[2026-06-30 08:14:21] SlimMonoLogger.INFO: Cron ran at: 30-06-2026 08:14:21 AM [] []
[2026-06-30 08:15:04] SlimMonoLogger.INFO: Cron ran at: 30-06-2026 08:15:04 AM [] []
[2026-06-30 08:15:18] SlimMonoLogger.INFO: Cron ran at: 30-06-2026 08:15:18 AM [] []
[2026-06-30 08:15:24] SlimMonoLogger.INFO: Cron ran at: 30-06-2026 08:15:24 AM [] []
[2026-06-30 08:16:04] SlimMonoLogger.INFO: Cron ran at: 30-06-2026 08:16:04 AM [] []
[2026-06-30 08:16:14] SlimMonoLogger.INFO: Cron ran at: 30-06-2026 08:16:14 AM [] []
[2026-06-30 08:16:15] SlimMonoLogger.INFO: Cron ran at: 30-06-2026 08:16:15 AM [] []
[2026-06-30 08:16:42] SlimMonoLogger.INFO: Cron ran at: 30-06-2026 08:16:42 AM [] []
[2026-06-30 08:17:05] SlimMonoLogger.INFO: Cron ran at: 30-06-2026 08:17:05 AM [] []
[2026-06-30 08:17:08] SlimMonoLogger.INFO: Cron ran at: 30-06-2026 08:17:08 AM [] []
[2026-06-30 08:17:11] SlimMonoLogger.INFO: Cron ran at: 30-06-2026 08:17:11 AM [] []
[2026-06-30 08:17:42] SlimMonoLogger.INFO: Cron ran at: 30-06-2026 08:17:42 AM [] []
[2026-06-30 08:18:09] SlimMonoLogger.INFO: Cron ran at: 30-06-2026 08:18:09 AM [] []
[2026-06-30 08:18:13] SlimMonoLogger.INFO: Cron ran at: 30-06-2026 08:18:13 AM [] []
[2026-06-30 08:18:13] SlimMonoLogger.INFO: Cron ran at: 30-06-2026 08:18:13 AM [] []
[2026-06-30 08:18:25] SlimMonoLogger.INFO: Cron ran at: 30-06-2026 08:18:25 AM [] []
[2026-06-30 08:19:02] SlimMonoLogger.INFO: Cron ran at: 30-06-2026 08:19:02 AM [] []
[2026-06-30 08:19:13] SlimMonoLogger.INFO: Cron ran at: 30-06-2026 08:19:13 AM [] []
[2026-06-30 08:19:13] SlimMonoLogger.INFO: Cron ran at: 30-06-2026 08:19:13 AM [] []
[2026-06-30 08:19:21] SlimMonoLogger.INFO: Cron ran at: 30-06-2026 08:19:21 AM [] []
[2026-06-30 08:20:10] SlimMonoLogger.INFO: Cron ran at: 30-06-2026 08:20:10 AM [] []
[2026-06-30 08:20:10] SlimMonoLogger.INFO: Cron ran at: 30-06-2026 08:20:10 AM [] []
[2026-06-30 08:20:12] SlimMonoLogger.INFO: Cron ran at: 30-06-2026 08:20:12 AM [] []
[2026-06-30 08:20:14] SlimMonoLogger.INFO: Cron ran at: 30-06-2026 08:20:14 AM [] []
[2026-06-30 08:21:07] SlimMonoLogger.INFO: Cron ran at: 30-06-2026 08:21:07 AM [] []
[2026-06-30 08:21:09] SlimMonoLogger.INFO: Cron ran at: 30-06-2026 08:21:09 AM [] []
[2026-06-30 08:21:12] SlimMonoLogger.INFO: Cron ran at: 30-06-2026 08:21:12 AM [] []
[2026-06-30 08:22:00] SlimMonoLogger.INFO: Cron ran at: 30-06-2026 08:22:00 AM [] []
[2026-06-30 08:22:01] SlimMonoLogger.INFO: Cron ran at: 30-06-2026 08:22:01 AM [] []
[2026-06-30 08:22:01] SlimMonoLogger.INFO: Cron ran at: 30-06-2026 08:22:01 AM [] []
[2026-06-30 08:22:03] SlimMonoLogger.INFO: Cron ran at: 30-06-2026 08:22:03 AM [] []
[2026-06-30 08:22:54] SlimMonoLogger.INFO: Cron ran at: 30-06-2026 08:22:54 AM [] []
[2026-06-30 08:23:00] SlimMonoLogger.INFO: Cron ran at: 30-06-2026 08:23:00 AM [] []
[2026-06-30 08:23:00] SlimMonoLogger.INFO: Cron ran at: 30-06-2026 08:23:00 AM [] []
[2026-06-30 08:23:08] SlimMonoLogger.INFO: Cron ran at: 30-06-2026 08:23:08 AM [] []
[2026-06-30 08:23:51] SlimMonoLogger.INFO: Cron ran at: 30-06-2026 08:23:51 AM [] []
[2026-06-30 08:24:01] SlimMonoLogger.INFO: Cron ran at: 30-06-2026 08:24:01 AM [] []
[2026-06-30 08:24:02] SlimMonoLogger.INFO: Cron ran at: 30-06-2026 08:24:02 AM [] []
[2026-06-30 08:24:06] SlimMonoLogger.INFO: Cron ran at: 30-06-2026 08:24:06 AM [] []
[2026-06-30 08:24:40] SlimMonoLogger.INFO: Cron ran at: 30-06-2026 08:24:40 AM [] []
[2026-06-30 08:24:57] SlimMonoLogger.INFO: Cron ran at: 30-06-2026 08:24:57 AM [] []
[2026-06-30 08:25:03] SlimMonoLogger.INFO: Cron ran at: 30-06-2026 08:25:03 AM [] []
[2026-06-30 08:25:08] SlimMonoLogger.INFO: Cron ran at: 30-06-2026 08:25:08 AM [] []
[2026-06-30 08:25:43] SlimMonoLogger.INFO: Cron ran at: 30-06-2026 08:25:43 AM [] []
[2026-06-30 08:26:06] SlimMonoLogger.INFO: Cron ran at: 30-06-2026 08:26:06 AM [] []
[2026-06-30 08:26:16] SlimMonoLogger.INFO: Cron ran at: 30-06-2026 08:26:16 AM [] []
[2026-06-30 08:26:22] SlimMonoLogger.INFO: Cron ran at: 30-06-2026 08:26:22 AM [] []
[2026-06-30 08:26:29] SlimMonoLogger.INFO: Cron ran at: 30-06-2026 08:26:29 AM [] []
[2026-06-30 08:26:59] SlimMonoLogger.INFO: Cron ran at: 30-06-2026 08:26:59 AM [] []
[2026-06-30 08:27:05] SlimMonoLogger.INFO: Cron ran at: 30-06-2026 08:27:05 AM [] []
[2026-06-30 08:27:06] SlimMonoLogger.INFO: Cron ran at: 30-06-2026 08:27:06 AM [] []
[2026-06-30 08:27:23] SlimMonoLogger.INFO: Cron ran at: 30-06-2026 08:27:23 AM [] []
[2026-06-30 08:27:58] SlimMonoLogger.INFO: Cron ran at: 30-06-2026 08:27:58 AM [] []
[2026-06-30 08:28:00] SlimMonoLogger.INFO: Cron ran at: 30-06-2026 08:28:00 AM [] []
[2026-06-30 08:28:07] SlimMonoLogger.INFO: Cron ran at: 30-06-2026 08:28:07 AM [] []
[2026-06-30 08:28:14] SlimMonoLogger.INFO: Cron ran at: 30-06-2026 08:28:14 AM [] []
[2026-06-30 08:28:57] SlimMonoLogger.INFO: Cron ran at: 30-06-2026 08:28:57 AM [] []
[2026-06-30 08:28:58] SlimMonoLogger.INFO: Cron ran at: 30-06-2026 08:28:58 AM [] []
[2026-06-30 08:29:08] SlimMonoLogger.INFO: Cron ran at: 30-06-2026 08:29:08 AM [] []
[2026-06-30 08:29:14] SlimMonoLogger.INFO: Cron ran at: 30-06-2026 08:29:14 AM [] []
[2026-06-30 08:29:47] SlimMonoLogger.INFO: Cron ran at: 30-06-2026 08:29:47 AM [] []
[2026-06-30 08:29:59] SlimMonoLogger.INFO: Cron ran at: 30-06-2026 08:29:59 AM [] []
[2026-06-30 08:30:23] SlimMonoLogger.INFO: Cron ran at: 30-06-2026 08:30:23 AM [] []
[2026-06-30 08:30:47] SlimMonoLogger.INFO: Cron ran at: 30-06-2026 08:30:47 AM [] []
[2026-06-30 08:31:04] SlimMonoLogger.INFO: Cron ran at: 30-06-2026 08:31:04 AM [] []
[2026-06-30 08:31:23] SlimMonoLogger.INFO: Cron ran at: 30-06-2026 08:31:23 AM [] []
[2026-06-30 08:31:23] SlimMonoLogger.INFO: Cron ran at: 30-06-2026 08:31:23 AM [] []
[2026-06-30 08:31:38] SlimMonoLogger.INFO: Cron ran at: 30-06-2026 08:31:38 AM [] []
[2026-06-30 08:31:57] SlimMonoLogger.INFO: Cron ran at: 30-06-2026 08:31:57 AM [] []
[2026-06-30 08:32:10] SlimMonoLogger.INFO: Cron ran at: 30-06-2026 08:32:10 AM [] []
[2026-06-30 08:32:12] SlimMonoLogger.INFO: Cron ran at: 30-06-2026 08:32:12 AM [] []
[2026-06-30 08:32:28] SlimMonoLogger.INFO: Cron ran at: 30-06-2026 08:32:28 AM [] []
[2026-06-30 08:32:55] SlimMonoLogger.INFO: Cron ran at: 30-06-2026 08:32:55 AM [] []
[2026-06-30 08:32:57] SlimMonoLogger.INFO: Cron ran at: 30-06-2026 08:32:57 AM [] []
[2026-06-30 08:33:10] SlimMonoLogger.INFO: Cron ran at: 30-06-2026 08:33:10 AM [] []
[2026-06-30 08:33:29] SlimMonoLogger.INFO: Cron ran at: 30-06-2026 08:33:29 AM [] []
[2026-06-30 08:33:55] SlimMonoLogger.INFO: Cron ran at: 30-06-2026 08:33:55 AM [] []
[2026-06-30 08:33:56] SlimMonoLogger.INFO: Cron ran at: 30-06-2026 08:33:56 AM [] []
[2026-06-30 08:34:10] SlimMonoLogger.INFO: Cron ran at: 30-06-2026 08:34:10 AM [] []
[2026-06-30 08:34:32] SlimMonoLogger.INFO: Cron ran at: 30-06-2026 08:34:32 AM [] []
[2026-06-30 08:35:35] SlimMonoLogger.INFO: Cron ran at: 30-06-2026 08:35:35 AM [] []
[2026-06-30 08:36:34] SlimMonoLogger.INFO: Cron ran at: 30-06-2026 08:36:34 AM [] []
[2026-06-30 08:36:38] SlimMonoLogger.INFO: Cron ran at: 30-06-2026 08:36:38 AM [] []
[2026-06-30 08:37:23] SlimMonoLogger.INFO: Cron ran at: 30-06-2026 08:37:23 AM [] []
[2026-06-30 08:38:30] SlimMonoLogger.INFO: Cron ran at: 30-06-2026 08:38:30 AM [] []
[2026-06-30 08:38:30] SlimMonoLogger.INFO: Cron ran at: 30-06-2026 08:38:30 AM [] []
[2026-06-30 08:41:48] SlimMonoLogger.INFO: Cron ran at: 30-06-2026 08:41:48 AM [] []
[2026-06-30 08:42:43] SlimMonoLogger.INFO: Cron ran at: 30-06-2026 08:42:43 AM [] []
[2026-06-30 08:43:02] SlimMonoLogger.ERROR: Requests_Exception: cURL error 35: Recv failure: Connection reset by peer in /home/latihtal/public_html/agregator1/src/vendor/rmccue/requests/library/Requests/Transport/cURL.php:422
Stack trace:
#0 /home/latihtal/public_html/agregator1/src/vendor/rmccue/requests/library/Requests/Transport/cURL.php(177): Requests_Transport_cURL->process_response()
#1 /home/latihtal/public_html/agregator1/src/vendor/rmccue/requests/library/Requests.php(379): Requests_Transport_cURL->request()
#2 /home/latihtal/public_html/agregator1/src/vendor/rmccue/requests/library/Requests/Session.php(205): Requests::request()
#3 /home/latihtal/public_html/agregator1/src/vendor/rmccue/requests/library/Requests/Session.php(132): Requests_Session->request()
#4 /home/latihtal/public_html/agregator1/src/drivers/Http/RssImporter.php(144): Requests_Session->get()
#5 /home/latihtal/public_html/agregator1/src/controllers/Dashboard/DashboardFeedsController.php(534): spark\drivers\Http\RssImporter->fetchPosts()
#6 /home/latihtal/public_html/agregator1/src/controllers/Site/SiteController.php(722): spark\controllers\Dashboard\DashboardFeedsController::importFeedPosts()
#7 [internal function]: spark\controllers\Site\SiteController->runTasks()
#8 /home/latihtal/public_html/agregator1/src/framework/Route.php(173): call_user_func_array()
#9 [internal function]: Slim\Route->Slim\{closure}()
#10 /home/latihtal/public_html/agregator1/src/framework/Route.php(468): call_user_func_array()
#11 /home/latihtal/public_html/agregator1/src/framework/Slim.php(1364): Slim\Route->dispatch()
#12 /home/latihtal/public_html/agregator1/src/framework/Middleware/Flash.php(85): Slim\Slim->call()
#13 /home/latihtal/public_html/agregator1/src/framework/Middleware/MethodOverride.php(92): Slim\Middleware\Flash->call()
#14 /home/latihtal/public_html/agregator1/src/middlewares/CsrfGuard/CsrfGuard.php(47): Slim\Middleware\MethodOverride->call()
#15 /home/latihtal/public_html/agregator1/src/framework/Middleware/PrettyExceptions.php(67): spark\middlewares\CsrfGuard\CsrfGuard->call()
#16 /home/latihtal/public_html/agregator1/src/framework/Slim.php(1308): Slim\Middleware\PrettyExceptions->call()
#17 /home/latihtal/public_html/agregator1/index.php(6): Slim\Slim->run()
#18 {main} [] []
[2026-06-30 08:43:30] SlimMonoLogger.INFO: Cron ran at: 30-06-2026 08:43:30 AM [] []
[2026-06-30 08:44:24] SlimMonoLogger.INFO: Cron ran at: 30-06-2026 08:44:24 AM [] []
[2026-06-30 08:45:19] SlimMonoLogger.INFO: Cron ran at: 30-06-2026 08:45:19 AM [] []
[2026-06-30 08:46:21] SlimMonoLogger.INFO: Cron ran at: 30-06-2026 08:46:21 AM [] []
[2026-06-30 08:47:08] SlimMonoLogger.INFO: Cron ran at: 30-06-2026 08:47:08 AM [] []
[2026-06-30 08:47:12] SlimMonoLogger.INFO: Cron ran at: 30-06-2026 08:47:12 AM [] []
[2026-06-30 08:47:59] SlimMonoLogger.INFO: Cron ran at: 30-06-2026 08:47:59 AM [] []
[2026-06-30 08:48:11] SlimMonoLogger.INFO: Cron ran at: 30-06-2026 08:48:11 AM [] []
[2026-06-30 08:48:48] SlimMonoLogger.INFO: Cron ran at: 30-06-2026 08:48:48 AM [] []
[2026-06-30 08:49:04] SlimMonoLogger.INFO: Cron ran at: 30-06-2026 08:49:04 AM [] []
[2026-06-30 08:49:47] SlimMonoLogger.INFO: Cron ran at: 30-06-2026 08:49:47 AM [] []
[2026-06-30 08:50:10] SlimMonoLogger.INFO: Cron ran at: 30-06-2026 08:50:10 AM [] []
[2026-06-30 08:50:37] SlimMonoLogger.INFO: Cron ran at: 30-06-2026 08:50:37 AM [] []
[2026-06-30 08:51:06] SlimMonoLogger.INFO: Cron ran at: 30-06-2026 08:51:06 AM [] []
[2026-06-30 08:51:31] SlimMonoLogger.INFO: Cron ran at: 30-06-2026 08:51:31 AM [] []
[2026-06-30 08:51:32] SlimMonoLogger.INFO: Cron ran at: 30-06-2026 08:51:32 AM [] []
[2026-06-30 08:52:00] SlimMonoLogger.INFO: Cron ran at: 30-06-2026 08:52:00 AM [] []
[2026-06-30 08:52:21] SlimMonoLogger.INFO: Cron ran at: 30-06-2026 08:52:21 AM [] []
[2026-06-30 08:52:24] SlimMonoLogger.INFO: Cron ran at: 30-06-2026 08:52:24 AM [] []
[2026-06-30 08:53:05] SlimMonoLogger.INFO: Cron ran at: 30-06-2026 08:53:05 AM [] []
[2026-06-30 08:53:17] SlimMonoLogger.INFO: Cron ran at: 30-06-2026 08:53:17 AM [] []
[2026-06-30 08:53:21] SlimMonoLogger.INFO: Cron ran at: 30-06-2026 08:53:21 AM [] []
[2026-06-30 08:54:01] SlimMonoLogger.INFO: Cron ran at: 30-06-2026 08:54:01 AM [] []
[2026-06-30 08:54:06] SlimMonoLogger.INFO: Cron ran at: 30-06-2026 08:54:06 AM [] []
[2026-06-30 08:54:22] SlimMonoLogger.INFO: Cron ran at: 30-06-2026 08:54:22 AM [] []
[2026-06-30 08:55:00] SlimMonoLogger.INFO: Cron ran at: 30-06-2026 08:55:00 AM [] []
[2026-06-30 08:55:02] SlimMonoLogger.INFO: Cron ran at: 30-06-2026 08:55:02 AM [] []
[2026-06-30 08:55:19] SlimMonoLogger.INFO: Cron ran at: 30-06-2026 08:55:19 AM [] []
[2026-06-30 08:55:58] SlimMonoLogger.INFO: Cron ran at: 30-06-2026 08:55:58 AM [] []
[2026-06-30 08:56:02] SlimMonoLogger.INFO: Cron ran at: 30-06-2026 08:56:02 AM [] []
[2026-06-30 08:56:21] SlimMonoLogger.INFO: Cron ran at: 30-06-2026 08:56:21 AM [] []
[2026-06-30 08:56:36] SlimMonoLogger.INFO: Cron ran at: 30-06-2026 08:56:36 AM [] []
[2026-06-30 08:57:45] SlimMonoLogger.INFO: Cron ran at: 30-06-2026 08:57:45 AM [] []
[2026-06-30 08:57:46] SlimMonoLogger.INFO: Cron ran at: 30-06-2026 08:57:46 AM [] []
[2026-06-30 09:01:48] SlimMonoLogger.INFO: Cron ran at: 30-06-2026 09:01:48 AM [] []
[2026-06-30 09:02:20] SlimMonoLogger.INFO: Cron ran at: 30-06-2026 09:02:20 AM [] []
[2026-06-30 09:03:07] SlimMonoLogger.INFO: Cron ran at: 30-06-2026 09:03:07 AM [] []
[2026-06-30 09:04:01] SlimMonoLogger.INFO: Cron ran at: 30-06-2026 09:04:01 AM [] []
[2026-06-30 09:05:00] SlimMonoLogger.INFO: Cron ran at: 30-06-2026 09:05:00 AM [] []
[2026-06-30 09:05:23] SlimMonoLogger.ERROR: Requests_Exception: cURL error 35: Recv failure: Connection reset by peer in /home/latihtal/public_html/agregator1/src/vendor/rmccue/requests/library/Requests/Transport/cURL.php:422
Stack trace:
#0 /home/latihtal/public_html/agregator1/src/vendor/rmccue/requests/library/Requests/Transport/cURL.php(177): Requests_Transport_cURL->process_response()
#1 /home/latihtal/public_html/agregator1/src/vendor/rmccue/requests/library/Requests.php(379): Requests_Transport_cURL->request()
#2 /home/latihtal/public_html/agregator1/src/vendor/rmccue/requests/library/Requests/Session.php(205): Requests::request()
#3 /home/latihtal/public_html/agregator1/src/vendor/rmccue/requests/library/Requests/Session.php(132): Requests_Session->request()
#4 /home/latihtal/public_html/agregator1/src/drivers/Http/RssImporter.php(144): Requests_Session->get()
#5 /home/latihtal/public_html/agregator1/src/controllers/Dashboard/DashboardFeedsController.php(534): spark\drivers\Http\RssImporter->fetchPosts()
#6 /home/latihtal/public_html/agregator1/src/controllers/Site/SiteController.php(722): spark\controllers\Dashboard\DashboardFeedsController::importFeedPosts()
#7 [internal function]: spark\controllers\Site\SiteController->runTasks()
#8 /home/latihtal/public_html/agregator1/src/framework/Route.php(173): call_user_func_array()
#9 [internal function]: Slim\Route->Slim\{closure}()
#10 /home/latihtal/public_html/agregator1/src/framework/Route.php(468): call_user_func_array()
#11 /home/latihtal/public_html/agregator1/src/framework/Slim.php(1364): Slim\Route->dispatch()
#12 /home/latihtal/public_html/agregator1/src/framework/Middleware/Flash.php(85): Slim\Slim->call()
#13 /home/latihtal/public_html/agregator1/src/framework/Middleware/MethodOverride.php(92): Slim\Middleware\Flash->call()
#14 /home/latihtal/public_html/agregator1/src/middlewares/CsrfGuard/CsrfGuard.php(47): Slim\Middleware\MethodOverride->call()
#15 /home/latihtal/public_html/agregator1/src/framework/Middleware/PrettyExceptions.php(67): spark\middlewares\CsrfGuard\CsrfGuard->call()
#16 /home/latihtal/public_html/agregator1/src/framework/Slim.php(1308): Slim\Middleware\PrettyExceptions->call()
#17 /home/latihtal/public_html/agregator1/index.php(6): Slim\Slim->run()
#18 {main} [] []
[2026-06-30 09:05:54] SlimMonoLogger.INFO: Cron ran at: 30-06-2026 09:05:54 AM [] []
[2026-06-30 09:06:48] SlimMonoLogger.INFO: Cron ran at: 30-06-2026 09:06:48 AM [] []
[2026-06-30 09:06:51] SlimMonoLogger.INFO: Cron ran at: 30-06-2026 09:06:51 AM [] []
[2026-06-30 09:07:42] SlimMonoLogger.INFO: Cron ran at: 30-06-2026 09:07:42 AM [] []
[2026-06-30 09:07:44] SlimMonoLogger.INFO: Cron ran at: 30-06-2026 09:07:44 AM [] []
[2026-06-30 09:08:35] SlimMonoLogger.INFO: Cron ran at: 30-06-2026 09:08:35 AM [] []
[2026-06-30 09:08:43] SlimMonoLogger.INFO: Cron ran at: 30-06-2026 09:08:43 AM [] []
[2026-06-30 09:09:34] SlimMonoLogger.INFO: Cron ran at: 30-06-2026 09:09:34 AM [] []
[2026-06-30 09:09:39] SlimMonoLogger.INFO: Cron ran at: 30-06-2026 09:09:39 AM [] []
[2026-06-30 09:10:11] SlimMonoLogger.ERROR: Requests_Exception: cURL error 35: Recv failure: Connection reset by peer in /home/latihtal/public_html/agregator1/src/vendor/rmccue/requests/library/Requests/Transport/cURL.php:422
Stack trace:
#0 /home/latihtal/public_html/agregator1/src/vendor/rmccue/requests/library/Requests/Transport/cURL.php(177): Requests_Transport_cURL->process_response()
#1 /home/latihtal/public_html/agregator1/src/vendor/rmccue/requests/library/Requests.php(379): Requests_Transport_cURL->request()
#2 /home/latihtal/public_html/agregator1/src/vendor/rmccue/requests/library/Requests/Session.php(205): Requests::request()
#3 /home/latihtal/public_html/agregator1/src/vendor/rmccue/requests/library/Requests/Session.php(132): Requests_Session->request()
#4 /home/latihtal/public_html/agregator1/src/drivers/Http/RssImporter.php(144): Requests_Session->get()
#5 /home/latihtal/public_html/agregator1/src/controllers/Dashboard/DashboardFeedsController.php(534): spark\drivers\Http\RssImporter->fetchPosts()
#6 /home/latihtal/public_html/agregator1/src/controllers/Site/SiteController.php(722): spark\controllers\Dashboard\DashboardFeedsController::importFeedPosts()
#7 [internal function]: spark\controllers\Site\SiteController->runTasks()
#8 /home/latihtal/public_html/agregator1/src/framework/Route.php(173): call_user_func_array()
#9 [internal function]: Slim\Route->Slim\{closure}()
#10 /home/latihtal/public_html/agregator1/src/framework/Route.php(468): call_user_func_array()
#11 /home/latihtal/public_html/agregator1/src/framework/Slim.php(1364): Slim\Route->dispatch()
#12 /home/latihtal/public_html/agregator1/src/framework/Middleware/Flash.php(85): Slim\Slim->call()
#13 /home/latihtal/public_html/agregator1/src/framework/Middleware/MethodOverride.php(92): Slim\Middleware\Flash->call()
#14 /home/latihtal/public_html/agregator1/src/middlewares/CsrfGuard/CsrfGuard.php(47): Slim\Middleware\MethodOverride->call()
#15 /home/latihtal/public_html/agregator1/src/framework/Middleware/PrettyExceptions.php(67): spark\middlewares\CsrfGuard\CsrfGuard->call()
#16 /home/latihtal/public_html/agregator1/src/framework/Slim.php(1308): Slim\Middleware\PrettyExceptions->call()
#17 /home/latihtal/public_html/agregator1/index.php(6): Slim\Slim->run()
#18 {main} [] []
[2026-06-30 09:10:31] SlimMonoLogger.INFO: Cron ran at: 30-06-2026 09:10:31 AM [] []
[2026-06-30 09:10:52] SlimMonoLogger.INFO: Cron ran at: 30-06-2026 09:10:52 AM [] []
[2026-06-30 09:11:33] SlimMonoLogger.INFO: Cron ran at: 30-06-2026 09:11:33 AM [] []
[2026-06-30 09:11:45] SlimMonoLogger.INFO: Cron ran at: 30-06-2026 09:11:45 AM [] []
[2026-06-30 09:11:51] SlimMonoLogger.INFO: Cron ran at: 30-06-2026 09:11:51 AM [] []
[2026-06-30 09:12:21] SlimMonoLogger.INFO: Cron ran at: 30-06-2026 09:12:21 AM [] []
[2026-06-30 09:12:26] SlimMonoLogger.INFO: Cron ran at: 30-06-2026 09:12:26 AM [] []
[2026-06-30 09:12:49] SlimMonoLogger.INFO: Cron ran at: 30-06-2026 09:12:49 AM [] []
[2026-06-30 09:13:11] SlimMonoLogger.INFO: Cron ran at: 30-06-2026 09:13:11 AM [] []
[2026-06-30 09:13:17] SlimMonoLogger.INFO: Cron ran at: 30-06-2026 09:13:17 AM [] []
[2026-06-30 09:13:45] SlimMonoLogger.INFO: Cron ran at: 30-06-2026 09:13:45 AM [] []
[2026-06-30 09:14:10] SlimMonoLogger.INFO: Cron ran at: 30-06-2026 09:14:10 AM [] []
[2026-06-30 09:14:12] SlimMonoLogger.INFO: Cron ran at: 30-06-2026 09:14:12 AM [] []
[2026-06-30 09:14:44] SlimMonoLogger.INFO: Cron ran at: 30-06-2026 09:14:44 AM [] []
[2026-06-30 09:14:59] SlimMonoLogger.INFO: Cron ran at: 30-06-2026 09:14:59 AM [] []
[2026-06-30 09:15:00] SlimMonoLogger.INFO: Cron ran at: 30-06-2026 09:15:00 AM [] []
[2026-06-30 09:15:41] SlimMonoLogger.INFO: Cron ran at: 30-06-2026 09:15:41 AM [] []
[2026-06-30 09:15:42] SlimMonoLogger.INFO: Cron ran at: 30-06-2026 09:15:42 AM [] []
[2026-06-30 09:16:03] SlimMonoLogger.INFO: Cron ran at: 30-06-2026 09:16:03 AM [] []
[2026-06-30 09:16:20] SlimMonoLogger.INFO: Cron ran at: 30-06-2026 09:16:20 AM [] []
[2026-06-30 09:16:38] SlimMonoLogger.INFO: Cron ran at: 30-06-2026 09:16:38 AM [] []
[2026-06-30 09:16:38] SlimMonoLogger.INFO: Cron ran at: 30-06-2026 09:16:38 AM [] []
[2026-06-30 09:17:13] SlimMonoLogger.INFO: Cron ran at: 30-06-2026 09:17:13 AM [] []
[2026-06-30 09:17:15] SlimMonoLogger.INFO: Cron ran at: 30-06-2026 09:17:15 AM [] []
[2026-06-30 09:17:37] SlimMonoLogger.INFO: Cron ran at: 30-06-2026 09:17:37 AM [] []
[2026-06-30 09:17:42] SlimMonoLogger.INFO: Cron ran at: 30-06-2026 09:17:42 AM [] []
[2026-06-30 09:18:03] SlimMonoLogger.INFO: Cron ran at: 30-06-2026 09:18:03 AM [] []
[2026-06-30 09:18:05] SlimMonoLogger.INFO: Cron ran at: 30-06-2026 09:18:05 AM [] []
[2026-06-30 09:18:34] SlimMonoLogger.INFO: Cron ran at: 30-06-2026 09:18:34 AM [] []
[2026-06-30 09:18:41] SlimMonoLogger.INFO: Cron ran at: 30-06-2026 09:18:41 AM [] []
[2026-06-30 09:19:00] SlimMonoLogger.INFO: Cron ran at: 30-06-2026 09:19:00 AM [] []
[2026-06-30 09:19:00] SlimMonoLogger.INFO: Cron ran at: 30-06-2026 09:19:00 AM [] []
[2026-06-30 09:19:34] SlimMonoLogger.INFO: Cron ran at: 30-06-2026 09:19:34 AM [] []
[2026-06-30 09:19:41] SlimMonoLogger.INFO: Cron ran at: 30-06-2026 09:19:41 AM [] []
[2026-06-30 09:19:53] SlimMonoLogger.INFO: Cron ran at: 30-06-2026 09:19:53 AM [] []
[2026-06-30 09:20:07] SlimMonoLogger.INFO: Cron ran at: 30-06-2026 09:20:07 AM [] []
[2026-06-30 09:20:36] SlimMonoLogger.INFO: Cron ran at: 30-06-2026 09:20:36 AM [] []
[2026-06-30 09:20:50] SlimMonoLogger.INFO: Cron ran at: 30-06-2026 09:20:50 AM [] []
[2026-06-30 09:21:08] SlimMonoLogger.INFO: Cron ran at: 30-06-2026 09:21:08 AM [] []
[2026-06-30 09:21:38] SlimMonoLogger.INFO: Cron ran at: 30-06-2026 09:21:38 AM [] []
[2026-06-30 09:21:45] SlimMonoLogger.INFO: Cron ran at: 30-06-2026 09:21:45 AM [] []
[2026-06-30 09:21:46] SlimMonoLogger.INFO: Cron ran at: 30-06-2026 09:21:46 AM [] []
[2026-06-30 09:22:05] SlimMonoLogger.INFO: Cron ran at: 30-06-2026 09:22:05 AM [] []
[2026-06-30 09:22:32] SlimMonoLogger.INFO: Cron ran at: 30-06-2026 09:22:32 AM [] []
[2026-06-30 09:22:33] SlimMonoLogger.INFO: Cron ran at: 30-06-2026 09:22:33 AM [] []
[2026-06-30 09:22:38] SlimMonoLogger.INFO: Cron ran at: 30-06-2026 09:22:38 AM [] []
[2026-06-30 09:23:08] SlimMonoLogger.INFO: Cron ran at: 30-06-2026 09:23:08 AM [] []
[2026-06-30 09:23:26] SlimMonoLogger.INFO: Cron ran at: 30-06-2026 09:23:26 AM [] []
[2026-06-30 09:23:34] SlimMonoLogger.INFO: Cron ran at: 30-06-2026 09:23:34 AM [] []
[2026-06-30 09:23:34] SlimMonoLogger.INFO: Cron ran at: 30-06-2026 09:23:34 AM [] []
[2026-06-30 09:24:00] SlimMonoLogger.INFO: Cron ran at: 30-06-2026 09:24:00 AM [] []
[2026-06-30 09:24:18] SlimMonoLogger.INFO: Cron ran at: 30-06-2026 09:24:18 AM [] []
[2026-06-30 09:24:27] SlimMonoLogger.INFO: Cron ran at: 30-06-2026 09:24:27 AM [] []
[2026-06-30 09:24:28] SlimMonoLogger.INFO: Cron ran at: 30-06-2026 09:24:28 AM [] []
[2026-06-30 09:25:03] SlimMonoLogger.INFO: Cron ran at: 30-06-2026 09:25:03 AM [] []
[2026-06-30 09:25:10] SlimMonoLogger.INFO: Cron ran at: 30-06-2026 09:25:10 AM [] []
[2026-06-30 09:25:30] SlimMonoLogger.INFO: Cron ran at: 30-06-2026 09:25:30 AM [] []
[2026-06-30 09:25:31] SlimMonoLogger.INFO: Cron ran at: 30-06-2026 09:25:31 AM [] []
[2026-06-30 09:26:11] SlimMonoLogger.INFO: Cron ran at: 30-06-2026 09:26:11 AM [] []
[2026-06-30 09:26:32] SlimMonoLogger.INFO: Cron ran at: 30-06-2026 09:26:32 AM [] []
[2026-06-30 09:26:33] SlimMonoLogger.INFO: Cron ran at: 30-06-2026 09:26:33 AM [] []
[2026-06-30 09:26:41] SlimMonoLogger.INFO: Cron ran at: 30-06-2026 09:26:41 AM [] []
[2026-06-30 09:27:10] SlimMonoLogger.INFO: Cron ran at: 30-06-2026 09:27:10 AM [] []
[2026-06-30 09:27:27] SlimMonoLogger.INFO: Cron ran at: 30-06-2026 09:27:27 AM [] []
[2026-06-30 09:27:28] SlimMonoLogger.INFO: Cron ran at: 30-06-2026 09:27:28 AM [] []
[2026-06-30 09:27:29] SlimMonoLogger.INFO: Cron ran at: 30-06-2026 09:27:29 AM [] []
[2026-06-30 09:27:59] SlimMonoLogger.INFO: Cron ran at: 30-06-2026 09:27:59 AM [] []
[2026-06-30 09:28:21] SlimMonoLogger.INFO: Cron ran at: 30-06-2026 09:28:21 AM [] []
[2026-06-30 09:28:26] SlimMonoLogger.INFO: Cron ran at: 30-06-2026 09:28:26 AM [] []
[2026-06-30 09:28:29] SlimMonoLogger.INFO: Cron ran at: 30-06-2026 09:28:29 AM [] []
[2026-06-30 09:28:54] SlimMonoLogger.INFO: Cron ran at: 30-06-2026 09:28:54 AM [] []
[2026-06-30 09:29:15] SlimMonoLogger.INFO: Cron ran at: 30-06-2026 09:29:15 AM [] []
[2026-06-30 09:29:28] SlimMonoLogger.INFO: Cron ran at: 30-06-2026 09:29:28 AM [] []
[2026-06-30 09:29:30] SlimMonoLogger.INFO: Cron ran at: 30-06-2026 09:29:30 AM [] []
[2026-06-30 09:29:55] SlimMonoLogger.INFO: Cron ran at: 30-06-2026 09:29:55 AM [] []
[2026-06-30 09:30:07] SlimMonoLogger.INFO: Cron ran at: 30-06-2026 09:30:07 AM [] []
[2026-06-30 09:30:36] SlimMonoLogger.INFO: Cron ran at: 30-06-2026 09:30:36 AM [] []
[2026-06-30 09:31:10] SlimMonoLogger.INFO: Cron ran at: 30-06-2026 09:31:10 AM [] []
[2026-06-30 09:31:14] SlimMonoLogger.INFO: Cron ran at: 30-06-2026 09:31:14 AM [] []
[2026-06-30 09:31:35] SlimMonoLogger.INFO: Cron ran at: 30-06-2026 09:31:35 AM [] []
[2026-06-30 09:31:36] SlimMonoLogger.INFO: Cron ran at: 30-06-2026 09:31:36 AM [] []
[2026-06-30 09:31:56] SlimMonoLogger.INFO: Cron ran at: 30-06-2026 09:31:56 AM [] []
[2026-06-30 09:31:57] SlimMonoLogger.INFO: Cron ran at: 30-06-2026 09:31:57 AM [] []
[2026-06-30 09:32:34] SlimMonoLogger.INFO: Cron ran at: 30-06-2026 09:32:34 AM [] []
[2026-06-30 09:32:34] SlimMonoLogger.INFO: Cron ran at: 30-06-2026 09:32:34 AM [] []
[2026-06-30 09:33:07] SlimMonoLogger.INFO: Cron ran at: 30-06-2026 09:33:07 AM [] []
[2026-06-30 09:33:09] SlimMonoLogger.INFO: Cron ran at: 30-06-2026 09:33:09 AM [] []
[2026-06-30 09:33:19] SlimMonoLogger.INFO: Cron ran at: 30-06-2026 09:33:19 AM [] []
[2026-06-30 09:33:35] SlimMonoLogger.INFO: Cron ran at: 30-06-2026 09:33:35 AM [] []
[2026-06-30 09:33:50] SlimMonoLogger.INFO: Cron ran at: 30-06-2026 09:33:50 AM [] []
[2026-06-30 09:33:52] SlimMonoLogger.INFO: Cron ran at: 30-06-2026 09:33:52 AM [] []
[2026-06-30 09:34:12] SlimMonoLogger.INFO: Cron ran at: 30-06-2026 09:34:12 AM [] []
[2026-06-30 09:34:29] SlimMonoLogger.INFO: Cron ran at: 30-06-2026 09:34:29 AM [] []
[2026-06-30 09:34:51] SlimMonoLogger.INFO: Cron ran at: 30-06-2026 09:34:51 AM [] []
[2026-06-30 09:34:51] SlimMonoLogger.INFO: Cron ran at: 30-06-2026 09:34:51 AM [] []
[2026-06-30 09:35:09] SlimMonoLogger.INFO: Cron ran at: 30-06-2026 09:35:09 AM [] []
[2026-06-30 09:35:55] SlimMonoLogger.INFO: Cron ran at: 30-06-2026 09:35:55 AM [] []
[2026-06-30 09:35:55] SlimMonoLogger.INFO: Cron ran at: 30-06-2026 09:35:55 AM [] []
[2026-06-30 09:36:02] SlimMonoLogger.INFO: Cron ran at: 30-06-2026 09:36:02 AM [] []
[2026-06-30 09:36:42] SlimMonoLogger.INFO: Cron ran at: 30-06-2026 09:36:42 AM [] []
[2026-06-30 09:36:52] SlimMonoLogger.INFO: Cron ran at: 30-06-2026 09:36:52 AM [] []
[2026-06-30 09:36:54] SlimMonoLogger.INFO: Cron ran at: 30-06-2026 09:36:54 AM [] []
[2026-06-30 09:36:55] SlimMonoLogger.INFO: Cron ran at: 30-06-2026 09:36:55 AM [] []
[2026-06-30 09:37:39] SlimMonoLogger.INFO: Cron ran at: 30-06-2026 09:37:39 AM [] []
[2026-06-30 09:37:53] SlimMonoLogger.INFO: Cron ran at: 30-06-2026 09:37:53 AM [] []
[2026-06-30 09:37:55] SlimMonoLogger.INFO: Cron ran at: 30-06-2026 09:37:55 AM [] []
[2026-06-30 09:37:55] SlimMonoLogger.INFO: Cron ran at: 30-06-2026 09:37:55 AM [] []
[2026-06-30 09:39:38] SlimMonoLogger.INFO: Cron ran at: 30-06-2026 09:39:38 AM [] []
[2026-06-30 09:39:39] SlimMonoLogger.INFO: Cron ran at: 30-06-2026 09:39:39 AM [] []
[2026-06-30 09:42:17] SlimMonoLogger.INFO: Cron ran at: 30-06-2026 09:42:17 AM [] []
[2026-06-30 09:43:06] SlimMonoLogger.INFO: Cron ran at: 30-06-2026 09:43:06 AM [] []
[2026-06-30 09:43:52] SlimMonoLogger.INFO: Cron ran at: 30-06-2026 09:43:52 AM [] []
[2026-06-30 09:44:49] SlimMonoLogger.INFO: Cron ran at: 30-06-2026 09:44:49 AM [] []
[2026-06-30 09:45:45] SlimMonoLogger.INFO: Cron ran at: 30-06-2026 09:45:45 AM [] []
[2026-06-30 09:46:35] SlimMonoLogger.INFO: Cron ran at: 30-06-2026 09:46:35 AM [] []
[2026-06-30 09:46:57] SlimMonoLogger.INFO: Cron ran at: 30-06-2026 09:46:57 AM [] []
[2026-06-30 09:47:28] SlimMonoLogger.INFO: Cron ran at: 30-06-2026 09:47:28 AM [] []
[2026-06-30 09:47:47] SlimMonoLogger.INFO: Cron ran at: 30-06-2026 09:47:47 AM [] []
[2026-06-30 09:48:33] SlimMonoLogger.INFO: Cron ran at: 30-06-2026 09:48:33 AM [] []
[2026-06-30 09:48:46] SlimMonoLogger.INFO: Cron ran at: 30-06-2026 09:48:46 AM [] []
[2026-06-30 09:49:30] SlimMonoLogger.INFO: Cron ran at: 30-06-2026 09:49:30 AM [] []
[2026-06-30 09:49:34] SlimMonoLogger.INFO: Cron ran at: 30-06-2026 09:49:34 AM [] []
[2026-06-30 09:50:38] SlimMonoLogger.INFO: Cron ran at: 30-06-2026 09:50:38 AM [] []
[2026-06-30 09:50:38] SlimMonoLogger.INFO: Cron ran at: 30-06-2026 09:50:38 AM [] []
[2026-06-30 09:51:25] SlimMonoLogger.INFO: Cron ran at: 30-06-2026 09:51:25 AM [] []
[2026-06-30 09:51:25] SlimMonoLogger.INFO: Cron ran at: 30-06-2026 09:51:25 AM [] []
[2026-06-30 09:52:00] SlimMonoLogger.INFO: Cron ran at: 30-06-2026 09:52:00 AM [] []
[2026-06-30 09:52:20] SlimMonoLogger.INFO: Cron ran at: 30-06-2026 09:52:20 AM [] []
[2026-06-30 09:52:24] SlimMonoLogger.INFO: Cron ran at: 30-06-2026 09:52:24 AM [] []
[2026-06-30 09:52:45] SlimMonoLogger.INFO: Cron ran at: 30-06-2026 09:52:45 AM [] []
[2026-06-30 09:53:18] SlimMonoLogger.INFO: Cron ran at: 30-06-2026 09:53:18 AM [] []
[2026-06-30 09:53:27] SlimMonoLogger.INFO: Cron ran at: 30-06-2026 09:53:27 AM [] []
[2026-06-30 09:53:40] SlimMonoLogger.INFO: Cron ran at: 30-06-2026 09:53:40 AM [] []
[2026-06-30 09:54:20] SlimMonoLogger.INFO: Cron ran at: 30-06-2026 09:54:20 AM [] []
[2026-06-30 09:54:29] SlimMonoLogger.INFO: Cron ran at: 30-06-2026 09:54:29 AM [] []
[2026-06-30 09:54:33] SlimMonoLogger.INFO: Cron ran at: 30-06-2026 09:54:33 AM [] []
[2026-06-30 09:55:18] SlimMonoLogger.INFO: Cron ran at: 30-06-2026 09:55:18 AM [] []
[2026-06-30 09:55:27] SlimMonoLogger.INFO: Cron ran at: 30-06-2026 09:55:27 AM [] []
[2026-06-30 09:55:29] SlimMonoLogger.INFO: Cron ran at: 30-06-2026 09:55:29 AM [] []
[2026-06-30 09:56:21] SlimMonoLogger.INFO: Cron ran at: 30-06-2026 09:56:21 AM [] []
[2026-06-30 09:56:23] SlimMonoLogger.INFO: Cron ran at: 30-06-2026 09:56:23 AM [] []
[2026-06-30 10:07:20] SlimMonoLogger.INFO: Cron ran at: 30-06-2026 10:07:20 AM [] []
[2026-06-30 10:07:58] SlimMonoLogger.INFO: Cron ran at: 30-06-2026 10:07:58 AM [] []
[2026-06-30 10:08:37] SlimMonoLogger.INFO: Cron ran at: 30-06-2026 10:08:37 AM [] []
[2026-06-30 10:09:38] SlimMonoLogger.INFO: Cron ran at: 30-06-2026 10:09:38 AM [] []
[2026-06-30 10:09:55] SlimMonoLogger.ERROR: Requests_Exception: cURL error 35: Recv failure: Connection reset by peer in /home/latihtal/public_html/agregator1/src/vendor/rmccue/requests/library/Requests/Transport/cURL.php:422
Stack trace:
#0 /home/latihtal/public_html/agregator1/src/vendor/rmccue/requests/library/Requests/Transport/cURL.php(177): Requests_Transport_cURL->process_response()
#1 /home/latihtal/public_html/agregator1/src/vendor/rmccue/requests/library/Requests.php(379): Requests_Transport_cURL->request()
#2 /home/latihtal/public_html/agregator1/src/vendor/rmccue/requests/library/Requests/Session.php(205): Requests::request()
#3 /home/latihtal/public_html/agregator1/src/vendor/rmccue/requests/library/Requests/Session.php(132): Requests_Session->request()
#4 /home/latihtal/public_html/agregator1/src/drivers/Http/RssImporter.php(144): Requests_Session->get()
#5 /home/latihtal/public_html/agregator1/src/controllers/Dashboard/DashboardFeedsController.php(534): spark\drivers\Http\RssImporter->fetchPosts()
#6 /home/latihtal/public_html/agregator1/src/controllers/Site/SiteController.php(722): spark\controllers\Dashboard\DashboardFeedsController::importFeedPosts()
#7 [internal function]: spark\controllers\Site\SiteController->runTasks()
#8 /home/latihtal/public_html/agregator1/src/framework/Route.php(173): call_user_func_array()
#9 [internal function]: Slim\Route->Slim\{closure}()
#10 /home/latihtal/public_html/agregator1/src/framework/Route.php(468): call_user_func_array()
#11 /home/latihtal/public_html/agregator1/src/framework/Slim.php(1364): Slim\Route->dispatch()
#12 /home/latihtal/public_html/agregator1/src/framework/Middleware/Flash.php(85): Slim\Slim->call()
#13 /home/latihtal/public_html/agregator1/src/framework/Middleware/MethodOverride.php(92): Slim\Middleware\Flash->call()
#14 /home/latihtal/public_html/agregator1/src/middlewares/CsrfGuard/CsrfGuard.php(47): Slim\Middleware\MethodOverride->call()
#15 /home/latihtal/public_html/agregator1/src/framework/Middleware/PrettyExceptions.php(67): spark\middlewares\CsrfGuard\CsrfGuard->call()
#16 /home/latihtal/public_html/agregator1/src/framework/Slim.php(1308): Slim\Middleware\PrettyExceptions->call()
#17 /home/latihtal/public_html/agregator1/index.php(6): Slim\Slim->run()
#18 {main} [] []
[2026-06-30 10:10:33] SlimMonoLogger.INFO: Cron ran at: 30-06-2026 10:10:33 AM [] []
[2026-06-30 10:11:29] SlimMonoLogger.INFO: Cron ran at: 30-06-2026 10:11:29 AM [] []
[2026-06-30 10:11:52] SlimMonoLogger.INFO: Cron ran at: 30-06-2026 10:11:52 AM [] []
[2026-06-30 10:11:58] SlimMonoLogger.ERROR: Requests_Exception: cURL error 35: Recv failure: Connection reset by peer in /home/latihtal/public_html/agregator1/src/vendor/rmccue/requests/library/Requests/Transport/cURL.php:422
Stack trace:
#0 /home/latihtal/public_html/agregator1/src/vendor/rmccue/requests/library/Requests/Transport/cURL.php(177): Requests_Transport_cURL->process_response()
#1 /home/latihtal/public_html/agregator1/src/vendor/rmccue/requests/library/Requests.php(379): Requests_Transport_cURL->request()
#2 /home/latihtal/public_html/agregator1/src/vendor/rmccue/requests/library/Requests/Session.php(205): Requests::request()
#3 /home/latihtal/public_html/agregator1/src/vendor/rmccue/requests/library/Requests/Session.php(132): Requests_Session->request()
#4 /home/latihtal/public_html/agregator1/src/drivers/Http/RssImporter.php(144): Requests_Session->get()
#5 /home/latihtal/public_html/agregator1/src/controllers/Dashboard/DashboardFeedsController.php(534): spark\drivers\Http\RssImporter->fetchPosts()
#6 /home/latihtal/public_html/agregator1/src/controllers/Site/SiteController.php(722): spark\controllers\Dashboard\DashboardFeedsController::importFeedPosts()
#7 [internal function]: spark\controllers\Site\SiteController->runTasks()
#8 /home/latihtal/public_html/agregator1/src/framework/Route.php(173): call_user_func_array()
#9 [internal function]: Slim\Route->Slim\{closure}()
#10 /home/latihtal/public_html/agregator1/src/framework/Route.php(468): call_user_func_array()
#11 /home/latihtal/public_html/agregator1/src/framework/Slim.php(1364): Slim\Route->dispatch()
#12 /home/latihtal/public_html/agregator1/src/framework/Middleware/Flash.php(85): Slim\Slim->call()
#13 /home/latihtal/public_html/agregator1/src/framework/Middleware/MethodOverride.php(92): Slim\Middleware\Flash->call()
#14 /home/latihtal/public_html/agregator1/src/middlewares/CsrfGuard/CsrfGuard.php(47): Slim\Middleware\MethodOverride->call()
#15 /home/latihtal/public_html/agregator1/src/framework/Middleware/PrettyExceptions.php(67): spark\middlewares\CsrfGuard\CsrfGuard->call()
#16 /home/latihtal/public_html/agregator1/src/framework/Slim.php(1308): Slim\Middleware\PrettyExceptions->call()
#17 /home/latihtal/public_html/agregator1/index.php(6): Slim\Slim->run()
#18 {main} [] []
[2026-06-30 10:12:32] SlimMonoLogger.INFO: Cron ran at: 30-06-2026 10:12:32 AM [] []
[2026-06-30 10:12:33] SlimMonoLogger.INFO: Cron ran at: 30-06-2026 10:12:33 AM [] []
[2026-06-30 10:13:26] SlimMonoLogger.INFO: Cron ran at: 30-06-2026 10:13:26 AM [] []
[2026-06-30 10:13:27] SlimMonoLogger.INFO: Cron ran at: 30-06-2026 10:13:27 AM [] []
[2026-06-30 10:13:49] SlimMonoLogger.ERROR: Requests_Exception: cURL error 35: Recv failure: Connection reset by peer in /home/latihtal/public_html/agregator1/src/vendor/rmccue/requests/library/Requests/Transport/cURL.php:422
Stack trace:
#0 /home/latihtal/public_html/agregator1/src/vendor/rmccue/requests/library/Requests/Transport/cURL.php(177): Requests_Transport_cURL->process_response()
#1 /home/latihtal/public_html/agregator1/src/vendor/rmccue/requests/library/Requests.php(379): Requests_Transport_cURL->request()
#2 /home/latihtal/public_html/agregator1/src/vendor/rmccue/requests/library/Requests/Session.php(205): Requests::request()
#3 /home/latihtal/public_html/agregator1/src/vendor/rmccue/requests/library/Requests/Session.php(132): Requests_Session->request()
#4 /home/latihtal/public_html/agregator1/src/drivers/Http/RssImporter.php(144): Requests_Session->get()
#5 /home/latihtal/public_html/agregator1/src/controllers/Dashboard/DashboardFeedsController.php(534): spark\drivers\Http\RssImporter->fetchPosts()
#6 /home/latihtal/public_html/agregator1/src/controllers/Site/SiteController.php(722): spark\controllers\Dashboard\DashboardFeedsController::importFeedPosts()
#7 [internal function]: spark\controllers\Site\SiteController->runTasks()
#8 /home/latihtal/public_html/agregator1/src/framework/Route.php(173): call_user_func_array()
#9 [internal function]: Slim\Route->Slim\{closure}()
#10 /home/latihtal/public_html/agregator1/src/framework/Route.php(468): call_user_func_array()
#11 /home/latihtal/public_html/agregator1/src/framework/Slim.php(1364): Slim\Route->dispatch()
#12 /home/latihtal/public_html/agregator1/src/framework/Middleware/Flash.php(85): Slim\Slim->call()
#13 /home/latihtal/public_html/agregator1/src/framework/Middleware/MethodOverride.php(92): Slim\Middleware\Flash->call()
#14 /home/latihtal/public_html/agregator1/src/middlewares/CsrfGuard/CsrfGuard.php(47): Slim\Middleware\MethodOverride->call()
#15 /home/latihtal/public_html/agregator1/src/framework/Middleware/PrettyExceptions.php(67): spark\middlewares\CsrfGuard\CsrfGuard->call()
#16 /home/latihtal/public_html/agregator1/src/framework/Slim.php(1308): Slim\Middleware\PrettyExceptions->call()
#17 /home/latihtal/public_html/agregator1/index.php(6): Slim\Slim->run()
#18 {main} [] []
[2026-06-30 10:14:20] SlimMonoLogger.INFO: Cron ran at: 30-06-2026 10:14:20 AM [] []
[2026-06-30 10:14:20] SlimMonoLogger.INFO: Cron ran at: 30-06-2026 10:14:20 AM [] []
[2026-06-30 10:15:17] SlimMonoLogger.INFO: Cron ran at: 30-06-2026 10:15:17 AM [] []
[2026-06-30 10:15:25] SlimMonoLogger.INFO: Cron ran at: 30-06-2026 10:15:25 AM [] []
[2026-06-30 10:16:07] SlimMonoLogger.INFO: Cron ran at: 30-06-2026 10:16:07 AM [] []
[2026-06-30 10:16:14] SlimMonoLogger.ERROR: Requests_Exception: cURL error 35: Recv failure: Connection reset by peer in /home/latihtal/public_html/agregator1/src/vendor/rmccue/requests/library/Requests/Transport/cURL.php:422
Stack trace:
#0 /home/latihtal/public_html/agregator1/src/vendor/rmccue/requests/library/Requests/Transport/cURL.php(177): Requests_Transport_cURL->process_response()
#1 /home/latihtal/public_html/agregator1/src/vendor/rmccue/requests/library/Requests.php(379): Requests_Transport_cURL->request()
#2 /home/latihtal/public_html/agregator1/src/vendor/rmccue/requests/library/Requests/Session.php(205): Requests::request()
#3 /home/latihtal/public_html/agregator1/src/vendor/rmccue/requests/library/Requests/Session.php(132): Requests_Session->request()
#4 /home/latihtal/public_html/agregator1/src/drivers/Http/RssImporter.php(144): Requests_Session->get()
#5 /home/latihtal/public_html/agregator1/src/controllers/Dashboard/DashboardFeedsController.php(534): spark\drivers\Http\RssImporter->fetchPosts()
#6 /home/latihtal/public_html/agregator1/src/controllers/Site/SiteController.php(722): spark\controllers\Dashboard\DashboardFeedsController::importFeedPosts()
#7 [internal function]: spark\controllers\Site\SiteController->runTasks()
#8 /home/latihtal/public_html/agregator1/src/framework/Route.php(173): call_user_func_array()
#9 [internal function]: Slim\Route->Slim\{closure}()
#10 /home/latihtal/public_html/agregator1/src/framework/Route.php(468): call_user_func_array()
#11 /home/latihtal/public_html/agregator1/src/framework/Slim.php(1364): Slim\Route->dispatch()
#12 /home/latihtal/public_html/agregator1/src/framework/Middleware/Flash.php(85): Slim\Slim->call()
#13 /home/latihtal/public_html/agregator1/src/framework/Middleware/MethodOverride.php(92): Slim\Middleware\Flash->call()
#14 /home/latihtal/public_html/agregator1/src/middlewares/CsrfGuard/CsrfGuard.php(47): Slim\Middleware\MethodOverride->call()
#15 /home/latihtal/public_html/agregator1/src/framework/Middleware/PrettyExceptions.php(67): spark\middlewares\CsrfGuard\CsrfGuard->call()
#16 /home/latihtal/public_html/agregator1/src/framework/Slim.php(1308): Slim\Middleware\PrettyExceptions->call()
#17 /home/latihtal/public_html/agregator1/index.php(6): Slim\Slim->run()
#18 {main} [] []
[2026-06-30 10:16:19] SlimMonoLogger.INFO: Cron ran at: 30-06-2026 10:16:19 AM [] []
[2026-06-30 10:16:43] SlimMonoLogger.INFO: Cron ran at: 30-06-2026 10:16:43 AM [] []
[2026-06-30 10:17:02] SlimMonoLogger.INFO: Cron ran at: 30-06-2026 10:17:02 AM [] []
[2026-06-30 10:17:22] SlimMonoLogger.INFO: Cron ran at: 30-06-2026 10:17:22 AM [] []
[2026-06-30 10:17:37] SlimMonoLogger.INFO: Cron ran at: 30-06-2026 10:17:37 AM [] []
[2026-06-30 10:18:09] SlimMonoLogger.INFO: Cron ran at: 30-06-2026 10:18:09 AM [] []
[2026-06-30 10:18:24] SlimMonoLogger.INFO: Cron ran at: 30-06-2026 10:18:24 AM [] []
[2026-06-30 10:18:26] SlimMonoLogger.INFO: Cron ran at: 30-06-2026 10:18:26 AM [] []
[2026-06-30 10:18:59] SlimMonoLogger.INFO: Cron ran at: 30-06-2026 10:18:59 AM [] []
[2026-06-30 10:19:15] SlimMonoLogger.INFO: Cron ran at: 30-06-2026 10:19:15 AM [] []
[2026-06-30 10:19:15] SlimMonoLogger.INFO: Cron ran at: 30-06-2026 10:19:15 AM [] []
[2026-06-30 10:19:57] SlimMonoLogger.INFO: Cron ran at: 30-06-2026 10:19:57 AM [] []
[2026-06-30 10:20:18] SlimMonoLogger.INFO: Cron ran at: 30-06-2026 10:20:18 AM [] []
[2026-06-30 10:20:20] SlimMonoLogger.INFO: Cron ran at: 30-06-2026 10:20:20 AM [] []
[2026-06-30 10:21:01] SlimMonoLogger.INFO: Cron ran at: 30-06-2026 10:21:01 AM [] []
[2026-06-30 10:21:11] SlimMonoLogger.INFO: Cron ran at: 30-06-2026 10:21:11 AM [] []
[2026-06-30 10:21:21] SlimMonoLogger.INFO: Cron ran at: 30-06-2026 10:21:21 AM [] []
[2026-06-30 10:21:32] SlimMonoLogger.INFO: Cron ran at: 30-06-2026 10:21:32 AM [] []
[2026-06-30 10:22:01] SlimMonoLogger.INFO: Cron ran at: 30-06-2026 10:22:01 AM [] []
[2026-06-30 10:22:09] SlimMonoLogger.INFO: Cron ran at: 30-06-2026 10:22:09 AM [] []
[2026-06-30 10:22:22] SlimMonoLogger.INFO: Cron ran at: 30-06-2026 10:22:22 AM [] []
[2026-06-30 10:22:22] SlimMonoLogger.INFO: Cron ran at: 30-06-2026 10:22:22 AM [] []
[2026-06-30 10:23:00] SlimMonoLogger.INFO: Cron ran at: 30-06-2026 10:23:00 AM [] []
[2026-06-30 10:23:09] SlimMonoLogger.INFO: Cron ran at: 30-06-2026 10:23:09 AM [] []
[2026-06-30 10:23:25] SlimMonoLogger.INFO: Cron ran at: 30-06-2026 10:23:25 AM [] []
[2026-06-30 10:23:26] SlimMonoLogger.INFO: Cron ran at: 30-06-2026 10:23:26 AM [] []
[2026-06-30 10:24:01] SlimMonoLogger.INFO: Cron ran at: 30-06-2026 10:24:01 AM [] []
[2026-06-30 10:24:03] SlimMonoLogger.INFO: Cron ran at: 30-06-2026 10:24:03 AM [] []
[2026-06-30 10:24:10] SlimMonoLogger.INFO: Cron ran at: 30-06-2026 10:24:10 AM [] []
[2026-06-30 10:24:20] SlimMonoLogger.INFO: Cron ran at: 30-06-2026 10:24:20 AM [] []
[2026-06-30 10:25:02] SlimMonoLogger.INFO: Cron ran at: 30-06-2026 10:25:02 AM [] []
[2026-06-30 10:25:02] SlimMonoLogger.INFO: Cron ran at: 30-06-2026 10:25:02 AM [] []
[2026-06-30 10:25:05] SlimMonoLogger.INFO: Cron ran at: 30-06-2026 10:25:05 AM [] []
[2026-06-30 10:26:11] SlimMonoLogger.INFO: Cron ran at: 30-06-2026 10:26:11 AM [] []
[2026-06-30 10:26:11] SlimMonoLogger.INFO: Cron ran at: 30-06-2026 10:26:11 AM [] []
[2026-06-30 10:26:11] SlimMonoLogger.INFO: Cron ran at: 30-06-2026 10:26:11 AM [] []
[2026-06-30 10:26:58] SlimMonoLogger.INFO: Cron ran at: 30-06-2026 10:26:58 AM [] []
[2026-06-30 10:26:58] SlimMonoLogger.INFO: Cron ran at: 30-06-2026 10:26:58 AM [] []
[2026-06-30 10:26:58] SlimMonoLogger.INFO: Cron ran at: 30-06-2026 10:26:58 AM [] []
[2026-06-30 10:27:00] SlimMonoLogger.INFO: Cron ran at: 30-06-2026 10:27:00 AM [] []
[2026-06-30 10:27:45] SlimMonoLogger.INFO: Cron ran at: 30-06-2026 10:27:45 AM [] []
[2026-06-30 10:28:00] SlimMonoLogger.INFO: Cron ran at: 30-06-2026 10:28:00 AM [] []
[2026-06-30 10:28:00] SlimMonoLogger.INFO: Cron ran at: 30-06-2026 10:28:00 AM [] []
[2026-06-30 10:28:00] SlimMonoLogger.INFO: Cron ran at: 30-06-2026 10:28:00 AM [] []
[2026-06-30 10:28:40] SlimMonoLogger.INFO: Cron ran at: 30-06-2026 10:28:40 AM [] []
[2026-06-30 10:28:53] SlimMonoLogger.INFO: Cron ran at: 30-06-2026 10:28:53 AM [] []
[2026-06-30 10:28:56] SlimMonoLogger.INFO: Cron ran at: 30-06-2026 10:28:56 AM [] []
[2026-06-30 10:28:56] SlimMonoLogger.INFO: Cron ran at: 30-06-2026 10:28:56 AM [] []
[2026-06-30 10:29:37] SlimMonoLogger.INFO: Cron ran at: 30-06-2026 10:29:37 AM [] []
[2026-06-30 10:29:56] SlimMonoLogger.INFO: Cron ran at: 30-06-2026 10:29:56 AM [] []
[2026-06-30 10:29:56] SlimMonoLogger.INFO: Cron ran at: 30-06-2026 10:29:56 AM [] []
[2026-06-30 10:29:58] SlimMonoLogger.INFO: Cron ran at: 30-06-2026 10:29:58 AM [] []
[2026-06-30 10:30:37] SlimMonoLogger.INFO: Cron ran at: 30-06-2026 10:30:37 AM [] []
[2026-06-30 10:31:02] SlimMonoLogger.INFO: Cron ran at: 30-06-2026 10:31:02 AM [] []
[2026-06-30 10:31:07] SlimMonoLogger.INFO: Cron ran at: 30-06-2026 10:31:07 AM [] []
[2026-06-30 10:31:34] SlimMonoLogger.INFO: Cron ran at: 30-06-2026 10:31:34 AM [] []
[2026-06-30 10:31:47] SlimMonoLogger.INFO: Cron ran at: 30-06-2026 10:31:47 AM [] []
[2026-06-30 10:31:59] SlimMonoLogger.INFO: Cron ran at: 30-06-2026 10:31:59 AM [] []
[2026-06-30 10:32:09] SlimMonoLogger.INFO: Cron ran at: 30-06-2026 10:32:09 AM [] []
[2026-06-30 10:32:24] SlimMonoLogger.INFO: Cron ran at: 30-06-2026 10:32:24 AM [] []
[2026-06-30 10:32:32] SlimMonoLogger.INFO: Cron ran at: 30-06-2026 10:32:32 AM [] []
[2026-06-30 10:32:57] SlimMonoLogger.INFO: Cron ran at: 30-06-2026 10:32:57 AM [] []
[2026-06-30 10:33:05] SlimMonoLogger.INFO: Cron ran at: 30-06-2026 10:33:05 AM [] []
[2026-06-30 10:33:16] SlimMonoLogger.INFO: Cron ran at: 30-06-2026 10:33:16 AM [] []
[2026-06-30 10:33:26] SlimMonoLogger.INFO: Cron ran at: 30-06-2026 10:33:26 AM [] []
[2026-06-30 10:33:57] SlimMonoLogger.INFO: Cron ran at: 30-06-2026 10:33:57 AM [] []
[2026-06-30 10:34:09] SlimMonoLogger.INFO: Cron ran at: 30-06-2026 10:34:09 AM [] []
[2026-06-30 10:34:11] SlimMonoLogger.INFO: Cron ran at: 30-06-2026 10:34:11 AM [] []
[2026-06-30 10:34:12] SlimMonoLogger.INFO: Cron ran at: 30-06-2026 10:34:12 AM [] []
[2026-06-30 10:34:58] SlimMonoLogger.INFO: Cron ran at: 30-06-2026 10:34:58 AM [] []
[2026-06-30 10:35:03] SlimMonoLogger.INFO: Cron ran at: 30-06-2026 10:35:03 AM [] []
[2026-06-30 10:35:04] SlimMonoLogger.INFO: Cron ran at: 30-06-2026 10:35:04 AM [] []
[2026-06-30 10:35:16] SlimMonoLogger.INFO: Cron ran at: 30-06-2026 10:35:16 AM [] []
[2026-06-30 10:35:58] SlimMonoLogger.INFO: Cron ran at: 30-06-2026 10:35:58 AM [] []
[2026-06-30 10:36:07] SlimMonoLogger.INFO: Cron ran at: 30-06-2026 10:36:07 AM [] []
[2026-06-30 10:36:17] SlimMonoLogger.INFO: Cron ran at: 30-06-2026 10:36:17 AM [] []
[2026-06-30 10:36:57] SlimMonoLogger.INFO: Cron ran at: 30-06-2026 10:36:57 AM [] []
[2026-06-30 10:36:59] SlimMonoLogger.INFO: Cron ran at: 30-06-2026 10:36:59 AM [] []
[2026-06-30 10:37:03] SlimMonoLogger.INFO: Cron ran at: 30-06-2026 10:37:03 AM [] []
[2026-06-30 10:37:04] SlimMonoLogger.INFO: Cron ran at: 30-06-2026 10:37:04 AM [] []
[2026-06-30 10:37:51] SlimMonoLogger.INFO: Cron ran at: 30-06-2026 10:37:51 AM [] []
[2026-06-30 10:37:52] SlimMonoLogger.INFO: Cron ran at: 30-06-2026 10:37:52 AM [] []
[2026-06-30 10:37:53] SlimMonoLogger.INFO: Cron ran at: 30-06-2026 10:37:53 AM [] []
[2026-06-30 10:38:06] SlimMonoLogger.INFO: Cron ran at: 30-06-2026 10:38:06 AM [] []
[2026-06-30 10:38:52] SlimMonoLogger.INFO: Cron ran at: 30-06-2026 10:38:52 AM [] []
[2026-06-30 10:38:52] SlimMonoLogger.INFO: Cron ran at: 30-06-2026 10:38:52 AM [] []
[2026-06-30 10:38:52] SlimMonoLogger.INFO: Cron ran at: 30-06-2026 10:38:52 AM [] []
[2026-06-30 10:39:11] SlimMonoLogger.INFO: Cron ran at: 30-06-2026 10:39:11 AM [] []
[2026-06-30 10:39:44] SlimMonoLogger.INFO: Cron ran at: 30-06-2026 10:39:44 AM [] []
[2026-06-30 10:39:45] SlimMonoLogger.INFO: Cron ran at: 30-06-2026 10:39:45 AM [] []
[2026-06-30 10:39:47] SlimMonoLogger.INFO: Cron ran at: 30-06-2026 10:39:47 AM [] []
[2026-06-30 10:40:13] SlimMonoLogger.INFO: Cron ran at: 30-06-2026 10:40:13 AM [] []
[2026-06-30 10:41:03] SlimMonoLogger.INFO: Cron ran at: 30-06-2026 10:41:03 AM [] []
[2026-06-30 10:41:08] SlimMonoLogger.INFO: Cron ran at: 30-06-2026 10:41:08 AM [] []
[2026-06-30 10:41:24] SlimMonoLogger.INFO: Cron ran at: 30-06-2026 10:41:24 AM [] []
[2026-06-30 10:41:43] SlimMonoLogger.INFO: Cron ran at: 30-06-2026 10:41:43 AM [] []
[2026-06-30 10:41:56] SlimMonoLogger.INFO: Cron ran at: 30-06-2026 10:41:56 AM [] []
[2026-06-30 10:41:56] SlimMonoLogger.INFO: Cron ran at: 30-06-2026 10:41:56 AM [] []
[2026-06-30 10:42:29] SlimMonoLogger.INFO: Cron ran at: 30-06-2026 10:42:29 AM [] []
[2026-06-30 10:42:37] SlimMonoLogger.INFO: Cron ran at: 30-06-2026 10:42:37 AM [] []
[2026-06-30 10:42:39] SlimMonoLogger.INFO: Cron ran at: 30-06-2026 10:42:39 AM [] []
[2026-06-30 10:42:45] SlimMonoLogger.INFO: Cron ran at: 30-06-2026 10:42:45 AM [] []
[2026-06-30 10:43:22] SlimMonoLogger.INFO: Cron ran at: 30-06-2026 10:43:22 AM [] []
[2026-06-30 10:43:37] SlimMonoLogger.INFO: Cron ran at: 30-06-2026 10:43:37 AM [] []
[2026-06-30 10:43:37] SlimMonoLogger.INFO: Cron ran at: 30-06-2026 10:43:37 AM [] []
[2026-06-30 10:43:41] SlimMonoLogger.INFO: Cron ran at: 30-06-2026 10:43:41 AM [] []
[2026-06-30 10:44:22] SlimMonoLogger.INFO: Cron ran at: 30-06-2026 10:44:22 AM [] []
[2026-06-30 10:44:27] SlimMonoLogger.INFO: Cron ran at: 30-06-2026 10:44:27 AM [] []
[2026-06-30 10:44:30] SlimMonoLogger.INFO: Cron ran at: 30-06-2026 10:44:30 AM [] []
[2026-06-30 10:44:44] SlimMonoLogger.INFO: Cron ran at: 30-06-2026 10:44:44 AM [] []
[2026-06-30 10:45:09] SlimMonoLogger.INFO: Cron ran at: 30-06-2026 10:45:09 AM [] []
[2026-06-30 10:45:16] SlimMonoLogger.INFO: Cron ran at: 30-06-2026 10:45:16 AM [] []
[2026-06-30 10:45:20] SlimMonoLogger.INFO: Cron ran at: 30-06-2026 10:45:20 AM [] []
[2026-06-30 10:45:36] SlimMonoLogger.INFO: Cron ran at: 30-06-2026 10:45:36 AM [] []
[2026-06-30 10:46:16] SlimMonoLogger.INFO: Cron ran at: 30-06-2026 10:46:16 AM [] []
[2026-06-30 10:46:27] SlimMonoLogger.INFO: Cron ran at: 30-06-2026 10:46:27 AM [] []
[2026-06-30 10:47:00] SlimMonoLogger.INFO: Cron ran at: 30-06-2026 10:47:00 AM [] []
[2026-06-30 10:47:00] SlimMonoLogger.INFO: Cron ran at: 30-06-2026 10:47:00 AM [] []
[2026-06-30 10:47:17] SlimMonoLogger.INFO: Cron ran at: 30-06-2026 10:47:17 AM [] []
[2026-06-30 10:47:34] SlimMonoLogger.INFO: Cron ran at: 30-06-2026 10:47:34 AM [] []
[2026-06-30 10:47:36] SlimMonoLogger.INFO: Cron ran at: 30-06-2026 10:47:36 AM [] []
[2026-06-30 10:47:37] SlimMonoLogger.INFO: Cron ran at: 30-06-2026 10:47:37 AM [] []
[2026-06-30 10:48:11] SlimMonoLogger.INFO: Cron ran at: 30-06-2026 10:48:11 AM [] []
[2026-06-30 10:48:28] SlimMonoLogger.INFO: Cron ran at: 30-06-2026 10:48:28 AM [] []
[2026-06-30 10:48:29] SlimMonoLogger.INFO: Cron ran at: 30-06-2026 10:48:29 AM [] []
[2026-06-30 10:48:37] SlimMonoLogger.INFO: Cron ran at: 30-06-2026 10:48:37 AM [] []
[2026-06-30 10:49:05] SlimMonoLogger.INFO: Cron ran at: 30-06-2026 10:49:05 AM [] []
[2026-06-30 10:49:20] SlimMonoLogger.INFO: Cron ran at: 30-06-2026 10:49:20 AM [] []
[2026-06-30 10:49:24] SlimMonoLogger.INFO: Cron ran at: 30-06-2026 10:49:24 AM [] []
[2026-06-30 10:49:45] SlimMonoLogger.INFO: Cron ran at: 30-06-2026 10:49:45 AM [] []
[2026-06-30 10:50:08] SlimMonoLogger.INFO: Cron ran at: 30-06-2026 10:50:08 AM [] []
[2026-06-30 10:50:13] SlimMonoLogger.INFO: Cron ran at: 30-06-2026 10:50:13 AM [] []
[2026-06-30 10:50:30] SlimMonoLogger.INFO: Cron ran at: 30-06-2026 10:50:30 AM [] []
[2026-06-30 10:51:14] SlimMonoLogger.INFO: Cron ran at: 30-06-2026 10:51:14 AM [] []
[2026-06-30 10:51:14] SlimMonoLogger.INFO: Cron ran at: 30-06-2026 10:51:14 AM [] []
[2026-06-30 10:51:30] SlimMonoLogger.INFO: Cron ran at: 30-06-2026 10:51:30 AM [] []
[2026-06-30 10:51:34] SlimMonoLogger.INFO: Cron ran at: 30-06-2026 10:51:34 AM [] []
[2026-06-30 10:52:03] SlimMonoLogger.INFO: Cron ran at: 30-06-2026 10:52:03 AM [] []
[2026-06-30 10:52:04] SlimMonoLogger.INFO: Cron ran at: 30-06-2026 10:52:04 AM [] []
[2026-06-30 10:52:24] SlimMonoLogger.INFO: Cron ran at: 30-06-2026 10:52:24 AM [] []
[2026-06-30 10:52:24] SlimMonoLogger.INFO: Cron ran at: 30-06-2026 10:52:24 AM [] []
[2026-06-30 10:53:08] SlimMonoLogger.INFO: Cron ran at: 30-06-2026 10:53:08 AM [] []
[2026-06-30 10:53:09] SlimMonoLogger.INFO: Cron ran at: 30-06-2026 10:53:09 AM [] []
[2026-06-30 10:53:20] SlimMonoLogger.INFO: Cron ran at: 30-06-2026 10:53:20 AM [] []
[2026-06-30 10:53:25] SlimMonoLogger.INFO: Cron ran at: 30-06-2026 10:53:25 AM [] []
[2026-06-30 10:54:01] SlimMonoLogger.INFO: Cron ran at: 30-06-2026 10:54:01 AM [] []
[2026-06-30 10:54:02] SlimMonoLogger.INFO: Cron ran at: 30-06-2026 10:54:02 AM [] []
[2026-06-30 10:54:05] SlimMonoLogger.INFO: Cron ran at: 30-06-2026 10:54:05 AM [] []
[2026-06-30 10:54:21] SlimMonoLogger.INFO: Cron ran at: 30-06-2026 10:54:21 AM [] []
[2026-06-30 10:54:57] SlimMonoLogger.INFO: Cron ran at: 30-06-2026 10:54:57 AM [] []
[2026-06-30 10:55:00] SlimMonoLogger.INFO: Cron ran at: 30-06-2026 10:55:00 AM [] []
[2026-06-30 10:55:04] SlimMonoLogger.INFO: Cron ran at: 30-06-2026 10:55:04 AM [] []
[2026-06-30 10:55:23] SlimMonoLogger.INFO: Cron ran at: 30-06-2026 10:55:23 AM [] []
[2026-06-30 10:56:00] SlimMonoLogger.INFO: Cron ran at: 30-06-2026 10:56:00 AM [] []
[2026-06-30 10:56:02] SlimMonoLogger.INFO: Cron ran at: 30-06-2026 10:56:02 AM [] []
[2026-06-30 10:56:06] SlimMonoLogger.INFO: Cron ran at: 30-06-2026 10:56:06 AM [] []
[2026-06-30 10:56:31] SlimMonoLogger.INFO: Cron ran at: 30-06-2026 10:56:31 AM [] []
[2026-06-30 10:56:51] SlimMonoLogger.INFO: Cron ran at: 30-06-2026 10:56:51 AM [] []
[2026-06-30 10:56:52] SlimMonoLogger.INFO: Cron ran at: 30-06-2026 10:56:52 AM [] []
[2026-06-30 10:57:01] SlimMonoLogger.INFO: Cron ran at: 30-06-2026 10:57:01 AM [] []
[2026-06-30 10:57:19] SlimMonoLogger.INFO: Cron ran at: 30-06-2026 10:57:19 AM [] []
[2026-06-30 10:57:52] SlimMonoLogger.INFO: Cron ran at: 30-06-2026 10:57:52 AM [] []
[2026-06-30 10:57:54] SlimMonoLogger.INFO: Cron ran at: 30-06-2026 10:57:54 AM [] []
[2026-06-30 10:57:55] SlimMonoLogger.INFO: Cron ran at: 30-06-2026 10:57:55 AM [] []
[2026-06-30 10:58:06] SlimMonoLogger.INFO: Cron ran at: 30-06-2026 10:58:06 AM [] []
[2026-06-30 10:58:50] SlimMonoLogger.INFO: Cron ran at: 30-06-2026 10:58:50 AM [] []
[2026-06-30 10:58:51] SlimMonoLogger.INFO: Cron ran at: 30-06-2026 10:58:51 AM [] []
[2026-06-30 10:58:59] SlimMonoLogger.INFO: Cron ran at: 30-06-2026 10:58:59 AM [] []
[2026-06-30 10:59:00] SlimMonoLogger.INFO: Cron ran at: 30-06-2026 10:59:00 AM [] []
[2026-06-30 10:59:45] SlimMonoLogger.INFO: Cron ran at: 30-06-2026 10:59:45 AM [] []
[2026-06-30 10:59:54] SlimMonoLogger.INFO: Cron ran at: 30-06-2026 10:59:54 AM [] []
[2026-06-30 10:59:56] SlimMonoLogger.INFO: Cron ran at: 30-06-2026 10:59:56 AM [] []
[2026-06-30 10:59:56] SlimMonoLogger.INFO: Cron ran at: 30-06-2026 10:59:56 AM [] []
[2026-06-30 11:00:57] SlimMonoLogger.INFO: Cron ran at: 30-06-2026 11:00:57 AM [] []
[2026-06-30 11:00:57] SlimMonoLogger.INFO: Cron ran at: 30-06-2026 11:00:57 AM [] []
[2026-06-30 11:00:58] SlimMonoLogger.INFO: Cron ran at: 30-06-2026 11:00:58 AM [] []
[2026-06-30 11:01:48] SlimMonoLogger.INFO: Cron ran at: 30-06-2026 11:01:48 AM [] []
[2026-06-30 11:01:48] SlimMonoLogger.INFO: Cron ran at: 30-06-2026 11:01:48 AM [] []
[2026-06-30 11:01:49] SlimMonoLogger.INFO: Cron ran at: 30-06-2026 11:01:49 AM [] []
[2026-06-30 11:02:01] SlimMonoLogger.INFO: Cron ran at: 30-06-2026 11:02:01 AM [] []
[2026-06-30 11:02:44] SlimMonoLogger.INFO: Cron ran at: 30-06-2026 11:02:44 AM [] []
[2026-06-30 11:02:45] SlimMonoLogger.INFO: Cron ran at: 30-06-2026 11:02:45 AM [] []
[2026-06-30 11:02:45] SlimMonoLogger.INFO: Cron ran at: 30-06-2026 11:02:45 AM [] []
[2026-06-30 11:03:00] SlimMonoLogger.INFO: Cron ran at: 30-06-2026 11:03:00 AM [] []
[2026-06-30 11:03:39] SlimMonoLogger.INFO: Cron ran at: 30-06-2026 11:03:39 AM [] []
[2026-06-30 11:03:45] SlimMonoLogger.INFO: Cron ran at: 30-06-2026 11:03:45 AM [] []
[2026-06-30 11:03:46] SlimMonoLogger.INFO: Cron ran at: 30-06-2026 11:03:46 AM [] []
[2026-06-30 11:03:57] SlimMonoLogger.INFO: Cron ran at: 30-06-2026 11:03:57 AM [] []
[2026-06-30 11:04:30] SlimMonoLogger.INFO: Cron ran at: 30-06-2026 11:04:30 AM [] []
[2026-06-30 11:04:45] SlimMonoLogger.INFO: Cron ran at: 30-06-2026 11:04:45 AM [] []
[2026-06-30 11:04:46] SlimMonoLogger.INFO: Cron ran at: 30-06-2026 11:04:46 AM [] []
[2026-06-30 11:04:55] SlimMonoLogger.INFO: Cron ran at: 30-06-2026 11:04:55 AM [] []
[2026-06-30 11:05:19] SlimMonoLogger.INFO: Cron ran at: 30-06-2026 11:05:19 AM [] []
[2026-06-30 11:05:48] SlimMonoLogger.INFO: Cron ran at: 30-06-2026 11:05:48 AM [] []
[2026-06-30 11:05:50] SlimMonoLogger.INFO: Cron ran at: 30-06-2026 11:05:50 AM [] []
[2026-06-30 11:06:19] SlimMonoLogger.INFO: Cron ran at: 30-06-2026 11:06:19 AM [] []
[2026-06-30 11:06:44] SlimMonoLogger.INFO: Cron ran at: 30-06-2026 11:06:44 AM [] []
[2026-06-30 11:06:45] SlimMonoLogger.INFO: Cron ran at: 30-06-2026 11:06:45 AM [] []
[2026-06-30 11:06:46] SlimMonoLogger.INFO: Cron ran at: 30-06-2026 11:06:46 AM [] []
[2026-06-30 11:07:15] SlimMonoLogger.INFO: Cron ran at: 30-06-2026 11:07:15 AM [] []
[2026-06-30 11:07:36] SlimMonoLogger.INFO: Cron ran at: 30-06-2026 11:07:36 AM [] []
[2026-06-30 11:07:44] SlimMonoLogger.INFO: Cron ran at: 30-06-2026 11:07:44 AM [] []
[2026-06-30 11:07:44] SlimMonoLogger.INFO: Cron ran at: 30-06-2026 11:07:44 AM [] []
[2026-06-30 11:08:11] SlimMonoLogger.INFO: Cron ran at: 30-06-2026 11:08:11 AM [] []
[2026-06-30 11:08:29] SlimMonoLogger.INFO: Cron ran at: 30-06-2026 11:08:29 AM [] []
[2026-06-30 11:08:43] SlimMonoLogger.INFO: Cron ran at: 30-06-2026 11:08:43 AM [] []
[2026-06-30 11:08:48] SlimMonoLogger.INFO: Cron ran at: 30-06-2026 11:08:48 AM [] []
[2026-06-30 11:09:05] SlimMonoLogger.INFO: Cron ran at: 30-06-2026 11:09:05 AM [] []
[2026-06-30 11:09:18] SlimMonoLogger.INFO: Cron ran at: 30-06-2026 11:09:18 AM [] []
[2026-06-30 11:09:42] SlimMonoLogger.INFO: Cron ran at: 30-06-2026 11:09:42 AM [] []
[2026-06-30 11:09:43] SlimMonoLogger.INFO: Cron ran at: 30-06-2026 11:09:43 AM [] []
[2026-06-30 11:10:06] SlimMonoLogger.INFO: Cron ran at: 30-06-2026 11:10:06 AM [] []
[2026-06-30 11:10:15] SlimMonoLogger.INFO: Cron ran at: 30-06-2026 11:10:15 AM [] []
[2026-06-30 11:10:42] SlimMonoLogger.INFO: Cron ran at: 30-06-2026 11:10:42 AM [] []
[2026-06-30 11:11:08] SlimMonoLogger.INFO: Cron ran at: 30-06-2026 11:11:08 AM [] []
[2026-06-30 11:11:08] SlimMonoLogger.INFO: Cron ran at: 30-06-2026 11:11:08 AM [] []
[2026-06-30 11:11:34] SlimMonoLogger.INFO: Cron ran at: 30-06-2026 11:11:34 AM [] []
[2026-06-30 11:11:40] SlimMonoLogger.INFO: Cron ran at: 30-06-2026 11:11:40 AM [] []
[2026-06-30 11:12:06] SlimMonoLogger.INFO: Cron ran at: 30-06-2026 11:12:06 AM [] []
[2026-06-30 11:12:06] SlimMonoLogger.INFO: Cron ran at: 30-06-2026 11:12:06 AM [] []
[2026-06-30 11:12:25] SlimMonoLogger.INFO: Cron ran at: 30-06-2026 11:12:25 AM [] []
[2026-06-30 11:12:44] SlimMonoLogger.INFO: Cron ran at: 30-06-2026 11:12:44 AM [] []
[2026-06-30 11:13:04] SlimMonoLogger.INFO: Cron ran at: 30-06-2026 11:13:04 AM [] []
[2026-06-30 11:13:07] SlimMonoLogger.INFO: Cron ran at: 30-06-2026 11:13:07 AM [] []
[2026-06-30 11:13:21] SlimMonoLogger.INFO: Cron ran at: 30-06-2026 11:13:21 AM [] []
[2026-06-30 11:13:45] SlimMonoLogger.INFO: Cron ran at: 30-06-2026 11:13:45 AM [] []
[2026-06-30 11:14:00] SlimMonoLogger.INFO: Cron ran at: 30-06-2026 11:14:00 AM [] []
[2026-06-30 11:14:06] SlimMonoLogger.INFO: Cron ran at: 30-06-2026 11:14:06 AM [] []
[2026-06-30 11:14:07] SlimMonoLogger.INFO: Cron ran at: 30-06-2026 11:14:07 AM [] []
[2026-06-30 11:14:43] SlimMonoLogger.INFO: Cron ran at: 30-06-2026 11:14:43 AM [] []
[2026-06-30 11:14:55] SlimMonoLogger.INFO: Cron ran at: 30-06-2026 11:14:55 AM [] []
[2026-06-30 11:14:59] SlimMonoLogger.INFO: Cron ran at: 30-06-2026 11:14:59 AM [] []
[2026-06-30 11:15:00] SlimMonoLogger.INFO: Cron ran at: 30-06-2026 11:15:00 AM [] []
[2026-06-30 11:15:58] SlimMonoLogger.INFO: Cron ran at: 30-06-2026 11:15:58 AM [] []
[2026-06-30 11:15:59] SlimMonoLogger.INFO: Cron ran at: 30-06-2026 11:15:59 AM [] []
[2026-06-30 11:16:06] SlimMonoLogger.INFO: Cron ran at: 30-06-2026 11:16:06 AM [] []
[2026-06-30 11:16:46] SlimMonoLogger.INFO: Cron ran at: 30-06-2026 11:16:46 AM [] []
[2026-06-30 11:17:03] SlimMonoLogger.INFO: Cron ran at: 30-06-2026 11:17:03 AM [] []
[2026-06-30 11:17:03] SlimMonoLogger.INFO: Cron ran at: 30-06-2026 11:17:03 AM [] []
[2026-06-30 11:17:06] SlimMonoLogger.INFO: Cron ran at: 30-06-2026 11:17:06 AM [] []
[2026-06-30 11:17:29] SlimMonoLogger.INFO: Cron ran at: 30-06-2026 11:17:29 AM [] []
[2026-06-30 11:17:51] SlimMonoLogger.INFO: Cron ran at: 30-06-2026 11:17:51 AM [] []
[2026-06-30 11:17:59] SlimMonoLogger.INFO: Cron ran at: 30-06-2026 11:17:59 AM [] []
[2026-06-30 11:18:10] SlimMonoLogger.INFO: Cron ran at: 30-06-2026 11:18:10 AM [] []
[2026-06-30 11:18:20] SlimMonoLogger.INFO: Cron ran at: 30-06-2026 11:18:20 AM [] []
[2026-06-30 11:18:58] SlimMonoLogger.INFO: Cron ran at: 30-06-2026 11:18:58 AM [] []
[2026-06-30 11:18:59] SlimMonoLogger.INFO: Cron ran at: 30-06-2026 11:18:59 AM [] []
[2026-06-30 11:19:02] SlimMonoLogger.INFO: Cron ran at: 30-06-2026 11:19:02 AM [] []
[2026-06-30 11:19:13] SlimMonoLogger.INFO: Cron ran at: 30-06-2026 11:19:13 AM [] []
[2026-06-30 11:19:42] SlimMonoLogger.INFO: Cron ran at: 30-06-2026 11:19:42 AM [] []
[2026-06-30 11:19:56] SlimMonoLogger.INFO: Cron ran at: 30-06-2026 11:19:56 AM [] []
[2026-06-30 11:20:08] SlimMonoLogger.INFO: Cron ran at: 30-06-2026 11:20:08 AM [] []
[2026-06-30 11:20:08] SlimMonoLogger.INFO: Cron ran at: 30-06-2026 11:20:08 AM [] []
[2026-06-30 11:20:47] SlimMonoLogger.INFO: Cron ran at: 30-06-2026 11:20:47 AM [] []
[2026-06-30 11:21:02] SlimMonoLogger.INFO: Cron ran at: 30-06-2026 11:21:02 AM [] []
[2026-06-30 11:21:04] SlimMonoLogger.INFO: Cron ran at: 30-06-2026 11:21:04 AM [] []
[2026-06-30 11:21:41] SlimMonoLogger.INFO: Cron ran at: 30-06-2026 11:21:41 AM [] []
[2026-06-30 11:21:44] SlimMonoLogger.INFO: Cron ran at: 30-06-2026 11:21:44 AM [] []
[2026-06-30 11:21:56] SlimMonoLogger.INFO: Cron ran at: 30-06-2026 11:21:56 AM [] []
[2026-06-30 11:21:57] SlimMonoLogger.INFO: Cron ran at: 30-06-2026 11:21:57 AM [] []
[2026-06-30 11:22:33] SlimMonoLogger.INFO: Cron ran at: 30-06-2026 11:22:33 AM [] []
[2026-06-30 11:22:40] SlimMonoLogger.INFO: Cron ran at: 30-06-2026 11:22:40 AM [] []
[2026-06-30 11:22:54] SlimMonoLogger.INFO: Cron ran at: 30-06-2026 11:22:54 AM [] []
[2026-06-30 11:22:54] SlimMonoLogger.INFO: Cron ran at: 30-06-2026 11:22:54 AM [] []
[2026-06-30 11:23:24] SlimMonoLogger.INFO: Cron ran at: 30-06-2026 11:23:24 AM [] []
[2026-06-30 11:23:44] SlimMonoLogger.INFO: Cron ran at: 30-06-2026 11:23:44 AM [] []
[2026-06-30 11:23:55] SlimMonoLogger.INFO: Cron ran at: 30-06-2026 11:23:55 AM [] []
[2026-06-30 11:23:58] SlimMonoLogger.INFO: Cron ran at: 30-06-2026 11:23:58 AM [] []
[2026-06-30 11:24:18] SlimMonoLogger.INFO: Cron ran at: 30-06-2026 11:24:18 AM [] []
[2026-06-30 11:24:43] SlimMonoLogger.INFO: Cron ran at: 30-06-2026 11:24:43 AM [] []
[2026-06-30 11:24:55] SlimMonoLogger.INFO: Cron ran at: 30-06-2026 11:24:55 AM [] []
[2026-06-30 11:24:57] SlimMonoLogger.INFO: Cron ran at: 30-06-2026 11:24:57 AM [] []
[2026-06-30 11:25:09] SlimMonoLogger.INFO: Cron ran at: 30-06-2026 11:25:09 AM [] []
[2026-06-30 11:25:45] SlimMonoLogger.INFO: Cron ran at: 30-06-2026 11:25:45 AM [] []
[2026-06-30 11:25:54] SlimMonoLogger.INFO: Cron ran at: 30-06-2026 11:25:54 AM [] []
[2026-06-30 11:26:04] SlimMonoLogger.INFO: Cron ran at: 30-06-2026 11:26:04 AM [] []
[2026-06-30 11:26:42] SlimMonoLogger.INFO: Cron ran at: 30-06-2026 11:26:42 AM [] []
[2026-06-30 11:26:43] SlimMonoLogger.INFO: Cron ran at: 30-06-2026 11:26:43 AM [] []
[2026-06-30 11:26:53] SlimMonoLogger.INFO: Cron ran at: 30-06-2026 11:26:53 AM [] []
[2026-06-30 11:27:02] SlimMonoLogger.INFO: Cron ran at: 30-06-2026 11:27:02 AM [] []
[2026-06-30 11:27:32] SlimMonoLogger.INFO: Cron ran at: 30-06-2026 11:27:32 AM [] []
[2026-06-30 11:27:43] SlimMonoLogger.INFO: Cron ran at: 30-06-2026 11:27:43 AM [] []
[2026-06-30 11:27:57] SlimMonoLogger.INFO: Cron ran at: 30-06-2026 11:27:57 AM [] []
[2026-06-30 11:27:58] SlimMonoLogger.INFO: Cron ran at: 30-06-2026 11:27:58 AM [] []
[2026-06-30 11:28:27] SlimMonoLogger.INFO: Cron ran at: 30-06-2026 11:28:27 AM [] []
[2026-06-30 11:28:51] SlimMonoLogger.INFO: Cron ran at: 30-06-2026 11:28:51 AM [] []
[2026-06-30 11:28:55] SlimMonoLogger.INFO: Cron ran at: 30-06-2026 11:28:55 AM [] []
[2026-06-30 11:29:04] SlimMonoLogger.INFO: Cron ran at: 30-06-2026 11:29:04 AM [] []
[2026-06-30 11:29:20] SlimMonoLogger.INFO: Cron ran at: 30-06-2026 11:29:20 AM [] []
[2026-06-30 11:29:50] SlimMonoLogger.INFO: Cron ran at: 30-06-2026 11:29:50 AM [] []
[2026-06-30 11:29:59] SlimMonoLogger.INFO: Cron ran at: 30-06-2026 11:29:59 AM [] []
[2026-06-30 11:29:59] SlimMonoLogger.INFO: Cron ran at: 30-06-2026 11:29:59 AM [] []
[2026-06-30 11:30:16] SlimMonoLogger.INFO: Cron ran at: 30-06-2026 11:30:16 AM [] []
[2026-06-30 11:31:04] SlimMonoLogger.INFO: Cron ran at: 30-06-2026 11:31:04 AM [] []
[2026-06-30 11:31:04] SlimMonoLogger.INFO: Cron ran at: 30-06-2026 11:31:04 AM [] []
[2026-06-30 11:31:08] SlimMonoLogger.INFO: Cron ran at: 30-06-2026 11:31:08 AM [] []
[2026-06-30 11:31:30] SlimMonoLogger.ERROR: Requests_Exception: cURL error 35: Recv failure: Connection reset by peer in /home/latihtal/public_html/agregator1/src/vendor/rmccue/requests/library/Requests/Transport/cURL.php:422
Stack trace:
#0 /home/latihtal/public_html/agregator1/src/vendor/rmccue/requests/library/Requests/Transport/cURL.php(177): Requests_Transport_cURL->process_response()
#1 /home/latihtal/public_html/agregator1/src/vendor/rmccue/requests/library/Requests.php(379): Requests_Transport_cURL->request()
#2 /home/latihtal/public_html/agregator1/src/vendor/rmccue/requests/library/Requests/Session.php(205): Requests::request()
#3 /home/latihtal/public_html/agregator1/src/vendor/rmccue/requests/library/Requests/Session.php(132): Requests_Session->request()
#4 /home/latihtal/public_html/agregator1/src/drivers/Http/RssImporter.php(144): Requests_Session->get()
#5 /home/latihtal/public_html/agregator1/src/controllers/Dashboard/DashboardFeedsController.php(534): spark\drivers\Http\RssImporter->fetchPosts()
#6 /home/latihtal/public_html/agregator1/src/controllers/Site/SiteController.php(722): spark\controllers\Dashboard\DashboardFeedsController::importFeedPosts()
#7 [internal function]: spark\controllers\Site\SiteController->runTasks()
#8 /home/latihtal/public_html/agregator1/src/framework/Route.php(173): call_user_func_array()
#9 [internal function]: Slim\Route->Slim\{closure}()
#10 /home/latihtal/public_html/agregator1/src/framework/Route.php(468): call_user_func_array()
#11 /home/latihtal/public_html/agregator1/src/framework/Slim.php(1364): Slim\Route->dispatch()
#12 /home/latihtal/public_html/agregator1/src/framework/Middleware/Flash.php(85): Slim\Slim->call()
#13 /home/latihtal/public_html/agregator1/src/framework/Middleware/MethodOverride.php(92): Slim\Middleware\Flash->call()
#14 /home/latihtal/public_html/agregator1/src/middlewares/CsrfGuard/CsrfGuard.php(47): Slim\Middleware\MethodOverride->call()
#15 /home/latihtal/public_html/agregator1/src/framework/Middleware/PrettyExceptions.php(67): spark\middlewares\CsrfGuard\CsrfGuard->call()
#16 /home/latihtal/public_html/agregator1/src/framework/Slim.php(1308): Slim\Middleware\PrettyExceptions->call()
#17 /home/latihtal/public_html/agregator1/index.php(6): Slim\Slim->run()
#18 {main} [] []
[2026-06-30 11:32:05] SlimMonoLogger.INFO: Cron ran at: 30-06-2026 11:32:05 AM [] []
[2026-06-30 11:32:05] SlimMonoLogger.INFO: Cron ran at: 30-06-2026 11:32:05 AM [] []
[2026-06-30 11:32:06] SlimMonoLogger.INFO: Cron ran at: 30-06-2026 11:32:06 AM [] []
[2026-06-30 11:32:06] SlimMonoLogger.INFO: Cron ran at: 30-06-2026 11:32:06 AM [] []
[2026-06-30 11:33:00] SlimMonoLogger.INFO: Cron ran at: 30-06-2026 11:33:00 AM [] []
[2026-06-30 11:33:01] SlimMonoLogger.INFO: Cron ran at: 30-06-2026 11:33:01 AM [] []
[2026-06-30 11:33:02] SlimMonoLogger.INFO: Cron ran at: 30-06-2026 11:33:02 AM [] []
[2026-06-30 11:33:06] SlimMonoLogger.INFO: Cron ran at: 30-06-2026 11:33:06 AM [] []
[2026-06-30 11:33:53] SlimMonoLogger.INFO: Cron ran at: 30-06-2026 11:33:53 AM [] []
[2026-06-30 11:33:59] SlimMonoLogger.INFO: Cron ran at: 30-06-2026 11:33:59 AM [] []
[2026-06-30 11:34:00] SlimMonoLogger.INFO: Cron ran at: 30-06-2026 11:34:00 AM [] []
[2026-06-30 11:34:01] SlimMonoLogger.INFO: Cron ran at: 30-06-2026 11:34:01 AM [] []
[2026-06-30 11:34:49] SlimMonoLogger.INFO: Cron ran at: 30-06-2026 11:34:49 AM [] []
[2026-06-30 11:35:04] SlimMonoLogger.INFO: Cron ran at: 30-06-2026 11:35:04 AM [] []
[2026-06-30 11:35:04] SlimMonoLogger.INFO: Cron ran at: 30-06-2026 11:35:04 AM [] []
[2026-06-30 11:35:05] SlimMonoLogger.INFO: Cron ran at: 30-06-2026 11:35:05 AM [] []
[2026-06-30 11:35:50] SlimMonoLogger.INFO: Cron ran at: 30-06-2026 11:35:50 AM [] []
[2026-06-30 11:36:10] SlimMonoLogger.INFO: Cron ran at: 30-06-2026 11:36:10 AM [] []
[2026-06-30 11:36:10] SlimMonoLogger.INFO: Cron ran at: 30-06-2026 11:36:10 AM [] []
[2026-06-30 11:36:28] SlimMonoLogger.INFO: Cron ran at: 30-06-2026 11:36:28 AM [] []
[2026-06-30 11:36:32] SlimMonoLogger.INFO: Cron ran at: 30-06-2026 11:36:32 AM [] []
[2026-06-30 11:36:58] SlimMonoLogger.INFO: Cron ran at: 30-06-2026 11:36:58 AM [] []
[2026-06-30 11:37:00] SlimMonoLogger.INFO: Cron ran at: 30-06-2026 11:37:00 AM [] []
[2026-06-30 11:37:14] SlimMonoLogger.INFO: Cron ran at: 30-06-2026 11:37:14 AM [] []
[2026-06-30 11:37:19] SlimMonoLogger.INFO: Cron ran at: 30-06-2026 11:37:19 AM [] []
[2026-06-30 11:37:56] SlimMonoLogger.INFO: Cron ran at: 30-06-2026 11:37:56 AM [] []
[2026-06-30 11:37:58] SlimMonoLogger.INFO: Cron ran at: 30-06-2026 11:37:58 AM [] []
[2026-06-30 11:38:04] SlimMonoLogger.INFO: Cron ran at: 30-06-2026 11:38:04 AM [] []
[2026-06-30 11:38:20] SlimMonoLogger.INFO: Cron ran at: 30-06-2026 11:38:20 AM [] []
[2026-06-30 11:38:58] SlimMonoLogger.INFO: Cron ran at: 30-06-2026 11:38:58 AM [] []
[2026-06-30 11:38:58] SlimMonoLogger.INFO: Cron ran at: 30-06-2026 11:38:58 AM [] []
[2026-06-30 11:38:59] SlimMonoLogger.INFO: Cron ran at: 30-06-2026 11:38:59 AM [] []
[2026-06-30 11:39:18] SlimMonoLogger.INFO: Cron ran at: 30-06-2026 11:39:18 AM [] []
[2026-06-30 11:39:18] SlimMonoLogger.INFO: Cron ran at: 30-06-2026 11:39:18 AM [] []
[2026-06-30 11:39:56] SlimMonoLogger.INFO: Cron ran at: 30-06-2026 11:39:56 AM [] []
[2026-06-30 11:39:56] SlimMonoLogger.INFO: Cron ran at: 30-06-2026 11:39:56 AM [] []
[2026-06-30 11:40:20] SlimMonoLogger.INFO: Cron ran at: 30-06-2026 11:40:20 AM [] []
[2026-06-30 11:40:53] SlimMonoLogger.INFO: Cron ran at: 30-06-2026 11:40:53 AM [] []
[2026-06-30 11:40:58] SlimMonoLogger.INFO: Cron ran at: 30-06-2026 11:40:58 AM [] []
[2026-06-30 11:41:23] SlimMonoLogger.INFO: Cron ran at: 30-06-2026 11:41:23 AM [] []
[2026-06-30 11:41:47] SlimMonoLogger.INFO: Cron ran at: 30-06-2026 11:41:47 AM [] []
[2026-06-30 11:41:48] SlimMonoLogger.INFO: Cron ran at: 30-06-2026 11:41:48 AM [] []
[2026-06-30 11:41:56] SlimMonoLogger.INFO: Cron ran at: 30-06-2026 11:41:56 AM [] []
[2026-06-30 11:42:24] SlimMonoLogger.INFO: Cron ran at: 30-06-2026 11:42:24 AM [] []
[2026-06-30 11:42:46] SlimMonoLogger.INFO: Cron ran at: 30-06-2026 11:42:46 AM [] []
[2026-06-30 11:42:48] SlimMonoLogger.INFO: Cron ran at: 30-06-2026 11:42:48 AM [] []
[2026-06-30 11:43:11] SlimMonoLogger.INFO: Cron ran at: 30-06-2026 11:43:11 AM [] []
[2026-06-30 11:43:29] SlimMonoLogger.INFO: Cron ran at: 30-06-2026 11:43:29 AM [] []
[2026-06-30 11:43:40] SlimMonoLogger.INFO: Cron ran at: 30-06-2026 11:43:40 AM [] []
[2026-06-30 11:43:46] SlimMonoLogger.INFO: Cron ran at: 30-06-2026 11:43:46 AM [] []
[2026-06-30 11:44:05] SlimMonoLogger.INFO: Cron ran at: 30-06-2026 11:44:05 AM [] []
[2026-06-30 11:44:27] SlimMonoLogger.INFO: Cron ran at: 30-06-2026 11:44:27 AM [] []
[2026-06-30 11:44:36] SlimMonoLogger.INFO: Cron ran at: 30-06-2026 11:44:36 AM [] []
[2026-06-30 11:44:47] SlimMonoLogger.INFO: Cron ran at: 30-06-2026 11:44:47 AM [] []
[2026-06-30 11:45:08] SlimMonoLogger.INFO: Cron ran at: 30-06-2026 11:45:08 AM [] []
[2026-06-30 11:45:22] SlimMonoLogger.INFO: Cron ran at: 30-06-2026 11:45:22 AM [] []
[2026-06-30 11:45:22] SlimMonoLogger.INFO: Cron ran at: 30-06-2026 11:45:22 AM [] []
[2026-06-30 11:45:45] SlimMonoLogger.INFO: Cron ran at: 30-06-2026 11:45:45 AM [] []
[2026-06-30 11:46:20] SlimMonoLogger.INFO: Cron ran at: 30-06-2026 11:46:20 AM [] []
[2026-06-30 11:46:21] SlimMonoLogger.INFO: Cron ran at: 30-06-2026 11:46:21 AM [] []
[2026-06-30 11:46:40] SlimMonoLogger.INFO: Cron ran at: 30-06-2026 11:46:40 AM [] []
[2026-06-30 11:46:40] SlimMonoLogger.INFO: Cron ran at: 30-06-2026 11:46:40 AM [] []
[2026-06-30 11:47:16] SlimMonoLogger.INFO: Cron ran at: 30-06-2026 11:47:16 AM [] []
[2026-06-30 11:47:16] SlimMonoLogger.INFO: Cron ran at: 30-06-2026 11:47:16 AM [] []
[2026-06-30 11:47:41] SlimMonoLogger.INFO: Cron ran at: 30-06-2026 11:47:41 AM [] []
[2026-06-30 11:47:43] SlimMonoLogger.INFO: Cron ran at: 30-06-2026 11:47:43 AM [] []
[2026-06-30 11:48:16] SlimMonoLogger.INFO: Cron ran at: 30-06-2026 11:48:16 AM [] []
[2026-06-30 11:48:20] SlimMonoLogger.INFO: Cron ran at: 30-06-2026 11:48:20 AM [] []
[2026-06-30 11:48:27] SlimMonoLogger.INFO: Cron ran at: 30-06-2026 11:48:27 AM [] []
[2026-06-30 11:48:43] SlimMonoLogger.INFO: Cron ran at: 30-06-2026 11:48:43 AM [] []
[2026-06-30 11:49:07] SlimMonoLogger.INFO: Cron ran at: 30-06-2026 11:49:07 AM [] []
[2026-06-30 11:49:15] SlimMonoLogger.INFO: Cron ran at: 30-06-2026 11:49:15 AM [] []
[2026-06-30 11:49:17] SlimMonoLogger.INFO: Cron ran at: 30-06-2026 11:49:17 AM [] []
[2026-06-30 11:49:44] SlimMonoLogger.INFO: Cron ran at: 30-06-2026 11:49:44 AM [] []
[2026-06-30 11:50:08] SlimMonoLogger.INFO: Cron ran at: 30-06-2026 11:50:08 AM [] []
[2026-06-30 11:50:17] SlimMonoLogger.INFO: Cron ran at: 30-06-2026 11:50:17 AM [] []
[2026-06-30 11:50:18] SlimMonoLogger.INFO: Cron ran at: 30-06-2026 11:50:18 AM [] []
[2026-06-30 11:50:44] SlimMonoLogger.INFO: Cron ran at: 30-06-2026 11:50:44 AM [] []
[2026-06-30 11:51:10] SlimMonoLogger.INFO: Cron ran at: 30-06-2026 11:51:10 AM [] []
[2026-06-30 11:51:11] SlimMonoLogger.INFO: Cron ran at: 30-06-2026 11:51:11 AM [] []
[2026-06-30 11:51:45] SlimMonoLogger.INFO: Cron ran at: 30-06-2026 11:51:45 AM [] []
[2026-06-30 11:51:46] SlimMonoLogger.INFO: Cron ran at: 30-06-2026 11:51:46 AM [] []
[2026-06-30 11:52:07] SlimMonoLogger.INFO: Cron ran at: 30-06-2026 11:52:07 AM [] []
[2026-06-30 11:52:07] SlimMonoLogger.INFO: Cron ran at: 30-06-2026 11:52:07 AM [] []
[2026-06-30 11:52:46] SlimMonoLogger.INFO: Cron ran at: 30-06-2026 11:52:46 AM [] []
[2026-06-30 11:52:48] SlimMonoLogger.INFO: Cron ran at: 30-06-2026 11:52:48 AM [] []
[2026-06-30 11:53:10] SlimMonoLogger.INFO: Cron ran at: 30-06-2026 11:53:10 AM [] []
[2026-06-30 11:53:10] SlimMonoLogger.INFO: Cron ran at: 30-06-2026 11:53:10 AM [] []
[2026-06-30 11:53:31] SlimMonoLogger.INFO: Cron ran at: 30-06-2026 11:53:31 AM [] []
[2026-06-30 11:53:38] SlimMonoLogger.INFO: Cron ran at: 30-06-2026 11:53:38 AM [] []
[2026-06-30 11:54:02] SlimMonoLogger.INFO: Cron ran at: 30-06-2026 11:54:02 AM [] []
[2026-06-30 11:54:10] SlimMonoLogger.INFO: Cron ran at: 30-06-2026 11:54:10 AM [] []
[2026-06-30 11:54:24] SlimMonoLogger.INFO: Cron ran at: 30-06-2026 11:54:24 AM [] []
[2026-06-30 11:54:40] SlimMonoLogger.INFO: Cron ran at: 30-06-2026 11:54:40 AM [] []
[2026-06-30 11:55:04] SlimMonoLogger.INFO: Cron ran at: 30-06-2026 11:55:04 AM [] []
[2026-06-30 11:55:06] SlimMonoLogger.INFO: Cron ran at: 30-06-2026 11:55:06 AM [] []
[2026-06-30 11:55:20] SlimMonoLogger.INFO: Cron ran at: 30-06-2026 11:55:20 AM [] []
[2026-06-30 11:56:05] SlimMonoLogger.INFO: Cron ran at: 30-06-2026 11:56:05 AM [] []
[2026-06-30 11:56:05] SlimMonoLogger.INFO: Cron ran at: 30-06-2026 11:56:05 AM [] []
[2026-06-30 11:56:09] SlimMonoLogger.INFO: Cron ran at: 30-06-2026 11:56:09 AM [] []
[2026-06-30 11:56:47] SlimMonoLogger.INFO: Cron ran at: 30-06-2026 11:56:47 AM [] []
[2026-06-30 11:57:03] SlimMonoLogger.INFO: Cron ran at: 30-06-2026 11:57:03 AM [] []
[2026-06-30 11:57:22] SlimMonoLogger.INFO: Cron ran at: 30-06-2026 11:57:22 AM [] []
[2026-06-30 11:57:22] SlimMonoLogger.INFO: Cron ran at: 30-06-2026 11:57:22 AM [] []
[2026-06-30 11:57:35] SlimMonoLogger.INFO: Cron ran at: 30-06-2026 11:57:35 AM [] []
[2026-06-30 11:58:02] SlimMonoLogger.INFO: Cron ran at: 30-06-2026 11:58:02 AM [] []
[2026-06-30 11:58:02] SlimMonoLogger.INFO: Cron ran at: 30-06-2026 11:58:02 AM [] []
[2026-06-30 11:58:04] SlimMonoLogger.INFO: Cron ran at: 30-06-2026 11:58:04 AM [] []
[2026-06-30 11:58:27] SlimMonoLogger.INFO: Cron ran at: 30-06-2026 11:58:27 AM [] []
[2026-06-30 11:59:01] SlimMonoLogger.INFO: Cron ran at: 30-06-2026 11:59:01 AM [] []
[2026-06-30 11:59:02] SlimMonoLogger.INFO: Cron ran at: 30-06-2026 11:59:02 AM [] []
[2026-06-30 11:59:08] SlimMonoLogger.INFO: Cron ran at: 30-06-2026 11:59:08 AM [] []
[2026-06-30 11:59:21] SlimMonoLogger.INFO: Cron ran at: 30-06-2026 11:59:21 AM [] []
[2026-06-30 12:00:05] SlimMonoLogger.INFO: Cron ran at: 30-06-2026 12:00:05 PM [] []
[2026-06-30 12:00:05] SlimMonoLogger.INFO: Cron ran at: 30-06-2026 12:00:05 PM [] []
[2026-06-30 12:00:06] SlimMonoLogger.INFO: Cron ran at: 30-06-2026 12:00:06 PM [] []
[2026-06-30 12:00:16] SlimMonoLogger.INFO: Cron ran at: 30-06-2026 12:00:16 PM [] []
[2026-06-30 12:01:08] SlimMonoLogger.INFO: Cron ran at: 30-06-2026 12:01:08 PM [] []
[2026-06-30 12:01:08] SlimMonoLogger.INFO: Cron ran at: 30-06-2026 12:01:08 PM [] []
[2026-06-30 12:01:13] SlimMonoLogger.INFO: Cron ran at: 30-06-2026 12:01:13 PM [] []
[2026-06-30 12:01:55] SlimMonoLogger.INFO: Cron ran at: 30-06-2026 12:01:55 PM [] []
[2026-06-30 12:02:04] SlimMonoLogger.INFO: Cron ran at: 30-06-2026 12:02:04 PM [] []
[2026-06-30 12:02:04] SlimMonoLogger.INFO: Cron ran at: 30-06-2026 12:02:04 PM [] []
[2026-06-30 12:02:05] SlimMonoLogger.INFO: Cron ran at: 30-06-2026 12:02:05 PM [] []
[2026-06-30 12:02:51] SlimMonoLogger.INFO: Cron ran at: 30-06-2026 12:02:51 PM [] []
[2026-06-30 12:03:04] SlimMonoLogger.INFO: Cron ran at: 30-06-2026 12:03:04 PM [] []
[2026-06-30 12:03:05] SlimMonoLogger.INFO: Cron ran at: 30-06-2026 12:03:05 PM [] []
[2026-06-30 12:03:32] SlimMonoLogger.INFO: Cron ran at: 30-06-2026 12:03:32 PM [] []
[2026-06-30 12:04:00] SlimMonoLogger.INFO: Cron ran at: 30-06-2026 12:04:00 PM [] []
[2026-06-30 12:04:00] SlimMonoLogger.INFO: Cron ran at: 30-06-2026 12:04:00 PM [] []
[2026-06-30 12:04:00] SlimMonoLogger.INFO: Cron ran at: 30-06-2026 12:04:00 PM [] []
[2026-06-30 12:04:28] SlimMonoLogger.INFO: Cron ran at: 30-06-2026 12:04:28 PM [] []
[2026-06-30 12:04:57] SlimMonoLogger.INFO: Cron ran at: 30-06-2026 12:04:57 PM [] []
[2026-06-30 12:04:57] SlimMonoLogger.INFO: Cron ran at: 30-06-2026 12:04:57 PM [] []
[2026-06-30 12:04:59] SlimMonoLogger.INFO: Cron ran at: 30-06-2026 12:04:59 PM [] []
[2026-06-30 12:05:30] SlimMonoLogger.INFO: Cron ran at: 30-06-2026 12:05:30 PM [] []
[2026-06-30 12:06:05] SlimMonoLogger.INFO: Cron ran at: 30-06-2026 12:06:05 PM [] []
[2026-06-30 12:06:05] SlimMonoLogger.INFO: Cron ran at: 30-06-2026 12:06:05 PM [] []
[2026-06-30 12:06:31] SlimMonoLogger.INFO: Cron ran at: 30-06-2026 12:06:31 PM [] []
[2026-06-30 12:07:01] SlimMonoLogger.INFO: Cron ran at: 30-06-2026 12:07:01 PM [] []
[2026-06-30 12:07:02] SlimMonoLogger.INFO: Cron ran at: 30-06-2026 12:07:02 PM [] []
[2026-06-30 12:07:07] SlimMonoLogger.INFO: Cron ran at: 30-06-2026 12:07:07 PM [] []
[2026-06-30 12:07:26] SlimMonoLogger.INFO: Cron ran at: 30-06-2026 12:07:26 PM [] []
[2026-06-30 12:07:53] SlimMonoLogger.INFO: Cron ran at: 30-06-2026 12:07:53 PM [] []
[2026-06-30 12:08:19] SlimMonoLogger.INFO: Cron ran at: 30-06-2026 12:08:19 PM [] []
[2026-06-30 12:08:19] SlimMonoLogger.INFO: Cron ran at: 30-06-2026 12:08:19 PM [] []
[2026-06-30 12:08:32] SlimMonoLogger.INFO: Cron ran at: 30-06-2026 12:08:32 PM [] []
[2026-06-30 12:08:56] SlimMonoLogger.INFO: Cron ran at: 30-06-2026 12:08:56 PM [] []
[2026-06-30 12:09:13] SlimMonoLogger.INFO: Cron ran at: 30-06-2026 12:09:13 PM [] []
[2026-06-30 12:09:15] SlimMonoLogger.INFO: Cron ran at: 30-06-2026 12:09:15 PM [] []
[2026-06-30 12:09:22] SlimMonoLogger.INFO: Cron ran at: 30-06-2026 12:09:22 PM [] []
[2026-06-30 12:09:51] SlimMonoLogger.INFO: Cron ran at: 30-06-2026 12:09:51 PM [] []
[2026-06-30 12:10:04] SlimMonoLogger.INFO: Cron ran at: 30-06-2026 12:10:04 PM [] []
[2026-06-30 12:10:07] SlimMonoLogger.INFO: Cron ran at: 30-06-2026 12:10:07 PM [] []
[2026-06-30 12:10:11] SlimMonoLogger.INFO: Cron ran at: 30-06-2026 12:10:11 PM [] []
[2026-06-30 12:10:36] SlimMonoLogger.INFO: Cron ran at: 30-06-2026 12:10:36 PM [] []
[2026-06-30 12:10:53] SlimMonoLogger.ERROR: Requests_Exception: cURL error 28: Operation timed out after 500000 milliseconds with 0 bytes received in /home/latihtal/public_html/agregator1/src/vendor/rmccue/requests/library/Requests/Transport/cURL.php:422
Stack trace:
#0 /home/latihtal/public_html/agregator1/src/vendor/rmccue/requests/library/Requests/Transport/cURL.php(177): Requests_Transport_cURL->process_response()
#1 /home/latihtal/public_html/agregator1/src/vendor/rmccue/requests/library/Requests.php(379): Requests_Transport_cURL->request()
#2 /home/latihtal/public_html/agregator1/src/vendor/rmccue/requests/library/Requests/Session.php(205): Requests::request()
#3 /home/latihtal/public_html/agregator1/src/vendor/rmccue/requests/library/Requests/Session.php(132): Requests_Session->request()
#4 /home/latihtal/public_html/agregator1/src/drivers/Http/RssImporter.php(144): Requests_Session->get()
#5 /home/latihtal/public_html/agregator1/src/controllers/Dashboard/DashboardFeedsController.php(534): spark\drivers\Http\RssImporter->fetchPosts()
#6 /home/latihtal/public_html/agregator1/src/controllers/Site/SiteController.php(722): spark\controllers\Dashboard\DashboardFeedsController::importFeedPosts()
#7 [internal function]: spark\controllers\Site\SiteController->runTasks()
#8 /home/latihtal/public_html/agregator1/src/framework/Route.php(173): call_user_func_array()
#9 [internal function]: Slim\Route->Slim\{closure}()
#10 /home/latihtal/public_html/agregator1/src/framework/Route.php(468): call_user_func_array()
#11 /home/latihtal/public_html/agregator1/src/framework/Slim.php(1364): Slim\Route->dispatch()
#12 /home/latihtal/public_html/agregator1/src/framework/Middleware/Flash.php(85): Slim\Slim->call()
#13 /home/latihtal/public_html/agregator1/src/framework/Middleware/MethodOverride.php(92): Slim\Middleware\Flash->call()
#14 /home/latihtal/public_html/agregator1/src/middlewares/CsrfGuard/CsrfGuard.php(47): Slim\Middleware\MethodOverride->call()
#15 /home/latihtal/public_html/agregator1/src/framework/Middleware/PrettyExceptions.php(67): spark\middlewares\CsrfGuard\CsrfGuard->call()
#16 /home/latihtal/public_html/agregator1/src/framework/Slim.php(1308): Slim\Middleware\PrettyExceptions->call()
#17 /home/latihtal/public_html/agregator1/index.php(6): Slim\Slim->run()
#18 {main} [] []
[2026-06-30 12:10:56] SlimMonoLogger.INFO: Cron ran at: 30-06-2026 12:10:56 PM [] []
[2026-06-30 12:11:04] SlimMonoLogger.INFO: Cron ran at: 30-06-2026 12:11:04 PM [] []
[2026-06-30 12:11:16] SlimMonoLogger.INFO: Cron ran at: 30-06-2026 12:11:16 PM [] []
[2026-06-30 12:11:31] SlimMonoLogger.INFO: Cron ran at: 30-06-2026 12:11:31 PM [] []
[2026-06-30 12:11:37] SlimMonoLogger.INFO: Cron ran at: 30-06-2026 12:11:37 PM [] []
[2026-06-30 12:12:00] SlimMonoLogger.INFO: Cron ran at: 30-06-2026 12:12:00 PM [] []
[2026-06-30 12:12:02] SlimMonoLogger.INFO: Cron ran at: 30-06-2026 12:12:02 PM [] []
[2026-06-30 12:12:11] SlimMonoLogger.INFO: Cron ran at: 30-06-2026 12:12:11 PM [] []
[2026-06-30 12:12:31] SlimMonoLogger.INFO: Cron ran at: 30-06-2026 12:12:31 PM [] []
[2026-06-30 12:12:59] SlimMonoLogger.INFO: Cron ran at: 30-06-2026 12:12:59 PM [] []
[2026-06-30 12:12:59] SlimMonoLogger.INFO: Cron ran at: 30-06-2026 12:12:59 PM [] []
[2026-06-30 12:13:09] SlimMonoLogger.INFO: Cron ran at: 30-06-2026 12:13:09 PM [] []
[2026-06-30 12:13:26] SlimMonoLogger.INFO: Cron ran at: 30-06-2026 12:13:26 PM [] []
[2026-06-30 12:14:06] SlimMonoLogger.INFO: Cron ran at: 30-06-2026 12:14:06 PM [] []
[2026-06-30 12:14:07] SlimMonoLogger.INFO: Cron ran at: 30-06-2026 12:14:07 PM [] []
[2026-06-30 12:14:12] SlimMonoLogger.INFO: Cron ran at: 30-06-2026 12:14:12 PM [] []
[2026-06-30 12:14:57] SlimMonoLogger.INFO: Cron ran at: 30-06-2026 12:14:57 PM [] []
[2026-06-30 12:14:59] SlimMonoLogger.INFO: Cron ran at: 30-06-2026 12:14:59 PM [] []
[2026-06-30 12:15:04] SlimMonoLogger.INFO: Cron ran at: 30-06-2026 12:15:04 PM [] []
[2026-06-30 12:15:04] SlimMonoLogger.INFO: Cron ran at: 30-06-2026 12:15:04 PM [] []
[2026-06-30 12:15:07] SlimMonoLogger.INFO: Cron ran at: 30-06-2026 12:15:07 PM [] []
[2026-06-30 12:15:35] SlimMonoLogger.ERROR: Requests_Exception: cURL error 35: Recv failure: Connection reset by peer in /home/latihtal/public_html/agregator1/src/vendor/rmccue/requests/library/Requests/Transport/cURL.php:422
Stack trace:
#0 /home/latihtal/public_html/agregator1/src/vendor/rmccue/requests/library/Requests/Transport/cURL.php(177): Requests_Transport_cURL->process_response()
#1 /home/latihtal/public_html/agregator1/src/vendor/rmccue/requests/library/Requests.php(379): Requests_Transport_cURL->request()
#2 /home/latihtal/public_html/agregator1/src/vendor/rmccue/requests/library/Requests/Session.php(205): Requests::request()
#3 /home/latihtal/public_html/agregator1/src/vendor/rmccue/requests/library/Requests/Session.php(132): Requests_Session->request()
#4 /home/latihtal/public_html/agregator1/src/drivers/Http/RssImporter.php(144): Requests_Session->get()
#5 /home/latihtal/public_html/agregator1/src/controllers/Dashboard/DashboardFeedsController.php(534): spark\drivers\Http\RssImporter->fetchPosts()
#6 /home/latihtal/public_html/agregator1/src/controllers/Site/SiteController.php(722): spark\controllers\Dashboard\DashboardFeedsController::importFeedPosts()
#7 [internal function]: spark\controllers\Site\SiteController->runTasks()
#8 /home/latihtal/public_html/agregator1/src/framework/Route.php(173): call_user_func_array()
#9 [internal function]: Slim\Route->Slim\{closure}()
#10 /home/latihtal/public_html/agregator1/src/framework/Route.php(468): call_user_func_array()
#11 /home/latihtal/public_html/agregator1/src/framework/Slim.php(1364): Slim\Route->dispatch()
#12 /home/latihtal/public_html/agregator1/src/framework/Middleware/Flash.php(85): Slim\Slim->call()
#13 /home/latihtal/public_html/agregator1/src/framework/Middleware/MethodOverride.php(92): Slim\Middleware\Flash->call()
#14 /home/latihtal/public_html/agregator1/src/middlewares/CsrfGuard/CsrfGuard.php(47): Slim\Middleware\MethodOverride->call()
#15 /home/latihtal/public_html/agregator1/src/framework/Middleware/PrettyExceptions.php(67): spark\middlewares\CsrfGuard\CsrfGuard->call()
#16 /home/latihtal/public_html/agregator1/src/framework/Slim.php(1308): Slim\Middleware\PrettyExceptions->call()
#17 /home/latihtal/public_html/agregator1/index.php(6): Slim\Slim->run()
#18 {main} [] []
[2026-06-30 12:16:13] SlimMonoLogger.INFO: Cron ran at: 30-06-2026 12:16:13 PM [] []
[2026-06-30 12:16:17] SlimMonoLogger.INFO: Cron ran at: 30-06-2026 12:16:17 PM [] []
[2026-06-30 12:16:20] SlimMonoLogger.INFO: Cron ran at: 30-06-2026 12:16:20 PM [] []
[2026-06-30 12:16:37] SlimMonoLogger.INFO: Cron ran at: 30-06-2026 12:16:37 PM [] []
[2026-06-30 12:17:13] SlimMonoLogger.INFO: Cron ran at: 30-06-2026 12:17:13 PM [] []
[2026-06-30 12:17:13] SlimMonoLogger.INFO: Cron ran at: 30-06-2026 12:17:13 PM [] []
[2026-06-30 12:17:13] SlimMonoLogger.INFO: Cron ran at: 30-06-2026 12:17:13 PM [] []
[2026-06-30 12:17:31] SlimMonoLogger.INFO: Cron ran at: 30-06-2026 12:17:31 PM [] []
[2026-06-30 12:18:08] SlimMonoLogger.INFO: Cron ran at: 30-06-2026 12:18:08 PM [] []
[2026-06-30 12:18:08] SlimMonoLogger.INFO: Cron ran at: 30-06-2026 12:18:08 PM [] []
[2026-06-30 12:18:08] SlimMonoLogger.INFO: Cron ran at: 30-06-2026 12:18:08 PM [] []
[2026-06-30 12:18:09] SlimMonoLogger.INFO: Cron ran at: 30-06-2026 12:18:09 PM [] []
[2026-06-30 12:18:58] SlimMonoLogger.INFO: Cron ran at: 30-06-2026 12:18:58 PM [] []
[2026-06-30 12:18:58] SlimMonoLogger.INFO: Cron ran at: 30-06-2026 12:18:58 PM [] []
[2026-06-30 12:18:59] SlimMonoLogger.INFO: Cron ran at: 30-06-2026 12:18:59 PM [] []
[2026-06-30 12:19:09] SlimMonoLogger.INFO: Cron ran at: 30-06-2026 12:19:09 PM [] []
[2026-06-30 12:20:01] SlimMonoLogger.INFO: Cron ran at: 30-06-2026 12:20:01 PM [] []
[2026-06-30 12:20:15] SlimMonoLogger.INFO: Cron ran at: 30-06-2026 12:20:15 PM [] []
[2026-06-30 12:20:16] SlimMonoLogger.INFO: Cron ran at: 30-06-2026 12:20:16 PM [] []
[2026-06-30 12:20:16] SlimMonoLogger.INFO: Cron ran at: 30-06-2026 12:20:16 PM [] []
[2026-06-30 12:21:03] SlimMonoLogger.INFO: Cron ran at: 30-06-2026 12:21:03 PM [] []
[2026-06-30 12:21:07] SlimMonoLogger.INFO: Cron ran at: 30-06-2026 12:21:07 PM [] []
[2026-06-30 12:21:17] SlimMonoLogger.INFO: Cron ran at: 30-06-2026 12:21:17 PM [] []
[2026-06-30 12:21:57] SlimMonoLogger.INFO: Cron ran at: 30-06-2026 12:21:57 PM [] []
[2026-06-30 12:22:09] SlimMonoLogger.INFO: Cron ran at: 30-06-2026 12:22:09 PM [] []
[2026-06-30 12:22:17] SlimMonoLogger.INFO: Cron ran at: 30-06-2026 12:22:17 PM [] []
[2026-06-30 12:22:18] SlimMonoLogger.INFO: Cron ran at: 30-06-2026 12:22:18 PM [] []
[2026-06-30 12:22:55] SlimMonoLogger.INFO: Cron ran at: 30-06-2026 12:22:55 PM [] []
[2026-06-30 12:23:02] SlimMonoLogger.INFO: Cron ran at: 30-06-2026 12:23:02 PM [] []
[2026-06-30 12:23:05] SlimMonoLogger.INFO: Cron ran at: 30-06-2026 12:23:05 PM [] []
[2026-06-30 12:23:11] SlimMonoLogger.INFO: Cron ran at: 30-06-2026 12:23:11 PM [] []
[2026-06-30 12:24:00] SlimMonoLogger.INFO: Cron ran at: 30-06-2026 12:24:00 PM [] []
[2026-06-30 12:24:02] SlimMonoLogger.INFO: Cron ran at: 30-06-2026 12:24:02 PM [] []
[2026-06-30 12:24:06] SlimMonoLogger.INFO: Cron ran at: 30-06-2026 12:24:06 PM [] []
[2026-06-30 12:24:27] SlimMonoLogger.INFO: Cron ran at: 30-06-2026 12:24:27 PM [] []
[2026-06-30 12:25:07] SlimMonoLogger.INFO: Cron ran at: 30-06-2026 12:25:07 PM [] []
[2026-06-30 12:25:08] SlimMonoLogger.INFO: Cron ran at: 30-06-2026 12:25:08 PM [] []
[2026-06-30 12:25:20] SlimMonoLogger.INFO: Cron ran at: 30-06-2026 12:25:20 PM [] []
[2026-06-30 12:25:25] SlimMonoLogger.INFO: Cron ran at: 30-06-2026 12:25:25 PM [] []
[2026-06-30 12:25:57] SlimMonoLogger.INFO: Cron ran at: 30-06-2026 12:25:57 PM [] []
[2026-06-30 12:25:57] SlimMonoLogger.INFO: Cron ran at: 30-06-2026 12:25:57 PM [] []
[2026-06-30 12:26:20] SlimMonoLogger.INFO: Cron ran at: 30-06-2026 12:26:20 PM [] []
[2026-06-30 12:26:52] SlimMonoLogger.INFO: Cron ran at: 30-06-2026 12:26:52 PM [] []
[2026-06-30 12:26:53] SlimMonoLogger.INFO: Cron ran at: 30-06-2026 12:26:53 PM [] []
[2026-06-30 12:27:21] SlimMonoLogger.INFO: Cron ran at: 30-06-2026 12:27:21 PM [] []
[2026-06-30 12:27:30] SlimMonoLogger.INFO: Cron ran at: 30-06-2026 12:27:30 PM [] []
[2026-06-30 12:27:36] SlimMonoLogger.INFO: Cron ran at: 30-06-2026 12:27:36 PM [] []
[2026-06-30 12:27:51] SlimMonoLogger.INFO: Cron ran at: 30-06-2026 12:27:51 PM [] []
[2026-06-30 12:28:03] SlimMonoLogger.INFO: Cron ran at: 30-06-2026 12:28:03 PM [] []
[2026-06-30 12:28:07] SlimMonoLogger.INFO: Cron ran at: 30-06-2026 12:28:07 PM [] []
[2026-06-30 12:28:40] SlimMonoLogger.INFO: Cron ran at: 30-06-2026 12:28:40 PM [] []
[2026-06-30 12:28:58] SlimMonoLogger.INFO: Cron ran at: 30-06-2026 12:28:58 PM [] []
[2026-06-30 12:29:05] SlimMonoLogger.INFO: Cron ran at: 30-06-2026 12:29:05 PM [] []
[2026-06-30 12:29:06] SlimMonoLogger.INFO: Cron ran at: 30-06-2026 12:29:06 PM [] []
[2026-06-30 12:29:33] SlimMonoLogger.INFO: Cron ran at: 30-06-2026 12:29:33 PM [] []
[2026-06-30 12:29:47] SlimMonoLogger.INFO: Cron ran at: 30-06-2026 12:29:47 PM [] []
[2026-06-30 12:29:49] SlimMonoLogger.INFO: Cron ran at: 30-06-2026 12:29:49 PM [] []
[2026-06-30 12:30:12] SlimMonoLogger.INFO: Cron ran at: 30-06-2026 12:30:12 PM [] []
[2026-06-30 12:30:34] SlimMonoLogger.INFO: Cron ran at: 30-06-2026 12:30:34 PM [] []
[2026-06-30 12:30:50] SlimMonoLogger.INFO: Cron ran at: 30-06-2026 12:30:50 PM [] []
[2026-06-30 12:30:51] SlimMonoLogger.INFO: Cron ran at: 30-06-2026 12:30:51 PM [] []
[2026-06-30 12:31:40] SlimMonoLogger.INFO: Cron ran at: 30-06-2026 12:31:40 PM [] []
[2026-06-30 12:31:42] SlimMonoLogger.INFO: Cron ran at: 30-06-2026 12:31:42 PM [] []
[2026-06-30 12:31:43] SlimMonoLogger.INFO: Cron ran at: 30-06-2026 12:31:43 PM [] []
[2026-06-30 12:31:45] SlimMonoLogger.INFO: Cron ran at: 30-06-2026 12:31:45 PM [] []
[2026-06-30 12:32:36] SlimMonoLogger.INFO: Cron ran at: 30-06-2026 12:32:36 PM [] []
[2026-06-30 12:32:37] SlimMonoLogger.INFO: Cron ran at: 30-06-2026 12:32:37 PM [] []
[2026-06-30 12:32:41] SlimMonoLogger.INFO: Cron ran at: 30-06-2026 12:32:41 PM [] []
[2026-06-30 12:33:10] SlimMonoLogger.INFO: Cron ran at: 30-06-2026 12:33:10 PM [] []
[2026-06-30 12:33:28] SlimMonoLogger.INFO: Cron ran at: 30-06-2026 12:33:28 PM [] []
[2026-06-30 12:33:30] SlimMonoLogger.INFO: Cron ran at: 30-06-2026 12:33:30 PM [] []
[2026-06-30 12:33:39] SlimMonoLogger.INFO: Cron ran at: 30-06-2026 12:33:39 PM [] []
[2026-06-30 12:33:57] SlimMonoLogger.INFO: Cron ran at: 30-06-2026 12:33:57 PM [] []
[2026-06-30 12:34:13] SlimMonoLogger.INFO: Cron ran at: 30-06-2026 12:34:13 PM [] []
[2026-06-30 12:34:23] SlimMonoLogger.INFO: Cron ran at: 30-06-2026 12:34:23 PM [] []
[2026-06-30 12:34:27] SlimMonoLogger.INFO: Cron ran at: 30-06-2026 12:34:27 PM [] []
[2026-06-30 12:34:49] SlimMonoLogger.INFO: Cron ran at: 30-06-2026 12:34:49 PM [] []
[2026-06-30 12:35:12] SlimMonoLogger.INFO: Cron ran at: 30-06-2026 12:35:12 PM [] []
[2026-06-30 12:35:27] SlimMonoLogger.INFO: Cron ran at: 30-06-2026 12:35:27 PM [] []
[2026-06-30 12:35:28] SlimMonoLogger.INFO: Cron ran at: 30-06-2026 12:35:28 PM [] []
[2026-06-30 12:36:08] SlimMonoLogger.INFO: Cron ran at: 30-06-2026 12:36:08 PM [] []
[2026-06-30 12:36:25] SlimMonoLogger.INFO: Cron ran at: 30-06-2026 12:36:25 PM [] []
[2026-06-30 12:36:31] SlimMonoLogger.INFO: Cron ran at: 30-06-2026 12:36:31 PM [] []
[2026-06-30 12:36:34] SlimMonoLogger.INFO: Cron ran at: 30-06-2026 12:36:34 PM [] []
[2026-06-30 12:37:01] SlimMonoLogger.INFO: Cron ran at: 30-06-2026 12:37:01 PM [] []
[2026-06-30 12:37:22] SlimMonoLogger.INFO: Cron ran at: 30-06-2026 12:37:22 PM [] []
[2026-06-30 12:37:28] SlimMonoLogger.INFO: Cron ran at: 30-06-2026 12:37:28 PM [] []
[2026-06-30 12:37:30] SlimMonoLogger.INFO: Cron ran at: 30-06-2026 12:37:30 PM [] []
[2026-06-30 12:37:57] SlimMonoLogger.INFO: Cron ran at: 30-06-2026 12:37:57 PM [] []
[2026-06-30 12:38:14] SlimMonoLogger.INFO: Cron ran at: 30-06-2026 12:38:14 PM [] []
[2026-06-30 12:38:22] SlimMonoLogger.INFO: Cron ran at: 30-06-2026 12:38:22 PM [] []
[2026-06-30 12:38:25] SlimMonoLogger.INFO: Cron ran at: 30-06-2026 12:38:25 PM [] []
[2026-06-30 12:38:59] SlimMonoLogger.INFO: Cron ran at: 30-06-2026 12:38:59 PM [] []
[2026-06-30 12:39:08] SlimMonoLogger.INFO: Cron ran at: 30-06-2026 12:39:08 PM [] []
[2026-06-30 12:39:23] SlimMonoLogger.INFO: Cron ran at: 30-06-2026 12:39:23 PM [] []
[2026-06-30 12:39:27] SlimMonoLogger.INFO: Cron ran at: 30-06-2026 12:39:27 PM [] []
[2026-06-30 12:39:58] SlimMonoLogger.INFO: Cron ran at: 30-06-2026 12:39:58 PM [] []
[2026-06-30 12:40:01] SlimMonoLogger.INFO: Cron ran at: 30-06-2026 12:40:01 PM [] []
[2026-06-30 12:40:24] SlimMonoLogger.INFO: Cron ran at: 30-06-2026 12:40:24 PM [] []
[2026-06-30 12:40:28] SlimMonoLogger.INFO: Cron ran at: 30-06-2026 12:40:28 PM [] []
[2026-06-30 12:40:56] SlimMonoLogger.INFO: Cron ran at: 30-06-2026 12:40:56 PM [] []
[2026-06-30 12:40:58] SlimMonoLogger.INFO: Cron ran at: 30-06-2026 12:40:58 PM [] []
[2026-06-30 12:41:37] SlimMonoLogger.INFO: Cron ran at: 30-06-2026 12:41:37 PM [] []
[2026-06-30 12:41:55] SlimMonoLogger.INFO: Cron ran at: 30-06-2026 12:41:55 PM [] []
[2026-06-30 12:41:55] SlimMonoLogger.INFO: Cron ran at: 30-06-2026 12:41:55 PM [] []
[2026-06-30 12:41:58] SlimMonoLogger.INFO: Cron ran at: 30-06-2026 12:41:58 PM [] []
[2026-06-30 12:42:25] SlimMonoLogger.INFO: Cron ran at: 30-06-2026 12:42:25 PM [] []
[2026-06-30 12:42:41] SlimMonoLogger.INFO: Cron ran at: 30-06-2026 12:42:41 PM [] []
[2026-06-30 12:42:44] SlimMonoLogger.INFO: Cron ran at: 30-06-2026 12:42:44 PM [] []
[2026-06-30 12:42:45] SlimMonoLogger.INFO: Cron ran at: 30-06-2026 12:42:45 PM [] []
[2026-06-30 12:43:29] SlimMonoLogger.INFO: Cron ran at: 30-06-2026 12:43:29 PM [] []
[2026-06-30 12:43:36] SlimMonoLogger.INFO: Cron ran at: 30-06-2026 12:43:36 PM [] []
[2026-06-30 12:43:44] SlimMonoLogger.INFO: Cron ran at: 30-06-2026 12:43:44 PM [] []
[2026-06-30 12:43:47] SlimMonoLogger.INFO: Cron ran at: 30-06-2026 12:43:47 PM [] []
[2026-06-30 12:44:27] SlimMonoLogger.INFO: Cron ran at: 30-06-2026 12:44:27 PM [] []
[2026-06-30 12:44:28] SlimMonoLogger.INFO: Cron ran at: 30-06-2026 12:44:28 PM [] []
[2026-06-30 12:44:43] SlimMonoLogger.INFO: Cron ran at: 30-06-2026 12:44:43 PM [] []
[2026-06-30 12:44:48] SlimMonoLogger.INFO: Cron ran at: 30-06-2026 12:44:48 PM [] []
[2026-06-30 12:45:24] SlimMonoLogger.INFO: Cron ran at: 30-06-2026 12:45:24 PM [] []
[2026-06-30 12:45:24] SlimMonoLogger.INFO: Cron ran at: 30-06-2026 12:45:24 PM [] []
[2026-06-30 12:46:03] SlimMonoLogger.INFO: Cron ran at: 30-06-2026 12:46:03 PM [] []
[2026-06-30 12:46:06] SlimMonoLogger.INFO: Cron ran at: 30-06-2026 12:46:06 PM [] []
[2026-06-30 12:46:18] SlimMonoLogger.INFO: Cron ran at: 30-06-2026 12:46:18 PM [] []
[2026-06-30 12:46:45] SlimMonoLogger.INFO: Cron ran at: 30-06-2026 12:46:45 PM [] []
[2026-06-30 12:46:47] SlimMonoLogger.INFO: Cron ran at: 30-06-2026 12:46:47 PM [] []
[2026-06-30 12:47:14] SlimMonoLogger.INFO: Cron ran at: 30-06-2026 12:47:14 PM [] []
[2026-06-30 12:47:14] SlimMonoLogger.INFO: Cron ran at: 30-06-2026 12:47:14 PM [] []
[2026-06-30 12:47:47] SlimMonoLogger.INFO: Cron ran at: 30-06-2026 12:47:47 PM [] []
[2026-06-30 12:47:52] SlimMonoLogger.INFO: Cron ran at: 30-06-2026 12:47:52 PM [] []
[2026-06-30 12:48:00] SlimMonoLogger.INFO: Cron ran at: 30-06-2026 12:48:00 PM [] []
[2026-06-30 12:48:11] SlimMonoLogger.INFO: Cron ran at: 30-06-2026 12:48:11 PM [] []
[2026-06-30 12:48:46] SlimMonoLogger.INFO: Cron ran at: 30-06-2026 12:48:46 PM [] []
[2026-06-30 12:48:48] SlimMonoLogger.INFO: Cron ran at: 30-06-2026 12:48:48 PM [] []
[2026-06-30 12:48:50] SlimMonoLogger.INFO: Cron ran at: 30-06-2026 12:48:50 PM [] []
[2026-06-30 12:49:07] SlimMonoLogger.INFO: Cron ran at: 30-06-2026 12:49:07 PM [] []
[2026-06-30 12:49:45] SlimMonoLogger.INFO: Cron ran at: 30-06-2026 12:49:45 PM [] []
[2026-06-30 12:49:46] SlimMonoLogger.INFO: Cron ran at: 30-06-2026 12:49:46 PM [] []
[2026-06-30 12:49:46] SlimMonoLogger.INFO: Cron ran at: 30-06-2026 12:49:46 PM [] []
[2026-06-30 12:50:06] SlimMonoLogger.INFO: Cron ran at: 30-06-2026 12:50:06 PM [] []
[2026-06-30 12:50:44] SlimMonoLogger.INFO: Cron ran at: 30-06-2026 12:50:44 PM [] []
[2026-06-30 12:50:45] SlimMonoLogger.INFO: Cron ran at: 30-06-2026 12:50:45 PM [] []
[2026-06-30 12:51:12] SlimMonoLogger.INFO: Cron ran at: 30-06-2026 12:51:12 PM [] []
[2026-06-30 12:51:36] SlimMonoLogger.INFO: Cron ran at: 30-06-2026 12:51:36 PM [] []
[2026-06-30 12:51:36] SlimMonoLogger.INFO: Cron ran at: 30-06-2026 12:51:36 PM [] []
[2026-06-30 12:51:49] SlimMonoLogger.INFO: Cron ran at: 30-06-2026 12:51:49 PM [] []
[2026-06-30 12:52:12] SlimMonoLogger.INFO: Cron ran at: 30-06-2026 12:52:12 PM [] []
[2026-06-30 12:52:27] SlimMonoLogger.INFO: Cron ran at: 30-06-2026 12:52:27 PM [] []
[2026-06-30 12:52:28] SlimMonoLogger.INFO: Cron ran at: 30-06-2026 12:52:28 PM [] []
[2026-06-30 12:52:47] SlimMonoLogger.INFO: Cron ran at: 30-06-2026 12:52:47 PM [] []
[2026-06-30 12:53:12] SlimMonoLogger.INFO: Cron ran at: 30-06-2026 12:53:12 PM [] []
[2026-06-30 12:53:14] SlimMonoLogger.INFO: Cron ran at: 30-06-2026 12:53:14 PM [] []
[2026-06-30 12:53:25] SlimMonoLogger.INFO: Cron ran at: 30-06-2026 12:53:25 PM [] []
[2026-06-30 12:53:43] SlimMonoLogger.INFO: Cron ran at: 30-06-2026 12:53:43 PM [] []
[2026-06-30 12:54:03] SlimMonoLogger.INFO: Cron ran at: 30-06-2026 12:54:03 PM [] []
[2026-06-30 12:54:04] SlimMonoLogger.INFO: Cron ran at: 30-06-2026 12:54:04 PM [] []
[2026-06-30 12:54:27] SlimMonoLogger.INFO: Cron ran at: 30-06-2026 12:54:27 PM [] []
[2026-06-30 12:54:43] SlimMonoLogger.INFO: Cron ran at: 30-06-2026 12:54:43 PM [] []
[2026-06-30 12:54:59] SlimMonoLogger.INFO: Cron ran at: 30-06-2026 12:54:59 PM [] []
[2026-06-30 12:55:04] SlimMonoLogger.INFO: Cron ran at: 30-06-2026 12:55:04 PM [] []
[2026-06-30 12:55:24] SlimMonoLogger.INFO: Cron ran at: 30-06-2026 12:55:24 PM [] []
[2026-06-30 12:56:03] SlimMonoLogger.INFO: Cron ran at: 30-06-2026 12:56:03 PM [] []
[2026-06-30 12:56:10] SlimMonoLogger.INFO: Cron ran at: 30-06-2026 12:56:10 PM [] []
[2026-06-30 12:56:23] SlimMonoLogger.INFO: Cron ran at: 30-06-2026 12:56:23 PM [] []
[2026-06-30 12:56:23] SlimMonoLogger.INFO: Cron ran at: 30-06-2026 12:56:23 PM [] []
[2026-06-30 12:57:05] SlimMonoLogger.INFO: Cron ran at: 30-06-2026 12:57:05 PM [] []
[2026-06-30 12:57:09] SlimMonoLogger.INFO: Cron ran at: 30-06-2026 12:57:09 PM [] []
[2026-06-30 12:57:17] SlimMonoLogger.INFO: Cron ran at: 30-06-2026 12:57:17 PM [] []
[2026-06-30 12:57:57] SlimMonoLogger.INFO: Cron ran at: 30-06-2026 12:57:57 PM [] []
[2026-06-30 12:57:57] SlimMonoLogger.INFO: Cron ran at: 30-06-2026 12:57:57 PM [] []
[2026-06-30 12:58:06] SlimMonoLogger.INFO: Cron ran at: 30-06-2026 12:58:06 PM [] []
[2026-06-30 12:58:07] SlimMonoLogger.INFO: Cron ran at: 30-06-2026 12:58:07 PM [] []
[2026-06-30 12:58:24] SlimMonoLogger.INFO: Cron ran at: 30-06-2026 12:58:24 PM [] []
[2026-06-30 12:58:25] SlimMonoLogger.INFO: Cron ran at: 30-06-2026 12:58:25 PM [] []
[2026-06-30 12:58:46] SlimMonoLogger.INFO: Cron ran at: 30-06-2026 12:58:46 PM [] []
[2026-06-30 12:59:13] SlimMonoLogger.INFO: Cron ran at: 30-06-2026 12:59:13 PM [] []
[2026-06-30 12:59:20] SlimMonoLogger.INFO: Cron ran at: 30-06-2026 12:59:20 PM [] []
[2026-06-30 12:59:21] SlimMonoLogger.INFO: Cron ran at: 30-06-2026 12:59:21 PM [] []
[2026-06-30 12:59:21] SlimMonoLogger.INFO: Cron ran at: 30-06-2026 12:59:21 PM [] []
[2026-06-30 12:59:53] SlimMonoLogger.INFO: Cron ran at: 30-06-2026 12:59:53 PM [] []
[2026-06-30 13:00:24] SlimMonoLogger.INFO: Cron ran at: 30-06-2026 01:00:24 PM [] []
[2026-06-30 13:00:24] SlimMonoLogger.INFO: Cron ran at: 30-06-2026 01:00:24 PM [] []
[2026-06-30 13:00:51] SlimMonoLogger.INFO: Cron ran at: 30-06-2026 01:00:51 PM [] []
[2026-06-30 13:01:27] SlimMonoLogger.INFO: Cron ran at: 30-06-2026 01:01:27 PM [] []
[2026-06-30 13:01:31] SlimMonoLogger.INFO: Cron ran at: 30-06-2026 01:01:31 PM [] []
[2026-06-30 13:01:53] SlimMonoLogger.INFO: Cron ran at: 30-06-2026 01:01:53 PM [] []
[2026-06-30 13:01:55] SlimMonoLogger.INFO: Cron ran at: 30-06-2026 01:01:55 PM [] []
[2026-06-30 13:02:25] SlimMonoLogger.INFO: Cron ran at: 30-06-2026 01:02:25 PM [] []
[2026-06-30 13:02:25] SlimMonoLogger.INFO: Cron ran at: 30-06-2026 01:02:25 PM [] []
[2026-06-30 13:02:41] SlimMonoLogger.INFO: Cron ran at: 30-06-2026 01:02:41 PM [] []
[2026-06-30 13:02:52] SlimMonoLogger.INFO: Cron ran at: 30-06-2026 01:02:52 PM [] []
[2026-06-30 13:03:38] SlimMonoLogger.INFO: Cron ran at: 30-06-2026 01:03:38 PM [] []
[2026-06-30 13:03:38] SlimMonoLogger.INFO: Cron ran at: 30-06-2026 01:03:38 PM [] []
[2026-06-30 13:03:46] SlimMonoLogger.INFO: Cron ran at: 30-06-2026 01:03:46 PM [] []
[2026-06-30 13:03:46] SlimMonoLogger.INFO: Cron ran at: 30-06-2026 01:03:46 PM [] []
[2026-06-30 13:04:28] SlimMonoLogger.INFO: Cron ran at: 30-06-2026 01:04:28 PM [] []
[2026-06-30 13:04:29] SlimMonoLogger.INFO: Cron ran at: 30-06-2026 01:04:29 PM [] []
[2026-06-30 13:04:36] SlimMonoLogger.INFO: Cron ran at: 30-06-2026 01:04:36 PM [] []
[2026-06-30 13:04:42] SlimMonoLogger.INFO: Cron ran at: 30-06-2026 01:04:42 PM [] []
[2026-06-30 13:05:33] SlimMonoLogger.INFO: Cron ran at: 30-06-2026 01:05:33 PM [] []
[2026-06-30 13:05:34] SlimMonoLogger.INFO: Cron ran at: 30-06-2026 01:05:34 PM [] []
[2026-06-30 13:05:34] SlimMonoLogger.INFO: Cron ran at: 30-06-2026 01:05:34 PM [] []
[2026-06-30 13:05:47] SlimMonoLogger.INFO: Cron ran at: 30-06-2026 01:05:47 PM [] []
[2026-06-30 13:06:32] SlimMonoLogger.INFO: Cron ran at: 30-06-2026 01:06:32 PM [] []
[2026-06-30 13:06:33] SlimMonoLogger.INFO: Cron ran at: 30-06-2026 01:06:33 PM [] []
[2026-06-30 13:06:47] SlimMonoLogger.INFO: Cron ran at: 30-06-2026 01:06:47 PM [] []
[2026-06-30 13:06:55] SlimMonoLogger.INFO: Cron ran at: 30-06-2026 01:06:55 PM [] []
[2026-06-30 13:07:33] SlimMonoLogger.INFO: Cron ran at: 30-06-2026 01:07:33 PM [] []
[2026-06-30 13:07:41] SlimMonoLogger.INFO: Cron ran at: 30-06-2026 01:07:41 PM [] []
[2026-06-30 13:07:42] SlimMonoLogger.INFO: Cron ran at: 30-06-2026 01:07:42 PM [] []
[2026-06-30 13:07:42] SlimMonoLogger.INFO: Cron ran at: 30-06-2026 01:07:42 PM [] []
[2026-06-30 13:08:29] SlimMonoLogger.INFO: Cron ran at: 30-06-2026 01:08:29 PM [] []
[2026-06-30 13:08:31] SlimMonoLogger.INFO: Cron ran at: 30-06-2026 01:08:31 PM [] []
[2026-06-30 13:08:32] SlimMonoLogger.INFO: Cron ran at: 30-06-2026 01:08:32 PM [] []
[2026-06-30 13:09:09] SlimMonoLogger.INFO: Cron ran at: 30-06-2026 01:09:09 PM [] []
[2026-06-30 13:09:16] SlimMonoLogger.INFO: Cron ran at: 30-06-2026 01:09:16 PM [] []
[2026-06-30 13:09:28] SlimMonoLogger.INFO: Cron ran at: 30-06-2026 01:09:28 PM [] []
[2026-06-30 13:09:29] SlimMonoLogger.INFO: Cron ran at: 30-06-2026 01:09:29 PM [] []
[2026-06-30 13:09:45] SlimMonoLogger.INFO: Cron ran at: 30-06-2026 01:09:45 PM [] []
[2026-06-30 13:10:19] SlimMonoLogger.INFO: Cron ran at: 30-06-2026 01:10:19 PM [] []
[2026-06-30 13:10:26] SlimMonoLogger.INFO: Cron ran at: 30-06-2026 01:10:26 PM [] []
[2026-06-30 13:10:58] SlimMonoLogger.INFO: Cron ran at: 30-06-2026 01:10:58 PM [] []
[2026-06-30 13:11:18] SlimMonoLogger.INFO: Cron ran at: 30-06-2026 01:11:18 PM [] []
[2026-06-30 13:11:18] SlimMonoLogger.INFO: Cron ran at: 30-06-2026 01:11:18 PM [] []
[2026-06-30 13:11:36] SlimMonoLogger.INFO: Cron ran at: 30-06-2026 01:11:36 PM [] []
[2026-06-30 13:11:51] SlimMonoLogger.INFO: Cron ran at: 30-06-2026 01:11:51 PM [] []
[2026-06-30 13:12:15] SlimMonoLogger.INFO: Cron ran at: 30-06-2026 01:12:15 PM [] []
[2026-06-30 13:12:18] SlimMonoLogger.INFO: Cron ran at: 30-06-2026 01:12:18 PM [] []
[2026-06-30 13:12:32] SlimMonoLogger.INFO: Cron ran at: 30-06-2026 01:12:32 PM [] []
[2026-06-30 13:12:45] SlimMonoLogger.INFO: Cron ran at: 30-06-2026 01:12:45 PM [] []
[2026-06-30 13:13:15] SlimMonoLogger.INFO: Cron ran at: 30-06-2026 01:13:15 PM [] []
[2026-06-30 13:13:21] SlimMonoLogger.INFO: Cron ran at: 30-06-2026 01:13:21 PM [] []
[2026-06-30 13:13:22] SlimMonoLogger.INFO: Cron ran at: 30-06-2026 01:13:22 PM [] []
[2026-06-30 13:13:42] SlimMonoLogger.INFO: Cron ran at: 30-06-2026 01:13:42 PM [] []
[2026-06-30 13:14:14] SlimMonoLogger.INFO: Cron ran at: 30-06-2026 01:14:14 PM [] []
[2026-06-30 13:14:15] SlimMonoLogger.INFO: Cron ran at: 30-06-2026 01:14:15 PM [] []
[2026-06-30 13:14:16] SlimMonoLogger.INFO: Cron ran at: 30-06-2026 01:14:16 PM [] []
[2026-06-30 13:14:44] SlimMonoLogger.INFO: Cron ran at: 30-06-2026 01:14:44 PM [] []
[2026-06-30 13:15:07] SlimMonoLogger.INFO: Cron ran at: 30-06-2026 01:15:07 PM [] []
[2026-06-30 13:15:07] SlimMonoLogger.INFO: Cron ran at: 30-06-2026 01:15:07 PM [] []
[2026-06-30 13:15:17] SlimMonoLogger.INFO: Cron ran at: 30-06-2026 01:15:17 PM [] []
[2026-06-30 13:16:05] SlimMonoLogger.INFO: Cron ran at: 30-06-2026 01:16:05 PM [] []
[2026-06-30 13:16:08] SlimMonoLogger.INFO: Cron ran at: 30-06-2026 01:16:08 PM [] []
[2026-06-30 13:16:25] SlimMonoLogger.INFO: Cron ran at: 30-06-2026 01:16:25 PM [] []
[2026-06-30 13:16:33] SlimMonoLogger.INFO: Cron ran at: 30-06-2026 01:16:33 PM [] []
[2026-06-30 13:17:00] SlimMonoLogger.INFO: Cron ran at: 30-06-2026 01:17:00 PM [] []
[2026-06-30 13:17:13] SlimMonoLogger.INFO: Cron ran at: 30-06-2026 01:17:13 PM [] []
[2026-06-30 13:17:16] SlimMonoLogger.INFO: Cron ran at: 30-06-2026 01:17:16 PM [] []
[2026-06-30 13:17:19] SlimMonoLogger.INFO: Cron ran at: 30-06-2026 01:17:19 PM [] []
[2026-06-30 13:17:57] SlimMonoLogger.INFO: Cron ran at: 30-06-2026 01:17:57 PM [] []
[2026-06-30 13:18:13] SlimMonoLogger.INFO: Cron ran at: 30-06-2026 01:18:13 PM [] []
[2026-06-30 13:18:13] SlimMonoLogger.INFO: Cron ran at: 30-06-2026 01:18:13 PM [] []
[2026-06-30 13:18:13] SlimMonoLogger.INFO: Cron ran at: 30-06-2026 01:18:13 PM [] []
[2026-06-30 13:19:06] SlimMonoLogger.INFO: Cron ran at: 30-06-2026 01:19:06 PM [] []
[2026-06-30 13:19:06] SlimMonoLogger.INFO: Cron ran at: 30-06-2026 01:19:06 PM [] []
[2026-06-30 13:19:09] SlimMonoLogger.INFO: Cron ran at: 30-06-2026 01:19:09 PM [] []
[2026-06-30 13:19:21] SlimMonoLogger.INFO: Cron ran at: 30-06-2026 01:19:21 PM [] []
[2026-06-30 13:19:58] SlimMonoLogger.INFO: Cron ran at: 30-06-2026 01:19:58 PM [] []
[2026-06-30 13:20:09] SlimMonoLogger.INFO: Cron ran at: 30-06-2026 01:20:09 PM [] []
[2026-06-30 13:20:11] SlimMonoLogger.INFO: Cron ran at: 30-06-2026 01:20:11 PM [] []
[2026-06-30 13:20:16] SlimMonoLogger.INFO: Cron ran at: 30-06-2026 01:20:16 PM [] []
[2026-06-30 13:20:55] SlimMonoLogger.INFO: Cron ran at: 30-06-2026 01:20:55 PM [] []
[2026-06-30 13:20:57] SlimMonoLogger.INFO: Cron ran at: 30-06-2026 01:20:57 PM [] []
[2026-06-30 13:21:11] SlimMonoLogger.INFO: Cron ran at: 30-06-2026 01:21:11 PM [] []
[2026-06-30 13:21:54] SlimMonoLogger.INFO: Cron ran at: 30-06-2026 01:21:54 PM [] []
[2026-06-30 13:21:55] SlimMonoLogger.INFO: Cron ran at: 30-06-2026 01:21:55 PM [] []
[2026-06-30 13:22:00] SlimMonoLogger.INFO: Cron ran at: 30-06-2026 01:22:00 PM [] []
[2026-06-30 13:22:09] SlimMonoLogger.INFO: Cron ran at: 30-06-2026 01:22:09 PM [] []
[2026-06-30 13:22:51] SlimMonoLogger.INFO: Cron ran at: 30-06-2026 01:22:51 PM [] []
[2026-06-30 13:22:51] SlimMonoLogger.INFO: Cron ran at: 30-06-2026 01:22:51 PM [] []
[2026-06-30 13:22:52] SlimMonoLogger.INFO: Cron ran at: 30-06-2026 01:22:52 PM [] []
[2026-06-30 13:23:14] SlimMonoLogger.INFO: Cron ran at: 30-06-2026 01:23:14 PM [] []
[2026-06-30 13:23:27] SlimMonoLogger.INFO: Cron ran at: 30-06-2026 01:23:27 PM [] []
[2026-06-30 13:23:54] SlimMonoLogger.INFO: Cron ran at: 30-06-2026 01:23:54 PM [] []
[2026-06-30 13:23:55] SlimMonoLogger.INFO: Cron ran at: 30-06-2026 01:23:55 PM [] []
[2026-06-30 13:24:05] SlimMonoLogger.INFO: Cron ran at: 30-06-2026 01:24:05 PM [] []
[2026-06-30 13:24:25] SlimMonoLogger.INFO: Cron ran at: 30-06-2026 01:24:25 PM [] []
[2026-06-30 13:24:44] SlimMonoLogger.INFO: Cron ran at: 30-06-2026 01:24:44 PM [] []
[2026-06-30 13:24:45] SlimMonoLogger.INFO: Cron ran at: 30-06-2026 01:24:45 PM [] []
[2026-06-30 13:25:04] SlimMonoLogger.INFO: Cron ran at: 30-06-2026 01:25:04 PM [] []
[2026-06-30 13:25:06] SlimMonoLogger.INFO: Cron ran at: 30-06-2026 01:25:06 PM [] []
[2026-06-30 13:25:53] SlimMonoLogger.INFO: Cron ran at: 30-06-2026 01:25:53 PM [] []
[2026-06-30 13:26:02] SlimMonoLogger.INFO: Cron ran at: 30-06-2026 01:26:02 PM [] []
[2026-06-30 13:26:05] SlimMonoLogger.INFO: Cron ran at: 30-06-2026 01:26:05 PM [] []
[2026-06-30 13:26:50] SlimMonoLogger.INFO: Cron ran at: 30-06-2026 01:26:50 PM [] []
[2026-06-30 13:26:51] SlimMonoLogger.INFO: Cron ran at: 30-06-2026 01:26:51 PM [] []
[2026-06-30 13:26:51] SlimMonoLogger.INFO: Cron ran at: 30-06-2026 01:26:51 PM [] []
[2026-06-30 13:27:01] SlimMonoLogger.INFO: Cron ran at: 30-06-2026 01:27:01 PM [] []
[2026-06-30 13:27:30] SlimMonoLogger.INFO: Cron ran at: 30-06-2026 01:27:30 PM [] []
[2026-06-30 13:27:41] SlimMonoLogger.INFO: Cron ran at: 30-06-2026 01:27:41 PM [] []
[2026-06-30 13:27:50] SlimMonoLogger.INFO: Cron ran at: 30-06-2026 01:27:50 PM [] []
[2026-06-30 13:27:59] SlimMonoLogger.INFO: Cron ran at: 30-06-2026 01:27:59 PM [] []
[2026-06-30 13:28:19] SlimMonoLogger.INFO: Cron ran at: 30-06-2026 01:28:19 PM [] []
[2026-06-30 13:28:47] SlimMonoLogger.INFO: Cron ran at: 30-06-2026 01:28:47 PM [] []
[2026-06-30 13:28:48] SlimMonoLogger.INFO: Cron ran at: 30-06-2026 01:28:48 PM [] []
[2026-06-30 13:28:54] SlimMonoLogger.INFO: Cron ran at: 30-06-2026 01:28:54 PM [] []
[2026-06-30 13:29:09] SlimMonoLogger.INFO: Cron ran at: 30-06-2026 01:29:09 PM [] []
[2026-06-30 13:29:43] SlimMonoLogger.INFO: Cron ran at: 30-06-2026 01:29:43 PM [] []
[2026-06-30 13:29:43] SlimMonoLogger.INFO: Cron ran at: 30-06-2026 01:29:43 PM [] []
[2026-06-30 13:29:53] SlimMonoLogger.INFO: Cron ran at: 30-06-2026 01:29:53 PM [] []
[2026-06-30 13:30:05] SlimMonoLogger.INFO: Cron ran at: 30-06-2026 01:30:05 PM [] []
[2026-06-30 13:30:50] SlimMonoLogger.INFO: Cron ran at: 30-06-2026 01:30:50 PM [] []
[2026-06-30 13:30:57] SlimMonoLogger.INFO: Cron ran at: 30-06-2026 01:30:57 PM [] []
[2026-06-30 13:31:04] SlimMonoLogger.INFO: Cron ran at: 30-06-2026 01:31:04 PM [] []
[2026-06-30 13:31:45] SlimMonoLogger.INFO: Cron ran at: 30-06-2026 01:31:45 PM [] []
[2026-06-30 13:31:45] SlimMonoLogger.INFO: Cron ran at: 30-06-2026 01:31:45 PM [] []
[2026-06-30 13:31:55] SlimMonoLogger.INFO: Cron ran at: 30-06-2026 01:31:55 PM [] []
[2026-06-30 13:31:56] SlimMonoLogger.INFO: Cron ran at: 30-06-2026 01:31:56 PM [] []
[2026-06-30 13:32:34] SlimMonoLogger.INFO: Cron ran at: 30-06-2026 01:32:34 PM [] []
[2026-06-30 13:32:43] SlimMonoLogger.INFO: Cron ran at: 30-06-2026 01:32:43 PM [] []
[2026-06-30 13:32:56] SlimMonoLogger.INFO: Cron ran at: 30-06-2026 01:32:56 PM [] []
[2026-06-30 13:32:57] SlimMonoLogger.INFO: Cron ran at: 30-06-2026 01:32:57 PM [] []
[2026-06-30 13:33:26] SlimMonoLogger.INFO: Cron ran at: 30-06-2026 01:33:26 PM [] []
[2026-06-30 13:33:50] SlimMonoLogger.INFO: Cron ran at: 30-06-2026 01:33:50 PM [] []
[2026-06-30 13:33:55] SlimMonoLogger.INFO: Cron ran at: 30-06-2026 01:33:55 PM [] []
[2026-06-30 13:33:58] SlimMonoLogger.INFO: Cron ran at: 30-06-2026 01:33:58 PM [] []
[2026-06-30 13:34:17] SlimMonoLogger.INFO: Cron ran at: 30-06-2026 01:34:17 PM [] []
[2026-06-30 13:34:46] SlimMonoLogger.INFO: Cron ran at: 30-06-2026 01:34:46 PM [] []
[2026-06-30 13:34:50] SlimMonoLogger.INFO: Cron ran at: 30-06-2026 01:34:50 PM [] []
[2026-06-30 13:34:51] SlimMonoLogger.INFO: Cron ran at: 30-06-2026 01:34:51 PM [] []
[2026-06-30 13:35:12] SlimMonoLogger.INFO: Cron ran at: 30-06-2026 01:35:12 PM [] []
[2026-06-30 13:35:50] SlimMonoLogger.INFO: Cron ran at: 30-06-2026 01:35:50 PM [] []
[2026-06-30 13:36:01] SlimMonoLogger.INFO: Cron ran at: 30-06-2026 01:36:01 PM [] []
[2026-06-30 13:36:09] SlimMonoLogger.INFO: Cron ran at: 30-06-2026 01:36:09 PM [] []
[2026-06-30 13:36:47] SlimMonoLogger.INFO: Cron ran at: 30-06-2026 01:36:47 PM [] []
[2026-06-30 13:36:50] SlimMonoLogger.INFO: Cron ran at: 30-06-2026 01:36:50 PM [] []
[2026-06-30 13:36:53] SlimMonoLogger.INFO: Cron ran at: 30-06-2026 01:36:53 PM [] []
[2026-06-30 13:37:06] SlimMonoLogger.INFO: Cron ran at: 30-06-2026 01:37:06 PM [] []
[2026-06-30 13:37:34] SlimMonoLogger.INFO: Cron ran at: 30-06-2026 01:37:34 PM [] []
[2026-06-30 13:37:55] SlimMonoLogger.INFO: Cron ran at: 30-06-2026 01:37:55 PM [] []
[2026-06-30 13:37:59] SlimMonoLogger.INFO: Cron ran at: 30-06-2026 01:37:59 PM [] []
[2026-06-30 13:38:00] SlimMonoLogger.INFO: Cron ran at: 30-06-2026 01:38:00 PM [] []
[2026-06-30 13:38:28] SlimMonoLogger.INFO: Cron ran at: 30-06-2026 01:38:28 PM [] []
[2026-06-30 13:39:05] SlimMonoLogger.INFO: Cron ran at: 30-06-2026 01:39:05 PM [] []
[2026-06-30 13:39:07] SlimMonoLogger.INFO: Cron ran at: 30-06-2026 01:39:07 PM [] []
[2026-06-30 13:39:12] SlimMonoLogger.INFO: Cron ran at: 30-06-2026 01:39:12 PM [] []
[2026-06-30 13:39:30] SlimMonoLogger.INFO: Cron ran at: 30-06-2026 01:39:30 PM [] []
[2026-06-30 13:40:01] SlimMonoLogger.INFO: Cron ran at: 30-06-2026 01:40:01 PM [] []
[2026-06-30 13:40:02] SlimMonoLogger.INFO: Cron ran at: 30-06-2026 01:40:02 PM [] []
[2026-06-30 13:40:02] SlimMonoLogger.INFO: Cron ran at: 30-06-2026 01:40:02 PM [] []
[2026-06-30 13:40:28] SlimMonoLogger.INFO: Cron ran at: 30-06-2026 01:40:28 PM [] []
[2026-06-30 13:41:05] SlimMonoLogger.INFO: Cron ran at: 30-06-2026 01:41:05 PM [] []
[2026-06-30 13:41:13] SlimMonoLogger.INFO: Cron ran at: 30-06-2026 01:41:13 PM [] []
[2026-06-30 13:41:18] SlimMonoLogger.INFO: Cron ran at: 30-06-2026 01:41:18 PM [] []
[2026-06-30 13:41:58] SlimMonoLogger.INFO: Cron ran at: 30-06-2026 01:41:58 PM [] []
[2026-06-30 13:42:02] SlimMonoLogger.INFO: Cron ran at: 30-06-2026 01:42:02 PM [] []
[2026-06-30 13:42:09] SlimMonoLogger.INFO: Cron ran at: 30-06-2026 01:42:09 PM [] []
[2026-06-30 13:42:10] SlimMonoLogger.INFO: Cron ran at: 30-06-2026 01:42:10 PM [] []
[2026-06-30 13:42:36] SlimMonoLogger.INFO: Cron ran at: 30-06-2026 01:42:36 PM [] []
[2026-06-30 13:43:02] SlimMonoLogger.INFO: Cron ran at: 30-06-2026 01:43:02 PM [] []
[2026-06-30 13:43:05] SlimMonoLogger.INFO: Cron ran at: 30-06-2026 01:43:05 PM [] []
[2026-06-30 13:43:06] SlimMonoLogger.INFO: Cron ran at: 30-06-2026 01:43:06 PM [] []
[2026-06-30 13:43:28] SlimMonoLogger.INFO: Cron ran at: 30-06-2026 01:43:28 PM [] []
[2026-06-30 13:43:51] SlimMonoLogger.INFO: Cron ran at: 30-06-2026 01:43:51 PM [] []
[2026-06-30 13:43:56] SlimMonoLogger.INFO: Cron ran at: 30-06-2026 01:43:56 PM [] []
[2026-06-30 13:43:57] SlimMonoLogger.INFO: Cron ran at: 30-06-2026 01:43:57 PM [] []
[2026-06-30 13:44:18] SlimMonoLogger.INFO: Cron ran at: 30-06-2026 01:44:18 PM [] []
[2026-06-30 13:44:50] SlimMonoLogger.INFO: Cron ran at: 30-06-2026 01:44:50 PM [] []
[2026-06-30 13:45:00] SlimMonoLogger.INFO: Cron ran at: 30-06-2026 01:45:00 PM [] []
[2026-06-30 13:45:01] SlimMonoLogger.INFO: Cron ran at: 30-06-2026 01:45:01 PM [] []
[2026-06-30 13:45:01] SlimMonoLogger.INFO: Cron ran at: 30-06-2026 01:45:01 PM [] []
[2026-06-30 13:45:58] SlimMonoLogger.INFO: Cron ran at: 30-06-2026 01:45:58 PM [] []
[2026-06-30 13:45:58] SlimMonoLogger.INFO: Cron ran at: 30-06-2026 01:45:58 PM [] []
[2026-06-30 13:46:00] SlimMonoLogger.INFO: Cron ran at: 30-06-2026 01:46:00 PM [] []
[2026-06-30 13:46:53] SlimMonoLogger.INFO: Cron ran at: 30-06-2026 01:46:53 PM [] []
[2026-06-30 13:46:53] SlimMonoLogger.INFO: Cron ran at: 30-06-2026 01:46:53 PM [] []
[2026-06-30 13:46:54] SlimMonoLogger.INFO: Cron ran at: 30-06-2026 01:46:54 PM [] []
[2026-06-30 13:46:55] SlimMonoLogger.INFO: Cron ran at: 30-06-2026 01:46:55 PM [] []
[2026-06-30 13:47:41] SlimMonoLogger.INFO: Cron ran at: 30-06-2026 01:47:41 PM [] []
[2026-06-30 13:47:53] SlimMonoLogger.INFO: Cron ran at: 30-06-2026 01:47:53 PM [] []
[2026-06-30 13:48:01] SlimMonoLogger.INFO: Cron ran at: 30-06-2026 01:48:01 PM [] []
[2026-06-30 13:48:02] SlimMonoLogger.INFO: Cron ran at: 30-06-2026 01:48:02 PM [] []
[2026-06-30 13:48:30] SlimMonoLogger.INFO: Cron ran at: 30-06-2026 01:48:30 PM [] []
[2026-06-30 13:48:50] SlimMonoLogger.INFO: Cron ran at: 30-06-2026 01:48:50 PM [] []
[2026-06-30 13:49:14] SlimMonoLogger.INFO: Cron ran at: 30-06-2026 01:49:14 PM [] []
[2026-06-30 13:49:14] SlimMonoLogger.INFO: Cron ran at: 30-06-2026 01:49:14 PM [] []
[2026-06-30 13:49:32] SlimMonoLogger.INFO: Cron ran at: 30-06-2026 01:49:32 PM [] []
[2026-06-30 13:49:53] SlimMonoLogger.INFO: Cron ran at: 30-06-2026 01:49:53 PM [] []
[2026-06-30 13:50:08] SlimMonoLogger.INFO: Cron ran at: 30-06-2026 01:50:08 PM [] []
[2026-06-30 13:50:09] SlimMonoLogger.INFO: Cron ran at: 30-06-2026 01:50:09 PM [] []
[2026-06-30 13:50:12] SlimMonoLogger.INFO: Cron ran at: 30-06-2026 01:50:12 PM [] []
[2026-06-30 13:50:50] SlimMonoLogger.INFO: Cron ran at: 30-06-2026 01:50:50 PM [] []
[2026-06-30 13:50:59] SlimMonoLogger.INFO: Cron ran at: 30-06-2026 01:50:59 PM [] []
[2026-06-30 13:51:07] SlimMonoLogger.INFO: Cron ran at: 30-06-2026 01:51:07 PM [] []
[2026-06-30 13:51:35] SlimMonoLogger.INFO: Cron ran at: 30-06-2026 01:51:35 PM [] []
[2026-06-30 13:51:51] SlimMonoLogger.INFO: Cron ran at: 30-06-2026 01:51:51 PM [] []
[2026-06-30 13:51:59] SlimMonoLogger.INFO: Cron ran at: 30-06-2026 01:51:59 PM [] []
[2026-06-30 13:52:05] SlimMonoLogger.INFO: Cron ran at: 30-06-2026 01:52:05 PM [] []
[2026-06-30 13:52:28] SlimMonoLogger.INFO: Cron ran at: 30-06-2026 01:52:28 PM [] []
[2026-06-30 13:52:49] SlimMonoLogger.INFO: Cron ran at: 30-06-2026 01:52:49 PM [] []
[2026-06-30 13:53:04] SlimMonoLogger.INFO: Cron ran at: 30-06-2026 01:53:04 PM [] []
[2026-06-30 13:53:05] SlimMonoLogger.INFO: Cron ran at: 30-06-2026 01:53:05 PM [] []
[2026-06-30 13:53:18] SlimMonoLogger.INFO: Cron ran at: 30-06-2026 01:53:18 PM [] []
[2026-06-30 13:53:49] SlimMonoLogger.INFO: Cron ran at: 30-06-2026 01:53:49 PM [] []
[2026-06-30 13:54:09] SlimMonoLogger.INFO: Cron ran at: 30-06-2026 01:54:09 PM [] []
[2026-06-30 13:54:09] SlimMonoLogger.INFO: Cron ran at: 30-06-2026 01:54:09 PM [] []
[2026-06-30 13:54:10] SlimMonoLogger.INFO: Cron ran at: 30-06-2026 01:54:10 PM [] []
[2026-06-30 13:54:54] SlimMonoLogger.INFO: Cron ran at: 30-06-2026 01:54:54 PM [] []
[2026-06-30 13:54:58] SlimMonoLogger.INFO: Cron ran at: 30-06-2026 01:54:58 PM [] []
[2026-06-30 13:55:00] SlimMonoLogger.INFO: Cron ran at: 30-06-2026 01:55:00 PM [] []
[2026-06-30 13:55:01] SlimMonoLogger.INFO: Cron ran at: 30-06-2026 01:55:01 PM [] []
[2026-06-30 13:55:51] SlimMonoLogger.INFO: Cron ran at: 30-06-2026 01:55:51 PM [] []
[2026-06-30 13:56:00] SlimMonoLogger.INFO: Cron ran at: 30-06-2026 01:56:00 PM [] []
[2026-06-30 13:56:00] SlimMonoLogger.INFO: Cron ran at: 30-06-2026 01:56:00 PM [] []
[2026-06-30 13:56:31] SlimMonoLogger.INFO: Cron ran at: 30-06-2026 01:56:31 PM [] []
[2026-06-30 13:56:47] SlimMonoLogger.INFO: Cron ran at: 30-06-2026 01:56:47 PM [] []
[2026-06-30 13:56:55] SlimMonoLogger.INFO: Cron ran at: 30-06-2026 01:56:55 PM [] []
[2026-06-30 13:56:57] SlimMonoLogger.INFO: Cron ran at: 30-06-2026 01:56:57 PM [] []
[2026-06-30 13:57:11] SlimMonoLogger.INFO: Cron ran at: 30-06-2026 01:57:11 PM [] []
[2026-06-30 13:57:53] SlimMonoLogger.INFO: Cron ran at: 30-06-2026 01:57:53 PM [] []
[2026-06-30 13:57:53] SlimMonoLogger.INFO: Cron ran at: 30-06-2026 01:57:53 PM [] []
[2026-06-30 13:58:01] SlimMonoLogger.INFO: Cron ran at: 30-06-2026 01:58:01 PM [] []
[2026-06-30 13:58:03] SlimMonoLogger.INFO: Cron ran at: 30-06-2026 01:58:03 PM [] []
[2026-06-30 13:58:47] SlimMonoLogger.INFO: Cron ran at: 30-06-2026 01:58:47 PM [] []
[2026-06-30 13:58:48] SlimMonoLogger.INFO: Cron ran at: 30-06-2026 01:58:48 PM [] []
[2026-06-30 13:58:56] SlimMonoLogger.INFO: Cron ran at: 30-06-2026 01:58:56 PM [] []
[2026-06-30 13:58:56] SlimMonoLogger.INFO: Cron ran at: 30-06-2026 01:58:56 PM [] []
[2026-06-30 13:59:57] SlimMonoLogger.INFO: Cron ran at: 30-06-2026 01:59:57 PM [] []
[2026-06-30 13:59:58] SlimMonoLogger.INFO: Cron ran at: 30-06-2026 01:59:58 PM [] []
[2026-06-30 13:59:58] SlimMonoLogger.INFO: Cron ran at: 30-06-2026 01:59:58 PM [] []
[2026-06-30 14:00:06] SlimMonoLogger.INFO: Cron ran at: 30-06-2026 02:00:06 PM [] []
[2026-06-30 14:00:34] SlimMonoLogger.ERROR: Requests_Exception: cURL error 35: Recv failure: Connection reset by peer in /home/latihtal/public_html/agregator1/src/vendor/rmccue/requests/library/Requests/Transport/cURL.php:422
Stack trace:
#0 /home/latihtal/public_html/agregator1/src/vendor/rmccue/requests/library/Requests/Transport/cURL.php(177): Requests_Transport_cURL->process_response()
#1 /home/latihtal/public_html/agregator1/src/vendor/rmccue/requests/library/Requests.php(379): Requests_Transport_cURL->request()
#2 /home/latihtal/public_html/agregator1/src/vendor/rmccue/requests/library/Requests/Session.php(205): Requests::request()
#3 /home/latihtal/public_html/agregator1/src/vendor/rmccue/requests/library/Requests/Session.php(132): Requests_Session->request()
#4 /home/latihtal/public_html/agregator1/src/drivers/Http/RssImporter.php(144): Requests_Session->get()
#5 /home/latihtal/public_html/agregator1/src/controllers/Dashboard/DashboardFeedsController.php(534): spark\drivers\Http\RssImporter->fetchPosts()
#6 /home/latihtal/public_html/agregator1/src/controllers/Site/SiteController.php(722): spark\controllers\Dashboard\DashboardFeedsController::importFeedPosts()
#7 [internal function]: spark\controllers\Site\SiteController->runTasks()
#8 /home/latihtal/public_html/agregator1/src/framework/Route.php(173): call_user_func_array()
#9 [internal function]: Slim\Route->Slim\{closure}()
#10 /home/latihtal/public_html/agregator1/src/framework/Route.php(468): call_user_func_array()
#11 /home/latihtal/public_html/agregator1/src/framework/Slim.php(1364): Slim\Route->dispatch()
#12 /home/latihtal/public_html/agregator1/src/framework/Middleware/Flash.php(85): Slim\Slim->call()
#13 /home/latihtal/public_html/agregator1/src/framework/Middleware/MethodOverride.php(92): Slim\Middleware\Flash->call()
#14 /home/latihtal/public_html/agregator1/src/middlewares/CsrfGuard/CsrfGuard.php(47): Slim\Middleware\MethodOverride->call()
#15 /home/latihtal/public_html/agregator1/src/framework/Middleware/PrettyExceptions.php(67): spark\middlewares\CsrfGuard\CsrfGuard->call()
#16 /home/latihtal/public_html/agregator1/src/framework/Slim.php(1308): Slim\Middleware\PrettyExceptions->call()
#17 /home/latihtal/public_html/agregator1/index.php(6): Slim\Slim->run()
#18 {main} [] []
[2026-06-30 14:01:08] SlimMonoLogger.INFO: Cron ran at: 30-06-2026 02:01:08 PM [] []
[2026-06-30 14:01:08] SlimMonoLogger.INFO: Cron ran at: 30-06-2026 02:01:08 PM [] []
[2026-06-30 14:01:21] SlimMonoLogger.INFO: Cron ran at: 30-06-2026 02:01:21 PM [] []
[2026-06-30 14:01:52] SlimMonoLogger.INFO: Cron ran at: 30-06-2026 02:01:52 PM [] []
[2026-06-30 14:01:53] SlimMonoLogger.INFO: Cron ran at: 30-06-2026 02:01:53 PM [] []
[2026-06-30 14:01:53] SlimMonoLogger.INFO: Cron ran at: 30-06-2026 02:01:53 PM [] []
[2026-06-30 14:02:02] SlimMonoLogger.INFO: Cron ran at: 30-06-2026 02:02:02 PM [] []
[2026-06-30 14:02:46] SlimMonoLogger.INFO: Cron ran at: 30-06-2026 02:02:46 PM [] []
[2026-06-30 14:02:47] SlimMonoLogger.INFO: Cron ran at: 30-06-2026 02:02:47 PM [] []
[2026-06-30 14:02:59] SlimMonoLogger.INFO: Cron ran at: 30-06-2026 02:02:59 PM [] []
[2026-06-30 14:03:13] SlimMonoLogger.INFO: Cron ran at: 30-06-2026 02:03:13 PM [] []
[2026-06-30 14:03:49] SlimMonoLogger.INFO: Cron ran at: 30-06-2026 02:03:49 PM [] []
[2026-06-30 14:03:50] SlimMonoLogger.INFO: Cron ran at: 30-06-2026 02:03:50 PM [] []
[2026-06-30 14:04:04] SlimMonoLogger.INFO: Cron ran at: 30-06-2026 02:04:04 PM [] []
[2026-06-30 14:04:13] SlimMonoLogger.INFO: Cron ran at: 30-06-2026 02:04:13 PM [] []
[2026-06-30 14:04:27] SlimMonoLogger.INFO: Cron ran at: 30-06-2026 02:04:27 PM [] []
[2026-06-30 14:04:43] SlimMonoLogger.INFO: Cron ran at: 30-06-2026 02:04:43 PM [] []
[2026-06-30 14:04:53] SlimMonoLogger.INFO: Cron ran at: 30-06-2026 02:04:53 PM [] []
[2026-06-30 14:05:01] SlimMonoLogger.INFO: Cron ran at: 30-06-2026 02:05:01 PM [] []
[2026-06-30 14:05:22] SlimMonoLogger.INFO: Cron ran at: 30-06-2026 02:05:22 PM [] []
[2026-06-30 14:05:42] SlimMonoLogger.INFO: Cron ran at: 30-06-2026 02:05:42 PM [] []
[2026-06-30 14:05:55] SlimMonoLogger.ERROR: Requests_Exception: cURL error 35: Recv failure: Connection reset by peer in /home/latihtal/public_html/agregator1/src/vendor/rmccue/requests/library/Requests/Transport/cURL.php:422
Stack trace:
#0 /home/latihtal/public_html/agregator1/src/vendor/rmccue/requests/library/Requests/Transport/cURL.php(177): Requests_Transport_cURL->process_response()
#1 /home/latihtal/public_html/agregator1/src/vendor/rmccue/requests/library/Requests.php(379): Requests_Transport_cURL->request()
#2 /home/latihtal/public_html/agregator1/src/vendor/rmccue/requests/library/Requests/Session.php(205): Requests::request()
#3 /home/latihtal/public_html/agregator1/src/vendor/rmccue/requests/library/Requests/Session.php(132): Requests_Session->request()
#4 /home/latihtal/public_html/agregator1/src/drivers/Http/RssImporter.php(144): Requests_Session->get()
#5 /home/latihtal/public_html/agregator1/src/controllers/Dashboard/DashboardFeedsController.php(534): spark\drivers\Http\RssImporter->fetchPosts()
#6 /home/latihtal/public_html/agregator1/src/controllers/Site/SiteController.php(722): spark\controllers\Dashboard\DashboardFeedsController::importFeedPosts()
#7 [internal function]: spark\controllers\Site\SiteController->runTasks()
#8 /home/latihtal/public_html/agregator1/src/framework/Route.php(173): call_user_func_array()
#9 [internal function]: Slim\Route->Slim\{closure}()
#10 /home/latihtal/public_html/agregator1/src/framework/Route.php(468): call_user_func_array()
#11 /home/latihtal/public_html/agregator1/src/framework/Slim.php(1364): Slim\Route->dispatch()
#12 /home/latihtal/public_html/agregator1/src/framework/Middleware/Flash.php(85): Slim\Slim->call()
#13 /home/latihtal/public_html/agregator1/src/framework/Middleware/MethodOverride.php(92): Slim\Middleware\Flash->call()
#14 /home/latihtal/public_html/agregator1/src/middlewares/CsrfGuard/CsrfGuard.php(47): Slim\Middleware\MethodOverride->call()
#15 /home/latihtal/public_html/agregator1/src/framework/Middleware/PrettyExceptions.php(67): spark\middlewares\CsrfGuard\CsrfGuard->call()
#16 /home/latihtal/public_html/agregator1/src/framework/Slim.php(1308): Slim\Middleware\PrettyExceptions->call()
#17 /home/latihtal/public_html/agregator1/index.php(6): Slim\Slim->run()
#18 {main} [] []
[2026-06-30 14:05:56] SlimMonoLogger.INFO: Cron ran at: 30-06-2026 02:05:56 PM [] []
[2026-06-30 14:06:15] SlimMonoLogger.INFO: Cron ran at: 30-06-2026 02:06:15 PM [] []
[2026-06-30 14:06:31] SlimMonoLogger.INFO: Cron ran at: 30-06-2026 02:06:31 PM [] []
[2026-06-30 14:06:45] SlimMonoLogger.INFO: Cron ran at: 30-06-2026 02:06:45 PM [] []
[2026-06-30 14:06:53] SlimMonoLogger.INFO: Cron ran at: 30-06-2026 02:06:53 PM [] []
[2026-06-30 14:07:15] SlimMonoLogger.INFO: Cron ran at: 30-06-2026 02:07:15 PM [] []
[2026-06-30 14:07:17] SlimMonoLogger.INFO: Cron ran at: 30-06-2026 02:07:17 PM [] []
[2026-06-30 14:07:41] SlimMonoLogger.INFO: Cron ran at: 30-06-2026 02:07:41 PM [] []
[2026-06-30 14:07:56] SlimMonoLogger.INFO: Cron ran at: 30-06-2026 02:07:56 PM [] []
[2026-06-30 14:08:08] SlimMonoLogger.INFO: Cron ran at: 30-06-2026 02:08:08 PM [] []
[2026-06-30 14:08:08] SlimMonoLogger.INFO: Cron ran at: 30-06-2026 02:08:08 PM [] []
[2026-06-30 14:08:46] SlimMonoLogger.INFO: Cron ran at: 30-06-2026 02:08:46 PM [] []
[2026-06-30 14:08:56] SlimMonoLogger.INFO: Cron ran at: 30-06-2026 02:08:56 PM [] []
[2026-06-30 14:09:03] SlimMonoLogger.INFO: Cron ran at: 30-06-2026 02:09:03 PM [] []
[2026-06-30 14:09:03] SlimMonoLogger.INFO: Cron ran at: 30-06-2026 02:09:03 PM [] []
[2026-06-30 14:09:39] SlimMonoLogger.INFO: Cron ran at: 30-06-2026 02:09:39 PM [] []
[2026-06-30 14:09:52] SlimMonoLogger.INFO: Cron ran at: 30-06-2026 02:09:52 PM [] []
[2026-06-30 14:09:53] SlimMonoLogger.INFO: Cron ran at: 30-06-2026 02:09:53 PM [] []
[2026-06-30 14:10:07] SlimMonoLogger.INFO: Cron ran at: 30-06-2026 02:10:07 PM [] []
[2026-06-30 14:10:45] SlimMonoLogger.INFO: Cron ran at: 30-06-2026 02:10:45 PM [] []
[2026-06-30 14:10:53] SlimMonoLogger.INFO: Cron ran at: 30-06-2026 02:10:53 PM [] []
[2026-06-30 14:11:04] SlimMonoLogger.INFO: Cron ran at: 30-06-2026 02:11:04 PM [] []
[2026-06-30 14:11:24] SlimMonoLogger.INFO: Cron ran at: 30-06-2026 02:11:24 PM [] []
[2026-06-30 14:11:39] SlimMonoLogger.INFO: Cron ran at: 30-06-2026 02:11:39 PM [] []
[2026-06-30 14:11:43] SlimMonoLogger.INFO: Cron ran at: 30-06-2026 02:11:43 PM [] []
[2026-06-30 14:12:06] SlimMonoLogger.INFO: Cron ran at: 30-06-2026 02:12:06 PM [] []
[2026-06-30 14:12:16] SlimMonoLogger.INFO: Cron ran at: 30-06-2026 02:12:16 PM [] []
[2026-06-30 14:12:41] SlimMonoLogger.INFO: Cron ran at: 30-06-2026 02:12:41 PM [] []
[2026-06-30 14:12:44] SlimMonoLogger.INFO: Cron ran at: 30-06-2026 02:12:44 PM [] []
[2026-06-30 14:13:07] SlimMonoLogger.INFO: Cron ran at: 30-06-2026 02:13:07 PM [] []
[2026-06-30 14:13:07] SlimMonoLogger.INFO: Cron ran at: 30-06-2026 02:13:07 PM [] []
[2026-06-30 14:13:41] SlimMonoLogger.INFO: Cron ran at: 30-06-2026 02:13:41 PM [] []
[2026-06-30 14:13:42] SlimMonoLogger.INFO: Cron ran at: 30-06-2026 02:13:42 PM [] []
[2026-06-30 14:14:06] SlimMonoLogger.INFO: Cron ran at: 30-06-2026 02:14:06 PM [] []
[2026-06-30 14:14:07] SlimMonoLogger.INFO: Cron ran at: 30-06-2026 02:14:07 PM [] []
[2026-06-30 14:14:40] SlimMonoLogger.INFO: Cron ran at: 30-06-2026 02:14:40 PM [] []
[2026-06-30 14:14:42] SlimMonoLogger.INFO: Cron ran at: 30-06-2026 02:14:42 PM [] []
[2026-06-30 14:15:01] SlimMonoLogger.INFO: Cron ran at: 30-06-2026 02:15:01 PM [] []
[2026-06-30 14:15:02] SlimMonoLogger.INFO: Cron ran at: 30-06-2026 02:15:02 PM [] []
[2026-06-30 14:15:42] SlimMonoLogger.INFO: Cron ran at: 30-06-2026 02:15:42 PM [] []
[2026-06-30 14:15:54] SlimMonoLogger.INFO: Cron ran at: 30-06-2026 02:15:54 PM [] []
[2026-06-30 14:16:03] SlimMonoLogger.INFO: Cron ran at: 30-06-2026 02:16:03 PM [] []
[2026-06-30 14:16:45] SlimMonoLogger.INFO: Cron ran at: 30-06-2026 02:16:45 PM [] []
[2026-06-30 14:16:45] SlimMonoLogger.INFO: Cron ran at: 30-06-2026 02:16:45 PM [] []
[2026-06-30 14:16:46] SlimMonoLogger.INFO: Cron ran at: 30-06-2026 02:16:46 PM [] []
[2026-06-30 14:17:09] SlimMonoLogger.INFO: Cron ran at: 30-06-2026 02:17:09 PM [] []
[2026-06-30 14:17:34] SlimMonoLogger.INFO: Cron ran at: 30-06-2026 02:17:34 PM [] []
[2026-06-30 14:17:40] SlimMonoLogger.INFO: Cron ran at: 30-06-2026 02:17:40 PM [] []
[2026-06-30 14:17:41] SlimMonoLogger.INFO: Cron ran at: 30-06-2026 02:17:41 PM [] []
[2026-06-30 14:18:08] SlimMonoLogger.INFO: Cron ran at: 30-06-2026 02:18:08 PM [] []
[2026-06-30 14:18:25] SlimMonoLogger.INFO: Cron ran at: 30-06-2026 02:18:25 PM [] []
[2026-06-30 14:18:46] SlimMonoLogger.INFO: Cron ran at: 30-06-2026 02:18:46 PM [] []
[2026-06-30 14:18:47] SlimMonoLogger.INFO: Cron ran at: 30-06-2026 02:18:47 PM [] []
[2026-06-30 14:19:06] SlimMonoLogger.INFO: Cron ran at: 30-06-2026 02:19:06 PM [] []
[2026-06-30 14:19:25] SlimMonoLogger.INFO: Cron ran at: 30-06-2026 02:19:25 PM [] []
[2026-06-30 14:19:46] SlimMonoLogger.INFO: Cron ran at: 30-06-2026 02:19:46 PM [] []
[2026-06-30 14:19:49] SlimMonoLogger.INFO: Cron ran at: 30-06-2026 02:19:49 PM [] []
[2026-06-30 14:20:10] SlimMonoLogger.INFO: Cron ran at: 30-06-2026 02:20:10 PM [] []
[2026-06-30 14:20:16] SlimMonoLogger.INFO: Cron ran at: 30-06-2026 02:20:16 PM [] []
[2026-06-30 14:20:50] SlimMonoLogger.INFO: Cron ran at: 30-06-2026 02:20:50 PM [] []
[2026-06-30 14:20:53] SlimMonoLogger.INFO: Cron ran at: 30-06-2026 02:20:53 PM [] []
[2026-06-30 14:21:15] SlimMonoLogger.INFO: Cron ran at: 30-06-2026 02:21:15 PM [] []
[2026-06-30 14:21:55] SlimMonoLogger.INFO: Cron ran at: 30-06-2026 02:21:55 PM [] []
[2026-06-30 14:21:55] SlimMonoLogger.INFO: Cron ran at: 30-06-2026 02:21:55 PM [] []
[2026-06-30 14:21:59] SlimMonoLogger.INFO: Cron ran at: 30-06-2026 02:21:59 PM [] []
[2026-06-30 14:22:14] SlimMonoLogger.INFO: Cron ran at: 30-06-2026 02:22:14 PM [] []
[2026-06-30 14:22:43] SlimMonoLogger.INFO: Cron ran at: 30-06-2026 02:22:43 PM [] []
[2026-06-30 14:22:43] SlimMonoLogger.INFO: Cron ran at: 30-06-2026 02:22:43 PM [] []
[2026-06-30 14:22:44] SlimMonoLogger.INFO: Cron ran at: 30-06-2026 02:22:44 PM [] []
[2026-06-30 14:23:02] SlimMonoLogger.INFO: Cron ran at: 30-06-2026 02:23:02 PM [] []
[2026-06-30 14:23:39] SlimMonoLogger.INFO: Cron ran at: 30-06-2026 02:23:39 PM [] []
[2026-06-30 14:23:46] SlimMonoLogger.INFO: Cron ran at: 30-06-2026 02:23:46 PM [] []
[2026-06-30 14:23:47] SlimMonoLogger.INFO: Cron ran at: 30-06-2026 02:23:47 PM [] []
[2026-06-30 14:24:00] SlimMonoLogger.INFO: Cron ran at: 30-06-2026 02:24:00 PM [] []
[2026-06-30 14:24:27] SlimMonoLogger.INFO: Cron ran at: 30-06-2026 02:24:27 PM [] []
[2026-06-30 14:24:42] SlimMonoLogger.INFO: Cron ran at: 30-06-2026 02:24:42 PM [] []
[2026-06-30 14:24:42] SlimMonoLogger.INFO: Cron ran at: 30-06-2026 02:24:42 PM [] []
[2026-06-30 14:24:59] SlimMonoLogger.INFO: Cron ran at: 30-06-2026 02:24:59 PM [] []
[2026-06-30 14:25:23] SlimMonoLogger.INFO: Cron ran at: 30-06-2026 02:25:23 PM [] []
[2026-06-30 14:25:40] SlimMonoLogger.INFO: Cron ran at: 30-06-2026 02:25:40 PM [] []
[2026-06-30 14:25:59] SlimMonoLogger.INFO: Cron ran at: 30-06-2026 02:25:59 PM [] []
[2026-06-30 14:26:14] SlimMonoLogger.INFO: Cron ran at: 30-06-2026 02:26:14 PM [] []
[2026-06-30 14:26:46] SlimMonoLogger.INFO: Cron ran at: 30-06-2026 02:26:46 PM [] []
[2026-06-30 14:26:52] SlimMonoLogger.INFO: Cron ran at: 30-06-2026 02:26:52 PM [] []
[2026-06-30 14:26:54] SlimMonoLogger.INFO: Cron ran at: 30-06-2026 02:26:54 PM [] []
[2026-06-30 14:27:15] SlimMonoLogger.INFO: Cron ran at: 30-06-2026 02:27:15 PM [] []
[2026-06-30 14:27:43] SlimMonoLogger.INFO: Cron ran at: 30-06-2026 02:27:43 PM [] []
[2026-06-30 14:27:44] SlimMonoLogger.INFO: Cron ran at: 30-06-2026 02:27:44 PM [] []
[2026-06-30 14:28:00] SlimMonoLogger.INFO: Cron ran at: 30-06-2026 02:28:00 PM [] []
[2026-06-30 14:28:09] SlimMonoLogger.INFO: Cron ran at: 30-06-2026 02:28:09 PM [] []
[2026-06-30 14:28:39] SlimMonoLogger.INFO: Cron ran at: 30-06-2026 02:28:39 PM [] []
[2026-06-30 14:28:40] SlimMonoLogger.INFO: Cron ran at: 30-06-2026 02:28:40 PM [] []
[2026-06-30 14:29:00] SlimMonoLogger.INFO: Cron ran at: 30-06-2026 02:29:00 PM [] []
[2026-06-30 14:29:09] SlimMonoLogger.INFO: Cron ran at: 30-06-2026 02:29:09 PM [] []
[2026-06-30 14:29:32] SlimMonoLogger.INFO: Cron ran at: 30-06-2026 02:29:32 PM [] []
[2026-06-30 14:29:42] SlimMonoLogger.INFO: Cron ran at: 30-06-2026 02:29:42 PM [] []
[2026-06-30 14:29:57] SlimMonoLogger.INFO: Cron ran at: 30-06-2026 02:29:57 PM [] []
[2026-06-30 14:30:10] SlimMonoLogger.INFO: Cron ran at: 30-06-2026 02:30:10 PM [] []
[2026-06-30 14:30:34] SlimMonoLogger.INFO: Cron ran at: 30-06-2026 02:30:34 PM [] []
[2026-06-30 14:30:38] SlimMonoLogger.ERROR: Requests_Exception: cURL error 35: Recv failure: Connection reset by peer in /home/latihtal/public_html/agregator1/src/vendor/rmccue/requests/library/Requests/Transport/cURL.php:422
Stack trace:
#0 /home/latihtal/public_html/agregator1/src/vendor/rmccue/requests/library/Requests/Transport/cURL.php(177): Requests_Transport_cURL->process_response()
#1 /home/latihtal/public_html/agregator1/src/vendor/rmccue/requests/library/Requests.php(379): Requests_Transport_cURL->request()
#2 /home/latihtal/public_html/agregator1/src/vendor/rmccue/requests/library/Requests/Session.php(205): Requests::request()
#3 /home/latihtal/public_html/agregator1/src/vendor/rmccue/requests/library/Requests/Session.php(132): Requests_Session->request()
#4 /home/latihtal/public_html/agregator1/src/drivers/Http/RssImporter.php(144): Requests_Session->get()
#5 /home/latihtal/public_html/agregator1/src/controllers/Dashboard/DashboardFeedsController.php(534): spark\drivers\Http\RssImporter->fetchPosts()
#6 /home/latihtal/public_html/agregator1/src/controllers/Site/SiteController.php(722): spark\controllers\Dashboard\DashboardFeedsController::importFeedPosts()
#7 [internal function]: spark\controllers\Site\SiteController->runTasks()
#8 /home/latihtal/public_html/agregator1/src/framework/Route.php(173): call_user_func_array()
#9 [internal function]: Slim\Route->Slim\{closure}()
#10 /home/latihtal/public_html/agregator1/src/framework/Route.php(468): call_user_func_array()
#11 /home/latihtal/public_html/agregator1/src/framework/Slim.php(1364): Slim\Route->dispatch()
#12 /home/latihtal/public_html/agregator1/src/framework/Middleware/Flash.php(85): Slim\Slim->call()
#13 /home/latihtal/public_html/agregator1/src/framework/Middleware/MethodOverride.php(92): Slim\Middleware\Flash->call()
#14 /home/latihtal/public_html/agregator1/src/middlewares/CsrfGuard/CsrfGuard.php(47): Slim\Middleware\MethodOverride->call()
#15 /home/latihtal/public_html/agregator1/src/framework/Middleware/PrettyExceptions.php(67): spark\middlewares\CsrfGuard\CsrfGuard->call()
#16 /home/latihtal/public_html/agregator1/src/framework/Slim.php(1308): Slim\Middleware\PrettyExceptions->call()
#17 /home/latihtal/public_html/agregator1/index.php(6): Slim\Slim->run()
#18 {main} [] []
[2026-06-30 14:31:08] SlimMonoLogger.INFO: Cron ran at: 30-06-2026 02:31:08 PM [] []
[2026-06-30 14:31:09] SlimMonoLogger.INFO: Cron ran at: 30-06-2026 02:31:09 PM [] []
[2026-06-30 14:31:23] SlimMonoLogger.INFO: Cron ran at: 30-06-2026 02:31:23 PM [] []
[2026-06-30 14:31:57] SlimMonoLogger.INFO: Cron ran at: 30-06-2026 02:31:57 PM [] []
[2026-06-30 14:32:02] SlimMonoLogger.INFO: Cron ran at: 30-06-2026 02:32:02 PM [] []
[2026-06-30 14:32:10] SlimMonoLogger.INFO: Cron ran at: 30-06-2026 02:32:10 PM [] []
[2026-06-30 14:32:19] SlimMonoLogger.INFO: Cron ran at: 30-06-2026 02:32:19 PM [] []
[2026-06-30 14:32:49] SlimMonoLogger.INFO: Cron ran at: 30-06-2026 02:32:49 PM [] []
[2026-06-30 14:33:02] SlimMonoLogger.INFO: Cron ran at: 30-06-2026 02:33:02 PM [] []
[2026-06-30 14:33:06] SlimMonoLogger.INFO: Cron ran at: 30-06-2026 02:33:06 PM [] []
[2026-06-30 14:33:18] SlimMonoLogger.INFO: Cron ran at: 30-06-2026 02:33:18 PM [] []
[2026-06-30 14:33:40] SlimMonoLogger.INFO: Cron ran at: 30-06-2026 02:33:40 PM [] []
[2026-06-30 14:34:03] SlimMonoLogger.INFO: Cron ran at: 30-06-2026 02:34:03 PM [] []
[2026-06-30 14:34:10] SlimMonoLogger.INFO: Cron ran at: 30-06-2026 02:34:10 PM [] []
[2026-06-30 14:34:18] SlimMonoLogger.INFO: Cron ran at: 30-06-2026 02:34:18 PM [] []
[2026-06-30 14:34:38] SlimMonoLogger.INFO: Cron ran at: 30-06-2026 02:34:38 PM [] []
[2026-06-30 14:34:59] SlimMonoLogger.INFO: Cron ran at: 30-06-2026 02:34:59 PM [] []
[2026-06-30 14:35:08] SlimMonoLogger.INFO: Cron ran at: 30-06-2026 02:35:08 PM [] []
[2026-06-30 14:35:08] SlimMonoLogger.INFO: Cron ran at: 30-06-2026 02:35:08 PM [] []
[2026-06-30 14:35:18] SlimMonoLogger.INFO: Cron ran at: 30-06-2026 02:35:18 PM [] []
[2026-06-30 14:36:09] SlimMonoLogger.INFO: Cron ran at: 30-06-2026 02:36:09 PM [] []
[2026-06-30 14:36:09] SlimMonoLogger.INFO: Cron ran at: 30-06-2026 02:36:09 PM [] []
[2026-06-30 14:36:15] SlimMonoLogger.INFO: Cron ran at: 30-06-2026 02:36:15 PM [] []
[2026-06-30 14:37:01] SlimMonoLogger.INFO: Cron ran at: 30-06-2026 02:37:01 PM [] []
[2026-06-30 14:37:02] SlimMonoLogger.INFO: Cron ran at: 30-06-2026 02:37:02 PM [] []
[2026-06-30 14:37:07] SlimMonoLogger.INFO: Cron ran at: 30-06-2026 02:37:07 PM [] []
[2026-06-30 14:37:07] SlimMonoLogger.INFO: Cron ran at: 30-06-2026 02:37:07 PM [] []
[2026-06-30 14:37:49] SlimMonoLogger.INFO: Cron ran at: 30-06-2026 02:37:49 PM [] []
[2026-06-30 14:38:04] SlimMonoLogger.INFO: Cron ran at: 30-06-2026 02:38:04 PM [] []
[2026-06-30 14:38:07] SlimMonoLogger.INFO: Cron ran at: 30-06-2026 02:38:07 PM [] []
[2026-06-30 14:38:07] SlimMonoLogger.INFO: Cron ran at: 30-06-2026 02:38:07 PM [] []
[2026-06-30 14:38:41] SlimMonoLogger.INFO: Cron ran at: 30-06-2026 02:38:41 PM [] []
[2026-06-30 14:39:01] SlimMonoLogger.INFO: Cron ran at: 30-06-2026 02:39:01 PM [] []
[2026-06-30 14:39:01] SlimMonoLogger.INFO: Cron ran at: 30-06-2026 02:39:01 PM [] []
[2026-06-30 14:39:01] SlimMonoLogger.INFO: Cron ran at: 30-06-2026 02:39:01 PM [] []
[2026-06-30 14:39:30] SlimMonoLogger.INFO: Cron ran at: 30-06-2026 02:39:30 PM [] []
[2026-06-30 14:40:01] SlimMonoLogger.INFO: Cron ran at: 30-06-2026 02:40:01 PM [] []
[2026-06-30 14:40:03] SlimMonoLogger.INFO: Cron ran at: 30-06-2026 02:40:03 PM [] []
[2026-06-30 14:40:08] SlimMonoLogger.INFO: Cron ran at: 30-06-2026 02:40:08 PM [] []
[2026-06-30 14:40:36] SlimMonoLogger.INFO: Cron ran at: 30-06-2026 02:40:36 PM [] []
[2026-06-30 14:41:15] SlimMonoLogger.INFO: Cron ran at: 30-06-2026 02:41:15 PM [] []
[2026-06-30 14:41:17] SlimMonoLogger.INFO: Cron ran at: 30-06-2026 02:41:17 PM [] []
[2026-06-30 14:41:23] SlimMonoLogger.INFO: Cron ran at: 30-06-2026 02:41:23 PM [] []
[2026-06-30 14:41:43] SlimMonoLogger.INFO: Cron ran at: 30-06-2026 02:41:43 PM [] []
[2026-06-30 14:42:04] SlimMonoLogger.INFO: Cron ran at: 30-06-2026 02:42:04 PM [] []
[2026-06-30 14:42:05] SlimMonoLogger.INFO: Cron ran at: 30-06-2026 02:42:05 PM [] []
[2026-06-30 14:42:17] SlimMonoLogger.INFO: Cron ran at: 30-06-2026 02:42:17 PM [] []
[2026-06-30 14:42:33] SlimMonoLogger.INFO: Cron ran at: 30-06-2026 02:42:33 PM [] []
[2026-06-30 14:43:06] SlimMonoLogger.INFO: Cron ran at: 30-06-2026 02:43:06 PM [] []
[2026-06-30 14:43:06] SlimMonoLogger.INFO: Cron ran at: 30-06-2026 02:43:06 PM [] []
[2026-06-30 14:43:17] SlimMonoLogger.INFO: Cron ran at: 30-06-2026 02:43:17 PM [] []
[2026-06-30 14:43:27] SlimMonoLogger.INFO: Cron ran at: 30-06-2026 02:43:27 PM [] []
[2026-06-30 14:44:12] SlimMonoLogger.INFO: Cron ran at: 30-06-2026 02:44:12 PM [] []
[2026-06-30 14:44:13] SlimMonoLogger.INFO: Cron ran at: 30-06-2026 02:44:13 PM [] []
[2026-06-30 14:44:13] SlimMonoLogger.INFO: Cron ran at: 30-06-2026 02:44:13 PM [] []
[2026-06-30 14:44:19] SlimMonoLogger.INFO: Cron ran at: 30-06-2026 02:44:19 PM [] []
[2026-06-30 14:45:09] SlimMonoLogger.INFO: Cron ran at: 30-06-2026 02:45:09 PM [] []
[2026-06-30 14:45:10] SlimMonoLogger.INFO: Cron ran at: 30-06-2026 02:45:10 PM [] []
[2026-06-30 14:45:18] SlimMonoLogger.INFO: Cron ran at: 30-06-2026 02:45:18 PM [] []
[2026-06-30 14:45:19] SlimMonoLogger.INFO: Cron ran at: 30-06-2026 02:45:19 PM [] []
[2026-06-30 14:46:10] SlimMonoLogger.INFO: Cron ran at: 30-06-2026 02:46:10 PM [] []
[2026-06-30 14:46:13] SlimMonoLogger.INFO: Cron ran at: 30-06-2026 02:46:13 PM [] []
[2026-06-30 14:46:14] SlimMonoLogger.INFO: Cron ran at: 30-06-2026 02:46:14 PM [] []
[2026-06-30 14:47:02] SlimMonoLogger.INFO: Cron ran at: 30-06-2026 02:47:02 PM [] []
[2026-06-30 14:47:02] SlimMonoLogger.INFO: Cron ran at: 30-06-2026 02:47:02 PM [] []
[2026-06-30 14:47:04] SlimMonoLogger.INFO: Cron ran at: 30-06-2026 02:47:04 PM [] []
[2026-06-30 14:47:23] SlimMonoLogger.INFO: Cron ran at: 30-06-2026 02:47:23 PM [] []
[2026-06-30 14:48:02] SlimMonoLogger.INFO: Cron ran at: 30-06-2026 02:48:02 PM [] []
[2026-06-30 14:48:02] SlimMonoLogger.INFO: Cron ran at: 30-06-2026 02:48:02 PM [] []
[2026-06-30 14:48:05] SlimMonoLogger.INFO: Cron ran at: 30-06-2026 02:48:05 PM [] []
[2026-06-30 14:48:10] SlimMonoLogger.INFO: Cron ran at: 30-06-2026 02:48:10 PM [] []
[2026-06-30 14:48:51] SlimMonoLogger.INFO: Cron ran at: 30-06-2026 02:48:51 PM [] []
[2026-06-30 14:48:58] SlimMonoLogger.INFO: Cron ran at: 30-06-2026 02:48:58 PM [] []
[2026-06-30 14:49:08] SlimMonoLogger.INFO: Cron ran at: 30-06-2026 02:49:08 PM [] []
[2026-06-30 14:49:13] SlimMonoLogger.INFO: Cron ran at: 30-06-2026 02:49:13 PM [] []
[2026-06-30 14:49:42] SlimMonoLogger.INFO: Cron ran at: 30-06-2026 02:49:42 PM [] []
[2026-06-30 14:49:57] SlimMonoLogger.INFO: Cron ran at: 30-06-2026 02:49:57 PM [] []
[2026-06-30 14:50:06] SlimMonoLogger.INFO: Cron ran at: 30-06-2026 02:50:06 PM [] []
[2026-06-30 14:50:14] SlimMonoLogger.INFO: Cron ran at: 30-06-2026 02:50:14 PM [] []
[2026-06-30 14:50:33] SlimMonoLogger.INFO: Cron ran at: 30-06-2026 02:50:33 PM [] []
[2026-06-30 14:50:54] SlimMonoLogger.INFO: Cron ran at: 30-06-2026 02:50:54 PM [] []
[2026-06-30 14:51:12] SlimMonoLogger.INFO: Cron ran at: 30-06-2026 02:51:12 PM [] []
[2026-06-30 14:51:35] SlimMonoLogger.INFO: Cron ran at: 30-06-2026 02:51:35 PM [] []
[2026-06-30 14:51:44] SlimMonoLogger.INFO: Cron ran at: 30-06-2026 02:51:44 PM [] []
[2026-06-30 14:51:57] SlimMonoLogger.INFO: Cron ran at: 30-06-2026 02:51:57 PM [] []
[2026-06-30 14:52:12] SlimMonoLogger.INFO: Cron ran at: 30-06-2026 02:52:12 PM [] []
[2026-06-30 14:52:25] SlimMonoLogger.INFO: Cron ran at: 30-06-2026 02:52:25 PM [] []
[2026-06-30 14:52:32] SlimMonoLogger.INFO: Cron ran at: 30-06-2026 02:52:32 PM [] []
[2026-06-30 14:52:56] SlimMonoLogger.INFO: Cron ran at: 30-06-2026 02:52:56 PM [] []
[2026-06-30 14:53:16] SlimMonoLogger.INFO: Cron ran at: 30-06-2026 02:53:16 PM [] []
[2026-06-30 14:53:24] SlimMonoLogger.INFO: Cron ran at: 30-06-2026 02:53:24 PM [] []
[2026-06-30 14:53:25] SlimMonoLogger.INFO: Cron ran at: 30-06-2026 02:53:25 PM [] []
[2026-06-30 14:54:14] SlimMonoLogger.INFO: Cron ran at: 30-06-2026 02:54:14 PM [] []
[2026-06-30 14:54:22] SlimMonoLogger.INFO: Cron ran at: 30-06-2026 02:54:22 PM [] []
[2026-06-30 14:54:25] SlimMonoLogger.INFO: Cron ran at: 30-06-2026 02:54:25 PM [] []
[2026-06-30 14:54:40] SlimMonoLogger.INFO: Cron ran at: 30-06-2026 02:54:40 PM [] []
[2026-06-30 14:55:08] SlimMonoLogger.INFO: Cron ran at: 30-06-2026 02:55:08 PM [] []
[2026-06-30 14:55:20] SlimMonoLogger.INFO: Cron ran at: 30-06-2026 02:55:20 PM [] []
[2026-06-30 14:55:20] SlimMonoLogger.INFO: Cron ran at: 30-06-2026 02:55:20 PM [] []
[2026-06-30 14:55:40] SlimMonoLogger.INFO: Cron ran at: 30-06-2026 02:55:40 PM [] []
[2026-06-30 14:56:10] SlimMonoLogger.INFO: Cron ran at: 30-06-2026 02:56:10 PM [] []
[2026-06-30 14:56:19] SlimMonoLogger.INFO: Cron ran at: 30-06-2026 02:56:19 PM [] []
[2026-06-30 14:56:34] SlimMonoLogger.INFO: Cron ran at: 30-06-2026 02:56:34 PM [] []
[2026-06-30 14:56:34] SlimMonoLogger.INFO: Cron ran at: 30-06-2026 02:56:34 PM [] []
[2026-06-30 14:57:08] SlimMonoLogger.INFO: Cron ran at: 30-06-2026 02:57:08 PM [] []
[2026-06-30 14:57:12] SlimMonoLogger.INFO: Cron ran at: 30-06-2026 02:57:12 PM [] []
[2026-06-30 14:57:21] SlimMonoLogger.INFO: Cron ran at: 30-06-2026 02:57:21 PM [] []
[2026-06-30 14:57:28] SlimMonoLogger.INFO: Cron ran at: 30-06-2026 02:57:28 PM [] []
[2026-06-30 14:58:07] SlimMonoLogger.INFO: Cron ran at: 30-06-2026 02:58:07 PM [] []
[2026-06-30 14:58:08] SlimMonoLogger.INFO: Cron ran at: 30-06-2026 02:58:08 PM [] []
[2026-06-30 14:58:09] SlimMonoLogger.INFO: Cron ran at: 30-06-2026 02:58:09 PM [] []
[2026-06-30 14:58:29] SlimMonoLogger.INFO: Cron ran at: 30-06-2026 02:58:29 PM [] []
[2026-06-30 14:59:05] SlimMonoLogger.INFO: Cron ran at: 30-06-2026 02:59:05 PM [] []
[2026-06-30 14:59:05] SlimMonoLogger.INFO: Cron ran at: 30-06-2026 02:59:05 PM [] []
[2026-06-30 14:59:05] SlimMonoLogger.INFO: Cron ran at: 30-06-2026 02:59:05 PM [] []
[2026-06-30 14:59:32] SlimMonoLogger.INFO: Cron ran at: 30-06-2026 02:59:32 PM [] []
[2026-06-30 15:00:00] SlimMonoLogger.INFO: Cron ran at: 30-06-2026 03:00:00 PM [] []
[2026-06-30 15:00:02] SlimMonoLogger.INFO: Cron ran at: 30-06-2026 03:00:02 PM [] []
[2026-06-30 15:00:06] SlimMonoLogger.INFO: Cron ran at: 30-06-2026 03:00:06 PM [] []
[2026-06-30 15:00:32] SlimMonoLogger.INFO: Cron ran at: 30-06-2026 03:00:32 PM [] []
[2026-06-30 15:00:55] SlimMonoLogger.INFO: Cron ran at: 30-06-2026 03:00:55 PM [] []
[2026-06-30 15:01:00] SlimMonoLogger.INFO: Cron ran at: 30-06-2026 03:01:00 PM [] []
[2026-06-30 15:01:31] SlimMonoLogger.INFO: Cron ran at: 30-06-2026 03:01:31 PM [] []
[2026-06-30 15:01:42] SlimMonoLogger.INFO: Cron ran at: 30-06-2026 03:01:42 PM [] []
[2026-06-30 15:01:59] SlimMonoLogger.INFO: Cron ran at: 30-06-2026 03:01:59 PM [] []
[2026-06-30 15:01:59] SlimMonoLogger.INFO: Cron ran at: 30-06-2026 03:01:59 PM [] []
[2026-06-30 15:02:28] SlimMonoLogger.INFO: Cron ran at: 30-06-2026 03:02:28 PM [] []
[2026-06-30 15:02:43] SlimMonoLogger.INFO: Cron ran at: 30-06-2026 03:02:43 PM [] []
[2026-06-30 15:03:01] SlimMonoLogger.INFO: Cron ran at: 30-06-2026 03:03:01 PM [] []
[2026-06-30 15:03:02] SlimMonoLogger.INFO: Cron ran at: 30-06-2026 03:03:02 PM [] []
[2026-06-30 15:03:28] SlimMonoLogger.INFO: Cron ran at: 30-06-2026 03:03:28 PM [] []
[2026-06-30 15:03:49] SlimMonoLogger.INFO: Cron ran at: 30-06-2026 03:03:49 PM [] []
[2026-06-30 15:03:50] SlimMonoLogger.INFO: Cron ran at: 30-06-2026 03:03:50 PM [] []
[2026-06-30 15:03:57] SlimMonoLogger.INFO: Cron ran at: 30-06-2026 03:03:57 PM [] []
[2026-06-30 15:04:27] SlimMonoLogger.INFO: Cron ran at: 30-06-2026 03:04:27 PM [] []
[2026-06-30 15:04:36] SlimMonoLogger.INFO: Cron ran at: 30-06-2026 03:04:36 PM [] []
[2026-06-30 15:04:37] SlimMonoLogger.INFO: Cron ran at: 30-06-2026 03:04:37 PM [] []
[2026-06-30 15:04:56] SlimMonoLogger.INFO: Cron ran at: 30-06-2026 03:04:56 PM [] []
[2026-06-30 15:05:24] SlimMonoLogger.INFO: Cron ran at: 30-06-2026 03:05:24 PM [] []
[2026-06-30 15:05:27] SlimMonoLogger.INFO: Cron ran at: 30-06-2026 03:05:27 PM [] []
[2026-06-30 15:05:57] SlimMonoLogger.INFO: Cron ran at: 30-06-2026 03:05:57 PM [] []
[2026-06-30 15:06:31] SlimMonoLogger.INFO: Cron ran at: 30-06-2026 03:06:31 PM [] []
[2026-06-30 15:06:37] SlimMonoLogger.INFO: Cron ran at: 30-06-2026 03:06:37 PM [] []
[2026-06-30 15:06:57] SlimMonoLogger.INFO: Cron ran at: 30-06-2026 03:06:57 PM [] []
[2026-06-30 15:07:00] SlimMonoLogger.INFO: Cron ran at: 30-06-2026 03:07:00 PM [] []
[2026-06-30 15:07:25] SlimMonoLogger.INFO: Cron ran at: 30-06-2026 03:07:25 PM [] []
[2026-06-30 15:07:45] SlimMonoLogger.INFO: Cron ran at: 30-06-2026 03:07:45 PM [] []
[2026-06-30 15:07:56] SlimMonoLogger.INFO: Cron ran at: 30-06-2026 03:07:56 PM [] []
[2026-06-30 15:07:58] SlimMonoLogger.INFO: Cron ran at: 30-06-2026 03:07:58 PM [] []
[2026-06-30 15:08:19] SlimMonoLogger.INFO: Cron ran at: 30-06-2026 03:08:19 PM [] []
[2026-06-30 15:08:33] SlimMonoLogger.INFO: Cron ran at: 30-06-2026 03:08:33 PM [] []
[2026-06-30 15:08:42] SlimMonoLogger.INFO: Cron ran at: 30-06-2026 03:08:42 PM [] []
[2026-06-30 15:09:02] SlimMonoLogger.INFO: Cron ran at: 30-06-2026 03:09:02 PM [] []
[2026-06-30 15:09:19] SlimMonoLogger.INFO: Cron ran at: 30-06-2026 03:09:19 PM [] []
[2026-06-30 15:09:34] SlimMonoLogger.INFO: Cron ran at: 30-06-2026 03:09:34 PM [] []
[2026-06-30 15:09:35] SlimMonoLogger.INFO: Cron ran at: 30-06-2026 03:09:35 PM [] []
[2026-06-30 15:09:55] SlimMonoLogger.INFO: Cron ran at: 30-06-2026 03:09:55 PM [] []
[2026-06-30 15:10:17] SlimMonoLogger.INFO: Cron ran at: 30-06-2026 03:10:17 PM [] []
[2026-06-30 15:10:31] SlimMonoLogger.INFO: Cron ran at: 30-06-2026 03:10:31 PM [] []
[2026-06-30 15:10:35] SlimMonoLogger.INFO: Cron ran at: 30-06-2026 03:10:35 PM [] []
[2026-06-30 15:11:15] SlimMonoLogger.INFO: Cron ran at: 30-06-2026 03:11:15 PM [] []
[2026-06-30 15:11:23] SlimMonoLogger.INFO: Cron ran at: 30-06-2026 03:11:23 PM [] []
[2026-06-30 15:11:39] SlimMonoLogger.INFO: Cron ran at: 30-06-2026 03:11:39 PM [] []
[2026-06-30 15:12:14] SlimMonoLogger.INFO: Cron ran at: 30-06-2026 03:12:14 PM [] []
[2026-06-30 15:12:15] SlimMonoLogger.INFO: Cron ran at: 30-06-2026 03:12:15 PM [] []
[2026-06-30 15:12:17] SlimMonoLogger.INFO: Cron ran at: 30-06-2026 03:12:17 PM [] []
[2026-06-30 15:13:10] SlimMonoLogger.ERROR: Requests_Exception: cURL error 35: TLS connect error: error:00000000:lib(0):func(0):reason(0) in /home/latihtal/public_html/agregator1/src/vendor/rmccue/requests/library/Requests/Transport/cURL.php:422
Stack trace:
#0 /home/latihtal/public_html/agregator1/src/vendor/rmccue/requests/library/Requests/Transport/cURL.php(177): Requests_Transport_cURL->process_response()
#1 /home/latihtal/public_html/agregator1/src/vendor/rmccue/requests/library/Requests.php(379): Requests_Transport_cURL->request()
#2 /home/latihtal/public_html/agregator1/src/vendor/rmccue/requests/library/Requests/Session.php(205): Requests::request()
#3 /home/latihtal/public_html/agregator1/src/vendor/rmccue/requests/library/Requests/Session.php(132): Requests_Session->request()
#4 /home/latihtal/public_html/agregator1/src/drivers/Http/RssImporter.php(144): Requests_Session->get()
#5 /home/latihtal/public_html/agregator1/src/controllers/Dashboard/DashboardFeedsController.php(534): spark\drivers\Http\RssImporter->fetchPosts()
#6 /home/latihtal/public_html/agregator1/src/controllers/Site/SiteController.php(722): spark\controllers\Dashboard\DashboardFeedsController::importFeedPosts()
#7 [internal function]: spark\controllers\Site\SiteController->runTasks()
#8 /home/latihtal/public_html/agregator1/src/framework/Route.php(173): call_user_func_array()
#9 [internal function]: Slim\Route->Slim\{closure}()
#10 /home/latihtal/public_html/agregator1/src/framework/Route.php(468): call_user_func_array()
#11 /home/latihtal/public_html/agregator1/src/framework/Slim.php(1364): Slim\Route->dispatch()
#12 /home/latihtal/public_html/agregator1/src/framework/Middleware/Flash.php(85): Slim\Slim->call()
#13 /home/latihtal/public_html/agregator1/src/framework/Middleware/MethodOverride.php(92): Slim\Middleware\Flash->call()
#14 /home/latihtal/public_html/agregator1/src/middlewares/CsrfGuard/CsrfGuard.php(47): Slim\Middleware\MethodOverride->call()
#15 /home/latihtal/public_html/agregator1/src/framework/Middleware/PrettyExceptions.php(67): spark\middlewares\CsrfGuard\CsrfGuard->call()
#16 /home/latihtal/public_html/agregator1/src/framework/Slim.php(1308): Slim\Middleware\PrettyExceptions->call()
#17 /home/latihtal/public_html/agregator1/index.php(6): Slim\Slim->run()
#18 {main} [] []
[2026-06-30 15:13:14] SlimMonoLogger.INFO: Cron ran at: 30-06-2026 03:13:14 PM [] []
[2026-06-30 15:13:28] SlimMonoLogger.ERROR: Requests_Exception: cURL error 28: Operation timed out after 500000 milliseconds with 0 bytes received in /home/latihtal/public_html/agregator1/src/vendor/rmccue/requests/library/Requests/Transport/cURL.php:422
Stack trace:
#0 /home/latihtal/public_html/agregator1/src/vendor/rmccue/requests/library/Requests/Transport/cURL.php(177): Requests_Transport_cURL->process_response()
#1 /home/latihtal/public_html/agregator1/src/vendor/rmccue/requests/library/Requests.php(379): Requests_Transport_cURL->request()
#2 /home/latihtal/public_html/agregator1/src/vendor/rmccue/requests/library/Requests/Session.php(205): Requests::request()
#3 /home/latihtal/public_html/agregator1/src/vendor/rmccue/requests/library/Requests/Session.php(132): Requests_Session->request()
#4 /home/latihtal/public_html/agregator1/src/drivers/Http/RssImporter.php(144): Requests_Session->get()
#5 /home/latihtal/public_html/agregator1/src/controllers/Dashboard/DashboardFeedsController.php(534): spark\drivers\Http\RssImporter->fetchPosts()
#6 /home/latihtal/public_html/agregator1/src/controllers/Site/SiteController.php(722): spark\controllers\Dashboard\DashboardFeedsController::importFeedPosts()
#7 [internal function]: spark\controllers\Site\SiteController->runTasks()
#8 /home/latihtal/public_html/agregator1/src/framework/Route.php(173): call_user_func_array()
#9 [internal function]: Slim\Route->Slim\{closure}()
#10 /home/latihtal/public_html/agregator1/src/framework/Route.php(468): call_user_func_array()
#11 /home/latihtal/public_html/agregator1/src/framework/Slim.php(1364): Slim\Route->dispatch()
#12 /home/latihtal/public_html/agregator1/src/framework/Middleware/Flash.php(85): Slim\Slim->call()
#13 /home/latihtal/public_html/agregator1/src/framework/Middleware/MethodOverride.php(92): Slim\Middleware\Flash->call()
#14 /home/latihtal/public_html/agregator1/src/middlewares/CsrfGuard/CsrfGuard.php(47): Slim\Middleware\MethodOverride->call()
#15 /home/latihtal/public_html/agregator1/src/framework/Middleware/PrettyExceptions.php(67): spark\middlewares\CsrfGuard\CsrfGuard->call()
#16 /home/latihtal/public_html/agregator1/src/framework/Slim.php(1308): Slim\Middleware\PrettyExceptions->call()
#17 /home/latihtal/public_html/agregator1/index.php(6): Slim\Slim->run()
#18 {main} [] []
[2026-06-30 15:13:44] SlimMonoLogger.INFO: Cron ran at: 30-06-2026 03:13:44 PM [] []
[2026-06-30 15:13:44] SlimMonoLogger.INFO: Cron ran at: 30-06-2026 03:13:44 PM [] []
[2026-06-30 15:13:50] SlimMonoLogger.INFO: Cron ran at: 30-06-2026 03:13:50 PM [] []
[2026-06-30 15:14:01] SlimMonoLogger.INFO: Cron ran at: 30-06-2026 03:14:01 PM [] []
[2026-06-30 15:14:09] SlimMonoLogger.INFO: Cron ran at: 30-06-2026 03:14:09 PM [] []
[2026-06-30 15:14:25] SlimMonoLogger.INFO: Cron ran at: 30-06-2026 03:14:25 PM [] []
[2026-06-30 15:14:31] SlimMonoLogger.INFO: Cron ran at: 30-06-2026 03:14:31 PM [] []
[2026-06-30 15:14:31] SlimMonoLogger.INFO: Cron ran at: 30-06-2026 03:14:31 PM [] []
[2026-06-30 15:14:40] SlimMonoLogger.INFO: Cron ran at: 30-06-2026 03:14:40 PM [] []
[2026-06-30 15:15:18] SlimMonoLogger.INFO: Cron ran at: 30-06-2026 03:15:18 PM [] []
[2026-06-30 15:15:31] SlimMonoLogger.INFO: Cron ran at: 30-06-2026 03:15:31 PM [] []
[2026-06-30 15:15:41] SlimMonoLogger.INFO: Cron ran at: 30-06-2026 03:15:41 PM [] []
[2026-06-30 15:16:15] SlimMonoLogger.INFO: Cron ran at: 30-06-2026 03:16:15 PM [] []
[2026-06-30 15:16:37] SlimMonoLogger.INFO: Cron ran at: 30-06-2026 03:16:37 PM [] []
[2026-06-30 15:16:41] SlimMonoLogger.INFO: Cron ran at: 30-06-2026 03:16:41 PM [] []
[2026-06-30 15:16:52] SlimMonoLogger.INFO: Cron ran at: 30-06-2026 03:16:52 PM [] []
[2026-06-30 15:17:10] SlimMonoLogger.INFO: Cron ran at: 30-06-2026 03:17:10 PM [] []
[2026-06-30 15:17:32] SlimMonoLogger.INFO: Cron ran at: 30-06-2026 03:17:32 PM [] []
[2026-06-30 15:17:39] SlimMonoLogger.INFO: Cron ran at: 30-06-2026 03:17:39 PM [] []
[2026-06-30 15:17:40] SlimMonoLogger.INFO: Cron ran at: 30-06-2026 03:17:40 PM [] []
[2026-06-30 15:18:05] SlimMonoLogger.INFO: Cron ran at: 30-06-2026 03:18:05 PM [] []
[2026-06-30 15:18:32] SlimMonoLogger.INFO: Cron ran at: 30-06-2026 03:18:32 PM [] []
[2026-06-30 15:18:36] SlimMonoLogger.INFO: Cron ran at: 30-06-2026 03:18:36 PM [] []
[2026-06-30 15:18:40] SlimMonoLogger.INFO: Cron ran at: 30-06-2026 03:18:40 PM [] []
[2026-06-30 15:18:59] SlimMonoLogger.INFO: Cron ran at: 30-06-2026 03:18:59 PM [] []
[2026-06-30 15:19:25] SlimMonoLogger.INFO: Cron ran at: 30-06-2026 03:19:25 PM [] []
[2026-06-30 15:19:28] SlimMonoLogger.INFO: Cron ran at: 30-06-2026 03:19:28 PM [] []
[2026-06-30 15:19:36] SlimMonoLogger.INFO: Cron ran at: 30-06-2026 03:19:36 PM [] []
[2026-06-30 15:19:59] SlimMonoLogger.INFO: Cron ran at: 30-06-2026 03:19:59 PM [] []
[2026-06-30 15:20:24] SlimMonoLogger.INFO: Cron ran at: 30-06-2026 03:20:24 PM [] []
[2026-06-30 15:20:28] SlimMonoLogger.INFO: Cron ran at: 30-06-2026 03:20:28 PM [] []
[2026-06-30 15:20:38] SlimMonoLogger.INFO: Cron ran at: 30-06-2026 03:20:38 PM [] []
[2026-06-30 15:20:59] SlimMonoLogger.INFO: Cron ran at: 30-06-2026 03:20:59 PM [] []
[2026-06-30 15:21:20] SlimMonoLogger.INFO: Cron ran at: 30-06-2026 03:21:20 PM [] []
[2026-06-30 15:21:42] SlimMonoLogger.INFO: Cron ran at: 30-06-2026 03:21:42 PM [] []
[2026-06-30 15:21:55] SlimMonoLogger.INFO: Cron ran at: 30-06-2026 03:21:55 PM [] []
[2026-06-30 15:21:55] SlimMonoLogger.INFO: Cron ran at: 30-06-2026 03:21:55 PM [] []
[2026-06-30 15:22:09] SlimMonoLogger.INFO: Cron ran at: 30-06-2026 03:22:09 PM [] []
[2026-06-30 15:22:43] SlimMonoLogger.INFO: Cron ran at: 30-06-2026 03:22:43 PM [] []
[2026-06-30 15:22:44] SlimMonoLogger.INFO: Cron ran at: 30-06-2026 03:22:44 PM [] []
[2026-06-30 15:22:56] SlimMonoLogger.INFO: Cron ran at: 30-06-2026 03:22:56 PM [] []
[2026-06-30 15:23:06] SlimMonoLogger.INFO: Cron ran at: 30-06-2026 03:23:06 PM [] []
[2026-06-30 15:23:38] SlimMonoLogger.INFO: Cron ran at: 30-06-2026 03:23:38 PM [] []
[2026-06-30 15:23:39] SlimMonoLogger.INFO: Cron ran at: 30-06-2026 03:23:39 PM [] []
[2026-06-30 15:23:57] SlimMonoLogger.INFO: Cron ran at: 30-06-2026 03:23:57 PM [] []
[2026-06-30 15:23:59] SlimMonoLogger.INFO: Cron ran at: 30-06-2026 03:23:59 PM [] []
[2026-06-30 15:24:27] SlimMonoLogger.INFO: Cron ran at: 30-06-2026 03:24:27 PM [] []
[2026-06-30 15:24:35] SlimMonoLogger.INFO: Cron ran at: 30-06-2026 03:24:35 PM [] []
[2026-06-30 15:25:04] SlimMonoLogger.INFO: Cron ran at: 30-06-2026 03:25:04 PM [] []
[2026-06-30 15:25:12] SlimMonoLogger.INFO: Cron ran at: 30-06-2026 03:25:12 PM [] []
[2026-06-30 15:25:39] SlimMonoLogger.INFO: Cron ran at: 30-06-2026 03:25:39 PM [] []
[2026-06-30 15:25:42] SlimMonoLogger.INFO: Cron ran at: 30-06-2026 03:25:42 PM [] []
[2026-06-30 15:25:58] SlimMonoLogger.INFO: Cron ran at: 30-06-2026 03:25:58 PM [] []
[2026-06-30 15:26:08] SlimMonoLogger.INFO: Cron ran at: 30-06-2026 03:26:08 PM [] []
[2026-06-30 15:26:25] SlimMonoLogger.INFO: Cron ran at: 30-06-2026 03:26:25 PM [] []
[2026-06-30 15:26:35] SlimMonoLogger.INFO: Cron ran at: 30-06-2026 03:26:35 PM [] []
[2026-06-30 15:27:08] SlimMonoLogger.INFO: Cron ran at: 30-06-2026 03:27:08 PM [] []
[2026-06-30 15:27:12] SlimMonoLogger.INFO: Cron ran at: 30-06-2026 03:27:12 PM [] []
[2026-06-30 15:27:27] SlimMonoLogger.INFO: Cron ran at: 30-06-2026 03:27:27 PM [] []
[2026-06-30 15:27:38] SlimMonoLogger.INFO: Cron ran at: 30-06-2026 03:27:38 PM [] []
[2026-06-30 15:28:15] SlimMonoLogger.INFO: Cron ran at: 30-06-2026 03:28:15 PM [] []
[2026-06-30 15:28:18] SlimMonoLogger.INFO: Cron ran at: 30-06-2026 03:28:18 PM [] []
[2026-06-30 15:28:19] SlimMonoLogger.INFO: Cron ran at: 30-06-2026 03:28:19 PM [] []
[2026-06-30 15:28:20] SlimMonoLogger.INFO: Cron ran at: 30-06-2026 03:28:20 PM [] []
[2026-06-30 15:29:02] SlimMonoLogger.INFO: Cron ran at: 30-06-2026 03:29:02 PM [] []
[2026-06-30 15:29:05] SlimMonoLogger.INFO: Cron ran at: 30-06-2026 03:29:05 PM [] []
[2026-06-30 15:29:05] SlimMonoLogger.INFO: Cron ran at: 30-06-2026 03:29:05 PM [] []
[2026-06-30 15:29:07] SlimMonoLogger.INFO: Cron ran at: 30-06-2026 03:29:07 PM [] []
[2026-06-30 15:29:57] SlimMonoLogger.INFO: Cron ran at: 30-06-2026 03:29:57 PM [] []
[2026-06-30 15:29:57] SlimMonoLogger.INFO: Cron ran at: 30-06-2026 03:29:57 PM [] []
[2026-06-30 15:30:05] SlimMonoLogger.INFO: Cron ran at: 30-06-2026 03:30:05 PM [] []
[2026-06-30 15:30:14] SlimMonoLogger.INFO: Cron ran at: 30-06-2026 03:30:14 PM [] []
[2026-06-30 15:30:58] SlimMonoLogger.INFO: Cron ran at: 30-06-2026 03:30:58 PM [] []
[2026-06-30 15:30:59] SlimMonoLogger.INFO: Cron ran at: 30-06-2026 03:30:59 PM [] []
[2026-06-30 15:31:06] SlimMonoLogger.INFO: Cron ran at: 30-06-2026 03:31:06 PM [] []
[2026-06-30 15:31:10] SlimMonoLogger.INFO: Cron ran at: 30-06-2026 03:31:10 PM [] []
[2026-06-30 15:31:55] SlimMonoLogger.INFO: Cron ran at: 30-06-2026 03:31:55 PM [] []
[2026-06-30 15:31:57] SlimMonoLogger.INFO: Cron ran at: 30-06-2026 03:31:57 PM [] []
[2026-06-30 15:32:11] SlimMonoLogger.INFO: Cron ran at: 30-06-2026 03:32:11 PM [] []
[2026-06-30 15:32:22] SlimMonoLogger.INFO: Cron ran at: 30-06-2026 03:32:22 PM [] []
[2026-06-30 15:32:42] SlimMonoLogger.INFO: Cron ran at: 30-06-2026 03:32:42 PM [] []
[2026-06-30 15:32:51] SlimMonoLogger.INFO: Cron ran at: 30-06-2026 03:32:51 PM [] []
[2026-06-30 15:33:14] SlimMonoLogger.INFO: Cron ran at: 30-06-2026 03:33:14 PM [] []
[2026-06-30 15:33:14] SlimMonoLogger.INFO: Cron ran at: 30-06-2026 03:33:14 PM [] []
[2026-06-30 15:33:34] SlimMonoLogger.INFO: Cron ran at: 30-06-2026 03:33:34 PM [] []
[2026-06-30 15:33:49] SlimMonoLogger.INFO: Cron ran at: 30-06-2026 03:33:49 PM [] []
[2026-06-30 15:34:12] SlimMonoLogger.INFO: Cron ran at: 30-06-2026 03:34:12 PM [] []
[2026-06-30 15:34:13] SlimMonoLogger.INFO: Cron ran at: 30-06-2026 03:34:13 PM [] []
[2026-06-30 15:34:25] SlimMonoLogger.INFO: Cron ran at: 30-06-2026 03:34:25 PM [] []
[2026-06-30 15:34:47] SlimMonoLogger.INFO: Cron ran at: 30-06-2026 03:34:47 PM [] []
[2026-06-30 15:35:10] SlimMonoLogger.INFO: Cron ran at: 30-06-2026 03:35:10 PM [] []
[2026-06-30 15:35:15] SlimMonoLogger.INFO: Cron ran at: 30-06-2026 03:35:15 PM [] []
[2026-06-30 15:35:19] SlimMonoLogger.INFO: Cron ran at: 30-06-2026 03:35:19 PM [] []
[2026-06-30 15:35:51] SlimMonoLogger.INFO: Cron ran at: 30-06-2026 03:35:51 PM [] []
[2026-06-30 15:36:10] SlimMonoLogger.INFO: Cron ran at: 30-06-2026 03:36:10 PM [] []
[2026-06-30 15:36:11] SlimMonoLogger.INFO: Cron ran at: 30-06-2026 03:36:11 PM [] []
[2026-06-30 15:36:50] SlimMonoLogger.INFO: Cron ran at: 30-06-2026 03:36:50 PM [] []
[2026-06-30 15:36:55] SlimMonoLogger.INFO: Cron ran at: 30-06-2026 03:36:55 PM [] []
[2026-06-30 15:37:06] SlimMonoLogger.INFO: Cron ran at: 30-06-2026 03:37:06 PM [] []
[2026-06-30 15:37:13] SlimMonoLogger.INFO: Cron ran at: 30-06-2026 03:37:13 PM [] []
[2026-06-30 15:37:46] SlimMonoLogger.INFO: Cron ran at: 30-06-2026 03:37:46 PM [] []
[2026-06-30 15:37:48] SlimMonoLogger.INFO: Cron ran at: 30-06-2026 03:37:48 PM [] []
[2026-06-30 15:38:04] SlimMonoLogger.INFO: Cron ran at: 30-06-2026 03:38:04 PM [] []
[2026-06-30 15:38:13] SlimMonoLogger.INFO: Cron ran at: 30-06-2026 03:38:13 PM [] []
[2026-06-30 15:38:40] SlimMonoLogger.INFO: Cron ran at: 30-06-2026 03:38:40 PM [] []
[2026-06-30 15:38:57] SlimMonoLogger.INFO: Cron ran at: 30-06-2026 03:38:57 PM [] []
[2026-06-30 15:39:01] SlimMonoLogger.INFO: Cron ran at: 30-06-2026 03:39:01 PM [] []
[2026-06-30 15:39:23] SlimMonoLogger.INFO: Cron ran at: 30-06-2026 03:39:23 PM [] []
[2026-06-30 15:39:29] SlimMonoLogger.INFO: Cron ran at: 30-06-2026 03:39:29 PM [] []
[2026-06-30 15:39:48] SlimMonoLogger.INFO: Cron ran at: 30-06-2026 03:39:48 PM [] []
[2026-06-30 15:40:02] SlimMonoLogger.INFO: Cron ran at: 30-06-2026 03:40:02 PM [] []
[2026-06-30 15:40:13] SlimMonoLogger.INFO: Cron ran at: 30-06-2026 03:40:13 PM [] []
[2026-06-30 15:40:27] SlimMonoLogger.INFO: Cron ran at: 30-06-2026 03:40:27 PM [] []
[2026-06-30 15:40:57] SlimMonoLogger.INFO: Cron ran at: 30-06-2026 03:40:57 PM [] []
[2026-06-30 15:41:09] SlimMonoLogger.INFO: Cron ran at: 30-06-2026 03:41:09 PM [] []
[2026-06-30 15:41:22] SlimMonoLogger.INFO: Cron ran at: 30-06-2026 03:41:22 PM [] []
[2026-06-30 15:41:26] SlimMonoLogger.INFO: Cron ran at: 30-06-2026 03:41:26 PM [] []
[2026-06-30 15:41:30] SlimMonoLogger.INFO: Cron ran at: 30-06-2026 03:41:30 PM [] []
[2026-06-30 15:41:31] SlimMonoLogger.INFO: Cron ran at: 30-06-2026 03:41:31 PM [] []
[2026-06-30 15:42:25] SlimMonoLogger.INFO: Cron ran at: 30-06-2026 03:42:25 PM [] []
[2026-06-30 15:42:25] SlimMonoLogger.INFO: Cron ran at: 30-06-2026 03:42:25 PM [] []
[2026-06-30 15:42:36] SlimMonoLogger.INFO: Cron ran at: 30-06-2026 03:42:36 PM [] []
[2026-06-30 15:42:38] SlimMonoLogger.INFO: Cron ran at: 30-06-2026 03:42:38 PM [] []
[2026-06-30 15:43:10] SlimMonoLogger.INFO: Cron ran at: 30-06-2026 03:43:10 PM [] []
[2026-06-30 15:43:12] SlimMonoLogger.INFO: Cron ran at: 30-06-2026 03:43:12 PM [] []
[2026-06-30 15:43:39] SlimMonoLogger.INFO: Cron ran at: 30-06-2026 03:43:39 PM [] []
[2026-06-30 15:43:39] SlimMonoLogger.INFO: Cron ran at: 30-06-2026 03:43:39 PM [] []
[2026-06-30 15:44:06] SlimMonoLogger.INFO: Cron ran at: 30-06-2026 03:44:06 PM [] []
[2026-06-30 15:44:19] SlimMonoLogger.INFO: Cron ran at: 30-06-2026 03:44:19 PM [] []
[2026-06-30 15:44:39] SlimMonoLogger.INFO: Cron ran at: 30-06-2026 03:44:39 PM [] []
[2026-06-30 15:44:39] SlimMonoLogger.INFO: Cron ran at: 30-06-2026 03:44:39 PM [] []
[2026-06-30 15:46:36] SlimMonoLogger.INFO: Cron ran at: 30-06-2026 03:46:36 PM [] []
[2026-06-30 15:47:18] SlimMonoLogger.INFO: Cron ran at: 30-06-2026 03:47:18 PM [] []
[2026-06-30 15:48:12] SlimMonoLogger.INFO: Cron ran at: 30-06-2026 03:48:12 PM [] []
[2026-06-30 15:48:44] SlimMonoLogger.ERROR: Requests_Exception: cURL error 35: Recv failure: Connection reset by peer in /home/latihtal/public_html/agregator1/src/vendor/rmccue/requests/library/Requests/Transport/cURL.php:422
Stack trace:
#0 /home/latihtal/public_html/agregator1/src/vendor/rmccue/requests/library/Requests/Transport/cURL.php(177): Requests_Transport_cURL->process_response()
#1 /home/latihtal/public_html/agregator1/src/vendor/rmccue/requests/library/Requests.php(379): Requests_Transport_cURL->request()
#2 /home/latihtal/public_html/agregator1/src/vendor/rmccue/requests/library/Requests/Session.php(205): Requests::request()
#3 /home/latihtal/public_html/agregator1/src/vendor/rmccue/requests/library/Requests/Session.php(132): Requests_Session->request()
#4 /home/latihtal/public_html/agregator1/src/drivers/Http/RssImporter.php(144): Requests_Session->get()
#5 /home/latihtal/public_html/agregator1/src/controllers/Dashboard/DashboardFeedsController.php(534): spark\drivers\Http\RssImporter->fetchPosts()
#6 /home/latihtal/public_html/agregator1/src/controllers/Site/SiteController.php(722): spark\controllers\Dashboard\DashboardFeedsController::importFeedPosts()
#7 [internal function]: spark\controllers\Site\SiteController->runTasks()
#8 /home/latihtal/public_html/agregator1/src/framework/Route.php(173): call_user_func_array()
#9 [internal function]: Slim\Route->Slim\{closure}()
#10 /home/latihtal/public_html/agregator1/src/framework/Route.php(468): call_user_func_array()
#11 /home/latihtal/public_html/agregator1/src/framework/Slim.php(1364): Slim\Route->dispatch()
#12 /home/latihtal/public_html/agregator1/src/framework/Middleware/Flash.php(85): Slim\Slim->call()
#13 /home/latihtal/public_html/agregator1/src/framework/Middleware/MethodOverride.php(92): Slim\Middleware\Flash->call()
#14 /home/latihtal/public_html/agregator1/src/middlewares/CsrfGuard/CsrfGuard.php(47): Slim\Middleware\MethodOverride->call()
#15 /home/latihtal/public_html/agregator1/src/framework/Middleware/PrettyExceptions.php(67): spark\middlewares\CsrfGuard\CsrfGuard->call()
#16 /home/latihtal/public_html/agregator1/src/framework/Slim.php(1308): Slim\Middleware\PrettyExceptions->call()
#17 /home/latihtal/public_html/agregator1/index.php(6): Slim\Slim->run()
#18 {main} [] []
[2026-06-30 15:49:14] SlimMonoLogger.INFO: Cron ran at: 30-06-2026 03:49:14 PM [] []
[2026-06-30 15:50:05] SlimMonoLogger.INFO: Cron ran at: 30-06-2026 03:50:05 PM [] []
[2026-06-30 15:50:50] SlimMonoLogger.INFO: Cron ran at: 30-06-2026 03:50:50 PM [] []
[2026-06-30 15:51:37] SlimMonoLogger.INFO: Cron ran at: 30-06-2026 03:51:37 PM [] []
[2026-06-30 15:51:45] SlimMonoLogger.INFO: Cron ran at: 30-06-2026 03:51:45 PM [] []
[2026-06-30 15:52:30] SlimMonoLogger.INFO: Cron ran at: 30-06-2026 03:52:30 PM [] []
[2026-06-30 15:52:45] SlimMonoLogger.INFO: Cron ran at: 30-06-2026 03:52:45 PM [] []
[2026-06-30 15:53:15] SlimMonoLogger.INFO: Cron ran at: 30-06-2026 03:53:15 PM [] []
[2026-06-30 15:53:45] SlimMonoLogger.INFO: Cron ran at: 30-06-2026 03:53:45 PM [] []
[2026-06-30 15:54:13] SlimMonoLogger.INFO: Cron ran at: 30-06-2026 03:54:13 PM [] []
[2026-06-30 15:54:37] SlimMonoLogger.INFO: Cron ran at: 30-06-2026 03:54:37 PM [] []
[2026-06-30 15:55:04] SlimMonoLogger.INFO: Cron ran at: 30-06-2026 03:55:04 PM [] []
[2026-06-30 15:55:40] SlimMonoLogger.INFO: Cron ran at: 30-06-2026 03:55:40 PM [] []
[2026-06-30 15:55:57] SlimMonoLogger.INFO: Cron ran at: 30-06-2026 03:55:57 PM [] []
[2026-06-30 15:56:12] SlimMonoLogger.ERROR: Requests_Exception: cURL error 35: Recv failure: Connection reset by peer in /home/latihtal/public_html/agregator1/src/vendor/rmccue/requests/library/Requests/Transport/cURL.php:422
Stack trace:
#0 /home/latihtal/public_html/agregator1/src/vendor/rmccue/requests/library/Requests/Transport/cURL.php(177): Requests_Transport_cURL->process_response()
#1 /home/latihtal/public_html/agregator1/src/vendor/rmccue/requests/library/Requests.php(379): Requests_Transport_cURL->request()
#2 /home/latihtal/public_html/agregator1/src/vendor/rmccue/requests/library/Requests/Session.php(205): Requests::request()
#3 /home/latihtal/public_html/agregator1/src/vendor/rmccue/requests/library/Requests/Session.php(132): Requests_Session->request()
#4 /home/latihtal/public_html/agregator1/src/drivers/Http/RssImporter.php(144): Requests_Session->get()
#5 /home/latihtal/public_html/agregator1/src/controllers/Dashboard/DashboardFeedsController.php(534): spark\drivers\Http\RssImporter->fetchPosts()
#6 /home/latihtal/public_html/agregator1/src/controllers/Site/SiteController.php(722): spark\controllers\Dashboard\DashboardFeedsController::importFeedPosts()
#7 [internal function]: spark\controllers\Site\SiteController->runTasks()
#8 /home/latihtal/public_html/agregator1/src/framework/Route.php(173): call_user_func_array()
#9 [internal function]: Slim\Route->Slim\{closure}()
#10 /home/latihtal/public_html/agregator1/src/framework/Route.php(468): call_user_func_array()
#11 /home/latihtal/public_html/agregator1/src/framework/Slim.php(1364): Slim\Route->dispatch()
#12 /home/latihtal/public_html/agregator1/src/framework/Middleware/Flash.php(85): Slim\Slim->call()
#13 /home/latihtal/public_html/agregator1/src/framework/Middleware/MethodOverride.php(92): Slim\Middleware\Flash->call()
#14 /home/latihtal/public_html/agregator1/src/middlewares/CsrfGuard/CsrfGuard.php(47): Slim\Middleware\MethodOverride->call()
#15 /home/latihtal/public_html/agregator1/src/framework/Middleware/PrettyExceptions.php(67): spark\middlewares\CsrfGuard\CsrfGuard->call()
#16 /home/latihtal/public_html/agregator1/src/framework/Slim.php(1308): Slim\Middleware\PrettyExceptions->call()
#17 /home/latihtal/public_html/agregator1/index.php(6): Slim\Slim->run()
#18 {main} [] []
[2026-06-30 15:56:41] SlimMonoLogger.INFO: Cron ran at: 30-06-2026 03:56:41 PM [] []
[2026-06-30 15:56:51] SlimMonoLogger.INFO: Cron ran at: 30-06-2026 03:56:51 PM [] []
[2026-06-30 15:56:54] SlimMonoLogger.INFO: Cron ran at: 30-06-2026 03:56:54 PM [] []
[2026-06-30 15:57:38] SlimMonoLogger.INFO: Cron ran at: 30-06-2026 03:57:38 PM [] []
[2026-06-30 15:57:42] SlimMonoLogger.INFO: Cron ran at: 30-06-2026 03:57:42 PM [] []
[2026-06-30 15:57:53] SlimMonoLogger.INFO: Cron ran at: 30-06-2026 03:57:53 PM [] []
[2026-06-30 15:58:30] SlimMonoLogger.INFO: Cron ran at: 30-06-2026 03:58:30 PM [] []
[2026-06-30 15:58:40] SlimMonoLogger.INFO: Cron ran at: 30-06-2026 03:58:40 PM [] []
[2026-06-30 15:58:47] SlimMonoLogger.INFO: Cron ran at: 30-06-2026 03:58:47 PM [] []
[2026-06-30 15:59:02] SlimMonoLogger.INFO: Cron ran at: 30-06-2026 03:59:02 PM [] []
[2026-06-30 15:59:16] SlimMonoLogger.INFO: Cron ran at: 30-06-2026 03:59:16 PM [] []
[2026-06-30 15:59:16] SlimMonoLogger.INFO: Cron ran at: 30-06-2026 03:59:16 PM [] []
[2026-06-30 15:59:38] SlimMonoLogger.INFO: Cron ran at: 30-06-2026 03:59:38 PM [] []
[2026-06-30 15:59:40] SlimMonoLogger.INFO: Cron ran at: 30-06-2026 03:59:40 PM [] []
[2026-06-30 15:59:47] SlimMonoLogger.INFO: Cron ran at: 30-06-2026 03:59:47 PM [] []
[2026-06-30 15:59:57] SlimMonoLogger.INFO: Cron ran at: 30-06-2026 03:59:57 PM [] []
[2026-06-30 16:00:19] SlimMonoLogger.INFO: Cron ran at: 30-06-2026 04:00:19 PM [] []
[2026-06-30 16:00:20] SlimMonoLogger.INFO: Cron ran at: 30-06-2026 04:00:20 PM [] []
[2026-06-30 16:00:38] SlimMonoLogger.INFO: Cron ran at: 30-06-2026 04:00:38 PM [] []
[2026-06-30 16:00:38] SlimMonoLogger.INFO: Cron ran at: 30-06-2026 04:00:38 PM [] []
[2026-06-30 16:00:54] SlimMonoLogger.INFO: Cron ran at: 30-06-2026 04:00:54 PM [] []
[2026-06-30 16:00:57] SlimMonoLogger.INFO: Cron ran at: 30-06-2026 04:00:57 PM [] []
[2026-06-30 16:01:11] SlimMonoLogger.INFO: Cron ran at: 30-06-2026 04:01:11 PM [] []
[2026-06-30 16:01:29] SlimMonoLogger.INFO: Cron ran at: 30-06-2026 04:01:29 PM [] []
[2026-06-30 16:01:39] SlimMonoLogger.INFO: Cron ran at: 30-06-2026 04:01:39 PM [] []
[2026-06-30 16:01:39] SlimMonoLogger.INFO: Cron ran at: 30-06-2026 04:01:39 PM [] []
[2026-06-30 16:01:43] SlimMonoLogger.INFO: Cron ran at: 30-06-2026 04:01:43 PM [] []
[2026-06-30 16:01:45] SlimMonoLogger.INFO: Cron ran at: 30-06-2026 04:01:45 PM [] []
[2026-06-30 16:01:52] SlimMonoLogger.INFO: Cron ran at: 30-06-2026 04:01:52 PM [] []
[2026-06-30 16:02:04] SlimMonoLogger.INFO: Cron ran at: 30-06-2026 04:02:04 PM [] []
[2026-06-30 16:02:19] SlimMonoLogger.INFO: Cron ran at: 30-06-2026 04:02:19 PM [] []
[2026-06-30 16:02:38] SlimMonoLogger.INFO: Cron ran at: 30-06-2026 04:02:38 PM [] []
[2026-06-30 16:02:39] SlimMonoLogger.INFO: Cron ran at: 30-06-2026 04:02:39 PM [] []
[2026-06-30 16:02:40] SlimMonoLogger.INFO: Cron ran at: 30-06-2026 04:02:40 PM [] []
[2026-06-30 16:02:51] SlimMonoLogger.INFO: Cron ran at: 30-06-2026 04:02:51 PM [] []
[2026-06-30 16:02:53] SlimMonoLogger.INFO: Cron ran at: 30-06-2026 04:02:53 PM [] []
[2026-06-30 16:03:03] SlimMonoLogger.INFO: Cron ran at: 30-06-2026 04:03:03 PM [] []
[2026-06-30 16:03:17] SlimMonoLogger.INFO: Cron ran at: 30-06-2026 04:03:17 PM [] []
[2026-06-30 16:03:26] SlimMonoLogger.INFO: Cron ran at: 30-06-2026 04:03:26 PM [] []
[2026-06-30 16:03:38] SlimMonoLogger.INFO: Cron ran at: 30-06-2026 04:03:38 PM [] []
[2026-06-30 16:03:39] SlimMonoLogger.INFO: Cron ran at: 30-06-2026 04:03:39 PM [] []
[2026-06-30 16:03:48] SlimMonoLogger.INFO: Cron ran at: 30-06-2026 04:03:48 PM [] []
[2026-06-30 16:03:56] SlimMonoLogger.INFO: Cron ran at: 30-06-2026 04:03:56 PM [] []
[2026-06-30 16:03:57] SlimMonoLogger.INFO: Cron ran at: 30-06-2026 04:03:57 PM [] []
[2026-06-30 16:04:18] SlimMonoLogger.INFO: Cron ran at: 30-06-2026 04:04:18 PM [] []
[2026-06-30 16:04:23] SlimMonoLogger.INFO: Cron ran at: 30-06-2026 04:04:23 PM [] []
[2026-06-30 16:04:42] SlimMonoLogger.INFO: Cron ran at: 30-06-2026 04:04:42 PM [] []
[2026-06-30 16:04:47] SlimMonoLogger.INFO: Cron ran at: 30-06-2026 04:04:47 PM [] []
[2026-06-30 16:04:49] SlimMonoLogger.INFO: Cron ran at: 30-06-2026 04:04:49 PM [] []
[2026-06-30 16:05:00] SlimMonoLogger.INFO: Cron ran at: 30-06-2026 04:05:00 PM [] []
[2026-06-30 16:05:20] SlimMonoLogger.INFO: Cron ran at: 30-06-2026 04:05:20 PM [] []
[2026-06-30 16:05:20] SlimMonoLogger.INFO: Cron ran at: 30-06-2026 04:05:20 PM [] []
[2026-06-30 16:05:53] SlimMonoLogger.INFO: Cron ran at: 30-06-2026 04:05:53 PM [] []
[2026-06-30 16:05:54] SlimMonoLogger.INFO: Cron ran at: 30-06-2026 04:05:54 PM [] []
[2026-06-30 16:06:00] SlimMonoLogger.INFO: Cron ran at: 30-06-2026 04:06:00 PM [] []
[2026-06-30 16:06:17] SlimMonoLogger.INFO: Cron ran at: 30-06-2026 04:06:17 PM [] []
[2026-06-30 16:06:17] SlimMonoLogger.INFO: Cron ran at: 30-06-2026 04:06:17 PM [] []
[2026-06-30 16:06:31] SlimMonoLogger.INFO: Cron ran at: 30-06-2026 04:06:31 PM [] []
[2026-06-30 16:06:49] SlimMonoLogger.INFO: Cron ran at: 30-06-2026 04:06:49 PM [] []
[2026-06-30 16:06:56] SlimMonoLogger.INFO: Cron ran at: 30-06-2026 04:06:56 PM [] []
[2026-06-30 16:07:00] SlimMonoLogger.INFO: Cron ran at: 30-06-2026 04:07:00 PM [] []
[2026-06-30 16:07:08] SlimMonoLogger.INFO: Cron ran at: 30-06-2026 04:07:08 PM [] []
[2026-06-30 16:07:20] SlimMonoLogger.INFO: Cron ran at: 30-06-2026 04:07:20 PM [] []
[2026-06-30 16:07:22] SlimMonoLogger.INFO: Cron ran at: 30-06-2026 04:07:22 PM [] []
[2026-06-30 16:07:54] SlimMonoLogger.INFO: Cron ran at: 30-06-2026 04:07:54 PM [] []
[2026-06-30 16:07:54] SlimMonoLogger.INFO: Cron ran at: 30-06-2026 04:07:54 PM [] []
[2026-06-30 16:08:03] SlimMonoLogger.INFO: Cron ran at: 30-06-2026 04:08:03 PM [] []
[2026-06-30 16:08:06] SlimMonoLogger.INFO: Cron ran at: 30-06-2026 04:08:06 PM [] []
[2026-06-30 16:08:15] SlimMonoLogger.INFO: Cron ran at: 30-06-2026 04:08:15 PM [] []
[2026-06-30 16:08:27] SlimMonoLogger.INFO: Cron ran at: 30-06-2026 04:08:27 PM [] []
[2026-06-30 16:08:51] SlimMonoLogger.INFO: Cron ran at: 30-06-2026 04:08:51 PM [] []
[2026-06-30 16:08:52] SlimMonoLogger.INFO: Cron ran at: 30-06-2026 04:08:52 PM [] []
[2026-06-30 16:08:59] SlimMonoLogger.INFO: Cron ran at: 30-06-2026 04:08:59 PM [] []
[2026-06-30 16:09:04] SlimMonoLogger.INFO: Cron ran at: 30-06-2026 04:09:04 PM [] []
[2026-06-30 16:09:08] SlimMonoLogger.INFO: Cron ran at: 30-06-2026 04:09:08 PM [] []
[2026-06-30 16:09:19] SlimMonoLogger.INFO: Cron ran at: 30-06-2026 04:09:19 PM [] []
[2026-06-30 16:09:52] SlimMonoLogger.INFO: Cron ran at: 30-06-2026 04:09:52 PM [] []
[2026-06-30 16:09:53] SlimMonoLogger.INFO: Cron ran at: 30-06-2026 04:09:53 PM [] []
[2026-06-30 16:09:58] SlimMonoLogger.INFO: Cron ran at: 30-06-2026 04:09:58 PM [] []
[2026-06-30 16:09:59] SlimMonoLogger.INFO: Cron ran at: 30-06-2026 04:09:59 PM [] []
[2026-06-30 16:10:04] SlimMonoLogger.INFO: Cron ran at: 30-06-2026 04:10:04 PM [] []
[2026-06-30 16:10:58] SlimMonoLogger.INFO: Cron ran at: 30-06-2026 04:10:58 PM [] []
[2026-06-30 16:10:59] SlimMonoLogger.INFO: Cron ran at: 30-06-2026 04:10:59 PM [] []
[2026-06-30 16:10:59] SlimMonoLogger.INFO: Cron ran at: 30-06-2026 04:10:59 PM [] []
[2026-06-30 16:11:02] SlimMonoLogger.INFO: Cron ran at: 30-06-2026 04:11:02 PM [] []
[2026-06-30 16:11:55] SlimMonoLogger.INFO: Cron ran at: 30-06-2026 04:11:55 PM [] []
[2026-06-30 16:11:55] SlimMonoLogger.INFO: Cron ran at: 30-06-2026 04:11:55 PM [] []
[2026-06-30 16:11:57] SlimMonoLogger.INFO: Cron ran at: 30-06-2026 04:11:57 PM [] []
[2026-06-30 16:12:00] SlimMonoLogger.INFO: Cron ran at: 30-06-2026 04:12:00 PM [] []
[2026-06-30 16:12:01] SlimMonoLogger.INFO: Cron ran at: 30-06-2026 04:12:01 PM [] []
[2026-06-30 16:12:18] SlimMonoLogger.INFO: Cron ran at: 30-06-2026 04:12:18 PM [] []
[2026-06-30 16:12:52] SlimMonoLogger.INFO: Cron ran at: 30-06-2026 04:12:52 PM [] []
[2026-06-30 16:12:54] SlimMonoLogger.INFO: Cron ran at: 30-06-2026 04:12:54 PM [] []
[2026-06-30 16:13:00] SlimMonoLogger.INFO: Cron ran at: 30-06-2026 04:13:00 PM [] []
[2026-06-30 16:13:00] SlimMonoLogger.INFO: Cron ran at: 30-06-2026 04:13:00 PM [] []
[2026-06-30 16:13:16] SlimMonoLogger.INFO: Cron ran at: 30-06-2026 04:13:16 PM [] []
[2026-06-30 16:13:53] SlimMonoLogger.INFO: Cron ran at: 30-06-2026 04:13:53 PM [] []
[2026-06-30 16:13:54] SlimMonoLogger.INFO: Cron ran at: 30-06-2026 04:13:54 PM [] []
[2026-06-30 16:14:01] SlimMonoLogger.INFO: Cron ran at: 30-06-2026 04:14:01 PM [] []
[2026-06-30 16:14:02] SlimMonoLogger.INFO: Cron ran at: 30-06-2026 04:14:02 PM [] []
[2026-06-30 16:14:13] SlimMonoLogger.INFO: Cron ran at: 30-06-2026 04:14:13 PM [] []
[2026-06-30 16:14:42] SlimMonoLogger.INFO: Cron ran at: 30-06-2026 04:14:42 PM [] []
[2026-06-30 16:14:56] SlimMonoLogger.INFO: Cron ran at: 30-06-2026 04:14:56 PM [] []
[2026-06-30 16:14:59] SlimMonoLogger.INFO: Cron ran at: 30-06-2026 04:14:59 PM [] []
[2026-06-30 16:15:14] SlimMonoLogger.INFO: Cron ran at: 30-06-2026 04:15:14 PM [] []
[2026-06-30 16:15:37] SlimMonoLogger.INFO: Cron ran at: 30-06-2026 04:15:37 PM [] []
[2026-06-30 16:16:08] SlimMonoLogger.INFO: Cron ran at: 30-06-2026 04:16:08 PM [] []
[2026-06-30 16:16:16] SlimMonoLogger.INFO: Cron ran at: 30-06-2026 04:16:16 PM [] []
[2026-06-30 16:16:29] SlimMonoLogger.INFO: Cron ran at: 30-06-2026 04:16:29 PM [] []
[2026-06-30 16:17:06] SlimMonoLogger.INFO: Cron ran at: 30-06-2026 04:17:06 PM [] []
[2026-06-30 16:17:09] SlimMonoLogger.INFO: Cron ran at: 30-06-2026 04:17:09 PM [] []
[2026-06-30 16:17:12] SlimMonoLogger.INFO: Cron ran at: 30-06-2026 04:17:12 PM [] []
[2026-06-30 16:17:29] SlimMonoLogger.INFO: Cron ran at: 30-06-2026 04:17:29 PM [] []
[2026-06-30 16:17:51] SlimMonoLogger.INFO: Cron ran at: 30-06-2026 04:17:51 PM [] []
[2026-06-30 16:18:05] SlimMonoLogger.INFO: Cron ran at: 30-06-2026 04:18:05 PM [] []
[2026-06-30 16:18:08] SlimMonoLogger.INFO: Cron ran at: 30-06-2026 04:18:08 PM [] []
[2026-06-30 16:18:17] SlimMonoLogger.INFO: Cron ran at: 30-06-2026 04:18:17 PM [] []
[2026-06-30 16:18:44] SlimMonoLogger.INFO: Cron ran at: 30-06-2026 04:18:44 PM [] []
[2026-06-30 16:18:59] SlimMonoLogger.INFO: Cron ran at: 30-06-2026 04:18:59 PM [] []
[2026-06-30 16:19:11] SlimMonoLogger.INFO: Cron ran at: 30-06-2026 04:19:11 PM [] []
[2026-06-30 16:19:13] SlimMonoLogger.INFO: Cron ran at: 30-06-2026 04:19:13 PM [] []
[2026-06-30 16:19:35] SlimMonoLogger.INFO: Cron ran at: 30-06-2026 04:19:35 PM [] []
[2026-06-30 16:19:58] SlimMonoLogger.INFO: Cron ran at: 30-06-2026 04:19:58 PM [] []
[2026-06-30 16:20:08] SlimMonoLogger.INFO: Cron ran at: 30-06-2026 04:20:08 PM [] []
[2026-06-30 16:20:16] SlimMonoLogger.INFO: Cron ran at: 30-06-2026 04:20:16 PM [] []
[2026-06-30 16:20:34] SlimMonoLogger.INFO: Cron ran at: 30-06-2026 04:20:34 PM [] []
[2026-06-30 16:21:13] SlimMonoLogger.INFO: Cron ran at: 30-06-2026 04:21:13 PM [] []
[2026-06-30 16:21:18] SlimMonoLogger.INFO: Cron ran at: 30-06-2026 04:21:18 PM [] []
[2026-06-30 16:21:28] SlimMonoLogger.INFO: Cron ran at: 30-06-2026 04:21:28 PM [] []
[2026-06-30 16:21:52] SlimMonoLogger.INFO: Cron ran at: 30-06-2026 04:21:52 PM [] []
[2026-06-30 16:22:13] SlimMonoLogger.INFO: Cron ran at: 30-06-2026 04:22:13 PM [] []
[2026-06-30 16:22:14] SlimMonoLogger.INFO: Cron ran at: 30-06-2026 04:22:14 PM [] []
[2026-06-30 16:22:25] SlimMonoLogger.INFO: Cron ran at: 30-06-2026 04:22:25 PM [] []
[2026-06-30 16:22:47] SlimMonoLogger.INFO: Cron ran at: 30-06-2026 04:22:47 PM [] []
[2026-06-30 16:23:00] SlimMonoLogger.INFO: Cron ran at: 30-06-2026 04:23:00 PM [] []
[2026-06-30 16:23:17] SlimMonoLogger.INFO: Cron ran at: 30-06-2026 04:23:17 PM [] []
[2026-06-30 16:23:18] SlimMonoLogger.INFO: Cron ran at: 30-06-2026 04:23:18 PM [] []
[2026-06-30 16:23:19] SlimMonoLogger.INFO: Cron ran at: 30-06-2026 04:23:19 PM [] []
[2026-06-30 16:23:54] SlimMonoLogger.INFO: Cron ran at: 30-06-2026 04:23:54 PM [] []
[2026-06-30 16:24:08] SlimMonoLogger.INFO: Cron ran at: 30-06-2026 04:24:08 PM [] []
[2026-06-30 16:24:16] SlimMonoLogger.INFO: Cron ran at: 30-06-2026 04:24:16 PM [] []
[2026-06-30 16:24:18] SlimMonoLogger.INFO: Cron ran at: 30-06-2026 04:24:18 PM [] []
[2026-06-30 16:24:44] SlimMonoLogger.INFO: Cron ran at: 30-06-2026 04:24:44 PM [] []
[2026-06-30 16:25:21] SlimMonoLogger.INFO: Cron ran at: 30-06-2026 04:25:21 PM [] []
[2026-06-30 16:25:26] SlimMonoLogger.INFO: Cron ran at: 30-06-2026 04:25:26 PM [] []
[2026-06-30 16:25:40] SlimMonoLogger.INFO: Cron ran at: 30-06-2026 04:25:40 PM [] []
[2026-06-30 16:25:51] SlimMonoLogger.ERROR: Requests_Exception: cURL error 35: Recv failure: Connection reset by peer in /home/latihtal/public_html/agregator1/src/vendor/rmccue/requests/library/Requests/Transport/cURL.php:422
Stack trace:
#0 /home/latihtal/public_html/agregator1/src/vendor/rmccue/requests/library/Requests/Transport/cURL.php(177): Requests_Transport_cURL->process_response()
#1 /home/latihtal/public_html/agregator1/src/vendor/rmccue/requests/library/Requests.php(379): Requests_Transport_cURL->request()
#2 /home/latihtal/public_html/agregator1/src/vendor/rmccue/requests/library/Requests/Session.php(205): Requests::request()
#3 /home/latihtal/public_html/agregator1/src/vendor/rmccue/requests/library/Requests/Session.php(132): Requests_Session->request()
#4 /home/latihtal/public_html/agregator1/src/drivers/Http/RssImporter.php(144): Requests_Session->get()
#5 /home/latihtal/public_html/agregator1/src/controllers/Dashboard/DashboardFeedsController.php(534): spark\drivers\Http\RssImporter->fetchPosts()
#6 /home/latihtal/public_html/agregator1/src/controllers/Site/SiteController.php(722): spark\controllers\Dashboard\DashboardFeedsController::importFeedPosts()
#7 [internal function]: spark\controllers\Site\SiteController->runTasks()
#8 /home/latihtal/public_html/agregator1/src/framework/Route.php(173): call_user_func_array()
#9 [internal function]: Slim\Route->Slim\{closure}()
#10 /home/latihtal/public_html/agregator1/src/framework/Route.php(468): call_user_func_array()
#11 /home/latihtal/public_html/agregator1/src/framework/Slim.php(1364): Slim\Route->dispatch()
#12 /home/latihtal/public_html/agregator1/src/framework/Middleware/Flash.php(85): Slim\Slim->call()
#13 /home/latihtal/public_html/agregator1/src/framework/Middleware/MethodOverride.php(92): Slim\Middleware\Flash->call()
#14 /home/latihtal/public_html/agregator1/src/middlewares/CsrfGuard/CsrfGuard.php(47): Slim\Middleware\MethodOverride->call()
#15 /home/latihtal/public_html/agregator1/src/framework/Middleware/PrettyExceptions.php(67): spark\middlewares\CsrfGuard\CsrfGuard->call()
#16 /home/latihtal/public_html/agregator1/src/framework/Slim.php(1308): Slim\Middleware\PrettyExceptions->call()
#17 /home/latihtal/public_html/agregator1/index.php(6): Slim\Slim->run()
#18 {main} [] []
[2026-06-30 16:26:19] SlimMonoLogger.INFO: Cron ran at: 30-06-2026 04:26:19 PM [] []
[2026-06-30 16:26:20] SlimMonoLogger.INFO: Cron ran at: 30-06-2026 04:26:20 PM [] []
[2026-06-30 16:26:32] SlimMonoLogger.INFO: Cron ran at: 30-06-2026 04:26:32 PM [] []
[2026-06-30 16:27:03] SlimMonoLogger.INFO: Cron ran at: 30-06-2026 04:27:03 PM [] []
[2026-06-30 16:27:17] SlimMonoLogger.INFO: Cron ran at: 30-06-2026 04:27:17 PM [] []
[2026-06-30 16:27:18] SlimMonoLogger.INFO: Cron ran at: 30-06-2026 04:27:18 PM [] []
[2026-06-30 16:27:33] SlimMonoLogger.INFO: Cron ran at: 30-06-2026 04:27:33 PM [] []
[2026-06-30 16:27:45] SlimMonoLogger.INFO: Cron ran at: 30-06-2026 04:27:45 PM [] []
[2026-06-30 16:28:25] SlimMonoLogger.INFO: Cron ran at: 30-06-2026 04:28:25 PM [] []
[2026-06-30 16:28:26] SlimMonoLogger.INFO: Cron ran at: 30-06-2026 04:28:26 PM [] []
[2026-06-30 16:28:29] SlimMonoLogger.INFO: Cron ran at: 30-06-2026 04:28:29 PM [] []
[2026-06-30 16:28:39] SlimMonoLogger.INFO: Cron ran at: 30-06-2026 04:28:39 PM [] []
[2026-06-30 16:29:20] SlimMonoLogger.INFO: Cron ran at: 30-06-2026 04:29:20 PM [] []
[2026-06-30 16:29:20] SlimMonoLogger.INFO: Cron ran at: 30-06-2026 04:29:20 PM [] []
[2026-06-30 16:29:30] SlimMonoLogger.INFO: Cron ran at: 30-06-2026 04:29:30 PM [] []
[2026-06-30 16:29:31] SlimMonoLogger.INFO: Cron ran at: 30-06-2026 04:29:31 PM [] []
[2026-06-30 16:30:19] SlimMonoLogger.INFO: Cron ran at: 30-06-2026 04:30:19 PM [] []
[2026-06-30 16:30:20] SlimMonoLogger.INFO: Cron ran at: 30-06-2026 04:30:20 PM [] []
[2026-06-30 16:30:30] SlimMonoLogger.INFO: Cron ran at: 30-06-2026 04:30:30 PM [] []
[2026-06-30 16:30:32] SlimMonoLogger.INFO: Cron ran at: 30-06-2026 04:30:32 PM [] []
[2026-06-30 16:31:23] SlimMonoLogger.INFO: Cron ran at: 30-06-2026 04:31:23 PM [] []
[2026-06-30 16:31:23] SlimMonoLogger.INFO: Cron ran at: 30-06-2026 04:31:23 PM [] []
[2026-06-30 16:31:23] SlimMonoLogger.INFO: Cron ran at: 30-06-2026 04:31:23 PM [] []
[2026-06-30 16:31:38] SlimMonoLogger.INFO: Cron ran at: 30-06-2026 04:31:38 PM [] []
[2026-06-30 16:32:17] SlimMonoLogger.INFO: Cron ran at: 30-06-2026 04:32:17 PM [] []
[2026-06-30 16:32:18] SlimMonoLogger.INFO: Cron ran at: 30-06-2026 04:32:18 PM [] []
[2026-06-30 16:32:18] SlimMonoLogger.INFO: Cron ran at: 30-06-2026 04:32:18 PM [] []
[2026-06-30 16:32:32] SlimMonoLogger.INFO: Cron ran at: 30-06-2026 04:32:32 PM [] []
[2026-06-30 16:33:09] SlimMonoLogger.INFO: Cron ran at: 30-06-2026 04:33:09 PM [] []
[2026-06-30 16:33:10] SlimMonoLogger.INFO: Cron ran at: 30-06-2026 04:33:10 PM [] []
[2026-06-30 16:33:18] SlimMonoLogger.INFO: Cron ran at: 30-06-2026 04:33:18 PM [] []
[2026-06-30 16:33:32] SlimMonoLogger.INFO: Cron ran at: 30-06-2026 04:33:32 PM [] []
[2026-06-30 16:34:01] SlimMonoLogger.INFO: Cron ran at: 30-06-2026 04:34:01 PM [] []
[2026-06-30 16:34:12] SlimMonoLogger.INFO: Cron ran at: 30-06-2026 04:34:12 PM [] []
[2026-06-30 16:34:20] SlimMonoLogger.INFO: Cron ran at: 30-06-2026 04:34:20 PM [] []
[2026-06-30 16:34:32] SlimMonoLogger.INFO: Cron ran at: 30-06-2026 04:34:32 PM [] []
[2026-06-30 16:35:09] SlimMonoLogger.INFO: Cron ran at: 30-06-2026 04:35:09 PM [] []
[2026-06-30 16:35:15] SlimMonoLogger.INFO: Cron ran at: 30-06-2026 04:35:15 PM [] []
[2026-06-30 16:35:16] SlimMonoLogger.INFO: Cron ran at: 30-06-2026 04:35:16 PM [] []
[2026-06-30 16:35:34] SlimMonoLogger.INFO: Cron ran at: 30-06-2026 04:35:34 PM [] []
[2026-06-30 16:35:55] SlimMonoLogger.ERROR: Requests_Exception: cURL error 35: Recv failure: Connection reset by peer in /home/latihtal/public_html/agregator1/src/vendor/rmccue/requests/library/Requests/Transport/cURL.php:422
Stack trace:
#0 /home/latihtal/public_html/agregator1/src/vendor/rmccue/requests/library/Requests/Transport/cURL.php(177): Requests_Transport_cURL->process_response()
#1 /home/latihtal/public_html/agregator1/src/vendor/rmccue/requests/library/Requests.php(379): Requests_Transport_cURL->request()
#2 /home/latihtal/public_html/agregator1/src/vendor/rmccue/requests/library/Requests/Session.php(205): Requests::request()
#3 /home/latihtal/public_html/agregator1/src/vendor/rmccue/requests/library/Requests/Session.php(132): Requests_Session->request()
#4 /home/latihtal/public_html/agregator1/src/drivers/Http/RssImporter.php(144): Requests_Session->get()
#5 /home/latihtal/public_html/agregator1/src/controllers/Dashboard/DashboardFeedsController.php(534): spark\drivers\Http\RssImporter->fetchPosts()
#6 /home/latihtal/public_html/agregator1/src/controllers/Site/SiteController.php(722): spark\controllers\Dashboard\DashboardFeedsController::importFeedPosts()
#7 [internal function]: spark\controllers\Site\SiteController->runTasks()
#8 /home/latihtal/public_html/agregator1/src/framework/Route.php(173): call_user_func_array()
#9 [internal function]: Slim\Route->Slim\{closure}()
#10 /home/latihtal/public_html/agregator1/src/framework/Route.php(468): call_user_func_array()
#11 /home/latihtal/public_html/agregator1/src/framework/Slim.php(1364): Slim\Route->dispatch()
#12 /home/latihtal/public_html/agregator1/src/framework/Middleware/Flash.php(85): Slim\Slim->call()
#13 /home/latihtal/public_html/agregator1/src/framework/Middleware/MethodOverride.php(92): Slim\Middleware\Flash->call()
#14 /home/latihtal/public_html/agregator1/src/middlewares/CsrfGuard/CsrfGuard.php(47): Slim\Middleware\MethodOverride->call()
#15 /home/latihtal/public_html/agregator1/src/framework/Middleware/PrettyExceptions.php(67): spark\middlewares\CsrfGuard\CsrfGuard->call()
#16 /home/latihtal/public_html/agregator1/src/framework/Slim.php(1308): Slim\Middleware\PrettyExceptions->call()
#17 /home/latihtal/public_html/agregator1/index.php(6): Slim\Slim->run()
#18 {main} [] []
[2026-06-30 16:36:02] SlimMonoLogger.INFO: Cron ran at: 30-06-2026 04:36:02 PM [] []
[2026-06-30 16:36:58] SlimMonoLogger.INFO: Cron ran at: 30-06-2026 04:36:58 PM [] []
[2026-06-30 16:36:59] SlimMonoLogger.INFO: Cron ran at: 30-06-2026 04:36:59 PM [] []
[2026-06-30 16:36:59] SlimMonoLogger.INFO: Cron ran at: 30-06-2026 04:36:59 PM [] []
[2026-06-30 16:37:03] SlimMonoLogger.INFO: Cron ran at: 30-06-2026 04:37:03 PM [] []
[2026-06-30 16:37:22] SlimMonoLogger.INFO: Cron ran at: 30-06-2026 04:37:22 PM [] []
[2026-06-30 16:37:42] SlimMonoLogger.INFO: Cron ran at: 30-06-2026 04:37:42 PM [] []
[2026-06-30 16:37:49] SlimMonoLogger.INFO: Cron ran at: 30-06-2026 04:37:49 PM [] []
[2026-06-30 16:37:50] SlimMonoLogger.INFO: Cron ran at: 30-06-2026 04:37:50 PM [] []
[2026-06-30 16:38:11] SlimMonoLogger.INFO: Cron ran at: 30-06-2026 04:38:11 PM [] []
[2026-06-30 16:38:38] SlimMonoLogger.INFO: Cron ran at: 30-06-2026 04:38:38 PM [] []
[2026-06-30 16:38:41] SlimMonoLogger.INFO: Cron ran at: 30-06-2026 04:38:41 PM [] []
[2026-06-30 16:38:41] SlimMonoLogger.INFO: Cron ran at: 30-06-2026 04:38:41 PM [] []
[2026-06-30 16:39:16] SlimMonoLogger.INFO: Cron ran at: 30-06-2026 04:39:16 PM [] []
[2026-06-30 16:39:28] SlimMonoLogger.INFO: Cron ran at: 30-06-2026 04:39:28 PM [] []
[2026-06-30 16:39:30] SlimMonoLogger.INFO: Cron ran at: 30-06-2026 04:39:30 PM [] []
[2026-06-30 16:39:49] SlimMonoLogger.INFO: Cron ran at: 30-06-2026 04:39:49 PM [] []
[2026-06-30 16:40:12] SlimMonoLogger.INFO: Cron ran at: 30-06-2026 04:40:12 PM [] []
[2026-06-30 16:40:29] SlimMonoLogger.INFO: Cron ran at: 30-06-2026 04:40:29 PM [] []
[2026-06-30 16:40:40] SlimMonoLogger.INFO: Cron ran at: 30-06-2026 04:40:40 PM [] []
[2026-06-30 16:41:13] SlimMonoLogger.INFO: Cron ran at: 30-06-2026 04:41:13 PM [] []
[2026-06-30 16:41:16] SlimMonoLogger.INFO: Cron ran at: 30-06-2026 04:41:16 PM [] []
[2026-06-30 16:41:50] SlimMonoLogger.INFO: Cron ran at: 30-06-2026 04:41:50 PM [] []
[2026-06-30 16:41:53] SlimMonoLogger.INFO: Cron ran at: 30-06-2026 04:41:53 PM [] []
[2026-06-30 16:42:12] SlimMonoLogger.INFO: Cron ran at: 30-06-2026 04:42:12 PM [] []
[2026-06-30 16:42:12] SlimMonoLogger.INFO: Cron ran at: 30-06-2026 04:42:12 PM [] []
[2026-06-30 16:42:36] SlimMonoLogger.INFO: Cron ran at: 30-06-2026 04:42:36 PM [] []
[2026-06-30 16:42:36] SlimMonoLogger.INFO: Cron ran at: 30-06-2026 04:42:36 PM [] []
[2026-06-30 16:43:11] SlimMonoLogger.INFO: Cron ran at: 30-06-2026 04:43:11 PM [] []
[2026-06-30 16:43:12] SlimMonoLogger.INFO: Cron ran at: 30-06-2026 04:43:12 PM [] []
[2026-06-30 16:43:32] SlimMonoLogger.INFO: Cron ran at: 30-06-2026 04:43:32 PM [] []
[2026-06-30 16:43:42] SlimMonoLogger.INFO: Cron ran at: 30-06-2026 04:43:42 PM [] []
[2026-06-30 16:44:07] SlimMonoLogger.INFO: Cron ran at: 30-06-2026 04:44:07 PM [] []
[2026-06-30 16:44:07] SlimMonoLogger.INFO: Cron ran at: 30-06-2026 04:44:07 PM [] []
[2026-06-30 16:44:21] SlimMonoLogger.INFO: Cron ran at: 30-06-2026 04:44:21 PM [] []
[2026-06-30 16:44:40] SlimMonoLogger.INFO: Cron ran at: 30-06-2026 04:44:40 PM [] []
[2026-06-30 16:45:05] SlimMonoLogger.INFO: Cron ran at: 30-06-2026 04:45:05 PM [] []
[2026-06-30 16:45:08] SlimMonoLogger.INFO: Cron ran at: 30-06-2026 04:45:08 PM [] []
[2026-06-30 16:45:20] SlimMonoLogger.INFO: Cron ran at: 30-06-2026 04:45:20 PM [] []
[2026-06-30 16:45:40] SlimMonoLogger.INFO: Cron ran at: 30-06-2026 04:45:40 PM [] []
[2026-06-30 16:46:08] SlimMonoLogger.INFO: Cron ran at: 30-06-2026 04:46:08 PM [] []
[2026-06-30 16:46:11] SlimMonoLogger.INFO: Cron ran at: 30-06-2026 04:46:11 PM [] []
[2026-06-30 16:46:19] SlimMonoLogger.INFO: Cron ran at: 30-06-2026 04:46:19 PM [] []
[2026-06-30 16:46:44] SlimMonoLogger.INFO: Cron ran at: 30-06-2026 04:46:44 PM [] []
[2026-06-30 16:47:06] SlimMonoLogger.INFO: Cron ran at: 30-06-2026 04:47:06 PM [] []
[2026-06-30 16:47:06] SlimMonoLogger.INFO: Cron ran at: 30-06-2026 04:47:06 PM [] []
[2026-06-30 16:47:06] SlimMonoLogger.INFO: Cron ran at: 30-06-2026 04:47:06 PM [] []
[2026-06-30 16:47:48] SlimMonoLogger.INFO: Cron ran at: 30-06-2026 04:47:48 PM [] []
[2026-06-30 16:48:03] SlimMonoLogger.INFO: Cron ran at: 30-06-2026 04:48:03 PM [] []
[2026-06-30 16:48:03] SlimMonoLogger.INFO: Cron ran at: 30-06-2026 04:48:03 PM [] []
[2026-06-30 16:48:06] SlimMonoLogger.INFO: Cron ran at: 30-06-2026 04:48:06 PM [] []
[2026-06-30 16:48:42] SlimMonoLogger.INFO: Cron ran at: 30-06-2026 04:48:42 PM [] []
[2026-06-30 16:48:56] SlimMonoLogger.INFO: Cron ran at: 30-06-2026 04:48:56 PM [] []
[2026-06-30 16:48:58] SlimMonoLogger.INFO: Cron ran at: 30-06-2026 04:48:58 PM [] []
[2026-06-30 16:49:06] SlimMonoLogger.INFO: Cron ran at: 30-06-2026 04:49:06 PM [] []
[2026-06-30 16:49:39] SlimMonoLogger.INFO: Cron ran at: 30-06-2026 04:49:39 PM [] []
[2026-06-30 16:49:53] SlimMonoLogger.INFO: Cron ran at: 30-06-2026 04:49:53 PM [] []
[2026-06-30 16:50:02] SlimMonoLogger.INFO: Cron ran at: 30-06-2026 04:50:02 PM [] []
[2026-06-30 16:50:12] SlimMonoLogger.INFO: Cron ran at: 30-06-2026 04:50:12 PM [] []
[2026-06-30 16:50:46] SlimMonoLogger.INFO: Cron ran at: 30-06-2026 04:50:46 PM [] []
[2026-06-30 16:51:01] SlimMonoLogger.INFO: Cron ran at: 30-06-2026 04:51:01 PM [] []
[2026-06-30 16:51:08] SlimMonoLogger.INFO: Cron ran at: 30-06-2026 04:51:08 PM [] []
[2026-06-30 16:51:45] SlimMonoLogger.INFO: Cron ran at: 30-06-2026 04:51:45 PM [] []
[2026-06-30 16:51:47] SlimMonoLogger.INFO: Cron ran at: 30-06-2026 04:51:47 PM [] []
[2026-06-30 16:52:01] SlimMonoLogger.INFO: Cron ran at: 30-06-2026 04:52:01 PM [] []
[2026-06-30 16:52:03] SlimMonoLogger.INFO: Cron ran at: 30-06-2026 04:52:03 PM [] []
[2026-06-30 16:53:09] SlimMonoLogger.ERROR: Requests_Exception: cURL error 35: Recv failure: Connection reset by peer in /home/latihtal/public_html/agregator1/src/vendor/rmccue/requests/library/Requests/Transport/cURL.php:422
Stack trace:
#0 /home/latihtal/public_html/agregator1/src/vendor/rmccue/requests/library/Requests/Transport/cURL.php(177): Requests_Transport_cURL->process_response()
#1 /home/latihtal/public_html/agregator1/src/vendor/rmccue/requests/library/Requests.php(379): Requests_Transport_cURL->request()
#2 /home/latihtal/public_html/agregator1/src/vendor/rmccue/requests/library/Requests/Session.php(205): Requests::request()
#3 /home/latihtal/public_html/agregator1/src/vendor/rmccue/requests/library/Requests/Session.php(132): Requests_Session->request()
#4 /home/latihtal/public_html/agregator1/src/drivers/Http/RssImporter.php(144): Requests_Session->get()
#5 /home/latihtal/public_html/agregator1/src/controllers/Dashboard/DashboardFeedsController.php(534): spark\drivers\Http\RssImporter->fetchPosts()
#6 /home/latihtal/public_html/agregator1/src/controllers/Site/SiteController.php(722): spark\controllers\Dashboard\DashboardFeedsController::importFeedPosts()
#7 [internal function]: spark\controllers\Site\SiteController->runTasks()
#8 /home/latihtal/public_html/agregator1/src/framework/Route.php(173): call_user_func_array()
#9 [internal function]: Slim\Route->Slim\{closure}()
#10 /home/latihtal/public_html/agregator1/src/framework/Route.php(468): call_user_func_array()
#11 /home/latihtal/public_html/agregator1/src/framework/Slim.php(1364): Slim\Route->dispatch()
#12 /home/latihtal/public_html/agregator1/src/framework/Middleware/Flash.php(85): Slim\Slim->call()
#13 /home/latihtal/public_html/agregator1/src/framework/Middleware/MethodOverride.php(92): Slim\Middleware\Flash->call()
#14 /home/latihtal/public_html/agregator1/src/middlewares/CsrfGuard/CsrfGuard.php(47): Slim\Middleware\MethodOverride->call()
#15 /home/latihtal/public_html/agregator1/src/framework/Middleware/PrettyExceptions.php(67): spark\middlewares\CsrfGuard\CsrfGuard->call()
#16 /home/latihtal/public_html/agregator1/src/framework/Slim.php(1308): Slim\Middleware\PrettyExceptions->call()
#17 /home/latihtal/public_html/agregator1/index.php(6): Slim\Slim->run()
#18 {main} [] []
[2026-06-30 16:53:30] SlimMonoLogger.INFO: Cron ran at: 30-06-2026 04:53:30 PM [] []
[2026-06-30 16:53:40] SlimMonoLogger.INFO: Cron ran at: 30-06-2026 04:53:40 PM [] []
[2026-06-30 16:53:42] SlimMonoLogger.INFO: Cron ran at: 30-06-2026 04:53:42 PM [] []
[2026-06-30 16:53:43] SlimMonoLogger.INFO: Cron ran at: 30-06-2026 04:53:43 PM [] []
[2026-06-30 16:53:43] SlimMonoLogger.INFO: Cron ran at: 30-06-2026 04:53:43 PM [] []
[2026-06-30 16:53:43] SlimMonoLogger.INFO: Cron ran at: 30-06-2026 04:53:43 PM [] []
[2026-06-30 16:54:06] SlimMonoLogger.INFO: Cron ran at: 30-06-2026 04:54:06 PM [] []
[2026-06-30 16:54:09] SlimMonoLogger.INFO: Cron ran at: 30-06-2026 04:54:09 PM [] []
[2026-06-30 16:54:20] SlimMonoLogger.INFO: Cron ran at: 30-06-2026 04:54:20 PM [] []
[2026-06-30 16:54:36] SlimMonoLogger.INFO: Cron ran at: 30-06-2026 04:54:36 PM [] []
[2026-06-30 16:55:00] SlimMonoLogger.INFO: Cron ran at: 30-06-2026 04:55:00 PM [] []
[2026-06-30 16:55:11] SlimMonoLogger.INFO: Cron ran at: 30-06-2026 04:55:11 PM [] []
[2026-06-30 16:55:12] SlimMonoLogger.INFO: Cron ran at: 30-06-2026 04:55:12 PM [] []
[2026-06-30 16:55:47] SlimMonoLogger.INFO: Cron ran at: 30-06-2026 04:55:47 PM [] []
[2026-06-30 16:56:03] SlimMonoLogger.INFO: Cron ran at: 30-06-2026 04:56:03 PM [] []
[2026-06-30 16:56:14] SlimMonoLogger.INFO: Cron ran at: 30-06-2026 04:56:14 PM [] []
[2026-06-30 16:56:39] SlimMonoLogger.INFO: Cron ran at: 30-06-2026 04:56:39 PM [] []
[2026-06-30 16:56:56] SlimMonoLogger.INFO: Cron ran at: 30-06-2026 04:56:56 PM [] []
[2026-06-30 16:56:59] SlimMonoLogger.INFO: Cron ran at: 30-06-2026 04:56:59 PM [] []
[2026-06-30 16:57:12] SlimMonoLogger.INFO: Cron ran at: 30-06-2026 04:57:12 PM [] []
[2026-06-30 16:57:36] SlimMonoLogger.INFO: Cron ran at: 30-06-2026 04:57:36 PM [] []
[2026-06-30 16:57:49] SlimMonoLogger.INFO: Cron ran at: 30-06-2026 04:57:49 PM [] []
[2026-06-30 16:58:02] SlimMonoLogger.INFO: Cron ran at: 30-06-2026 04:58:02 PM [] []
[2026-06-30 16:58:04] SlimMonoLogger.INFO: Cron ran at: 30-06-2026 04:58:04 PM [] []
[2026-06-30 16:58:36] SlimMonoLogger.INFO: Cron ran at: 30-06-2026 04:58:36 PM [] []
[2026-06-30 16:58:36] SlimMonoLogger.INFO: Cron ran at: 30-06-2026 04:58:36 PM [] []
[2026-06-30 16:59:08] SlimMonoLogger.INFO: Cron ran at: 30-06-2026 04:59:08 PM [] []
[2026-06-30 16:59:09] SlimMonoLogger.INFO: Cron ran at: 30-06-2026 04:59:09 PM [] []
[2026-06-30 16:59:30] SlimMonoLogger.INFO: Cron ran at: 30-06-2026 04:59:30 PM [] []
[2026-06-30 16:59:38] SlimMonoLogger.INFO: Cron ran at: 30-06-2026 04:59:38 PM [] []
[2026-06-30 16:59:58] SlimMonoLogger.INFO: Cron ran at: 30-06-2026 04:59:58 PM [] []
[2026-06-30 17:00:01] SlimMonoLogger.INFO: Cron ran at: 30-06-2026 05:00:01 PM [] []
[2026-06-30 17:00:29] SlimMonoLogger.INFO: Cron ran at: 30-06-2026 05:00:29 PM [] []
[2026-06-30 17:00:38] SlimMonoLogger.INFO: Cron ran at: 30-06-2026 05:00:38 PM [] []
[2026-06-30 17:01:09] SlimMonoLogger.INFO: Cron ran at: 30-06-2026 05:01:09 PM [] []
[2026-06-30 17:01:31] SlimMonoLogger.INFO: Cron ran at: 30-06-2026 05:01:31 PM [] []
[2026-06-30 17:01:39] SlimMonoLogger.INFO: Cron ran at: 30-06-2026 05:01:39 PM [] []
[2026-06-30 17:01:39] SlimMonoLogger.INFO: Cron ran at: 30-06-2026 05:01:39 PM [] []
[2026-06-30 17:02:09] SlimMonoLogger.INFO: Cron ran at: 30-06-2026 05:02:09 PM [] []
[2026-06-30 17:02:17] SlimMonoLogger.INFO: Cron ran at: 30-06-2026 05:02:17 PM [] []
[2026-06-30 17:02:23] SlimMonoLogger.INFO: Cron ran at: 30-06-2026 05:02:23 PM [] []
[2026-06-30 17:02:41] SlimMonoLogger.INFO: Cron ran at: 30-06-2026 05:02:41 PM [] []
[2026-06-30 17:03:09] SlimMonoLogger.INFO: Cron ran at: 30-06-2026 05:03:09 PM [] []
[2026-06-30 17:03:14] SlimMonoLogger.INFO: Cron ran at: 30-06-2026 05:03:14 PM [] []
[2026-06-30 17:03:15] SlimMonoLogger.INFO: Cron ran at: 30-06-2026 05:03:15 PM [] []
[2026-06-30 17:03:31] SlimMonoLogger.INFO: Cron ran at: 30-06-2026 05:03:31 PM [] []
[2026-06-30 17:03:40] SlimMonoLogger.INFO: Cron ran at: 30-06-2026 05:03:40 PM [] []
[2026-06-30 17:04:04] SlimMonoLogger.INFO: Cron ran at: 30-06-2026 05:04:04 PM [] []
[2026-06-30 17:04:15] SlimMonoLogger.INFO: Cron ran at: 30-06-2026 05:04:15 PM [] []
[2026-06-30 17:04:17] SlimMonoLogger.INFO: Cron ran at: 30-06-2026 05:04:17 PM [] []
[2026-06-30 17:04:38] SlimMonoLogger.INFO: Cron ran at: 30-06-2026 05:04:38 PM [] []
[2026-06-30 17:05:06] SlimMonoLogger.INFO: Cron ran at: 30-06-2026 05:05:06 PM [] []
[2026-06-30 17:05:16] SlimMonoLogger.INFO: Cron ran at: 30-06-2026 05:05:16 PM [] []
[2026-06-30 17:05:18] SlimMonoLogger.INFO: Cron ran at: 30-06-2026 05:05:18 PM [] []
[2026-06-30 17:06:03] SlimMonoLogger.INFO: Cron ran at: 30-06-2026 05:06:03 PM [] []
[2026-06-30 17:06:06] SlimMonoLogger.INFO: Cron ran at: 30-06-2026 05:06:06 PM [] []
[2026-06-30 17:06:13] SlimMonoLogger.INFO: Cron ran at: 30-06-2026 05:06:13 PM [] []
[2026-06-30 17:06:27] SlimMonoLogger.INFO: Cron ran at: 30-06-2026 05:06:27 PM [] []
[2026-06-30 17:07:05] SlimMonoLogger.INFO: Cron ran at: 30-06-2026 05:07:05 PM [] []
[2026-06-30 17:07:08] SlimMonoLogger.INFO: Cron ran at: 30-06-2026 05:07:08 PM [] []
[2026-06-30 17:07:10] SlimMonoLogger.INFO: Cron ran at: 30-06-2026 05:07:10 PM [] []
[2026-06-30 17:07:15] SlimMonoLogger.INFO: Cron ran at: 30-06-2026 05:07:15 PM [] []
[2026-06-30 17:08:09] SlimMonoLogger.INFO: Cron ran at: 30-06-2026 05:08:09 PM [] []
[2026-06-30 17:08:09] SlimMonoLogger.INFO: Cron ran at: 30-06-2026 05:08:09 PM [] []
[2026-06-30 17:08:10] SlimMonoLogger.INFO: Cron ran at: 30-06-2026 05:08:10 PM [] []
[2026-06-30 17:08:11] SlimMonoLogger.INFO: Cron ran at: 30-06-2026 05:08:11 PM [] []
[2026-06-30 17:09:01] SlimMonoLogger.INFO: Cron ran at: 30-06-2026 05:09:01 PM [] []
[2026-06-30 17:09:02] SlimMonoLogger.INFO: Cron ran at: 30-06-2026 05:09:02 PM [] []
[2026-06-30 17:09:10] SlimMonoLogger.INFO: Cron ran at: 30-06-2026 05:09:10 PM [] []
[2026-06-30 17:09:11] SlimMonoLogger.INFO: Cron ran at: 30-06-2026 05:09:11 PM [] []
[2026-06-30 17:09:57] SlimMonoLogger.INFO: Cron ran at: 30-06-2026 05:09:57 PM [] []
[2026-06-30 17:10:07] SlimMonoLogger.INFO: Cron ran at: 30-06-2026 05:10:07 PM [] []
[2026-06-30 17:10:08] SlimMonoLogger.INFO: Cron ran at: 30-06-2026 05:10:08 PM [] []
[2026-06-30 17:10:09] SlimMonoLogger.INFO: Cron ran at: 30-06-2026 05:10:09 PM [] []
[2026-06-30 17:10:53] SlimMonoLogger.INFO: Cron ran at: 30-06-2026 05:10:53 PM [] []
[2026-06-30 17:11:03] SlimMonoLogger.INFO: Cron ran at: 30-06-2026 05:11:03 PM [] []
[2026-06-30 17:11:06] SlimMonoLogger.INFO: Cron ran at: 30-06-2026 05:11:06 PM [] []
[2026-06-30 17:11:46] SlimMonoLogger.INFO: Cron ran at: 30-06-2026 05:11:46 PM [] []
[2026-06-30 17:11:48] SlimMonoLogger.INFO: Cron ran at: 30-06-2026 05:11:48 PM [] []
[2026-06-30 17:12:08] SlimMonoLogger.INFO: Cron ran at: 30-06-2026 05:12:08 PM [] []
[2026-06-30 17:12:10] SlimMonoLogger.INFO: Cron ran at: 30-06-2026 05:12:10 PM [] []
[2026-06-30 17:12:46] SlimMonoLogger.INFO: Cron ran at: 30-06-2026 05:12:46 PM [] []
[2026-06-30 17:12:48] SlimMonoLogger.INFO: Cron ran at: 30-06-2026 05:12:48 PM [] []
[2026-06-30 17:13:10] SlimMonoLogger.INFO: Cron ran at: 30-06-2026 05:13:10 PM [] []
[2026-06-30 17:13:12] SlimMonoLogger.INFO: Cron ran at: 30-06-2026 05:13:12 PM [] []
[2026-06-30 17:13:44] SlimMonoLogger.INFO: Cron ran at: 30-06-2026 05:13:44 PM [] []
[2026-06-30 17:13:44] SlimMonoLogger.INFO: Cron ran at: 30-06-2026 05:13:44 PM [] []
[2026-06-30 17:14:11] SlimMonoLogger.INFO: Cron ran at: 30-06-2026 05:14:11 PM [] []
[2026-06-30 17:14:11] SlimMonoLogger.INFO: Cron ran at: 30-06-2026 05:14:11 PM [] []
[2026-06-30 17:14:27] SlimMonoLogger.INFO: Cron ran at: 30-06-2026 05:14:27 PM [] []
[2026-06-30 17:14:42] SlimMonoLogger.INFO: Cron ran at: 30-06-2026 05:14:42 PM [] []
[2026-06-30 17:14:57] SlimMonoLogger.INFO: Cron ran at: 30-06-2026 05:14:57 PM [] []
[2026-06-30 17:15:07] SlimMonoLogger.INFO: Cron ran at: 30-06-2026 05:15:07 PM [] []
[2026-06-30 17:15:11] SlimMonoLogger.INFO: Cron ran at: 30-06-2026 05:15:11 PM [] []
[2026-06-30 17:15:20] SlimMonoLogger.INFO: Cron ran at: 30-06-2026 05:15:20 PM [] []
[2026-06-30 17:16:07] SlimMonoLogger.INFO: Cron ran at: 30-06-2026 05:16:07 PM [] []
[2026-06-30 17:16:11] SlimMonoLogger.INFO: Cron ran at: 30-06-2026 05:16:11 PM [] []
[2026-06-30 17:16:11] SlimMonoLogger.INFO: Cron ran at: 30-06-2026 05:16:11 PM [] []
[2026-06-30 17:16:49] SlimMonoLogger.ERROR: Requests_Exception: cURL error 35: Recv failure: Connection reset by peer in /home/latihtal/public_html/agregator1/src/vendor/rmccue/requests/library/Requests/Transport/cURL.php:422
Stack trace:
#0 /home/latihtal/public_html/agregator1/src/vendor/rmccue/requests/library/Requests/Transport/cURL.php(177): Requests_Transport_cURL->process_response()
#1 /home/latihtal/public_html/agregator1/src/vendor/rmccue/requests/library/Requests.php(379): Requests_Transport_cURL->request()
#2 /home/latihtal/public_html/agregator1/src/vendor/rmccue/requests/library/Requests/Session.php(205): Requests::request()
#3 /home/latihtal/public_html/agregator1/src/vendor/rmccue/requests/library/Requests/Session.php(132): Requests_Session->request()
#4 /home/latihtal/public_html/agregator1/src/drivers/Http/RssImporter.php(144): Requests_Session->get()
#5 /home/latihtal/public_html/agregator1/src/controllers/Dashboard/DashboardFeedsController.php(534): spark\drivers\Http\RssImporter->fetchPosts()
#6 /home/latihtal/public_html/agregator1/src/controllers/Site/SiteController.php(722): spark\controllers\Dashboard\DashboardFeedsController::importFeedPosts()
#7 [internal function]: spark\controllers\Site\SiteController->runTasks()
#8 /home/latihtal/public_html/agregator1/src/framework/Route.php(173): call_user_func_array()
#9 [internal function]: Slim\Route->Slim\{closure}()
#10 /home/latihtal/public_html/agregator1/src/framework/Route.php(468): call_user_func_array()
#11 /home/latihtal/public_html/agregator1/src/framework/Slim.php(1364): Slim\Route->dispatch()
#12 /home/latihtal/public_html/agregator1/src/framework/Middleware/Flash.php(85): Slim\Slim->call()
#13 /home/latihtal/public_html/agregator1/src/framework/Middleware/MethodOverride.php(92): Slim\Middleware\Flash->call()
#14 /home/latihtal/public_html/agregator1/src/middlewares/CsrfGuard/CsrfGuard.php(47): Slim\Middleware\MethodOverride->call()
#15 /home/latihtal/public_html/agregator1/src/framework/Middleware/PrettyExceptions.php(67): spark\middlewares\CsrfGuard\CsrfGuard->call()
#16 /home/latihtal/public_html/agregator1/src/framework/Slim.php(1308): Slim\Middleware\PrettyExceptions->call()
#17 /home/latihtal/public_html/agregator1/index.php(6): Slim\Slim->run()
#18 {main} [] []
[2026-06-30 17:17:07] SlimMonoLogger.INFO: Cron ran at: 30-06-2026 05:17:07 PM [] []
[2026-06-30 17:17:08] SlimMonoLogger.INFO: Cron ran at: 30-06-2026 05:17:08 PM [] []
[2026-06-30 17:17:08] SlimMonoLogger.INFO: Cron ran at: 30-06-2026 05:17:08 PM [] []
[2026-06-30 17:17:23] SlimMonoLogger.INFO: Cron ran at: 30-06-2026 05:17:23 PM [] []
[2026-06-30 17:18:03] SlimMonoLogger.INFO: Cron ran at: 30-06-2026 05:18:03 PM [] []
[2026-06-30 17:18:06] SlimMonoLogger.INFO: Cron ran at: 30-06-2026 05:18:06 PM [] []
[2026-06-30 17:18:07] SlimMonoLogger.INFO: Cron ran at: 30-06-2026 05:18:07 PM [] []
[2026-06-30 17:18:08] SlimMonoLogger.INFO: Cron ran at: 30-06-2026 05:18:08 PM [] []
[2026-06-30 17:19:03] SlimMonoLogger.INFO: Cron ran at: 30-06-2026 05:19:03 PM [] []
[2026-06-30 17:19:04] SlimMonoLogger.INFO: Cron ran at: 30-06-2026 05:19:04 PM [] []
[2026-06-30 17:19:05] SlimMonoLogger.INFO: Cron ran at: 30-06-2026 05:19:05 PM [] []
[2026-06-30 17:19:05] SlimMonoLogger.INFO: Cron ran at: 30-06-2026 05:19:05 PM [] []
[2026-06-30 17:19:54] SlimMonoLogger.INFO: Cron ran at: 30-06-2026 05:19:54 PM [] []
[2026-06-30 17:20:00] SlimMonoLogger.INFO: Cron ran at: 30-06-2026 05:20:00 PM [] []
[2026-06-30 17:20:01] SlimMonoLogger.INFO: Cron ran at: 30-06-2026 05:20:01 PM [] []
[2026-06-30 17:20:54] SlimMonoLogger.INFO: Cron ran at: 30-06-2026 05:20:54 PM [] []
[2026-06-30 17:21:11] SlimMonoLogger.INFO: Cron ran at: 30-06-2026 05:21:11 PM [] []
[2026-06-30 17:21:11] SlimMonoLogger.INFO: Cron ran at: 30-06-2026 05:21:11 PM [] []
[2026-06-30 17:21:54] SlimMonoLogger.INFO: Cron ran at: 30-06-2026 05:21:54 PM [] []
[2026-06-30 17:21:54] SlimMonoLogger.INFO: Cron ran at: 30-06-2026 05:21:54 PM [] []
[2026-06-30 17:22:07] SlimMonoLogger.INFO: Cron ran at: 30-06-2026 05:22:07 PM [] []
[2026-06-30 17:22:07] SlimMonoLogger.INFO: Cron ran at: 30-06-2026 05:22:07 PM [] []
[2026-06-30 17:22:43] SlimMonoLogger.INFO: Cron ran at: 30-06-2026 05:22:43 PM [] []
[2026-06-30 17:22:45] SlimMonoLogger.INFO: Cron ran at: 30-06-2026 05:22:45 PM [] []
[2026-06-30 17:23:08] SlimMonoLogger.INFO: Cron ran at: 30-06-2026 05:23:08 PM [] []
[2026-06-30 17:23:09] SlimMonoLogger.INFO: Cron ran at: 30-06-2026 05:23:09 PM [] []
[2026-06-30 17:23:39] SlimMonoLogger.INFO: Cron ran at: 30-06-2026 05:23:39 PM [] []
[2026-06-30 17:23:40] SlimMonoLogger.INFO: Cron ran at: 30-06-2026 05:23:40 PM [] []
[2026-06-30 17:24:00] SlimMonoLogger.INFO: Cron ran at: 30-06-2026 05:24:00 PM [] []
[2026-06-30 17:24:00] SlimMonoLogger.INFO: Cron ran at: 30-06-2026 05:24:00 PM [] []
[2026-06-30 17:24:25] SlimMonoLogger.INFO: Cron ran at: 30-06-2026 05:24:25 PM [] []
[2026-06-30 17:24:29] SlimMonoLogger.INFO: Cron ran at: 30-06-2026 05:24:29 PM [] []
[2026-06-30 17:25:05] SlimMonoLogger.INFO: Cron ran at: 30-06-2026 05:25:05 PM [] []
[2026-06-30 17:25:16] SlimMonoLogger.INFO: Cron ran at: 30-06-2026 05:25:16 PM [] []
[2026-06-30 17:25:29] SlimMonoLogger.INFO: Cron ran at: 30-06-2026 05:25:29 PM [] []
[2026-06-30 17:26:08] SlimMonoLogger.INFO: Cron ran at: 30-06-2026 05:26:08 PM [] []
[2026-06-30 17:26:09] SlimMonoLogger.INFO: Cron ran at: 30-06-2026 05:26:09 PM [] []
[2026-06-30 17:26:29] SlimMonoLogger.INFO: Cron ran at: 30-06-2026 05:26:29 PM [] []
[2026-06-30 17:26:51] SlimMonoLogger.INFO: Cron ran at: 30-06-2026 05:26:51 PM [] []
[2026-06-30 17:27:03] SlimMonoLogger.INFO: Cron ran at: 30-06-2026 05:27:03 PM [] []
[2026-06-30 17:27:05] SlimMonoLogger.INFO: Cron ran at: 30-06-2026 05:27:05 PM [] []
[2026-06-30 17:27:37] SlimMonoLogger.INFO: Cron ran at: 30-06-2026 05:27:37 PM [] []
[2026-06-30 17:27:38] SlimMonoLogger.INFO: Cron ran at: 30-06-2026 05:27:38 PM [] []
[2026-06-30 17:28:03] SlimMonoLogger.INFO: Cron ran at: 30-06-2026 05:28:03 PM [] []
[2026-06-30 17:28:04] SlimMonoLogger.INFO: Cron ran at: 30-06-2026 05:28:04 PM [] []
[2026-06-30 17:28:30] SlimMonoLogger.INFO: Cron ran at: 30-06-2026 05:28:30 PM [] []
[2026-06-30 17:28:30] SlimMonoLogger.INFO: Cron ran at: 30-06-2026 05:28:30 PM [] []
[2026-06-30 17:29:03] SlimMonoLogger.INFO: Cron ran at: 30-06-2026 05:29:03 PM [] []
[2026-06-30 17:29:04] SlimMonoLogger.INFO: Cron ran at: 30-06-2026 05:29:04 PM [] []
[2026-06-30 17:29:29] SlimMonoLogger.INFO: Cron ran at: 30-06-2026 05:29:29 PM [] []
[2026-06-30 17:29:30] SlimMonoLogger.INFO: Cron ran at: 30-06-2026 05:29:30 PM [] []
[2026-06-30 17:30:04] SlimMonoLogger.INFO: Cron ran at: 30-06-2026 05:30:04 PM [] []
[2026-06-30 17:30:05] SlimMonoLogger.INFO: Cron ran at: 30-06-2026 05:30:05 PM [] []
[2026-06-30 17:30:23] SlimMonoLogger.INFO: Cron ran at: 30-06-2026 05:30:23 PM [] []
[2026-06-30 17:30:36] SlimMonoLogger.INFO: Cron ran at: 30-06-2026 05:30:36 PM [] []
[2026-06-30 17:31:07] SlimMonoLogger.INFO: Cron ran at: 30-06-2026 05:31:07 PM [] []
[2026-06-30 17:31:23] SlimMonoLogger.INFO: Cron ran at: 30-06-2026 05:31:23 PM [] []
[2026-06-30 17:31:32] SlimMonoLogger.INFO: Cron ran at: 30-06-2026 05:31:32 PM [] []
[2026-06-30 17:31:33] SlimMonoLogger.INFO: Cron ran at: 30-06-2026 05:31:33 PM [] []
[2026-06-30 17:32:03] SlimMonoLogger.INFO: Cron ran at: 30-06-2026 05:32:03 PM [] []
[2026-06-30 17:32:21] SlimMonoLogger.INFO: Cron ran at: 30-06-2026 05:32:21 PM [] []
[2026-06-30 17:32:21] SlimMonoLogger.INFO: Cron ran at: 30-06-2026 05:32:21 PM [] []
[2026-06-30 17:32:43] SlimMonoLogger.INFO: Cron ran at: 30-06-2026 05:32:43 PM [] []
[2026-06-30 17:33:12] SlimMonoLogger.INFO: Cron ran at: 30-06-2026 05:33:12 PM [] []
[2026-06-30 17:33:14] SlimMonoLogger.INFO: Cron ran at: 30-06-2026 05:33:14 PM [] []
[2026-06-30 17:33:17] SlimMonoLogger.INFO: Cron ran at: 30-06-2026 05:33:17 PM [] []
[2026-06-30 17:33:28] SlimMonoLogger.INFO: Cron ran at: 30-06-2026 05:33:28 PM [] []
[2026-06-30 17:34:05] SlimMonoLogger.INFO: Cron ran at: 30-06-2026 05:34:05 PM [] []
[2026-06-30 17:34:05] SlimMonoLogger.INFO: Cron ran at: 30-06-2026 05:34:05 PM [] []
[2026-06-30 17:34:14] SlimMonoLogger.INFO: Cron ran at: 30-06-2026 05:34:14 PM [] []
[2026-06-30 17:34:33] SlimMonoLogger.INFO: Cron ran at: 30-06-2026 05:34:33 PM [] []
[2026-06-30 17:35:02] SlimMonoLogger.INFO: Cron ran at: 30-06-2026 05:35:02 PM [] []
[2026-06-30 17:35:02] SlimMonoLogger.INFO: Cron ran at: 30-06-2026 05:35:02 PM [] []
[2026-06-30 17:35:05] SlimMonoLogger.INFO: Cron ran at: 30-06-2026 05:35:05 PM [] []
[2026-06-30 17:35:33] SlimMonoLogger.INFO: Cron ran at: 30-06-2026 05:35:33 PM [] []
[2026-06-30 17:36:01] SlimMonoLogger.INFO: Cron ran at: 30-06-2026 05:36:01 PM [] []
[2026-06-30 17:36:09] SlimMonoLogger.INFO: Cron ran at: 30-06-2026 05:36:09 PM [] []
[2026-06-30 17:36:09] SlimMonoLogger.INFO: Cron ran at: 30-06-2026 05:36:09 PM [] []
[2026-06-30 17:36:36] SlimMonoLogger.INFO: Cron ran at: 30-06-2026 05:36:36 PM [] []
[2026-06-30 17:36:55] SlimMonoLogger.INFO: Cron ran at: 30-06-2026 05:36:55 PM [] []
[2026-06-30 17:37:06] SlimMonoLogger.INFO: Cron ran at: 30-06-2026 05:37:06 PM [] []
[2026-06-30 17:37:10] SlimMonoLogger.INFO: Cron ran at: 30-06-2026 05:37:10 PM [] []
[2026-06-30 17:37:14] SlimMonoLogger.INFO: Cron ran at: 30-06-2026 05:37:14 PM [] []
[2026-06-30 17:37:48] SlimMonoLogger.INFO: Cron ran at: 30-06-2026 05:37:48 PM [] []
[2026-06-30 17:38:01] SlimMonoLogger.INFO: Cron ran at: 30-06-2026 05:38:01 PM [] []
[2026-06-30 17:38:02] SlimMonoLogger.INFO: Cron ran at: 30-06-2026 05:38:02 PM [] []
[2026-06-30 17:38:11] SlimMonoLogger.INFO: Cron ran at: 30-06-2026 05:38:11 PM [] []
[2026-06-30 17:38:50] SlimMonoLogger.INFO: Cron ran at: 30-06-2026 05:38:50 PM [] []
[2026-06-30 17:38:58] SlimMonoLogger.INFO: Cron ran at: 30-06-2026 05:38:58 PM [] []
[2026-06-30 17:39:02] SlimMonoLogger.INFO: Cron ran at: 30-06-2026 05:39:02 PM [] []
[2026-06-30 17:39:04] SlimMonoLogger.INFO: Cron ran at: 30-06-2026 05:39:04 PM [] []
[2026-06-30 17:39:46] SlimMonoLogger.INFO: Cron ran at: 30-06-2026 05:39:46 PM [] []
[2026-06-30 17:39:50] SlimMonoLogger.INFO: Cron ran at: 30-06-2026 05:39:50 PM [] []
[2026-06-30 17:40:04] SlimMonoLogger.INFO: Cron ran at: 30-06-2026 05:40:04 PM [] []
[2026-06-30 17:40:08] SlimMonoLogger.INFO: Cron ran at: 30-06-2026 05:40:08 PM [] []
[2026-06-30 17:40:51] SlimMonoLogger.INFO: Cron ran at: 30-06-2026 05:40:51 PM [] []
[2026-06-30 17:40:53] SlimMonoLogger.INFO: Cron ran at: 30-06-2026 05:40:53 PM [] []
[2026-06-30 17:41:09] SlimMonoLogger.INFO: Cron ran at: 30-06-2026 05:41:09 PM [] []
[2026-06-30 17:41:42] SlimMonoLogger.INFO: Cron ran at: 30-06-2026 05:41:42 PM [] []
[2026-06-30 17:41:43] SlimMonoLogger.INFO: Cron ran at: 30-06-2026 05:41:43 PM [] []
[2026-06-30 17:41:44] SlimMonoLogger.INFO: Cron ran at: 30-06-2026 05:41:44 PM [] []
[2026-06-30 17:42:08] SlimMonoLogger.INFO: Cron ran at: 30-06-2026 05:42:08 PM [] []
[2026-06-30 17:42:38] SlimMonoLogger.INFO: Cron ran at: 30-06-2026 05:42:38 PM [] []
[2026-06-30 17:42:38] SlimMonoLogger.INFO: Cron ran at: 30-06-2026 05:42:38 PM [] []
[2026-06-30 17:42:39] SlimMonoLogger.INFO: Cron ran at: 30-06-2026 05:42:39 PM [] []
[2026-06-30 17:43:05] SlimMonoLogger.INFO: Cron ran at: 30-06-2026 05:43:05 PM [] []
[2026-06-30 17:43:33] SlimMonoLogger.INFO: Cron ran at: 30-06-2026 05:43:33 PM [] []
[2026-06-30 17:43:34] SlimMonoLogger.INFO: Cron ran at: 30-06-2026 05:43:34 PM [] []
[2026-06-30 17:43:41] SlimMonoLogger.INFO: Cron ran at: 30-06-2026 05:43:41 PM [] []
[2026-06-30 17:44:12] SlimMonoLogger.INFO: Cron ran at: 30-06-2026 05:44:12 PM [] []
[2026-06-30 17:44:35] SlimMonoLogger.INFO: Cron ran at: 30-06-2026 05:44:35 PM [] []
[2026-06-30 17:44:37] SlimMonoLogger.INFO: Cron ran at: 30-06-2026 05:44:37 PM [] []
[2026-06-30 17:44:44] SlimMonoLogger.INFO: Cron ran at: 30-06-2026 05:44:44 PM [] []
[2026-06-30 17:45:09] SlimMonoLogger.INFO: Cron ran at: 30-06-2026 05:45:09 PM [] []
[2026-06-30 17:45:20] SlimMonoLogger.INFO: Cron ran at: 30-06-2026 05:45:20 PM [] []
[2026-06-30 17:45:39] SlimMonoLogger.INFO: Cron ran at: 30-06-2026 05:45:39 PM [] []
[2026-06-30 17:45:41] SlimMonoLogger.INFO: Cron ran at: 30-06-2026 05:45:41 PM [] []
[2026-06-30 17:46:23] SlimMonoLogger.INFO: Cron ran at: 30-06-2026 05:46:23 PM [] []
[2026-06-30 17:46:39] SlimMonoLogger.INFO: Cron ran at: 30-06-2026 05:46:39 PM [] []
[2026-06-30 17:46:42] SlimMonoLogger.INFO: Cron ran at: 30-06-2026 05:46:42 PM [] []
[2026-06-30 17:46:44] SlimMonoLogger.INFO: Cron ran at: 30-06-2026 05:46:44 PM [] []
[2026-06-30 17:47:17] SlimMonoLogger.INFO: Cron ran at: 30-06-2026 05:47:17 PM [] []
[2026-06-30 17:47:40] SlimMonoLogger.INFO: Cron ran at: 30-06-2026 05:47:40 PM [] []
[2026-06-30 17:47:41] SlimMonoLogger.INFO: Cron ran at: 30-06-2026 05:47:41 PM [] []
[2026-06-30 17:47:46] SlimMonoLogger.INFO: Cron ran at: 30-06-2026 05:47:46 PM [] []
[2026-06-30 17:48:08] SlimMonoLogger.INFO: Cron ran at: 30-06-2026 05:48:08 PM [] []
[2026-06-30 17:48:19] SlimMonoLogger.INFO: Cron ran at: 30-06-2026 05:48:19 PM [] []
[2026-06-30 17:48:42] SlimMonoLogger.INFO: Cron ran at: 30-06-2026 05:48:42 PM [] []
[2026-06-30 17:48:43] SlimMonoLogger.INFO: Cron ran at: 30-06-2026 05:48:43 PM [] []
[2026-06-30 17:49:05] SlimMonoLogger.INFO: Cron ran at: 30-06-2026 05:49:05 PM [] []
[2026-06-30 17:49:09] SlimMonoLogger.INFO: Cron ran at: 30-06-2026 05:49:09 PM [] []
[2026-06-30 17:49:42] SlimMonoLogger.INFO: Cron ran at: 30-06-2026 05:49:42 PM [] []
[2026-06-30 17:49:47] SlimMonoLogger.INFO: Cron ran at: 30-06-2026 05:49:47 PM [] []
[2026-06-30 17:50:05] SlimMonoLogger.INFO: Cron ran at: 30-06-2026 05:50:05 PM [] []
[2026-06-30 17:50:06] SlimMonoLogger.INFO: Cron ran at: 30-06-2026 05:50:06 PM [] []
[2026-06-30 17:50:41] SlimMonoLogger.ERROR: Requests_Exception: cURL error 35: Recv failure: Connection reset by peer in /home/latihtal/public_html/agregator1/src/vendor/rmccue/requests/library/Requests/Transport/cURL.php:422
Stack trace:
#0 /home/latihtal/public_html/agregator1/src/vendor/rmccue/requests/library/Requests/Transport/cURL.php(177): Requests_Transport_cURL->process_response()
#1 /home/latihtal/public_html/agregator1/src/vendor/rmccue/requests/library/Requests.php(379): Requests_Transport_cURL->request()
#2 /home/latihtal/public_html/agregator1/src/vendor/rmccue/requests/library/Requests/Session.php(205): Requests::request()
#3 /home/latihtal/public_html/agregator1/src/vendor/rmccue/requests/library/Requests/Session.php(132): Requests_Session->request()
#4 /home/latihtal/public_html/agregator1/src/drivers/Http/RssImporter.php(144): Requests_Session->get()
#5 /home/latihtal/public_html/agregator1/src/controllers/Dashboard/DashboardFeedsController.php(534): spark\drivers\Http\RssImporter->fetchPosts()
#6 /home/latihtal/public_html/agregator1/src/controllers/Site/SiteController.php(722): spark\controllers\Dashboard\DashboardFeedsController::importFeedPosts()
#7 [internal function]: spark\controllers\Site\SiteController->runTasks()
#8 /home/latihtal/public_html/agregator1/src/framework/Route.php(173): call_user_func_array()
#9 [internal function]: Slim\Route->Slim\{closure}()
#10 /home/latihtal/public_html/agregator1/src/framework/Route.php(468): call_user_func_array()
#11 /home/latihtal/public_html/agregator1/src/framework/Slim.php(1364): Slim\Route->dispatch()
#12 /home/latihtal/public_html/agregator1/src/framework/Middleware/Flash.php(85): Slim\Slim->call()
#13 /home/latihtal/public_html/agregator1/src/framework/Middleware/MethodOverride.php(92): Slim\Middleware\Flash->call()
#14 /home/latihtal/public_html/agregator1/src/middlewares/CsrfGuard/CsrfGuard.php(47): Slim\Middleware\MethodOverride->call()
#15 /home/latihtal/public_html/agregator1/src/framework/Middleware/PrettyExceptions.php(67): spark\middlewares\CsrfGuard\CsrfGuard->call()
#16 /home/latihtal/public_html/agregator1/src/framework/Slim.php(1308): Slim\Middleware\PrettyExceptions->call()
#17 /home/latihtal/public_html/agregator1/index.php(6): Slim\Slim->run()
#18 {main} [] []
[2026-06-30 17:50:46] SlimMonoLogger.INFO: Cron ran at: 30-06-2026 05:50:46 PM [] []
[2026-06-30 17:51:09] SlimMonoLogger.INFO: Cron ran at: 30-06-2026 05:51:09 PM [] []
[2026-06-30 17:51:10] SlimMonoLogger.INFO: Cron ran at: 30-06-2026 05:51:10 PM [] []
[2026-06-30 17:51:42] SlimMonoLogger.INFO: Cron ran at: 30-06-2026 05:51:42 PM [] []
[2026-06-30 17:51:42] SlimMonoLogger.INFO: Cron ran at: 30-06-2026 05:51:42 PM [] []
[2026-06-30 17:52:02] SlimMonoLogger.INFO: Cron ran at: 30-06-2026 05:52:02 PM [] []
[2026-06-30 17:52:02] SlimMonoLogger.INFO: Cron ran at: 30-06-2026 05:52:02 PM [] []
[2026-06-30 17:52:34] SlimMonoLogger.INFO: Cron ran at: 30-06-2026 05:52:34 PM [] []
[2026-06-30 17:52:39] SlimMonoLogger.INFO: Cron ran at: 30-06-2026 05:52:39 PM [] []
[2026-06-30 17:52:56] SlimMonoLogger.INFO: Cron ran at: 30-06-2026 05:52:56 PM [] []
[2026-06-30 17:53:03] SlimMonoLogger.INFO: Cron ran at: 30-06-2026 05:53:03 PM [] []
[2026-06-30 17:53:20] SlimMonoLogger.INFO: Cron ran at: 30-06-2026 05:53:20 PM [] []
[2026-06-30 17:53:47] SlimMonoLogger.INFO: Cron ran at: 30-06-2026 05:53:47 PM [] []
[2026-06-30 17:53:55] SlimMonoLogger.INFO: Cron ran at: 30-06-2026 05:53:55 PM [] []
[2026-06-30 17:54:09] SlimMonoLogger.INFO: Cron ran at: 30-06-2026 05:54:09 PM [] []
[2026-06-30 17:54:13] SlimMonoLogger.INFO: Cron ran at: 30-06-2026 05:54:13 PM [] []
[2026-06-30 17:54:49] SlimMonoLogger.INFO: Cron ran at: 30-06-2026 05:54:49 PM [] []
[2026-06-30 17:54:53] SlimMonoLogger.INFO: Cron ran at: 30-06-2026 05:54:53 PM [] []
[2026-06-30 17:55:02] SlimMonoLogger.INFO: Cron ran at: 30-06-2026 05:55:02 PM [] []
[2026-06-30 17:55:10] SlimMonoLogger.INFO: Cron ran at: 30-06-2026 05:55:10 PM [] []
[2026-06-30 17:55:58] SlimMonoLogger.INFO: Cron ran at: 30-06-2026 05:55:58 PM [] []
[2026-06-30 17:56:03] SlimMonoLogger.INFO: Cron ran at: 30-06-2026 05:56:03 PM [] []
[2026-06-30 17:56:04] SlimMonoLogger.INFO: Cron ran at: 30-06-2026 05:56:04 PM [] []
[2026-06-30 17:56:59] SlimMonoLogger.INFO: Cron ran at: 30-06-2026 05:56:59 PM [] []
[2026-06-30 17:56:59] SlimMonoLogger.INFO: Cron ran at: 30-06-2026 05:56:59 PM [] []
[2026-06-30 17:57:00] SlimMonoLogger.INFO: Cron ran at: 30-06-2026 05:57:00 PM [] []
[2026-06-30 17:57:04] SlimMonoLogger.INFO: Cron ran at: 30-06-2026 05:57:04 PM [] []
[2026-06-30 17:57:58] SlimMonoLogger.INFO: Cron ran at: 30-06-2026 05:57:58 PM [] []
[2026-06-30 17:57:59] SlimMonoLogger.INFO: Cron ran at: 30-06-2026 05:57:59 PM [] []
[2026-06-30 17:58:00] SlimMonoLogger.INFO: Cron ran at: 30-06-2026 05:58:00 PM [] []
[2026-06-30 17:58:07] SlimMonoLogger.INFO: Cron ran at: 30-06-2026 05:58:07 PM [] []
[2026-06-30 17:58:53] SlimMonoLogger.INFO: Cron ran at: 30-06-2026 05:58:53 PM [] []
[2026-06-30 17:58:57] SlimMonoLogger.INFO: Cron ran at: 30-06-2026 05:58:57 PM [] []
[2026-06-30 17:58:58] SlimMonoLogger.INFO: Cron ran at: 30-06-2026 05:58:58 PM [] []
[2026-06-30 17:59:06] SlimMonoLogger.INFO: Cron ran at: 30-06-2026 05:59:06 PM [] []
[2026-06-30 17:59:53] SlimMonoLogger.INFO: Cron ran at: 30-06-2026 05:59:53 PM [] []
[2026-06-30 17:59:56] SlimMonoLogger.INFO: Cron ran at: 30-06-2026 05:59:56 PM [] []
[2026-06-30 17:59:58] SlimMonoLogger.INFO: Cron ran at: 30-06-2026 05:59:58 PM [] []
[2026-06-30 18:00:11] SlimMonoLogger.INFO: Cron ran at: 30-06-2026 06:00:11 PM [] []
[2026-06-30 18:00:45] SlimMonoLogger.INFO: Cron ran at: 30-06-2026 06:00:45 PM [] []
[2026-06-30 18:00:57] SlimMonoLogger.INFO: Cron ran at: 30-06-2026 06:00:57 PM [] []
[2026-06-30 18:00:59] SlimMonoLogger.INFO: Cron ran at: 30-06-2026 06:00:59 PM [] []
[2026-06-30 18:01:42] SlimMonoLogger.INFO: Cron ran at: 30-06-2026 06:01:42 PM [] []
[2026-06-30 18:01:54] SlimMonoLogger.INFO: Cron ran at: 30-06-2026 06:01:54 PM [] []
[2026-06-30 18:01:55] SlimMonoLogger.INFO: Cron ran at: 30-06-2026 06:01:55 PM [] []
[2026-06-30 18:01:56] SlimMonoLogger.INFO: Cron ran at: 30-06-2026 06:01:56 PM [] []
[2026-06-30 18:02:26] SlimMonoLogger.INFO: Cron ran at: 30-06-2026 06:02:26 PM [] []
[2026-06-30 18:02:53] SlimMonoLogger.INFO: Cron ran at: 30-06-2026 06:02:53 PM [] []
[2026-06-30 18:02:55] SlimMonoLogger.INFO: Cron ran at: 30-06-2026 06:02:55 PM [] []
[2026-06-30 18:02:55] SlimMonoLogger.INFO: Cron ran at: 30-06-2026 06:02:55 PM [] []
[2026-06-30 18:03:28] SlimMonoLogger.INFO: Cron ran at: 30-06-2026 06:03:28 PM [] []
[2026-06-30 18:03:46] SlimMonoLogger.INFO: Cron ran at: 30-06-2026 06:03:46 PM [] []
[2026-06-30 18:03:51] SlimMonoLogger.INFO: Cron ran at: 30-06-2026 06:03:51 PM [] []
[2026-06-30 18:03:55] SlimMonoLogger.INFO: Cron ran at: 30-06-2026 06:03:55 PM [] []
[2026-06-30 18:04:18] SlimMonoLogger.INFO: Cron ran at: 30-06-2026 06:04:18 PM [] []
[2026-06-30 18:04:39] SlimMonoLogger.INFO: Cron ran at: 30-06-2026 06:04:39 PM [] []
[2026-06-30 18:04:53] SlimMonoLogger.INFO: Cron ran at: 30-06-2026 06:04:53 PM [] []
[2026-06-30 18:04:54] SlimMonoLogger.INFO: Cron ran at: 30-06-2026 06:04:54 PM [] []
[2026-06-30 18:05:29] SlimMonoLogger.INFO: Cron ran at: 30-06-2026 06:05:29 PM [] []
[2026-06-30 18:05:32] SlimMonoLogger.INFO: Cron ran at: 30-06-2026 06:05:32 PM [] []
[2026-06-30 18:05:51] SlimMonoLogger.INFO: Cron ran at: 30-06-2026 06:05:51 PM [] []
[2026-06-30 18:06:29] SlimMonoLogger.INFO: Cron ran at: 30-06-2026 06:06:29 PM [] []
[2026-06-30 18:06:30] SlimMonoLogger.INFO: Cron ran at: 30-06-2026 06:06:30 PM [] []
[2026-06-30 18:06:42] SlimMonoLogger.INFO: Cron ran at: 30-06-2026 06:06:42 PM [] []
[2026-06-30 18:06:59] SlimMonoLogger.INFO: Cron ran at: 30-06-2026 06:06:59 PM [] []
[2026-06-30 18:07:24] SlimMonoLogger.INFO: Cron ran at: 30-06-2026 06:07:24 PM [] []
[2026-06-30 18:07:26] SlimMonoLogger.INFO: Cron ran at: 30-06-2026 06:07:26 PM [] []
[2026-06-30 18:07:27] SlimMonoLogger.INFO: Cron ran at: 30-06-2026 06:07:27 PM [] []
[2026-06-30 18:08:00] SlimMonoLogger.INFO: Cron ran at: 30-06-2026 06:08:00 PM [] []
[2026-06-30 18:08:19] SlimMonoLogger.INFO: Cron ran at: 30-06-2026 06:08:19 PM [] []
[2026-06-30 18:08:19] SlimMonoLogger.INFO: Cron ran at: 30-06-2026 06:08:19 PM [] []
[2026-06-30 18:08:19] SlimMonoLogger.INFO: Cron ran at: 30-06-2026 06:08:19 PM [] []
[2026-06-30 18:08:53] SlimMonoLogger.INFO: Cron ran at: 30-06-2026 06:08:53 PM [] []
[2026-06-30 18:08:55] SlimMonoLogger.INFO: Cron ran at: 30-06-2026 06:08:55 PM [] []
[2026-06-30 18:09:27] SlimMonoLogger.INFO: Cron ran at: 30-06-2026 06:09:27 PM [] []
[2026-06-30 18:09:29] SlimMonoLogger.INFO: Cron ran at: 30-06-2026 06:09:29 PM [] []
[2026-06-30 18:09:46] SlimMonoLogger.INFO: Cron ran at: 30-06-2026 06:09:46 PM [] []
[2026-06-30 18:09:57] SlimMonoLogger.INFO: Cron ran at: 30-06-2026 06:09:57 PM [] []
[2026-06-30 18:10:21] SlimMonoLogger.INFO: Cron ran at: 30-06-2026 06:10:21 PM [] []
[2026-06-30 18:10:22] SlimMonoLogger.INFO: Cron ran at: 30-06-2026 06:10:22 PM [] []
[2026-06-30 18:10:59] SlimMonoLogger.INFO: Cron ran at: 30-06-2026 06:10:59 PM [] []
[2026-06-30 18:11:21] SlimMonoLogger.INFO: Cron ran at: 30-06-2026 06:11:21 PM [] []
[2026-06-30 18:11:37] SlimMonoLogger.INFO: Cron ran at: 30-06-2026 06:11:37 PM [] []
[2026-06-30 18:11:38] SlimMonoLogger.INFO: Cron ran at: 30-06-2026 06:11:38 PM [] []
[2026-06-30 18:12:01] SlimMonoLogger.INFO: Cron ran at: 30-06-2026 06:12:01 PM [] []
[2026-06-30 18:12:23] SlimMonoLogger.INFO: Cron ran at: 30-06-2026 06:12:23 PM [] []
[2026-06-30 18:12:23] SlimMonoLogger.INFO: Cron ran at: 30-06-2026 06:12:23 PM [] []
[2026-06-30 18:12:25] SlimMonoLogger.INFO: Cron ran at: 30-06-2026 06:12:25 PM [] []
[2026-06-30 18:12:27] SlimMonoLogger.INFO: Cron ran at: 30-06-2026 06:12:27 PM [] []
[2026-06-30 18:13:12] SlimMonoLogger.INFO: Cron ran at: 30-06-2026 06:13:12 PM [] []
[2026-06-30 18:13:12] SlimMonoLogger.INFO: Cron ran at: 30-06-2026 06:13:12 PM [] []
[2026-06-30 18:13:18] SlimMonoLogger.INFO: Cron ran at: 30-06-2026 06:13:18 PM [] []
[2026-06-30 18:13:29] SlimMonoLogger.INFO: Cron ran at: 30-06-2026 06:13:29 PM [] []
[2026-06-30 18:14:11] SlimMonoLogger.INFO: Cron ran at: 30-06-2026 06:14:11 PM [] []
[2026-06-30 18:14:17] SlimMonoLogger.INFO: Cron ran at: 30-06-2026 06:14:17 PM [] []
[2026-06-30 18:14:17] SlimMonoLogger.INFO: Cron ran at: 30-06-2026 06:14:17 PM [] []
[2026-06-30 18:14:26] SlimMonoLogger.INFO: Cron ran at: 30-06-2026 06:14:26 PM [] []
[2026-06-30 18:15:01] SlimMonoLogger.INFO: Cron ran at: 30-06-2026 06:15:01 PM [] []
[2026-06-30 18:15:16] SlimMonoLogger.INFO: Cron ran at: 30-06-2026 06:15:16 PM [] []
[2026-06-30 18:15:17] SlimMonoLogger.INFO: Cron ran at: 30-06-2026 06:15:17 PM [] []
[2026-06-30 18:15:54] SlimMonoLogger.INFO: Cron ran at: 30-06-2026 06:15:54 PM [] []
[2026-06-30 18:15:57] SlimMonoLogger.INFO: Cron ran at: 30-06-2026 06:15:57 PM [] []
[2026-06-30 18:16:13] SlimMonoLogger.ERROR: Requests_Exception: cURL error 35: Recv failure: Connection reset by peer in /home/latihtal/public_html/agregator1/src/vendor/rmccue/requests/library/Requests/Transport/cURL.php:422
Stack trace:
#0 /home/latihtal/public_html/agregator1/src/vendor/rmccue/requests/library/Requests/Transport/cURL.php(177): Requests_Transport_cURL->process_response()
#1 /home/latihtal/public_html/agregator1/src/vendor/rmccue/requests/library/Requests.php(379): Requests_Transport_cURL->request()
#2 /home/latihtal/public_html/agregator1/src/vendor/rmccue/requests/library/Requests.php(706): Requests::request()
#3 /home/latihtal/public_html/agregator1/src/vendor/rmccue/requests/library/Requests.php(383): Requests::parse_response()
#4 /home/latihtal/public_html/agregator1/src/vendor/rmccue/requests/library/Requests/Session.php(205): Requests::request()
#5 /home/latihtal/public_html/agregator1/src/vendor/rmccue/requests/library/Requests/Session.php(132): Requests_Session->request()
#6 /home/latihtal/public_html/agregator1/src/drivers/Http/RssImporter.php(144): Requests_Session->get()
#7 /home/latihtal/public_html/agregator1/src/controllers/Dashboard/DashboardFeedsController.php(534): spark\drivers\Http\RssImporter->fetchPosts()
#8 /home/latihtal/public_html/agregator1/src/controllers/Site/SiteController.php(722): spark\controllers\Dashboard\DashboardFeedsController::importFeedPosts()
#9 [internal function]: spark\controllers\Site\SiteController->runTasks()
#10 /home/latihtal/public_html/agregator1/src/framework/Route.php(173): call_user_func_array()
#11 [internal function]: Slim\Route->Slim\{closure}()
#12 /home/latihtal/public_html/agregator1/src/framework/Route.php(468): call_user_func_array()
#13 /home/latihtal/public_html/agregator1/src/framework/Slim.php(1364): Slim\Route->dispatch()
#14 /home/latihtal/public_html/agregator1/src/framework/Middleware/Flash.php(85): Slim\Slim->call()
#15 /home/latihtal/public_html/agregator1/src/framework/Middleware/MethodOverride.php(92): Slim\Middleware\Flash->call()
#16 /home/latihtal/public_html/agregator1/src/middlewares/CsrfGuard/CsrfGuard.php(47): Slim\Middleware\MethodOverride->call()
#17 /home/latihtal/public_html/agregator1/src/framework/Middleware/PrettyExceptions.php(67): spark\middlewares\CsrfGuard\CsrfGuard->call()
#18 /home/latihtal/public_html/agregator1/src/framework/Slim.php(1308): Slim\Middleware\PrettyExceptions->call()
#19 /home/latihtal/public_html/agregator1/index.php(6): Slim\Slim->run()
#20 {main} [] []
[2026-06-30 18:16:14] SlimMonoLogger.ERROR: Requests_Exception: cURL error 35: Recv failure: Connection reset by peer in /home/latihtal/public_html/agregator1/src/vendor/rmccue/requests/library/Requests/Transport/cURL.php:422
Stack trace:
#0 /home/latihtal/public_html/agregator1/src/vendor/rmccue/requests/library/Requests/Transport/cURL.php(177): Requests_Transport_cURL->process_response()
#1 /home/latihtal/public_html/agregator1/src/vendor/rmccue/requests/library/Requests.php(379): Requests_Transport_cURL->request()
#2 /home/latihtal/public_html/agregator1/src/vendor/rmccue/requests/library/Requests.php(706): Requests::request()
#3 /home/latihtal/public_html/agregator1/src/vendor/rmccue/requests/library/Requests.php(383): Requests::parse_response()
#4 /home/latihtal/public_html/agregator1/src/vendor/rmccue/requests/library/Requests/Session.php(205): Requests::request()
#5 /home/latihtal/public_html/agregator1/src/vendor/rmccue/requests/library/Requests/Session.php(132): Requests_Session->request()
#6 /home/latihtal/public_html/agregator1/src/drivers/Http/RssImporter.php(144): Requests_Session->get()
#7 /home/latihtal/public_html/agregator1/src/controllers/Dashboard/DashboardFeedsController.php(534): spark\drivers\Http\RssImporter->fetchPosts()
#8 /home/latihtal/public_html/agregator1/src/controllers/Site/SiteController.php(722): spark\controllers\Dashboard\DashboardFeedsController::importFeedPosts()
#9 [internal function]: spark\controllers\Site\SiteController->runTasks()
#10 /home/latihtal/public_html/agregator1/src/framework/Route.php(173): call_user_func_array()
#11 [internal function]: Slim\Route->Slim\{closure}()
#12 /home/latihtal/public_html/agregator1/src/framework/Route.php(468): call_user_func_array()
#13 /home/latihtal/public_html/agregator1/src/framework/Slim.php(1364): Slim\Route->dispatch()
#14 /home/latihtal/public_html/agregator1/src/framework/Middleware/Flash.php(85): Slim\Slim->call()
#15 /home/latihtal/public_html/agregator1/src/framework/Middleware/MethodOverride.php(92): Slim\Middleware\Flash->call()
#16 /home/latihtal/public_html/agregator1/src/middlewares/CsrfGuard/CsrfGuard.php(47): Slim\Middleware\MethodOverride->call()
#17 /home/latihtal/public_html/agregator1/src/framework/Middleware/PrettyExceptions.php(67): spark\middlewares\CsrfGuard\CsrfGuard->call()
#18 /home/latihtal/public_html/agregator1/src/framework/Slim.php(1308): Slim\Middleware\PrettyExceptions->call()
#19 /home/latihtal/public_html/agregator1/index.php(6): Slim\Slim->run()
#20 {main} [] []
[2026-06-30 18:16:14] SlimMonoLogger.ERROR: Requests_Exception: cURL error 35: Recv failure: Connection reset by peer in /home/latihtal/public_html/agregator1/src/vendor/rmccue/requests/library/Requests/Transport/cURL.php:422
Stack trace:
#0 /home/latihtal/public_html/agregator1/src/vendor/rmccue/requests/library/Requests/Transport/cURL.php(177): Requests_Transport_cURL->process_response()
#1 /home/latihtal/public_html/agregator1/src/vendor/rmccue/requests/library/Requests.php(379): Requests_Transport_cURL->request()
#2 /home/latihtal/public_html/agregator1/src/vendor/rmccue/requests/library/Requests.php(706): Requests::request()
#3 /home/latihtal/public_html/agregator1/src/vendor/rmccue/requests/library/Requests.php(383): Requests::parse_response()
#4 /home/latihtal/public_html/agregator1/src/vendor/rmccue/requests/library/Requests/Session.php(205): Requests::request()
#5 /home/latihtal/public_html/agregator1/src/vendor/rmccue/requests/library/Requests/Session.php(132): Requests_Session->request()
#6 /home/latihtal/public_html/agregator1/src/drivers/Http/RssImporter.php(144): Requests_Session->get()
#7 /home/latihtal/public_html/agregator1/src/controllers/Dashboard/DashboardFeedsController.php(534): spark\drivers\Http\RssImporter->fetchPosts()
#8 /home/latihtal/public_html/agregator1/src/controllers/Site/SiteController.php(722): spark\controllers\Dashboard\DashboardFeedsController::importFeedPosts()
#9 [internal function]: spark\controllers\Site\SiteController->runTasks()
#10 /home/latihtal/public_html/agregator1/src/framework/Route.php(173): call_user_func_array()
#11 [internal function]: Slim\Route->Slim\{closure}()
#12 /home/latihtal/public_html/agregator1/src/framework/Route.php(468): call_user_func_array()
#13 /home/latihtal/public_html/agregator1/src/framework/Slim.php(1364): Slim\Route->dispatch()
#14 /home/latihtal/public_html/agregator1/src/framework/Middleware/Flash.php(85): Slim\Slim->call()
#15 /home/latihtal/public_html/agregator1/src/framework/Middleware/MethodOverride.php(92): Slim\Middleware\Flash->call()
#16 /home/latihtal/public_html/agregator1/src/middlewares/CsrfGuard/CsrfGuard.php(47): Slim\Middleware\MethodOverride->call()
#17 /home/latihtal/public_html/agregator1/src/framework/Middleware/PrettyExceptions.php(67): spark\middlewares\CsrfGuard\CsrfGuard->call()
#18 /home/latihtal/public_html/agregator1/src/framework/Slim.php(1308): Slim\Middleware\PrettyExceptions->call()
#19 /home/latihtal/public_html/agregator1/index.php(6): Slim\Slim->run()
#20 {main} [] []
[2026-06-30 18:16:19] SlimMonoLogger.INFO: Cron ran at: 30-06-2026 06:16:19 PM [] []
[2026-06-30 18:16:40] SlimMonoLogger.INFO: Cron ran at: 30-06-2026 06:16:40 PM [] []
[2026-06-30 18:16:41] SlimMonoLogger.INFO: Cron ran at: 30-06-2026 06:16:41 PM [] []
[2026-06-30 18:16:52] SlimMonoLogger.INFO: Cron ran at: 30-06-2026 06:16:52 PM [] []
[2026-06-30 18:17:17] SlimMonoLogger.INFO: Cron ran at: 30-06-2026 06:17:17 PM [] []
[2026-06-30 18:17:27] SlimMonoLogger.INFO: Cron ran at: 30-06-2026 06:17:27 PM [] []
[2026-06-30 18:17:29] SlimMonoLogger.INFO: Cron ran at: 30-06-2026 06:17:29 PM [] []
[2026-06-30 18:17:54] SlimMonoLogger.INFO: Cron ran at: 30-06-2026 06:17:54 PM [] []
[2026-06-30 18:18:12] SlimMonoLogger.INFO: Cron ran at: 30-06-2026 06:18:12 PM [] []
[2026-06-30 18:18:12] SlimMonoLogger.INFO: Cron ran at: 30-06-2026 06:18:12 PM [] []
[2026-06-30 18:18:27] SlimMonoLogger.INFO: Cron ran at: 30-06-2026 06:18:27 PM [] []
[2026-06-30 18:18:47] SlimMonoLogger.INFO: Cron ran at: 30-06-2026 06:18:47 PM [] []
[2026-06-30 18:19:12] SlimMonoLogger.INFO: Cron ran at: 30-06-2026 06:19:12 PM [] []
[2026-06-30 18:19:18] SlimMonoLogger.INFO: Cron ran at: 30-06-2026 06:19:18 PM [] []
[2026-06-30 18:19:28] SlimMonoLogger.INFO: Cron ran at: 30-06-2026 06:19:28 PM [] []
[2026-06-30 18:19:48] SlimMonoLogger.INFO: Cron ran at: 30-06-2026 06:19:48 PM [] []
[2026-06-30 18:20:01] SlimMonoLogger.INFO: Cron ran at: 30-06-2026 06:20:01 PM [] []
[2026-06-30 18:20:11] SlimMonoLogger.INFO: Cron ran at: 30-06-2026 06:20:11 PM [] []
[2026-06-30 18:20:32] SlimMonoLogger.INFO: Cron ran at: 30-06-2026 06:20:32 PM [] []
[2026-06-30 18:20:48] SlimMonoLogger.INFO: Cron ran at: 30-06-2026 06:20:48 PM [] []
[2026-06-30 18:21:01] SlimMonoLogger.INFO: Cron ran at: 30-06-2026 06:21:01 PM [] []
[2026-06-30 18:21:26] SlimMonoLogger.INFO: Cron ran at: 30-06-2026 06:21:26 PM [] []
[2026-06-30 18:21:49] SlimMonoLogger.INFO: Cron ran at: 30-06-2026 06:21:49 PM [] []
[2026-06-30 18:21:53] SlimMonoLogger.INFO: Cron ran at: 30-06-2026 06:21:53 PM [] []
[2026-06-30 18:22:01] SlimMonoLogger.INFO: Cron ran at: 30-06-2026 06:22:01 PM [] []
[2026-06-30 18:22:29] SlimMonoLogger.INFO: Cron ran at: 30-06-2026 06:22:29 PM [] []
[2026-06-30 18:22:48] SlimMonoLogger.INFO: Cron ran at: 30-06-2026 06:22:48 PM [] []
[2026-06-30 18:22:48] SlimMonoLogger.INFO: Cron ran at: 30-06-2026 06:22:48 PM [] []
[2026-06-30 18:22:49] SlimMonoLogger.INFO: Cron ran at: 30-06-2026 06:22:49 PM [] []
[2026-06-30 18:23:29] SlimMonoLogger.INFO: Cron ran at: 30-06-2026 06:23:29 PM [] []
[2026-06-30 18:23:46] SlimMonoLogger.INFO: Cron ran at: 30-06-2026 06:23:46 PM [] []
[2026-06-30 18:23:46] SlimMonoLogger.INFO: Cron ran at: 30-06-2026 06:23:46 PM [] []
[2026-06-30 18:23:47] SlimMonoLogger.INFO: Cron ran at: 30-06-2026 06:23:47 PM [] []
[2026-06-30 18:24:27] SlimMonoLogger.INFO: Cron ran at: 30-06-2026 06:24:27 PM [] []
[2026-06-30 18:24:38] SlimMonoLogger.INFO: Cron ran at: 30-06-2026 06:24:38 PM [] []
[2026-06-30 18:24:39] SlimMonoLogger.INFO: Cron ran at: 30-06-2026 06:24:39 PM [] []
[2026-06-30 18:24:45] SlimMonoLogger.INFO: Cron ran at: 30-06-2026 06:24:45 PM [] []
[2026-06-30 18:25:42] SlimMonoLogger.INFO: Cron ran at: 30-06-2026 06:25:42 PM [] []
[2026-06-30 18:25:54] SlimMonoLogger.INFO: Cron ran at: 30-06-2026 06:25:54 PM [] []
[2026-06-30 18:25:55] SlimMonoLogger.INFO: Cron ran at: 30-06-2026 06:25:55 PM [] []
[2026-06-30 18:26:32] SlimMonoLogger.INFO: Cron ran at: 30-06-2026 06:26:32 PM [] []
[2026-06-30 18:26:46] SlimMonoLogger.INFO: Cron ran at: 30-06-2026 06:26:46 PM [] []
[2026-06-30 18:26:46] SlimMonoLogger.INFO: Cron ran at: 30-06-2026 06:26:46 PM [] []
[2026-06-30 18:26:48] SlimMonoLogger.INFO: Cron ran at: 30-06-2026 06:26:48 PM [] []
[2026-06-30 18:27:27] SlimMonoLogger.INFO: Cron ran at: 30-06-2026 06:27:27 PM [] []
[2026-06-30 18:27:39] SlimMonoLogger.INFO: Cron ran at: 30-06-2026 06:27:39 PM [] []
[2026-06-30 18:27:39] SlimMonoLogger.INFO: Cron ran at: 30-06-2026 06:27:39 PM [] []
[2026-06-30 18:27:44] SlimMonoLogger.INFO: Cron ran at: 30-06-2026 06:27:44 PM [] []
[2026-06-30 18:28:30] SlimMonoLogger.INFO: Cron ran at: 30-06-2026 06:28:30 PM [] []
[2026-06-30 18:28:31] SlimMonoLogger.INFO: Cron ran at: 30-06-2026 06:28:31 PM [] []
[2026-06-30 18:28:45] SlimMonoLogger.INFO: Cron ran at: 30-06-2026 06:28:45 PM [] []
[2026-06-30 18:28:46] SlimMonoLogger.INFO: Cron ran at: 30-06-2026 06:28:46 PM [] []
[2026-06-30 18:29:16] SlimMonoLogger.INFO: Cron ran at: 30-06-2026 06:29:16 PM [] []
[2026-06-30 18:29:17] SlimMonoLogger.INFO: Cron ran at: 30-06-2026 06:29:17 PM [] []
[2026-06-30 18:29:48] SlimMonoLogger.INFO: Cron ran at: 30-06-2026 06:29:48 PM [] []
[2026-06-30 18:29:48] SlimMonoLogger.INFO: Cron ran at: 30-06-2026 06:29:48 PM [] []
[2026-06-30 18:30:18] SlimMonoLogger.INFO: Cron ran at: 30-06-2026 06:30:18 PM [] []
[2026-06-30 18:30:18] SlimMonoLogger.INFO: Cron ran at: 30-06-2026 06:30:18 PM [] []
[2026-06-30 18:30:53] SlimMonoLogger.INFO: Cron ran at: 30-06-2026 06:30:53 PM [] []
[2026-06-30 18:31:19] SlimMonoLogger.INFO: Cron ran at: 30-06-2026 06:31:19 PM [] []
[2026-06-30 18:31:24] SlimMonoLogger.INFO: Cron ran at: 30-06-2026 06:31:24 PM [] []
[2026-06-30 18:31:50] SlimMonoLogger.INFO: Cron ran at: 30-06-2026 06:31:50 PM [] []
[2026-06-30 18:31:51] SlimMonoLogger.INFO: Cron ran at: 30-06-2026 06:31:51 PM [] []
[2026-06-30 18:32:09] SlimMonoLogger.INFO: Cron ran at: 30-06-2026 06:32:09 PM [] []
[2026-06-30 18:32:15] SlimMonoLogger.INFO: Cron ran at: 30-06-2026 06:32:15 PM [] []
[2026-06-30 18:32:38] SlimMonoLogger.INFO: Cron ran at: 30-06-2026 06:32:38 PM [] []
[2026-06-30 18:32:54] SlimMonoLogger.INFO: Cron ran at: 30-06-2026 06:32:54 PM [] []
[2026-06-30 18:33:13] SlimMonoLogger.INFO: Cron ran at: 30-06-2026 06:33:13 PM [] []
[2026-06-30 18:33:19] SlimMonoLogger.INFO: Cron ran at: 30-06-2026 06:33:19 PM [] []
[2026-06-30 18:33:31] SlimMonoLogger.INFO: Cron ran at: 30-06-2026 06:33:31 PM [] []
[2026-06-30 18:33:50] SlimMonoLogger.INFO: Cron ran at: 30-06-2026 06:33:50 PM [] []
[2026-06-30 18:34:03] SlimMonoLogger.INFO: Cron ran at: 30-06-2026 06:34:03 PM [] []
[2026-06-30 18:34:17] SlimMonoLogger.INFO: Cron ran at: 30-06-2026 06:34:17 PM [] []
[2026-06-30 18:34:23] SlimMonoLogger.INFO: Cron ran at: 30-06-2026 06:34:23 PM [] []
[2026-06-30 18:34:49] SlimMonoLogger.INFO: Cron ran at: 30-06-2026 06:34:49 PM [] []
[2026-06-30 18:35:12] SlimMonoLogger.INFO: Cron ran at: 30-06-2026 06:35:12 PM [] []
[2026-06-30 18:35:14] SlimMonoLogger.INFO: Cron ran at: 30-06-2026 06:35:14 PM [] []
[2026-06-30 18:35:16] SlimMonoLogger.INFO: Cron ran at: 30-06-2026 06:35:16 PM [] []
[2026-06-30 18:36:05] SlimMonoLogger.INFO: Cron ran at: 30-06-2026 06:36:05 PM [] []
[2026-06-30 18:36:06] SlimMonoLogger.INFO: Cron ran at: 30-06-2026 06:36:06 PM [] []
[2026-06-30 18:36:18] SlimMonoLogger.INFO: Cron ran at: 30-06-2026 06:36:18 PM [] []
[2026-06-30 18:37:00] SlimMonoLogger.INFO: Cron ran at: 30-06-2026 06:37:00 PM [] []
[2026-06-30 18:37:13] SlimMonoLogger.INFO: Cron ran at: 30-06-2026 06:37:13 PM [] []
[2026-06-30 18:37:14] SlimMonoLogger.INFO: Cron ran at: 30-06-2026 06:37:14 PM [] []
[2026-06-30 18:37:24] SlimMonoLogger.INFO: Cron ran at: 30-06-2026 06:37:24 PM [] []
[2026-06-30 18:37:51] SlimMonoLogger.INFO: Cron ran at: 30-06-2026 06:37:51 PM [] []
[2026-06-30 18:38:04] SlimMonoLogger.INFO: Cron ran at: 30-06-2026 06:38:04 PM [] []
[2026-06-30 18:38:05] SlimMonoLogger.INFO: Cron ran at: 30-06-2026 06:38:05 PM [] []
[2026-06-30 18:38:25] SlimMonoLogger.INFO: Cron ran at: 30-06-2026 06:38:25 PM [] []
[2026-06-30 18:38:43] SlimMonoLogger.INFO: Cron ran at: 30-06-2026 06:38:43 PM [] []
[2026-06-30 18:39:04] SlimMonoLogger.INFO: Cron ran at: 30-06-2026 06:39:04 PM [] []
[2026-06-30 18:39:06] SlimMonoLogger.INFO: Cron ran at: 30-06-2026 06:39:06 PM [] []
[2026-06-30 18:39:21] SlimMonoLogger.INFO: Cron ran at: 30-06-2026 06:39:21 PM [] []
[2026-06-30 18:39:35] SlimMonoLogger.INFO: Cron ran at: 30-06-2026 06:39:35 PM [] []
[2026-06-30 18:40:06] SlimMonoLogger.INFO: Cron ran at: 30-06-2026 06:40:06 PM [] []
[2026-06-30 18:40:07] SlimMonoLogger.INFO: Cron ran at: 30-06-2026 06:40:07 PM [] []
[2026-06-30 18:40:33] SlimMonoLogger.INFO: Cron ran at: 30-06-2026 06:40:33 PM [] []
[2026-06-30 18:40:33] SlimMonoLogger.INFO: Cron ran at: 30-06-2026 06:40:33 PM [] []
[2026-06-30 18:41:06] SlimMonoLogger.INFO: Cron ran at: 30-06-2026 06:41:06 PM [] []
[2026-06-30 18:41:07] SlimMonoLogger.INFO: Cron ran at: 30-06-2026 06:41:07 PM [] []
[2026-06-30 18:41:22] SlimMonoLogger.INFO: Cron ran at: 30-06-2026 06:41:22 PM [] []
[2026-06-30 18:41:58] SlimMonoLogger.INFO: Cron ran at: 30-06-2026 06:41:58 PM [] []
[2026-06-30 18:42:06] SlimMonoLogger.INFO: Cron ran at: 30-06-2026 06:42:06 PM [] []
[2026-06-30 18:42:06] SlimMonoLogger.INFO: Cron ran at: 30-06-2026 06:42:06 PM [] []
[2026-06-30 18:42:20] SlimMonoLogger.INFO: Cron ran at: 30-06-2026 06:42:20 PM [] []
[2026-06-30 18:42:51] SlimMonoLogger.INFO: Cron ran at: 30-06-2026 06:42:51 PM [] []
[2026-06-30 18:43:14] SlimMonoLogger.INFO: Cron ran at: 30-06-2026 06:43:14 PM [] []
[2026-06-30 18:43:17] SlimMonoLogger.INFO: Cron ran at: 30-06-2026 06:43:17 PM [] []
[2026-06-30 18:43:25] SlimMonoLogger.INFO: Cron ran at: 30-06-2026 06:43:25 PM [] []
[2026-06-30 18:43:57] SlimMonoLogger.INFO: Cron ran at: 30-06-2026 06:43:57 PM [] []
[2026-06-30 18:44:15] SlimMonoLogger.INFO: Cron ran at: 30-06-2026 06:44:15 PM [] []
[2026-06-30 18:44:16] SlimMonoLogger.INFO: Cron ran at: 30-06-2026 06:44:16 PM [] []
[2026-06-30 18:44:28] SlimMonoLogger.INFO: Cron ran at: 30-06-2026 06:44:28 PM [] []
[2026-06-30 18:44:49] SlimMonoLogger.INFO: Cron ran at: 30-06-2026 06:44:49 PM [] []
[2026-06-30 18:45:10] SlimMonoLogger.INFO: Cron ran at: 30-06-2026 06:45:10 PM [] []
[2026-06-30 18:45:14] SlimMonoLogger.INFO: Cron ran at: 30-06-2026 06:45:14 PM [] []
[2026-06-30 18:45:16] SlimMonoLogger.INFO: Cron ran at: 30-06-2026 06:45:16 PM [] []
[2026-06-30 18:45:34] SlimMonoLogger.INFO: Cron ran at: 30-06-2026 06:45:34 PM [] []
[2026-06-30 18:46:11] SlimMonoLogger.INFO: Cron ran at: 30-06-2026 06:46:11 PM [] []
[2026-06-30 18:46:19] SlimMonoLogger.INFO: Cron ran at: 30-06-2026 06:46:19 PM [] []
[2026-06-30 18:46:30] SlimMonoLogger.INFO: Cron ran at: 30-06-2026 06:46:30 PM [] []
[2026-06-30 18:46:31] SlimMonoLogger.INFO: Cron ran at: 30-06-2026 06:46:31 PM [] []
[2026-06-30 18:47:15] SlimMonoLogger.INFO: Cron ran at: 30-06-2026 06:47:15 PM [] []
[2026-06-30 18:47:16] SlimMonoLogger.INFO: Cron ran at: 30-06-2026 06:47:16 PM [] []
[2026-06-30 18:47:19] SlimMonoLogger.INFO: Cron ran at: 30-06-2026 06:47:19 PM [] []
[2026-06-30 18:47:20] SlimMonoLogger.INFO: Cron ran at: 30-06-2026 06:47:20 PM [] []
[2026-06-30 18:48:07] SlimMonoLogger.INFO: Cron ran at: 30-06-2026 06:48:07 PM [] []
[2026-06-30 18:48:10] SlimMonoLogger.INFO: Cron ran at: 30-06-2026 06:48:10 PM [] []
[2026-06-30 18:48:11] SlimMonoLogger.INFO: Cron ran at: 30-06-2026 06:48:11 PM [] []
[2026-06-30 18:48:11] SlimMonoLogger.INFO: Cron ran at: 30-06-2026 06:48:11 PM [] []
[2026-06-30 18:49:06] SlimMonoLogger.INFO: Cron ran at: 30-06-2026 06:49:06 PM [] []
[2026-06-30 18:49:06] SlimMonoLogger.INFO: Cron ran at: 30-06-2026 06:49:06 PM [] []
[2026-06-30 18:49:15] SlimMonoLogger.INFO: Cron ran at: 30-06-2026 06:49:15 PM [] []
[2026-06-30 18:49:16] SlimMonoLogger.INFO: Cron ran at: 30-06-2026 06:49:16 PM [] []
[2026-06-30 18:50:01] SlimMonoLogger.INFO: Cron ran at: 30-06-2026 06:50:01 PM [] []
[2026-06-30 18:50:04] SlimMonoLogger.INFO: Cron ran at: 30-06-2026 06:50:04 PM [] []
[2026-06-30 18:50:11] SlimMonoLogger.INFO: Cron ran at: 30-06-2026 06:50:11 PM [] []
[2026-06-30 18:50:14] SlimMonoLogger.INFO: Cron ran at: 30-06-2026 06:50:14 PM [] []
[2026-06-30 18:50:58] SlimMonoLogger.INFO: Cron ran at: 30-06-2026 06:50:58 PM [] []
[2026-06-30 18:51:12] SlimMonoLogger.INFO: Cron ran at: 30-06-2026 06:51:12 PM [] []
[2026-06-30 18:51:15] SlimMonoLogger.INFO: Cron ran at: 30-06-2026 06:51:15 PM [] []
[2026-06-30 18:51:39] SlimMonoLogger.INFO: Cron ran at: 30-06-2026 06:51:39 PM [] []
[2026-06-30 18:51:48] SlimMonoLogger.INFO: Cron ran at: 30-06-2026 06:51:48 PM [] []
[2026-06-30 18:52:12] SlimMonoLogger.INFO: Cron ran at: 30-06-2026 06:52:12 PM [] []
[2026-06-30 18:52:12] SlimMonoLogger.INFO: Cron ran at: 30-06-2026 06:52:12 PM [] []
[2026-06-30 18:52:34] SlimMonoLogger.INFO: Cron ran at: 30-06-2026 06:52:34 PM [] []
[2026-06-30 18:52:48] SlimMonoLogger.INFO: Cron ran at: 30-06-2026 06:52:48 PM [] []
[2026-06-30 18:53:14] SlimMonoLogger.INFO: Cron ran at: 30-06-2026 06:53:14 PM [] []
[2026-06-30 18:53:16] SlimMonoLogger.INFO: Cron ran at: 30-06-2026 06:53:16 PM [] []
[2026-06-30 18:53:29] SlimMonoLogger.INFO: Cron ran at: 30-06-2026 06:53:29 PM [] []
[2026-06-30 18:53:46] SlimMonoLogger.INFO: Cron ran at: 30-06-2026 06:53:46 PM [] []
[2026-06-30 18:54:13] SlimMonoLogger.INFO: Cron ran at: 30-06-2026 06:54:13 PM [] []
[2026-06-30 18:54:14] SlimMonoLogger.INFO: Cron ran at: 30-06-2026 06:54:14 PM [] []
[2026-06-30 18:54:19] SlimMonoLogger.INFO: Cron ran at: 30-06-2026 06:54:19 PM [] []
[2026-06-30 18:54:41] SlimMonoLogger.INFO: Cron ran at: 30-06-2026 06:54:41 PM [] []
[2026-06-30 18:54:42] SlimMonoLogger.INFO: Cron ran at: 30-06-2026 06:54:42 PM [] []
[2026-06-30 18:55:12] SlimMonoLogger.INFO: Cron ran at: 30-06-2026 06:55:12 PM [] []
[2026-06-30 18:55:18] SlimMonoLogger.INFO: Cron ran at: 30-06-2026 06:55:18 PM [] []
[2026-06-30 18:55:39] SlimMonoLogger.INFO: Cron ran at: 30-06-2026 06:55:39 PM [] []
[2026-06-30 18:55:50] SlimMonoLogger.INFO: Cron ran at: 30-06-2026 06:55:50 PM [] []
[2026-06-30 18:56:20] SlimMonoLogger.INFO: Cron ran at: 30-06-2026 06:56:20 PM [] []
[2026-06-30 18:56:36] SlimMonoLogger.INFO: Cron ran at: 30-06-2026 06:56:36 PM [] []
[2026-06-30 18:56:37] SlimMonoLogger.INFO: Cron ran at: 30-06-2026 06:56:37 PM [] []
[2026-06-30 18:56:52] SlimMonoLogger.INFO: Cron ran at: 30-06-2026 06:56:52 PM [] []
[2026-06-30 18:57:26] SlimMonoLogger.INFO: Cron ran at: 30-06-2026 06:57:26 PM [] []
[2026-06-30 18:57:27] SlimMonoLogger.INFO: Cron ran at: 30-06-2026 06:57:27 PM [] []
[2026-06-30 18:57:29] SlimMonoLogger.INFO: Cron ran at: 30-06-2026 06:57:29 PM [] []
[2026-06-30 18:57:49] SlimMonoLogger.INFO: Cron ran at: 30-06-2026 06:57:49 PM [] []
[2026-06-30 18:58:16] SlimMonoLogger.INFO: Cron ran at: 30-06-2026 06:58:16 PM [] []
[2026-06-30 18:58:17] SlimMonoLogger.INFO: Cron ran at: 30-06-2026 06:58:17 PM [] []
[2026-06-30 18:58:41] SlimMonoLogger.INFO: Cron ran at: 30-06-2026 06:58:41 PM [] []
[2026-06-30 18:58:49] SlimMonoLogger.INFO: Cron ran at: 30-06-2026 06:58:49 PM [] []
[2026-06-30 18:59:07] SlimMonoLogger.INFO: Cron ran at: 30-06-2026 06:59:07 PM [] []
[2026-06-30 18:59:12] SlimMonoLogger.INFO: Cron ran at: 30-06-2026 06:59:12 PM [] []
[2026-06-30 18:59:27] SlimMonoLogger.INFO: Cron ran at: 30-06-2026 06:59:27 PM [] []
[2026-06-30 18:59:46] SlimMonoLogger.INFO: Cron ran at: 30-06-2026 06:59:46 PM [] []
[2026-06-30 19:00:05] SlimMonoLogger.INFO: Cron ran at: 30-06-2026 07:00:05 PM [] []
[2026-06-30 19:00:13] SlimMonoLogger.INFO: Cron ran at: 30-06-2026 07:00:13 PM [] []
[2026-06-30 19:00:30] SlimMonoLogger.INFO: Cron ran at: 30-06-2026 07:00:30 PM [] []
[2026-06-30 19:00:51] SlimMonoLogger.INFO: Cron ran at: 30-06-2026 07:00:51 PM [] []
[2026-06-30 19:01:05] SlimMonoLogger.INFO: Cron ran at: 30-06-2026 07:01:05 PM [] []
[2026-06-30 19:01:28] SlimMonoLogger.INFO: Cron ran at: 30-06-2026 07:01:28 PM [] []
[2026-06-30 19:01:29] SlimMonoLogger.INFO: Cron ran at: 30-06-2026 07:01:29 PM [] []
[2026-06-30 19:01:46] SlimMonoLogger.INFO: Cron ran at: 30-06-2026 07:01:46 PM [] []
[2026-06-30 19:01:56] SlimMonoLogger.INFO: Cron ran at: 30-06-2026 07:01:56 PM [] []
[2026-06-30 19:02:15] SlimMonoLogger.INFO: Cron ran at: 30-06-2026 07:02:15 PM [] []
[2026-06-30 19:02:26] SlimMonoLogger.INFO: Cron ran at: 30-06-2026 07:02:26 PM [] []
[2026-06-30 19:02:47] SlimMonoLogger.INFO: Cron ran at: 30-06-2026 07:02:47 PM [] []
[2026-06-30 19:02:48] SlimMonoLogger.INFO: Cron ran at: 30-06-2026 07:02:48 PM [] []
[2026-06-30 19:03:07] SlimMonoLogger.INFO: Cron ran at: 30-06-2026 07:03:07 PM [] []
[2026-06-30 19:03:30] SlimMonoLogger.INFO: Cron ran at: 30-06-2026 07:03:30 PM [] []
[2026-06-30 19:03:47] SlimMonoLogger.INFO: Cron ran at: 30-06-2026 07:03:47 PM [] []
[2026-06-30 19:03:53] SlimMonoLogger.INFO: Cron ran at: 30-06-2026 07:03:53 PM [] []
[2026-06-30 19:03:58] SlimMonoLogger.INFO: Cron ran at: 30-06-2026 07:03:58 PM [] []
[2026-06-30 19:04:26] SlimMonoLogger.INFO: Cron ran at: 30-06-2026 07:04:26 PM [] []
[2026-06-30 19:04:44] SlimMonoLogger.INFO: Cron ran at: 30-06-2026 07:04:44 PM [] []
[2026-06-30 19:04:46] SlimMonoLogger.INFO: Cron ran at: 30-06-2026 07:04:46 PM [] []
[2026-06-30 19:04:56] SlimMonoLogger.INFO: Cron ran at: 30-06-2026 07:04:56 PM [] []
[2026-06-30 19:05:28] SlimMonoLogger.INFO: Cron ran at: 30-06-2026 07:05:28 PM [] []
[2026-06-30 19:05:50] SlimMonoLogger.INFO: Cron ran at: 30-06-2026 07:05:50 PM [] []
[2026-06-30 19:05:51] SlimMonoLogger.INFO: Cron ran at: 30-06-2026 07:05:51 PM [] []
[2026-06-30 19:06:28] SlimMonoLogger.INFO: Cron ran at: 30-06-2026 07:06:28 PM [] []
[2026-06-30 19:06:49] SlimMonoLogger.INFO: Cron ran at: 30-06-2026 07:06:49 PM [] []
[2026-06-30 19:06:50] SlimMonoLogger.INFO: Cron ran at: 30-06-2026 07:06:50 PM [] []
[2026-06-30 19:07:10] SlimMonoLogger.INFO: Cron ran at: 30-06-2026 07:07:10 PM [] []
[2026-06-30 19:07:31] SlimMonoLogger.INFO: Cron ran at: 30-06-2026 07:07:31 PM [] []
[2026-06-30 19:07:48] SlimMonoLogger.INFO: Cron ran at: 30-06-2026 07:07:48 PM [] []
[2026-06-30 19:07:49] SlimMonoLogger.INFO: Cron ran at: 30-06-2026 07:07:49 PM [] []
[2026-06-30 19:08:03] SlimMonoLogger.INFO: Cron ran at: 30-06-2026 07:08:03 PM [] []
[2026-06-30 19:08:42] SlimMonoLogger.INFO: Cron ran at: 30-06-2026 07:08:42 PM [] []
[2026-06-30 19:08:49] SlimMonoLogger.INFO: Cron ran at: 30-06-2026 07:08:49 PM [] []
[2026-06-30 19:08:52] SlimMonoLogger.INFO: Cron ran at: 30-06-2026 07:08:52 PM [] []
[2026-06-30 19:08:53] SlimMonoLogger.INFO: Cron ran at: 30-06-2026 07:08:53 PM [] []
[2026-06-30 19:09:33] SlimMonoLogger.INFO: Cron ran at: 30-06-2026 07:09:33 PM [] []
[2026-06-30 19:09:46] SlimMonoLogger.INFO: Cron ran at: 30-06-2026 07:09:46 PM [] []
[2026-06-30 19:09:54] SlimMonoLogger.INFO: Cron ran at: 30-06-2026 07:09:54 PM [] []
[2026-06-30 19:09:54] SlimMonoLogger.INFO: Cron ran at: 30-06-2026 07:09:54 PM [] []
[2026-06-30 19:10:45] SlimMonoLogger.INFO: Cron ran at: 30-06-2026 07:10:45 PM [] []
[2026-06-30 19:10:47] SlimMonoLogger.INFO: Cron ran at: 30-06-2026 07:10:47 PM [] []
[2026-06-30 19:10:53] SlimMonoLogger.INFO: Cron ran at: 30-06-2026 07:10:53 PM [] []
[2026-06-30 19:11:40] SlimMonoLogger.INFO: Cron ran at: 30-06-2026 07:11:40 PM [] []
[2026-06-30 19:11:40] SlimMonoLogger.INFO: Cron ran at: 30-06-2026 07:11:40 PM [] []
[2026-06-30 19:11:42] SlimMonoLogger.INFO: Cron ran at: 30-06-2026 07:11:42 PM [] []
[2026-06-30 19:11:48] SlimMonoLogger.INFO: Cron ran at: 30-06-2026 07:11:48 PM [] []
[2026-06-30 19:12:29] SlimMonoLogger.INFO: Cron ran at: 30-06-2026 07:12:29 PM [] []
[2026-06-30 19:12:30] SlimMonoLogger.INFO: Cron ran at: 30-06-2026 07:12:30 PM [] []
[2026-06-30 19:12:46] SlimMonoLogger.INFO: Cron ran at: 30-06-2026 07:12:46 PM [] []
[2026-06-30 19:12:51] SlimMonoLogger.INFO: Cron ran at: 30-06-2026 07:12:51 PM [] []
[2026-06-30 19:13:22] SlimMonoLogger.INFO: Cron ran at: 30-06-2026 07:13:22 PM [] []
[2026-06-30 19:13:29] SlimMonoLogger.INFO: Cron ran at: 30-06-2026 07:13:29 PM [] []
[2026-06-30 19:13:46] SlimMonoLogger.INFO: Cron ran at: 30-06-2026 07:13:46 PM [] []
[2026-06-30 19:13:50] SlimMonoLogger.INFO: Cron ran at: 30-06-2026 07:13:50 PM [] []
[2026-06-30 19:14:10] SlimMonoLogger.INFO: Cron ran at: 30-06-2026 07:14:10 PM [] []
[2026-06-30 19:14:26] SlimMonoLogger.INFO: Cron ran at: 30-06-2026 07:14:26 PM [] []
[2026-06-30 19:14:51] SlimMonoLogger.INFO: Cron ran at: 30-06-2026 07:14:51 PM [] []
[2026-06-30 19:14:55] SlimMonoLogger.INFO: Cron ran at: 30-06-2026 07:14:55 PM [] []
[2026-06-30 19:15:10] SlimMonoLogger.INFO: Cron ran at: 30-06-2026 07:15:10 PM [] []
[2026-06-30 19:15:33] SlimMonoLogger.INFO: Cron ran at: 30-06-2026 07:15:33 PM [] []
[2026-06-30 19:15:43] SlimMonoLogger.INFO: Cron ran at: 30-06-2026 07:15:43 PM [] []
[2026-06-30 19:16:02] SlimMonoLogger.INFO: Cron ran at: 30-06-2026 07:16:02 PM [] []
[2026-06-30 19:16:30] SlimMonoLogger.INFO: Cron ran at: 30-06-2026 07:16:30 PM [] []
[2026-06-30 19:16:46] SlimMonoLogger.INFO: Cron ran at: 30-06-2026 07:16:46 PM [] []
[2026-06-30 19:16:54] SlimMonoLogger.INFO: Cron ran at: 30-06-2026 07:16:54 PM [] []
[2026-06-30 19:17:05] SlimMonoLogger.INFO: Cron ran at: 30-06-2026 07:17:05 PM [] []
[2026-06-30 19:17:24] SlimMonoLogger.INFO: Cron ran at: 30-06-2026 07:17:24 PM [] []
[2026-06-30 19:17:47] SlimMonoLogger.INFO: Cron ran at: 30-06-2026 07:17:47 PM [] []
[2026-06-30 19:17:55] SlimMonoLogger.INFO: Cron ran at: 30-06-2026 07:17:55 PM [] []
[2026-06-30 19:17:57] SlimMonoLogger.INFO: Cron ran at: 30-06-2026 07:17:57 PM [] []
[2026-06-30 19:18:32] SlimMonoLogger.INFO: Cron ran at: 30-06-2026 07:18:32 PM [] []
[2026-06-30 19:18:45] SlimMonoLogger.INFO: Cron ran at: 30-06-2026 07:18:45 PM [] []
[2026-06-30 19:18:49] SlimMonoLogger.INFO: Cron ran at: 30-06-2026 07:18:49 PM [] []
[2026-06-30 19:18:59] SlimMonoLogger.INFO: Cron ran at: 30-06-2026 07:18:59 PM [] []
[2026-06-30 19:19:24] SlimMonoLogger.INFO: Cron ran at: 30-06-2026 07:19:24 PM [] []
[2026-06-30 19:19:44] SlimMonoLogger.INFO: Cron ran at: 30-06-2026 07:19:44 PM [] []
[2026-06-30 19:19:44] SlimMonoLogger.INFO: Cron ran at: 30-06-2026 07:19:44 PM [] []
[2026-06-30 19:19:51] SlimMonoLogger.INFO: Cron ran at: 30-06-2026 07:19:51 PM [] []
[2026-06-30 19:20:30] SlimMonoLogger.INFO: Cron ran at: 30-06-2026 07:20:30 PM [] []
[2026-06-30 19:20:37] SlimMonoLogger.INFO: Cron ran at: 30-06-2026 07:20:37 PM [] []
[2026-06-30 19:20:55] SlimMonoLogger.INFO: Cron ran at: 30-06-2026 07:20:55 PM [] []
[2026-06-30 19:21:30] SlimMonoLogger.INFO: Cron ran at: 30-06-2026 07:21:30 PM [] []
[2026-06-30 19:21:31] SlimMonoLogger.INFO: Cron ran at: 30-06-2026 07:21:31 PM [] []
[2026-06-30 19:21:31] SlimMonoLogger.INFO: Cron ran at: 30-06-2026 07:21:31 PM [] []
[2026-06-30 19:21:51] SlimMonoLogger.INFO: Cron ran at: 30-06-2026 07:21:51 PM [] []
[2026-06-30 19:22:23] SlimMonoLogger.INFO: Cron ran at: 30-06-2026 07:22:23 PM [] []
[2026-06-30 19:22:28] SlimMonoLogger.INFO: Cron ran at: 30-06-2026 07:22:28 PM [] []
[2026-06-30 19:22:28] SlimMonoLogger.INFO: Cron ran at: 30-06-2026 07:22:28 PM [] []
[2026-06-30 19:22:57] SlimMonoLogger.INFO: Cron ran at: 30-06-2026 07:22:57 PM [] []
[2026-06-30 19:23:23] SlimMonoLogger.INFO: Cron ran at: 30-06-2026 07:23:23 PM [] []
[2026-06-30 19:23:31] SlimMonoLogger.INFO: Cron ran at: 30-06-2026 07:23:31 PM [] []
[2026-06-30 19:23:32] SlimMonoLogger.INFO: Cron ran at: 30-06-2026 07:23:32 PM [] []
[2026-06-30 19:24:02] SlimMonoLogger.INFO: Cron ran at: 30-06-2026 07:24:02 PM [] []
[2026-06-30 19:24:08] SlimMonoLogger.INFO: Cron ran at: 30-06-2026 07:24:08 PM [] []
[2026-06-30 19:24:29] SlimMonoLogger.INFO: Cron ran at: 30-06-2026 07:24:29 PM [] []
[2026-06-30 19:24:30] SlimMonoLogger.INFO: Cron ran at: 30-06-2026 07:24:30 PM [] []
[2026-06-30 19:24:59] SlimMonoLogger.INFO: Cron ran at: 30-06-2026 07:24:59 PM [] []
[2026-06-30 19:25:08] SlimMonoLogger.INFO: Cron ran at: 30-06-2026 07:25:08 PM [] []
[2026-06-30 19:25:32] SlimMonoLogger.INFO: Cron ran at: 30-06-2026 07:25:32 PM [] []
[2026-06-30 19:25:34] SlimMonoLogger.INFO: Cron ran at: 30-06-2026 07:25:34 PM [] []
[2026-06-30 19:25:54] SlimMonoLogger.INFO: Cron ran at: 30-06-2026 07:25:54 PM [] []
[2026-06-30 19:25:58] SlimMonoLogger.INFO: Cron ran at: 30-06-2026 07:25:58 PM [] []
[2026-06-30 19:26:32] SlimMonoLogger.INFO: Cron ran at: 30-06-2026 07:26:32 PM [] []
[2026-06-30 19:26:54] SlimMonoLogger.INFO: Cron ran at: 30-06-2026 07:26:54 PM [] []
[2026-06-30 19:26:57] SlimMonoLogger.INFO: Cron ran at: 30-06-2026 07:26:57 PM [] []
[2026-06-30 19:26:57] SlimMonoLogger.INFO: Cron ran at: 30-06-2026 07:26:57 PM [] []
[2026-06-30 19:27:32] SlimMonoLogger.INFO: Cron ran at: 30-06-2026 07:27:32 PM [] []
[2026-06-30 19:27:54] SlimMonoLogger.INFO: Cron ran at: 30-06-2026 07:27:54 PM [] []
[2026-06-30 19:28:03] SlimMonoLogger.INFO: Cron ran at: 30-06-2026 07:28:03 PM [] []
[2026-06-30 19:28:04] SlimMonoLogger.INFO: Cron ran at: 30-06-2026 07:28:04 PM [] []
[2026-06-30 19:28:31] SlimMonoLogger.INFO: Cron ran at: 30-06-2026 07:28:31 PM [] []
[2026-06-30 19:28:39] SlimMonoLogger.INFO: Cron ran at: 30-06-2026 07:28:39 PM [] []
[2026-06-30 19:28:48] SlimMonoLogger.INFO: Cron ran at: 30-06-2026 07:28:48 PM [] []
[2026-06-30 19:28:50] SlimMonoLogger.INFO: Cron ran at: 30-06-2026 07:28:50 PM [] []
[2026-06-30 19:29:20] SlimMonoLogger.INFO: Cron ran at: 30-06-2026 07:29:20 PM [] []
[2026-06-30 19:29:26] SlimMonoLogger.INFO: Cron ran at: 30-06-2026 07:29:26 PM [] []
[2026-06-30 19:29:44] SlimMonoLogger.INFO: Cron ran at: 30-06-2026 07:29:44 PM [] []
[2026-06-30 19:29:54] SlimMonoLogger.INFO: Cron ran at: 30-06-2026 07:29:54 PM [] []
[2026-06-30 19:30:23] SlimMonoLogger.INFO: Cron ran at: 30-06-2026 07:30:23 PM [] []
[2026-06-30 19:30:23] SlimMonoLogger.INFO: Cron ran at: 30-06-2026 07:30:23 PM [] []
[2026-06-30 19:30:50] SlimMonoLogger.INFO: Cron ran at: 30-06-2026 07:30:50 PM [] []
[2026-06-30 19:31:22] SlimMonoLogger.INFO: Cron ran at: 30-06-2026 07:31:22 PM [] []
[2026-06-30 19:31:23] SlimMonoLogger.INFO: Cron ran at: 30-06-2026 07:31:23 PM [] []
[2026-06-30 19:31:44] SlimMonoLogger.INFO: Cron ran at: 30-06-2026 07:31:44 PM [] []
[2026-06-30 19:31:44] SlimMonoLogger.INFO: Cron ran at: 30-06-2026 07:31:44 PM [] []
[2026-06-30 19:32:18] SlimMonoLogger.INFO: Cron ran at: 30-06-2026 07:32:18 PM [] []
[2026-06-30 19:32:39] SlimMonoLogger.INFO: Cron ran at: 30-06-2026 07:32:39 PM [] []
[2026-06-30 19:32:44] SlimMonoLogger.INFO: Cron ran at: 30-06-2026 07:32:44 PM [] []
[2026-06-30 19:32:45] SlimMonoLogger.INFO: Cron ran at: 30-06-2026 07:32:45 PM [] []
[2026-06-30 19:33:07] SlimMonoLogger.INFO: Cron ran at: 30-06-2026 07:33:07 PM [] []
[2026-06-30 19:33:22] SlimMonoLogger.INFO: Cron ran at: 30-06-2026 07:33:22 PM [] []
[2026-06-30 19:33:29] SlimMonoLogger.INFO: Cron ran at: 30-06-2026 07:33:29 PM [] []
[2026-06-30 19:33:48] SlimMonoLogger.INFO: Cron ran at: 30-06-2026 07:33:48 PM [] []
[2026-06-30 19:34:08] SlimMonoLogger.INFO: Cron ran at: 30-06-2026 07:34:08 PM [] []
[2026-06-30 19:34:23] SlimMonoLogger.INFO: Cron ran at: 30-06-2026 07:34:23 PM [] []
[2026-06-30 19:34:23] SlimMonoLogger.INFO: Cron ran at: 30-06-2026 07:34:23 PM [] []
[2026-06-30 19:34:48] SlimMonoLogger.INFO: Cron ran at: 30-06-2026 07:34:48 PM [] []
[2026-06-30 19:35:07] SlimMonoLogger.INFO: Cron ran at: 30-06-2026 07:35:07 PM [] []
[2026-06-30 19:35:19] SlimMonoLogger.INFO: Cron ran at: 30-06-2026 07:35:19 PM [] []
[2026-06-30 19:35:19] SlimMonoLogger.INFO: Cron ran at: 30-06-2026 07:35:19 PM [] []
[2026-06-30 19:35:50] SlimMonoLogger.INFO: Cron ran at: 30-06-2026 07:35:50 PM [] []
[2026-06-30 19:36:08] SlimMonoLogger.INFO: Cron ran at: 30-06-2026 07:36:08 PM [] []
[2026-06-30 19:36:17] SlimMonoLogger.INFO: Cron ran at: 30-06-2026 07:36:17 PM [] []
[2026-06-30 19:36:48] SlimMonoLogger.INFO: Cron ran at: 30-06-2026 07:36:48 PM [] []
[2026-06-30 19:36:58] SlimMonoLogger.INFO: Cron ran at: 30-06-2026 07:36:58 PM [] []
[2026-06-30 19:37:08] SlimMonoLogger.INFO: Cron ran at: 30-06-2026 07:37:08 PM [] []
[2026-06-30 19:37:11] SlimMonoLogger.INFO: Cron ran at: 30-06-2026 07:37:11 PM [] []
[2026-06-30 19:37:52] SlimMonoLogger.INFO: Cron ran at: 30-06-2026 07:37:52 PM [] []
[2026-06-30 19:37:52] SlimMonoLogger.INFO: Cron ran at: 30-06-2026 07:37:52 PM [] []
[2026-06-30 19:38:07] SlimMonoLogger.INFO: Cron ran at: 30-06-2026 07:38:07 PM [] []
[2026-06-30 19:38:17] SlimMonoLogger.INFO: Cron ran at: 30-06-2026 07:38:17 PM [] []
[2026-06-30 19:38:40] SlimMonoLogger.INFO: Cron ran at: 30-06-2026 07:38:40 PM [] []
[2026-06-30 19:38:49] SlimMonoLogger.INFO: Cron ran at: 30-06-2026 07:38:49 PM [] []
[2026-06-30 19:39:05] SlimMonoLogger.INFO: Cron ran at: 30-06-2026 07:39:05 PM [] []
[2026-06-30 19:39:07] SlimMonoLogger.INFO: Cron ran at: 30-06-2026 07:39:07 PM [] []
[2026-06-30 19:39:32] SlimMonoLogger.INFO: Cron ran at: 30-06-2026 07:39:32 PM [] []
[2026-06-30 19:39:35] SlimMonoLogger.INFO: Cron ran at: 30-06-2026 07:39:35 PM [] []
[2026-06-30 19:39:52] SlimMonoLogger.INFO: Cron ran at: 30-06-2026 07:39:52 PM [] []
[2026-06-30 19:40:07] SlimMonoLogger.INFO: Cron ran at: 30-06-2026 07:40:07 PM [] []
[2026-06-30 19:40:28] SlimMonoLogger.INFO: Cron ran at: 30-06-2026 07:40:28 PM [] []
[2026-06-30 19:40:32] SlimMonoLogger.INFO: Cron ran at: 30-06-2026 07:40:32 PM [] []
[2026-06-30 19:41:10] SlimMonoLogger.INFO: Cron ran at: 30-06-2026 07:41:10 PM [] []
[2026-06-30 19:41:27] SlimMonoLogger.INFO: Cron ran at: 30-06-2026 07:41:27 PM [] []
[2026-06-30 19:41:36] SlimMonoLogger.INFO: Cron ran at: 30-06-2026 07:41:36 PM [] []
[2026-06-30 19:41:46] SlimMonoLogger.INFO: Cron ran at: 30-06-2026 07:41:46 PM [] []
[2026-06-30 19:42:11] SlimMonoLogger.INFO: Cron ran at: 30-06-2026 07:42:11 PM [] []
[2026-06-30 19:42:24] SlimMonoLogger.INFO: Cron ran at: 30-06-2026 07:42:24 PM [] []
[2026-06-30 19:42:35] SlimMonoLogger.INFO: Cron ran at: 30-06-2026 07:42:35 PM [] []
[2026-06-30 19:42:37] SlimMonoLogger.INFO: Cron ran at: 30-06-2026 07:42:37 PM [] []
[2026-06-30 19:43:14] SlimMonoLogger.INFO: Cron ran at: 30-06-2026 07:43:14 PM [] []
[2026-06-30 19:43:18] SlimMonoLogger.INFO: Cron ran at: 30-06-2026 07:43:18 PM [] []
[2026-06-30 19:43:33] SlimMonoLogger.INFO: Cron ran at: 30-06-2026 07:43:33 PM [] []
[2026-06-30 19:43:34] SlimMonoLogger.INFO: Cron ran at: 30-06-2026 07:43:34 PM [] []
[2026-06-30 19:44:13] SlimMonoLogger.INFO: Cron ran at: 30-06-2026 07:44:13 PM [] []
[2026-06-30 19:44:16] SlimMonoLogger.INFO: Cron ran at: 30-06-2026 07:44:16 PM [] []
[2026-06-30 19:44:26] SlimMonoLogger.INFO: Cron ran at: 30-06-2026 07:44:26 PM [] []
[2026-06-30 19:44:39] SlimMonoLogger.INFO: Cron ran at: 30-06-2026 07:44:39 PM [] []
[2026-06-30 19:45:07] SlimMonoLogger.INFO: Cron ran at: 30-06-2026 07:45:07 PM [] []
[2026-06-30 19:45:08] SlimMonoLogger.INFO: Cron ran at: 30-06-2026 07:45:08 PM [] []
[2026-06-30 19:45:14] SlimMonoLogger.INFO: Cron ran at: 30-06-2026 07:45:14 PM [] []
[2026-06-30 19:45:15] SlimMonoLogger.INFO: Cron ran at: 30-06-2026 07:45:15 PM [] []
[2026-06-30 19:46:12] SlimMonoLogger.INFO: Cron ran at: 30-06-2026 07:46:12 PM [] []
[2026-06-30 19:46:13] SlimMonoLogger.INFO: Cron ran at: 30-06-2026 07:46:13 PM [] []
[2026-06-30 19:46:17] SlimMonoLogger.INFO: Cron ran at: 30-06-2026 07:46:17 PM [] []
[2026-06-30 19:46:39] SlimMonoLogger.INFO: Cron ran at: 30-06-2026 07:46:39 PM [] []
[2026-06-30 19:47:19] SlimMonoLogger.INFO: Cron ran at: 30-06-2026 07:47:19 PM [] []
[2026-06-30 19:47:19] SlimMonoLogger.INFO: Cron ran at: 30-06-2026 07:47:19 PM [] []
[2026-06-30 19:47:23] SlimMonoLogger.INFO: Cron ran at: 30-06-2026 07:47:23 PM [] []
[2026-06-30 19:47:30] SlimMonoLogger.INFO: Cron ran at: 30-06-2026 07:47:30 PM [] []
[2026-06-30 19:48:13] SlimMonoLogger.INFO: Cron ran at: 30-06-2026 07:48:13 PM [] []
[2026-06-30 19:48:13] SlimMonoLogger.INFO: Cron ran at: 30-06-2026 07:48:13 PM [] []
[2026-06-30 19:48:16] SlimMonoLogger.INFO: Cron ran at: 30-06-2026 07:48:16 PM [] []
[2026-06-30 19:48:22] SlimMonoLogger.INFO: Cron ran at: 30-06-2026 07:48:22 PM [] []
[2026-06-30 19:49:16] SlimMonoLogger.INFO: Cron ran at: 30-06-2026 07:49:16 PM [] []
[2026-06-30 19:49:19] SlimMonoLogger.INFO: Cron ran at: 30-06-2026 07:49:19 PM [] []
[2026-06-30 19:49:20] SlimMonoLogger.INFO: Cron ran at: 30-06-2026 07:49:20 PM [] []
[2026-06-30 19:49:21] SlimMonoLogger.INFO: Cron ran at: 30-06-2026 07:49:21 PM [] []
[2026-06-30 19:50:13] SlimMonoLogger.INFO: Cron ran at: 30-06-2026 07:50:13 PM [] []
[2026-06-30 19:50:14] SlimMonoLogger.INFO: Cron ran at: 30-06-2026 07:50:14 PM [] []
[2026-06-30 19:50:15] SlimMonoLogger.INFO: Cron ran at: 30-06-2026 07:50:15 PM [] []
[2026-06-30 19:51:12] SlimMonoLogger.INFO: Cron ran at: 30-06-2026 07:51:12 PM [] []
[2026-06-30 19:51:14] SlimMonoLogger.INFO: Cron ran at: 30-06-2026 07:51:14 PM [] []
[2026-06-30 19:51:19] SlimMonoLogger.INFO: Cron ran at: 30-06-2026 07:51:19 PM [] []
[2026-06-30 19:51:29] SlimMonoLogger.ERROR: Requests_Exception: cURL error 35: Recv failure: Connection reset by peer in /home/latihtal/public_html/agregator1/src/vendor/rmccue/requests/library/Requests/Transport/cURL.php:422
Stack trace:
#0 /home/latihtal/public_html/agregator1/src/vendor/rmccue/requests/library/Requests/Transport/cURL.php(177): Requests_Transport_cURL->process_response()
#1 /home/latihtal/public_html/agregator1/src/vendor/rmccue/requests/library/Requests.php(379): Requests_Transport_cURL->request()
#2 /home/latihtal/public_html/agregator1/src/vendor/rmccue/requests/library/Requests/Session.php(205): Requests::request()
#3 /home/latihtal/public_html/agregator1/src/vendor/rmccue/requests/library/Requests/Session.php(132): Requests_Session->request()
#4 /home/latihtal/public_html/agregator1/src/drivers/Http/RssImporter.php(144): Requests_Session->get()
#5 /home/latihtal/public_html/agregator1/src/controllers/Dashboard/DashboardFeedsController.php(534): spark\drivers\Http\RssImporter->fetchPosts()
#6 /home/latihtal/public_html/agregator1/src/controllers/Site/SiteController.php(722): spark\controllers\Dashboard\DashboardFeedsController::importFeedPosts()
#7 [internal function]: spark\controllers\Site\SiteController->runTasks()
#8 /home/latihtal/public_html/agregator1/src/framework/Route.php(173): call_user_func_array()
#9 [internal function]: Slim\Route->Slim\{closure}()
#10 /home/latihtal/public_html/agregator1/src/framework/Route.php(468): call_user_func_array()
#11 /home/latihtal/public_html/agregator1/src/framework/Slim.php(1364): Slim\Route->dispatch()
#12 /home/latihtal/public_html/agregator1/src/framework/Middleware/Flash.php(85): Slim\Slim->call()
#13 /home/latihtal/public_html/agregator1/src/framework/Middleware/MethodOverride.php(92): Slim\Middleware\Flash->call()
#14 /home/latihtal/public_html/agregator1/src/middlewares/CsrfGuard/CsrfGuard.php(47): Slim\Middleware\MethodOverride->call()
#15 /home/latihtal/public_html/agregator1/src/framework/Middleware/PrettyExceptions.php(67): spark\middlewares\CsrfGuard\CsrfGuard->call()
#16 /home/latihtal/public_html/agregator1/src/framework/Slim.php(1308): Slim\Middleware\PrettyExceptions->call()
#17 /home/latihtal/public_html/agregator1/index.php(6): Slim\Slim->run()
#18 {main} [] []
[2026-06-30 19:52:03] SlimMonoLogger.INFO: Cron ran at: 30-06-2026 07:52:03 PM [] []
[2026-06-30 19:52:05] SlimMonoLogger.INFO: Cron ran at: 30-06-2026 07:52:05 PM [] []
[2026-06-30 19:52:08] SlimMonoLogger.INFO: Cron ran at: 30-06-2026 07:52:08 PM [] []
[2026-06-30 19:52:17] SlimMonoLogger.INFO: Cron ran at: 30-06-2026 07:52:17 PM [] []
[2026-06-30 19:52:56] SlimMonoLogger.INFO: Cron ran at: 30-06-2026 07:52:56 PM [] []
[2026-06-30 19:53:02] SlimMonoLogger.INFO: Cron ran at: 30-06-2026 07:53:02 PM [] []
[2026-06-30 19:53:03] SlimMonoLogger.INFO: Cron ran at: 30-06-2026 07:53:03 PM [] []
[2026-06-30 19:53:15] SlimMonoLogger.INFO: Cron ran at: 30-06-2026 07:53:15 PM [] []
[2026-06-30 19:53:42] SlimMonoLogger.INFO: Cron ran at: 30-06-2026 07:53:42 PM [] []
[2026-06-30 19:53:59] SlimMonoLogger.INFO: Cron ran at: 30-06-2026 07:53:59 PM [] []
[2026-06-30 19:54:05] SlimMonoLogger.INFO: Cron ran at: 30-06-2026 07:54:05 PM [] []
[2026-06-30 19:54:15] SlimMonoLogger.INFO: Cron ran at: 30-06-2026 07:54:15 PM [] []
[2026-06-30 19:54:33] SlimMonoLogger.INFO: Cron ran at: 30-06-2026 07:54:33 PM [] []
[2026-06-30 19:55:16] SlimMonoLogger.INFO: Cron ran at: 30-06-2026 07:55:16 PM [] []
[2026-06-30 19:55:19] SlimMonoLogger.INFO: Cron ran at: 30-06-2026 07:55:19 PM [] []
[2026-06-30 19:55:35] SlimMonoLogger.INFO: Cron ran at: 30-06-2026 07:55:35 PM [] []
[2026-06-30 19:55:36] SlimMonoLogger.INFO: Cron ran at: 30-06-2026 07:55:36 PM [] []
[2026-06-30 19:56:01] SlimMonoLogger.INFO: Cron ran at: 30-06-2026 07:56:01 PM [] []
[2026-06-30 19:56:28] SlimMonoLogger.INFO: Cron ran at: 30-06-2026 07:56:28 PM [] []
[2026-06-30 19:56:29] SlimMonoLogger.INFO: Cron ran at: 30-06-2026 07:56:29 PM [] []
[2026-06-30 19:57:04] SlimMonoLogger.INFO: Cron ran at: 30-06-2026 07:57:04 PM [] []
[2026-06-30 19:57:05] SlimMonoLogger.INFO: Cron ran at: 30-06-2026 07:57:05 PM [] []
[2026-06-30 19:57:14] SlimMonoLogger.INFO: Cron ran at: 30-06-2026 07:57:14 PM [] []
[2026-06-30 19:57:43] SlimMonoLogger.INFO: Cron ran at: 30-06-2026 07:57:43 PM [] []
[2026-06-30 19:58:05] SlimMonoLogger.INFO: Cron ran at: 30-06-2026 07:58:05 PM [] []
[2026-06-30 19:58:08] SlimMonoLogger.INFO: Cron ran at: 30-06-2026 07:58:08 PM [] []
[2026-06-30 19:58:21] SlimMonoLogger.INFO: Cron ran at: 30-06-2026 07:58:21 PM [] []
[2026-06-30 19:58:23] SlimMonoLogger.INFO: Cron ran at: 30-06-2026 07:58:23 PM [] []
[2026-06-30 19:58:48] SlimMonoLogger.INFO: Cron ran at: 30-06-2026 07:58:48 PM [] []
[2026-06-30 19:58:58] SlimMonoLogger.INFO: Cron ran at: 30-06-2026 07:58:58 PM [] []
[2026-06-30 19:59:01] SlimMonoLogger.INFO: Cron ran at: 30-06-2026 07:59:01 PM [] []
[2026-06-30 19:59:17] SlimMonoLogger.INFO: Cron ran at: 30-06-2026 07:59:17 PM [] []
[2026-06-30 19:59:43] SlimMonoLogger.INFO: Cron ran at: 30-06-2026 07:59:43 PM [] []
[2026-06-30 19:59:54] SlimMonoLogger.INFO: Cron ran at: 30-06-2026 07:59:54 PM [] []
[2026-06-30 20:00:08] SlimMonoLogger.INFO: Cron ran at: 30-06-2026 08:00:08 PM [] []
[2026-06-30 20:00:09] SlimMonoLogger.INFO: Cron ran at: 30-06-2026 08:00:09 PM [] []
[2026-06-30 20:00:38] SlimMonoLogger.INFO: Cron ran at: 30-06-2026 08:00:38 PM [] []
[2026-06-30 20:00:59] SlimMonoLogger.INFO: Cron ran at: 30-06-2026 08:00:59 PM [] []
[2026-06-30 20:01:19] SlimMonoLogger.INFO: Cron ran at: 30-06-2026 08:01:19 PM [] []
[2026-06-30 20:01:40] SlimMonoLogger.INFO: Cron ran at: 30-06-2026 08:01:40 PM [] []
[2026-06-30 20:01:58] SlimMonoLogger.INFO: Cron ran at: 30-06-2026 08:01:58 PM [] []
[2026-06-30 20:02:03] SlimMonoLogger.INFO: Cron ran at: 30-06-2026 08:02:03 PM [] []
[2026-06-30 20:02:16] SlimMonoLogger.INFO: Cron ran at: 30-06-2026 08:02:16 PM [] []
[2026-06-30 20:02:33] SlimMonoLogger.INFO: Cron ran at: 30-06-2026 08:02:33 PM [] []
[2026-06-30 20:02:34] SlimMonoLogger.INFO: Cron ran at: 30-06-2026 08:02:34 PM [] []
[2026-06-30 20:03:04] SlimMonoLogger.INFO: Cron ran at: 30-06-2026 08:03:04 PM [] []
[2026-06-30 20:03:23] SlimMonoLogger.INFO: Cron ran at: 30-06-2026 08:03:23 PM [] []
[2026-06-30 20:03:27] SlimMonoLogger.INFO: Cron ran at: 30-06-2026 08:03:27 PM [] []
[2026-06-30 20:03:33] SlimMonoLogger.INFO: Cron ran at: 30-06-2026 08:03:33 PM [] []
[2026-06-30 20:03:56] SlimMonoLogger.INFO: Cron ran at: 30-06-2026 08:03:56 PM [] []
[2026-06-30 20:04:15] SlimMonoLogger.INFO: Cron ran at: 30-06-2026 08:04:15 PM [] []
[2026-06-30 20:04:16] SlimMonoLogger.INFO: Cron ran at: 30-06-2026 08:04:16 PM [] []
[2026-06-30 20:04:23] SlimMonoLogger.INFO: Cron ran at: 30-06-2026 08:04:23 PM [] []
[2026-06-30 20:05:07] SlimMonoLogger.INFO: Cron ran at: 30-06-2026 08:05:07 PM [] []
[2026-06-30 20:05:19] SlimMonoLogger.INFO: Cron ran at: 30-06-2026 08:05:19 PM [] []
[2026-06-30 20:05:19] SlimMonoLogger.INFO: Cron ran at: 30-06-2026 08:05:19 PM [] []
[2026-06-30 20:05:21] SlimMonoLogger.INFO: Cron ran at: 30-06-2026 08:05:21 PM [] []
[2026-06-30 20:06:18] SlimMonoLogger.INFO: Cron ran at: 30-06-2026 08:06:18 PM [] []
[2026-06-30 20:06:22] SlimMonoLogger.INFO: Cron ran at: 30-06-2026 08:06:22 PM [] []
[2026-06-30 20:06:25] SlimMonoLogger.INFO: Cron ran at: 30-06-2026 08:06:25 PM [] []
[2026-06-30 20:06:47] SlimMonoLogger.INFO: Cron ran at: 30-06-2026 08:06:47 PM [] []
[2026-06-30 20:07:08] SlimMonoLogger.INFO: Cron ran at: 30-06-2026 08:07:08 PM [] []
[2026-06-30 20:07:21] SlimMonoLogger.INFO: Cron ran at: 30-06-2026 08:07:21 PM [] []
[2026-06-30 20:07:23] SlimMonoLogger.INFO: Cron ran at: 30-06-2026 08:07:23 PM [] []
[2026-06-30 20:07:35] SlimMonoLogger.INFO: Cron ran at: 30-06-2026 08:07:35 PM [] []
[2026-06-30 20:08:08] SlimMonoLogger.INFO: Cron ran at: 30-06-2026 08:08:08 PM [] []
[2026-06-30 20:08:18] SlimMonoLogger.INFO: Cron ran at: 30-06-2026 08:08:18 PM [] []
[2026-06-30 20:08:22] SlimMonoLogger.INFO: Cron ran at: 30-06-2026 08:08:22 PM [] []
[2026-06-30 20:08:24] SlimMonoLogger.INFO: Cron ran at: 30-06-2026 08:08:24 PM [] []
[2026-06-30 20:09:10] SlimMonoLogger.INFO: Cron ran at: 30-06-2026 08:09:10 PM [] []
[2026-06-30 20:09:18] SlimMonoLogger.INFO: Cron ran at: 30-06-2026 08:09:18 PM [] []
[2026-06-30 20:09:20] SlimMonoLogger.INFO: Cron ran at: 30-06-2026 08:09:20 PM [] []
[2026-06-30 20:09:24] SlimMonoLogger.INFO: Cron ran at: 30-06-2026 08:09:24 PM [] []
[2026-06-30 20:10:04] SlimMonoLogger.INFO: Cron ran at: 30-06-2026 08:10:04 PM [] []
[2026-06-30 20:10:25] SlimMonoLogger.INFO: Cron ran at: 30-06-2026 08:10:25 PM [] []
[2026-06-30 20:10:25] SlimMonoLogger.INFO: Cron ran at: 30-06-2026 08:10:25 PM [] []
[2026-06-30 20:10:29] SlimMonoLogger.INFO: Cron ran at: 30-06-2026 08:10:29 PM [] []
[2026-06-30 20:11:08] SlimMonoLogger.INFO: Cron ran at: 30-06-2026 08:11:08 PM [] []
[2026-06-30 20:11:10] SlimMonoLogger.INFO: Cron ran at: 30-06-2026 08:11:10 PM [] []
[2026-06-30 20:11:34] SlimMonoLogger.INFO: Cron ran at: 30-06-2026 08:11:34 PM [] []
[2026-06-30 20:11:59] SlimMonoLogger.INFO: Cron ran at: 30-06-2026 08:11:59 PM [] []
[2026-06-30 20:11:59] SlimMonoLogger.INFO: Cron ran at: 30-06-2026 08:11:59 PM [] []
[2026-06-30 20:12:03] SlimMonoLogger.INFO: Cron ran at: 30-06-2026 08:12:03 PM [] []
[2026-06-30 20:12:33] SlimMonoLogger.INFO: Cron ran at: 30-06-2026 08:12:33 PM [] []
[2026-06-30 20:12:51] SlimMonoLogger.INFO: Cron ran at: 30-06-2026 08:12:51 PM [] []
[2026-06-30 20:12:55] SlimMonoLogger.INFO: Cron ran at: 30-06-2026 08:12:55 PM [] []
[2026-06-30 20:13:03] SlimMonoLogger.INFO: Cron ran at: 30-06-2026 08:13:03 PM [] []
[2026-06-30 20:13:27] SlimMonoLogger.INFO: Cron ran at: 30-06-2026 08:13:27 PM [] []
[2026-06-30 20:13:48] SlimMonoLogger.INFO: Cron ran at: 30-06-2026 08:13:48 PM [] []
[2026-06-30 20:14:11] SlimMonoLogger.INFO: Cron ran at: 30-06-2026 08:14:11 PM [] []
[2026-06-30 20:14:12] SlimMonoLogger.INFO: Cron ran at: 30-06-2026 08:14:12 PM [] []
[2026-06-30 20:14:32] SlimMonoLogger.INFO: Cron ran at: 30-06-2026 08:14:32 PM [] []
[2026-06-30 20:14:39] SlimMonoLogger.INFO: Cron ran at: 30-06-2026 08:14:39 PM [] []
[2026-06-30 20:14:58] SlimMonoLogger.INFO: Cron ran at: 30-06-2026 08:14:58 PM [] []
[2026-06-30 20:15:10] SlimMonoLogger.INFO: Cron ran at: 30-06-2026 08:15:10 PM [] []
[2026-06-30 20:15:31] SlimMonoLogger.INFO: Cron ran at: 30-06-2026 08:15:31 PM [] []
[2026-06-30 20:15:32] SlimMonoLogger.INFO: Cron ran at: 30-06-2026 08:15:32 PM [] []
[2026-06-30 20:16:05] SlimMonoLogger.INFO: Cron ran at: 30-06-2026 08:16:05 PM [] []
[2026-06-30 20:16:08] SlimMonoLogger.INFO: Cron ran at: 30-06-2026 08:16:08 PM [] []
[2026-06-30 20:16:30] SlimMonoLogger.INFO: Cron ran at: 30-06-2026 08:16:30 PM [] []
[2026-06-30 20:17:04] SlimMonoLogger.INFO: Cron ran at: 30-06-2026 08:17:04 PM [] []
[2026-06-30 20:17:05] SlimMonoLogger.INFO: Cron ran at: 30-06-2026 08:17:05 PM [] []
[2026-06-30 20:17:07] SlimMonoLogger.INFO: Cron ran at: 30-06-2026 08:17:07 PM [] []
[2026-06-30 20:17:21] SlimMonoLogger.INFO: Cron ran at: 30-06-2026 08:17:21 PM [] []
[2026-06-30 20:18:02] SlimMonoLogger.INFO: Cron ran at: 30-06-2026 08:18:02 PM [] []
[2026-06-30 20:18:08] SlimMonoLogger.INFO: Cron ran at: 30-06-2026 08:18:08 PM [] []
[2026-06-30 20:18:10] SlimMonoLogger.INFO: Cron ran at: 30-06-2026 08:18:10 PM [] []
[2026-06-30 20:18:24] SlimMonoLogger.INFO: Cron ran at: 30-06-2026 08:18:24 PM [] []
[2026-06-30 20:18:51] SlimMonoLogger.INFO: Cron ran at: 30-06-2026 08:18:51 PM [] []
[2026-06-30 20:19:04] SlimMonoLogger.INFO: Cron ran at: 30-06-2026 08:19:04 PM [] []
[2026-06-30 20:19:13] SlimMonoLogger.INFO: Cron ran at: 30-06-2026 08:19:13 PM [] []
[2026-06-30 20:19:23] SlimMonoLogger.INFO: Cron ran at: 30-06-2026 08:19:23 PM [] []
[2026-06-30 20:19:46] SlimMonoLogger.INFO: Cron ran at: 30-06-2026 08:19:46 PM [] []
[2026-06-30 20:20:04] SlimMonoLogger.INFO: Cron ran at: 30-06-2026 08:20:04 PM [] []
[2026-06-30 20:20:07] SlimMonoLogger.INFO: Cron ran at: 30-06-2026 08:20:07 PM [] []
[2026-06-30 20:20:18] SlimMonoLogger.INFO: Cron ran at: 30-06-2026 08:20:18 PM [] []
[2026-06-30 20:20:41] SlimMonoLogger.INFO: Cron ran at: 30-06-2026 08:20:41 PM [] []
[2026-06-30 20:21:02] SlimMonoLogger.INFO: Cron ran at: 30-06-2026 08:21:02 PM [] []
[2026-06-30 20:21:17] SlimMonoLogger.INFO: Cron ran at: 30-06-2026 08:21:17 PM [] []
[2026-06-30 20:21:32] SlimMonoLogger.INFO: Cron ran at: 30-06-2026 08:21:32 PM [] []
[2026-06-30 20:22:02] SlimMonoLogger.INFO: Cron ran at: 30-06-2026 08:22:02 PM [] []
[2026-06-30 20:22:12] SlimMonoLogger.INFO: Cron ran at: 30-06-2026 08:22:12 PM [] []
[2026-06-30 20:22:19] SlimMonoLogger.INFO: Cron ran at: 30-06-2026 08:22:19 PM [] []
[2026-06-30 20:22:30] SlimMonoLogger.INFO: Cron ran at: 30-06-2026 08:22:30 PM [] []
[2026-06-30 20:23:02] SlimMonoLogger.INFO: Cron ran at: 30-06-2026 08:23:02 PM [] []
[2026-06-30 20:23:02] SlimMonoLogger.INFO: Cron ran at: 30-06-2026 08:23:02 PM [] []
[2026-06-30 20:23:19] SlimMonoLogger.INFO: Cron ran at: 30-06-2026 08:23:19 PM [] []
[2026-06-30 20:23:24] SlimMonoLogger.INFO: Cron ran at: 30-06-2026 08:23:24 PM [] []
[2026-06-30 20:23:52] SlimMonoLogger.INFO: Cron ran at: 30-06-2026 08:23:52 PM [] []
[2026-06-30 20:24:04] SlimMonoLogger.INFO: Cron ran at: 30-06-2026 08:24:04 PM [] []
[2026-06-30 20:24:21] SlimMonoLogger.INFO: Cron ran at: 30-06-2026 08:24:21 PM [] []
[2026-06-30 20:24:24] SlimMonoLogger.INFO: Cron ran at: 30-06-2026 08:24:24 PM [] []
[2026-06-30 20:24:46] SlimMonoLogger.INFO: Cron ran at: 30-06-2026 08:24:46 PM [] []
[2026-06-30 20:25:03] SlimMonoLogger.INFO: Cron ran at: 30-06-2026 08:25:03 PM [] []
[2026-06-30 20:25:20] SlimMonoLogger.INFO: Cron ran at: 30-06-2026 08:25:20 PM [] []
[2026-06-30 20:25:23] SlimMonoLogger.INFO: Cron ran at: 30-06-2026 08:25:23 PM [] []
[2026-06-30 20:25:46] SlimMonoLogger.INFO: Cron ran at: 30-06-2026 08:25:46 PM [] []
[2026-06-30 20:26:30] SlimMonoLogger.INFO: Cron ran at: 30-06-2026 08:26:30 PM [] []
[2026-06-30 20:26:30] SlimMonoLogger.INFO: Cron ran at: 30-06-2026 08:26:30 PM [] []
[2026-06-30 20:26:34] SlimMonoLogger.INFO: Cron ran at: 30-06-2026 08:26:34 PM [] []
[2026-06-30 20:26:37] SlimMonoLogger.INFO: Cron ran at: 30-06-2026 08:26:37 PM [] []
[2026-06-30 20:27:24] SlimMonoLogger.INFO: Cron ran at: 30-06-2026 08:27:24 PM [] []
[2026-06-30 20:27:25] SlimMonoLogger.INFO: Cron ran at: 30-06-2026 08:27:25 PM [] []
[2026-06-30 20:27:29] SlimMonoLogger.INFO: Cron ran at: 30-06-2026 08:27:29 PM [] []
[2026-06-30 20:27:36] SlimMonoLogger.INFO: Cron ran at: 30-06-2026 08:27:36 PM [] []
[2026-06-30 20:28:22] SlimMonoLogger.INFO: Cron ran at: 30-06-2026 08:28:22 PM [] []
[2026-06-30 20:28:22] SlimMonoLogger.INFO: Cron ran at: 30-06-2026 08:28:22 PM [] []
[2026-06-30 20:28:23] SlimMonoLogger.INFO: Cron ran at: 30-06-2026 08:28:23 PM [] []
[2026-06-30 20:28:26] SlimMonoLogger.INFO: Cron ran at: 30-06-2026 08:28:26 PM [] []
[2026-06-30 20:29:24] SlimMonoLogger.INFO: Cron ran at: 30-06-2026 08:29:24 PM [] []
[2026-06-30 20:29:24] SlimMonoLogger.INFO: Cron ran at: 30-06-2026 08:29:24 PM [] []
[2026-06-30 20:29:25] SlimMonoLogger.INFO: Cron ran at: 30-06-2026 08:29:25 PM [] []
[2026-06-30 20:29:25] SlimMonoLogger.INFO: Cron ran at: 30-06-2026 08:29:25 PM [] []
[2026-06-30 20:30:05] SlimMonoLogger.INFO: Cron ran at: 30-06-2026 08:30:05 PM [] []
[2026-06-30 20:30:19] SlimMonoLogger.INFO: Cron ran at: 30-06-2026 08:30:19 PM [] []
[2026-06-30 20:30:19] SlimMonoLogger.INFO: Cron ran at: 30-06-2026 08:30:19 PM [] []
[2026-06-30 20:30:24] SlimMonoLogger.INFO: Cron ran at: 30-06-2026 08:30:24 PM [] []
[2026-06-30 20:31:02] SlimMonoLogger.INFO: Cron ran at: 30-06-2026 08:31:02 PM [] []
[2026-06-30 20:31:25] SlimMonoLogger.INFO: Cron ran at: 30-06-2026 08:31:25 PM [] []
[2026-06-30 20:31:32] SlimMonoLogger.INFO: Cron ran at: 30-06-2026 08:31:32 PM [] []
[2026-06-30 20:31:59] SlimMonoLogger.INFO: Cron ran at: 30-06-2026 08:31:59 PM [] []
[2026-06-30 20:32:17] SlimMonoLogger.INFO: Cron ran at: 30-06-2026 08:32:17 PM [] []
[2026-06-30 20:32:23] SlimMonoLogger.INFO: Cron ran at: 30-06-2026 08:32:23 PM [] []
[2026-06-30 20:32:23] SlimMonoLogger.INFO: Cron ran at: 30-06-2026 08:32:23 PM [] []
[2026-06-30 20:32:52] SlimMonoLogger.INFO: Cron ran at: 30-06-2026 08:32:52 PM [] []
[2026-06-30 20:33:03] SlimMonoLogger.INFO: Cron ran at: 30-06-2026 08:33:03 PM [] []
[2026-06-30 20:33:21] SlimMonoLogger.INFO: Cron ran at: 30-06-2026 08:33:21 PM [] []
[2026-06-30 20:33:23] SlimMonoLogger.INFO: Cron ran at: 30-06-2026 08:33:23 PM [] []
[2026-06-30 20:33:56] SlimMonoLogger.INFO: Cron ran at: 30-06-2026 08:33:56 PM [] []
[2026-06-30 20:33:58] SlimMonoLogger.INFO: Cron ran at: 30-06-2026 08:33:58 PM [] []
[2026-06-30 20:34:23] SlimMonoLogger.INFO: Cron ran at: 30-06-2026 08:34:23 PM [] []
[2026-06-30 20:34:23] SlimMonoLogger.INFO: Cron ran at: 30-06-2026 08:34:23 PM [] []
[2026-06-30 20:34:50] SlimMonoLogger.INFO: Cron ran at: 30-06-2026 08:34:50 PM [] []
[2026-06-30 20:34:50] SlimMonoLogger.INFO: Cron ran at: 30-06-2026 08:34:50 PM [] []
[2026-06-30 20:35:24] SlimMonoLogger.INFO: Cron ran at: 30-06-2026 08:35:24 PM [] []
[2026-06-30 20:35:26] SlimMonoLogger.INFO: Cron ran at: 30-06-2026 08:35:26 PM [] []
[2026-06-30 20:35:46] SlimMonoLogger.INFO: Cron ran at: 30-06-2026 08:35:46 PM [] []
[2026-06-30 20:35:50] SlimMonoLogger.INFO: Cron ran at: 30-06-2026 08:35:50 PM [] []
[2026-06-30 20:36:30] SlimMonoLogger.INFO: Cron ran at: 30-06-2026 08:36:30 PM [] []
[2026-06-30 20:36:42] SlimMonoLogger.INFO: Cron ran at: 30-06-2026 08:36:42 PM [] []
[2026-06-30 20:36:46] SlimMonoLogger.INFO: Cron ran at: 30-06-2026 08:36:46 PM [] []
[2026-06-30 20:36:51] SlimMonoLogger.INFO: Cron ran at: 30-06-2026 08:36:51 PM [] []
[2026-06-30 20:37:30] SlimMonoLogger.INFO: Cron ran at: 30-06-2026 08:37:30 PM [] []
[2026-06-30 20:37:35] SlimMonoLogger.INFO: Cron ran at: 30-06-2026 08:37:35 PM [] []
[2026-06-30 20:37:35] SlimMonoLogger.INFO: Cron ran at: 30-06-2026 08:37:35 PM [] []
[2026-06-30 20:37:55] SlimMonoLogger.INFO: Cron ran at: 30-06-2026 08:37:55 PM [] []
[2026-06-30 20:38:24] SlimMonoLogger.INFO: Cron ran at: 30-06-2026 08:38:24 PM [] []
[2026-06-30 20:38:25] SlimMonoLogger.INFO: Cron ran at: 30-06-2026 08:38:25 PM [] []
[2026-06-30 20:38:40] SlimMonoLogger.INFO: Cron ran at: 30-06-2026 08:38:40 PM [] []
[2026-06-30 20:38:55] SlimMonoLogger.INFO: Cron ran at: 30-06-2026 08:38:55 PM [] []
[2026-06-30 20:39:25] SlimMonoLogger.INFO: Cron ran at: 30-06-2026 08:39:25 PM [] []
[2026-06-30 20:39:28] SlimMonoLogger.INFO: Cron ran at: 30-06-2026 08:39:28 PM [] []
[2026-06-30 20:39:37] SlimMonoLogger.INFO: Cron ran at: 30-06-2026 08:39:37 PM [] []
[2026-06-30 20:39:55] SlimMonoLogger.INFO: Cron ran at: 30-06-2026 08:39:55 PM [] []
[2026-06-30 20:40:15] SlimMonoLogger.INFO: Cron ran at: 30-06-2026 08:40:15 PM [] []
[2026-06-30 20:40:32] SlimMonoLogger.INFO: Cron ran at: 30-06-2026 08:40:32 PM [] []
[2026-06-30 20:40:34] SlimMonoLogger.INFO: Cron ran at: 30-06-2026 08:40:34 PM [] []
[2026-06-30 20:40:59] SlimMonoLogger.INFO: Cron ran at: 30-06-2026 08:40:59 PM [] []
[2026-06-30 20:41:18] SlimMonoLogger.INFO: Cron ran at: 30-06-2026 08:41:18 PM [] []
[2026-06-30 20:41:43] SlimMonoLogger.INFO: Cron ran at: 30-06-2026 08:41:43 PM [] []
[2026-06-30 20:42:04] SlimMonoLogger.INFO: Cron ran at: 30-06-2026 08:42:04 PM [] []
[2026-06-30 20:42:12] SlimMonoLogger.INFO: Cron ran at: 30-06-2026 08:42:12 PM [] []
[2026-06-30 20:42:33] SlimMonoLogger.INFO: Cron ran at: 30-06-2026 08:42:33 PM [] []
[2026-06-30 20:42:36] SlimMonoLogger.INFO: Cron ran at: 30-06-2026 08:42:36 PM [] []
[2026-06-30 20:42:56] SlimMonoLogger.INFO: Cron ran at: 30-06-2026 08:42:56 PM [] []
[2026-06-30 20:43:02] SlimMonoLogger.INFO: Cron ran at: 30-06-2026 08:43:02 PM [] []
[2026-06-30 20:43:16] SlimMonoLogger.INFO: Cron ran at: 30-06-2026 08:43:16 PM [] []
[2026-06-30 20:43:41] SlimMonoLogger.INFO: Cron ran at: 30-06-2026 08:43:41 PM [] []
[2026-06-30 20:43:56] SlimMonoLogger.INFO: Cron ran at: 30-06-2026 08:43:56 PM [] []
[2026-06-30 20:44:04] SlimMonoLogger.INFO: Cron ran at: 30-06-2026 08:44:04 PM [] []
[2026-06-30 20:44:11] SlimMonoLogger.INFO: Cron ran at: 30-06-2026 08:44:11 PM [] []
[2026-06-30 20:44:35] SlimMonoLogger.INFO: Cron ran at: 30-06-2026 08:44:35 PM [] []
[2026-06-30 20:45:03] SlimMonoLogger.INFO: Cron ran at: 30-06-2026 08:45:03 PM [] []
[2026-06-30 20:45:04] SlimMonoLogger.INFO: Cron ran at: 30-06-2026 08:45:04 PM [] []
[2026-06-30 20:45:05] SlimMonoLogger.INFO: Cron ran at: 30-06-2026 08:45:05 PM [] []
[2026-06-30 20:45:37] SlimMonoLogger.INFO: Cron ran at: 30-06-2026 08:45:37 PM [] []
[2026-06-30 20:45:58] SlimMonoLogger.INFO: Cron ran at: 30-06-2026 08:45:58 PM [] []
[2026-06-30 20:45:59] SlimMonoLogger.INFO: Cron ran at: 30-06-2026 08:45:59 PM [] []
[2026-06-30 20:46:34] SlimMonoLogger.INFO: Cron ran at: 30-06-2026 08:46:34 PM [] []
[2026-06-30 20:46:44] SlimMonoLogger.INFO: Cron ran at: 30-06-2026 08:46:44 PM [] []
[2026-06-30 20:46:50] SlimMonoLogger.INFO: Cron ran at: 30-06-2026 08:46:50 PM [] []
[2026-06-30 20:46:57] SlimMonoLogger.INFO: Cron ran at: 30-06-2026 08:46:57 PM [] []
[2026-06-30 20:47:31] SlimMonoLogger.INFO: Cron ran at: 30-06-2026 08:47:31 PM [] []
[2026-06-30 20:47:36] SlimMonoLogger.INFO: Cron ran at: 30-06-2026 08:47:36 PM [] []
[2026-06-30 20:47:47] SlimMonoLogger.INFO: Cron ran at: 30-06-2026 08:47:47 PM [] []
[2026-06-30 20:48:01] SlimMonoLogger.INFO: Cron ran at: 30-06-2026 08:48:01 PM [] []
[2026-06-30 20:48:28] SlimMonoLogger.INFO: Cron ran at: 30-06-2026 08:48:28 PM [] []
[2026-06-30 20:48:34] SlimMonoLogger.INFO: Cron ran at: 30-06-2026 08:48:34 PM [] []
[2026-06-30 20:48:44] SlimMonoLogger.INFO: Cron ran at: 30-06-2026 08:48:44 PM [] []
[2026-06-30 20:49:17] SlimMonoLogger.INFO: Cron ran at: 30-06-2026 08:49:17 PM [] []
[2026-06-30 20:49:29] SlimMonoLogger.INFO: Cron ran at: 30-06-2026 08:49:29 PM [] []
[2026-06-30 20:49:45] SlimMonoLogger.INFO: Cron ran at: 30-06-2026 08:49:45 PM [] []
[2026-06-30 20:49:50] SlimMonoLogger.INFO: Cron ran at: 30-06-2026 08:49:50 PM [] []
[2026-06-30 20:50:06] SlimMonoLogger.INFO: Cron ran at: 30-06-2026 08:50:06 PM [] []
[2026-06-30 20:50:21] SlimMonoLogger.INFO: Cron ran at: 30-06-2026 08:50:21 PM [] []
[2026-06-30 20:50:48] SlimMonoLogger.INFO: Cron ran at: 30-06-2026 08:50:48 PM [] []
[2026-06-30 20:50:49] SlimMonoLogger.INFO: Cron ran at: 30-06-2026 08:50:49 PM [] []
[2026-06-30 20:51:14] SlimMonoLogger.INFO: Cron ran at: 30-06-2026 08:51:14 PM [] []
[2026-06-30 20:51:16] SlimMonoLogger.INFO: Cron ran at: 30-06-2026 08:51:16 PM [] []
[2026-06-30 20:51:45] SlimMonoLogger.INFO: Cron ran at: 30-06-2026 08:51:45 PM [] []
[2026-06-30 20:51:46] SlimMonoLogger.INFO: Cron ran at: 30-06-2026 08:51:46 PM [] []
[2026-06-30 20:52:04] SlimMonoLogger.INFO: Cron ran at: 30-06-2026 08:52:04 PM [] []
[2026-06-30 20:52:08] SlimMonoLogger.INFO: Cron ran at: 30-06-2026 08:52:08 PM [] []
[2026-06-30 20:52:30] SlimMonoLogger.INFO: Cron ran at: 30-06-2026 08:52:30 PM [] []
[2026-06-30 20:52:49] SlimMonoLogger.INFO: Cron ran at: 30-06-2026 08:52:49 PM [] []
[2026-06-30 20:53:03] SlimMonoLogger.INFO: Cron ran at: 30-06-2026 08:53:03 PM [] []
[2026-06-30 20:53:09] SlimMonoLogger.INFO: Cron ran at: 30-06-2026 08:53:09 PM [] []
[2026-06-30 20:53:18] SlimMonoLogger.INFO: Cron ran at: 30-06-2026 08:53:18 PM [] []
[2026-06-30 20:53:42] SlimMonoLogger.INFO: Cron ran at: 30-06-2026 08:53:42 PM [] []
[2026-06-30 20:53:58] SlimMonoLogger.INFO: Cron ran at: 30-06-2026 08:53:58 PM [] []
[2026-06-30 20:53:59] SlimMonoLogger.INFO: Cron ran at: 30-06-2026 08:53:59 PM [] []
[2026-06-30 20:54:11] SlimMonoLogger.INFO: Cron ran at: 30-06-2026 08:54:11 PM [] []
[2026-06-30 20:54:45] SlimMonoLogger.INFO: Cron ran at: 30-06-2026 08:54:45 PM [] []
[2026-06-30 20:55:00] SlimMonoLogger.INFO: Cron ran at: 30-06-2026 08:55:00 PM [] []
[2026-06-30 20:55:01] SlimMonoLogger.INFO: Cron ran at: 30-06-2026 08:55:01 PM [] []
[2026-06-30 20:55:13] SlimMonoLogger.INFO: Cron ran at: 30-06-2026 08:55:13 PM [] []
[2026-06-30 20:55:52] SlimMonoLogger.INFO: Cron ran at: 30-06-2026 08:55:52 PM [] []
[2026-06-30 20:56:08] SlimMonoLogger.INFO: Cron ran at: 30-06-2026 08:56:08 PM [] []
[2026-06-30 20:56:08] SlimMonoLogger.INFO: Cron ran at: 30-06-2026 08:56:08 PM [] []
[2026-06-30 20:56:46] SlimMonoLogger.INFO: Cron ran at: 30-06-2026 08:56:46 PM [] []
[2026-06-30 20:57:04] SlimMonoLogger.INFO: Cron ran at: 30-06-2026 08:57:04 PM [] []
[2026-06-30 20:57:06] SlimMonoLogger.INFO: Cron ran at: 30-06-2026 08:57:06 PM [] []
[2026-06-30 20:57:14] SlimMonoLogger.INFO: Cron ran at: 30-06-2026 08:57:14 PM [] []
[2026-06-30 20:57:51] SlimMonoLogger.INFO: Cron ran at: 30-06-2026 08:57:51 PM [] []
[2026-06-30 20:57:57] SlimMonoLogger.INFO: Cron ran at: 30-06-2026 08:57:57 PM [] []
[2026-06-30 20:57:59] SlimMonoLogger.INFO: Cron ran at: 30-06-2026 08:57:59 PM [] []
[2026-06-30 20:57:59] SlimMonoLogger.INFO: Cron ran at: 30-06-2026 08:57:59 PM [] []
[2026-06-30 20:58:43] SlimMonoLogger.INFO: Cron ran at: 30-06-2026 08:58:43 PM [] []
[2026-06-30 20:58:48] SlimMonoLogger.INFO: Cron ran at: 30-06-2026 08:58:48 PM [] []
[2026-06-30 20:58:48] SlimMonoLogger.INFO: Cron ran at: 30-06-2026 08:58:48 PM [] []
[2026-06-30 20:58:51] SlimMonoLogger.INFO: Cron ran at: 30-06-2026 08:58:51 PM [] []
[2026-06-30 20:59:42] SlimMonoLogger.INFO: Cron ran at: 30-06-2026 08:59:42 PM [] []
[2026-06-30 20:59:43] SlimMonoLogger.INFO: Cron ran at: 30-06-2026 08:59:43 PM [] []
[2026-06-30 20:59:48] SlimMonoLogger.INFO: Cron ran at: 30-06-2026 08:59:48 PM [] []
[2026-06-30 20:59:55] SlimMonoLogger.INFO: Cron ran at: 30-06-2026 08:59:55 PM [] []
[2026-06-30 21:00:48] SlimMonoLogger.INFO: Cron ran at: 30-06-2026 09:00:48 PM [] []
[2026-06-30 21:00:55] SlimMonoLogger.INFO: Cron ran at: 30-06-2026 09:00:55 PM [] []
[2026-06-30 21:00:57] SlimMonoLogger.INFO: Cron ran at: 30-06-2026 09:00:57 PM [] []
[2026-06-30 21:00:58] SlimMonoLogger.INFO: Cron ran at: 30-06-2026 09:00:58 PM [] []
[2026-06-30 21:01:33] SlimMonoLogger.INFO: Cron ran at: 30-06-2026 09:01:33 PM [] []
[2026-06-30 21:01:42] SlimMonoLogger.INFO: Cron ran at: 30-06-2026 09:01:42 PM [] []
[2026-06-30 21:01:47] SlimMonoLogger.INFO: Cron ran at: 30-06-2026 09:01:47 PM [] []
[2026-06-30 21:01:50] SlimMonoLogger.INFO: Cron ran at: 30-06-2026 09:01:50 PM [] []
[2026-06-30 21:02:28] SlimMonoLogger.INFO: Cron ran at: 30-06-2026 09:02:28 PM [] []
[2026-06-30 21:02:35] SlimMonoLogger.INFO: Cron ran at: 30-06-2026 09:02:35 PM [] []
[2026-06-30 21:02:43] SlimMonoLogger.INFO: Cron ran at: 30-06-2026 09:02:43 PM [] []
[2026-06-30 21:03:04] SlimMonoLogger.INFO: Cron ran at: 30-06-2026 09:03:04 PM [] []
[2026-06-30 21:03:22] SlimMonoLogger.INFO: Cron ran at: 30-06-2026 09:03:22 PM [] []
[2026-06-30 21:03:22] SlimMonoLogger.INFO: Cron ran at: 30-06-2026 09:03:22 PM [] []
[2026-06-30 21:03:40] SlimMonoLogger.INFO: Cron ran at: 30-06-2026 09:03:40 PM [] []
[2026-06-30 21:03:56] SlimMonoLogger.INFO: Cron ran at: 30-06-2026 09:03:56 PM [] []
[2026-06-30 21:04:13] SlimMonoLogger.INFO: Cron ran at: 30-06-2026 09:04:13 PM [] []
[2026-06-30 21:04:14] SlimMonoLogger.INFO: Cron ran at: 30-06-2026 09:04:14 PM [] []
[2026-06-30 21:04:36] SlimMonoLogger.INFO: Cron ran at: 30-06-2026 09:04:36 PM [] []
[2026-06-30 21:04:53] SlimMonoLogger.INFO: Cron ran at: 30-06-2026 09:04:53 PM [] []
[2026-06-30 21:05:15] SlimMonoLogger.INFO: Cron ran at: 30-06-2026 09:05:15 PM [] []
[2026-06-30 21:05:17] SlimMonoLogger.INFO: Cron ran at: 30-06-2026 09:05:17 PM [] []
[2026-06-30 21:05:43] SlimMonoLogger.INFO: Cron ran at: 30-06-2026 09:05:43 PM [] []
[2026-06-30 21:06:13] SlimMonoLogger.INFO: Cron ran at: 30-06-2026 09:06:13 PM [] []
[2026-06-30 21:06:19] SlimMonoLogger.INFO: Cron ran at: 30-06-2026 09:06:19 PM [] []
[2026-06-30 21:06:35] SlimMonoLogger.INFO: Cron ran at: 30-06-2026 09:06:35 PM [] []
[2026-06-30 21:06:37] SlimMonoLogger.INFO: Cron ran at: 30-06-2026 09:06:37 PM [] []
[2026-06-30 21:07:00] SlimMonoLogger.INFO: Cron ran at: 30-06-2026 09:07:00 PM [] []
[2026-06-30 21:07:14] SlimMonoLogger.INFO: Cron ran at: 30-06-2026 09:07:14 PM [] []
[2026-06-30 21:07:26] SlimMonoLogger.INFO: Cron ran at: 30-06-2026 09:07:26 PM [] []
[2026-06-30 21:07:42] SlimMonoLogger.INFO: Cron ran at: 30-06-2026 09:07:42 PM [] []
[2026-06-30 21:08:03] SlimMonoLogger.INFO: Cron ran at: 30-06-2026 09:08:03 PM [] []
[2026-06-30 21:08:16] SlimMonoLogger.INFO: Cron ran at: 30-06-2026 09:08:16 PM [] []
[2026-06-30 21:08:16] SlimMonoLogger.INFO: Cron ran at: 30-06-2026 09:08:16 PM [] []
[2026-06-30 21:08:37] SlimMonoLogger.INFO: Cron ran at: 30-06-2026 09:08:37 PM [] []
[2026-06-30 21:08:53] SlimMonoLogger.INFO: Cron ran at: 30-06-2026 09:08:53 PM [] []
[2026-06-30 21:09:09] SlimMonoLogger.INFO: Cron ran at: 30-06-2026 09:09:09 PM [] []
[2026-06-30 21:09:16] SlimMonoLogger.INFO: Cron ran at: 30-06-2026 09:09:16 PM [] []
[2026-06-30 21:09:38] SlimMonoLogger.INFO: Cron ran at: 30-06-2026 09:09:38 PM [] []
[2026-06-30 21:09:52] SlimMonoLogger.INFO: Cron ran at: 30-06-2026 09:09:52 PM [] []
[2026-06-30 21:10:07] SlimMonoLogger.INFO: Cron ran at: 30-06-2026 09:10:07 PM [] []
[2026-06-30 21:10:15] SlimMonoLogger.INFO: Cron ran at: 30-06-2026 09:10:15 PM [] []
[2026-06-30 21:10:58] SlimMonoLogger.INFO: Cron ran at: 30-06-2026 09:10:58 PM [] []
[2026-06-30 21:11:05] SlimMonoLogger.INFO: Cron ran at: 30-06-2026 09:11:05 PM [] []
[2026-06-30 21:11:17] SlimMonoLogger.INFO: Cron ran at: 30-06-2026 09:11:17 PM [] []
[2026-06-30 21:11:52] SlimMonoLogger.INFO: Cron ran at: 30-06-2026 09:11:52 PM [] []
[2026-06-30 21:11:52] SlimMonoLogger.INFO: Cron ran at: 30-06-2026 09:11:52 PM [] []
[2026-06-30 21:11:52] SlimMonoLogger.INFO: Cron ran at: 30-06-2026 09:11:52 PM [] []
[2026-06-30 21:12:20] SlimMonoLogger.INFO: Cron ran at: 30-06-2026 09:12:20 PM [] []
[2026-06-30 21:12:46] SlimMonoLogger.INFO: Cron ran at: 30-06-2026 09:12:46 PM [] []
[2026-06-30 21:12:47] SlimMonoLogger.INFO: Cron ran at: 30-06-2026 09:12:47 PM [] []
[2026-06-30 21:12:49] SlimMonoLogger.INFO: Cron ran at: 30-06-2026 09:12:49 PM [] []
[2026-06-30 21:13:16] SlimMonoLogger.INFO: Cron ran at: 30-06-2026 09:13:16 PM [] []
[2026-06-30 21:13:38] SlimMonoLogger.INFO: Cron ran at: 30-06-2026 09:13:38 PM [] []
[2026-06-30 21:13:48] SlimMonoLogger.INFO: Cron ran at: 30-06-2026 09:13:48 PM [] []
[2026-06-30 21:13:48] SlimMonoLogger.INFO: Cron ran at: 30-06-2026 09:13:48 PM [] []
[2026-06-30 21:14:18] SlimMonoLogger.INFO: Cron ran at: 30-06-2026 09:14:18 PM [] []
[2026-06-30 21:14:28] SlimMonoLogger.INFO: Cron ran at: 30-06-2026 09:14:28 PM [] []
[2026-06-30 21:14:44] SlimMonoLogger.INFO: Cron ran at: 30-06-2026 09:14:44 PM [] []
[2026-06-30 21:14:52] SlimMonoLogger.INFO: Cron ran at: 30-06-2026 09:14:52 PM [] []
[2026-06-30 21:15:15] SlimMonoLogger.INFO: Cron ran at: 30-06-2026 09:15:15 PM [] []
[2026-06-30 21:15:20] SlimMonoLogger.INFO: Cron ran at: 30-06-2026 09:15:20 PM [] []
[2026-06-30 21:15:59] SlimMonoLogger.INFO: Cron ran at: 30-06-2026 09:15:59 PM [] []
[2026-06-30 21:15:59] SlimMonoLogger.INFO: Cron ran at: 30-06-2026 09:15:59 PM [] []
[2026-06-30 21:16:30] SlimMonoLogger.INFO: Cron ran at: 30-06-2026 09:16:30 PM [] []
[2026-06-30 21:16:51] SlimMonoLogger.INFO: Cron ran at: 30-06-2026 09:16:51 PM [] []
[2026-06-30 21:16:59] SlimMonoLogger.INFO: Cron ran at: 30-06-2026 09:16:59 PM [] []
[2026-06-30 21:17:13] SlimMonoLogger.INFO: Cron ran at: 30-06-2026 09:17:13 PM [] []
[2026-06-30 21:17:17] SlimMonoLogger.INFO: Cron ran at: 30-06-2026 09:17:17 PM [] []
[2026-06-30 21:17:47] SlimMonoLogger.INFO: Cron ran at: 30-06-2026 09:17:47 PM [] []
[2026-06-30 21:17:53] SlimMonoLogger.INFO: Cron ran at: 30-06-2026 09:17:53 PM [] []
[2026-06-30 21:17:55] SlimMonoLogger.INFO: Cron ran at: 30-06-2026 09:17:55 PM [] []
[2026-06-30 21:18:09] SlimMonoLogger.INFO: Cron ran at: 30-06-2026 09:18:09 PM [] []
[2026-06-30 21:18:52] SlimMonoLogger.INFO: Cron ran at: 30-06-2026 09:18:52 PM [] []
[2026-06-30 21:18:54] SlimMonoLogger.INFO: Cron ran at: 30-06-2026 09:18:54 PM [] []
[2026-06-30 21:18:56] SlimMonoLogger.INFO: Cron ran at: 30-06-2026 09:18:56 PM [] []
[2026-06-30 21:19:21] SlimMonoLogger.INFO: Cron ran at: 30-06-2026 09:19:21 PM [] []
[2026-06-30 21:19:50] SlimMonoLogger.INFO: Cron ran at: 30-06-2026 09:19:50 PM [] []
[2026-06-30 21:19:51] SlimMonoLogger.INFO: Cron ran at: 30-06-2026 09:19:51 PM [] []
[2026-06-30 21:19:53] SlimMonoLogger.INFO: Cron ran at: 30-06-2026 09:19:53 PM [] []
[2026-06-30 21:20:12] SlimMonoLogger.INFO: Cron ran at: 30-06-2026 09:20:12 PM [] []
[2026-06-30 21:20:51] SlimMonoLogger.INFO: Cron ran at: 30-06-2026 09:20:51 PM [] []
[2026-06-30 21:20:57] SlimMonoLogger.INFO: Cron ran at: 30-06-2026 09:20:57 PM [] []
[2026-06-30 21:21:12] SlimMonoLogger.INFO: Cron ran at: 30-06-2026 09:21:12 PM [] []
[2026-06-30 21:22:01] SlimMonoLogger.INFO: Cron ran at: 30-06-2026 09:22:01 PM [] []
[2026-06-30 21:22:24] SlimMonoLogger.INFO: Cron ran at: 30-06-2026 09:22:24 PM [] []
[2026-06-30 21:22:25] SlimMonoLogger.INFO: Cron ran at: 30-06-2026 09:22:25 PM [] []
[2026-06-30 21:22:47] SlimMonoLogger.INFO: Cron ran at: 30-06-2026 09:22:47 PM [] []
[2026-06-30 21:22:58] SlimMonoLogger.INFO: Cron ran at: 30-06-2026 09:22:58 PM [] []
[2026-06-30 21:23:07] SlimMonoLogger.INFO: Cron ran at: 30-06-2026 09:23:07 PM [] []
[2026-06-30 21:23:21] SlimMonoLogger.INFO: Cron ran at: 30-06-2026 09:23:21 PM [] []
[2026-06-30 21:23:36] SlimMonoLogger.INFO: Cron ran at: 30-06-2026 09:23:36 PM [] []
[2026-06-30 21:23:40] SlimMonoLogger.INFO: Cron ran at: 30-06-2026 09:23:40 PM [] []
[2026-06-30 21:23:44] SlimMonoLogger.INFO: Cron ran at: 30-06-2026 09:23:44 PM [] []
[2026-06-30 21:23:45] SlimMonoLogger.INFO: Cron ran at: 30-06-2026 09:23:45 PM [] []
[2026-06-30 21:24:11] SlimMonoLogger.INFO: Cron ran at: 30-06-2026 09:24:11 PM [] []
[2026-06-30 21:24:26] SlimMonoLogger.INFO: Cron ran at: 30-06-2026 09:24:26 PM [] []
[2026-06-30 21:24:46] SlimMonoLogger.INFO: Cron ran at: 30-06-2026 09:24:46 PM [] []
[2026-06-30 21:24:46] SlimMonoLogger.INFO: Cron ran at: 30-06-2026 09:24:46 PM [] []
[2026-06-30 21:25:12] SlimMonoLogger.INFO: Cron ran at: 30-06-2026 09:25:12 PM [] []
[2026-06-30 21:25:27] SlimMonoLogger.INFO: Cron ran at: 30-06-2026 09:25:27 PM [] []
[2026-06-30 21:25:39] SlimMonoLogger.INFO: Cron ran at: 30-06-2026 09:25:39 PM [] []
[2026-06-30 21:26:14] SlimMonoLogger.INFO: Cron ran at: 30-06-2026 09:26:14 PM [] []
[2026-06-30 21:26:32] SlimMonoLogger.INFO: Cron ran at: 30-06-2026 09:26:32 PM [] []
[2026-06-30 21:26:34] SlimMonoLogger.INFO: Cron ran at: 30-06-2026 09:26:34 PM [] []
[2026-06-30 21:27:11] SlimMonoLogger.INFO: Cron ran at: 30-06-2026 09:27:11 PM [] []
[2026-06-30 21:27:17] SlimMonoLogger.INFO: Cron ran at: 30-06-2026 09:27:17 PM [] []
[2026-06-30 21:27:29] SlimMonoLogger.INFO: Cron ran at: 30-06-2026 09:27:29 PM [] []
[2026-06-30 21:27:29] SlimMonoLogger.INFO: Cron ran at: 30-06-2026 09:27:29 PM [] []
[2026-06-30 21:28:07] SlimMonoLogger.INFO: Cron ran at: 30-06-2026 09:28:07 PM [] []
[2026-06-30 21:28:08] SlimMonoLogger.INFO: Cron ran at: 30-06-2026 09:28:08 PM [] []
[2026-06-30 21:28:26] SlimMonoLogger.INFO: Cron ran at: 30-06-2026 09:28:26 PM [] []
[2026-06-30 21:28:26] SlimMonoLogger.INFO: Cron ran at: 30-06-2026 09:28:26 PM [] []
[2026-06-30 21:28:58] SlimMonoLogger.INFO: Cron ran at: 30-06-2026 09:28:58 PM [] []
[2026-06-30 21:29:10] SlimMonoLogger.INFO: Cron ran at: 30-06-2026 09:29:10 PM [] []
[2026-06-30 21:29:31] SlimMonoLogger.INFO: Cron ran at: 30-06-2026 09:29:31 PM [] []
[2026-06-30 21:29:32] SlimMonoLogger.INFO: Cron ran at: 30-06-2026 09:29:32 PM [] []
[2026-06-30 21:29:54] SlimMonoLogger.INFO: Cron ran at: 30-06-2026 09:29:54 PM [] []
[2026-06-30 21:30:11] SlimMonoLogger.INFO: Cron ran at: 30-06-2026 09:30:11 PM [] []
[2026-06-30 21:30:25] SlimMonoLogger.INFO: Cron ran at: 30-06-2026 09:30:25 PM [] []
[2026-06-30 21:30:25] SlimMonoLogger.INFO: Cron ran at: 30-06-2026 09:30:25 PM [] []
[2026-06-30 21:30:54] SlimMonoLogger.INFO: Cron ran at: 30-06-2026 09:30:54 PM [] []
[2026-06-30 21:31:29] SlimMonoLogger.INFO: Cron ran at: 30-06-2026 09:31:29 PM [] []
[2026-06-30 21:31:38] SlimMonoLogger.INFO: Cron ran at: 30-06-2026 09:31:38 PM [] []
[2026-06-30 21:31:51] SlimMonoLogger.INFO: Cron ran at: 30-06-2026 09:31:51 PM [] []
[2026-06-30 21:32:08] SlimMonoLogger.INFO: Cron ran at: 30-06-2026 09:32:08 PM [] []
[2026-06-30 21:32:26] SlimMonoLogger.INFO: Cron ran at: 30-06-2026 09:32:26 PM [] []
[2026-06-30 21:32:27] SlimMonoLogger.INFO: Cron ran at: 30-06-2026 09:32:27 PM [] []
[2026-06-30 21:32:37] SlimMonoLogger.INFO: Cron ran at: 30-06-2026 09:32:37 PM [] []
[2026-06-30 21:32:57] SlimMonoLogger.INFO: Cron ran at: 30-06-2026 09:32:57 PM [] []
[2026-06-30 21:33:25] SlimMonoLogger.INFO: Cron ran at: 30-06-2026 09:33:25 PM [] []
[2026-06-30 21:33:25] SlimMonoLogger.INFO: Cron ran at: 30-06-2026 09:33:25 PM [] []
[2026-06-30 21:33:37] SlimMonoLogger.INFO: Cron ran at: 30-06-2026 09:33:37 PM [] []
[2026-06-30 21:33:48] SlimMonoLogger.INFO: Cron ran at: 30-06-2026 09:33:48 PM [] []
[2026-06-30 21:34:26] SlimMonoLogger.INFO: Cron ran at: 30-06-2026 09:34:26 PM [] []
[2026-06-30 21:34:27] SlimMonoLogger.INFO: Cron ran at: 30-06-2026 09:34:27 PM [] []
[2026-06-30 21:34:31] SlimMonoLogger.INFO: Cron ran at: 30-06-2026 09:34:31 PM [] []
[2026-06-30 21:34:42] SlimMonoLogger.INFO: Cron ran at: 30-06-2026 09:34:42 PM [] []
[2026-06-30 21:35:32] SlimMonoLogger.INFO: Cron ran at: 30-06-2026 09:35:32 PM [] []
[2026-06-30 21:35:34] SlimMonoLogger.INFO: Cron ran at: 30-06-2026 09:35:34 PM [] []
[2026-06-30 21:35:39] SlimMonoLogger.INFO: Cron ran at: 30-06-2026 09:35:39 PM [] []
[2026-06-30 21:35:49] SlimMonoLogger.INFO: Cron ran at: 30-06-2026 09:35:49 PM [] []
[2026-06-30 21:36:35] SlimMonoLogger.INFO: Cron ran at: 30-06-2026 09:36:35 PM [] []
[2026-06-30 21:36:35] SlimMonoLogger.INFO: Cron ran at: 30-06-2026 09:36:35 PM [] []
[2026-06-30 21:36:36] SlimMonoLogger.INFO: Cron ran at: 30-06-2026 09:36:36 PM [] []
[2026-06-30 21:36:38] SlimMonoLogger.INFO: Cron ran at: 30-06-2026 09:36:38 PM [] []
[2026-06-30 21:37:28] SlimMonoLogger.INFO: Cron ran at: 30-06-2026 09:37:28 PM [] []
[2026-06-30 21:37:29] SlimMonoLogger.INFO: Cron ran at: 30-06-2026 09:37:29 PM [] []
[2026-06-30 21:37:30] SlimMonoLogger.INFO: Cron ran at: 30-06-2026 09:37:30 PM [] []
[2026-06-30 21:37:35] SlimMonoLogger.INFO: Cron ran at: 30-06-2026 09:37:35 PM [] []
[2026-06-30 21:38:25] SlimMonoLogger.INFO: Cron ran at: 30-06-2026 09:38:25 PM [] []
[2026-06-30 21:38:26] SlimMonoLogger.INFO: Cron ran at: 30-06-2026 09:38:26 PM [] []
[2026-06-30 21:38:27] SlimMonoLogger.INFO: Cron ran at: 30-06-2026 09:38:27 PM [] []
[2026-06-30 21:38:35] SlimMonoLogger.INFO: Cron ran at: 30-06-2026 09:38:35 PM [] []
[2026-06-30 21:39:14] SlimMonoLogger.INFO: Cron ran at: 30-06-2026 09:39:14 PM [] []
[2026-06-30 21:39:24] SlimMonoLogger.INFO: Cron ran at: 30-06-2026 09:39:24 PM [] []
[2026-06-30 21:39:25] SlimMonoLogger.INFO: Cron ran at: 30-06-2026 09:39:25 PM [] []
[2026-06-30 21:39:32] SlimMonoLogger.INFO: Cron ran at: 30-06-2026 09:39:32 PM [] []
[2026-06-30 21:40:09] SlimMonoLogger.INFO: Cron ran at: 30-06-2026 09:40:09 PM [] []
[2026-06-30 21:40:18] SlimMonoLogger.INFO: Cron ran at: 30-06-2026 09:40:18 PM [] []
[2026-06-30 21:40:19] SlimMonoLogger.INFO: Cron ran at: 30-06-2026 09:40:19 PM [] []
[2026-06-30 21:40:21] SlimMonoLogger.INFO: Cron ran at: 30-06-2026 09:40:21 PM [] []
[2026-06-30 21:40:56] SlimMonoLogger.INFO: Cron ran at: 30-06-2026 09:40:56 PM [] []
[2026-06-30 21:41:14] SlimMonoLogger.INFO: Cron ran at: 30-06-2026 09:41:14 PM [] []
[2026-06-30 21:41:25] SlimMonoLogger.INFO: Cron ran at: 30-06-2026 09:41:25 PM [] []
[2026-06-30 21:41:48] SlimMonoLogger.INFO: Cron ran at: 30-06-2026 09:41:48 PM [] []
[2026-06-30 21:41:50] SlimMonoLogger.INFO: Cron ran at: 30-06-2026 09:41:50 PM [] []
[2026-06-30 21:42:16] SlimMonoLogger.INFO: Cron ran at: 30-06-2026 09:42:16 PM [] []
[2026-06-30 21:42:27] SlimMonoLogger.INFO: Cron ran at: 30-06-2026 09:42:27 PM [] []
[2026-06-30 21:42:42] SlimMonoLogger.INFO: Cron ran at: 30-06-2026 09:42:42 PM [] []
[2026-06-30 21:42:43] SlimMonoLogger.INFO: Cron ran at: 30-06-2026 09:42:43 PM [] []
[2026-06-30 21:43:11] SlimMonoLogger.INFO: Cron ran at: 30-06-2026 09:43:11 PM [] []
[2026-06-30 21:43:25] SlimMonoLogger.INFO: Cron ran at: 30-06-2026 09:43:25 PM [] []
[2026-06-30 21:43:32] SlimMonoLogger.INFO: Cron ran at: 30-06-2026 09:43:32 PM [] []
[2026-06-30 21:43:44] SlimMonoLogger.INFO: Cron ran at: 30-06-2026 09:43:44 PM [] []
[2026-06-30 21:44:16] SlimMonoLogger.INFO: Cron ran at: 30-06-2026 09:44:16 PM [] []
[2026-06-30 21:44:24] SlimMonoLogger.INFO: Cron ran at: 30-06-2026 09:44:24 PM [] []
[2026-06-30 21:44:30] SlimMonoLogger.INFO: Cron ran at: 30-06-2026 09:44:30 PM [] []
[2026-06-30 21:44:45] SlimMonoLogger.INFO: Cron ran at: 30-06-2026 09:44:45 PM [] []
[2026-06-30 21:45:15] SlimMonoLogger.INFO: Cron ran at: 30-06-2026 09:45:15 PM [] []
[2026-06-30 21:45:20] SlimMonoLogger.INFO: Cron ran at: 30-06-2026 09:45:20 PM [] []
[2026-06-30 21:45:23] SlimMonoLogger.INFO: Cron ran at: 30-06-2026 09:45:23 PM [] []
[2026-06-30 21:45:46] SlimMonoLogger.INFO: Cron ran at: 30-06-2026 09:45:46 PM [] []
[2026-06-30 21:46:18] SlimMonoLogger.INFO: Cron ran at: 30-06-2026 09:46:18 PM [] []
[2026-06-30 21:46:21] SlimMonoLogger.INFO: Cron ran at: 30-06-2026 09:46:21 PM [] []
[2026-06-30 21:46:40] SlimMonoLogger.INFO: Cron ran at: 30-06-2026 09:46:40 PM [] []
[2026-06-30 21:46:44] SlimMonoLogger.INFO: Cron ran at: 30-06-2026 09:46:44 PM [] []
[2026-06-30 21:47:13] SlimMonoLogger.INFO: Cron ran at: 30-06-2026 09:47:13 PM [] []
[2026-06-30 21:47:14] SlimMonoLogger.INFO: Cron ran at: 30-06-2026 09:47:14 PM [] []
[2026-06-30 21:47:34] SlimMonoLogger.INFO: Cron ran at: 30-06-2026 09:47:34 PM [] []
[2026-06-30 21:47:42] SlimMonoLogger.INFO: Cron ran at: 30-06-2026 09:47:42 PM [] []
[2026-06-30 21:48:10] SlimMonoLogger.INFO: Cron ran at: 30-06-2026 09:48:10 PM [] []
[2026-06-30 21:48:18] SlimMonoLogger.INFO: Cron ran at: 30-06-2026 09:48:18 PM [] []
[2026-06-30 21:48:18] SlimMonoLogger.INFO: Cron ran at: 30-06-2026 09:48:18 PM [] []
[2026-06-30 21:48:43] SlimMonoLogger.INFO: Cron ran at: 30-06-2026 09:48:43 PM [] []
[2026-06-30 21:49:10] SlimMonoLogger.INFO: Cron ran at: 30-06-2026 09:49:10 PM [] []
[2026-06-30 21:49:12] SlimMonoLogger.INFO: Cron ran at: 30-06-2026 09:49:12 PM [] []
[2026-06-30 21:49:13] SlimMonoLogger.INFO: Cron ran at: 30-06-2026 09:49:13 PM [] []
[2026-06-30 21:49:42] SlimMonoLogger.ERROR: Requests_Exception: cURL error 35: Recv failure: Connection reset by peer in /home/latihtal/public_html/agregator1/src/vendor/rmccue/requests/library/Requests/Transport/cURL.php:422
Stack trace:
#0 /home/latihtal/public_html/agregator1/src/vendor/rmccue/requests/library/Requests/Transport/cURL.php(177): Requests_Transport_cURL->process_response()
#1 /home/latihtal/public_html/agregator1/src/vendor/rmccue/requests/library/Requests.php(379): Requests_Transport_cURL->request()
#2 /home/latihtal/public_html/agregator1/src/vendor/rmccue/requests/library/Requests/Session.php(205): Requests::request()
#3 /home/latihtal/public_html/agregator1/src/vendor/rmccue/requests/library/Requests/Session.php(132): Requests_Session->request()
#4 /home/latihtal/public_html/agregator1/src/drivers/Http/RssImporter.php(144): Requests_Session->get()
#5 /home/latihtal/public_html/agregator1/src/controllers/Dashboard/DashboardFeedsController.php(534): spark\drivers\Http\RssImporter->fetchPosts()
#6 /home/latihtal/public_html/agregator1/src/controllers/Site/SiteController.php(722): spark\controllers\Dashboard\DashboardFeedsController::importFeedPosts()
#7 [internal function]: spark\controllers\Site\SiteController->runTasks()
#8 /home/latihtal/public_html/agregator1/src/framework/Route.php(173): call_user_func_array()
#9 [internal function]: Slim\Route->Slim\{closure}()
#10 /home/latihtal/public_html/agregator1/src/framework/Route.php(468): call_user_func_array()
#11 /home/latihtal/public_html/agregator1/src/framework/Slim.php(1364): Slim\Route->dispatch()
#12 /home/latihtal/public_html/agregator1/src/framework/Middleware/Flash.php(85): Slim\Slim->call()
#13 /home/latihtal/public_html/agregator1/src/framework/Middleware/MethodOverride.php(92): Slim\Middleware\Flash->call()
#14 /home/latihtal/public_html/agregator1/src/middlewares/CsrfGuard/CsrfGuard.php(47): Slim\Middleware\MethodOverride->call()
#15 /home/latihtal/public_html/agregator1/src/framework/Middleware/PrettyExceptions.php(67): spark\middlewares\CsrfGuard\CsrfGuard->call()
#16 /home/latihtal/public_html/agregator1/src/framework/Slim.php(1308): Slim\Middleware\PrettyExceptions->call()
#17 /home/latihtal/public_html/agregator1/index.php(6): Slim\Slim->run()
#18 {main} [] []
[2026-06-30 21:50:00] SlimMonoLogger.INFO: Cron ran at: 30-06-2026 09:50:00 PM [] []
[2026-06-30 21:50:22] SlimMonoLogger.INFO: Cron ran at: 30-06-2026 09:50:22 PM [] []
[2026-06-30 21:50:22] SlimMonoLogger.INFO: Cron ran at: 30-06-2026 09:50:22 PM [] []
[2026-06-30 21:51:02] SlimMonoLogger.INFO: Cron ran at: 30-06-2026 09:51:02 PM [] []
[2026-06-30 21:51:20] SlimMonoLogger.INFO: Cron ran at: 30-06-2026 09:51:20 PM [] []
[2026-06-30 21:51:24] SlimMonoLogger.INFO: Cron ran at: 30-06-2026 09:51:24 PM [] []
[2026-06-30 21:52:18] SlimMonoLogger.INFO: Cron ran at: 30-06-2026 09:52:18 PM [] []
[2026-06-30 21:52:19] SlimMonoLogger.INFO: Cron ran at: 30-06-2026 09:52:19 PM [] []
[2026-06-30 21:52:22] SlimMonoLogger.INFO: Cron ran at: 30-06-2026 09:52:22 PM [] []
[2026-06-30 21:52:22] SlimMonoLogger.INFO: Cron ran at: 30-06-2026 09:52:22 PM [] []
[2026-06-30 21:52:57] SlimMonoLogger.INFO: Cron ran at: 30-06-2026 09:52:57 PM [] []
[2026-06-30 21:53:10] SlimMonoLogger.INFO: Cron ran at: 30-06-2026 09:53:10 PM [] []
[2026-06-30 21:53:11] SlimMonoLogger.INFO: Cron ran at: 30-06-2026 09:53:11 PM [] []
[2026-06-30 21:53:18] SlimMonoLogger.INFO: Cron ran at: 30-06-2026 09:53:18 PM [] []
[2026-06-30 21:53:53] SlimMonoLogger.INFO: Cron ran at: 30-06-2026 09:53:53 PM [] []
[2026-06-30 21:53:57] SlimMonoLogger.INFO: Cron ran at: 30-06-2026 09:53:57 PM [] []
[2026-06-30 21:53:58] SlimMonoLogger.INFO: Cron ran at: 30-06-2026 09:53:58 PM [] []
[2026-06-30 21:54:14] SlimMonoLogger.INFO: Cron ran at: 30-06-2026 09:54:14 PM [] []
[2026-06-30 21:54:54] SlimMonoLogger.INFO: Cron ran at: 30-06-2026 09:54:54 PM [] []
[2026-06-30 21:54:55] SlimMonoLogger.INFO: Cron ran at: 30-06-2026 09:54:55 PM [] []
[2026-06-30 21:55:00] SlimMonoLogger.INFO: Cron ran at: 30-06-2026 09:55:00 PM [] []
[2026-06-30 21:55:19] SlimMonoLogger.INFO: Cron ran at: 30-06-2026 09:55:19 PM [] []
[2026-06-30 21:55:46] SlimMonoLogger.INFO: Cron ran at: 30-06-2026 09:55:46 PM [] []
[2026-06-30 21:55:59] SlimMonoLogger.INFO: Cron ran at: 30-06-2026 09:55:59 PM [] []
[2026-06-30 21:56:11] SlimMonoLogger.INFO: Cron ran at: 30-06-2026 09:56:11 PM [] []
[2026-06-30 21:56:50] SlimMonoLogger.INFO: Cron ran at: 30-06-2026 09:56:50 PM [] []
[2026-06-30 21:56:50] SlimMonoLogger.INFO: Cron ran at: 30-06-2026 09:56:50 PM [] []
[2026-06-30 21:56:59] SlimMonoLogger.INFO: Cron ran at: 30-06-2026 09:56:59 PM [] []
[2026-06-30 21:57:12] SlimMonoLogger.INFO: Cron ran at: 30-06-2026 09:57:12 PM [] []
[2026-06-30 21:57:35] SlimMonoLogger.INFO: Cron ran at: 30-06-2026 09:57:35 PM [] []
[2026-06-30 21:57:35] SlimMonoLogger.INFO: Cron ran at: 30-06-2026 09:57:35 PM [] []
[2026-06-30 21:57:59] SlimMonoLogger.INFO: Cron ran at: 30-06-2026 09:57:59 PM [] []
[2026-06-30 21:58:08] SlimMonoLogger.ERROR: Requests_Exception: cURL error 28: Operation timed out after 500007 milliseconds with 15824 bytes received in /home/latihtal/public_html/agregator1/src/vendor/rmccue/requests/library/Requests/Transport/cURL.php:422
Stack trace:
#0 /home/latihtal/public_html/agregator1/src/vendor/rmccue/requests/library/Requests/Transport/cURL.php(177): Requests_Transport_cURL->process_response()
#1 /home/latihtal/public_html/agregator1/src/vendor/rmccue/requests/library/Requests.php(379): Requests_Transport_cURL->request()
#2 /home/latihtal/public_html/agregator1/src/vendor/rmccue/requests/library/Requests/Session.php(205): Requests::request()
#3 /home/latihtal/public_html/agregator1/src/vendor/rmccue/requests/library/Requests/Session.php(132): Requests_Session->request()
#4 /home/latihtal/public_html/agregator1/src/drivers/Http/RssImporter.php(144): Requests_Session->get()
#5 /home/latihtal/public_html/agregator1/src/controllers/Dashboard/DashboardFeedsController.php(534): spark\drivers\Http\RssImporter->fetchPosts()
#6 /home/latihtal/public_html/agregator1/src/controllers/Site/SiteController.php(722): spark\controllers\Dashboard\DashboardFeedsController::importFeedPosts()
#7 [internal function]: spark\controllers\Site\SiteController->runTasks()
#8 /home/latihtal/public_html/agregator1/src/framework/Route.php(173): call_user_func_array()
#9 [internal function]: Slim\Route->Slim\{closure}()
#10 /home/latihtal/public_html/agregator1/src/framework/Route.php(468): call_user_func_array()
#11 /home/latihtal/public_html/agregator1/src/framework/Slim.php(1364): Slim\Route->dispatch()
#12 /home/latihtal/public_html/agregator1/src/framework/Middleware/Flash.php(85): Slim\Slim->call()
#13 /home/latihtal/public_html/agregator1/src/framework/Middleware/MethodOverride.php(92): Slim\Middleware\Flash->call()
#14 /home/latihtal/public_html/agregator1/src/middlewares/CsrfGuard/CsrfGuard.php(47): Slim\Middleware\MethodOverride->call()
#15 /home/latihtal/public_html/agregator1/src/framework/Middleware/PrettyExceptions.php(67): spark\middlewares\CsrfGuard\CsrfGuard->call()
#16 /home/latihtal/public_html/agregator1/src/framework/Slim.php(1308): Slim\Middleware\PrettyExceptions->call()
#17 /home/latihtal/public_html/agregator1/index.php(6): Slim\Slim->run()
#18 {main} [] []
[2026-06-30 21:58:10] SlimMonoLogger.INFO: Cron ran at: 30-06-2026 09:58:10 PM [] []
[2026-06-30 21:58:31] SlimMonoLogger.INFO: Cron ran at: 30-06-2026 09:58:31 PM [] []
[2026-06-30 21:58:33] SlimMonoLogger.INFO: Cron ran at: 30-06-2026 09:58:33 PM [] []
[2026-06-30 21:58:42] SlimMonoLogger.INFO: Cron ran at: 30-06-2026 09:58:42 PM [] []
[2026-06-30 21:58:57] SlimMonoLogger.INFO: Cron ran at: 30-06-2026 09:58:57 PM [] []
[2026-06-30 21:59:07] SlimMonoLogger.INFO: Cron ran at: 30-06-2026 09:59:07 PM [] []
[2026-06-30 21:59:17] SlimMonoLogger.INFO: Cron ran at: 30-06-2026 09:59:17 PM [] []
[2026-06-30 21:59:26] SlimMonoLogger.INFO: Cron ran at: 30-06-2026 09:59:26 PM [] []
[2026-06-30 21:59:56] SlimMonoLogger.INFO: Cron ran at: 30-06-2026 09:59:56 PM [] []
[2026-06-30 22:00:07] SlimMonoLogger.INFO: Cron ran at: 30-06-2026 10:00:07 PM [] []
[2026-06-30 22:00:09] SlimMonoLogger.INFO: Cron ran at: 30-06-2026 10:00:09 PM [] []
[2026-06-30 22:00:34] SlimMonoLogger.INFO: Cron ran at: 30-06-2026 10:00:34 PM [] []
[2026-06-30 22:01:02] SlimMonoLogger.INFO: Cron ran at: 30-06-2026 10:01:02 PM [] []
[2026-06-30 22:01:08] SlimMonoLogger.INFO: Cron ran at: 30-06-2026 10:01:08 PM [] []
[2026-06-30 22:01:40] SlimMonoLogger.INFO: Cron ran at: 30-06-2026 10:01:40 PM [] []
[2026-06-30 22:02:02] SlimMonoLogger.INFO: Cron ran at: 30-06-2026 10:02:02 PM [] []
[2026-06-30 22:02:03] SlimMonoLogger.INFO: Cron ran at: 30-06-2026 10:02:03 PM [] []
[2026-06-30 22:02:04] SlimMonoLogger.INFO: Cron ran at: 30-06-2026 10:02:04 PM [] []
[2026-06-30 22:02:30] SlimMonoLogger.INFO: Cron ran at: 30-06-2026 10:02:30 PM [] []
[2026-06-30 22:02:50] SlimMonoLogger.INFO: Cron ran at: 30-06-2026 10:02:50 PM [] []
[2026-06-30 22:02:54] SlimMonoLogger.INFO: Cron ran at: 30-06-2026 10:02:54 PM [] []
[2026-06-30 22:02:55] SlimMonoLogger.INFO: Cron ran at: 30-06-2026 10:02:55 PM [] []
[2026-06-30 22:03:21] SlimMonoLogger.INFO: Cron ran at: 30-06-2026 10:03:21 PM [] []
[2026-06-30 22:03:44] SlimMonoLogger.INFO: Cron ran at: 30-06-2026 10:03:44 PM [] []
[2026-06-30 22:03:48] SlimMonoLogger.INFO: Cron ran at: 30-06-2026 10:03:48 PM [] []
[2026-06-30 22:03:55] SlimMonoLogger.INFO: Cron ran at: 30-06-2026 10:03:55 PM [] []
[2026-06-30 22:04:26] SlimMonoLogger.INFO: Cron ran at: 30-06-2026 10:04:26 PM [] []
[2026-06-30 22:04:37] SlimMonoLogger.INFO: Cron ran at: 30-06-2026 10:04:37 PM [] []
[2026-06-30 22:04:54] SlimMonoLogger.INFO: Cron ran at: 30-06-2026 10:04:54 PM [] []
[2026-06-30 22:04:55] SlimMonoLogger.INFO: Cron ran at: 30-06-2026 10:04:55 PM [] []
[2026-06-30 22:05:23] SlimMonoLogger.INFO: Cron ran at: 30-06-2026 10:05:23 PM [] []
[2026-06-30 22:05:30] SlimMonoLogger.INFO: Cron ran at: 30-06-2026 10:05:30 PM [] []
[2026-06-30 22:05:55] SlimMonoLogger.INFO: Cron ran at: 30-06-2026 10:05:55 PM [] []
[2026-06-30 22:06:39] SlimMonoLogger.INFO: Cron ran at: 30-06-2026 10:06:39 PM [] []
[2026-06-30 22:06:39] SlimMonoLogger.INFO: Cron ran at: 30-06-2026 10:06:39 PM [] []
[2026-06-30 22:06:50] SlimMonoLogger.INFO: Cron ran at: 30-06-2026 10:06:50 PM [] []
[2026-06-30 22:06:52] SlimMonoLogger.INFO: Cron ran at: 30-06-2026 10:06:52 PM [] []
[2026-06-30 22:07:18] SlimMonoLogger.INFO: Cron ran at: 30-06-2026 10:07:18 PM [] []
[2026-06-30 22:07:22] SlimMonoLogger.INFO: Cron ran at: 30-06-2026 10:07:22 PM [] []
[2026-06-30 22:07:38] SlimMonoLogger.INFO: Cron ran at: 30-06-2026 10:07:38 PM [] []
[2026-06-30 22:07:51] SlimMonoLogger.INFO: Cron ran at: 30-06-2026 10:07:51 PM [] []
[2026-06-30 22:08:19] SlimMonoLogger.INFO: Cron ran at: 30-06-2026 10:08:19 PM [] []
[2026-06-30 22:08:24] SlimMonoLogger.INFO: Cron ran at: 30-06-2026 10:08:24 PM [] []
[2026-06-30 22:08:29] SlimMonoLogger.INFO: Cron ran at: 30-06-2026 10:08:29 PM [] []
[2026-06-30 22:08:53] SlimMonoLogger.INFO: Cron ran at: 30-06-2026 10:08:53 PM [] []
[2026-06-30 22:09:12] SlimMonoLogger.INFO: Cron ran at: 30-06-2026 10:09:12 PM [] []
[2026-06-30 22:09:20] SlimMonoLogger.INFO: Cron ran at: 30-06-2026 10:09:20 PM [] []
[2026-06-30 22:09:22] SlimMonoLogger.INFO: Cron ran at: 30-06-2026 10:09:22 PM [] []
[2026-06-30 22:09:49] SlimMonoLogger.INFO: Cron ran at: 30-06-2026 10:09:49 PM [] []
[2026-06-30 22:10:18] SlimMonoLogger.INFO: Cron ran at: 30-06-2026 10:10:18 PM [] []
[2026-06-30 22:10:18] SlimMonoLogger.INFO: Cron ran at: 30-06-2026 10:10:18 PM [] []
[2026-06-30 22:10:19] SlimMonoLogger.INFO: Cron ran at: 30-06-2026 10:10:19 PM [] []
[2026-06-30 22:11:01] SlimMonoLogger.INFO: Cron ran at: 30-06-2026 10:11:01 PM [] []
[2026-06-30 22:11:17] SlimMonoLogger.INFO: Cron ran at: 30-06-2026 10:11:17 PM [] []
[2026-06-30 22:11:19] SlimMonoLogger.INFO: Cron ran at: 30-06-2026 10:11:19 PM [] []
[2026-06-30 22:11:40] SlimMonoLogger.INFO: Cron ran at: 30-06-2026 10:11:40 PM [] []
[2026-06-30 22:11:50] SlimMonoLogger.INFO: Cron ran at: 30-06-2026 10:11:50 PM [] []
[2026-06-30 22:12:11] SlimMonoLogger.INFO: Cron ran at: 30-06-2026 10:12:11 PM [] []
[2026-06-30 22:12:13] SlimMonoLogger.INFO: Cron ran at: 30-06-2026 10:12:13 PM [] []
[2026-06-30 22:12:25] SlimMonoLogger.INFO: Cron ran at: 30-06-2026 10:12:25 PM [] []
[2026-06-30 22:12:54] SlimMonoLogger.INFO: Cron ran at: 30-06-2026 10:12:54 PM [] []
[2026-06-30 22:13:07] SlimMonoLogger.INFO: Cron ran at: 30-06-2026 10:13:07 PM [] []
[2026-06-30 22:13:15] SlimMonoLogger.INFO: Cron ran at: 30-06-2026 10:13:15 PM [] []
[2026-06-30 22:13:20] SlimMonoLogger.INFO: Cron ran at: 30-06-2026 10:13:20 PM [] []
[2026-06-30 22:13:55] SlimMonoLogger.INFO: Cron ran at: 30-06-2026 10:13:55 PM [] []
[2026-06-30 22:14:06] SlimMonoLogger.INFO: Cron ran at: 30-06-2026 10:14:06 PM [] []
[2026-06-30 22:14:12] SlimMonoLogger.INFO: Cron ran at: 30-06-2026 10:14:12 PM [] []
[2026-06-30 22:14:16] SlimMonoLogger.INFO: Cron ran at: 30-06-2026 10:14:16 PM [] []
[2026-06-30 22:14:54] SlimMonoLogger.INFO: Cron ran at: 30-06-2026 10:14:54 PM [] []
[2026-06-30 22:15:05] SlimMonoLogger.INFO: Cron ran at: 30-06-2026 10:15:05 PM [] []
[2026-06-30 22:15:07] SlimMonoLogger.INFO: Cron ran at: 30-06-2026 10:15:07 PM [] []
[2026-06-30 22:15:13] SlimMonoLogger.INFO: Cron ran at: 30-06-2026 10:15:13 PM [] []
[2026-06-30 22:16:07] SlimMonoLogger.INFO: Cron ran at: 30-06-2026 10:16:07 PM [] []
[2026-06-30 22:16:07] SlimMonoLogger.INFO: Cron ran at: 30-06-2026 10:16:07 PM [] []
[2026-06-30 22:16:21] SlimMonoLogger.INFO: Cron ran at: 30-06-2026 10:16:21 PM [] []
[2026-06-30 22:16:29] SlimMonoLogger.INFO: Cron ran at: 30-06-2026 10:16:29 PM [] []
[2026-06-30 22:16:58] SlimMonoLogger.INFO: Cron ran at: 30-06-2026 10:16:58 PM [] []
[2026-06-30 22:17:06] SlimMonoLogger.INFO: Cron ran at: 30-06-2026 10:17:06 PM [] []
[2026-06-30 22:17:15] SlimMonoLogger.INFO: Cron ran at: 30-06-2026 10:17:15 PM [] []
[2026-06-30 22:17:16] SlimMonoLogger.INFO: Cron ran at: 30-06-2026 10:17:16 PM [] []
[2026-06-30 22:17:57] SlimMonoLogger.INFO: Cron ran at: 30-06-2026 10:17:57 PM [] []
[2026-06-30 22:18:05] SlimMonoLogger.INFO: Cron ran at: 30-06-2026 10:18:05 PM [] []
[2026-06-30 22:18:08] SlimMonoLogger.INFO: Cron ran at: 30-06-2026 10:18:08 PM [] []
[2026-06-30 22:18:18] SlimMonoLogger.INFO: Cron ran at: 30-06-2026 10:18:18 PM [] []
[2026-06-30 22:19:15] SlimMonoLogger.INFO: Cron ran at: 30-06-2026 10:19:15 PM [] []
[2026-06-30 22:19:23] SlimMonoLogger.INFO: Cron ran at: 30-06-2026 10:19:23 PM [] []
[2026-06-30 22:19:25] SlimMonoLogger.INFO: Cron ran at: 30-06-2026 10:19:25 PM [] []
[2026-06-30 22:19:31] SlimMonoLogger.INFO: Cron ran at: 30-06-2026 10:19:31 PM [] []
[2026-06-30 22:20:06] SlimMonoLogger.INFO: Cron ran at: 30-06-2026 10:20:06 PM [] []
[2026-06-30 22:20:08] SlimMonoLogger.INFO: Cron ran at: 30-06-2026 10:20:08 PM [] []
[2026-06-30 22:20:16] SlimMonoLogger.INFO: Cron ran at: 30-06-2026 10:20:16 PM [] []
[2026-06-30 22:20:29] SlimMonoLogger.INFO: Cron ran at: 30-06-2026 10:20:29 PM [] []
[2026-06-30 22:21:03] SlimMonoLogger.INFO: Cron ran at: 30-06-2026 10:21:03 PM [] []
[2026-06-30 22:21:06] SlimMonoLogger.INFO: Cron ran at: 30-06-2026 10:21:06 PM [] []
[2026-06-30 22:21:20] SlimMonoLogger.INFO: Cron ran at: 30-06-2026 10:21:20 PM [] []
[2026-06-30 22:21:57] SlimMonoLogger.INFO: Cron ran at: 30-06-2026 10:21:57 PM [] []
[2026-06-30 22:22:03] SlimMonoLogger.INFO: Cron ran at: 30-06-2026 10:22:03 PM [] []
[2026-06-30 22:22:07] SlimMonoLogger.INFO: Cron ran at: 30-06-2026 10:22:07 PM [] []
[2026-06-30 22:22:19] SlimMonoLogger.INFO: Cron ran at: 30-06-2026 10:22:19 PM [] []
[2026-06-30 22:23:07] SlimMonoLogger.INFO: Cron ran at: 30-06-2026 10:23:07 PM [] []
[2026-06-30 22:23:09] SlimMonoLogger.INFO: Cron ran at: 30-06-2026 10:23:09 PM [] []
[2026-06-30 22:23:13] SlimMonoLogger.INFO: Cron ran at: 30-06-2026 10:23:13 PM [] []
[2026-06-30 22:23:19] SlimMonoLogger.INFO: Cron ran at: 30-06-2026 10:23:19 PM [] []
[2026-06-30 22:23:48] SlimMonoLogger.INFO: Cron ran at: 30-06-2026 10:23:48 PM [] []
[2026-06-30 22:23:49] SlimMonoLogger.INFO: Cron ran at: 30-06-2026 10:23:49 PM [] []
[2026-06-30 22:23:58] SlimMonoLogger.INFO: Cron ran at: 30-06-2026 10:23:58 PM [] []
[2026-06-30 22:24:14] SlimMonoLogger.INFO: Cron ran at: 30-06-2026 10:24:14 PM [] []
[2026-06-30 22:24:38] SlimMonoLogger.INFO: Cron ran at: 30-06-2026 10:24:38 PM [] []
[2026-06-30 22:24:49] SlimMonoLogger.INFO: Cron ran at: 30-06-2026 10:24:49 PM [] []
[2026-06-30 22:24:57] SlimMonoLogger.INFO: Cron ran at: 30-06-2026 10:24:57 PM [] []
[2026-06-30 22:25:16] SlimMonoLogger.INFO: Cron ran at: 30-06-2026 10:25:16 PM [] []
[2026-06-30 22:25:34] SlimMonoLogger.INFO: Cron ran at: 30-06-2026 10:25:34 PM [] []
[2026-06-30 22:25:51] SlimMonoLogger.INFO: Cron ran at: 30-06-2026 10:25:51 PM [] []
[2026-06-30 22:25:53] SlimMonoLogger.INFO: Cron ran at: 30-06-2026 10:25:53 PM [] []
[2026-06-30 22:26:24] SlimMonoLogger.INFO: Cron ran at: 30-06-2026 10:26:24 PM [] []
[2026-06-30 22:26:24] SlimMonoLogger.INFO: Cron ran at: 30-06-2026 10:26:24 PM [] []
[2026-06-30 22:26:48] SlimMonoLogger.INFO: Cron ran at: 30-06-2026 10:26:48 PM [] []
[2026-06-30 22:26:57] SlimMonoLogger.INFO: Cron ran at: 30-06-2026 10:26:57 PM [] []
[2026-06-30 22:27:18] SlimMonoLogger.INFO: Cron ran at: 30-06-2026 10:27:18 PM [] []
[2026-06-30 22:27:25] SlimMonoLogger.INFO: Cron ran at: 30-06-2026 10:27:25 PM [] []
[2026-06-30 22:27:51] SlimMonoLogger.INFO: Cron ran at: 30-06-2026 10:27:51 PM [] []
[2026-06-30 22:28:00] SlimMonoLogger.INFO: Cron ran at: 30-06-2026 10:28:00 PM [] []
[2026-06-30 22:28:11] SlimMonoLogger.INFO: Cron ran at: 30-06-2026 10:28:11 PM [] []
[2026-06-30 22:28:19] SlimMonoLogger.INFO: Cron ran at: 30-06-2026 10:28:19 PM [] []
[2026-06-30 22:28:47] SlimMonoLogger.INFO: Cron ran at: 30-06-2026 10:28:47 PM [] []
[2026-06-30 22:28:52] SlimMonoLogger.INFO: Cron ran at: 30-06-2026 10:28:52 PM [] []
[2026-06-30 22:28:54] SlimMonoLogger.INFO: Cron ran at: 30-06-2026 10:28:54 PM [] []
[2026-06-30 22:29:10] SlimMonoLogger.INFO: Cron ran at: 30-06-2026 10:29:10 PM [] []
[2026-06-30 22:29:46] SlimMonoLogger.INFO: Cron ran at: 30-06-2026 10:29:46 PM [] []
[2026-06-30 22:29:50] SlimMonoLogger.INFO: Cron ran at: 30-06-2026 10:29:50 PM [] []
[2026-06-30 22:29:54] SlimMonoLogger.INFO: Cron ran at: 30-06-2026 10:29:54 PM [] []
[2026-06-30 22:30:14] SlimMonoLogger.INFO: Cron ran at: 30-06-2026 10:30:14 PM [] []
[2026-06-30 22:30:47] SlimMonoLogger.INFO: Cron ran at: 30-06-2026 10:30:47 PM [] []
[2026-06-30 22:30:49] SlimMonoLogger.INFO: Cron ran at: 30-06-2026 10:30:49 PM [] []
[2026-06-30 22:31:14] SlimMonoLogger.INFO: Cron ran at: 30-06-2026 10:31:14 PM [] []
[2026-06-30 22:31:42] SlimMonoLogger.INFO: Cron ran at: 30-06-2026 10:31:42 PM [] []
[2026-06-30 22:31:43] SlimMonoLogger.INFO: Cron ran at: 30-06-2026 10:31:43 PM [] []
[2026-06-30 22:31:43] SlimMonoLogger.INFO: Cron ran at: 30-06-2026 10:31:43 PM [] []
[2026-06-30 22:32:11] SlimMonoLogger.INFO: Cron ran at: 30-06-2026 10:32:11 PM [] []
[2026-06-30 22:32:45] SlimMonoLogger.INFO: Cron ran at: 30-06-2026 10:32:45 PM [] []
[2026-06-30 22:32:45] SlimMonoLogger.INFO: Cron ran at: 30-06-2026 10:32:45 PM [] []
[2026-06-30 22:32:46] SlimMonoLogger.INFO: Cron ran at: 30-06-2026 10:32:46 PM [] []
[2026-06-30 22:33:14] SlimMonoLogger.INFO: Cron ran at: 30-06-2026 10:33:14 PM [] []
[2026-06-30 22:33:30] SlimMonoLogger.INFO: Cron ran at: 30-06-2026 10:33:30 PM [] []
[2026-06-30 22:33:33] SlimMonoLogger.INFO: Cron ran at: 30-06-2026 10:33:33 PM [] []
[2026-06-30 22:33:43] SlimMonoLogger.INFO: Cron ran at: 30-06-2026 10:33:43 PM [] []
[2026-06-30 22:34:14] SlimMonoLogger.INFO: Cron ran at: 30-06-2026 10:34:14 PM [] []
[2026-06-30 22:34:20] SlimMonoLogger.INFO: Cron ran at: 30-06-2026 10:34:20 PM [] []
[2026-06-30 22:34:33] SlimMonoLogger.INFO: Cron ran at: 30-06-2026 10:34:33 PM [] []
[2026-06-30 22:34:45] SlimMonoLogger.INFO: Cron ran at: 30-06-2026 10:34:45 PM [] []
[2026-06-30 22:35:19] SlimMonoLogger.INFO: Cron ran at: 30-06-2026 10:35:19 PM [] []
[2026-06-30 22:35:22] SlimMonoLogger.INFO: Cron ran at: 30-06-2026 10:35:22 PM [] []
[2026-06-30 22:35:38] SlimMonoLogger.INFO: Cron ran at: 30-06-2026 10:35:38 PM [] []
[2026-06-30 22:36:15] SlimMonoLogger.INFO: Cron ran at: 30-06-2026 10:36:15 PM [] []
[2026-06-30 22:36:16] SlimMonoLogger.INFO: Cron ran at: 30-06-2026 10:36:16 PM [] []
[2026-06-30 22:36:42] SlimMonoLogger.INFO: Cron ran at: 30-06-2026 10:36:42 PM [] []
[2026-06-30 22:37:05] SlimMonoLogger.INFO: Cron ran at: 30-06-2026 10:37:05 PM [] []
[2026-06-30 22:37:07] SlimMonoLogger.INFO: Cron ran at: 30-06-2026 10:37:07 PM [] []
[2026-06-30 22:37:10] SlimMonoLogger.INFO: Cron ran at: 30-06-2026 10:37:10 PM [] []
[2026-06-30 22:37:33] SlimMonoLogger.INFO: Cron ran at: 30-06-2026 10:37:33 PM [] []
[2026-06-30 22:37:55] SlimMonoLogger.INFO: Cron ran at: 30-06-2026 10:37:55 PM [] []
[2026-06-30 22:38:09] SlimMonoLogger.INFO: Cron ran at: 30-06-2026 10:38:09 PM [] []
[2026-06-30 22:38:13] SlimMonoLogger.INFO: Cron ran at: 30-06-2026 10:38:13 PM [] []
[2026-06-30 22:38:38] SlimMonoLogger.INFO: Cron ran at: 30-06-2026 10:38:38 PM [] []
[2026-06-30 22:38:48] SlimMonoLogger.INFO: Cron ran at: 30-06-2026 10:38:48 PM [] []
[2026-06-30 22:39:05] SlimMonoLogger.INFO: Cron ran at: 30-06-2026 10:39:05 PM [] []
[2026-06-30 22:39:17] SlimMonoLogger.INFO: Cron ran at: 30-06-2026 10:39:17 PM [] []
[2026-06-30 22:39:39] SlimMonoLogger.INFO: Cron ran at: 30-06-2026 10:39:39 PM [] []
[2026-06-30 22:39:44] SlimMonoLogger.INFO: Cron ran at: 30-06-2026 10:39:44 PM [] []
[2026-06-30 22:40:04] SlimMonoLogger.INFO: Cron ran at: 30-06-2026 10:40:04 PM [] []
[2026-06-30 22:40:13] SlimMonoLogger.INFO: Cron ran at: 30-06-2026 10:40:13 PM [] []
[2026-06-30 22:40:36] SlimMonoLogger.INFO: Cron ran at: 30-06-2026 10:40:36 PM [] []
[2026-06-30 22:40:38] SlimMonoLogger.INFO: Cron ran at: 30-06-2026 10:40:38 PM [] []
[2026-06-30 22:41:01] SlimMonoLogger.INFO: Cron ran at: 30-06-2026 10:41:01 PM [] []
[2026-06-30 22:41:39] SlimMonoLogger.INFO: Cron ran at: 30-06-2026 10:41:39 PM [] []
[2026-06-30 22:41:41] SlimMonoLogger.INFO: Cron ran at: 30-06-2026 10:41:41 PM [] []
[2026-06-30 22:41:42] SlimMonoLogger.INFO: Cron ran at: 30-06-2026 10:41:42 PM [] []
[2026-06-30 22:42:05] SlimMonoLogger.INFO: Cron ran at: 30-06-2026 10:42:05 PM [] []
[2026-06-30 22:42:37] SlimMonoLogger.INFO: Cron ran at: 30-06-2026 10:42:37 PM [] []
[2026-06-30 22:42:38] SlimMonoLogger.INFO: Cron ran at: 30-06-2026 10:42:38 PM [] []
[2026-06-30 22:42:38] SlimMonoLogger.INFO: Cron ran at: 30-06-2026 10:42:38 PM [] []
[2026-06-30 22:42:58] SlimMonoLogger.INFO: Cron ran at: 30-06-2026 10:42:58 PM [] []
[2026-06-30 22:43:24] SlimMonoLogger.INFO: Cron ran at: 30-06-2026 10:43:24 PM [] []
[2026-06-30 22:43:27] SlimMonoLogger.INFO: Cron ran at: 30-06-2026 10:43:27 PM [] []
[2026-06-30 22:43:36] SlimMonoLogger.INFO: Cron ran at: 30-06-2026 10:43:36 PM [] []
[2026-06-30 22:44:13] SlimMonoLogger.INFO: Cron ran at: 30-06-2026 10:44:13 PM [] []
[2026-06-30 22:44:20] SlimMonoLogger.INFO: Cron ran at: 30-06-2026 10:44:20 PM [] []
[2026-06-30 22:44:22] SlimMonoLogger.INFO: Cron ran at: 30-06-2026 10:44:22 PM [] []
[2026-06-30 22:44:47] SlimMonoLogger.INFO: Cron ran at: 30-06-2026 10:44:47 PM [] []
[2026-06-30 22:45:11] SlimMonoLogger.INFO: Cron ran at: 30-06-2026 10:45:11 PM [] []
[2026-06-30 22:45:16] SlimMonoLogger.INFO: Cron ran at: 30-06-2026 10:45:16 PM [] []
[2026-06-30 22:45:28] SlimMonoLogger.INFO: Cron ran at: 30-06-2026 10:45:28 PM [] []
[2026-06-30 22:46:08] SlimMonoLogger.INFO: Cron ran at: 30-06-2026 10:46:08 PM [] []
[2026-06-30 22:46:08] SlimMonoLogger.INFO: Cron ran at: 30-06-2026 10:46:08 PM [] []
[2026-06-30 22:46:23] SlimMonoLogger.INFO: Cron ran at: 30-06-2026 10:46:23 PM [] []
[2026-06-30 22:46:24] SlimMonoLogger.INFO: Cron ran at: 30-06-2026 10:46:24 PM [] []
[2026-06-30 22:46:53] SlimMonoLogger.INFO: Cron ran at: 30-06-2026 10:46:53 PM [] []
[2026-06-30 22:47:04] SlimMonoLogger.INFO: Cron ran at: 30-06-2026 10:47:04 PM [] []
[2026-06-30 22:47:05] SlimMonoLogger.INFO: Cron ran at: 30-06-2026 10:47:05 PM [] []
[2026-06-30 22:47:22] SlimMonoLogger.INFO: Cron ran at: 30-06-2026 10:47:22 PM [] []
[2026-06-30 22:47:50] SlimMonoLogger.INFO: Cron ran at: 30-06-2026 10:47:50 PM [] []
[2026-06-30 22:48:06] SlimMonoLogger.INFO: Cron ran at: 30-06-2026 10:48:06 PM [] []
[2026-06-30 22:48:09] SlimMonoLogger.INFO: Cron ran at: 30-06-2026 10:48:09 PM [] []
[2026-06-30 22:48:23] SlimMonoLogger.INFO: Cron ran at: 30-06-2026 10:48:23 PM [] []
[2026-06-30 22:48:43] SlimMonoLogger.INFO: Cron ran at: 30-06-2026 10:48:43 PM [] []
[2026-06-30 22:48:59] SlimMonoLogger.INFO: Cron ran at: 30-06-2026 10:48:59 PM [] []
[2026-06-30 22:49:08] SlimMonoLogger.INFO: Cron ran at: 30-06-2026 10:49:08 PM [] []
[2026-06-30 22:49:20] SlimMonoLogger.INFO: Cron ran at: 30-06-2026 10:49:20 PM [] []
[2026-06-30 22:49:29] SlimMonoLogger.INFO: Cron ran at: 30-06-2026 10:49:29 PM [] []
[2026-06-30 22:49:50] SlimMonoLogger.INFO: Cron ran at: 30-06-2026 10:49:50 PM [] []
[2026-06-30 22:49:59] SlimMonoLogger.INFO: Cron ran at: 30-06-2026 10:49:59 PM [] []
[2026-06-30 22:50:20] SlimMonoLogger.INFO: Cron ran at: 30-06-2026 10:50:20 PM [] []
[2026-06-30 22:50:22] SlimMonoLogger.INFO: Cron ran at: 30-06-2026 10:50:22 PM [] []
[2026-06-30 22:50:57] SlimMonoLogger.INFO: Cron ran at: 30-06-2026 10:50:57 PM [] []
[2026-06-30 22:51:18] SlimMonoLogger.INFO: Cron ran at: 30-06-2026 10:51:18 PM [] []
[2026-06-30 22:51:18] SlimMonoLogger.INFO: Cron ran at: 30-06-2026 10:51:18 PM [] []
[2026-06-30 22:51:38] SlimMonoLogger.INFO: Cron ran at: 30-06-2026 10:51:38 PM [] []
[2026-06-30 22:51:54] SlimMonoLogger.INFO: Cron ran at: 30-06-2026 10:51:54 PM [] []
[2026-06-30 22:52:14] SlimMonoLogger.INFO: Cron ran at: 30-06-2026 10:52:14 PM [] []
[2026-06-30 22:52:19] SlimMonoLogger.INFO: Cron ran at: 30-06-2026 10:52:19 PM [] []
[2026-06-30 22:52:25] SlimMonoLogger.INFO: Cron ran at: 30-06-2026 10:52:25 PM [] []
[2026-06-30 22:52:53] SlimMonoLogger.INFO: Cron ran at: 30-06-2026 10:52:53 PM [] []
[2026-06-30 22:53:14] SlimMonoLogger.INFO: Cron ran at: 30-06-2026 10:53:14 PM [] []
[2026-06-30 22:53:17] SlimMonoLogger.INFO: Cron ran at: 30-06-2026 10:53:17 PM [] []
[2026-06-30 22:53:20] SlimMonoLogger.INFO: Cron ran at: 30-06-2026 10:53:20 PM [] []
[2026-06-30 22:53:57] SlimMonoLogger.INFO: Cron ran at: 30-06-2026 10:53:57 PM [] []
[2026-06-30 22:54:10] SlimMonoLogger.INFO: Cron ran at: 30-06-2026 10:54:10 PM [] []
[2026-06-30 22:54:12] SlimMonoLogger.INFO: Cron ran at: 30-06-2026 10:54:12 PM [] []
[2026-06-30 22:54:25] SlimMonoLogger.INFO: Cron ran at: 30-06-2026 10:54:25 PM [] []
[2026-06-30 22:55:02] SlimMonoLogger.INFO: Cron ran at: 30-06-2026 10:55:02 PM [] []
[2026-06-30 22:55:07] SlimMonoLogger.INFO: Cron ran at: 30-06-2026 10:55:07 PM [] []
[2026-06-30 22:55:14] SlimMonoLogger.INFO: Cron ran at: 30-06-2026 10:55:14 PM [] []
[2026-06-30 22:55:23] SlimMonoLogger.INFO: Cron ran at: 30-06-2026 10:55:23 PM [] []
[2026-06-30 22:56:02] SlimMonoLogger.INFO: Cron ran at: 30-06-2026 10:56:02 PM [] []
[2026-06-30 22:56:04] SlimMonoLogger.INFO: Cron ran at: 30-06-2026 10:56:04 PM [] []
[2026-06-30 22:56:14] SlimMonoLogger.INFO: Cron ran at: 30-06-2026 10:56:14 PM [] []
[2026-06-30 22:57:01] SlimMonoLogger.INFO: Cron ran at: 30-06-2026 10:57:01 PM [] []
[2026-06-30 22:57:02] SlimMonoLogger.INFO: Cron ran at: 30-06-2026 10:57:02 PM [] []
[2026-06-30 22:57:03] SlimMonoLogger.INFO: Cron ran at: 30-06-2026 10:57:03 PM [] []
[2026-06-30 22:57:16] SlimMonoLogger.INFO: Cron ran at: 30-06-2026 10:57:16 PM [] []
[2026-06-30 22:57:51] SlimMonoLogger.INFO: Cron ran at: 30-06-2026 10:57:51 PM [] []
[2026-06-30 22:57:59] SlimMonoLogger.INFO: Cron ran at: 30-06-2026 10:57:59 PM [] []
[2026-06-30 22:58:00] SlimMonoLogger.INFO: Cron ran at: 30-06-2026 10:58:00 PM [] []
[2026-06-30 22:58:14] SlimMonoLogger.INFO: Cron ran at: 30-06-2026 10:58:14 PM [] []
[2026-06-30 22:58:42] SlimMonoLogger.INFO: Cron ran at: 30-06-2026 10:58:42 PM [] []
[2026-06-30 22:58:53] SlimMonoLogger.INFO: Cron ran at: 30-06-2026 10:58:53 PM [] []
[2026-06-30 22:58:57] SlimMonoLogger.INFO: Cron ran at: 30-06-2026 10:58:57 PM [] []
[2026-06-30 22:59:15] SlimMonoLogger.INFO: Cron ran at: 30-06-2026 10:59:15 PM [] []
[2026-06-30 22:59:31] SlimMonoLogger.INFO: Cron ran at: 30-06-2026 10:59:31 PM [] []
[2026-06-30 22:59:54] SlimMonoLogger.INFO: Cron ran at: 30-06-2026 10:59:54 PM [] []
[2026-06-30 22:59:56] SlimMonoLogger.INFO: Cron ran at: 30-06-2026 10:59:56 PM [] []
[2026-06-30 23:00:16] SlimMonoLogger.INFO: Cron ran at: 30-06-2026 11:00:16 PM [] []
[2026-06-30 23:00:36] SlimMonoLogger.INFO: Cron ran at: 30-06-2026 11:00:36 PM [] []
[2026-06-30 23:01:05] SlimMonoLogger.INFO: Cron ran at: 30-06-2026 11:01:05 PM [] []
[2026-06-30 23:01:22] SlimMonoLogger.INFO: Cron ran at: 30-06-2026 11:01:22 PM [] []
[2026-06-30 23:01:33] SlimMonoLogger.INFO: Cron ran at: 30-06-2026 11:01:33 PM [] []
[2026-06-30 23:02:01] SlimMonoLogger.INFO: Cron ran at: 30-06-2026 11:02:01 PM [] []
[2026-06-30 23:02:12] SlimMonoLogger.INFO: Cron ran at: 30-06-2026 11:02:12 PM [] []
[2026-06-30 23:02:13] SlimMonoLogger.INFO: Cron ran at: 30-06-2026 11:02:13 PM [] []
[2026-06-30 23:02:20] SlimMonoLogger.INFO: Cron ran at: 30-06-2026 11:02:20 PM [] []
[2026-06-30 23:02:53] SlimMonoLogger.INFO: Cron ran at: 30-06-2026 11:02:53 PM [] []
[2026-06-30 23:02:58] SlimMonoLogger.INFO: Cron ran at: 30-06-2026 11:02:58 PM [] []
[2026-06-30 23:03:12] SlimMonoLogger.INFO: Cron ran at: 30-06-2026 11:03:12 PM [] []
[2026-06-30 23:03:12] SlimMonoLogger.INFO: Cron ran at: 30-06-2026 11:03:12 PM [] []
[2026-06-30 23:03:50] SlimMonoLogger.INFO: Cron ran at: 30-06-2026 11:03:50 PM [] []
[2026-06-30 23:03:53] SlimMonoLogger.INFO: Cron ran at: 30-06-2026 11:03:53 PM [] []
[2026-06-30 23:04:08] SlimMonoLogger.INFO: Cron ran at: 30-06-2026 11:04:08 PM [] []
[2026-06-30 23:04:15] SlimMonoLogger.INFO: Cron ran at: 30-06-2026 11:04:15 PM [] []
[2026-06-30 23:04:48] SlimMonoLogger.INFO: Cron ran at: 30-06-2026 11:04:48 PM [] []
[2026-06-30 23:04:52] SlimMonoLogger.INFO: Cron ran at: 30-06-2026 11:04:52 PM [] []
[2026-06-30 23:05:15] SlimMonoLogger.INFO: Cron ran at: 30-06-2026 11:05:15 PM [] []
[2026-06-30 23:05:46] SlimMonoLogger.INFO: Cron ran at: 30-06-2026 11:05:46 PM [] []
[2026-06-30 23:05:53] SlimMonoLogger.INFO: Cron ran at: 30-06-2026 11:05:53 PM [] []
[2026-06-30 23:06:16] SlimMonoLogger.INFO: Cron ran at: 30-06-2026 11:06:16 PM [] []
[2026-06-30 23:06:38] SlimMonoLogger.INFO: Cron ran at: 30-06-2026 11:06:38 PM [] []
[2026-06-30 23:06:52] SlimMonoLogger.INFO: Cron ran at: 30-06-2026 11:06:52 PM [] []
[2026-06-30 23:07:08] SlimMonoLogger.INFO: Cron ran at: 30-06-2026 11:07:08 PM [] []
[2026-06-30 23:07:30] SlimMonoLogger.INFO: Cron ran at: 30-06-2026 11:07:30 PM [] []
[2026-06-30 23:07:53] SlimMonoLogger.INFO: Cron ran at: 30-06-2026 11:07:53 PM [] []
[2026-06-30 23:07:54] SlimMonoLogger.INFO: Cron ran at: 30-06-2026 11:07:54 PM [] []
[2026-06-30 23:08:11] SlimMonoLogger.INFO: Cron ran at: 30-06-2026 11:08:11 PM [] []
[2026-06-30 23:08:31] SlimMonoLogger.INFO: Cron ran at: 30-06-2026 11:08:31 PM [] []
[2026-06-30 23:08:45] SlimMonoLogger.INFO: Cron ran at: 30-06-2026 11:08:45 PM [] []
[2026-06-30 23:08:52] SlimMonoLogger.INFO: Cron ran at: 30-06-2026 11:08:52 PM [] []
[2026-06-30 23:09:11] SlimMonoLogger.INFO: Cron ran at: 30-06-2026 11:09:11 PM [] []
[2026-06-30 23:09:32] SlimMonoLogger.INFO: Cron ran at: 30-06-2026 11:09:32 PM [] []
[2026-06-30 23:09:40] SlimMonoLogger.INFO: Cron ran at: 30-06-2026 11:09:40 PM [] []
[2026-06-30 23:09:54] SlimMonoLogger.INFO: Cron ran at: 30-06-2026 11:09:54 PM [] []
[2026-06-30 23:10:18] SlimMonoLogger.INFO: Cron ran at: 30-06-2026 11:10:18 PM [] []
[2026-06-30 23:10:31] SlimMonoLogger.INFO: Cron ran at: 30-06-2026 11:10:31 PM [] []
[2026-06-30 23:10:33] SlimMonoLogger.INFO: Cron ran at: 30-06-2026 11:10:33 PM [] []
[2026-06-30 23:11:14] SlimMonoLogger.INFO: Cron ran at: 30-06-2026 11:11:14 PM [] []
[2026-06-30 23:11:29] SlimMonoLogger.INFO: Cron ran at: 30-06-2026 11:11:29 PM [] []
[2026-06-30 23:11:31] SlimMonoLogger.INFO: Cron ran at: 30-06-2026 11:11:31 PM [] []
[2026-06-30 23:12:04] SlimMonoLogger.INFO: Cron ran at: 30-06-2026 11:12:04 PM [] []
[2026-06-30 23:12:12] SlimMonoLogger.INFO: Cron ran at: 30-06-2026 11:12:12 PM [] []
[2026-06-30 23:12:28] SlimMonoLogger.INFO: Cron ran at: 30-06-2026 11:12:28 PM [] []
[2026-06-30 23:12:29] SlimMonoLogger.INFO: Cron ran at: 30-06-2026 11:12:29 PM [] []
[2026-06-30 23:12:53] SlimMonoLogger.INFO: Cron ran at: 30-06-2026 11:12:53 PM [] []
[2026-06-30 23:13:14] SlimMonoLogger.INFO: Cron ran at: 30-06-2026 11:13:14 PM [] []
[2026-06-30 23:13:22] SlimMonoLogger.INFO: Cron ran at: 30-06-2026 11:13:22 PM [] []
[2026-06-30 23:13:29] SlimMonoLogger.INFO: Cron ran at: 30-06-2026 11:13:29 PM [] []
[2026-06-30 23:13:42] SlimMonoLogger.INFO: Cron ran at: 30-06-2026 11:13:42 PM [] []
[2026-06-30 23:14:14] SlimMonoLogger.INFO: Cron ran at: 30-06-2026 11:14:14 PM [] []
[2026-06-30 23:14:22] SlimMonoLogger.INFO: Cron ran at: 30-06-2026 11:14:22 PM [] []
[2026-06-30 23:14:24] SlimMonoLogger.INFO: Cron ran at: 30-06-2026 11:14:24 PM [] []
[2026-06-30 23:14:36] SlimMonoLogger.INFO: Cron ran at: 30-06-2026 11:14:36 PM [] []
[2026-06-30 23:14:49] SlimMonoLogger.ERROR: Requests_Exception: cURL error 28: Operation timed out after 500001 milliseconds with 0 bytes received in /home/latihtal/public_html/agregator1/src/vendor/rmccue/requests/library/Requests/Transport/cURL.php:422
Stack trace:
#0 /home/latihtal/public_html/agregator1/src/vendor/rmccue/requests/library/Requests/Transport/cURL.php(177): Requests_Transport_cURL->process_response()
#1 /home/latihtal/public_html/agregator1/src/vendor/rmccue/requests/library/Requests.php(379): Requests_Transport_cURL->request()
#2 /home/latihtal/public_html/agregator1/src/vendor/rmccue/requests/library/Requests/Session.php(205): Requests::request()
#3 /home/latihtal/public_html/agregator1/src/vendor/rmccue/requests/library/Requests/Session.php(132): Requests_Session->request()
#4 /home/latihtal/public_html/agregator1/src/drivers/Http/RssImporter.php(144): Requests_Session->get()
#5 /home/latihtal/public_html/agregator1/src/controllers/Dashboard/DashboardFeedsController.php(534): spark\drivers\Http\RssImporter->fetchPosts()
#6 /home/latihtal/public_html/agregator1/src/controllers/Site/SiteController.php(722): spark\controllers\Dashboard\DashboardFeedsController::importFeedPosts()
#7 [internal function]: spark\controllers\Site\SiteController->runTasks()
#8 /home/latihtal/public_html/agregator1/src/framework/Route.php(173): call_user_func_array()
#9 [internal function]: Slim\Route->Slim\{closure}()
#10 /home/latihtal/public_html/agregator1/src/framework/Route.php(468): call_user_func_array()
#11 /home/latihtal/public_html/agregator1/src/framework/Slim.php(1364): Slim\Route->dispatch()
#12 /home/latihtal/public_html/agregator1/src/framework/Middleware/Flash.php(85): Slim\Slim->call()
#13 /home/latihtal/public_html/agregator1/src/framework/Middleware/MethodOverride.php(92): Slim\Middleware\Flash->call()
#14 /home/latihtal/public_html/agregator1/src/middlewares/CsrfGuard/CsrfGuard.php(47): Slim\Middleware\MethodOverride->call()
#15 /home/latihtal/public_html/agregator1/src/framework/Middleware/PrettyExceptions.php(67): spark\middlewares\CsrfGuard\CsrfGuard->call()
#16 /home/latihtal/public_html/agregator1/src/framework/Slim.php(1308): Slim\Middleware\PrettyExceptions->call()
#17 /home/latihtal/public_html/agregator1/index.php(6): Slim\Slim->run()
#18 {main} [] []
[2026-06-30 23:15:14] SlimMonoLogger.INFO: Cron ran at: 30-06-2026 11:15:14 PM [] []
[2026-06-30 23:15:18] SlimMonoLogger.INFO: Cron ran at: 30-06-2026 11:15:18 PM [] []
[2026-06-30 23:15:20] SlimMonoLogger.INFO: Cron ran at: 30-06-2026 11:15:20 PM [] []
[2026-06-30 23:15:23] SlimMonoLogger.INFO: Cron ran at: 30-06-2026 11:15:23 PM [] []
[2026-06-30 23:15:32] SlimMonoLogger.INFO: Cron ran at: 30-06-2026 11:15:32 PM [] []
[2026-06-30 23:16:25] SlimMonoLogger.INFO: Cron ran at: 30-06-2026 11:16:25 PM [] []
[2026-06-30 23:16:25] SlimMonoLogger.INFO: Cron ran at: 30-06-2026 11:16:25 PM [] []
[2026-06-30 23:16:31] SlimMonoLogger.INFO: Cron ran at: 30-06-2026 11:16:31 PM [] []
[2026-06-30 23:17:08] SlimMonoLogger.INFO: Cron ran at: 30-06-2026 11:17:08 PM [] []
[2026-06-30 23:17:18] SlimMonoLogger.INFO: Cron ran at: 30-06-2026 11:17:18 PM [] []
[2026-06-30 23:17:21] SlimMonoLogger.INFO: Cron ran at: 30-06-2026 11:17:21 PM [] []
[2026-06-30 23:17:27] SlimMonoLogger.INFO: Cron ran at: 30-06-2026 11:17:27 PM [] []
[2026-06-30 23:18:07] SlimMonoLogger.INFO: Cron ran at: 30-06-2026 11:18:07 PM [] []
[2026-06-30 23:18:19] SlimMonoLogger.INFO: Cron ran at: 30-06-2026 11:18:19 PM [] []
[2026-06-30 23:18:22] SlimMonoLogger.INFO: Cron ran at: 30-06-2026 11:18:22 PM [] []
[2026-06-30 23:18:25] SlimMonoLogger.INFO: Cron ran at: 30-06-2026 11:18:25 PM [] []
[2026-06-30 23:18:52] SlimMonoLogger.INFO: Cron ran at: 30-06-2026 11:18:52 PM [] []
[2026-06-30 23:19:22] SlimMonoLogger.INFO: Cron ran at: 30-06-2026 11:19:22 PM [] []
[2026-06-30 23:19:23] SlimMonoLogger.INFO: Cron ran at: 30-06-2026 11:19:23 PM [] []
[2026-06-30 23:19:33] SlimMonoLogger.INFO: Cron ran at: 30-06-2026 11:19:33 PM [] []
[2026-06-30 23:19:44] SlimMonoLogger.INFO: Cron ran at: 30-06-2026 11:19:44 PM [] []
[2026-06-30 23:20:20] SlimMonoLogger.INFO: Cron ran at: 30-06-2026 11:20:20 PM [] []
[2026-06-30 23:20:21] SlimMonoLogger.INFO: Cron ran at: 30-06-2026 11:20:21 PM [] []
[2026-06-30 23:20:29] SlimMonoLogger.INFO: Cron ran at: 30-06-2026 11:20:29 PM [] []
[2026-06-30 23:20:42] SlimMonoLogger.INFO: Cron ran at: 30-06-2026 11:20:42 PM [] []
[2026-06-30 23:21:30] SlimMonoLogger.INFO: Cron ran at: 30-06-2026 11:21:30 PM [] []
[2026-06-30 23:21:30] SlimMonoLogger.INFO: Cron ran at: 30-06-2026 11:21:30 PM [] []
[2026-06-30 23:21:33] SlimMonoLogger.INFO: Cron ran at: 30-06-2026 11:21:33 PM [] []
[2026-06-30 23:21:34] SlimMonoLogger.INFO: Cron ran at: 30-06-2026 11:21:34 PM [] []
[2026-06-30 23:22:18] SlimMonoLogger.INFO: Cron ran at: 30-06-2026 11:22:18 PM [] []
[2026-06-30 23:22:19] SlimMonoLogger.INFO: Cron ran at: 30-06-2026 11:22:19 PM [] []
[2026-06-30 23:22:23] SlimMonoLogger.INFO: Cron ran at: 30-06-2026 11:22:23 PM [] []
[2026-06-30 23:22:23] SlimMonoLogger.INFO: Cron ran at: 30-06-2026 11:22:23 PM [] []
[2026-06-30 23:23:20] SlimMonoLogger.INFO: Cron ran at: 30-06-2026 11:23:20 PM [] []
[2026-06-30 23:23:26] SlimMonoLogger.INFO: Cron ran at: 30-06-2026 11:23:26 PM [] []
[2026-06-30 23:23:26] SlimMonoLogger.INFO: Cron ran at: 30-06-2026 11:23:26 PM [] []
[2026-06-30 23:23:27] SlimMonoLogger.INFO: Cron ran at: 30-06-2026 11:23:27 PM [] []
[2026-06-30 23:24:10] SlimMonoLogger.INFO: Cron ran at: 30-06-2026 11:24:10 PM [] []
[2026-06-30 23:24:19] SlimMonoLogger.INFO: Cron ran at: 30-06-2026 11:24:19 PM [] []
[2026-06-30 23:24:19] SlimMonoLogger.INFO: Cron ran at: 30-06-2026 11:24:19 PM [] []
[2026-06-30 23:24:25] SlimMonoLogger.INFO: Cron ran at: 30-06-2026 11:24:25 PM [] []
[2026-06-30 23:25:07] SlimMonoLogger.INFO: Cron ran at: 30-06-2026 11:25:07 PM [] []
[2026-06-30 23:25:28] SlimMonoLogger.INFO: Cron ran at: 30-06-2026 11:25:28 PM [] []
[2026-06-30 23:25:28] SlimMonoLogger.INFO: Cron ran at: 30-06-2026 11:25:28 PM [] []
[2026-06-30 23:25:28] SlimMonoLogger.INFO: Cron ran at: 30-06-2026 11:25:28 PM [] []
[2026-06-30 23:26:02] SlimMonoLogger.INFO: Cron ran at: 30-06-2026 11:26:02 PM [] []
[2026-06-30 23:26:20] SlimMonoLogger.INFO: Cron ran at: 30-06-2026 11:26:20 PM [] []
[2026-06-30 23:26:24] SlimMonoLogger.INFO: Cron ran at: 30-06-2026 11:26:24 PM [] []
[2026-06-30 23:26:55] SlimMonoLogger.INFO: Cron ran at: 30-06-2026 11:26:55 PM [] []
[2026-06-30 23:27:14] SlimMonoLogger.INFO: Cron ran at: 30-06-2026 11:27:14 PM [] []
[2026-06-30 23:27:16] SlimMonoLogger.INFO: Cron ran at: 30-06-2026 11:27:16 PM [] []
[2026-06-30 23:27:27] SlimMonoLogger.INFO: Cron ran at: 30-06-2026 11:27:27 PM [] []
[2026-06-30 23:27:49] SlimMonoLogger.INFO: Cron ran at: 30-06-2026 11:27:49 PM [] []
[2026-06-30 23:28:01] SlimMonoLogger.INFO: Cron ran at: 30-06-2026 11:28:01 PM [] []
[2026-06-30 23:28:19] SlimMonoLogger.INFO: Cron ran at: 30-06-2026 11:28:19 PM [] []
[2026-06-30 23:28:27] SlimMonoLogger.INFO: Cron ran at: 30-06-2026 11:28:27 PM [] []
[2026-06-30 23:28:48] SlimMonoLogger.INFO: Cron ran at: 30-06-2026 11:28:48 PM [] []
[2026-06-30 23:28:49] SlimMonoLogger.INFO: Cron ran at: 30-06-2026 11:28:49 PM [] []
[2026-06-30 23:29:28] SlimMonoLogger.INFO: Cron ran at: 30-06-2026 11:29:28 PM [] []
[2026-06-30 23:29:28] SlimMonoLogger.INFO: Cron ran at: 30-06-2026 11:29:28 PM [] []
[2026-06-30 23:29:44] SlimMonoLogger.INFO: Cron ran at: 30-06-2026 11:29:44 PM [] []
[2026-06-30 23:29:45] SlimMonoLogger.INFO: Cron ran at: 30-06-2026 11:29:45 PM [] []
[2026-06-30 23:30:27] SlimMonoLogger.INFO: Cron ran at: 30-06-2026 11:30:27 PM [] []
[2026-06-30 23:30:30] SlimMonoLogger.INFO: Cron ran at: 30-06-2026 11:30:30 PM [] []
[2026-06-30 23:30:48] SlimMonoLogger.INFO: Cron ran at: 30-06-2026 11:30:48 PM [] []
[2026-06-30 23:30:51] SlimMonoLogger.INFO: Cron ran at: 30-06-2026 11:30:51 PM [] []
[2026-06-30 23:31:32] SlimMonoLogger.INFO: Cron ran at: 30-06-2026 11:31:32 PM [] []
[2026-06-30 23:31:39] SlimMonoLogger.INFO: Cron ran at: 30-06-2026 11:31:39 PM [] []
[2026-06-30 23:31:39] SlimMonoLogger.INFO: Cron ran at: 30-06-2026 11:31:39 PM [] []
[2026-06-30 23:31:49] SlimMonoLogger.INFO: Cron ran at: 30-06-2026 11:31:49 PM [] []
[2026-06-30 23:32:30] SlimMonoLogger.INFO: Cron ran at: 30-06-2026 11:32:30 PM [] []
[2026-06-30 23:32:30] SlimMonoLogger.INFO: Cron ran at: 30-06-2026 11:32:30 PM [] []
[2026-06-30 23:32:32] SlimMonoLogger.INFO: Cron ran at: 30-06-2026 11:32:32 PM [] []
[2026-06-30 23:32:48] SlimMonoLogger.INFO: Cron ran at: 30-06-2026 11:32:48 PM [] []
[2026-06-30 23:33:25] SlimMonoLogger.INFO: Cron ran at: 30-06-2026 11:33:25 PM [] []
[2026-06-30 23:33:28] SlimMonoLogger.INFO: Cron ran at: 30-06-2026 11:33:28 PM [] []
[2026-06-30 23:33:30] SlimMonoLogger.INFO: Cron ran at: 30-06-2026 11:33:30 PM [] []
[2026-06-30 23:33:42] SlimMonoLogger.INFO: Cron ran at: 30-06-2026 11:33:42 PM [] []
[2026-06-30 23:34:21] SlimMonoLogger.INFO: Cron ran at: 30-06-2026 11:34:21 PM [] []
[2026-06-30 23:34:33] SlimMonoLogger.INFO: Cron ran at: 30-06-2026 11:34:33 PM [] []
[2026-06-30 23:34:33] SlimMonoLogger.INFO: Cron ran at: 30-06-2026 11:34:33 PM [] []
[2026-06-30 23:34:48] SlimMonoLogger.INFO: Cron ran at: 30-06-2026 11:34:48 PM [] []
[2026-06-30 23:35:10] SlimMonoLogger.INFO: Cron ran at: 30-06-2026 11:35:10 PM [] []
[2026-06-30 23:35:32] SlimMonoLogger.INFO: Cron ran at: 30-06-2026 11:35:32 PM [] []
[2026-06-30 23:35:33] SlimMonoLogger.INFO: Cron ran at: 30-06-2026 11:35:33 PM [] []
[2026-06-30 23:35:50] SlimMonoLogger.INFO: Cron ran at: 30-06-2026 11:35:50 PM [] []
[2026-06-30 23:35:56] SlimMonoLogger.INFO: Cron ran at: 30-06-2026 11:35:56 PM [] []
[2026-06-30 23:36:44] SlimMonoLogger.INFO: Cron ran at: 30-06-2026 11:36:44 PM [] []
[2026-06-30 23:36:59] SlimMonoLogger.INFO: Cron ran at: 30-06-2026 11:36:59 PM [] []
[2026-06-30 23:36:59] SlimMonoLogger.INFO: Cron ran at: 30-06-2026 11:36:59 PM [] []
[2026-06-30 23:37:01] SlimMonoLogger.INFO: Cron ran at: 30-06-2026 11:37:01 PM [] []
[2026-06-30 23:37:35] SlimMonoLogger.INFO: Cron ran at: 30-06-2026 11:37:35 PM [] []
[2026-06-30 23:37:42] SlimMonoLogger.INFO: Cron ran at: 30-06-2026 11:37:42 PM [] []
[2026-06-30 23:37:53] SlimMonoLogger.INFO: Cron ran at: 30-06-2026 11:37:53 PM [] []
[2026-06-30 23:37:55] SlimMonoLogger.INFO: Cron ran at: 30-06-2026 11:37:55 PM [] []
[2026-06-30 23:41:42] SlimMonoLogger.INFO: Cron ran at: 30-06-2026 11:41:42 PM [] []
[2026-06-30 23:42:22] SlimMonoLogger.INFO: Cron ran at: 30-06-2026 11:42:22 PM [] []
[2026-06-30 23:43:14] SlimMonoLogger.INFO: Cron ran at: 30-06-2026 11:43:14 PM [] []
[2026-06-30 23:44:03] SlimMonoLogger.INFO: Cron ran at: 30-06-2026 11:44:03 PM [] []
[2026-06-30 23:44:59] SlimMonoLogger.INFO: Cron ran at: 30-06-2026 11:44:59 PM [] []
[2026-06-30 23:45:25] SlimMonoLogger.ERROR: Requests_Exception: cURL error 35: Recv failure: Connection reset by peer in /home/latihtal/public_html/agregator1/src/vendor/rmccue/requests/library/Requests/Transport/cURL.php:422
Stack trace:
#0 /home/latihtal/public_html/agregator1/src/vendor/rmccue/requests/library/Requests/Transport/cURL.php(177): Requests_Transport_cURL->process_response()
#1 /home/latihtal/public_html/agregator1/src/vendor/rmccue/requests/library/Requests.php(379): Requests_Transport_cURL->request()
#2 /home/latihtal/public_html/agregator1/src/vendor/rmccue/requests/library/Requests/Session.php(205): Requests::request()
#3 /home/latihtal/public_html/agregator1/src/vendor/rmccue/requests/library/Requests/Session.php(132): Requests_Session->request()
#4 /home/latihtal/public_html/agregator1/src/drivers/Http/RssImporter.php(144): Requests_Session->get()
#5 /home/latihtal/public_html/agregator1/src/controllers/Dashboard/DashboardFeedsController.php(534): spark\drivers\Http\RssImporter->fetchPosts()
#6 /home/latihtal/public_html/agregator1/src/controllers/Site/SiteController.php(722): spark\controllers\Dashboard\DashboardFeedsController::importFeedPosts()
#7 [internal function]: spark\controllers\Site\SiteController->runTasks()
#8 /home/latihtal/public_html/agregator1/src/framework/Route.php(173): call_user_func_array()
#9 [internal function]: Slim\Route->Slim\{closure}()
#10 /home/latihtal/public_html/agregator1/src/framework/Route.php(468): call_user_func_array()
#11 /home/latihtal/public_html/agregator1/src/framework/Slim.php(1364): Slim\Route->dispatch()
#12 /home/latihtal/public_html/agregator1/src/framework/Middleware/Flash.php(85): Slim\Slim->call()
#13 /home/latihtal/public_html/agregator1/src/framework/Middleware/MethodOverride.php(92): Slim\Middleware\Flash->call()
#14 /home/latihtal/public_html/agregator1/src/middlewares/CsrfGuard/CsrfGuard.php(47): Slim\Middleware\MethodOverride->call()
#15 /home/latihtal/public_html/agregator1/src/framework/Middleware/PrettyExceptions.php(67): spark\middlewares\CsrfGuard\CsrfGuard->call()
#16 /home/latihtal/public_html/agregator1/src/framework/Slim.php(1308): Slim\Middleware\PrettyExceptions->call()
#17 /home/latihtal/public_html/agregator1/index.php(6): Slim\Slim->run()
#18 {main} [] []
[2026-06-30 23:45:54] SlimMonoLogger.INFO: Cron ran at: 30-06-2026 11:45:54 PM [] []
[2026-06-30 23:46:49] SlimMonoLogger.INFO: Cron ran at: 30-06-2026 11:46:49 PM [] []
[2026-06-30 23:46:51] SlimMonoLogger.INFO: Cron ran at: 30-06-2026 11:46:51 PM [] []
[2026-06-30 23:47:38] SlimMonoLogger.INFO: Cron ran at: 30-06-2026 11:47:38 PM [] []
[2026-06-30 23:47:43] SlimMonoLogger.INFO: Cron ran at: 30-06-2026 11:47:43 PM [] []
[2026-06-30 23:48:39] SlimMonoLogger.INFO: Cron ran at: 30-06-2026 11:48:39 PM [] []
[2026-06-30 23:48:49] SlimMonoLogger.INFO: Cron ran at: 30-06-2026 11:48:49 PM [] []
[2026-06-30 23:49:36] SlimMonoLogger.INFO: Cron ran at: 30-06-2026 11:49:36 PM [] []
[2026-06-30 23:49:52] SlimMonoLogger.INFO: Cron ran at: 30-06-2026 11:49:52 PM [] []
[2026-06-30 23:50:26] SlimMonoLogger.INFO: Cron ran at: 30-06-2026 11:50:26 PM [] []
[2026-06-30 23:50:51] SlimMonoLogger.INFO: Cron ran at: 30-06-2026 11:50:51 PM [] []
[2026-06-30 23:51:19] SlimMonoLogger.INFO: Cron ran at: 30-06-2026 11:51:19 PM [] []
[2026-06-30 23:51:48] SlimMonoLogger.INFO: Cron ran at: 30-06-2026 11:51:48 PM [] []
[2026-06-30 23:51:48] SlimMonoLogger.INFO: Cron ran at: 30-06-2026 11:51:48 PM [] []
[2026-06-30 23:52:20] SlimMonoLogger.INFO: Cron ran at: 30-06-2026 11:52:20 PM [] []
[2026-06-30 23:52:41] SlimMonoLogger.INFO: Cron ran at: 30-06-2026 11:52:41 PM [] []
[2026-06-30 23:52:45] SlimMonoLogger.INFO: Cron ran at: 30-06-2026 11:52:45 PM [] []
[2026-06-30 23:53:08] SlimMonoLogger.INFO: Cron ran at: 30-06-2026 11:53:08 PM [] []
[2026-06-30 23:53:29] SlimMonoLogger.INFO: Cron ran at: 30-06-2026 11:53:29 PM [] []
[2026-06-30 23:53:44] SlimMonoLogger.INFO: Cron ran at: 30-06-2026 11:53:44 PM [] []
[2026-06-30 23:54:03] SlimMonoLogger.INFO: Cron ran at: 30-06-2026 11:54:03 PM [] []
[2026-06-30 23:54:21] SlimMonoLogger.INFO: Cron ran at: 30-06-2026 11:54:21 PM [] []
[2026-06-30 23:54:44] SlimMonoLogger.INFO: Cron ran at: 30-06-2026 11:54:44 PM [] []
[2026-06-30 23:55:02] SlimMonoLogger.INFO: Cron ran at: 30-06-2026 11:55:02 PM [] []
[2026-06-30 23:55:16] SlimMonoLogger.INFO: Cron ran at: 30-06-2026 11:55:16 PM [] []
[2026-06-30 23:55:45] SlimMonoLogger.INFO: Cron ran at: 30-06-2026 11:55:45 PM [] []
[2026-06-30 23:56:04] SlimMonoLogger.INFO: Cron ran at: 30-06-2026 11:56:04 PM [] []
[2026-06-30 23:56:14] SlimMonoLogger.INFO: Cron ran at: 30-06-2026 11:56:14 PM [] []
[2026-06-30 23:56:39] SlimMonoLogger.INFO: Cron ran at: 30-06-2026 11:56:39 PM [] []
[2026-06-30 23:56:46] SlimMonoLogger.INFO: Cron ran at: 30-06-2026 11:56:46 PM [] []
[2026-06-30 23:57:03] SlimMonoLogger.INFO: Cron ran at: 30-06-2026 11:57:03 PM [] []
[2026-06-30 23:57:04] SlimMonoLogger.INFO: Cron ran at: 30-06-2026 11:57:04 PM [] []
[2026-06-30 23:57:30] SlimMonoLogger.INFO: Cron ran at: 30-06-2026 11:57:30 PM [] []
[2026-06-30 23:57:44] SlimMonoLogger.INFO: Cron ran at: 30-06-2026 11:57:44 PM [] []
[2026-06-30 23:58:04] SlimMonoLogger.INFO: Cron ran at: 30-06-2026 11:58:04 PM [] []
[2026-06-30 23:58:04] SlimMonoLogger.INFO: Cron ran at: 30-06-2026 11:58:04 PM [] []
[2026-06-30 23:58:17] SlimMonoLogger.INFO: Cron ran at: 30-06-2026 11:58:17 PM [] []
[2026-06-30 23:58:46] SlimMonoLogger.INFO: Cron ran at: 30-06-2026 11:58:46 PM [] []
[2026-06-30 23:58:59] SlimMonoLogger.INFO: Cron ran at: 30-06-2026 11:58:59 PM [] []
[2026-06-30 23:58:59] SlimMonoLogger.INFO: Cron ran at: 30-06-2026 11:58:59 PM [] []
[2026-06-30 23:59:07] SlimMonoLogger.INFO: Cron ran at: 30-06-2026 11:59:07 PM [] []
[2026-06-30 23:59:48] SlimMonoLogger.INFO: Cron ran at: 30-06-2026 11:59:48 PM [] []
[2026-07-01 00:00:00] SlimMonoLogger.INFO: Cron ran at: 01-07-2026 12:00:00 AM [] []
[2026-07-01 00:00:00] SlimMonoLogger.INFO: Cron ran at: 01-07-2026 12:00:00 AM [] []
[2026-07-01 00:00:01] SlimMonoLogger.INFO: Cron ran at: 01-07-2026 12:00:01 AM [] []
[2026-07-01 00:01:02] SlimMonoLogger.INFO: Cron ran at: 01-07-2026 12:01:02 AM [] []
[2026-07-01 00:01:02] SlimMonoLogger.INFO: Cron ran at: 01-07-2026 12:01:02 AM [] []
[2026-07-01 00:01:02] SlimMonoLogger.INFO: Cron ran at: 01-07-2026 12:01:02 AM [] []
[2026-07-01 00:01:55] SlimMonoLogger.INFO: Cron ran at: 01-07-2026 12:01:55 AM [] []
[2026-07-01 00:01:57] SlimMonoLogger.INFO: Cron ran at: 01-07-2026 12:01:57 AM [] []
[2026-07-01 00:02:01] SlimMonoLogger.INFO: Cron ran at: 01-07-2026 12:02:01 AM [] []
[2026-07-01 00:02:01] SlimMonoLogger.INFO: Cron ran at: 01-07-2026 12:02:01 AM [] []
[2026-07-01 00:02:55] SlimMonoLogger.INFO: Cron ran at: 01-07-2026 12:02:55 AM [] []
[2026-07-01 00:03:00] SlimMonoLogger.INFO: Cron ran at: 01-07-2026 12:03:00 AM [] []
[2026-07-01 00:03:07] SlimMonoLogger.INFO: Cron ran at: 01-07-2026 12:03:07 AM [] []
[2026-07-01 00:03:08] SlimMonoLogger.INFO: Cron ran at: 01-07-2026 12:03:08 AM [] []
[2026-07-01 00:03:47] SlimMonoLogger.INFO: Cron ran at: 01-07-2026 12:03:47 AM [] []
[2026-07-01 00:03:57] SlimMonoLogger.INFO: Cron ran at: 01-07-2026 12:03:57 AM [] []
[2026-07-01 00:04:06] SlimMonoLogger.INFO: Cron ran at: 01-07-2026 12:04:06 AM [] []
[2026-07-01 00:04:08] SlimMonoLogger.INFO: Cron ran at: 01-07-2026 12:04:08 AM [] []
[2026-07-01 00:04:36] SlimMonoLogger.INFO: Cron ran at: 01-07-2026 12:04:36 AM [] []
[2026-07-01 00:04:58] SlimMonoLogger.INFO: Cron ran at: 01-07-2026 12:04:58 AM [] []
[2026-07-01 00:05:15] SlimMonoLogger.INFO: Cron ran at: 01-07-2026 12:05:15 AM [] []
[2026-07-01 00:05:15] SlimMonoLogger.INFO: Cron ran at: 01-07-2026 12:05:15 AM [] []
[2026-07-01 00:05:34] SlimMonoLogger.INFO: Cron ran at: 01-07-2026 12:05:34 AM [] []
[2026-07-01 00:05:59] SlimMonoLogger.INFO: Cron ran at: 01-07-2026 12:05:59 AM [] []
[2026-07-01 00:06:08] SlimMonoLogger.INFO: Cron ran at: 01-07-2026 12:06:08 AM [] []
[2026-07-01 00:06:26] SlimMonoLogger.INFO: Cron ran at: 01-07-2026 12:06:26 AM [] []
[2026-07-01 00:06:48] SlimMonoLogger.INFO: Cron ran at: 01-07-2026 12:06:48 AM [] []
[2026-07-01 00:07:04] SlimMonoLogger.INFO: Cron ran at: 01-07-2026 12:07:04 AM [] []
[2026-07-01 00:07:05] SlimMonoLogger.INFO: Cron ran at: 01-07-2026 12:07:05 AM [] []
[2026-07-01 00:07:12] SlimMonoLogger.INFO: Cron ran at: 01-07-2026 12:07:12 AM [] []
[2026-07-01 00:07:48] SlimMonoLogger.INFO: Cron ran at: 01-07-2026 12:07:48 AM [] []
[2026-07-01 00:07:50] SlimMonoLogger.INFO: Cron ran at: 01-07-2026 12:07:50 AM [] []
[2026-07-01 00:08:05] SlimMonoLogger.INFO: Cron ran at: 01-07-2026 12:08:05 AM [] []
[2026-07-01 00:08:13] SlimMonoLogger.INFO: Cron ran at: 01-07-2026 12:08:13 AM [] []
[2026-07-01 00:08:47] SlimMonoLogger.INFO: Cron ran at: 01-07-2026 12:08:47 AM [] []
[2026-07-01 00:08:48] SlimMonoLogger.INFO: Cron ran at: 01-07-2026 12:08:48 AM [] []
[2026-07-01 00:09:03] SlimMonoLogger.INFO: Cron ran at: 01-07-2026 12:09:03 AM [] []
[2026-07-01 00:09:13] SlimMonoLogger.INFO: Cron ran at: 01-07-2026 12:09:13 AM [] []
[2026-07-01 00:09:40] SlimMonoLogger.INFO: Cron ran at: 01-07-2026 12:09:40 AM [] []
[2026-07-01 00:09:50] SlimMonoLogger.INFO: Cron ran at: 01-07-2026 12:09:50 AM [] []
[2026-07-01 00:10:01] SlimMonoLogger.INFO: Cron ran at: 01-07-2026 12:10:01 AM [] []
[2026-07-01 00:10:07] SlimMonoLogger.INFO: Cron ran at: 01-07-2026 12:10:07 AM [] []
[2026-07-01 00:10:34] SlimMonoLogger.INFO: Cron ran at: 01-07-2026 12:10:34 AM [] []
[2026-07-01 00:10:49] SlimMonoLogger.INFO: Cron ran at: 01-07-2026 12:10:49 AM [] []
[2026-07-01 00:11:10] SlimMonoLogger.INFO: Cron ran at: 01-07-2026 12:11:10 AM [] []
[2026-07-01 00:11:33] SlimMonoLogger.INFO: Cron ran at: 01-07-2026 12:11:33 AM [] []
[2026-07-01 00:11:49] SlimMonoLogger.INFO: Cron ran at: 01-07-2026 12:11:49 AM [] []
[2026-07-01 00:11:51] SlimMonoLogger.INFO: Cron ran at: 01-07-2026 12:11:51 AM [] []
[2026-07-01 00:12:11] SlimMonoLogger.INFO: Cron ran at: 01-07-2026 12:12:11 AM [] []
[2026-07-01 00:12:25] SlimMonoLogger.INFO: Cron ran at: 01-07-2026 12:12:25 AM [] []
[2026-07-01 00:12:41] SlimMonoLogger.INFO: Cron ran at: 01-07-2026 12:12:41 AM [] []
[2026-07-01 00:12:46] SlimMonoLogger.INFO: Cron ran at: 01-07-2026 12:12:46 AM [] []
[2026-07-01 00:13:09] SlimMonoLogger.INFO: Cron ran at: 01-07-2026 12:13:09 AM [] []
[2026-07-01 00:13:25] SlimMonoLogger.INFO: Cron ran at: 01-07-2026 12:13:25 AM [] []
[2026-07-01 00:13:33] SlimMonoLogger.INFO: Cron ran at: 01-07-2026 12:13:33 AM [] []
[2026-07-01 00:13:48] SlimMonoLogger.INFO: Cron ran at: 01-07-2026 12:13:48 AM [] []
[2026-07-01 00:14:15] SlimMonoLogger.INFO: Cron ran at: 01-07-2026 12:14:15 AM [] []
[2026-07-01 00:14:17] SlimMonoLogger.INFO: Cron ran at: 01-07-2026 12:14:17 AM [] []
[2026-07-01 00:14:22] SlimMonoLogger.INFO: Cron ran at: 01-07-2026 12:14:22 AM [] []
[2026-07-01 00:14:49] SlimMonoLogger.INFO: Cron ran at: 01-07-2026 12:14:49 AM [] []
[2026-07-01 00:15:11] SlimMonoLogger.INFO: Cron ran at: 01-07-2026 12:15:11 AM [] []
[2026-07-01 00:15:20] SlimMonoLogger.INFO: Cron ran at: 01-07-2026 12:15:20 AM [] []
[2026-07-01 00:15:21] SlimMonoLogger.INFO: Cron ran at: 01-07-2026 12:15:21 AM [] []
[2026-07-01 00:16:12] SlimMonoLogger.INFO: Cron ran at: 01-07-2026 12:16:12 AM [] []
[2026-07-01 00:16:15] SlimMonoLogger.INFO: Cron ran at: 01-07-2026 12:16:15 AM [] []
[2026-07-01 00:16:21] SlimMonoLogger.INFO: Cron ran at: 01-07-2026 12:16:21 AM [] []
[2026-07-01 00:16:27] SlimMonoLogger.INFO: Cron ran at: 01-07-2026 12:16:27 AM [] []
[2026-07-01 00:17:10] SlimMonoLogger.INFO: Cron ran at: 01-07-2026 12:17:10 AM [] []
[2026-07-01 00:17:14] SlimMonoLogger.INFO: Cron ran at: 01-07-2026 12:17:14 AM [] []
[2026-07-01 00:17:15] SlimMonoLogger.INFO: Cron ran at: 01-07-2026 12:17:15 AM [] []
[2026-07-01 00:17:20] SlimMonoLogger.INFO: Cron ran at: 01-07-2026 12:17:20 AM [] []
[2026-07-01 00:18:09] SlimMonoLogger.INFO: Cron ran at: 01-07-2026 12:18:09 AM [] []
[2026-07-01 00:18:09] SlimMonoLogger.INFO: Cron ran at: 01-07-2026 12:18:09 AM [] []
[2026-07-01 00:18:12] SlimMonoLogger.INFO: Cron ran at: 01-07-2026 12:18:12 AM [] []
[2026-07-01 00:18:19] SlimMonoLogger.INFO: Cron ran at: 01-07-2026 12:18:19 AM [] []
[2026-07-01 00:19:05] SlimMonoLogger.INFO: Cron ran at: 01-07-2026 12:19:05 AM [] []
[2026-07-01 00:19:05] SlimMonoLogger.INFO: Cron ran at: 01-07-2026 12:19:05 AM [] []
[2026-07-01 00:19:11] SlimMonoLogger.INFO: Cron ran at: 01-07-2026 12:19:11 AM [] []
[2026-07-01 00:19:20] SlimMonoLogger.INFO: Cron ran at: 01-07-2026 12:19:20 AM [] []
[2026-07-01 00:20:03] SlimMonoLogger.INFO: Cron ran at: 01-07-2026 12:20:03 AM [] []
[2026-07-01 00:20:03] SlimMonoLogger.INFO: Cron ran at: 01-07-2026 12:20:03 AM [] []
[2026-07-01 00:20:07] SlimMonoLogger.INFO: Cron ran at: 01-07-2026 12:20:07 AM [] []
[2026-07-01 00:20:18] SlimMonoLogger.INFO: Cron ran at: 01-07-2026 12:20:18 AM [] []
[2026-07-01 00:20:58] SlimMonoLogger.INFO: Cron ran at: 01-07-2026 12:20:58 AM [] []
[2026-07-01 00:21:05] SlimMonoLogger.INFO: Cron ran at: 01-07-2026 12:21:05 AM [] []
[2026-07-01 00:21:24] SlimMonoLogger.INFO: Cron ran at: 01-07-2026 12:21:24 AM [] []
[2026-07-01 00:21:53] SlimMonoLogger.INFO: Cron ran at: 01-07-2026 12:21:53 AM [] []
[2026-07-01 00:22:02] SlimMonoLogger.INFO: Cron ran at: 01-07-2026 12:22:02 AM [] []
[2026-07-01 00:22:12] SlimMonoLogger.INFO: Cron ran at: 01-07-2026 12:22:12 AM [] []
[2026-07-01 00:22:20] SlimMonoLogger.INFO: Cron ran at: 01-07-2026 12:22:20 AM [] []
[2026-07-01 00:22:47] SlimMonoLogger.INFO: Cron ran at: 01-07-2026 12:22:47 AM [] []
[2026-07-01 00:23:06] SlimMonoLogger.INFO: Cron ran at: 01-07-2026 12:23:06 AM [] []
[2026-07-01 00:23:07] SlimMonoLogger.INFO: Cron ran at: 01-07-2026 12:23:07 AM [] []
[2026-07-01 00:23:19] SlimMonoLogger.INFO: Cron ran at: 01-07-2026 12:23:19 AM [] []
[2026-07-01 00:23:46] SlimMonoLogger.INFO: Cron ran at: 01-07-2026 12:23:46 AM [] []
[2026-07-01 00:23:58] SlimMonoLogger.INFO: Cron ran at: 01-07-2026 12:23:58 AM [] []
[2026-07-01 00:24:01] SlimMonoLogger.INFO: Cron ran at: 01-07-2026 12:24:01 AM [] []
[2026-07-01 00:24:18] SlimMonoLogger.INFO: Cron ran at: 01-07-2026 12:24:18 AM [] []
[2026-07-01 00:24:45] SlimMonoLogger.INFO: Cron ran at: 01-07-2026 12:24:45 AM [] []
[2026-07-01 00:24:45] SlimMonoLogger.INFO: Cron ran at: 01-07-2026 12:24:45 AM [] []
[2026-07-01 00:25:07] SlimMonoLogger.INFO: Cron ran at: 01-07-2026 12:25:07 AM [] []
[2026-07-01 00:25:21] SlimMonoLogger.INFO: Cron ran at: 01-07-2026 12:25:21 AM [] []
[2026-07-01 00:25:45] SlimMonoLogger.INFO: Cron ran at: 01-07-2026 12:25:45 AM [] []
[2026-07-01 00:25:46] SlimMonoLogger.INFO: Cron ran at: 01-07-2026 12:25:46 AM [] []
[2026-07-01 00:26:03] SlimMonoLogger.INFO: Cron ran at: 01-07-2026 12:26:03 AM [] []
[2026-07-01 00:26:41] SlimMonoLogger.INFO: Cron ran at: 01-07-2026 12:26:41 AM [] []
[2026-07-01 00:26:42] SlimMonoLogger.INFO: Cron ran at: 01-07-2026 12:26:42 AM [] []
[2026-07-01 00:26:56] SlimMonoLogger.INFO: Cron ran at: 01-07-2026 12:26:56 AM [] []
[2026-07-01 00:27:06] SlimMonoLogger.INFO: Cron ran at: 01-07-2026 12:27:06 AM [] []
[2026-07-01 00:27:32] SlimMonoLogger.INFO: Cron ran at: 01-07-2026 12:27:32 AM [] []
[2026-07-01 00:27:43] SlimMonoLogger.INFO: Cron ran at: 01-07-2026 12:27:43 AM [] []
[2026-07-01 00:27:45] SlimMonoLogger.INFO: Cron ran at: 01-07-2026 12:27:45 AM [] []
[2026-07-01 00:28:01] SlimMonoLogger.INFO: Cron ran at: 01-07-2026 12:28:01 AM [] []
[2026-07-01 00:28:32] SlimMonoLogger.INFO: Cron ran at: 01-07-2026 12:28:32 AM [] []
[2026-07-01 00:28:38] SlimMonoLogger.INFO: Cron ran at: 01-07-2026 12:28:38 AM [] []
[2026-07-01 00:28:42] SlimMonoLogger.INFO: Cron ran at: 01-07-2026 12:28:42 AM [] []
[2026-07-01 00:29:04] SlimMonoLogger.INFO: Cron ran at: 01-07-2026 12:29:04 AM [] []
[2026-07-01 00:29:30] SlimMonoLogger.INFO: Cron ran at: 01-07-2026 12:29:30 AM [] []
[2026-07-01 00:29:30] SlimMonoLogger.INFO: Cron ran at: 01-07-2026 12:29:30 AM [] []
[2026-07-01 00:29:45] SlimMonoLogger.INFO: Cron ran at: 01-07-2026 12:29:45 AM [] []
[2026-07-01 00:30:08] SlimMonoLogger.INFO: Cron ran at: 01-07-2026 12:30:08 AM [] []
[2026-07-01 00:30:25] SlimMonoLogger.INFO: Cron ran at: 01-07-2026 12:30:25 AM [] []
[2026-07-01 00:30:26] SlimMonoLogger.INFO: Cron ran at: 01-07-2026 12:30:26 AM [] []
[2026-07-01 00:30:55] SlimMonoLogger.INFO: Cron ran at: 01-07-2026 12:30:55 AM [] []
[2026-07-01 00:31:30] SlimMonoLogger.INFO: Cron ran at: 01-07-2026 12:31:30 AM [] []
[2026-07-01 00:31:34] SlimMonoLogger.INFO: Cron ran at: 01-07-2026 12:31:34 AM [] []
[2026-07-01 00:31:46] SlimMonoLogger.INFO: Cron ran at: 01-07-2026 12:31:46 AM [] []
[2026-07-01 00:31:47] SlimMonoLogger.INFO: Cron ran at: 01-07-2026 12:31:47 AM [] []
[2026-07-01 00:32:23] SlimMonoLogger.INFO: Cron ran at: 01-07-2026 12:32:23 AM [] []
[2026-07-01 00:32:30] SlimMonoLogger.INFO: Cron ran at: 01-07-2026 12:32:30 AM [] []
[2026-07-01 00:32:34] SlimMonoLogger.INFO: Cron ran at: 01-07-2026 12:32:34 AM [] []
[2026-07-01 00:32:47] SlimMonoLogger.INFO: Cron ran at: 01-07-2026 12:32:47 AM [] []
[2026-07-01 00:33:15] SlimMonoLogger.INFO: Cron ran at: 01-07-2026 12:33:15 AM [] []
[2026-07-01 00:33:29] SlimMonoLogger.INFO: Cron ran at: 01-07-2026 12:33:29 AM [] []
[2026-07-01 00:33:29] SlimMonoLogger.INFO: Cron ran at: 01-07-2026 12:33:29 AM [] []
[2026-07-01 00:33:49] SlimMonoLogger.INFO: Cron ran at: 01-07-2026 12:33:49 AM [] []
[2026-07-01 00:34:14] SlimMonoLogger.INFO: Cron ran at: 01-07-2026 12:34:14 AM [] []
[2026-07-01 00:34:22] SlimMonoLogger.INFO: Cron ran at: 01-07-2026 12:34:22 AM [] []
[2026-07-01 00:34:31] SlimMonoLogger.INFO: Cron ran at: 01-07-2026 12:34:31 AM [] []
[2026-07-01 00:34:46] SlimMonoLogger.INFO: Cron ran at: 01-07-2026 12:34:46 AM [] []
[2026-07-01 00:35:13] SlimMonoLogger.INFO: Cron ran at: 01-07-2026 12:35:13 AM [] []
[2026-07-01 00:35:15] SlimMonoLogger.INFO: Cron ran at: 01-07-2026 12:35:15 AM [] []
[2026-07-01 00:35:30] SlimMonoLogger.INFO: Cron ran at: 01-07-2026 12:35:30 AM [] []
[2026-07-01 00:36:13] SlimMonoLogger.INFO: Cron ran at: 01-07-2026 12:36:13 AM [] []
[2026-07-01 00:36:14] SlimMonoLogger.INFO: Cron ran at: 01-07-2026 12:36:14 AM [] []
[2026-07-01 00:36:29] SlimMonoLogger.INFO: Cron ran at: 01-07-2026 12:36:29 AM [] []
[2026-07-01 00:37:03] SlimMonoLogger.INFO: Cron ran at: 01-07-2026 12:37:03 AM [] []
[2026-07-01 00:37:07] SlimMonoLogger.INFO: Cron ran at: 01-07-2026 12:37:07 AM [] []
[2026-07-01 00:37:09] SlimMonoLogger.INFO: Cron ran at: 01-07-2026 12:37:09 AM [] []
[2026-07-01 00:37:33] SlimMonoLogger.INFO: Cron ran at: 01-07-2026 12:37:33 AM [] []
[2026-07-01 00:37:56] SlimMonoLogger.INFO: Cron ran at: 01-07-2026 12:37:56 AM [] []
[2026-07-01 00:38:05] SlimMonoLogger.INFO: Cron ran at: 01-07-2026 12:38:05 AM [] []
[2026-07-01 00:38:18] SlimMonoLogger.INFO: Cron ran at: 01-07-2026 12:38:18 AM [] []
[2026-07-01 00:38:33] SlimMonoLogger.INFO: Cron ran at: 01-07-2026 12:38:33 AM [] []
[2026-07-01 00:38:45] SlimMonoLogger.INFO: Cron ran at: 01-07-2026 12:38:45 AM [] []
[2026-07-01 00:39:02] SlimMonoLogger.INFO: Cron ran at: 01-07-2026 12:39:02 AM [] []
[2026-07-01 00:39:15] SlimMonoLogger.INFO: Cron ran at: 01-07-2026 12:39:15 AM [] []
[2026-07-01 00:39:29] SlimMonoLogger.INFO: Cron ran at: 01-07-2026 12:39:29 AM [] []
[2026-07-01 00:39:38] SlimMonoLogger.INFO: Cron ran at: 01-07-2026 12:39:38 AM [] []
[2026-07-01 00:40:00] SlimMonoLogger.INFO: Cron ran at: 01-07-2026 12:40:00 AM [] []
[2026-07-01 00:40:13] SlimMonoLogger.INFO: Cron ran at: 01-07-2026 12:40:13 AM [] []
[2026-07-01 00:40:34] SlimMonoLogger.INFO: Cron ran at: 01-07-2026 12:40:34 AM [] []
[2026-07-01 00:40:34] SlimMonoLogger.INFO: Cron ran at: 01-07-2026 12:40:34 AM [] []
[2026-07-01 00:41:09] SlimMonoLogger.INFO: Cron ran at: 01-07-2026 12:41:09 AM [] []
[2026-07-01 00:41:16] SlimMonoLogger.INFO: Cron ran at: 01-07-2026 12:41:16 AM [] []
[2026-07-01 00:41:32] SlimMonoLogger.INFO: Cron ran at: 01-07-2026 12:41:32 AM [] []
[2026-07-01 00:41:56] SlimMonoLogger.INFO: Cron ran at: 01-07-2026 12:41:56 AM [] []
[2026-07-01 00:42:01] SlimMonoLogger.INFO: Cron ran at: 01-07-2026 12:42:01 AM [] []
[2026-07-01 00:42:14] SlimMonoLogger.INFO: Cron ran at: 01-07-2026 12:42:14 AM [] []
[2026-07-01 00:42:19] SlimMonoLogger.INFO: Cron ran at: 01-07-2026 12:42:19 AM [] []
[2026-07-01 00:42:43] SlimMonoLogger.INFO: Cron ran at: 01-07-2026 12:42:43 AM [] []
[2026-07-01 00:42:59] SlimMonoLogger.INFO: Cron ran at: 01-07-2026 12:42:59 AM [] []
[2026-07-01 00:43:15] SlimMonoLogger.INFO: Cron ran at: 01-07-2026 12:43:15 AM [] []
[2026-07-01 00:43:19] SlimMonoLogger.INFO: Cron ran at: 01-07-2026 12:43:19 AM [] []
[2026-07-01 00:43:44] SlimMonoLogger.INFO: Cron ran at: 01-07-2026 12:43:44 AM [] []
[2026-07-01 00:44:02] SlimMonoLogger.INFO: Cron ran at: 01-07-2026 12:44:02 AM [] []
[2026-07-01 00:44:12] SlimMonoLogger.INFO: Cron ran at: 01-07-2026 12:44:12 AM [] []
[2026-07-01 00:44:16] SlimMonoLogger.INFO: Cron ran at: 01-07-2026 12:44:16 AM [] []
[2026-07-01 00:44:28] SlimMonoLogger.INFO: Cron ran at: 01-07-2026 12:44:28 AM [] []
[2026-07-01 00:45:03] SlimMonoLogger.INFO: Cron ran at: 01-07-2026 12:45:03 AM [] []
[2026-07-01 00:45:12] SlimMonoLogger.INFO: Cron ran at: 01-07-2026 12:45:12 AM [] []
[2026-07-01 00:45:12] SlimMonoLogger.INFO: Cron ran at: 01-07-2026 12:45:12 AM [] []
[2026-07-01 00:45:26] SlimMonoLogger.INFO: Cron ran at: 01-07-2026 12:45:26 AM [] []
[2026-07-01 00:46:04] SlimMonoLogger.INFO: Cron ran at: 01-07-2026 12:46:04 AM [] []
[2026-07-01 00:46:16] SlimMonoLogger.INFO: Cron ran at: 01-07-2026 12:46:16 AM [] []
[2026-07-01 00:46:24] SlimMonoLogger.INFO: Cron ran at: 01-07-2026 12:46:24 AM [] []
[2026-07-01 00:46:46] SlimMonoLogger.INFO: Cron ran at: 01-07-2026 12:46:46 AM [] []
[2026-07-01 00:46:58] SlimMonoLogger.INFO: Cron ran at: 01-07-2026 12:46:58 AM [] []
[2026-07-01 00:47:15] SlimMonoLogger.INFO: Cron ran at: 01-07-2026 12:47:15 AM [] []
[2026-07-01 00:47:16] SlimMonoLogger.INFO: Cron ran at: 01-07-2026 12:47:16 AM [] []
[2026-07-01 00:47:35] SlimMonoLogger.INFO: Cron ran at: 01-07-2026 12:47:35 AM [] []
[2026-07-01 00:48:02] SlimMonoLogger.INFO: Cron ran at: 01-07-2026 12:48:02 AM [] []
[2026-07-01 00:48:12] SlimMonoLogger.INFO: Cron ran at: 01-07-2026 12:48:12 AM [] []
[2026-07-01 00:48:12] SlimMonoLogger.INFO: Cron ran at: 01-07-2026 12:48:12 AM [] []
[2026-07-01 00:48:26] SlimMonoLogger.INFO: Cron ran at: 01-07-2026 12:48:26 AM [] []
[2026-07-01 00:49:00] SlimMonoLogger.INFO: Cron ran at: 01-07-2026 12:49:00 AM [] []
[2026-07-01 00:49:12] SlimMonoLogger.INFO: Cron ran at: 01-07-2026 12:49:12 AM [] []
[2026-07-01 00:49:13] SlimMonoLogger.INFO: Cron ran at: 01-07-2026 12:49:13 AM [] []
[2026-07-01 00:49:21] SlimMonoLogger.INFO: Cron ran at: 01-07-2026 12:49:21 AM [] []
[2026-07-01 00:50:02] SlimMonoLogger.INFO: Cron ran at: 01-07-2026 12:50:02 AM [] []
[2026-07-01 00:50:07] SlimMonoLogger.INFO: Cron ran at: 01-07-2026 12:50:07 AM [] []
[2026-07-01 00:50:08] SlimMonoLogger.INFO: Cron ran at: 01-07-2026 12:50:08 AM [] []
[2026-07-01 00:50:09] SlimMonoLogger.INFO: Cron ran at: 01-07-2026 12:50:09 AM [] []
[2026-07-01 00:51:09] SlimMonoLogger.INFO: Cron ran at: 01-07-2026 12:51:09 AM [] []
[2026-07-01 00:51:14] SlimMonoLogger.INFO: Cron ran at: 01-07-2026 12:51:14 AM [] []
[2026-07-01 00:51:15] SlimMonoLogger.INFO: Cron ran at: 01-07-2026 12:51:15 AM [] []
[2026-07-01 00:52:22] SlimMonoLogger.INFO: Cron ran at: 01-07-2026 12:52:22 AM [] []
[2026-07-01 00:52:23] SlimMonoLogger.INFO: Cron ran at: 01-07-2026 12:52:23 AM [] []
[2026-07-01 00:52:24] SlimMonoLogger.INFO: Cron ran at: 01-07-2026 12:52:24 AM [] []
[2026-07-01 00:52:26] SlimMonoLogger.INFO: Cron ran at: 01-07-2026 12:52:26 AM [] []
[2026-07-01 00:53:08] SlimMonoLogger.INFO: Cron ran at: 01-07-2026 12:53:08 AM [] []
[2026-07-01 00:53:13] SlimMonoLogger.INFO: Cron ran at: 01-07-2026 12:53:13 AM [] []
[2026-07-01 00:53:14] SlimMonoLogger.INFO: Cron ran at: 01-07-2026 12:53:14 AM [] []
[2026-07-01 00:53:16] SlimMonoLogger.INFO: Cron ran at: 01-07-2026 12:53:16 AM [] []
[2026-07-01 00:53:54] SlimMonoLogger.INFO: Cron ran at: 01-07-2026 12:53:54 AM [] []
[2026-07-01 00:54:13] SlimMonoLogger.INFO: Cron ran at: 01-07-2026 12:54:13 AM [] []
[2026-07-01 00:54:15] SlimMonoLogger.INFO: Cron ran at: 01-07-2026 12:54:15 AM [] []
[2026-07-01 00:54:18] SlimMonoLogger.INFO: Cron ran at: 01-07-2026 12:54:18 AM [] []
[2026-07-01 00:54:45] SlimMonoLogger.INFO: Cron ran at: 01-07-2026 12:54:45 AM [] []
[2026-07-01 00:55:05] SlimMonoLogger.INFO: Cron ran at: 01-07-2026 12:55:05 AM [] []
[2026-07-01 00:55:17] SlimMonoLogger.INFO: Cron ran at: 01-07-2026 12:55:17 AM [] []
[2026-07-01 00:55:21] SlimMonoLogger.INFO: Cron ran at: 01-07-2026 12:55:21 AM [] []
[2026-07-01 00:55:43] SlimMonoLogger.INFO: Cron ran at: 01-07-2026 12:55:43 AM [] []
[2026-07-01 00:56:08] SlimMonoLogger.INFO: Cron ran at: 01-07-2026 12:56:08 AM [] []
[2026-07-01 00:56:14] SlimMonoLogger.INFO: Cron ran at: 01-07-2026 12:56:14 AM [] []
[2026-07-01 00:56:40] SlimMonoLogger.INFO: Cron ran at: 01-07-2026 12:56:40 AM [] []
[2026-07-01 00:57:11] SlimMonoLogger.INFO: Cron ran at: 01-07-2026 12:57:11 AM [] []
[2026-07-01 00:57:18] SlimMonoLogger.INFO: Cron ran at: 01-07-2026 12:57:18 AM [] []
[2026-07-01 00:57:20] SlimMonoLogger.INFO: Cron ran at: 01-07-2026 12:57:20 AM [] []
[2026-07-01 00:57:37] SlimMonoLogger.INFO: Cron ran at: 01-07-2026 12:57:37 AM [] []
[2026-07-01 00:58:06] SlimMonoLogger.INFO: Cron ran at: 01-07-2026 12:58:06 AM [] []
[2026-07-01 00:58:11] SlimMonoLogger.INFO: Cron ran at: 01-07-2026 12:58:11 AM [] []
[2026-07-01 00:58:17] SlimMonoLogger.INFO: Cron ran at: 01-07-2026 12:58:17 AM [] []
[2026-07-01 00:58:38] SlimMonoLogger.INFO: Cron ran at: 01-07-2026 12:58:38 AM [] []
[2026-07-01 00:59:07] SlimMonoLogger.INFO: Cron ran at: 01-07-2026 12:59:07 AM [] []
[2026-07-01 00:59:12] SlimMonoLogger.INFO: Cron ran at: 01-07-2026 12:59:12 AM [] []
[2026-07-01 00:59:18] SlimMonoLogger.INFO: Cron ran at: 01-07-2026 12:59:18 AM [] []
[2026-07-01 00:59:33] SlimMonoLogger.INFO: Cron ran at: 01-07-2026 12:59:33 AM [] []
[2026-07-01 00:59:54] SlimMonoLogger.INFO: Cron ran at: 01-07-2026 12:59:54 AM [] []
[2026-07-01 01:00:13] SlimMonoLogger.INFO: Cron ran at: 01-07-2026 01:00:13 AM [] []
[2026-07-01 01:00:19] SlimMonoLogger.INFO: Cron ran at: 01-07-2026 01:00:19 AM [] []
[2026-07-01 01:00:33] SlimMonoLogger.INFO: Cron ran at: 01-07-2026 01:00:33 AM [] []
[2026-07-01 01:00:57] SlimMonoLogger.INFO: Cron ran at: 01-07-2026 01:00:57 AM [] []
[2026-07-01 01:01:18] SlimMonoLogger.INFO: Cron ran at: 01-07-2026 01:01:18 AM [] []
[2026-07-01 01:01:41] SlimMonoLogger.INFO: Cron ran at: 01-07-2026 01:01:41 AM [] []
[2026-07-01 01:01:53] SlimMonoLogger.INFO: Cron ran at: 01-07-2026 01:01:53 AM [] []
[2026-07-01 01:01:53] SlimMonoLogger.INFO: Cron ran at: 01-07-2026 01:01:53 AM [] []
[2026-07-01 01:02:10] SlimMonoLogger.INFO: Cron ran at: 01-07-2026 01:02:10 AM [] []
[2026-07-01 01:02:32] SlimMonoLogger.INFO: Cron ran at: 01-07-2026 01:02:32 AM [] []
[2026-07-01 01:02:34] SlimMonoLogger.INFO: Cron ran at: 01-07-2026 01:02:34 AM [] []
[2026-07-01 01:02:37] SlimMonoLogger.INFO: Cron ran at: 01-07-2026 01:02:37 AM [] []
[2026-07-01 01:03:08] SlimMonoLogger.INFO: Cron ran at: 01-07-2026 01:03:08 AM [] []
[2026-07-01 01:03:20] SlimMonoLogger.INFO: Cron ran at: 01-07-2026 01:03:20 AM [] []
[2026-07-01 01:03:20] SlimMonoLogger.INFO: Cron ran at: 01-07-2026 01:03:20 AM [] []
[2026-07-01 01:03:29] SlimMonoLogger.INFO: Cron ran at: 01-07-2026 01:03:29 AM [] []
[2026-07-01 01:04:01] SlimMonoLogger.INFO: Cron ran at: 01-07-2026 01:04:01 AM [] []
[2026-07-01 01:04:17] SlimMonoLogger.INFO: Cron ran at: 01-07-2026 01:04:17 AM [] []
[2026-07-01 01:04:22] SlimMonoLogger.INFO: Cron ran at: 01-07-2026 01:04:22 AM [] []
[2026-07-01 01:04:26] SlimMonoLogger.INFO: Cron ran at: 01-07-2026 01:04:26 AM [] []
[2026-07-01 01:05:05] SlimMonoLogger.INFO: Cron ran at: 01-07-2026 01:05:05 AM [] []
[2026-07-01 01:05:06] SlimMonoLogger.INFO: Cron ran at: 01-07-2026 01:05:06 AM [] []
[2026-07-01 01:05:22] SlimMonoLogger.INFO: Cron ran at: 01-07-2026 01:05:22 AM [] []
[2026-07-01 01:05:22] SlimMonoLogger.INFO: Cron ran at: 01-07-2026 01:05:22 AM [] []
[2026-07-01 01:06:02] SlimMonoLogger.INFO: Cron ran at: 01-07-2026 01:06:02 AM [] []
[2026-07-01 01:06:22] SlimMonoLogger.INFO: Cron ran at: 01-07-2026 01:06:22 AM [] []
[2026-07-01 01:06:23] SlimMonoLogger.INFO: Cron ran at: 01-07-2026 01:06:23 AM [] []
[2026-07-01 01:06:24] SlimMonoLogger.INFO: Cron ran at: 01-07-2026 01:06:24 AM [] []
[2026-07-01 01:06:57] SlimMonoLogger.INFO: Cron ran at: 01-07-2026 01:06:57 AM [] []
[2026-07-01 01:07:20] SlimMonoLogger.INFO: Cron ran at: 01-07-2026 01:07:20 AM [] []
[2026-07-01 01:07:20] SlimMonoLogger.INFO: Cron ran at: 01-07-2026 01:07:20 AM [] []
[2026-07-01 01:07:23] SlimMonoLogger.INFO: Cron ran at: 01-07-2026 01:07:23 AM [] []
[2026-07-01 01:08:00] SlimMonoLogger.INFO: Cron ran at: 01-07-2026 01:08:00 AM [] []
[2026-07-01 01:08:07] SlimMonoLogger.INFO: Cron ran at: 01-07-2026 01:08:07 AM [] []
[2026-07-01 01:08:26] SlimMonoLogger.INFO: Cron ran at: 01-07-2026 01:08:26 AM [] []
[2026-07-01 01:08:26] SlimMonoLogger.INFO: Cron ran at: 01-07-2026 01:08:26 AM [] []
[2026-07-01 01:08:51] SlimMonoLogger.INFO: Cron ran at: 01-07-2026 01:08:51 AM [] []
[2026-07-01 01:09:00] SlimMonoLogger.INFO: Cron ran at: 01-07-2026 01:09:00 AM [] []
[2026-07-01 01:09:22] SlimMonoLogger.INFO: Cron ran at: 01-07-2026 01:09:22 AM [] []
[2026-07-01 01:09:24] SlimMonoLogger.INFO: Cron ran at: 01-07-2026 01:09:24 AM [] []
[2026-07-01 01:09:49] SlimMonoLogger.INFO: Cron ran at: 01-07-2026 01:09:49 AM [] []
[2026-07-01 01:09:55] SlimMonoLogger.INFO: Cron ran at: 01-07-2026 01:09:55 AM [] []
[2026-07-01 01:10:22] SlimMonoLogger.INFO: Cron ran at: 01-07-2026 01:10:22 AM [] []
[2026-07-01 01:10:23] SlimMonoLogger.INFO: Cron ran at: 01-07-2026 01:10:23 AM [] []
[2026-07-01 01:10:49] SlimMonoLogger.INFO: Cron ran at: 01-07-2026 01:10:49 AM [] []
[2026-07-01 01:10:50] SlimMonoLogger.INFO: Cron ran at: 01-07-2026 01:10:50 AM [] []
[2026-07-01 01:11:29] SlimMonoLogger.INFO: Cron ran at: 01-07-2026 01:11:29 AM [] []
[2026-07-01 01:11:45] SlimMonoLogger.INFO: Cron ran at: 01-07-2026 01:11:45 AM [] []
[2026-07-01 01:11:47] SlimMonoLogger.INFO: Cron ran at: 01-07-2026 01:11:47 AM [] []
[2026-07-01 01:12:10] SlimMonoLogger.INFO: Cron ran at: 01-07-2026 01:12:10 AM [] []
[2026-07-01 01:12:25] SlimMonoLogger.INFO: Cron ran at: 01-07-2026 01:12:25 AM [] []
[2026-07-01 01:12:46] SlimMonoLogger.INFO: Cron ran at: 01-07-2026 01:12:46 AM [] []
[2026-07-01 01:12:46] SlimMonoLogger.INFO: Cron ran at: 01-07-2026 01:12:46 AM [] []
[2026-07-01 01:13:00] SlimMonoLogger.INFO: Cron ran at: 01-07-2026 01:13:00 AM [] []
[2026-07-01 01:13:24] SlimMonoLogger.INFO: Cron ran at: 01-07-2026 01:13:24 AM [] []
[2026-07-01 01:13:41] SlimMonoLogger.INFO: Cron ran at: 01-07-2026 01:13:41 AM [] []
[2026-07-01 01:13:45] SlimMonoLogger.INFO: Cron ran at: 01-07-2026 01:13:45 AM [] []
[2026-07-01 01:13:48] SlimMonoLogger.INFO: Cron ran at: 01-07-2026 01:13:48 AM [] []
[2026-07-01 01:14:29] SlimMonoLogger.INFO: Cron ran at: 01-07-2026 01:14:29 AM [] []
[2026-07-01 01:14:39] SlimMonoLogger.INFO: Cron ran at: 01-07-2026 01:14:39 AM [] []
[2026-07-01 01:14:42] SlimMonoLogger.INFO: Cron ran at: 01-07-2026 01:14:42 AM [] []
[2026-07-01 01:14:43] SlimMonoLogger.INFO: Cron ran at: 01-07-2026 01:14:43 AM [] []
[2026-07-01 01:15:29] SlimMonoLogger.INFO: Cron ran at: 01-07-2026 01:15:29 AM [] []
[2026-07-01 01:15:41] SlimMonoLogger.INFO: Cron ran at: 01-07-2026 01:15:41 AM [] []
[2026-07-01 01:15:42] SlimMonoLogger.INFO: Cron ran at: 01-07-2026 01:15:42 AM [] []
[2026-07-01 01:15:52] SlimMonoLogger.INFO: Cron ran at: 01-07-2026 01:15:52 AM [] []
[2026-07-01 01:16:38] SlimMonoLogger.INFO: Cron ran at: 01-07-2026 01:16:38 AM [] []
[2026-07-01 01:16:45] SlimMonoLogger.INFO: Cron ran at: 01-07-2026 01:16:45 AM [] []
[2026-07-01 01:16:50] SlimMonoLogger.INFO: Cron ran at: 01-07-2026 01:16:50 AM [] []
[2026-07-01 01:17:10] SlimMonoLogger.INFO: Cron ran at: 01-07-2026 01:17:10 AM [] []
[2026-07-01 01:17:32] SlimMonoLogger.INFO: Cron ran at: 01-07-2026 01:17:32 AM [] []
[2026-07-01 01:17:39] SlimMonoLogger.INFO: Cron ran at: 01-07-2026 01:17:39 AM [] []
[2026-07-01 01:17:48] SlimMonoLogger.INFO: Cron ran at: 01-07-2026 01:17:48 AM [] []
[2026-07-01 01:18:04] SlimMonoLogger.INFO: Cron ran at: 01-07-2026 01:18:04 AM [] []
[2026-07-01 01:18:29] SlimMonoLogger.INFO: Cron ran at: 01-07-2026 01:18:29 AM [] []
[2026-07-01 01:18:42] SlimMonoLogger.INFO: Cron ran at: 01-07-2026 01:18:42 AM [] []
[2026-07-01 01:18:51] SlimMonoLogger.INFO: Cron ran at: 01-07-2026 01:18:51 AM [] []
[2026-07-01 01:18:52] SlimMonoLogger.INFO: Cron ran at: 01-07-2026 01:18:52 AM [] []
[2026-07-01 01:19:34] SlimMonoLogger.INFO: Cron ran at: 01-07-2026 01:19:34 AM [] []
[2026-07-01 01:19:44] SlimMonoLogger.INFO: Cron ran at: 01-07-2026 01:19:44 AM [] []
[2026-07-01 01:19:46] SlimMonoLogger.INFO: Cron ran at: 01-07-2026 01:19:46 AM [] []
[2026-07-01 01:19:56] SlimMonoLogger.INFO: Cron ran at: 01-07-2026 01:19:56 AM [] []
[2026-07-01 01:20:43] SlimMonoLogger.INFO: Cron ran at: 01-07-2026 01:20:43 AM [] []
[2026-07-01 01:20:46] SlimMonoLogger.INFO: Cron ran at: 01-07-2026 01:20:46 AM [] []
[2026-07-01 01:20:47] SlimMonoLogger.INFO: Cron ran at: 01-07-2026 01:20:47 AM [] []
[2026-07-01 01:21:40] SlimMonoLogger.INFO: Cron ran at: 01-07-2026 01:21:40 AM [] []
[2026-07-01 01:21:40] SlimMonoLogger.INFO: Cron ran at: 01-07-2026 01:21:40 AM [] []
[2026-07-01 01:21:42] SlimMonoLogger.INFO: Cron ran at: 01-07-2026 01:21:42 AM [] []
[2026-07-01 01:21:43] SlimMonoLogger.INFO: Cron ran at: 01-07-2026 01:21:43 AM [] []
[2026-07-01 01:22:26] SlimMonoLogger.INFO: Cron ran at: 01-07-2026 01:22:26 AM [] []
[2026-07-01 01:22:26] SlimMonoLogger.INFO: Cron ran at: 01-07-2026 01:22:26 AM [] []
[2026-07-01 01:22:27] SlimMonoLogger.INFO: Cron ran at: 01-07-2026 01:22:27 AM [] []
[2026-07-01 01:22:41] SlimMonoLogger.INFO: Cron ran at: 01-07-2026 01:22:41 AM [] []
[2026-07-01 01:23:20] SlimMonoLogger.INFO: Cron ran at: 01-07-2026 01:23:20 AM [] []
[2026-07-01 01:23:23] SlimMonoLogger.INFO: Cron ran at: 01-07-2026 01:23:23 AM [] []
[2026-07-01 01:23:23] SlimMonoLogger.INFO: Cron ran at: 01-07-2026 01:23:23 AM [] []
[2026-07-01 01:23:44] SlimMonoLogger.INFO: Cron ran at: 01-07-2026 01:23:44 AM [] []
[2026-07-01 01:24:11] SlimMonoLogger.INFO: Cron ran at: 01-07-2026 01:24:11 AM [] []
[2026-07-01 01:24:25] SlimMonoLogger.INFO: Cron ran at: 01-07-2026 01:24:25 AM [] []
[2026-07-01 01:24:26] SlimMonoLogger.INFO: Cron ran at: 01-07-2026 01:24:26 AM [] []
[2026-07-01 01:24:44] SlimMonoLogger.INFO: Cron ran at: 01-07-2026 01:24:44 AM [] []
[2026-07-01 01:25:00] SlimMonoLogger.INFO: Cron ran at: 01-07-2026 01:25:00 AM [] []
[2026-07-01 01:25:21] SlimMonoLogger.INFO: Cron ran at: 01-07-2026 01:25:21 AM [] []
[2026-07-01 01:25:21] SlimMonoLogger.INFO: Cron ran at: 01-07-2026 01:25:21 AM [] []
[2026-07-01 01:26:00] SlimMonoLogger.INFO: Cron ran at: 01-07-2026 01:26:00 AM [] []
[2026-07-01 01:26:23] SlimMonoLogger.INFO: Cron ran at: 01-07-2026 01:26:23 AM [] []
[2026-07-01 01:26:26] SlimMonoLogger.INFO: Cron ran at: 01-07-2026 01:26:26 AM [] []
[2026-07-01 01:26:35] SlimMonoLogger.INFO: Cron ran at: 01-07-2026 01:26:35 AM [] []
[2026-07-01 01:26:52] SlimMonoLogger.INFO: Cron ran at: 01-07-2026 01:26:52 AM [] []
[2026-07-01 01:27:18] SlimMonoLogger.INFO: Cron ran at: 01-07-2026 01:27:18 AM [] []
[2026-07-01 01:27:23] SlimMonoLogger.INFO: Cron ran at: 01-07-2026 01:27:23 AM [] []
[2026-07-01 01:27:24] SlimMonoLogger.INFO: Cron ran at: 01-07-2026 01:27:24 AM [] []
[2026-07-01 01:27:55] SlimMonoLogger.INFO: Cron ran at: 01-07-2026 01:27:55 AM [] []
[2026-07-01 01:28:22] SlimMonoLogger.INFO: Cron ran at: 01-07-2026 01:28:22 AM [] []
[2026-07-01 01:28:22] SlimMonoLogger.INFO: Cron ran at: 01-07-2026 01:28:22 AM [] []
[2026-07-01 01:28:25] SlimMonoLogger.INFO: Cron ran at: 01-07-2026 01:28:25 AM [] []
[2026-07-01 01:28:44] SlimMonoLogger.INFO: Cron ran at: 01-07-2026 01:28:44 AM [] []
[2026-07-01 01:29:13] SlimMonoLogger.INFO: Cron ran at: 01-07-2026 01:29:13 AM [] []
[2026-07-01 01:29:22] SlimMonoLogger.INFO: Cron ran at: 01-07-2026 01:29:22 AM [] []
[2026-07-01 01:29:24] SlimMonoLogger.INFO: Cron ran at: 01-07-2026 01:29:24 AM [] []
[2026-07-01 01:29:53] SlimMonoLogger.INFO: Cron ran at: 01-07-2026 01:29:53 AM [] []
[2026-07-01 01:30:22] SlimMonoLogger.INFO: Cron ran at: 01-07-2026 01:30:22 AM [] []
[2026-07-01 01:30:23] SlimMonoLogger.INFO: Cron ran at: 01-07-2026 01:30:23 AM [] []
[2026-07-01 01:30:24] SlimMonoLogger.INFO: Cron ran at: 01-07-2026 01:30:24 AM [] []
[2026-07-01 01:30:46] SlimMonoLogger.INFO: Cron ran at: 01-07-2026 01:30:46 AM [] []
[2026-07-01 01:31:04] SlimMonoLogger.INFO: Cron ran at: 01-07-2026 01:31:04 AM [] []
[2026-07-01 01:31:35] SlimMonoLogger.INFO: Cron ran at: 01-07-2026 01:31:35 AM [] []
[2026-07-01 01:31:53] SlimMonoLogger.INFO: Cron ran at: 01-07-2026 01:31:53 AM [] []
[2026-07-01 01:31:56] SlimMonoLogger.INFO: Cron ran at: 01-07-2026 01:31:56 AM [] []
[2026-07-01 01:31:57] SlimMonoLogger.INFO: Cron ran at: 01-07-2026 01:31:57 AM [] []
[2026-07-01 01:32:27] SlimMonoLogger.INFO: Cron ran at: 01-07-2026 01:32:27 AM [] []
[2026-07-01 01:32:45] SlimMonoLogger.INFO: Cron ran at: 01-07-2026 01:32:45 AM [] []
[2026-07-01 01:32:45] SlimMonoLogger.INFO: Cron ran at: 01-07-2026 01:32:45 AM [] []
[2026-07-01 01:32:54] SlimMonoLogger.INFO: Cron ran at: 01-07-2026 01:32:54 AM [] []
[2026-07-01 01:33:26] SlimMonoLogger.INFO: Cron ran at: 01-07-2026 01:33:26 AM [] []
[2026-07-01 01:33:41] SlimMonoLogger.INFO: Cron ran at: 01-07-2026 01:33:41 AM [] []
[2026-07-01 01:33:48] SlimMonoLogger.INFO: Cron ran at: 01-07-2026 01:33:48 AM [] []
[2026-07-01 01:33:54] SlimMonoLogger.INFO: Cron ran at: 01-07-2026 01:33:54 AM [] []
[2026-07-01 01:34:23] SlimMonoLogger.INFO: Cron ran at: 01-07-2026 01:34:23 AM [] []
[2026-07-01 01:34:29] SlimMonoLogger.INFO: Cron ran at: 01-07-2026 01:34:29 AM [] []
[2026-07-01 01:34:46] SlimMonoLogger.INFO: Cron ran at: 01-07-2026 01:34:46 AM [] []
[2026-07-01 01:34:47] SlimMonoLogger.INFO: Cron ran at: 01-07-2026 01:34:47 AM [] []
[2026-07-01 01:35:23] SlimMonoLogger.INFO: Cron ran at: 01-07-2026 01:35:23 AM [] []
[2026-07-01 01:35:25] SlimMonoLogger.INFO: Cron ran at: 01-07-2026 01:35:25 AM [] []
[2026-07-01 01:35:46] SlimMonoLogger.INFO: Cron ran at: 01-07-2026 01:35:46 AM [] []
[2026-07-01 01:35:49] SlimMonoLogger.INFO: Cron ran at: 01-07-2026 01:35:49 AM [] []
[2026-07-01 01:36:23] SlimMonoLogger.INFO: Cron ran at: 01-07-2026 01:36:23 AM [] []
[2026-07-01 01:36:48] SlimMonoLogger.INFO: Cron ran at: 01-07-2026 01:36:48 AM [] []
[2026-07-01 01:36:53] SlimMonoLogger.INFO: Cron ran at: 01-07-2026 01:36:53 AM [] []
[2026-07-01 01:37:05] SlimMonoLogger.INFO: Cron ran at: 01-07-2026 01:37:05 AM [] []
[2026-07-01 01:37:14] SlimMonoLogger.INFO: Cron ran at: 01-07-2026 01:37:14 AM [] []
[2026-07-01 01:37:43] SlimMonoLogger.INFO: Cron ran at: 01-07-2026 01:37:43 AM [] []
[2026-07-01 01:37:48] SlimMonoLogger.INFO: Cron ran at: 01-07-2026 01:37:48 AM [] []
[2026-07-01 01:37:50] SlimMonoLogger.INFO: Cron ran at: 01-07-2026 01:37:50 AM [] []
[2026-07-01 01:38:11] SlimMonoLogger.INFO: Cron ran at: 01-07-2026 01:38:11 AM [] []
[2026-07-01 01:38:46] SlimMonoLogger.INFO: Cron ran at: 01-07-2026 01:38:46 AM [] []
[2026-07-01 01:38:47] SlimMonoLogger.INFO: Cron ran at: 01-07-2026 01:38:47 AM [] []
[2026-07-01 01:38:48] SlimMonoLogger.INFO: Cron ran at: 01-07-2026 01:38:48 AM [] []
[2026-07-01 01:39:10] SlimMonoLogger.INFO: Cron ran at: 01-07-2026 01:39:10 AM [] []
[2026-07-01 01:39:37] SlimMonoLogger.INFO: Cron ran at: 01-07-2026 01:39:37 AM [] []
[2026-07-01 01:39:43] SlimMonoLogger.INFO: Cron ran at: 01-07-2026 01:39:43 AM [] []
[2026-07-01 01:39:46] SlimMonoLogger.INFO: Cron ran at: 01-07-2026 01:39:46 AM [] []
[2026-07-01 01:40:12] SlimMonoLogger.INFO: Cron ran at: 01-07-2026 01:40:12 AM [] []
[2026-07-01 01:40:35] SlimMonoLogger.INFO: Cron ran at: 01-07-2026 01:40:35 AM [] []
[2026-07-01 01:40:51] SlimMonoLogger.INFO: Cron ran at: 01-07-2026 01:40:51 AM [] []
[2026-07-01 01:41:08] SlimMonoLogger.INFO: Cron ran at: 01-07-2026 01:41:08 AM [] []
[2026-07-01 01:41:30] SlimMonoLogger.INFO: Cron ran at: 01-07-2026 01:41:30 AM [] []
[2026-07-01 01:41:47] SlimMonoLogger.INFO: Cron ran at: 01-07-2026 01:41:47 AM [] []
[2026-07-01 01:41:48] SlimMonoLogger.INFO: Cron ran at: 01-07-2026 01:41:48 AM [] []
[2026-07-01 01:42:09] SlimMonoLogger.INFO: Cron ran at: 01-07-2026 01:42:09 AM [] []
[2026-07-01 01:42:22] SlimMonoLogger.INFO: Cron ran at: 01-07-2026 01:42:22 AM [] []
[2026-07-01 01:42:33] SlimMonoLogger.INFO: Cron ran at: 01-07-2026 01:42:33 AM [] []
[2026-07-01 01:42:57] SlimMonoLogger.INFO: Cron ran at: 01-07-2026 01:42:57 AM [] []
[2026-07-01 01:43:10] SlimMonoLogger.INFO: Cron ran at: 01-07-2026 01:43:10 AM [] []
[2026-07-01 01:43:22] SlimMonoLogger.INFO: Cron ran at: 01-07-2026 01:43:22 AM [] []
[2026-07-01 01:43:25] SlimMonoLogger.INFO: Cron ran at: 01-07-2026 01:43:25 AM [] []
[2026-07-01 01:43:55] SlimMonoLogger.INFO: Cron ran at: 01-07-2026 01:43:55 AM [] []
[2026-07-01 01:44:20] SlimMonoLogger.INFO: Cron ran at: 01-07-2026 01:44:20 AM [] []
[2026-07-01 01:44:23] SlimMonoLogger.INFO: Cron ran at: 01-07-2026 01:44:23 AM [] []
[2026-07-01 01:44:24] SlimMonoLogger.INFO: Cron ran at: 01-07-2026 01:44:24 AM [] []
[2026-07-01 01:45:02] SlimMonoLogger.INFO: Cron ran at: 01-07-2026 01:45:02 AM [] []
[2026-07-01 01:45:18] SlimMonoLogger.INFO: Cron ran at: 01-07-2026 01:45:18 AM [] []
[2026-07-01 01:45:21] SlimMonoLogger.INFO: Cron ran at: 01-07-2026 01:45:21 AM [] []
[2026-07-01 01:45:23] SlimMonoLogger.INFO: Cron ran at: 01-07-2026 01:45:23 AM [] []
[2026-07-01 01:46:21] SlimMonoLogger.INFO: Cron ran at: 01-07-2026 01:46:21 AM [] []
[2026-07-01 01:46:22] SlimMonoLogger.INFO: Cron ran at: 01-07-2026 01:46:22 AM [] []
[2026-07-01 01:46:27] SlimMonoLogger.INFO: Cron ran at: 01-07-2026 01:46:27 AM [] []
[2026-07-01 01:46:50] SlimMonoLogger.INFO: Cron ran at: 01-07-2026 01:46:50 AM [] []
[2026-07-01 01:47:17] SlimMonoLogger.INFO: Cron ran at: 01-07-2026 01:47:17 AM [] []
[2026-07-01 01:47:18] SlimMonoLogger.INFO: Cron ran at: 01-07-2026 01:47:18 AM [] []
[2026-07-01 01:47:32] SlimMonoLogger.INFO: Cron ran at: 01-07-2026 01:47:32 AM [] []
[2026-07-01 01:47:44] SlimMonoLogger.INFO: Cron ran at: 01-07-2026 01:47:44 AM [] []
[2026-07-01 01:48:10] SlimMonoLogger.INFO: Cron ran at: 01-07-2026 01:48:10 AM [] []
[2026-07-01 01:48:17] SlimMonoLogger.INFO: Cron ran at: 01-07-2026 01:48:17 AM [] []
[2026-07-01 01:48:26] SlimMonoLogger.INFO: Cron ran at: 01-07-2026 01:48:26 AM [] []
[2026-07-01 01:48:32] SlimMonoLogger.INFO: Cron ran at: 01-07-2026 01:48:32 AM [] []
[2026-07-01 01:49:03] SlimMonoLogger.INFO: Cron ran at: 01-07-2026 01:49:03 AM [] []
[2026-07-01 01:49:09] SlimMonoLogger.INFO: Cron ran at: 01-07-2026 01:49:09 AM [] []
[2026-07-01 01:49:18] SlimMonoLogger.INFO: Cron ran at: 01-07-2026 01:49:18 AM [] []
[2026-07-01 01:49:21] SlimMonoLogger.INFO: Cron ran at: 01-07-2026 01:49:21 AM [] []
[2026-07-01 01:50:10] SlimMonoLogger.INFO: Cron ran at: 01-07-2026 01:50:10 AM [] []
[2026-07-01 01:50:14] SlimMonoLogger.INFO: Cron ran at: 01-07-2026 01:50:14 AM [] []
[2026-07-01 01:50:19] SlimMonoLogger.INFO: Cron ran at: 01-07-2026 01:50:19 AM [] []
[2026-07-01 01:50:21] SlimMonoLogger.INFO: Cron ran at: 01-07-2026 01:50:21 AM [] []
[2026-07-01 01:51:03] SlimMonoLogger.INFO: Cron ran at: 01-07-2026 01:51:03 AM [] []
[2026-07-01 01:51:03] SlimMonoLogger.INFO: Cron ran at: 01-07-2026 01:51:03 AM [] []
[2026-07-01 01:51:24] SlimMonoLogger.INFO: Cron ran at: 01-07-2026 01:51:24 AM [] []
[2026-07-01 01:51:39] SlimMonoLogger.INFO: Cron ran at: 01-07-2026 01:51:39 AM [] []
[2026-07-01 01:51:59] SlimMonoLogger.INFO: Cron ran at: 01-07-2026 01:51:59 AM [] []
[2026-07-01 01:52:00] SlimMonoLogger.INFO: Cron ran at: 01-07-2026 01:52:00 AM [] []
[2026-07-01 01:52:23] SlimMonoLogger.INFO: Cron ran at: 01-07-2026 01:52:23 AM [] []
[2026-07-01 01:52:36] SlimMonoLogger.INFO: Cron ran at: 01-07-2026 01:52:36 AM [] []
[2026-07-01 01:52:57] SlimMonoLogger.INFO: Cron ran at: 01-07-2026 01:52:57 AM [] []
[2026-07-01 01:53:00] SlimMonoLogger.INFO: Cron ran at: 01-07-2026 01:53:00 AM [] []
[2026-07-01 01:53:17] SlimMonoLogger.INFO: Cron ran at: 01-07-2026 01:53:17 AM [] []
[2026-07-01 01:53:17] SlimMonoLogger.INFO: Cron ran at: 01-07-2026 01:53:17 AM [] []
[2026-07-01 01:53:57] SlimMonoLogger.INFO: Cron ran at: 01-07-2026 01:53:57 AM [] []
[2026-07-01 01:53:57] SlimMonoLogger.INFO: Cron ran at: 01-07-2026 01:53:57 AM [] []
[2026-07-01 01:54:16] SlimMonoLogger.INFO: Cron ran at: 01-07-2026 01:54:16 AM [] []
[2026-07-01 01:54:18] SlimMonoLogger.INFO: Cron ran at: 01-07-2026 01:54:18 AM [] []
[2026-07-01 01:54:56] SlimMonoLogger.INFO: Cron ran at: 01-07-2026 01:54:56 AM [] []
[2026-07-01 01:54:56] SlimMonoLogger.INFO: Cron ran at: 01-07-2026 01:54:56 AM [] []
[2026-07-01 01:55:06] SlimMonoLogger.INFO: Cron ran at: 01-07-2026 01:55:06 AM [] []
[2026-07-01 01:55:18] SlimMonoLogger.INFO: Cron ran at: 01-07-2026 01:55:18 AM [] []
[2026-07-01 01:55:57] SlimMonoLogger.INFO: Cron ran at: 01-07-2026 01:55:57 AM [] []
[2026-07-01 01:56:01] SlimMonoLogger.INFO: Cron ran at: 01-07-2026 01:56:01 AM [] []
[2026-07-01 01:56:06] SlimMonoLogger.INFO: Cron ran at: 01-07-2026 01:56:06 AM [] []
[2026-07-01 01:56:38] SlimMonoLogger.INFO: Cron ran at: 01-07-2026 01:56:38 AM [] []
[2026-07-01 01:56:54] SlimMonoLogger.INFO: Cron ran at: 01-07-2026 01:56:54 AM [] []
[2026-07-01 01:56:55] SlimMonoLogger.INFO: Cron ran at: 01-07-2026 01:56:55 AM [] []
[2026-07-01 01:56:56] SlimMonoLogger.INFO: Cron ran at: 01-07-2026 01:56:56 AM [] []
[2026-07-01 01:57:28] SlimMonoLogger.INFO: Cron ran at: 01-07-2026 01:57:28 AM [] []
[2026-07-01 01:57:55] SlimMonoLogger.INFO: Cron ran at: 01-07-2026 01:57:55 AM [] []
[2026-07-01 01:57:56] SlimMonoLogger.INFO: Cron ran at: 01-07-2026 01:57:56 AM [] []
[2026-07-01 01:58:00] SlimMonoLogger.INFO: Cron ran at: 01-07-2026 01:58:00 AM [] []
[2026-07-01 01:58:20] SlimMonoLogger.INFO: Cron ran at: 01-07-2026 01:58:20 AM [] []
[2026-07-01 01:58:52] SlimMonoLogger.INFO: Cron ran at: 01-07-2026 01:58:52 AM [] []
[2026-07-01 01:58:59] SlimMonoLogger.INFO: Cron ran at: 01-07-2026 01:58:59 AM [] []
[2026-07-01 01:59:02] SlimMonoLogger.INFO: Cron ran at: 01-07-2026 01:59:02 AM [] []
[2026-07-01 01:59:12] SlimMonoLogger.INFO: Cron ran at: 01-07-2026 01:59:12 AM [] []
[2026-07-01 01:59:54] SlimMonoLogger.INFO: Cron ran at: 01-07-2026 01:59:54 AM [] []
[2026-07-01 01:59:57] SlimMonoLogger.INFO: Cron ran at: 01-07-2026 01:59:57 AM [] []
[2026-07-01 01:59:59] SlimMonoLogger.INFO: Cron ran at: 01-07-2026 01:59:59 AM [] []
[2026-07-01 02:00:05] SlimMonoLogger.INFO: Cron ran at: 01-07-2026 02:00:05 AM [] []
[2026-07-01 02:00:54] SlimMonoLogger.INFO: Cron ran at: 01-07-2026 02:00:54 AM [] []
[2026-07-01 02:00:55] SlimMonoLogger.INFO: Cron ran at: 01-07-2026 02:00:55 AM [] []
[2026-07-01 02:01:01] SlimMonoLogger.INFO: Cron ran at: 01-07-2026 02:01:01 AM [] []
